case_name,chain,chain_id,positive_prediction_cutoff_time,minimum_additional_distinct_slots,reserve_target,control_address,control_identity,control_deployment_time,deployment_distance_seconds,creation_tx_hash,deployment_block,creation_type,trace_proof,source_object_key,source_object_sha256,source_record_sha256,edge_rank_sha256,reserve_assignment_sha256,queue_status,rpc_authorized,selection_authorized,stage_promotion_authorized,recovery3_mutation_authorized
pdz,bsc,56,2024-01-26T19:19:39Z,6,60,0x47254f76303ac3421a46045d82fb46b559ac8a51,56:0x47254f76303ac3421a46045d82fb46b559ac8a51,UNKNOWN_REQUIRES_RPC,-1,0x359eebec8dae3672cd32c73393790aedddb1762b8beee2ef6fdac4c2d91dc9fc,35060858,UNKNOWN_REQUIRES_RPC,False,v2/contract_deployments/contract_deployments_31000000_32000000.parquet,1096c453513646713a3b6185edd15651bf3a9599e2e334ecd82bcf3c939ca722,bb0d1638538518246381a12e4a83331b63edec5053dc03c9cf2c0a18cc5bfac4,000f4aa7e397442b77110f761440bf2b8719e024b3c65c0104188d50bb293c4a,bb538d4b20a45bc0ca2eadc7c0c9303b10e977b5301c637e4b8732273e4db9c1,RESERVE_CANDIDATE_REQUIRES_RPC_AND_PAIR_EVIDENCE,False,False,False,False
pledge,bsc,56,2024-11-24T16:01:47Z,10,100,0xdf80d9cebd14e56de0d7c5729fdd2400ff5fff9f,56:0xdf80d9cebd14e56de0d7c5729fdd2400ff5fff9f,UNKNOWN_REQUIRES_RPC,-1,0x5fcae5d965bfbcf2c55ed6dbdff46407b50ba57c4ee2247133b69cc5d3632a85,43614733,UNKNOWN_REQUIRES_RPC,False,v2/contract_deployments/contract_deployments_5000000_6000000.parquet,eb8d1ad9c414a2cf0a36d3fe5aa0b10e20823399807f3e5cfb6815af4b301cd7,abf9860d477f423b8ec8276ec93b8db1a7c0e7f96d8832fcb872f3aa17176fdb,002f7224c4287bf8121921808c80d4bdfe451d3cabcac3f644199525ffdec2f9,35469bd36d911d7c51eaa3f60645a2c5cfb340008ffaabd5fb11e7c548f4d7e0,RESERVE_CANDIDATE_REQUIRES_RPC_AND_PAIR_EVIDENCE,False,False,False,False
ploutoz,bsc,56,2021-03-26T12:26:53Z,10,100,0x0e9a174735d094348984de823d95cb8669b4d8a1,56:0x0e9a174735d094348984de823d95cb8669b4d8a1,UNKNOWN_REQUIRES_RPC,-1,0x5c6086ca9814d44e9435384981fc42824be7103bf9dc980ebb461b37ee20717e,5965198,UNKNOWN_REQUIRES_RPC,False,v2/contract_deployments/contract_deployments_9000000_10000000.parquet,6777e0b50be1d60a845e1be0313473c99fb8675967b51e4530577f82391cd3cf,911151d31060d916d12955ab31ba9139745de88fc778efaf5e08f09d940b1f3d,002c9a081ab0435988b14ab80c98b5b6bedf6fadea3a49629b5901c2eaf00463,26d1053ab4f4c2232620d0afac59e784dd106426671159316121de6cd2488391,RESERVE_CANDIDATE_REQUIRES_RPC_AND_PAIR_EVIDENCE,False,False,False,False
pltd,bsc,56,2022-09-18T07:34:03Z,10,100,0x5e075d1477552e4d4a59568bf38d857c10c1b21e,56:0x5e075d1477552e4d4a59568bf38d857c10c1b21e,UNKNOWN_REQUIRES_RPC,-1,0xb420726ac1ef4bfc1db23ca9006728f05522906f3c0e864062be06b6fc45059c,20742153,UNKNOWN_REQUIRES_RPC,False,v2/contract_deployments/contract_deployments_6000000_7000000.parquet,408541b1fff35d9d72eb413a63bd7e1ecdfd299daa7ca67b3c7185856aa6aef7,d55f2a1b5cf4983b21e649658e5d411bc7986aaff11dcfe39d9b093656cdded1,00197fa434631057c1fadbb473379d4aed46708acd4a70798208c8acf91c9c95,a4801aef25073d547523f95f2be5aa4342e77a2e27a95c82e9b74e6b012310ef,RESERVE_CANDIDATE_REQUIRES_RPC_AND_PAIR_EVIDENCE,False,False,False,False
poolz,bsc,56,2021-07-30T11:05:08Z,4,40,0xa04ddaf21d31d22d5fabe7e771519677a16ad26b,56:0xa04ddaf21d31d22d5fabe7e771519677a16ad26b,UNKNOWN_REQUIRES_RPC,-1,0xde007bdb456c1bbe42d53151696b62808607c6d556ff94d375440e902bb20d8c,8911429,UNKNOWN_REQUIRES_RPC,False,v2/contract_deployments/contract_deployments_31000000_32000000.parquet,1096c453513646713a3b6185edd15651bf3a9599e2e334ecd82bcf3c939ca722,7fda201291871638c7c2c212f3a106e11f34ef598e28fe26500db78618aea118,0010f74ae8e616f66926ef6aa2938aedc24a99661b873fdb6e6f41c78de8d54d,4a648b256437826ff39a6e051aa5316f406ff13fc38a4e927b98ea03007a8adc,RESERVE_CANDIDATE_REQUIRES_RPC_AND_PAIR_EVIDENCE,False,False,False,False
rant_token,bsc,56,2025-07-04T11:47:40Z,10,100,0x056c8f0ae47b5484254b53182e7d5d3dffd9de5c,56:0x056c8f0ae47b5484254b53182e7d5d3dffd9de5c,UNKNOWN_REQUIRES_RPC,-1,0xb5e3055bc2d38c113e58b5071608f6b5248eef7c8d9bf722815591e53180c8a2,51271165,UNKNOWN_REQUIRES_RPC,False,v2/contract_deployments/contract_deployments_9000000_10000000.parquet,6777e0b50be1d60a845e1be0313473c99fb8675967b51e4530577f82391cd3cf,126ece2e14d6fcf9f0516f1306f71af64256d8efa2dd1edeaa75f0f200e4601f,001b6b461dc0d6a211d9e71abc286356d0153d056de60c4c3a813802d5fa72d9,299e05a9028dce34f38653c72c7f47866b74074868866445c3dae6bb5f9f737e,RESERVE_CANDIDATE_REQUIRES_RPC_AND_PAIR_EVIDENCE,False,False,False,False
res,bsc,56,2022-07-21T13:06:04Z,10,100,0xabdfde1ebd8eb99779e6abcbb2f85962158345c3,56:0xabdfde1ebd8eb99779e6abcbb2f85962158345c3,UNKNOWN_REQUIRES_RPC,-1,0xad323af8015b3c96ebf51607067a618df732ed1c7a91cdb689cbef87207582a9,18942114,UNKNOWN_REQUIRES_RPC,False,v2/contract_deployments/contract_deployments_29000000_30000000.parquet,3255e78e345aff80bfd6dfc7d760f4bda3a96fce4225cc3e128ce3d21ff32822,6306c2783debcd89c590a7a9599c73af075b3553590a41c52ac9dc7f38652bae,000a784f3788d58b5d72752d515902348e8b6d1d918a2e117f129ea7ba7a88c0,69cc3e0b73cb6a9c8e20d179a559afe71530ef63a284cf31378f294a249190f2,RESERVE_CANDIDATE_REQUIRES_RPC_AND_PAIR_EVIDENCE,False,False,False,False
res_2,bsc,56,2022-07-21T13:06:04Z,10,100,0x09d791123c557150180090440fe16c4fc4dde09f,56:0x09d791123c557150180090440fe16c4fc4dde09f,UNKNOWN_REQUIRES_RPC,-1,0x8492fcce617c477eca59cdad220cb4425ccbc881937e9c73ce022f4af01deb1d,19284576,UNKNOWN_REQUIRES_RPC,False,v2/contract_deployments/contract_deployments_6000000_7000000.parquet,408541b1fff35d9d72eb413a63bd7e1ecdfd299daa7ca67b3c7185856aa6aef7,ba21373be6393a7d6a17c78cb5bc1afd105dd3162107e54ef2a251eb9605c3a2,001085cd372b641350d0df4f47fe040abbdd10b002eb811e006811928b24011b,ce711be5640251a14d9b63d41488bc592ed0dfb88e5453b888544defe020f4dc,RESERVE_CANDIDATE_REQUIRES_RPC_AND_PAIR_EVIDENCE,False,False,False,False
rfb,bsc,56,2022-12-04T15:45:55Z,10,100,0xe6d8a3b424e2a5ee9782aaf3a2bd9943da431217,56:0xe6d8a3b424e2a5ee9782aaf3a2bd9943da431217,UNKNOWN_REQUIRES_RPC,-1,0x07c04aa5b779c5cac75fb4e4207426c201c1a82d0e4c347058becb341907aa10,23508406,UNKNOWN_REQUIRES_RPC,False,v2/contract_deployments/contract_deployments_31000000_32000000.parquet,1096c453513646713a3b6185edd15651bf3a9599e2e334ecd82bcf3c939ca722,50ffd82a3108aea6b6aed5bcb679fed8e082dbfaf6825b2ef118582424abbb81,000e28b37406b5bc761ecbf2d705e0a888b852234811b68e6b489f6680fed0f8,a1e9b5883761a64c0d87696e34f258fe1382d61b7bed7cbc18120e32cff21deb,RESERVE_CANDIDATE_REQUIRES_RPC_AND_PAIR_EVIDENCE,False,False,False,False
rl,bsc,56,2022-07-25T14:15:52Z,10,100,0x43dda277df1983a8bd73a3a175ad871e979cc0eb,56:0x43dda277df1983a8bd73a3a175ad871e979cc0eb,UNKNOWN_REQUIRES_RPC,-1,0x36a485e140862bb03b4a220977d507d2c41aa52532948aba9f91e735e4f1aa25,19416425,UNKNOWN_REQUIRES_RPC,False,v2/contract_deployments/contract_deployments_29000000_30000000.parquet,3255e78e345aff80bfd6dfc7d760f4bda3a96fce4225cc3e128ce3d21ff32822,4e307b8e189f9ef7055754a851d6ddbef4c3a4c74cb3b2c12c2d2317d50dba5c,00198ecfeec948b76ddda691f392edc9c1df17fb82c5f5f3a3f91eb8c2b66f2f,1d24bc502041a055d03d0f79077feaec5694324643e038725efe13d5be15a63b,RESERVE_CANDIDATE_REQUIRES_RPC_AND_PAIR_EVIDENCE,False,False,False,False
roi,bsc,56,2022-05-11T19:18:59Z,2,20,0xfb3f2a45e99d059b7579aa10cc48374b59db407c,56:0xfb3f2a45e99d059b7579aa10cc48374b59db407c,UNKNOWN_REQUIRES_RPC,-1,0xbfc0401397f7c644e18ed5c3a893b308340cb7592f09520e477f8c406025df2e,17007300,UNKNOWN_REQUIRES_RPC,False,v2/contract_deployments/contract_deployments_29000000_30000000.parquet,3255e78e345aff80bfd6dfc7d760f4bda3a96fce4225cc3e128ce3d21ff32822,85c0a62791917ffc56d9470d8a1cbbffe8b13ef0b5a84823375866a88d298c49,000a180ed2b18ec50a1d4ea6e8b3a2a3b07dc8031a88487d39ada4c6fc3fdbf8,0cc86d61109b53aa7969df4a27d76ee29cda1a01f69347fb2f52eabe14ed8017,RESERVE_CANDIDATE_REQUIRES_RPC_AND_PAIR_EVIDENCE,False,False,False,False
roulette_pot_v2,bsc,56,2023-03-17T00:46:44Z,10,100,0x40407e9d17d9e9574bfa0574d3e90e50601c40c3,56:0x40407e9d17d9e9574bfa0574d3e90e50601c40c3,UNKNOWN_REQUIRES_RPC,-1,0x7e568ec16cd144c664b38f9f4b90d4af5fa6444d75a883f86a936c650c821a89,26239292,UNKNOWN_REQUIRES_RPC,False,v2/contract_deployments/contract_deployments_31000000_32000000.parquet,1096c453513646713a3b6185edd15651bf3a9599e2e334ecd82bcf3c939ca722,a985830068b6328cf19876fcd3bd9624c67c6b67c4db1f82fad04d671e525fd8,0013d0fb9c66ac0ec99c8b5c2b023be4c01d9e5740afdfa9fdffd213c855a349,b1199a4c03972bc3fe11d28195b666c85f5232fc049a897c28be28ba2e183e0c,RESERVE_CANDIDATE_REQUIRES_RPC_AND_PAIR_EVIDENCE,False,False,False,False
satx,bsc,56,2024-01-25T14:38:06Z,10,100,0xd338934f799367d2c257e3b28bde1fa61acecb31,56:0xd338934f799367d2c257e3b28bde1fa61acecb31,UNKNOWN_REQUIRES_RPC,-1,0xaf38a4fef6ef49e1b7c74c348a702c935b3e4a87d1d8683dbc3119aac7944cf0,34872852,UNKNOWN_REQUIRES_RPC,False,v2/contract_deployments/contract_deployments_29000000_30000000.parquet,3255e78e345aff80bfd6dfc7d760f4bda3a96fce4225cc3e128ce3d21ff32822,99f9cea11624416e32432cb00c669ff294ab601d247ff6f8a2b34eeb70e29d2d,00184325619167b5090274b6c5fed0c41db48182e23f2a03b6d0851280617fbf,9c7a6811d0520a3657c311bcb5e3b0bb4e0019456f7367aec492e0484b8db42a,RESERVE_CANDIDATE_REQUIRES_RPC_AND_PAIR_EVIDENCE,False,False,False,False
sbt,bsc,56,2024-06-23T04:06:50Z,10,100,0xdebf8a7d966411ed68fe2c1c8e65d06faf9da7cd,56:0xdebf8a7d966411ed68fe2c1c8e65d06faf9da7cd,UNKNOWN_REQUIRES_RPC,-1,0xce0af786b4a19c3c02fca0426fedb1ade72dee8c612ae0b2e12c1e8b1838306a,39520909,UNKNOWN_REQUIRES_RPC,False,v2/contract_deployments/contract_deployments_31000000_32000000.parquet,1096c453513646713a3b6185edd15651bf3a9599e2e334ecd82bcf3c939ca722,e6dfb6f92f1b12eb04641083bdf74135cf8580ac5b288d90409eebc94829f4f8,001fc9adf1fbad4718b3c8a3a0609b622435b4825349347d3f4df025f60c2f44,48d7d14a2ea6200ab74f7650480b7e5a2fee0f476d21c1b573188a3a5b5d7601,RESERVE_CANDIDATE_REQUIRES_RPC_AND_PAIR_EVIDENCE,False,False,False,False
sdao,bsc,56,2022-06-07T04:03:35Z,9,90,0xa9d90e5b1d79e1db67fc825523faa2760cd25f59,56:0xa9d90e5b1d79e1db67fc825523faa2760cd25f59,UNKNOWN_REQUIRES_RPC,-1,0x0a6e3cdef9d06adea658a444010bb0b0a68110dc3359d2b4e171dc87c67daa9d,17680245,UNKNOWN_REQUIRES_RPC,False,v2/contract_deployments/contract_deployments_30000000_31000000.parquet,0d12ca90369256d040cf542c85f6ffcf446e4e3e8d19fd878d446ff8ed9337b7,2be6d292800781f70417c2104441feb59481601d97c119e362ec356ee072e081,000b62cd0af1e033d6ba8b03ad10ef60cd13b55a63c49efb6e16506610a2b118,0995271cb6fad42a74cb51447b796e0c51953ace2ae599045373aa52ae5ca66c,RESERVE_CANDIDATE_REQUIRES_RPC_AND_PAIR_EVIDENCE,False,False,False,False
seaman,bsc,56,2022-06-30T04:08:06Z,8,80,0x99771f945552ba12ff1caea92180bb1bfdf13473,56:0x99771f945552ba12ff1caea92180bb1bfdf13473,UNKNOWN_REQUIRES_RPC,-1,0xfde2f0efa4e87087d6900e07a0030e3f0698faf8c4e81aa0b303cc8994f2d0bc,18290061,UNKNOWN_REQUIRES_RPC,False,v2/contract_deployments/contract_deployments_7000000_8000000.parquet,54cb1c23725d5765da58c76ee4eb73bb326370e440cb6baab9e8463544906967,a3e1cda0aaf793eda3ec81fc2029e53c347b46e2d8e867754717b639125a7388,000d5b3021a753d89255e4166d52ef26d3e84a1d62356f79e5989d9294791b49,792ebcd15c54dce0be798c36fd755f3db3e2c8468ce5df11796668536dc2e14a,RESERVE_CANDIDATE_REQUIRES_RPC_AND_PAIR_EVIDENCE,False,False,False,False
sellc,bsc,56,2023-05-09T17:04:59Z,10,100,0xa3304ad42c7a763d8d6d900b2f4b23d25f665ad8,56:0xa3304ad42c7a763d8d6d900b2f4b23d25f665ad8,UNKNOWN_REQUIRES_RPC,-1,0x338da0557cb695c02c2289d1496d012e4673c3400bc448e5f7574c4e73110eb3,27971647,UNKNOWN_REQUIRES_RPC,False,v2/contract_deployments/contract_deployments_7000000_8000000.parquet,54cb1c23725d5765da58c76ee4eb73bb326370e440cb6baab9e8463544906967,35bf2f895573e443bab52682573388d2cbcc6fbf7c9ed7f8c0d2c71d9e6a7c6f,001439f394bf2bd20e56c0074fc1bb9eb2fa9d0d1af9e5add3cc00e01d545289,763a51c1939b07baccc2134407ff13c64ddeb4a1b8233c77850db9fa0e4b067d,RESERVE_CANDIDATE_REQUIRES_RPC_AND_PAIR_EVIDENCE,False,False,False,False
sellc03,bsc,56,2023-03-24T12:46:50Z,10,100,0xe110c4a0e9130ef8d26ffcb3eb9ad1a35a606ab5,56:0xe110c4a0e9130ef8d26ffcb3eb9ad1a35a606ab5,UNKNOWN_REQUIRES_RPC,-1,0x73390be950d37dc22bb1724865bfccd39976f4f6851f0a1a7d2ec24df161a1b7,26486930,UNKNOWN_REQUIRES_RPC,False,v2/contract_deployments/contract_deployments_7000000_8000000.parquet,54cb1c23725d5765da58c76ee4eb73bb326370e440cb6baab9e8463544906967,570091bb91bbe90b5613b0993c36b31ac04f67523e2a1e423172f2c355a5c5a6,001a4444a15e4e201ef379e38288af43d348eb40c2ef4a7ad5a8c8ad50f74abb,98841c808df14002961bb425a058b8e3bd2a86db3b8a9e41461cf468657da1b3,RESERVE_CANDIDATE_REQUIRES_RPC_AND_PAIR_EVIDENCE,False,False,False,False
selltoken,bsc,56,2023-03-31T11:08:47Z,10,100,0x9c6a11c8c2d713592c505ae6cda7b64d9e8e105b,56:0x9c6a11c8c2d713592c505ae6cda7b64d9e8e105b,UNKNOWN_REQUIRES_RPC,-1,0x2e9c4cfb6bf4d5976d774bc29cc660184f625feb1be3643e934519bd7be99526,26319200,UNKNOWN_REQUIRES_RPC,False,v2/contract_deployments/contract_deployments_29000000_30000000.parquet,3255e78e345aff80bfd6dfc7d760f4bda3a96fce4225cc3e128ce3d21ff32822,00dae4ddbbcb18bce6323bf6656c210a944a1164916777f8f57bddfbbd200e80,001606fb4248ddacbcdca820094317b7fae0809bc58716574dab71b5afcd49c2,ec9b1b8402be8726ec334d237506330387f25fe05382eed1ffa39f8ba3eb0862,RESERVE_CANDIDATE_REQUIRES_RPC_AND_PAIR_EVIDENCE,False,False,False,False
shadowfi,bsc,56,2022-08-27T06:20:18Z,10,100,0x0390fc4e46d9f81904c41f5cece5a4cfa1d324b6,56:0x0390fc4e46d9f81904c41f5cece5a4cfa1d324b6,UNKNOWN_REQUIRES_RPC,-1,0x028da70c926e37ebb49cecf33b8b51d49a4a09cfae69b6c41ccdb478a4c123d6,19912737,UNKNOWN_REQUIRES_RPC,False,v2/contract_deployments/contract_deployments_31000000_32000000.parquet,1096c453513646713a3b6185edd15651bf3a9599e2e334ecd82bcf3c939ca722,b0d0b24f71a0a4edd64712d74a5cb6f302e90ca3b130bc299f7a8cacea0c6fd0,000fcccb4a16af5bcfd72209ca26ed50a5e58a6c59dbf99f26579ae3223a079b,c16c02a91174b5f8d6c1019325377bab0d070b45aa116f91ee9f39bda53a1885,RESERVE_CANDIDATE_REQUIRES_RPC_AND_PAIR_EVIDENCE,False,False,False,False
sheep,bsc,56,2021-04-30T04:13:51Z,10,100,0x8b502d5708b52d92805a919cefd87dfe0f577be5,56:0x8b502d5708b52d92805a919cefd87dfe0f577be5,UNKNOWN_REQUIRES_RPC,-1,0x319afc40b23820f3f512d67a5914e6f3271570532956c4c6a4bc343411abb172,6954717,UNKNOWN_REQUIRES_RPC,False,v2/contract_deployments/contract_deployments_30000000_31000000.parquet,0d12ca90369256d040cf542c85f6ffcf446e4e3e8d19fd878d446ff8ed9337b7,e9cecd0b59f1dfa1baa92f2c3bfa166ac1cd4127062e55dda04261ecea50e8a7,001579ba6ad8b9a27d5e0b6fb75768283f09ffbe0f3c8320981e712dae13f0b4,32431755411391a785c17596195855e44134dfb97f596bc941545faa498d28fa,RESERVE_CANDIDATE_REQUIRES_RPC_AND_PAIR_EVIDENCE,False,False,False,False
sheepfarm,bsc,56,2022-11-10T10:38:07Z,10,100,0xb84dfc80c738e1bf25f6559309b767bfd3e0520b,56:0xb84dfc80c738e1bf25f6559309b767bfd3e0520b,UNKNOWN_REQUIRES_RPC,-1,0xa802021385626a0e6bb721274d5710a04e948566c9b265e43c38959e5aea257d,22714887,UNKNOWN_REQUIRES_RPC,False,v2/contract_deployments/contract_deployments_7000000_8000000.parquet,54cb1c23725d5765da58c76ee4eb73bb326370e440cb6baab9e8463544906967,01bb8302e2449bb25fc3a5a56b87d122036162fd41b04064b90eb8d67dbedc8f,00210115ad813c0d2d3c6028a1b3b5d2e78948bfa4ab98be09db45a129442561,326c15d1737f110dd160058ad2f97f67daeec36a1af1928cbb64e7e650149258,RESERVE_CANDIDATE_REQUIRES_RPC_AND_PAIR_EVIDENCE,False,False,False,False
sheepfarm2,bsc,56,2022-11-10T10:38:07Z,10,100,0x7cb77c19ce6890c2cf3274be638e88ada264ee97,56:0x7cb77c19ce6890c2cf3274be638e88ada264ee97,UNKNOWN_REQUIRES_RPC,-1,0x498e3e7f16d1045d7c208784e7518d4c3b54599023921443aaca76efbef1bc70,22812096,UNKNOWN_REQUIRES_RPC,False,v2/contract_deployments/contract_deployments_29000000_30000000.parquet,3255e78e345aff80bfd6dfc7d760f4bda3a96fce4225cc3e128ce3d21ff32822,cf279ff21396ade4072f946ae3b00fa947d940b506118b4a14ac4c89bbd2983d,001bd0450d2110d47d77e0195a81132d2f8393dcc465c34af634a772c5c747f8,5dc2afeedbd2d501b87234bb049827924746f2794dd67ad4e29eb622f03a5ffa,RESERVE_CANDIDATE_REQUIRES_RPC_AND_PAIR_EVIDENCE,False,False,False,False
shibatoken,bsc,56,2023-11-07T15:06:41Z,9,90,0x0f2d143d40603b3fb53e4a5354e08fef04036abb,56:0x0f2d143d40603b3fb53e4a5354e08fef04036abb,UNKNOWN_REQUIRES_RPC,-1,0x6c1276a9d3565802a9ca9cfd14c8a2e7b5b0b552b60e5aec118d587ba89dd101,32767316,UNKNOWN_REQUIRES_RPC,False,v2/contract_deployments/contract_deployments_30000000_31000000.parquet,0d12ca90369256d040cf542c85f6ffcf446e4e3e8d19fd878d446ff8ed9337b7,87fd1fa80f91f77a11cf0313c516435939896ff8f88908f4c2bee17f562d47d2,002a5e169659e4440547a1cfd62a1829ed9421e66b0e516a31609b41ff3521b0,14ffb6f92e48436270871d7190bd372acda5cb53df58a7b66352f6d1bb03ac82,RESERVE_CANDIDATE_REQUIRES_RPC_AND_PAIR_EVIDENCE,False,False,False,False
snk,bsc,56,2022-12-28T15:55:15Z,9,90,0xb5679eedd0dead7be9db3a68ed5818794c743c20,56:0xb5679eedd0dead7be9db3a68ed5818794c743c20,UNKNOWN_REQUIRES_RPC,-1,0x6ef8d15ede5896b3adcb9f12166367891a5a0f45e8947124701c1a5e1195a811,23813111,UNKNOWN_REQUIRES_RPC,False,v2/contract_deployments/contract_deployments_7000000_8000000.parquet,54cb1c23725d5765da58c76ee4eb73bb326370e440cb6baab9e8463544906967,79f1fc2ae3decc97003c731c9776fa27120f62dac727c4a099ea264ef95c33b4,001a26e88c83488e6d6248838f318d976cc2d8799f2aad147845f5ca0d6c657f,bad61167217655d41035e65813d45f759fd00a78dac20c4341ce7fa1e5a6a60b,RESERVE_CANDIDATE_REQUIRES_RPC_AND_PAIR_EVIDENCE,False,False,False,False
spacegodzilla,bsc,56,2022-07-12T06:55:55Z,10,100,0xd9aebaa27f2a34ea01e52962ef4f6b452da24c88,56:0xd9aebaa27f2a34ea01e52962ef4f6b452da24c88,UNKNOWN_REQUIRES_RPC,-1,0xd5af2b6c5d2b3eb2fc4c9ba385c98c9a1d22dbb0fa04e0313c4f568b882b6a39,18726700,UNKNOWN_REQUIRES_RPC,False,v2/contract_deployments/contract_deployments_7000000_8000000.parquet,54cb1c23725d5765da58c76ee4eb73bb326370e440cb6baab9e8463544906967,ab727af25d0b5ffd7236c1deb4f92dc889f3e0c3bb883247019c568064052c9a,00161eac816abb4c343fe4b54876df3d9dea8ae20c6d5aa457d1bbae362424eb,e0c5475e37d216d888614cba68279e3abda2ad1db6d4ff5571ff8697c084cf12,RESERVE_CANDIDATE_REQUIRES_RPC_AND_PAIR_EVIDENCE,False,False,False,False
spartan,bsc,56,2020-09-28T13:47:55Z,10,100,0xc34db0c4aed36157bdcb28928f7e2a90ebdd8fa2,56:0xc34db0c4aed36157bdcb28928f7e2a90ebdd8fa2,UNKNOWN_REQUIRES_RPC,-1,0xc8151358a3841c219aa52b899d5c845e5a48e2c271a5a47154a7b86c2823b10d,873315,UNKNOWN_REQUIRES_RPC,False,v2/contract_deployments/contract_deployments_29000000_30000000.parquet,3255e78e345aff80bfd6dfc7d760f4bda3a96fce4225cc3e128ce3d21ff32822,7d369fc235c1abc6bc188523daaa4d2fda456caa78f3f7ac9039cfff07f7ca54,07f032cd204b74ffea4abe5b6b184395c64e1f2ac2dfbf76b4e78665c62bfcb8,1b8cdbadd704fc0a8681534e6b5f1c3e77bfb5dd4c822f7b8c6a4b5774df36d2,RESERVE_CANDIDATE_REQUIRES_RPC_AND_PAIR_EVIDENCE,False,False,False,False
squid,bsc,56,2024-03-11T10:33:06Z,10,100,0x152ed87a0aec3967f9a33d23840f82b10e1aaea9,56:0x152ed87a0aec3967f9a33d23840f82b10e1aaea9,UNKNOWN_REQUIRES_RPC,-1,0x08bbaf8c5002b7aef013d835a57a21b6eea83a23524e3268626f610b12a8677d,36066686,UNKNOWN_REQUIRES_RPC,False,v2/contract_deployments/contract_deployments_31000000_32000000.parquet,1096c453513646713a3b6185edd15651bf3a9599e2e334ecd82bcf3c939ca722,0c76723868306f5a415cf2b1f69ad655a44dabfc6c5e55c22e4161a84867e4e7,002933c792cafa5b9ff96183f7863709bbcfbfc8a2810a6d9a793f51c3f679cd,e0d20353220f5a87c4fae71d6a6d7bab3ab68da84a2b1a17bff172e93b0d00bc,RESERVE_CANDIDATE_REQUIRES_RPC_AND_PAIR_EVIDENCE,False,False,False,False
starlink,bsc,56,2022-02-23T13:21:22Z,3,30,0x096d47c054e102d972884665a85abd7c5e9510c3,56:0x096d47c054e102d972884665a85abd7c5e9510c3,UNKNOWN_REQUIRES_RPC,-1,0x7f5db6725165860a2ed3a7428955236b9dffd09d431f6b2cfb1fc7d0ca478f55,15123422,UNKNOWN_REQUIRES_RPC,False,v2/contract_deployments/contract_deployments_30000000_31000000.parquet,0d12ca90369256d040cf542c85f6ffcf446e4e3e8d19fd878d446ff8ed9337b7,56fddd89c0f241a84aa95aa594eb4594a185597b64be879bb2077238e1dd4afe,000c095ad5941ce50dabeee69396afbf298edc29feee05c53aad0180454a11d5,a556f0f450f0ab7fffe0f2c050900cae3a69c4823f9ed1b4b4f5bd518f3b5dd4,RESERVE_CANDIDATE_REQUIRES_RPC_AND_PAIR_EVIDENCE,False,False,False,False
stepp2p,bsc,56,2025-05-08T13:03:54Z,10,100,0x8905671c81dfd0fd978284a74a5660147fc05bc9,56:0x8905671c81dfd0fd978284a74a5660147fc05bc9,UNKNOWN_REQUIRES_RPC,-1,0xbf33d4c5245f886208651f2a9ff4fff9b9ad966b2bdd8280df7adb5e13619108,48349079,UNKNOWN_REQUIRES_RPC,False,v2/contract_deployments/contract_deployments_30000000_31000000.parquet,0d12ca90369256d040cf542c85f6ffcf446e4e3e8d19fd878d446ff8ed9337b7,637eeb18dcf0f1cf3ee11c607fd8877a43f77ea5a66782edcac4db877101291b,00304b1cf2a063747bf7cb42d506669600a667aa939948fef7ca5517b08481dd,073129cc54de5b9eddbea4924b6d198b3c91c0563e6aaf3477d66740cc75a168,RESERVE_CANDIDATE_REQUIRES_RPC_AND_PAIR_EVIDENCE,False,False,False,False
sut,bsc,56,2023-06-08T16:57:56Z,10,100,0x27f480e94c9b512f269f3f7e266dccdc2878891c,56:0x27f480e94c9b512f269f3f7e266dccdc2878891c,UNKNOWN_REQUIRES_RPC,-1,0x2011f628938316a55058e02e4851ec65e5a1537a6bd7c298a98ceee5e1f20921,28511674,UNKNOWN_REQUIRES_RPC,False,v2/contract_deployments/contract_deployments_31000000_32000000.parquet,1096c453513646713a3b6185edd15651bf3a9599e2e334ecd82bcf3c939ca722,663aeee2bb8dfeafae043ab80c5dd8b392da7e13e0af84954478a248c27e8227,0007bc6cf160dac577ddec442a0d9ab738d89dfe90209116f8a77379e8395d19,44754a5cb0e7f0518e7c07a5138e79d137ed866c76e3ca865e64661a4e6348a1,RESERVE_CANDIDATE_REQUIRES_RPC_AND_PAIR_EVIDENCE,False,False,False,False
swampfinance,bsc,56,2021-03-10T12:15:17Z,10,100,0x1b2f3030814f2e03703365754a1c32884c10065d,56:0x1b2f3030814f2e03703365754a1c32884c10065d,UNKNOWN_REQUIRES_RPC,-1,0xf2f0b9e1ccf6bc9b01126d086a89eb861cca137449f2d6d498753b3c62f86af5,5396288,UNKNOWN_REQUIRES_RPC,False,v2/contract_deployments/contract_deployments_1000000_2000000.parquet,7529540c96f11e4fc0d376fd36b2953644bebebe317a864615e2d14403a341fe,aba168906a7ae85f6fd0f7d26a040828c361213488588323eb1f8066148316d1,005d8344c636cc1ce61c63b3aa4ec49cfa731aa0458c904e2d0687ec6e659305,3d1cab64b830a1afc915d40e260cfd6f65309812d01d390c80e0cd3568e88534,RESERVE_CANDIDATE_REQUIRES_RPC_AND_PAIR_EVIDENCE,False,False,False,False
tgbs,bsc,56,2024-02-10T12:25:57Z,10,100,0x3cedce032a88458bfc93c3d7b987f02689462155,56:0x3cedce032a88458bfc93c3d7b987f02689462155,UNKNOWN_REQUIRES_RPC,-1,0x99d082bba0f1152422e467361246bafa1e5b942f2acf87e98eae86306986f1ab,35443022,UNKNOWN_REQUIRES_RPC,False,v2/contract_deployments/contract_deployments_29000000_30000000.parquet,3255e78e345aff80bfd6dfc7d760f4bda3a96fce4225cc3e128ce3d21ff32822,6b78a4142340cc2a84aa3b09e47be7c66202e26e6ee5750166d5c575d8092c20,000f49412d269ab26e6b03924343940207e0934d66802ae825797e4b80b8c1b1,1e721a3da7219c207684d77bdf6aef302c6ee5ff319a809b8235dad397d36f38,RESERVE_CANDIDATE_REQUIRES_RPC_AND_PAIR_EVIDENCE,False,False,False,False
tifi,bsc,56,2022-11-13T06:02:57Z,10,100,0x8f62d06bbd81fc33ab70de40252cefa50487dd37,56:0x8f62d06bbd81fc33ab70de40252cefa50487dd37,UNKNOWN_REQUIRES_RPC,-1,0x33a4a78d94c67c7ef5dfd3b5e3d720cbd0c7e8d2841aa0f24bf8454ef21be538,22600612,UNKNOWN_REQUIRES_RPC,False,v2/contract_deployments/contract_deployments_29000000_30000000.parquet,3255e78e345aff80bfd6dfc7d760f4bda3a96fce4225cc3e128ce3d21ff32822,581b4c46ccca361bd92767fcefac2f91b119d18139a222c837aa5770994cd28a,0006645267e7705a2c30b012b5b14b0ccb1fe09a72e4f9aa4fc52eefdfe6d9cb,a1d201efff8dfe756e888c7dbf873d1eb747bb4abc4d13e1678de6ea38930086,RESERVE_CANDIDATE_REQUIRES_RPC_AND_PAIR_EVIDENCE,False,False,False,False
tradeonorion,bsc,56,2021-03-01T16:31:46Z,10,100,0x4c3880a9f47b1eabbf51b70e015402f181151301,56:0x4c3880a9f47b1eabbf51b70e015402f181151301,UNKNOWN_REQUIRES_RPC,-1,0x3642dad089b6d99dd772e5b7a50db202506b1b538c68b99450490e4f2c32e2f0,5181441,UNKNOWN_REQUIRES_RPC,False,v2/contract_deployments/contract_deployments_9000000_10000000.parquet,6777e0b50be1d60a845e1be0313473c99fb8675967b51e4530577f82391cd3cf,b37f3f0d35d9d808ce39dd68bda8da391ec8df42ec614c7643bd8ca1e1a7b1d5,00480b977e6a4a1313b876c5040756791bde4b3a31fe0e0015ce98fe40772876,fbcac082b41d26c0a1767e3748b2eb8d5fa9cb3c5dc4406a4d6c0d2946f55f7f,RESERVE_CANDIDATE_REQUIRES_RPC_AND_PAIR_EVIDENCE,False,False,False,False
trustpad,bsc,56,2022-07-19T16:52:20Z,10,100,0xeba79c508d840f9fdca468eb669446353a74bd6f,56:0xeba79c508d840f9fdca468eb669446353a74bd6f,UNKNOWN_REQUIRES_RPC,-1,0x2e156a92c9a6c927a03de38b40c354f650d25efeae203a7d3959a213f63fed6b,18854620,UNKNOWN_REQUIRES_RPC,False,v2/contract_deployments/contract_deployments_7000000_8000000.parquet,54cb1c23725d5765da58c76ee4eb73bb326370e440cb6baab9e8463544906967,ec8f3817066d75d8692c9d069e4df90df14995eeeaf8d68eba2ef53c6d259e2d,000adb755a2857a7f343d2a22b5a5e2b379185ae99b43b1dfdbd15a5093961ff,01115b183d8f46ca4e5c20ded18c06bbe0f0074a8959f6bb57be552302006733,RESERVE_CANDIDATE_REQUIRES_RPC_AND_PAIR_EVIDENCE,False,False,False,False
uearnpool,bsc,56,2022-09-18T03:28:47Z,10,100,0x20b608e98e7fec9d61c04c5101ebf32dfc4fc024,56:0x20b608e98e7fec9d61c04c5101ebf32dfc4fc024,UNKNOWN_REQUIRES_RPC,-1,0x87ee0cfdcc793f115fd9a1ddcd8fb8729103e9fdd9b83d3712157fe89c4dced0,20973782,UNKNOWN_REQUIRES_RPC,False,v2/contract_deployments/contract_deployments_30000000_31000000.parquet,0d12ca90369256d040cf542c85f6ffcf446e4e3e8d19fd878d446ff8ed9337b7,44bd786e31f0595efa815673fd905324fcdadd38306ddb4294f3d01c115b4949,000a5ad662b7fcf6394ec8b3493cbc9097a1afd109fec6055dacbfe4482767d4,6229ab30aad8f5662a9adc07fb84c2a1d9d1141f6fbd058bbd7438d36a46f696,RESERVE_CANDIDATE_REQUIRES_RPC_AND_PAIR_EVIDENCE,False,False,False,False
ulme,bsc,56,2022-10-20T14:46:15Z,10,100,0x70cdaf97046da63232c595de2bbabeec139a4d49,56:0x70cdaf97046da63232c595de2bbabeec139a4d49,UNKNOWN_REQUIRES_RPC,-1,0x696a7775a8a0edf4d678f7e909ce5de4944e21bbc3aa7e24ea0558e9adba67d8,21934485,UNKNOWN_REQUIRES_RPC,False,v2/contract_deployments/contract_deployments_29000000_30000000.parquet,3255e78e345aff80bfd6dfc7d760f4bda3a96fce4225cc3e128ce3d21ff32822,6675d642256d7709bb293a577a6b4aaaddfc89129a713a9fc53c4a2c71bdffd3,00120f21281df06ecbb2f2a0cdd2b7a405febe78deed59a847c16275ff098f4e,195f98ef9094a195ec6c266fc01a9be69525ffa77e0acbebf5696222032dbd27,RESERVE_CANDIDATE_REQUIRES_RPC_AND_PAIR_EVIDENCE,False,False,False,False
ulme_2,bsc,56,2022-10-20T14:46:15Z,10,100,0x38d08c6edae220ee46f00b70452328160de624b3,56:0x38d08c6edae220ee46f00b70452328160de624b3,UNKNOWN_REQUIRES_RPC,-1,0xcbc15b8a22b7285670e416994cece44168ec7d2f7feaeae7175b2caeb8684a72,21973902,UNKNOWN_REQUIRES_RPC,False,v2/contract_deployments/contract_deployments_30000000_31000000.parquet,0d12ca90369256d040cf542c85f6ffcf446e4e3e8d19fd878d446ff8ed9337b7,df067abad9c694ca94ea15071e505d2fd7d66b4cef89380c76202e08c8411ced,000deace4211a370e8e2ee6df628ec340bc12de0417821cc8bc84a4366c7fc07,8bc1a2a710dfcbd4b7f483806ed09f13821a07740d46b15de86b00a4c8d57d16,RESERVE_CANDIDATE_REQUIRES_RPC_AND_PAIR_EVIDENCE,False,False,False,False
un,bsc,56,2022-07-21T00:55:49Z,10,100,0x36bd6b4a47c6bc017fae9b85dfdfc5a939571861,56:0x36bd6b4a47c6bc017fae9b85dfdfc5a939571861,UNKNOWN_REQUIRES_RPC,-1,0x768611f1704947e6c0a72b332dc6865b0710af8b40c06c09cf5979fa71a0278a,19282761,UNKNOWN_REQUIRES_RPC,False,v2/contract_deployments/contract_deployments_29000000_30000000.parquet,3255e78e345aff80bfd6dfc7d760f4bda3a96fce4225cc3e128ce3d21ff32822,078b980a88bfaa3005515d6dd711278512c0931dc144487e08fb7250d881911e,0011b682065cb0f5d52ef1d6cb8090c27e52328526c0f29b29e2c9378e450be8,594abe45430d87085c2962acfbfa1d6d2480537654749f796c61886fea445e9f,RESERVE_CANDIDATE_REQUIRES_RPC_AND_PAIR_EVIDENCE,False,False,False,False
unverified,bsc,56,2022-08-12T11:19:30Z,10,100,0x28119b0853d5c2bd3d887fff668800e71374f993,56:0x28119b0853d5c2bd3d887fff668800e71374f993,UNKNOWN_REQUIRES_RPC,-1,0xc07a5ce47bc047d4cd9a9887409c2570c66eed6383fac808eaa08b65589ca57d,19894497,UNKNOWN_REQUIRES_RPC,False,v2/contract_deployments/contract_deployments_7000000_8000000.parquet,54cb1c23725d5765da58c76ee4eb73bb326370e440cb6baab9e8463544906967,93606bafd40ac24c7a47ac3b0e2f7339c00f90f03e5599150c1709159172db60,000c25340a657e968472d926f5b43b85d2fac8e42c6501ba9a1251a072ed59b2,1746db91b79c75d730b53bb62659a2ea2029d80afff7d2a0302a3da43ac3f10f,RESERVE_CANDIDATE_REQUIRES_RPC_AND_PAIR_EVIDENCE,False,False,False,False
uranium,bsc,56,2021-04-17T06:34:05Z,10,100,0x7b0c7fa3b9d5df966e7ffb3416a88f8935bcb6b4,56:0x7b0c7fa3b9d5df966e7ffb3416a88f8935bcb6b4,UNKNOWN_REQUIRES_RPC,-1,0xfcee7c67f96d119d2ef44b6b3ffe7ff2619a7eb469db482177c1f6240e5adcb9,5792869,UNKNOWN_REQUIRES_RPC,False,v2/contract_deployments/contract_deployments_9000000_10000000.parquet,6777e0b50be1d60a845e1be0313473c99fb8675967b51e4530577f82391cd3cf,9a5bbf121320a535caa13e7938d86f59b42fb5f5757d97220dfe50b90a94fc02,000fb8e02cc110accbf9e769445ffb775bf2c41bc720d50ee059c18e6bf0355d,3d6765e4dc9841dc2734aaa63f59da23d0e658cf43e77ce319d20cfdbe939f8a,RESERVE_CANDIDATE_REQUIRES_RPC_AND_PAIR_EVIDENCE,False,False,False,False
utopia,bsc,56,2023-02-25T12:24:16Z,10,100,0xdeff7717c01bb3c4474e69d5ef1520e02512b9d3,56:0xdeff7717c01bb3c4474e69d5ef1520e02512b9d3,UNKNOWN_REQUIRES_RPC,-1,0xd68fbe20a345a2c4e377ad0024a23574b6af293db05ad353acbf5c88f46020ab,25162426,UNKNOWN_REQUIRES_RPC,False,v2/contract_deployments/contract_deployments_31000000_32000000.parquet,1096c453513646713a3b6185edd15651bf3a9599e2e334ecd82bcf3c939ca722,18273a8d371f16c262d2381b149a3342c95a90cee6795dc6029ba069488538a6,001329d62b3a03e783110c967a8c382d2e905dd5d84987477bfd686f065b25f7,fa8184b1b9856e5c30b2383acd4b785735178e6070249fe01d6dc349de7a6a4d,RESERVE_CANDIDATE_REQUIRES_RPC_AND_PAIR_EVIDENCE,False,False,False,False
valuedefi,bsc,56,2021-03-06T07:52:08Z,10,100,0x94c7ae97772c1435db0739d7fcf3d74c074a9c97,56:0x94c7ae97772c1435db0739d7fcf3d74c074a9c97,UNKNOWN_REQUIRES_RPC,-1,0xc618a01a5acb43710bc16fcd7bad07169aa70fa8683d30f04b6274481d022e2f,5255323,UNKNOWN_REQUIRES_RPC,False,v2/contract_deployments/contract_deployments_1000000_2000000.parquet,7529540c96f11e4fc0d376fd36b2953644bebebe317a864615e2d14403a341fe,af9574be34942c11c1947fb6d41f6a949d7d41f52a4db492887a5df72b26c328,006f0c694fd096175b440f79bbbb5a15b2b983e3a678b13e3d79c76bed7297e5,b96b825c9e10b99d9bc05d1a48c6374b1b5d96c69056e7215123337c79f5d41a,RESERVE_CANDIDATE_REQUIRES_RPC_AND_PAIR_EVIDENCE,False,False,False,False
venus_the,bsc,56,2025-01-28T15:33:23Z,10,100,0x17505a55da080d717281f21cefcf5aa32bfd1dd9,56:0x17505a55da080d717281f21cefcf5aa32bfd1dd9,UNKNOWN_REQUIRES_RPC,-1,0x98566bc8ef042affe66e5ad47e4113a0a7dff2f20f8ed5a94e979734e8b0be3a,45456870,UNKNOWN_REQUIRES_RPC,False,v2/contract_deployments/contract_deployments_30000000_31000000.parquet,0d12ca90369256d040cf542c85f6ffcf446e4e3e8d19fd878d446ff8ed9337b7,a06a7e521e51913d10f65a76270a26ea40fa52c2579e2fcfc368d626074c6cc7,002ab1465422735351f2b5380923bcfc7600bd085e45dbdfd782d4e883203def,ba97e0b4998b49a2c241befc420cdabe121b5148c01b5fc4ae28aaff89522a9c,RESERVE_CANDIDATE_REQUIRES_RPC_AND_PAIR_EVIDENCE,False,False,False,False
vista,bsc,56,2023-07-20T08:36:40Z,8,80,0x566662940523467585de0874e15656207a825f5e,56:0x566662940523467585de0874e15656207a825f5e,UNKNOWN_REQUIRES_RPC,-1,0xc6560a26f3b561f58e923a327b92e955b45a525704774e8207d7f2e313231b81,29730526,UNKNOWN_REQUIRES_RPC,False,v2/contract_deployments/contract_deployments_6000000_7000000.parquet,408541b1fff35d9d72eb413a63bd7e1ecdfd299daa7ca67b3c7185856aa6aef7,686a458cbfd7e5dd9cdc13ad3261187970bf0b1c729959d528abcaa3fe956410,001a1f227388929275c4a283106cb933075419b8b9221e0e81a8135e5e420ca6,3c9059ae27188a44fe8a6b97b7e58d8f3c216e3ca183c14f493c51dd84e04e8b,RESERVE_CANDIDATE_REQUIRES_RPC_AND_PAIR_EVIDENCE,False,False,False,False
vtf,bsc,56,2022-10-10T13:43:10Z,10,100,0x163fa4c7458bca8963ae9a94b12fc8556fd9ed76,56:0x163fa4c7458bca8963ae9a94b12fc8556fd9ed76,UNKNOWN_REQUIRES_RPC,-1,0xaebd7043e35b618991b969ad6c355f8a449fab7c2f6335de8a86b760c0c0b465,21407482,UNKNOWN_REQUIRES_RPC,False,v2/contract_deployments/contract_deployments_6000000_7000000.parquet,408541b1fff35d9d72eb413a63bd7e1ecdfd299daa7ca67b3c7185856aa6aef7,1143f327addc7cf944e988e92361468d1f7c91017d54c72cfbe70fdb7ada4156,001670988348d546954232da5add2618678e5650d2b046219014b4339067de99,e4c4a03f39b7a69f8dfcf93057da0d018883f42f7c5fc4027f9a77d090c4ba9a,RESERVE_CANDIDATE_REQUIRES_RPC_AND_PAIR_EVIDENCE,False,False,False,False
w_key_dao,bsc,56,2024-11-08T11:47:51Z,10,100,0x49e0b24be783e2a558adaa0c68460f34fcf82d16,56:0x49e0b24be783e2a558adaa0c68460f34fcf82d16,UNKNOWN_REQUIRES_RPC,-1,0xdee4308432878ed1e991216ecfb7d34def53af3e0074e5124fce3dcc161d9c41,43207217,UNKNOWN_REQUIRES_RPC,False,v2/contract_deployments/contract_deployments_29000000_30000000.parquet,3255e78e345aff80bfd6dfc7d760f4bda3a96fce4225cc3e128ce3d21ff32822,a449b555cbcbddfff887a8ad7b3730d2f66118786bc079cc588117515180c425,001fc24962b1d82ec2ec2b2b4b035dfc102a0734fe5021acbd18b3a1de900d2e,a3245225639c51f218162b9af0b1a76b81b8a70af5433ea2f1f19f0d07054595,RESERVE_CANDIDATE_REQUIRES_RPC_AND_PAIR_EVIDENCE,False,False,False,False
wdoge,bsc,56,2021-06-04T02:12:45Z,10,100,0x183097f0cf3f85ab754f7e8b7602ee587285e865,56:0x183097f0cf3f85ab754f7e8b7602ee587285e865,UNKNOWN_REQUIRES_RPC,-1,0x8f5f65d4adca702bfe6803d50d3dcb1e502a971e78a20691f5677a23b4a000cc,7330143,UNKNOWN_REQUIRES_RPC,False,v2/contract_deployments/contract_deployments_30000000_31000000.parquet,0d12ca90369256d040cf542c85f6ffcf446e4e3e8d19fd878d446ff8ed9337b7,dc0b939be04a7bf6f9bafb8f34f93e148ef45c0c0355b0c060059ffabe3b457d,00065abfee8b3ccf5137bc0b9934e54cfc241d5c0a05835bf9d6ac5f8c8a2069,aa401f7a28c899da96e07107161cc553762a68fe1c72c7adbec81f55fa5cd6f0,RESERVE_CANDIDATE_REQUIRES_RPC_AND_PAIR_EVIDENCE,False,False,False,False
weco,bsc,56,2023-08-12T20:33:34Z,5,50,0x3b5cf5bb476e9b3bdf86335fa9c1986394a8253d,56:0x3b5cf5bb476e9b3bdf86335fa9c1986394a8253d,UNKNOWN_REQUIRES_RPC,-1,0x5d727028df61420f1941eaebe6fe71cbe855ddf0bb63639f85ace21f8f89a7e4,30192687,UNKNOWN_REQUIRES_RPC,False,v2/contract_deployments/contract_deployments_29000000_30000000.parquet,3255e78e345aff80bfd6dfc7d760f4bda3a96fce4225cc3e128ce3d21ff32822,1b37b543fde9518d0c0bd8772504c5da06fcf2d4fdc311c7cb86a2d40d8cbe9e,001c89dce0b49a1e36b049b21a8de0abbd40a8587cc21710bbebace120823125,683c67c73463d0c0abe9cd9a7e1e7e67227aeb60861472860616e42bca3870a5,RESERVE_CANDIDATE_REQUIRES_RPC_AND_PAIR_EVIDENCE,False,False,False,False
wgpt,bsc,56,2023-06-20T07:27:30Z,10,100,0x7c0431b3ebbef47a8e0b031164d36a4daa9d7d5c,56:0x7c0431b3ebbef47a8e0b031164d36a4daa9d7d5c,UNKNOWN_REQUIRES_RPC,-1,0xde728f1f5b0b5077f1d93295adf2ae2b6c9ea38d1251d4810f59dfb588512452,28466887,UNKNOWN_REQUIRES_RPC,False,v2/contract_deployments/contract_deployments_6000000_7000000.parquet,408541b1fff35d9d72eb413a63bd7e1ecdfd299daa7ca67b3c7185856aa6aef7,3d0af4f5c3a4f70ce747b7a7d7f3ccf91375ed85b8ed058df0b62b02097d0a01,000a8ce078300f500b3cbedc7f8b00fdcc8361bbbf875f8e38ed1b4fb46e24ef,aa0cfe61f6e74a39756588b1664a2163621e9ca8d37d972b961ecf04415eca47,RESERVE_CANDIDATE_REQUIRES_RPC_AND_PAIR_EVIDENCE,False,False,False,False
will,bsc,56,2024-06-26T10:52:52Z,10,100,0x2ab23c46a9d80a748d7eeeed1541a134bc523b63,56:0x2ab23c46a9d80a748d7eeeed1541a134bc523b63,UNKNOWN_REQUIRES_RPC,-1,0xb406a874329b3d3d3a667f1f50f122cbf566574f454455a39ef3b518f1caae81,39581776,UNKNOWN_REQUIRES_RPC,False,v2/contract_deployments/contract_deployments_29000000_30000000.parquet,3255e78e345aff80bfd6dfc7d760f4bda3a96fce4225cc3e128ce3d21ff32822,52306ecd679e346a10467a08f430394e8b3dacf4f99ba0e24d6c68d737eee8cc,002d81851cb791c6d8ad28e5d90679924684a4fa83c7a7622f59ebb5099783bd,42403cdee03400913e08c23e17ff786db3c89b0b88c27ff9cfa6dac11953c118,RESERVE_CANDIDATE_REQUIRES_RPC_AND_PAIR_EVIDENCE,False,False,False,False
wsm,bsc,56,2024-02-09T13:58:58Z,10,100,0xc0b00c881ed6d3320e865cdc958bbb026d4a5a33,56:0xc0b00c881ed6d3320e865cdc958bbb026d4a5a33,UNKNOWN_REQUIRES_RPC,-1,0x731cbcec5a78efbb0595638ccfac249d00bc958d4e79f86b0008a2257a564c85,35760689,UNKNOWN_REQUIRES_RPC,False,v2/contract_deployments/contract_deployments_31000000_32000000.parquet,1096c453513646713a3b6185edd15651bf3a9599e2e334ecd82bcf3c939ca722,b4637d90233e4a93ab01d2522e544b3044dd0216d0f91d695908baa7b85e5757,0015589ea3fd02dd3c3532c4de3f54bdf83483f824276151cb17ee7378380dec,522c82da9534c0268e0a3098a33f5026a4518e0b49fde6a446a9a9ea38842948,RESERVE_CANDIDATE_REQUIRES_RPC_AND_PAIR_EVIDENCE,False,False,False,False
xsdwethpool,bsc,56,2023-06-25T13:03:45Z,10,100,0x058d8a51129b0f9836d961af70f4a6ea9feebcf4,56:0x058d8a51129b0f9836d961af70f4a6ea9feebcf4,UNKNOWN_REQUIRES_RPC,-1,0xa509e6daa7e51eb8d199ef93992c32251d291a0e7c7abca8a71dc90b355dfae5,29289865,UNKNOWN_REQUIRES_RPC,False,v2/contract_deployments/contract_deployments_31000000_32000000.parquet,1096c453513646713a3b6185edd15651bf3a9599e2e334ecd82bcf3c939ca722,fc921f45088ebf8e670b0a85cd1e56d2c293486483a1040959228b5562ce63d2,00198f05125ceb323a3713384019bd60ae1a44b78f66350b3b9854e406c88e94,0c1414f1675abd340c6dafe26e067c80e5f08437cac2bd2e6561d9e47bc4d001,RESERVE_CANDIDATE_REQUIRES_RPC_AND_PAIR_EVIDENCE,False,False,False,False
xsij,bsc,56,2024-01-26T12:33:31Z,10,100,0x63af4cd115b6349a48338b51d6229aa460f9d790,56:0x63af4cd115b6349a48338b51d6229aa460f9d790,UNKNOWN_REQUIRES_RPC,-1,0x81736361bcef66bb925581a97ddb8378a3aad319acf6ce881654cebd91646b60,35078951,UNKNOWN_REQUIRES_RPC,False,v2/contract_deployments/contract_deployments_29000000_30000000.parquet,3255e78e345aff80bfd6dfc7d760f4bda3a96fce4225cc3e128ce3d21ff32822,d2c94de48fb6eb2f14d71b963feb8aa07302f6f88b522c1d39da3a102401456b,0010549ac2cb31755afdac364f8497815a42f1c532d739aeeef091d49a22ba92,057b398a0d8ba361996ec9033870801e7237334c0383ac0ee8903760a10f0ff7,RESERVE_CANDIDATE_REQUIRES_RPC_AND_PAIR_EVIDENCE,False,False,False,False
xsurge,bsc,56,2021-07-31T07:47:45Z,10,100,0x4fbf92891c37107fde381821ae83f3d88ce6d792,56:0x4fbf92891c37107fde381821ae83f3d88ce6d792,UNKNOWN_REQUIRES_RPC,-1,0xd535935141e7a71306c1d3edf35243b0edb2df1889685c28d8f7807ec01b175e,9595990,UNKNOWN_REQUIRES_RPC,False,v2/contract_deployments/contract_deployments_30000000_31000000.parquet,0d12ca90369256d040cf542c85f6ffcf446e4e3e8d19fd878d446ff8ed9337b7,31cf7aa0ce44f06487ff5676af3d1244a3a8bafc9e68bf2570ef88ae9f733597,000d3b3f306c82321fdfb157c60ba59e70c7b2dc84db45482ce4392d90efa39b,d83a6fe52b50f2337db68e7410f027b9be8315e82d145b6600c9c0afdfe34d93,RESERVE_CANDIDATE_REQUIRES_RPC_AND_PAIR_EVIDENCE,False,False,False,False
xwin,bsc,56,2021-02-16T12:22:25Z,10,100,0x1767102dc35b1593f39564a96aabbbd31fd302c2,56:0x1767102dc35b1593f39564a96aabbbd31fd302c2,UNKNOWN_REQUIRES_RPC,-1,0x737f07f5c0deb1b5f31ffee8896908d24d699fa39c2d7292a4e28492b8ebd174,4896328,UNKNOWN_REQUIRES_RPC,False,v2/contract_deployments/contract_deployments_1000000_2000000.parquet,7529540c96f11e4fc0d376fd36b2953644bebebe317a864615e2d14403a341fe,55887d930919355ff5167eb1d719386cc4bba82bbc4f7380cbd1079c474ea7be,00b278fef84a2b015c439a3addb0d8db68bc3b1a689ea142d5c8fb59e638f157,9bd59518d3d9f596433dd3dab64d1023c2e27e99a48783d93f87fd795bce598b,RESERVE_CANDIDATE_REQUIRES_RPC_AND_PAIR_EVIDENCE,False,False,False,False
yzi_ai_token,bsc,56,2025-03-27T13:49:54Z,8,80,0x774bd47694b9c7fa79a649ac2d23a082e4eb9029,56:0x774bd47694b9c7fa79a649ac2d23a082e4eb9029,UNKNOWN_REQUIRES_RPC,-1,0xb4ab02fa28deb9cd67692d420ccf42650d69abb51e07d7b422c830e898412056,47544898,UNKNOWN_REQUIRES_RPC,False,v2/contract_deployments/contract_deployments_30000000_31000000.parquet,0d12ca90369256d040cf542c85f6ffcf446e4e3e8d19fd878d446ff8ed9337b7,e6c8a2a0063ebd9934248f9e01375ed7a3b1384d9b1ebea14bfd2bac8aa14b6a,00256ba0d274829fcec9233a155309b129b2396413a9df38caace04dc9a4d8b4,21def335dba0593dd21ea0d980fd6b0c6975bf891b94bb0bc7f19f336e3ef9a7,RESERVE_CANDIDATE_REQUIRES_RPC_AND_PAIR_EVIDENCE,False,False,False,False
z123,bsc,56,2023-09-19T06:09:32Z,10,100,0xf13c9ea911fbac8e60739b85b32ff5b66df91a15,56:0xf13c9ea911fbac8e60739b85b32ff5b66df91a15,UNKNOWN_REQUIRES_RPC,-1,0x8537e9f1831c24c8899b68052da391a11b2b40b52342c1401d0857c3fd4cc9e9,31574247,UNKNOWN_REQUIRES_RPC,False,v2/contract_deployments/contract_deployments_29000000_30000000.parquet,3255e78e345aff80bfd6dfc7d760f4bda3a96fce4225cc3e128ce3d21ff32822,8ec2a17fff873b19374a6c6663c844df98aac0d2977bb96d20a54fb100b43843,00210c34ce5a4d559fb97f6130332d7035412f1adac6fccae0b7c8aa81cbc5a0,759a15e677854e5c6e7a5125aa235977e9fffb45379feaa999d3d1897fcf8ab2,RESERVE_CANDIDATE_REQUIRES_RPC_AND_PAIR_EVIDENCE,False,False,False,False
zeed,bsc,56,2022-04-21T05:46:14Z,9,90,0xa3400e2a7f70c704c36ba4cd35b0dd429609e8c0,56:0xa3400e2a7f70c704c36ba4cd35b0dd429609e8c0,UNKNOWN_REQUIRES_RPC,-1,0xbdcbd50d4fa8fdc42714a1bac107567527a21688b1d2b4238af14ceeff060c63,17043401,UNKNOWN_REQUIRES_RPC,False,v2/contract_deployments/contract_deployments_30000000_31000000.parquet,0d12ca90369256d040cf542c85f6ffcf446e4e3e8d19fd878d446ff8ed9337b7,7dbd342d86af0fa9cb4ef53397394ead1eca5c037d39fb620b05a4d9ea7f65a4,0013941ca40209683366987bc3a1966da950916ece0ee1e03c032dabba4e1d2c,f467f01df139fda3371849624a786737c824470729b1a684634a5c713e6ad6df,RESERVE_CANDIDATE_REQUIRES_RPC_AND_PAIR_EVIDENCE,False,False,False,False
zs,bsc,56,2023-09-27T10:35:06Z,10,100,0xafad76bd0d201133865ab125918f86990cbf0c4d,56:0xafad76bd0d201133865ab125918f86990cbf0c4d,UNKNOWN_REQUIRES_RPC,-1,0x7f40c384bfa4af6572752980e2af7c281cd8e15c8db46204421646f241222482,31735217,UNKNOWN_REQUIRES_RPC,False,v2/contract_deployments/contract_deployments_31000000_32000000.parquet,1096c453513646713a3b6185edd15651bf3a9599e2e334ecd82bcf3c939ca722,2d7fd25e852eaae0d75669c2d7c2a82722efe05c9ab4aa43a9cd1ec032c5e5c8,001ad2b23ef056271340daa6802efdca94810d061ae5feb54b0d750d6b1d9f75,61722f2077cafe269c993364c9509403f4ef05ee0b58ef6802719b48459e0cfc,RESERVE_CANDIDATE_REQUIRES_RPC_AND_PAIR_EVIDENCE,False,False,False,False
BitCrown,bsc,56,2025-06-08T18:22:23Z,7,70,0x1b8bb720eaa22c41348358928f663c4e9aa245fb,56:0x1b8bb720eaa22c41348358928f663c4e9aa245fb,UNKNOWN_REQUIRES_RPC,-1,0x0fb9f107ccf177ab92d8f78414d282f91ed25e46ace995e932ac976a56a4dfb1,50988484,UNKNOWN_REQUIRES_RPC,False,v2/contract_deployments/contract_deployments_29000000_30000000.parquet,3255e78e345aff80bfd6dfc7d760f4bda3a96fce4225cc3e128ce3d21ff32822,4c0ac503c47b56337881d9832860af21f4056a4abe378e072057640d1aa53df7,0026662e3b5a8a22fddb12d8c47e6ac10f129bdd650367af765a1a24f860e289,2aa5e83ffbf48c01b0266c284805c1cf7640e0d2744e3a0f15f4cd76ac7e5a60,RESERVE_CANDIDATE_REQUIRES_RPC_AND_PAIR_EVIDENCE,False,False,False,False
Bitallx,bsc,56,2025-05-15T06:01:07Z,9,90,0x2a230e768cefa7e605d0b2b224a65e20c8615c0b,56:0x2a230e768cefa7e605d0b2b224a65e20c8615c0b,UNKNOWN_REQUIRES_RPC,-1,0xb0dfd8ea34faa5425068d3ac7fb4a2dc59e68ee2f4b2f0fc70150472d36b2f89,49258694,UNKNOWN_REQUIRES_RPC,False,v2/contract_deployments/contract_deployments_29000000_30000000.parquet,3255e78e345aff80bfd6dfc7d760f4bda3a96fce4225cc3e128ce3d21ff32822,a108a5c932bfe7865deae351ad2e2a6d86f866df85b1d9e826da2d7f1de5cc3b,0055e5585cd56ff9a05e63420e861d64daf8bd734137157e98f1a45cd415923a,c20c647fc02291ce078cf5b0e91f2958db3a025edb31fe1fe58e0e81b3b62e6f,RESERVE_CANDIDATE_REQUIRES_RPC_AND_PAIR_EVIDENCE,False,False,False,False
DLMC,bsc,56,2026-04-28T13:18:52Z,3,30,0x6d2bbfb5690b92557ba6fef05f965a2cef72a976,56:0x6d2bbfb5690b92557ba6fef05f965a2cef72a976,UNKNOWN_REQUIRES_RPC,-1,0x866989b30cbb9301b8ae57fd8ede7c2a8ae3948921bd3c71afcf37873efdc5f2,94055921,UNKNOWN_REQUIRES_RPC,False,v2/contract_deployments/contract_deployments_30000000_31000000.parquet,0d12ca90369256d040cf542c85f6ffcf446e4e3e8d19fd878d446ff8ed9337b7,e1be11c61098c63afb809a7e1476e8eeac23ec695b4e669a05e3eacab16c5adf,00211e8752b1172df06edfef8250dbfd8411c63eb1892df3a32b458cf2269f4e,edd82128a125d071f8d96bf56b4cb738556d194d3b81146fb6b048f3317e8d6c,RESERVE_CANDIDATE_REQUIRES_RPC_AND_PAIR_EVIDENCE,False,False,False,False
GMT7,bsc,56,2025-02-08T12:45:18Z,7,70,0x65e3025c4b82f35918dedd57f2058e7de7f92c33,56:0x65e3025c4b82f35918dedd57f2058e7de7f92c33,UNKNOWN_REQUIRES_RPC,-1,0x4d8fafc0f95b2663d91ed476e8f77e37d12868cd4664d024d644c65f92b9b9ff,46416897,UNKNOWN_REQUIRES_RPC,False,v2/contract_deployments/contract_deployments_30000000_31000000.parquet,0d12ca90369256d040cf542c85f6ffcf446e4e3e8d19fd878d446ff8ed9337b7,67932aa7f16a39d50dc486d2ac00f44492ad5bc92cf2ba9dbbf0a9024f9cc2dd,00387baa1443f7a0efffb628f86671feda8c38218aef178fa73111ced0955fb3,7e052a6006f8747dd70cf3171ab12616b1ba87dd45ebc245e0e2e7c120d8958d,RESERVE_CANDIDATE_REQUIRES_RPC_AND_PAIR_EVIDENCE,False,False,False,False
GoldReserve,bsc,56,2024-12-28T15:13:07Z,9,90,0x0eceacad04fca90d526f6509a6d179969611151b,56:0x0eceacad04fca90d526f6509a6d179969611151b,UNKNOWN_REQUIRES_RPC,-1,0x485388f43f05909b6b4840c34862d7835038f7b21bb582f3a3c4af062ec51727,44782439,UNKNOWN_REQUIRES_RPC,False,v2/contract_deployments/contract_deployments_30000000_31000000.parquet,0d12ca90369256d040cf542c85f6ffcf446e4e3e8d19fd878d446ff8ed9337b7,f783f0b227bc58324f0c053cdf195de8b6d1d74905786f4cdb6c613069c22865,0066fe5a445476b41bca693115288c8969d055bfed66e3f423475037d4478228,89a1f6381ad4fff6f0807aed1e69e89d2477117841c24c5ca3bc2ce6f8c4bb46,RESERVE_CANDIDATE_REQUIRES_RPC_AND_PAIR_EVIDENCE,False,False,False,False
HORS,bsc,56,2021-05-13T02:56:01Z,4,40,0xd0148d20adf72c9d65c9b5defa42ef697fd66e05,56:0xd0148d20adf72c9d65c9b5defa42ef697fd66e05,UNKNOWN_REQUIRES_RPC,-1,0x3f5d4dc6f611fb76b6e2a45bdce3ce2244856e4c7e2ab2aaa08e270d87389ec0,6848529,UNKNOWN_REQUIRES_RPC,False,v2/contract_deployments/contract_deployments_30000000_31000000.parquet,0d12ca90369256d040cf542c85f6ffcf446e4e3e8d19fd878d446ff8ed9337b7,feef070e9cb870d6a2f55c41c3659b3f56cb312bc2fc2f38f5b7584d1e7344ce,000cfb71d7d42824867bbf0562e3c26bcf6114a9f279739c099dc65d3ad71418,18f39e97a2ab0e02d9bc639f4995665dc8cc4cf5b9cab16ce5b470cb01869c1d,RESERVE_CANDIDATE_REQUIRES_RPC_AND_PAIR_EVIDENCE,False,False,False,False
HoldSafe,bsc,56,2025-03-15T16:16:22Z,8,80,0x2406164da4442c2b6675ced64f2e0330f650c548,56:0x2406164da4442c2b6675ced64f2e0330f650c548,UNKNOWN_REQUIRES_RPC,-1,0x7d0092ba82fdda60004fa43c6f89fc68cee50d1c5da0e0ab29afc9552118f478,47310065,UNKNOWN_REQUIRES_RPC,False,v2/contract_deployments/contract_deployments_31000000_32000000.parquet,1096c453513646713a3b6185edd15651bf3a9599e2e334ecd82bcf3c939ca722,1faebfde5f25206431e46a6dc9f7b3416830423e7200f9b2ea55a353e4abf3e7,0035645f6884112e26b074a4cdb9359a65073d4cf3d50e3a8b9cb28010bf432b,b94bb74da0b01d4c68d01ccc481a1edbe8d9c5cb327619aeaad1520754ee5b51,RESERVE_CANDIDATE_REQUIRES_RPC_AND_PAIR_EVIDENCE,False,False,False,False
JUDAO,bsc,56,2026-01-18T00:52:05Z,2,20,0x63dcefd310d89a4c47f2f2ec2b1580656e99b1e6,56:0x63dcefd310d89a4c47f2f2ec2b1580656e99b1e6,UNKNOWN_REQUIRES_RPC,-1,0xe61d90d12c461d2c6df8dfd6474e5108d4fd108dcd3d4a103ff89e4e641dd08d,73490261,UNKNOWN_REQUIRES_RPC,False,v2/contract_deployments/contract_deployments_29000000_30000000.parquet,3255e78e345aff80bfd6dfc7d760f4bda3a96fce4225cc3e128ce3d21ff32822,3690977e56e4fe24cfe58e8c3080edf5ce96c5e4a8715686723ae97454121f3b,00101dc6d2dc196e9569c3701e645f4a07b3a11dfba974170e3ab0f78ab24aa3,462a70f0e532d8e11075554def0cb2a576f555499e2bd840ba559ea29434b546,RESERVE_CANDIDATE_REQUIRES_RPC_AND_PAIR_EVIDENCE,False,False,False,False
MicDao,bsc,56,2023-10-08T02:28:34Z,7,70,0x09d886072eacb6f79dbc2a2c0714cdca5ed4351f,56:0x09d886072eacb6f79dbc2a2c0714cdca5ed4351f,UNKNOWN_REQUIRES_RPC,-1,0xb73cbf39a0bc2d246b0b91a05120afdd5088adc7bd8b3740a0f5eff98db9caea,31649436,UNKNOWN_REQUIRES_RPC,False,v2/contract_deployments/contract_deployments_30000000_31000000.parquet,0d12ca90369256d040cf542c85f6ffcf446e4e3e8d19fd878d446ff8ed9337b7,524de80a7ad86d5cdd6431765f9f42cd9b2b572a978ba97b9fe935a5e5751549,00396cf3a0bfece48c6dbe6fdc57ee9e51d87f5f5a1ace8ab4e70f24ba32e3b9,3c0cfefbeaa20b1b446641b1e62c0e06ea9492250c44203e57f862c613906ee2,RESERVE_CANDIDATE_REQUIRES_RPC_AND_PAIR_EVIDENCE,False,False,False,False
MyCoinMaster,bsc,56,2025-07-26T10:26:41Z,6,60,0x9641b90dd5c23011fe8ee73c4472c16b5b6ed2c8,56:0x9641b90dd5c23011fe8ee73c4472c16b5b6ed2c8,UNKNOWN_REQUIRES_RPC,-1,0xda94baed01e2dc9eedfd55a411b875cf22c9c28c8f20d65bd1df4cd6f757a063,53135342,UNKNOWN_REQUIRES_RPC,False,v2/contract_deployments/contract_deployments_29000000_30000000.parquet,3255e78e345aff80bfd6dfc7d760f4bda3a96fce4225cc3e128ce3d21ff32822,af9e53359034d95eaf8292e06aff9dd8b7ce83985e0b941ad0d63897cf4479b3,00380f2eebf56eb34e85dfd513eedb0f1bc0ea6dd1643beab3b6c5cb7c52198c,36e8358de3f22eb1bfe3eef6c99c050062d2e350ed51d9da723ceace4a24a992,RESERVE_CANDIDATE_REQUIRES_RPC_AND_PAIR_EVIDENCE,False,False,False,False
NFTG,bsc,56,2024-06-24T10:25:42Z,7,70,0x0c0d7e8fbbfc38fad7d1113c2e070ac416774185,56:0x0c0d7e8fbbfc38fad7d1113c2e070ac416774185,UNKNOWN_REQUIRES_RPC,-1,0x9c85ecca86081d472a7f81b416f812d81b104abc7e4322fe872fb96c4f5d12ab,39752287,UNKNOWN_REQUIRES_RPC,False,v2/contract_deployments/contract_deployments_29000000_30000000.parquet,3255e78e345aff80bfd6dfc7d760f4bda3a96fce4225cc3e128ce3d21ff32822,8e2b6bf4cce2f548fd2918161d155806a51f0a820cd867bdf1075ed4ff14fa01,0026ec9fae4039919624ba1a0de541315792633b42c02b8b0191d779d27d29c3,f75b40ba12cf477618a959677c1c6026adccce88299dd5490dcafca775d22dbf,RESERVE_CANDIDATE_REQUIRES_RPC_AND_PAIR_EVIDENCE,False,False,False,False
NGP,bsc,56,2025-09-09T01:47:01Z,4,40,0xa37b469f236917c0a7515ea560ffeb447246f752,56:0xa37b469f236917c0a7515ea560ffeb447246f752,UNKNOWN_REQUIRES_RPC,-1,0xf50a1a8b3b9ba21e3f42d99013c6a67b63dc8d818fdd79233a82b3f2ca6ba1e4,57961670,UNKNOWN_REQUIRES_RPC,False,v2/contract_deployments/contract_deployments_29000000_30000000.parquet,3255e78e345aff80bfd6dfc7d760f4bda3a96fce4225cc3e128ce3d21ff32822,fccd6a2af5f4084f1b5af198bee29458bed167dd3d018fdd5cca4769e154742a,001ec5ee44fd31dbf2fe3a7426c9d59aee0900a6234de701b299d47731c87bb4,c0197adf568b0b62a4cc3ce469244e50934c43d2eefe6cc4f79a4c48ba263f52,RESERVE_CANDIDATE_REQUIRES_RPC_AND_PAIR_EVIDENCE,False,False,False,False
Proxy_b7e1,bsc,56,2024-11-13T18:19:56Z,9,90,0x6a148f8eb179a99f6e335470989275d1ce6545aa,56:0x6a148f8eb179a99f6e335470989275d1ce6545aa,UNKNOWN_REQUIRES_RPC,-1,0x5649fb99d18121ddc1741f2a2e84fe73e9406cade6195a072bfd97fcb8aaa867,43729993,UNKNOWN_REQUIRES_RPC,False,v2/contract_deployments/contract_deployments_30000000_31000000.parquet,0d12ca90369256d040cf542c85f6ffcf446e4e3e8d19fd878d446ff8ed9337b7,4c80faeebe20c79914b01c8d694f7cb666c9dc3b2a7267bd5530ab7ef8e35032,004c341d7f6f3dfbe52541ee313d5fc1cc451a43aa1c5a14375f867f90687cc7,49753e0640f8b807b2e6525ff3b16a9316ce951c24b517345db6e222e7c7180c,RESERVE_CANDIDATE_REQUIRES_RPC_AND_PAIR_EVIDENCE,False,False,False,False
TokenFactory,bsc,56,2024-09-26T08:58:52Z,8,80,0xf762e7ee243b010e4ca79f37c5592b88d9d7d8b5,56:0xf762e7ee243b010e4ca79f37c5592b88d9d7d8b5,UNKNOWN_REQUIRES_RPC,-1,0x0f18f8c896c506e10f0c7856b28765190a24e44edb90aa1ff0f58d145b5ccdb1,42331456,UNKNOWN_REQUIRES_RPC,False,v2/contract_deployments/contract_deployments_30000000_31000000.parquet,0d12ca90369256d040cf542c85f6ffcf446e4e3e8d19fd878d446ff8ed9337b7,80acfd035ceddf9363458d6644658dad493fd542ee227465f4be308475f886b3,003488668390d0c4432fead1710c3e4d91c457a4a6ea2c82dea55b78ff31bf0e,6b604052f583db6f34b85b864f94e2541cbd8e57012a997f41a4265381b18d4e,RESERVE_CANDIDATE_REQUIRES_RPC_AND_PAIR_EVIDENCE,False,False,False,False
Unverified_0000,bsc,56,2025-05-13T19:54:09Z,10,100,0xa3c9ff4a3c92be2d6d7aa6c7e81762fa3aa6c8c9,56:0xa3c9ff4a3c92be2d6d7aa6c7e81762fa3aa6c8c9,UNKNOWN_REQUIRES_RPC,-1,0xe65196744d5afdb036eef60a206871c0337dfaa73e451166028ee3ffcb258b65,48511740,UNKNOWN_REQUIRES_RPC,False,v2/contract_deployments/contract_deployments_29000000_30000000.parquet,3255e78e345aff80bfd6dfc7d760f4bda3a96fce4225cc3e128ce3d21ff32822,8f495089deb6b5b0cf86ddf89d85e1f24eb74f29f128b275d88911d5bc6e99a5,0026a30fb96b2eda4afce4255993853dbdd3a95b03f99ce86cd3801340c2e7ae,9233365fe6b8c7f049bd402f92cf8f0336b5f3692c97943d0f0e50709433e156,RESERVE_CANDIDATE_REQUIRES_RPC_AND_PAIR_EVIDENCE,False,False,False,False
VDS,bsc,56,2025-07-03T12:22:23Z,9,90,0x1fe9b9f03f9e61ece21adeef3ff4c3ff87ad4444,56:0x1fe9b9f03f9e61ece21adeef3ff4c3ff87ad4444,UNKNOWN_REQUIRES_RPC,-1,0xfbfa196ae860232b720f30ac10795d76da8898153d0370d321ad8d260059c96c,51213467,UNKNOWN_REQUIRES_RPC,False,v2/contract_deployments/contract_deployments_29000000_30000000.parquet,3255e78e345aff80bfd6dfc7d760f4bda3a96fce4225cc3e128ce3d21ff32822,44351dea3edadfd674cf6108c75145e25cd3f8b5eff19da33608029cf6407ee2,001c59c3c6b61fb0b40e7a6f1e25aacf5d002a84c0904aefb51f06f5f392a757,27a747d680ce3e1711b18d1a7911c8300ac3375c99a8021eec31c8a01f1f4b41,RESERVE_CANDIDATE_REQUIRES_RPC_AND_PAIR_EVIDENCE,False,False,False,False
WXC,bsc,56,2025-08-02T03:59:53Z,7,70,0x0c41600a8b16b86afd8d70e3d0c463758b44cf37,56:0x0c41600a8b16b86afd8d70e3d0c463758b44cf37,UNKNOWN_REQUIRES_RPC,-1,0x6e3e348699ef5d4789827d1082c73f3e8ce57141eca1d43059f6a8d4685f9e65,53212367,UNKNOWN_REQUIRES_RPC,False,v2/contract_deployments/contract_deployments_30000000_31000000.parquet,0d12ca90369256d040cf542c85f6ffcf446e4e3e8d19fd878d446ff8ed9337b7,ce812fa05e8c2938e34548b353e4652b01f96e69a980e532e8d013f39b05893e,00348d13a6cf81e5ff7e5410628a9237e1260c6061a7075d37c53aa96246de6c,246689a3a6e609d8f4dee05f83c1ebdb86e7564ed2b5d8e1a808ee01ce02cfff,RESERVE_CANDIDATE_REQUIRES_RPC_AND_PAIR_EVIDENCE,False,False,False,False
WXETA,bsc,56,2024-03-14T00:21:56Z,7,70,0xa37d0dbac1b8faf93595661ea7fa98bda90c6c19,56:0xa37d0dbac1b8faf93595661ea7fa98bda90c6c19,UNKNOWN_REQUIRES_RPC,-1,0x40206a36d7c1148c68ca989ad2b563506e48082c08b895bea3a7587048f12d83,36466856,UNKNOWN_REQUIRES_RPC,False,v2/contract_deployments/contract_deployments_30000000_31000000.parquet,0d12ca90369256d040cf542c85f6ffcf446e4e3e8d19fd878d446ff8ed9337b7,944728d25c9070194c40db558a4123f820c6d6222f0fda8e1465a5639f7d03c3,0015a5b5cbd4db31f7c8014d74274b9f86830ec68b39df9fc72b96a8d0b8d39f,d6ab8d9e498ce5e974252b6cf454cd74ac46600fad312813b95b545ce8a21901,RESERVE_CANDIDATE_REQUIRES_RPC_AND_PAIR_EVIDENCE,False,False,False,False
ais,bsc,56,2023-11-23T07:10:00Z,10,100,0x0f99fe047babb43e94d5eefde61f1537c0e341be,56:0x0f99fe047babb43e94d5eefde61f1537c0e341be,UNKNOWN_REQUIRES_RPC,-1,0xbab812edfb4b1a7bf5a1d4ded79543c94762daa590bbd57ec78b4683fa70ff87,33066743,UNKNOWN_REQUIRES_RPC,False,v2/contract_deployments/contract_deployments_30000000_31000000.parquet,0d12ca90369256d040cf542c85f6ffcf446e4e3e8d19fd878d446ff8ed9337b7,695c0793ac8050f98a3fb3dbab2efe3e9f9ebee3bb02e38dee736b237bfb8eea,001625a639202648366184b2a61c8fef7b0e236da08b6aed4966992346561806,106e93cd4d8556cd6cc911043ab5820a480880a503da33ed22edcd4fff89ff6d,RESERVE_CANDIDATE_REQUIRES_RPC_AND_PAIR_EVIDENCE,False,False,False,False
aizpttoken,bsc,56,2024-07-29T14:46:37Z,5,50,0x2cbeeded8e18c6eb4877d911628e5777a90d10cb,56:0x2cbeeded8e18c6eb4877d911628e5777a90d10cb,UNKNOWN_REQUIRES_RPC,-1,0xd0a74c464b5bfecc163b8a5b7e456481968897eb6f3da8f71712e92b19eb6a83,40464836,UNKNOWN_REQUIRES_RPC,False,v2/contract_deployments/contract_deployments_31000000_32000000.parquet,1096c453513646713a3b6185edd15651bf3a9599e2e334ecd82bcf3c939ca722,dee374a79239b1e7ab68cec9afaa956b47df37dd6a2e5481b9f15683124edc00,004fac0facb15474bc8add22248cfaa6e56e85f9adfb01ae8a52179683b4dac8,c0bf81d07801d1f8f36195a0b878239c7bdba13123c000afe31b260e3ea3d671,RESERVE_CANDIDATE_REQUIRES_RPC_AND_PAIR_EVIDENCE,False,False,False,False
allbridge,bsc,56,2022-08-26T14:11:05Z,3,30,0x1fedf395ae53f56072e911e9ba534056925e76c1,56:0x1fedf395ae53f56072e911e9ba534056925e76c1,UNKNOWN_REQUIRES_RPC,-1,0x9e98004ceac0236cf81a27a432c89278322e3df9bc08cdd62694595d797fc3e8,20257695,UNKNOWN_REQUIRES_RPC,False,v2/contract_deployments/contract_deployments_30000000_31000000.parquet,0d12ca90369256d040cf542c85f6ffcf446e4e3e8d19fd878d446ff8ed9337b7,ffdbe01394b9fa63771d278764c109a4701041be55229281b225dfc0100d6a96,000fa6ed8250e097353dee829880c2401b4e9dcec3353f6662905bc4b353f78b,6beb5fbeb0b757d760c42b4c5ba5944bd3a392e0d5adef698d27f1bbc32dab62,RESERVE_CANDIDATE_REQUIRES_RPC_AND_PAIR_EVIDENCE,False,False,False,False
allbridge_2,bsc,56,2022-09-05T09:26:45Z,7,70,0xa4edccaed2fa84b8747eb54fa3b907fad6ffdee0,56:0xa4edccaed2fa84b8747eb54fa3b907fad6ffdee0,UNKNOWN_REQUIRES_RPC,-1,0x96653d499f4ba891357768745b995aebb64b2c68cf69eab4803f9e89d36be580,20865554,UNKNOWN_REQUIRES_RPC,False,v2/contract_deployments/contract_deployments_29000000_30000000.parquet,3255e78e345aff80bfd6dfc7d760f4bda3a96fce4225cc3e128ce3d21ff32822,4da04b3542f4a56bc0d7d5b41654a4290d55a7e583e1682e2a13aa7ae43ec23b,001052e4917d4e02f0afa6ee4110e611c27116f662b55749d104ca346cd5c035,4f14097720b9bee737c7c8d65a9ef604bf7358cd93694da10b79602491945af0,RESERVE_CANDIDATE_REQUIRES_RPC_AND_PAIR_EVIDENCE,False,False,False,False
alp,bsc,56,2023-12-20T03:01:30Z,7,70,0x0483e2d974dde2e529761efb3942e954cd0ebb56,56:0x0483e2d974dde2e529761efb3942e954cd0ebb56,UNKNOWN_REQUIRES_RPC,-1,0xbf4c1df9a36d2f334a780a6df4072cc6404ca8adf7c572c012dcfdd85a33fc8a,34379558,UNKNOWN_REQUIRES_RPC,False,v2/contract_deployments/contract_deployments_30000000_31000000.parquet,0d12ca90369256d040cf542c85f6ffcf446e4e3e8d19fd878d446ff8ed9337b7,a47f742f8fd32cb0ac2c165667639c7897eacb51a14e14aab747e0de4245a374,000b3ee5371d02618d2bce0144f2486ffd3ded0af867ae2568cc95f6859201c4,239b62c420bc90f245147aa0ff6f9d1762a2a04e62cc4d86126ca0e655537f1e,RESERVE_CANDIDATE_REQUIRES_RPC_AND_PAIR_EVIDENCE,False,False,False,False
annex,bsc,56,2022-11-18T07:31:46Z,2,20,0x6f4ce3d07f43e1b25c4489780245449063e47da6,56:0x6f4ce3d07f43e1b25c4489780245449063e47da6,UNKNOWN_REQUIRES_RPC,-1,0xb1a3ead76f8db26cffc1b37f3dd9ef7776587efa42c88cbcc1831de3162a3e33,22993345,UNKNOWN_REQUIRES_RPC,False,v2/contract_deployments/contract_deployments_30000000_31000000.parquet,0d12ca90369256d040cf542c85f6ffcf446e4e3e8d19fd878d446ff8ed9337b7,73c0f1236412ea150ffe503aa9228eb3d652c160aa5b2541006bf62b9b87783f,001da4779d1f12ab06845b50a651df133f00950d646b866039d23daa64fcfa93,d7b8b7cc57b974998b62be44fde6391ca2c6a0fac1db90eb4ad90cbc1fd78936,RESERVE_CANDIDATE_REQUIRES_RPC_AND_PAIR_EVIDENCE,False,False,False,False
apedao,bsc,56,2023-07-16T00:41:01Z,6,60,0x515e62a3ac560fd5df08536d08336e63aed3b182,56:0x515e62a3ac560fd5df08536d08336e63aed3b182,UNKNOWN_REQUIRES_RPC,-1,0x77dfe8ca3d497ee6c8e393da7d77dc02a4a255f4e5c8550bb55b90053d3375e5,29239088,UNKNOWN_REQUIRES_RPC,False,v2/contract_deployments/contract_deployments_30000000_31000000.parquet,0d12ca90369256d040cf542c85f6ffcf446e4e3e8d19fd878d446ff8ed9337b7,a9091b7bb5bbdf8f993c5f5113e0af430b6de96325dafaddef437b2106af1843,0023da64ed93f5442070c35d6b5ab5cfa2d2f3f160a5e1b90328ce8fb687dd5e,521ef276320f3d79cdd8ec3953eac2b26a901258b60120f0266cc283f41a43e5,RESERVE_CANDIDATE_REQUIRES_RPC_AND_PAIR_EVIDENCE,False,False,False,False
ark,bsc,56,2024-03-12T16:12:49Z,10,100,0xd22a2a6fd7c4dbd37884eb4bafb304519eb41b7d,56:0xd22a2a6fd7c4dbd37884eb4bafb304519eb41b7d,UNKNOWN_REQUIRES_RPC,-1,0xe0b2d28adc5bb719ce97ced0ab00222a80c5cdb25e31833cbfbc03e2aafd94f4,36106349,UNKNOWN_REQUIRES_RPC,False,v2/contract_deployments/contract_deployments_30000000_31000000.parquet,0d12ca90369256d040cf542c85f6ffcf446e4e3e8d19fd878d446ff8ed9337b7,068d132f6002fb0c936661fed639cd18d98ca801571a6989460da780c8da87e2,001509591b763af23ae10de8300997dade616dc25ca1cc9a5ba29ee2e1614d08,0920c4493bdc8fe26818c219d7cf47e0c8ecd2c1ca355cd8e520a9b333e01415,RESERVE_CANDIDATE_REQUIRES_RPC_AND_PAIR_EVIDENCE,False,False,False,False
ast,bsc,56,2025-01-18T11:31:22Z,9,90,0x16629b37d5da1a16d0e7d39f8678d83a035da284,56:0x16629b37d5da1a16d0e7d39f8678d83a035da284,UNKNOWN_REQUIRES_RPC,-1,0x11f9ddfb282986deb36df9a96a81deb1c1f169fb333296f30082ba3134d3c084,45527367,UNKNOWN_REQUIRES_RPC,False,v2/contract_deployments/contract_deployments_29000000_30000000.parquet,3255e78e345aff80bfd6dfc7d760f4bda3a96fce4225cc3e128ce3d21ff32822,f000433cdaed98eb7017515b38cad15f03575844b48334df7f53079d3ca1d2f5,003283c970ee6092dee85d989b3ce769ac088c1751a5147a0669618e2cdd6f11,e32dc2fcef50946284d2681085e1e99adf45c86b689f46b79dbc421a8d03fce6,RESERVE_CANDIDATE_REQUIRES_RPC_AND_PAIR_EVIDENCE,False,False,False,False
atk,bsc,56,2022-10-05T05:15:28Z,8,80,0xc8d6377d55bb426dd165a5132f893beef593e06a,56:0xc8d6377d55bb426dd165a5132f893beef593e06a,UNKNOWN_REQUIRES_RPC,-1,0xe87928fcc579a29f2ab8c1d34274d8d4b0fe7095b4098baa4b6403b48fa6fbdc,21227288,UNKNOWN_REQUIRES_RPC,False,v2/contract_deployments/contract_deployments_7000000_8000000.parquet,54cb1c23725d5765da58c76ee4eb73bb326370e440cb6baab9e8463544906967,b66ddf1f1c02580549f73c9695f88468a97723b7515812e4b917c6f6cac257b2,00157f159c42c55833dfabb8e04b573702ddf1086f0c8df5cfc68876e93253a6,8008c25aead4820c831a56c370306a1c515dd60750359596364b5fb1a4a13215,RESERVE_CANDIDATE_REQUIRES_RPC_AND_PAIR_EVIDENCE,False,False,False,False
atm,bsc,56,2024-03-24T07:42:57Z,10,100,0x817398ce66833f82a579713f74a5a93512a5c603,56:0x817398ce66833f82a579713f74a5a93512a5c603,UNKNOWN_REQUIRES_RPC,-1,0x45ce5d02439967d0d8612e77bb6630e9fe401947162d2eab4ee5b20e16cf86fb,36576611,UNKNOWN_REQUIRES_RPC,False,v2/contract_deployments/contract_deployments_30000000_31000000.parquet,0d12ca90369256d040cf542c85f6ffcf446e4e3e8d19fd878d446ff8ed9337b7,a35cf8c1c43b8a1a555d707b8db0ba5ccc00b9f69cf00eeffdfa41f9124833d8,0016db7d4f6143901f74c0d44dee1613311605e1e330194409aaa77e52b126a7,422355fc260790cbb8c20b65a3dac776e7120e0d5caf10437d9287cad2c36dd5,RESERVE_CANDIDATE_REQUIRES_RPC_AND_PAIR_EVIDENCE,False,False,False,False
axioma,bsc,56,2023-02-02T17:54:51Z,3,30,0x9ca79280a02f1bc280658dffb629cbfd3db3ba95,56:0x9ca79280a02f1bc280658dffb629cbfd3db3ba95,UNKNOWN_REQUIRES_RPC,-1,0xbe0d978f6313ee03e48cbb8a6e292c9b06fde41c77b9761e01ba3982f553abf0,25063756,UNKNOWN_REQUIRES_RPC,False,v2/contract_deployments/contract_deployments_31000000_32000000.parquet,1096c453513646713a3b6185edd15651bf3a9599e2e334ecd82bcf3c939ca722,c3cde5c2d2260b8336eed882a3808966ddfbafd2f12aca468a75a744cb914050,0036b954aca0f82017a05076f3caa51df51e74285ef1c0862e7590a4090802dc,2bbc375d59d0af3e984909dd7e410a1b9062f55574e9f6da6c443ea2f1b723e9,RESERVE_CANDIDATE_REQUIRES_RPC_AND_PAIR_EVIDENCE,False,False,False,False
babydogecoin,bsc,56,2021-05-22T17:21:17Z,8,80,0x48e0ee8dcacd46b73e4e2253896c77ed60b293c2,56:0x48e0ee8dcacd46b73e4e2253896c77ed60b293c2,UNKNOWN_REQUIRES_RPC,-1,0x69c1c137537c2a668ee4b57a05e32b0272809d14fcdb70719627d60b2b9a72d5,6805062,UNKNOWN_REQUIRES_RPC,False,v2/contract_deployments/contract_deployments_9000000_10000000.parquet,6777e0b50be1d60a845e1be0313473c99fb8675967b51e4530577f82391cd3cf,14dae7ef4525e05dfc7c57e4e12e0b53873e627795dc7e96b1590ba33f3be7c3,000ae69649c618f1ccfba0f8248827b5a2dbfbe812552e705556766f262977f3,0099b994ff1cbbefa9e79ccc6d4b5e4d7efd9ab07951217aca5db238e9b93540,RESERVE_CANDIDATE_REQUIRES_RPC_AND_PAIR_EVIDENCE,False,False,False,False
babydogecoin02,bsc,56,2021-05-22T17:21:17Z,10,100,0xc344d34c6dd5a435440503b9ffcf2c7f069fc4ef,56:0xc344d34c6dd5a435440503b9ffcf2c7f069fc4ef,UNKNOWN_REQUIRES_RPC,-1,0xee6fdaffaf9cd7d8f1fcd95686650ade1b24746059f3baa9a5d3106ee1f38278,7611520,UNKNOWN_REQUIRES_RPC,False,v2/contract_deployments/contract_deployments_29000000_30000000.parquet,3255e78e345aff80bfd6dfc7d760f4bda3a96fce4225cc3e128ce3d21ff32822,2ee53ba22f6869e16e929c61dfb917045847b4ab8648cdebbedb41531e13b329,0009655bbb09561ce7f2f0f9f9ee9613a248beac3387dbbd60e3e56837c0d047,7ee03d73a6b377ccc9eab842a3d5c391ddefa69a28e195c44c18afd28158c5d3,RESERVE_CANDIDATE_REQUIRES_RPC_AND_PAIR_EVIDENCE,False,False,False,False
babyswap,bsc,56,2021-06-03T06:44:05Z,9,90,0xbda64497c24fa3b0e87248ef41f69e2a7522e2a5,56:0xbda64497c24fa3b0e87248ef41f69e2a7522e2a5,UNKNOWN_REQUIRES_RPC,-1,0xbef3f971fdde80ea625e96453df77f10c644b23b6a44dcd47124a8f5f6d40e98,7792866,UNKNOWN_REQUIRES_RPC,False,v2/contract_deployments/contract_deployments_10000000_11000000.parquet,dc224a34690e621a034e308c5ab0ca0606654984ac1d2d10d1a2daa31cda8ec9,95302d92c39a4daf282aeae5f9fc0b679376069a8cf52d1c386e4e501e6eb3ac,0006ec063eded17e03fb16f7753cd487cba6ec2e3994b52b1207f3971985f024,7b7e29fc6f439fa55f1757a99de2254ac71a3b11fbe9f53364b9d4c3b0da157c,RESERVE_CANDIDATE_REQUIRES_RPC_AND_PAIR_EVIDENCE,False,False,False,False
bamboo,bsc,56,2023-06-18T14:36:40Z,2,20,0xa744430a98760d28c5173302ffd66a128d35992b,56:0xa744430a98760d28c5173302ffd66a128d35992b,UNKNOWN_REQUIRES_RPC,-1,0x5ced736093399129aae55cc372616900aec80cdb2b004c42a4b7b8b437262861,28687719,UNKNOWN_REQUIRES_RPC,False,v2/contract_deployments/contract_deployments_30000000_31000000.parquet,0d12ca90369256d040cf542c85f6ffcf446e4e3e8d19fd878d446ff8ed9337b7,7c6f9374bcdaf9f186a5be55707e75dcf48d7ad2bd4c4041bfeaff3ad362b1bb,001347ac6dc7a3a8c8bc82c8e2a8807080c007e7e23f9c15be1a458d49ee6d9a,3a35e9b43639abf37ba5ad66692cda5dfa63a0e11294b3757d806b36a2e912ff,RESERVE_CANDIDATE_REQUIRES_RPC_AND_PAIR_EVIDENCE,False,False,False,False
bankroll,bsc,56,2021-03-11T02:53:55Z,8,80,0x886f3077a5ddc12474e96b29df6e0701fe78cca2,56:0x886f3077a5ddc12474e96b29df6e0701fe78cca2,UNKNOWN_REQUIRES_RPC,-1,0xf67ca04d7c8eaeffe6eda1506d63ce9e57ce2b166f6e60d3065ce91478609996,5384300,UNKNOWN_REQUIRES_RPC,False,v2/contract_deployments/contract_deployments_31000000_32000000.parquet,1096c453513646713a3b6185edd15651bf3a9599e2e334ecd82bcf3c939ca722,3650f1303c37b583868dbbee7c8772c9a87357e357bedd6351338c34412aec5b,00520df716e82bb91f8fdb07969a4988f4ae7063068ec56a317562c14dcccc9b,e5dea39b85c13aa782f5e3934c89183b45322800fda39ace38db95eb07ab1b47,RESERVE_CANDIDATE_REQUIRES_RPC_AND_PAIR_EVIDENCE,False,False,False,False
bankroll_network,bsc,56,2021-07-08T22:51:30Z,4,40,0xb140ddba4861a45e4a1428ee3a9d09ce8c96ae93,56:0xb140ddba4861a45e4a1428ee3a9d09ce8c96ae93,UNKNOWN_REQUIRES_RPC,-1,0x6d044d6101f4bb7ca58696d54962782ad4a3dd70f339a98afdeab09a85ac14c6,8860990,UNKNOWN_REQUIRES_RPC,False,v2/contract_deployments/contract_deployments_29000000_30000000.parquet,3255e78e345aff80bfd6dfc7d760f4bda3a96fce4225cc3e128ce3d21ff32822,05e3798f8fb814a83766a2a3b7426dd03b5a44d797898cdedbb6e51bada0b15b,0006fd85c9cfcbf4200d8971a3e9a126c64fe38620a88d34993561dcb3c16ff0,a70da35cfa7101999b3872cae5250670359272ed924fdaeccb268cf837a4c495,RESERVE_CANDIDATE_REQUIRES_RPC_AND_PAIR_EVIDENCE,False,False,False,False
bankroll_stack,bsc,56,2021-07-04T20:29:46Z,9,90,0xad3571368bd1c76d9dfe7070fdd44032210eaebe,56:0xad3571368bd1c76d9dfe7070fdd44032210eaebe,UNKNOWN_REQUIRES_RPC,-1,0xec3f90c010c985dea11b64a88bc34e63a8e7836a7fdb07d3b1d971a4bc631892,8808747,UNKNOWN_REQUIRES_RPC,False,v2/contract_deployments/contract_deployments_30000000_31000000.parquet,0d12ca90369256d040cf542c85f6ffcf446e4e3e8d19fd878d446ff8ed9337b7,13be6e0169fcce5c09884cf587f0f3e59b77ff9f4a9cc3708dc34e05b04ff104,000918370bed3936a584149e5660713b830e5f8ffaad0ee02928be5d76fb4f7a,7c1ad63d8d68ce3999020c8e68866c2523fe496a74f3942367b92326bcb7c9da,RESERVE_CANDIDATE_REQUIRES_RPC_AND_PAIR_EVIDENCE,False,False,False,False
bct,bsc,56,2023-12-08T09:27:08Z,10,100,0x7ae2633f988878de873d643ef20e17332a5d3ad2,56:0x7ae2633f988878de873d643ef20e17332a5d3ad2,UNKNOWN_REQUIRES_RPC,-1,0x69a7f204cff53ddfa8d1ba7ff2616414c4abe918c987ca4ee1b23974b1eb7d0f,34018745,UNKNOWN_REQUIRES_RPC,False,v2/contract_deployments/contract_deployments_31000000_32000000.parquet,1096c453513646713a3b6185edd15651bf3a9599e2e334ecd82bcf3c939ca722,121be30865eb785d31ac6816e3592cd251ac14ae6ba3e53a539abdc1fd805502,000ec6757c76e22303490b8ed73156bbaa4161a5a941ed86f8e457a70e9461ed,5c9efb64b881a3b28aab7701d5fffe0030eb8b9ad3bcd6c6138c8c10a99ba4d1,RESERVE_CANDIDATE_REQUIRES_RPC_AND_PAIR_EVIDENCE,False,False,False,False
bdex,bsc,56,2021-05-12T06:52:17Z,10,100,0xc98291f0675decf96336ea5a3257023802636dcd,56:0xc98291f0675decf96336ea5a3257023802636dcd,UNKNOWN_REQUIRES_RPC,-1,0x62d7bfd70d70ace73fbafee536ca5e8671747faf3e63becf6a97b2e809487af7,6924917,UNKNOWN_REQUIRES_RPC,False,v2/contract_deployments/contract_deployments_9000000_10000000.parquet,6777e0b50be1d60a845e1be0313473c99fb8675967b51e4530577f82391cd3cf,eaebb323f881fa47770aaf0b6e6f87085d18d61c544545d458d3b2bcdfb9d366,000d6a7005e079ba923f0edeecd990db61daaeb8c4dd3b48f70e5377a40c21ec,d30ce4eb773254557d7aa0145ce23bf21a1c15108779280c437aa6d3c7ba862f,RESERVE_CANDIDATE_REQUIRES_RPC_AND_PAIR_EVIDENCE,False,False,False,False
bearn,bsc,56,2021-02-14T02:52:08Z,9,90,0x77dfb1dafc92c5df29996f5528ba1829941cd3bb,56:0x77dfb1dafc92c5df29996f5528ba1829941cd3bb,UNKNOWN_REQUIRES_RPC,-1,0x9b59950f52318af1aea508fb0498f55563d05227fe52fc17269e22059dbfc283,4782729,UNKNOWN_REQUIRES_RPC,False,v2/contract_deployments/contract_deployments_1000000_2000000.parquet,7529540c96f11e4fc0d376fd36b2953644bebebe317a864615e2d14403a341fe,07813dcc5cea47fc92b6fb69270128b3f0f138ee336ddc3fb4e4a0330604ac7c,00ff10b31e8d6642d54bbd0254662dc829187e723610a11c2fcbf4cd9cdc8e4e,b28e5d87c583e30ca19eaaaacdf52ee446d176403c0e1dbdde18fb9ad39900df,RESERVE_CANDIDATE_REQUIRES_RPC_AND_PAIR_EVIDENCE,False,False,False,False
bearndao,bsc,56,2021-03-03T08:33:22Z,10,100,0x6b097688b0743da67515594b1462b71350372051,56:0x6b097688b0743da67515594b1462b71350372051,UNKNOWN_REQUIRES_RPC,-1,0xa8c7c9db4d6b024ce49e2f833988841a745572db22d1176ccdde2b53971f839e,4493091,UNKNOWN_REQUIRES_RPC,False,v2/contract_deployments/contract_deployments_1000000_2000000.parquet,7529540c96f11e4fc0d376fd36b2953644bebebe317a864615e2d14403a341fe,62450f284008f7418a437fac2c815c30bddcba76cf7f93477d532a74b8e50add,005910daf8680cdcffe03a9112e5836b9f6fc66728aab3871209ecc6fdc11941,eb13d4ce107db30b6e15ea1964cd6c93686613a6bd268610eedc30c0603281b3,RESERVE_CANDIDATE_REQUIRES_RPC_AND_PAIR_EVIDENCE,False,False,False,False
bego,bsc,56,2021-03-11T13:53:56Z,10,100,0x373f17bf868b9f0084359b49aeecafb95416e466,56:0x373f17bf868b9f0084359b49aeecafb95416e466,UNKNOWN_REQUIRES_RPC,-1,0xadde797fd8f8d3ab5bbb4075d053582ca35c9e1ce0e7d3d2d37ec03a9687ff3c,5180404,UNKNOWN_REQUIRES_RPC,False,v2/contract_deployments/contract_deployments_1000000_2000000.parquet,7529540c96f11e4fc0d376fd36b2953644bebebe317a864615e2d14403a341fe,bb2916d47b47f375f53deadfba3de841866b2ba2104aac54362563c367f38aad,003bffbdf5054ec9a7434d5d0fa02b68cfd149756a5cbf9e3e58232264791220,1498dc7844bc39020324c4064028fe1a3d99af6b57018e2a28c18c691d5c68ae,RESERVE_CANDIDATE_REQUIRES_RPC_AND_PAIR_EVIDENCE,False,False,False,False
bevo,bsc,56,2021-05-22T20:15:56Z,10,100,0x09b518491ef226b790fa2b6076cd444aeb621275,56:0x09b518491ef226b790fa2b6076cd444aeb621275,UNKNOWN_REQUIRES_RPC,-1,0x79efcf66654507cb39b49d8733149489917b1c1344fe5e89986e192d78febdd0,7228507,UNKNOWN_REQUIRES_RPC,False,v2/contract_deployments/contract_deployments_31000000_32000000.parquet,1096c453513646713a3b6185edd15651bf3a9599e2e334ecd82bcf3c939ca722,aa08a7402dd4e0db99f14c0030e5de5e99c7d68b2558778b4f671c9b182c41c2,000d8a7129c86534dc30f6225ccec457278dbcf3191b9ff50e0e720d7fe22dfb,751974d1477aebbed666c4e25d1036d93c74b548aeadc2ce968c422ed2a5e904,RESERVE_CANDIDATE_REQUIRES_RPC_AND_PAIR_EVIDENCE,False,False,False,False
bfctoken,bsc,56,2023-09-08T03:39:58Z,4,40,0x0657b9a3e76cb5c2d060bdc1e5f00effc01e4b82,56:0x0657b9a3e76cb5c2d060bdc1e5f00effc01e4b82,UNKNOWN_REQUIRES_RPC,-1,0x3ca0fabc50427258d1ad8d0d3a21ffb64c92528d6adcfbcc98985f04d50d384b,30834820,UNKNOWN_REQUIRES_RPC,False,v2/contract_deployments/contract_deployments_30000000_31000000.parquet,0d12ca90369256d040cf542c85f6ffcf446e4e3e8d19fd878d446ff8ed9337b7,2ddb1f58645220cb102d6e6514e0204546067ca87937145b52b86d2139761713,0020a18703f241aed283191613f4c1c3f4aafb2e32c6a73a8c414d2ab3d3ea0d,62051cca8968fca86bee97f2d21c8aaf1558aa4cfed7de83924008822188698e,RESERVE_CANDIDATE_REQUIRES_RPC_AND_PAIR_EVIDENCE,False,False,False,False
bgld,bsc,56,2022-11-24T23:02:59Z,7,70,0x00f456b690e4f0f9471dd42a70a90207786c4981,56:0x00f456b690e4f0f9471dd42a70a90207786c4981,UNKNOWN_REQUIRES_RPC,-1,0xf1fe671ad95c4f0f0938e90c9a8c9ec0911977ce7e7bac3491f2eb48ab0aee7d,23321590,UNKNOWN_REQUIRES_RPC,False,v2/contract_deployments/contract_deployments_29000000_30000000.parquet,3255e78e345aff80bfd6dfc7d760f4bda3a96fce4225cc3e128ce3d21ff32822,cfb50ded6e17239747e81ae1dbfda89d31df8d118f6e8ebb3991aeef1dc5e31f,001bcb47b09673fd7c1a690efa28f22770cc1e9217397285fd4418060ba17b21,1256d26082e35a3bc7abfe9176973f715b3819b7d39762d54ad4aa254852941e,RESERVE_CANDIDATE_REQUIRES_RPC_AND_PAIR_EVIDENCE,False,False,False,False
bh,bsc,56,2023-10-06T07:27:02Z,10,100,0x569779baf88e755e5373742b54389049bf3b6eec,56:0x569779baf88e755e5373742b54389049bf3b6eec,UNKNOWN_REQUIRES_RPC,-1,0xa7e6fbb5e0d5bc96ca59f0b7034ce580b40ab2cd8d2511e1ee0477b839653ddb,32196724,UNKNOWN_REQUIRES_RPC,False,v2/contract_deployments/contract_deployments_31000000_32000000.parquet,1096c453513646713a3b6185edd15651bf3a9599e2e334ecd82bcf3c939ca722,3aeb3f17dbcbb901e8fb0da43d3bb51b08c240316cc13a59d40a4a16ad10424e,0032793c05a4f652f31a83abcedf220612ed40143ce9bfc30cad2d2aa641c061,a9e85a67087f67cc7457a40c972d939eb19b764ccaaae087f27bccc6f42f02fa,RESERVE_CANDIDATE_REQUIRES_RPC_AND_PAIR_EVIDENCE,False,False,False,False
bigfi,bsc,56,2023-03-08T21:16:45Z,6,60,0xbedc62dee6a83268b98bfd63c552a358163f3374,56:0xbedc62dee6a83268b98bfd63c552a358163f3374,UNKNOWN_REQUIRES_RPC,-1,0xd7f7a5af8a25d1272bafa24ca9e677c1523085892bc90df3bb32071a86eb407f,26196870,UNKNOWN_REQUIRES_RPC,False,v2/contract_deployments/contract_deployments_30000000_31000000.parquet,0d12ca90369256d040cf542c85f6ffcf446e4e3e8d19fd878d446ff8ed9337b7,9f466bfa2182645f9ae1195c62d39b5888e6d4e4bc0d74da50a703c1c32fa971,00155c87e14bbd1caa33186ddeb51ce25938d0871c5376bb4cff272c55636c24,f24411ca244046824857f6dec4baf1a732733f9a839a8fcf74f6cc1396a267e5,RESERVE_CANDIDATE_REQUIRES_RPC_AND_PAIR_EVIDENCE,False,False,False,False
bno,bsc,56,2023-05-26T15:12:33Z,5,50,0x6978099135311b7d0eeaee01d2a442dc83ab2ba0,56:0x6978099135311b7d0eeaee01d2a442dc83ab2ba0,UNKNOWN_REQUIRES_RPC,-1,0xf8d4319a365c89ad6e06b770d96527c4445e7b4a0b642d54a5945c592e6d6444,28344668,UNKNOWN_REQUIRES_RPC,False,v2/contract_deployments/contract_deployments_31000000_32000000.parquet,1096c453513646713a3b6185edd15651bf3a9599e2e334ecd82bcf3c939ca722,f20bf6c54ad1e00a11995341ef2424ec2202ac772fb7e434a551ef4697e8daf9,00129e469f7e1279ad55dd35aa0f5484987120b50df4c13f584a41604f74cbb5,dadafdb59ac6f06860a87f99289a4940c9a03034ffd12b0fd56ee6337a5d778e,RESERVE_CANDIDATE_REQUIRES_RPC_AND_PAIR_EVIDENCE,False,False,False,False
bob,bsc,56,2023-05-30T18:54:19Z,10,100,0xcbc094a243595df8ee35302dbe395f1780065e85,56:0xcbc094a243595df8ee35302dbe395f1780065e85,UNKNOWN_REQUIRES_RPC,-1,0x2f9d0d8a0387444663466d5718a38530fd88028786e9746ede782ea8f73bfccc,28617237,UNKNOWN_REQUIRES_RPC,False,v2/contract_deployments/contract_deployments_30000000_31000000.parquet,0d12ca90369256d040cf542c85f6ffcf446e4e3e8d19fd878d446ff8ed9337b7,37a38686cd73babaf9baf56ad7f507c37a6ae16307fb1093c92cadf1cc326691,0009622037f10851efaa184e4c3761633de13dc40b87da74de575d870ec4f195,6ce9e6f44d3cf8defb4e507745224dc334787a8321969e78c17447256dffbc78,RESERVE_CANDIDATE_REQUIRES_RPC_AND_PAIR_EVIDENCE,False,False,False,False
bra,bsc,56,2022-10-13T11:39:39Z,10,100,0xbef4a854b51f8122b8a10a5d368a43894c201cf1,56:0xbef4a854b51f8122b8a10a5d368a43894c201cf1,UNKNOWN_REQUIRES_RPC,-1,0x752f89f5dc844b3fb2c3be2135ef24fd7a55ebd5704c957eef466e2f8bb75a2e,22131216,UNKNOWN_REQUIRES_RPC,False,v2/contract_deployments/contract_deployments_7000000_8000000.parquet,54cb1c23725d5765da58c76ee4eb73bb326370e440cb6baab9e8463544906967,28997ee2c9f4944fd72b17d686ef79939c6da0c895acee3741637ba81a917913,00170b3be123d86954494f77422248f3af0b3b736e3f318d4166711e685a7f1a,df7acb918e4f49f18cd026382f9c79779d7c229afa941a76ad85f4c7d5e81d7c,RESERVE_CANDIDATE_REQUIRES_RPC_AND_PAIR_EVIDENCE,False,False,False,False
btnft,bsc,56,2025-01-04T11:19:22Z,10,100,0x6f3958a4e1861126c4cf6e122bce7b4475174f32,56:0x6f3958a4e1861126c4cf6e122bce7b4475174f32,UNKNOWN_REQUIRES_RPC,-1,0x5ea6b2d4e4b7b80130b1f38220db293e95669cc995c11931db0188431d2c819b,45034047,UNKNOWN_REQUIRES_RPC,False,v2/contract_deployments/contract_deployments_30000000_31000000.parquet,0d12ca90369256d040cf542c85f6ffcf446e4e3e8d19fd878d446ff8ed9337b7,969297010a763a6153666ec675bee4b2eb8591edae7ed1711d14dd42345b37c2,0032fe8a67902442c2985e50589af39a94fa046e353a874a1cd712ebdd1764df,be2737ff2fcbf908287bdfdaebef9e957222f1f707d6e5feea0ac8328c32b62e,RESERVE_CANDIDATE_REQUIRES_RPC_AND_PAIR_EVIDENCE,False,False,False,False
bunn,bsc,56,2021-04-21T23:10:46Z,10,100,0x9fe388d03398fbcc8fafc0d58e139231fb5da26c,56:0x9fe388d03398fbcc8fafc0d58e139231fb5da26c,UNKNOWN_REQUIRES_RPC,-1,0x5eb760dcde16138fc5283e20b463a2efefc7a0e3ef6c35d9387b62a64b27ba6e,6723456,UNKNOWN_REQUIRES_RPC,False,v2/contract_deployments/contract_deployments_9000000_10000000.parquet,6777e0b50be1d60a845e1be0313473c99fb8675967b51e4530577f82391cd3cf,6f385d6a5991ff0af938f67fb25258a6ad3871e504b8861f89704990152b3842,0016f5c11b5f8f296d56b8a81a137bbf344c36fedd3daff18801c18945910de3,aca4208807a0b32ab91129950de85b84d4a00520786d57b6e3d326ce889dd015,RESERVE_CANDIDATE_REQUIRES_RPC_AND_PAIR_EVIDENCE,False,False,False,False
burgerswap,bsc,56,2020-09-20T01:26:49Z,10,100,0x174401b11def1c6ade9a04016207c2d5b1695d62,56:0x174401b11def1c6ade9a04016207c2d5b1695d62,UNKNOWN_REQUIRES_RPC,-1,0x4614a365d9b320f202c679ade4139ffae4aea53424122531d9b77a19393033a6,201741,UNKNOWN_REQUIRES_RPC,False,v2/contract_deployments/contract_deployments_29000000_30000000.parquet,3255e78e345aff80bfd6dfc7d760f4bda3a96fce4225cc3e128ce3d21ff32822,2106fd1d252ee266197c42eb0995f8be92e91fc35bf43ef793fced1ab0efc162,09083d9cfd4f3909972e3edaf4ff40fedd0ecb9b9f829a14829001a7f881df88,26eb582592b731243e290b02d874721d671a0f1dc4c549ad120eb2ace290822e,RESERVE_CANDIDATE_REQUIRES_RPC_AND_PAIR_EVIDENCE,False,False,False,False
bxh,bsc,56,2022-09-23T03:22:20Z,10,100,0x4bf63875c83b1597866c8623acfb0c86ec6054d9,56:0x4bf63875c83b1597866c8623acfb0c86ec6054d9,UNKNOWN_REQUIRES_RPC,-1,0xa05c663b8a33d5e5e8b258e6e8b171b38116dce3b9eb0b020f42e5965a2b4640,20988635,UNKNOWN_REQUIRES_RPC,False,v2/contract_deployments/contract_deployments_30000000_31000000.parquet,0d12ca90369256d040cf542c85f6ffcf446e4e3e8d19fd878d446ff8ed9337b7,b2dd57513f88a581bcba186b72cd3edf61f87e2c8b7f2c88ee1946aedd79570d,000f1ebdb8116509ad99291c6c3bb2b046a0e2715ad8790c5718ef82a366006c,42150a0cee5b055db35a448ab2150067dbad2cd780793982cb6d0f7111f7f396,RESERVE_CANDIDATE_REQUIRES_RPC_AND_PAIR_EVIDENCE,False,False,False,False
carrot,bsc,56,2022-09-29T16:26:33Z,10,100,0x4b8423b767de0a61cd0d9d4b8f1e86062e57354f,56:0x4b8423b767de0a61cd0d9d4b8f1e86062e57354f,UNKNOWN_REQUIRES_RPC,-1,0x6838dcb6632f8604f1f52037ccf0839a40f62026d9d853c4449fae1e7b9ce9d9,21571488,UNKNOWN_REQUIRES_RPC,False,v2/contract_deployments/contract_deployments_6000000_7000000.parquet,408541b1fff35d9d72eb413a63bd7e1ecdfd299daa7ca67b3c7185856aa6aef7,0b33716031a378811ff7599eec6606edc880f6c9bdcc5e74e228372937a7181b,0012839c7c555746eae4363e3c27320e87f6ce381e95e710653a156a8cacddce,991144ce5f09ac39a196a40db6ad46fdfd46c78a2ba2bb00d75edd940850ebd7,RESERVE_CANDIDATE_REQUIRES_RPC_AND_PAIR_EVIDENCE,False,False,False,False
caterpillar_coin_cut,bsc,56,2024-07-27T10:14:58Z,10,100,0x8f95c74385fd2dc035bb277944634479a6fd8531,56:0x8f95c74385fd2dc035bb277944634479a6fd8531,UNKNOWN_REQUIRES_RPC,-1,0x48c11a159c4b9dfc82b76850c98a89d070c4525ada7ab5a27dbad707402a4234,40545733,UNKNOWN_REQUIRES_RPC,False,v2/contract_deployments/contract_deployments_29000000_30000000.parquet,3255e78e345aff80bfd6dfc7d760f4bda3a96fce4225cc3e128ce3d21ff32822,47b61cfc9d5a778a65f1a5cd3bbcfb362827ebaa4c46c0d699ead823603ac3ea,0028795f230696ee6d7b1fdf0f46512cd0aec28087446a4b16eec53497f35e8a,3f854f9f30b1b88093836d3cc9a2cc94a4ab4ef1ae91431e481c54bd7b3790a1,RESERVE_CANDIDATE_REQUIRES_RPC_AND_PAIR_EVIDENCE,False,False,False,False
cellframe,bsc,56,2022-11-15T12:24:22Z,10,100,0x6444427699f7fa29195189833b1cfc31c7be4dd0,56:0x6444427699f7fa29195189833b1cfc31c7be4dd0,UNKNOWN_REQUIRES_RPC,-1,0xa8600987ca5a655ad2af88caf4ca1d53f1113c03b0812f5eb84f6fe3756a545d,22282356,UNKNOWN_REQUIRES_RPC,False,v2/contract_deployments/contract_deployments_30000000_31000000.parquet,0d12ca90369256d040cf542c85f6ffcf446e4e3e8d19fd878d446ff8ed9337b7,56e3ece509e7bee8268721503ca8e2910863dc1dd7ad25b1817995573c9bef88,000ff39ae120b548734d680b5e36bcdf337c35eb7d2599656604147f0fe92d8f,3ec00e1ef88ed96180811740050e9a67feb800cb90506c8822fa668070fde93e,RESERVE_CANDIDATE_REQUIRES_RPC_AND_PAIR_EVIDENCE,False,False,False,False
cfc,bsc,56,2023-05-30T13:12:14Z,10,100,0x31584955759211b9b3ba908a486faafdf7970e0a,56:0x31584955759211b9b3ba908a486faafdf7970e0a,UNKNOWN_REQUIRES_RPC,-1,0x78fb309f84cd9fad678771b3abe285c342f9558d82fcba1e8e9d0c56b3227513,28497894,UNKNOWN_REQUIRES_RPC,False,v2/contract_deployments/contract_deployments_31000000_32000000.parquet,1096c453513646713a3b6185edd15651bf3a9599e2e334ecd82bcf3c939ca722,662d8d5a414082fb01d7edaf05d264449b24da7bc34c17c829988c258b5f712c,0006f71a779f437fe7cbf4aa969d5644761483230b021e6f65e934fbf4d679e6,7314f321ff85b9681685fc58461782d819bf741f4e4e901572b73e0f4c5d02a0,RESERVE_CANDIDATE_REQUIRES_RPC_AND_PAIR_EVIDENCE,False,False,False,False
chaingefinance,bsc,56,2024-04-12T08:16:02Z,7,70,0x01311285f55bca6ff88851f347d5ca4d16d2db84,56:0x01311285f55bca6ff88851f347d5ca4d16d2db84,UNKNOWN_REQUIRES_RPC,-1,0x95cca7ee85a91185a93c1df19e444d908a0b6fb205fdf42e4a6e39c648c3cd8e,37686158,UNKNOWN_REQUIRES_RPC,False,v2/contract_deployments/contract_deployments_31000000_32000000.parquet,1096c453513646713a3b6185edd15651bf3a9599e2e334ecd82bcf3c939ca722,49949f1c8792c4a1873586cd8e9224aef0087641e73e9d709315c9727d6d9d48,0015db501015cd4f23bffa758528a28d698df294350f0f9f4dc1e7027e58e7db,9609dff0386e1e37812b75ab0dd868e40d159ae21233d9bdbaa573e6ec32fdb6,RESERVE_CANDIDATE_REQUIRES_RPC_AND_PAIR_EVIDENCE,False,False,False,False
crb2,bsc,56,2024-04-12T09:15:16Z,10,100,0xd8607f388c0a2fd2f3c806b65879fddb5eabace2,56:0xd8607f388c0a2fd2f3c806b65879fddb5eabace2,UNKNOWN_REQUIRES_RPC,-1,0x003e8604742371d1588731e594dd9176c837988f55e85d523afb453c46f7f437,37619215,UNKNOWN_REQUIRES_RPC,False,v2/contract_deployments/contract_deployments_30000000_31000000.parquet,0d12ca90369256d040cf542c85f6ffcf446e4e3e8d19fd878d446ff8ed9337b7,f3dd3ea542d2b2caecffa56a18052db304252bf0319a3f737255cc6a50e1826e,0014771e02a33be043fd480e183603ce4cc6b84b4f92153998d5f2d258984b93,beb149bbf1d21da8340bb50186ba962fc05986a2e9b7d3cd1bbfa031bf5eb086,RESERVE_CANDIDATE_REQUIRES_RPC_AND_PAIR_EVIDENCE,False,False,False,False
cs,bsc,56,2023-05-23T11:13:18Z,8,80,0xc1eda9212a6bbe82cd268f96f2db09d52e54df9d,56:0xc1eda9212a6bbe82cd268f96f2db09d52e54df9d,UNKNOWN_REQUIRES_RPC,-1,0xa4083584f6149e98fa589b79b9eb6ef423224ff457b3b547b5eb78f9519084fa,28105375,UNKNOWN_REQUIRES_RPC,False,v2/contract_deployments/contract_deployments_30000000_31000000.parquet,0d12ca90369256d040cf542c85f6ffcf446e4e3e8d19fd878d446ff8ed9337b7,b9a337c2eddb675ac7a1818d666fe4e7e3185a5d54c02de1db986f2111bf73ab,000bb5be159afab12cdcfad66b7a2212c5f0b70d690d2e19791de55a560c8f22,7cc30683dff163e768074ce7a7188563fc9d43277ac2ed5cc5ef0e41deffd143,RESERVE_CANDIDATE_REQUIRES_RPC_AND_PAIR_EVIDENCE,False,False,False,False
dbw,bsc,56,2022-10-01T13:59:48Z,10,100,0xf18a6a240f0d00f91f0b08d3f034d1a92d37fb5e,56:0xf18a6a240f0d00f91f0b08d3f034d1a92d37fb5e,UNKNOWN_REQUIRES_RPC,-1,0x7e5e35d8cdcbe12f5a06e91b9e2efebeb414446bf5d8cb16b357bfc075c63499,21746814,UNKNOWN_REQUIRES_RPC,False,v2/contract_deployments/contract_deployments_30000000_31000000.parquet,0d12ca90369256d040cf542c85f6ffcf446e4e3e8d19fd878d446ff8ed9337b7,af1e30df4ae219a313ba94336997d396e095e5d65440c5302125c6b92448a175,0013deb8cb5b9cf37c2bb39a52563f7e66d4c053b4f51f0a39e806c5d7812fe2,5655f2a448c3a34b7a33aac0e86df402860378da68a62b9d15ff463af148cbca,RESERVE_CANDIDATE_REQUIRES_RPC_AND_PAIR_EVIDENCE,False,False,False,False
dcf_token,bsc,56,2024-11-23T09:08:35Z,7,70,0x168913b9608ba99a82cb63d9d323fcae41667392,56:0x168913b9608ba99a82cb63d9d323fcae41667392,UNKNOWN_REQUIRES_RPC,-1,0xafbed91ad1f6a670dd439df24db3e844d852c0f59e2edc01906790cf9963ea5f,43534692,UNKNOWN_REQUIRES_RPC,False,v2/contract_deployments/contract_deployments_30000000_31000000.parquet,0d12ca90369256d040cf542c85f6ffcf446e4e3e8d19fd878d446ff8ed9337b7,0aed7a57156fad25812d95385f96494c42b698fa1a3571b83b042d97e31a53c2,0040b478bbb4465d5f82cd098d4985317784faf77129a4b57e9a07d6b52a5aae,53e841708257a84d964de7a8a888cdbfd6db396aea2ffb0826289c0be449eed2,RESERVE_CANDIDATE_REQUIRES_RPC_AND_PAIR_EVIDENCE,False,False,False,False
ddcoin,bsc,56,2023-05-31T14:50:29Z,10,100,0x9cb86278b7be902a1a26fb7a7887993802198f8d,56:0x9cb86278b7be902a1a26fb7a7887993802198f8d,UNKNOWN_REQUIRES_RPC,-1,0xd8985e64780389eb021c0a02b3df848c1d254b76db039391424b7fcf3bbffe33,27970733,UNKNOWN_REQUIRES_RPC,False,v2/contract_deployments/contract_deployments_29000000_30000000.parquet,3255e78e345aff80bfd6dfc7d760f4bda3a96fce4225cc3e128ce3d21ff32822,5494ee9ad30df9b5e9941529ceb0c46c3f3168aef0d1815c8abf427e9e9b90e6,0008ceb7ef5805e265878d42a8ea92396c256f5025d0a6c5d4164508524002e9,a5eb11a14fed4ad068926dfb30c1a8b06a81f3c240ba264dc9c1391433543fb4,RESERVE_CANDIDATE_REQUIRES_RPC_AND_PAIR_EVIDENCE,False,False,False,False
dfs,bsc,56,2022-12-10T12:31:23Z,9,90,0xd7871eb0647fa93875d8b3fa2d0194dd8ecd31cf,56:0xd7871eb0647fa93875d8b3fa2d0194dd8ecd31cf,UNKNOWN_REQUIRES_RPC,-1,0xcf324544a5a50c6cd62a4be5a3d5cf9710276e2971f4dbec40e12f8f76fbfbc3,23332444,UNKNOWN_REQUIRES_RPC,False,v2/contract_deployments/contract_deployments_29000000_30000000.parquet,3255e78e345aff80bfd6dfc7d760f4bda3a96fce4225cc3e128ce3d21ff32822,4b235553b8b87dfc44e56106a1005b49d85950c3143551fb99c0030f3b463a76,001a8fa61fd12cedb5e494207f0909e95a716d278ffac534845681b10476db95,c7341b7f3db8499334bda16daf2f7f4cf7b2bc27472aa23192bbb6ba1283226b,RESERVE_CANDIDATE_REQUIRES_RPC_AND_PAIR_EVIDENCE,False,False,False,False
discover,bsc,56,2022-05-31T05:35:58Z,6,60,0x80b67c14404cfd43c95bd7cf19938c0504d99c43,56:0x80b67c14404cfd43c95bd7cf19938c0504d99c43,UNKNOWN_REQUIRES_RPC,-1,0x436506b2bb55a86b16b78644c5e211723e924c2ebeb42c2593dfeded0b27842c,18047505,UNKNOWN_REQUIRES_RPC,False,v2/contract_deployments/contract_deployments_30000000_31000000.parquet,0d12ca90369256d040cf542c85f6ffcf446e4e3e8d19fd878d446ff8ed9337b7,94a4b361918195e1bd6119e8d35238faa94c19d227c648d910ff26fb24ede901,000f639267b831637ad0216d15f26a1ee6f8982e9781546e27e3cfa8b7ab3a6d,03e65d08479a3e2cc0a68a8ef085bf875be64bd7216e7f2594668ea7c0a0b985,RESERVE_CANDIDATE_REQUIRES_RPC_AND_PAIR_EVIDENCE,False,False,False,False
dpc,bsc,56,2022-09-08T09:14:56Z,10,100,0xe600d0836641e95a964728239f18c69c45bfd886,56:0xe600d0836641e95a964728239f18c69c45bfd886,UNKNOWN_REQUIRES_RPC,-1,0x066b471a1503fc5af6680cf0fa80ae201ba59eaff073243bd0d26876ed9b18c6,20977242,UNKNOWN_REQUIRES_RPC,False,v2/contract_deployments/contract_deployments_7000000_8000000.parquet,54cb1c23725d5765da58c76ee4eb73bb326370e440cb6baab9e8463544906967,84c9aacc39b692e5eba05a55921bfe83b8fa868c953f2a3a591f390f1db9463f,001069ccc038438d2f1ce999b875a3559c8590b2e8eb3713c79d694e8f1f8b3c,fdd288aa98eec9665cc274a4c71b43f175c130c60b2b15d99f0c72872edf14da,RESERVE_CANDIDATE_REQUIRES_RPC_AND_PAIR_EVIDENCE,False,False,False,False
dualpools,bsc,56,2023-02-06T01:21:18Z,9,90,0xc80c3aa684717b34acc4afad26ce637bbaa3d5a0,56:0xc80c3aa684717b34acc4afad26ce637bbaa3d5a0,UNKNOWN_REQUIRES_RPC,-1,0x2a054514c524ba89de7e52b260b861dbb4d1fe91d70de35e042fd08bcb98129d,25100103,UNKNOWN_REQUIRES_RPC,False,v2/contract_deployments/contract_deployments_30000000_31000000.parquet,0d12ca90369256d040cf542c85f6ffcf446e4e3e8d19fd878d446ff8ed9337b7,5e2106550f06900d09375395f2a2ea4ab09649fe4a3187c7dc42a7e999692c8c,002666d51e876dac75817d8fb3b04eefbe705ae16016a36808547c9a1e8c379c,26b548b687dbe4ca0e8f5a2478cc2a8c21f80b6efe67410c91234f1defce4d26,RESERVE_CANDIDATE_REQUIRES_RPC_AND_PAIR_EVIDENCE,False,False,False,False
dyna,bsc,56,2023-02-02T12:23:49Z,10,100,0x28749cfd716c5594d68c6d3feb43af097855cf9a,56:0x28749cfd716c5594d68c6d3feb43af097855cf9a,UNKNOWN_REQUIRES_RPC,-1,0x6f74e5d3210ae6f16a9513541c6de6ffc1d9b3c9c4d472a48b8baf36e855d1cd,24921501,UNKNOWN_REQUIRES_RPC,False,v2/contract_deployments/contract_deployments_7000000_8000000.parquet,54cb1c23725d5765da58c76ee4eb73bb326370e440cb6baab9e8463544906967,9a6cc2f5a0b576e1a73be21a94cb5fa0d718a3c99a8bf12685153ef3f2b69f4d,0032bc0177db497c104c72accaa68cd10db938eaaeaa20cddd96a9c591327bf8,2fb201db156ac3382a05fe9e2d271d9d7f0bc8faecb55ff42654737e0fe141bd,RESERVE_CANDIDATE_REQUIRES_RPC_AND_PAIR_EVIDENCE,False,False,False,False
dyson_money,bsc,56,2023-06-28T19:54:38Z,10,100,0xfda598a243244711322fc09f06dac52ea58aedce,56:0xfda598a243244711322fc09f06dac52ea58aedce,UNKNOWN_REQUIRES_RPC,-1,0xd29fb3e2f60f4a0d38c9641a9ba5454ad8a14b806e92a935fd592e9e1f58d420,28624536,UNKNOWN_REQUIRES_RPC,False,v2/contract_deployments/contract_deployments_30000000_31000000.parquet,0d12ca90369256d040cf542c85f6ffcf446e4e3e8d19fd878d446ff8ed9337b7,793c46c6ffb9096aabdad50f1dfc61642f5f3ee227db7a143dde1c9621e0cec9,0012a4b5267bd27e5ca0f85813dbf1f62e88307b0cd515be6555ef6405528b52,aacc0413e2f0d9a8acab81825d68ec9ea7bc031848af45b76c3e964464834ac6,RESERVE_CANDIDATE_REQUIRES_RPC_AND_PAIR_EVIDENCE,False,False,False,False
eac,bsc,56,2023-01-17T16:24:05Z,9,90,0x85f70d1a5c35b13a1e680704d9705253c27f4e78,56:0x85f70d1a5c35b13a1e680704d9705253c27f4e78,UNKNOWN_REQUIRES_RPC,-1,0xecb68b3c50989c927965aae01c33a1c7222cb798567d493ba459b46e75282ddb,24583070,UNKNOWN_REQUIRES_RPC,False,v2/contract_deployments/contract_deployments_30000000_31000000.parquet,0d12ca90369256d040cf542c85f6ffcf446e4e3e8d19fd878d446ff8ed9337b7,1943498071429da31b6760d41f3a31bbba00eaeb3d347e829dda73f40024386c,000fb95e0b2186b773f5c9e2b74a86659369039d4587f8b5369d56db827356de,c74be60b32d7873036b3a79740dcf8890923496da869166e473faf919686712c,RESERVE_CANDIDATE_REQUIRES_RPC_AND_PAIR_EVIDENCE,False,False,False,False
egd_finance,bsc,56,2022-07-29T06:50:26Z,9,90,0xc8bf2b35fed132a5c2156b3b40993cc6b33d5883,56:0xc8bf2b35fed132a5c2156b3b40993cc6b33d5883,UNKNOWN_REQUIRES_RPC,-1,0xe229f7d7e58ed2cb07445ab8b43cf0b3e6da694f74836382a041feca11e82e0c,19866030,UNKNOWN_REQUIRES_RPC,False,v2/contract_deployments/contract_deployments_7000000_8000000.parquet,54cb1c23725d5765da58c76ee4eb73bb326370e440cb6baab9e8463544906967,2d90c00378a57f176926b3a8ac34d3a49fa1c951e4fa67e417c854cbee4557c2,0017862b18f0661d6c443cea938df16d3814429976ab728aa0141420441abccc,dbce2822620237c42d21784a4d5a222d162c76f090655f707fce3c75d8ff0ef7,RESERVE_CANDIDATE_REQUIRES_RPC_AND_PAIR_EVIDENCE,False,False,False,False
eleven,bsc,56,2021-04-26T02:52:04Z,10,100,0xf6fe97719041b64c274ac4e1966a954798840250,56:0xf6fe97719041b64c274ac4e1966a954798840250,UNKNOWN_REQUIRES_RPC,-1,0x8c821f2f757800b75a3245f69f515940bc6a9a55d99a9aed67420e1a5e1be764,6079520,UNKNOWN_REQUIRES_RPC,False,v2/contract_deployments/contract_deployments_31000000_32000000.parquet,1096c453513646713a3b6185edd15651bf3a9599e2e334ecd82bcf3c939ca722,bb0950d6e2c70910d0fb9d3a55bb93a2ada0b0929173dea97787a3bf38ed029f,0016881e7a75426a1b57d9dda112ad6b476cec4acb51b880d1847fb33df8bd50,dae2b463ac4eb7ff14177c1e1a543538de60566a8a559c633d85d64e841372fc,RESERVE_CANDIDATE_REQUIRES_RPC_AND_PAIR_EVIDENCE,False,False,False,False
est,bsc,56,2026-03-21T12:57:01Z,10,100,0xf2042f3bc774df890a6e7f6b1a5f1ba3ecaee7ee,56:0xf2042f3bc774df890a6e7f6b1a5f1ba3ecaee7ee,UNKNOWN_REQUIRES_RPC,-1,0x49d340176e6ec2d671faa4bf73d09519764b9380120d9109c53d7c6b42d9ec80,85617851,UNKNOWN_REQUIRES_RPC,False,v2/contract_deployments/contract_deployments_30000000_31000000.parquet,0d12ca90369256d040cf542c85f6ffcf446e4e3e8d19fd878d446ff8ed9337b7,2ce1d2436c551365a96a46cd25e793537b58c5b08a0de43b7f5ad6b1fbd326ff,001af198756a04c7d1c673e9ce46b05852a2bead21ae3ac1037bd45d0c0d3b6e,5d0c1fd69cf7a4705c05463fd9a6cb05d3de121ff9756549c99819c7348add52,RESERVE_CANDIDATE_REQUIRES_RPC_AND_PAIR_EVIDENCE,False,False,False,False
ethfin,bsc,56,2021-10-28T06:21:03Z,3,30,0x22501e8d4f766351cb63545bbfcba1dfe3bac6e5,56:0x22501e8d4f766351cb63545bbfcba1dfe3bac6e5,UNKNOWN_REQUIRES_RPC,-1,0xfaeb344116541a4acc4bb58065a61094c64c7202da1d8488eefde5e92d98378a,12056758,UNKNOWN_REQUIRES_RPC,False,v2/contract_deployments/contract_deployments_6000000_7000000.parquet,408541b1fff35d9d72eb413a63bd7e1ecdfd299daa7ca67b3c7185856aa6aef7,7953bb25d53719077e89d2a9143fee4a275ea443cf5ed1ddfa80351ebb265d5b,001b14275f7b2e0646c745925d4a9e8cd7b76975d8ee13cc406a1415b46c58b5,32dd6a26f1fdc4c0243b3aa942244fe561e910a468d0702d1cfbdbed601d2212,RESERVE_CANDIDATE_REQUIRES_RPC_AND_PAIR_EVIDENCE,False,False,False,False
etnproduct,bsc,56,2022-08-03T17:03:19Z,10,100,0xcf5704c91d4ea9a0c3190387d27a86231b342f64,56:0xcf5704c91d4ea9a0c3190387d27a86231b342f64,UNKNOWN_REQUIRES_RPC,-1,0xd7c4123709ad1db7becebeeeba4df8b3e776a2b052166b5d5542e39ee34439fa,19661466,UNKNOWN_REQUIRES_RPC,False,v2/contract_deployments/contract_deployments_30000000_31000000.parquet,0d12ca90369256d040cf542c85f6ffcf446e4e3e8d19fd878d446ff8ed9337b7,2cd73e3a8806468fd28680d50f4d01715d373c30773464934d6673e7eafd8cb2,0019eaa46696c4b64099ed0047d988a2bd6606362bf53a69551e3618cb3fcea0,ac5247df68366622ee5341ccf2a08f139886cef160899eef8bf7a883e5638dec,RESERVE_CANDIDATE_REQUIRES_RPC_AND_PAIR_EVIDENCE,False,False,False,False
excommunity,bsc,56,2024-05-16T08:19:02Z,5,50,0x4774f2afee877c1c52a1271b0626d7aa30993502,56:0x4774f2afee877c1c52a1271b0626d7aa30993502,UNKNOWN_REQUIRES_RPC,-1,0xc30288db1b2114407cfa78e8770293cdde847185df63237c95485660d48494e2,38275446,UNKNOWN_REQUIRES_RPC,False,v2/contract_deployments/contract_deployments_29000000_30000000.parquet,3255e78e345aff80bfd6dfc7d760f4bda3a96fce4225cc3e128ce3d21ff32822,fbe7bde18439c039bd01ecc7049f6a03e99fa99b1bef988a66bfc017f840d728,001cf5a1ee5d79fc00a059b1d39ef242471e17ce7d45df82d2f1800ba1be333c,1ebd7bb6998cef2448284c6a5b204f1c2b1bdced1fadbf76ddbc5d0e730c3fdb,RESERVE_CANDIDATE_REQUIRES_RPC_AND_PAIR_EVIDENCE,False,False,False,False
fdp,bsc,56,2021-06-06T15:32:33Z,10,100,0xb6c663e3b405aafce43ba6260acb21fcf9b869d0,56:0xb6c663e3b405aafce43ba6260acb21fcf9b869d0,UNKNOWN_REQUIRES_RPC,-1,0x3a1de7d1ac0bd42e04eb10fa5ca140209a704f4ca6d95e9db5f82d3c03a615df,7464213,UNKNOWN_REQUIRES_RPC,False,v2/contract_deployments/contract_deployments_10000000_11000000.parquet,dc224a34690e621a034e308c5ab0ca0606654984ac1d2d10d1a2daa31cda8ec9,cd2e614aa04bde7dae29c49e0f73413c3c6f4a9188f2bcc35ecf23b971f9cf71,0006c0cae890cadd8c86ca238b2ffc252255f871a8c220d0b8e3ff434d485859,0750d84a262ad75ffacdef5204a114a2915e0ba5d10b954fa36ad47f4dbdf3ad,RESERVE_CANDIDATE_REQUIRES_RPC_AND_PAIR_EVIDENCE,False,False,False,False
ffist,bsc,56,2023-05-28T04:36:01Z,10,100,0x93e55303c084731fa1abadb8ef14ee819eecec9d,56:0x93e55303c084731fa1abadb8ef14ee819eecec9d,UNKNOWN_REQUIRES_RPC,-1,0x0438e5f08dc58908343bd0329747c75dcf4864bed74aab98bf6943205b51e08b,27829668,UNKNOWN_REQUIRES_RPC,False,v2/contract_deployments/contract_deployments_7000000_8000000.parquet,54cb1c23725d5765da58c76ee4eb73bb326370e440cb6baab9e8463544906967,a65a66711cd744c257f6bf6507f5fff263dd95ff6edf7d5b8cfc2349543327a5,00123f02ea324b9a5717beefb1eb16e246627b18e1e53ca39cfa0fc2c29ef1cf,6be759bf1918ec9357c0d1e9d82447b7c2cafd3697429ace84b3ffbb633c57f9,RESERVE_CANDIDATE_REQUIRES_RPC_AND_PAIR_EVIDENCE,False,False,False,False
fpc,bsc,56,2025-07-01T14:56:21Z,10,100,0x060ab5ac95844355b19608ebeb69070a1d610031,56:0x060ab5ac95844355b19608ebeb69070a1d610031,UNKNOWN_REQUIRES_RPC,-1,0x0c23702d305bbdfce7ec73ddd13c6ebbf90452fa08360ae84b4ef1472529de0b,51435623,UNKNOWN_REQUIRES_RPC,False,v2/contract_deployments/contract_deployments_31000000_32000000.parquet,1096c453513646713a3b6185edd15651bf3a9599e2e334ecd82bcf3c939ca722,1a85c282fddfa8def3e1ff8be8c3b191db1406fe408349da4d80ff2d11908148,001f9346706c237697b1c64760dc2e0e97343997e47a07351822bf7631daa214,bf8674de3e1561cbfc0eb3acfeace2f83da3167a7163dfb2a246b69c492c0991,RESERVE_CANDIDATE_REQUIRES_RPC_AND_PAIR_EVIDENCE,False,False,False,False
gangsterfinance,bsc,56,2021-07-01T00:03:43Z,10,100,0xc134febdda5bd9cc0f968c0ec7ada4cd38d8abb0,56:0xc134febdda5bd9cc0f968c0ec7ada4cd38d8abb0,UNKNOWN_REQUIRES_RPC,-1,0x6401f5bdb5b16187b08ee840dd9f1450a7fc1cb1eba7f6a295b838a416113d9b,8157442,UNKNOWN_REQUIRES_RPC,False,v2/contract_deployments/contract_deployments_10000000_11000000.parquet,dc224a34690e621a034e308c5ab0ca0606654984ac1d2d10d1a2daa31cda8ec9,887b4defb87626491b79e5dda1d7ae42bfbdd4db4d4f0591747f595e15dad0cb,0009ad5062fb0c107e114e5227972dc7e70a85d15c3f350fb62fe27416bbd483,5041a40259bdf4360b05dadb9da14b8a68a5e933512d459a2f960654dc8b7414,RESERVE_CANDIDATE_REQUIRES_RPC_AND_PAIR_EVIDENCE,False,False,False,False
gds,bsc,56,2022-12-05T06:21:07Z,10,100,0x69dde3a83e05cb41bcd4ce7e1b9711713c6c85b2,56:0x69dde3a83e05cb41bcd4ce7e1b9711713c6c85b2,UNKNOWN_REQUIRES_RPC,-1,0xdafcfd3850aa694b83ded37e7f9fff4ed7da3bc84b29e1d8b3a4de7c8ce73050,23099284,UNKNOWN_REQUIRES_RPC,False,v2/contract_deployments/contract_deployments_30000000_31000000.parquet,0d12ca90369256d040cf542c85f6ffcf446e4e3e8d19fd878d446ff8ed9337b7,e21d053cdea793b57cb0b3a3a5df8d4eb424b01f83b83896ee453acc943b9b95,000f0bf68e33713bb2df18a4251705e5ff9baff01d01930552476095c4da79b3,916169ed1e0d01c24e0cef981e760e416f11c7de618e4f59e2a77a7281abe307,RESERVE_CANDIDATE_REQUIRES_RPC_AND_PAIR_EVIDENCE,False,False,False,False
grizzifi,bsc,56,2025-08-13T06:24:07Z,10,100,0xf8039b78ce51bb0611d568fbdd7195e66f851a49,56:0xf8039b78ce51bb0611d568fbdd7195e66f851a49,UNKNOWN_REQUIRES_RPC,-1,0x63557092a6ef554e5b14b63f349e0d3be7d0e86cde997a35411f2177f30e347b,54353830,UNKNOWN_REQUIRES_RPC,False,v2/contract_deployments/contract_deployments_7000000_8000000.parquet,54cb1c23725d5765da58c76ee4eb73bb326370e440cb6baab9e8463544906967,0913ce02033ba919d410c9af042017606bb037c9ab4b31c42564f312bdd561e4,00291fcc05230feedf1b7a232125b9bd23a28acf8c920dcce94ff4e0e086c20e,d79c6e55973967c60f49f5c673544dfe208915b19871f96543891b28ce7b8d3a,RESERVE_CANDIDATE_REQUIRES_RPC_AND_PAIR_EVIDENCE,False,False,False,False
gym_1,bsc,56,2022-03-25T11:11:01Z,8,80,0xd922d9bf0f4131c7adf02fd652b76c6edc19ca46,56:0xd922d9bf0f4131c7adf02fd652b76c6edc19ca46,UNKNOWN_REQUIRES_RPC,-1,0x06a9d1ebde18ae596de4699b84958ba19cc5b115bf112f89eb4fe726e59f789d,16060247,UNKNOWN_REQUIRES_RPC,False,v2/contract_deployments/contract_deployments_30000000_31000000.parquet,0d12ca90369256d040cf542c85f6ffcf446e4e3e8d19fd878d446ff8ed9337b7,2d6fa508b964d7b856b93d0661bbefc9cc2f71ae3870c26b561fb997ebf22e1b,0014460dc9ab24a341689fe724241164bc11c0fcdcbed79bb287761d2269070e,af42995e52f4b31a1379215281384480864ec53d561c22a0b3e4af50cc05289e,RESERVE_CANDIDATE_REQUIRES_RPC_AND_PAIR_EVIDENCE,False,False,False,False
hct,bsc,56,2023-09-04T23:16:17Z,10,100,0xae7c9c9de035876b282bb91aa12d792e9f7c899e,56:0xae7c9c9de035876b282bb91aa12d792e9f7c899e,UNKNOWN_REQUIRES_RPC,-1,0xcba311666d9aa5a7e5f1b35b056e58269acf4ab4631dd448a841215726aa680e,30863673,UNKNOWN_REQUIRES_RPC,False,v2/contract_deployments/contract_deployments_29000000_30000000.parquet,3255e78e345aff80bfd6dfc7d760f4bda3a96fce4225cc3e128ce3d21ff32822,b6f20747566a613ff0c7bbb8ab8cfcab1348858e01cd3f0abcc9eb40df6ae02a,00245d929bb686a1e644cd453cb59d060e3dc40147de69972cdc2d07cc1fe5cf,3e39faabbfafeeca0b9c483bca4cba9d51cc6b59fbfaa9e34cabbb04481d70d1,RESERVE_CANDIDATE_REQUIRES_RPC_AND_PAIR_EVIDENCE,False,False,False,False
health,bsc,56,2022-09-04T14:53:04Z,10,100,0x46ed9825218061b07bbe06b990049a470d2d286b,56:0x46ed9825218061b07bbe06b990049a470d2d286b,UNKNOWN_REQUIRES_RPC,-1,0xe53c0f34d2bb5a190a0bf9600161ed7f8577d0a2f42f10d5facf4f6864bd5abc,20982941,UNKNOWN_REQUIRES_RPC,False,v2/contract_deployments/contract_deployments_6000000_7000000.parquet,408541b1fff35d9d72eb413a63bd7e1ecdfd299daa7ca67b3c7185856aa6aef7,fe7eb1d0d76fb99a03c6a08c358f4fadb73119eb3ca9602525ee68ecf81bfe43,001930ed52ba85aa9172ee5e487378487ca827a0c8ff405507f1c6247fbc4c62,d2dafae4d3a08db88150038a59880fd29bb30bc5bffe52d8f0f6694d714be640,RESERVE_CANDIDATE_REQUIRES_RPC_AND_PAIR_EVIDENCE,False,False,False,False
hydt,bsc,56,2024-01-06T10:22:37Z,7,70,0x5ff884ac74dbbf39c589c14006d3661cac8809b1,56:0x5ff884ac74dbbf39c589c14006d3661cac8809b1,UNKNOWN_REQUIRES_RPC,-1,0xc5a104d550ca4d608ef059afe2e1df2a8ec773087efe303d72018bf3a459345b,34840153,UNKNOWN_REQUIRES_RPC,False,v2/contract_deployments/contract_deployments_30000000_31000000.parquet,0d12ca90369256d040cf542c85f6ffcf446e4e3e8d19fd878d446ff8ed9337b7,2a5c35b3c257ffa3322d7f0bdc8b154c1331f21bb980ff8e8b92ba13b6950fa1,000f11d382c6e13f02d158def696bde0aa3605765cbcf397cdfe08245c3a0f60,9c15347ed945e3df425d0bd699bea886fcc4af3841557d524f4ab2550f00b450,RESERVE_CANDIDATE_REQUIRES_RPC_AND_PAIR_EVIDENCE,False,False,False,False
incufi,bsc,56,2024-05-17T16:10:07Z,10,100,0xd8a5e30feac1d95733512851ade95e5d7093e308,56:0xd8a5e30feac1d95733512851ade95e5d7093e308,UNKNOWN_REQUIRES_RPC,-1,0xbb41410861a27913fab53c77d4d3798e95afde71cf4ffff07b6fec9ac67c2527,38400795,UNKNOWN_REQUIRES_RPC,False,v2/contract_deployments/contract_deployments_31000000_32000000.parquet,1096c453513646713a3b6185edd15651bf3a9599e2e334ecd82bcf3c939ca722,3e0b53c014f6777229f440f40f9445c78ce0489b75e0a8aad6f0397f5fc69e9a,00206358270b7108201844dfe041985bdff834df9826919cc847da879fa89c51,6a1e8faa4efc9aecfc2873427b36b142c3f37b66757e192affc393f7af8e64db,RESERVE_CANDIDATE_REQUIRES_RPC_AND_PAIR_EVIDENCE,False,False,False,False
inuko,bsc,56,2022-10-04T07:15:49Z,10,100,0xaadfa8098f468a52010152cfa449200c5422403c,56:0xaadfa8098f468a52010152cfa449200c5422403c,UNKNOWN_REQUIRES_RPC,-1,0x98aa88d507d2786ea356fde97c69c51567af489f99ac55bafaa7f8b481b095d6,21759531,UNKNOWN_REQUIRES_RPC,False,v2/contract_deployments/contract_deployments_29000000_30000000.parquet,3255e78e345aff80bfd6dfc7d760f4bda3a96fce4225cc3e128ce3d21ff32822,2c31572ff38919b858a286f63bf4962c8cbf82b3d325a2c59c40f4d38489bb66,001dc35088f0b85df9775f7c0d0f5c044cc7ad5e1db37f7bda1b1e04aa915fd3,fa5a0c0f2fc3ec076c1ed11ac8d4132814618c3824d1521844f32580fc02232e,RESERVE_CANDIDATE_REQUIRES_RPC_AND_PAIR_EVIDENCE,False,False,False,False
ipc,bsc,56,2025-01-01T05:17:05Z,10,100,0xd5f771d89637e1fba53ca70fffa197c1e967c3d4,56:0xd5f771d89637e1fba53ca70fffa197c1e967c3d4,UNKNOWN_REQUIRES_RPC,-1,0xed8673b38e3dc66ae6a412f3eebf3c98cbd539d61fd04159f39b3b8c43958ce1,45352187,UNKNOWN_REQUIRES_RPC,False,v2/contract_deployments/contract_deployments_31000000_32000000.parquet,1096c453513646713a3b6185edd15651bf3a9599e2e334ecd82bcf3c939ca722,473084ded5d5ec2b0de19c99186e87c7d73b9818ca4d5333fd1767720093b914,001c39ad9fc33d461162449e2968f5218194f1544e3ba5b4adaaa197557e479c,3bde1a9ad3125ae9a6e0f174ee7684e1212b0e32e519cd0b219d77d9614be110,RESERVE_CANDIDATE_REQUIRES_RPC_AND_PAIR_EVIDENCE,False,False,False,False
it,bsc,56,2024-03-10T20:56:42Z,10,100,0x51143a7b2e06bf07952e8cc60ed2940162668e58,56:0x51143a7b2e06bf07952e8cc60ed2940162668e58,UNKNOWN_REQUIRES_RPC,-1,0x8433c70cf5faa25382b838f7ab72b424b090b317aeb13c31e97bf9e7c156f76c,36826093,UNKNOWN_REQUIRES_RPC,False,v2/contract_deployments/contract_deployments_29000000_30000000.parquet,3255e78e345aff80bfd6dfc7d760f4bda3a96fce4225cc3e128ce3d21ff32822,9147e7755ff15757b9cd569742c9a7b64c4d484d629b6da880d9478868d440c9,0016c4b5bb292049a7aac24210b9b4f27d8068644579a18ea275d01f4fc38be8,8a0fbab8eaeb14ea2e786b09ceac15cfce03fa7697b10de3c8b11b36ab9c497c,RESERVE_CANDIDATE_REQUIRES_RPC_AND_PAIR_EVIDENCE,False,False,False,False
ivestdao,bsc,56,2024-06-16T22:16:43Z,10,100,0x560fadc735b004e897c8acd28b5bdd6d6ec5e540,56:0x560fadc735b004e897c8acd28b5bdd6d6ec5e540,UNKNOWN_REQUIRES_RPC,-1,0x7ae6e047b3f3797e4745d026a2099b17c8eb4071f981171ea554a976bb740f89,39485000,UNKNOWN_REQUIRES_RPC,False,v2/contract_deployments/contract_deployments_31000000_32000000.parquet,1096c453513646713a3b6185edd15651bf3a9599e2e334ecd82bcf3c939ca722,f8c9769850f43c507968fa5a5c269cffea9290bd4d489604d14e8265de45aa7e,00372944c29c71dc5c70cbdfa67f889d2e79272098d5c8e67db298d3d76a901f,6570971f495dcf6aa553ca60093fe0a3068741b20ae8d7fb6381601880e379f4,RESERVE_CANDIDATE_REQUIRES_RPC_AND_PAIR_EVIDENCE,False,False,False,False
j_pulsepot,bsc,56,2023-06-18T02:08:38Z,10,100,0x4563d5e1d8d0ac0a45d48dc5a467efb308d442ae,56:0x4563d5e1d8d0ac0a45d48dc5a467efb308d442ae,UNKNOWN_REQUIRES_RPC,-1,0x2a2939b136cde6b32fa6f37d8bba58616e942b02c90b0ab150a0664951d6f38d,28756178,UNKNOWN_REQUIRES_RPC,False,v2/contract_deployments/contract_deployments_29000000_30000000.parquet,3255e78e345aff80bfd6dfc7d760f4bda3a96fce4225cc3e128ce3d21ff32822,7e087ad5c074e69d0d04d8841cd5a1cbe7d0936b7e26363f874afce5afc74815,000fde1acb524689e9376b36046107323a5dd9e93e1d80eec9fa0c5bd973f349,e23fb5509f17afe0e42620628c3854b582d3e62f7b1554a5fbfa4c87688c47fd,RESERVE_CANDIDATE_REQUIRES_RPC_AND_PAIR_EVIDENCE,False,False,False,False
julswap,bsc,56,2020-09-21T19:01:43Z,10,100,0x27b1c3ba4808330d93a5248ecfb7ec0dcec6c4c2,56:0x27b1c3ba4808330d93a5248ecfb7ec0dcec6c4c2,UNKNOWN_REQUIRES_RPC,-1,0x7b89735ac55a3031b06dd6e433611b3e57874740306d17405286421e6f046000,360801,UNKNOWN_REQUIRES_RPC,False,v2/contract_deployments/contract_deployments_30000000_31000000.parquet,0d12ca90369256d040cf542c85f6ffcf446e4e3e8d19fd878d446ff8ed9337b7,ab8708b9bedff802d680c4bbff46e53056a6278c75edd5142735c4cf90e5fc76,1aaf9a3dc3ddcfc90c7b4fbfaf034d9b99875a9c602380466822a5369bf4d76e,d93e13f199f2c60a469c3de43e8fa2786b8648d1f1bf0010e8d13907af054c1b,RESERVE_CANDIDATE_REQUIRES_RPC_AND_PAIR_EVIDENCE,False,False,False,False
kest,bsc,56,2023-12-11T11:42:32Z,10,100,0x0dee376e1dcb4dae68837de8ee5abe27e629acd0,56:0x0dee376e1dcb4dae68837de8ee5abe27e629acd0,UNKNOWN_REQUIRES_RPC,-1,0xc80b5ab7d64508778eb8d756090f903ec7bb7ee012542cd1a3abd17ce56c126b,33856776,UNKNOWN_REQUIRES_RPC,False,v2/contract_deployments/contract_deployments_29000000_30000000.parquet,3255e78e345aff80bfd6dfc7d760f4bda3a96fce4225cc3e128ce3d21ff32822,9f295b76843ab16f634cfc1d6a51e9ce2635e10fdf0167b57bb2ae60dec2f282,000ad4fcf2fa977fc243a7f42f2fefebfa417df679406bd94584ddfd553f0381,7dea9f6552e76f9ffdb0b07ddb90662fd1de458c8f46ad9f9f2f5662c4b2afac,RESERVE_CANDIDATE_REQUIRES_RPC_AND_PAIR_EVIDENCE,False,False,False,False
kub_split,bsc,56,2023-09-20T07:19:55Z,10,100,0xc710e6f50866f38c2c95c3922ecd7c927bd3c468,56:0xc710e6f50866f38c2c95c3922ecd7c927bd3c468,UNKNOWN_REQUIRES_RPC,-1,0xe5cbe742ac0d47815ef8c32c07ff29e18d8bdb35d89d24ab993469f39bb51b09,31059667,UNKNOWN_REQUIRES_RPC,False,v2/contract_deployments/contract_deployments_31000000_32000000.parquet,1096c453513646713a3b6185edd15651bf3a9599e2e334ecd82bcf3c939ca722,bf52a7a8602658136d497979a21f119fd277860dd660cffa3dc055706684925d,002281e588bc2f9524a0c9f6bdc07a64b07b048b76619a421a85da52d7c064fb,4a6bc371bc579a269fcf91cc1a3b5a8cf22de21ba92158a783ea3a00008e73a9,RESERVE_CANDIDATE_REQUIRES_RPC_AND_PAIR_EVIDENCE,False,False,False,False
laeeb,bsc,56,2022-05-27T03:37:33Z,8,80,0xd5c9b7db172bdfb55e33c9bdffe7ca1f8df5de21,56:0xd5c9b7db172bdfb55e33c9bdffe7ca1f8df5de21,UNKNOWN_REQUIRES_RPC,-1,0xfe573bebb4ca403178dddeb1330ee7150e8f255b7578e478cc7d2264beda6ea3,17563582,UNKNOWN_REQUIRES_RPC,False,v2/contract_deployments/contract_deployments_30000000_31000000.parquet,0d12ca90369256d040cf542c85f6ffcf446e4e3e8d19fd878d446ff8ed9337b7,745e1a3aa1175a5068848fe6c31871b96505688cba1bdbfad02b49a1849e405f,00149eb8956390463f4641e96a5125ca2dd787b010111938ce98addc9d202648,e26d8fca4306eded95326d93f81350ef1a0f4c0258daf41c99cb6ad4946dee87,RESERVE_CANDIDATE_REQUIRES_RPC_AND_PAIR_EVIDENCE,False,False,False,False
laxo_token,bsc,56,2026-02-13T17:23:21Z,6,60,0x012be09c59b804275dc11294f59cf856234f352f,56:0x012be09c59b804275dc11294f59cf856234f352f,UNKNOWN_REQUIRES_RPC,-1,0x1ba26678fef10caed7f027eadad08c02bebae4a8c7db7c761773fd8dd91c6498,78718075,UNKNOWN_REQUIRES_RPC,False,v2/contract_deployments/contract_deployments_29000000_30000000.parquet,3255e78e345aff80bfd6dfc7d760f4bda3a96fce4225cc3e128ce3d21ff32822,a03fcdf4dc31d5421c5e8061d00cc8e4a64dd19925c34a500d1e894cfd91a5ca,0018d04bd138f5d1e5e42c7ec08b22ab7b4d8a783426b1d550e05f33c835b8a0,795627178f856bdb2d46a004e7d40a5da5c1c33eb61147173e84f41432d05c29,RESERVE_CANDIDATE_REQUIRES_RPC_AND_PAIR_EVIDENCE,False,False,False,False
level,bsc,56,2023-02-20T14:52:54Z,10,100,0x4da36ca88f9fc234cf14ec26fd0b6ee68118b55e,56:0x4da36ca88f9fc234cf14ec26fd0b6ee68118b55e,UNKNOWN_REQUIRES_RPC,-1,0x3e3dacc22673ab44fd40c2dd93d0c775f3fe54a5a712f32c7b1b6f1062a7f97c,25002863,UNKNOWN_REQUIRES_RPC,False,v2/contract_deployments/contract_deployments_6000000_7000000.parquet,408541b1fff35d9d72eb413a63bd7e1ecdfd299daa7ca67b3c7185856aa6aef7,c66b647766edcb70e92c7f5f2ccd14c82407cb7947ffebc83685c974fe43bef7,001ed499c2d7a21cdf4e5976cb096ae78177bb51ceaa0325d75e48aef7cbcd8b,c84aceb97cec0f0f73d33df72cdcafd9c614a2e1487c3dc130826328b4dff27e,RESERVE_CANDIDATE_REQUIRES_RPC_AND_PAIR_EVIDENCE,False,False,False,False
lifeprotocol,bsc,56,2025-01-17T16:06:16Z,10,100,0xce1fb9af02a873073cf52f4b70b404963066cdbc,56:0xce1fb9af02a873073cf52f4b70b404963066cdbc,UNKNOWN_REQUIRES_RPC,-1,0x6eaf63a7c167d3f6fcc6f926c684703c6c68e4c0c33dc49ecf241310cdd5d6a1,44980497,UNKNOWN_REQUIRES_RPC,False,v2/contract_deployments/contract_deployments_29000000_30000000.parquet,3255e78e345aff80bfd6dfc7d760f4bda3a96fce4225cc3e128ce3d21ff32822,1120a090c49b21f62bfdaa46a65d582a63d11f321c5a75772c7e7cdc15881966,0038ac52b1e393c431ccf708f702f6f01abcd084b9fdda664c17887ab8fcb232,422418a03cfdc3e7939b22788037276c662ba902bc29e69e35a3f948e2aa20e4,RESERVE_CANDIDATE_REQUIRES_RPC_AND_PAIR_EVIDENCE,False,False,False,False
liquiditytokens,bsc,56,2023-03-25T17:38:38Z,9,90,0x556e70087f26cf3cacb838189991bffbcd5d8f1b,56:0x556e70087f26cf3cacb838189991bffbcd5d8f1b,UNKNOWN_REQUIRES_RPC,-1,0x16c5688813767379f79c1af689d93cadba7ef295c544aa35f056c2fb1aff62c2,26388481,UNKNOWN_REQUIRES_RPC,False,v2/contract_deployments/contract_deployments_7000000_8000000.parquet,54cb1c23725d5765da58c76ee4eb73bb326370e440cb6baab9e8463544906967,bd6c0df127ee01fc3a79d31bd879b150ca0ab3bb2700482eb1eb068b2cea0fd0,003728356a3af2afc425cdc4abc535393cf6af38809b8adec821941899d7184b,822a12db5d76e279cafdfb74920d266c4c6d5981da511658ccc7919c7b7c075d,RESERVE_CANDIDATE_REQUIRES_RPC_AND_PAIR_EVIDENCE,False,False,False,False
lp_mine,bsc,56,2025-01-03T05:35:11Z,10,100,0x0f3c770f1fd7cfa407d7634f3fa2b3c5cdda8102,56:0x0f3c770f1fd7cfa407d7634f3fa2b3c5cdda8102,UNKNOWN_REQUIRES_RPC,-1,0x9ac03041751d424052d4239a04764e8cd6d0cf0f69114172b6b5ee9a128dc7b4,45041464,UNKNOWN_REQUIRES_RPC,False,v2/contract_deployments/contract_deployments_30000000_31000000.parquet,0d12ca90369256d040cf542c85f6ffcf446e4e3e8d19fd878d446ff8ed9337b7,3fd7a0881fbc509ae45e5d69e2e61e878f88a3cdc9962d378efe4c29103a5f62,00276af631c3d722d0b50f27355544202314b68565e041b446dc1f3015f7cca5,a44c1fc0e7eb545e3941035be5336a01078e1fd7d117cb62aea13e945af7dcd4,RESERVE_CANDIDATE_REQUIRES_RPC_AND_PAIR_EVIDENCE,False,False,False,False
lpc,bsc,56,2022-03-15T12:41:22Z,4,40,0xaad0e1c20b174594e50c7777b0bdf4ae458a9ee6,56:0xaad0e1c20b174594e50c7777b0bdf4ae458a9ee6,UNKNOWN_REQUIRES_RPC,-1,0xd3af7e666e7106828a48cd1d225c55f431ac1dc18309fe7d931e48b5e1af3567,15590609,UNKNOWN_REQUIRES_RPC,False,v2/contract_deployments/contract_deployments_30000000_31000000.parquet,0d12ca90369256d040cf542c85f6ffcf446e4e3e8d19fd878d446ff8ed9337b7,bb1a8c7570b3ea341ebb04fc5e50dbf5edafd1df47157117e45962cfb43121ac,0012e59e293c720b49629fdb7ad1e85d443e6a308654333c98a89c924dfe2e28,f21b2264df60675a2f35719d960b1001c009f52f742843af62730958ac9c582e,RESERVE_CANDIDATE_REQUIRES_RPC_AND_PAIR_EVIDENCE,False,False,False,False
lusd,bsc,56,2023-06-13T09:35:18Z,10,100,0x250d27ff0386830490947e4084c7282b4a03acb0,56:0x250d27ff0386830490947e4084c7282b4a03acb0,UNKNOWN_REQUIRES_RPC,-1,0x5d705fe265c9911e442e70817e984ce62d8c3d97cc6682d0460e82f33dca626a,28631386,UNKNOWN_REQUIRES_RPC,False,v2/contract_deployments/contract_deployments_31000000_32000000.parquet,1096c453513646713a3b6185edd15651bf3a9599e2e334ecd82bcf3c939ca722,73c79f29ac98ff50875e3d03140201f9225d9786c9520506fc719becbcaeb023,00158ca94f0771810d7b33bfe0dc6f6abb3ce34f8ec103c0fc1e65878cbd4212,bb4b2990b906736f7462a9a6ee7e00cc90ed1b9c0c84d85467b99664a33bb2e6,RESERVE_CANDIDATE_REQUIRES_RPC_AND_PAIR_EVIDENCE,False,False,False,False
lw,bsc,56,2023-05-04T05:20:17Z,7,70,0x6c9e228cddc6449ec6d83dc3460bd049e4e0e2c8,56:0x6c9e228cddc6449ec6d83dc3460bd049e4e0e2c8,UNKNOWN_REQUIRES_RPC,-1,0x2dd6cf4bd6c0947af9033ccf4539a40432adfb95ba1bc290919030246307847c,27399066,UNKNOWN_REQUIRES_RPC,False,v2/contract_deployments/contract_deployments_31000000_32000000.parquet,1096c453513646713a3b6185edd15651bf3a9599e2e334ecd82bcf3c939ca722,9bc33704edf80ba3ae6cce61cb9ed7624b36c88a6df0990e76f8e4b69e94e5ec,00145e018fa6cc9557d0b66a5dd725f094a41b54d6d1dba49e5accba975d1894,e3b14b6232d8e32661116988840c6b57badef508b91cef5b8194be308ef0b848,RESERVE_CANDIDATE_REQUIRES_RPC_AND_PAIR_EVIDENCE,False,False,False,False
mamo,bsc,56,2023-11-23T06:13:54Z,10,100,0xb29d0b98864e80fab16d6a4a1b265f79d349bb57,56:0xb29d0b98864e80fab16d6a4a1b265f79d349bb57,UNKNOWN_REQUIRES_RPC,-1,0x9f2d7f8dfa08ef7de9f7670dd1c5bab9afa31b6b5edb91d2b4646f3733f6124b,33733901,UNKNOWN_REQUIRES_RPC,False,v2/contract_deployments/contract_deployments_29000000_30000000.parquet,3255e78e345aff80bfd6dfc7d760f4bda3a96fce4225cc3e128ce3d21ff32822,7f0643ca204a7c4ab06c39e99c4556ede0ff20ce1865e1ef1bdb148c84a1619b,001d4a230d4b55c99f13bae506165386f2d3dabca8e61c7722f8ab3645e05169,dd9ecbcab9b5b7feb685b0863d88ce3a3d03c7df3edabba0d5a5dad1a5ec6952,RESERVE_CANDIDATE_REQUIRES_RPC_AND_PAIR_EVIDENCE,False,False,False,False
mbc_zzsh,bsc,56,2022-07-31T14:14:34Z,10,100,0x67dea3cb31429a4d74783512bbb1908a233f4dd9,56:0x67dea3cb31429a4d74783512bbb1908a233f4dd9,UNKNOWN_REQUIRES_RPC,-1,0x381bf1298472cf98ffc09248a40f0eca586fd2dad70f5501f15d871382aae490,19550698,UNKNOWN_REQUIRES_RPC,False,v2/contract_deployments/contract_deployments_30000000_31000000.parquet,0d12ca90369256d040cf542c85f6ffcf446e4e3e8d19fd878d446ff8ed9337b7,7b1c7ab927e9f00fab2db4ad13bfa54b9b35b157f5ada510add3032d4c8d23df,001316cf509d47a84a6c644d3b5298e1e41271f55dd2d9348265a5d4e1d28fe4,59d3b21b955c4ade58367e5bbe26a6b631941a8f4693184d993f0d6ac8e0762e,RESERVE_CANDIDATE_REQUIRES_RPC_AND_PAIR_EVIDENCE,False,False,False,False
metadragon,bsc,56,2024-05-04T06:22:10Z,10,100,0x500d625c0b3f11d47cead75fe984a0ae84117795,56:0x500d625c0b3f11d47cead75fe984a0ae84117795,UNKNOWN_REQUIRES_RPC,-1,0x5d5299adf914016cc67a1ebacf5270c1cf8f762313f048ff23267b0bcdf2518d,38205892,UNKNOWN_REQUIRES_RPC,False,v2/contract_deployments/contract_deployments_30000000_31000000.parquet,0d12ca90369256d040cf542c85f6ffcf446e4e3e8d19fd878d446ff8ed9337b7,5e9725797758e308dd5f3ee24520456a833a763fe02d990ba322f403fcb5f2d9,001930d55222cef25b47d2f99797be73302f8e3ef027f990ff15aa68ccf25d0a,5020489fcf4b54286d09cabb16e3365631bb21bc8ced00e455b811f09eb7ebea,RESERVE_CANDIDATE_REQUIRES_RPC_AND_PAIR_EVIDENCE,False,False,False,False
mic,bsc,56,2023-12-29T12:54:15Z,10,100,0xf2d8abcccadc447a3fa877591186fc38a7a4a9da,56:0xf2d8abcccadc447a3fa877591186fc38a7a4a9da,UNKNOWN_REQUIRES_RPC,-1,0x4a25a542249a2946ca9296a787176e707e0ff89871865361c3547a1eb0f9a253,34003603,UNKNOWN_REQUIRES_RPC,False,v2/contract_deployments/contract_deployments_29000000_30000000.parquet,3255e78e345aff80bfd6dfc7d760f4bda3a96fce4225cc3e128ce3d21ff32822,39532099a2f42bbc0338c66acf442950b067c0c283aa8936b255d86f357c18a2,000545fb36d7feabc77fc1b7519e2d6f4c02128335e2a3300477327664b3c731,62a8dfd7c6f157781851ad933ec0ccccbe88f54edab8e888ca65f57e4f98930f,RESERVE_CANDIDATE_REQUIRES_RPC_AND_PAIR_EVIDENCE,False,False,False,False
miner_bsc,bsc,56,2024-02-13T11:23:41Z,4,40,0x94c626ad28d2e8464a0d57de062c21ef93ab9acf,56:0x94c626ad28d2e8464a0d57de062c21ef93ab9acf,UNKNOWN_REQUIRES_RPC,-1,0x213ec80aa5cf6f845aaa03f9c3a4dba52bc7c9bf84291f2952428e82cd192fac,35981799,UNKNOWN_REQUIRES_RPC,False,v2/contract_deployments/contract_deployments_29000000_30000000.parquet,3255e78e345aff80bfd6dfc7d760f4bda3a96fce4225cc3e128ce3d21ff32822,01be7eb66ef4c2063064d8987fc4c692cc41f50e8eec266a66f3a72c21b693fd,00190b27b92bb17fa23b21343f2b9fddd4d58c171cf3d36b0da2fde227aea1ed,313615aecc51e208bdf726f89cbc06a4fbc572839d8887788ead044b9ac64fa0,RESERVE_CANDIDATE_REQUIRES_RPC_AND_PAIR_EVIDENCE,False,False,False,False
mintofinance,bsc,56,2023-02-21T10:15:38Z,10,100,0x1cb7ac9c1af8e15463eb98de96cb70926c85beb0,56:0x1cb7ac9c1af8e15463eb98de96cb70926c85beb0,UNKNOWN_REQUIRES_RPC,-1,0xde0172b2f43ad49f2ce51ffd74acc1fd5d165fdd1db9f41b7196c8ee19cf7398,25548009,UNKNOWN_REQUIRES_RPC,False,v2/contract_deployments/contract_deployments_6000000_7000000.parquet,408541b1fff35d9d72eb413a63bd7e1ecdfd299daa7ca67b3c7185856aa6aef7,593313513cd80dbde358d71c2085cfb2321b040d6098b315bd4d0b8c59a24f27,00297e283d14d17c69632625e59a794c68cbd93c862e05071a93677cae752c61,09d4dd45799e46093a8a1cc94477fe3ea650c6bbe32a5f2391f54c9d0df87bb4,RESERVE_CANDIDATE_REQUIRES_RPC_AND_PAIR_EVIDENCE,False,False,False,False
moocakectx,bsc,56,2020-10-28T18:44:49Z,10,100,0x605229e93b33f654408b5b94efad1c718b3cc68e,56:0x605229e93b33f654408b5b94efad1c718b3cc68e,UNKNOWN_REQUIRES_RPC,-1,0xf7e5b1156a9f90eb777642b175b0dc081ded9b9fb19a737cf4402b88d79c2959,1704845,UNKNOWN_REQUIRES_RPC,False,v2/contract_deployments/contract_deployments_30000000_31000000.parquet,0d12ca90369256d040cf542c85f6ffcf446e4e3e8d19fd878d446ff8ed9337b7,21f5bc9e31f79ebc1f367d5eb5d097e556002f55be709ef757b55e8be5a298a8,024a30c8b4e9ae8f2bbe47f93c763905c0af5dd934a94a29eb380443e35ea618,e77ac7bc97e1e4167e96ecddf7ea78ca543de1ba30bc6a674c17752c9d7db5b9,RESERVE_CANDIDATE_REQUIRES_RPC_AND_PAIR_EVIDENCE,False,False,False,False
mosca,bsc,56,2025-01-05T20:41:11Z,10,100,0x3c7b3302ad15eba7db908c46af83f30ce07975d1,56:0x3c7b3302ad15eba7db908c46af83f30ce07975d1,UNKNOWN_REQUIRES_RPC,-1,0x732a1eb885c8292781352ea6882b3f9ed28bfed82563776a0a32e6037a42f574,45221758,UNKNOWN_REQUIRES_RPC,False,v2/contract_deployments/contract_deployments_29000000_30000000.parquet,3255e78e345aff80bfd6dfc7d760f4bda3a96fce4225cc3e128ce3d21ff32822,4c16401c44087c4e5ca78db696e65d644a4ba1383a26d8d71f109b2d5d6a8753,0054bb5de0e1d6bb03c6f9b49b684a0f0419856a398b881f47129c8c9d872815,ea6d8ea94257d6eff20357bf2c6db6ec7930ed734b57b91fd858382e7cd00b27,RESERVE_CANDIDATE_REQUIRES_RPC_AND_PAIR_EVIDENCE,False,False,False,False
mrp,bsc,56,2024-06-30T01:52:35Z,10,100,0xe7768b764f9d4e3178c35ccbe42a136b66133e65,56:0xe7768b764f9d4e3178c35ccbe42a136b66133e65,UNKNOWN_REQUIRES_RPC,-1,0x92c22113113e1b87322822115611b91137cfa58241d012574c516702e0712006,39273402,UNKNOWN_REQUIRES_RPC,False,v2/contract_deployments/contract_deployments_30000000_31000000.parquet,0d12ca90369256d040cf542c85f6ffcf446e4e3e8d19fd878d446ff8ed9337b7,b3e5673146434505dee5af4180f2ba341a30f553d7ca57172c9493996ffb9ac5,001a01fc9537b95c457c162f99b0f2af39ff92ca7748225f1396a2ad78fc45b6,4d88d205ba6d07be6c9e0a36e01a64e4ac8ed2dd91f38ab4150afc2e0720ae38,RESERVE_CANDIDATE_REQUIRES_RPC_AND_PAIR_EVIDENCE,False,False,False,False
mttoken,bsc,56,2022-08-17T08:11:58Z,10,100,0x30c97c0ad96f039b132bdab47b2a1c326178b5a5,56:0x30c97c0ad96f039b132bdab47b2a1c326178b5a5,UNKNOWN_REQUIRES_RPC,-1,0x00a1517512c519b5334083c951b0a7a6fab21bc1575c1c58cb51af1934610df4,20364129,UNKNOWN_REQUIRES_RPC,False,v2/contract_deployments/contract_deployments_6000000_7000000.parquet,408541b1fff35d9d72eb413a63bd7e1ecdfd299daa7ca67b3c7185856aa6aef7,b14e334ef84f023c1f203657cacdeda15f6b57430ea1ac1c165dd3944da6fe1a,0015ee548c3fd1c4988742ff26b37efcf70d8fe2c87d7c67d24a7012503c01a6,fd4028243f6a13aced13e283f9934c4e8c806d04c2fbb2a35ed8bf5decca9718,RESERVE_CANDIDATE_REQUIRES_RPC_AND_PAIR_EVIDENCE,False,False,False,False
multicall_with_eth,bsc,56,2025-06-25T17:23:15Z,10,100,0x5d74ceca5b7f8fc40c28a7cca9ea084bc0604444,56:0x5d74ceca5b7f8fc40c28a7cca9ea084bc0604444,UNKNOWN_REQUIRES_RPC,-1,0xbd497fd0d939ae7845e433a293b539e696e87c1674558d96ed35d81e71607e6d,50447178,UNKNOWN_REQUIRES_RPC,False,v2/contract_deployments/contract_deployments_30000000_31000000.parquet,0d12ca90369256d040cf542c85f6ffcf446e4e3e8d19fd878d446ff8ed9337b7,63c63ee8d9460a428add4d3ba20d46117e63b9f4c58d5ac6b38f82e3d87896f5,0025daa7f35d490c3ed40eb2c9799a2a43c347f359b14761473dca9c09f0bbaf,9d1db2471c1b7b08391fab3e60f7b8128250e8f20c17e20436a835de7aaad4da,RESERVE_CANDIDATE_REQUIRES_RPC_AND_PAIR_EVIDENCE,False,False,False,False
multicall_with_xera,bsc,56,2022-03-10T23:17:54Z,7,70,0x189110ab5f4bb852243f1816fbda521ee7dd5601,56:0x189110ab5f4bb852243f1816fbda521ee7dd5601,UNKNOWN_REQUIRES_RPC,-1,0x85cbb9be67d42ca75791109c024414226668002bc36056e73f232bef51a59271,15189479,UNKNOWN_REQUIRES_RPC,False,v2/contract_deployments/contract_deployments_30000000_31000000.parquet,0d12ca90369256d040cf542c85f6ffcf446e4e3e8d19fd878d446ff8ed9337b7,7bf10d5650a0675e6b56d520eb0e0090f8f9d3eb931876bbae343615631602ec,000f7fbd28548dfac62cd5309c50c90b5110cdeb454b1ebb6cb3024a8afd68a4,6b798481f6f83fee82c58057372f8a2344536bf29a92bd02602f8db94a0a3cf7,RESERVE_CANDIDATE_REQUIRES_RPC_AND_PAIR_EVIDENCE,False,False,False,False
myai,bsc,56,2023-06-08T07:57:56Z,10,100,0xfbb842fa5841262fd0d87f90d4d2aa99edecb8b0,56:0xfbb842fa5841262fd0d87f90d4d2aa99edecb8b0,UNKNOWN_REQUIRES_RPC,-1,0x17c35c7b18b5ddccec27e9b4269196475476de203026831c9210ae8f9c816a15,28560717,UNKNOWN_REQUIRES_RPC,False,v2/contract_deployments/contract_deployments_1000000_2000000.parquet,7529540c96f11e4fc0d376fd36b2953644bebebe317a864615e2d14403a341fe,5a2d4dea5ad4c0fda06090f093935618db99bf45f96dbffa2c1620e74186871c,001b26748d38ea36e1943fc3a6f4898e71f5fe879b8ea985685714abebb30571,6eedb61bd65dc38ebd436936380dccf53b7ff45fb932bbe9ef501a6e1b574b2f,RESERVE_CANDIDATE_REQUIRES_RPC_AND_PAIR_EVIDENCE,False,False,False,False
nervebridge,bsc,56,2021-05-10T23:02:38Z,10,100,0xeff342569fec085552285651b03b486ce1ec8bbd,56:0xeff342569fec085552285651b03b486ce1ec8bbd,UNKNOWN_REQUIRES_RPC,-1,0x29d85cc5f9a3ac3c3c65161b68078dd70b666b3e20af1afbff4fa5215d3e08f6,6793646,UNKNOWN_REQUIRES_RPC,False,v2/contract_deployments/contract_deployments_9000000_10000000.parquet,6777e0b50be1d60a845e1be0313473c99fb8675967b51e4530577f82391cd3cf,c4d4cf25768f7eecc685f1d47d52fa3e159256a8ee2ae65050391dd69ecf0b4d,000dae8c02ad917cfb2fe5d5f3f00066a4161227349a5c6dd6114d7a19896757,6da7b22195c26526ffe0125b2dca7c01f3f208945a6c6c1b32f8614feacc698e,RESERVE_CANDIDATE_REQUIRES_RPC_AND_PAIR_EVIDENCE,False,False,False,False
neverfall,bsc,56,2023-03-18T03:41:41Z,10,100,0x53fd380154a8a4246916505ac7cb820bb2fecc08,56:0x53fd380154a8a4246916505ac7cb820bb2fecc08,UNKNOWN_REQUIRES_RPC,-1,0xb0c645856a327ed8b6a52516b57702c5736195d4bb9c7493e1084509e483b89d,26330743,UNKNOWN_REQUIRES_RPC,False,v2/contract_deployments/contract_deployments_29000000_30000000.parquet,3255e78e345aff80bfd6dfc7d760f4bda3a96fce4225cc3e128ce3d21ff32822,70ea93a5e14aa2408adf24091bf25982d5cf5814f0631d5e36a1ab148af4a431,002848afeadbdf74750db102399fa13ee28e5facc346ada9d4094dcda7552394,dda51860c834388e65058ca6a21f39f2f49cc5148316615fc4464ac20a1614fd,RESERVE_CANDIDATE_REQUIRES_RPC_AND_PAIR_EVIDENCE,False,False,False,False
newfi,bsc,56,2023-05-31T06:10:17Z,10,100,0x4054e06967a964145f8badde1d57274867892316,56:0x4054e06967a964145f8badde1d57274867892316,UNKNOWN_REQUIRES_RPC,-1,0x8700454bee6a3aea30ed1be2e615d3481bcbecd87465039d976b1ae75b162bf7,28074387,UNKNOWN_REQUIRES_RPC,False,v2/contract_deployments/contract_deployments_6000000_7000000.parquet,408541b1fff35d9d72eb413a63bd7e1ecdfd299daa7ca67b3c7185856aa6aef7,8fd4cddd28025ee84da121fd2ab68cd9c1d0c1db458ace5bf0dab5f74c17736e,0011fe7475fa15519984ea3564e32e06432fb07409288792d4102e0c25718d46,d89e9e4a9b19de8184dba658ce30516996bbbb4182374bbec798e616eff1ec74,RESERVE_CANDIDATE_REQUIRES_RPC_AND_PAIR_EVIDENCE,False,False,False,False
ngfs,bsc,56,2024-04-24T09:45:56Z,10,100,0x83b20b58d4ef1f1c0d498711cf8a0f2112c4e7fd,56:0x83b20b58d4ef1f1c0d498711cf8a0f2112c4e7fd,UNKNOWN_REQUIRES_RPC,-1,0xcc081647ab16da17a25e5cf0e5695fe2ebf4b9828ed9622f17613e27afe95ab8,37310126,UNKNOWN_REQUIRES_RPC,False,v2/contract_deployments/contract_deployments_31000000_32000000.parquet,1096c453513646713a3b6185edd15651bf3a9599e2e334ecd82bcf3c939ca722,ddd7d4113e647fbb760ffda89953012490142d0d03d66312ba99ceb3f658328b,00124e48400bd4389fe3af6d4c03857998e8cd80b5ba1821cfc8b93fe83c15ed,f02570bdfe3f2ac971ed9338f11acd6a8d1950e6fe84878303abdc9b2a7ef8d3,RESERVE_CANDIDATE_REQUIRES_RPC_AND_PAIR_EVIDENCE,False,False,False,False
nmbplatform,bsc,56,2022-11-15T09:39:03Z,10,100,0x0eb091337c90e14891195925f675d608b6a9dbe1,56:0x0eb091337c90e14891195925f675d608b6a9dbe1,UNKNOWN_REQUIRES_RPC,-1,0xa4fbe947f3e3d531b410c7f63b73c4d14c893235e2b3b5da7bcd7959f83edd8a,22928884,UNKNOWN_REQUIRES_RPC,False,v2/contract_deployments/contract_deployments_29000000_30000000.parquet,3255e78e345aff80bfd6dfc7d760f4bda3a96fce4225cc3e128ce3d21ff32822,b5b9f7c4b57791c07a24c6285e747747274d20fe47cd39ab1e2761dab90a5769,001b5e4661fa248307f6c32c6a36764fc9e09aa4cb535d75d3d58df88835bc89,a22e738484ffd38672481ddee5aa571dd03747ceddcc061fd50de4bd1436d7f1,RESERVE_CANDIDATE_REQUIRES_RPC_AND_PAIR_EVIDENCE,False,False,False,False
olife,bsc,56,2021-06-05T16:54:30Z,10,100,0x2c16bbe78915474025cb08e9a34f662c51ad2811,56:0x2c16bbe78915474025cb08e9a34f662c51ad2811,UNKNOWN_REQUIRES_RPC,-1,0x669e2a3d8bfac95c5705872523d3b675941ae12f58c35bf29a44738f7efaf4e2,7812892,UNKNOWN_REQUIRES_RPC,False,v2/contract_deployments/contract_deployments_29000000_30000000.parquet,3255e78e345aff80bfd6dfc7d760f4bda3a96fce4225cc3e128ce3d21ff32822,169db2eb93f0b51084fbbe5fb566da195b896c4ffd5d2a0c28d650438947f462,00084be878e6e41e5db1365722e114097e9ffba26bd3e2b3b49b427d82a5dccb,f79201bf5a1c0a0d277f51f14b5f0fd4834fdc31ec3bb1b0025c95a5ac046a11,RESERVE_CANDIDATE_REQUIRES_RPC_AND_PAIR_EVIDENCE,False,False,False,False
openleverage,bsc,56,2023-03-02T08:23:58Z,10,100,0xc6225f1125f863844f2caab54af9e87077b181a4,56:0xc6225f1125f863844f2caab54af9e87077b181a4,UNKNOWN_REQUIRES_RPC,-1,0xba8e9dd60e7fb40eca57fef56856b7c164a670838473df831134cbb88df39815,25344750,UNKNOWN_REQUIRES_RPC,False,v2/contract_deployments/contract_deployments_7000000_8000000.parquet,54cb1c23725d5765da58c76ee4eb73bb326370e440cb6baab9e8463544906967,d26db6000036ea511ed6d72a0a654b9b91c43dfa7e1e12479645bf20b5b46870,000b93f8e9415ad700d1c115b6280691493be8e9349b191752fcb053a21aec63,6475eacae7d845c29a7213bd9a9b23b6522ff2598eb93866cfb9e8ceebbebb1c,RESERVE_CANDIDATE_REQUIRES_RPC_AND_PAIR_EVIDENCE,False,False,False,False
openleverage2,bsc,56,2023-03-23T09:10:44Z,10,100,0xe228487c97d26e34d8154e9f253535349cdb325e,56:0xe228487c97d26e34d8154e9f253535349cdb325e,UNKNOWN_REQUIRES_RPC,-1,0x70876bcdc2d4d2055a977b5d94b9b8ddfe9e47e2616ef18f1890f9f182ab1958,26072623,UNKNOWN_REQUIRES_RPC,False,v2/contract_deployments/contract_deployments_30000000_31000000.parquet,0d12ca90369256d040cf542c85f6ffcf446e4e3e8d19fd878d446ff8ed9337b7,f2766d8e8d6cc74be02468af38018b4e0bfe0021b2716083b891428c0fb7bb8f,0017bd9dc56a8797143f27a774c8f5dc06eeef9b5e0e57a4425d5c02ccb224ef,d64cca01f7c67e81a0b2e3f137d109732d94a64b5332accf888e34cbe30dbf7d,RESERVE_CANDIDATE_REQUIRES_RPC_AND_PAIR_EVIDENCE,False,False,False,False
osn,bsc,56,2024-04-16T06:43:46Z,10,100,0xf35ae59bc6fe561fb307a390dc08fb411b1d304f,56:0xf35ae59bc6fe561fb307a390dc08fb411b1d304f,UNKNOWN_REQUIRES_RPC,-1,0xb200d4c45f854e322391a61d146e3f0d145204dc268ed37fbf8c7312626ee142,37856140,UNKNOWN_REQUIRES_RPC,False,v2/contract_deployments/contract_deployments_31000000_32000000.parquet,1096c453513646713a3b6185edd15651bf3a9599e2e334ecd82bcf3c939ca722,2efbaf05b06557d26eaf43125a76c599ef3672de3a8b5ead3cac830831d04f64,0015695e78a4da8e075d2b727e12ac5fa04b3d4f86ea03b774b0260579289e5e,09736745b1fc1f5e8b7f22d684b180fd1cbadb73094dbf5c3165d0ad37cd3c46,RESERVE_CANDIDATE_REQUIRES_RPC_AND_PAIR_EVIDENCE,False,False,False,False
palmswap,bsc,56,2023-07-13T11:27:41Z,10,100,0xaf9dd7d1a1fb25e4498c33a825f22a2ada548689,56:0xaf9dd7d1a1fb25e4498c33a825f22a2ada548689,UNKNOWN_REQUIRES_RPC,-1,0x8906c66235541adc710de9613df33f4e8e5104ed8dc1cf48335883fa3656d4d7,29507497,UNKNOWN_REQUIRES_RPC,False,v2/contract_deployments/contract_deployments_30000000_31000000.parquet,0d12ca90369256d040cf542c85f6ffcf446e4e3e8d19fd878d446ff8ed9337b7,ed40f878fbe3b6faaca66f88a3883a18bc3324c9fa97c49bb9aa0a638eab669e,001ca679f438e1f0d9b1c87847375ed3c10213d47aefa5e1b58f58dc191d6c47,78a848843afdf7755080a49f1a91801fc1c1c8710166a7b7164ae95d9fc21e0f,RESERVE_CANDIDATE_REQUIRES_RPC_AND_PAIR_EVIDENCE,False,False,False,False
pancakebunny,bsc,56,2021-04-23T11:45:09Z,10,100,0xb3d205ee1b414efd856e51847e19823fbdee9ccc,56:0xb3d205ee1b414efd856e51847e19823fbdee9ccc,UNKNOWN_REQUIRES_RPC,-1,0x0de35ca21d7a1b1a6ed791e5ee5539aec5527eb19cbe5a98168b597904ea8be1,6399228,UNKNOWN_REQUIRES_RPC,False,v2/contract_deployments/contract_deployments_30000000_31000000.parquet,0d12ca90369256d040cf542c85f6ffcf446e4e3e8d19fd878d446ff8ed9337b7,50218365c3c9d4cd673be07ea10f6c9f3dddc1ead0608b841ac9a6935491de9f,0028ab187b2a5a3f6230f35d4c55c70d8bc2721910737f2bb55cb70eacba9974,9dce672527e5a118941105d4fcb89fa00055cc81b1be27ef0bf1e03ea82daf15,RESERVE_CANDIDATE_REQUIRES_RPC_AND_PAIR_EVIDENCE,False,False,False,False
pancakehunny,bsc,56,2021-06-02T03:31:01Z,10,100,0x12e55f7bd0aa181e6d1d726dfda551f5b9143497,56:0x12e55f7bd0aa181e6d1d726dfda551f5b9143497,UNKNOWN_REQUIRES_RPC,-1,0x31a1b6e7c89c35516a530ecd9559a1b73b1cc8b14bba6abcf37bd1bf060cb9d0,7632680,UNKNOWN_REQUIRES_RPC,False,v2/contract_deployments/contract_deployments_30000000_31000000.parquet,0d12ca90369256d040cf542c85f6ffcf446e4e3e8d19fd878d446ff8ed9337b7,299e5f50750b9930ca283dceb99ca2d9b202540117b23fdca490ef90c4608cb4,00081e527832c2e22af2a9dc4a250d44e41af77535c90563f6e36caaeb2103a4,990ba87b3f221745b74af134c12328e312b541174f3b9505e989f9fe4e0a2a93,RESERVE_CANDIDATE_REQUIRES_RPC_AND_PAIR_EVIDENCE,False,False,False,False
pdz,bsc,56,2024-01-26T19:19:39Z,6,60,0x38f0674d253f52754611e85e969686fdc220f588,56:0x38f0674d253f52754611e85e969686fdc220f588,UNKNOWN_REQUIRES_RPC,-1,0x0662007ae8d799f276caccf2a8df0bf9d938134d8e0865273536536212624107,35169209,UNKNOWN_REQUIRES_RPC,False,v2/contract_deployments/contract_deployments_31000000_32000000.parquet,1096c453513646713a3b6185edd15651bf3a9599e2e334ecd82bcf3c939ca722,4f414dc4272ea2e8ab62dd5f92d05f9609e3dce4d94f48890b2262fd56dc7afb,0011976f84aafc356a66714e0f99e3e81516b30e0313766f9977ea0f8bd652ab,aef6cb8c32f88aaf53d385cdef6779b926ff2bcbd386743b88229912c613e9b1,RESERVE_CANDIDATE_REQUIRES_RPC_AND_PAIR_EVIDENCE,False,False,False,False
pledge,bsc,56,2024-11-24T16:01:47Z,10,100,0x7b711f515a254991b388357fb7e76c38fa7ec4f2,56:0x7b711f515a254991b388357fb7e76c38fa7ec4f2,UNKNOWN_REQUIRES_RPC,-1,0xa684b2d2d3ce60c76100910c9bf45c58201c3179d312eb7f481be61fd7cc656f,43659371,UNKNOWN_REQUIRES_RPC,False,v2/contract_deployments/contract_deployments_29000000_30000000.parquet,3255e78e345aff80bfd6dfc7d760f4bda3a96fce4225cc3e128ce3d21ff32822,9403b43e85e0c863266deb54289bb1f2f6137b0a8a7ca0b780cd3a5ec0bf642e,00309346ca8319c09470ac5d7d9ebecc6832c458e5dc2943cef2d035eccfe60f,99db7158066cd107ec9481a5883dbcbf922224b7745d25c60f524035dc8d933c,RESERVE_CANDIDATE_REQUIRES_RPC_AND_PAIR_EVIDENCE,False,False,False,False
ploutoz,bsc,56,2021-03-26T12:26:53Z,10,100,0x31c0f05ba17fbb66762ebe406674f5ebfcc2d186,56:0x31c0f05ba17fbb66762ebe406674f5ebfcc2d186,UNKNOWN_REQUIRES_RPC,-1,0x55f183c7bf3cb28c27cf75be3d39bca21e50d830d8e7a0e23ae615bf047ea891,5723543,UNKNOWN_REQUIRES_RPC,False,v2/contract_deployments/contract_deployments_9000000_10000000.parquet,6777e0b50be1d60a845e1be0313473c99fb8675967b51e4530577f82391cd3cf,8a8dcaed22621ed4d134709fa0f104c36bfb1495a99e0bbeee7a23b12fb7076f,002ebbe80bf9b7e30d5bfaf5e1969e7e21b7dda51138a1408a5cb22d7813cf2b,8568757f441d56e3ca3768e851624a5669f0ad1689a5e70d9b0cf67ef7377b73,RESERVE_CANDIDATE_REQUIRES_RPC_AND_PAIR_EVIDENCE,False,False,False,False
pltd,bsc,56,2022-09-18T07:34:03Z,10,100,0x929a0f74c0a6c0b5c815785f354593e723d2920e,56:0x929a0f74c0a6c0b5c815785f354593e723d2920e,UNKNOWN_REQUIRES_RPC,-1,0x07dcb13c6d3ab6cd91247da3b628d6ff8d0364f5443002f1399277143bfcf186,20606753,UNKNOWN_REQUIRES_RPC,False,v2/contract_deployments/contract_deployments_30000000_31000000.parquet,0d12ca90369256d040cf542c85f6ffcf446e4e3e8d19fd878d446ff8ed9337b7,594a0bdb1e156611a604d499c591cc6846e56da39fb07981cf1f6d1de1d818b4,0019b5d7732dfd79f8ab3a2e8fdaa82f0f591d568ec6b0088a06284ab983d0ca,79f3991c5a4a156748646f3401c690cca775044070323e2e6efe009c15740c1e,RESERVE_CANDIDATE_REQUIRES_RPC_AND_PAIR_EVIDENCE,False,False,False,False
poolz,bsc,56,2021-07-30T11:05:08Z,4,40,0x3e6af7348d5b1b816d6788c66512a7ab52cddb79,56:0x3e6af7348d5b1b816d6788c66512a7ab52cddb79,UNKNOWN_REQUIRES_RPC,-1,0xb0fbee542f53e522fb60a23bf8087ff70aebe38f613be0c50a68f02cbcb8d768,9384503,UNKNOWN_REQUIRES_RPC,False,v2/contract_deployments/contract_deployments_30000000_31000000.parquet,0d12ca90369256d040cf542c85f6ffcf446e4e3e8d19fd878d446ff8ed9337b7,2cca47a3e29a86bcd9502f7bb8e61aa9f28139da85e96038f653b576e8d02059,0011be44c9f387d9212e10b825265d9c6e1cd6a3fb8b0760ef887a2561f1e740,98581e470422b5361b530ae8d5e0ab724a9b3b37ff3ed133c9b2262e9dade246,RESERVE_CANDIDATE_REQUIRES_RPC_AND_PAIR_EVIDENCE,False,False,False,False
rant_token,bsc,56,2025-07-04T11:47:40Z,10,100,0xeff4a5b95be34840b1522d039cfabaf7900c7dea,56:0xeff4a5b95be34840b1522d039cfabaf7900c7dea,UNKNOWN_REQUIRES_RPC,-1,0x49b5f12eafd91328a53c3478ef011d2f127a15acf9356634f306151adb35c991,50841493,UNKNOWN_REQUIRES_RPC,False,v2/contract_deployments/contract_deployments_30000000_31000000.parquet,0d12ca90369256d040cf542c85f6ffcf446e4e3e8d19fd878d446ff8ed9337b7,8cbe62043971d55bc1de85d52fcc5df09fd5198cf04eeb8b2a4bbe8292fcb9d5,001bdda93ef41993c1ab18113e5edfb6f1505094c6ee0189a9a43b71ef976b98,f19f8de59d2cf4bc4094ed56e6ae2fb3093aa60592097a5aaeeb9f9326040baf,RESERVE_CANDIDATE_REQUIRES_RPC_AND_PAIR_EVIDENCE,False,False,False,False
res,bsc,56,2022-07-21T13:06:04Z,10,100,0xb977fd4fb5a7f28ecb07e5b48a2fb0897ae3009f,56:0xb977fd4fb5a7f28ecb07e5b48a2fb0897ae3009f,UNKNOWN_REQUIRES_RPC,-1,0x637bc1c4b8c301529cc12e0bb00a83a96ddcad88a26eb558cd397e2ec352e979,19454956,UNKNOWN_REQUIRES_RPC,False,v2/contract_deployments/contract_deployments_7000000_8000000.parquet,54cb1c23725d5765da58c76ee4eb73bb326370e440cb6baab9e8463544906967,000111b4f6239c046096a008e5a8be2f8d3cf0f45636b57d214007e4ad73a87d,000bdb6fccd2457e2852c9adf4c9284b1e8c12e05c8e02eaa71b76760cbc78ca,2060461999b5edac29fa0f126af6c3aad02d48de0b9f840bbd5c37a5cd34e647,RESERVE_CANDIDATE_REQUIRES_RPC_AND_PAIR_EVIDENCE,False,False,False,False
res_2,bsc,56,2022-07-21T13:06:04Z,10,100,0x6f32d8937159c09ac8389fbc2813baa5c4585137,56:0x6f32d8937159c09ac8389fbc2813baa5c4585137,UNKNOWN_REQUIRES_RPC,-1,0x61e0650dcdf2b066ea4381b6a5cf5f9288afe48171c21ecaee3bd100b4effa39,18940219,UNKNOWN_REQUIRES_RPC,False,v2/contract_deployments/contract_deployments_29000000_30000000.parquet,3255e78e345aff80bfd6dfc7d760f4bda3a96fce4225cc3e128ce3d21ff32822,574fc76f5b3299fbdd45afe81a6d2f80731b38158590c3b51b22706ae3267f26,00137f8f5f0db1ae70101712588523942ce15f03122af3f8333431fd4a119a51,0450c1fb13ed1fc1c0878fd74d82e0301ea0e46d27833d6bc46b03eb60ad3565,RESERVE_CANDIDATE_REQUIRES_RPC_AND_PAIR_EVIDENCE,False,False,False,False
rfb,bsc,56,2022-12-04T15:45:55Z,10,100,0xb84703d6ac001809f355d45cd5c042de12048068,56:0xb84703d6ac001809f355d45cd5c042de12048068,UNKNOWN_REQUIRES_RPC,-1,0x95218e3d78b0dcbf4383c3fdf3c4d16c4cc11b30339a41d967d131d6cd0f815e,22867766,UNKNOWN_REQUIRES_RPC,False,v2/contract_deployments/contract_deployments_29000000_30000000.parquet,3255e78e345aff80bfd6dfc7d760f4bda3a96fce4225cc3e128ce3d21ff32822,b8d4ffc4e6791a781b2dfab38daf87a11ea939113dbbedb75a302c5d8f807800,000f0b7e6caf5e99c0c87f405a4fbfe0d36ce2ba7de04028b43e70993527aa97,e7bd089c84f74ef0d8e35135e2bcc0ebde0137494aa501ad93d3d0b195c12d80,RESERVE_CANDIDATE_REQUIRES_RPC_AND_PAIR_EVIDENCE,False,False,False,False
rl,bsc,56,2022-07-25T14:15:52Z,10,100,0xbc58be2b06f0669503ec690dcdf1488e96de6cb8,56:0xbc58be2b06f0669503ec690dcdf1488e96de6cb8,UNKNOWN_REQUIRES_RPC,-1,0xea26d1f15ece5d30ff8f3f8b5f1ba704c428c580a28a179f4de24a4c367e14d9,19121848,UNKNOWN_REQUIRES_RPC,False,v2/contract_deployments/contract_deployments_30000000_31000000.parquet,0d12ca90369256d040cf542c85f6ffcf446e4e3e8d19fd878d446ff8ed9337b7,63414e16b9413c9bfd80e78eacf5598daac485508fbd4daee265afa6645b0102,001e5a7e66b18a85b8ee2bab97bdf541105954ac16bee57eda0ac09e03787840,15049d4849ace7929432fd2ad0a32401c0a349a52e412c757aa9499694b6501a,RESERVE_CANDIDATE_REQUIRES_RPC_AND_PAIR_EVIDENCE,False,False,False,False
roi,bsc,56,2022-05-11T19:18:59Z,2,20,0xb4439627f83e8a41084191f772585e35b774916e,56:0xb4439627f83e8a41084191f772585e35b774916e,UNKNOWN_REQUIRES_RPC,-1,0x17bb2c9f2aa3e292f0d426bc9b0e688a5e10bacd189b29197f1d69f282ae84de,17020559,UNKNOWN_REQUIRES_RPC,False,v2/contract_deployments/contract_deployments_31000000_32000000.parquet,1096c453513646713a3b6185edd15651bf3a9599e2e334ecd82bcf3c939ca722,9a28c25fd33ac81e870d91d520b3a8a5378eff10270032c581f74804dd2b24e8,000a5b093321a532a168a373c338560ab3e0a0d6b8e002d06368ac65faaa8fee,1cc1c78eadc0205205d80b37788d0392a13f3546ff9d5a61561a5fa713a7cea3,RESERVE_CANDIDATE_REQUIRES_RPC_AND_PAIR_EVIDENCE,False,False,False,False
roulette_pot_v2,bsc,56,2023-03-17T00:46:44Z,10,100,0xf7a0fd370de144dbac7da47d4fa03066fc2063cd,56:0xf7a0fd370de144dbac7da47d4fa03066fc2063cd,UNKNOWN_REQUIRES_RPC,-1,0x47863ffae1e2cde249a1eecefe1b700d0b97fec0d5ed507e000bfb6ef8e1e94d,25717381,UNKNOWN_REQUIRES_RPC,False,v2/contract_deployments/contract_deployments_30000000_31000000.parquet,0d12ca90369256d040cf542c85f6ffcf446e4e3e8d19fd878d446ff8ed9337b7,6e979228c3888c50face9e65457860305891cfa549f8b92407abd49bf700da80,00171345ff28d8e124293c037714ccdee4fc7200fe9df5e8c66c65a7bcbecb93,44310d131f9e64c5a9f22c868993d8f8d555c06eb9acb03979e6ed7657ef9241,RESERVE_CANDIDATE_REQUIRES_RPC_AND_PAIR_EVIDENCE,False,False,False,False
satx,bsc,56,2024-01-25T14:38:06Z,10,100,0xb859264d541ad7928c99cffb7327e3ed39d32177,56:0xb859264d541ad7928c99cffb7327e3ed39d32177,UNKNOWN_REQUIRES_RPC,-1,0x69373c6e3b5fc7dd30625fad45ab97a264df9c356162fbbc6769c31905490b0c,35355595,UNKNOWN_REQUIRES_RPC,False,v2/contract_deployments/contract_deployments_31000000_32000000.parquet,1096c453513646713a3b6185edd15651bf3a9599e2e334ecd82bcf3c939ca722,277f1cddf323be67904c7ffcd7688ccfdf0689734260e27a1e987776f40f209f,001888176c9b4bb283d5f1b99313a29625c551679cfac6c5a0f7c4e1124ae1ac,1a7044f083507894b5629c6c6fdd0798da5c09b82b794e91083cc7584e308a86,RESERVE_CANDIDATE_REQUIRES_RPC_AND_PAIR_EVIDENCE,False,False,False,False
sbt,bsc,56,2024-06-23T04:06:50Z,10,100,0x36daf6690b206552a91928c9af6d694e246ba333,56:0x36daf6690b206552a91928c9af6d694e246ba333,UNKNOWN_REQUIRES_RPC,-1,0xa7117071c94affcf0c59f27f3a0e651132056d7b9f42be75786f56b2e8e4af2c,39689410,UNKNOWN_REQUIRES_RPC,False,v2/contract_deployments/contract_deployments_30000000_31000000.parquet,0d12ca90369256d040cf542c85f6ffcf446e4e3e8d19fd878d446ff8ed9337b7,88a59092f8925449ef6cec7579962452f477f230e9e453852e8af7098afdacc6,002d6fe66b92546390c934039cb974c8220422996dc9989940026546b11638d7,74d378596b7f30595b1af56e088870b542e856c2aa90deb675827d4ee6601da3,RESERVE_CANDIDATE_REQUIRES_RPC_AND_PAIR_EVIDENCE,False,False,False,False
sdao,bsc,56,2022-06-07T04:03:35Z,9,90,0xad43c636cae8bf9375cf766fe6516e17eabfcdde,56:0xad43c636cae8bf9375cf766fe6516e17eabfcdde,UNKNOWN_REQUIRES_RPC,-1,0xb1426f4ba76e9ab5874c2b418ffd626eca5438fca85d59142900fc89b4db3e0d,17836330,UNKNOWN_REQUIRES_RPC,False,v2/contract_deployments/contract_deployments_30000000_31000000.parquet,0d12ca90369256d040cf542c85f6ffcf446e4e3e8d19fd878d446ff8ed9337b7,587391ecb74af1125bff1314805641a8e9e77b3367c81cd303cb68a0b597481c,000dd33858404bcfa11feb26bf0c676074c221fe872036d6610b08e04b3e540f,e148c69c23672e20a75722507cb3a626e8ce1730462a748616f1fef5a617388b,RESERVE_CANDIDATE_REQUIRES_RPC_AND_PAIR_EVIDENCE,False,False,False,False
seaman,bsc,56,2022-06-30T04:08:06Z,8,80,0x0c89292c1cd1b4f81d4682bbd6ddbc96eb86430a,56:0x0c89292c1cd1b4f81d4682bbd6ddbc96eb86430a,UNKNOWN_REQUIRES_RPC,-1,0x02a6d4d3fbb782ef2e0b48bc10b2f877922b06a2d3884181fd169412cfcbe260,18474035,UNKNOWN_REQUIRES_RPC,False,v2/contract_deployments/contract_deployments_30000000_31000000.parquet,0d12ca90369256d040cf542c85f6ffcf446e4e3e8d19fd878d446ff8ed9337b7,96ca4beae393fd0c5374624c6d60aca6cbfc08bcef7173498cdc2099d40043a4,000ebc4de69afe76c925dd69f953709174ed7d48581f34c0b510627743135548,785f8e89774a10cc67cc90163e99cb08367c6dfe6cea8458555b2b4df440427a,RESERVE_CANDIDATE_REQUIRES_RPC_AND_PAIR_EVIDENCE,False,False,False,False
sellc,bsc,56,2023-05-09T17:04:59Z,10,100,0xbeb5bc77507e3155811720327666fb9b510c49de,56:0xbeb5bc77507e3155811720327666fb9b510c49de,UNKNOWN_REQUIRES_RPC,-1,0x7ebf294ff46b4acf2112c9ad6dd533b76316c4c9253d1090da8e0294e61cb76b,27839533,UNKNOWN_REQUIRES_RPC,False,v2/contract_deployments/contract_deployments_7000000_8000000.parquet,54cb1c23725d5765da58c76ee4eb73bb326370e440cb6baab9e8463544906967,9abfef88fa47161a5d15a33850edf7f00cfefa920e03d49a00b39cf11effa90a,0018c6fc503d420fa5028b59c126ef9a16917d4dfd193793b00d90a8db0db3d0,f7b388b3a7b96cc4188a79cafcdb8e2eeb94e15e34487fe42ce53c6bc30d70be,RESERVE_CANDIDATE_REQUIRES_RPC_AND_PAIR_EVIDENCE,False,False,False,False
sellc03,bsc,56,2023-03-24T12:46:50Z,10,100,0xa98ed5eb679ce47eff1ca6fa85749348768cafcb,56:0xa98ed5eb679ce47eff1ca6fa85749348768cafcb,UNKNOWN_REQUIRES_RPC,-1,0xd5cb8d892f7bf98729ffb59afbcf2e7a539358347b5e67a02a6d263ba4994080,26300904,UNKNOWN_REQUIRES_RPC,False,v2/contract_deployments/contract_deployments_7000000_8000000.parquet,54cb1c23725d5765da58c76ee4eb73bb326370e440cb6baab9e8463544906967,64ca92caebeb7d3ef986372122a410a953f4e444df748546364deb2357df1866,001bb76fddadaae4d354ea98e4c141e6b732773b0c0b166bd1b7dc9c5ab21bed,e765491cb86e3f3a0aa769a579a1ef2bf8c7c7a5b405a698bc5ae0b4e76f1ccb,RESERVE_CANDIDATE_REQUIRES_RPC_AND_PAIR_EVIDENCE,False,False,False,False
selltoken,bsc,56,2023-03-31T11:08:47Z,10,100,0x8508d61841c15d8d9563a4b884f4d2ad6d9f6674,56:0x8508d61841c15d8d9563a4b884f4d2ad6d9f6674,UNKNOWN_REQUIRES_RPC,-1,0x43b1b1e2f2c22f5598e41823cf4b135bf2357782fb90e6747544a4a085b2c230,26110947,UNKNOWN_REQUIRES_RPC,False,v2/contract_deployments/contract_deployments_6000000_7000000.parquet,408541b1fff35d9d72eb413a63bd7e1ecdfd299daa7ca67b3c7185856aa6aef7,9b38ccbf4c6e51345c68019474d66a365e24ddef9c8e255a6b5b92822d3d2821,001894613d28459dc19c7081a5a7198eca868825d0603053c3084a827dfbf502,1058e4c4bec8d8c8a7197ff1035578c1b15bf0c70250d614ac56a5f5997bed3a,RESERVE_CANDIDATE_REQUIRES_RPC_AND_PAIR_EVIDENCE,False,False,False,False
shadowfi,bsc,56,2022-08-27T06:20:18Z,10,100,0xdb5234a647329812ae9a5f2ad6b980ce43d4245e,56:0xdb5234a647329812ae9a5f2ad6b980ce43d4245e,UNKNOWN_REQUIRES_RPC,-1,0xf95a8df45da7e8e08aad7ccc5dc1c9254c9a75da4b14a5a04ffdd54292a5000e,20284100,UNKNOWN_REQUIRES_RPC,False,v2/contract_deployments/contract_deployments_30000000_31000000.parquet,0d12ca90369256d040cf542c85f6ffcf446e4e3e8d19fd878d446ff8ed9337b7,31fc128f6f46d5a55920dd9f2c924461c277afd8d71f15b4811cce77c0a2ccb9,001205b9bd41f4bf437b053b85fcde213451c6ef792ab81ad9b8b20d70c8a7b3,edccad451378e229dd5f0381815a1e36b6c3e90913632ddac145c32d453d3d85,RESERVE_CANDIDATE_REQUIRES_RPC_AND_PAIR_EVIDENCE,False,False,False,False
sheep,bsc,56,2021-04-30T04:13:51Z,10,100,0xfe360050b816a3974e0bda74107d6e20b2df1e92,56:0xfe360050b816a3974e0bda74107d6e20b2df1e92,UNKNOWN_REQUIRES_RPC,-1,0x46f7c5829bfc563a87aed8006c15c082527a19044d201b50a92db5ff40bcbdd3,6782483,UNKNOWN_REQUIRES_RPC,False,v2/contract_deployments/contract_deployments_9000000_10000000.parquet,6777e0b50be1d60a845e1be0313473c99fb8675967b51e4530577f82391cd3cf,9ce625ab600d5f5b4dbc521c59268bc87c84595139602ae0c5ce5e944b428bc7,00188ac7b5f04c655b880e711e5c3a35b5acf50eebe6a0e061850bd73428f441,a53f292a40e999650a1dfa12dc215a1a86c85ec9a38631e57bb391dab6e2f821,RESERVE_CANDIDATE_REQUIRES_RPC_AND_PAIR_EVIDENCE,False,False,False,False
sheepfarm,bsc,56,2022-11-10T10:38:07Z,10,100,0x4ed6a8f79336e8c3dab75ddcbe866acb4b9acfcd,56:0x4ed6a8f79336e8c3dab75ddcbe866acb4b9acfcd,UNKNOWN_REQUIRES_RPC,-1,0x331cfc5b1f60f13cc54b8896098ad6e266dd2ef938becc21eca1dfbf5f3043ab,22439613,UNKNOWN_REQUIRES_RPC,False,v2/contract_deployments/contract_deployments_31000000_32000000.parquet,1096c453513646713a3b6185edd15651bf3a9599e2e334ecd82bcf3c939ca722,51f54cbc29028d0ab239badbbfd49b1b1434fe6e0896ec25172dc90f655ab8ef,0023698431731f31f81fb7587318c639e27855fc31a8bb53971de3ca99ba3e6d,d766cbf6037afe093b64c611a1b6dc06e439492ac9f99ae2d8b92b20305bbf2e,RESERVE_CANDIDATE_REQUIRES_RPC_AND_PAIR_EVIDENCE,False,False,False,False
sheepfarm2,bsc,56,2022-11-10T10:38:07Z,10,100,0x8806b881a26ee25871e7c3251c03445bd0cc447a,56:0x8806b881a26ee25871e7c3251c03445bd0cc447a,UNKNOWN_REQUIRES_RPC,-1,0x61a03275a50dddec361646d7175ab374af55b728eb7ec61fe420e7fc9bded9a6,22915414,UNKNOWN_REQUIRES_RPC,False,v2/contract_deployments/contract_deployments_6000000_7000000.parquet,408541b1fff35d9d72eb413a63bd7e1ecdfd299daa7ca67b3c7185856aa6aef7,9794bba8156e5dc61ad2815bf82d5fbd03a2327e9317b79746d6809df1f44099,002228ca1f7a0cdda45a4d9fd14cac2974c9f5620644fa08c5c92e2ec6e15ef1,4df55462b75937ff8ffac6c3107fce8423a15671356dfe8ace51f0e1341c6c04,RESERVE_CANDIDATE_REQUIRES_RPC_AND_PAIR_EVIDENCE,False,False,False,False
shibatoken,bsc,56,2023-11-07T15:06:41Z,9,90,0x107e9bbd825e226ac383b7760a2f6bbaf19145c2,56:0x107e9bbd825e226ac383b7760a2f6bbaf19145c2,UNKNOWN_REQUIRES_RPC,-1,0x801331c29f995f49f2aa3baea06cda75a807e27b449a7349af8c8c3db5e0c514,32795100,UNKNOWN_REQUIRES_RPC,False,v2/contract_deployments/contract_deployments_31000000_32000000.parquet,1096c453513646713a3b6185edd15651bf3a9599e2e334ecd82bcf3c939ca722,863baa28f2e62a3479f354c9c75048ac203937ce5cf7868891aa118fd1de3a76,002f8027bb5f20c3315dad044e60bd95cdd965de0d8a130c4d37a8df811c702d,3587a53dd3551212f354c9f16128dc6115ae8dd698566d9a9cb1f0dee24672d7,RESERVE_CANDIDATE_REQUIRES_RPC_AND_PAIR_EVIDENCE,False,False,False,False
snk,bsc,56,2022-12-28T15:55:15Z,9,90,0xc65a41133bcb8241adc97fde08cb17706ad82a28,56:0xc65a41133bcb8241adc97fde08cb17706ad82a28,UNKNOWN_REQUIRES_RPC,-1,0x1a5ecb6b91485597d86f5774d53c2483d9cb82220ff6a28083ae137efd3cf521,24017073,UNKNOWN_REQUIRES_RPC,False,v2/contract_deployments/contract_deployments_30000000_31000000.parquet,0d12ca90369256d040cf542c85f6ffcf446e4e3e8d19fd878d446ff8ed9337b7,889b5358633960424477e054763514dc842c39ce40d25b934d3ab2fb615297a7,001dc0e42bb60b4aee7470af379af59b309b02bb5d837f5e08c377ff0cdcc340,79befd7cc3763589f13412a0cc97b3e2a67a44e2c9ce580ad67027f5ee8ca01b,RESERVE_CANDIDATE_REQUIRES_RPC_AND_PAIR_EVIDENCE,False,False,False,False
spacegodzilla,bsc,56,2022-07-12T06:55:55Z,10,100,0xe1d9e8508b6f58cfe2cbd3160cd48fd0aba6a574,56:0xe1d9e8508b6f58cfe2cbd3160cd48fd0aba6a574,UNKNOWN_REQUIRES_RPC,-1,0xc7fae4e4fa72b86fc874af409c0685d2b32bdcc073aee4c21a5fa776e4be9de6,18969985,UNKNOWN_REQUIRES_RPC,False,v2/contract_deployments/contract_deployments_31000000_32000000.parquet,1096c453513646713a3b6185edd15651bf3a9599e2e334ecd82bcf3c939ca722,55f78f23344e87230302cafc1f2dc1d834aa12ee39d513b58ceb6a74e91ac549,0016b8677af59a7de034286a7bbb3fe3b8c829656c26b4940f6c907ee3bfe423,b55bfcfd1b94645e17fa0fd03f28a8db675b54bce981805784ca2e6213e6aeab,RESERVE_CANDIDATE_REQUIRES_RPC_AND_PAIR_EVIDENCE,False,False,False,False
spartan,bsc,56,2020-09-28T13:47:55Z,10,100,0x6064f73e93f8b5ca5d234f442c56eaf46cf3f985,56:0x6064f73e93f8b5ca5d234f442c56eaf46cf3f985,UNKNOWN_REQUIRES_RPC,-1,0x2006f8712c160eb2a76d8cc22001f86af18d41c5a0fcb41b55aff4c84a3d94a9,736727,UNKNOWN_REQUIRES_RPC,False,v2/contract_deployments/contract_deployments_30000000_31000000.parquet,0d12ca90369256d040cf542c85f6ffcf446e4e3e8d19fd878d446ff8ed9337b7,08f188acc5ada0549c942424cd4eb4cbf12b1b1aec68bfc1d34325ad66273fae,082e0208ec2c332bcba7d3c842e2ad944995a5db63f4ce18eb1b643027d084bc,72c15e5340ffe7aa7d55976d8bd79138da4ffe95b22c5ac7116673df406c6b11,RESERVE_CANDIDATE_REQUIRES_RPC_AND_PAIR_EVIDENCE,False,False,False,False
squid,bsc,56,2024-03-11T10:33:06Z,10,100,0x3e4e3a0d971a70e21fe7dabc638ffb1a35b58ea2,56:0x3e4e3a0d971a70e21fe7dabc638ffb1a35b58ea2,UNKNOWN_REQUIRES_RPC,-1,0x738a49640fde0ac0ab1211dbf5b7030995873f3ca3fd366292c36c8ad74c449b,36831037,UNKNOWN_REQUIRES_RPC,False,v2/contract_deployments/contract_deployments_30000000_31000000.parquet,0d12ca90369256d040cf542c85f6ffcf446e4e3e8d19fd878d446ff8ed9337b7,39bd41f3ff44dbf42e5e385396e6e609e6325f9330dfa33367c3f1d4d129d044,00298573ae8562f2809c47bc9294361c1bdc24e22eafdfc27d0086cea0a4e6b7,989f405f74511ed181a04594453d7252f32af489dc26853d91f9f7799580b976,RESERVE_CANDIDATE_REQUIRES_RPC_AND_PAIR_EVIDENCE,False,False,False,False
starlink,bsc,56,2022-02-23T13:21:22Z,3,30,0x70580ac4a35c0e02e1f7f2eed02cd353fe7ea537,56:0x70580ac4a35c0e02e1f7f2eed02cd353fe7ea537,UNKNOWN_REQUIRES_RPC,-1,0x119bd9ecd6008810ed7365fe4d16e08a84ef7a52e4b6b3d8621076bd2729da39,15286338,UNKNOWN_REQUIRES_RPC,False,v2/contract_deployments/contract_deployments_31000000_32000000.parquet,1096c453513646713a3b6185edd15651bf3a9599e2e334ecd82bcf3c939ca722,99192e5e4bb019122754039f980a4bca80fc345000c3232b558df48837870d77,000c2110b5d6bd9996af8851f64ce52038087af0b60b56de964761dbac29669e,fec9342535576430d1bbefc3101c359aab0b61db6f1f9bb16d5ee90d9f4f116b,RESERVE_CANDIDATE_REQUIRES_RPC_AND_PAIR_EVIDENCE,False,False,False,False
stepp2p,bsc,56,2025-05-08T13:03:54Z,10,100,0xec1f9e7cdf42598d0b0d00710502e88c234880de,56:0xec1f9e7cdf42598d0b0d00710502e88c234880de,UNKNOWN_REQUIRES_RPC,-1,0x56d6dc88dd8d21c82d3b45d3e6f29850d830541e441d596eb83d98d99504edb5,49132849,UNKNOWN_REQUIRES_RPC,False,v2/contract_deployments/contract_deployments_31000000_32000000.parquet,1096c453513646713a3b6185edd15651bf3a9599e2e334ecd82bcf3c939ca722,da4202e28b15f5b09575ba8ba5b1ce8243051c2d5cf141e0a61980d4a523e4de,00307f93c8286da35dd8bed6c2527462bf08b941e1d9552202700b36501b90ea,fea73b525e6d026d40ad3d8d3fa3d3823c8c5a3d78d0116e9c1f7f289a6c338c,RESERVE_CANDIDATE_REQUIRES_RPC_AND_PAIR_EVIDENCE,False,False,False,False
sut,bsc,56,2023-06-08T16:57:56Z,10,100,0xdfc30808b5b2afd5a2eed89f13b21aec3e2475b3,56:0xdfc30808b5b2afd5a2eed89f13b21aec3e2475b3,UNKNOWN_REQUIRES_RPC,-1,0x4795d0d40c120efb13fc7a2bfb92fb07fcb1e11546ca54446fb6b6fcff64c3f3,28644220,UNKNOWN_REQUIRES_RPC,False,v2/contract_deployments/contract_deployments_30000000_31000000.parquet,0d12ca90369256d040cf542c85f6ffcf446e4e3e8d19fd878d446ff8ed9337b7,9b1fea86fa4cb348d03f401a90ec86b16e4909ee10827d7907492a526f1bba77,0007e23700b86740d432eed4a22abe7408aaae1f701d3747a50f063c0dffaec9,f210886944d6ddbcd703eaff72202c243dc39d0b9b3de027c3f6b86398a4c236,RESERVE_CANDIDATE_REQUIRES_RPC_AND_PAIR_EVIDENCE,False,False,False,False
swampfinance,bsc,56,2021-03-10T12:15:17Z,10,100,0x9887820120d1ed8fd139477dbd148be27ccb3a8b,56:0x9887820120d1ed8fd139477dbd148be27ccb3a8b,UNKNOWN_REQUIRES_RPC,-1,0x4b170bc24bc0f85a0565cb06c754d013a0a53012e2d38aa47dc8b5de4336bbbb,4909685,UNKNOWN_REQUIRES_RPC,False,v2/contract_deployments/contract_deployments_1000000_2000000.parquet,7529540c96f11e4fc0d376fd36b2953644bebebe317a864615e2d14403a341fe,02bcae8b5b00a753bfddec76ba0cd06a4f96725983dc8d0a8c965174ae6ed5c1,006532f2a9b0692532a3b93c3831f73ddc15e807fe07169b39151c65b230ce35,66385f849bd821061e4acb16380aa6979fdcf4d055e814b9e002048c14d31e7a,RESERVE_CANDIDATE_REQUIRES_RPC_AND_PAIR_EVIDENCE,False,False,False,False
tgbs,bsc,56,2024-02-10T12:25:57Z,10,100,0x61c60c7fbe12b3ecd16e96dbe20c668ea4cd4813,56:0x61c60c7fbe12b3ecd16e96dbe20c668ea4cd4813,UNKNOWN_REQUIRES_RPC,-1,0x8bb14a3ae556370ff71adb34bfbc3b93c9bedeb107b56cc3c6343ee82e10a970,35479576,UNKNOWN_REQUIRES_RPC,False,v2/contract_deployments/contract_deployments_30000000_31000000.parquet,0d12ca90369256d040cf542c85f6ffcf446e4e3e8d19fd878d446ff8ed9337b7,7a21d82cb61e688843746e46a69698d39fc38f0d6c190833b2d8fb480e634e83,001104a86175ba89ddf6392c6ba8c6dc1d5f1b1d14242e2591d0d848f90b8b77,45c650dc7cba37cbbb51ed7475cbbb7944cf1f909c95de05631d4a9442374873,RESERVE_CANDIDATE_REQUIRES_RPC_AND_PAIR_EVIDENCE,False,False,False,False
tifi,bsc,56,2022-11-13T06:02:57Z,10,100,0x0537edffe4547c820ccf5746be03144e9a9dbb19,56:0x0537edffe4547c820ccf5746be03144e9a9dbb19,UNKNOWN_REQUIRES_RPC,-1,0xd8706a949e931fe6515acf67b2b31cf1125ffcc97eb91d84f3ca57e033e14f0a,22589467,UNKNOWN_REQUIRES_RPC,False,v2/contract_deployments/contract_deployments_30000000_31000000.parquet,0d12ca90369256d040cf542c85f6ffcf446e4e3e8d19fd878d446ff8ed9337b7,35d54694a7413b03b1d0ec139c44665bf9806ed256f2ec4c2ae66678ce8c921a,0006c1cee64895e1ab49daed4435f9e719d3fc678f17fb075710ca59db5cc635,1c19df644b867592c66756551cb911076974fd62d1d8254b04228291fd20b608,RESERVE_CANDIDATE_REQUIRES_RPC_AND_PAIR_EVIDENCE,False,False,False,False
tradeonorion,bsc,56,2021-03-01T16:31:46Z,10,100,0x925d67e6b2e86380833e7c950cccd3748d38baea,56:0x925d67e6b2e86380833e7c950cccd3748d38baea,UNKNOWN_REQUIRES_RPC,-1,0xb26d5f952af0456d6fcc63b8adfd9fb6a994df75805b58f35ffa0421a2f70dec,5238203,UNKNOWN_REQUIRES_RPC,False,v2/contract_deployments/contract_deployments_1000000_2000000.parquet,7529540c96f11e4fc0d376fd36b2953644bebebe317a864615e2d14403a341fe,505626f1d653d48b819091c6a0ff8efbb29ed67874a3cfc03be7159d0061c4de,00512af522a457c54389ce74e189c239af912106ddf577341d67f02d07b75c9b,68ad3a36556d87f8bc70f6a7fec0d213b6a6e9441a53bb30bcd4e785e76176d7,RESERVE_CANDIDATE_REQUIRES_RPC_AND_PAIR_EVIDENCE,False,False,False,False
trustpad,bsc,56,2022-07-19T16:52:20Z,10,100,0x3488cf2b5e772b4987c8a12640b91e2d0f1c514f,56:0x3488cf2b5e772b4987c8a12640b91e2d0f1c514f,UNKNOWN_REQUIRES_RPC,-1,0x3154719ee09b6b1cee1d6fb798e201e417ce9b2d67346595e3f48819798511af,18890978,UNKNOWN_REQUIRES_RPC,False,v2/contract_deployments/contract_deployments_29000000_30000000.parquet,3255e78e345aff80bfd6dfc7d760f4bda3a96fce4225cc3e128ce3d21ff32822,908e4f5024ef483a0c5032a96d995f6e6d48af33eb557641ae5782b2064b16de,000b3a566449fc154b7d24f8335b72515c3c4a6aa640fe5515b754985e92f909,1035ae19519d568a2afcb10f7589847f5c4cb6aebfc69810680197a855878482,RESERVE_CANDIDATE_REQUIRES_RPC_AND_PAIR_EVIDENCE,False,False,False,False
uearnpool,bsc,56,2022-09-18T03:28:47Z,10,100,0x1499d64f9a56831e7bb030b69a4c76ab589630d7,56:0x1499d64f9a56831e7bb030b69a4c76ab589630d7,UNKNOWN_REQUIRES_RPC,-1,0x28773f441274e004936d8e404abf21de726f247689d62b9cf4226072a5f2ffdc,20839850,UNKNOWN_REQUIRES_RPC,False,v2/contract_deployments/contract_deployments_29000000_30000000.parquet,3255e78e345aff80bfd6dfc7d760f4bda3a96fce4225cc3e128ce3d21ff32822,b248dd9175cd325798b441a63febeb08674e85fde093bf54795b467d67688a00,000bbdf9b29761c0f68c4bdd0844b83b77ea992ab61348aeb0d1094e9aba778c,3027ec901aa330e9e8b521b46ce66e009764e66e0bd048baaa41403ee0d43218,RESERVE_CANDIDATE_REQUIRES_RPC_AND_PAIR_EVIDENCE,False,False,False,False
ulme,bsc,56,2022-10-20T14:46:15Z,10,100,0x9d10034a8e3c970d0eed6b0cb1eb4c5875205fbf,56:0x9d10034a8e3c970d0eed6b0cb1eb4c5875205fbf,UNKNOWN_REQUIRES_RPC,-1,0x6845988950bc158c5e628a9e7376551ab353c414100a7787febb4e9670dc0459,21786730,UNKNOWN_REQUIRES_RPC,False,v2/contract_deployments/contract_deployments_7000000_8000000.parquet,54cb1c23725d5765da58c76ee4eb73bb326370e440cb6baab9e8463544906967,6f8f24893dc09f77c6be0b3e6e350361f278436b9afeb6af405ee7aa2b171bad,0012d029bfd27c4c5e335af598fce5262eced61e4f3d8461ea6e182111a0e95c,86d05c20b4c94f5fd021e047e3f1757d08ac25b197a56e7fce76cf71c927f221,RESERVE_CANDIDATE_REQUIRES_RPC_AND_PAIR_EVIDENCE,False,False,False,False
ulme_2,bsc,56,2022-10-20T14:46:15Z,10,100,0xde200a33d4c8577fd530be3f4263f9f00d848647,56:0xde200a33d4c8577fd530be3f4263f9f00d848647,UNKNOWN_REQUIRES_RPC,-1,0x777a30f2c02d02d603d323c20139f5bed20ab938dc729cd574c6b65136c26e8a,21623654,UNKNOWN_REQUIRES_RPC,False,v2/contract_deployments/contract_deployments_30000000_31000000.parquet,0d12ca90369256d040cf542c85f6ffcf446e4e3e8d19fd878d446ff8ed9337b7,e9d9a1c6eee4af549c6e8aa10994c708a2a44ad76131617b599a691ab684c23b,001229905dcc376bc8073cba95209623a6d5147661bc000b09988ba1d6ef43ab,84d0841a2038fbab5bccc4e7b748e6db02563fddc65e015965e1d9a1c00b0a21,RESERVE_CANDIDATE_REQUIRES_RPC_AND_PAIR_EVIDENCE,False,False,False,False
un,bsc,56,2022-07-21T00:55:49Z,10,100,0xae28530f5a10391b7a57a25b92e3fe8f3c52f97d,56:0xae28530f5a10391b7a57a25b92e3fe8f3c52f97d,UNKNOWN_REQUIRES_RPC,-1,0xcf1de0a3dc2184480bc5504331130c6190e3757fff828698489a34c492a6e8a1,18941722,UNKNOWN_REQUIRES_RPC,False,v2/contract_deployments/contract_deployments_31000000_32000000.parquet,1096c453513646713a3b6185edd15651bf3a9599e2e334ecd82bcf3c939ca722,5015ec4005650e7546a6099cc14e7b2d6f1551a0286da8759db6c7e385a48674,0011ff486d224560d2593cc7a6bef859235109576ad104d36f8eb4818ace76ce,769ef064a6b3f116278f2e632b07a4c1de94201b3825b4696b08943cb707fb24,RESERVE_CANDIDATE_REQUIRES_RPC_AND_PAIR_EVIDENCE,False,False,False,False
unverified,bsc,56,2022-08-12T11:19:30Z,10,100,0x67c892b40f881c65d98e5fcb82fd907fa15f2993,56:0x67c892b40f881c65d98e5fcb82fd907fa15f2993,UNKNOWN_REQUIRES_RPC,-1,0x889d914e8dc512347ecbb64e236cba67effec067a4b7ffd17f724086c7ec5c50,20293166,UNKNOWN_REQUIRES_RPC,False,v2/contract_deployments/contract_deployments_7000000_8000000.parquet,54cb1c23725d5765da58c76ee4eb73bb326370e440cb6baab9e8463544906967,e499401b0da045c6c74d475cea204b968a79ca4b1bf03c83785da9c968c32a8f,000dec1280d98305b27a587d82126113877c359f06478cbea089776bf6298823,6c52c8c94cb0717ba0839be032e94c93b057ba52d60918263273867066f1c0e1,RESERVE_CANDIDATE_REQUIRES_RPC_AND_PAIR_EVIDENCE,False,False,False,False
uranium,bsc,56,2021-04-17T06:34:05Z,10,100,0xe12e2b214d26769be047df078e007c16b6004f8f,56:0xe12e2b214d26769be047df078e007c16b6004f8f,UNKNOWN_REQUIRES_RPC,-1,0xc670b4e623661a767ca492218e513536213fae32ba0cc8d760eff79c9fa9a01a,5848219,UNKNOWN_REQUIRES_RPC,False,v2/contract_deployments/contract_deployments_30000000_31000000.parquet,0d12ca90369256d040cf542c85f6ffcf446e4e3e8d19fd878d446ff8ed9337b7,65e801025e7654c4513d268b3e62f452a9c1b0658c9c5ecca3959d12d816c5ba,00127cb3ea4bea7e7453dbc166e698b6038c8af93fbc59868fcb0a4c55eedc7e,a211dd7e79720b0e361dacd4bd9ea4a17ef85514b92629acee8a187c481883ba,RESERVE_CANDIDATE_REQUIRES_RPC_AND_PAIR_EVIDENCE,False,False,False,False
utopia,bsc,56,2023-02-25T12:24:16Z,10,100,0x6992d9ec452ce6d7f49fd43aa19da21e835b3018,56:0x6992d9ec452ce6d7f49fd43aa19da21e835b3018,UNKNOWN_REQUIRES_RPC,-1,0x36e83c707d10d326e93b5e4b43948849bfbc94a7fbdd71776acbead5d7473891,25526559,UNKNOWN_REQUIRES_RPC,False,v2/contract_deployments/contract_deployments_6000000_7000000.parquet,408541b1fff35d9d72eb413a63bd7e1ecdfd299daa7ca67b3c7185856aa6aef7,0ac66cf9d2352495e7edeb0ec999b2211812768c5ac0ab4fff9a7321e22f34a4,0013f2df63cf440fde0947a123d967c9b630df86efef8ea669a00c2c1e36d26c,22133c8789653a971131824fafdaa6cc8f235652978d75bf029ffc16892bb2bf,RESERVE_CANDIDATE_REQUIRES_RPC_AND_PAIR_EVIDENCE,False,False,False,False
valuedefi,bsc,56,2021-03-06T07:52:08Z,10,100,0x1b85988801d47bec93a2b07621c6d4226343fb68,56:0x1b85988801d47bec93a2b07621c6d4226343fb68,UNKNOWN_REQUIRES_RPC,-1,0x22b695c7be13c2b21d9d5fe901fbe765a38a187bcc47be050930f9fabe4c8fc5,5309166,UNKNOWN_REQUIRES_RPC,False,v2/contract_deployments/contract_deployments_1000000_2000000.parquet,7529540c96f11e4fc0d376fd36b2953644bebebe317a864615e2d14403a341fe,b479378034d0b860ae694e74ec204aaf9eec307b2e32206891cfbfe954f536b5,007cefb0fe177cafee6eba22ab1fabc81452619ea5cbfc960f3b90f836f8e09c,f3c72191b3be72098339a53eeb1b7c87641653ab97f9b7fa79d7db749fbc36f1,RESERVE_CANDIDATE_REQUIRES_RPC_AND_PAIR_EVIDENCE,False,False,False,False
venus_the,bsc,56,2025-01-28T15:33:23Z,10,100,0xbf913d29365f2a72a995b9573edb0ce8a0f0bd8a,56:0xbf913d29365f2a72a995b9573edb0ce8a0f0bd8a,UNKNOWN_REQUIRES_RPC,-1,0xa1ef00bb10c2770c7efdf4997ecad1170e1397e671037e5cfdb6b4b96039153f,45317941,UNKNOWN_REQUIRES_RPC,False,v2/contract_deployments/contract_deployments_30000000_31000000.parquet,0d12ca90369256d040cf542c85f6ffcf446e4e3e8d19fd878d446ff8ed9337b7,d51229578ba58dbef882adfc01370ff23cc82d86a04b31d537e009716c8cbeea,002fb947b1f40d6fd6e84ae024e66b6af60810736871acb147b9680c1dbd7605,d2d1124c3b50dc3207ad650f927bdd5096a3744d134efd2b3ca9b60acaf615db,RESERVE_CANDIDATE_REQUIRES_RPC_AND_PAIR_EVIDENCE,False,False,False,False
vista,bsc,56,2023-07-20T08:36:40Z,8,80,0x19731235cd962973c1728eae28ecef5380c69e44,56:0x19731235cd962973c1728eae28ecef5380c69e44,UNKNOWN_REQUIRES_RPC,-1,0x31c3f26e2a6d8beab5116aefeab6ded4f04d58dc0477a76c1284c5a81c7d3839,29479624,UNKNOWN_REQUIRES_RPC,False,v2/contract_deployments/contract_deployments_31000000_32000000.parquet,1096c453513646713a3b6185edd15651bf3a9599e2e334ecd82bcf3c939ca722,36faea91d71f59c54b1e44ca520ad74af490acb67f54b6c938cdde8d9e3d6393,001b43e406009782231ab75a8ff5131612534d7910ec29eadfb3f686e51b3b64,dfc24a73a50cb30a05c1ffaa52d66cee395da44bb50dad71154e96aaa1143bb0,RESERVE_CANDIDATE_REQUIRES_RPC_AND_PAIR_EVIDENCE,False,False,False,False
vtf,bsc,56,2022-10-10T13:43:10Z,10,100,0x950fbe392e04071a4fc0bc8d874b79efc344886f,56:0x950fbe392e04071a4fc0bc8d874b79efc344886f,UNKNOWN_REQUIRES_RPC,-1,0x2496eaec8a8be015c92092b987801bf858825455cb7433412af90c7864dca16c,21558257,UNKNOWN_REQUIRES_RPC,False,v2/contract_deployments/contract_deployments_30000000_31000000.parquet,0d12ca90369256d040cf542c85f6ffcf446e4e3e8d19fd878d446ff8ed9337b7,740daf0d695383d1c3ec7cc4f20ffbc6cd23ce0fb5e046637d066acf8fa0d995,00193a44bf357cbf748037204e5aea2d20aa5124435a11c104ed6c0ba7d114b2,da4a29d11e37dd81cdbcd6f965288f238e9fc3b84296b7d7e040645ea5735221,RESERVE_CANDIDATE_REQUIRES_RPC_AND_PAIR_EVIDENCE,False,False,False,False
w_key_dao,bsc,56,2024-11-08T11:47:51Z,10,100,0xcba0c14e8909b909f0e3a4516cbf0f8930cf9a48,56:0xcba0c14e8909b909f0e3a4516cbf0f8930cf9a48,UNKNOWN_REQUIRES_RPC,-1,0x222f46ee6f280322935fdc8e58705080a735c850b8d56b117a62d4c523c18703,43821818,UNKNOWN_REQUIRES_RPC,False,v2/contract_deployments/contract_deployments_29000000_30000000.parquet,3255e78e345aff80bfd6dfc7d760f4bda3a96fce4225cc3e128ce3d21ff32822,5d3d30009db4d7e0dc7ad3f540820538794bce17b1f61877ee0b3eabf675d356,001fe6fe4611e9fc82f3a5f0ddce375fb83a318ef2b1c2bffc98eb45b44fe62d,6ed40be4c856757bd3c8bf5647a5a937439c92efc6863fccb5b196a02533abea,RESERVE_CANDIDATE_REQUIRES_RPC_AND_PAIR_EVIDENCE,False,False,False,False
wdoge,bsc,56,2021-06-04T02:12:45Z,10,100,0x526e50d817163c879ff847a5e1d7fd279086a130,56:0x526e50d817163c879ff847a5e1d7fd279086a130,UNKNOWN_REQUIRES_RPC,-1,0x0bc155368cce5523e647b6f44e313181d1e403549794ec66e55abc6a2580e52c,7152735,UNKNOWN_REQUIRES_RPC,False,v2/contract_deployments/contract_deployments_30000000_31000000.parquet,0d12ca90369256d040cf542c85f6ffcf446e4e3e8d19fd878d446ff8ed9337b7,5e4887c55d17ff36b0f2ff286ee2778da2f193e21ddb46afcacefbb7f7d7fa37,0006ffec77ed575d53a0b154b0c8521182d7bc487e90d617c639626a7548b594,29c3f6a67af89b5d1c722607178764a1ca0c17149effdbc00918a7c0ca3d566c,RESERVE_CANDIDATE_REQUIRES_RPC_AND_PAIR_EVIDENCE,False,False,False,False
weco,bsc,56,2023-08-12T20:33:34Z,5,50,0x9fbd6973f7e6e49eac8ff2eb857fdeed41d2e482,56:0x9fbd6973f7e6e49eac8ff2eb857fdeed41d2e482,UNKNOWN_REQUIRES_RPC,-1,0x70392c949ae97b6b7f21fb72284a4bb5b47744be4b43dbd475cdf0fd8468a9a9,30265928,UNKNOWN_REQUIRES_RPC,False,v2/contract_deployments/contract_deployments_31000000_32000000.parquet,1096c453513646713a3b6185edd15651bf3a9599e2e334ecd82bcf3c939ca722,9b52785f380f48d43030bd727a6dfd41e013af56dff1b460354a855835715c77,001d052e9800f47b7c7cee88069a04959674ec0497dfcb364053c1f9d5b0a2d8,25fc9c39d3345e06219a8601dab5c7af154dac3437e4eb962125240174e50288,RESERVE_CANDIDATE_REQUIRES_RPC_AND_PAIR_EVIDENCE,False,False,False,False
wgpt,bsc,56,2023-06-20T07:27:30Z,10,100,0x80ea2d577f03f13b809233508ed68aa81c97c17f,56:0x80ea2d577f03f13b809233508ed68aa81c97c17f,UNKNOWN_REQUIRES_RPC,-1,0x6abaec4e27f8aac9e6a7134e4412e25bcf095732f54ceeb9b3ed351012c0ccac,29238991,UNKNOWN_REQUIRES_RPC,False,v2/contract_deployments/contract_deployments_29000000_30000000.parquet,3255e78e345aff80bfd6dfc7d760f4bda3a96fce4225cc3e128ce3d21ff32822,2afb7e2b27e3f16b3091b2ac197b9861fff79064ccc58da034700a8b898279e8,000b2cbbd402804aa04a2e36af29f31bd4b90887d2751a76dbb620b5c44dcc04,4ba666444fda02d1ef443d95b98e893860e2e43c23efa6d266ad017fb57e5f3e,RESERVE_CANDIDATE_REQUIRES_RPC_AND_PAIR_EVIDENCE,False,False,False,False
will,bsc,56,2024-06-26T10:52:52Z,10,100,0x0000489024300724c4cefc05259006c770860000,56:0x0000489024300724c4cefc05259006c770860000,UNKNOWN_REQUIRES_RPC,-1,0x525b2faa0920041a72a8d03d95206e50642db6a5e5d0ddb5f6be7c61078f83c5,39805759,UNKNOWN_REQUIRES_RPC,False,v2/contract_deployments/contract_deployments_31000000_32000000.parquet,1096c453513646713a3b6185edd15651bf3a9599e2e334ecd82bcf3c939ca722,2afb8b7304ee793e698ebf56b4004d4b7d1330284ca7fcd466f335b1bbe97c8a,002f38de2e58831fbc93aae90e14a2a2438cc00711fc784389941e578e01ad49,7300112f1b370b1eecaa2edcf609bc6097a35a4c67a1d8e07971c4de5604eeb9,RESERVE_CANDIDATE_REQUIRES_RPC_AND_PAIR_EVIDENCE,False,False,False,False
wsm,bsc,56,2024-02-09T13:58:58Z,10,100,0xb01abb87721be66f5d8efb2103c8cbd5358b14e5,56:0xb01abb87721be66f5d8efb2103c8cbd5358b14e5,UNKNOWN_REQUIRES_RPC,-1,0x65fb0d917184cbd5f204989748d99e722a66be2ce97cff812a35ed858a2c0e71,35123805,UNKNOWN_REQUIRES_RPC,False,v2/contract_deployments/contract_deployments_31000000_32000000.parquet,1096c453513646713a3b6185edd15651bf3a9599e2e334ecd82bcf3c939ca722,4b48ce837783009dff12c943b497267a381e7451ee9dd62474ba54ac19f4dec8,0017145ab79872e7d4909cc675bf9e7cd2b911066fc8cc95d12e358da784e2e8,44e2d5809f0bf4a67f1e30838e8cb59c4e65f1be414f5474e57e251a6e0295f3,RESERVE_CANDIDATE_REQUIRES_RPC_AND_PAIR_EVIDENCE,False,False,False,False
