case_id,case_name,chain,input_row_sha256,envelope_path,envelope_sha256,counter_authority,historical_snapshot_status,historical_snapshot_source_receipt_sha256,historical_snapshot_identity_receipt_sha256,historical_snapshot_source_provider_family,historical_snapshot_identity_provider_family,historical_snapshot_schema_valid,historical_snapshot_hash_bound,case_artifact_path,case_artifact_sha256
ca2-5ec981d26607ce3dec41,- ThoreumFinance,bsc,59da8fdd67d895e05e3eb415c109c1bb28d1416e6bfb6e7b70625e4eaa2f1240,cases/ca2-5ec981d26607ce3dec41.json,b5a4b6d307e0a2fed6bd67e784edc029df321027482bcc77cbcd0748d1ea728a,true,HISTORICAL_SNAPSHOT_VERIFIED,05edddd45d9a7e9557a070a9ff070c7ee36826bf5762723be77a15472b1c2d50,05edddd45d9a7e9557a070a9ff070c7ee36826bf5762723be77a15472b1c2d50,alchemy,infura,true,true,cases/ca2-5ec981d26607ce3dec41.json,8f4dcd5566052401a9640afbf6d8c792373e8a0b73b5c7ed4135dbf718c8f2a9
ca2-c9c1817a98610ef26f01,88mph,ethereum,45a37210aad0a6002b9a69c89f8a8d7f8243bb0797c992dc1067b223b179dd2e,cases/ca2-c9c1817a98610ef26f01.json,93e9c4ce88a0a95a92e0337e0fa7cb6e9fdccb0f6cc69822ca6cbf7a653b25ba,true,HISTORICAL_SNAPSHOT_VERIFIED,312d5906d87bf8cb49653b13954a310009d5af0dcfaa23f06f3bcc92c6e74c46,312d5906d87bf8cb49653b13954a310009d5af0dcfaa23f06f3bcc92c6e74c46,alchemy,infura,true,true,cases/ca2-c9c1817a98610ef26f01.json,2fde88aa30a8f3666a03d93e8c5f2be95196abc39c084ab17b6fb34a41228cb1
ca2-6330139e9160d6464fd9,ATMBlindBox,bsc,bda3b3c4cdd9eaf5cd022152504ce35ccf423df50df9676fa13f44f05759fe0a,cases/ca2-6330139e9160d6464fd9.json,75cf5623f3d817f42c3333be8b0cc6db9a0380909b79c6b50468918e521e418a,true,HISTORICAL_SNAPSHOT_VERIFIED,c4c2c7b372db5a3196062dba8a481081e5bd2616741893336c3b83454e7b5276,c4c2c7b372db5a3196062dba8a481081e5bd2616741893336c3b83454e7b5276,alchemy,infura,true,true,cases/ca2-6330139e9160d6464fd9.json,63abcb0c985695d5a638a054ba7ca091cf7ceff07447aea35f0a2b8f477f0931
ca2-ea9f778a9d9aef43fc02,ActivePoolUrgentRedemption,ethereum,e8a626c410a80d0262cc65279a3faab09c02b13a796b89fae7f9cec722ec7efe,cases/ca2-ea9f778a9d9aef43fc02.json,8f5a577cd2fdf9b4d926ef4aea66405fdfa976c26c646b6ca165d6d3807bf6a2,true,HISTORICAL_SNAPSHOT_VERIFIED,5381211fd1c4be4cd8429061c701f1ea18b596954e49def47aab35acd6f31e3f,5381211fd1c4be4cd8429061c701f1ea18b596954e49def47aab35acd6f31e3f,alchemy,infura,true,true,cases/ca2-ea9f778a9d9aef43fc02.json,e9ea4625f27fe7880ce1645ae43c26ee4917e2573020ba63b61a9011d8bd94f9
ca2-5600aac7a0790bee4d8c,AutoPooledTradingBot,ethereum,1833a7f26d81283ee606a937184e4fc6c98025096d855baa01929acdd7f68e8d,cases/ca2-5600aac7a0790bee4d8c.json,3558013eab07650ad9d2883da6a19162e41c5edd9dd2dae0bc46189a3b956a92,true,HISTORICAL_SNAPSHOT_VERIFIED,1f6e7860f305575e04819ca02a389779d5a8606f8e2b24cb478b30875daa617c,1f6e7860f305575e04819ca02a389779d5a8606f8e2b24cb478b30875daa617c,alchemy,infura,true,true,cases/ca2-5600aac7a0790bee4d8c.json,d09c7682507aa114fa4c8b2c347ba7f657dd3aa47235d2e88020a6d7b8140059
ca2-5e2c8b988ed2dd09b840,BaseBebopSettlement,base,9783d7d2bf87ce5ec347e58f708aa069a72002c1a50cf4379971bcd84353fb34,cases/ca2-5e2c8b988ed2dd09b840.json,b673833b0c4e1a60cf852d1831d37fdc59830650a9ae865768307de40da5df3d,true,HISTORICAL_SNAPSHOT_VERIFIED,80d78f3b013ad4d590f916a5336257e46861b774b88817bb58664076d084099e,80d78f3b013ad4d590f916a5336257e46861b774b88817bb58664076d084099e,alchemy,infura,true,true,cases/ca2-5e2c8b988ed2dd09b840.json,caea9e0d36dfd8015610a47b0739674a273dd5ef2b0a04e34884202892c5f251
ca2-324926ca92042b3a084e,BetaPresale,bsc,90a55a646a6f508b6813781b5213818eb9c680936f8bd4d75af3a396e28cbcad,cases/ca2-324926ca92042b3a084e.json,8802f9815801c97e3ccd7b244169178a89b98d9e9bc535d4ce339b56eff394e5,true,HISTORICAL_SNAPSHOT_VERIFIED,4ae63441fef89850b598b44ffba0a4648ffa32256f5bc935f70852f01590efad,4ae63441fef89850b598b44ffba0a4648ffa32256f5bc935f70852f01590efad,alchemy,infura,true,true,cases/ca2-324926ca92042b3a084e.json,b51554a268b1f016620b2a356bb3a15167ba3f757c7318bbdf38490a61ea1247
ca2-5d15ea73c6fd71a4407d,BitCrown,bsc,9bcee2f2ca227dc0a9d77c8ca8f11ea3cfc14327ba3cc11a440673a55942ae78,cases/ca2-5d15ea73c6fd71a4407d.json,631ef1ba31966a124dcfdca70ebfc730a34d5cbfc125d2c6572e94287f3493c4,true,HISTORICAL_SNAPSHOT_VERIFIED,659494c41d9e37cfcb8a8d0bc41b6d70435ef3338a845c90582a428d3b14c451,d624ca847361d60e2e1d2988dbde9b3fbdc16dd52125ab9ce14e935e48a21a2d,alchemy,infura,true,true,cases/ca2-5d15ea73c6fd71a4407d.json,ebf2bea34471f90d0b9633d8436d015b5867fa4f8b3484d57be65035b38d6291
ca2-2fce7b426138574319d9,Bitallx,bsc,caed93e38b029c6fe08a28ab8ae886c4b513e98381161bf78f13488baefbdc72,cases/ca2-2fce7b426138574319d9.json,ec015d62798751130cc8ff33eaeac18780202b8ad6448592bb5c8a434f1adeed,true,HISTORICAL_SNAPSHOT_VERIFIED,687e89193934ae97b9131e680e537feb43600cc42824acbd5d80ee626baf03a2,687e89193934ae97b9131e680e537feb43600cc42824acbd5d80ee626baf03a2,alchemy,infura,true,true,cases/ca2-2fce7b426138574319d9.json,d8fcbe9ee676d3bf17ce563992432d28481b22f17e5953c860ce0e4638c578c1
ca2-b801a4d001ea7844b2c0,CookFinanceIssuance,bsc,353d1289291f7e39ed73e76c835d6f2d11b1dc67716b65e1db09b05ca25c7a57,cases/ca2-b801a4d001ea7844b2c0.json,f8d92f08b390660ea21e2195eb7d83e31b80a57fa95b705c0a3cc2e5009457bd,true,HISTORICAL_SNAPSHOT_VERIFIED,281b806a75f5a5997ba797b9779704c2ee90452624f6d482bc164afa48d41ba7,b00f2cfb836b43943620b180c7f1102a4fdad24ef6627ff4735a26c3b73644fe,alchemy,infura,true,true,cases/ca2-b801a4d001ea7844b2c0.json,6e4e073882e8ad0b694496db179435d6aac2e1df6fa8d939948ca604df4e9b66
ca2-549aa2c44edd65acedb7,Crosswise,bsc,ec8a3a51ddf2729a249cab15c46b7dc1ac4a9fad277c24b8b06193d1ed65c921,cases/ca2-549aa2c44edd65acedb7.json,713c31e04c38c61499f40bc13029bb9a3d16a1fc2ef2ab0767686a4576a01718,true,HISTORICAL_SNAPSHOT_VERIFIED,7261151e1f0fedee0e6aa13426f0e5ae1726e1a75e1d54836cd5a90fb7811155,7261151e1f0fedee0e6aa13426f0e5ae1726e1a75e1d54836cd5a90fb7811155,alchemy,infura,true,true,cases/ca2-549aa2c44edd65acedb7.json,ffe5f5f1e7e1234bb8daaa410b524f704293b4c493e36d48d970d7341e538d5d
ca2-f7368dc0ef887de15bf4,DEXRouter,bsc,9a584b457d9a9338738719fc8e7d570a1e0de01a78fbe5629ab37176035db860,cases/ca2-f7368dc0ef887de15bf4.json,df1aee087e4119067bb12871c7e8481779a05c86a6b1a8354271fc0112b24983,true,HISTORICAL_SNAPSHOT_VERIFIED,ed08a0deab5a0dbde03a81d8995d10bac1ec30b3bd4fd7b67f6c351a19b6b9f5,32f9f6e56108cba4d4be09e1e39b7673d7ce7cffb9c46af34e7df0357b554ccc,alchemy,infura,true,true,cases/ca2-f7368dc0ef887de15bf4.json,708ab44905d935d62b395dc31d8f0088be8e6ef623a66ee092025dcd2362998e
ca2-9d76878011d42a78b09a,DLMC,bsc,ba932f54db362f76e5b98721926b758e1f54c777239dcb6736e806212d700715,cases/ca2-9d76878011d42a78b09a.json,38de181525d7fe5cf1c0a624279a5c18ea3fe441800d1a1edd34ea9a912932d4,true,HISTORICAL_SNAPSHOT_VERIFIED,d490e57e1896279eaf433c3c09aa8a49c549351bb4cb608c6c1cfea380d33c28,79bf7f88b70faf25217588abacb7856c7bda6eb9e4feb13bb100cb11674017e2,alchemy,infura,true,true,cases/ca2-9d76878011d42a78b09a.json,97db2d6c1dcc8febe75692851751f769732a030bc0e526249194a53258771d3d
ca2-0fd406d4a5d581dc9171,DogeAlliance,bsc,5a774067dcb98146f6a8f828d159be8045291b4a98e3c021d323d9575b8cbbcf,cases/ca2-0fd406d4a5d581dc9171.json,15d1b8a0aa6fdd342a4c557be315ca5a16253f2b549f583c3e28908d41c1a481,true,HISTORICAL_SNAPSHOT_VERIFIED,34ab7cbf3111f4a3a326cc62469eabf790a4404e3a2d99ea4d716883721448b5,34ab7cbf3111f4a3a326cc62469eabf790a4404e3a2d99ea4d716883721448b5,alchemy,infura,true,true,cases/ca2-0fd406d4a5d581dc9171.json,3281809ebf07bb8af3c907426202074fb38ccac6b33cb4332450a4104c26f6a0
ca2-5015a9e901810cc6c613,Dumbo,bsc,a01b098ef01b9c04b0dd97b2dc2e5ed2e79ffa37428d5d4e3279c1be9d29b409,cases/ca2-5015a9e901810cc6c613.json,940b1b8c5e10ad919ff76aae39e7b374fe898aa18dc8cf3143c5daccf42d4e48,true,HISTORICAL_SNAPSHOT_VERIFIED,b0e644524bbe9243486b4ff4236ca169eac168d9da273f9daabb6f82f0f4cdc6,b0e644524bbe9243486b4ff4236ca169eac168d9da273f9daabb6f82f0f4cdc6,alchemy,infura,true,true,cases/ca2-5015a9e901810cc6c613.json,66a2a547ebee9c5219c1766f51de4bffca04f19e9f3e249a7615d7377aa52159
ca2-30b42ce7f2f4b08cf742,FlyLong,bsc,cc4b2762da62f7bb2b772b6f6579b716db9b7a9ea3fe223b21c41be59e6867ec,cases/ca2-30b42ce7f2f4b08cf742.json,e12f3857a4e794340336349700241d75290576bdaba6e1ce8466aa75e4cc86be,true,HISTORICAL_SNAPSHOT_VERIFIED,5dc97ec651bbec4f6390200e1e68e47857df3f87f33ee7adedfd5ae276745cf3,e131857ded7235338d2a9224f883d8dcd1203c71eda1c9a6ce44afa9059f557c,alchemy,infura,true,true,cases/ca2-30b42ce7f2f4b08cf742.json,e1dd660a2379b6d3647e1658892651a8a146077f02b3dc77eb9b805966b853fe
ca2-ba9bcac83757e0db9b90,GMT7,bsc,56f8948ac992c08becf803b05502de667517729c9cef2bee50bbe2700d2dd239,cases/ca2-ba9bcac83757e0db9b90.json,2e24145bbaa80a911227883e265e4e0bb705cb6f645a2f849727b665c17a2d71,true,HISTORICAL_SNAPSHOT_VERIFIED,532ed2731b4f2dcc86bc05aaecb46cfbbe146509ed929b627659d98745d10f72,532ed2731b4f2dcc86bc05aaecb46cfbbe146509ed929b627659d98745d10f72,alchemy,infura,true,true,cases/ca2-ba9bcac83757e0db9b90.json,6908085c9b1444d435173055250a1f7be88d21df32dfa955bf06cb6540c9b1dd
ca2-0064b472336ec4210007,GiddyVaultV3,ethereum,53dfe0b0c269ac5033871ea809146c9ff40b45e9fa040c791fe3ca6a432f2048,cases/ca2-0064b472336ec4210007.json,3b6e1c24bd8ad054727daea0e102c1a9c8ea0946c679fb4372486b800e45d3a7,true,HISTORICAL_SNAPSHOT_VERIFIED,eb62895cfee52663b4ee83c6191e58e519529a1d6c010069ddc04d7ee1924da9,eb62895cfee52663b4ee83c6191e58e519529a1d6c010069ddc04d7ee1924da9,alchemy,infura,true,true,cases/ca2-0064b472336ec4210007.json,a1132612d6ae2f6640163040f01d0fc93f9a7c98093f708da89014b28b3f5bc2
ca2-a1a34caf1169e8bc37ff,GoldReserve,bsc,f6bf844d1c0dca420ded301e45e67f0469af625f936b8eabeeff46a1333d5b75,cases/ca2-a1a34caf1169e8bc37ff.json,69a71acd26a87ebd1110e22bb5f8b2ba39d209cd0860d50bf1febfd777816ad0,true,HISTORICAL_SNAPSHOT_VERIFIED,f6015a25ccd5af3c0d20187c8cea9eccdf6e8498e83bbca9392adadeb7d19183,f6015a25ccd5af3c0d20187c8cea9eccdf6e8498e83bbca9392adadeb7d19183,alchemy,infura,true,true,cases/ca2-a1a34caf1169e8bc37ff.json,fd484cf7d9f3ea6eca5b20bc07e8cd10ff9bc0e01439fefddb78212b6fe221b0
ca2-d6090a50e7b7e86d2afd,HORS,bsc,485e9be5ba83e66354a962e30c515fd4cc7b4f5238aae3e8f16450e5f9d0c905,cases/ca2-d6090a50e7b7e86d2afd.json,ef1ceff8995d9f54730ba8240bbc636b15bfde26dbceed070d69a3059763959f,true,HISTORICAL_SNAPSHOT_VERIFIED,ccee26f1efd84e0b249464df5a68ad928990a72739f469b436e5feb7ceace7b3,ccee26f1efd84e0b249464df5a68ad928990a72739f469b436e5feb7ceace7b3,alchemy,infura,true,true,cases/ca2-d6090a50e7b7e86d2afd.json,89050baa9ee0a0cfebe266d2e09053ab8c7e9dfb2cc4f93746967eaf7b38ce34
ca2-421dd5bf165b069c74f3,HoldSafe,bsc,d0db7ba5cb521ece80f151b553afdf1c4972fb368c1d2f642013d1df0e105b9c,cases/ca2-421dd5bf165b069c74f3.json,d13601ef27b3297b842bd9bad8bef9bf5d25f55a2be137dcbe198af7cbe2a4ed,true,HISTORICAL_SNAPSHOT_VERIFIED,2dcdd0227d10698f4e76314f8d871e12dde365b338893a5aa582279c036d01c7,3ff92473d122ac33436bb6c766bd40909fa97d6788cc8e9a782fc92828ee5c2a,alchemy,infura,true,true,cases/ca2-421dd5bf165b069c74f3.json,8871abc96bd3a7c0f5c3e955a25eb3af59de09a0a572b7eb0b260c8b47d5a7c5
ca2-ce4de12cb6ec0aa01094,JUDAO,bsc,8d911697cb264d258df1835882fbcb2dd484f3b74207d15d1194fa8ea893ab8a,cases/ca2-ce4de12cb6ec0aa01094.json,88eee0e5b4684ddbf7e295c10ae3d168e4ba850f2d0bd4865ccf1c2080e539bd,true,HISTORICAL_SNAPSHOT_VERIFIED,87ca2ad4c1978a9320f8decce0c7213d6d9a6dd5569d10a23ccf58844a7750a4,5f3c7f63b7f92d9f700bb70c4bef44e880f7b912ce28a19603f62d7faaff7b52,alchemy,infura,true,true,cases/ca2-ce4de12cb6ec0aa01094.json,d8dd6fb0f600691520bc5fc43b39a458229d93c60838a7c2313346385c91f717
ca2-2dee2c2a8e814aa3fa88,JuiceboxREVLoans,ethereum,85714a38447264178380a013ebf7b715cd3e206eac4c9b6187205b83aee3d7ae,cases/ca2-2dee2c2a8e814aa3fa88.json,06691d3d9250cc086ff244cc6f7c64c009bf949d1400b794fbc460ecccde3c87,true,HISTORICAL_SNAPSHOT_VERIFIED,53bf4530ab827a18fec4b7cf48a8eabdd4f6fb4120646c5d4ffeb58fae494902,53bf4530ab827a18fec4b7cf48a8eabdd4f6fb4120646c5d4ffeb58fae494902,alchemy,infura,true,true,cases/ca2-2dee2c2a8e814aa3fa88.json,b2f00c95c98dff85899e08cabc027b3e2b7d1b509d199ad3c0fed79e122efb09
ca2-698cd40308a0d9b400f7,LBP,bsc,37b7bcfab141ef2303e581a8d16d7d39a7c54296040626f0eaa4e4ef08bdae3d,cases/ca2-698cd40308a0d9b400f7.json,0d171817d1558b86e06f6ecac5a9193cefbbd9d728c6c23928500860a7195ab9,true,HISTORICAL_SNAPSHOT_VERIFIED,d79c29831c5a44c3c6bfd8c5046e15176ea764c41bb5733ba29f7a765c3b8661,2fc640f26af622863657c297c4ed43d87322a5462c8d61e967a8069a92160a0b,alchemy,infura,true,true,cases/ca2-698cd40308a0d9b400f7.json,56139a5cc7103d14598c570c1bcf8763f28dd892e87add1836453846c5d9e5af
ca2-c18bc2a1d0fa9e55db58,LeverageSIR,ethereum,2ae2c1ed598a413551c118896a1a19cec00594496015c157ea99662b783d312c,cases/ca2-c18bc2a1d0fa9e55db58.json,381ba8c3022abbbe01fa4e7d401b2c602df75768a896bb7cb237b1475a8ad4b2,true,HISTORICAL_SNAPSHOT_VERIFIED,b37beb5895e6ce1dbbefb86e494ffb06a51037e641a534013d2331d68e3ddffd,b37beb5895e6ce1dbbefb86e494ffb06a51037e641a534013d2331d68e3ddffd,alchemy,infura,true,true,cases/ca2-c18bc2a1d0fa9e55db58.json,c39db555285b4bc447dc1716f48bdd77ba1a8b6eee8e0c71c57acd07f310deea
ca2-8bd96b9bd5ce07a9bc18,MEVBOTa47b,ethereum,018f366fdb57e9871ea64d18173799024c7a0b684add9b2616e3851cbb36400e,cases/ca2-8bd96b9bd5ce07a9bc18.json,c1dff6d706e39dcd548df1e827f9612cf784a61572b2390602931208fafc2857,true,HISTORICAL_SNAPSHOT_VERIFIED,4996196edb0f920c7c1f69b123e2fe402ecce605669a977604a276e91a5afe80,4996196edb0f920c7c1f69b123e2fe402ecce605669a977604a276e91a5afe80,alchemy,infura,true,true,cases/ca2-8bd96b9bd5ce07a9bc18.json,69e8958c7f693dd9778f3d2472dbd6428a4f3be3063eceee7ffe70fdad233193
ca2-93a5245378ac7422b320,MEV_0ad8,ethereum,e5233ddf6bfe60909fd7ed1c165005347420a5bc070dd753024b444428ff9547,cases/ca2-93a5245378ac7422b320.json,10395d8b00a5ca458dca9875ad2cce8c3e35d5042d4c894e08f414250dc927ac,true,HISTORICAL_SNAPSHOT_VERIFIED,753b912546fa48a3fef82f294369a43a7084ad7d018245d348fb9d2d4707f8cc,753b912546fa48a3fef82f294369a43a7084ad7d018245d348fb9d2d4707f8cc,alchemy,infura,true,true,cases/ca2-93a5245378ac7422b320.json,6c892caa327830a16936a382c4beeaaab5cd22d7d49b356af414a51c178213da
ca2-fdb8417e3a94f2d5fc68,MFT,bsc,a4d1e4e403828a67b01ac4b5042b282f3d264b23ba4b9c7f331bd6ff6cef457b,cases/ca2-fdb8417e3a94f2d5fc68.json,ac80e57af751311a9bb74b49d66d446aa3ed23f43a5b6b22fe336a5ab66612ea,true,HISTORICAL_SNAPSHOT_VERIFIED,bf5b0ee1b3635a731b4c254808304a829b6f2e3f0e97ed8bf1d3ecf267cdaecf,bf5b0ee1b3635a731b4c254808304a829b6f2e3f0e97ed8bf1d3ecf267cdaecf,alchemy,infura,true,true,cases/ca2-fdb8417e3a94f2d5fc68.json,7f2d958afa28fe61fd78a89214001479def6e2fa16cb1b5964ade260c8302db9
ca2-b9bec467ee94f3fb52c2,MicDao,bsc,05ad532bb3d5526c5f3435f7e7778050e088ed2d3cc696556eea517d7c9f72e4,cases/ca2-b9bec467ee94f3fb52c2.json,72c8232b4eef12327089c7dfbb46cce91682396ee9ae0dc2321c12cd1e66d980,true,HISTORICAL_SNAPSHOT_VERIFIED,40190f63445f94bc68071069d6c405b28100c895fc9e7b98c48c24d639b26540,40190f63445f94bc68071069d6c405b28100c895fc9e7b98c48c24d639b26540,alchemy,infura,true,true,cases/ca2-b9bec467ee94f3fb52c2.json,1a726cf3b09e3346ef06ef9768398b5e8e6d41de4b279308c1bd19571e4d4e3c
ca2-9d4246988ce873fd7f25,MyCoinMaster,bsc,ed138e49f8308e26558b40f1df3a1ff4c9572961223bb00c2688fcb8e38c3478,cases/ca2-9d4246988ce873fd7f25.json,7a439c2a9f0e9cefc742f5a411d0f056e75091ff5eff4b0ba3cb9be509b9e5a5,true,HISTORICAL_SNAPSHOT_VERIFIED,6cdd619e1804f230e156b3ad3f390a5c0e36f5c326caceb1a4b8e6b31c0ea4a9,6cdd619e1804f230e156b3ad3f390a5c0e36f5c326caceb1a4b8e6b31c0ea4a9,alchemy,infura,true,true,cases/ca2-9d4246988ce873fd7f25.json,2397a48dc5c82609f854ec7cafeb521422beda729d51021dbd2ce08bf0d15b36
ca2-3626b19eb243950f0171,NFTG,bsc,be2dfcb00c860b62a5616cdbb206f008d33a1c2070eda2eb0a00aacaf1a18665,cases/ca2-3626b19eb243950f0171.json,da12b4c347a9456819ce4e6b73c0728421931cb68fa0322db7d9542c84c7e1b0,true,HISTORICAL_SNAPSHOT_VERIFIED,fc6ead9949deca92e93d63f96a50969e72125a16a4f6e95e05501ac08eb85568,b9da688847470412d207c651e006b158abc96440ce22d7d6f7bf694aa3671323,alchemy,infura,true,true,cases/ca2-3626b19eb243950f0171.json,9dc6fd7bbc6d22ea3233b752c9861a02b62f69ecc667918f897797db6b686030
ca2-b5392852b27dc3299291,NGP,bsc,37eb871fd8f5584df9687486b5875e8670e20b3cb6f44927d48991f761c0e8f8,cases/ca2-b5392852b27dc3299291.json,80a0c432cde10e05e8932017cf31566ee872bcd78ca31bc7b300014f0133da62,true,HISTORICAL_SNAPSHOT_VERIFIED,248aa844d75432f5b8921a0861c88eedd96d9f8753147c1291f9c6ec24721761,3af03560854d8921fb9666db53a9aae37ac5addd703149163daae39314028428,alchemy,infura,true,true,cases/ca2-b5392852b27dc3299291.json,4bb95b90a55e8be2e2964edb803fc1bd1b65dd02e88cd9762a641afdf2fc3633
ca2-b40a4160faf772fbf6c8,ODOS,base,e9bf39d741c094dc9b3b9314e64a44a1724db6c74c39e98741c0a86b04d27ceb,cases/ca2-b40a4160faf772fbf6c8.json,4b22210c13e4c0278f4b93ad1c20530815537c216dc0f6dff9c6e9faf1a0b23d,true,HISTORICAL_SNAPSHOT_VERIFIED,a615c34ec0737c12173bc39ca2a5c93ddf700fc42af2759ac34ec29e6386837e,a615c34ec0737c12173bc39ca2a5c93ddf700fc42af2759ac34ec29e6386837e,alchemy,infura,true,true,cases/ca2-b40a4160faf772fbf6c8.json,efc05e43311dbdd92adbfa40d51e2f645c71e25cb661a34b46e75bee72692690
ca2-9c986971a7cb2a1d5317,P719Token,bsc,009ca92b333b6db1d0ac26f484a4e8ccf8a0ab8c93013b2ca05e81668d552c33,cases/ca2-9c986971a7cb2a1d5317.json,c92c957cf2b7b495107a51bbe716cf8fdeffd47a9644fbb06a72426fbbb8f4d4,true,HISTORICAL_SNAPSHOT_VERIFIED,4a97e1a13db01829820fbd70dc2c76cde3e49ea17571b35ce222aa45e8a0a905,4a97e1a13db01829820fbd70dc2c76cde3e49ea17571b35ce222aa45e8a0a905,alchemy,infura,true,true,cases/ca2-9c986971a7cb2a1d5317.json,907724323e427a323833788bfde5c483bad03e52736865b39cfb22c2ba6091ec
ca2-1bee07e4cd2ee7c6892c,PegaBall,ethereum,9d431d7c9ddba0aeee949e9fd308266cfc19f5d1b8c8882e5b342e3a0c853910,cases/ca2-1bee07e4cd2ee7c6892c.json,f300752a9e40c869e01f7c18b8d390f1639909ed94f09928ab7ff6c43da6c5ca,true,HISTORICAL_SNAPSHOT_VERIFIED,0af7733eeb77e7588c14f3c198cfe87b0b66ba1257807cb6f559433a06369b03,0af7733eeb77e7588c14f3c198cfe87b0b66ba1257807cb6f559433a06369b03,alchemy,infura,true,true,cases/ca2-1bee07e4cd2ee7c6892c.json,ca2c4aec387d4b147b86856c0242e0390db96924b0951b3c87432b60459a6664
ca2-a40aff558c4a5d19fdb1,Proxy_b7e1,bsc,68da4a4ecb8d97648801e7cc8b0ff3c8e6c005f6160c37d78436a1ea514bb9d1,cases/ca2-a40aff558c4a5d19fdb1.json,cc0985af07cf489320046265f3a30666ae89b5befd4b643caf45ad055b0d53af,true,HISTORICAL_SNAPSHOT_VERIFIED,5f32388ce540e7d4249fb24c0e5c9b0858ce61c5277ca8f9d0d16bde6c81bd32,5f32388ce540e7d4249fb24c0e5c9b0858ce61c5277ca8f9d0d16bde6c81bd32,alchemy,infura,true,true,cases/ca2-a40aff558c4a5d19fdb1.json,2e8c4842f725464b2a191ae1f6a790f31a39725517d9714ae9eee7176da448a7
ca2-73f336f589a36742aed4,RICE,base,5200d686e90c184c627100c690acee968bb8c97cbcd82246e90cabf248c7e1fc,cases/ca2-73f336f589a36742aed4.json,e1051b9c353ab194989f1765dd5b9f1846468e7340f0f76741084600788599c3,true,HISTORICAL_SNAPSHOT_VERIFIED,6f41c6bb6d04dd4e40566d7e2b83ae28cd6f64de3bc5a0953117a923a7396328,6f41c6bb6d04dd4e40566d7e2b83ae28cd6f64de3bc5a0953117a923a7396328,alchemy,infura,true,true,cases/ca2-73f336f589a36742aed4.json,036c0c13b8da245582e7743169090b697c208e660851213f4f63e673ea4663de
ca2-637d0856b7b1d9ca4dbd,RWAVault,ethereum,e50add919e80726f5cb0491cb08c70bdacad31ec060f14673a6c0c4cd68e7a08,cases/ca2-637d0856b7b1d9ca4dbd.json,547f3c7ba655edd80afc8d3859ed1630b307058921fcddad4bb3a72eeae353ef,true,HISTORICAL_SNAPSHOT_VERIFIED,f61c8973e09c4be0015423332c0fc184b7e279c2ab97e482d0f644816d3fe18c,f61c8973e09c4be0015423332c0fc184b7e279c2ab97e482d0f644816d3fe18c,alchemy,infura,true,true,cases/ca2-637d0856b7b1d9ca4dbd.json,14a82a0dd4f4636c92e4539fbe97a10f0bc1567b6d04490e90e71d1f25f5cde2
ca2-ba570d8f796dcaeae5f2,Scorch,ethereum,37ad50ae8fb7ce4bb9ebc0de94c8f51cb7b2bb250748cb9932a2a61b7e718053,cases/ca2-ba570d8f796dcaeae5f2.json,7f182d31e1ffd51479ad2111aa3b95c78d35168e61ddacf7f63e45e4eee51db1,true,HISTORICAL_SNAPSHOT_VERIFIED,30a46429121a34797c87335ad79cb160adef5cd2a0937fc05ae572f0deab7830,30a46429121a34797c87335ad79cb160adef5cd2a0937fc05ae572f0deab7830,alchemy,infura,true,true,cases/ca2-ba570d8f796dcaeae5f2.json,c73c2284537b16de180d66488c28cb2e801b37de0eb5768b1e650772cff1f821
ca2-ca1ff798b4f84a39a35d,SinstakeZombie,bsc,ca6e6ba49f252ecd2593b5fb2dbe4c9463d06a5278cb1ced7ea42374aa0fa22b,cases/ca2-ca1ff798b4f84a39a35d.json,bbbcbc882a2988933d638fc1e47c0a64e63e3c0849ccae932af28009176ad4f1,true,HISTORICAL_SNAPSHOT_VERIFIED,b79522624ac07f761b2ee017f8876e8da67b1d681bd66023f573b23670eae9a3,b79522624ac07f761b2ee017f8876e8da67b1d681bd66023f573b23670eae9a3,alchemy,infura,true,true,cases/ca2-ca1ff798b4f84a39a35d.json,b1fe327beb0c6988f591e062174af27bd5d259f8f612002dce2f4f7bff612221
ca2-a2f6f3e29675d1bc32f6,SlurpyCoin,bsc,8a0a13611b3b61bca8f1a0ad4fa34e704772ede649e233a00340b7170415ec11,cases/ca2-a2f6f3e29675d1bc32f6.json,9da292f2c0bd18a4141f56ef704231ced5fd67569a72fa551fd2f6ddfa9f6453,true,HISTORICAL_SNAPSHOT_VERIFIED,9c831dcc773440ceeb6c4d22525633dae1705e0afb06f27d17dcdb3067004475,9c831dcc773440ceeb6c4d22525633dae1705e0afb06f27d17dcdb3067004475,alchemy,infura,true,true,cases/ca2-a2f6f3e29675d1bc32f6.json,2e83340e7159e1477e1f8793f3b0272f45667b1a0968edad556d23f224ba8add
ca2-c15651f1b54afa97c39e,SmartMesh,ethereum,82e1592a9b710cd8abc25b1574ba1bf965370a151f61e329c2fedcbe0193338f,cases/ca2-c15651f1b54afa97c39e.json,1ebfce01f1b88c824e95558b931017804beaaeb479ce9fe9125ace24f7cd625d,true,HISTORICAL_SNAPSHOT_VERIFIED,7322b9196f57aca369ab7b6719b0b14be47d08cb7e11694d68264baad14e6180,7322b9196f57aca369ab7b6719b0b14be47d08cb7e11694d68264baad14e6180,alchemy,infura,true,true,cases/ca2-c15651f1b54afa97c39e.json,014ccd755ee56a09797693f147f5935a6c3cd03acad36e4b30a4c8bd1e37fc8b
ca2-38de662649bc5f386b3b,StakeOnMe,ethereum,4b9c5f4a510fe49aef334c76a4b55fafeea3ab33b0f65f0b5280281abfccb4c2,cases/ca2-38de662649bc5f386b3b.json,cf61b5dbdcd1eb2b6e97bb711a870355ffeb7317ddecdb2c4b20d23332e624d5,true,HISTORICAL_SNAPSHOT_VERIFIED,91c568709724efbd7325e614e8f803c8990c969931abf739e83d106de5a961c5,91c568709724efbd7325e614e8f803c8990c969931abf739e83d106de5a961c5,alchemy,infura,true,true,cases/ca2-38de662649bc5f386b3b.json,a7fb2d3c8f25f8e928f42ea57d286d1f1cd3a981b5566aadf04ebfee359fcf43
ca2-c066d2de3bfd20c10ce0,StepHeroNFTs,bsc,c82ccb3fe46ddebe8da1d7d0950b0a00d367f407d4bbb797fb2501c5a7d557fc,cases/ca2-c066d2de3bfd20c10ce0.json,2bd6f22842ce9386853056f5626046b0c65a0f05d1034eac08d0661c0d0b37d1,true,HISTORICAL_SNAPSHOT_VERIFIED,a74da1f054553792b94b896ca92e4a6e0ded2aa44869efa99c2cd241b189e9b7,6db4edf4c7340540ac519dbb9b2c7c3e4c6094a7a6d8f65f00ea5e07e42ecdcd,alchemy,infura,true,true,cases/ca2-c066d2de3bfd20c10ce0.json,a8082841cbe3e1075607fdd1a4cf6adc47ded85f5050906e86983dbb72053b59
ca2-6f776e614c2662f41a7a,StrategyLlamaLendConvex,ethereum,cb9f2c251ad1bafe7f971d35af774fc1549c79fd435f45d0f2f8706cb2b26b2c,cases/ca2-6f776e614c2662f41a7a.json,4781b6a3be1dd5d88a7839293cb0b034ee5ef4df2c4ed9c5531e45f05e97d392,true,HISTORICAL_SNAPSHOT_VERIFIED,eefaff067dd76545ea445d79431faa4af1b498c98806e14319bf7a73a210abc7,eefaff067dd76545ea445d79431faa4af1b498c98806e14319bf7a73a210abc7,alchemy,infura,true,true,cases/ca2-6f776e614c2662f41a7a.json,ae7f0673f1f99bfc8d3f4d8ae2c37cbcfa5cd663fd0b321727fcd02eb61825ad
ca2-7d57548f67767829ee9a,TSAggregatorGeneric,bsc,294cc974065b5028e84a8f6d3465c4e4a9d67c94db919e89579529d73e732bdd,cases/ca2-7d57548f67767829ee9a.json,54942abbc9ac7bc66e867bfe042a77a187169d0212c82f5ce2fa21e1356a52e9,true,HISTORICAL_SNAPSHOT_VERIFIED,1ce4bc69b3f04a01e8afa7c9a01b489723f915771ae154b10b7d6ac9da2f912b,cf028f1a267fabad2d59ee3fc190654a2a7b63b29902bd98c6d8e4f178e62048,alchemy,infura,true,true,cases/ca2-7d57548f67767829ee9a.json,595fb06c47a782ca47b6ed954ee208ac5b2ec02465ef8a0ade47a10e58c4163c
ca2-37b12c1f2e2b7af31377,TokenFactory,bsc,17f1989f6894448c0eb6ea5d498489fde8749d3658843898352f78d908b82790,cases/ca2-37b12c1f2e2b7af31377.json,d5d89e72013f0ac816164d081edde9a0a577ddbf8244f8731027eb3741f282d8,true,HISTORICAL_SNAPSHOT_VERIFIED,ff64d466cb8a0ef2be00b64d7905ad3c16af188c47a4eef8d360e66fb1dc5863,ff64d466cb8a0ef2be00b64d7905ad3c16af188c47a4eef8d360e66fb1dc5863,alchemy,infura,true,true,cases/ca2-37b12c1f2e2b7af31377.json,ffbd9d5bea051ca98c2d7aa3638f87d505d527ee78aaa1ae53fa30b5a960d0cb
ca2-4565d5902877fc12ffa7,Transit Swap,bsc,8291f6b06716a272cd4bcf0fbc6ac605e2f1b44b4fb956fac2c19b2425f4ac2b,cases/ca2-4565d5902877fc12ffa7.json,8d05bd03e85a02193bdc8b66479b82f821939fb3639f47fb179e7cd607c395dc,true,HISTORICAL_SNAPSHOT_VERIFIED,581c540f15e9e92b962646ecc69de401a3d879700e1f93c378aa531658076d2b,4bcb65b304b86e3f2e587343c977b06de01e7ced5ca85968f436ea402b9e9884,alchemy,infura,true,true,cases/ca2-4565d5902877fc12ffa7.json,15d8d1b1312798b2b0308f3fa9cb7a3e2db5df7051d6e5c2d639a95e3eb42b4a
ca2-c8dbe37642fb49490307,Unverified6883,ethereum,3d8a6311fc8dd20128bf94bf3e691bf83bf5aacdb98478079d1bb0b6ed75b6d7,cases/ca2-c8dbe37642fb49490307.json,e9d3a83650e2def087494f473e3ca6254d0fcd25b90c32dc483a501c49b8a8cf,true,HISTORICAL_SNAPSHOT_VERIFIED,a59416282dfb8baad719a7adefa1b662b3b176a8282bfe97be44e763660de386,a59416282dfb8baad719a7adefa1b662b3b176a8282bfe97be44e763660de386,alchemy,infura,true,true,cases/ca2-c8dbe37642fb49490307.json,4af934b81ee5215dbda7d6487e7a46f55f8f4bca5a13e433dae18c1290ef741c
ca2-68bcc7d0d70c9f4db91a,Unverified_0000,bsc,4a0dcf41f6e3d16c42e940f8844a300c3784c1e820ff3a1afc86d5481f79333c,cases/ca2-68bcc7d0d70c9f4db91a.json,ab43050584256f1359e83e3e32a970607223bd7896ec9163c79b45bdd1d10343,true,HISTORICAL_SNAPSHOT_VERIFIED,c7fb343ac6d566de88aa176ed5161910a51144f8d730896f27206419ba68ef84,a184eb7682168c0754d0880ddf80715ab187642634fcdfbfcb65fb58d57b6df0,alchemy,infura,true,true,cases/ca2-68bcc7d0d70c9f4db91a.json,2d8841a07ff0c19ec69800e78365fe57f2c399e8d673823f0347324a2a25f8a4
ca2-b54a80c704cbcc128875,VDS,bsc,602a935b612218cb6430f35b9414ec6157a1063927e0302c82fcb51078671a26,cases/ca2-b54a80c704cbcc128875.json,af60b8adeae6feee1a746744a6aa15278f813110947dab68cecc46b88e11a38c,true,HISTORICAL_SNAPSHOT_VERIFIED,99c5ed0549d0ecc94836a7653a4f61c4193e8bae05942abd476140e300f30462,99c5ed0549d0ecc94836a7653a4f61c4193e8bae05942abd476140e300f30462,alchemy,infura,true,true,cases/ca2-b54a80c704cbcc128875.json,8672701a6253a99f3feee04bce6b86bc678ca60fab8d70839f6874520249b2f3
ca2-c362836e579418bb08b8,WHALE,bsc,0f9da1d23feff28ef1eb2d740e11fd5c29c54352601640c6ea6373cbc1c0699b,cases/ca2-c362836e579418bb08b8.json,5450725c46b7660dcc76d7e20a20c8de8a0f6b3d6636b84dd9d3b6a46112b7c5,true,HISTORICAL_SNAPSHOT_VERIFIED,e6c0cfb975c38962e3e40e0c14ef77923a062b5009f5bd36998d2217498aa63f,e6c0cfb975c38962e3e40e0c14ef77923a062b5009f5bd36998d2217498aa63f,alchemy,infura,true,true,cases/ca2-c362836e579418bb08b8.json,c37fa0f1c3cd09f4f8ec07947d9959d70e98b783fd944f1b4f876ffba21467ea
ca2-15ae4c22b54f390dc4fe,WXC,bsc,e67bd6ff3301d6951dda3fb82a4aeac442e2da0115860493279c2c4b8d585e55,cases/ca2-15ae4c22b54f390dc4fe.json,6795b163f6f3baf49de1d5a6bb81ee997f1f58aaca3a14debb44ad1d9c4ca4f7,true,HISTORICAL_SNAPSHOT_VERIFIED,cd7494cb4de2264a05ba792c4d160c48f5d8c90b3298177558f36ff1eacfd5b6,09c9d6ce4511f1b1fcc83b9c6def2a0b018f3a51e3aacae1b4f8545bf7b5e04f,alchemy,infura,true,true,cases/ca2-15ae4c22b54f390dc4fe.json,1b9e33a71d8b338598bde4c78a657b1f11dc8e8dff8be090eb5bddced99d9375
ca2-64ef33688d6e79b3439e,WXETA,bsc,87428ce544e21b2b4140c46540c366923773d5a780f4875956eecf94cf3ba02a,cases/ca2-64ef33688d6e79b3439e.json,98452e633fcba28e45e81d9ca5a517ed19b035b38aa24f4fb0037e6702462247,true,HISTORICAL_SNAPSHOT_VERIFIED,7312719b16ddb02e9a0e602e942ec09dda24742096438ccc3200d753dd8f1f07,bdbd51f5e474a98bdeb0d67b5f0476fca5570bf294a627d9a4437977d6a4749a,alchemy,infura,true,true,cases/ca2-64ef33688d6e79b3439e.json,6107676166afd042dc961db786a69700f51504c212b469e8422eb795a3869b49
ca2-efe411bc9d7f06b1ba73,XLootStaking,ethereum,d7ccf8dfb72192d424938cc2e042a98adf39ad9652692135be849637fb3eaf45,cases/ca2-efe411bc9d7f06b1ba73.json,164573954ad3f1730f26a06c9debb1ec9a483a05aa4ecef5064fd53f3904026a,true,HISTORICAL_SNAPSHOT_VERIFIED,7596060d3c25ed3f112b14ada4fc8c8a0b669b3d5dc19d9166f5113330055146,7596060d3c25ed3f112b14ada4fc8c8a0b669b3d5dc19d9166f5113330055146,alchemy,infura,true,true,cases/ca2-efe411bc9d7f06b1ba73.json,6b80e16e18df8b5dbdb4403a5f669352e606a992a5f86f5aa84dffa7f8669f77
ca2-5033d73f3cec5063c5f5,ZeroExSettler,ethereum,d7f0dbb758faa5ed800afe6a0336a13b097f71dde966b53f03a33e0b430a0dcd,cases/ca2-5033d73f3cec5063c5f5.json,b8edb62cfb566b115ae1e1cf6de4c85dcf97f11e5626ae6cac1793be0a0d3276,true,HISTORICAL_SNAPSHOT_VERIFIED,ec4ac140a23a4106ea5d23c12841da58ff41392188746ef7d2218d5aabdada80,ec4ac140a23a4106ea5d23c12841da58ff41392188746ef7d2218d5aabdada80,alchemy,infura,true,true,cases/ca2-5033d73f3cec5063c5f5.json,4a9f178e23dcc084afdc49f0c7ad37270f0bff44b6a21eb75f6f92d6d07b9e07
ca2-3c88785c0f3b4867d7f4,aave_boost,ethereum,e7530880b12fdf65a77e4aa0da1b7c3bdf4aa4837361ae404d5f32d3aba33228,cases/ca2-3c88785c0f3b4867d7f4.json,2e38e9fb4f9f619d0a6df2b9545333cc05f110fd6fc6dc3dec5e8dbdf54d36b2,true,HISTORICAL_SNAPSHOT_VERIFIED,0cfd182017fbf41b30b2399569b7f8d133b2da381106e83d23bf2dbf7296b7c7,0cfd182017fbf41b30b2399569b7f8d133b2da381106e83d23bf2dbf7296b7c7,alchemy,infura,true,true,cases/ca2-3c88785c0f3b4867d7f4.json,19fa2578aacaa077a36388126a86213b0f9542e6dbf5325e3d23db43ecab24f0
ca2-bd6decf7c8f8dfbaca40,adc,ethereum,e5b2ccda7c816f3579e6a18f84f2df95b7a553f70991cf71c0200bf9b6c0733e,cases/ca2-bd6decf7c8f8dfbaca40.json,d52ff9afd97d16812490c891cf6b0139dc3fac9dcbeffb2e85ebf3dc3976b594,true,HISTORICAL_SNAPSHOT_VERIFIED,2be08b076d068fd16462f4c9295bca2802b7c50ca4ddea970b7231fb10b944ab,2be08b076d068fd16462f4c9295bca2802b7c50ca4ddea970b7231fb10b944ab,alchemy,infura,true,true,cases/ca2-bd6decf7c8f8dfbaca40.json,c09e316b892f34113ad160b7cac050ed577e0b2f11971317943a2d90d7e08a57
ca2-3f7bb52435313429cfa7,affinedefi,ethereum,366f0e849343bb7fce1155223d748b0380b37eeddb4548fae831510be6666f90,cases/ca2-3f7bb52435313429cfa7.json,61916ae277ed2513c6c57e60451837612b09440587f2a805f8ed60e9d1eeff19,true,HISTORICAL_SNAPSHOT_VERIFIED,e2232606f5ea23dd81ff4b9b73cbb8dc387cb924b6ed63848bc4d43337ac858d,e2232606f5ea23dd81ff4b9b73cbb8dc387cb924b6ed63848bc4d43337ac858d,alchemy,infura,true,true,cases/ca2-3f7bb52435313429cfa7.json,fe375fcd3167c2cb3b3866e73e4deed4bb6f3cc29e4e38185f18915f58f1a0cf
ca2-c5f49d371d24304e62b2,ais,bsc,a9d4183079ce5485c5e110e835d02f13fa66befc35ab723a1ae82ce8040b5788,cases/ca2-c5f49d371d24304e62b2.json,dff73865c606f2396cc7341c5868ccac9501ef4cc3162d908e005a5b2864f9bb,true,HISTORICAL_SNAPSHOT_VERIFIED,4680f7844193f9754c9d07121f5768d4eba8175031f33bc053948d3100bda236,4680f7844193f9754c9d07121f5768d4eba8175031f33bc053948d3100bda236,alchemy,infura,true,true,cases/ca2-c5f49d371d24304e62b2.json,1385cbbd44cceba076989e8afce24667252a1d23b8f944ef5d8bb7470114401d
ca2-9ccf44443a293b02fdd3,aizpttoken,bsc,44d236a1a3218261a43c5d78cfd68376bfd986459c80d9085b5f8c223b8c6947,cases/ca2-9ccf44443a293b02fdd3.json,db1cce76bb57d6d94a8f14525de3fe69696d39aa5786345dee1d2271c73c752b,true,HISTORICAL_SNAPSHOT_VERIFIED,83c588a63f39991be58cb7f80ae3d0c784ad6ec32a8b834cb35374545ac95303,83c588a63f39991be58cb7f80ae3d0c784ad6ec32a8b834cb35374545ac95303,alchemy,infura,true,true,cases/ca2-9ccf44443a293b02fdd3.json,7ca2785f4be095a5d2cc9258900c1d990042e4cfdfb6cac7b2cf5f000892cd75
ca2-ad9d57e62841ea9096b7,alkemi_earn,ethereum,4678908e60bcae98fe411ccef1477134e2354ceb7cab7869ead3bed1df2f0dea,cases/ca2-ad9d57e62841ea9096b7.json,7177e15f77e7108e32d36d8613df79c31c33718bb618d4b3c686615871eacc38,true,HISTORICAL_SNAPSHOT_VERIFIED,f9c56cafe43c56b5ba3c5ed4b7f447a5bf2be0ccfea160b20ca606ccbbe41486,f9c56cafe43c56b5ba3c5ed4b7f447a5bf2be0ccfea160b20ca606ccbbe41486,alchemy,infura,true,true,cases/ca2-ad9d57e62841ea9096b7.json,eafb160584abe9bda307a92cd46cb376c1c0d7c7ea20f023b97df277f9e930b5
ca2-feebcd26919bea5b0014,alkimiya_io,ethereum,6bf23fe0faeede18403a6e0d336832b050b0619b82ac7a75a0096fc620d31350,cases/ca2-feebcd26919bea5b0014.json,c91c7fadce47118cca637d0d3483b036c40c0459ba39b027fb8481244a609f17,true,HISTORICAL_SNAPSHOT_VERIFIED,17bb30888334019949f5ccf9f764f82baacfb3959b37c87235b0a819f7431d85,17bb30888334019949f5ccf9f764f82baacfb3959b37c87235b0a819f7431d85,alchemy,infura,true,true,cases/ca2-feebcd26919bea5b0014.json,2803fd8f1f88a64771c0d1da01fed36dd68107d3ccbe4364ba0ffda1d0cad6eb
ca2-c3da8c67aae06b7ecce1,allbridge,bsc,543f10cec934e53812936a43dd4f50a09945abb9a61475e06d034718c598e2da,cases/ca2-c3da8c67aae06b7ecce1.json,117c5e03f3101bde07b2ba510620b12528d2028cd2436d95701a450a69898db5,true,HISTORICAL_SNAPSHOT_VERIFIED,c123caca279781aa4a6077335f713dd3e3a44e252aedab7017d7d4115c38c366,c123caca279781aa4a6077335f713dd3e3a44e252aedab7017d7d4115c38c366,alchemy,infura,true,true,cases/ca2-c3da8c67aae06b7ecce1.json,f4b06a5f958ae752e1c970e0a6d60378aca7861c2c909f203a3e7fb327e2423a
ca2-3ef6014a26a0b205a68e,allbridge_2,bsc,0e5d660fb7eda2eb9bb71f1d6743866b20b5f3ca9730084eeb688174ef7b9dcc,cases/ca2-3ef6014a26a0b205a68e.json,b181d3b65c4d6de97b9ec4edf8c5d20f0a1bfa6b5597708ba03d13725e2de221,true,HISTORICAL_SNAPSHOT_VERIFIED,9ee0355fe2f62a51a38ee62bd19e73bff84bf3fd378fac45bfca8d70df3217f8,9ee0355fe2f62a51a38ee62bd19e73bff84bf3fd378fac45bfca8d70df3217f8,alchemy,infura,true,true,cases/ca2-3ef6014a26a0b205a68e.json,3ab02aa11614e3fdd0d47f43664bba4061ace7ed800a5a561d126e55c2891102
ca2-b5a8e682aba465a7a0f6,alp,bsc,1b1f9259bfcccf13f1820867a9975ccaa196949a48e9e36b57f7c6af0c6dbb34,cases/ca2-b5a8e682aba465a7a0f6.json,29aa2276aa1da268c5de2b80f1b31c38a2f24a27dac284f0aed75799ed624672,true,HISTORICAL_SNAPSHOT_VERIFIED,cd7494cb4de2264a05ba792c4d160c48f5d8c90b3298177558f36ff1eacfd5b6,cd7494cb4de2264a05ba792c4d160c48f5d8c90b3298177558f36ff1eacfd5b6,alchemy,infura,true,true,cases/ca2-b5a8e682aba465a7a0f6.json,4b7bf769e682078281792638809bec41871d9f6cf3ff121f20dc4077a5166f23
ca2-627fce499908ff82ad6d,anch,bsc,5b0ce97be5dacb6832ac4cf3b313f3619943934eceb2279e9e06a795e72c2c27,cases/ca2-627fce499908ff82ad6d.json,dc40ad7682767c81a75709468b6c4264357812fbb23de17a01a947919c77aa7d,true,HISTORICAL_SNAPSHOT_VERIFIED,5f7c8bc53d33700bd0208bb2eb4a6b80ead21e5c15af297e171af52568892c3c,5f7c8bc53d33700bd0208bb2eb4a6b80ead21e5c15af297e171af52568892c3c,alchemy,infura,true,true,cases/ca2-627fce499908ff82ad6d.json,d81ceb898da7388e64f4513f9873b060e379c7cbb4b6ecb6c6a30806fa835b22
ca2-a13694fcc2f9f05dda72,annex,bsc,6ebd73aa46ae1f343f772b9828064ff6801787463a0a3712f113c9eb5c424301,cases/ca2-a13694fcc2f9f05dda72.json,5e149419b0ee9533cb389ced9233e091d21c97ec41dc70fd1f674141821808a3,true,HISTORICAL_SNAPSHOT_VERIFIED,1668bb7b297d79a73caf31e4d08acdba31d792ec12b4df24d02ae5652655b7aa,1668bb7b297d79a73caf31e4d08acdba31d792ec12b4df24d02ae5652655b7aa,alchemy,infura,true,true,cases/ca2-a13694fcc2f9f05dda72.json,3158f90e0b7b22c35e7440ae3fb23a580f9ab586c0e79858f4b30ea152194996
ca2-a3eb07131d27e069a3d8,anyswap,ethereum,02ccd249ed78cf69403d2721177bcfb5b3d5337f029e5202a6ec9926124e60cf,cases/ca2-a3eb07131d27e069a3d8.json,268ab49ab15a5eeeb75ebf27ef1faacb1f7a2abe060f95019531e4fb7ce235b0,true,HISTORICAL_SNAPSHOT_VERIFIED,699717dd6f5de27c5fec1a7a0212562f45ba0e6715fc06fe7bf184c6929aef73,699717dd6f5de27c5fec1a7a0212562f45ba0e6715fc06fe7bf184c6929aef73,alchemy,infura,true,true,cases/ca2-a3eb07131d27e069a3d8.json,53158e44faedd34d53037b730f5d0b9337cde5d269d97e69248ec1a2eac9d964
ca2-7e2e4e06ad319c9c87c0,apedao,bsc,11cac426f46d033ab2837c4322397508f3995fba8e1e7d8f77479094d466caea,cases/ca2-7e2e4e06ad319c9c87c0.json,3ebd2093714ca77a99139fcb434fcbc82fdd77fab9de6ef0c5f1b9eb58dc7225,true,HISTORICAL_SNAPSHOT_VERIFIED,896c33f3d92def6b8b009f618fd3a5f770d43c7deebdc5003a6b73d7b827ac1b,896c33f3d92def6b8b009f618fd3a5f770d43c7deebdc5003a6b73d7b827ac1b,alchemy,infura,true,true,cases/ca2-7e2e4e06ad319c9c87c0.json,0b80c54fbdec3c3f6f53498aac58e69346ec5d7d58887c8ebaa703f15ee7c6f9
ca2-eaff56dcacef885f96a2,ark,bsc,31e9a1bb0acf008eb66158ed0884a4fc610245b3174253716c282445ce21d6b6,cases/ca2-eaff56dcacef885f96a2.json,d8426de124aeb2f052de64a984cf9f60b75abc6feacf8e5260fb773592116597,true,HISTORICAL_SNAPSHOT_VERIFIED,f12e91156d804a04e5a4b8d42a405b4c4cb4f2b908467ef9a8b6af340bca4367,f12e91156d804a04e5a4b8d42a405b4c4cb4f2b908467ef9a8b6af340bca4367,alchemy,infura,true,true,cases/ca2-eaff56dcacef885f96a2.json,ab961c4f589081a40bef291355d04f34d71a4192b336489b27f61a7b744828af
ca2-f869139a8dcac0542bd9,ast,bsc,ebffd30fc7e58503c612c818c5ce1a071cde2e0eabc5ba10ad326d4c6ff94920,cases/ca2-f869139a8dcac0542bd9.json,8829fd9a3a634961bf34eae3efe118791235f92924d12729007ed158ea5f1f1b,true,HISTORICAL_SNAPSHOT_VERIFIED,871a6a327171ff25058dde5eb73fdd633be7fafcc8d9d0d739d78a241fb1d8b0,871a6a327171ff25058dde5eb73fdd633be7fafcc8d9d0d739d78a241fb1d8b0,alchemy,infura,true,true,cases/ca2-f869139a8dcac0542bd9.json,6a9d84a74dfcb0ab84eee8908bc61182d67e4ed7a0a60402711b6b336b453162
ca2-746ec2d0566ffbda9c0f,astrid,ethereum,4443e1014ee17fb8bcf8715a8873d159717f71bef78c9f46db4cb98adb5c9697,cases/ca2-746ec2d0566ffbda9c0f.json,aa7128050160354f72b5b5bd71480db92ae027803339c38219c5b0ca8d138e8b,true,HISTORICAL_SNAPSHOT_VERIFIED,d782ff25c1e0515b68c4d98742b42875de00561a1129818c77d2077b05f4eeb3,d782ff25c1e0515b68c4d98742b42875de00561a1129818c77d2077b05f4eeb3,alchemy,infura,true,true,cases/ca2-746ec2d0566ffbda9c0f.json,1d37c4300d7a5a98680758d3dae7e81575ebd02ac54851c1069c29885cab01da
ca2-8f02fa85c8202388bdf3,atk,bsc,3a947dd5e9905795a241ca65471b44cdde64779cb6fc247ba5df9e6e8f9405cd,cases/ca2-8f02fa85c8202388bdf3.json,3795c84256dafef4752a74fc7c2a83ded2e4d7b318e8968e38f56f7ccc60bdf3,true,HISTORICAL_SNAPSHOT_VERIFIED,31ceac0a68102b7bf8bd9a92338b347ad22a1a63c826a0c11f4a0e68efc572b8,a8f48fac0c99c54b019af14aeb1b446b0f2fbbce803e0cdada16607001684e57,alchemy,infura,true,true,cases/ca2-8f02fa85c8202388bdf3.json,7542a2095e218551ef27ef9a0bac13168d467a9b13a3945d63ca6a1ae1719134
ca2-d6ba3397ed249bc3a420,atm,bsc,b64621e623622ae65cd2165bb16ef986d74c35b0d457464f60b2ba2b3918c083,cases/ca2-d6ba3397ed249bc3a420.json,25bc6d71b7754ce9d5206d6642f85bb1916a7ed279cb74d06eeeac697e4c2614,true,HISTORICAL_SNAPSHOT_VERIFIED,22ebc20cefab3807ab59c5b909f4ed9f30dcbf512f5b053508d420f2e82d71fa,22ebc20cefab3807ab59c5b909f4ed9f30dcbf512f5b053508d420f2e82d71fa,alchemy,infura,true,true,cases/ca2-d6ba3397ed249bc3a420.json,9eeedf296a90f9eb80709c6b5f9a578794945b2e02c757c77ee055f2cdb798ce
ca2-a6061f6cad3a5884d6d4,auctus,ethereum,09a76c51bca0408940452fd64baadf7e9cd1814894b0587fd24c10348d0e087d,cases/ca2-a6061f6cad3a5884d6d4.json,899d0debc419acdcfaaac759cdd70658c4dc3ea8045eebab04fc18ddc4eb54f5,true,HISTORICAL_SNAPSHOT_VERIFIED,8acf46ef241341a51e6b83a41ddabf60619b7b97463fed6aff81ab4fcb080178,8acf46ef241341a51e6b83a41ddabf60619b7b97463fed6aff81ab4fcb080178,alchemy,infura,true,true,cases/ca2-a6061f6cad3a5884d6d4.json,fa4c36eb790452eaa0d57d6aec661bad082db02fe49775928eebd23924683657
ca2-96f82ac8ed9b6f3e4f14,audius,ethereum,5ab6d13c583f7f461e534aa25fae9df2c32c8260fb8de175bbd0008c93f248c6,cases/ca2-96f82ac8ed9b6f3e4f14.json,4439a1979bb301b00c419132c2096cd7e9f1dd30ed3bdf6f3c09ade2655fa770,true,HISTORICAL_SNAPSHOT_VERIFIED,47cd9598d0f9a90d0b24fdb8abd496443ebfbc73839ac6d5b97acb9f35111471,47cd9598d0f9a90d0b24fdb8abd496443ebfbc73839ac6d5b97acb9f35111471,alchemy,infura,true,true,cases/ca2-96f82ac8ed9b6f3e4f14.json,28b95a758c9abbbe6c515b97aa210c0e00c0378301876302a189a2e26371b8ce
ca2-b141324cdd440e7feb3e,aur,bsc,f8bd68e44d81c2703e79eec6d09225c796825307b4a85d521efc144d77c5d448,cases/ca2-b141324cdd440e7feb3e.json,ee94e4db4dcd61a85c03cf57b6cc510ca3081da99ec399630d5bf026bf401454,true,HISTORICAL_SNAPSHOT_VERIFIED,3c1b1354c078b062c1af757678dbd8e16565066d35dcaa4170b9b289eb041d4e,3c1b1354c078b062c1af757678dbd8e16565066d35dcaa4170b9b289eb041d4e,alchemy,infura,true,true,cases/ca2-b141324cdd440e7feb3e.json,7ef258ab4d3e7ccb644f27c4c72da0ab2ebbdb17f2056a73ba8c0513314ef05e
ca2-31fe70569e5c85e1450b,axioma,bsc,bbffc216693a1465b7ee3dcecf419ea24df172ce3bb130c292164bf96c2a74f1,cases/ca2-31fe70569e5c85e1450b.json,80c10b1303e551e30240b9d3c2e194ef8bb5843a3aa7542b48fc8b682ba20683,true,HISTORICAL_SNAPSHOT_VERIFIED,c496d00d3e13f46759efa18659b82b7338f56503488be9620ed0a8df0a1ef8a5,c496d00d3e13f46759efa18659b82b7338f56503488be9620ed0a8df0a1ef8a5,alchemy,infura,true,true,cases/ca2-31fe70569e5c85e1450b.json,52f20ae0bfe1c87169b0f80fe94f945a521c352d8ea91c9b59120470d6a0a0d4
ca2-1a73db8dcf62dc8e4419,babydogecoin,bsc,e56b217a18b0d4eae57bd3a75009f39cd135eb62c03c1c14766240fb66514ed5,cases/ca2-1a73db8dcf62dc8e4419.json,e02d724fdd33a8d0e54f507e16a7c699a104acafd40fc1deff36a392f2e4aade,true,HISTORICAL_SNAPSHOT_VERIFIED,9d27cc8f29182f8596af5a85867cc5e183dc00ae3eae74191ceefa222eb153a1,fe3362ff5f3db02de33cfa04676793799428191ce0edf69cb2d814669a3027f0,alchemy,infura,true,true,cases/ca2-1a73db8dcf62dc8e4419.json,a5348cda7998a380e722f5955ce72042fa4aab00d333aa08a8c2a3295d272143
ca2-26661d7a70b3c3c3ab9e,babydogecoin02,bsc,62b980ead7c070c55c7f2bf2f6062db95773db2ac4e18926530b6a58d6ccff67,cases/ca2-26661d7a70b3c3c3ab9e.json,6edbc292b83f1cb8df83539efdac822e3550e556963ef4fba2373219d792fc86,true,HISTORICAL_SNAPSHOT_VERIFIED,9d27cc8f29182f8596af5a85867cc5e183dc00ae3eae74191ceefa222eb153a1,fe3362ff5f3db02de33cfa04676793799428191ce0edf69cb2d814669a3027f0,alchemy,infura,true,true,cases/ca2-26661d7a70b3c3c3ab9e.json,dbb9f78b6929f3dbb9a3c241538c3f401d9f3fcd30b928c9122ac03f9603a7e0
ca2-e5a8dccafb3c4f63fdb2,babyswap,bsc,9409b0404b38e4d1d7b90cbbec013b091930c3971ca412b2215a0db3278dac40,cases/ca2-e5a8dccafb3c4f63fdb2.json,39ad97fda79cbbbc31fefbd5ed823ec952655f488a27afaecd4198af30a0a32a,true,HISTORICAL_SNAPSHOT_VERIFIED,e35389b5d91e70f9d4c657c4e02a9506c8fa890793840e9b4e3290bb273991ce,e35389b5d91e70f9d4c657c4e02a9506c8fa890793840e9b4e3290bb273991ce,alchemy,infura,true,true,cases/ca2-e5a8dccafb3c4f63fdb2.json,394bf419601e10070f7541fed62d5ebd6319d6e447599d2a4f081e942a79f871
ca2-1dbdc2611cd24dc765b2,badguysbyrpf,ethereum,2279ebb8832eeac09c7804cba9dc66bf5b2230ec5d0f52a38b3fbd994e4707a7,cases/ca2-1dbdc2611cd24dc765b2.json,a7974b8ac2201bd2aa715d50e0bcc9cad6b8c2d42714d9c86a623881df50c891,true,HISTORICAL_SNAPSHOT_VERIFIED,5472cca27786718f5f9aebb0f37c15499e4f7fa74eabf4d30ed4bffce2d06329,5472cca27786718f5f9aebb0f37c15499e4f7fa74eabf4d30ed4bffce2d06329,alchemy,infura,true,true,cases/ca2-1dbdc2611cd24dc765b2.json,cc4d4a628612c21a98c09cdad064751944c1b1716e2a02b3ac7966cfe432ea65
ca2-3049d2889726467cfdcb,balancer,ethereum,bc20e932e072971592cfdcd7500c53f53a9cd778e636a6bad658614d275d83b9,cases/ca2-3049d2889726467cfdcb.json,21eef5a9bb96ef3d51201afb4144817dd237c1d93fdae977860d7a585583a769,true,HISTORICAL_SNAPSHOT_VERIFIED,e5ed31c667fcf8ced70ffc53d2940777c3c10b3bbd76a4ad0bd88120d323348e,e5ed31c667fcf8ced70ffc53d2940777c3c10b3bbd76a4ad0bd88120d323348e,alchemy,infura,true,true,cases/ca2-3049d2889726467cfdcb.json,fd615d6959be711df4bf35801e2123f2411b38f10574ff5939082676b83a275f
ca2-f056a955a865b551a342,balancer_20200628,ethereum,94a392ed2062dc161ce795b12c24b8638c6fa447e9b2e405b5f2020f29f3771b,cases/ca2-f056a955a865b551a342.json,16d5d1f9dd5b9b2dbccaa542aeeb51e5a6e3400651d8098610c10820b4cd7961,true,HISTORICAL_SNAPSHOT_VERIFIED,b1f489212943d54ba1410b4da64305a240baa456f82768a8c075de37aad77459,b1f489212943d54ba1410b4da64305a240baa456f82768a8c075de37aad77459,alchemy,infura,true,true,cases/ca2-f056a955a865b551a342.json,5866f3c40f7b1bc79af77a56d8cc4e6ae7e216d1cfe306e714354ec15cbd93a8
ca2-3ea99bf48860cd3d90e9,bamboo,bsc,41f9dd56a54e314f25e0f69885d9a13bba94a16b8f5aaddaf196919bf9ae97b6,cases/ca2-3ea99bf48860cd3d90e9.json,22f92bdfe6a824390e1b883161d2f5d4416779cdade9fbd235d3c4f2fed75dcd,true,HISTORICAL_SNAPSHOT_VERIFIED,fd40b89a23dd41f7d44fcc4be76749b18b3c14d49ffb2c5fac80d9581828eb6f,fd40b89a23dd41f7d44fcc4be76749b18b3c14d49ffb2c5fac80d9581828eb6f,alchemy,infura,true,true,cases/ca2-3ea99bf48860cd3d90e9.json,e4c2562582267e7130fbfb5e14f2b234b0ba1b3b205c60c2669256a14ffd3364
ca2-0e06e67c5c9253228751,bancor,ethereum,505653cadf4e6f99ee469b76cce354e0c8e33f83bc864df5b778dd4f2ed361ff,cases/ca2-0e06e67c5c9253228751.json,0a8b99ed54fdf2c7b93505e6a7c713b2228d89fce22ece5133d031ccc1a6c9de,true,HISTORICAL_SNAPSHOT_VERIFIED,e09ab1f42b8dcb6682b19bf2a0de31c9095a019bf0f0fc910316cb3e63fb12e4,e09ab1f42b8dcb6682b19bf2a0de31c9095a019bf0f0fc910316cb3e63fb12e4,alchemy,infura,true,true,cases/ca2-0e06e67c5c9253228751.json,323ebba4c7fd161fafef4f6e15656a96f6fe517f66de76055b4b69d10f3d498b
ca2-003bb3e01f9c7c13410b,bankroll,bsc,1e11b5a6fdbb1fa98dfdb55da85f8e31ee55347aa7a9042cc6f81834f1bd61ce,cases/ca2-003bb3e01f9c7c13410b.json,6736772c3531860a41ec9d902341f254a5d83b0430f4605db7ddfc2f1eb2222c,true,HISTORICAL_SNAPSHOT_VERIFIED,b99e4a7c4a2c97ee3de25fe391eb91675c32a463fd5e0e3561d2761c0fef5d1c,b99e4a7c4a2c97ee3de25fe391eb91675c32a463fd5e0e3561d2761c0fef5d1c,alchemy,infura,true,true,cases/ca2-003bb3e01f9c7c13410b.json,07d0ecd430be2ff1e31dca248933cc10212feb5dc236936ec92a779b1d58846e
ca2-98b03a49b7d20591238a,bankroll_network,bsc,bd2475a140be8378bfbb0e9a940c1f657a4f5fbdbc9809c468d73e1806822cd5,cases/ca2-98b03a49b7d20591238a.json,3bb1d7e708092bf2bf7f96c937b8089f804b9e44d6c27817a59fe406dd8017ad,true,HISTORICAL_SNAPSHOT_VERIFIED,21541353d8733efd21480860a5f80881e3984e5ff437281f4c4359a4d1204cda,21541353d8733efd21480860a5f80881e3984e5ff437281f4c4359a4d1204cda,alchemy,infura,true,true,cases/ca2-98b03a49b7d20591238a.json,d83f989c8b3fb1239110ca0c6ce26e2c9f4abb2e20457a9b665f9e3a8b942528
ca2-76efd7743f4d9234ff8d,bankroll_stack,bsc,1005d6392a9ecb0d17bf520909133ba769c7ff76c9d69c2a23ee8a5ac6ed513a,cases/ca2-76efd7743f4d9234ff8d.json,b6c5fd42b990a21484e783b5fd12c312a8f07b81f9a7983121b2212f0bab0ec9,true,HISTORICAL_SNAPSHOT_VERIFIED,21541353d8733efd21480860a5f80881e3984e5ff437281f4c4359a4d1204cda,21541353d8733efd21480860a5f80881e3984e5ff437281f4c4359a4d1204cda,alchemy,infura,true,true,cases/ca2-76efd7743f4d9234ff8d.json,9dcba942026483690d0a4ffc412cad3ca4d49aee3b0ada57e8d0af03152952b0
ca2-47d01daca3ef9c1ed2f1,bao,ethereum,ca21b1c41124d7a3e2387567df08e9fd9da25fcfdd1b0101ab9b10b954938453,cases/ca2-47d01daca3ef9c1ed2f1.json,acca4b5a234e1b448a662b10b2ea47724d0434d1f47ff982b3da844706b9ded6,true,HISTORICAL_SNAPSHOT_VERIFIED,0c52bb3cdea21670da3ee3a2b9906aad45074ba6a3c038e85f78dd77c5613d5b,0c52bb3cdea21670da3ee3a2b9906aad45074ba6a3c038e85f78dd77c5613d5b,alchemy,infura,true,true,cases/ca2-47d01daca3ef9c1ed2f1.json,bd8f71c636ef3fadec7ace88b26706cfaed22e91e305ed574a81019cb82a922f
ca2-4f5a0a76d69326e4c2cd,barleyfinance,ethereum,772602dfb308b5dcb0042788ed6f1ad1897a95b1509f8efeb328d575d85702af,cases/ca2-4f5a0a76d69326e4c2cd.json,c01cbd51f011a9b2abe810f709944d085880d725650ffccdba279d89cd74cafe,true,HISTORICAL_SNAPSHOT_VERIFIED,9a2812238d4d7cc32fa57b9b9f2da59247b5d04a8c0d200bbf2abf5c3840d786,9a2812238d4d7cc32fa57b9b9f2da59247b5d04a8c0d200bbf2abf5c3840d786,alchemy,infura,true,true,cases/ca2-4f5a0a76d69326e4c2cd.json,954a758aff5a64563c672026462c97bc710be827bbbcded60cdfed8d9af744a0
ca2-7063be755a02e6e0df10,bbox,bsc,8ef6336b9d2f1c7bd64fac0d07baa10c325722055e9db0258e77637234f148d5,cases/ca2-7063be755a02e6e0df10.json,2e396a1473cdfa4e7ff56d0a72bb4e3bf9db78302403eeff78837df202206d3f,true,HISTORICAL_SNAPSHOT_VERIFIED,5200f6610dfc17906dcad36c03aa6b4246fcacc45870d8da1f1b404399afde65,5200f6610dfc17906dcad36c03aa6b4246fcacc45870d8da1f1b404399afde65,alchemy,infura,true,true,cases/ca2-7063be755a02e6e0df10.json,34ad71563c421e6a64ed364cc25cf5142d7b2ed527034defec1ed5e5e4041c72
ca2-ba0418d74fad65f2483c,bbt,ethereum,d04ecc98ca56bb728995bbe263950a134dac18c3b0725b1a67c47732d779b9d7,cases/ca2-ba0418d74fad65f2483c.json,3f91c6f51031da1b9bfeb2a9f827de9462c4cd41f85bfa099a95f9ac872a7eb8,true,HISTORICAL_SNAPSHOT_VERIFIED,0f6bbf66bf515e102c04eff6d492e0356442a3eb0aee69ebafc5cf972f802f11,0f6bbf66bf515e102c04eff6d492e0356442a3eb0aee69ebafc5cf972f802f11,alchemy,infura,true,true,cases/ca2-ba0418d74fad65f2483c.json,9f6ce760d2f2910b43fb2d9f16723b801ee263c547c98c42426929c39f5ecb51
ca2-6673e21002a8af6f4d12,bct,bsc,644ee89669f8a4db3f56519d15361c42181819b779fedae2ebe22245a294242a,cases/ca2-6673e21002a8af6f4d12.json,205a76dd18e59cb3255038a334e726d2bb47dadc0ed531b1b0b7bf5b0f05c485,true,HISTORICAL_SNAPSHOT_VERIFIED,aebfc51c036283bdbf3d3daa7e8334fcbd09906ab6083d62bf0bb1d2877c4930,aebfc51c036283bdbf3d3daa7e8334fcbd09906ab6083d62bf0bb1d2877c4930,alchemy,infura,true,true,cases/ca2-6673e21002a8af6f4d12.json,e67876cd3d2588509c87122b366007e37a9e2ae97149f7b35241c1549b7605d5
ca2-d21da7d9fce0924660dc,bdex,bsc,9780f0280720a5fe1117e3ee659fb75ed1c8d2cd4add96a34489328e04f53e8d,cases/ca2-d21da7d9fce0924660dc.json,9c696e369aa37c57f0ac2f5dfc122d3166ffa95a89eebbcd07eb8ad4befa176b,true,HISTORICAL_SNAPSHOT_VERIFIED,312d3b1504dbe9af85a33ee44d6d20d0b1d32b6e4af358554a7a93177d9f32f1,f6ec874bf933cf84fe43af7e81ec79dfb341dab081b4c8869dccef4c1f4aea7d,alchemy,infura,true,true,cases/ca2-d21da7d9fce0924660dc.json,6572db2e52ef8aa063b6ae7ab0e116ef9afdbb308c5c0d7c8b6059f52fca6870
ca2-3d8e91015c9360a5a76f,bearn,bsc,3210edfb2919222efb091fedc486bdc9050e5af5070868b3e053e7507c0ad0aa,cases/ca2-3d8e91015c9360a5a76f.json,3ec02a6bd71634509de1510cf4e08cbebbcf05043b1e8c8df6f0da83fef694df,true,HISTORICAL_SNAPSHOT_VERIFIED,cdf4dc2a07a33524acf9cfb20a90644509fca204c22be81b6d8ab75adcc2049c,cdf4dc2a07a33524acf9cfb20a90644509fca204c22be81b6d8ab75adcc2049c,alchemy,infura,true,true,cases/ca2-3d8e91015c9360a5a76f.json,e0daa6883d19a0ea6aef7532fe1792142bff86c018827a2871e90d18371a940a
ca2-56bcc5cdf2d34dd9c4fb,bearndao,bsc,6dfc28a54fe8cbdbe65ad9da3de034463092868469063fb76e5fe797014bab4f,cases/ca2-56bcc5cdf2d34dd9c4fb.json,ef913ae5f3ad83b6281ffed4c147a2d0bee906479adefd8aea4899bd9e5efcc4,true,HISTORICAL_SNAPSHOT_VERIFIED,90903ecb60d767f83c5b714b99b96681a3270567c7c890798f52167066e1bc29,90903ecb60d767f83c5b714b99b96681a3270567c7c890798f52167066e1bc29,alchemy,infura,true,true,cases/ca2-56bcc5cdf2d34dd9c4fb.json,0f9e84ab9d77216359e0c531955d7b9f4a7983244b4237fc72bb34a31388a417
ca2-297229c8f057f9088676,bedrock_defi,ethereum,914b07e3d104a9df4bb275079bed25ec63d74d20fdb491cc8e7c6c8642f38870,cases/ca2-297229c8f057f9088676.json,dd336f559d9427a5579fcd3e7398e972c9b49b4f2c756a221b232a095fc0c87d,true,HISTORICAL_SNAPSHOT_VERIFIED,3c1389f3f0b1efb3c6869f47c580b6a31e657af01769aaefa226cef418e09d5b,3c1389f3f0b1efb3c6869f47c580b6a31e657af01769aaefa226cef418e09d5b,alchemy,infura,true,true,cases/ca2-297229c8f057f9088676.json,20d08f5f9396ba0d52a049ae810b8c2dddf0ab9edb7a91076f8184de0491c356
ca2-8ad0e7849cd27bf47eab,bego,bsc,5a732692c0ed1163c3de3d37213f40332716a609028766148092231b3c394ff2,cases/ca2-8ad0e7849cd27bf47eab.json,b9e6a5578e445bcb0b2fed66f402a5e1ae7ac1d6d12bb0bd5fe189f37ba74ed2,true,HISTORICAL_SNAPSHOT_VERIFIED,f394619af00568a7e57f95cc6787547ec45b328b467f6133ca5b4d468cc3967a,f394619af00568a7e57f95cc6787547ec45b328b467f6133ca5b4d468cc3967a,alchemy,infura,true,true,cases/ca2-8ad0e7849cd27bf47eab.json,6021ce0b99f6ea9f1ce9b4353980332625be805fed614597e75545eca35d074b
ca2-b9cedafde58efbfc26fe,bevo,bsc,b71bc2a9f04a1c42e66c76f1436a1e8968bf7e4f1e73e41d46cb392d791381bc,cases/ca2-b9cedafde58efbfc26fe.json,ed1406014e786bc3eb660aa9d00e41ff6c0f95298dde55c78ef1965e2861fe87,true,HISTORICAL_SNAPSHOT_VERIFIED,c60e19b5b29396cd5435f5c21a566635b2ad6b639bcd849709f1a05e158227b2,c60e19b5b29396cd5435f5c21a566635b2ad6b639bcd849709f1a05e158227b2,alchemy,infura,true,true,cases/ca2-b9cedafde58efbfc26fe.json,6997f8ee2a7a566d4ff0b822a5e1c6e10ae663960835b9382d62ad5bdb29ba7e
ca2-5aa3d29494fdde461d33,bfctoken,bsc,58c375512cbc9032eb04c0e83947de16125232da6c94e18af5c72ecc610eb878,cases/ca2-5aa3d29494fdde461d33.json,0cf36e9e13df8940d4cb9813accb49fc65734e4e53f0ef4769bd1a6c442bf4d3,true,HISTORICAL_SNAPSHOT_VERIFIED,4d94db6a378b9b048c414b32e4d04353efed001c5af7040c1cf9f4d61dfa595f,4d94db6a378b9b048c414b32e4d04353efed001c5af7040c1cf9f4d61dfa595f,alchemy,infura,true,true,cases/ca2-5aa3d29494fdde461d33.json,1d9c2b1ddf6967848615d5c308536c6033d7100217c7a95bb9d15649f655e394
ca2-d0b1ccc1d33cfcce8cbb,bgld,bsc,4e9e0cab7409245205d1bb4e0a3497a4f542addcf8cdabf4de2aa185bd040797,cases/ca2-d0b1ccc1d33cfcce8cbb.json,d8aafb2cd95c026023a0c676c81e59cdeaf17174679e9d74abc91468642e48e7,true,HISTORICAL_SNAPSHOT_VERIFIED,5992a7c0645cf93d1da5dc651097f4b979ae6dcb27f5c2a04cc32f29da0792bd,5992a7c0645cf93d1da5dc651097f4b979ae6dcb27f5c2a04cc32f29da0792bd,alchemy,infura,true,true,cases/ca2-d0b1ccc1d33cfcce8cbb.json,d23c2ba961badde0188218c430b5fc59f8e4bfe60dfdd60f9ef85b325ed84da7
ca2-8827a43c9b16b94734ae,bh,bsc,4930880a53711d7ec05cfaa2fb916d1d7142afb500fff86c613e21c283c3cb13,cases/ca2-8827a43c9b16b94734ae.json,318e7122404bbe097670827659a45a51a9c2f1fc15a917c390df53fc04ef396a,true,HISTORICAL_SNAPSHOT_VERIFIED,d0a42e65e48ca1afcc525932a484c50699f2be460aea99b65a0b159608f71d03,d0a42e65e48ca1afcc525932a484c50699f2be460aea99b65a0b159608f71d03,alchemy,infura,true,true,cases/ca2-8827a43c9b16b94734ae.json,6e88629e689a03f22aa0300bb39d83e788e8c0a26756bbd84263674f3fc7bd88
ca2-d78f4dfccb15753abb19,bigfi,bsc,13d55ae7053a30ed3fea9bf9689d9adad16b07dd34d98f7a5baf1faa6f8deb42,cases/ca2-d78f4dfccb15753abb19.json,4ac704ef5a6e588182395f62fe914841cc405b205c61e693c645d0f7db801d0f,true,HISTORICAL_SNAPSHOT_VERIFIED,49a2a3ac8d38dcce47c7353f5250ec0c010ec1f238c61b678d5ccb6d4eb483aa,49a2a3ac8d38dcce47c7353f5250ec0c010ec1f238c61b678d5ccb6d4eb483aa,alchemy,infura,true,true,cases/ca2-d78f4dfccb15753abb19.json,73573d75c12590c5e0d7981f5edcde8cdb7c277e8db8b1db5e8bd971f1a8e94e
ca2-adacb53105e39eebae4d,binemon,bsc,98160846a00da9f283d4817ea2c8451bc63dad272293ff5286a49060ca774044,cases/ca2-adacb53105e39eebae4d.json,9cf4e34d827eb54e0b606afe36429a1e69033f19fde22bc05d5ba1aa1fea8c6c,true,HISTORICAL_SNAPSHOT_VERIFIED,ea52384aaeca557899042400e478f36a635e5cdaa2059ae57731dfcb3b901c4e,ea52384aaeca557899042400e478f36a635e5cdaa2059ae57731dfcb3b901c4e,alchemy,infura,true,true,cases/ca2-adacb53105e39eebae4d.json,a6f89cc2b46b0ce98a803446c825e529961b52a6515e2ccdb44213d1fb9459b1
ca2-a1560cfd50c54f038ab4,bitdog,bsc,a7b2078f43153e6c9b76721f08f05970e9d3adae4d3ebfae4ace6aaf83252297,cases/ca2-a1560cfd50c54f038ab4.json,9c58bf896dfc21ec0a30a7bbf0ea5a1564f17f02e3db64d613bf8d937fe0c389,true,HISTORICAL_SNAPSHOT_VERIFIED,941de8a032095d13e84e6f2bac86ccc2f6b563360010bb64111a638f1ab0b804,941de8a032095d13e84e6f2bac86ccc2f6b563360010bb64111a638f1ab0b804,alchemy,infura,true,true,cases/ca2-a1560cfd50c54f038ab4.json,f833f96f33cbd2e2db22d7722e0929638b5ef440868bb9151ef81feec56013a9
ca2-59a1cba91e5790395c7b,bitpaidio,bsc,415418b9d2e273fb8db03d260e8776e11b94130a9d0f93b7ef73344cf235ab6c,cases/ca2-59a1cba91e5790395c7b.json,8e4a995124f0c52472404f17d5316eae560f62279d2b62b91e133359a7fe74ba,true,HISTORICAL_SNAPSHOT_VERIFIED,6ff3f194073f049128766834da6e7cb85d67d09eebc275e10245394a33625795,6ff3f194073f049128766834da6e7cb85d67d09eebc275e10245394a33625795,alchemy,infura,true,true,cases/ca2-59a1cba91e5790395c7b.json,e732758857304c16d038c00e5e429ef535d54d4561641c7bed12c561a27be4f5
ca2-608fc098c08911f51783,blueberryprotocol,ethereum,9206a6aeb7566489cface98d647dd8d55b6a6ad67ce3bb377f16b188f97460d1,cases/ca2-608fc098c08911f51783.json,a225639fa382cb9b696bec4bd8d0c7fc61d85c8c01901d20f41b668f1c1a45d8,true,HISTORICAL_SNAPSHOT_VERIFIED,8c6604b7d24af46fdfd121a746f378d4012e099f0d04b0de28117cbf83d43ab5,8c6604b7d24af46fdfd121a746f378d4012e099f0d04b0de28117cbf83d43ab5,alchemy,infura,true,true,cases/ca2-608fc098c08911f51783.json,b79c790aa228e3f2743100854878ae7439bac46539543c5dfd61bb1a619eede0
ca2-5a019aa2bc528c73de90,bmizapper,ethereum,19309983b066989690831854a8e43bcb951269acdc00d970a1b1d13e3aad78cd,cases/ca2-5a019aa2bc528c73de90.json,674cab71f795a165aedc31c786009e615200a989b03a6b31bc2d24929ca77216,true,HISTORICAL_SNAPSHOT_VERIFIED,cabf3e895486fb0e830bd3ff23216233f6302406a01ea27e33fffabacc2b1519,cabf3e895486fb0e830bd3ff23216233f6302406a01ea27e33fffabacc2b1519,alchemy,infura,true,true,cases/ca2-5a019aa2bc528c73de90.json,fac56343134c7fce3530b882795837152508bd9ead83507eeb5abe1b39538cec
ca2-5011063427fa6a95c108,bno,bsc,4e8c0bfd55b10b7e613ec8306a38f72432a46512e9d64205678b8effa0e04524,cases/ca2-5011063427fa6a95c108.json,83ab256be67a30108c67f289656fd851b354585efa61ef5b0f5b007712adf335,true,HISTORICAL_SNAPSHOT_VERIFIED,47ad6bcdf8efc67ae0bd7bc90947e28a83e2d8f92e82c302abb384bdecf56b43,47ad6bcdf8efc67ae0bd7bc90947e28a83e2d8f92e82c302abb384bdecf56b43,alchemy,infura,true,true,cases/ca2-5011063427fa6a95c108.json,37faa9490e75c502939babb28ebdd35cb00fa70289e873178ed453e4387e56a7
ca2-0119280f82385cf56670,bob,bsc,90b85ae82e672afba02f46cf0f1bde52fc4e12e7baaf3a17ba500c15e5037d60,cases/ca2-0119280f82385cf56670.json,9406bba097fa1761db27b5e5db3f6704afe97194cd67b9db9467acd8f9b83afd,true,HISTORICAL_SNAPSHOT_VERIFIED,946d7b31da84f13e026338d296a9488f4efaa1e46da92c488609835d35ce280b,946d7b31da84f13e026338d296a9488f4efaa1e46da92c488609835d35ce280b,alchemy,infura,true,true,cases/ca2-0119280f82385cf56670.json,341bb8d2ef0510a939899a81fc319e066a103e778a0afdd9517b2c490d4e5501
ca2-71d01a519d5b777ca8d5,bra,bsc,2adc3fc9bf5f8d6d9a8d3a8132275a929badf9cb626db3c6245b5e75013c346f,cases/ca2-71d01a519d5b777ca8d5.json,33f50b69d25adaf7ffdbc57808125e177e5c56472f779c30a1a9202bf135d66c,true,HISTORICAL_SNAPSHOT_VERIFIED,fdef7c7d6a486c55668d6186b09c78355d88e0c30a0dbd48ec2db403b9e96440,fdef7c7d6a486c55668d6186b09c78355d88e0c30a0dbd48ec2db403b9e96440,alchemy,infura,true,true,cases/ca2-71d01a519d5b777ca8d5.json,09fda772c96397f19fb711d660651cdb24de331a390ad563d6c81a6cb35c5947
ca2-a25eb49dc8b847fae718,brahtopg,ethereum,d7d8189461ce64cabf0d4e94d42111a2d8a939a59cfc5237fc84d598d8fe403e,cases/ca2-a25eb49dc8b847fae718.json,02c383151cfe36d8e0a8287cc51e413095d786f48363372ab4291554006e6adb,true,HISTORICAL_SNAPSHOT_VERIFIED,147e5996b8528fa2524d79b022013992f4541c7a70feb52576ddc2c23bdb1342,147e5996b8528fa2524d79b022013992f4541c7a70feb52576ddc2c23bdb1342,alchemy,infura,true,true,cases/ca2-a25eb49dc8b847fae718.json,88ec253473b283d14b4c434ecf43813e7929e37e735206fc40dd5f5bf30bd716
ca2-9035062d2e632d8ca752,btc20,ethereum,f89b917281c075f521b2c1076cc4044443a3d6d1e1890ee1f5e5b66ffa9441f0,cases/ca2-9035062d2e632d8ca752.json,3d65ab1051b73e6a5cf87b24b7a5f1f58493382267739613db606af73ba0e9d8,true,HISTORICAL_SNAPSHOT_VERIFIED,6cdd619e1804f230e156b3ad3f390a5c0e36f5c326caceb1a4b8e6b31c0ea4a9,6cdd619e1804f230e156b3ad3f390a5c0e36f5c326caceb1a4b8e6b31c0ea4a9,alchemy,infura,true,true,cases/ca2-9035062d2e632d8ca752.json,4ef61203d7e3e12950aeb4ada027d736028a8305b80db58ab909676b66b13751
ca2-c5014cea82de5130aa96,btnft,bsc,6164007920253546422892139d123f49284e8297bb56cdd84564326365d5fed3,cases/ca2-c5014cea82de5130aa96.json,734ceb7b965e3afab7c684782834efbb86900138811d7309030ea5e7b573c580,true,HISTORICAL_SNAPSHOT_VERIFIED,a2df3b7f1d2a62d51161d0cf5741385f6125f2567709fc61e6ca21244c09f841,f06f1bce489b026128a7ecf456fc985f6afe678881ebcb2a9ad6e81645077855,alchemy,infura,true,true,cases/ca2-c5014cea82de5130aa96.json,cf1576f5f0820d8af8ae73caced6633a250eff6218e60a86357c663bead653df
ca2-fa0880968324b82371e6,bunn,bsc,0be2cd493c68c739fff60d5596d0c21c90235aa190e1e962bfe2ea063c951a9e,cases/ca2-fa0880968324b82371e6.json,f191a322eaf471208b1867340b345bcd9f99ecab7c2bfe50496d8b06a658a02f,true,HISTORICAL_SNAPSHOT_VERIFIED,2530c9ecffaa06512df13de47028f0c436f02cf063abfeb0858a15cd200f1e1e,4d1adad6bbdd5c9161c865e559c23678d9c4b9331cf90e4526579aa877207248,alchemy,infura,true,true,cases/ca2-fa0880968324b82371e6.json,d3f609119ebec98190cbfcc1dbe39a0769990cd8d2702bae289eb01eefaae7cd
ca2-28489e4d5123e702b7a8,burgerswap,bsc,18b722199d896c16b2f8724f3ebb7221a8aaed2e33cbb00d7525d62e2a129187,cases/ca2-28489e4d5123e702b7a8.json,3294e0bef957fbda24ae84c9e8fed503bcc2822d85777be895bff28d04c9deed,true,HISTORICAL_SNAPSHOT_VERIFIED,50d0046eb69f9eee978d867febe1c75d465510952ef953609dc767bb43d62085,50d0046eb69f9eee978d867febe1c75d465510952ef953609dc767bb43d62085,alchemy,infura,true,true,cases/ca2-28489e4d5123e702b7a8.json,fe66279ef61df72d55bdf7f64f3c1665aa5bda070c8f71c62d2c14d363304b31
ca2-8521e5ce73f00a1df2b0,burner,ethereum,9dbe0148495fb498ba3e5e38e1eb4a866bb313cc7cf9b45a3b0bcf5395a4bda7,cases/ca2-8521e5ce73f00a1df2b0.json,c83e74e3223f1f28cfa8b15d16c038c004fdd03c26aa92d77206eab24868bf60,true,HISTORICAL_SNAPSHOT_VERIFIED,699be3406531bcfb4ec9d9f184f947ab2c3984b2b11431ab2775118812abe37d,699be3406531bcfb4ec9d9f184f947ab2c3984b2b11431ab2775118812abe37d,alchemy,infura,true,true,cases/ca2-8521e5ce73f00a1df2b0.json,3ee675ad3e6e38af39f931de70e07893622a976df06ee6c21b73705813528b60
ca2-87c7a2d034157234fe09,burntbubba,ethereum,18ec22309a930aeb4e2deab5bcbd4f3cf18a1f36bcbc463630cc5d904952288e,cases/ca2-87c7a2d034157234fe09.json,9d4f60148321f058801ee2c936dd8c7ce1de7a2511b23f25463e3fd2f6bdf35a,true,HISTORICAL_SNAPSHOT_VERIFIED,535bdc2dc19031da6d4cc41b095291b46dd8e6cbf2f66807bb002605840c4657,535bdc2dc19031da6d4cc41b095291b46dd8e6cbf2f66807bb002605840c4657,alchemy,infura,true,true,cases/ca2-87c7a2d034157234fe09.json,6469780068827ef6f922c532521b692ed65f01d0b83f34ffeb50bfce9a4de455
ca2-60b7a39b3acbf3ed1937,bxh,bsc,228b56e286e3c344c7c1aaa279a970b17924dcc2272aae59cd003c1220c89eb8,cases/ca2-60b7a39b3acbf3ed1937.json,e4635dd9c5f094627f9af5caa054e15a2bf591cd6164e37b704fbccd468fe01a,true,HISTORICAL_SNAPSHOT_VERIFIED,8e2491ebf7814b8ccced85f13b33f2068cc5aca26eabfe972d2ca844fbc9870e,8e2491ebf7814b8ccced85f13b33f2068cc5aca26eabfe972d2ca844fbc9870e,alchemy,infura,true,true,cases/ca2-60b7a39b3acbf3ed1937.json,ae38168dce61b5f35efc283ff451c72e00869905d3f89023a364b7ac2d3a0823
ca2-22e8cd13c63b74bc9bbc,bzx,ethereum,5959dede0d250e2464756f2ba54c39b3cec920b71095869f661e2b2421960db7,cases/ca2-22e8cd13c63b74bc9bbc.json,47dfd6135672070ffb2c4beb76205586baa394d67109fbfbed1ad69c643e3b2f,true,HISTORICAL_SNAPSHOT_VERIFIED,5463d27ba639f9bde59b2a9f6c7b4d9020b84fcc8ad327824638fe98a9060625,5463d27ba639f9bde59b2a9f6c7b4d9020b84fcc8ad327824638fe98a9060625,alchemy,infura,true,true,cases/ca2-22e8cd13c63b74bc9bbc.json,fa5c6c02a25aadbb1a79375f5e133f15ad3990f07427e22b12e49ed8cd474b99
ca2-9f2e70a7938c45f70a82,bzx2,ethereum,8d71b7f1bd39ee961f129dd7f8228b76828a2f19f8199c601b0a626484c4369d,cases/ca2-9f2e70a7938c45f70a82.json,775287d21f82a393103e48d3d7f2d0f5d9626275703af35dd791394b8ba59abf,true,HISTORICAL_SNAPSHOT_VERIFIED,5463d27ba639f9bde59b2a9f6c7b4d9020b84fcc8ad327824638fe98a9060625,5463d27ba639f9bde59b2a9f6c7b4d9020b84fcc8ad327824638fe98a9060625,alchemy,infura,true,true,cases/ca2-9f2e70a7938c45f70a82.json,500f4b854e40c6858db7cbad86b69e889d3ddad40ee51c66f9828e6850fa83ae
ca2-e726d15fcadb675a6a84,carolprotocol,base,ad2c7b00a8b7910cb3d08993a84d518b815b0133b991a458f9145dc297d11030,cases/ca2-e726d15fcadb675a6a84.json,f35f4663333295fc12be52c92134c3f7d09c843e01887a5cb234220eb9289abb,true,HISTORICAL_SNAPSHOT_VERIFIED,99f4846b9ca1fc0fd1d07d726f186243b54f50deaf5ed6e619e4d88bdcd1bd5c,99f4846b9ca1fc0fd1d07d726f186243b54f50deaf5ed6e619e4d88bdcd1bd5c,alchemy,infura,true,true,cases/ca2-e726d15fcadb675a6a84.json,e2c79f25491e2a3b874f8f45dd6a6957df31392c8a29eed7216b8bd6aa05d3e5
ca2-f6ff26fef2c7c8239a54,carrot,bsc,d9a6b7eb3d3a1c1f15bd8cd1e485fb4eaaece3ed3abd9ca849f867ca5fe5b23b,cases/ca2-f6ff26fef2c7c8239a54.json,aacf0f9c167c41b4805a6ec4c8fcdcb1c112efa40a21ad9e216e455a90194bd0,true,HISTORICAL_SNAPSHOT_VERIFIED,3f6697757a5a7e3fae60e17ffc71b62cb332dc1a6ccf3a8723160000f11c8b2e,3f6697757a5a7e3fae60e17ffc71b62cb332dc1a6ccf3a8723160000f11c8b2e,alchemy,infura,true,true,cases/ca2-f6ff26fef2c7c8239a54.json,a2fa26a3ca377424e77b395be5f23bd4247cbe14f31b8b1194d33be82dde1061
ca2-9aabe02b00ee6b15427c,caterpillar_coin_cut,bsc,8bc8aee9753c9edd7063246af35ecbe77b38238a13aba78d3e8ac05c456ac00e,cases/ca2-9aabe02b00ee6b15427c.json,79d25c9cbc9643d40c85fd222115825cd7d0042bfc958881c519375bebbe5001,true,HISTORICAL_SNAPSHOT_VERIFIED,d45ee1ce0cb1f3978ab770cbd51c60a5a846cac4fe4853635da24608a69cfdcc,d45ee1ce0cb1f3978ab770cbd51c60a5a846cac4fe4853635da24608a69cfdcc,alchemy,infura,true,true,cases/ca2-9aabe02b00ee6b15427c.json,bbcd12fa7886d48c16240a33972be97b29110fcf8d85e841e35c46feaa98bd5e
ca2-0fab25d3b5b764c482c5,cellframe,bsc,89cdfc63fc4691a1ec0adeeefd931a4eb5ae9dae230118f7109e8ab880cf0f64,cases/ca2-0fab25d3b5b764c482c5.json,c8637d3f2e6cf5a746d96b94524722f0be9d69f2ae847244333acececd056b52,true,HISTORICAL_SNAPSHOT_VERIFIED,ed992d4e23a6d08fbfa73fa7bacf4a01ff1045b1247bd01bd4653a19ae40d740,ed992d4e23a6d08fbfa73fa7bacf4a01ff1045b1247bd01bd4653a19ae40d740,alchemy,infura,true,true,cases/ca2-0fab25d3b5b764c482c5.json,7f9478fe482f4e939e926b4d4e56cf087f79e5d9c709ddb1be6aa5269f371c40
ca2-d08064284319f9724001,cfc,bsc,8f58e343d0019d2b78d6d5cf79064ed4b62e4677cede48ae0de1897d82e98674,cases/ca2-d08064284319f9724001.json,4b3f6d6fae2ae7924e82c1c5220245bcb1c0f9153cf8204157f9a9053ef938a2,true,HISTORICAL_SNAPSHOT_VERIFIED,a1ea8386819b76238190214f1927eb3790c18592cdc707b9d5e89539b137cd43,c06b12742d507906193b5a11c3b29dfed16c52ea70e1383f84973c713dd20534,alchemy,infura,true,true,cases/ca2-d08064284319f9724001.json,846765601abe5f3db42ffcd53c27218eac4fd875c276bcf95b37686ceabcdeef
ca2-9975357170a08c396c9a,cftoken,bsc,259b189384cde3296db1d74097f6d80381bd411e698b111c84199ef2cffec68d,cases/ca2-9975357170a08c396c9a.json,98f08306a238f55d24a831f3449df90e95852c6af8f198214db855e14652ba76,true,HISTORICAL_SNAPSHOT_VERIFIED,27fb9ff9a22fe3bf64637de8533b615c757138252edf45ac6d4478190b46103a,27fb9ff9a22fe3bf64637de8533b615c757138252edf45ac6d4478190b46103a,alchemy,infura,true,true,cases/ca2-9975357170a08c396c9a.json,fed3e8343822abef43441e72ccdfbb6d983ba1b376e535eeef9dfda4841ed054
ca2-c5a01f6581922c612fa6,chaingefinance,bsc,1e09be2a2fa74199066b8e1e1c004b591d1e4a5e4a0508753710a580778c7563,cases/ca2-c5a01f6581922c612fa6.json,5aa2e88217a4eb6fd48e4e9756027a4361fe03f06dbf45ec4bb683b3b61447d9,true,HISTORICAL_SNAPSHOT_VERIFIED,9cdbe063598c048341ebaf839485859892bf9f4d183b5fade843c47ab7943ea9,9cdbe063598c048341ebaf839485859892bf9f4d183b5fade843c47ab7943ea9,alchemy,infura,true,true,cases/ca2-c5a01f6581922c612fa6.json,7f841f7596cc84cb69a596ccf23c9564faf476b029198bcf3cc32d5820a724f3
ca2-5b927b3791414bdc410e,cloberdex,base,5e6fe66f8b5070ec3f1cab56b9209230516c4dbec4a215c879b3b8c464a0caeb,cases/ca2-5b927b3791414bdc410e.json,b587e5bbb9e253cb31cf49df767b862543e199c1ca0c10d2d3eca99de5f24439,true,HISTORICAL_SNAPSHOT_VERIFIED,7955918403ff71eb5dbcee18d510843c349c8ad5d73a01a8775c69a3e0a57c34,7955918403ff71eb5dbcee18d510843c349c8ad5d73a01a8775c69a3e0a57c34,alchemy,infura,true,true,cases/ca2-5b927b3791414bdc410e.json,17958a731734943c5c324a2fdcd8eb69ba303cba9b8cb81f7ce11a9434c6bd97
ca2-8920d085a4a666414df5,compounderfinance,ethereum,4d5a9cc42365e6ca2505859abc7b5e46fafac7c8cad58ed76cbafdb8723d2269,cases/ca2-8920d085a4a666414df5.json,49fa3ecb756f595b0b7df201750d57f2e214bf097d0ef3cd0bbb5a3858d0f7d0,true,HISTORICAL_SNAPSHOT_VERIFIED,9a6ad0237b53b6a2b60d33df6c3c290879f2e01aa036b31db4947576d1667810,9a6ad0237b53b6a2b60d33df6c3c290879f2e01aa036b31db4947576d1667810,alchemy,infura,true,true,cases/ca2-8920d085a4a666414df5.json,0015d7109a5e8aa24bbcbdd13c8c0ffc3e0b2a0ac518bed46406fc2e017df702
ca2-5b4e3baaff7190f2f54d,compoundtusd,ethereum,4f0c729512263a3be52a417d5a7f98b32396a61b168fb32eec0eea2762e0cbf4,cases/ca2-5b4e3baaff7190f2f54d.json,d887430ee04646cd8b67120d09a85b2af6d5e0912ca0924ea0d552826a2b14d7,true,HISTORICAL_SNAPSHOT_VERIFIED,8e4135104bdf295b1cf5a8774189296058de20be5c8ada8687eb89887df6e853,8e4135104bdf295b1cf5a8774189296058de20be5c8ada8687eb89887df6e853,alchemy,infura,true,true,cases/ca2-5b4e3baaff7190f2f54d.json,734b4b6ce377c00aeb74e95c079b7f9438e958825a01ef070ae6518ab1e8ccd8
ca2-14b9ffae56e7c9bfb04e,compounduni,ethereum,5b7c6f9f5ec69e0b4c7c92f4a6965ec998eb0e900c9267e3aa886fcf77e1e188,cases/ca2-14b9ffae56e7c9bfb04e.json,30a534cf75abbdef4c3260c4763e4518391f81804da1367fb943d43a4c720693,true,HISTORICAL_SNAPSHOT_VERIFIED,b46142ec5c53fd7103d7e6177a6f0c65ede2d2ac43123ec8316c669b2ed117b9,b46142ec5c53fd7103d7e6177a6f0c65ede2d2ac43123ec8316c669b2ed117b9,alchemy,infura,true,true,cases/ca2-14b9ffae56e7c9bfb04e.json,8877bbee6f5a0f55c510e84a7ed0cb827f1d04f956803e0d3bc64d3f3012b2e4
ca2-ed5ea743787aecff1e56,conic,ethereum,7362d939090e1796e51ea85a4da8578b7d00af3e7e05d72dfb9a10befc0c578c,cases/ca2-ed5ea743787aecff1e56.json,dd958d35256aa9c7afb527ecd97fe48da1b86317156559e311f839ce43e05262,true,HISTORICAL_SNAPSHOT_VERIFIED,0a08d47184050cafa92a304acc6d088adc42eef450b3bded5f1555970e730140,0a08d47184050cafa92a304acc6d088adc42eef450b3bded5f1555970e730140,alchemy,infura,true,true,cases/ca2-ed5ea743787aecff1e56.json,5139ad5737f88b2e87be73617996e3c5572feed9e3cb5f52e29c70cbacf5837e
ca2-22667ec3b73bf4e3f29e,conic02,ethereum,56ee6b61208bff68c41bae5c95b88440c010155f875ef2d3ff636a945eb441ca,cases/ca2-22667ec3b73bf4e3f29e.json,af2f4fe603ff0ab2d7ac1268e620824143cc239f5fc041669e4a5fb0a54212d2,true,HISTORICAL_SNAPSHOT_VERIFIED,32b93b15bad33062cde4ae8290703bc8a959a93e18c038255a96b5105c09c228,32b93b15bad33062cde4ae8290703bc8a959a93e18c038255a96b5105c09c228,alchemy,infura,true,true,cases/ca2-22667ec3b73bf4e3f29e.json,79b75d1d796a67349e70d1e59d65a1334d8d0117c0bc96da37ee53ce54f73236
ca2-4b9009f78d24b677e07e,conic_2,ethereum,cc309e82fabed7a773fe783308aa8a7930e1c3f8e403ad449a0cfbcf57152884,cases/ca2-4b9009f78d24b677e07e.json,71597bbf884e05046bf6ab72b5946396e24681ce16625c944946b64687b6744e,true,HISTORICAL_SNAPSHOT_VERIFIED,0a08d47184050cafa92a304acc6d088adc42eef450b3bded5f1555970e730140,0a08d47184050cafa92a304acc6d088adc42eef450b3bded5f1555970e730140,alchemy,infura,true,true,cases/ca2-4b9009f78d24b677e07e.json,4428a77c88227a246f09ea47478a5b9e384116e5eeb0e5fb0e9fcca838b06014
ca2-5c90f11e08cf22426454,convergence,ethereum,cf6c6798618b781c80c25bdf34941a90c729a96ee39d52c69a044c64bcf8db83,cases/ca2-5c90f11e08cf22426454.json,6629d557cfc2475a2c0665842de412a63de8bc5d65a114a57c712be950262565,true,HISTORICAL_SNAPSHOT_VERIFIED,4257ca1b843b7619167b8e0c60070ea76d25264e40ccfaf72ae0dce7e92af02e,4257ca1b843b7619167b8e0c60070ea76d25264e40ccfaf72ae0dce7e92af02e,alchemy,infura,true,true,cases/ca2-5c90f11e08cf22426454.json,06b06e847975fb1510eb13ed976b4e3dbc2179d25955e1bb0363de7eb284915f
ca2-2d1d603841d5194ab452,cover,ethereum,882bade8271f471981dd2a5ab96bb871a657c05213d5d20b84e1f4f7ae651a58,cases/ca2-2d1d603841d5194ab452.json,8d87f3870327d6e8730c099d8579887bac40687a16cb61723b7efbe7cf242cfd,true,HISTORICAL_SNAPSHOT_VERIFIED,9e98acf543d217017690ff9fb8fb5b2b4d892db5022823245d3794e0ac0d7a14,9e98acf543d217017690ff9fb8fb5b2b4d892db5022823245d3794e0ac0d7a14,alchemy,infura,true,true,cases/ca2-2d1d603841d5194ab452.json,ed7590670fbadfc481e2b27749a6328486d99c6921b3b480cd3d8e47ae8f9b84
ca2-9a214e9ce45a57c562e3,crb2,bsc,6b57510d5050fb2d99494792df8c215466864e9fdce7561a2f029a57fbbd668e,cases/ca2-9a214e9ce45a57c562e3.json,fcf11dfae04e8b92233656f6f0ff552f49ddf0684c2b20d44d5e69c8f2ef3155,true,HISTORICAL_SNAPSHOT_VERIFIED,ec9829299a10961f8384452210d6de55a44b0c20654099f29df9e8a07d569f01,ec9829299a10961f8384452210d6de55a44b0c20654099f29df9e8a07d569f01,alchemy,infura,true,true,cases/ca2-9a214e9ce45a57c562e3.json,e61e322b70e89633b5f99cfc7ff2b9b5bfd8ce915a6de19d3dbb0794108b2207
ca2-8c56561fae063cde5971,cream,ethereum,3dcee4fb140f7cf8a8a47dcae034659deea7ae9ac4836234c1c94c08c65568de,cases/ca2-8c56561fae063cde5971.json,a9e4431dba0531cfdb9fe7900319edc8405fcebd16c07198c79296fdbbabc35a,true,HISTORICAL_SNAPSHOT_VERIFIED,e00655c04bf85d0fa56383a0f4799648ae2cb089335dc8c581de64611d013cdf,e00655c04bf85d0fa56383a0f4799648ae2cb089335dc8c581de64611d013cdf,alchemy,infura,true,true,cases/ca2-8c56561fae063cde5971.json,538b26c0945588b9e0f2701dd43f30c12943e65927bd50997ae84625d71cc9a7
ca2-2f808fc768214bcb9f7d,cream_2,ethereum,3460dd80ba4b00bd1f5cf0e24d1f970cb2fd168e02d122d4e11039d86d184e6e,cases/ca2-2f808fc768214bcb9f7d.json,4266e24c3817f52eb4b5d7d800691e38d0584c2eb484e6b4a78993f700485035,true,HISTORICAL_SNAPSHOT_VERIFIED,de3058e3229e741ec0ac10c2d96f60a7940df03da37bfee6d7db89d070253160,de3058e3229e741ec0ac10c2d96f60a7940df03da37bfee6d7db89d070253160,alchemy,infura,true,true,cases/ca2-2f808fc768214bcb9f7d.json,15aa964e57352493a7dc537c1e32c38e1dab8d1b5d1aaf6a2b5090e7ce4a4aed
ca2-22ca428502dddf9f2871,cs,bsc,fe67acbd3008c30371e6422d40935ce61d98a465cf5dfb6fc8b8ff980353eb3b,cases/ca2-22ca428502dddf9f2871.json,4082f569eba9e9fff84fab8907bb40eee4e38081b8e05e6191d3d5762ea08e0d,true,HISTORICAL_SNAPSHOT_VERIFIED,178e2d6e38cff3e3be19d05052463c201d7ac4fbe6d25863817a20e5a682e71b,178e2d6e38cff3e3be19d05052463c201d7ac4fbe6d25863817a20e5a682e71b,alchemy,infura,true,true,cases/ca2-22ca428502dddf9f2871.json,8dbd1f67597d40ff84be22e0a38f22df98d97ee6bfe87fb5a46c1e167900cfa2
ca2-aa939f9f7f959ce19c8f,curve_llamalend,ethereum,7b28320a66ecb257f84d724c94806b17432b542bfaac1f384e194faf3877f01b,cases/ca2-aa939f9f7f959ce19c8f.json,dc14f3abc9c24b2033c5283c6e2a66089b1808756029605d2022e53f0fb94512,true,HISTORICAL_SNAPSHOT_VERIFIED,db3a2981e313c750bf081669eadf18f8f8c8064c0174a206918bd34bc56093c9,db3a2981e313c750bf081669eadf18f8f8c8064c0174a206918bd34bc56093c9,alchemy,infura,true,true,cases/ca2-aa939f9f7f959ce19c8f.json,9a528c89c6241dcb166f1ae4d1ccba083bada9e06e3e28d5fdafac8e5b6ceea4
ca2-33375f53486ac02fc6d2,dbw,bsc,0da67e213a5123ce084067b876d33728de5f8697495aea021c38feea61061a1f,cases/ca2-33375f53486ac02fc6d2.json,61a0ce390036f037de3e1b991ba47d0fa33f2823972cb98748e887c568e7adb3,true,HISTORICAL_SNAPSHOT_VERIFIED,8ae3d532f1bfcf7dc6e43e642465f7ec28356edbaad534b28366e1ebfbd4d068,f67e10e331fd1cace2e633365ad4a264074212a3555b69302dfc379f43ec984c,alchemy,infura,true,true,cases/ca2-33375f53486ac02fc6d2.json,8e4dfef6f01f63fa548dfbc41e345de6a359dedf0e804e30dd8eb8658141bb1e
ca2-e92eb18ffd5cb5150b66,dcf_token,bsc,b93e8bc6d91c15242f21a754b67cd1b9452db08f2b725d81ed726662596c48b4,cases/ca2-e92eb18ffd5cb5150b66.json,e23955c874468a9e56e54f68f79c6cd8e07c0375418a0eaa45ba61c0bb5c302a,true,HISTORICAL_SNAPSHOT_VERIFIED,58625672a6fcea286e1b755291c4c246ecbaf2cac759d9732ac8ccab3fcfa2b6,58625672a6fcea286e1b755291c4c246ecbaf2cac759d9732ac8ccab3fcfa2b6,alchemy,infura,true,true,cases/ca2-e92eb18ffd5cb5150b66.json,1f281eabcf71478d6dd9e625cc541c7214440f324e4845d7c6c33e43bbc5718a
ca2-0d94b0dee68d0b41352e,ddcoin,bsc,c0f76cf3bedccbf63c5bc30091a6056cc2a5aaef921ad3d2381333e08606c56e,cases/ca2-0d94b0dee68d0b41352e.json,8ded2b633446d0942113da244e9b0ca793ea790adbfe6e733998b69a7a5908f5,true,HISTORICAL_SNAPSHOT_VERIFIED,be00875145c74577bcc86cd34bbbff2ec8767cd6340dfc4000e5cc877b22cd16,be00875145c74577bcc86cd34bbbff2ec8767cd6340dfc4000e5cc877b22cd16,alchemy,infura,true,true,cases/ca2-0d94b0dee68d0b41352e.json,5127775b5bc92371dd39a6e0eff41118bc2ad4e86202e150fbdf173b424dd297
ca2-0998fb22a8fcd705afbc,defiplaza,ethereum,52eda2af122f22601f88fae96541f6df57184be6253d1f8b4df28155731cda14,cases/ca2-0998fb22a8fcd705afbc.json,a772d46195a6df6c50d1c19d9f4ed973bec5b4d70748f277da72e7ebc2838c92,true,HISTORICAL_SNAPSHOT_VERIFIED,4d64ff7686ff01450ef05925cf35237c131c2dc6cc6d2278f744b28e43cc0ec5,4d64ff7686ff01450ef05925cf35237c131c2dc6cc6d2278f744b28e43cc0ec5,alchemy,infura,true,true,cases/ca2-0998fb22a8fcd705afbc.json,56f0b2288090ea512f0d59c9911630c9b60c84d542443182b7ea0f0ccb10718f
ca2-4c0faea601ab4a95ced8,depayrouter,ethereum,f3b70ce77371cf52693d4c22c8e6882b7ad47f3120b647165013013da50e3c46,cases/ca2-4c0faea601ab4a95ced8.json,1c38292af9b4bae1a11c28a303174c6abe060f6940ab4380668cdca8ca49273d,true,HISTORICAL_SNAPSHOT_VERIFIED,8e08a1cb8c5fa9c6d08490c1ed70b10ad244b83009c78a12bfe068351e54d179,8e08a1cb8c5fa9c6d08490c1ed70b10ad244b83009c78a12bfe068351e54d179,alchemy,infura,true,true,cases/ca2-4c0faea601ab4a95ced8.json,795612154c9fe2063e208b9ee9e589b8062cb8f365abd9f2ee8262451201c23a
ca2-c7f02a40db88500f3ae5,depusdt_levusdc,ethereum,d9100bbbb2956c2561cead740be298ac2490c1172ce20475e9c49e4e2c9a4d8e,cases/ca2-c7f02a40db88500f3ae5.json,ee8bfb8164ac619d7c0bdcacc4f78d8748f9aa584a1f576968c76623b8d4b4aa,true,HISTORICAL_SNAPSHOT_VERIFIED,6cdd619e1804f230e156b3ad3f390a5c0e36f5c326caceb1a4b8e6b31c0ea4a9,6cdd619e1804f230e156b3ad3f390a5c0e36f5c326caceb1a4b8e6b31c0ea4a9,alchemy,infura,true,true,cases/ca2-c7f02a40db88500f3ae5.json,d083b42b649736fea0c12439e75cbf45cd56e864216e51a83db8eb1223f9ecec
ca2-12f0d5e40474ef0de502,dexible,ethereum,6bbdb43ccb739baf4c5c6fb85aca17958250ffa9483b42e98b34162dd9976269,cases/ca2-12f0d5e40474ef0de502.json,924a04da65f5b7e241a0f211eec0b7087ce90c1f7df0b30e2a6707ec038f7793,true,HISTORICAL_SNAPSHOT_VERIFIED,e452a7217fad92d1208c829a4a1dfd7d2c0390919ee8f51c9bfcf72bafe1ead6,e452a7217fad92d1208c829a4a1dfd7d2c0390919ee8f51c9bfcf72bafe1ead6,alchemy,infura,true,true,cases/ca2-12f0d5e40474ef0de502.json,a5afe5854f84763894c11e7eb4fdc81b1def86eaab9f30990f6abb047d3160c9
ca2-e488b8f22881b9feaedd,dfs,bsc,6db8e29d39a4a0d876316bd05f7051111d2859088cde5631f70af90c5ccdaa12,cases/ca2-e488b8f22881b9feaedd.json,473117e15feb7f5ce0efb742792d8dc64bb8d54ca959247f86e90b8d2f3d1465,true,HISTORICAL_SNAPSHOT_VERIFIED,e685290862a04e443d1522ccfbfe48eebc1758e3ffbb26ab9d5f84c3077883bf,e685290862a04e443d1522ccfbfe48eebc1758e3ffbb26ab9d5f84c3077883bf,alchemy,infura,true,true,cases/ca2-e488b8f22881b9feaedd.json,f2d8c5403edd51e82d4592212f3e165476142dddad1c8b247b59063ae9c12319
ca2-7ab9ecf055348c803def,dfx,ethereum,d1d8ce2889d874b1db3036b8e7fb02a9f87079aa11e3a702bddef47a626c251d,cases/ca2-7ab9ecf055348c803def.json,9be66e3a03730fefb33419d5b3c88c739c79e9a8db59167445e312bdda337f3d,true,HISTORICAL_SNAPSHOT_VERIFIED,8bfe7b0dd2cbaf19e27d9655c52419220981d95e62064c6bf48c78c883ae6e68,8bfe7b0dd2cbaf19e27d9655c52419220981d95e62064c6bf48c78c883ae6e68,alchemy,infura,true,true,cases/ca2-7ab9ecf055348c803def.json,e0098cc21a02bc7e5d549e731ef720f03de11b26da94be26f5e9d76ca190a524
ca2-59b9ab9a48493aa5ebce,discover,bsc,0d1d64f139004792062a2c2e0100288a5593ebd509d742b12a85c8e6f04863b0,cases/ca2-59b9ab9a48493aa5ebce.json,4bf74fbdd0960843bf9a019301711afc61620cf770731220afae5ac6e100e0ad,true,HISTORICAL_SNAPSHOT_VERIFIED,1c3070a97e47e7a2149b33d200aaaba152d2bbb68dc457bbcb19dfd5b4e134a1,1c3070a97e47e7a2149b33d200aaaba152d2bbb68dc457bbcb19dfd5b4e134a1,alchemy,infura,true,true,cases/ca2-59b9ab9a48493aa5ebce.json,f09f3022dd83eb438e2a0573cdd791db7257f194f4e62982956201494cd26350
ca2-61c7c0bc0fd854fd8541,dodo_flashloan,ethereum,b1e0b15bb48e0985597bcdcd09188d1d82646869d389757ec3df76680ffa25d2,cases/ca2-61c7c0bc0fd854fd8541.json,c65a52d5e80860f199eda4fe0ba9814e1eda76bd015f9ca387be9fa4e51f095f,true,HISTORICAL_SNAPSHOT_VERIFIED,155ebf6a7f2851739b968fba6d50a54d51575b23f929d1e43c78b406a2b0db17,155ebf6a7f2851739b968fba6d50a54d51575b23f929d1e43c78b406a2b0db17,alchemy,infura,true,true,cases/ca2-61c7c0bc0fd854fd8541.json,bd21c97288704728ba646538bdaa1325f36ec6b1e088bddff5238e886e34d0ee
ca2-0d308a16f604ed495788,doughfina,ethereum,6c8c3f705d8de81a4723a165609b5230c61356e383aae9ca5b55bf5d64e05de8,cases/ca2-0d308a16f604ed495788.json,699005baa27614d8808bceaeccfebf54092919cb2e217577527452f6bf55352f,true,HISTORICAL_SNAPSHOT_VERIFIED,10b9197247806dd6daecec2468afea72d97a36ee5c1c5eb2a84d35849582503e,10b9197247806dd6daecec2468afea72d97a36ee5c1c5eb2a84d35849582503e,alchemy,infura,true,true,cases/ca2-0d308a16f604ed495788.json,3e86056d1e54d752654c6b97a06898d934e468960f772db52c049fdd6bd0f57b
ca2-0aa20008e0303e8a5201,dpc,bsc,8ccb951dea1a520fca0d6174ba8ad7b6bff5dddaf38a3a9a0f0dca09bd94b961,cases/ca2-0aa20008e0303e8a5201.json,c8b42f31ecd9372665e2eb5888552ad78f363a9d14fd6d438bcdcb05f8478005,true,HISTORICAL_SNAPSHOT_VERIFIED,022d592baa72452f820d7a8cc749c30bff45368ea2e791c748addb2366eb6438,022d592baa72452f820d7a8cc749c30bff45368ea2e791c748addb2366eb6438,alchemy,infura,true,true,cases/ca2-0aa20008e0303e8a5201.json,f3527d838568d47ab0489ea8b3af83f1e4e216fb3b1d98c9693ff267a7d8a35d
ca2-9b3232b290b3e5a209ad,dualpools,bsc,6a3992e0eb208a49da759cc2a5116bc87000b816546880edab178793f2b75222,cases/ca2-9b3232b290b3e5a209ad.json,c00002faefffdab5b84e149976ccb5635ae4e47c3f8a7684794e72296fc01fc4,true,HISTORICAL_SNAPSHOT_VERIFIED,633619c89719f3ef428dedb33d77e551ce09f0c2fcf7e4fcde26895e2df4a6b0,dc50efe1434601496cd6d00afd567a578bb6aa5cadc8a85d2c7d85d8857ec248,alchemy,infura,true,true,cases/ca2-9b3232b290b3e5a209ad.json,7631df5bd68347701f55d066a42e1b23067fc1b9cd77caab84f2807d03341234
ca2-d5206e281e59cc007b02,dyna,bsc,e93d853a6fbf738ae9518bf00095154484dd1d18ba1bbc3c827da0a4002e5946,cases/ca2-d5206e281e59cc007b02.json,1b2c60c3629a854e10c121923dd0148070b160214a6841bef8e621582e88051f,true,HISTORICAL_SNAPSHOT_VERIFIED,dd6993dc5effdcd386cb1758d5c4172f30051f3e8f174601ed852c4debcf355a,dd6993dc5effdcd386cb1758d5c4172f30051f3e8f174601ed852c4debcf355a,alchemy,infura,true,true,cases/ca2-d5206e281e59cc007b02.json,a7d1ccd6f56c0307f6be5f994a1810bb10d2094fd49059a86c33653a427a5e60
ca2-5e2d8f30a0d9b1dc548d,dyson_money,bsc,9bb361fe251f36e75628f77db19628b41b9a22323772831fb2bb17fed49a0f72,cases/ca2-5e2d8f30a0d9b1dc548d.json,4d31760da06a5b1faf445bc73b9c3cc3c934c0025cbd2bef66cdf7a9aa282726,true,HISTORICAL_SNAPSHOT_VERIFIED,6cdd619e1804f230e156b3ad3f390a5c0e36f5c326caceb1a4b8e6b31c0ea4a9,6cdd619e1804f230e156b3ad3f390a5c0e36f5c326caceb1a4b8e6b31c0ea4a9,alchemy,infura,true,true,cases/ca2-5e2d8f30a0d9b1dc548d.json,54cae6859a845b3d0ffb59ac96ac4cbddae5a9a57fa730b5a2496f5946dc2261
ca2-e017525389c5fba3ce28,eac,bsc,3b81c5232d8dab8306d447dfb44fc940f3586a2c5300d48df66a597ef1c5700a,cases/ca2-e017525389c5fba3ce28.json,537d28600bc36522d783e7122ca2fa5d7ab81367aa49071db357936c8571037b,true,HISTORICAL_SNAPSHOT_VERIFIED,ee7c8547cbbcb7695a3d92eece37eb26da83b20d8d82d106ff505a5a67f011d9,680ec586a3e74e64565cd184042b21ac49f6e5bda4edb5eea5de5869fa3f63e3,alchemy,infura,true,true,cases/ca2-e017525389c5fba3ce28.json,e9d39bcf28d3d0330e5b6383290ddef171d8d9c982aa9c230803b929b1c0e443
ca2-a21e3c90faf447e22997,earningfram,ethereum,ca6998bc36f932cee3c88b827d568f53e4879a7be3fcbf37dc5a11bbdadf3c4d,cases/ca2-a21e3c90faf447e22997.json,565bb4a7d56584886f2cdae7a711e3e1cc05882f5b9d3c7f4eaa326f6f62ce00,true,HISTORICAL_SNAPSHOT_VERIFIED,cb59a95da70fc251a87523df57ef7bf453bb33d468211504f34330a98e01556a,cb59a95da70fc251a87523df57ef7bf453bb33d468211504f34330a98e01556a,alchemy,infura,true,true,cases/ca2-a21e3c90faf447e22997.json,f452e2756245629f0f26ab47b500c0ea62950c772d620c545255f9512f70f10a
ca2-5c189b8bf9f7db29dd4e,eflevervault,ethereum,d69f5be3f402a8abca851edd9f931af1b774498da61fe92ecb283ec4e64ce9c4,cases/ca2-5c189b8bf9f7db29dd4e.json,8e1adaafaee771201c7e97d3615cbf1d7635db163dad7a66d1c06e1288f75343,true,HISTORICAL_SNAPSHOT_VERIFIED,8fe5c9d2e32eb225201c0d300560038f2fd23220fa09f81eb2b7e78e602d9882,8fe5c9d2e32eb225201c0d300560038f2fd23220fa09f81eb2b7e78e602d9882,alchemy,infura,true,true,cases/ca2-5c189b8bf9f7db29dd4e.json,a69bc342053a9ae0f2d184145d0135dc0ba5c67063183f0906ef28022f948a95
ca2-99c425ac31ee8abd76f2,efvault,ethereum,db004d946e2a6dc068ae8bc69da8c1d968a7faf5b568c5a48f0c25d18f111d73,cases/ca2-99c425ac31ee8abd76f2.json,c19d1aff6542caf635374b86b517fc811d404243ef2d41e3b0452581b6d8a437,true,HISTORICAL_SNAPSHOT_VERIFIED,15dae27b6643b18af1579768467bebc24eaf98ac0bb0065a313d5be38dd83794,15dae27b6643b18af1579768467bebc24eaf98ac0bb0065a313d5be38dd83794,alchemy,infura,true,true,cases/ca2-99c425ac31ee8abd76f2.json,b58fab5d470634f2a7490809674361c9fdad5ecaf18f7adb4cc281067626bd1c
ca2-29064c97bd3050d5cc0b,egd_finance,bsc,ece42c96550640619f82e3959532c678c2291c5697614d6c7bd03fae13e299e2,cases/ca2-29064c97bd3050d5cc0b.json,b34481d09b898ed5f59160300303d2bdfa860bf5a89e1255dba274e1cff2cdc8,true,HISTORICAL_SNAPSHOT_VERIFIED,15dae27b6643b18af1579768467bebc24eaf98ac0bb0065a313d5be38dd83794,15dae27b6643b18af1579768467bebc24eaf98ac0bb0065a313d5be38dd83794,alchemy,infura,true,true,cases/ca2-29064c97bd3050d5cc0b.json,35bbd82f5327b363324d09e67246d827968e282f28bf42590a56f9a2e363fc00
ca2-82c63f4f3f31559be9a8,ehive,ethereum,92a6d258382c1d49ab7fadbc6ee2cd38a33ecd3ecc0b235b10d47e32ae568dd0,cases/ca2-82c63f4f3f31559be9a8.json,b37026f11bb0bbb5e9a431806474d30c4cfeb5cc8bcfaab6ef66a2aabc31fb44,true,HISTORICAL_SNAPSHOT_VERIFIED,cb1f7502660d71e4017b6982a1c88f538e6bc53a77c969da1a9f2233b7723b37,cb1f7502660d71e4017b6982a1c88f538e6bc53a77c969da1a9f2233b7723b37,alchemy,infura,true,true,cases/ca2-82c63f4f3f31559be9a8.json,c9f8b12f393a766df8183a575f06bb6764215e1211b443069b8c18ef029c3e10
ca2-14bd5d42e2f704e2cc65,ehx,bsc,7b63df222ffc8da2ff050ca6138150a1b33245972091850aaabdb047cc558f96,cases/ca2-14bd5d42e2f704e2cc65.json,cd98f4d61a6f11c1bdcb30bf390f1a1887b9ca4a618c2c2784899f2eba3a6d05,true,HISTORICAL_SNAPSHOT_VERIFIED,02de00320ebad936337f18236744fa368023aea6d6042f79f30509cac39807e7,5ef27066b4ce648bcf5b5d030588e087352d8adff1c0351b3d6b5c69131d51b7,alchemy,infura,true,true,cases/ca2-14bd5d42e2f704e2cc65.json,2e417d8d883f33a5476d331907ec6bcea5daf42b6857e52dd75a5130dc4bb1e6
ca2-411b50fea47298d98579,eleven,bsc,96bd1c15bb9eac54558d4cc0b1efb4a375efe74445640b9d39489b03e1a83b46,cases/ca2-411b50fea47298d98579.json,4f4af6a00ec5e471a92c5e75d289b616ec0692b2bace5e7a96454289eb2a36e5,true,HISTORICAL_SNAPSHOT_VERIFIED,4ffe041380fdd909895d16d15db5f12a50267a10b66646105f9dd45889a07f9c,4ffe041380fdd909895d16d15db5f12a50267a10b66646105f9dd45889a07f9c,alchemy,infura,true,true,cases/ca2-411b50fea47298d98579.json,3738ad1a658d10843fd1a9da8abdd525b0a661eaaa56bc7b9dc5ae81c2503f9f
ca2-2f764ff5c7c146ad35b3,erc20tokenbank,ethereum,9b61c4ad3c169dd86d62978e41be4473fc5b2e45beadb66a647fc08e7fe7b04b,cases/ca2-2f764ff5c7c146ad35b3.json,0fbfb0bdcb4d60ca96ed951013a20e70ebd09e846346e95a66c66c222be45678,true,HISTORICAL_SNAPSHOT_VERIFIED,2c2580591b11d5a2d05c06ec68ca87522a11da4aecbd618dc9a122ac36861b19,2c2580591b11d5a2d05c06ec68ca87522a11da4aecbd618dc9a122ac36861b19,alchemy,infura,true,true,cases/ca2-2f764ff5c7c146ad35b3.json,42590648a56487cfb06a450709ebfdec8f852da819eb20853ffc79bc7930c332
ca2-6829820c6abb9fe3a566,est,bsc,b62d07c04bbe9aff6f781b639eb7e28bf416ccd048067b8644f4659ef986c5df,cases/ca2-6829820c6abb9fe3a566.json,c86a629f6060d7dd705f16011fca9266862238992ac1e7526bc59a9f106d4978,true,HISTORICAL_SNAPSHOT_VERIFIED,b8fbb01b36300627313024c277fe8a40e605bb30d2623ae8e78a0cfaaad22b45,b8fbb01b36300627313024c277fe8a40e605bb30d2623ae8e78a0cfaaad22b45,alchemy,infura,true,true,cases/ca2-6829820c6abb9fe3a566.json,d33f8b4de8cdbf207e4146d7a00b472bd05535180e47682b98d5c03fef928d77
ca2-9b437de06c56cc873e8a,ethfin,bsc,9363f18a251069ddd91bcedb55cfca4e57a3dbe197f4e4566c39c6e1e46ab7fe,cases/ca2-9b437de06c56cc873e8a.json,701ca4857f47fe35ba32704bf74fa45211d47a267b68ba95bab8c188c98b5f44,true,HISTORICAL_SNAPSHOT_VERIFIED,a2ec4ea3e29587226d5619ba42fdca2b16bdd432f775b16df05d50797d589d18,12aa7a30557cbf45ae631c677b9e4d21346590eb2a6b12b2452f5b76091ba02c,alchemy,infura,true,true,cases/ca2-9b437de06c56cc873e8a.json,e15859c38a99c15d373a75776f7575d69e887ceee8eb631fdd3c1de6df48aec7
ca2-2d415ee24d090e5e26dc,etnproduct,bsc,eb72e32342e63de1a38b176ab350c653e750ce40645e5fa1c5d2b2baea75f15c,cases/ca2-2d415ee24d090e5e26dc.json,fd6b8d6cdb9dc496739266780c11d275320aa7a571566025d7c4402255026670,true,HISTORICAL_SNAPSHOT_VERIFIED,cc128c91ac89148c5ebe030dcf7df10f06c3aa0bd80ddaae7c63f7ee66b7cd4f,cc128c91ac89148c5ebe030dcf7df10f06c3aa0bd80ddaae7c63f7ee66b7cd4f,alchemy,infura,true,true,cases/ca2-2d415ee24d090e5e26dc.json,10fe96a02bf878b7fbc4c01bc6093cc813653578dc44d3de6e54aac5a63027eb
ca2-3503e03a9a7fd4a87fe3,excommunity,bsc,fc2affe5a3d8d09e0ffd327eac01d615354977f25c043ecd072c91f2e2aed66b,cases/ca2-3503e03a9a7fd4a87fe3.json,533ba9d0a0c61e7e6e2f6aaee63ea848825ab6a79e2a7b3ddfdd5970285e122d,true,HISTORICAL_SNAPSHOT_VERIFIED,88533a5c23b47d88c2c5040543d35acd298e739a6fbeda86f0de27a55a1bd077,88533a5c23b47d88c2c5040543d35acd298e739a6fbeda86f0de27a55a1bd077,alchemy,infura,true,true,cases/ca2-3503e03a9a7fd4a87fe3.json,99492fd88480fac055c54939f8705c1b6ce9ddb1136a60b10b140f6b478e94a7
ca2-6d220be49d90b51ca6fd,fdp,bsc,d8c34c8cbfa6c5915f9ea1300df23b0db6c268ede5c5c5cc358d97d052be0aca,cases/ca2-6d220be49d90b51ca6fd.json,9ec32c5765f44b30b3ce3dfa41815777b3bdcc149b1b68fd5d6dd0a95811da3b,true,HISTORICAL_SNAPSHOT_VERIFIED,168146668764d733c175e0ab380d882af124b594c6288699e8f95e976000c9fd,4434c59afcc3f55a3be16b04ca46a0744ba63a2fb12febe434d34d5fc57e8f8b,alchemy,infura,true,true,cases/ca2-6d220be49d90b51ca6fd.json,804bc26463587646342a1c790a3db5a1b4b62a9a799538ad0d8e47fe6831ff71
ca2-5d29f9c5eb314dcba612,ffist,bsc,2513db7b586ca110fb5777ff5c366379552707abd92368038c573428cd47306d,cases/ca2-5d29f9c5eb314dcba612.json,cfbfdaf39f21a5f6b1ddb55c958e46963234ead9ed460379b32fe1b2af8f9ace,true,HISTORICAL_SNAPSHOT_VERIFIED,034624af5812a52278bda4be08c077f4bb82133ec125039d7a7de98a58f4a73b,034624af5812a52278bda4be08c077f4bb82133ec125039d7a7de98a58f4a73b,alchemy,infura,true,true,cases/ca2-5d29f9c5eb314dcba612.json,6cb835c96eb5e500ee033c1b267aaecf8913c709430a2fa206032c7b6d9cdd28
ca2-81ae1f51e833bf23db49,floordao,ethereum,9e279547e6ed81cb569055aaf7c7e1ab81759df1f353acffb86c669dfc2636f3,cases/ca2-81ae1f51e833bf23db49.json,dc8380c063e5fef573b7f06729d30d4198de267b89a26f51917677173ed015be,true,HISTORICAL_SNAPSHOT_VERIFIED,aed961b6f6ac1946c44ead953383d364c0975a2ef77da883451793c036a7a277,aed961b6f6ac1946c44ead953383d364c0975a2ef77da883451793c036a7a277,alchemy,infura,true,true,cases/ca2-81ae1f51e833bf23db49.json,f2f2fe5b7fa3001208e16d248abd93ac7eb25a576cd5edb70080e65cbebdde7f
ca2-a03b0bc9fabb86e707cb,floorprotocol,ethereum,1e9e64b3e2961a1c17a603e87174b77f7905376a78eb1d87f232d7adad5aa301,cases/ca2-a03b0bc9fabb86e707cb.json,4868df5b77c60d8b6b6722540cd54ebc18c5263eba6972179ba23460ea288347,true,HISTORICAL_SNAPSHOT_VERIFIED,24d7e930f480f068f8a3a15c84523c64720f56eab31b3deee08047aba38c9825,24d7e930f480f068f8a3a15c84523c64720f56eab31b3deee08047aba38c9825,alchemy,infura,true,true,cases/ca2-a03b0bc9fabb86e707cb.json,d8cbae632f370a884f3e6bcbbb5eb93a46d596ca583da3e25c45b3ade64594cc
ca2-8a1aed9c839187cc890c,fpc,bsc,cc16c2edd8b06239a3e0018a53deb639bdb6d27e464da2cfdc67b0104eac30e2,cases/ca2-8a1aed9c839187cc890c.json,e17aca01df3a2b85b6e480393936417e2cefefc310d4af4ee12ae6cda1df786e,true,HISTORICAL_SNAPSHOT_VERIFIED,097f88a5d5a5b0574425314b82c98e4932bed1f73c00d4c9aca5091d8fd32b00,097f88a5d5a5b0574425314b82c98e4932bed1f73c00d4c9aca5091d8fd32b00,alchemy,infura,true,true,cases/ca2-8a1aed9c839187cc890c.json,30a29849ba4e4190146e771b17ba13974d909ba67ab0773055b5ce598a256a23
ca2-40ca8a9aca77ecfbfe71,futureswap,arbitrum,180ef1a7272baaf34c0027bc41f2d9d9496d7d50f7b16be5b02593e13fa121c9,cases/ca2-40ca8a9aca77ecfbfe71.json,b9878cc42c1e295bfe185dec29ab8f003c3cbbdbf548f5c1129d7d2bb1d67952,true,HISTORICAL_SNAPSHOT_VERIFIED,0fd1f2e0934f3720d9aadc972214e05c156b36108bf306be8e5cc750c88d887e,0fd1f2e0934f3720d9aadc972214e05c156b36108bf306be8e5cc750c88d887e,alchemy,infura,true,true,cases/ca2-40ca8a9aca77ecfbfe71.json,b40977a6619deb4692c96bc7382fd27af87ce3e7597c9f530c04c565c32d3ac8
ca2-7a01249aabcf9ab600cc,gain,ethereum,d0d7e6ae4717e9433f9fec222a02cfb5ce8cc22d8274207e02fd43862c124530,cases/ca2-7a01249aabcf9ab600cc.json,feb7af6ea02f60556cac4a3a01cccee2702380dda142c3b1c34c77caac850e96,true,HISTORICAL_SNAPSHOT_VERIFIED,d8659637e1cc301807b99cb4a9cb725c45bfa99180c795c1343faabf754bd77b,d8659637e1cc301807b99cb4a9cb725c45bfa99180c795c1343faabf754bd77b,alchemy,infura,true,true,cases/ca2-7a01249aabcf9ab600cc.json,e39ca56ff8091aca61de9288b0ee1797f179441900e9650c0ac4ca8e7b4d42c8
ca2-a5e7a267cfa0aa860481,gangsterfinance,bsc,7c3ea4a2fbe11616ae1223296209acdb5e4a462eb57912d6d6128c794f2ef548,cases/ca2-a5e7a267cfa0aa860481.json,3397a5034ea613b878502a0ecd29950018b2d80489d63fee49ce0888384cae1e,true,HISTORICAL_SNAPSHOT_VERIFIED,6b8b8258e2fb5c43a6081491a4f0f8334f0aa02a944ab3fc90822e54975b7c5b,6b8b8258e2fb5c43a6081491a4f0f8334f0aa02a944ab3fc90822e54975b7c5b,alchemy,infura,true,true,cases/ca2-a5e7a267cfa0aa860481.json,68db287478e1a62d0aee61deab8dbbdd2d1d7a0872125382071e0856fb67df0f
ca2-21e1af0751214952c72b,gds,bsc,c7249852587c3073177ebc5abc07af8b31406996c5bff131302a1f141163642c,cases/ca2-21e1af0751214952c72b.json,64494fe461166934002e1bd0c991f9536d85d67240d80e708f701695350b9b22,true,HISTORICAL_SNAPSHOT_VERIFIED,72b43706f9a79c27496b52711d1fae99a03061eccd5200c35ce1acb5868bd69f,72b43706f9a79c27496b52711d1fae99a03061eccd5200c35ce1acb5868bd69f,alchemy,infura,true,true,cases/ca2-21e1af0751214952c72b.json,d53195ae1c1953a688d6d0b899c04dbf1225bcddf2d790c0cef357dac8c29159
ca2-40ac2c3e107d3d88709a,goodcompound,ethereum,d400beed2b7c7e96ef9cb0fd715100af69cc3f0af8ac02024d77cc502792247b,cases/ca2-40ac2c3e107d3d88709a.json,809c70733c4abda004c678775c1e330cabc5350c080b73dd91d211b4ec110d46,true,HISTORICAL_SNAPSHOT_VERIFIED,b7c8726ba832ba535287a4472d7314b5dbaf3530a0fd45925e0f208ee69ee702,b7c8726ba832ba535287a4472d7314b5dbaf3530a0fd45925e0f208ee69ee702,alchemy,infura,true,true,cases/ca2-40ac2c3e107d3d88709a.json,dd15364f8abf69484fdb29e2f767db4c8687e3df3402e2f0589988d8f422517b
ca2-77cd38b96a68c54afe71,gooddollar,ethereum,01728448a3bda5f00d76fe7ad439ea7fa10b76f432e5418514ae96cfbc289cba,cases/ca2-77cd38b96a68c54afe71.json,ae87cf09ba47452ccdf283d65077367ce25fa6ad5431b1e8230912524d64f1c9,true,HISTORICAL_SNAPSHOT_VERIFIED,7e93e3e20a1ef8c9bed20e1334da39023f86dea8f7ffbb1ecdbceb05b9054ebd,7e93e3e20a1ef8c9bed20e1334da39023f86dea8f7ffbb1ecdbceb05b9054ebd,alchemy,infura,true,true,cases/ca2-77cd38b96a68c54afe71.json,571a3ddb0655545eab868a0f26940f1c781903abfb70a215eb1107daf94b01cf
ca2-ce552f38ab8199ed551d,grizzifi,bsc,986d4f9432cc5c2e626ba66c3b6c48fc77df7cf9836a8e451f5934db173c59d1,cases/ca2-ce552f38ab8199ed551d.json,ae3277c44c1c210710ee2f917dd27fc8615a828f8aa39ef1baa3a57579300e8a,true,HISTORICAL_SNAPSHOT_VERIFIED,80a899980faf8c9453f0f3cc72aee5a85dff40b8cdb419e9aa6b3bc04bc08d35,05467750173b24d242adecd835303cc30802151693ce38be21aebde4a1b44713,alchemy,infura,true,true,cases/ca2-ce552f38ab8199ed551d.json,1826a7ad906883486c78a9c6ac1d76e954504c74f8273873010c2b1c8aad8eff
ca2-e095e5dbb9687595e5ee,grok,ethereum,9fea0d6658a445e78a6df8ba4ee62f8e9b4a191ae9e751c87f90a050b5310107,cases/ca2-e095e5dbb9687595e5ee.json,2e8e03b04bdf3658497574339454a615aec89f0122308c638245da0335da5ab9,true,HISTORICAL_SNAPSHOT_VERIFIED,877952f435c61125b47cd6e21f9b39e08f5e51eb10ed61a9059068e71bf1c0a7,877952f435c61125b47cd6e21f9b39e08f5e51eb10ed61a9059068e71bf1c0a7,alchemy,infura,true,true,cases/ca2-e095e5dbb9687595e5ee.json,5989eceeaece34faa694e5e6fccde53330e4778fe66d9bf4d411acb1574291d7
ca2-2c7f349f1a1765272f4b,gym_1,bsc,02c4c6cd3e08c0ab8ea8c60dabce8d99b93f68cb203d56071fd1c82a5ee1433e,cases/ca2-2c7f349f1a1765272f4b.json,64677356743af09511da0debb2ad38fd9feba99068b482d51b68700faf1bebeb,true,HISTORICAL_SNAPSHOT_VERIFIED,db7390cf76ddbdc1b057dcace675d03fe272ac49ed5d6165b11582b462d7ee57,610086cff53d4dbfa09ad607bfccdf8a440e7176ff0c7c33fd50c6e70b33180e,alchemy,infura,true,true,cases/ca2-2c7f349f1a1765272f4b.json,a35c70069d7c005f0f7a56afc3840bd5a1710d0da53ad62855de9ff37e4d44b9
ca2-a20ccf47b4d8c4cfab79,gym_2,bsc,085c25f1da2bed0e4a3f30e89bf97bf3cff9c55842d8559481d25800bb0592e6,cases/ca2-a20ccf47b4d8c4cfab79.json,351e95442568c098e66997f8911a7efa1e9d1c820d5f5f9ca15ce271dae714df,true,HISTORICAL_SNAPSHOT_VERIFIED,15dae27b6643b18af1579768467bebc24eaf98ac0bb0065a313d5be38dd83794,15dae27b6643b18af1579768467bebc24eaf98ac0bb0065a313d5be38dd83794,alchemy,infura,true,true,cases/ca2-a20ccf47b4d8c4cfab79.json,724817c3799d939c7c1565bb46c86706554d16552acbf7f98097591b2426f349
ca2-62fc7b9b9ac57e1b7351,gymnet,bsc,c24c34a83ffa2cf68e966d33f17af4a43474e101ef25ed6a8832c25a672160fb,cases/ca2-62fc7b9b9ac57e1b7351.json,b530460ecc1dbdbeb1b6c2b5a91907f7fc2861a9a797435f552685b91ba584e1,true,HISTORICAL_SNAPSHOT_VERIFIED,15dae27b6643b18af1579768467bebc24eaf98ac0bb0065a313d5be38dd83794,15dae27b6643b18af1579768467bebc24eaf98ac0bb0065a313d5be38dd83794,alchemy,infura,true,true,cases/ca2-62fc7b9b9ac57e1b7351.json,1d99867d1c155ac98645142d6439bd4ecd04d1ca122298107b659a64163299a1
ca2-36def0144d519bbc5d86,hackdao,bsc,f7913732273ac07c9630d7d740f6971f175521adf8aba27984e937a0bb73a562,cases/ca2-36def0144d519bbc5d86.json,cabcf80d7065b233fbb84ebef82a44e32b236f08d0a6602fb9caad51c9cb50d8,true,HISTORICAL_SNAPSHOT_VERIFIED,8f4c07f1e5f63033ce1c4b01f8b7ce2bc8a99699a3da740de825c46fb17e3440,8f4c07f1e5f63033ce1c4b01f8b7ce2bc8a99699a3da740de825c46fb17e3440,alchemy,infura,true,true,cases/ca2-36def0144d519bbc5d86.json,09bed74694c28525129fe3120c109926ded036e13e1f09a04ef37a060f1d5931
ca2-03a929a60d6ca387d4bb,harvestfinance,ethereum,048fc59db8f61afcbdeaa3b0ed30a4d5421e8e44ae5c0207dcd6c6d76c4dce7a,cases/ca2-03a929a60d6ca387d4bb.json,6fda48bb716d34a3ebb5afe2b4e7ac2bc37538bc2186b34d03f7683fdc684d35,true,HISTORICAL_SNAPSHOT_VERIFIED,266c1d37ec41c807b4f16b5d1263495db653875ae341b9c4630096f7c5edf424,266c1d37ec41c807b4f16b5d1263495db653875ae341b9c4630096f7c5edf424,alchemy,infura,true,true,cases/ca2-03a929a60d6ca387d4bb.json,f0035ee657812a0ff8aee5420461ba86beede8a3e20a42624484c70870387dc2
ca2-573d346bb7ac970e759a,hct,bsc,b97d8044794888ce0f33a3fa0d678fd2e1ef7e6006c18f677d7982f85ec25616,cases/ca2-573d346bb7ac970e759a.json,e88ab541da8f5393d97ac0d79f0e013ae9841f3d274d02466782d44827021056,true,HISTORICAL_SNAPSHOT_VERIFIED,4e80e96c4422b29cf75a0599b4f96d93b5e068d1612aa2670c64729a7430ff75,4e80e96c4422b29cf75a0599b4f96d93b5e068d1612aa2670c64729a7430ff75,alchemy,infura,true,true,cases/ca2-573d346bb7ac970e759a.json,0b3a7c79c9aa0e949e22c31a6abcbcf238bb9b8331fd3e4640a981d8baee6c8e
ca2-024816e85dcbd941c181,health,bsc,acac0f6eaa9acf95c333377555b2e9dbec1a8a20d8ec2a47536c280e6576d391,cases/ca2-024816e85dcbd941c181.json,e356fe42f2837cb1efb05459937bd646bcfe087165c9dfa77ca41d38ea08e22d,true,HISTORICAL_SNAPSHOT_VERIFIED,c2457a5665fcbb7b8a7ddb8511f39342d0d28a9b832ef2a0ead30fbed02011b1,c2457a5665fcbb7b8a7ddb8511f39342d0d28a9b832ef2a0ead30fbed02011b1,alchemy,infura,true,true,cases/ca2-024816e85dcbd941c181.json,5a482ff9306a0603c12a0d35a7bcfa344382fd8fdc446ea5757e12213820736f
ca2-0214cb74200856148943,heavensgate,ethereum,8f9fd71a98f2a5efe0f877fbbd8218560451d66732370d10a0ebf5b329173b39,cases/ca2-0214cb74200856148943.json,87ffbd7c49b9ec7018fdd6e78ba5d3bcdc71065d069c76a6a14180857388d79b,true,HISTORICAL_SNAPSHOT_VERIFIED,187fcf84c0ed855aad034fbe4953b1fb881a9fa9b8611679dfa86ce2d8a4a0d5,187fcf84c0ed855aad034fbe4953b1fb881a9fa9b8611679dfa86ce2d8a4a0d5,alchemy,infura,true,true,cases/ca2-0214cb74200856148943.json,273b59f94192df3268d906472642893f529707b719c55439435baa43c5ab2772
ca2-4e64c62c912196653625,hedgeyfinance,ethereum,73c4726c8fc459acf7c9b2a4dcbc0fda887fc55c36f6a5b4c4e7b289c6dbcd3a,cases/ca2-4e64c62c912196653625.json,04a5fadd3f626ecdbef468c98b6c792ffb8d9689a24df6719f2d59da7752b498,true,HISTORICAL_SNAPSHOT_VERIFIED,b0c059df712302b1b89ca0eb4eb9e8526551b0c4f26baff11802d4e856ff9808,b0c059df712302b1b89ca0eb4eb9e8526551b0c4f26baff11802d4e856ff9808,alchemy,infura,true,true,cases/ca2-4e64c62c912196653625.json,c64b5fd12e95b9a0fa44ec240fb1274281ff4b24699cd445b30fc12ebc7122ff
ca2-4d6568a7691d786971d0,hegic_options,ethereum,761d57122ecce2b0c17e19a6b094ac489f16c00f644d94fd4de4bf2f70706ccc,cases/ca2-4d6568a7691d786971d0.json,e62cb757d5f87813044e72cb3c0973622b49f39241a20409848de57d38586806,true,HISTORICAL_SNAPSHOT_VERIFIED,2ba5779181725e9303ebf681b256ba9c7dad338c43f7aa77d44b2df511b67586,2ba5779181725e9303ebf681b256ba9c7dad338c43f7aa77d44b2df511b67586,alchemy,infura,true,true,cases/ca2-4d6568a7691d786971d0.json,5c6f257c424c01094f0fa43e82df13ee4b84ebb69caf610bab83f7423cef0b18
ca2-ba88d4267adf9e3ccd48,hexotic,ethereum,3ba7b7ed64986a659d60c8977bd9e1e9e97b12c4493080ed448c3262732580ba,cases/ca2-ba88d4267adf9e3ccd48.json,fd7519de11351a9cb2b8617aff5675d4f6033f8e5b9cf3cf52fb7eb98e0ef190,true,HISTORICAL_SNAPSHOT_VERIFIED,c5c028ec07cfa7a98ef6c1936bd743a75ab98a89b0d08a83f31a6604826f1d84,c5c028ec07cfa7a98ef6c1936bd743a75ab98a89b0d08a83f31a6604826f1d84,alchemy,infura,true,true,cases/ca2-ba88d4267adf9e3ccd48.json,bf741d266e10305d9348278ec3d80dd642458218de5589b7abc254ddde206a18
ca2-347a5ac7c8586f3866c1,hodlcapital,ethereum,9115585a84a19bf58d6e7ee476d099420868a0c7a3a1267e292084ab4a43f889,cases/ca2-347a5ac7c8586f3866c1.json,27920a0bd9ac610950399d868828d00d2d363ffb2c6d31992e303d7ce18d61c5,true,HISTORICAL_SNAPSHOT_VERIFIED,0ec57748cf90b0681f8948d85cbcc3d409fc06b70594dd70cb2e412c17059615,0ec57748cf90b0681f8948d85cbcc3d409fc06b70594dd70cb2e412c17059615,alchemy,infura,true,true,cases/ca2-347a5ac7c8586f3866c1.json,e7398b707843a32eca169676cc423cf8a395fa709a1d53b12345f29c9a875a19
ca2-6e5acd680aa3d14315b9,hopelend,ethereum,b0b9d1f0105e560ce6a8fdf9682566459613c13bf24719d04d54c68bfc2e9edb,cases/ca2-6e5acd680aa3d14315b9.json,70a921e318aa28d29c113e11ef9334df16c4cb62048b8e2d045e59fcd18a36ca,true,HISTORICAL_SNAPSHOT_VERIFIED,42f9e4cd0f0baacbf6ba919f91798b204f03fd26738a8458a4860da067ae5115,42f9e4cd0f0baacbf6ba919f91798b204f03fd26738a8458a4860da067ae5115,alchemy,infura,true,true,cases/ca2-6e5acd680aa3d14315b9.json,a1511683691e80c9753c78b01e1352cbd417f6d2b2e3404379bf0a1e1cb8ec10
ca2-196bde1bc084a841e794,hydt,bsc,625f597371be33fcebf2f346858b00d5209ebf9d19ba6d560a673d93287e39af,cases/ca2-196bde1bc084a841e794.json,efefa7126bf3884a38883d7c438f4c97ee6656be4950b527b906c8122545c6d0,true,HISTORICAL_SNAPSHOT_VERIFIED,33da876fa1c93951f1d4890ee8ebda84e6f9e2d20b86d36f2e4bbea8eade7711,33153239757d97d81974755a0374d4fb34295f0bed0cd199a4423bd0c780f63c,alchemy,infura,true,true,cases/ca2-196bde1bc084a841e794.json,de8bca3c0e3b04bf79bb2adaef9c254c4eb72aa26ae18ff2da786b784257fe81
ca2-f52d9b4393b86654cabd,hypr,ethereum,3cc99f2d91caa64b15e19ddf94e60f3be908bf293af3e1d081cf428065d4467f,cases/ca2-f52d9b4393b86654cabd.json,c3e511f3244ccb31c8f06f01ccd5245b908e3a618839061a9654a2ebb6900251,true,HISTORICAL_SNAPSHOT_VERIFIED,f7769911d8c1123b24999ffaf75a173a00916ddf057904267583940bd33dc61c,f7769911d8c1123b24999ffaf75a173a00916ddf057904267583940bd33dc61c,alchemy,infura,true,true,cases/ca2-f52d9b4393b86654cabd.json,26f04e030da945a229a968a79250050adb884c374e20970900de335375ca78cb
ca2-5675dfa92c14429a4b9f,idols_nft,ethereum,45e9fd2beb0ab0d1821cd902fedefb0123cc03246e1859729f9f18fe0614f484,cases/ca2-5675dfa92c14429a4b9f.json,5ec89b72bbdd12ce62930c7bb7fa328db4afac516b1751a68c95c8f7bb6d1f02,true,HISTORICAL_SNAPSHOT_VERIFIED,fcd5c6e10861e138af63056ee7216772156907d4f8e1045c2fcc161bc31944ea,fcd5c6e10861e138af63056ee7216772156907d4f8e1045c2fcc161bc31944ea,alchemy,infura,true,true,cases/ca2-5675dfa92c14429a4b9f.json,ccd3df45a86736d9973fd62f0dc2359279759c0b5547b50633d1ee1dff1eddc1
ca2-42413804b9b826875275,incufi,bsc,d89c9e89d6728a297d39f3cfc3d4279ce73d096630b00823f36971b42fd1de19,cases/ca2-42413804b9b826875275.json,d47df7fdfa9f20392eb2be85da676673fad6150027c8c5356905962db1af39fd,true,HISTORICAL_SNAPSHOT_VERIFIED,04a51ead2f4ee3bfa3138a488fdc6045c04f719ed66358533836517fff31073b,76f0397d1c11cd780b397c00111d5d0bc4474c9def293fda301779c56d79af98,alchemy,infura,true,true,cases/ca2-42413804b9b826875275.json,9c36ea9a4f04d0748bd58c05270a7a148a615bbe3163b4ed3b4d38281b72e2ba
ca2-9f5117e07b7b2d16ed22,indexedfinance,ethereum,4651580272943a10526e934b72c3c8f2f00d6e95787c5e4413a4f212f392a365,cases/ca2-9f5117e07b7b2d16ed22.json,b47ceeb46639617e52f53573a8dff2dac4322830480075c8fec6f3f129bf3e8a,true,HISTORICAL_SNAPSHOT_VERIFIED,9cf7d13e536284caf2196b286dfb4de8143415f8fe2ca9bdd03d71ba74784f07,9cf7d13e536284caf2196b286dfb4de8143415f8fe2ca9bdd03d71ba74784f07,alchemy,infura,true,true,cases/ca2-9f5117e07b7b2d16ed22.json,1cd6a4f5f0c67a4a81fc17f105e3adb68600465a1c3b1c5ce477c68e9b8c85c1
ca2-7741e8a9a71601f098a4,inuko,bsc,771d176f1366f24ae63ce4913e51a395ad0726b402f6089ba0d57ff4f5be8680,cases/ca2-7741e8a9a71601f098a4.json,758eb9507a63e6c413a9191b1f4b7410239bd1e9fa11c1680af67a9e6d8f08f4,true,HISTORICAL_SNAPSHOT_VERIFIED,c9bdf99d5f831f008a950a161281c7f76cca236fa2a095e6bf13c9156759ff76,c9bdf99d5f831f008a950a161281c7f76cca236fa2a095e6bf13c9156759ff76,alchemy,infura,true,true,cases/ca2-7741e8a9a71601f098a4.json,25f3659e446df16776b63c00be7c45f34b68d854737074baa353c38b90bc1ca8
ca2-de6d0211681a69ea1f52,inversefinance,ethereum,4c6328028bc47ba798ea44342cd1047f2b8b9c9976dfce8f3404234388f488a9,cases/ca2-de6d0211681a69ea1f52.json,0054baa0f25d72d61ebe4c29a859672763adec5c8f4a299e7df1a2422404779d,true,HISTORICAL_SNAPSHOT_VERIFIED,dab9df4f0d30b256533554274e5d97fb6635373a64ed9e4624387105364f25c1,dab9df4f0d30b256533554274e5d97fb6635373a64ed9e4624387105364f25c1,alchemy,infura,true,true,cases/ca2-de6d0211681a69ea1f52.json,2ea6fa989441c8e94c933205476837d754327053a624853e06041d43e8dcf918
ca2-dc0f5864cf0c7c7db3d8,ipc,bsc,48c2644b67b35636ce87ce746b7e625a358fb455f0efc3b66a139a14f1dd8af4,cases/ca2-dc0f5864cf0c7c7db3d8.json,081787e66d6f0474ad367504e7069a7cc847e5345d923fcd1b6668f96ff9091e,true,HISTORICAL_SNAPSHOT_VERIFIED,bc14f4bb992d4eff454f619d240ce6382c8154d168431b0fb3457fa3551423dc,bc14f4bb992d4eff454f619d240ce6382c8154d168431b0fb3457fa3551423dc,alchemy,infura,true,true,cases/ca2-dc0f5864cf0c7c7db3d8.json,ae84cc7b871bbefbac15d6d12bf913ac2f4a30e03066afcc200bcd510d2af50b
ca2-5293bf48f2bcc29baaff,it,bsc,af3e86661c0608c78da33a1d6d282fbcf303a580c7c026161660cf870a7e12ae,cases/ca2-5293bf48f2bcc29baaff.json,5054d80e902c03fbd3c5fa24c1693e3d5092db0fc0d432c380c57bb497c9cdf1,true,HISTORICAL_SNAPSHOT_VERIFIED,053f0bb9e8b64df5a799f5c86ff879f3405c1ebcca6e6b5df7e5a2e489801927,053f0bb9e8b64df5a799f5c86ff879f3405c1ebcca6e6b5df7e5a2e489801927,alchemy,infura,true,true,cases/ca2-5293bf48f2bcc29baaff.json,615c89921888356c26e2fc8767be8ca3471c1458e4041ec1bb22f27aed902178
ca2-00003c2c7afe8e9ef32d,ivestdao,bsc,1bd3ffb4e1e08836a5921158a5adfaf30558f67e51bf5abcf9c89e0125655e02,cases/ca2-00003c2c7afe8e9ef32d.json,b7ec1582807cb5b8a145d3570fc9574ce75c4d195beb66d2cb8171d44cb049f0,true,HISTORICAL_SNAPSHOT_VERIFIED,aebfc51c036283bdbf3d3daa7e8334fcbd09906ab6083d62bf0bb1d2877c4930,aebfc51c036283bdbf3d3daa7e8334fcbd09906ab6083d62bf0bb1d2877c4930,alchemy,infura,true,true,cases/ca2-00003c2c7afe8e9ef32d.json,f3fa7bad89b12cc2cfb1255ef347a02b1ac250d343428c998308dad638b54cb4
ca2-bc3880c8e3766b6a9ca4,j_pulsepot,bsc,d9cc193dc7be11140a21c2f59ae58249269b015637ae39fb360bd3655c7b3a99,cases/ca2-bc3880c8e3766b6a9ca4.json,671f8ba6e0859ad87a194d11b8e14063d2163f040becdc894ccc379be0a5ac1c,true,HISTORICAL_SNAPSHOT_VERIFIED,c7bb88b1ccf61feef8d2aec93751a0be1267427f7d75cacc268fc04f499661af,c7bb88b1ccf61feef8d2aec93751a0be1267427f7d75cacc268fc04f499661af,alchemy,infura,true,true,cases/ca2-bc3880c8e3766b6a9ca4.json,34664401a0b87d226ca03b39a4f4290d56ed364e1d1714c0606a0cc2bf118ad6
ca2-3d7964746397bc97e185,jay,ethereum,d37c5582176f98e8f1de0133cb4e7b48785955fa917939d8074ea79df07813f0,cases/ca2-3d7964746397bc97e185.json,0ceec94b63880b31532f46b9695e192bbdde0b606633e979799fc538bee0192a,true,HISTORICAL_SNAPSHOT_VERIFIED,2336cc49fc7e749facba0359bfc3da7ff5960060e55bbad5636cd8ef7ab18d41,2336cc49fc7e749facba0359bfc3da7ff5960060e55bbad5636cd8ef7ab18d41,alchemy,infura,true,true,cases/ca2-3d7964746397bc97e185.json,a8427802ac866fefccfe60610270e5b377dc706e5b6c0a295c69e4bf6fc79aa2
ca2-eaf1e84be2ca5fa8830a,jokinthebox,ethereum,e3c21ff406af9071d2e9a1bc5b986dbd1978744c3442de24485169c807855c03,cases/ca2-eaf1e84be2ca5fa8830a.json,4ffd8bda73e71457b5749f35d442434b80821e6a45e86a7b17d81c9b607e57de,true,HISTORICAL_SNAPSHOT_VERIFIED,d1638ae79c84baadb2b1349a942288b00b3a3396b019ae9170d0bdf2cfd570a2,d1638ae79c84baadb2b1349a942288b00b3a3396b019ae9170d0bdf2cfd570a2,alchemy,infura,true,true,cases/ca2-eaf1e84be2ca5fa8830a.json,6e9e9840aa063038393eab73ac2dcecbeb2c6d5b9fba1ed9b66de1b4f5624541
ca2-a517ebcd851bcd0a26cd,julswap,bsc,042dbf5dd782ac7bf2cde1bafea742a7a04537bf4d88a38015c3c650e035562a,cases/ca2-a517ebcd851bcd0a26cd.json,d2b3baa65c615f8d49f8bce5b4914033cfc78656454f9eac47f7a90bd93cc4e6,true,HISTORICAL_SNAPSHOT_VERIFIED,9a496637643cd14095dfda71ec9ff5ef2d35a9056662e8e259118bb98ba47be1,9a496637643cd14095dfda71ec9ff5ef2d35a9056662e8e259118bb98ba47be1,alchemy,infura,true,true,cases/ca2-a517ebcd851bcd0a26cd.json,e9ab43701d753842c7813b696b31260106f1145703068cb59551ef6d43e7c2cb
ca2-f4910903d7134e1d631f,jumpfarm,ethereum,33a8d747dec6ad2ab976781ad11ef3558f893223c89b708c64e04b9ccde6ee70,cases/ca2-f4910903d7134e1d631f.json,f26052ad3c6e8b3aa9bc337bf8f0f378731080d6101837faabac8db7d7fa0ef8,true,HISTORICAL_SNAPSHOT_VERIFIED,4fdc1210ca23c91be5480f8311629b4c380608cc1b4846c5a7a48a28111d8a27,4fdc1210ca23c91be5480f8311629b4c380608cc1b4846c5a7a48a28111d8a27,alchemy,infura,true,true,cases/ca2-f4910903d7134e1d631f.json,dbaa0f1f12225f6ec4a0b05b5757931977e62ca4c4cb2f382a7aeebeba213b4e
ca2-2ba749707a4aa17e7fd0,kashi,ethereum,fd56903e2ea8cb12b18874eb2cd3b3203c1f5ee148add615605e4ac3a382eb6e,cases/ca2-2ba749707a4aa17e7fd0.json,a9440d8c27324a98a610ee95e2a0fcdf57b1db769dd3980f7b810553d0b9c9b4,true,HISTORICAL_SNAPSHOT_VERIFIED,3d3635856d11bef2271d2b6f182d4ded89876875447665f9e49a1683afbfcb12,3d3635856d11bef2271d2b6f182d4ded89876875447665f9e49a1683afbfcb12,alchemy,infura,true,true,cases/ca2-2ba749707a4aa17e7fd0.json,afeec5225878217c31fcc428a939ca7ef2ede1013dd96f88d983b29916a7cf59
ca2-1769b603523b156d5e27,kest,bsc,223ff79115454d52397c8bdb072fee21b81b462a035cf8151f6914980c6cefce,cases/ca2-1769b603523b156d5e27.json,0c2308100fa7260f2f3fd3e7660d807f603d3e7bb715b5ea46d59f49224a52d0,true,HISTORICAL_SNAPSHOT_VERIFIED,efbd75ba46a04f4827f7077a5782b7e3e9de6e0a183e1bd2f1942c813c47569c,efbd75ba46a04f4827f7077a5782b7e3e9de6e0a183e1bd2f1942c813c47569c,alchemy,infura,true,true,cases/ca2-1769b603523b156d5e27.json,c420b4727bca36d50b5ccea644a44a5fed5958d58fb39af7d723f20bf8136689
ca2-5c6b3bca3311000683b6,ktaf,ethereum,223d06ee373e7e73a15239c317deddee839395374f17b03f59ad4dde3c38abea,cases/ca2-5c6b3bca3311000683b6.json,1954d36492b5c1f722a3f2d4133aa9eab8e42368336ede1224fecc85ca420962,true,HISTORICAL_SNAPSHOT_VERIFIED,6880e7d919988f4562353ef7fba7d1d9b23bb59be1585628dbc207b665255031,6880e7d919988f4562353ef7fba7d1d9b23bb59be1585628dbc207b665255031,alchemy,infura,true,true,cases/ca2-5c6b3bca3311000683b6.json,7fbe75117d68925d8b6255b8340c732aaa2dafb3f2054d7d42e460c28080d8c2
ca2-7455b4981f74c1b4c51e,kub_split,bsc,ec79fdbdeb4f259f93099b24dd1b6a2978413872e5d494f13670cf6cd2a5806a,cases/ca2-7455b4981f74c1b4c51e.json,bcf6bf6b13af3c3da2f66cce2c4fe2c6d2c2759a690c4433f6c0cb9ab9bb542f,true,HISTORICAL_SNAPSHOT_VERIFIED,a2bd5902caed3d783a239ddebed77a070fc88e197f73981c3c19b4afb9d96c34,4fc3d34429245e61c0989f70331674168ead2825dda1b9b273cf87c975932566,alchemy,infura,true,true,cases/ca2-7455b4981f74c1b4c51e.json,e9bc8754017e1949848f0945fdb078356cc33971c7fa522011073e122b607155
ca2-99439e8d086734a4e7a2,laeeb,bsc,42c83bfd4384f58898b602e4e103c5d2f26a4e8c125cfc60139c51bea4644ff2,cases/ca2-99439e8d086734a4e7a2.json,45ea93f8c617279702e2f1dd1f977083f5b6e8e312214683a119782e5d81c687,true,HISTORICAL_SNAPSHOT_VERIFIED,f8cff8e0da91058019234a26c82215b4eb4a5f8c2ef023cd788454e94239b594,f8cff8e0da91058019234a26c82215b4eb4a5f8c2ef023cd788454e94239b594,alchemy,infura,true,true,cases/ca2-99439e8d086734a4e7a2.json,84e911d2f30bd225987c72b18301d770ea886fbba0533d4273e12423e59a144d
ca2-b47e7dc1b2b6c8992cce,laura_token,ethereum,7dcd8abba48e5e991094884906f65c0b893d7a6eec3679245cb060351441619b,cases/ca2-b47e7dc1b2b6c8992cce.json,e965fe6de5c2c9a335ca7087966ea9b3e035d745526b0ed75fc726e33a60d331,true,HISTORICAL_SNAPSHOT_VERIFIED,231cbe3e0d9e6743e2352adfaebee0f9c66e0975ca9fa707b9033e229b8c6df9,231cbe3e0d9e6743e2352adfaebee0f9c66e0975ca9fa707b9033e229b8c6df9,alchemy,infura,true,true,cases/ca2-b47e7dc1b2b6c8992cce.json,2a9b4e17bc5fbd8c6c3565fae5aecec5a5db009a0a179eb100880c6a4f420e97
ca2-f4a91ff1efea083dedab,laxo_token,bsc,77e71a9c99ff7e640c591044476cb54e1682dfb796b9ca27c029c17d042f6cd4,cases/ca2-f4a91ff1efea083dedab.json,4268ea1c364afc8bfa4f2b66375ea53c583c3e23d1842c40c73b2e1d6bf15e07,true,HISTORICAL_SNAPSHOT_VERIFIED,443ce71b6e592da17a0cfade7e508b6f2b2c6bd1c43f09814ad6b06a33d1bba7,443ce71b6e592da17a0cfade7e508b6f2b2c6bd1c43f09814ad6b06a33d1bba7,alchemy,infura,true,true,cases/ca2-f4a91ff1efea083dedab.json,51e8770a34134a8460f64512087c52e0a1bb99ba3ca5dddacf08c8586547a4b3
ca2-57582b3e77f95ed74d3f,lendfme,ethereum,b58a6e6cdbac265352962d6ee0abc604a03b418fa71d151a30a7f986f4c42a90,cases/ca2-57582b3e77f95ed74d3f.json,faa90f2c7f3bfeef2e1c3fafeb5242851e3b226156582aa782890f1d3d25a101,true,HISTORICAL_SNAPSHOT_VERIFIED,11accbb9915433e78eb1dce63c78c0dc0cdc212bdcfade1adf8571734829d0c0,11accbb9915433e78eb1dce63c78c0dc0cdc212bdcfade1adf8571734829d0c0,alchemy,infura,true,true,cases/ca2-57582b3e77f95ed74d3f.json,8dd5feb1efab0da1c974fb861cf6adf046cd6b41136b444b9753ce5412450665
ca2-001b14467ef9b84b416a,level,bsc,c3f1c07130e8789c15fc04c5db250bac8e22de6f847e153f9b109a48be720661,cases/ca2-001b14467ef9b84b416a.json,59c91081b6e7785184207f25782fcbc7529011f8cf1feee4e4b388c65351b433,true,HISTORICAL_SNAPSHOT_VERIFIED,5a13b1673529cd31ed477446ccfcd0763b0861d125b90405f2deccb24fe9a63c,5a13b1673529cd31ed477446ccfcd0763b0861d125b90405f2deccb24fe9a63c,alchemy,infura,true,true,cases/ca2-001b14467ef9b84b416a.json,6e3d7d53ea89ea169bba424eed75cf6eb8e8b287b16af2c1fda2b301be7318b4
ca2-b917178685db1ed39d90,lifeprotocol,bsc,565e725e66cbf310ebb103fef644e16b8d2ae7fc00d9c54480ac34f7df325f29,cases/ca2-b917178685db1ed39d90.json,67f31ffac64c43501f8524ca576dde5addcafb3f2423ff3b00e3df49782191f6,true,HISTORICAL_SNAPSHOT_VERIFIED,a3873737ed0df5f2050bfc696aca9c1cf04fb5298a745f0cbc1b6dd47ee368aa,a3873737ed0df5f2050bfc696aca9c1cf04fb5298a745f0cbc1b6dd47ee368aa,alchemy,infura,true,true,cases/ca2-b917178685db1ed39d90.json,31289e88529782a2a960be6ddc6641c03b509c0305188c90a39d72161dda27a9
ca2-deb8f1653a1510fb4c48,lifiprotocol,ethereum,af9db10fb2bc17c0a81d8a7d8c989da1d9c9764edd7597a363a6ad2bc6b856c5,cases/ca2-deb8f1653a1510fb4c48.json,d0ee84fe678d16ad7cc7ecf094b1695f12fd5d3a90f9801a5b1c468c11e8b10f,true,HISTORICAL_SNAPSHOT_VERIFIED,a6a5b8b89f4a80b5b8d707e261552ed9ece20345e73e5e1dce614cec69f71cd4,a6a5b8b89f4a80b5b8d707e261552ed9ece20345e73e5e1dce614cec69f71cd4,alchemy,infura,true,true,cases/ca2-deb8f1653a1510fb4c48.json,41bcad8654b91186e6d22e7b725c3cead61a49515652d2fc83b43b11b2d5974b
ca2-33876c68131f30cf0f4a,liquiditytokens,bsc,9a642ce846272f726c58639cf0211b15efc02d2bbab10d9eba7135a4d1b8aaf4,cases/ca2-33876c68131f30cf0f4a.json,41d6748914a7dd447ab54c626c0a8622ff1de6480e8b4413992f43496fff5aa4,true,HISTORICAL_SNAPSHOT_VERIFIED,03f16c995c17b4ef7227c4f8285b965ccbcfd54693a06c6bd7d9a6a69b3c7367,03f16c995c17b4ef7227c4f8285b965ccbcfd54693a06c6bd7d9a6a69b3c7367,alchemy,infura,true,true,cases/ca2-33876c68131f30cf0f4a.json,69aa5d0fdd793799084e05a5221b1d341e385cc93c982140d62d462287028721
ca2-969e97a830e1fdab4f58,lp_mine,bsc,118824ac24144c110cb13d354321425aba694f5033e6466a6b961ed9cce7f34c,cases/ca2-969e97a830e1fdab4f58.json,8269dd744f4fa6eabaf21a1fa2be095492740c59dab7666187bd537eff4b12f8,true,HISTORICAL_SNAPSHOT_VERIFIED,f55ddb46cf2f8570b5fe0067fce3504f12a4a3109fabf63c7d4c66c94ca27528,f55ddb46cf2f8570b5fe0067fce3504f12a4a3109fabf63c7d4c66c94ca27528,alchemy,infura,true,true,cases/ca2-969e97a830e1fdab4f58.json,5b93431a5c41a942c12df9826d1b10526dc77d3b737d783454c6b091cee257a6
ca2-14f7f1899d2468d3cabf,lpc,bsc,2e9974e4b90374476ac8b30fe07b7bffcfa8a37f17b2989e572fcdfdb55f1c72,cases/ca2-14f7f1899d2468d3cabf.json,7161b0174502094b88f82ca5001454be856e8d4fc0b81b9b2206e29864d09237,true,HISTORICAL_SNAPSHOT_VERIFIED,569fe9a4c8470adb3d376cbac5158d2088e9472b1114f178ff8bf1b98e1dd557,569fe9a4c8470adb3d376cbac5158d2088e9472b1114f178ff8bf1b98e1dd557,alchemy,infura,true,true,cases/ca2-14f7f1899d2468d3cabf.json,06b55577fa9c6bb8e798e03fa40d2ddcbf8a46f1a957ba353fde0b2f944b461d
ca2-dcbeec1a974442a079de,lqdx_alert,ethereum,7a8e3ec9e1c8718cd09a1c15faf5f2aaa882144dd90cc00ee29203024ee5d3a0,cases/ca2-dcbeec1a974442a079de.json,7f6453a315aae3002e5db7e11ba14d767e92dd2cc5efa0e6429bb5c865046155,true,HISTORICAL_SNAPSHOT_VERIFIED,b3b2785f8451f7720c799e7101d185d9747d38ea1af925ae20c1a9ffcc215d11,b3b2785f8451f7720c799e7101d185d9747d38ea1af925ae20c1a9ffcc215d11,alchemy,infura,true,true,cases/ca2-dcbeec1a974442a079de.json,33cbeafc5f29825f853eaf38df7c87938387b1fb620a8df18bf8a7c73612f328
ca2-da248926cc32b52fc5ad,luckytiger,ethereum,a628cb94803a68fd8214c60c49d46b06a215b9e6368969f648894dbf21e10fb8,cases/ca2-da248926cc32b52fc5ad.json,f83c1dba30e72bb86ffc345979fd077b4d3c6159e4f649d4ab415b6d46c68599,true,HISTORICAL_SNAPSHOT_VERIFIED,fa5bc2ed02f04aff336582021c1372027aca7bb5b6776d6b501a94db51064115,fa5bc2ed02f04aff336582021c1372027aca7bb5b6776d6b501a94db51064115,alchemy,infura,true,true,cases/ca2-da248926cc32b52fc5ad.json,430c82142f07ada8a3afb726a2e0e868410d70415e1f48706592c15afaa12ada
ca2-eafba3ad227d4a51d107,lusd,bsc,1ed0965494670701012ff77ddcf60c6cd4dd69fb06e998423ac89d179c2a2632,cases/ca2-eafba3ad227d4a51d107.json,e7d0b5c856615e92d251eb263568095c857c79f3921ef8f5b2f22a4224e19304,true,HISTORICAL_SNAPSHOT_VERIFIED,0f5ea78fcff3865b902e42987d3758b16fd80286d8f31b4145d3538066028a9d,0f5ea78fcff3865b902e42987d3758b16fd80286d8f31b4145d3538066028a9d,alchemy,infura,true,true,cases/ca2-eafba3ad227d4a51d107.json,70b22f4c5e8c05a6294ef606de361a02ac407060b26c85ba1745bc8fe3835e04
ca2-e54f2002a25549da55ac,lw,bsc,6c949680c81297a9ddfadf0847556a865863cfa32e3f65fda4b0ddad6960986a,cases/ca2-e54f2002a25549da55ac.json,4a827e954182b44d6be01a1a279a867854100e0e480c50cfeb728c943bbfad33,true,HISTORICAL_SNAPSHOT_VERIFIED,abdcd762a55ddfa47d149376672338a4c979c49795689bfabb990035f199f333,ec39a630b02491a7de244a4452efbb523a765e428c4cac4011face7f0d08395f,alchemy,infura,true,true,cases/ca2-e54f2002a25549da55ac.json,f193ace8357d4a99a3a79f0a91a92938e929c2d4edb20359108347372eda687c
ca2-af464f834697310f7d30,mahalend,ethereum,23eca66b1a05ba5834b4626c6275e976631e200005f065e5f16469268737f644,cases/ca2-af464f834697310f7d30.json,15a8710d94def902404a65a4403e4ae36f84077297156630d1a19bd8d85ed82e,true,HISTORICAL_SNAPSHOT_VERIFIED,d39956ca32c5303da84941c9edfec3e6d9af19e547343638a5d413f1e263a924,d39956ca32c5303da84941c9edfec3e6d9af19e547343638a5d413f1e263a924,alchemy,infura,true,true,cases/ca2-af464f834697310f7d30.json,998acaac03f6be63c71571e96199cd8e1bd56b0f31998b1391545791c411cc8d
ca2-f39ef961ac91c6d34016,makina,ethereum,9577a84aa8b638196b41c3ff6fabe0c80e51cf6ed47af2ecd80f63a349ce1219,cases/ca2-f39ef961ac91c6d34016.json,3842e6562c10c344ecd5568e9035dad799aa764ffa1383a53b76c59d50cdde04,true,HISTORICAL_SNAPSHOT_VERIFIED,6c527b6a81d6b88d857fd3f7699be3d1496ba5e34dce6846f93367f0d02029ae,6c527b6a81d6b88d857fd3f7699be3d1496ba5e34dce6846f93367f0d02029ae,alchemy,infura,true,true,cases/ca2-f39ef961ac91c6d34016.json,45efcadc75ea9ab22711c03a74b5756563ce52a94bb5425baa3a7e9bc8344227
ca2-6bc7737cc67404ed8f62,mamo,bsc,59fceb340c0fd337108ebbe12e6af89396cb1404746d65bdb5f127cd88d883dc,cases/ca2-6bc7737cc67404ed8f62.json,5388f5a48e34e45783f0075a8f86763815f0c52754c410662956080646b5354b,true,HISTORICAL_SNAPSHOT_VERIFIED,aebfc51c036283bdbf3d3daa7e8334fcbd09906ab6083d62bf0bb1d2877c4930,aebfc51c036283bdbf3d3daa7e8334fcbd09906ab6083d62bf0bb1d2877c4930,alchemy,infura,true,true,cases/ca2-6bc7737cc67404ed8f62.json,3cca7b2d342ce9f486a059e7b6a8e5ea2cd6cfae1fac3506355ad87c3f6158fa
ca2-5c60ed4125f7ab7d31ea,mbc_zzsh,bsc,53cc0daa428edc25ac7e89089687a370059ed361602d0debf396b594de6c9639,cases/ca2-5c60ed4125f7ab7d31ea.json,c738b1893849be5a8001653c7467e2a78e1670131dd6de3efbaf2b5e86fdee31,true,HISTORICAL_SNAPSHOT_VERIFIED,2313e4efb0d376494f0db9025d39f97ab9311f778fd2afe7b8a270ececc84252,2313e4efb0d376494f0db9025d39f97ab9311f778fd2afe7b8a270ececc84252,alchemy,infura,true,true,cases/ca2-5c60ed4125f7ab7d31ea.json,917b71c7fdca1170bf8e974af3b5c9e24c5055422af69ad5f4521fce13c9901e
ca2-aa4fa44d86c046a9915f,meta_pool,ethereum,d8bf9815aeee743dc969d91de86441c77477a2c93b4d22e4cf36353ede73ded2,cases/ca2-aa4fa44d86c046a9915f.json,4a3340dce37d1b39257dab92c2195b6db414592569d05b8bbabbfd46bb8be13d,true,HISTORICAL_SNAPSHOT_VERIFIED,3eb1a515034d6c42e749943bcf0615b40b563d9a7249137c39dcfc4b753a584c,3eb1a515034d6c42e749943bcf0615b40b563d9a7249137c39dcfc4b753a584c,alchemy,infura,true,true,cases/ca2-aa4fa44d86c046a9915f.json,cad93eec9afbb37ecdfd15d2b4fd9a345aded77a52fa69174be0e67ba0fa526a
ca2-9896be8cb2fd2c2b336c,metadragon,bsc,1ebea15763b5357aa4a8a1e79fe745c84ebc3a8f91e8e289ddea04c97f899108,cases/ca2-9896be8cb2fd2c2b336c.json,b6e500775dce8dbaf9249425979bb90032f7b6ca2ad7bac9c32df2a68adb0f0b,true,HISTORICAL_SNAPSHOT_VERIFIED,2001185129a8357e3552aba5254f7d5db5d3442ba9967d132789f9129bc9caa6,2001185129a8357e3552aba5254f7d5db5d3442ba9967d132789f9129bc9caa6,alchemy,infura,true,true,cases/ca2-9896be8cb2fd2c2b336c.json,741694b5555eabf36280bc82de224346612716268ac04c71770f0f596ea6438f
ca2-a17aa054e6a4e68a65d6,mic,bsc,3a9144b973667a3cb7f1034afb9307506cefac9d2739a0e0817aa0619c3b521f,cases/ca2-a17aa054e6a4e68a65d6.json,315e5ee7c79e8618db097b97f17e307e94dc5fc859049be01edd3e12a727cf1a,true,HISTORICAL_SNAPSHOT_VERIFIED,b5780b9fd93e2c5adb04fda77f7c7ed1282af73540a18f8745db47a0a2626832,b5780b9fd93e2c5adb04fda77f7c7ed1282af73540a18f8745db47a0a2626832,alchemy,infura,true,true,cases/ca2-a17aa054e6a4e68a65d6.json,9f4521493ebae8f988f6bbfc20344e7fe844c648e25c5c0aa350736e82f650c5
ca2-e24739584c716694ba60,mim_spell3,ethereum,627c2b1c95ea9a9379c777a93da9b826feec3ea51abbe0e8b22b96768a744ab9,cases/ca2-e24739584c716694ba60.json,f5d61b7385b13500649502755b5a929d43edba79f41e9b63ee77fa1f8de3affa,true,HISTORICAL_SNAPSHOT_VERIFIED,6a20fd5413ea7a8a6ebe9d31a9dfe78c4795431d772a3728410710757ae92f3a,6a20fd5413ea7a8a6ebe9d31a9dfe78c4795431d772a3728410710757ae92f3a,alchemy,infura,true,true,cases/ca2-e24739584c716694ba60.json,4c5fceb10a59b5c3284b1e64ba36185182c67bc75869ce76ee655feada6b57ab
ca2-21ac1c8056ff7df162a8,mimspell,ethereum,51ce24a24261d6724724547123754601ef8b95c24a9b0e4480e8c3bee65484b2,cases/ca2-21ac1c8056ff7df162a8.json,276d3fcd2469edee2103241a1672ed221d440b348e206a7b13675bb308f19d74,true,HISTORICAL_SNAPSHOT_VERIFIED,5a532f159b3ae2cce73c6184470bbfa7df088bb391d4e4707c68de467b64c41e,5a532f159b3ae2cce73c6184470bbfa7df088bb391d4e4707c68de467b64c41e,alchemy,infura,true,true,cases/ca2-21ac1c8056ff7df162a8.json,0caa823e42bb0efad5d313a9b7403600d53a5498e1da144de0ee3cda2b140c8f
ca2-be2ba09219e40ecb6cb2,mimspell2,ethereum,eca3bd107c34b3fbd69133a24b64b212acf45646e6364f38a82960a508968ee1,cases/ca2-be2ba09219e40ecb6cb2.json,b4ed6e3e7750fa0c5810e036df431415f2793da5e3660813a131cb4bf7e81a72,true,HISTORICAL_SNAPSHOT_VERIFIED,72cedb33b25bf6c3694de1fe6c1e13101bd3ad4b6f464439466f7ffb6ef39026,72cedb33b25bf6c3694de1fe6c1e13101bd3ad4b6f464439466f7ffb6ef39026,alchemy,infura,true,true,cases/ca2-be2ba09219e40ecb6cb2.json,364c71a197644785ba4a2f59fa46355e751a3dc0ed8f203b59d04f8f7633de4a
ca2-122f147da75159901ea0,miner,ethereum,ef1d65b2fc267690cdd7061ce720557ddde42aee7833a1cd26cdd7c0f855210b,cases/ca2-122f147da75159901ea0.json,bf1956b8257ac7ddee4427ed613ddaa4c476f456a4379f5742762f8cc8fdbeab,true,HISTORICAL_SNAPSHOT_VERIFIED,db222d7e3310f03961ad1874cdffa12ecb2f85cfd99b27ccecb43a816132679a,db222d7e3310f03961ad1874cdffa12ecb2f85cfd99b27ccecb43a816132679a,alchemy,infura,true,true,cases/ca2-122f147da75159901ea0.json,0f36ab23d094b574b7903ab05b9a9720731e93c06c6088dba0dc1d5a5bf2adf8
ca2-98f2e78eb7b0c6b2a380,miner_bsc,bsc,966f3a1a02edf59330ef0038e8cc6bd8c40fbed5b364e19e4d824fd10616ac3b,cases/ca2-98f2e78eb7b0c6b2a380.json,7c0b64da153ad1422fcd39b450b80dffecbfd9a8e96cfccbe43a591cadf9965d,true,HISTORICAL_SNAPSHOT_VERIFIED,aebfc51c036283bdbf3d3daa7e8334fcbd09906ab6083d62bf0bb1d2877c4930,aebfc51c036283bdbf3d3daa7e8334fcbd09906ab6083d62bf0bb1d2877c4930,alchemy,infura,true,true,cases/ca2-98f2e78eb7b0c6b2a380.json,e31f0ba31f4ceb236ac7324229d01b447c74ff405b2d4c99c71dd0e5179c994d
ca2-02e1298629b75e4dec93,mintofinance,bsc,7057f3571ee0ea145eba2220722715a05c6988842e8fe9f1a5d983bc43c24b67,cases/ca2-02e1298629b75e4dec93.json,29abd8923afb2665f68bcb50fea3cab16ac9e341a641350b0806cf495efd57cc,true,HISTORICAL_SNAPSHOT_VERIFIED,6cdd619e1804f230e156b3ad3f390a5c0e36f5c326caceb1a4b8e6b31c0ea4a9,038b8056bd02d96e98b5fd76b37f009846fd52903178f0cb21b3b0216c9567d5,alchemy,infura,true,true,cases/ca2-02e1298629b75e4dec93.json,8ffc37604fc949f3779a3334aa58164e9a0d20d78536b215f926b58d68be59d6
ca2-6123dfbf4db930b4d1d5,mono,ethereum,f04efc6fdc2fba598f9b409d7b04ae4ce38bf923c62a24af70934e9942c30961,cases/ca2-6123dfbf4db930b4d1d5.json,a843c02a42df0c21bd9d681f675cf4effb2f02ffd18f10679e2e2f6a6519de8f,true,HISTORICAL_SNAPSHOT_VERIFIED,15dae27b6643b18af1579768467bebc24eaf98ac0bb0065a313d5be38dd83794,15dae27b6643b18af1579768467bebc24eaf98ac0bb0065a313d5be38dd83794,alchemy,infura,true,true,cases/ca2-6123dfbf4db930b4d1d5.json,9820afa6785fc59f3c94b1b2a23b0f158e850af6f244a71fff1ee550e30db213
ca2-8eea98fa7851e4eaf7d3,moocakectx,bsc,f0e23afe204e04bde025643734289e63b40e8a43edb70fe625df20b2a0f3608e,cases/ca2-8eea98fa7851e4eaf7d3.json,c3658075b23a7a95fc8b7a7bd7c17875a6a0a6fba25eea235c9e8f5264c27d34,true,HISTORICAL_SNAPSHOT_VERIFIED,967a613dcb94e967464f3f3e5acf501dcffdf09e62303e64a6590b86aa968e8a,967a613dcb94e967464f3f3e5acf501dcffdf09e62303e64a6590b86aa968e8a,alchemy,infura,true,true,cases/ca2-8eea98fa7851e4eaf7d3.json,8763ec6986da27d099c1e13240b4a8acaaf9029015735b9b39feec2596f24d7d
ca2-b4208a8c5bb1d965b99f,moonwell,base,06ea8a71dfeb0122369adabe50b4060a5da9c95461971faad009f0b77377975b,cases/ca2-b4208a8c5bb1d965b99f.json,864dfc20d3f02318ef93a54df307bde0575d3d601124ce34c114c0462914aa05,true,HISTORICAL_SNAPSHOT_VERIFIED,8d9292ba079bc59ac8b9c787dcdf51d6b4117d59735dbc59ad3b2f869c2a6dc5,8d9292ba079bc59ac8b9c787dcdf51d6b4117d59735dbc59ad3b2f869c2a6dc5,alchemy,infura,true,true,cases/ca2-b4208a8c5bb1d965b99f.json,8f6d10ce422fbfc98a2d63109fb0bca4d21bd3467b497932aae4c9de1a1fd710
ca2-2656a778ab34f3a823cd,morphoblue,ethereum,48b1e71b3add3ffaec7429082580ad8287110ce09f325d738ed7dd0242b7b281,cases/ca2-2656a778ab34f3a823cd.json,d075d4040a93e9d1090c1c7a063b3d4f9a65081308bdc601883eee74dc165b9b,true,HISTORICAL_SNAPSHOT_VERIFIED,caee6dae30f892435884ed4d284f72a8477ffbb3159731c8a10f80a530bb0124,caee6dae30f892435884ed4d284f72a8477ffbb3159731c8a10f80a530bb0124,alchemy,infura,true,true,cases/ca2-2656a778ab34f3a823cd.json,df13d5b707b1d0d57bc169da4b20d9f5c0a185ec51c54cbcd5d127ba73c72a06
ca2-786342530794b2d0e951,mosca,bsc,a43a27414634a3b6bb0bbafae1524086db5a0df5ec1d5a96b42c00298d7245ff,cases/ca2-786342530794b2d0e951.json,f43dda78ae9809a9ee2c7a05f1361a7224d0645f511fce26b75abb68fadb8ae1,true,HISTORICAL_SNAPSHOT_VERIFIED,0171238cf3c601768c105c903ad44c483c55b7aa177490142d06777e26773582,965a09d5c5d0601da8f600ac4d3f5358b316ebdbbb8a2464ec8fb433bd77e39f,alchemy,infura,true,true,cases/ca2-786342530794b2d0e951.json,68e1740a789b68791691a012ea1bd263e8e2ffaec031dd249496b6e404bfe9a6
ca2-17240c1cdca17b758810,mrp,bsc,3852ece8225d31e7f1672f1f937b23746ec0108413b2fc017941cdd2ca8aa0d4,cases/ca2-17240c1cdca17b758810.json,9cf640b4aadf60667303ab6c2028f5a5220c703dc91c7a14f77c3e95ea4f6b28,true,HISTORICAL_SNAPSHOT_VERIFIED,f1a498277438631580bb35fbd3c11d13cd05dc405bd3bd3c7eeb2ef3f929af1a,f1a498277438631580bb35fbd3c11d13cd05dc405bd3bd3c7eeb2ef3f929af1a,alchemy,infura,true,true,cases/ca2-17240c1cdca17b758810.json,243255dcecade392feb19b8c300a02a78d8522c0a41d27920fe7ca01cfe307b6
ca2-0a80356999aee511c6c7,mttoken,bsc,779e02ffd018733bd0628ccb81a44a0389875f7e82a8e098e419044866ae7ef9,cases/ca2-0a80356999aee511c6c7.json,c74fa349fe3ab6072009d3db3345221a27bcd2db351c368ecbeea03b95b43223,true,HISTORICAL_SNAPSHOT_VERIFIED,529673c1fe24f6d276f7fcb0a1efc154ef578d9a279fac7c18f1f3c85a09c5e9,529673c1fe24f6d276f7fcb0a1efc154ef578d9a279fac7c18f1f3c85a09c5e9,alchemy,infura,true,true,cases/ca2-0a80356999aee511c6c7.json,a4db773ead134de32c33b35f6c3cfb63a21ec7e22e21d1883abf623fc685a76c
ca2-c6f760eb216df807a29b,multicall_with_eth,bsc,88c2f38eb893f15e0c219b01ac117528c0a7e828dc2b1dd4df206bfc1644974e,cases/ca2-c6f760eb216df807a29b.json,a150073376a7c26757def46d53d3506fa17e5724d56b7d5ac9b16fcb65b8c6b2,true,HISTORICAL_SNAPSHOT_VERIFIED,e0eac508b846a802a8f78835dae2c3dd28985f8f1151682ba76c31cea5231933,e0eac508b846a802a8f78835dae2c3dd28985f8f1151682ba76c31cea5231933,alchemy,infura,true,true,cases/ca2-c6f760eb216df807a29b.json,ebb1456463763852c4ab947359695a36f7c2f6e45d3a8df35a744f3a429e8b75
ca2-3b5e98c9b74a83f683a0,multicall_with_xera,bsc,8fd7695abee59cccf4e96e868e25d3693a2ab208bd6eb956854078b86dfe935c,cases/ca2-3b5e98c9b74a83f683a0.json,9a57ec1202802541183936365383413e760790c685df9516fc76930da609bff8,true,HISTORICAL_SNAPSHOT_VERIFIED,027fcd97774e7ff1d4c9e4cb340f514282abe28d539b2ff31a79df5da78d80fb,027fcd97774e7ff1d4c9e4cb340f514282abe28d539b2ff31a79df5da78d80fb,alchemy,infura,true,true,cases/ca2-3b5e98c9b74a83f683a0.json,2bd2f78deb04752249aec80f191faf6e80c56a6929d936ea3b1bc444c5e2e3ee
ca2-11635f2908fcc175e7c9,multichaincapital,ethereum,0aaaba1f7c14bb2480f3759bc230a7b1302239d8ff63d7faa27efd3f36f4ba39,cases/ca2-11635f2908fcc175e7c9.json,4cb975d75c248c7653ac816bcd7f4fb804b6c1aef4f99e07576b9959f8675955,true,HISTORICAL_SNAPSHOT_VERIFIED,73f07348b641e99dcfae2f844bf6e759dc8b76d6ded50a7cc494a4badddb456e,73f07348b641e99dcfae2f844bf6e759dc8b76d6ded50a7cc494a4badddb456e,alchemy,infura,true,true,cases/ca2-11635f2908fcc175e7c9.json,7b0cdb66d2438252b6fe74016f1babc0e0a3e8a228e2c06498785785ace6b807
ca2-522ebe1e13a3ab2c2fe8,myai,bsc,7479fe8df14c28b8e189afbb03bb7580650f809776de4f8e673f0882296527d0,cases/ca2-522ebe1e13a3ab2c2fe8.json,c9f791fa93b4d3ef6a18961c2b82c821a7e5c4438977fc3ee27efdb08e2edfa4,true,HISTORICAL_SNAPSHOT_VERIFIED,88c3f5108390977e01b77e6daacfb1085f7badca626f60aa6b3776b3a28193ea,88c3f5108390977e01b77e6daacfb1085f7badca626f60aa6b3776b3a28193ea,alchemy,infura,true,true,cases/ca2-522ebe1e13a3ab2c2fe8.json,3b609bbc778daa02b6de7b2982273decc8e52c4f2540685175d41b06f4bc3e5d
ca2-702749959585da21f48a,n00d,ethereum,f5834c1929301690590d1b7e6702367755007c9d41b516037a80b8ffb071867e,cases/ca2-702749959585da21f48a.json,494b27f6960515bb9dc63d173c8047ea8ca111f8cb3b73b6cf05dcc1f61e095b,true,HISTORICAL_SNAPSHOT_VERIFIED,9e3a8cd945c7806765772fa18086a9e6d5c0c14fd126a06759aa4c2589823566,9e3a8cd945c7806765772fa18086a9e6d5c0c14fd126a06759aa4c2589823566,alchemy,infura,true,true,cases/ca2-702749959585da21f48a.json,395ae05ef57e3e466567f3b8150b27ad0515acadecc05086c5c7a0ec9ce0a9cc
ca2-4146cf0ae387533d1340,nervebridge,bsc,be56729aa94961083261056ea687243f3d6b765a5d67374db629fb139c1f4b37,cases/ca2-4146cf0ae387533d1340.json,eeae2970b5b2020f81eb829294693074a4f8de64b1e0867741b8ea12ed5026e2,true,HISTORICAL_SNAPSHOT_VERIFIED,9e25ab96feaecc5dec2233e8bc2cd16073825e43568ac229de15632c64d3989a,8c8d3f564b31166db8756f7ab34113f7afd639c3a6194045a566e87f48b5b096,alchemy,infura,true,true,cases/ca2-4146cf0ae387533d1340.json,5eee12bc52aad1c0221acbc88188c29825c5b0d02d54fae50ac3d4c917b30fdf
ca2-10135a96af2e104eb4a4,neverfall,bsc,1d404eaa4ae4488da30b9ffbb96f67394492d26d3b71fc9820582c35f803b769,cases/ca2-10135a96af2e104eb4a4.json,263e5429558220f64a5c603405ac92fb194880dfbc5a2271b22ee5e8b787becb,true,HISTORICAL_SNAPSHOT_VERIFIED,3cbadbeed5fc8d7573b87e597ab17d9eb4df9a4d48d81ed2dbac622571681eb6,3cbadbeed5fc8d7573b87e597ab17d9eb4df9a4d48d81ed2dbac622571681eb6,alchemy,infura,true,true,cases/ca2-10135a96af2e104eb4a4.json,560303c2f34b5065c426a2c6bf480d23e18dccff851b72f6d3d0fae6e7489393
ca2-23403cb09827b5b8f43e,newfi,bsc,79e3682a4e1f911b0eefc9fe5f824ef7f1435611595759668464e4ace8f06fb5,cases/ca2-23403cb09827b5b8f43e.json,3526f2c577dcf742b556fd2c754aa3dd5aac7935413c5838a5d3c3035380ff59,true,HISTORICAL_SNAPSHOT_VERIFIED,3c18d6aa9c854ce9652d731500fadd04cb8c3428fee97fdded4972117b4eb73d,2ef371059e36305c9594e26a36e6162fab27b9a34ad3e296be3e64a1e53b5306,alchemy,infura,true,true,cases/ca2-23403cb09827b5b8f43e.json,620d779596150ad4b18e941f7bdea9f1afda3aadac919b04de3443a94a27d632
ca2-a9052dd43a76ce42a994,nfttrader,ethereum,50f6153f6ff90bbd95c701db50a7c87e68683f57884f4f34858b28b2455be8a1,cases/ca2-a9052dd43a76ce42a994.json,e223db696565fe9c26cf6654a2e8c6d59441ec05369ddddaef8ab21e801184dd,true,HISTORICAL_SNAPSHOT_VERIFIED,b98e85d91e991ac83a12ff4e5657eb05c1b5cd0d5bf8d291d03879c8f7702090,b98e85d91e991ac83a12ff4e5657eb05c1b5cd0d5bf8d291d03879c8f7702090,alchemy,infura,true,true,cases/ca2-a9052dd43a76ce42a994.json,66a754476e7b4b3e8ca8b61181f0aecd60310bb589240db2f27014b0a494af2a
ca2-b76182b1e2e51faa9428,ngfs,bsc,aad8e78ccfe123395decd0229cbc8e63eb2599c73fd04a61fde9cd00b0ab75b8,cases/ca2-b76182b1e2e51faa9428.json,a0ad6664201c5cac7596808359cc17f8e6b6fc913f7f85c253ecd802dfc5b801,true,HISTORICAL_SNAPSHOT_VERIFIED,f8a528f47b9a61cba6eaf9c4883d81952f2d3d32bdfb3426dc848c112252cc35,f8a528f47b9a61cba6eaf9c4883d81952f2d3d32bdfb3426dc848c112252cc35,alchemy,infura,true,true,cases/ca2-b76182b1e2e51faa9428.json,95ad18a40c835b120b3e0bc7d5e52effa8f62049f4f5c233d55219bc6b938bb0
ca2-54094307591338d2b28a,nimbus,ethereum,350c64fa0a3ff41778c795f22ec5c4cbac19e948b6f6cea8d2adfb18b0ae1b18,cases/ca2-54094307591338d2b28a.json,314428d5ff5e31db895c1cbc75c3ad7cc6b3ef97b7abd2027024334b7b67db49,true,HISTORICAL_SNAPSHOT_VERIFIED,e01fe0bfb1a5f0d861c0a1d0778212a6057ae9031e0d3b26fd4bda828d9a2d9f,e01fe0bfb1a5f0d861c0a1d0778212a6057ae9031e0d3b26fd4bda828d9a2d9f,alchemy,infura,true,true,cases/ca2-54094307591338d2b28a.json,27d69f831fb35e0aed15ccbf0e14174fdbfe3e34ba288c5363721ae4caa4e802
ca2-3a72b153af20c2c77bb7,nmbplatform,bsc,1e3dae532507452af9b3024b86d2181c3e12ed7e9febc5279b797cd1083d946c,cases/ca2-3a72b153af20c2c77bb7.json,f94bda4730a0a7cafbb44134e1a1dafef20fffa1444c46f936d4bf7b2b144f03,true,HISTORICAL_SNAPSHOT_VERIFIED,54442cfed2db8150aa9f3f869c4b8d1966c24b46b538e1592d6fa0be1398d00d,54442cfed2db8150aa9f3f869c4b8d1966c24b46b538e1592d6fa0be1398d00d,alchemy,infura,true,true,cases/ca2-3a72b153af20c2c77bb7.json,f821c01f47caf24de6c02c2d61416d742f4349dbf729fe612ee982e510a50a3d
ca2-cf529333b32b69e4842e,nomadbridge,ethereum,0bf07bca23a5df3fc5221efa4bbcddf0862d65299436fe49935909769283b240,cases/ca2-cf529333b32b69e4842e.json,8746e622f699e383f0ae7e8d11c9301b03a550fbbe7c07f327bb8988e7127f10,true,HISTORICAL_SNAPSHOT_VERIFIED,0e6ae6c5a139bd6c039b89b526ff0b4e59a540bb7e59ed468e6be2f328dfd679,0e6ae6c5a139bd6c039b89b526ff0b4e59a540bb7e59ed468e6be2f328dfd679,alchemy,infura,true,true,cases/ca2-cf529333b32b69e4842e.json,65d958e96d0332f046a8d9ff8e966ff809fb1c8fdd6b87bf130787ccd32f0de3
ca2-470ed35ca97a31cab7dd,normie,base,a4b75603150b1d56b4c94aee3301d440ebb1c9097cd5a678b649f27ea9b24303,cases/ca2-470ed35ca97a31cab7dd.json,2e3332b201256f057b9c84795e111b040e15c192dda358ab1f9fa4f2578d088b,true,HISTORICAL_SNAPSHOT_VERIFIED,fa3f16114b268df37fa989c207919aac008d1cd276efda58bf85eb1bb635468e,fa3f16114b268df37fa989c207919aac008d1cd276efda58bf85eb1bb635468e,alchemy,infura,true,true,cases/ca2-470ed35ca97a31cab7dd.json,4f3268982a105dc7c1efe852a177da950cebc9b77b031d109fd846e1b5bf2dba
ca2-441ed1a86d9edadc1707,novo,bsc,0ec23bdb13b90fb5d8c6c3084f35cd6ef6d56bf7d1bdac293f2c5de1e98c5036,cases/ca2-441ed1a86d9edadc1707.json,ee70d0a933496d32bff26cd04127c23e5cc1e84e66b78dfab403771a5e1c192a,true,HISTORICAL_SNAPSHOT_VERIFIED,c36557bcac7ac090b0c7dd14488658a2b9f70729c1767e81d8831cc93fe8cb9e,c36557bcac7ac090b0c7dd14488658a2b9f70729c1767e81d8831cc93fe8cb9e,alchemy,infura,true,true,cases/ca2-441ed1a86d9edadc1707.json,46f8e6b4388b3b854b98fa370f9fac515b047baca2904e650ac9993d7de711dd
ca2-bef4fd38f1af5d45d83a,nowswap,ethereum,5d639f41768abaefc4b7062f99404a34eaf63f601b72a3beb0e3604eb551ea94,cases/ca2-bef4fd38f1af5d45d83a.json,7cab98718b1cccd11e1f22180d8985768b58b8504265187c5a9190c79cc82efd,true,HISTORICAL_SNAPSHOT_VERIFIED,17f1ff0581555438a7c48d668be9daf13fc50d4f01799edaa0958d78f5c15a16,17f1ff0581555438a7c48d668be9daf13fc50d4f01799edaa0958d78f5c15a16,alchemy,infura,true,true,cases/ca2-bef4fd38f1af5d45d83a.json,3e56ca53b378f831a633f8d782940b1a834293bb3dd394da5ab313f50c4ba3f4
ca2-759d84cb92c4b203c71e,num,ethereum,6be120aa062381a18226cc52c0fe1e4ae10e37fb19229d3be983c47f83bf681e,cases/ca2-759d84cb92c4b203c71e.json,8b7a7c8be24e26cf6fe3d60ab762fe176a36eae9bf9dc7444576fc02db064db2,true,HISTORICAL_SNAPSHOT_VERIFIED,ec4f98b4c25aa8bbb4ae458e891d8859fb1e846706a8a5f573193bedd1757b9e,ec4f98b4c25aa8bbb4ae458e891d8859fb1e846706a8a5f573193bedd1757b9e,alchemy,infura,true,true,cases/ca2-759d84cb92c4b203c71e.json,b975489437f0989162a7fc380640bb75c501ea395da0eb908cf72546614de59a
ca2-444479add25939f22fc7,olife,bsc,a591a5f4570d6b6d32700a26c7ec426383c576538d13425dcf5472da72bc68b7,cases/ca2-444479add25939f22fc7.json,8b2838e41c265c1f4a0a8b47ed7d11d2cf90430a2582b7f0240d6cf28724363d,true,HISTORICAL_SNAPSHOT_VERIFIED,e48ae77b95aeb7749e8f7369d766416e8693ad22df82a0bff6178ae93dbdb240,e48ae77b95aeb7749e8f7369d766416e8693ad22df82a0bff6178ae93dbdb240,alchemy,infura,true,true,cases/ca2-444479add25939f22fc7.json,1f3d80ac435cb9613903ec84f1cfd862c65c8d5d550e6d07305adf670ff920eb
ca2-60a0988512bfa1f54c2e,olympusdao,ethereum,76d14e5b0e72effe2d66362b7c99e2a31c8c7e9342cf0a0fcd37e7f4ae31c355,cases/ca2-60a0988512bfa1f54c2e.json,81f00eb46168d8d6d7c1bc40dbbedcf9dac992c57eaaa9513912b6324659d988,true,HISTORICAL_SNAPSHOT_VERIFIED,578989c6cd26176e5defb7d674f631e3654a556ae4a35d738cfaf283d2d01481,578989c6cd26176e5defb7d674f631e3654a556ae4a35d738cfaf283d2d01481,alchemy,infura,true,true,cases/ca2-60a0988512bfa1f54c2e.json,ea36fd48cac3a2cabf983f6666fdf757b423e38e12081bcb810938ca3a861859
ca2-9ed4dcb42bc3e395722f,omniestate,bsc,cd708be1a0d4fe93507315bb5fbf3566fd472e90d038a99d9148be464a1eae64,cases/ca2-9ed4dcb42bc3e395722f.json,d7c5a7ee544aaf83bc899cb6a2cfe6674d93362549e3d16b2fa24a8a195fe88d,true,HISTORICAL_SNAPSHOT_VERIFIED,15dae27b6643b18af1579768467bebc24eaf98ac0bb0065a313d5be38dd83794,15dae27b6643b18af1579768467bebc24eaf98ac0bb0065a313d5be38dd83794,alchemy,infura,true,true,cases/ca2-9ed4dcb42bc3e395722f.json,e26f28f670c44f710168e3f299c5b933c714f34ffa2d9543c6896b693669de3e
ca2-1fe777829f28c3e02e1c,ompxcontract,ethereum,d895ca08d603111238a2d1724e362b7c1ee18d9b53e7888cc93c8c1531a2ce35,cases/ca2-1fe777829f28c3e02e1c.json,e752fe2f420dad62045a2bf8b21564dbedeeb0caaeff9b608832568e3f10fffc,true,HISTORICAL_SNAPSHOT_VERIFIED,fe0cb49fabcf9708278978c42bc18678c2bd8593c8de970a58e1858a0a88118d,fe0cb49fabcf9708278978c42bc18678c2bd8593c8de970a58e1858a0a88118d,alchemy,infura,true,true,cases/ca2-1fe777829f28c3e02e1c.json,4c1fdd437ea7bb21a09420c6bc7c3f9f5a072d1ad3d6f07791b69a64ee52977e
ca2-8e3ab047548dade505e8,one_inch_fusion_v1_settlement_hack,ethereum,1bd01c709c90612b8866d6268d08ef90548d46c506a80685dd9ef63a9033921e,cases/ca2-8e3ab047548dade505e8.json,4bf03a4338ac5eee5f76b5b1b3083a4348bcd401f3190f0ce7baa109a9ec2a44,true,HISTORICAL_SNAPSHOT_VERIFIED,188ef0bc509c28f2524c107cbd88f3858a338eac92a804f30cf38e2e3e3f97b7,188ef0bc509c28f2524c107cbd88f3858a338eac92a804f30cf38e2e3e3f97b7,alchemy,infura,true,true,cases/ca2-8e3ab047548dade505e8.json,3ca58fa6c0e114a2e2fd7274190ed3bae84e94e8597d15b6463be3e455d6d9ac
ca2-194c50c55dd95140a294,onyxdao,ethereum,55dce52ac887055df5f2ae6d4e5b0ea1765fcef8e19b1d686a3d3ece3de04df8,cases/ca2-194c50c55dd95140a294.json,c5fd193ca31118993e7033720d1d8beb9413019bb80140bea6745d459d0121ab,true,HISTORICAL_SNAPSHOT_VERIFIED,0a9214a97078c35c28728e3dc53ba1e1abf2f427b34d2db3ce5b039ef0b3dd3a,0a9214a97078c35c28728e3dc53ba1e1abf2f427b34d2db3ce5b039ef0b3dd3a,alchemy,infura,true,true,cases/ca2-194c50c55dd95140a294.json,f4d1aa5ccfddcaec466232c04c04fe79a864052dfef8a41517ada905bd321d13
ca2-252276d076fbf17cb546,onyxprotocol,ethereum,a9185164ca088b46e090cb62f883800ae2b6699f223a2b3f92d16d5e0903a426,cases/ca2-252276d076fbf17cb546.json,07e44b00de3d82532698e7e959a14608f63c3895dd8c3bed65c70a7bf93278e2,true,HISTORICAL_SNAPSHOT_VERIFIED,b37800b9c73b80161f896785ecdbda07615e144f98be82da86129f51eddb7068,b37800b9c73b80161f896785ecdbda07615e144f98be82da86129f51eddb7068,alchemy,infura,true,true,cases/ca2-252276d076fbf17cb546.json,a248fe6f75ec226b6801811b5df34d3f9898e01dbaeef29a57ce51d92b8a3951
ca2-ca180b9c5c90165fb523,openleverage,bsc,fb4b82db78f308eeec64dd43ef3fac0c5c2b61092947765471cebeddaf68f517,cases/ca2-ca180b9c5c90165fb523.json,4162515d7ac4fd81bfb5e468e0d9a8de3597e36f134bea2a3dc2f1bddf9b0834,true,HISTORICAL_SNAPSHOT_VERIFIED,bd004fd7aaae14951efdcbbec2a69ca09be8fea398af4ee9877e16e1c22ad13b,bd004fd7aaae14951efdcbbec2a69ca09be8fea398af4ee9877e16e1c22ad13b,alchemy,infura,true,true,cases/ca2-ca180b9c5c90165fb523.json,57b68bbdd64798f601d32681dd280163efa2189f006af7e0930ee9b5a3cd92b9
ca2-35c4477f5ae385f13b96,openleverage2,bsc,f466daabafa128d684049ded85cd85a39f00d13e34d62de626e74a2e24c980f3,cases/ca2-35c4477f5ae385f13b96.json,9c2841254d76e1a931fffea1e83610c2759adfdc91f15f1d145a61b9aa3f0c6a,true,HISTORICAL_SNAPSHOT_VERIFIED,1206fe4327905fd98c28b8a1579e585e90576169e6888882001a28f8a5d2497e,1206fe4327905fd98c28b8a1579e585e90576169e6888882001a28f8a5d2497e,alchemy,infura,true,true,cases/ca2-35c4477f5ae385f13b96.json,a09e2732fd9253b7b9718423c8b25666e1368a9c9540f4a9160572c8322a0428
ca2-b7ed9e346aa4cb6ca834,opyn,ethereum,8fb5a53564375f8ae89d3814cb00479f5d03a73adae8ae41d485a50111049d53,cases/ca2-b7ed9e346aa4cb6ca834.json,fd1d41793e4a291968b4904492b05e2cb6a1b54329ef431e23bee5f47aa01475,true,HISTORICAL_SNAPSHOT_VERIFIED,75f1979471d740b2cfd3c27326a790bf60cea498554296605dadea5a82d11df1,75f1979471d740b2cfd3c27326a790bf60cea498554296605dadea5a82d11df1,alchemy,infura,true,true,cases/ca2-b7ed9e346aa4cb6ca834.json,5ccd313a9d5ac9b7cb1793f73d070084f65d979af001edc79e9262fef553cd75
ca2-ee795333beb4dcb94cce,orion,ethereum,3f49e1725ac528c48d8b824eeb4511160d9ad0aa62694c9d023da49ff2823d0f,cases/ca2-ee795333beb4dcb94cce.json,535cde8df336799b4557cfb746468985fcf3cbd195d98836754283058944f4b3,true,HISTORICAL_SNAPSHOT_VERIFIED,65261d15596c9a64233c9c0548240c69aa7cc84582f0ad1a5c4b8f6ffcb19982,65261d15596c9a64233c9c0548240c69aa7cc84582f0ad1a5c4b8f6ffcb19982,alchemy,infura,true,true,cases/ca2-ee795333beb4dcb94cce.json,5d6a28a1d1ae875723247d454e3c3cab859dc4528758ffe2755ba0ad0d7d05f3
ca2-351de4f0c9d0919d5212,osn,bsc,03e7bb91e3923ab98edb9ea426ebb3554db06597c5722406a2c115e72c1c38a0,cases/ca2-351de4f0c9d0919d5212.json,20b07176d7e026dbc7b84502a5fcd3ab2d30c4befd52d9c2bef7957185129da5,true,HISTORICAL_SNAPSHOT_VERIFIED,1a2e46d7fbf11690f2995b927006504cab1aeb167d5f317b004b55de3d4bc23b,1a2e46d7fbf11690f2995b927006504cab1aeb167d5f317b004b55de3d4bc23b,alchemy,infura,true,true,cases/ca2-351de4f0c9d0919d5212.json,5d5f5d9a11e4c21bec9bc6a4f14afe9bb7f6bb7ebff70f3d83b7612aaf6eeac0
ca2-a21d0869309e8d547595,otseastaking,ethereum,7c4512b316a8449667745034039a84af6db5a4299a8e03487e340079199fcc12,cases/ca2-a21d0869309e8d547595.json,24a32c7ea050c07cf39ea77d5c3f8adc547cb05d59d3c5c309ee6eef9c9b6508,true,HISTORICAL_SNAPSHOT_VERIFIED,11853e070cb9b2d28a6bbe09a454f4f227cf6cd56a70d603650e353cf6eec707,11853e070cb9b2d28a6bbe09a454f4f227cf6cd56a70d603650e353cf6eec707,alchemy,infura,true,true,cases/ca2-a21d0869309e8d547595.json,1675b67db503bd105c1c5ac80e8e31fb6024ee71001f66166218f1b8f70f25cb
ca2-0bc1321f2d440dbae4b1,palmswap,bsc,5d6f51eef2affcbd5c318d1e37819c956d1da1e83913115f1c793d3577feb587,cases/ca2-0bc1321f2d440dbae4b1.json,0bd6ec6a03b88e4b6e48087fd93151cf8b82559f99b13fbac4a7617e1ef5460a,true,HISTORICAL_SNAPSHOT_VERIFIED,3f51a453d14e70d685bba3db774946ea67c798d16f7bd3d7ecf632b6af41ac86,3f51a453d14e70d685bba3db774946ea67c798d16f7bd3d7ecf632b6af41ac86,alchemy,infura,true,true,cases/ca2-0bc1321f2d440dbae4b1.json,0e23d875d5975b61311c2da705ea6ba2ff6e23277e48b51372ffe157d83bc77b
ca2-7c6082cada48d720f171,pancakebunny,bsc,d36473f91c01ea774564a403c3d13d1d57eba38faa4e3b7f5ece83e605860b85,cases/ca2-7c6082cada48d720f171.json,b77c0eed1ff37a427ad769c12d309eedb35b823c03b5abab8c063248fc169c6a,true,HISTORICAL_SNAPSHOT_VERIFIED,074d318c116ec6cf27605b1fd4875cb85dab6f81bc1fb71567f8e1f766b045e2,074d318c116ec6cf27605b1fd4875cb85dab6f81bc1fb71567f8e1f766b045e2,alchemy,infura,true,true,cases/ca2-7c6082cada48d720f171.json,b55bb7c7c1014295fdf49d783ec27274333672ae777e86db474a3eb7a3472f17
ca2-275669506c0506e44e0f,pancakehunny,bsc,a44de63365029a133708d47a360adeaea7dcfdf310d9e51d9fb28a9b1eaa45b2,cases/ca2-275669506c0506e44e0f.json,20839036d39e51361550b364b2b414de9a2fe2305752e18109c56e0d34b47746,true,HISTORICAL_SNAPSHOT_VERIFIED,91ff909c3c09483fde2a9e96023c6748ab7a702e255cb4afdd5876226cc65525,91ff909c3c09483fde2a9e96023c6748ab7a702e255cb4afdd5876226cc65525,alchemy,infura,true,true,cases/ca2-275669506c0506e44e0f.json,5dda03b4aba9804d57541d6431aaec68b3067104f697e27b988a041f70a84bd2
ca2-ac986ab36ff83135b05f,paraluni,bsc,c47103664d90605c7a79d31a1d2c46d375a6dcd5547ee32d3dcd887fea9de8be,cases/ca2-ac986ab36ff83135b05f.json,ed2df51691a93158fafc8a0a25f84adf91529f9c9136bf76cfa6395a633daba3,true,HISTORICAL_SNAPSHOT_VERIFIED,098f161509466dd75dd6018fe2e56c58d02966704ec029591632b6044bd46a84,098f161509466dd75dd6018fe2e56c58d02966704ec029591632b6044bd46a84,alchemy,infura,true,true,cases/ca2-ac986ab36ff83135b05f.json,749cde2c8879af84eb405bb8513f9628bc6a91980a2121a40f272a96a83b6907
ca2-a86a6b86d343ba9e3bdb,paraspace,ethereum,2fcebef44f279a99210e3407bebb8346b09b6ca9bf2445c9630a4d3f64d7fc41,cases/ca2-a86a6b86d343ba9e3bdb.json,1934cda339936c77cbf13acc3dc9b6451bc49177913ec4a2e626be7801c08cbd,true,HISTORICAL_SNAPSHOT_VERIFIED,a8c3b7f697e547339f9829c1cc594094380fcc67c8e605ff3d4caa23cc85ede5,a8c3b7f697e547339f9829c1cc594094380fcc67c8e605ff3d4caa23cc85ede5,alchemy,infura,true,true,cases/ca2-a86a6b86d343ba9e3bdb.json,a292ee9d289a4f23c79003a5ceff026484c10861776583b8b562ea7fb449fc55
ca2-aa99cf4dbaf4c7bb8459,particletrade,ethereum,e3c8fd01811a008e91d490297f81f0938e55e5fe1775e8104823f67e70a6f4cc,cases/ca2-aa99cf4dbaf4c7bb8459.json,213a4463d8e460c2ee1623ea7e0a22c1e526837c414d2278df25cefb31e023e4,true,HISTORICAL_SNAPSHOT_VERIFIED,02e5f1b40768f30cf618edeb0cbecf27b5ec0d6bb1511426477f98a913b69848,02e5f1b40768f30cf618edeb0cbecf27b5ec0d6bb1511426477f98a913b69848,alchemy,infura,true,true,cases/ca2-aa99cf4dbaf4c7bb8459.json,82eca54327142d41e274717bede13b400516ab1de009cfd1614f41082d2e16b9
ca2-6af08ae1ba1d426949bb,pawnfi,ethereum,692375ed86771bd4b06673448c37c31919234034fe96cd7255df6fbc3ebb4d8f,cases/ca2-6af08ae1ba1d426949bb.json,75808b0cd5e845f779c510d1003a19b954f278b9a5f636871e85ea01c500084a,true,HISTORICAL_SNAPSHOT_VERIFIED,697db3368a0285258eee154ca9bd610b03efbf00e59ebd6815be601b78493e73,697db3368a0285258eee154ca9bd610b03efbf00e59ebd6815be601b78493e73,alchemy,infura,true,true,cases/ca2-6af08ae1ba1d426949bb.json,433f45bdc2bcceb901816d72d3d7dc20fc9f1d87c3d69081a12598133cbb8ef9
ca2-fe0426b19503c34e1f18,pdz,bsc,d34afb6136d5b9e0080ce7a89e0721095d60de89e5100eca556cbce20ddb4c5f,cases/ca2-fe0426b19503c34e1f18.json,f3ee033a5bb2e33693b22098625a4288cbe8d577626a0427a4cea9739a770ba2,true,HISTORICAL_SNAPSHOT_VERIFIED,f0ea7316e1e8cd455c815522dfeb98a9cf1f5f1a30a6a27d98eabfb27b9cd130,f0ea7316e1e8cd455c815522dfeb98a9cf1f5f1a30a6a27d98eabfb27b9cd130,alchemy,infura,true,true,cases/ca2-fe0426b19503c34e1f18.json,4e6294192bb74c352dea72bd582be59ca7f82b1e1b4fbf1744a015981acbed15
ca2-8af0ea955100349da941,peapodsfinance,ethereum,7c4405db703d721b51599670ecc6f07209b7ab00cab1dba771980a1d98fdc3d3,cases/ca2-8af0ea955100349da941.json,62bdd78f03f0fd6c3c1f59c8aa9575ef8b2c20b48ff1ce30c76f82a6e17f9a8e,true,HISTORICAL_SNAPSHOT_VERIFIED,3141fc5c423073f57b260299592b2a3c7db1b57df07fb940625fbddce39e48d7,3141fc5c423073f57b260299592b2a3c7db1b57df07fb940625fbddce39e48d7,alchemy,infura,true,true,cases/ca2-8af0ea955100349da941.json,081c61b64238f0c36d32730ed6f0784d6f32c0f3288e8456fe58a3456c96d3cc
ca2-8b19d47d1a3d23da742b,penpiexyzio,ethereum,45fd66f3ece1f930db5733c5ade1ebc2c0ce2495907c5af092d6cb3d3f971238,cases/ca2-8b19d47d1a3d23da742b.json,4aca1be80f9156c2885ca31d54be8b9e8df87eccf928c0bea152bad5b157ee78,true,HISTORICAL_SNAPSHOT_VERIFIED,f78534ec33f6b682f86326e3c575b21e98e255420a31a715a83140b6fec0bd81,f78534ec33f6b682f86326e3c575b21e98e255420a31a715a83140b6fec0bd81,alchemy,infura,true,true,cases/ca2-8b19d47d1a3d23da742b.json,a4c79b4327e212b3e15f8a587626c67e3620e9b988799c18efd1b76e1fb88311
ca2-3843aa138b13af762925,pickle,ethereum,3128ecab43498cd062db2952d2b980a2887a7b4579c28ae9cbaa2f3679cea6e7,cases/ca2-3843aa138b13af762925.json,cc3e52dd39f6f90a1240329584716e5bfbeef6efbe0b333707c882cb2bde51ff,true,HISTORICAL_SNAPSHOT_VERIFIED,39fc7da1e82729f15f677ab5ed6521eb78ed9884d9e4b0c8d16f81a359aefa37,39fc7da1e82729f15f677ab5ed6521eb78ed9884d9e4b0c8d16f81a359aefa37,alchemy,infura,true,true,cases/ca2-3843aa138b13af762925.json,717b2119454754814dcb050fd0ef5bead76e9786530a3f893db8995984bca39b
ca2-9653ab400e10fa0c044d,pineprotocol,ethereum,3dd1d554ac2085060c7dcc1510a2ebec1dd6a6617b80072318e6f4d2059e931e,cases/ca2-9653ab400e10fa0c044d.json,113de7f88b9f2aed170fec22fac3f0b7403fe27a923f579458e06b135cee1d34,true,HISTORICAL_SNAPSHOT_VERIFIED,fcaeb15f67deaff0e400d76e7b41dca6e7c3f289d131e5d2003691a65e9e6e4f,fcaeb15f67deaff0e400d76e7b41dca6e7c3f289d131e5d2003691a65e9e6e4f,alchemy,infura,true,true,cases/ca2-9653ab400e10fa0c044d.json,fe728a0ad096b6407138099fd7f92023e9630f39a7e4f60531a5fa7a0d0a452e
ca2-382283494db3462edcb4,pledge,bsc,76856b398577f2a8399bf8ee00b3bb300427a760d48d469941b58f504e2cfd45,cases/ca2-382283494db3462edcb4.json,f331e0a7210d33a5a7ebfc0a287896d98047df7225ece73924392af49166521c,true,HISTORICAL_SNAPSHOT_VERIFIED,960031d5c53840a4a3c5aa6e8845fb5026ddc55b66ce1b5fe3975856c55cbe9a,960031d5c53840a4a3c5aa6e8845fb5026ddc55b66ce1b5fe3975856c55cbe9a,alchemy,infura,true,true,cases/ca2-382283494db3462edcb4.json,6ba32c261b20e9ab8e99a3b387100d949499157e879e9767f164c84e75873373
ca2-1110a2625b12e4b110c0,ploutoz,bsc,1cbf642db83623b05e2d5a95ce4356e39b7e9d1d048b76792fe98a376fb4262c,cases/ca2-1110a2625b12e4b110c0.json,66ec8bea2198c92fd2be7917be5702dedf505d3675997d061984554ee2171c41,true,HISTORICAL_SNAPSHOT_VERIFIED,222d1d88ff44b1f4f9f65fbd3387c0e01b460bae42bb0b25530c258839c5d866,222d1d88ff44b1f4f9f65fbd3387c0e01b460bae42bb0b25530c258839c5d866,alchemy,infura,true,true,cases/ca2-1110a2625b12e4b110c0.json,85400b0fc72bbd9577d1699691dac206938e776849a64b781f091a42cfe9a4cd
ca2-8cf05be564db7065817c,pltd,bsc,7af686c173ed2e42856c261afead67ba7e5b70ce8ef28502e518e8b12130d781,cases/ca2-8cf05be564db7065817c.json,e6167038f24315ce8ce05cdc2a9e37cc4476d60370634cc611039730635fdd08,true,HISTORICAL_SNAPSHOT_VERIFIED,ff15fe47c8fe8155884d6fc58830d8599ad0b702a06401d973983ff9628578bf,93b63e7bec26284e64c524a1cb1b97debad90266dace3ab320ed0b1a508024a0,alchemy,infura,true,true,cases/ca2-8cf05be564db7065817c.json,ceddbc2f29bf1e50c623a7d4056e0481634cec2954f5fa5586c3d451fc729f77
ca2-ffbe4d4d4db010d46d01,poolz,bsc,5c98a0241b2eca7484a1ef1e457b1005db9bad080e6ac8f0bc9f93089006638c,cases/ca2-ffbe4d4d4db010d46d01.json,0488652db6716a67172aff3a5b5590ab3004fd9b355764b66c4c691f93c9c7ec,true,HISTORICAL_SNAPSHOT_VERIFIED,0a595bddafde8b68d75e2815a2a3d116df6b1049a3e79747fb2fc247d51b4433,0a595bddafde8b68d75e2815a2a3d116df6b1049a3e79747fb2fc247d51b4433,alchemy,infura,true,true,cases/ca2-ffbe4d4d4db010d46d01.json,aa6f73b28c4d6b95ce1262e7f6ab68b282ac439eb5557a6407405471811ceb19
ca2-6f8a2ab5c968b3eaaf69,pseudoeth,ethereum,84382e1f3383368a59d6f5a09cb805283855b9a439fdbb88a33a0ea0b28bb39c,cases/ca2-6f8a2ab5c968b3eaaf69.json,c6749ba61e7d7b76a55ef10c1240916ad8983afdd62873e00532b18ef0208238,true,HISTORICAL_SNAPSHOT_VERIFIED,5d506510064459464623a88a3f4dc5c6b036784d65ffd03fba2eda9cc5eebe15,5d506510064459464623a88a3f4dc5c6b036784d65ffd03fba2eda9cc5eebe15,alchemy,infura,true,true,cases/ca2-6f8a2ab5c968b3eaaf69.json,c08da710e2c1d3ea1aa9c4a0705f90f09ba588101556e8c67cf253cd82f410bf
ca2-c5f9905c03ee273e260f,qtn,ethereum,39fa5be6ba8db1c2b3bb0403b81fb4a87799e0df823e8315ca6cc8f665238cc9,cases/ca2-c5f9905c03ee273e260f.json,5697ab43024896213ca65aaa490488dc29dac3879eeca581d1453b9436b14e5b,true,HISTORICAL_SNAPSHOT_VERIFIED,861e395ca267435f37a8e644083f1cd26c976c8d35fa858a260d27b59c5219f8,861e395ca267435f37a8e644083f1cd26c976c8d35fa858a260d27b59c5219f8,alchemy,infura,true,true,cases/ca2-c5f9905c03ee273e260f.json,1d341a50d23bee2f296313b7b6b5ad274609a58ec7dd9386bc33152780b84499
ca2-d22c4160c4fed52695d2,quantumwn,ethereum,dc0da88b35ef0071981f36554ab2e62f01e540dffdc60b503f03e127c43e1ca7,cases/ca2-d22c4160c4fed52695d2.json,663f8e95a9181582499c20d9b9c09d269e2994bee7ef8a2a9525de3c51e43969,true,HISTORICAL_SNAPSHOT_VERIFIED,a2a4543ea0085df61f1411eafd861bcb2e3e3126047a9f713bb838c481329717,a2a4543ea0085df61f1411eafd861bcb2e3e3126047a9f713bb838c481329717,alchemy,infura,true,true,cases/ca2-d22c4160c4fed52695d2.json,df809b925823746eddacf6ec6d6a25d56ed9fedf26ce7199462bfa047153a17f
ca2-ca3ec401a279f9b471a6,qubit,ethereum,22a18328f87f9492c2e3bd5b196a8b76e55e36405631570c6aa9530051328b57,cases/ca2-ca3ec401a279f9b471a6.json,ba905509d9d036e6d4f136e27310ff61254c166db0e53f2ce705468718e6590c,true,HISTORICAL_SNAPSHOT_VERIFIED,15dae27b6643b18af1579768467bebc24eaf98ac0bb0065a313d5be38dd83794,15dae27b6643b18af1579768467bebc24eaf98ac0bb0065a313d5be38dd83794,alchemy,infura,true,true,cases/ca2-ca3ec401a279f9b471a6.json,a98e64570206f91031d49001a7216f5ccb4449d78d72a6d5273e13b573f12ae5
ca2-c7586710b826b2f08a35,raft,ethereum,151d411f02c169ecd53e412eb25bf9910767ea20cf9360ae0d4bdb59893fa571,cases/ca2-c7586710b826b2f08a35.json,a73fc09c8f046422aa749c47ab30c0580adc969f8da3de5fece23672eeb35775,true,HISTORICAL_SNAPSHOT_VERIFIED,0bfe307bcc187619c938ea73375b0c5d30422cf5cab84ac1939699ca58ec8e9b,0bfe307bcc187619c938ea73375b0c5d30422cf5cab84ac1939699ca58ec8e9b,alchemy,infura,true,true,cases/ca2-c7586710b826b2f08a35.json,cf9915d707c2e2ce3188c03908946be0a2a187d0223e983d4facb570ac600abd
ca2-b89108fafba359a9828c,rant_token,bsc,07655e81633025cdc334e1f26de95adfb14f6549635bf6152f6c5c3990dd650f,cases/ca2-b89108fafba359a9828c.json,ba914472e38e83542c0c3505496c3b4206b68788db32a6c28a2083cf21922c6a,true,HISTORICAL_SNAPSHOT_VERIFIED,68f9a0c49bc0a57e137269576b76c161a65fe82f1a63c7c1e5a602b7e4465d4f,68f9a0c49bc0a57e137269576b76c161a65fe82f1a63c7c1e5a602b7e4465d4f,alchemy,infura,true,true,cases/ca2-b89108fafba359a9828c.json,553f90162eaa87c7d57cf6356e1abf7356391b38bac91da7d9705493cab8117e
ca2-332ccdc5e82202082265,rari,ethereum,8e7a948c2355ca828c3ccdf3678609b9ffbc5efd0dcd64400b4199778a950e68,cases/ca2-332ccdc5e82202082265.json,170af90ff2c5c67b157cf15c9ac4e797cf97ddfdca2b338ac9929f71619b54bf,true,HISTORICAL_SNAPSHOT_VERIFIED,95273a34756aa3d24aa8605d6df3d68ed1ad40a38e515b10e5f06880ff56fc49,95273a34756aa3d24aa8605d6df3d68ed1ad40a38e515b10e5f06880ff56fc49,alchemy,infura,true,true,cases/ca2-332ccdc5e82202082265.json,c5ea0449cd2f2d09cd19621d54490dd08d8b3d8d9304411cd89025c31f3fa67b
ca2-511b838cc3ae7420a912,rbalancer,ethereum,2d744cfc96f6834b752ebe30a95c03a12bf6ecadc017b5fe8992491b4a676ef6,cases/ca2-511b838cc3ae7420a912.json,c6112a11d48ba71f2804d4a1054221addbccabf37e9f7963d0b01a2c988c312c,true,HISTORICAL_SNAPSHOT_VERIFIED,0bf9a321773ee45230e11f11839d2fcfe464cd6369aaf2dfba8c5f35c6ab3388,0bf9a321773ee45230e11f11839d2fcfe464cd6369aaf2dfba8c5f35c6ab3388,alchemy,infura,true,true,cases/ca2-511b838cc3ae7420a912.json,83da6ea8bcc58b50e5c817affdebfc01e4e067c6aa2e585acfead13fd2ac2276
ca2-758d99036031cc6eb400,res,bsc,71e2e8977513ec60339fa954ad1a382d933061447c58de0737fac12272b15dbc,cases/ca2-758d99036031cc6eb400.json,d35a70dcec529f64cae9287b2be7d5a37fdfa0d14d3be8c205e4a0a9f5dc9303,true,HISTORICAL_SNAPSHOT_VERIFIED,0ecde83e3536b36e3f0db5193a822662a120110bb432a7d4bc15cca56b6f4915,0ecde83e3536b36e3f0db5193a822662a120110bb432a7d4bc15cca56b6f4915,alchemy,infura,true,true,cases/ca2-758d99036031cc6eb400.json,7ec6da2b8cbe3058836a32ded5a0fdd03ca75cb7ad55fcd3eb716921de41c1a0
ca2-301863287cb1e49bdbb5,res_2,bsc,e4e7840a196e5802f12e60d3748e85972e4cf48cc24e7e8c7fa7d607e2c7b452,cases/ca2-301863287cb1e49bdbb5.json,38392ef3ceefd058484dcb37d8571804e0b58daf363f88e407268447134ac390,true,HISTORICAL_SNAPSHOT_VERIFIED,0ecde83e3536b36e3f0db5193a822662a120110bb432a7d4bc15cca56b6f4915,0ecde83e3536b36e3f0db5193a822662a120110bb432a7d4bc15cca56b6f4915,alchemy,infura,true,true,cases/ca2-301863287cb1e49bdbb5.json,54f2fc384bb6deb30fd2c20c23f2e60a84ddbabf122375412d5dd1d90253f83d
ca2-4de34020e1fa2eaee68a,revertfinance,ethereum,6ab720bf47c11025963c5f3ae4c77ed08308a740b0fcbb0f74951730a8eda6c9,cases/ca2-4de34020e1fa2eaee68a.json,87eb12b8268bf9049df1d2d9cdd598877505da55cdeb0224a1a14d900360c0bf,true,HISTORICAL_SNAPSHOT_VERIFIED,7f2c31764a510940cca514365db840cd67ac526e81978a6f509665ee4196b8e5,7f2c31764a510940cca514365db840cd67ac526e81978a6f509665ee4196b8e5,alchemy,infura,true,true,cases/ca2-4de34020e1fa2eaee68a.json,9d596c7b30c810719587c4a6eb4ae342314ed38ddd87632230fe45ca74e23dff
ca2-e75c05f94545176def00,revest,ethereum,044e51f6c2fa8e9a8cc8957b477b7adaef2e6d299da9b3e1738a04b9ebaa05c6,cases/ca2-e75c05f94545176def00.json,33bcdcf78013ff8d0626734d0cd86bd6517ee82ddfb78930d7dffde80c33b734,true,HISTORICAL_SNAPSHOT_VERIFIED,8993c1249b0eb0afc220264fc70a338f16ae53deb157174a7935d1ebbe9804cd,8993c1249b0eb0afc220264fc70a338f16ae53deb157174a7935d1ebbe9804cd,alchemy,infura,true,true,cases/ca2-e75c05f94545176def00.json,c11410f6a0d15bf89c939773ba7a7d5ffd141779fabe2b8110874a0e18d888b0
ca2-cb9d62babfef067f9bc8,rfb,bsc,344ce3486db05e0b0edafe1e2c7869849dac1464da50b8852c0bd0c9c8c9d6e7,cases/ca2-cb9d62babfef067f9bc8.json,d71a2d41cdaa01a5334b406abb9e72d010385eda8063392ec93e1be67ebda967,true,HISTORICAL_SNAPSHOT_VERIFIED,5dd651d8998438b9b009a5725f42fb9c85931a38ad5d2b31db7d1e427fea0076,5dd651d8998438b9b009a5725f42fb9c85931a38ad5d2b31db7d1e427fea0076,alchemy,infura,true,true,cases/ca2-cb9d62babfef067f9bc8.json,ecd561d3eb549c36dec285b25c3aca70dcc05439e331804d056146a175265706
ca2-cc09312220e115bde016,rikkei,bsc,ed0c6e510fb924fa80be26ee151dfa6bf6977d4295eb86d0aa54b3df67f48a99,cases/ca2-cc09312220e115bde016.json,e00adaff33767ed249d3292619491fe2aae6ff36268f22bf2e55b52dbb50cbed,true,HISTORICAL_SNAPSHOT_VERIFIED,222e84dc2d218203d2ac165592e0b62d5eca4aca2f0cba7c653abb45ba40ad47,222e84dc2d218203d2ac165592e0b62d5eca4aca2f0cba7c653abb45ba40ad47,alchemy,infura,true,true,cases/ca2-cc09312220e115bde016.json,30e394eab4985a0771f0a457923f2aa82dd68f68dc708c2dee471f95315107aa
ca2-604ce8fc1c483067805c,rl,bsc,36980588061357cb99a5a05788755a7792d0efdb292dc2ff2685f24ab3579cf2,cases/ca2-604ce8fc1c483067805c.json,d9c5d44e146009c71897295ddc91ce9ac76d976e2490fa296f644accb34b2598,true,HISTORICAL_SNAPSHOT_VERIFIED,ca826f07bd24c14dca1a546f6f15d02ff4b434f52bcee43ddb112634e4dc5605,ca826f07bd24c14dca1a546f6f15d02ff4b434f52bcee43ddb112634e4dc5605,alchemy,infura,true,true,cases/ca2-604ce8fc1c483067805c.json,405f93e890cfe82642101d2eabb1e59a218e42b22ca2c0cdc413f3a48ebef982
ca2-0bd28c93ecf3fec1d833,roefinance,ethereum,4c57c4ef244f26a924f4ebe41233aff3dfb6357d19a9d6d1e245ad754c7637b9,cases/ca2-0bd28c93ecf3fec1d833.json,c0aef721eb10bf6d9561e4cb1d77c4d438a816aaf2abb1f72aa0dee43e846262,true,HISTORICAL_SNAPSHOT_VERIFIED,0a2d393fb277f055cca4aea8c5d58b681211c3b6279dfa35abb99bfaad0fc4b9,0a2d393fb277f055cca4aea8c5d58b681211c3b6279dfa35abb99bfaad0fc4b9,alchemy,infura,true,true,cases/ca2-0bd28c93ecf3fec1d833.json,63be2bec9e97549eb02fd1524ab941a05f5cc38867662b2fc2ae1818aecdeed9
ca2-3b0aac1754ae5d74f870,roi,bsc,91b6d398ae79a3675882d49e5ea3383e6932eb02277a4f0535cf689d4768b8ad,cases/ca2-3b0aac1754ae5d74f870.json,9091ddf5f684bcad68808698af445fc2a0979e855d3b5a2e0f75e9a4e247f629,true,HISTORICAL_SNAPSHOT_VERIFIED,6b8a20e1bb0b325a2dcfc06dd6854ceaa6adc9d62b92946b5a149deab02dc140,6b8a20e1bb0b325a2dcfc06dd6854ceaa6adc9d62b92946b5a149deab02dc140,alchemy,infura,true,true,cases/ca2-3b0aac1754ae5d74f870.json,f46127b0b8428b1d9441ea7a5ee302e42016ac57709f92e77dae6da5b6bb286d
ca2-53f0c0893c96da4fd077,roulette_pot_v2,bsc,450d760365437f625ba28ac7b2e5962a6f8d6313351e37321428f4dc49ccc087,cases/ca2-53f0c0893c96da4fd077.json,6f252bb64ff5763c902a3787fb0169f2c13c5fab4060549704f02ceee3e75cf4,true,HISTORICAL_SNAPSHOT_VERIFIED,e23e818802faff39271bc8f8449396558c394443120d0179c4f7febe14328c0e,e23e818802faff39271bc8f8449396558c394443120d0179c4f7febe14328c0e,alchemy,infura,true,true,cases/ca2-53f0c0893c96da4fd077.json,41343a1beb6a4f66426cd1daf5442e4d507b37003b1924dd3dcedc45d362954d
ca2-4ab53dc147bf1894e356,rubic,ethereum,cff96bd739a652a0f98910f1c8802a6244dfd1e23a1d7dd28c256b8fbb433970,cases/ca2-4ab53dc147bf1894e356.json,6bb0f55bc6a9a79d2f0066b59a276bf25859d85a985c1128283090506e6ef4d5,true,HISTORICAL_SNAPSHOT_VERIFIED,b2a286d33bdeb7d1387ded5560cddadb4f945d98aaeea3bb9453ba6e8ebf8716,b2a286d33bdeb7d1387ded5560cddadb4f945d98aaeea3bb9453ba6e8ebf8716,alchemy,infura,true,true,cases/ca2-4ab53dc147bf1894e356.json,83e94db113671d1fc85d6d7ad8e72141f04b50b7fc28916356b8bfaf8c07d467
ca2-c76c240f897354a45770,ruggedart,ethereum,46c51859b8673a2b9a44e6269ff1a05073c94b91c55d3820c6570d5389b233fe,cases/ca2-c76c240f897354a45770.json,4525e8a47bacefa6fd67e23b7952e9f854eff3f1b2147d87f5d585ab1a1fceca,true,HISTORICAL_SNAPSHOT_VERIFIED,c0eadc23335d1103a91a517bf13a79ca569061da0767e30b068da3998d4251ae,c0eadc23335d1103a91a517bf13a79ca569061da0767e30b068da3998d4251ae,alchemy,infura,true,true,cases/ca2-c76c240f897354a45770.json,490265420d296c7bbfab0bc6cb89fa71c264878f637c9093a9806c28aadc96fc
ca2-c9253cf4e2d235460157,saddle,ethereum,0f5f6b4b5371e70da8f942c3499c218b010a0b50332dc86096b96f6893c20224,cases/ca2-c9253cf4e2d235460157.json,f20e5d67b7600418f1b56d95c4b1454e3ae0af35fdd1be619dbed7da050d75f9,true,HISTORICAL_SNAPSHOT_VERIFIED,9c780d9bb7ddd0291090932bb7878430a8131d16b24cea4db6531ce914e45a3f,9c780d9bb7ddd0291090932bb7878430a8131d16b24cea4db6531ce914e45a3f,alchemy,infura,true,true,cases/ca2-c9253cf4e2d235460157.json,9bac179963a0b5eff35123cc4a6f508961e371b7e05b73767dfff82f020d80a4
ca2-6e83ea5ad89c085e5f5b,safemoon,bsc,a6f6e8be7a67bdef1c162bead5db63fc3e4c1014ad90dbf8ae772b533f252e13,cases/ca2-6e83ea5ad89c085e5f5b.json,4cce6cef3da18cb4be1bfc22281d79b13d543ea078fae223f9a91bbb57a44fa3,true,HISTORICAL_SNAPSHOT_VERIFIED,fbbb07bedc0ae8cf6d3837b59a583d124727a3203ed5155e0c4a31e2df323999,fbbb07bedc0ae8cf6d3837b59a583d124727a3203ed5155e0c4a31e2df323999,alchemy,infura,true,true,cases/ca2-6e83ea5ad89c085e5f5b.json,0ee55fe2b4b9505a6ed8e16f2604b75f80258dd834321d46b12838e63931471b
ca2-48d4577fa72f25875ad3,sandbox,ethereum,4946d7b4c93c89b5aba182585d427a307b9bc345f4e8e5316b047c7b8e1b0b8a,cases/ca2-48d4577fa72f25875ad3.json,e296e6994975aaaac7e55022480d8f0072e6066b04a26290f058fe1615bc6e80,true,HISTORICAL_SNAPSHOT_VERIFIED,936ceb6a6b79ce9e732fa904f9d256bee6f1e1b32baa10a6d5e612fa822c1787,936ceb6a6b79ce9e732fa904f9d256bee6f1e1b32baa10a6d5e612fa822c1787,alchemy,infura,true,true,cases/ca2-48d4577fa72f25875ad3.json,5e8589c9571c309dc186a3970cfa90af247d98f729eab55a133173989b96eff0
ca2-170efb900eb90211eaa2,satx,bsc,27015000bcd40d6f175c05908406d627663c1117fe0daadbb8353e330c203d82,cases/ca2-170efb900eb90211eaa2.json,e19db73596ecffb7ab5197aaa55e953cbadfa1b5f80957ad087e8583544c37e8,true,HISTORICAL_SNAPSHOT_VERIFIED,c44710682af678d9585aec9a844f7294d9833368ba4e82faae1fb1191d5d81ed,9088da6e80c1d84fb4fb17d48adb46750a35e96bd87fdf41ff7eba664afe0831,alchemy,infura,true,true,cases/ca2-170efb900eb90211eaa2.json,85f519667e5ade1c418670c656b40ce94899644ff38e69b0bbbf863e96d81026
ca2-92eeb1ebc356ab25288f,sbt,bsc,00d55495c659b8930abf71f4e32a4624e88e688fa2dea7758d5e7c7ed8d1977b,cases/ca2-92eeb1ebc356ab25288f.json,d36783c39e6534e3694ab7ac0763a8388f65f6969c20fca40e18485469c30717,true,HISTORICAL_SNAPSHOT_VERIFIED,994b67b6da31b632f082991892c036126d926a27b3c45ad7779652777f8b00b0,994b67b6da31b632f082991892c036126d926a27b3c45ad7779652777f8b00b0,alchemy,infura,true,true,cases/ca2-92eeb1ebc356ab25288f.json,ef371e27fc03c9a9ed17568cfee4fcc1c2e52d13bd3d67342427be2b4bb95b54
ca2-8b0370be76c7c7e05d59,sdao,bsc,1e4c395e83539c9a1aaa17dc22e8d4d1800df026b4f39c36d5a5ee5b2a530c2b,cases/ca2-8b0370be76c7c7e05d59.json,59d9ea00f75ca6d9861a3e418ede754b8fa9fc7bb3ca879e43a4dfe765153426,true,HISTORICAL_SNAPSHOT_VERIFIED,2c64f34c5bc01c7fbb6c85865016833d0491e4bf6e1587a54e51676b9feca12e,2c64f34c5bc01c7fbb6c85865016833d0491e4bf6e1587a54e51676b9feca12e,alchemy,infura,true,true,cases/ca2-8b0370be76c7c7e05d59.json,e6c894881cc21a6fdf34fd88a1f6054a2677c29a8f67cea3ed343c9f7d4a4373
ca2-d3a51f08e6355a17ca20,seaman,bsc,740aa85412dac90a1035f10e6cab11ec5b0357880bbb2b77755677407b478172,cases/ca2-d3a51f08e6355a17ca20.json,44e4e3da92571a99b6b4600acdae33f9b7d12554ea6e49b21b6733eb44117135,true,HISTORICAL_SNAPSHOT_VERIFIED,57ef91186fc12b8e96c96858f9cafc68b51e9236f5fda7e1cd23fdb36aa6c1de,57ef91186fc12b8e96c96858f9cafc68b51e9236f5fda7e1cd23fdb36aa6c1de,alchemy,infura,true,true,cases/ca2-d3a51f08e6355a17ca20.json,a7bbc1900fee28c6a11e0abd631b4af11254feb719250c58d4e46c992bd75bab
ca2-f18eddf4c9f68d58e510,sellc,bsc,8b92805660793cb41300e8a9e4342b9fbfaf86b81ee67a285e019934d8d6acbe,cases/ca2-f18eddf4c9f68d58e510.json,bb0cf29cecb4e8b197841f9674c53cfdab16d51bdcbe5c4fc8b4462590f0fc40,true,HISTORICAL_SNAPSHOT_VERIFIED,846f88a109b8a8d4b8685e4a21c08baa244c90635a2501996396e111aede56b1,846f88a109b8a8d4b8685e4a21c08baa244c90635a2501996396e111aede56b1,alchemy,infura,true,true,cases/ca2-f18eddf4c9f68d58e510.json,c0a89e35d7a5ded722dfe14620c65e712ab0351d7324eb376549f36e49dafc99
ca2-b15231d961b437b62264,sellc03,bsc,7159e40ec8bd5986461842e958f0d5cdfc4474ce050ea9958dbd48165089a691,cases/ca2-b15231d961b437b62264.json,c21f09616fc39c0957ca9c2a187368864917233931588af578206d508ff80d0d,true,HISTORICAL_SNAPSHOT_VERIFIED,55806dc0219eb8cf6d39d94cbfb9c65403141ec0b4097c6b578bddba599d6edb,55806dc0219eb8cf6d39d94cbfb9c65403141ec0b4097c6b578bddba599d6edb,alchemy,infura,true,true,cases/ca2-b15231d961b437b62264.json,c7ab14c1e1a79352c5a9d55060dd74cc9bee3991ca6f6f6e7f5c0a534090e5c1
ca2-429b8f8a4d1baf287471,selltoken,bsc,aa57afbd42503896362fe88c53aba30cb173d44d8afd8b170e82b41eade44345,cases/ca2-429b8f8a4d1baf287471.json,8b4bf4fbe7194597e6ab3e66560a0014e82fdcb9aa1135ec2e43c233a6b1805a,true,HISTORICAL_SNAPSHOT_VERIFIED,8a1c39e6af9c4c9bb293d3efb7224be7b07d1aab64f6c6e2d6aec7a9369c9742,8a1c39e6af9c4c9bb293d3efb7224be7b07d1aab64f6c6e2d6aec7a9369c9742,alchemy,infura,true,true,cases/ca2-429b8f8a4d1baf287471.json,229cade4a48c62a375c9cd4d3c6815abf89f3116064e8dcecfd60f1baa13cedc
ca2-e7cd16bb64166a6efe64,seneca,ethereum,85eb2343754246b2eaffa93836174ff60dab140c3cf03e20bf0b5d9a72bf475d,cases/ca2-e7cd16bb64166a6efe64.json,97d81536e55352a1ef114f22a44b3cd6ee8cd141f82ad81640f9110127c6dde9,true,HISTORICAL_SNAPSHOT_VERIFIED,4973814f5d7108dcb7f914dd5ae38d9b74f4fd738cb36ba0af1052c4471fee65,4973814f5d7108dcb7f914dd5ae38d9b74f4fd738cb36ba0af1052c4471fee65,alchemy,infura,true,true,cases/ca2-e7cd16bb64166a6efe64.json,6d9245a955b84b956f7c0b18baa72a4ae8f69968af637742554437e208355abc
ca2-742774bf4edd46ad6f87,shadowfi,bsc,6c84ba1269766bfc67d8f24bd68446a0e49aa50d85d6e44747ab9da4f4987184,cases/ca2-742774bf4edd46ad6f87.json,1ee12f375fa5b4f5fe5b4a25f408ff24e78e9591c5f2ad2de7212cd42867d8e9,true,HISTORICAL_SNAPSHOT_VERIFIED,b0edfc72eb4aceeeae08c9ae82754da19b33f2a9eaffcea3a7741a69e4e43c16,b0edfc72eb4aceeeae08c9ae82754da19b33f2a9eaffcea3a7741a69e4e43c16,alchemy,infura,true,true,cases/ca2-742774bf4edd46ad6f87.json,708320f24a8759dc7bace2e48ee6b519e29f3332f31b7270612c69679e95b3b1
ca2-91206b717060c4fd7b39,sheep,bsc,111de0c50ba4e98875c57f0680a63180c411002d8666c0baad99952478b7c458,cases/ca2-91206b717060c4fd7b39.json,7464239edde038e631a0e51b494dbcc7e8d653c1f4ffc4d769e9c9ca9f1a10fc,true,HISTORICAL_SNAPSHOT_VERIFIED,8a1b063912a1599ed137fdaf5d2337665f836d0d7dcb4d8efce73e31fcb37608,8a1b063912a1599ed137fdaf5d2337665f836d0d7dcb4d8efce73e31fcb37608,alchemy,infura,true,true,cases/ca2-91206b717060c4fd7b39.json,3d00cd64e20d177868950d36ddcaa8da736417c70dec7643d89c11d0afcb8557
ca2-87e3cee3e857278adb8f,sheepfarm,bsc,4c50f729c5edc00d94278e90256e786fa05fc473034cf35b7afdf0b74ed07dfb,cases/ca2-87e3cee3e857278adb8f.json,42de66d0cb60aa1b8f19560a759b5e04d2b4d2af84936a5380c90570ff5b4f51,true,HISTORICAL_SNAPSHOT_VERIFIED,5f659cac938c29949449d89d9ed7b799e942d1c8b9dbeedcb62dfa7907041f0d,5f659cac938c29949449d89d9ed7b799e942d1c8b9dbeedcb62dfa7907041f0d,alchemy,infura,true,true,cases/ca2-87e3cee3e857278adb8f.json,f0ae0d7595c25eaebca8e72329966c4b8196ff044a4624282e3b996fc390cfb5
ca2-61379f018c08925d7ecc,sheepfarm2,bsc,6e279fe9f042f5a1e522b5cfe4ece3457fe8fc3143c351b50de0bd7dde223cb5,cases/ca2-61379f018c08925d7ecc.json,f4dc8682ef8e18de07f33c1ac1a15e989970af1b30cdc0d80d6a105ca2d2b68b,true,HISTORICAL_SNAPSHOT_VERIFIED,5f659cac938c29949449d89d9ed7b799e942d1c8b9dbeedcb62dfa7907041f0d,5f659cac938c29949449d89d9ed7b799e942d1c8b9dbeedcb62dfa7907041f0d,alchemy,infura,true,true,cases/ca2-61379f018c08925d7ecc.json,565f564e7b7ed2df702e112395289c09e92c73070a1cf9d0351e62c2202b09df
ca2-db4133161e8ad967d9de,shibatoken,bsc,c6d01456833e41fb7ec95288bb14c3f75643686fe1c267475cae32af32041d0b,cases/ca2-db4133161e8ad967d9de.json,e193162a3c85b391ca84c9cf77f87d9ef9ae9adc515bdb60376dfcda228b60b3,true,HISTORICAL_SNAPSHOT_VERIFIED,53ea8a2be13df85fec07524008f9b86dc71f284ab0020f5ea7cd1158bcbf0515,53ea8a2be13df85fec07524008f9b86dc71f284ab0020f5ea7cd1158bcbf0515,alchemy,infura,true,true,cases/ca2-db4133161e8ad967d9de.json,bc593f8ef3bad1bdbea8a4fe6cf372aaab360e7f147970833bac1b34f428bd43
ca2-0973b5638247f1875b62,shoco,ethereum,02c31c0b43043558d23b9c65faaa2aa4702d4fd6f2eb036e41616030b46563e7,cases/ca2-0973b5638247f1875b62.json,10471962a5b029c005e0c52673961f4a7f7ac867abc6e7dc0a40f9151442d2ee,true,HISTORICAL_SNAPSHOT_VERIFIED,48e257c534635a5f57d6867a36ff299b386fe0b410c69eadb45ebd2be0fcc4f1,48e257c534635a5f57d6867a36ff299b386fe0b410c69eadb45ebd2be0fcc4f1,alchemy,infura,true,true,cases/ca2-0973b5638247f1875b62.json,bbb8656fbbfe447fc14b5526134d8ec7702e35b5aa1f8fa2e3103d056e725a77
ca2-0f2e70bb64b6ee9426eb,silo_finance,ethereum,57e06095f237033ae4c792d119a46327320a45d9973d4712bcd1aae0afc39c87,cases/ca2-0f2e70bb64b6ee9426eb.json,0e9f020d45929cdf86a482b8a1023c247ffdc42766ba81efbabb9f88d5d81d4c,true,HISTORICAL_SNAPSHOT_VERIFIED,2d4dcef608a694a2680615e5ee913003202cf5ee430741c9b434e76b43bacd3a,2d4dcef608a694a2680615e5ee913003202cf5ee430741c9b434e76b43bacd3a,alchemy,infura,true,true,cases/ca2-0f2e70bb64b6ee9426eb.json,655663258684acaf9d9e5bc2233a541b10212bc8ce3d123b552d3d8e98a2829b
ca2-92a135a9bdbd676ee494,size_credit,ethereum,1ea600fa060b3e8b13fc6582e4d4f511ce424c7e7785096aeb418385f91c1a31,cases/ca2-92a135a9bdbd676ee494.json,4e4ce9396f563df9bb88cd4f88ac16f90427f64ac366af017ce4d7f3d542cbdd,true,HISTORICAL_SNAPSHOT_VERIFIED,47168e619eca9631e57cd985d302c7aaa581223bc497ab54a61805764bb4be04,47168e619eca9631e57cd985d302c7aaa581223bc497ab54a61805764bb4be04,alchemy,infura,true,true,cases/ca2-92a135a9bdbd676ee494.json,dc68137e96dd719bb5d7cc5b1901713d9f5dbd9e64a07fd711e8b2a07c69e791
ca2-f3e658093e457630a524,snk,bsc,6d3931a9c70287f2b30d15a1c1045df209808c487bf24a318d002845a7836d81,cases/ca2-f3e658093e457630a524.json,12d04dfabbf6c4ecc456b88716f4c1cd2b3bf29908487d2504ad8f3b35bc4812,true,HISTORICAL_SNAPSHOT_VERIFIED,8e9b617305bec51f1ad1f8e1e740b6943b65e98df9d8e99772b5e1e3a46ea482,8e9b617305bec51f1ad1f8e1e740b6943b65e98df9d8e99772b5e1e3a46ea482,alchemy,infura,true,true,cases/ca2-f3e658093e457630a524.json,c355581bd375a49fee603b7ad636e34126335193b92357469239e076e6e0ae24
ca2-c6799af1babe7f32f44f,snood,ethereum,9b083b13eb9c47a3c6d981c5cd0caed7788de8a33d3666f5614d54b66d4ac139,cases/ca2-c6799af1babe7f32f44f.json,6262bfd99b822cb5f48da38ecb4ef2054b7b3358e4ff8b0f183270f3368503d2,true,HISTORICAL_SNAPSHOT_VERIFIED,15dae27b6643b18af1579768467bebc24eaf98ac0bb0065a313d5be38dd83794,15dae27b6643b18af1579768467bebc24eaf98ac0bb0065a313d5be38dd83794,alchemy,infura,true,true,cases/ca2-c6799af1babe7f32f44f.json,0e661c668af92dae24e01b12a180a84945ee8b7e440e27c5b9a4baccf87be684
ca2-220124d062a8c71c63c5,socketgateway,ethereum,88d611a47773b404822c0b6822b7cd01a84a5cb003edc972277ad92b941b1050,cases/ca2-220124d062a8c71c63c5.json,a983e05b75a6905ce5a4e169af576c6cc248aa9f52563f35c3aff2236dc9e9fe,true,HISTORICAL_SNAPSHOT_VERIFIED,6727ee0d3c7b795d1d5efe374c58fd04fc1b2fe799e47d01ad9afa9781e7026e,6727ee0d3c7b795d1d5efe374c58fd04fc1b2fe799e47d01ad9afa9781e7026e,alchemy,infura,true,true,cases/ca2-220124d062a8c71c63c5.json,d744aab94fb8a79fb0b64d554e983eed0a12488721c428a308d1bbdb74d1939d
ca2-fdd7dce161154c375fb2,sorra_staking,ethereum,6c7a5c9ca90640fa458b8f0269edf96aaa83859f724c195a82f3f0c198572fb1,cases/ca2-fdd7dce161154c375fb2.json,6a77022573363fcbbbc44a7857d53deb1ce9098b37a2b12d437853db13641d56,true,HISTORICAL_SNAPSHOT_VERIFIED,c28426c6f0c6dc1d1c2913d9d5ab6d6b9c80d58676ca349aba68ddccf452fee5,c28426c6f0c6dc1d1c2913d9d5ab6d6b9c80d58676ca349aba68ddccf452fee5,alchemy,infura,true,true,cases/ca2-fdd7dce161154c375fb2.json,f7b3ef01c7856bc8d49a01fc9698c11d2faea6e7966dd72f3a22a333afb2dae7
ca2-ee23a7f09f8e25f5c7d9,spacegodzilla,bsc,8af5cf150f6954ba3d652b6d81a2cbbc2df5b20d84defba583a58b395b2c8798,cases/ca2-ee23a7f09f8e25f5c7d9.json,47f1ea2fc115554747314536f52c86dc9316e33821ce73e3d30682ef45fa98f4,true,HISTORICAL_SNAPSHOT_VERIFIED,dd22dea79ddc1fa633a86709042fd2e5ac298f4aacc99010ed7082f6243aeef1,dd22dea79ddc1fa633a86709042fd2e5ac298f4aacc99010ed7082f6243aeef1,alchemy,infura,true,true,cases/ca2-ee23a7f09f8e25f5c7d9.json,7c9ff9e69886b11a16a2911d92c632bdf1e86c66a33006ff2bb5bf1fb1da3435
ca2-f655d6375b3979edab38,spartan,bsc,b85e8d61a2d48e362477ab606a4e6af3952d92d496bbc1a880c56dbf930909fa,cases/ca2-f655d6375b3979edab38.json,f817027c4a98881f59be73267b9742200f7c81f63393dd0115d8cee7e34cbd32,true,HISTORICAL_SNAPSHOT_VERIFIED,f666eb4bcefa4548fc67122165349b14d766bae3beee8ecd95560ffd7db98a46,4e323fd2b03ab5e5e518a2012fcd0edb635f3df82334926cab6cc183e51e4e57,alchemy,infura,true,true,cases/ca2-f655d6375b3979edab38.json,82b58be2a1c975e87ee702ea63fe95eeabeb5bafef2ded89ff6928fd8c667aef
ca2-6996a5993263d8986598,spectra_finance,ethereum,464b8391979d9cc99539458960d39a250e1514a43e778c841846497d90f3b213,cases/ca2-6996a5993263d8986598.json,6e27e95c2cb24c42dff30e1291bac9eabeecc6a1df870fffef2690f21e381ffe,true,HISTORICAL_SNAPSHOT_VERIFIED,c84094b0fc0ad1f35086df712f700d8915d76282a7375131eadade5f91bd3cf7,c84094b0fc0ad1f35086df712f700d8915d76282a7375131eadade5f91bd3cf7,alchemy,infura,true,true,cases/ca2-6996a5993263d8986598.json,aae4254a11d5d216e4a4f6453ed4fcefb6a7bbde38893ded97c8a866b03f2a03
ca2-b7fe5ed86edfbd9edb3a,squid,bsc,d275d0debb6a07457eb8b1b9875b4da0f979fb92f4821527bbfd4398c3fb7cec,cases/ca2-b7fe5ed86edfbd9edb3a.json,3da82ab098aab811e199f11519e7eada78d90a248d8e33a92d2aede209b9cb7a,true,HISTORICAL_SNAPSHOT_VERIFIED,23e2609e32a0e1684881e5cdf8c4883558dafc8ec25c8885512a263e1c4dae03,23e2609e32a0e1684881e5cdf8c4883558dafc8ec25c8885512a263e1c4dae03,alchemy,infura,true,true,cases/ca2-b7fe5ed86edfbd9edb3a.json,9e75c18a5e201b7bd7db47fc288a8b440cd7e4bd976195ed488828f1ee6b2d4b
ca2-0062515827b6285930f2,starlink,bsc,13d3f5977321b201594983c20a53ad7436cbc1039bdd497b2f1be34c000b716d,cases/ca2-0062515827b6285930f2.json,785b101659cce6067671ad4a901ba17c86cc94f144fcfd7530ca66077a0fc17e,true,HISTORICAL_SNAPSHOT_VERIFIED,d00cbafdbbccf893c418a1bd44f32b7a5717f66ae51485656ae15c3d725854c5,d00cbafdbbccf893c418a1bd44f32b7a5717f66ae51485656ae15c3d725854c5,alchemy,infura,true,true,cases/ca2-0062515827b6285930f2.json,2dc0cdf61e3fa90a9982854e6f746fef35dfd45d8f3872ae5666f8330f7008f8
ca2-ca16a95de7b24c723e35,stepp2p,bsc,94a2d15c7ea012012365e691329fde0e724c4472ebd292d6b1e91649e1e54509,cases/ca2-ca16a95de7b24c723e35.json,91fb27364b442179c675d016986343f4762cdf74859d3d4aa37719469ad980cf,true,HISTORICAL_SNAPSHOT_VERIFIED,6279a04087095941c34f3e69fc27bf05069301504be1d461f12d32444172a740,6279a04087095941c34f3e69fc27bf05069301504be1d461f12d32444172a740,alchemy,infura,true,true,cases/ca2-ca16a95de7b24c723e35.json,791ecfc8659274dc78cd6fbdc5c0a3ac1fafb1681a17149c42525addcdf806e7
ca2-7f64659ac37a0996268b,sturdy,ethereum,aaef651d3c056024409200a7b23a23e582fd65b1f36d657462ab11078fcf2e2e,cases/ca2-7f64659ac37a0996268b.json,a0d52777bfc10872a2fd4caf5ba64d15beb6f3c2ad0d89533449dc980bbd7fc1,true,HISTORICAL_SNAPSHOT_VERIFIED,6f6cd78a11f60319387d29b99927be75789ae36e5bf4b9133e398d782d61872d,6f6cd78a11f60319387d29b99927be75789ae36e5bf4b9133e398d782d61872d,alchemy,infura,true,true,cases/ca2-7f64659ac37a0996268b.json,a68a6eb6805da6c2c50c3640e33d5d5b0fbf7f9765a8c889bf31aadca0b0fe9f
ca2-0583d91c7785bb31ad8f,sumermoney,base,9c59dc0da2517eb1bc5916efebc30226e3d610eca862943adf08aed14cf349b7,cases/ca2-0583d91c7785bb31ad8f.json,4474c4196f31ebadae9ba2ad43530b3484afa3f5b02f5c017d1380ff32e56158,true,HISTORICAL_SNAPSHOT_VERIFIED,20c82fe11682854956a558bc37a9a16d2ef005480d92a098f2194c13d41384b7,20c82fe11682854956a558bc37a9a16d2ef005480d92a098f2194c13d41384b7,alchemy,infura,true,true,cases/ca2-0583d91c7785bb31ad8f.json,d07326bd7b24708b4d7c601ab86863c214e78b6bd9a55ffb3e5879bf41505da1
ca2-b68f8de37da66632724d,sushi_badger_digg,ethereum,7c5cf7662a54d0ef577a97774cecc20fae864b91c9034339b87de64f98e7b297,cases/ca2-b68f8de37da66632724d.json,7f42f2e763142bae9de9841243b744bcb62df32e38d4178b7b767be0b591024e,true,HISTORICAL_SNAPSHOT_VERIFIED,c023bd42616969cd881d7f6869dff68c4a84d5b9dd76056aa3abd42ad1f9a6e4,c023bd42616969cd881d7f6869dff68c4a84d5b9dd76056aa3abd42ad1f9a6e4,alchemy,infura,true,true,cases/ca2-b68f8de37da66632724d.json,9956f19528b1d69c1b4a9c76693fa30dca095dcba286b618e881c839e01a0b7b
ca2-59fefab120e73557ebbd,sushi_router,ethereum,b772faf2cbe4ba593c4b311b58725afc9637486855d217d0ad4d528df6a73f77,cases/ca2-59fefab120e73557ebbd.json,bff531a3bccbdc4251320b21ccab7e2bb151b8a11129eba35dcfc78187fb87d7,true,HISTORICAL_SNAPSHOT_VERIFIED,c236b368d45b1f4193ac28fa6b819584fb41d80497dfe04d2ed77852e44d9ce5,c236b368d45b1f4193ac28fa6b819584fb41d80497dfe04d2ed77852e44d9ce5,alchemy,infura,true,true,cases/ca2-59fefab120e73557ebbd.json,58a2d74e9322b1e4f37c00480b1446fcdbe60fe5ecedeb16332d8513b5e02479
ca2-cc76e9ac975f3c46bb14,sushimiso,ethereum,85981d55c7b3ee0fa41c231d003738e85dcb7ebc41f402904070af59d03cc3f2,cases/ca2-cc76e9ac975f3c46bb14.json,2e76ebf3067fb6f919412e54535c63133eb7daf145dd21944ac906e4b5e5e53f,true,HISTORICAL_SNAPSHOT_VERIFIED,6f8f2ca4a127933b12236b212b3c376f48f0408541291df79b713deb19b45a3a,6f8f2ca4a127933b12236b212b3c376f48f0408541291df79b713deb19b45a3a,alchemy,infura,true,true,cases/ca2-cc76e9ac975f3c46bb14.json,f98d82987f9f0f122507fda18bc80c5d57537ba68efcf9e17c34c98d56b26ec9
ca2-7887a4e3ed471d877a90,sut,bsc,04a2d7c601088498514cf51821da5eb6afc9e775026512d48829bb6f673d3b85,cases/ca2-7887a4e3ed471d877a90.json,91940ca6e299dbdc04724a02f616e13c2f4b0afbf7b4cc634b57522ce50d15de,true,HISTORICAL_SNAPSHOT_VERIFIED,e6e78ce7f6bd3d7e1608f29c5836c6216dfdd80129c2a06e4188978309b00880,e6e78ce7f6bd3d7e1608f29c5836c6216dfdd80129c2a06e4188978309b00880,alchemy,infura,true,true,cases/ca2-7887a4e3ed471d877a90.json,c6c920c693b54d1426660466d3a9d754529cdaed363d1eba08baa04abd2353bc
ca2-7cd2beaa007600ae46b4,swampfinance,bsc,09427ee952ae323b0d2c3ff41987a57cf04d296f85442e4984d51f22ffc60ba0,cases/ca2-7cd2beaa007600ae46b4.json,8e1a3fca3baafedce9b342e3fa88eb73120f11713f606c37af500b1feb415f53,true,HISTORICAL_SNAPSHOT_VERIFIED,8e7ad528a4c738d5f1ae4a9c1019b44ba75febcc0658eba9687acf405a6f280f,8e7ad528a4c738d5f1ae4a9c1019b44ba75febcc0658eba9687acf405a6f280f,alchemy,infura,true,true,cases/ca2-7cd2beaa007600ae46b4.json,f6efb212e81a338347e0c0f1dace2fc53b2679d67b692ca6215652afcac3d9bc
ca2-01398b37f50bcbb8adc6,swapp_staking,ethereum,3f6469cfaf9dea54daca2ea7393ee0f78f139d63070de20abadb3ed1334785d9,cases/ca2-01398b37f50bcbb8adc6.json,8b64b8483fad8d708f23e17f174a5040284f4128b8c43549d4db4f6514ca277d,true,HISTORICAL_SNAPSHOT_VERIFIED,7076f08442e1e2c27e60b4cdddd1707c4e4f313b1370426b5edfe1ff0f02c9fc,7076f08442e1e2c27e60b4cdddd1707c4e4f313b1370426b5edfe1ff0f02c9fc,alchemy,infura,true,true,cases/ca2-01398b37f50bcbb8adc6.json,099d08bc9540e9d03363eb1b7b3fa22185c629123b8c30b94e4362cd39323c50
ca2-f459648a3f9405d0f148,synaplogic,base,a7a54d5d83186b8c3e73b5d993fa25286b1b54f8dcf26f78c26517dccbeed91d,cases/ca2-f459648a3f9405d0f148.json,0c944caedba2e2a622bfe8d7acb84f5b53354df73d466c32171236de8b6eeb1a,true,HISTORICAL_SNAPSHOT_VERIFIED,1421a610481729249a328175ed19022e71951873d5aa53cdd4bf934da52a5cab,1421a610481729249a328175ed19022e71951873d5aa53cdd4bf934da52a5cab,alchemy,infura,true,true,cases/ca2-f459648a3f9405d0f148.json,b762ac277618555eb467304d58178ddb012e1c0e2159caf4febcc65cc39eb57e
ca2-c2f4de8010f571d74d0d,teamfinance,ethereum,fb38f67b6760fdd0b39e7f3150fbced5104a07c85e86a00948ba46480222d99a,cases/ca2-c2f4de8010f571d74d0d.json,b0f1d3a741c6ab0c922933db6e46c11de785c557e6169bb361c9758fb63e2b76,true,HISTORICAL_SNAPSHOT_VERIFIED,1a3ff623ac26ca4288d675df63afe4edcd6f68fa44371751619bc78e0b296506,1a3ff623ac26ca4288d675df63afe4edcd6f68fa44371751619bc78e0b296506,alchemy,infura,true,true,cases/ca2-c2f4de8010f571d74d0d.json,140ae4d8c9f472108d80e3903e5419f7dd5fc06b6f858508a545972341493b51
ca2-a675d1938359eba4234f,tecraspace,ethereum,556637977fbe1acbd6a0cef5c534650cb545339e8cc7dcd94cee85ade3ead0e8,cases/ca2-a675d1938359eba4234f.json,56466c090a74d16e827bdd5b9712d9613df1e58319a0fd56471b210e19eb6c2b,true,HISTORICAL_SNAPSHOT_VERIFIED,7d38c5320de8cee125d6032ce93ec3f77987d57d5ad5774134d81e88776cd282,7d38c5320de8cee125d6032ce93ec3f77987d57d5ad5774134d81e88776cd282,alchemy,infura,true,true,cases/ca2-a675d1938359eba4234f.json,8a793f763bee05c678a7facfb7493aaa74068c489bcf56aa13cc60996f6552b7
ca2-e71c9a37159c80622f42,templedao,ethereum,b70bbaeeebf12b5a3eba3fc908a45a35cac04d21c2311f8a160a11c6a79d01e8,cases/ca2-e71c9a37159c80622f42.json,22d9f596884377f2d4b1d3a34f1aee9e4e3e41c6e5150ec6f99244c47abec30f,true,HISTORICAL_SNAPSHOT_VERIFIED,e80d1f6c527aa3584d787b4a5ef29f9cedb6792f8c9ae1cc46e7296fbaf09438,e80d1f6c527aa3584d787b4a5ef29f9cedb6792f8c9ae1cc46e7296fbaf09438,alchemy,infura,true,true,cases/ca2-e71c9a37159c80622f42.json,50b35d58a5a50f2cefe1b02d9bb95c1979ad137764cb261a68ae257259656051
ca2-ffeb7afe408bddf67264,tgbs,bsc,49aba57be1f1e1531c28ce19615aa8c2d33337c7a84329a3347f1050c7dcd209,cases/ca2-ffeb7afe408bddf67264.json,a394da4e1502a357ca20a4ee9d9181410e1c5c9fa7b034feb73572baec08dbb8,true,HISTORICAL_SNAPSHOT_VERIFIED,0434911e3ff597817e8bbf4da8e863e7e7e41d129981efbc74dc9d295272de8e,d3bde0e51cd5a292c49e262162dbf7bb2e11f7b98d448f6faae00adbb37ec079,alchemy,infura,true,true,cases/ca2-ffeb7afe408bddf67264.json,7db436c0419b099e307d123412f263217bf18a38c5e960703c94b0b53fe56788
ca2-ca903ea09549202fecb9,thenftv2,ethereum,f4caf9033d5eb09f793f6a2156c2dca67755c7fda2396af4246ad25433774914,cases/ca2-ca903ea09549202fecb9.json,6007781bb8b714459b688417fa1e06ee12a614d5c282cebd8c791afe8e9a25cb,true,HISTORICAL_SNAPSHOT_VERIFIED,f6fbc327bba8c0ebafee0896f71d1f88f96466390f2638b39ddbb95ba495011e,f6fbc327bba8c0ebafee0896f71d1f88f96466390f2638b39ddbb95ba495011e,alchemy,infura,true,true,cases/ca2-ca903ea09549202fecb9.json,fc97ba31e29f9b4cbc22e28bbfd84097926da893f49b5cf003ccd18331a09922
ca2-11258a259a94c2ae2ec5,tifi,bsc,3d082f59c35cfb41b24ccd9bd42d6e89c7d631fbfcd75cbc41cea064c81666a7,cases/ca2-11258a259a94c2ae2ec5.json,c28f90c79f35662126aceec91cc4f763013431504f62c0b66f8c0757b3ea6273,true,HISTORICAL_SNAPSHOT_VERIFIED,2001769616383e1f1ca5dabd1aa66397d3ecc47ea3fc28cca51185e2a6abda5d,2001769616383e1f1ca5dabd1aa66397d3ecc47ea3fc28cca51185e2a6abda5d,alchemy,infura,true,true,cases/ca2-11258a259a94c2ae2ec5.json,8effe7774af5017c3faf36b46528b6bf80ba0d2fb2db90a0a29c74ec56e3e2b1
ca2-acd1e6758fc18c6f0e76,tinu,ethereum,8a2c39f84f3d099a4c9d47931f16e461a53545c70d5849c686cb61e6e549ce17,cases/ca2-acd1e6758fc18c6f0e76.json,664464763546af2829f444f9423b32d37493ed39e1af2c8d02eb615606027311,true,HISTORICAL_SNAPSHOT_VERIFIED,ca82aa2bcef013da785b089334cc8c316fa26c9c0bdd0b23816db592191318d7,ca82aa2bcef013da785b089334cc8c316fa26c9c0bdd0b23816db592191318d7,alchemy,infura,true,true,cases/ca2-acd1e6758fc18c6f0e76.json,42806311f8f0d03166c5266ae61fa9d5c9a60e9f057638e85fef6cd2c22978c7
ca2-7d8bff5c879f84e09ee4,tradeonorion,bsc,3369490e2a6c985f0cfe4241ee114d51b41046c079071754f1ff248db5f431af,cases/ca2-7d8bff5c879f84e09ee4.json,17bb7f51055f4b4a7af552ce59ebcd32ec99c221dfd58ee244b1730313bd5dff,true,HISTORICAL_SNAPSHOT_VERIFIED,074d318c116ec6cf27605b1fd4875cb85dab6f81bc1fb71567f8e1f766b045e2,074d318c116ec6cf27605b1fd4875cb85dab6f81bc1fb71567f8e1f766b045e2,alchemy,infura,true,true,cases/ca2-7d8bff5c879f84e09ee4.json,5e5bfc82d8fac230433ad5493b792b6cf55490d44389a71803c834c5f32482e1
ca2-610c56fd6c594f9c9f90,truebit,ethereum,62d94ec7a359d236d702bb36cf66462252bf44a255ae37c1f0e983a2c67178fd,cases/ca2-610c56fd6c594f9c9f90.json,98ea42ecebe848417f8c09690868e44980c223988673c1600de0c8f45e6c5d1f,true,HISTORICAL_SNAPSHOT_VERIFIED,1a3ff623ac26ca4288d675df63afe4edcd6f68fa44371751619bc78e0b296506,1a3ff623ac26ca4288d675df63afe4edcd6f68fa44371751619bc78e0b296506,alchemy,infura,true,true,cases/ca2-610c56fd6c594f9c9f90.json,9bce8bc334d5fa058ac5cf387f7db53349aeb7fe6175b53aef82255275aaa769
ca2-55d26359a2d08ac915c0,trustpad,bsc,b77d287337b1bb9c8e60d4f74711823624b19944758139b5bf34c4ab6b718765,cases/ca2-55d26359a2d08ac915c0.json,a322655285d5b773e7ef5b7101a44218793c7ba67b132bf8986abee95a780d7d,true,HISTORICAL_SNAPSHOT_VERIFIED,15dae27b6643b18af1579768467bebc24eaf98ac0bb0065a313d5be38dd83794,15dae27b6643b18af1579768467bebc24eaf98ac0bb0065a313d5be38dd83794,alchemy,infura,true,true,cases/ca2-55d26359a2d08ac915c0.json,5d8578c383d2f7828c01e134127c5f594331df6861852f2e2b1efa2ce9702b37
ca2-cd8110008dfe201e0222,uearnpool,bsc,2f880a4e07360179b0033b8b26c2fe1fc1dc3bf4bec144cacdb34d389ad2e7b6,cases/ca2-cd8110008dfe201e0222.json,39fcfcf441f1f9c1dda910c13c48ad03470c72dd2a61ded797590fb9e974245d,true,HISTORICAL_SNAPSHOT_VERIFIED,349f714dbeaad0c4e0a80dfb198f0e0e4ea980b2075269fa551a3fa57aa31cd1,a7a56bf49f2212431a58d7a80f4bdc138e6df3064a7ce105279a0c638d324e30,alchemy,infura,true,true,cases/ca2-cd8110008dfe201e0222.json,6c64a4f4a5c5934928f09febe0ba6d4f3e2730644a93141fb8920924d59a346e
ca2-5d74bde6e71788f42085,uerii,ethereum,ccd004ac0136c9de39783a61198edfc8adb48856ddd173f45f0ea8fd6efa187b,cases/ca2-5d74bde6e71788f42085.json,89da2e4108e9b7e5a998e47b453b77d40cd02bf3d3003f227352d90e9f1f54a4,true,HISTORICAL_SNAPSHOT_VERIFIED,3f6fce87eddfcc070ce83909fec5e7119372816647bd3669b5534c081c90819e,3f6fce87eddfcc070ce83909fec5e7119372816647bd3669b5534c081c90819e,alchemy,infura,true,true,cases/ca2-5d74bde6e71788f42085.json,a2e1f8863cdff712f8120594d2c2f40209bd25ffff4456cb483e45d9a6cfb840
ca2-9ab8788d5d7ac2a3947b,ufdao,bsc,34891f0a2a97de62396b81e9691fff6a7065cd4efbce9efd0608e24cea5a3b9e,cases/ca2-9ab8788d5d7ac2a3947b.json,e8b8f1ee89bab91c65d5336ae5468bf31f5e123807d4d68a6e039f7a8fa37ca9,true,HISTORICAL_SNAPSHOT_VERIFIED,b7e35f7dd3f894f2809677d1b14a0f1994cac8e5ead73a599f1030469bba85a4,32bc758accd25f7e81454f0e7236d0cc7973bf8f13c88d8da78b1ec131b83e54,alchemy,infura,true,true,cases/ca2-9ab8788d5d7ac2a3947b.json,8cc1dbdb5626a6d000a50894477dfff0924c5de509bb92148a305e2801a84a2c
ca2-aa385c0e97d08a3f6364,ulme,bsc,200ea9b71679153729d42ec7716afce21d03d115cbd5006ca6b372d6567c329b,cases/ca2-aa385c0e97d08a3f6364.json,e4f53f6601a860b1266ad8a533d508d991292a99de3247809629b3b1cc2c367a,true,HISTORICAL_SNAPSHOT_VERIFIED,00ebf1e88abf3bd2fa8fcd798a7cc3db067a3322551c7a668ef844558bbc612e,00ebf1e88abf3bd2fa8fcd798a7cc3db067a3322551c7a668ef844558bbc612e,alchemy,infura,true,true,cases/ca2-aa385c0e97d08a3f6364.json,e1c0c9ebcf6f3d5c84466915ad60f3eee2d6b60a075fcf9b3a137489ed13bae3
ca2-96f365accfda88170b34,ulme_2,bsc,70c8268fe30e85aba563829a7bb9a53c965d9adf9a6c041d4d6dbe9ea8056831,cases/ca2-96f365accfda88170b34.json,9277ecad7b54903c8488af467e8d3c76fd9c60246958382206dd6174fd8b06ac,true,HISTORICAL_SNAPSHOT_VERIFIED,00ebf1e88abf3bd2fa8fcd798a7cc3db067a3322551c7a668ef844558bbc612e,00ebf1e88abf3bd2fa8fcd798a7cc3db067a3322551c7a668ef844558bbc612e,alchemy,infura,true,true,cases/ca2-96f365accfda88170b34.json,2cd471e22425402fd8b667fe3b39b7d7de53c360bb4ad0b3de1b87fb79cc19c2
ca2-e6ddbcb4d936397b6ffe,umbrella,ethereum,64fe4a714daac6e4ca103fb1a40879df46043538dca8c177522ceea7d67ba3f3,cases/ca2-e6ddbcb4d936397b6ffe.json,396b0b0436cf105fd78595387cdef9c793787b7e62a0f6310843383d39242213,true,HISTORICAL_SNAPSHOT_VERIFIED,177e1920c1656f86a8fc07fdd8f5394ae5f472eaea27a375504af4cd6696462b,177e1920c1656f86a8fc07fdd8f5394ae5f472eaea27a375504af4cd6696462b,alchemy,infura,true,true,cases/ca2-e6ddbcb4d936397b6ffe.json,76a356ce4087264761a1da4bd8d627af857072324830ec50426ea7ff6f9fb272
ca2-cfb8cf251b553eed2196,un,bsc,6e7980170cc25ea8387ef181ed2e12c8f67bd5a50b14db18b6019e0302bffc24,cases/ca2-cfb8cf251b553eed2196.json,c057fd3be03a0231c022dc3952d6568d40e466718d2a1cec3744e4c6be60e59f,true,HISTORICAL_SNAPSHOT_VERIFIED,d30a101fb8b5f39f11f650931070aacc9bd218dfd7a91cbecbe650cc9d828fbf,d30a101fb8b5f39f11f650931070aacc9bd218dfd7a91cbecbe650cc9d828fbf,alchemy,infura,true,true,cases/ca2-cfb8cf251b553eed2196.json,fc1753d7cf9f65565eaa7e427a5f3360b834a20f4392d8c825e90fa24fa5fd06
ca2-1579de76f9bed10399a7,uniclynft,ethereum,9185416d29d134e74b901a44341d971d7f61624d709a71513918d2be49e0d8c9,cases/ca2-1579de76f9bed10399a7.json,f9009aae9388631d4f43b298261f9162fa0b43fcbc28a75bcd7c668820136cb8,true,HISTORICAL_SNAPSHOT_VERIFIED,73523ab816830e3a09929f7b5e370a631281e9ef9e8991cf632dda17a6631414,73523ab816830e3a09929f7b5e370a631281e9ef9e8991cf632dda17a6631414,alchemy,infura,true,true,cases/ca2-1579de76f9bed10399a7.json,ee87523f5067a58ee6cb3b973386457373afea7f66178b8d34d562564ef8248f
ca2-f2fdba3be5c566aed586,unilend,ethereum,93b4ef05d1871343d3e7b689ff498af33418b55170758a912b1b7dad608fe98e,cases/ca2-f2fdba3be5c566aed586.json,0ef18b2f1f9b685db6a93e6e107ffe1945769e69e86aca04b14832a8e184dd6c,true,HISTORICAL_SNAPSHOT_VERIFIED,8a11968f289ba08e85bff6e770e869846b0ddabd87728881f57538d688a05724,8a11968f289ba08e85bff6e770e869846b0ddabd87728881f57538d688a05724,alchemy,infura,true,true,cases/ca2-f2fdba3be5c566aed586.json,8a3f6603e6d7ea6ccb99b244ef5541d71a93e500fe441221106c482449ce52a3
ca2-95b35bd7c797a707a0fe,unverified,bsc,2f274c9ac920e102e4b75ca8ec3e1727b8fd51e99d0ba5f56ad93effccbb79bc,cases/ca2-95b35bd7c797a707a0fe.json,6310c555a03de1bdd78efb729f63cfb1cf150c570623094b70132a0302813164,true,HISTORICAL_SNAPSHOT_VERIFIED,e880f94433ef502a46d65007bf3b4111a63def36351543d9d9ddca9633af9e3b,e880f94433ef502a46d65007bf3b4111a63def36351543d9d9ddca9633af9e3b,alchemy,infura,true,true,cases/ca2-95b35bd7c797a707a0fe.json,1d46370755fd9195255429dd0147e35b4015cc3fc0053b87dded5e74a1e420c7
ca2-2f2a6d7666820b172f1a,upswing,ethereum,6172eba4ed03724d1aed5cd51924b853d3952a0e3ff620bdfffabe0a2c4931d8,cases/ca2-2f2a6d7666820b172f1a.json,3240ddb27a5c13861642bf43c9752563abac8b4294b343a342ed624193089949,true,HISTORICAL_SNAPSHOT_VERIFIED,23f7483c885700eef53454560223e1b568e95be01ed9fae1a799b37f0b411271,23f7483c885700eef53454560223e1b568e95be01ed9fae1a799b37f0b411271,alchemy,infura,true,true,cases/ca2-2f2a6d7666820b172f1a.json,991a0ebc595cd2c18a6a8c082e0548fc59afcbab004d7766bd281c2d37bc50ef
ca2-36bcb163bd23551701cc,uranium,bsc,14a068420be0171e610cd49fbf50234247153a6729d41b05d827f3446e30225a,cases/ca2-36bcb163bd23551701cc.json,5ec115a2b2c83320d06dffbdc987a8d72a4a3bb3c56697573f20a9a00b25aeb7,true,HISTORICAL_SNAPSHOT_VERIFIED,65626978991e3d193e8fdbc533fef778ffa3874c50233422aec6e5c0f817acac,3edaeba924fb7288f024e2eeced189499036c223f05483844e0855c24f69bb4f,alchemy,infura,true,true,cases/ca2-36bcb163bd23551701cc.json,0e1c6c60e42a7be195779de7c95fbc53f8cfa0db3a14106cecd29189e7cfeeeb
ca2-8f2514150efc980c9183,usdtstakingcontract28,ethereum,e80d3615c2a0644529bf909aff42c618462552568d36652e228f0a98099392ef,cases/ca2-8f2514150efc980c9183.json,9cb66899cedd18cd72eef68829152603b6e39c14e97df4698f89bfffc725becc,true,HISTORICAL_SNAPSHOT_VERIFIED,781c6cb2bfdfda52ac927ad32a5ce2f0d4789c0b60ab5ab9240668e5d8e93c63,781c6cb2bfdfda52ac927ad32a5ce2f0d4789c0b60ab5ab9240668e5d8e93c63,alchemy,infura,true,true,cases/ca2-8f2514150efc980c9183.json,01c97b0fb934ae0fb49a6797d05d6607a134ade43c71a20ab76a4006ec5786e9
ca2-5168eea9714e081f78ad,usual_money,ethereum,cdaa80c9e3248e5eb33ca8ee8dbfda3224964b44d1a8db2d01b8ab3277eaff9d,cases/ca2-5168eea9714e081f78ad.json,627d18d22b1054bfd86ee75c5eae4b28e78d2f389f005ab3518a0db70f09d974,true,HISTORICAL_SNAPSHOT_VERIFIED,0cda4c849e22742b37cd06176c9b93ed6db09f3b7a1b40ebb4a63fbfeebb90f7,0cda4c849e22742b37cd06176c9b93ed6db09f3b7a1b40ebb4a63fbfeebb90f7,alchemy,infura,true,true,cases/ca2-5168eea9714e081f78ad.json,20619b8a1b8c5b4d5f8aca5a610302306454da40377a4f3f372b47481afb93ea
ca2-59c27a09402366528ab6,utopia,bsc,6c3890a22c296d1bc20126327454f1899580b3e6c74cf0703bd7c00cfb85fbd5,cases/ca2-59c27a09402366528ab6.json,2c48594ad0994812448d873560f5401bdc0b0f6b008a54e20456267dc488e855,true,HISTORICAL_SNAPSHOT_VERIFIED,521b9fc2e67d835e1f9b6755224120b86c378bb5839bc4f6a99adb4040e97870,521b9fc2e67d835e1f9b6755224120b86c378bb5839bc4f6a99adb4040e97870,alchemy,infura,true,true,cases/ca2-59c27a09402366528ab6.json,9c732858ba59401d916e6242c5d30030cb67c5249ee0683c14360de6ae5a7755
ca2-28984dadb4e195ff0adc,uwerx,ethereum,d4cb60b06701da589159fa164c9c7835916275d85a5c31b2784062dbe6805b09,cases/ca2-28984dadb4e195ff0adc.json,a389967b2fae4d4ae81bdf03cabc2c7804b042acbe218dd5a0acf415abb04cc4,true,HISTORICAL_SNAPSHOT_VERIFIED,f10cc2534ce606d7d7c6d650558606c37dad4c3915784d5a2ace4b8eea00b08b,f10cc2534ce606d7d7c6d650558606c37dad4c3915784d5a2ace4b8eea00b08b,alchemy,infura,true,true,cases/ca2-28984dadb4e195ff0adc.json,d6d08da0512c0b4700c60071024ff42a85fb5a303ea2ea07f050bcc686e2f59f
ca2-0687f6e05dc58457935a,uwulend_first,ethereum,ec6afcf442317f31bb1a3d015ed4b9c59740a2533c5bab163b71b20b6cc7a2aa,cases/ca2-0687f6e05dc58457935a.json,7a5b5ed34190ba71a01f7aa337429fecb1475b96ec1244697bd82c0d6b85e234,true,HISTORICAL_SNAPSHOT_VERIFIED,22c9eda9ff30848f7b18a07cfd2af2c4a00fbbb666cf636f2b35e8419d648af0,22c9eda9ff30848f7b18a07cfd2af2c4a00fbbb666cf636f2b35e8419d648af0,alchemy,infura,true,true,cases/ca2-0687f6e05dc58457935a.json,6e287f12a7f6bd7158c69370591fba44666883a3a0ffe87b66f4a5a820d5c0ae
ca2-93739b94fa0816bd6234,uwulend_second,ethereum,52c448f7cb1e5049fb9836c56d0835638563f68f7cf234a0dd1ad063045a157e,cases/ca2-93739b94fa0816bd6234.json,4a8ab733b7a05cf390fc0a62699c31cc09b6f149dee30f679d2ff66e907d5210,true,HISTORICAL_SNAPSHOT_VERIFIED,22c9eda9ff30848f7b18a07cfd2af2c4a00fbbb666cf636f2b35e8419d648af0,22c9eda9ff30848f7b18a07cfd2af2c4a00fbbb666cf636f2b35e8419d648af0,alchemy,infura,true,true,cases/ca2-93739b94fa0816bd6234.json,fda34f03723e81469761bb9aa1ccef8ba9340d51f3c21914dd1567f1354f6a2d
ca2-293982257dd654edb222,valuedefi,bsc,2c60b62de5e1cf1fc9eef2a764f937b21ae5224fa559df76c26198333c855a91,cases/ca2-293982257dd654edb222.json,5b85aa1cf33596b5d428b8c2b68595721c8e6e191a8df13af5410908729a4477,true,HISTORICAL_SNAPSHOT_VERIFIED,58587dda992c451ef882cc85e4318094c5f39544e0c2315d0e1daf377e346cb2,58587dda992c451ef882cc85e4318094c5f39544e0c2315d0e1daf377e346cb2,alchemy,infura,true,true,cases/ca2-293982257dd654edb222.json,6c4d1e4345819d231d72278aaf0b2b604bf32ae68b3dc0319d3bdfd67e064d30
ca2-b742b64a4c493234640e,venus_the,bsc,03b2aadc60bf97d8c44a87578329cb2b30ff6667658cc74be53bdc0d8556b2d1,cases/ca2-b742b64a4c493234640e.json,75a69d6b52185e62beca914db4d8c5bcf233bee609746dc02168254eda5a5486,true,HISTORICAL_SNAPSHOT_VERIFIED,44e9cefafd59d6457eefda89e576e855ea37e5da0814bca220cf602cd94779c3,44e9cefafd59d6457eefda89e576e855ea37e5da0814bca220cf602cd94779c3,alchemy,infura,true,true,cases/ca2-b742b64a4c493234640e.json,58b436dd664a8a442d7dfeccf4f36ebb20ddcdd7504ec0796667ee228dc96b19
ca2-a7021cd43eafc6f1fd33,veth,ethereum,3f2ccfce99aaa1616fa6785e18c64d56f28013b723043032b487d917ee428e62,cases/ca2-a7021cd43eafc6f1fd33.json,2d1eb4aeffb962742024a2e95f32a9388efe2094ebf76023fd4f9c0fa4ca263a,true,HISTORICAL_SNAPSHOT_VERIFIED,85f38c8c9091d658ccb6c9aa45b32f7a19bc4a27585625b9405e55ab4b73ae5c,85f38c8c9091d658ccb6c9aa45b32f7a19bc4a27585625b9405e55ab4b73ae5c,alchemy,infura,true,true,cases/ca2-a7021cd43eafc6f1fd33.json,6c186c7170fb45e8bfe819d2c924404c2afa44a91f3378f647059b9ca9c0d890
ca2-c5ce6bf171451010d578,visor,ethereum,d08591a5dd3a1fffc62ae223b2c65158e169d1e1253d1e2ccc56fa35dc2b5b7f,cases/ca2-c5ce6bf171451010d578.json,6090eecdd4f4295dde498efddfbdf826afee66fb1c449b49d90e0e8333814c2d,true,HISTORICAL_SNAPSHOT_VERIFIED,5a741c008984600b35f0929d7abd36f0c28ce51870f6584a3f13a5f743d22967,5a741c008984600b35f0929d7abd36f0c28ce51870f6584a3f13a5f743d22967,alchemy,infura,true,true,cases/ca2-c5ce6bf171451010d578.json,fc6452ccd5f8ac509c6b4350f74f4d990c75fc2adf5f73fce95f7a873c6060f0
ca2-7efff287d58605a4cc72,vista,bsc,c91db4694e87a410aa929588eec6f2baf6525c3764fe2072a6465e0624a2904c,cases/ca2-7efff287d58605a4cc72.json,b6587ca11d3118e7ed90f1b672d58bcbe00e7fbfcdf4dc34aa988817e1a7309d,true,HISTORICAL_SNAPSHOT_VERIFIED,360ee28eb239f0330d049902bdef17de92ec1310953a2716ccbf3d3969f43b00,1e58036203700c016e7de445fc5df7a6a66425cfc6c1b9ba2d11df1691193331,alchemy,infura,true,true,cases/ca2-7efff287d58605a4cc72.json,d1b3e6adb6f08d002e1552993b9e1f0d24f5871a78f0e77886a600803102caea
ca2-83e922a7f39b2bc4b4b1,vtf,bsc,7f68b466a0c9719623056ed79ccbfc22b018fe9d6513bfb2f4cf928b7d1bf7cd,cases/ca2-83e922a7f39b2bc4b4b1.json,04a911672ca228cdbf34aab3cd381a51f7f738419b4ab9f2ced8d84cabf61d9d,true,HISTORICAL_SNAPSHOT_VERIFIED,1244094a60c1ec5ccd35033b09ea928d257c9cf98c921df65dd128a4300cf822,1244094a60c1ec5ccd35033b09ea928d257c9cf98c921df65dd128a4300cf822,alchemy,infura,true,true,cases/ca2-83e922a7f39b2bc4b4b1.json,5516adbb40b224d91ee2a3dca39bba41770f9f96d4fc07aa3c90dec66a5b9163
ca2-f359ea85ce584fc54da1,w_key_dao,bsc,81fc3dabe769c3b7cb3f0514af0a833047cfb1b654e7ed3e98a041601edf210b,cases/ca2-f359ea85ce584fc54da1.json,fe71915eddc39a6a16c3db95e0fde8e6b8f14b12f880734b0eb010772aff317f,true,HISTORICAL_SNAPSHOT_VERIFIED,3eb1a515034d6c42e749943bcf0615b40b563d9a7249137c39dcfc4b753a584c,2afd9c79985b830e9c9ce749a016ecfc785c3e25b2f8108cb3ec35c254735d53,alchemy,infura,true,true,cases/ca2-f359ea85ce584fc54da1.json,6f673e382b6289dc23abe0ed6afb4ce81929f5d649f45e68678064e18e8cc0ba
ca2-76e88e5b8b6fbabe3012,wdoge,bsc,d76f0aaf526803d1a451d76c811bea0fe34bedaadd59bae8e1642aebf225d92b,cases/ca2-76e88e5b8b6fbabe3012.json,c583c6b50aaac5130b12bbe10d93f767d23f6eb312d81441fa7f91c24b578602,true,HISTORICAL_SNAPSHOT_VERIFIED,719449c891a314355d53c0b9c301a38de21a6236993c2c9da64bc37a706774c2,719449c891a314355d53c0b9c301a38de21a6236993c2c9da64bc37a706774c2,alchemy,infura,true,true,cases/ca2-76e88e5b8b6fbabe3012.json,a4a4f287c3208837ccdafd9884c4c4f233f82264eeb93ca86ca17225dff54625
ca2-c8f07b57035de6f92dd6,weco,bsc,5a2998fc63f47bd6c4e1ea3c74d0ade1c1f4624911e24a5713a78ae626349f7e,cases/ca2-c8f07b57035de6f92dd6.json,ea479db9bc9ae80dd6f0b80ee7bf4a8b3e98944c3466e632231b826026107767,true,HISTORICAL_SNAPSHOT_VERIFIED,dbb8287a6a9885acba35a3154bf5ea313c1d0df0aa5e4a72416945be449785e6,dbb8287a6a9885acba35a3154bf5ea313c1d0df0aa5e4a72416945be449785e6,alchemy,infura,true,true,cases/ca2-c8f07b57035de6f92dd6.json,8743a7c4f54dc795174f077d03b36ed92601e44ad74e7a654131fc8afe468b81
ca2-3ceb352e665fb61f7402,wgpt,bsc,7ee3d66ef417111832bd0c79b2e07cff75ba8b9c2cd6fd0f9e0c87fd73bfb31f,cases/ca2-3ceb352e665fb61f7402.json,0a88736a861ca6ab5ca5c961cdd881e555a7c512a49f149f8bf2b677cac9c161,true,HISTORICAL_SNAPSHOT_VERIFIED,118c519c8be2fe81794c73376bd2bd1be519ced6af20324d866b57d7f8ad83d6,118c519c8be2fe81794c73376bd2bd1be519ced6af20324d866b57d7f8ad83d6,alchemy,infura,true,true,cases/ca2-3ceb352e665fb61f7402.json,f0d39f6ee168a5c1877f925854cc000654f14e7e5284ac81bb05f7267ff68f03
ca2-616b55afdd61c6ca8b12,wifcoin_eth,ethereum,440d3194acd0d8cb3f05f87a2efba301dfbfe3113501fb74de8dab7167a0e154,cases/ca2-616b55afdd61c6ca8b12.json,ca2b37af2acf53e65a497c6113f6646c08ef14202cc10b2a750d461ccf69c3db,true,HISTORICAL_SNAPSHOT_VERIFIED,19e9bfd32dfc50dd6f4a8d4ea10e60156b3dc0c95ee1aefbfafda7190f75e7e3,19e9bfd32dfc50dd6f4a8d4ea10e60156b3dc0c95ee1aefbfafda7190f75e7e3,alchemy,infura,true,true,cases/ca2-616b55afdd61c6ca8b12.json,042721c445d46afb602ddb2b60fb40b58e7f3ca9e6ad4748fc52abbd77d3c50f
ca2-94a8114b86699da44092,will,bsc,743a998e3c9a6c5ac405b868588aa1e8764f6cb725536bd92e6d45cf9b3d9fe1,cases/ca2-94a8114b86699da44092.json,fa7fdc5715994b5331e01a46a967d2d7c540ac808edd2bfd3f29acdb8fa739ec,true,HISTORICAL_SNAPSHOT_VERIFIED,52270bb1d863d6d278fdd9f5646cba55d173a8c60afea1491f59263e4a46a2d3,52270bb1d863d6d278fdd9f5646cba55d173a8c60afea1491f59263e4a46a2d3,alchemy,infura,true,true,cases/ca2-94a8114b86699da44092.json,94c3568f8840c9d58dfab0caeba69a013618b23972004e537b23c9fd24587b9c
ca2-789b9d7c348037be1840,wiselending,ethereum,7075d49ec1a0572b44a7d62b8143c718e2e1a38fe15f349a2e117df8786c9755,cases/ca2-789b9d7c348037be1840.json,c1cf123e47ae53eba1c7acc4c85e80f8e0f584681c716b1186db40babe2c8436,true,HISTORICAL_SNAPSHOT_VERIFIED,f0d56c5c84130ad4fb6af97ed2313c42a35f64d512a2c0991ff70a71ea9d9348,f0d56c5c84130ad4fb6af97ed2313c42a35f64d512a2c0991ff70a71ea9d9348,alchemy,infura,true,true,cases/ca2-789b9d7c348037be1840.json,ac67233440b18cfe02d090f7941b9522ea09633ad90fab13ea01a571ed186e73
ca2-a8ad072cb3fd37a5cfca,wiselending02,ethereum,a8fcf9d3ae5ae80a796211587841574b88f94b0e8c0782ce1bf9a80625935dca,cases/ca2-a8ad072cb3fd37a5cfca.json,d76849ea05629f2ae713f4ce7bacee4497728f83d04709c19d75352c48228631,true,HISTORICAL_SNAPSHOT_VERIFIED,fa89b8bf4964d90ee118bcd2ada1d0120854b0c6fa6829a813784810794a5290,fa89b8bf4964d90ee118bcd2ada1d0120854b0c6fa6829a813784810794a5290,alchemy,infura,true,true,cases/ca2-a8ad072cb3fd37a5cfca.json,51d0312828b6a80d3048dd66e41822642a3f2d53f4f0fbe4557b5420428e85d5
ca2-fb44a0ed0d7b6f375c60,wiselending03,ethereum,a74aaedb566f28f31cbc95214daa9150043a5bf0d37af31fd4047a5f492b36c0,cases/ca2-fb44a0ed0d7b6f375c60.json,fccb91b317cdf54d775e85886c9e403f8e92d585eb0e585c5e870416714259e6,true,HISTORICAL_SNAPSHOT_VERIFIED,fa89b8bf4964d90ee118bcd2ada1d0120854b0c6fa6829a813784810794a5290,fa89b8bf4964d90ee118bcd2ada1d0120854b0c6fa6829a813784810794a5290,alchemy,infura,true,true,cases/ca2-fb44a0ed0d7b6f375c60.json,8272be845c40c2ed18abc4abad909661efb0e63347759edda86fd4804ade9a81
ca2-72ea322ccc16e3e5cbe0,wsm,bsc,c171493de3730687119fb8d6e6fa86969e2a19d16363601a15c7b7392b53ea26,cases/ca2-72ea322ccc16e3e5cbe0.json,634df84d80e94e89891eb782d7b95dcf7b4dd9eed3a6999bfa0baa81d5f2075d,true,HISTORICAL_SNAPSHOT_VERIFIED,4581f42bf56a8b8519f111ea50b3d0564c66faa2442f2e60d60a4dc864d7f35c,4581f42bf56a8b8519f111ea50b3d0564c66faa2442f2e60d60a4dc864d7f35c,alchemy,infura,true,true,cases/ca2-72ea322ccc16e3e5cbe0.json,d080df0ccf90278393ecdf066b8b87be3895eb79b8cab9ec72e2411cf3dc8b83
ca2-4c7dcc457e38b7cc78ee,xavefinance,ethereum,abf36c4f1bbd675491787e585e949aff95c1725f38068ab8bfa6adf38812eca6,cases/ca2-4c7dcc457e38b7cc78ee.json,d9ec6ebfba33c35bd1693320c0474449254f6296c2ec2357e1d063499a3a945f,true,HISTORICAL_SNAPSHOT_VERIFIED,0d5cd315908ff370c908fa6e9a0f802e6dac7955017799699693c52aa4a54516,0d5cd315908ff370c908fa6e9a0f802e6dac7955017799699693c52aa4a54516,alchemy,infura,true,true,cases/ca2-4c7dcc457e38b7cc78ee.json,7dc84dff8b7db3ef03fcf3122e137fb131d718b6aad22522135e39f1657da349
ca2-ed09542f8921c91cd3ec,xbridge,ethereum,1a87ddc7ae00c47bfd4a48fb1c777eb31e8846e5811e2df7466fcfe279d6e24f,cases/ca2-ed09542f8921c91cd3ec.json,ab3ff0bfc2ad6aaa27b56899f9d46a181091222487b873efb8a1b36d06dd56b5,true,HISTORICAL_SNAPSHOT_VERIFIED,f5c87c04106496ae36065ca7b5570f162bef0533893e616b70371c1c822888ef,f5c87c04106496ae36065ca7b5570f162bef0533893e616b70371c1c822888ef,alchemy,infura,true,true,cases/ca2-ed09542f8921c91cd3ec.json,217796f890550b8508534a363cb4b76d7c816ed2a5ee8bac7ae59066b6dbfceb
ca2-bf6bdd3510f2428b0575,xcarnival,ethereum,5702cb0509348c965070d3a8272e02e5b1764cfca68a8e7a47acf2038e7a48d4,cases/ca2-bf6bdd3510f2428b0575.json,d5f3d7d0750aac86e6e2a0211cfa3a1d6764074cbfc3b3d3fc16178e7a394977,true,HISTORICAL_SNAPSHOT_VERIFIED,2ec67b8001beb313c65050a9b9473623cf1bf5b52324e2030c04262dd0839e35,2ec67b8001beb313c65050a9b9473623cf1bf5b52324e2030c04262dd0839e35,alchemy,infura,true,true,cases/ca2-bf6bdd3510f2428b0575.json,50e5699ee826e85d7e00de5123094ec764f5abe19197a9c71b655eda5a166338
ca2-4cd0e024b3073b041691,xsdwethpool,bsc,99e32a59b88d934a33a10eace58cdd06184bb4ef4de2d642b4cf9c3bf8299ac7,cases/ca2-4cd0e024b3073b041691.json,c43903819b0e4f31aa310f1aacb8b67baba011fda1a1f255b8d34b6bc5fb775f,true,HISTORICAL_SNAPSHOT_VERIFIED,0b7ef67f1f75e96cb0dd3935851dba9e2c7a8c6e9b9a31a35a42ef170306c7db,aca918d33512e012eaa50a80122a9b094a35be1665fe091ee58b337245378bd2,alchemy,infura,true,true,cases/ca2-4cd0e024b3073b041691.json,006274cbd3c2ead85614eb1a9bedaceac5732206be68955ab86d8dc40355c710
ca2-5616b56d8b8cbc0a3ebe,xsij,bsc,d8a7b42e59aea8b8665172e71f226e0ac10657184fcba73625633eb088ed9f88,cases/ca2-5616b56d8b8cbc0a3ebe.json,c1eb9e36db2d6c36628e493225757c66430821836536e131b1410669b132c8a7,true,HISTORICAL_SNAPSHOT_VERIFIED,e0ffce0aef84edd39a9c34cb6ef378729c3807c6887e46aaeeb5ada44b88178d,e0ffce0aef84edd39a9c34cb6ef378729c3807c6887e46aaeeb5ada44b88178d,alchemy,infura,true,true,cases/ca2-5616b56d8b8cbc0a3ebe.json,29112630db782d0ed40a6cb4a00d5cfa16e853b6727dfa9e264c8354dc3249d1
ca2-3ce3786a7c84825faed0,xst,ethereum,6c5b41dd340ea49e9e27ac68a52c2438464b08aee737e904c6c846a779f22d84,cases/ca2-3ce3786a7c84825faed0.json,e74db30234ab1db1a1ac123266cc3f3181f6ca4c2f7673593ac69e47fb522d9d,true,HISTORICAL_SNAPSHOT_VERIFIED,840bacd4ce56fc0b1951953df7d5dd97370bac2d346e3adf0dc395ff3c7a0217,840bacd4ce56fc0b1951953df7d5dd97370bac2d346e3adf0dc395ff3c7a0217,alchemy,infura,true,true,cases/ca2-3ce3786a7c84825faed0.json,78470760970b622733f2d2a00415c2eca7aff3d85e9e3fc63fd9351acbd76df2
ca2-aa992d5980e00838b209,xst_2,ethereum,e4e1b4b150915eb38dc0ababe1cc32eefd1d7274e0441f0dc6b144408d293bdd,cases/ca2-aa992d5980e00838b209.json,c895f03e35aec17597523cff5e2295a435af57a863dc19f2bab172f0cb09840a,true,HISTORICAL_SNAPSHOT_VERIFIED,65261d15596c9a64233c9c0548240c69aa7cc84582f0ad1a5c4b8f6ffcb19982,65261d15596c9a64233c9c0548240c69aa7cc84582f0ad1a5c4b8f6ffcb19982,alchemy,infura,true,true,cases/ca2-aa992d5980e00838b209.json,6c4f7b55d8bb0d256e829798adc0372ccfaa9cc14d31647ac6a6c87978a75f32
ca2-f4c153bbeb9c3fff7e54,xsurge,bsc,aafd59c58dc80104b88a332f1da552414bce3872766283c8c98102a80141d67d,cases/ca2-f4c153bbeb9c3fff7e54.json,77a0ba79e1752ce79cb6880dcedd81fca37a534282a4c3895267bee8aad4fe62,true,HISTORICAL_SNAPSHOT_VERIFIED,20197af4d8d69530eea0f8d7ae26eace418af8c92d04adbd7cc1568e3328c289,20197af4d8d69530eea0f8d7ae26eace418af8c92d04adbd7cc1568e3328c289,alchemy,infura,true,true,cases/ca2-f4c153bbeb9c3fff7e54.json,4062423e09c0fcfc6493d073c9f843429379fc3e0d8eeb305be0c23e438099a9
ca2-42dc2e766a267767f0d8,xwin,bsc,7fb747835f06f34084c7eb29c9755622599650570a8da69c19af3ac18f3d5634,cases/ca2-42dc2e766a267767f0d8.json,f812e6b64a73e8e2fc98a4df567ee6a9a25402c9311084da535af0badf6587cd,true,HISTORICAL_SNAPSHOT_VERIFIED,7760796106b13ec3cd005ebd95bbdee201c27f852a5d2939eb62b4177e32566e,7760796106b13ec3cd005ebd95bbdee201c27f852a5d2939eb62b4177e32566e,alchemy,infura,true,true,cases/ca2-42dc2e766a267767f0d8.json,9f21e73cc160ee99d7138ffd823cdb9baa4eb29a7059d78a2ffb3f763dd78436
ca2-b6eef501c6bfb6ae40e1,yearn_ydai,ethereum,6bc8dd92fa2e4e33c0e3cbed301ec9e197f9890d9c95efa220fc1c5c0ec88dfe,cases/ca2-b6eef501c6bfb6ae40e1.json,a9e374d42b646a801bc69ac9bdc4aa60ad6a6e7c58db3fcaff97cc22f69206d3,true,HISTORICAL_SNAPSHOT_VERIFIED,619fbd31a3c8c7f034b8aaff713dbccccc3c591fbf3333e6eb3ac5f68eae7c5e,619fbd31a3c8c7f034b8aaff713dbccccc3c591fbf3333e6eb3ac5f68eae7c5e,alchemy,infura,true,true,cases/ca2-b6eef501c6bfb6ae40e1.json,9006a534980ba8c8803bdca3326a7537f4e07c2c7f90b2a2b0fd2f293322bd1e
ca2-6b709bd598843f9b172a,yearnfinance,ethereum,adc3ecd2c1b19fcc449222fed3e5c2342142f2a746587cb754da1acf7c104935,cases/ca2-6b709bd598843f9b172a.json,748479a9de0ac5c39f3c1200f5404fafc1866c4760bebbda523e3e9aac9ecd5b,true,HISTORICAL_SNAPSHOT_VERIFIED,c331c635a1bde6d909ec1f4f6e52ab28228c679563180438e4ca777d1ab15b58,c331c635a1bde6d909ec1f4f6e52ab28228c679563180438e4ca777d1ab15b58,alchemy,infura,true,true,cases/ca2-6b709bd598843f9b172a.json,73f804253d2e62438a361567c4ab2db6442500cbd009cbc3295639a5250d3f02
ca2-b9b0485322ceb6ce33a3,yodlrouter,ethereum,b44b3b619bceeb163adfe9d02c26137768dd55da0d7c47ebe1b1ee4ec822a0fa,cases/ca2-b9b0485322ceb6ce33a3.json,4764721889fb8a5b4fad7dbe68df1e3ce88a3557acefd4712bea9aa92698b8d5,true,HISTORICAL_SNAPSHOT_VERIFIED,6553fc597a88ac1753b42f0dbc26d06d6a31070b7dd1e85fcb4d3acbc185d3f2,6553fc597a88ac1753b42f0dbc26d06d6a31070b7dd1e85fcb4d3acbc185d3f2,alchemy,infura,true,true,cases/ca2-b9b0485322ceb6ce33a3.json,3c65296d7bae31ea88089cc749650311cca19a2944987d4c29b4aafac5b5c516
ca2-3ae6d0e93f222f7571b2,yzi_ai_token,bsc,9de79290a052466d56d64092cc8f5295641bc97084cbc0fd5f477dad272cad49,cases/ca2-3ae6d0e93f222f7571b2.json,5a00f5e3efe77d4643342c42bde92069648a08a50115b4cbe3c3dcd88d321a01,true,HISTORICAL_SNAPSHOT_VERIFIED,40d8f31f19826de82a7e8153d46fceea70e0b1ef5e3e2cfe77c6eaa0b464f318,40d8f31f19826de82a7e8153d46fceea70e0b1ef5e3e2cfe77c6eaa0b464f318,alchemy,infura,true,true,cases/ca2-3ae6d0e93f222f7571b2.json,7f5097517bf328d0c94328d7a98ee048c89a13fe31dcfa18e04c405327825648
ca2-a5caf2554c14b71cf9ef,z123,bsc,e7d9ad3f71412ec08f3d1eed98e032115f0a0475baf08883da0f72f1da597709,cases/ca2-a5caf2554c14b71cf9ef.json,16df1dee3009333019871043a0376302639ce7c547f0b71af0afffa802010c18,true,HISTORICAL_SNAPSHOT_VERIFIED,8cec096e397b36e19c6d25765ff5ca229bfd52811202ce549b4ff604c2e36cd9,8cec096e397b36e19c6d25765ff5ca229bfd52811202ce549b4ff604c2e36cd9,alchemy,infura,true,true,cases/ca2-a5caf2554c14b71cf9ef.json,3cbd2a93c70728b029b8ebf56593422b319cef4bd88c1c525543edf90b3495b3
ca2-8accf6f062f57db1f918,zeed,bsc,e99daf58d31ea0390ac06012c2092a8980f60bc039f3097e652d9bd4dfa669da,cases/ca2-8accf6f062f57db1f918.json,a5968cf0c9414e7024ac7930cd22f49c4328142f02b8df2330a89cb930d0cd22,true,HISTORICAL_SNAPSHOT_VERIFIED,775746ecc4175112dea621b8dec4529d6dc0709b58c8e731379b8c322ff3a230,99fe8d3f00bc61ef712050fd77a68200e8b084d18a8df4d36cf0dc4f6099cd93,alchemy,infura,true,true,cases/ca2-8accf6f062f57db1f918.json,2485f12f5e0113e5581fb18de2c0c7f2fbc93e712299941451ac288ae48c0b8a
ca2-50a6237be75e1de28124,zenterest,ethereum,04637454fd3ecb6b66fe56cf21f242e663d90da7ee5f0d04848856a6ec597c55,cases/ca2-50a6237be75e1de28124.json,9ac0c40a3972a3d09531aced96186c5fdf62eceb69476c0c5e2f83ec98d707e2,true,HISTORICAL_SNAPSHOT_VERIFIED,91f02ccaad9a2ab390311d4c6402540fe03170938f3df5714178490718d7d616,91f02ccaad9a2ab390311d4c6402540fe03170938f3df5714178490718d7d616,alchemy,infura,true,true,cases/ca2-50a6237be75e1de28124.json,50bd3fb5f1743f51a55df863ba30c8338d6553c5e49e4f42a89d46e28fc3d521
ca2-2f4322a54fd6caa407fe,zs,bsc,a38b6a136d4241355bed939e10a92c9ac4d862be89e9544cc33ae3b16a952790,cases/ca2-2f4322a54fd6caa407fe.json,f5eaa09b54d8922ad2194790ccd75d6ffd1aae000346bc86533e5ab31f9fd842,true,HISTORICAL_SNAPSHOT_VERIFIED,3f72932712748422f2903d04907e193e16ae9ed5817613cfa08dd26fc9a09b71,3f72932712748422f2903d04907e193e16ae9ed5817613cfa08dd26fc9a09b71,alchemy,infura,true,true,cases/ca2-2f4322a54fd6caa407fe.json,f8e15d398a540be17ae4073352801cad4f43ae1589befc5d90271d2045b47b27
