case_name,chain,positive_deployment_time,positive_prediction_cutoff_time,positive_record_sha256,admissible_deployment_start,admissible_deployment_end,existing_pair_count,maximum_flow_allocated,controls_required,minimum_additional_distinct_slots,require_new_chain_address_identity,require_deployed_by_positive_cutoff,require_pair_specific_cutoff_covariates,expansion_status,selection_authorized,expansion_requirement_sha256
- ThoreumFinance,bsc,2022-07-15T08:07:01Z,2022-07-16T08:07:02Z,dfa4aef158bd4972021310fe0d519091c19833b9e5b471250c960835b542bc17,2022-06-15T08:07:01Z,2022-07-16T08:07:02Z,14,10,10,0,True,True,True,NO_DEPLOYMENT_SCOPE_DEFICIT,False,b526e4afebab25baf199f68e6f258503f2019449617ccec22d79797b7ea5adb6
88mph,ethereum,2021-02-16T23:53:03Z,2021-02-17T23:53:31Z,2629b6ee7c838077f1f29fb9429d675c86631d17efb9a24ba7d8ad93922095c2,2021-01-17T23:53:03Z,2021-02-17T23:53:31Z,1,1,10,9,True,True,True,HISTORICAL_DENOMINATOR_EXPANSION_REQUIRED,False,b59eaaaf9996e180ab936100f454d84f25ac2c5d65b75f9b599dae5324d3302e
ATMBlindBox,bsc,2026-03-18T10:56:43Z,2026-03-19T10:56:43Z,d8d5967d5608e5c8e2a53aab265ac0ec1e9d64f4efa7b4e72d542c0f9e339009,2026-02-16T10:56:43Z,2026-03-19T10:56:43Z,1,1,10,9,True,True,True,HISTORICAL_DENOMINATOR_EXPANSION_REQUIRED,False,19ae50d4a3dd328571241cf391e4cd7a391f513f89661cced057393833817219
ActivePoolUrgentRedemption,ethereum,2025-05-24T00:29:11Z,2025-05-25T00:29:11Z,abd25540a97ecd8821a31924cdc75d6bf7726ec4d77830b61ffada53ce291a48,2025-04-24T00:29:11Z,2025-05-25T00:29:11Z,60,10,10,0,True,True,True,NO_DEPLOYMENT_SCOPE_DEFICIT,False,8cdf60db13a7f079f03b0dfdf468f80e370401ecd50f7904f4b5ed2260f14b5c
AutoPooledTradingBot,ethereum,2025-08-01T15:49:35Z,2025-08-02T15:49:35Z,e3ab881333d3652114392f43a6735153a72fb6ca7bde71da91738114361235a4,2025-07-02T15:49:35Z,2025-08-02T15:49:35Z,72,10,10,0,True,True,True,NO_DEPLOYMENT_SCOPE_DEFICIT,False,134e8b6899d7b1346601ba46cf98ce78d10b0458f5433070fa836d5dbb285093
BaseBebopSettlement,base,2024-12-19T16:49:51Z,2024-12-20T16:49:51Z,c70e1d9ef20130fc5eba1ec028347a70f6b160976d0bb9066b68862c6b657805,2024-11-19T16:49:51Z,2024-12-20T16:49:51Z,0,0,10,10,True,True,True,HISTORICAL_DENOMINATOR_EXPANSION_REQUIRED,False,fa584224f158f49d4e59639c625e312192ee010d1f301053be6897b8f246ea03
BetaPresale,bsc,2021-04-14T09:12:04Z,2021-04-15T09:12:04Z,0cbae76831286ed087ea802f65d13ca181e3513049dc728599e9974501d4d9c3,2021-03-15T09:12:04Z,2021-04-15T09:12:04Z,4,4,10,6,True,True,True,HISTORICAL_DENOMINATOR_EXPANSION_REQUIRED,False,0c7e63d76a80e95da23b377d8a552d4b51c5eb2d0f99554ec8f35b75642f3455
BitCrown,bsc,2025-06-07T18:22:23Z,2025-06-08T18:22:23Z,ebc7555ba7b4efe56b82ae2bd5616115764fd7026c9e7693f16eba318f336759,2025-05-08T18:22:23Z,2025-06-08T18:22:23Z,3,3,10,7,True,True,True,HISTORICAL_DENOMINATOR_EXPANSION_REQUIRED,False,4206dd16e7d8949c49edb5c23cbe20b2f153f7d2bd60ba5717906bb79b350542
Bitallx,bsc,2025-05-14T06:01:07Z,2025-05-15T06:01:07Z,30d6b4463de7caae42243bec4fbcc8a3fefa0aa34d3ebae5235b784af1564d7c,2025-04-14T06:01:07Z,2025-05-15T06:01:07Z,2,1,10,9,True,True,True,HISTORICAL_DENOMINATOR_EXPANSION_REQUIRED,False,da416697654cb3a5fbe7aa4395814517fd81629f63eb2f6702898da171d9e05c
CookFinanceIssuance,bsc,2022-03-16T06:25:27Z,2022-03-17T06:25:27Z,2db3322732d45101782cd8d538c8da18fca1d2c2fe31899fd02a9f561c47ff0c,2022-02-14T06:25:27Z,2022-03-17T06:25:27Z,27,10,10,0,True,True,True,NO_DEPLOYMENT_SCOPE_DEFICIT,False,a48d2dd3d9ab0d041c84d4232169c78379441e00b8fab1f3df34b4abf65925a7
Crosswise,bsc,2022-01-11T19:27:02Z,2022-01-12T19:27:02Z,ddb3ffcf89afcc6c50ee1ac07e9f2bbfa8971a95217fb5f5c4bdb1f8463c7cf2,2021-12-12T19:27:02Z,2022-01-12T19:27:02Z,25,10,10,0,True,True,True,NO_DEPLOYMENT_SCOPE_DEFICIT,False,83fe3325a76216f2edb15d9383b9806c4b2ded46cc8e865e0324f9201f5a0c50
DEXRouter,bsc,2021-07-15T13:36:57Z,2021-07-16T13:36:58Z,48ad2d5312ed9f6fdd72e85ebb695782651a1ceaddda708dd4196cd78a8d56c5,2021-06-15T13:36:57Z,2021-07-16T13:36:58Z,18,10,10,0,True,True,True,NO_DEPLOYMENT_SCOPE_DEFICIT,False,9663009c297db2c77ca5d0649335b19c410b22e2179362494af838d553825784
DLMC,bsc,2026-04-27T13:18:52Z,2026-04-28T13:18:52Z,5a4093c2b1cc9ed99a4a1cc883508ce0c3835d8ac92d42826abf427d63b536f6,2026-03-28T13:18:52Z,2026-04-28T13:18:52Z,7,7,10,3,True,True,True,HISTORICAL_DENOMINATOR_EXPANSION_REQUIRED,False,d876e38d3bb3acad5300fbb6ca1dd0267f5f114e2dc7690cc88053da07d02ce9
DogeAlliance,bsc,2021-11-02T07:41:46Z,2021-11-03T07:41:46Z,08d999ddbcb67ad857d2306ec6db7d6e1ee062a3b3c550dab33c7a7e234add48,2021-10-03T07:41:46Z,2021-11-03T07:41:46Z,18,10,10,0,True,True,True,NO_DEPLOYMENT_SCOPE_DEFICIT,False,93ff807023d6c8153a05a6e61f6fd34650f97d95a414f8cae0a5258aebead943
Dumbo,bsc,2022-01-20T12:58:07Z,2022-01-21T12:58:09Z,5cfb02362fdb4a974a62bddd6cee6a527df6c648ae9f03834fa00e4574a28d46,2021-12-21T12:58:07Z,2022-01-21T12:58:09Z,29,10,10,0,True,True,True,NO_DEPLOYMENT_SCOPE_DEFICIT,False,1906e884d49387e6efe1d8ba5e23033efd891bc236008469d4da27273506bb30
FlyLong,bsc,2023-11-28T19:17:34Z,2023-11-29T19:17:34Z,183ad10d95bba0e43a39bce45c4cf288e8ef1a830d201a6df0002988523dd6a1,2023-10-29T19:17:34Z,2023-11-29T19:17:34Z,9,9,10,1,True,True,True,HISTORICAL_DENOMINATOR_EXPANSION_REQUIRED,False,2913ef531ed5f17ba309808b15fbced32f90847f739a4bb50f2e445a60258673
GMT7,bsc,2025-02-07T12:45:18Z,2025-02-08T12:45:18Z,9ffb7fd94a47df6fca54d3cab65a625a61c230ea31c2c316e06c68229de494c6,2025-01-08T12:45:18Z,2025-02-08T12:45:18Z,3,3,10,7,True,True,True,HISTORICAL_DENOMINATOR_EXPANSION_REQUIRED,False,4b95e64a50f5cbcf3270f1f7e59a7a6e4b4e0d35481f885553c731a952f8ea72
GiddyVaultV3,ethereum,2026-04-20T22:05:11Z,2026-04-21T22:05:11Z,4d33eef3b7210a17a13866aefc5356a637f21d8754b856403de7baea758bd793,2026-03-21T22:05:11Z,2026-04-21T22:05:11Z,89,10,10,0,True,True,True,NO_DEPLOYMENT_SCOPE_DEFICIT,False,52a9e1ef1c743b9f0dc070ad73a4ce700c320eafe58e01d594804bc26322fa80
GoldReserve,bsc,2024-12-27T15:13:06Z,2024-12-28T15:13:07Z,8636307993b1f4081e9430a1a0ac904ef6be8b7c04caf3ad4cecbc6e267212d3,2024-11-27T15:13:06Z,2024-12-28T15:13:07Z,1,1,10,9,True,True,True,HISTORICAL_DENOMINATOR_EXPANSION_REQUIRED,False,4210fe0ef8995ada53203d2ae2b2c43ab077ff8361a959ec10ed10bc87691728
HORS,bsc,2021-05-12T02:56:01Z,2021-05-13T02:56:01Z,30b7cc594e6a84d1e17a2b59e70e6e1f6f8c153c59acfc852da19a6a4d114b22,2021-04-12T02:56:01Z,2021-05-13T02:56:01Z,7,6,10,4,True,True,True,HISTORICAL_DENOMINATOR_EXPANSION_REQUIRED,False,51e999929d22d8b8282c2a192a672d83e9fef4edd5857906425550efa4f0cb62
HoldSafe,bsc,2025-03-14T16:16:22Z,2025-03-15T16:16:22Z,787b1b93ea90662135e33f33fce86b1e0eb3ff99698c01f615ebe62d7db09a68,2025-02-12T16:16:22Z,2025-03-15T16:16:22Z,2,2,10,8,True,True,True,HISTORICAL_DENOMINATOR_EXPANSION_REQUIRED,False,dc97141a0fb07c986557a7454908e6c994b6ef3fd72a743f70a6cb738df68226
JUDAO,bsc,2026-01-17T00:52:05Z,2026-01-18T00:52:05Z,1b0029312f1022002e01c697115348c4bcdee56bf4f43f2eb01c8f1b5648b60a,2025-12-18T00:52:05Z,2026-01-18T00:52:05Z,8,8,10,2,True,True,True,HISTORICAL_DENOMINATOR_EXPANSION_REQUIRED,False,ad431b97e39a69061ace6197378b01dc8697fc62ab03bd8a94628359c1f63b47
JuiceboxREVLoans,ethereum,2025-09-12T11:39:47Z,2025-09-13T11:39:47Z,d8a0bfcedc40340ab2cdf5e0a95bda9d646ac9511900f76db60d1b5fd4b61989,2025-08-13T11:39:47Z,2025-09-13T11:39:47Z,64,10,10,0,True,True,True,NO_DEPLOYMENT_SCOPE_DEFICIT,False,e2161f11c6e88a21e2181bf817b7dab72faa12606fe66dd0cfe595b3faa85eca
LBP,bsc,2026-05-07T01:57:51Z,2026-05-08T01:57:51Z,20a66a1b2c8b714879f5f06f6114ced2026e9e218e34403b84f453d5965019a3,2026-04-07T01:57:51Z,2026-05-08T01:57:51Z,13,9,10,1,True,True,True,HISTORICAL_DENOMINATOR_EXPANSION_REQUIRED,False,aac42dfcc1b07d4d7caa488df9b154ec67f1935014907d70c97fd2b0185d25b5
LeverageSIR,ethereum,2025-02-20T15:32:59Z,2025-02-21T15:32:59Z,0f542ebcf037052e08eb65cf03fe5dd93333c897336477a9fdecd74d4dc3cfd0,2025-01-21T15:32:59Z,2025-02-21T15:32:59Z,23,10,10,0,True,True,True,NO_DEPLOYMENT_SCOPE_DEFICIT,False,1ccfd666c8ba3fc725a4b9cf18b4ce59ba9566d7346d3d843341a4ccee497def
MEVBOTa47b,ethereum,2022-04-01T10:59:44Z,2022-04-02T10:59:44Z,c565bd157bd7a51498b337bd32c27d4e1315105be27e3fb1e5b6dc5bdf3c5945,2022-03-02T10:59:44Z,2022-04-02T10:59:44Z,0,0,10,10,True,True,True,HISTORICAL_DENOMINATOR_EXPANSION_REQUIRED,False,7d90b3ff4a890fa7a4b3442a6445703ed0f76958c2a4ab203ce1f3362a40bd1c
MEV_0ad8,ethereum,2020-05-07T04:25:30Z,2020-05-08T04:25:53Z,b466f693c43ce601afcabdf3e36cfc20ccca5634264a2689863ec67636127b89,2020-04-07T04:25:30Z,2020-05-08T04:25:53Z,0,0,10,10,True,True,True,HISTORICAL_DENOMINATOR_EXPANSION_REQUIRED,False,06c0ffc7d7c84847ee925b385bbd60ddafd0782805037175c7ac351bf9cdaf3f
MFT,bsc,2024-11-10T05:45:59Z,2024-11-11T05:46:00Z,035a5ad4c06e35e009d600e1896f341cc263e6ef3fc1ca6e40a9b098fbd4e174,2024-10-11T05:45:59Z,2024-11-11T05:46:00Z,3,3,10,7,True,True,True,HISTORICAL_DENOMINATOR_EXPANSION_REQUIRED,False,443eb29ce5e659dd0af5d800cc0a93bee9fb69920e5ddc8e014ed74c5de8c9d3
MicDao,bsc,2023-10-07T02:28:33Z,2023-10-08T02:28:34Z,4008f85e84c68de3fcd917467fafb06274b9c8b47787e74daade81e474423daa,2023-09-07T02:28:33Z,2023-10-08T02:28:34Z,3,3,10,7,True,True,True,HISTORICAL_DENOMINATOR_EXPANSION_REQUIRED,False,5fbf1916b47d547b4a25672e4dfea0164359d30dccae4a0ff68d9323dd5807b8
MyCoinMaster,bsc,2025-07-25T10:26:41Z,2025-07-26T10:26:41Z,d7318be3b99447ab2609b19de402197cc9805c55a716e6300d652a2866a1cb07,2025-06-25T10:26:41Z,2025-07-26T10:26:41Z,4,4,10,6,True,True,True,HISTORICAL_DENOMINATOR_EXPANSION_REQUIRED,False,e965b1d992e0a764c5072e0be82f1c85956bd95e6c5137b7f8365e7a03bdf851
NFTG,bsc,2024-06-23T10:25:40Z,2024-06-24T10:25:42Z,c77e7bab938efd3f6dbb9fdd1816ebaea4ca19a913372399d234b3c62582aa5e,2024-05-24T10:25:40Z,2024-06-24T10:25:42Z,3,3,10,7,True,True,True,HISTORICAL_DENOMINATOR_EXPANSION_REQUIRED,False,19f132db579ae58398dccec51cb1bbaa6bb32606359ec65aefdac001bb08ad9a
NGP,bsc,2025-09-08T01:47:01Z,2025-09-09T01:47:01Z,0dedbd41dd3950494c0953e493a3a98942239d7960c35cd3fe28f9b5d00d1cd4,2025-08-09T01:47:01Z,2025-09-09T01:47:01Z,6,6,10,4,True,True,True,HISTORICAL_DENOMINATOR_EXPANSION_REQUIRED,False,d847f9208856ddfd57f304fa07e792f59dcc9ad0fbfc49071aa42eda2170df27
ODOS,base,2024-12-30T02:07:57Z,2024-12-31T02:07:57Z,7bb61ab16d2c595789d20cd6b6bfd4d7761e1bffe3dbee2dc1f3cfcaa1ab39d8,2024-11-30T02:07:57Z,2024-12-31T02:07:57Z,0,0,10,10,True,True,True,HISTORICAL_DENOMINATOR_EXPANSION_REQUIRED,False,560629e1a8ef0be0c45b051e8a4948801c9392a7495d2f79e1b1666e3f35665b
P719Token,bsc,2024-10-09T12:15:26Z,2024-10-10T12:15:26Z,24caf01fe1b831cfb8015fd00d0b30b6e9dedb9afd227644d28589acc32ddad1,2024-09-09T12:15:26Z,2024-10-10T12:15:26Z,10,10,10,0,True,True,True,NO_DEPLOYMENT_SCOPE_DEFICIT,False,36d53ce2572a9021daf8f196eebbbce00f66375cb60704ef4b0ea4b516346a51
PegaBall,ethereum,2024-01-14T06:09:11Z,2024-01-15T06:09:11Z,c3b10ce68f04b7f0ae44afbf7f9ebe99b04310fd93ad58db36f16f4a61103ed1,2023-12-15T06:09:11Z,2024-01-15T06:09:11Z,0,0,10,10,True,True,True,HISTORICAL_DENOMINATOR_EXPANSION_REQUIRED,False,50b7a34be49517becc3076052e288353c79dc8de97d8e76612bf70cc6e5052ab
Proxy_b7e1,bsc,2024-11-12T18:19:55Z,2024-11-13T18:19:56Z,43b6c286345753b5e09eb676dd91db05863fab37acff18044235b04e36664591,2024-10-13T18:19:55Z,2024-11-13T18:19:56Z,4,1,10,9,True,True,True,HISTORICAL_DENOMINATOR_EXPANSION_REQUIRED,False,b2aea3d29d6e8b9ee1504dcc725680f5febeda4a102c8997a54caef00f62a751
RICE,base,2025-03-13T05:33:51Z,2025-03-14T05:33:51Z,70a04a6da54c501501ba51b860b7b87334a174fb676b51d38f158f1eaef3f578,2025-02-11T05:33:51Z,2025-03-14T05:33:51Z,2,2,10,8,True,True,True,HISTORICAL_DENOMINATOR_EXPANSION_REQUIRED,False,74577a965ce2d4dd0a132d3643abfea816840f0d17cab168b6bbbc64513c3240
RWAVault,ethereum,2026-02-04T04:32:59Z,2026-02-05T04:32:59Z,b391eb08d3b7599277f02e64e8bd351bdf22cf3eff23fdb66f52135bd2b4b962,2026-01-05T04:32:59Z,2026-02-05T04:32:59Z,91,10,10,0,True,True,True,NO_DEPLOYMENT_SCOPE_DEFICIT,False,e31db03231e1476f217aec43278bf21f1053a2b1a9591c1d426c449966daaa9c
Scorch,ethereum,2023-09-02T18:37:35Z,2023-09-03T18:37:35Z,ab84538f2dc364d902d02a395249dbd5fc179f38934b9ce8c4d0d2025eb7be04,2023-08-03T18:37:35Z,2023-09-03T18:37:35Z,0,0,10,10,True,True,True,HISTORICAL_DENOMINATOR_EXPANSION_REQUIRED,False,5c6400b23647b80cd8eb03ced57301c485cc625e382a8a3c0c359d921cb0f673
SinstakeZombie,bsc,2021-06-08T21:38:54Z,2021-06-09T21:38:56Z,d882b7b4b6cabb286f79b1f2582fdeab5445b9fb2a2912dbb92eb03298c6d453,2021-05-09T21:38:54Z,2021-06-09T21:38:56Z,18,10,10,0,True,True,True,NO_DEPLOYMENT_SCOPE_DEFICIT,False,fd2c0e070d053ebe597952cf3856491ff18f1138e23dc1dec5b2568dfcc29961
SlurpyCoin,bsc,2021-06-25T01:52:38Z,2021-06-26T01:52:39Z,a1e9edee762eb0ca2d022aaef1026eecad1ee04fdef33204ace3d73b27d55909,2021-05-26T01:52:38Z,2021-06-26T01:52:39Z,29,10,10,0,True,True,True,NO_DEPLOYMENT_SCOPE_DEFICIT,False,4fe16024c4e8e34fe8994c284305a6d996bbcd3d0d59557d470a37dfa068a92a
SmartMesh,ethereum,2017-12-09T08:21:53Z,2017-12-10T08:22:08Z,1bc27cebfddc920028b1b3705e848c1ebc252829898dcc9eb43d418b160483b2,2017-11-09T08:21:53Z,2017-12-10T08:22:08Z,0,0,10,10,True,True,True,HISTORICAL_DENOMINATOR_EXPANSION_REQUIRED,False,a7de35805a33a9e1bf21144067f8d62e830cc89b8e76e50294c92f5e78d8e0e8
StakeOnMe,ethereum,2020-04-27T04:21:48Z,2020-04-28T04:21:58Z,bbab4891e5b8b390c9250d9351aa257d6d014a0a467c8b4a1f3897f335136a93,2020-03-28T04:21:48Z,2020-04-28T04:21:58Z,0,0,10,10,True,True,True,HISTORICAL_DENOMINATOR_EXPANSION_REQUIRED,False,5d278f7d787362dbcea9430eb59f44fd56c381207265840d589c4334c579c277
StepHeroNFTs,bsc,2021-08-31T08:03:50Z,2021-09-01T08:03:50Z,f508bbe7bd3ea80368a5d92385f6c6d4679e1de6adb0a7b05954d11e96be0bb6,2021-08-01T08:03:50Z,2021-09-01T08:03:50Z,17,10,10,0,True,True,True,NO_DEPLOYMENT_SCOPE_DEFICIT,False,87a7a34618866f239ec2a45ff1451f9efe9d8cd61c30615904a335c2de3f100d
StrategyLlamaLendConvex,ethereum,2025-05-07T19:04:47Z,2025-05-08T19:04:47Z,898226a388914458e6ebc798e9174cbc534f6c724df949889edb7eccf13b1674,2025-04-07T19:04:47Z,2025-05-08T19:04:47Z,67,10,10,0,True,True,True,NO_DEPLOYMENT_SCOPE_DEFICIT,False,8f52a0d5a3e0857c1f512b09453cebea205018c892d31574fa1ecc11b5732be1
TSAggregatorGeneric,bsc,2023-06-04T17:07:57Z,2023-06-05T17:07:58Z,0bbcdca621211de36fa0d3eef216cd82b148da5ad9ed3f02eb9dcd47e3ec533e,2023-05-05T17:07:57Z,2023-06-05T17:07:58Z,17,10,10,0,True,True,True,NO_DEPLOYMENT_SCOPE_DEFICIT,False,f328bd81ba22362cb1ab1a04a05b909a51eed03f4bcb21a5d46d090282679fdf
TokenFactory,bsc,2024-09-25T08:58:50Z,2024-09-26T08:58:52Z,41876c86cb0e7b1bd8c835e9808bddbc890745f812de5849eb04cbbfef6c1275,2024-08-26T08:58:50Z,2024-09-26T08:58:52Z,4,2,10,8,True,True,True,HISTORICAL_DENOMINATOR_EXPANSION_REQUIRED,False,b9798ca0912ea683e2251222e2039ad483106b51036608f48cb098a56f6589ee
Transit Swap,bsc,2021-10-22T06:54:44Z,2021-10-23T06:54:46Z,b02fe3e929f830eafa0b3a95be0fa3b733e0c39eea2449e2610b255b32eec06e,2021-09-22T06:54:44Z,2021-10-23T06:54:46Z,15,10,10,0,True,True,True,NO_DEPLOYMENT_SCOPE_DEFICIT,False,3c5773284b0e00f3252c9749e084a8e0ce2fca0389e8f4208683ddcc2b736c99
Unverified6883,ethereum,2022-09-14T08:54:16Z,2022-09-15T08:54:23Z,bb7ca01e8348873c15ab46e46d0f7d25ba0dc9671f189404e16482e7605c2179,2022-08-15T08:54:16Z,2022-09-15T08:54:23Z,0,0,10,10,True,True,True,HISTORICAL_DENOMINATOR_EXPANSION_REQUIRED,False,361c94861cf6727466721d040c9e298882a2632eb2b8e6351fe1825d44d7c503
Unverified_0000,bsc,2025-05-12T19:54:09Z,2025-05-13T19:54:09Z,1e7ad5eef6b6850930584bbc0af3eae6bfcb92aa6d22c7427ca1ccec48b0c7d8,2025-04-12T19:54:09Z,2025-05-13T19:54:09Z,2,0,10,10,True,True,True,HISTORICAL_DENOMINATOR_EXPANSION_REQUIRED,False,e0d8efde6e921e54333178cac8727c5566f8e0026e1edd65c8a33fe12deca232
VDS,bsc,2025-07-02T12:22:23Z,2025-07-03T12:22:23Z,a5154c9209ef128172f73b7fc426cd2462c45f6f63fe0749f52f4309d2324f2c,2025-06-02T12:22:23Z,2025-07-03T12:22:23Z,3,1,10,9,True,True,True,HISTORICAL_DENOMINATOR_EXPANSION_REQUIRED,False,094876ea226567301a585fcc61c351488819efbdc0ec2cb3e0b2ad548464668c
WHALE,bsc,2026-05-26T16:20:45Z,2026-05-27T16:20:45Z,8d9063f6c8a003665372ace597c2ba6fa7710bbe920eb1699960a86f75b3449a,2026-04-26T16:20:45Z,2026-05-27T16:20:45Z,30,10,10,0,True,True,True,NO_DEPLOYMENT_SCOPE_DEFICIT,False,5ff4e03e3fee5f4b6169af61cd275c0435b34dbf99e9f5bf36fa3a1bf89f6cf0
WXC,bsc,2025-08-01T03:59:53Z,2025-08-02T03:59:53Z,aea88dba760c58af7e67d384253b780bb25848c6398d93e4cc67dec5bfa2b04c,2025-07-02T03:59:53Z,2025-08-02T03:59:53Z,6,3,10,7,True,True,True,HISTORICAL_DENOMINATOR_EXPANSION_REQUIRED,False,814e785d654a289a2c82aa41a9482bd7ff0eb5101ee2ee7e3d3e77ce3c78056a
WXETA,bsc,2024-03-13T00:21:55Z,2024-03-14T00:21:56Z,269a2491fb5d0954e2a545917d3dc8b028225f6f03c9b101a8e372fe6f198e2d,2024-02-12T00:21:55Z,2024-03-14T00:21:56Z,3,3,10,7,True,True,True,HISTORICAL_DENOMINATOR_EXPANSION_REQUIRED,False,e8189726b45d184480cfb3463c3dada4a578664f1c668979d9c965962bc1ae94
XLootStaking,ethereum,2023-12-21T11:58:47Z,2023-12-22T11:58:47Z,3b298016551a590da1209c9236f4b5b92f1aac23d72a59551fe000fd7a9c5646,2023-11-21T11:58:47Z,2023-12-22T11:58:47Z,0,0,10,10,True,True,True,HISTORICAL_DENOMINATOR_EXPANSION_REQUIRED,False,b00c06f9933fbdd7e020cfbef861a886c749a0972f7f80c793f85e96ff7b810a
ZeroExSettler,ethereum,2025-01-31T02:26:23Z,2025-02-01T02:26:23Z,696fa8e29b2d1cef0edad69bda84017a4563c646b5c81e8a81620300c09b32fb,2025-01-01T02:26:23Z,2025-02-01T02:26:23Z,1,1,10,9,True,True,True,HISTORICAL_DENOMINATOR_EXPANSION_REQUIRED,False,bff0b666eb0c20e291d2d7f133bb3bb22bfde3fd0ce000d8036cf655f9f56f4e
aave_boost,ethereum,2022-02-15T10:49:38Z,2022-02-16T10:49:51Z,108da55c855bd37e1c9d8fb3abb32e6162175ca8534a4a40dfd4b1e9a1de4225,2022-01-16T10:49:38Z,2022-02-16T10:49:51Z,1,1,10,9,True,True,True,HISTORICAL_DENOMINATOR_EXPANSION_REQUIRED,False,3ec6ca40ca7d349156267d2c2a489e34394c2702633c42ec9edea34b309b7364
adc,ethereum,2020-05-16T01:31:35Z,2020-05-17T01:31:41Z,8be7667507f8ddfc44cc5be5dc0540fbbe6ac6d7f3ea9987cfb60b94ce73740e,2020-04-16T01:31:35Z,2020-05-17T01:31:41Z,0,0,10,10,True,True,True,HISTORICAL_DENOMINATOR_EXPANSION_REQUIRED,False,9ac5e2f98e248b5449d5a1dbf62652129499090f27005bf0890e5d29b91d20cb
affinedefi,ethereum,2023-12-02T10:04:11Z,2023-12-03T10:04:11Z,d895c49a72d7b3950bc33703983772f8ca88df7e9203878339dbf981e90fd460,2023-11-02T10:04:11Z,2023-12-03T10:04:11Z,0,0,10,10,True,True,True,HISTORICAL_DENOMINATOR_EXPANSION_REQUIRED,False,5ca184ba571078f265475cb8fd1079db61357b2fed39501b77aad56231d24ff2
ais,bsc,2023-11-22T07:09:58Z,2023-11-23T07:10:00Z,b57534a13751b9535bc85e64f2cd0525955316639efdcabc58fa8b34b5b391f2,2023-10-23T07:09:58Z,2023-11-23T07:10:00Z,8,0,10,10,True,True,True,HISTORICAL_DENOMINATOR_EXPANSION_REQUIRED,False,1746a4caea6572793df04e4ebb6f5e19b129ef5dca18a87defd6d81edfe83dac
aizpttoken,bsc,2024-07-28T14:46:36Z,2024-07-29T14:46:37Z,fc2e5668df997f7de97e83375ab2a455bf7fef69ac95cc64fcce752fca61a8d3,2024-06-28T14:46:36Z,2024-07-29T14:46:37Z,5,5,10,5,True,True,True,HISTORICAL_DENOMINATOR_EXPANSION_REQUIRED,False,9475861eee799376580982799fda8cb091b813635cc2eb3670460c471f5b1b92
alkemi_earn,ethereum,2021-09-07T18:41:12Z,2021-09-08T18:41:12Z,399b07ebedf4b1d53bc6c4b45a74ab88d1a5bd908b897dcea52013ec87976ebe,2021-08-08T18:41:12Z,2021-09-08T18:41:12Z,0,0,10,10,True,True,True,HISTORICAL_DENOMINATOR_EXPANSION_REQUIRED,False,bb4937bf5316e10c5bc1519de1f1f4be1529cd0af088a2b110a32d821f81d434
alkimiya_io,ethereum,2024-07-14T20:09:23Z,2024-07-15T20:09:23Z,b4e32f6d9de42af32f5fc5fd42bdfe1461cbb833b2302d1e4f97de2b40b8feb9,2024-06-14T20:09:23Z,2024-07-15T20:09:23Z,0,0,10,10,True,True,True,HISTORICAL_DENOMINATOR_EXPANSION_REQUIRED,False,fdf0014be972187c64a435ac4f5ea6ec503752cbf137ed8a3f9b01ed94ea9cd9
allbridge,bsc,2022-08-25T14:11:03Z,2022-08-26T14:11:05Z,d53876399fb32ce48924ec8da5206ad671faa3449faadc842652285067013e8d,2022-07-26T14:11:03Z,2022-08-26T14:11:05Z,7,7,10,3,True,True,True,HISTORICAL_DENOMINATOR_EXPANSION_REQUIRED,False,876c21264d5e5148d8536c5c2a5a1dd55d26fd4a3562a3a987569a94062f81e9
allbridge_2,bsc,2022-09-04T09:26:43Z,2022-09-05T09:26:45Z,94cc4f1dca8ff74515e2b8308ff71b71463a7b7f61edb10a55ac860c00145ae7,2022-08-05T09:26:43Z,2022-09-05T09:26:45Z,7,3,10,7,True,True,True,HISTORICAL_DENOMINATOR_EXPANSION_REQUIRED,False,cd042f1b9ac33be0a8509ac62f5c6801682f417191c9252f0ac56cddd0aeb12f
alp,bsc,2023-12-19T03:01:30Z,2023-12-20T03:01:30Z,5381c461c509b378dc4ed9cc87ed4e70248dc39687ad74af5bf5fb7bc6f844df,2023-11-19T03:01:30Z,2023-12-20T03:01:30Z,7,3,10,7,True,True,True,HISTORICAL_DENOMINATOR_EXPANSION_REQUIRED,False,98c716a211db2f0a8b2aaa16c71ef99106b04ee67a61b61b9fab13810be617e5
anch,bsc,2022-07-22T07:42:43Z,2022-07-23T07:42:43Z,0e81c2d49678a96dba1b60ad9cc24d94a660e94507e038e00186adbdb65373d1,2022-06-22T07:42:43Z,2022-07-23T07:42:43Z,17,9,10,1,True,True,True,HISTORICAL_DENOMINATOR_EXPANSION_REQUIRED,False,85d8bc4cca523b4d6ece872b854219c6b9c5feae261bda0efe96929cebc70a24
annex,bsc,2022-11-17T07:31:44Z,2022-11-18T07:31:46Z,8a397dfb67c756139aa40cea558dd4d8c77d416311cbce4d0f8f9d538ad97073,2022-10-18T07:31:44Z,2022-11-18T07:31:46Z,8,8,10,2,True,True,True,HISTORICAL_DENOMINATOR_EXPANSION_REQUIRED,False,f55b55778a2fb452863f26cacaccc2ea9452610bb53bb2121d83478eb844e994
anyswap,ethereum,2021-06-18T10:44:06Z,2021-06-19T10:44:14Z,f180d84466b3f0e7208da868adf4c298b92578411f025912d4a1858f59dc4583,2021-05-19T10:44:06Z,2021-06-19T10:44:14Z,0,0,10,10,True,True,True,HISTORICAL_DENOMINATOR_EXPANSION_REQUIRED,False,e96de6881d07fbe8c6cc2ec53b72a22e359962ba3e36c079c22ddb966e2643b4
apedao,bsc,2023-07-15T00:40:59Z,2023-07-16T00:41:01Z,3b0adeb0ee264dc37426f3d5f8c94ab1d1ef4441a5b2b84246cbd6592bc51e92,2023-06-15T00:40:59Z,2023-07-16T00:41:01Z,4,4,10,6,True,True,True,HISTORICAL_DENOMINATOR_EXPANSION_REQUIRED,False,8957308c5dc8a926adcf28310574cedd33a4d26f3e6f7f25c20e554117d29211
ark,bsc,2024-03-11T16:12:47Z,2024-03-12T16:12:49Z,8d442e37aba0ba474913b0445d83c48a04c39c22572a3d432962b00e44ecdd4b,2024-02-10T16:12:47Z,2024-03-12T16:12:49Z,3,0,10,10,True,True,True,HISTORICAL_DENOMINATOR_EXPANSION_REQUIRED,False,48112489bce68eedd80b3838c3640ab4715ecc7db9046fd820d5989475e3feb1
ast,bsc,2025-01-17T11:31:22Z,2025-01-18T11:31:22Z,c9ce8336a979821c5502d37c1790abe519a8247cc08dc70c7ac2fac825a7ee68,2024-12-18T11:31:22Z,2025-01-18T11:31:22Z,3,1,10,9,True,True,True,HISTORICAL_DENOMINATOR_EXPANSION_REQUIRED,False,81a6baf3c7694234b8ea5168fdcc3a31c151ee1c52ff6c80a862fd0f01c6e79e
astrid,ethereum,2023-10-06T12:53:23Z,2023-10-07T12:53:23Z,36e99f7db11afa6ef6193bdcbd05bca344834354559f628409d14f6a39f26375,2023-09-06T12:53:23Z,2023-10-07T12:53:23Z,0,0,10,10,True,True,True,HISTORICAL_DENOMINATOR_EXPANSION_REQUIRED,False,17fabe3f73cf034b2e72e2b0669ee74faf677c07e72c7d65c27effe2adc8dbf8
atk,bsc,2022-10-04T05:15:26Z,2022-10-05T05:15:28Z,41fd926bdd31a09cb334225c6fe1c9f398003f4850d327700466d077b2048484,2022-09-04T05:15:26Z,2022-10-05T05:15:28Z,3,2,10,8,True,True,True,HISTORICAL_DENOMINATOR_EXPANSION_REQUIRED,False,1173de6df5342275ddf8fea6f77778b20e4529e2bf9df68540be2555df542986
atm,bsc,2024-03-23T07:42:57Z,2024-03-24T07:42:57Z,14f1306e1bdc8e6263b6426fb4d31b991b8070d5d51f1fc976904f6aee3f27ba,2024-02-22T07:42:57Z,2024-03-24T07:42:57Z,1,0,10,10,True,True,True,HISTORICAL_DENOMINATOR_EXPANSION_REQUIRED,False,8b124d15b5ea3a3f9f4fb2abb14e9030be4e2c331c5b3578cbb70d49125b0eec
auctus,ethereum,2020-06-25T17:58:01Z,2020-06-26T17:58:03Z,904a2945fd9b4ecca26d0a8e59a1cc7b44f409a31d728083d01f501f42438637,2020-05-26T17:58:01Z,2020-06-26T17:58:03Z,0,0,10,10,True,True,True,HISTORICAL_DENOMINATOR_EXPANSION_REQUIRED,False,22493a8bd20e3da84097c77567668a9756d6a90d4b899ba5ea011102e6c2cea8
audius,ethereum,2020-10-22T02:25:53Z,2020-10-23T02:26:11Z,6171d5849fde6043e78906899ef680ef25f436918d6c2233334ff2e6a41b8548,2020-09-22T02:25:53Z,2020-10-23T02:26:11Z,3,3,10,7,True,True,True,HISTORICAL_DENOMINATOR_EXPANSION_REQUIRED,False,5bd9eef3fba5d3910d0ed2139cc654c41a76cafaceb33131be50d25f8a517f76
aur,bsc,2022-06-21T15:33:18Z,2022-06-22T15:33:18Z,b44edaa3fc5f9bf4cb3f3aff8e43d384eb51fb899fe13c0decb67649e953152e,2022-05-22T15:33:18Z,2022-06-22T15:33:18Z,21,10,10,0,True,True,True,NO_DEPLOYMENT_SCOPE_DEFICIT,False,f98341c9a7d584e1b99f22585e5b9c3b8938be2aef85519bf2646514102c8af1
axioma,bsc,2023-02-01T17:54:51Z,2023-02-02T17:54:51Z,13e6baa85bcbf49a6ca38717db58694dfd87d5c6aa2a6603ea20a6b2867574e8,2023-01-02T17:54:51Z,2023-02-02T17:54:51Z,7,7,10,3,True,True,True,HISTORICAL_DENOMINATOR_EXPANSION_REQUIRED,False,123f1443025e37a82ac6ff7c1e23e1a664938485b54761517070f4d7c881ef9b
babydogecoin,bsc,2021-05-21T17:21:16Z,2021-05-22T17:21:17Z,b51a42fce231951fb690db3d0fe99e19eea0f32f25bb12d93912359283f898f1,2021-04-21T17:21:16Z,2021-05-22T17:21:17Z,9,2,10,8,True,True,True,HISTORICAL_DENOMINATOR_EXPANSION_REQUIRED,False,7fa6c6b64ace4b0e4c91c2156cee5de59ae92d7d36f5692a304579194ac2096d
babydogecoin02,bsc,2021-05-21T17:21:16Z,2021-05-22T17:21:17Z,7f3d9242f944b5ca80f756657f646ae3f1552a7dd2be70f35d96f8b440ef51b5,2021-04-21T17:21:16Z,2021-05-22T17:21:17Z,9,0,10,10,True,True,True,HISTORICAL_DENOMINATOR_EXPANSION_REQUIRED,False,4bad8efc8684e0df04365eeb7223bab20e939a2e26c8b5be1a86a1496be60cf2
babyswap,bsc,2021-06-02T06:44:05Z,2021-06-03T06:44:05Z,d1354075a8b3fe07cbb0243f55fbd3d79ec6577ad04891a7961cfd47721cb9e4,2021-05-03T06:44:05Z,2021-06-03T06:44:05Z,11,1,10,9,True,True,True,HISTORICAL_DENOMINATOR_EXPANSION_REQUIRED,False,d92c03c6161298cea0f95da80c97f90a04165b4d5e071ea7d159fef6d71cc0b6
badguysbyrpf,ethereum,2022-08-31T18:27:35Z,2022-09-01T18:27:44Z,5aa3b4b06f75ea84588ca30333b7ec06ba1859ff9033365b8623f55b1461b85a,2022-08-01T18:27:35Z,2022-09-01T18:27:44Z,0,0,10,10,True,True,True,HISTORICAL_DENOMINATOR_EXPANSION_REQUIRED,False,8c2b4819ba02930b2fe559ab0821f135ae90a4d74ec492f0b9504848b32cea24
balancer,ethereum,2021-12-13T22:35:27Z,2021-12-14T22:35:38Z,c8197535d14ab337f2519b6afcd2bd324bf0a7eb22c54613102498da3afb2caa,2021-11-13T22:35:27Z,2021-12-14T22:35:38Z,0,0,10,10,True,True,True,HISTORICAL_DENOMINATOR_EXPANSION_REQUIRED,False,d66837d961ba69690122bc0b9dac8da8d4c1dfbd43e66afb919a419b0b441247
balancer_20200628,ethereum,2020-05-29T12:37:13Z,2020-05-30T12:37:41Z,5e57c60c2ac3c7aab9c58afd170b1dcfba2d20495f874397491ac0ebcec1fb7e,2020-04-29T12:37:13Z,2020-05-30T12:37:41Z,0,0,10,10,True,True,True,HISTORICAL_DENOMINATOR_EXPANSION_REQUIRED,False,6a547abf80a04ba27e03cf8f9bea01f5810c41ea74fd1a93bb5589d452a9adef
bamboo,bsc,2023-06-17T14:36:39Z,2023-06-18T14:36:40Z,fa7e3c7a825b9524a172cd0a7bf97265e88ceff3aa479c180ea1e81dae2c4b17,2023-05-18T14:36:39Z,2023-06-18T14:36:40Z,14,8,10,2,True,True,True,HISTORICAL_DENOMINATOR_EXPANSION_REQUIRED,False,8b036c16278b7acfba87d941d93db37fab2198733554d28556d65e8b4209a624
bancor,ethereum,2020-06-16T13:11:12Z,2020-06-17T13:11:57Z,c5aea131554b40551ded0a2b9d29f2185c63dfb60387096a156255bd407eeec1,2020-05-17T13:11:12Z,2020-06-17T13:11:57Z,0,0,10,10,True,True,True,HISTORICAL_DENOMINATOR_EXPANSION_REQUIRED,False,e3c40c2be5d7236823f4d34fb0db8b5cbb42d5125dce3ce7e8c257ba6de82014
bankroll,bsc,2021-03-10T02:53:55Z,2021-03-11T02:53:55Z,d74028adb625b4fb5ea6d8fb953d1e64577ca78d319edd65f43e805db8081cc8,2021-02-08T02:53:55Z,2021-03-11T02:53:55Z,2,2,10,8,True,True,True,HISTORICAL_DENOMINATOR_EXPANSION_REQUIRED,False,04a4e81d0ba3d7c88b839e8d105e39c2c4098d59e500daed76d96d7c785534d4
bankroll_network,bsc,2021-07-07T22:51:29Z,2021-07-08T22:51:30Z,54fec484c03627fe00fbb15bc59c8c09965717b3c0ae947a1908075fafc36165,2021-06-07T22:51:29Z,2021-07-08T22:51:30Z,25,6,10,4,True,True,True,HISTORICAL_DENOMINATOR_EXPANSION_REQUIRED,False,b0e9df3e94481a106c6f2ff68bd0127c6a39140313fd90f27ec6ba99bd8e1740
bankroll_stack,bsc,2021-07-03T20:29:45Z,2021-07-04T20:29:46Z,24672df053aca08ffdd1f0af77fcea886b80cd2aa8ebc875e506703bf8c1a645,2021-06-03T20:29:45Z,2021-07-04T20:29:46Z,25,1,10,9,True,True,True,HISTORICAL_DENOMINATOR_EXPANSION_REQUIRED,False,bd65a8d2e43871b636e026ec773e0232f748eba8f564d3311f897196fa6c47b1
bao,ethereum,2023-02-21T01:28:35Z,2023-02-22T01:28:35Z,0536acd57fde826340c6160f617c97d8889fe9ca6713a5bc834a907158a7f4b1,2023-01-22T01:28:35Z,2023-02-22T01:28:35Z,0,0,10,10,True,True,True,HISTORICAL_DENOMINATOR_EXPANSION_REQUIRED,False,171e955de4207e9d1fce382b8942f620e8aaff858950bab7efc5a285ed772268
barleyfinance,ethereum,2024-01-26T12:54:35Z,2024-01-27T12:54:35Z,fdfce8a14779d7330bfcba4909979a584843db958023aad8d616bb7901551088,2023-12-27T12:54:35Z,2024-01-27T12:54:35Z,0,0,10,10,True,True,True,HISTORICAL_DENOMINATOR_EXPANSION_REQUIRED,False,70d88ceab507d5bda337f0baf3dfe5979031a236d5ff9464448be803ad5c7818
bbox,bsc,2022-03-28T13:23:48Z,2022-03-29T13:23:48Z,9ff83584ac4d4ce4e3816c8264d58b366a6d04a9a5ef617e1aee1a0aef9b4489,2022-02-26T13:23:48Z,2022-03-29T13:23:48Z,24,10,10,0,True,True,True,NO_DEPLOYMENT_SCOPE_DEFICIT,False,0a4108c68a1af9630cda4069ca06532968776e0ce12dfc540b38dfa7391938ab
bbt,ethereum,2024-01-18T17:09:23Z,2024-01-19T17:09:23Z,42f280e9bb0bff333215417771d27f80042569bb323de51e476faa3dc2cb7ff6,2023-12-19T17:09:23Z,2024-01-19T17:09:23Z,0,0,10,10,True,True,True,HISTORICAL_DENOMINATOR_EXPANSION_REQUIRED,False,3b0fe63ef8aee3e9e3461756d1a3592b66855238b4b69376332d2cda59bc2dd2
bct,bsc,2023-12-07T09:27:07Z,2023-12-08T09:27:08Z,e3fa57273d8f35513a0d494dad395d3ec73b191adca10f8275271317cd4f89f1,2023-11-07T09:27:07Z,2023-12-08T09:27:08Z,8,0,10,10,True,True,True,HISTORICAL_DENOMINATOR_EXPANSION_REQUIRED,False,a5474ff4fb70327532441355e81d71f149c994ac5cbab5578b031dcef16bdb2e
bdex,bsc,2021-05-11T06:52:16Z,2021-05-12T06:52:17Z,db07f4c151a15d495f5619e6f702a8f22993131eb9a2f3d30a8b6f2a07eb3442,2021-04-11T06:52:16Z,2021-05-12T06:52:17Z,6,0,10,10,True,True,True,HISTORICAL_DENOMINATOR_EXPANSION_REQUIRED,False,9f8d7573e347e16230b72c72d4bd01b06c4390c4fe3eebc2401c80577e96e29a
bearn,bsc,2021-02-13T02:52:08Z,2021-02-14T02:52:08Z,defd7dd802ffae104ca01a5c8563ba2acf65a86a5fe30612f12aeb3c92a2b24d,2021-01-14T02:52:08Z,2021-02-14T02:52:08Z,2,1,10,9,True,True,True,HISTORICAL_DENOMINATOR_EXPANSION_REQUIRED,False,8deda0b6311534b533aa0fdce1783d8e731eb5e02d0199ea63e1a8c182986843
bearndao,bsc,2021-03-02T08:33:22Z,2021-03-03T08:33:22Z,dea6269bf654062547dc9cd7a40c00e89b4f37621bef006d6e5e9ef3df70d254,2021-01-31T08:33:22Z,2021-03-03T08:33:22Z,2,0,10,10,True,True,True,HISTORICAL_DENOMINATOR_EXPANSION_REQUIRED,False,b08bda8a5493e1bce9bc41dfadc97b61cb9fb4cf2b9681dfd0120807982ee37b
bedrock_defi,ethereum,2024-04-13T08:55:47Z,2024-04-14T08:55:47Z,4226688a012aeafde311d343f2b063ac8ee76afb0d5e61afad02beaf6d446e4d,2024-03-14T08:55:47Z,2024-04-14T08:55:47Z,0,0,10,10,True,True,True,HISTORICAL_DENOMINATOR_EXPANSION_REQUIRED,False,9fc896706db36026d1dce433a00c4616ddbe8c7c68da46b50530fd5c414a0907
bego,bsc,2021-03-10T13:53:56Z,2021-03-11T13:53:56Z,a1c33e459f2a6f215458cf89eab63c8d32eeda483219c8f04e422d1aeac1bf89,2021-02-08T13:53:56Z,2021-03-11T13:53:56Z,2,0,10,10,True,True,True,HISTORICAL_DENOMINATOR_EXPANSION_REQUIRED,False,47ff42456fd24fc0d5077bf560d9dbd66ff76935452b1e89116fd5ad5ef7f2a6
bevo,bsc,2021-05-21T20:15:56Z,2021-05-22T20:15:56Z,088eab28de25165b9d3cb551715be48ffe2c42ae019d39f89cba52e57ce6ccaa,2021-04-21T20:15:56Z,2021-05-22T20:15:56Z,9,0,10,10,True,True,True,HISTORICAL_DENOMINATOR_EXPANSION_REQUIRED,False,bc13cc0ba658fcf377cbd80b64ecba654147f0786100817db1f53875b4488868
bfctoken,bsc,2023-09-07T03:39:58Z,2023-09-08T03:39:58Z,d3150fafca8ad26fcbc1f613d19cbc97c81730b0dc10e2f006ac3050dd96235c,2023-08-08T03:39:58Z,2023-09-08T03:39:58Z,6,6,10,4,True,True,True,HISTORICAL_DENOMINATOR_EXPANSION_REQUIRED,False,b92924c9dbb2d3a17778291baa07cd1f5cd588302a569518e9018f54c468a8cb
bgld,bsc,2022-11-23T23:02:59Z,2022-11-24T23:02:59Z,3b5d38915e7ff025246a13774b460dbca3eced2806a75bc3a76a9e68e82c066a,2022-10-24T23:02:59Z,2022-11-24T23:02:59Z,10,3,10,7,True,True,True,HISTORICAL_DENOMINATOR_EXPANSION_REQUIRED,False,a99162cb7bbc68029dd2ea859da82b563fa113a88ae70e0e0b7f7964eac0247a
bh,bsc,2023-10-05T07:27:00Z,2023-10-06T07:27:02Z,556c96e065f5db8ec778d5d1c7333c966758a7355ca2bf94241fb14c9966bfd8,2023-09-05T07:27:00Z,2023-10-06T07:27:02Z,3,0,10,10,True,True,True,HISTORICAL_DENOMINATOR_EXPANSION_REQUIRED,False,005b041e68288b53de2eca06fe9cba4f3c0d280b9982f47c18ba3789718f7871
bigfi,bsc,2023-03-07T21:16:44Z,2023-03-08T21:16:45Z,c2cc181f80b384d3ed05cfd87b92cc292b016c3a2cdb6c709d0ff3178f383df7,2023-02-05T21:16:44Z,2023-03-08T21:16:45Z,4,4,10,6,True,True,True,HISTORICAL_DENOMINATOR_EXPANSION_REQUIRED,False,e55fd52c9ea8dbc48072ea5534973665e83ff79007fdd7f07de27ed71ffbbf8b
binemon,bsc,2021-08-24T05:03:57Z,2021-08-25T05:03:58Z,fe7aac8bef79c688b5546e4e9c91e3a44d4e5401bfc50502a7e084d6dded8e43,2021-07-25T05:03:57Z,2021-08-25T05:03:58Z,16,10,10,0,True,True,True,NO_DEPLOYMENT_SCOPE_DEFICIT,False,9c0f398467f01adadc3127dd93504811128a0fbfea9a67b30d6ad3bbc18fe4cd
bitdog,bsc,2022-04-09T04:45:52Z,2022-04-10T04:45:52Z,0ba0f7842ec97d108901308a1e66e0f4ca61b057d90c8678b11d0d1964c84c41,2022-03-10T04:45:52Z,2022-04-10T04:45:52Z,28,10,10,0,True,True,True,NO_DEPLOYMENT_SCOPE_DEFICIT,False,3e03186949149f1539c476714ae891b32780a2c6849c88536ce385526ce4cc61
bitpaidio,bsc,2022-06-06T20:50:22Z,2022-06-07T20:50:23Z,4bdbf7d1f940b3fe60b8b48437d7404626b2b925eb9ff213808a266e60caf346,2022-05-07T20:50:22Z,2022-06-07T20:50:23Z,16,10,10,0,True,True,True,NO_DEPLOYMENT_SCOPE_DEFICIT,False,ec2a27a516d156b9856e4e8313dd3758189ab7b3463293b545af5c1c880ced8d
blueberryprotocol,ethereum,2024-01-23T04:16:11Z,2024-01-24T04:16:11Z,eebda2ac885847898672fc35faef828efacc56e2157a61f9ce0d31bef863bc3c,2023-12-24T04:16:11Z,2024-01-24T04:16:11Z,0,0,10,10,True,True,True,HISTORICAL_DENOMINATOR_EXPANSION_REQUIRED,False,02a35d87abbbdf6dee0e4932ab62b4e810aa40d36766cf90fb4cc8139d42201a
bmizapper,ethereum,2021-07-06T05:48:09Z,2021-07-07T05:48:25Z,beeef6a30992216a9275cc4a86b74a99a5b3bafdcb2cfb86c847c826ceef56d1,2021-06-06T05:48:09Z,2021-07-07T05:48:25Z,0,0,10,10,True,True,True,HISTORICAL_DENOMINATOR_EXPANSION_REQUIRED,False,7cbc00c8bd8aa063dfcd3a7d2ca0ef2cdf6c6932aa7ef6bb4c3ab3427155201a
bno,bsc,2023-05-25T15:12:32Z,2023-05-26T15:12:33Z,e56eea37ac9da8caa639e85eff15e09137e604b903c15607e9973eadf038ee24,2023-04-25T15:12:32Z,2023-05-26T15:12:33Z,18,5,10,5,True,True,True,HISTORICAL_DENOMINATOR_EXPANSION_REQUIRED,False,87084c68d44688eb7f8ab37df9835bb50977e2f52a9c6a4cb3457160bd9a9f9b
bob,bsc,2023-05-29T18:54:19Z,2023-05-30T18:54:19Z,064bac3ab5a8fa8831ca6bc852a693e5f5599eff460cef86859b986bcd9aa1e9,2023-04-29T18:54:19Z,2023-05-30T18:54:19Z,18,0,10,10,True,True,True,HISTORICAL_DENOMINATOR_EXPANSION_REQUIRED,False,7c8d18abda566f92c2bfcd3448fc1d6f7fd82e2146b244bd1698c8699255f761
bra,bsc,2022-10-12T11:39:37Z,2022-10-13T11:39:39Z,3cd83b9ed0802d9959888e71840aa134a7a6b2fc956d1899d0b9a76fa212c764,2022-09-12T11:39:37Z,2022-10-13T11:39:39Z,1,0,10,10,True,True,True,HISTORICAL_DENOMINATOR_EXPANSION_REQUIRED,False,813a89093f45e0c69fc7310c718677f1c33619220e5b5cd10fef865d57325773
brahtopg,ethereum,2022-11-07T15:45:35Z,2022-11-08T15:45:35Z,88c4219918d62267c9718e833a3bf50a28ebd5a4aee500a02b984c9ca46a0bfe,2022-10-08T15:45:35Z,2022-11-08T15:45:35Z,0,0,10,10,True,True,True,HISTORICAL_DENOMINATOR_EXPANSION_REQUIRED,False,f9c6084c8088e58201ddc1f6e623b8858d2ec4f76872a0a198fa70e98d4542c8
btc20,ethereum,2023-06-15T10:19:11Z,2023-06-16T10:19:11Z,8b37598462bee4fdb1b3952deec82a5a1657ac5e85b9c22e0adf864a82349cd2,2023-05-16T10:19:11Z,2023-06-16T10:19:11Z,0,0,10,10,True,True,True,HISTORICAL_DENOMINATOR_EXPANSION_REQUIRED,False,7d285a60edacb09293fdbda44a6e03d9639132cf2ffd66dd27838d43beaa2273
btnft,bsc,2025-01-03T11:19:22Z,2025-01-04T11:19:22Z,12e9cfadca928b153c320db55880a23c351e9331b8c0542588a67004caf3a339,2024-12-04T11:19:22Z,2025-01-04T11:19:22Z,2,0,10,10,True,True,True,HISTORICAL_DENOMINATOR_EXPANSION_REQUIRED,False,b2ddbb3878a8f1ce36ac19db9ab15ae5a623ee1abc9f6455d26aad4a0b344264
bunn,bsc,2021-04-20T23:10:44Z,2021-04-21T23:10:46Z,77839513694b5c20030f95e7fed52ed403855a7ad164603f6930321784aa3f70,2021-03-21T23:10:44Z,2021-04-21T23:10:46Z,3,0,10,10,True,True,True,HISTORICAL_DENOMINATOR_EXPANSION_REQUIRED,False,9cbe37a7d6c59403af409af270c87e3fed61a15081898493dde8cc56833c6236
burgerswap,bsc,2020-09-19T01:26:49Z,2020-09-20T01:26:49Z,42efecbe61d32d41f6ee5070e9441348b6fafa6cf80abb74eeedfc2bb3888110,2020-08-20T01:26:49Z,2020-09-20T01:26:49Z,0,0,10,10,True,True,True,HISTORICAL_DENOMINATOR_EXPANSION_REQUIRED,False,a2ea3781b232f3e2dbfe33a1f4b0715c6c6745c40c32b52a2e6743b48b67a5ec
burner,ethereum,2020-07-27T09:39:05Z,2020-07-28T09:39:06Z,f468c7cb1b827e499a8f47ed43d1efba1245492831246fb1fba3fef90ea88528,2020-06-27T09:39:05Z,2020-07-28T09:39:06Z,0,0,10,10,True,True,True,HISTORICAL_DENOMINATOR_EXPANSION_REQUIRED,False,90859e3a4978ba0cf621b7be8f8cd56eefa6d3c1669d317654fe7ed984fbba70
burntbubba,ethereum,2023-01-10T15:25:11Z,2023-01-11T15:25:11Z,5fcf1e88d5a06742f1387b2784aa6dba5a1b8af0d4d452fd15da61763b1c0c15,2022-12-11T15:25:11Z,2023-01-11T15:25:11Z,0,0,10,10,True,True,True,HISTORICAL_DENOMINATOR_EXPANSION_REQUIRED,False,2b2642b0949cb63dabb36f2cc145a287e848edb4d4c03adce242e62b7f75e1ed
bxh,bsc,2022-09-22T03:22:20Z,2022-09-23T03:22:20Z,978e1a9595e42687d93a7be8a8dea69a6472d8f48b168be8bec678ef7272971d,2022-08-23T03:22:20Z,2022-09-23T03:22:20Z,5,0,10,10,True,True,True,HISTORICAL_DENOMINATOR_EXPANSION_REQUIRED,False,31ac101cb811d2f9b28006e02bfdc5679b1348ec3d08a43e8bb7ed6e24de2bed
bzx,ethereum,2020-09-03T00:35:12Z,2020-09-04T00:35:16Z,c16b1f254fdd317c7d420622004372727f17d76c60d3457908c0a29f1ed20519,2020-08-04T00:35:12Z,2020-09-04T00:35:16Z,3,3,10,7,True,True,True,HISTORICAL_DENOMINATOR_EXPANSION_REQUIRED,False,850ec300e9968b1b7e673a4e0ad38406b2b425d911d78dc399cc9c153a22de54
bzx2,ethereum,2020-09-03T00:36:30Z,2020-09-04T00:36:41Z,d6bf4fbe95bbbe26d2971a87db60ff28ca63e11d121c40f1fb4e9da852f55a04,2020-08-04T00:36:30Z,2020-09-04T00:36:41Z,3,0,10,10,True,True,True,HISTORICAL_DENOMINATOR_EXPANSION_REQUIRED,False,e637a9609cd2867ca911c54661a71a3d50e33cc5157703f74af865658bbef47f
carolprotocol,base,2023-09-07T13:32:03Z,2023-09-08T13:32:03Z,7df55b80c7942d167aa2b280946a7247fc81bb7175a3c02126df6c8b2cfd8a76,2023-08-08T13:32:03Z,2023-09-08T13:32:03Z,0,0,10,10,True,True,True,HISTORICAL_DENOMINATOR_EXPANSION_REQUIRED,False,008524b20013a40627e18a436d3bbb1376122771c21abfb824a362924be4f991
carrot,bsc,2022-09-28T16:26:31Z,2022-09-29T16:26:33Z,5d787d8ff20ec2f76f52a3ab0f03f956944dc0ba0bc63310dfb5129677560330,2022-08-29T16:26:31Z,2022-09-29T16:26:33Z,5,0,10,10,True,True,True,HISTORICAL_DENOMINATOR_EXPANSION_REQUIRED,False,5c4a72a1e5c8afc41df65f9f2bffdbeb207dbf3e227ce48089bf6ef6b894613b
caterpillar_coin_cut,bsc,2024-07-26T10:14:56Z,2024-07-27T10:14:58Z,966e84380d88d0446e048a9652e394b40146a0ffe64872009f162510453ba8ca,2024-06-26T10:14:56Z,2024-07-27T10:14:58Z,5,0,10,10,True,True,True,HISTORICAL_DENOMINATOR_EXPANSION_REQUIRED,False,e5510269bcb7fe7ca89bb8f775d6d31fb4710d59eecdfcd316c9b2abf0cdc1ce
cellframe,bsc,2022-11-14T12:24:22Z,2022-11-15T12:24:22Z,5a8b585fc5bca47331fd1a32863b32db5006105961262853b21965edbcfc2c65,2022-10-15T12:24:22Z,2022-11-15T12:24:22Z,7,0,10,10,True,True,True,HISTORICAL_DENOMINATOR_EXPANSION_REQUIRED,False,f75f677d22b24cd81164335acbcd03d00756a111fcb32c0aaa94b9ee29a9692d
cfc,bsc,2023-05-29T13:12:14Z,2023-05-30T13:12:14Z,11ae303715658a5fe75fb4a5f86c94235a6186316498b33433d03cb900a1bac6,2023-04-29T13:12:14Z,2023-05-30T13:12:14Z,18,0,10,10,True,True,True,HISTORICAL_DENOMINATOR_EXPANSION_REQUIRED,False,89626b192c94e8eb523745dd0e1178bed9183de039552336dc2f35b2053d3828
cftoken,bsc,2022-04-08T16:53:33Z,2022-04-09T16:53:35Z,86f31e33b00fdf3e29edcf9e1da13b1eb6a32856f55fc9a2e4f69478e5cebbbc,2022-03-09T16:53:33Z,2022-04-09T16:53:35Z,26,9,10,1,True,True,True,HISTORICAL_DENOMINATOR_EXPANSION_REQUIRED,False,5706021bd49fb2eda91b64628890bcc4c6d1994e5588bc8c89597f52a094f56c
chaingefinance,bsc,2024-04-11T08:16:00Z,2024-04-12T08:16:02Z,5cf205c66bb38f8407cb18fc5102edebab3754bdca82276aacb1a8325633664e,2024-03-12T08:16:00Z,2024-04-12T08:16:02Z,3,3,10,7,True,True,True,HISTORICAL_DENOMINATOR_EXPANSION_REQUIRED,False,060130e638cd4a4ccc069f404d7d4ee92bb524db6291714e3340ac974bc8e88a
cloberdex,base,2024-11-29T08:56:53Z,2024-11-30T08:56:53Z,ef30a70ea5e025c826f40dfe0576a0dc62fcf195ca10f8bd41d7896d9a1fb4f5,2024-10-30T08:56:53Z,2024-11-30T08:56:53Z,1,1,10,9,True,True,True,HISTORICAL_DENOMINATOR_EXPANSION_REQUIRED,False,9e0cec80af0f2afc569c6f5402f2badfdc9a6497f079204f02ecd9e5af811af8
compounderfinance,ethereum,2020-11-08T02:00:49Z,2020-11-09T02:00:56Z,2e3ce12265773b244e8cc92e8bc3283ac1a64169e202544c751dc62fecccaf1a,2020-10-09T02:00:49Z,2020-11-09T02:00:56Z,1,1,10,9,True,True,True,HISTORICAL_DENOMINATOR_EXPANSION_REQUIRED,False,1cdfb93ae7cf93e73c6687462e6ab79c8a0c6d651ae1ed70da7dac458c017773
compoundtusd,ethereum,2020-10-07T11:45:29Z,2020-10-08T11:45:32Z,e1640188ec3e5c97186edcacfad771435c2d3a0977abfdab0ba8fb72c6135b64,2020-09-07T11:45:29Z,2020-10-08T11:45:32Z,3,0,10,10,True,True,True,HISTORICAL_DENOMINATOR_EXPANSION_REQUIRED,False,ea2d941ff31bd4e855002cc7d7cd0c120336ed5d4af2b77afd368f9404d37e9e
compounduni,ethereum,2022-09-29T18:51:47Z,2022-09-30T18:51:47Z,a580413575dadf919d6b07bba3e51c8052a8d55da04e46691f8885324d5f654b,2022-08-30T18:51:47Z,2022-09-30T18:51:47Z,0,0,10,10,True,True,True,HISTORICAL_DENOMINATOR_EXPANSION_REQUIRED,False,3d82793af12608dbb21b7f16818564df9b1b622ee006af7c8275ceb215a61ea4
conic,ethereum,2023-06-30T12:32:23Z,2023-07-01T12:32:23Z,a3396854f6aed5e53a7d5383baa534d31221cd596013549adce3ee749eb659dc,2023-05-31T12:32:23Z,2023-07-01T12:32:23Z,0,0,10,10,True,True,True,HISTORICAL_DENOMINATOR_EXPANSION_REQUIRED,False,b5715403b2fe99644e123e785c0b58d79d34a04ee40b8636d9d2316dd4d849e8
conic02,ethereum,2023-06-08T20:40:59Z,2023-06-09T20:40:59Z,1997a21f15f63cc24eefef8d2108526354d48bb265aecc0d7aea6797c3ff266c,2023-05-09T20:40:59Z,2023-06-09T20:40:59Z,0,0,10,10,True,True,True,HISTORICAL_DENOMINATOR_EXPANSION_REQUIRED,False,fbe550065e1e2e7a72265d7898e338e9a3358d0d49d963745eef7af7925068f0
conic_2,ethereum,2023-06-30T12:32:23Z,2023-07-01T12:32:23Z,e3fef6c6de77e1e99d2e3da8f7a03a45fa0f7594220c8351afe817c035db8465,2023-05-31T12:32:23Z,2023-07-01T12:32:23Z,0,0,10,10,True,True,True,HISTORICAL_DENOMINATOR_EXPANSION_REQUIRED,False,720ef14bc8097cce5c6d3b9a99ae7bbbf3792326d6e0cbb2c9bf88918886436a
convergence,ethereum,2024-07-14T16:36:11Z,2024-07-15T16:36:11Z,6d0bf8c5a276e60e009cd6a0eeedec304075f1bb8ca84d65b4e5c6b8b65f410c,2024-06-14T16:36:11Z,2024-07-15T16:36:11Z,0,0,10,10,True,True,True,HISTORICAL_DENOMINATOR_EXPANSION_REQUIRED,False,d35bd7c16852254e94c9aec759d2d6e795e0fc7272df06d481ca77e1feabba87
cover,ethereum,2020-11-19T23:49:35Z,2020-11-20T23:49:56Z,003e097843e95efa8830795720ce570e80fcda2d924e288420f0801b5d023ddd,2020-10-20T23:49:35Z,2020-11-20T23:49:56Z,1,0,10,10,True,True,True,HISTORICAL_DENOMINATOR_EXPANSION_REQUIRED,False,b1adac67161b52f5cb2604aa29ebc49d5de63dfaa94178f342e9c6e0c7689b5e
crb2,bsc,2024-04-11T09:15:16Z,2024-04-12T09:15:16Z,73853219ffcbf5f884072282bd4f8f56ef2db46f637d7865ed421ad768871101,2024-03-12T09:15:16Z,2024-04-12T09:15:16Z,3,0,10,10,True,True,True,HISTORICAL_DENOMINATOR_EXPANSION_REQUIRED,False,bf20c441fc4ab7752e709f020b9fa98aba7be9140946fb6518b193543586310d
cream,ethereum,2021-02-09T05:54:41Z,2021-02-10T05:55:00Z,012b9bad4c1a3ec06c25203679eac54590d28175109607c80bd5333029efe39c,2021-01-10T05:54:41Z,2021-02-10T05:55:00Z,0,0,10,10,True,True,True,HISTORICAL_DENOMINATOR_EXPANSION_REQUIRED,False,8c9cb77a5d854395afc1d155435bf239ca4165aa6f1182a7c8a1e3094ba6e11f
cream_2,ethereum,2020-08-02T10:18:22Z,2020-08-03T10:18:37Z,b22ecde6aef53bb0ea1d236d58545f50255245696031a9273b78e20dff88a07e,2020-07-03T10:18:22Z,2020-08-03T10:18:37Z,0,0,10,10,True,True,True,HISTORICAL_DENOMINATOR_EXPANSION_REQUIRED,False,bec6342bca3b549465b262e941aa54cf4c46fec77adfe751aad924f45dccd281
cs,bsc,2023-05-22T11:13:16Z,2023-05-23T11:13:18Z,011965fe07643d3d324f34e6fedcddfeb1a559db2ead4858444a0eb42267a282,2023-04-22T11:13:16Z,2023-05-23T11:13:18Z,16,2,10,8,True,True,True,HISTORICAL_DENOMINATOR_EXPANSION_REQUIRED,False,0d864d6e71e0d40837fe5336717faab9442406261ee290f92e1e4db1eb35dabb
curve_llamalend,ethereum,2025-03-19T21:57:47Z,2025-03-20T21:57:47Z,acf203e949c23a9053666775d5914b8a4edc7a57afe3a35cdc6f00929804bcf1,2025-02-17T21:57:47Z,2025-03-20T21:57:47Z,63,10,10,0,True,True,True,NO_DEPLOYMENT_SCOPE_DEFICIT,False,16355a015307d85d905e4819b93cdb80f1d01b8c77779a7b29380a90b9a83005
dbw,bsc,2022-09-30T13:59:48Z,2022-10-01T13:59:48Z,a9045eea5d8ecd4705b05ec215ef3102006d2fb0f4c31bc3b8e10743e343ffdd,2022-08-31T13:59:48Z,2022-10-01T13:59:48Z,5,0,10,10,True,True,True,HISTORICAL_DENOMINATOR_EXPANSION_REQUIRED,False,023d12d7ee4c2fd81cc20115057e0c80f78d2c0504974d7855a2651a909e380e
dcf_token,bsc,2024-11-22T09:08:33Z,2024-11-23T09:08:35Z,8323f9b4f7d8165e04a0347aa787887bd79a166485d3222c68d4a36f33e6829a,2024-10-23T09:08:33Z,2024-11-23T09:08:35Z,6,3,10,7,True,True,True,HISTORICAL_DENOMINATOR_EXPANSION_REQUIRED,False,b30e2ab23ec4041468b797b64e21607e8cb11c657c06728f1c550b83b8d68951
ddcoin,bsc,2023-05-30T14:50:28Z,2023-05-31T14:50:29Z,26b867114a7a42ad13476fe2a48c61d21519a457021644f414fa8d0047d28907,2023-04-30T14:50:28Z,2023-05-31T14:50:29Z,18,0,10,10,True,True,True,HISTORICAL_DENOMINATOR_EXPANSION_REQUIRED,False,26ac1b84b13412aef84ec64ef6e2f2682b760e6c5e0e44924b936eb1261eb175
defiplaza,ethereum,2021-10-03T13:55:06Z,2021-10-04T13:55:26Z,281bcc9270086c6778ad123e27502aeaa5069efbc144af23dce89b8d70e8d7b2,2021-09-03T13:55:06Z,2021-10-04T13:55:26Z,0,0,10,10,True,True,True,HISTORICAL_DENOMINATOR_EXPANSION_REQUIRED,False,95776996ef5f372d5bd73e69556af02faa447bde14f9ab65176e0d3c47cfe9ee
depayrouter,ethereum,2021-02-27T15:14:43Z,2021-02-28T15:14:45Z,d3f98feb3de9a5183c3657f86ea8275cbffcf9533b4071f3cd6c22ec1e3659d2,2021-01-28T15:14:43Z,2021-02-28T15:14:45Z,1,0,10,10,True,True,True,HISTORICAL_DENOMINATOR_EXPANSION_REQUIRED,False,365a5a23638fd6ab17ca4bdc418cb3ac2e889ecb1ef2dfc3098317e1aa3b5c1c
depusdt_levusdc,ethereum,2023-05-20T12:03:23Z,2023-05-21T12:03:23Z,96dd0776361509bc8a661ec7e5f099811d536e62a6cc5262d048a61b08d78de0,2023-04-20T12:03:23Z,2023-05-21T12:03:23Z,0,0,10,10,True,True,True,HISTORICAL_DENOMINATOR_EXPANSION_REQUIRED,False,294bc6049f296d67e9680bccc45443e249dff61a714902934405dbe4cb963e44
dexible,ethereum,2023-02-15T17:31:47Z,2023-02-16T17:31:47Z,0316c05a303084cde0fb2b6d3e605575d61bdeb25994319c932e0ff3db50bb5e,2023-01-16T17:31:47Z,2023-02-16T17:31:47Z,0,0,10,10,True,True,True,HISTORICAL_DENOMINATOR_EXPANSION_REQUIRED,False,86f8ddfe1d371da5cc4de071dc6fdb5682e4b9704d06551985510f3a66cf9128
dfs,bsc,2022-12-09T12:31:23Z,2022-12-10T12:31:23Z,ead8d194053fefdf9a751297c9d80d4e7ef6cc4b4ce1311288ef60d9c920edf9,2022-11-09T12:31:23Z,2022-12-10T12:31:23Z,8,1,10,9,True,True,True,HISTORICAL_DENOMINATOR_EXPANSION_REQUIRED,False,ba1aa22e6a1c34b35352e8a45a174da593e3e98dd01935193839149d1a6cd013
dfx,ethereum,2022-10-14T16:44:47Z,2022-10-15T16:44:47Z,d6c848fbd8ae28ae51673d77514328d8ad8f5bd3a40903f647a5b64bf90b3a70,2022-09-14T16:44:47Z,2022-10-15T16:44:47Z,0,0,10,10,True,True,True,HISTORICAL_DENOMINATOR_EXPANSION_REQUIRED,False,d1ffa7977431ec27ad9a045c758726bbab16c99caf219f3710aba468bf720369
discover,bsc,2022-05-30T05:35:56Z,2022-05-31T05:35:58Z,ceaff0684f0b5cb10c01905a1f67fb11fa09efe74b2d9718909ec528288fd948,2022-04-30T05:35:56Z,2022-05-31T05:35:58Z,16,4,10,6,True,True,True,HISTORICAL_DENOMINATOR_EXPANSION_REQUIRED,False,2a1b11e586379378ef43a46d998921a6ddcfc26064ed39058265abefcaad1d7e
dodo_flashloan,ethereum,2021-02-26T12:07:46Z,2021-02-27T12:07:58Z,f12119298aa8219e9e2445d14bcc48eeb863bcc9bd64e9d14b2a8467b8047a8c,2021-01-27T12:07:46Z,2021-02-27T12:07:58Z,1,0,10,10,True,True,True,HISTORICAL_DENOMINATOR_EXPANSION_REQUIRED,False,f9d9e5a1476b7a628fdc019f92847edbfe5452ea17b1d2a7a3c3b10679ab8584
doughfina,ethereum,2024-06-13T16:22:23Z,2024-06-14T16:22:23Z,26364ff8f85001f56f1a167da871c12f4c2ff7e95b411de7ad91ff8f64fba98f,2024-05-14T16:22:23Z,2024-06-14T16:22:23Z,1,1,10,9,True,True,True,HISTORICAL_DENOMINATOR_EXPANSION_REQUIRED,False,a793f52c56870e022d00f1eef74b78efd57a8ec83ee232d921e6aeab0b61dbaf
dpc,bsc,2022-09-07T09:14:55Z,2022-09-08T09:14:56Z,cf2d3b69bc7358fe130b5484f2aa7582bb2f656f5aba22929d74f28a8cf2b963,2022-08-08T09:14:55Z,2022-09-08T09:14:56Z,7,0,10,10,True,True,True,HISTORICAL_DENOMINATOR_EXPANSION_REQUIRED,False,898a78cbf7f409a1e79549cf5e8e844dd810cb8591ae0425dbb83da40d09d4de
dualpools,bsc,2023-02-05T01:21:17Z,2023-02-06T01:21:18Z,08dbea47b7a9f991ef00c048dd04e40f7409e3367abd5e44823d83ecf42248ca,2023-01-06T01:21:17Z,2023-02-06T01:21:18Z,8,1,10,9,True,True,True,HISTORICAL_DENOMINATOR_EXPANSION_REQUIRED,False,64c4a042546c9f2d4f1592982f968ddc3c82feca3339637f3f13f40d9e46ace1
dyna,bsc,2023-02-01T12:23:49Z,2023-02-02T12:23:49Z,17558595e55648c2bca0f4ded281da51fc4369d4a964167b7178c4bd86837040,2023-01-02T12:23:49Z,2023-02-02T12:23:49Z,7,0,10,10,True,True,True,HISTORICAL_DENOMINATOR_EXPANSION_REQUIRED,False,46540d71f047c03021aab207b7eaebd1d235cd33c4b42b6bce7feb82c3d68163
dyson_money,bsc,2023-06-27T19:54:37Z,2023-06-28T19:54:38Z,38b9092bc40c2893c59dd197c5da05fbc176326b1ed6d7ac41a4b3bd4a1c1ff5,2023-05-28T19:54:37Z,2023-06-28T19:54:38Z,6,0,10,10,True,True,True,HISTORICAL_DENOMINATOR_EXPANSION_REQUIRED,False,ab62992b37741f0877d8c90d98bdc815509873f382fba4f70b68ff137d4db0a1
eac,bsc,2023-01-16T16:24:03Z,2023-01-17T16:24:05Z,d6f72a9ef03da80a5e02208b50ce6c75171eb2843d1789f62820172e8dbc0cd0,2022-12-17T16:24:03Z,2023-01-17T16:24:05Z,4,1,10,9,True,True,True,HISTORICAL_DENOMINATOR_EXPANSION_REQUIRED,False,0188e7970a23179aa48064117732e428f0d48c262c87c31b67d5d4159357c1c1
earningfram,ethereum,2022-11-10T07:25:23Z,2022-11-11T07:25:23Z,bd18adcca6d99d5b1a34cb260a6b8d52b7f0c22281a201485c358dedfb53bf23,2022-10-11T07:25:23Z,2022-11-11T07:25:23Z,0,0,10,10,True,True,True,HISTORICAL_DENOMINATOR_EXPANSION_REQUIRED,False,3db7b523da822b5ca1d2c8ba70ecb746221b3631b9998d3fcf45c60dee9c9844
eflevervault,ethereum,2022-05-27T05:12:32Z,2022-05-28T05:12:39Z,8d0c0196d5dc83947dc46550f540aa80a2965d84b846fe5f8b5ae47ad630d62e,2022-04-27T05:12:32Z,2022-05-28T05:12:39Z,0,0,10,10,True,True,True,HISTORICAL_DENOMINATOR_EXPANSION_REQUIRED,False,076a95b1600c7e296296e39f48b01f40628b6aea1ca3979321fcf15957142d42
efvault,ethereum,2022-10-07T19:02:35Z,2022-10-08T19:02:35Z,1616189f14da4202910e9596eb71b746a11062736336b56b2645fc66b6821c3d,2022-09-07T19:02:35Z,2022-10-08T19:02:35Z,0,0,10,10,True,True,True,HISTORICAL_DENOMINATOR_EXPANSION_REQUIRED,False,a1445490a0359bc2d24cb6e625d3349cbbfa4509e2ca7494db90e3b5dca6b682
egd_finance,bsc,2022-07-28T06:50:25Z,2022-07-29T06:50:26Z,2c9a658f92471a2ff42778ca5abb585d984f276fad0b4bfbd14c2bb7c433ceec,2022-06-28T06:50:25Z,2022-07-29T06:50:26Z,16,1,10,9,True,True,True,HISTORICAL_DENOMINATOR_EXPANSION_REQUIRED,False,9910a809ee7f609fb2555031f50a245b05d293c1340f95dd93cff1894c558128
ehive,ethereum,2022-09-08T16:56:46Z,2022-09-09T16:56:51Z,1b10935be6dcf914d04f8fba42b7f273a8b7e2495afe6ad8bcb3e27442921319,2022-08-09T16:56:46Z,2022-09-09T16:56:51Z,0,0,10,10,True,True,True,HISTORICAL_DENOMINATOR_EXPANSION_REQUIRED,False,2b49f2626850c0f91cf2bb7db37b7bb6a8fe5b717a59f436367905e26b1e00d7
ehx,bsc,2022-03-07T13:47:47Z,2022-03-08T13:47:48Z,123557f8b36998332a546d8f01b36f843d3049d1b9635bf307ac685895bd7263,2022-02-05T13:47:47Z,2022-03-08T13:47:48Z,33,10,10,0,True,True,True,NO_DEPLOYMENT_SCOPE_DEFICIT,False,5b535338934e7904de835b17d841d8d3ada2de2eb0193e524de3331f31cc3da5
eleven,bsc,2021-04-25T02:52:04Z,2021-04-26T02:52:04Z,062461ccb4b9580be5547711c0632ce695c2a7f5a787631d999eb133cda0652b,2021-03-26T02:52:04Z,2021-04-26T02:52:04Z,4,0,10,10,True,True,True,HISTORICAL_DENOMINATOR_EXPANSION_REQUIRED,False,c13baa63aa6405906ad7f64f76774dabfd6e047ec619fb7ea94f9f1a240e5a55
erc20tokenbank,ethereum,2021-01-27T09:44:58Z,2021-01-28T09:45:09Z,a67f49d261b560602dab37d304cfd1460719f32ebbce738be080944458b65481,2020-12-28T09:44:58Z,2021-01-28T09:45:09Z,0,0,10,10,True,True,True,HISTORICAL_DENOMINATOR_EXPANSION_REQUIRED,False,a8489b8407aa711257594f4b9f1ab42bc04e9e6261d4a654818b3dd81d37aae3
est,bsc,2026-03-20T12:57:01Z,2026-03-21T12:57:01Z,68927c8ad17fec3491888fd6c55908116133920be939d90d4a55879de4d2b8ea,2026-02-18T12:57:01Z,2026-03-21T12:57:01Z,1,0,10,10,True,True,True,HISTORICAL_DENOMINATOR_EXPANSION_REQUIRED,False,c759b59394dacc91a08f398187a4a207e69e448bf8666a0f8d64f8107068d760
ethfin,bsc,2021-10-27T06:21:02Z,2021-10-28T06:21:03Z,6f77241a10320b4565948c2ff139d0a0b303b0398cd28a9216313fb0c681eac4,2021-09-27T06:21:02Z,2021-10-28T06:21:03Z,19,7,10,3,True,True,True,HISTORICAL_DENOMINATOR_EXPANSION_REQUIRED,False,f787b51007d7052882b03bc1587e8d7e8b9408c370c26c616bf6d93c6aba8eea
etnproduct,bsc,2022-08-02T17:03:17Z,2022-08-03T17:03:19Z,074bd1feb74390b33b08baab8978409afc2ed76fae388b75b706b86f6f5ef9a4,2022-07-03T17:03:17Z,2022-08-03T17:03:19Z,15,0,10,10,True,True,True,HISTORICAL_DENOMINATOR_EXPANSION_REQUIRED,False,455738034b398d4d48e3c7cfec3bb6a8335b4d97a1f871aaf363502b04600dc3
excommunity,bsc,2024-05-15T08:19:02Z,2024-05-16T08:19:02Z,ed7c46a03f0c53ab07b6d3298b02fedd54b66a3a0fa0dfbdc587699fbeb0efd9,2024-04-15T08:19:02Z,2024-05-16T08:19:02Z,5,5,10,5,True,True,True,HISTORICAL_DENOMINATOR_EXPANSION_REQUIRED,False,7f9a58791c13cd5d9c6a8280788e84901853d78dc592361a46526d6bf6fb535c
fdp,bsc,2021-06-05T15:32:33Z,2021-06-06T15:32:33Z,61b0178a678dd9a0c973b6efe03e47b8e28bbe28638436bb4eb0cc67ba9f75cf,2021-05-06T15:32:33Z,2021-06-06T15:32:33Z,16,0,10,10,True,True,True,HISTORICAL_DENOMINATOR_EXPANSION_REQUIRED,False,0a66a9e67b4c2e59fe1ab63d4f62450b6dd1a55fc120c1f4803a38ff6b6f68d4
ffist,bsc,2023-05-27T04:36:01Z,2023-05-28T04:36:01Z,48625eebc2de7bebdca15941d30e1e0f54100f059b8221dc59313599fb9da248,2023-04-27T04:36:01Z,2023-05-28T04:36:01Z,18,0,10,10,True,True,True,HISTORICAL_DENOMINATOR_EXPANSION_REQUIRED,False,5d17b6c029d713b42bd516f266965712a9b0a004b607fd349abc86f22f90c06a
floordao,ethereum,2022-02-27T21:34:11Z,2022-02-28T21:34:21Z,8a107d063c75300edfae725a273e47f2e6384a1731f2944ef5738d3477c58c8c,2022-01-28T21:34:11Z,2022-02-28T21:34:21Z,1,0,10,10,True,True,True,HISTORICAL_DENOMINATOR_EXPANSION_REQUIRED,False,5af5bcdfeb17fa4f4fbdb11ee4d4095ca27ce6d6b516e44d5a59948fbdf86840
floorprotocol,ethereum,2023-10-13T14:03:47Z,2023-10-14T14:03:47Z,a95ad83ccd3ddd895ecc375ccade61d34ead8eacc22053a0490f578c8443f3d8,2023-09-13T14:03:47Z,2023-10-14T14:03:47Z,0,0,10,10,True,True,True,HISTORICAL_DENOMINATOR_EXPANSION_REQUIRED,False,cbebe568f0026ef59818510d18d5cbae26b6103b8279bb0155f3663085fc8e78
fpc,bsc,2025-06-30T14:56:21Z,2025-07-01T14:56:21Z,b69fc03f430387ebc910176c23262e5e69b2bc8de37551b434531a6569415389,2025-05-31T14:56:21Z,2025-07-01T14:56:21Z,3,0,10,10,True,True,True,HISTORICAL_DENOMINATOR_EXPANSION_REQUIRED,False,dd8b79f4fc3891452c88426bae3ee4f34a9a33f5c1650feb856d2a9a5b29de82
futureswap,arbitrum,2021-10-13T17:26:24Z,2021-10-14T17:26:40Z,3b916c9056b2bf6382c014941149c3172fabaeb5b4a065cfcd86776019740654,2021-09-13T17:26:24Z,2021-10-14T17:26:40Z,5,5,10,5,True,True,True,HISTORICAL_DENOMINATOR_EXPANSION_REQUIRED,False,e94453bdf4d5c2d97bc2c638d1c578f710d2dd2a5adfa5d3aac180852d02de89
gain,ethereum,2022-07-21T12:33:28Z,2022-07-22T12:33:30Z,a8d80dafb6714f66b6448ee3dd00e7bdbef0d3b35a193e5e58a0d00ce4a70735,2022-06-21T12:33:28Z,2022-07-22T12:33:30Z,0,0,10,10,True,True,True,HISTORICAL_DENOMINATOR_EXPANSION_REQUIRED,False,c14283efb34ad7aa3c8c13f404c3afeec7750350da96781d6ddcc32b09160f55
gangsterfinance,bsc,2021-06-30T00:03:42Z,2021-07-01T00:03:43Z,7d327975c657b3ae86cb2059792787cdf7d1e8d3a6f0b9c467a504d04126dea3,2021-05-31T00:03:42Z,2021-07-01T00:03:43Z,29,0,10,10,True,True,True,HISTORICAL_DENOMINATOR_EXPANSION_REQUIRED,False,2586fef9ca8d455a59d2549688f45ea6e1943a46491f6c6f1d2f1b09f9d97df9
gds,bsc,2022-12-04T06:21:05Z,2022-12-05T06:21:07Z,b2bb26e6eeb11562dc4e79c588e1f7c9dd6593219a2ba75d92a47831afc03df0,2022-11-04T06:21:05Z,2022-12-05T06:21:07Z,9,0,10,10,True,True,True,HISTORICAL_DENOMINATOR_EXPANSION_REQUIRED,False,a4ef1c542f4ee2b2d597332286ee75e7991c4cd2d3f5af066b5c32fc21f0b08d
goodcompound,ethereum,2019-05-07T01:07:17Z,2019-05-08T01:07:17Z,81057434cae723a8b96af3685cffe3a9585394edbec8ca3a720a3e3c37d7dc5a,2019-04-07T01:07:17Z,2019-05-08T01:07:17Z,0,0,10,10,True,True,True,HISTORICAL_DENOMINATOR_EXPANSION_REQUIRED,False,07377bbfe9453907bfc303a7e2f90f35dc04bbb524d76fa830673ff09c3384de
gooddollar,ethereum,2022-03-07T08:26:15Z,2022-03-08T08:26:39Z,a6dde7fb18ad29701c78796aa73ad3e3cd7f5a9a3622b86ed843de89fff5fa7c,2022-02-05T08:26:15Z,2022-03-08T08:26:39Z,0,0,10,10,True,True,True,HISTORICAL_DENOMINATOR_EXPANSION_REQUIRED,False,3680b3f6f24ea2999fd2950ee6930801ddd53a73d35a72741caa853c8149fc96
grizzifi,bsc,2025-08-12T06:24:07Z,2025-08-13T06:24:07Z,a587e7f1ccc8061fc3fc456744f13d159791af3aa1c1c7005f80f6ecb23556cc,2025-07-13T06:24:07Z,2025-08-13T06:24:07Z,6,0,10,10,True,True,True,HISTORICAL_DENOMINATOR_EXPANSION_REQUIRED,False,ce3e67a0f0ff31c89c0ac755524543413994a0cf625074247c034135512c37ff
grok,ethereum,2023-11-04T04:19:11Z,2023-11-05T04:19:23Z,af48f749d8ef30afb6ae7a16b17a2661f9dc27ed0d796d5220f774dbd8f33a84,2023-10-05T04:19:11Z,2023-11-05T04:19:23Z,0,0,10,10,True,True,True,HISTORICAL_DENOMINATOR_EXPANSION_REQUIRED,False,7e2e82015a49a9b88e08cc1f717054a3732d6ff32ad5664d5aeb6c2f1ee96cd1
gym_1,bsc,2022-03-24T11:10:59Z,2022-03-25T11:11:01Z,a1833124d88a9f3f4e63e370a8eccacd61c7a7a83c8721304455ceec0d773efb,2022-02-22T11:10:59Z,2022-03-25T11:11:01Z,20,2,10,8,True,True,True,HISTORICAL_DENOMINATOR_EXPANSION_REQUIRED,False,847f62240219f9b7d14a4a2f4a311e4a994124e2a77d5adcaf7918131a793f47
gym_2,bsc,2022-05-15T10:41:44Z,2022-05-16T10:41:45Z,24593b290d401d4f0210f688bb4e5cfe3b775933645c6b940c32aea7bdbb3b78,2022-04-15T10:41:44Z,2022-05-16T10:41:45Z,24,10,10,0,True,True,True,NO_DEPLOYMENT_SCOPE_DEFICIT,False,4372f2b9c7cfbff5222b51de8547463ce7c98ffc002f04643d824170b0e9d567
gymnet,bsc,2023-04-10T10:24:48Z,2023-04-11T10:24:48Z,e919ae25ad1656b127b38ae611494fb70537d8162514c787241b74ce4b08b88b,2023-03-11T10:24:48Z,2023-04-11T10:24:48Z,9,9,10,1,True,True,True,HISTORICAL_DENOMINATOR_EXPANSION_REQUIRED,False,8383e26da0106073ef89540eb33b17828e2ad4fd8499c5e47601e29bc5c764f1
hackdao,bsc,2022-02-11T05:05:15Z,2022-02-12T05:05:15Z,74936f3194d384494f92b55ce0a77877accd0a0d00a68750f172a7c73cd1b2aa,2022-01-12T05:05:15Z,2022-02-12T05:05:15Z,36,10,10,0,True,True,True,NO_DEPLOYMENT_SCOPE_DEFICIT,False,a8fd722c0f45c950e8812ea3671fa1cda183be03ea87a17a3fa926c2327d1e79
harvestfinance,ethereum,2020-10-19T14:02:34Z,2020-10-20T14:02:35Z,eb4814ab3f62f300dffdabfe367133df288ca921ea5b4128d7f91c9cb3dacab2,2020-09-19T14:02:34Z,2020-10-20T14:02:35Z,3,0,10,10,True,True,True,HISTORICAL_DENOMINATOR_EXPANSION_REQUIRED,False,8cf5ac3388330f2a2bc5f1e8e11e87bc155cb534531462ddf2d85f9cd2568399
hct,bsc,2023-09-03T23:16:15Z,2023-09-04T23:16:17Z,af073e041e935e4136d0f32abe3db0282abe0663206194724b27c66b8b4a4863,2023-08-04T23:16:15Z,2023-09-04T23:16:17Z,6,0,10,10,True,True,True,HISTORICAL_DENOMINATOR_EXPANSION_REQUIRED,False,f2538f65dcde2e88175d07cb78e9cf18cb24f91c09f13d463c629d1f813f9271
health,bsc,2022-09-03T14:53:04Z,2022-09-04T14:53:04Z,64f3661d8ef072f393298212ae6eee306b2d752282a74c4976d4d0064ab2b426,2022-08-04T14:53:04Z,2022-09-04T14:53:04Z,6,0,10,10,True,True,True,HISTORICAL_DENOMINATOR_EXPANSION_REQUIRED,False,8bc0cfb918a2546c588707711c09d1cf091bc14c467d9df03f1f6f6f5f978594
heavensgate,ethereum,2023-05-20T02:00:23Z,2023-05-21T02:00:23Z,efbcec5fa64a748a394715b3231bd25719586a69afbf0477e7f3938879f11250,2023-04-20T02:00:23Z,2023-05-21T02:00:23Z,0,0,10,10,True,True,True,HISTORICAL_DENOMINATOR_EXPANSION_REQUIRED,False,715083d3f69c31136cc58166fbed430f018b90fa9a83c0080c6dee891051270f
hedgeyfinance,ethereum,2023-11-22T16:04:11Z,2023-11-23T16:04:11Z,f2563bd35e6876326cf1c3f6bde7e82b74f05248de076bd9112ded87eb51552a,2023-10-23T16:04:11Z,2023-11-23T16:04:11Z,0,0,10,10,True,True,True,HISTORICAL_DENOMINATOR_EXPANSION_REQUIRED,False,315f53698b4b43549e1b2c9adfea7b8f2e14b311cf14505facdaa6726294043a
hegic_options,ethereum,2022-01-04T04:25:44Z,2022-01-05T04:26:07Z,34e17e6ba71def13fdb501bbe00d040f96ccc58396914a6074e2d6d3af77f6f4,2021-12-05T04:25:44Z,2022-01-05T04:26:07Z,0,0,10,10,True,True,True,HISTORICAL_DENOMINATOR_EXPANSION_REQUIRED,False,e5d334e3f08e473696a472c79b0005df3d21861beddd308944939b549bf255e8
hexotic,ethereum,2020-01-06T04:56:47Z,2020-01-07T04:56:51Z,5c3eda04bde15733c14de3ef09de345d288bfb3fc06d707da452947a1103e9a2,2019-12-07T04:56:47Z,2020-01-07T04:56:51Z,0,0,10,10,True,True,True,HISTORICAL_DENOMINATOR_EXPANSION_REQUIRED,False,872014e4ba68ae9f75229a8ff01454be5f22614655827fb16acafce70f5c00ae
hodlcapital,ethereum,2021-11-23T23:40:20Z,2021-11-24T23:40:35Z,4acadd77975dcaeebefb0c95ab49ba2d6fd2648d89ea831684656bedb3db336d,2021-10-24T23:40:20Z,2021-11-24T23:40:35Z,0,0,10,10,True,True,True,HISTORICAL_DENOMINATOR_EXPANSION_REQUIRED,False,507ff6c01bdf9dee37f191fcabfcb89542946a3a3e72dc9954a018f551582f74
hopelend,ethereum,2023-08-07T06:11:59Z,2023-08-08T06:11:59Z,7ca68e8c6cdf2aca9f45aebf6eadd798e2ba42adbbb8b10a2cb48415e206a705,2023-07-08T06:11:59Z,2023-08-08T06:11:59Z,0,0,10,10,True,True,True,HISTORICAL_DENOMINATOR_EXPANSION_REQUIRED,False,feff34c86653623737ed9cff0351cf4d0e5727c08134738bc0bf25cfe313f8da
hydt,bsc,2024-01-05T10:22:36Z,2024-01-06T10:22:37Z,5321f28a900538520a5237a896b8f06eaa2e1e5db31256118ab2f0e6b3c3b175,2023-12-06T10:22:36Z,2024-01-06T10:22:37Z,5,3,10,7,True,True,True,HISTORICAL_DENOMINATOR_EXPANSION_REQUIRED,False,ad0cc318b4f5e805365c5d625b0ec246977fc3270654322ad2de1bfb13d96c09
hypr,ethereum,2023-11-14T17:39:11Z,2023-11-15T17:39:11Z,f4e69a6129311907acb99cc19bffa1c49b5200ac2d03486b588b35a3039d0bc4,2023-10-15T17:39:11Z,2023-11-15T17:39:11Z,0,0,10,10,True,True,True,HISTORICAL_DENOMINATOR_EXPANSION_REQUIRED,False,18d9c2a4c012cc577ece3ebd5f94f57d0ee3c7258fdc39bced4fab2b0750cd53
idols_nft,ethereum,2022-03-02T00:24:23Z,2022-03-03T00:24:26Z,314dde7cdaa5753ea0cef98f23d40259d4f216197f2eafca721585a6c7b3a7f9,2022-01-31T00:24:23Z,2022-03-03T00:24:26Z,1,0,10,10,True,True,True,HISTORICAL_DENOMINATOR_EXPANSION_REQUIRED,False,667935f8c518d0ef22d0091a5daf6eb8c1f8a9adfb4a633723cbc7293144e974
incufi,bsc,2024-05-16T16:10:05Z,2024-05-17T16:10:07Z,c63f795c75cec38c4778854d41729ad9a87e9f3d961a415775c5b329d011c89c,2024-04-16T16:10:05Z,2024-05-17T16:10:07Z,3,0,10,10,True,True,True,HISTORICAL_DENOMINATOR_EXPANSION_REQUIRED,False,aa7a6991296a8afd50ae8a0404054c5d52692e1f183412444953c2cbb4f82fd2
indexedfinance,ethereum,2020-12-02T08:39:14Z,2020-12-03T08:39:19Z,553dd71cfcf5131d0365d5573d94955d8a14a83be072ffa8ff6c61c17d03c1ec,2020-11-02T08:39:14Z,2020-12-03T08:39:19Z,1,0,10,10,True,True,True,HISTORICAL_DENOMINATOR_EXPANSION_REQUIRED,False,00747928db1cf0ee927a30fa456869d0b661852c3f88e5cfb35e5256c2380a0d
inuko,bsc,2022-10-03T07:15:48Z,2022-10-04T07:15:49Z,b2c28ad8ae6604bf3b26d35d9112e8b054c8017134964d9a92bb0040fcf9e3ae,2022-09-03T07:15:48Z,2022-10-04T07:15:49Z,4,0,10,10,True,True,True,HISTORICAL_DENOMINATOR_EXPANSION_REQUIRED,False,97d5715fe8b2e6239a4c7f701e89c13c567b701eed56498ead6b8ac2f78f1c78
inversefinance,ethereum,2021-02-23T21:41:08Z,2021-02-24T21:41:12Z,7d239f8efed738b8670a9a2aa001e19882ea374b4040e633c2f31e2db2cb4d61,2021-01-24T21:41:08Z,2021-02-24T21:41:12Z,1,0,10,10,True,True,True,HISTORICAL_DENOMINATOR_EXPANSION_REQUIRED,False,829e4018e29e646195e467daf340024607c7e539e77f0215378a34ffd81cb5a6
ipc,bsc,2024-12-31T05:17:04Z,2025-01-01T05:17:05Z,cdb3f31225c3f585c2418f22fb09dcef204e2cac9b20a6ef97a5a98437ef91a8,2024-12-01T05:17:04Z,2025-01-01T05:17:05Z,2,0,10,10,True,True,True,HISTORICAL_DENOMINATOR_EXPANSION_REQUIRED,False,cb809131019f29d28534fe7ada5fdb1f1b2cd78ff7881dbfa83be5e9f4b06cc5
it,bsc,2024-03-09T20:56:42Z,2024-03-10T20:56:42Z,d031cc01ef0087d7842ada36ace73f0742ab206ef104a2448c2d2a9ba22b632d,2024-02-08T20:56:42Z,2024-03-10T20:56:42Z,3,0,10,10,True,True,True,HISTORICAL_DENOMINATOR_EXPANSION_REQUIRED,False,86b1cf39484b634af561cfd7ae278cd30eac8babf55cef8125c6eac9a40e5a02
ivestdao,bsc,2024-06-15T22:16:41Z,2024-06-16T22:16:43Z,2e1c0b139f5922e7fd5aa028d69f08a6d445fb85321cdc7269ed2528a1f6f143,2024-05-16T22:16:41Z,2024-06-16T22:16:43Z,1,0,10,10,True,True,True,HISTORICAL_DENOMINATOR_EXPANSION_REQUIRED,False,89f64ae6ba269424138fe93dad888b4d23e53059713726d612a102a3c84edfef
j_pulsepot,bsc,2023-06-17T02:08:38Z,2023-06-18T02:08:38Z,80167c578f8abf84a4fb1a2648f8b7422cd62fb234859b7d95dfa4f4108b2d8a,2023-05-18T02:08:38Z,2023-06-18T02:08:38Z,14,0,10,10,True,True,True,HISTORICAL_DENOMINATOR_EXPANSION_REQUIRED,False,ceaf1c390cd5641a60b87e32e1f187f8db703d53624943f11d8222d762afc2bb
jay,ethereum,2022-07-18T23:47:59Z,2022-07-19T23:48:00Z,76dc43fa0afb172d07fca0bf0815b80f685e578b6e9f2553286897fd9cabf862,2022-06-18T23:47:59Z,2022-07-19T23:48:00Z,0,0,10,10,True,True,True,HISTORICAL_DENOMINATOR_EXPANSION_REQUIRED,False,9955f919f9db1ec151b16787b79c47c8863d3bdaa4363ea20b1b36bcb6152a6f
jokinthebox,ethereum,2024-05-15T10:26:35Z,2024-05-16T10:26:35Z,36adabd793eb8eb19033e070c6615c87c4a6fed315ccc6748498d7050d71262c,2024-04-15T10:26:35Z,2024-05-16T10:26:35Z,0,0,10,10,True,True,True,HISTORICAL_DENOMINATOR_EXPANSION_REQUIRED,False,a97ce667dec354f0cac429c8cc18b2aaf5c676517b8dcacd10ec51b50e1ba8e7
julswap,bsc,2020-09-20T19:01:43Z,2020-09-21T19:01:43Z,58857fc92b7fe8cc38eec7eccee8ddb8c9ec708d4e0bbcf47d623f70e74fe553,2020-08-21T19:01:43Z,2020-09-21T19:01:43Z,0,0,10,10,True,True,True,HISTORICAL_DENOMINATOR_EXPANSION_REQUIRED,False,082b8bfd26e505daf4fbad89afd47f3cd3cbe4ca12891f4f16fcfcd92b7b76d0
jumpfarm,ethereum,2023-08-08T22:39:35Z,2023-08-09T22:39:35Z,c82f75cd49a0c926ea101a3f9cc1a3edd6f8ba06e82b434072aff962d4ceba89,2023-07-09T22:39:35Z,2023-08-09T22:39:35Z,0,0,10,10,True,True,True,HISTORICAL_DENOMINATOR_EXPANSION_REQUIRED,False,aa89d95735c37ab2ab974275edb7b63ee7ec314837b418a535fda01196e3be46
kashi,ethereum,2021-06-03T02:51:37Z,2021-06-04T02:51:42Z,40767bb18ba89c404fce72dfe1df474c91ac3d83fa39ce1dc127fe6c416a2af5,2021-05-04T02:51:37Z,2021-06-04T02:51:42Z,0,0,10,10,True,True,True,HISTORICAL_DENOMINATOR_EXPANSION_REQUIRED,False,d6af927356df6c6079297bbd595bb5d5ee94ee381067cc8a9085b7e7778fa790
kest,bsc,2023-12-10T11:42:32Z,2023-12-11T11:42:32Z,e6b222dff120ac278457f4e2822e3b521dbe9a0ee3e01eeb6a614ee5833627e6,2023-11-10T11:42:32Z,2023-12-11T11:42:32Z,7,0,10,10,True,True,True,HISTORICAL_DENOMINATOR_EXPANSION_REQUIRED,False,5d8039cfbcc5891296d40104b555844321cc3800c171b8d8381ebc9f15f6fb8e
ktaf,ethereum,2020-07-24T00:02:01Z,2020-07-25T00:02:02Z,be5f2eca6e5bfc5e7079cbe5d318f6338db885422a7aa07ffbffcf1c54530fb6,2020-06-24T00:02:01Z,2020-07-25T00:02:02Z,0,0,10,10,True,True,True,HISTORICAL_DENOMINATOR_EXPANSION_REQUIRED,False,1289bd5f9764714ae7314c81ff6975f385c59551826c13c1ac4ca82facc853b2
kub_split,bsc,2023-09-19T07:19:53Z,2023-09-20T07:19:55Z,1cd33bda34b12478d1b0ef63c6e2e2f61ffa72c7286a169f6c50e3cf6714f643,2023-08-20T07:19:53Z,2023-09-20T07:19:55Z,4,0,10,10,True,True,True,HISTORICAL_DENOMINATOR_EXPANSION_REQUIRED,False,7cfe7f696e718ca2ee2979da491ae143c65bab2c860a28ece7d0c9d4d70db336
laeeb,bsc,2022-05-26T03:37:32Z,2022-05-27T03:37:33Z,731d75963bcd7d5d753460158363689adbbd0469f99051a8b08dfcf8056b667c,2022-04-26T03:37:32Z,2022-05-27T03:37:33Z,18,2,10,8,True,True,True,HISTORICAL_DENOMINATOR_EXPANSION_REQUIRED,False,ed9eb6a3df2878ebf1f1fa46ee769fa11570ad3ae7dab5a95a5f402f076faf57
laura_token,ethereum,2024-12-30T17:13:23Z,2024-12-31T17:13:23Z,26b79968270a7ca98d5e35a74229992ce5dc9c56d76e2474ba2fca50bc29d1df,2024-11-30T17:13:23Z,2024-12-31T17:13:23Z,0,0,10,10,True,True,True,HISTORICAL_DENOMINATOR_EXPANSION_REQUIRED,False,0c5bfa0a3e37d4ece0d6ceeabcabf51ff872e0b8fcade65ba526ae857686124f
laxo_token,bsc,2026-02-12T17:23:21Z,2026-02-13T17:23:21Z,5948588259f958f3f03f38dc6a3eaa4fd9089bc13d6b0e1e82397f860def9029,2026-01-13T17:23:21Z,2026-02-13T17:23:21Z,6,4,10,6,True,True,True,HISTORICAL_DENOMINATOR_EXPANSION_REQUIRED,False,7699d472542961519360f2bc4595704aeb0d82bf1d65756d03f1cf941ed9036d
lendfme,ethereum,2019-08-06T06:16:57Z,2019-08-07T06:17:15Z,b33c8091b88d96ab6d36332b6ec77c1f4e61905cd8911f6936f8d30bd7405825,2019-07-07T06:16:57Z,2019-08-07T06:17:15Z,0,0,10,10,True,True,True,HISTORICAL_DENOMINATOR_EXPANSION_REQUIRED,False,cb13cade04af961eaf22875d431f344f53b6dcff46668d12f55376da9b5aa14c
level,bsc,2023-02-19T14:52:54Z,2023-02-20T14:52:54Z,f446319cedd444f8e2fe8520ff0d0267274b6558e6690756ab903df795f78bcb,2023-01-20T14:52:54Z,2023-02-20T14:52:54Z,7,0,10,10,True,True,True,HISTORICAL_DENOMINATOR_EXPANSION_REQUIRED,False,013ae12912580f47319ce8a66e4983dc6507e5bd2caedfb6b374ef4503788397
lifeprotocol,bsc,2025-01-16T16:06:15Z,2025-01-17T16:06:16Z,b5317e39000542220d5e4d7b93fd222cb4ed03c16daf310b4bd9c274b6ea8a9d,2024-12-17T16:06:15Z,2025-01-17T16:06:16Z,3,0,10,10,True,True,True,HISTORICAL_DENOMINATOR_EXPANSION_REQUIRED,False,744c29813f18a474d05ee355a01233fc20692bebaab0edc83e4596074fafaeab
lifiprotocol,ethereum,2022-10-20T10:23:47Z,2022-10-21T10:23:47Z,45aa5061e7b38fb640d1dc74bc870b900350f14bc490325bcd68e0418fcfc2d2,2022-09-20T10:23:47Z,2022-10-21T10:23:47Z,0,0,10,10,True,True,True,HISTORICAL_DENOMINATOR_EXPANSION_REQUIRED,False,db0ac9ff1deb2a6ebcec0ed5fd2e4a32f2caa0cc00db2c5524a0db40d81ce491
liquiditytokens,bsc,2023-03-24T17:38:36Z,2023-03-25T17:38:38Z,9216647b2ef84761276d16b9493f9d51614cbcb9c37540ea261b47258f373ace,2023-02-22T17:38:36Z,2023-03-25T17:38:38Z,5,1,10,9,True,True,True,HISTORICAL_DENOMINATOR_EXPANSION_REQUIRED,False,542e39be1c2095d9223591f3ed9e6b198f958beecc372169a7a6fed5cf852de4
lp_mine,bsc,2025-01-02T05:35:10Z,2025-01-03T05:35:11Z,58674d0ea58b64b36806640a6f363295f5546c0c8f2d9ea2032c6e1730323f46,2024-12-03T05:35:10Z,2025-01-03T05:35:11Z,2,0,10,10,True,True,True,HISTORICAL_DENOMINATOR_EXPANSION_REQUIRED,False,f3a106d2f78fd88df5adb6cfbf968dc38327aa33c23b8d15beb804318c56f46f
lpc,bsc,2022-03-14T12:41:20Z,2022-03-15T12:41:22Z,3545e9962e136f663fed2227490b9230063968a569a65c6cd8237ccfce08250b,2022-02-12T12:41:20Z,2022-03-15T12:41:22Z,32,6,10,4,True,True,True,HISTORICAL_DENOMINATOR_EXPANSION_REQUIRED,False,dfc7ed2f9351aa27fbf351291e7deee5cea61da4165457f8b257f7137523c7fc
lqdx_alert,ethereum,2023-12-29T12:49:59Z,2023-12-30T12:49:59Z,5730395609b936969840cd586aa1d8005bd6efa0e27e66fd1d745d69d360e5f2,2023-11-29T12:49:59Z,2023-12-30T12:49:59Z,0,0,10,10,True,True,True,HISTORICAL_DENOMINATOR_EXPANSION_REQUIRED,False,3de85e3d764f9d1a2593215ad68619764dce4be77c7106c984fdd9da10ec1d0d
luckytiger,ethereum,2022-08-22T05:59:52Z,2022-08-23T06:00:04Z,70a258cfa60d78bdbcaa8191ecac07b81de2adba7bab7bc5abb2d49156f87070,2022-07-23T05:59:52Z,2022-08-23T06:00:04Z,0,0,10,10,True,True,True,HISTORICAL_DENOMINATOR_EXPANSION_REQUIRED,False,74be725af3b59a014f87589f8166b52dc8751cdb0c486c6a1a24fd69b2620188
lusd,bsc,2023-06-12T09:35:18Z,2023-06-13T09:35:18Z,4bd799d0483c3e67a5f09cba5355cdf6ea1a1f797e269a39849c9f8f0dd9cc6d,2023-05-13T09:35:18Z,2023-06-13T09:35:18Z,18,0,10,10,True,True,True,HISTORICAL_DENOMINATOR_EXPANSION_REQUIRED,False,a801813b2424611b9e93b2b016431ef45f663b86cceca56161e09f62a9fc6692
lw,bsc,2023-05-03T05:20:16Z,2023-05-04T05:20:17Z,77a4b59041147c9699774041e9b3a73a41756709a071113e5f901dc97b3b3b2c,2023-04-03T05:20:16Z,2023-05-04T05:20:17Z,10,3,10,7,True,True,True,HISTORICAL_DENOMINATOR_EXPANSION_REQUIRED,False,a90a98b254a1c0e6ae91816ada7cac26ae87c17786d4e6182b6d8e67403fe9f3
mahalend,ethereum,2022-12-12T07:14:35Z,2022-12-13T07:14:35Z,41b069439fbff15b01a8d0cae10af5fd6b5e3fbfe8fa3233fde62160c5dcee04,2022-11-12T07:14:35Z,2022-12-13T07:14:35Z,2,2,10,8,True,True,True,HISTORICAL_DENOMINATOR_EXPANSION_REQUIRED,False,8e48dc1d735468352a736e7a0c94f903ebef215f227726b87b6e710572c2b928
makina,ethereum,2025-10-25T14:13:47Z,2025-10-26T14:13:47Z,e25aea42c1b095b0df64e508a3e09a8b30b69b004e6741da6ea4a9bcf36ac578,2025-09-25T14:13:47Z,2025-10-26T14:13:47Z,67,10,10,0,True,True,True,NO_DEPLOYMENT_SCOPE_DEFICIT,False,d4e60af311e4ba2c3336fa6e64dcddacee0c404ad35b381c39da5a1f55de08cb
mamo,bsc,2023-11-22T06:13:52Z,2023-11-23T06:13:54Z,ddede71057b5a0f4c8fb8eb5ece5dbec6a956028005dab856030f9aea2b549ed,2023-10-23T06:13:52Z,2023-11-23T06:13:54Z,8,0,10,10,True,True,True,HISTORICAL_DENOMINATOR_EXPANSION_REQUIRED,False,1de107829e8ec2aa6a8853f451aab6b70ccae9da96ca010945ae44b3e8a86862
mbc_zzsh,bsc,2022-07-30T14:14:32Z,2022-07-31T14:14:34Z,b3d08158ad5394fea40f0b723a32d15c15b61a1af0c3cbb0993348b3583d0746,2022-06-30T14:14:32Z,2022-07-31T14:14:34Z,17,0,10,10,True,True,True,HISTORICAL_DENOMINATOR_EXPANSION_REQUIRED,False,8eed2c2384d2f21df31be0defc27db726af319c0d2fa8ae6b682e705b3ceea68
meta_pool,ethereum,2023-07-13T22:17:11Z,2023-07-14T22:17:11Z,9c90bed3d30c006b1a6ed37f2474688dda5d26748e61d4cdee53b1f3a7d062bf,2023-06-13T22:17:11Z,2023-07-14T22:17:11Z,0,0,10,10,True,True,True,HISTORICAL_DENOMINATOR_EXPANSION_REQUIRED,False,56ea1d8d453e8ebbc9a34c6394e6a84cc5c7cd11cecf57527252aad53ae9707b
metadragon,bsc,2024-05-03T06:22:10Z,2024-05-04T06:22:10Z,9df36fe6400eb360f089b37fa932a2c3f7208a46612067041160dfdfe425564d,2024-04-03T06:22:10Z,2024-05-04T06:22:10Z,7,0,10,10,True,True,True,HISTORICAL_DENOMINATOR_EXPANSION_REQUIRED,False,e726569e4327b06d58e59152e7af0cd46fc3100506ecb0da6888c13f76820b34
mic,bsc,2023-12-28T12:54:14Z,2023-12-29T12:54:15Z,fadfd746ada7fc5c117bad5627d04c5ef37d580d08936dfe7e3c6ed498690df8,2023-11-28T12:54:14Z,2023-12-29T12:54:15Z,5,0,10,10,True,True,True,HISTORICAL_DENOMINATOR_EXPANSION_REQUIRED,False,4f58071136cf5eea95b542ec81109dae4dd697e12cc50372b0577245d29713a5
mim_spell3,ethereum,2024-03-20T16:22:11Z,2024-03-21T16:22:11Z,4dff2e58d1ce0d9f12a0ce37806c5c7ee79e959c41c5d1b46690a4645040ef75,2024-02-19T16:22:11Z,2024-03-21T16:22:11Z,0,0,10,10,True,True,True,HISTORICAL_DENOMINATOR_EXPANSION_REQUIRED,False,962631a587ec0d2776ffee19e0a137b3d97a4ec4ad4602ce1b532515e049ec12
mimspell,ethereum,2023-01-24T19:02:11Z,2023-01-25T19:02:11Z,70e0ec3820f7020156136d04f03c9145424838c0e3d561a75b73fe4bff7e52af,2022-12-25T19:02:11Z,2023-01-25T19:02:11Z,0,0,10,10,True,True,True,HISTORICAL_DENOMINATOR_EXPANSION_REQUIRED,False,3a441c6c9dc912d7fc7e8af91bc3d1ead4604a7430da8cdf0ea39f93089bad92
mimspell2,ethereum,2023-01-30T15:28:47Z,2023-01-31T15:28:47Z,65ebd271a6a4842387d21d5747e7940d26737848e2de027bede7473a829e155d,2022-12-31T15:28:47Z,2023-01-31T15:28:47Z,0,0,10,10,True,True,True,HISTORICAL_DENOMINATOR_EXPANSION_REQUIRED,False,acd30db3e7d408bc5897f406d01aa29262de9a6da9f024653311e927765f76e4
miner,ethereum,2024-02-11T19:40:23Z,2024-02-12T19:40:23Z,69aa401c08ffeca96e190c50c2eb8f63cc48423085f5024ba2c5f4e49f2afe36,2024-01-12T19:40:23Z,2024-02-12T19:40:23Z,0,0,10,10,True,True,True,HISTORICAL_DENOMINATOR_EXPANSION_REQUIRED,False,3a13bb5a8d4b3ccda9ec46054d30e4412ef75abe4382688447f03c6b18e65de6
miner_bsc,bsc,2024-02-12T11:23:40Z,2024-02-13T11:23:41Z,9d8c1b8e86e444362adc4c7097c72c39915a589f4f38ecbb6cd8da2da593f6f1,2024-01-13T11:23:40Z,2024-02-13T11:23:41Z,7,6,10,4,True,True,True,HISTORICAL_DENOMINATOR_EXPANSION_REQUIRED,False,02947c5e7a862291355c2b7e72519534089d98be2dcb6ef97437c2d57758d2fc
mintofinance,bsc,2023-02-20T10:15:38Z,2023-02-21T10:15:38Z,2eefb368231122b5762ec2e2b7209c92ad326cc8ff6d3b98019d91b35f9ed328,2023-01-21T10:15:38Z,2023-02-21T10:15:38Z,6,0,10,10,True,True,True,HISTORICAL_DENOMINATOR_EXPANSION_REQUIRED,False,2f782ffb25041ce541f7a81c7493c12b19d2af09d15df2d9d9650dbffa5cea3d
mono,ethereum,2021-10-16T03:36:25Z,2021-10-17T03:36:29Z,6f179dc45d0c1678b5835053372a068883f16c4fa09e5554f07a905209f911e0,2021-09-16T03:36:25Z,2021-10-17T03:36:29Z,0,0,10,10,True,True,True,HISTORICAL_DENOMINATOR_EXPANSION_REQUIRED,False,b728ff2b92456873452ffe76bdd8bbe05553f79f265b7761d776c0270b587f28
moocakectx,bsc,2020-10-27T18:44:49Z,2020-10-28T18:44:49Z,67cf07e245cc5d00685b892dfef0cd0f67d51c2a20a284ae0af0431171cb22b3,2020-09-27T18:44:49Z,2020-10-28T18:44:49Z,0,0,10,10,True,True,True,HISTORICAL_DENOMINATOR_EXPANSION_REQUIRED,False,04d29ae37d9f01a383119e291573a6c56a3baa2812b3cce8da4ab1b5c27d9422
moonwell,base,2023-08-04T01:58:49Z,2023-08-05T01:58:49Z,1158b8b1f5a69aa769e362d8cdbca4366673de1251171a9e9c2d81c7b519f267,2023-07-05T01:58:49Z,2023-08-05T01:58:49Z,0,0,10,10,True,True,True,HISTORICAL_DENOMINATOR_EXPANSION_REQUIRED,False,11273777675355d2ad1a7f73694deda26bc668142eb41e2c79642d1eca5b77ab
morphoblue,ethereum,2023-12-28T09:09:23Z,2023-12-29T09:09:23Z,dd890458092ef602d8a2c90bb27b6dc2488ea2daf2d4fb5aa80f51e9b61e3490,2023-11-28T09:09:23Z,2023-12-29T09:09:23Z,0,0,10,10,True,True,True,HISTORICAL_DENOMINATOR_EXPANSION_REQUIRED,False,0b397d6dfa2ec3a47c129d5ec141b249354f111c46c30c29b832e2bbba843bdd
mosca,bsc,2025-01-04T20:41:11Z,2025-01-05T20:41:11Z,fc021d82d511727c207996e1ff79500ad0f9e9567212b07cf8ab6b012750057d,2024-12-05T20:41:11Z,2025-01-05T20:41:11Z,2,0,10,10,True,True,True,HISTORICAL_DENOMINATOR_EXPANSION_REQUIRED,False,abeaecd71c8c75c7e99917d0c59eab527334fc55597bd0aa991e4abe207719cb
mrp,bsc,2024-06-29T01:52:33Z,2024-06-30T01:52:35Z,158dfa816c79bc3913126096fade03ae314642f2785891fff668771c0f35362c,2024-05-30T01:52:33Z,2024-06-30T01:52:35Z,3,0,10,10,True,True,True,HISTORICAL_DENOMINATOR_EXPANSION_REQUIRED,False,a7bd99f31d693f83dfa866694fb077452a41219766d5bcc5ae2e8a6c22b1a67f
mttoken,bsc,2022-08-16T08:11:58Z,2022-08-17T08:11:58Z,d1f9c924f23461f143a56ca62c2271c162f60f6a4df8cde7b96791227432bfd3,2022-07-17T08:11:58Z,2022-08-17T08:11:58Z,12,0,10,10,True,True,True,HISTORICAL_DENOMINATOR_EXPANSION_REQUIRED,False,9fc1c563dd3b5b8ff08757eae214cb39d2725bf392b3c5caada2bdae44e14d40
multicall_with_eth,bsc,2025-06-24T17:23:14Z,2025-06-25T17:23:15Z,9abd347e7c5d7a42d4d1b67db3a4738d86aefd6f4b29dd4b6072a82df847dc18,2025-05-25T17:23:14Z,2025-06-25T17:23:15Z,4,0,10,10,True,True,True,HISTORICAL_DENOMINATOR_EXPANSION_REQUIRED,False,6cc8894660c578c9abe20e75b14f73c2b403b60502f461bce3a6f2222cd7ae31
multicall_with_xera,bsc,2022-03-09T23:17:54Z,2022-03-10T23:17:54Z,1e935e8c7f66e0a19a3217d170beb5d95c369bbe761a504ed53930db82330bd5,2022-02-07T23:17:54Z,2022-03-10T23:17:54Z,33,3,10,7,True,True,True,HISTORICAL_DENOMINATOR_EXPANSION_REQUIRED,False,7fffd0d15020835e27886caf4676dc68168d64d4c5a49a6618317861e3b29035
multichaincapital,ethereum,2021-11-19T16:23:07Z,2021-11-20T16:23:10Z,2c7c43f3a0cceb71c847465d0ea9f7c13fa49a52b8ed9d532cbad7426dfb10e7,2021-10-20T16:23:07Z,2021-11-20T16:23:10Z,0,0,10,10,True,True,True,HISTORICAL_DENOMINATOR_EXPANSION_REQUIRED,False,a295df4d06b48ae10b5779d3dfca21dda1669b235910dc3a61a4013ff9658ff1
myai,bsc,2023-06-07T07:57:56Z,2023-06-08T07:57:56Z,0c9c23d9ea4b6809d520678ec1372f598f00d1d9c6c35557e407c66eff4a5197,2023-05-08T07:57:56Z,2023-06-08T07:57:56Z,17,0,10,10,True,True,True,HISTORICAL_DENOMINATOR_EXPANSION_REQUIRED,False,92cb77ea9c8cc9e9a47f13a95b74be4284bfc09d2ac891e541a6bcaae610bac3
n00d,ethereum,2022-09-07T22:14:17Z,2022-09-08T22:14:24Z,e99a20ef7726fb8aef8166f5a7bf8ad1e007d09669859a993fd9e960175c8378,2022-08-08T22:14:17Z,2022-09-08T22:14:24Z,0,0,10,10,True,True,True,HISTORICAL_DENOMINATOR_EXPANSION_REQUIRED,False,e0377a6e19d2decdd8e08aac699feb0aee9407b96541c9b2fa7cebf74fb35309
nervebridge,bsc,2021-05-09T23:02:34Z,2021-05-10T23:02:38Z,1e73f1deff12693c5a4c5b89ebbe89c95d1b54023bc6b42fb82f55a8a413f469,2021-04-09T23:02:34Z,2021-05-10T23:02:38Z,5,0,10,10,True,True,True,HISTORICAL_DENOMINATOR_EXPANSION_REQUIRED,False,dcc8f7f31b8ce38e224cea54e8701bf79943e1538ceed38ffed621e817e82668
neverfall,bsc,2023-03-17T03:41:41Z,2023-03-18T03:41:41Z,af77ff8c9cb56519f003582caffe5746589316988a4cb7c1e7128ea54356704c,2023-02-15T03:41:41Z,2023-03-18T03:41:41Z,4,0,10,10,True,True,True,HISTORICAL_DENOMINATOR_EXPANSION_REQUIRED,False,ba4e4f7b3609ee72ed853b1f66804f95cb9062723bc6666872aa0184010f3490
newfi,bsc,2023-05-30T06:10:17Z,2023-05-31T06:10:17Z,2f4eeeca343c375d7cf5215f4780136b8225b6fc74c9c2378c8ccc3ea2a83b94,2023-04-30T06:10:17Z,2023-05-31T06:10:17Z,18,0,10,10,True,True,True,HISTORICAL_DENOMINATOR_EXPANSION_REQUIRED,False,3ba5b9d96796940b4bb51dff2203e2cebc938b64eb8f8de8076c41d39c71b3bf
nfttrader,ethereum,2021-05-25T19:48:09Z,2021-05-26T19:48:11Z,6428125ca812c8607533820d2b0e470351ad27805f0ecfb61bc97fab0c0f14ad,2021-04-25T19:48:09Z,2021-05-26T19:48:11Z,0,0,10,10,True,True,True,HISTORICAL_DENOMINATOR_EXPANSION_REQUIRED,False,ecf10d8fe0350199f1e89113eff0b6b6065b974e5d88f0cd0e3033e42c1659a7
ngfs,bsc,2024-04-23T09:45:54Z,2024-04-24T09:45:56Z,95489e97afc8b325de3cc8fa5a72b5d4fdc4aaa64640ff4600eea4e4e3d07933,2024-03-24T09:45:54Z,2024-04-24T09:45:56Z,5,0,10,10,True,True,True,HISTORICAL_DENOMINATOR_EXPANSION_REQUIRED,False,d6313c11384c98a12eaed301b90804d1c45769a4052d3850d0e57034c0c7302c
nimbus,ethereum,2021-01-31T19:50:28Z,2021-02-01T19:50:29Z,acb32ceeaeb0c6e022ca24e75470c2773075047a7d4207ceac6b6be1f6537c52,2021-01-01T19:50:28Z,2021-02-01T19:50:29Z,0,0,10,10,True,True,True,HISTORICAL_DENOMINATOR_EXPANSION_REQUIRED,False,f2413a5b3d072bb207b69162110c4191e3dc8a8b686cdc5916b1df3cb81f6c07
nmbplatform,bsc,2022-11-14T09:39:01Z,2022-11-15T09:39:03Z,a7b855bb77ffea827ec5a2cff5ee1e2dbe6ef9df1713a1918babd6c0d124e1e7,2022-10-15T09:39:01Z,2022-11-15T09:39:03Z,7,0,10,10,True,True,True,HISTORICAL_DENOMINATOR_EXPANSION_REQUIRED,False,dc55f6e9b474ef256e2ed03d7a22c2995101ad6b4142c025ed2dbe248e94e471
nomadbridge,ethereum,2022-04-21T18:00:05Z,2022-04-22T18:00:06Z,4cfcd2bd094a111857cb38b11003e1b4ea0e3ec1cd1e0ce0201d3e233f1534a6,2022-03-22T18:00:05Z,2022-04-22T18:00:06Z,0,0,10,10,True,True,True,HISTORICAL_DENOMINATOR_EXPANSION_REQUIRED,False,70f4198821ddc9786e1ed449165fa0fa7a2c1000ebf2f10422b52c8285a06d48
normie,base,2024-03-06T22:10:17Z,2024-03-07T22:10:17Z,df7c7696ee6fd066c421a01da6563bb4ae1c7f3c40c9be5690f7dddc04f34ad8,2024-02-05T22:10:17Z,2024-03-07T22:10:17Z,0,0,10,10,True,True,True,HISTORICAL_DENOMINATOR_EXPANSION_REQUIRED,False,7be771667b472e6e0395dcfde6ae1e2fcad97ed572ae7066a8ced8a9f1982566
novo,bsc,2022-01-14T15:05:57Z,2022-01-15T15:05:57Z,ee9eaadb00c76e6535c5a4c9fed72e4a728e15715de458a98a6dc4392dbd5397,2021-12-15T15:05:57Z,2022-01-15T15:05:57Z,30,10,10,0,True,True,True,NO_DEPLOYMENT_SCOPE_DEFICIT,False,d27e1a764c7599baefc527d993b4c71ef2282c415e778d493a0818813be1d38f
nowswap,ethereum,2021-01-20T05:23:30Z,2021-01-21T05:23:37Z,3948262bd007f73827e6b17c20c3c1170e330e308697997a1e05da17df4cb286,2020-12-21T05:23:30Z,2021-01-21T05:23:37Z,0,0,10,10,True,True,True,HISTORICAL_DENOMINATOR_EXPANSION_REQUIRED,False,ccc51f20dd2944781245bb76f0a663e5eb1db9feef980b40e893b2ecdba551e3
num,ethereum,2021-04-15T04:55:07Z,2021-04-16T04:55:14Z,88f59c8ae74093257518b1f48d5a0edcc000c9a12735b9d31ee982e5313b2136,2021-03-16T04:55:07Z,2021-04-16T04:55:14Z,1,1,10,9,True,True,True,HISTORICAL_DENOMINATOR_EXPANSION_REQUIRED,False,0988002e87f2c2cad931dd51a8c1c755206f9bc44d2436851a90e5e60cbb600a
olife,bsc,2021-06-04T16:54:29Z,2021-06-05T16:54:30Z,cfaa57e420ea1698582a203176189fb51170d64e75e2db54f1ba58d97de5f8fe,2021-05-05T16:54:29Z,2021-06-05T16:54:30Z,15,0,10,10,True,True,True,HISTORICAL_DENOMINATOR_EXPANSION_REQUIRED,False,0c246d112b2264deee7acd1d34466bc58076e3b91bb1a51860706a729decc806
olympusdao,ethereum,2022-09-16T14:20:11Z,2022-09-17T14:20:11Z,38fe91d6ec726d17930c001c6966769ad992894fb36f9236620cc0faef7c41f1,2022-08-17T14:20:11Z,2022-09-17T14:20:11Z,0,0,10,10,True,True,True,HISTORICAL_DENOMINATOR_EXPANSION_REQUIRED,False,30baaad2e27c77cd5116700d9c967c3dca722bd23504d8cfc17512bafca6a6b3
omniestate,bsc,2021-12-14T01:19:59Z,2021-12-15T01:20:00Z,058471cca9a76bbd5559caca3f898d27132fa48d8670930ffbf037dc7fbe0cb3,2021-11-14T01:19:59Z,2021-12-15T01:20:00Z,30,10,10,0,True,True,True,NO_DEPLOYMENT_SCOPE_DEFICIT,False,37bd46f20b1ee9f3db915396b000bf8a4a774855270cb4f8fc58fe5be353541b
ompxcontract,ethereum,2018-04-10T19:42:23Z,2018-04-11T19:42:27Z,86e5ee844900b62c9c1928740aea49686e3b5ab4b9a4c5ec1f2ed5d50b3922ea,2018-03-11T19:42:23Z,2018-04-11T19:42:27Z,0,0,10,10,True,True,True,HISTORICAL_DENOMINATOR_EXPANSION_REQUIRED,False,10d8c77960dbd7c2d343fcc4ac7750df13b5dadeaf189bda87428c472518a5a3
one_inch_fusion_v1_settlement_hack,ethereum,2022-12-22T15:47:59Z,2022-12-23T15:47:59Z,36abd8478a92fbd1700fc61b95230708c72f0d44c612ebebdaa85897d5bc6292,2022-11-22T15:47:59Z,2022-12-23T15:47:59Z,2,0,10,10,True,True,True,HISTORICAL_DENOMINATOR_EXPANSION_REQUIRED,False,cc0a671c9093bcac50f9d89fdbcefa07c759230072f58a7ead47c4a53c23e767
onyxdao,ethereum,2023-02-28T15:32:59Z,2023-03-01T15:32:59Z,5b9f0fe6eccf5fc5fc59099c54f8ffa9254dd2877e1e8bb69b2cd13cc9fc42e2,2023-01-29T15:32:59Z,2023-03-01T15:32:59Z,0,0,10,10,True,True,True,HISTORICAL_DENOMINATOR_EXPANSION_REQUIRED,False,0c79f063f39e5a30124fb0c301c352169776c2833263f67c699778512746b6ef
onyxprotocol,ethereum,2023-10-26T15:58:11Z,2023-10-27T15:58:11Z,32b08cd55316c097e8978482fedf50d5ac0fe5bb2a2fc06bc5fabef32601df2e,2023-09-26T15:58:11Z,2023-10-27T15:58:11Z,0,0,10,10,True,True,True,HISTORICAL_DENOMINATOR_EXPANSION_REQUIRED,False,125f21b113c852adc0bac4035d4565b7663762396fc8d5bdc7d2eb54397e3ae7
openleverage,bsc,2023-03-01T08:23:57Z,2023-03-02T08:23:58Z,b1ee91f59f9d1ce22d6110da38031eb3a89c9b30644cc071fa68dac02c6570e6,2023-01-30T08:23:57Z,2023-03-02T08:23:58Z,5,0,10,10,True,True,True,HISTORICAL_DENOMINATOR_EXPANSION_REQUIRED,False,0f05b6ad380097cdf7132a67d2f8a21ee1d1acf8b6a9ce4d2a6b73937087cddb
openleverage2,bsc,2023-03-22T09:10:44Z,2023-03-23T09:10:44Z,c3d49b801f9c94dc3eb19e2807e81dd6ad95647f30758f5862226853e275de11,2023-02-20T09:10:44Z,2023-03-23T09:10:44Z,5,0,10,10,True,True,True,HISTORICAL_DENOMINATOR_EXPANSION_REQUIRED,False,95f45ff38bfccc37338b26552ee5c892190cf568b743f156a5dedf83ee1f2a92
opyn,ethereum,2020-07-30T22:07:23Z,2020-07-31T22:07:34Z,8f1b31318ad899eb9fe33b40bbcc0be2db3eeca2eace873226ac7bf7b3240320,2020-06-30T22:07:23Z,2020-07-31T22:07:34Z,0,0,10,10,True,True,True,HISTORICAL_DENOMINATOR_EXPANSION_REQUIRED,False,fb21f1c34a67d39def9e12208d90327e9c9855363be5e3473d789491a4d1e56a
orion,ethereum,2020-12-06T17:12:11Z,2020-12-07T17:12:11Z,faccb66ebd497c925171b3057f8b2d1fd6cc2383f558fb05114638e9cb663ead,2020-11-06T17:12:11Z,2020-12-07T17:12:11Z,0,0,10,10,True,True,True,HISTORICAL_DENOMINATOR_EXPANSION_REQUIRED,False,7cb3e14640958d2ab9dba0bd8da9e285d2a4addb6ab2dcea0520afd01d639817
osn,bsc,2024-04-15T06:43:46Z,2024-04-16T06:43:46Z,41cd41b5806ddac36652de0c8b3b0edb99d8bacb4c66877cdd0a57fa0bf295c1,2024-03-16T06:43:46Z,2024-04-16T06:43:46Z,4,0,10,10,True,True,True,HISTORICAL_DENOMINATOR_EXPANSION_REQUIRED,False,626ace53978e410a6385a14f01554b828dd0986f104a29e5a83e3c80c45808f4
otseastaking,ethereum,2024-01-30T07:00:59Z,2024-01-31T07:00:59Z,5f70e3dd662ce304295f66aecd0b3ba29503be8f3636ad8145400f913653569f,2023-12-31T07:00:59Z,2024-01-31T07:00:59Z,0,0,10,10,True,True,True,HISTORICAL_DENOMINATOR_EXPANSION_REQUIRED,False,cbe33216658958b99eb915725da02e2aa3537c081aa7abd16badb8ff0613d578
palmswap,bsc,2023-07-12T11:27:40Z,2023-07-13T11:27:41Z,dd41c73ff20b5a0d9a96522217e2fef40aff689c08e9e4b553375fa793272c2f,2023-06-12T11:27:40Z,2023-07-13T11:27:41Z,4,0,10,10,True,True,True,HISTORICAL_DENOMINATOR_EXPANSION_REQUIRED,False,491c242f9d32bb7a3afacc7be0054022c80b4f7dffe17c10d79b6a3168cd40da
pancakebunny,bsc,2021-04-22T11:45:07Z,2021-04-23T11:45:09Z,9a730b4857ca8a01d3a67f8e993db22ea490a6f8295bb81562c1e7bafb26232a,2021-03-23T11:45:07Z,2021-04-23T11:45:09Z,3,0,10,10,True,True,True,HISTORICAL_DENOMINATOR_EXPANSION_REQUIRED,False,8bacb005fdd532c655df9d61ca5341a3b1d916db75d87ce8261f55f876cb8340
pancakehunny,bsc,2021-06-01T03:31:00Z,2021-06-02T03:31:01Z,29592d5fe1c130b08c632e81d4fe5edc7c02c307e55aea90ab3b6a026fc266be,2021-05-02T03:31:00Z,2021-06-02T03:31:01Z,10,0,10,10,True,True,True,HISTORICAL_DENOMINATOR_EXPANSION_REQUIRED,False,8cdd1a253532ba8e8d1730f5ce70612b6f3c63194ae13ebfb591df771bdf0ae3
paraluni,bsc,2021-12-13T05:32:04Z,2021-12-14T05:32:04Z,d53c879b5efd0c2abc774318f14c538505ebcc6de588f5c561252a5c28c55bfa,2021-11-13T05:32:04Z,2021-12-14T05:32:04Z,29,10,10,0,True,True,True,NO_DEPLOYMENT_SCOPE_DEFICIT,False,5e0e254464797744b1b00069a0713b2a56de9666ac50615481ff1ef18979c743
paraspace,ethereum,2022-12-01T07:27:11Z,2022-12-02T07:27:11Z,e5e90a230c1d08219790a5b989e4360e07a4f0037096aaeee8f4bf8a5d63a637,2022-11-01T07:27:11Z,2022-12-02T07:27:11Z,2,0,10,10,True,True,True,HISTORICAL_DENOMINATOR_EXPANSION_REQUIRED,False,873fd502c5fc79865d114f6cc5e7e7408aab7b187f50c8196ed758142a3ccb9e
particletrade,ethereum,2023-10-02T23:57:35Z,2023-10-03T23:57:35Z,e35c62d8eff484d52bdbe6f13bab931dd517759b33850983b0008954f2675c25,2023-09-02T23:57:35Z,2023-10-03T23:57:35Z,0,0,10,10,True,True,True,HISTORICAL_DENOMINATOR_EXPANSION_REQUIRED,False,ae32b63ce1a411d4d0522154d6f64a6d0b983acc28b6506a8430f6d9db9b6551
pawnfi,ethereum,2023-06-04T05:03:35Z,2023-06-05T05:03:35Z,6e788284768d79c7e956a87593f70b2f8cbada612ba4d01d62f99ead6701352c,2023-05-05T05:03:35Z,2023-06-05T05:03:35Z,0,0,10,10,True,True,True,HISTORICAL_DENOMINATOR_EXPANSION_REQUIRED,False,4d3346865809d588e97b897ba4fadbefc1cca4529cea120f5eb32ac9b4fe527f
pdz,bsc,2024-01-25T19:19:37Z,2024-01-26T19:19:39Z,2106d746205348241d16dece4b2959b55814bdd937651bdb122b917a5a31a0c8,2023-12-26T19:19:37Z,2024-01-26T19:19:39Z,9,4,10,6,True,True,True,HISTORICAL_DENOMINATOR_EXPANSION_REQUIRED,False,0060da591b58a3a8d35bd973f6e412468fb8fbcada96f9ed35c279cec4fd9416
peapodsfinance,ethereum,2023-12-12T21:17:47Z,2023-12-13T21:17:47Z,0e4db7ab97e0f09108fcd840b47c026f762dc475358622c2645915301e44de70,2023-11-12T21:17:47Z,2023-12-13T21:17:47Z,0,0,10,10,True,True,True,HISTORICAL_DENOMINATOR_EXPANSION_REQUIRED,False,ae6773a13cac0e5a7e0672f3b7525bf3f3378b4c358819e058755dab72b262ab
penpiexyzio,ethereum,2023-06-04T10:50:59Z,2023-06-05T10:50:59Z,c2d7c363a7d66317896ac7fda72823bf74024a31804ca60bcb79bedcf6ffb38d,2023-05-05T10:50:59Z,2023-06-05T10:50:59Z,0,0,10,10,True,True,True,HISTORICAL_DENOMINATOR_EXPANSION_REQUIRED,False,9dd8613b3af1d25a8e871bcb6f080c56006671985d202827090fdc4f1a7e36c4
pickle,ethereum,2020-10-23T00:04:16Z,2020-10-24T00:04:17Z,85c9e6e0900664b75c9f3067cd2f03a6d438c0441a0fbeeea914a68712472f28,2020-09-23T00:04:16Z,2020-10-24T00:04:17Z,3,0,10,10,True,True,True,HISTORICAL_DENOMINATOR_EXPANSION_REQUIRED,False,8af281f7aefbed117f20c7909fa8fccd7964752624ca39862966d6a198aceb0a
pineprotocol,ethereum,2023-01-11T19:59:23Z,2023-01-12T19:59:23Z,c8cada9acd7d9e57af4f383491004ec03e367d4f9bb82db347304a078013f996,2022-12-12T19:59:23Z,2023-01-12T19:59:23Z,0,0,10,10,True,True,True,HISTORICAL_DENOMINATOR_EXPANSION_REQUIRED,False,9e70bb9fdbd6191c6593e519727e359b24b3c368d1a2ce910a0ca964ee37a617
pledge,bsc,2024-11-23T16:01:47Z,2024-11-24T16:01:47Z,eb60341dba5ab3624e0bea621f6a1af09645ad6a4b8cdf10b6f84459e2a0cf80,2024-10-24T16:01:47Z,2024-11-24T16:01:47Z,6,0,10,10,True,True,True,HISTORICAL_DENOMINATOR_EXPANSION_REQUIRED,False,db86524ea4d2dbfcaaa74480d024edd8bf72ad543995d80c8ff4503368bfa1a2
ploutoz,bsc,2021-03-25T12:26:52Z,2021-03-26T12:26:53Z,18eb511e7beb2893bdb1c2c43a605f4712cff0d7c18bb0c6c34c8989fe42e6f9,2021-02-23T12:26:52Z,2021-03-26T12:26:53Z,1,0,10,10,True,True,True,HISTORICAL_DENOMINATOR_EXPANSION_REQUIRED,False,ffb9307f5cdd39e9b5388e4971ed933d871e9dc8914ae3c020d4dca40c365d21
pltd,bsc,2022-09-17T07:34:03Z,2022-09-18T07:34:03Z,333061f337ddd1e5457f0305a696f1e330b11a22071358a481b8e3b8e8ea150e,2022-08-18T07:34:03Z,2022-09-18T07:34:03Z,6,0,10,10,True,True,True,HISTORICAL_DENOMINATOR_EXPANSION_REQUIRED,False,524d1facc871883065389d4393afbc0bca208582f56cd1fdac3dfd9c8d16cf43
poolz,bsc,2021-07-29T11:05:08Z,2021-07-30T11:05:08Z,c7585230130108907b9ca61e0313338da0a7e2fb7287e82826a772304c76069d,2021-06-29T11:05:08Z,2021-07-30T11:05:08Z,13,6,10,4,True,True,True,HISTORICAL_DENOMINATOR_EXPANSION_REQUIRED,False,6e9de1415118b4e5d10dfc78da6927a1ef7acf2b016d9cc6feb03d615ef70d6c
pseudoeth,ethereum,2023-06-10T00:15:35Z,2023-06-11T00:15:35Z,fd3bbb32ca5d106cdccabd067276ced96bbd00f071b4c267680db6725c298b0a,2023-05-11T00:15:35Z,2023-06-11T00:15:35Z,0,0,10,10,True,True,True,HISTORICAL_DENOMINATOR_EXPANSION_REQUIRED,False,07a76f941a96b514685441023fc7b1bf7c509948869c84575111b47cbcdb955e
qtn,ethereum,2021-07-26T02:29:58Z,2021-07-27T02:30:03Z,09b2f4a786dd14e5afd166647cf44ba7778d72917a8ff2816838578444145b75,2021-06-26T02:29:58Z,2021-07-27T02:30:03Z,0,0,10,10,True,True,True,HISTORICAL_DENOMINATOR_EXPANSION_REQUIRED,False,41f8970cc478177bf8a03785a2cb271a7301172c1b4f82b06823177a558ff00a
quantumwn,ethereum,2023-08-11T22:05:23Z,2023-08-12T22:05:23Z,5a07475601f2d084dc7c75f14e4d1ad13b854ee7a41aeb82e613b3e820e9f644,2023-07-12T22:05:23Z,2023-08-12T22:05:23Z,0,0,10,10,True,True,True,HISTORICAL_DENOMINATOR_EXPANSION_REQUIRED,False,d0d03db0cae5690e322eb61819b3e181c331765ccdf00efc600a3d1c56e87a70
qubit,ethereum,2021-11-29T09:02:47Z,2021-11-30T09:02:57Z,91a74274bbfec19f2ccbd1a0bb0056822ab31b2f81424e394b242708faa96bf8,2021-10-30T09:02:47Z,2021-11-30T09:02:57Z,0,0,10,10,True,True,True,HISTORICAL_DENOMINATOR_EXPANSION_REQUIRED,False,1bbd8c739c1927f1ee30609ae77391eed463870d94eca3ed5491c6c839ecc999
raft,ethereum,2023-09-13T12:58:59Z,2023-09-14T12:58:59Z,4b9ba1a394d4ff86efdb77752fbe42acd804d6e813a965a551caffb2e99be125,2023-08-14T12:58:59Z,2023-09-14T12:58:59Z,0,0,10,10,True,True,True,HISTORICAL_DENOMINATOR_EXPANSION_REQUIRED,False,63b39502531421bd683945d5a610b7e5ada852b6620cd3ed2241f997089a35a8
rant_token,bsc,2025-07-03T11:47:40Z,2025-07-04T11:47:40Z,ddc1acb972ad64c31b18110c8bb38dcc48780e55f606f2927fce5dd60cffe69f,2025-06-03T11:47:40Z,2025-07-04T11:47:40Z,3,0,10,10,True,True,True,HISTORICAL_DENOMINATOR_EXPANSION_REQUIRED,False,5de3bf8045be19dee2b0d6257f17131c8ea1c824a67e96e3c73bd59159d513ca
rari,ethereum,2021-11-23T22:31:27Z,2021-11-24T22:31:41Z,b1307007544553f65ed845a105ccf4b1697516ce93466947b20f9cbd64b024a8,2021-10-24T22:31:27Z,2021-11-24T22:31:41Z,0,0,10,10,True,True,True,HISTORICAL_DENOMINATOR_EXPANSION_REQUIRED,False,3f3356083a1e3d4cf06fb8bf1e9ad5316a107a3551dfbbf9d8f1fd6830595ba1
rbalancer,ethereum,2023-09-24T06:20:23Z,2023-09-25T06:20:23Z,dff3fe1c9647e0743dfecd512132805884d3d50ed03bf6347c0df52b4b698a77,2023-08-25T06:20:23Z,2023-09-25T06:20:23Z,0,0,10,10,True,True,True,HISTORICAL_DENOMINATOR_EXPANSION_REQUIRED,False,efe10f20edade0850cabbc813f7216bf6830359ae4fcd3d156c292b773b189eb
res,bsc,2022-07-20T13:06:03Z,2022-07-21T13:06:04Z,921f5f16aca296a42e19df00b386ccbb0e885c900b6ded98cb4bbbbd9fa10cc8,2022-06-20T13:06:03Z,2022-07-21T13:06:04Z,16,0,10,10,True,True,True,HISTORICAL_DENOMINATOR_EXPANSION_REQUIRED,False,8b5878d1e0cc84fb041c30d4be5b6084353aae7f880477dfbf3e49a4690bf090
res_2,bsc,2022-07-20T13:06:03Z,2022-07-21T13:06:04Z,a9e9e876eb0bf2b19e72c496cc26adb7497dd756e324ba40af432dc074b7c5f6,2022-06-20T13:06:03Z,2022-07-21T13:06:04Z,16,0,10,10,True,True,True,HISTORICAL_DENOMINATOR_EXPANSION_REQUIRED,False,bf99e341f2082f52632e77128975ad45fc7436c5f625dd488dd1da289a04c7fd
revertfinance,ethereum,2023-02-03T18:41:11Z,2023-02-04T18:41:11Z,6f66cf717c1dd02f7dfed9842459af1cffac9495e0a74bc035c1c0365ecbd6ad,2023-01-04T18:41:11Z,2023-02-04T18:41:11Z,0,0,10,10,True,True,True,HISTORICAL_DENOMINATOR_EXPANSION_REQUIRED,False,e6bf267e5aaf244c3a01f8cd1bb6bb568045142ba39d6da6739de172bd5f8ef5
revest,ethereum,2021-09-24T20:17:37Z,2021-09-25T20:17:46Z,cce848243acb7d1da03f58f37444b552e387f1862378607a5755e0ad9852c3e0,2021-08-25T20:17:37Z,2021-09-25T20:17:46Z,0,0,10,10,True,True,True,HISTORICAL_DENOMINATOR_EXPANSION_REQUIRED,False,9aeb7103b374e8e760b98d3be5025a66adee9eabbcc519059c86036be2a0e4d8
rfb,bsc,2022-12-03T15:45:54Z,2022-12-04T15:45:55Z,09e4bddf6c0898637fe9d5ae32b25b668a7b0cef3bffc4fcb68d2da7e2071783,2022-11-03T15:45:54Z,2022-12-04T15:45:55Z,9,0,10,10,True,True,True,HISTORICAL_DENOMINATOR_EXPANSION_REQUIRED,False,7758fb79ccb2ea09cc9d4809d4e6d2c665cf105e1673a44b63884a94e2a9ed0b
rikkei,bsc,2022-02-17T17:42:15Z,2022-02-18T17:42:15Z,bcf46f49031ab9566ca416f8a7996cd79d6305b8ec4aa0479d957c54d9480419,2022-01-18T17:42:15Z,2022-02-18T17:42:15Z,40,10,10,0,True,True,True,NO_DEPLOYMENT_SCOPE_DEFICIT,False,4399c1f1eaddd2a726aa85998ab1267d082a9a469f4a4acbf7ec7e1afff86818
rl,bsc,2022-07-24T14:15:50Z,2022-07-25T14:15:52Z,bf7403f31a0d56cc9b48f5df87dae84c8a3a40342591a9b4d011ff87aed03788,2022-06-24T14:15:50Z,2022-07-25T14:15:52Z,18,0,10,10,True,True,True,HISTORICAL_DENOMINATOR_EXPANSION_REQUIRED,False,c50173f91a26e029a77e859073eefa1fafa0f3fb45fc8cb3edc09e1b89a41015
roefinance,ethereum,2022-08-10T11:49:08Z,2022-08-11T11:50:00Z,28241a2696066245370cb299b2e4b6f222767117bf9c5d68b439a657b6a770e2,2022-07-11T11:49:08Z,2022-08-11T11:50:00Z,0,0,10,10,True,True,True,HISTORICAL_DENOMINATOR_EXPANSION_REQUIRED,False,cf3f431749f174561f702ddc193e464f5f948ad3d105e71e256474aa3e48554d
roi,bsc,2022-05-10T19:18:58Z,2022-05-11T19:18:59Z,12850629eb177d7aa2e29347995d194766e27e4924cb7f29545b1acea815e896,2022-04-10T19:18:58Z,2022-05-11T19:18:59Z,26,8,10,2,True,True,True,HISTORICAL_DENOMINATOR_EXPANSION_REQUIRED,False,be2fd54fcdab5896d6252fce55474a0775dc90704811ab3bea96d255730d407e
roulette_pot_v2,bsc,2023-03-16T00:46:42Z,2023-03-17T00:46:44Z,309994ff475d9ff31a735932162eee6998dde558bf8e8c1b70e76a5fd87224b0,2023-02-14T00:46:42Z,2023-03-17T00:46:44Z,5,0,10,10,True,True,True,HISTORICAL_DENOMINATOR_EXPANSION_REQUIRED,False,6612c686e56f69cc0dabc57cb866fcea98306bc2e8ceeefeae2410a98efc644f
rubic,ethereum,2022-08-23T09:45:23Z,2022-08-24T09:45:25Z,d5c73a130dd3587b9ac33316788289ed828d560777feaf3ab7b8f7f91da114f0,2022-07-24T09:45:23Z,2022-08-24T09:45:25Z,0,0,10,10,True,True,True,HISTORICAL_DENOMINATOR_EXPANSION_REQUIRED,False,cadc995fff158eea3edc35abcbffc9472695785dbab818be0566c113ad5b2a92
ruggedart,ethereum,2024-02-17T00:23:47Z,2024-02-18T00:23:47Z,6b577a09fa1f20bf3e27276f565f3ceb1fbaadb615ea00f98da9ad467ddcc393,2024-01-18T00:23:47Z,2024-02-18T00:23:47Z,0,0,10,10,True,True,True,HISTORICAL_DENOMINATOR_EXPANSION_REQUIRED,False,758b9ca1523fd7b429f756d1010c546b3ca9be5f2a6c5721907f7c68f7f286f3
saddle,ethereum,2021-12-15T00:58:37Z,2021-12-16T00:58:40Z,d7815116150d54e698db87d850422c557adb9b1ff8a4c5729a5138b2565572f8,2021-11-15T00:58:37Z,2021-12-16T00:58:40Z,0,0,10,10,True,True,True,HISTORICAL_DENOMINATOR_EXPANSION_REQUIRED,False,02acb261fa5f73411e67d12c5c2fe3e85ae4e411f230fb49e9a69602c29eeeaf
safemoon,bsc,2021-12-03T13:33:33Z,2021-12-04T13:33:33Z,21d269a210e6ed4e786d57eed73bd158ebfc14a07b52e1cd291ab6eb2abf9a63,2021-11-03T13:33:33Z,2021-12-04T13:33:33Z,35,10,10,0,True,True,True,NO_DEPLOYMENT_SCOPE_DEFICIT,False,ad7adfba8debfdb249dc6d1e75c4b591d16f6ec1b9ffcea8ad81e67778bcb7b2
sandbox,ethereum,2019-12-04T07:51:55Z,2019-12-05T07:52:17Z,a9716c58153843b2274cb85e993878a48b73230221a38e071e612a5cd835d514,2019-11-04T07:51:55Z,2019-12-05T07:52:17Z,0,0,10,10,True,True,True,HISTORICAL_DENOMINATOR_EXPANSION_REQUIRED,False,cb971bcb1cb3e9979341319d7c2ccbac560cae359012ad61e909f11c9a02cd69
satx,bsc,2024-01-24T14:38:05Z,2024-01-25T14:38:06Z,29e23cd255e00253234d09d6fcda9a084403adc877ee10f165cffef49ccabdaf,2023-12-25T14:38:05Z,2024-01-25T14:38:06Z,10,0,10,10,True,True,True,HISTORICAL_DENOMINATOR_EXPANSION_REQUIRED,False,99d5fbfdec52014ced6d3ae6eadd9bb70e751c83046d8873c23fb0953517c01a
sbt,bsc,2024-06-22T04:06:49Z,2024-06-23T04:06:50Z,3af5222df4e3e35f784aab9b81f4a4ca8f783126558de5721cd9b4fdc2786a74,2024-05-23T04:06:49Z,2024-06-23T04:06:50Z,2,0,10,10,True,True,True,HISTORICAL_DENOMINATOR_EXPANSION_REQUIRED,False,164261b12452b32f0815b1dc26a2a32ae97aab20961c0d3ecddac4b75aa221ef
sdao,bsc,2022-06-06T04:03:33Z,2022-06-07T04:03:35Z,9408e1547d28f1208cfc64e878fd9151bde18405f9cf21b7aa52141ae5bbbb6f,2022-05-07T04:03:33Z,2022-06-07T04:03:35Z,17,1,10,9,True,True,True,HISTORICAL_DENOMINATOR_EXPANSION_REQUIRED,False,b9c39e7579c78cd2fba719a09c848e97e01a04232bb3ff42c7b1cb9a22ce9bf6
seaman,bsc,2022-06-29T04:08:06Z,2022-06-30T04:08:06Z,7308afeb6eb9d77f126778686a34cc75ef7b674f85960b5d04ccfe4e690d58f3,2022-05-30T04:08:06Z,2022-06-30T04:08:06Z,16,2,10,8,True,True,True,HISTORICAL_DENOMINATOR_EXPANSION_REQUIRED,False,dd3f65e587509b580d001f02f8c3a6d032bed3af1b9f73e3f2b7b87b4622df5a
sellc,bsc,2023-05-08T17:04:58Z,2023-05-09T17:04:59Z,ee0983d873c0c965317c013d1f6b4c670084cf7b1224db039cbfffdb53b9126e,2023-04-08T17:04:58Z,2023-05-09T17:04:59Z,11,0,10,10,True,True,True,HISTORICAL_DENOMINATOR_EXPANSION_REQUIRED,False,bb5f0cca499c479457bdc81c43fac404354fd67838378faa980aa0d7020286b9
sellc03,bsc,2023-03-23T12:46:48Z,2023-03-24T12:46:50Z,d469713d4ef02f5197a6cedf90297ddcbf84200cb4a212df5033270f93009dbd,2023-02-21T12:46:48Z,2023-03-24T12:46:50Z,5,0,10,10,True,True,True,HISTORICAL_DENOMINATOR_EXPANSION_REQUIRED,False,ad1fb3ee4f73792e9c061ed65ceeb7c58f932e39f30dd485efc482c55807cc13
selltoken,bsc,2023-03-30T11:08:46Z,2023-03-31T11:08:47Z,352736b6b624716c2c62098be39f8e1746aff8bc06864e2dd3bc726ef1f50914,2023-02-28T11:08:46Z,2023-03-31T11:08:47Z,8,0,10,10,True,True,True,HISTORICAL_DENOMINATOR_EXPANSION_REQUIRED,False,49e25f5adf5148aa4cad47804ba547153b3d9ea25dc202db269fb254d264b88d
seneca,ethereum,2024-02-19T21:18:47Z,2024-02-20T21:18:47Z,9978d9d11941ff01a7308a2a66b958ddcbb6b3719980eeb318a26c9345ab9ff6,2024-01-20T21:18:47Z,2024-02-20T21:18:47Z,0,0,10,10,True,True,True,HISTORICAL_DENOMINATOR_EXPANSION_REQUIRED,False,2b076bb99927f0164daeadcee87174425505d70e5413102196d36428a7597bf7
shadowfi,bsc,2022-08-26T06:20:16Z,2022-08-27T06:20:18Z,03132dffbfbe1f02fa978916a2087c4dc4e7e247ce9fa840f40ad806cbc0b1df,2022-07-27T06:20:16Z,2022-08-27T06:20:18Z,7,0,10,10,True,True,True,HISTORICAL_DENOMINATOR_EXPANSION_REQUIRED,False,71ddc55dabcb491df366d69e83d80499513561b77ea927fff6b3831d1f9bf297
sheep,bsc,2021-04-29T04:13:50Z,2021-04-30T04:13:51Z,010f3eac99a85716942c3d0abbcd308d923074d3dacfaa134e52790f9e21c7fc,2021-03-30T04:13:50Z,2021-04-30T04:13:51Z,6,0,10,10,True,True,True,HISTORICAL_DENOMINATOR_EXPANSION_REQUIRED,False,36652a05f28656140fcf6b591e82448915e38fb6378114bf6f72d4ce25dbc666
sheepfarm,bsc,2022-11-09T10:38:06Z,2022-11-10T10:38:07Z,5e6ef6e3b56707ebcade2eddc11573e632fa536458698e7f5b17b43484ed5dfa,2022-10-10T10:38:06Z,2022-11-10T10:38:07Z,4,0,10,10,True,True,True,HISTORICAL_DENOMINATOR_EXPANSION_REQUIRED,False,22a301017a0cd19c297e85eae668b1698c919c2bc5f2ac657e034299abb2b11b
sheepfarm2,bsc,2022-11-09T10:38:06Z,2022-11-10T10:38:07Z,81d4d0e7414d3d395faf1f293f7f32d6c3348b145e1c46579f6d6389d7b15976,2022-10-10T10:38:06Z,2022-11-10T10:38:07Z,4,0,10,10,True,True,True,HISTORICAL_DENOMINATOR_EXPANSION_REQUIRED,False,eb750af231acc58225e6a26cd16287577dc082c207cea3d744c6b63c8a00c67f
shibatoken,bsc,2023-11-06T15:06:40Z,2023-11-07T15:06:41Z,d5f1094ecaa926e425f19fb81f38431d68880bffb8cc6dac78440c56b39462ec,2023-10-07T15:06:40Z,2023-11-07T15:06:41Z,3,1,10,9,True,True,True,HISTORICAL_DENOMINATOR_EXPANSION_REQUIRED,False,1456c61b05989f953db09d822375797e1d546175e54b7cec0e92f2354a4ad641
shoco,ethereum,2021-06-05T00:36:49Z,2021-06-06T00:36:56Z,c7d31ccd9518df20b80bc0b9a917b1549b916e5587bfdcde88f285f2a69ec2e7,2021-05-06T00:36:49Z,2021-06-06T00:36:56Z,0,0,10,10,True,True,True,HISTORICAL_DENOMINATOR_EXPANSION_REQUIRED,False,fb7aa8bac6d37ec433f2f8aa246f6fdf6c1a3f7306fdcde4616a8bd9e705f314
silo_finance,ethereum,2022-10-25T05:58:59Z,2022-10-26T05:58:59Z,17235828da7fecceb85171edc3af4f91944742bb8512a9960634cd2d0b265255,2022-09-25T05:58:59Z,2022-10-26T05:58:59Z,0,0,10,10,True,True,True,HISTORICAL_DENOMINATOR_EXPANSION_REQUIRED,False,74345f25dd216cbc175fc33a85555788112ce7a2ab0b6aaecaaefe01cab439f3
size_credit,ethereum,2025-06-05T13:32:47Z,2025-06-06T13:32:47Z,faa9c526e4229369978e91010b3fe3d54e8fe239e86d0ebc49f71fcfef91bad8,2025-05-06T13:32:47Z,2025-06-06T13:32:47Z,50,10,10,0,True,True,True,NO_DEPLOYMENT_SCOPE_DEFICIT,False,6cfdd66f1081af1a2348ef592f051e07b979058fc97c02b168fd27f021d08fe9
snk,bsc,2022-12-27T15:55:14Z,2022-12-28T15:55:15Z,a6269877e42945f056e03026f12eb7005ae0aadaba132f44cbd8920ac71f4c71,2022-11-27T15:55:14Z,2022-12-28T15:55:15Z,1,1,10,9,True,True,True,HISTORICAL_DENOMINATOR_EXPANSION_REQUIRED,False,724d47437ec036bba71ce7f06dd0e26fac36fd651dc83c8541199d95eb2f12e2
snood,ethereum,2021-07-27T01:16:33Z,2021-07-28T01:16:45Z,3ad1f297e648bec8a4b5a4b45cf21300db37330a40aef5c8131b8c950bcde508,2021-06-27T01:16:33Z,2021-07-28T01:16:45Z,0,0,10,10,True,True,True,HISTORICAL_DENOMINATOR_EXPANSION_REQUIRED,False,e88b7175efca217bb14e7d27531b26a73aa365ce993b4201398f32acb2b9ab98
socketgateway,ethereum,2024-01-13T05:16:59Z,2024-01-14T05:16:59Z,592e42e8d2e63322604e6f30cd767e4e9a8add2a0cdb124c29fe07cad387983d,2023-12-14T05:16:59Z,2024-01-14T05:16:59Z,0,0,10,10,True,True,True,HISTORICAL_DENOMINATOR_EXPANSION_REQUIRED,False,bb07e06cdd0392ea9d0f3e9f111a53e2b8843b4b1045c29b1567353d9c2d9ed0
sorra_staking,ethereum,2024-12-19T18:18:47Z,2024-12-20T18:18:47Z,b4fc65550efe1d5b42b9e378c61165c0cd3f161f9b05c5b39ca6d112181917ae,2024-11-19T18:18:47Z,2024-12-20T18:18:47Z,0,0,10,10,True,True,True,HISTORICAL_DENOMINATOR_EXPANSION_REQUIRED,False,bd39a398e6aa28cac67fdf39b2316adf6497229e13f679bd5a146620956b32b0
spacegodzilla,bsc,2022-07-11T06:55:55Z,2022-07-12T06:55:55Z,0660387c40197b55ffe9e7636bdbfda6d24eb56df244d47e952b6a9b5357202f,2022-06-11T06:55:55Z,2022-07-12T06:55:55Z,17,0,10,10,True,True,True,HISTORICAL_DENOMINATOR_EXPANSION_REQUIRED,False,0f6b25d987289acc0d2433f17d95c71d45232fd70c9276b1764209e6c239c2ea
spartan,bsc,2020-09-27T13:47:55Z,2020-09-28T13:47:55Z,c1d617867f32aac0dde5c8a3ac459909d37b4b0bd0a12ed971500b9036c95e02,2020-08-28T13:47:55Z,2020-09-28T13:47:55Z,0,0,10,10,True,True,True,HISTORICAL_DENOMINATOR_EXPANSION_REQUIRED,False,d592a0d3146b0f2b04d36e0e0fb41b9b34cdb92734e71c28a5c58aaac761aa61
spectra_finance,ethereum,2024-06-28T16:56:23Z,2024-06-29T16:56:23Z,040d531b7371ca461f448779895925c53d9ef820bb1f41720c9621f0ae2883df,2024-05-29T16:56:23Z,2024-06-29T16:56:23Z,1,0,10,10,True,True,True,HISTORICAL_DENOMINATOR_EXPANSION_REQUIRED,False,d655f304455a0f0b683617d03de75acca7557c791f36eb476286a0c6609fde96
squid,bsc,2024-03-10T10:33:06Z,2024-03-11T10:33:06Z,1b6cb01b981d5258f1d80bf328a0cad4478c1a21cbdb46f9f7147993faf1c088,2024-02-09T10:33:06Z,2024-03-11T10:33:06Z,3,0,10,10,True,True,True,HISTORICAL_DENOMINATOR_EXPANSION_REQUIRED,False,68c8c36610a9dcb6828a4fdbcba9504b8a6b154938c922ba5dded7c2e54f5638
starlink,bsc,2022-02-22T13:21:20Z,2022-02-23T13:21:22Z,702ba0b45260394866227345e6d72d4cc2cb45b0e0c0485313ea534409af6e56,2022-01-23T13:21:20Z,2022-02-23T13:21:22Z,41,7,10,3,True,True,True,HISTORICAL_DENOMINATOR_EXPANSION_REQUIRED,False,1ff5e73f49af3545ea583055f96caf37b82b325c623d9c46df332db3e6ba9771
stepp2p,bsc,2025-05-07T13:03:54Z,2025-05-08T13:03:54Z,17649b946f1546455b9863dd5b7bbe156289ea7756027e976a5845223a879f1a,2025-04-07T13:03:54Z,2025-05-08T13:03:54Z,0,0,10,10,True,True,True,HISTORICAL_DENOMINATOR_EXPANSION_REQUIRED,False,787b3c299c3b61f53547e16262138255efe4dbb16abcd5731a35ff60f4bb73b8
sturdy,ethereum,2022-12-01T17:24:47Z,2022-12-02T17:24:47Z,436a083b4fb5ae8c4288342166425d9125f713d262a6a8e8421cb72d317638a2,2022-11-01T17:24:47Z,2022-12-02T17:24:47Z,2,0,10,10,True,True,True,HISTORICAL_DENOMINATOR_EXPANSION_REQUIRED,False,38ceced7b2439e02bf9b5ba0777856a42860c7f0f4a368bec9c92664ef17c931
sumermoney,base,2024-01-08T22:03:11Z,2024-01-09T22:03:11Z,944753142891046349f4bd0529160edd43a9f0a487d1612594769aa2647a81cd,2023-12-09T22:03:11Z,2024-01-09T22:03:11Z,0,0,10,10,True,True,True,HISTORICAL_DENOMINATOR_EXPANSION_REQUIRED,False,70e3ef5b30cfe6af3cfaba549ad40b46268b6f7b7c9580810956d992aaac8874
sushi_badger_digg,ethereum,2021-01-10T11:57:22Z,2021-01-11T11:57:26Z,50db9f46ba16d00c8daa946fb4358e56e810f3ba0786a0f2a16dff01f4e19064,2020-12-11T11:57:22Z,2021-01-11T11:57:26Z,1,1,10,9,True,True,True,HISTORICAL_DENOMINATOR_EXPANSION_REQUIRED,False,ce05ce1048b03ffd4789178c275bb0f63a396b0619ef53ddee30842127b32e44
sushi_router,ethereum,2023-04-05T06:46:59Z,2023-04-06T06:46:59Z,0d14d76da6e73903f3df28a58a41474c6c14b815fec95edcab1d867becd1b33a,2023-03-06T06:46:59Z,2023-04-06T06:46:59Z,0,0,10,10,True,True,True,HISTORICAL_DENOMINATOR_EXPANSION_REQUIRED,False,eecd0880b810876ea639e7cce6a68448244c0dc3c0cdb577d5ae6dcfbb875b4d
sushimiso,ethereum,2021-08-09T17:54:50Z,2021-08-10T17:54:50Z,d6725cb869f93d51c80daf624cfadfaf066f72e0db9dc6d6866bc3faee1cc70c,2021-07-10T17:54:50Z,2021-08-10T17:54:50Z,0,0,10,10,True,True,True,HISTORICAL_DENOMINATOR_EXPANSION_REQUIRED,False,a79ade6ecadfbeeca17cce5b5eb42a9094b44191d31841576070acf121ff945d
sut,bsc,2023-06-07T16:57:56Z,2023-06-08T16:57:56Z,46a13fc9b3f2927a6a8ca3b6f04fa66313903230e2f0aea0f079ae6d00ed6159,2023-05-08T16:57:56Z,2023-06-08T16:57:56Z,17,0,10,10,True,True,True,HISTORICAL_DENOMINATOR_EXPANSION_REQUIRED,False,47fc9db91d21cc15e926fdfbe4b0b5f836b0098babab43dd1eed93980012aba8
swampfinance,bsc,2021-03-09T12:15:15Z,2021-03-10T12:15:17Z,f1d4492319f107517494da62ff822e420703c80387ee78d7ce9ba83a73f75d1b,2021-02-07T12:15:15Z,2021-03-10T12:15:17Z,2,0,10,10,True,True,True,HISTORICAL_DENOMINATOR_EXPANSION_REQUIRED,False,9ed166a47094b25d663f7a6e0bcaa35a36ea87cdd7657d4fcd3181a044a9516f
swapp_staking,ethereum,2021-06-20T18:06:58Z,2021-06-21T18:07:01Z,fff680dd6cb209f6a0731f6af459f5956e363d65414b72e2b8e40ab3d9402b81,2021-05-21T18:06:58Z,2021-06-21T18:07:01Z,0,0,10,10,True,True,True,HISTORICAL_DENOMINATOR_EXPANSION_REQUIRED,False,3f0a3132a0383a89190a52b56ec942736fa558b8452c4ef470ab622d36fbec32
synaplogic,base,2025-10-12T07:35:09Z,2025-10-13T07:35:09Z,b846dc0fd33febd7c8cf110d34f84f8854a265e787a5ba6bc45de2a55b336ace,2025-09-12T07:35:09Z,2025-10-13T07:35:09Z,0,0,10,10,True,True,True,HISTORICAL_DENOMINATOR_EXPANSION_REQUIRED,False,a1b047fed920770421e9885a8ceffe8995678e3670cddf7311ae9cd20d7adc17
teamfinance,ethereum,2021-07-28T12:36:46Z,2021-07-29T12:36:55Z,9f659b643ca333c13774c8260878aaf1d3edb02275c191bd031a8c8f76170925,2021-06-28T12:36:46Z,2021-07-29T12:36:55Z,0,0,10,10,True,True,True,HISTORICAL_DENOMINATOR_EXPANSION_REQUIRED,False,1f02c6e767185d4b42a4d571e8ff051569579e20e8e7c6ac09ac10b4b18d254d
tecraspace,ethereum,2021-04-13T12:34:15Z,2021-04-14T12:34:44Z,59fa80e4f670f5cb3689d6e44205e3484cb2f7b1c63f1903aa507d11b28171ca,2021-03-14T12:34:15Z,2021-04-14T12:34:44Z,1,0,10,10,True,True,True,HISTORICAL_DENOMINATOR_EXPANSION_REQUIRED,False,0192bb0b1da22c06b102db8d4a1ffe9281701db1db6adf715c15443405c7f068
templedao,ethereum,2022-06-02T00:35:35Z,2022-06-03T00:36:30Z,2cadc01ccb074aaf9c65304d91a0297cc79c0448307567cd4d39398ab7e1938a,2022-05-03T00:35:35Z,2022-06-03T00:36:30Z,0,0,10,10,True,True,True,HISTORICAL_DENOMINATOR_EXPANSION_REQUIRED,False,5cb6d6e663871270e5f78d6cf988d309f807d7e6938180054120c30782e3a831
tgbs,bsc,2024-02-09T12:25:55Z,2024-02-10T12:25:57Z,c5edb118c2aa264b68ae8ee35fc2e8b8e891f062c1f35be5bc3747d873956cbe,2024-01-10T12:25:55Z,2024-02-10T12:25:57Z,7,0,10,10,True,True,True,HISTORICAL_DENOMINATOR_EXPANSION_REQUIRED,False,29a7e77eea43cfff2e12038fa9195db799d5ccfed8a1f69c5202ccd4addd9f55
thenftv2,ethereum,2022-01-19T06:45:15Z,2022-01-20T06:45:29Z,290bf003ec41ba174681924a8a871c63d56bae8a8595c40901a1f66d9f3a1d71,2021-12-20T06:45:15Z,2022-01-20T06:45:29Z,0,0,10,10,True,True,True,HISTORICAL_DENOMINATOR_EXPANSION_REQUIRED,False,7928c2f29dd383bcbde67cf1e70ea07852c265db0a324b3e716fab801b286369
tifi,bsc,2022-11-12T06:02:56Z,2022-11-13T06:02:57Z,1ae5bf8503e51e6f0a38d600365d49ee62ddd6fda1f10d3acff31018d0d43930,2022-10-13T06:02:56Z,2022-11-13T06:02:57Z,5,0,10,10,True,True,True,HISTORICAL_DENOMINATOR_EXPANSION_REQUIRED,False,09554e8c76596a9df1fafc1a316487e87974cc7ea3781168ca07e638640bc5dd
tinu,ethereum,2021-06-19T18:45:35Z,2021-06-20T18:45:47Z,a5dc730b148332d75ad2bf8546be08ffba3e3216b0b131330b3d8a18bec78d1f,2021-05-20T18:45:35Z,2021-06-20T18:45:47Z,0,0,10,10,True,True,True,HISTORICAL_DENOMINATOR_EXPANSION_REQUIRED,False,ea858251cdf3da71703e7ed6dd040fce6d51a8feca6041fe42318ff1aadc0856
tradeonorion,bsc,2021-02-28T16:31:45Z,2021-03-01T16:31:46Z,d005b1cca1ea27467582b5ef49d1eaaf8ab05b0985d6db4526d2d9399a2d00d6,2021-01-29T16:31:45Z,2021-03-01T16:31:46Z,2,0,10,10,True,True,True,HISTORICAL_DENOMINATOR_EXPANSION_REQUIRED,False,777ce2c215acc6deaec4a9066fe6fa16d6d240784665b70f0f9c6c04e193612c
truebit,ethereum,2021-04-11T10:54:54Z,2021-04-12T10:56:15Z,0b7410b57a75201624cdb45e830383e1e6581a6b2e3438eb52c5b6ba955a8654,2021-03-12T10:54:54Z,2021-04-12T10:56:15Z,1,0,10,10,True,True,True,HISTORICAL_DENOMINATOR_EXPANSION_REQUIRED,False,645c6d4fccefa45df0dbe69dafa1817a02c5417db739085fdd0881e967fcbbdb
trustpad,bsc,2022-07-18T16:52:20Z,2022-07-19T16:52:20Z,b044573bb92d6a21ebeb6d647dd83ff494ee9bd1103987e64de5bbaf7c8917c0,2022-06-18T16:52:20Z,2022-07-19T16:52:20Z,15,0,10,10,True,True,True,HISTORICAL_DENOMINATOR_EXPANSION_REQUIRED,False,1a9b360b886c4d4e6ef0664d5602907c1385455e3f18cd3d3136ef72b0c551d0
uearnpool,bsc,2022-09-17T03:28:45Z,2022-09-18T03:28:47Z,25fa63b42c797aaf2e071a520165f81c7e790a6d9e8ec097004e1ea652131a15,2022-08-18T03:28:45Z,2022-09-18T03:28:47Z,6,0,10,10,True,True,True,HISTORICAL_DENOMINATOR_EXPANSION_REQUIRED,False,3593896e838c183e0ccef7c027d69f92c046c2049ce033ecb77feec3c95c0cc1
uerii,ethereum,2021-11-15T01:25:28Z,2021-11-16T01:25:50Z,5d07b512dc58a34cb884029e4d8059c42a9689bc4176132c8853a163f42451e9,2021-10-16T01:25:28Z,2021-11-16T01:25:50Z,0,0,10,10,True,True,True,HISTORICAL_DENOMINATOR_EXPANSION_REQUIRED,False,5abd438a2d431d5d22b78be61e5953f6cae6daef0f9b1988dfbd50dd8328dcd2
ufdao,bsc,2021-11-15T15:07:23Z,2021-11-16T15:07:25Z,abc9765d6cf6e250b64713d0c33aa242faf0bd1cf26b8afbab0c1b373b5525f5,2021-10-16T15:07:23Z,2021-11-16T15:07:25Z,27,10,10,0,True,True,True,NO_DEPLOYMENT_SCOPE_DEFICIT,False,740d674816dc55a97ed4a3f49364e3ad55b4b4c9555f672cc500d1d3c138d69e
ulme,bsc,2022-10-19T14:46:13Z,2022-10-20T14:46:15Z,0eb20d15189a6dd8b09d11d643be43004416a993d3719b2e122f3e83acc2196e,2022-09-19T14:46:13Z,2022-10-20T14:46:15Z,0,0,10,10,True,True,True,HISTORICAL_DENOMINATOR_EXPANSION_REQUIRED,False,01a5d0c4fb3970f1901fb99e1dac6173733c8dd0d20fbf6ba67b77bf77fb39a7
ulme_2,bsc,2022-10-19T14:46:13Z,2022-10-20T14:46:15Z,194a0da76d1fc22e3a003976536cb7a47fd83516323d8949ad338b16a6e3a177,2022-09-19T14:46:13Z,2022-10-20T14:46:15Z,0,0,10,10,True,True,True,HISTORICAL_DENOMINATOR_EXPANSION_REQUIRED,False,8376f9c2dd29550e59ca8d17be33f36e1601cfabe8e475b3ad7d99382b60c8d6
umbrella,ethereum,2022-03-14T17:05:30Z,2022-03-15T17:05:56Z,61c763c6fa8d12cfca53037545c556c1298fb460b099b2f9ba9cec5932de3565,2022-02-12T17:05:30Z,2022-03-15T17:05:56Z,0,0,10,10,True,True,True,HISTORICAL_DENOMINATOR_EXPANSION_REQUIRED,False,85eee6fa5986d6faeb5aaa002ee26cbe1d9088711fa36ed4a472a61d85672315
un,bsc,2022-07-20T00:55:47Z,2022-07-21T00:55:49Z,db9a16042702a3db25b3a7714176e3b2daa5749a8befb17f215af996201a03ff,2022-06-20T00:55:47Z,2022-07-21T00:55:49Z,16,0,10,10,True,True,True,HISTORICAL_DENOMINATOR_EXPANSION_REQUIRED,False,3895e0bd575089189a62927bcf725081859d7e0f901148389e070755bc912f8a
uniclynft,ethereum,2021-10-30T23:20:37Z,2021-10-31T23:20:40Z,a57144a824712b22786a29d76c39ef865f9a66c59cc885da6352799b07bf81f3,2021-09-30T23:20:37Z,2021-10-31T23:20:40Z,0,0,10,10,True,True,True,HISTORICAL_DENOMINATOR_EXPANSION_REQUIRED,False,ad46fd670f12c12430ceaac2bb058672df2e856066176b4a530815abb54b180c
unilend,ethereum,2024-02-12T18:14:11Z,2024-02-13T18:14:11Z,083e823b05dd16d3badfcddd21a656ada4ddfdab5fb06bb0768cc74f47b9a766,2024-01-13T18:14:11Z,2024-02-13T18:14:11Z,0,0,10,10,True,True,True,HISTORICAL_DENOMINATOR_EXPANSION_REQUIRED,False,613ff7e298ae9832c526c99fc797fdd1f1b1bce77a3850402290ee3179ac2984
unverified,bsc,2022-08-11T11:19:30Z,2022-08-12T11:19:30Z,40410fe89c9c12a48f7bd16d8a0abd7f73dcb33cc60e55425f160c13d96c01c3,2022-07-12T11:19:30Z,2022-08-12T11:19:30Z,13,0,10,10,True,True,True,HISTORICAL_DENOMINATOR_EXPANSION_REQUIRED,False,a073dd85949a3c68b52ee26070d847a544d89e430a337d1c2d19f6a85321e252
upswing,ethereum,2020-09-28T18:04:25Z,2020-09-29T18:04:56Z,58edf724aa2885d5df5683e70a33ba814116b5c2c0b13ed44d0e8a17fcae9091,2020-08-29T18:04:25Z,2020-09-29T18:04:56Z,1,0,10,10,True,True,True,HISTORICAL_DENOMINATOR_EXPANSION_REQUIRED,False,a8683170061ecef1b6a505ba57f5d5ff4d603ded7291ee0304cb174ab9f880a3
uranium,bsc,2021-04-16T06:34:04Z,2021-04-17T06:34:05Z,e89aff6da1f768ddcdf5fb5c5e67713c70b90b0e0c910fcca3ecd261c645a4dd,2021-03-17T06:34:04Z,2021-04-17T06:34:05Z,4,0,10,10,True,True,True,HISTORICAL_DENOMINATOR_EXPANSION_REQUIRED,False,2dffbddf948a689e9fafb079fcbf064d83c4af55e651a0a9b5537d405ad12355
usdtstakingcontract28,ethereum,2023-07-11T12:53:59Z,2023-07-12T12:53:59Z,bc8acb970730b3b660298d87efe5a4d285c7ab7c488f7b01c629f61f0a43135d,2023-06-11T12:53:59Z,2023-07-12T12:53:59Z,0,0,10,10,True,True,True,HISTORICAL_DENOMINATOR_EXPANSION_REQUIRED,False,0a48ac4c22abf7988c680b87f830e3253b96a33603114508e8df05c91e0c1661
usual_money,ethereum,2024-06-05T12:56:35Z,2024-06-06T12:56:35Z,226e97eca71e6805f47e2be6fb2a3a8850c676ebd9ee29967ef430b09b720c70,2024-05-06T12:56:35Z,2024-06-06T12:56:35Z,1,0,10,10,True,True,True,HISTORICAL_DENOMINATOR_EXPANSION_REQUIRED,False,607f7360d9898d444265a7383f26fa06c7cf9fe318fcc5d8433705748da15bee
utopia,bsc,2023-02-24T12:24:14Z,2023-02-25T12:24:16Z,47c3925dd307f790c2c7b4334a4d97642078e13b9392afda83164b250d290d34,2023-01-25T12:24:14Z,2023-02-25T12:24:16Z,5,0,10,10,True,True,True,HISTORICAL_DENOMINATOR_EXPANSION_REQUIRED,False,d2e6c7c33a46995af892dd2fba879329106bf4cab4698a31bf1450766a7c1c09
uwerx,ethereum,2023-02-07T16:19:23Z,2023-02-08T16:19:23Z,187aecae7a455a86666722e95af46cafe799752b19f1401649fb456c0b73b38a,2023-01-08T16:19:23Z,2023-02-08T16:19:23Z,0,0,10,10,True,True,True,HISTORICAL_DENOMINATOR_EXPANSION_REQUIRED,False,a1503268cdfc23a90086840558def0e131e15b67da22cda18d5edef7aee52cc0
uwulend_first,ethereum,2022-09-19T16:55:47Z,2022-09-20T16:55:47Z,8cc2f288359cc05250d05d8532315f797d943665e2a6c45c4fdf4df0447e8117,2022-08-20T16:55:47Z,2022-09-20T16:55:47Z,0,0,10,10,True,True,True,HISTORICAL_DENOMINATOR_EXPANSION_REQUIRED,False,4c360900677b2341bc33e56d983271538ca1e4b289ef5293df36ab0509b830b4
uwulend_second,ethereum,2022-09-19T16:55:47Z,2022-09-20T16:55:47Z,b78cb2be100a104c20ddb747a60c0cefcdd9c543d901e5b799ab0ed3f75f17d9,2022-08-20T16:55:47Z,2022-09-20T16:55:47Z,0,0,10,10,True,True,True,HISTORICAL_DENOMINATOR_EXPANSION_REQUIRED,False,28e0f8dce6a9f334c8fb048b7a27e944df768c5e28f0e9e251339e896cb88e70
valuedefi,bsc,2021-03-05T07:52:07Z,2021-03-06T07:52:08Z,e95b08449201c8849f3ac759e451c002b225ecece85b9be392ce340fa694160e,2021-02-03T07:52:07Z,2021-03-06T07:52:08Z,2,0,10,10,True,True,True,HISTORICAL_DENOMINATOR_EXPANSION_REQUIRED,False,0824e12ae47de0718e1d15639a146f39a4e73c66ae6cd295b6395f2ff6faf629
venus_the,bsc,2025-01-27T15:33:23Z,2025-01-28T15:33:23Z,467ee7f13c332c5207ce7369bd897253d037a04710c145e1006b1ed8e74433e9,2024-12-28T15:33:23Z,2025-01-28T15:33:23Z,3,0,10,10,True,True,True,HISTORICAL_DENOMINATOR_EXPANSION_REQUIRED,False,2ef05183f477c14ae24c85dab2e028b77fe751de2d751223017b1c0135cc2046
veth,ethereum,2024-10-27T09:08:11Z,2024-10-28T09:08:11Z,542361f7d6aceea9f8ba4ff401730aee2476cf4e8386d2005650acf2d99f97b0,2024-09-27T09:08:11Z,2024-10-28T09:08:11Z,0,0,10,10,True,True,True,HISTORICAL_DENOMINATOR_EXPANSION_REQUIRED,False,7f9376cdde26539505749c3b478079809e5c8d7293cd00e167b9fd87cbef80e0
visor,ethereum,2021-09-02T21:12:15Z,2021-09-03T21:12:29Z,15b2abb10b76c8c9b92429fd968d8d50af0e3ce9b0904e38f5142b5cdab80ab9,2021-08-03T21:12:15Z,2021-09-03T21:12:29Z,0,0,10,10,True,True,True,HISTORICAL_DENOMINATOR_EXPANSION_REQUIRED,False,35239b43db0f7b901f3728b946e57ffbf651075134be2a23e81f7110875d6254
vista,bsc,2023-07-19T08:36:38Z,2023-07-20T08:36:40Z,fa298eae46c8ca491b4013229c8ae703f5608c400ce80070837b94ae34373fa2,2023-06-19T08:36:38Z,2023-07-20T08:36:40Z,5,2,10,8,True,True,True,HISTORICAL_DENOMINATOR_EXPANSION_REQUIRED,False,9d7df0b731ce2389545b10547ce189aa695941ff827efd958e707df3035aba0d
vtf,bsc,2022-10-09T13:43:10Z,2022-10-10T13:43:10Z,109f06f1a3c7e2232079270b3f5fbae5d101be18e5fa96d7fba73b12c4525906,2022-09-09T13:43:10Z,2022-10-10T13:43:10Z,1,0,10,10,True,True,True,HISTORICAL_DENOMINATOR_EXPANSION_REQUIRED,False,0b2778ff5a497e9311021cfaec6b7b4c581df65602505b3dd8dc272260a3eac6
w_key_dao,bsc,2024-11-07T11:47:50Z,2024-11-08T11:47:51Z,e9526c30c277bc0af23e489dcd7ff7415b4c4414189f68d02cb768c427e83993,2024-10-08T11:47:50Z,2024-11-08T11:47:51Z,4,0,10,10,True,True,True,HISTORICAL_DENOMINATOR_EXPANSION_REQUIRED,False,a1490ea4bf70fc990f57e4a6120d6b0bc5b810ecb0da4ea0040f5061848d1390
wdoge,bsc,2021-06-03T02:12:43Z,2021-06-04T02:12:45Z,4f2d2f295d554951f69d45f39efde6359b6c9677f570c50a1facdc8263fbb6a9,2021-05-04T02:12:43Z,2021-06-04T02:12:45Z,13,0,10,10,True,True,True,HISTORICAL_DENOMINATOR_EXPANSION_REQUIRED,False,4d84793313b53689abb805195062217d1aab8b10d30a527f53bae1a7bb53e9a4
weco,bsc,2023-08-11T20:33:33Z,2023-08-12T20:33:34Z,2a5b674b26ab7cac3e71db334d715302c1f42c3d25ddd5b6ec528601cb143843,2023-07-12T20:33:33Z,2023-08-12T20:33:34Z,11,5,10,5,True,True,True,HISTORICAL_DENOMINATOR_EXPANSION_REQUIRED,False,507fd8412fa1eeff4309d98777153941076c6582c08d7db9938e0c59191e232a
wgpt,bsc,2023-06-19T07:27:28Z,2023-06-20T07:27:30Z,e16e75ba99f88fcbb7cb5b8ff907070e7e6ddbcd83d5a85ded1309d45feeea13,2023-05-20T07:27:28Z,2023-06-20T07:27:30Z,12,0,10,10,True,True,True,HISTORICAL_DENOMINATOR_EXPANSION_REQUIRED,False,cc3f93925d3e91e0f2230ea6124809c31e0d9cda50e38c31755b8a0903235e0e
wifcoin_eth,ethereum,2024-06-10T00:26:59Z,2024-06-11T00:26:59Z,3dba3a1fbdf3ea57ec546bc59b164837441e3979dfab45f83454c7118a4fee69,2024-05-11T00:26:59Z,2024-06-11T00:26:59Z,1,0,10,10,True,True,True,HISTORICAL_DENOMINATOR_EXPANSION_REQUIRED,False,228e70261235fe19d4b0b44bf3cd47254f874da6ee60b28512bf11e195915d69
will,bsc,2024-06-25T10:52:51Z,2024-06-26T10:52:52Z,09bd64cd915b561e3552f4677f096e304fe8963abad40efb7825050fce6a1607,2024-05-26T10:52:51Z,2024-06-26T10:52:52Z,3,0,10,10,True,True,True,HISTORICAL_DENOMINATOR_EXPANSION_REQUIRED,False,e0c2c02914e1f85d69a56b0d49c9b4791ae71273be4dd0e274eacfe3c7e53102
wiselending,ethereum,2023-08-07T19:13:59Z,2023-08-08T19:13:59Z,a0a7bf92699f6233daf8e39c12c46456b418088c2fae84cbacdf1da6a096cffa,2023-07-08T19:13:59Z,2023-08-08T19:13:59Z,0,0,10,10,True,True,True,HISTORICAL_DENOMINATOR_EXPANSION_REQUIRED,False,794fa1a28633fa2f4489267c7d8f2634d69a8362b1d34d32aade4e1461f3ef6c
wiselending02,ethereum,2023-12-03T20:28:35Z,2023-12-04T20:28:35Z,5e1c17d39460fac39476e6d8a5876bca44c1f23a9ad0d52f95a6b5d49056a79c,2023-11-03T20:28:35Z,2023-12-04T20:28:35Z,0,0,10,10,True,True,True,HISTORICAL_DENOMINATOR_EXPANSION_REQUIRED,False,7d2016d84d8a2fb395eb93c66e71fc6b3b0388219b518796699431f7d3c3359a
wiselending03,ethereum,2023-12-03T20:28:35Z,2023-12-04T20:28:35Z,dea64f22a52811f42fb3de4043f82b44dac9424748d8fe0637b4feb1c96ea765,2023-11-03T20:28:35Z,2023-12-04T20:28:35Z,0,0,10,10,True,True,True,HISTORICAL_DENOMINATOR_EXPANSION_REQUIRED,False,10143be25a2d0cf0c2adf3a638ac9ebc3e5b1ad3836fd76efc647d7e6378b809
wsm,bsc,2024-02-08T13:58:57Z,2024-02-09T13:58:58Z,e615ff21b7a5509d97227c698ce1bef3b2099a92f461462ec2caae81dd88c6a4,2024-01-09T13:58:57Z,2024-02-09T13:58:58Z,8,0,10,10,True,True,True,HISTORICAL_DENOMINATOR_EXPANSION_REQUIRED,False,8c4bb2b613673a5e2ed519f85c4a1bd5931ffcafa713fcafeeff35c42875e43d
xavefinance,ethereum,2021-06-24T18:41:14Z,2021-06-25T18:41:21Z,910233902b12856f2c126ef8c8a6beee81c56b5bd4547b3feb2c996e73b833ab,2021-05-25T18:41:14Z,2021-06-25T18:41:21Z,0,0,10,10,True,True,True,HISTORICAL_DENOMINATOR_EXPANSION_REQUIRED,False,18d068a58b76cb798c429807d61256f81c3d9533291faecf15382a18faa58896
xbridge,ethereum,2023-10-20T11:41:35Z,2023-10-21T11:41:35Z,eaba42ad23e049993848885aafadb6e14b59a512250f09a4666c015b4ce7a6b0,2023-09-20T11:41:35Z,2023-10-21T11:41:35Z,0,0,10,10,True,True,True,HISTORICAL_DENOMINATOR_EXPANSION_REQUIRED,False,e24776f93c269d74b3d49d139f05457261abd3501dde807d4275cb0c28c8904a
xcarnival,ethereum,2022-06-05T12:43:53Z,2022-06-06T12:43:57Z,f404fdda44db1c3f2f76a513a090d1431231c6392e7271c239bc98b53af14e5c,2022-05-06T12:43:53Z,2022-06-06T12:43:57Z,0,0,10,10,True,True,True,HISTORICAL_DENOMINATOR_EXPANSION_REQUIRED,False,31fc7ea90757bc85bcf6805c21e5db87cea838cb9cce2f308e941dd4e6a273fc
xsdwethpool,bsc,2023-06-24T13:03:45Z,2023-06-25T13:03:45Z,d94b603b84c51f571000d62237b6654739477c91ae0ea6eb5af632e1a0cc16c0,2023-05-25T13:03:45Z,2023-06-25T13:03:45Z,6,0,10,10,True,True,True,HISTORICAL_DENOMINATOR_EXPANSION_REQUIRED,False,e76176ac35872e3d5d4ac9ef2acb7dbcbc9743b4ac4aa76183aa595a83aa4b2d
xsij,bsc,2024-01-25T12:33:31Z,2024-01-26T12:33:31Z,c8f0cd9781f628cd7a219d0dfc58ab06a7568ccf4f8354d347c0b7c3c3ede825,2023-12-26T12:33:31Z,2024-01-26T12:33:31Z,10,0,10,10,True,True,True,HISTORICAL_DENOMINATOR_EXPANSION_REQUIRED,False,71aa4d81927bb907634158c49c585c19fce40367f13f69e982fc503cf22223cd
xst,ethereum,2021-02-06T03:16:27Z,2021-02-07T03:17:05Z,948b18731e673cb5b4960bed948d0554eb59a05b410c6d61604693d05fc4ac8b,2021-01-07T03:16:27Z,2021-02-07T03:17:05Z,0,0,10,10,True,True,True,HISTORICAL_DENOMINATOR_EXPANSION_REQUIRED,False,02312c4a3c955207c55a5ac92c5cc5f0afe9527e1907236f7e141af3bbb3ee39
xst_2,ethereum,2021-01-24T05:02:06Z,2021-01-25T05:02:44Z,7946d0b06072c3df58ebe86cf0d5d826bb77f8d54b9a15fd09a4d5d76c95775a,2020-12-25T05:02:06Z,2021-01-25T05:02:44Z,0,0,10,10,True,True,True,HISTORICAL_DENOMINATOR_EXPANSION_REQUIRED,False,5fa71c220c2ae75caef6fc2d6d934a8c2d6698da8e3a9d629ae79080c4077058
xsurge,bsc,2021-07-30T07:47:43Z,2021-07-31T07:47:45Z,356652d766b6f33aee863208c0310bbcf31726f7da9caf0ae540241b50b59b45,2021-06-30T07:47:43Z,2021-07-31T07:47:45Z,13,0,10,10,True,True,True,HISTORICAL_DENOMINATOR_EXPANSION_REQUIRED,False,ec9c162f0bfc82dbb1bac93f28f0e03ce0a2fb61bddc1d674b84ac06cffeb952
xwin,bsc,2021-02-15T12:22:24Z,2021-02-16T12:22:25Z,54ea39a0ab2e807f909c414f5e73c96d61422e25b0f1189f1ff6f9b8d60dc499,2021-01-16T12:22:24Z,2021-02-16T12:22:25Z,2,0,10,10,True,True,True,HISTORICAL_DENOMINATOR_EXPANSION_REQUIRED,False,3687e0af2f2e6049aaff26e47ca6fbd3922a0af02a488eaded756a6847c7e223
yearn_ydai,ethereum,2020-08-13T06:56:48Z,2020-08-14T06:56:58Z,b8c7e5a348e0feec5ab06679688fa43c0be6ffce854b41302f3ff503be7e3f26,2020-07-14T06:56:48Z,2020-08-14T06:56:58Z,2,0,10,10,True,True,True,HISTORICAL_DENOMINATOR_EXPANSION_REQUIRED,False,ab3fd254c47e7e7fcae533133011428d97a21c9a32b5d3b22ba88221aca113fb
yearnfinance,ethereum,2020-02-12T01:21:48Z,2020-02-13T01:21:56Z,f3d1267f5e82fad3ba2554e2e665840c665c389137f14775a094f3c0da7687f8,2020-01-13T01:21:48Z,2020-02-13T01:21:56Z,0,0,10,10,True,True,True,HISTORICAL_DENOMINATOR_EXPANSION_REQUIRED,False,c9b544f8c965c90314e8749963e8cf2e40a702b62083e487c6d2152a5fcbd8d3
yodlrouter,ethereum,2024-07-29T13:29:47Z,2024-07-30T13:29:47Z,6bdb7fdd704d3d5195b27e6e861d7a607ba7bc0edace77b444869c2eece3323a,2024-06-29T13:29:47Z,2024-07-30T13:29:47Z,0,0,10,10,True,True,True,HISTORICAL_DENOMINATOR_EXPANSION_REQUIRED,False,84cabf1d4d8aa176158f596a709e21032abf2dd0e5c8aebf5d8d200ffaea476c
yzi_ai_token,bsc,2025-03-26T13:49:54Z,2025-03-27T13:49:54Z,eee38fb79c057175b8f79be0492fddf18d8bbf94588229d8a8883c66808fbcc4,2025-02-24T13:49:54Z,2025-03-27T13:49:54Z,3,2,10,8,True,True,True,HISTORICAL_DENOMINATOR_EXPANSION_REQUIRED,False,aa0750e50e565eb561c97bad980061eb2870b51400b6134c249c9a5ab47f9b29
z123,bsc,2023-09-18T06:09:30Z,2023-09-19T06:09:32Z,bc499a80b8b2d73b27cf007cb224a7b03812a2879cb3197843446274cdc0f44d,2023-08-19T06:09:30Z,2023-09-19T06:09:32Z,4,0,10,10,True,True,True,HISTORICAL_DENOMINATOR_EXPANSION_REQUIRED,False,58378d040cc7b432efa492c38bb82fa994833e41c969b721313bd4cf7b2e2246
zeed,bsc,2022-04-20T05:46:12Z,2022-04-21T05:46:14Z,c0f431b4cb403e12becfd2b4483dea1c888a083a85411603f90e29890628f1ec,2022-03-21T05:46:12Z,2022-04-21T05:46:14Z,25,1,10,9,True,True,True,HISTORICAL_DENOMINATOR_EXPANSION_REQUIRED,False,73a45c9009c8585acc5cd393e4f6ae0098009c1b39652be6ea5f79b5072956e1
zenterest,ethereum,2021-01-21T13:36:36Z,2021-01-22T13:36:48Z,b845d8a6b7a7715a60ac60fe981bc363da42f08c470eb613635d22f52f67be1e,2020-12-22T13:36:36Z,2021-01-22T13:36:48Z,0,0,10,10,True,True,True,HISTORICAL_DENOMINATOR_EXPANSION_REQUIRED,False,ae28506e9fd2f4e5ad7e66d412b38f2e974855be102adde97306be18703a0a97
zs,bsc,2023-09-26T10:35:05Z,2023-09-27T10:35:06Z,d58db317fc55230d2a5d1c8cd6a6e0a914d9a823b3a6a71bd508c3e0bfc4cfd8,2023-08-27T10:35:05Z,2023-09-27T10:35:06Z,3,0,10,10,True,True,True,HISTORICAL_DENOMINATOR_EXPANSION_REQUIRED,False,f9709c77f7be5ae9159b8ca28051245caea301979efc89cba5b05be15921e399
