case_name,chain,chain_id,positive_prediction_cutoff_time,minimum_additional_distinct_slots,reserve_target,control_address,control_identity,control_deployment_time,deployment_distance_seconds,creation_tx_hash,deployment_block,creation_type,trace_proof,source_object_key,source_object_sha256,source_record_sha256,edge_rank_sha256,reserve_assignment_sha256,queue_status,rpc_authorized,selection_authorized,stage_promotion_authorized,recovery3_mutation_authorized
paraspace,ethereum,1,2022-12-02T07:27:11Z,10,100,0x3142d57cecc86ea0ffdb5d6580b77aa7d02b0502,1:0x3142d57cecc86ea0ffdb5d6580b77aa7d02b0502,UNKNOWN_REQUIRES_RPC,-1,0x93669cb8e75a7972c4b880b142a2e540679e22101297c1864f4217b7f8980332,16088741,UNKNOWN_REQUIRES_RPC,False,v2/contract_deployments/contract_deployments_13000000_14000000.parquet,8885bd5034eff92607b7ffb297b079b222764c22e24fbd5bdf3f3d689c1a839b,0dfce09c8b8f27336550a2909af0c1e5ca4d47c4447b6c28de5daf547a7cd151,000ec985d5f98e25d01710e31e612379a9121d403727d7cff06e92a7bfe090da,e1d6bda4e4b49dd3fcb60834d5b8b46e9ecc8e6b45c4ceebcc212b7df523e5d3,RESERVE_CANDIDATE_REQUIRES_RPC_AND_PAIR_EVIDENCE,False,False,False,False
particletrade,ethereum,1,2023-10-03T23:57:35Z,10,100,0xe34c643b02d35cff0695f5924d9a7ed3be9b4baa,1:0xe34c643b02d35cff0695f5924d9a7ed3be9b4baa,UNKNOWN_REQUIRES_RPC,-1,0x0d842768d1832d4cca046cb19c2c017cdb954f278d3ad994dcd33bd4ec985f4e,18110520,UNKNOWN_REQUIRES_RPC,False,v2/contract_deployments/contract_deployments_5000000_6000000.parquet,eb8d1ad9c414a2cf0a36d3fe5aa0b10e20823399807f3e5cfb6815af4b301cd7,dc4d75ff83c527067ebd2ec3a8c4e4e88836d8a6393c10eedb559f2736295006,000e859374f4395581d2d047a99a67df0473012e1b22013795d2f77bf0e178d7,aa1893cdcc440f174b8864636a5904dceb7d149d584daa8f22f40baaa59512ea,RESERVE_CANDIDATE_REQUIRES_RPC_AND_PAIR_EVIDENCE,False,False,False,False
pawnfi,ethereum,1,2023-06-05T05:03:35Z,10,100,0x76bb457883d7a9d435829b6a788ca49be2b2245c,1:0x76bb457883d7a9d435829b6a788ca49be2b2245c,UNKNOWN_REQUIRES_RPC,-1,0x1aa0fcaf4b320184efb973de0b9924409fadd2b15c4c9532400d5912cf343a66,17310510,UNKNOWN_REQUIRES_RPC,False,v2/contract_deployments/contract_deployments_14000000_15000000.parquet,6176cf26c5e071de572e4fa584e8e6126dbdb3267e5f347910a581b7d8a944c6,a0beae7ceb0b4b7bca1feddd0e6266999353f332bbf0cca464381e83d61e83bb,00093b8b0c89ab2947311207a05b5bbbd19b131f525dadea0a722ea0fb511899,9d9218bb75653fccb2e397e59e8ec754d70edf429d74724db2b67d822064f413,RESERVE_CANDIDATE_REQUIRES_RPC_AND_PAIR_EVIDENCE,False,False,False,False
peapodsfinance,ethereum,1,2023-12-13T21:17:47Z,10,100,0x74716c8428c45529cefd3dee77d10b7c486f5bba,1:0x74716c8428c45529cefd3dee77d10b7c486f5bba,UNKNOWN_REQUIRES_RPC,-1,0xe3b5c413c6d59b12358d8e0a1e72db29aed0b09ba9fd6ee25d6fb7dca4bb607e,18683920,UNKNOWN_REQUIRES_RPC,False,v2/contract_deployments/contract_deployments_2000000_3000000.parquet,6d562e88df03827bfbf01c2b88d473f0dece6ca3dcd2b0c76188bf3236dcdaae,5564ebdfdd47367354f3e48774ff249e30ca02e3e4cd99ce5ec087938d2a5068,0019dbe353b0a22eb0a815777e480b7aa2a4321c228b7ac977221d41fe7644a8,86c0889a648a28fbe9b7b8148a5fc62665649be0dc28ed54ec2bf6354552c555,RESERVE_CANDIDATE_REQUIRES_RPC_AND_PAIR_EVIDENCE,False,False,False,False
penpiexyzio,ethereum,1,2023-06-05T10:50:59Z,10,100,0x490235f784f770e64972e8afcb89dc54fd836315,1:0x490235f784f770e64972e8afcb89dc54fd836315,UNKNOWN_REQUIRES_RPC,-1,0xc85e8ddff95cdf81f22bb30f90940d102334849c9b03c31bdc7352316337909b,17288983,UNKNOWN_REQUIRES_RPC,False,v2/contract_deployments/contract_deployments_14000000_15000000.parquet,6176cf26c5e071de572e4fa584e8e6126dbdb3267e5f347910a581b7d8a944c6,532be20e7376c7bfdf39f2861754ceb084fac112173ad9b6dcb7ecde41a7dc98,0012c8a1f563b607fdd7e5e15f4076d2d2fc18a18a4b2af10a7a14960c05ee26,02e91358eef707ad30c15452750a720fd0769fee7082f75fc86714ec7d57c8a2,RESERVE_CANDIDATE_REQUIRES_RPC_AND_PAIR_EVIDENCE,False,False,False,False
pickle,ethereum,1,2020-10-24T00:04:17Z,10,100,0xcc19c1439659b3255c75c352d70fc188b0be76d9,1:0xcc19c1439659b3255c75c352d70fc188b0be76d9,UNKNOWN_REQUIRES_RPC,-1,0x63e07646a1aa09f7d1c87ab0d954a4e519266f77cc046bb3bf6aecd18e056358,10952901,UNKNOWN_REQUIRES_RPC,False,v2/contract_deployments/contract_deployments_14000000_15000000.parquet,6176cf26c5e071de572e4fa584e8e6126dbdb3267e5f347910a581b7d8a944c6,f37b7e3a3123a5135e917e0f43e982a38c15e92205ca33cd0e02d6132598a01e,0010ca4bfb55e8dda799f4e8c3eaf163123f19d2d75a00c6e9b7fc5547b9b273,95c6749dc53deb02b89a77d0e5cd9d17649ed3feaf7ebfc2823e832e9ed1f8a9,RESERVE_CANDIDATE_REQUIRES_RPC_AND_PAIR_EVIDENCE,False,False,False,False
pineprotocol,ethereum,1,2023-01-12T19:59:23Z,10,100,0xab31ee035bd58407ba55d55da402a82f45ce2f7c,1:0xab31ee035bd58407ba55d55da402a82f45ce2f7c,UNKNOWN_REQUIRES_RPC,-1,0xddf4a3be33dc5aec12c8e694a3cc5bfc60e64551bf0b7ad4fe362b32b3d611c1,16185490,UNKNOWN_REQUIRES_RPC,False,v2/contract_deployments/contract_deployments_5000000_6000000.parquet,eb8d1ad9c414a2cf0a36d3fe5aa0b10e20823399807f3e5cfb6815af4b301cd7,ada2c6cec31f1411637919ea98d2b06cbf8b3d456a247fa3f0d357cd78dd703a,001484ebd2113aed89967aa65a18fee714bb7f6e2e0481cac8b47a74e4708cb1,52b50e8b283c435b5160c36a1bc133eb8aa4153264eb1a4da250e9d58d4ea44f,RESERVE_CANDIDATE_REQUIRES_RPC_AND_PAIR_EVIDENCE,False,False,False,False
pseudoeth,ethereum,1,2023-06-11T00:15:35Z,10,100,0x99eca12e217c8d587cb712a9d977eed57b0bdc28,1:0x99eca12e217c8d587cb712a9d977eed57b0bdc28,UNKNOWN_REQUIRES_RPC,-1,0x3fdec86d97d8e1912cedc0cd9e99dcb9c6cb1b048943c9aa80f912df41d9ac9b,17374305,UNKNOWN_REQUIRES_RPC,False,v2/contract_deployments/contract_deployments_6000000_7000000.parquet,408541b1fff35d9d72eb413a63bd7e1ecdfd299daa7ca67b3c7185856aa6aef7,6a9fd0738f0c92ac3fee94254d6850562665b7fa389162c6767cfa0a78d4fdec,000ce07db16dac2dfe7eb7010ef157d52cd0806380af16ae697ea58e74697882,5ea74e9ab2f7b8ad3757f5496f5056f907cd0be50489f7d839c8a9402a1ffa80,RESERVE_CANDIDATE_REQUIRES_RPC_AND_PAIR_EVIDENCE,False,False,False,False
qtn,ethereum,1,2021-07-27T02:30:03Z,10,100,0x535c3fd6ad60ac167006555b8a6f4bfcd78056f2,1:0x535c3fd6ad60ac167006555b8a6f4bfcd78056f2,UNKNOWN_REQUIRES_RPC,-1,0x3aeee855788545eadbc8904b04b2b94e45973826c9d6653dac50b2160e8c73a4,12766648,UNKNOWN_REQUIRES_RPC,False,v2/contract_deployments/contract_deployments_6000000_7000000.parquet,408541b1fff35d9d72eb413a63bd7e1ecdfd299daa7ca67b3c7185856aa6aef7,8f23ca2e8e0a724c7dc68dee8a3ce47a56909290a5af914cd06929fd7ca33651,000a292f91c9d860ab1650416e210e1765e539ad98446801785998903453431f,aa320fe099490e93209f92947882366d31b37b80e7795bf09989e1330867c164,RESERVE_CANDIDATE_REQUIRES_RPC_AND_PAIR_EVIDENCE,False,False,False,False
quantumwn,ethereum,1,2023-08-12T22:05:23Z,10,100,0xaf7bfbc6c5535836ab6ad123409e97af0f9f119a,1:0xaf7bfbc6c5535836ab6ad123409e97af0f9f119a,UNKNOWN_REQUIRES_RPC,-1,0x93d478130cd8bd0768a1ad92055f325f9bf281af7eddf6b37ed1190cc2e9f7bf,17798661,UNKNOWN_REQUIRES_RPC,False,v2/contract_deployments/contract_deployments_0_1000000.parquet,d5e23a08a88dabb08e4eb326b1c042e55165b1fd682650ab9ed73f136e287d31,3afb4aa31e216a2cc0da6569bc46f0fb28377f84e698e3671659d452c03c70c0,000c81791e55b51f982a2b907d06f78cbda7dcc7a0359e4d9e984171cf026b7c,e7fdc57f22ac595fddf425a73abdb522727aa273fea3a821b67bc7d95f67819c,RESERVE_CANDIDATE_REQUIRES_RPC_AND_PAIR_EVIDENCE,False,False,False,False
qubit,ethereum,1,2021-11-30T09:02:57Z,10,100,0x75baf042857fb3a0934c9eeaacebbbbb3d2832b1,1:0x75baf042857fb3a0934c9eeaacebbbbb3d2832b1,UNKNOWN_REQUIRES_RPC,-1,0x9c44c6135a6b1ea53041b861734f670c09c4396c861d184bcf081065d8d3c19e,13634171,UNKNOWN_REQUIRES_RPC,False,v2/contract_deployments/contract_deployments_14000000_15000000.parquet,6176cf26c5e071de572e4fa584e8e6126dbdb3267e5f347910a581b7d8a944c6,8701518886aee6c5e2ed7bb4ab5922cff8bb580ca9323106f892ecb4daa2626e,00069df72c47c90709e11ae1bcf1d1ba30cef38e1c3fb05a32e0693d0c840b87,8df192824fac1b327f98013c13c10db8a66b6f1be9ed6adcfafc6ab9eb287764,RESERVE_CANDIDATE_REQUIRES_RPC_AND_PAIR_EVIDENCE,False,False,False,False
raft,ethereum,1,2023-09-14T12:58:59Z,10,100,0xf619685c4a11c1c47d92b953b68fcbcde689dbf6,1:0xf619685c4a11c1c47d92b953b68fcbcde689dbf6,UNKNOWN_REQUIRES_RPC,-1,0x4634a8adf72377a5d953bd333bba1022390b4f52b02ca2f4309cb6877bd0e659,18084299,UNKNOWN_REQUIRES_RPC,False,v2/contract_deployments/contract_deployments_19000000_20000000.parquet,204b7f381daf9d8017d4efd97183633a94c1c646efa22b219290c725f63c79d8,9742c8c9960d708466c907c7e14d94085119bd8ffb90af06dd37061eb90245a0,000ab14e431e7a8a25f843729e00e6934db97b981268eb68c2f05e1ae397f46e,8af4ce9bf29326f894c09e88feabbd4e3b102468f2be879a766710075baca3a8,RESERVE_CANDIDATE_REQUIRES_RPC_AND_PAIR_EVIDENCE,False,False,False,False
rari,ethereum,1,2021-11-24T22:31:41Z,10,100,0x81d9577d7b323f527c4cc94ab9f2ca0aca6a1346,1:0x81d9577d7b323f527c4cc94ab9f2ca0aca6a1346,UNKNOWN_REQUIRES_RPC,-1,0xeaeab007736b45e03484e7e9aadef75904209b65e5af74ac45a3a93d33911aae,13597984,UNKNOWN_REQUIRES_RPC,False,v2/contract_deployments/contract_deployments_21000000_22000000.parquet,6951c22b6f2732efb0772f657e597c5cdd89f8d4c3b5d2d0c7e8d53bc240b602,5801bed0b4c1c97fb15c72a0d99b6d7ea6df1209134332c7279d5ee16fe24c56,00062abad8f761c14131493e08760f90ef121b87101546aa58443068e438eebe,a05d2129922dea27d4cbd30fa8935c1eae0e487585e25dd13d5958602f86ef67,RESERVE_CANDIDATE_REQUIRES_RPC_AND_PAIR_EVIDENCE,False,False,False,False
rbalancer,ethereum,1,2023-09-25T06:20:23Z,10,100,0x3ee6de1da9ac9bf4f00da9b32d6a22b7cf6af599,1:0x3ee6de1da9ac9bf4f00da9b32d6a22b7cf6af599,UNKNOWN_REQUIRES_RPC,-1,0xa35b574d134cd48dbc58913c4fd4f8c1b79dc1aa8f9b1932a9c16cc418e0f386,18187437,UNKNOWN_REQUIRES_RPC,False,v2/contract_deployments/contract_deployments_1000000_2000000.parquet,7529540c96f11e4fc0d376fd36b2953644bebebe317a864615e2d14403a341fe,7d4c7cd7991bc30a200f167722eb095f7b6eeb6e3f9aaafe03fae778c572cca0,001012c038c7d1160979c7420bc86ba38df1f6c768dd8f18c508c74cbf82e755,28d93f7951a610146842c2100f323aecd2e21ad777c760917ed5117b72a623bd,RESERVE_CANDIDATE_REQUIRES_RPC_AND_PAIR_EVIDENCE,False,False,False,False
revertfinance,ethereum,1,2023-02-04T18:41:11Z,10,100,0xb4b8b1bf8772dc6814f9f075d50712ffae431151,1:0xb4b8b1bf8772dc6814f9f075d50712ffae431151,UNKNOWN_REQUIRES_RPC,-1,0x676f1e539575a80391fb9ee0a226fe680870a3ec2c12c0cb377bd1ce9a53c119,16434140,UNKNOWN_REQUIRES_RPC,False,v2/contract_deployments/contract_deployments_6000000_7000000.parquet,408541b1fff35d9d72eb413a63bd7e1ecdfd299daa7ca67b3c7185856aa6aef7,b6fcc8afdbbc74f3c7b2bc9971d2f309c88f23ebdd16319303560a9fc8121afc,0013c846dd7e60ac8d66d44ed0497c207bca3db44792a1aac87c7ec547baba6e,5e54f9332545a7b15ff3acb86bde473d30403a025a39c2f47ad8737d08a36139,RESERVE_CANDIDATE_REQUIRES_RPC_AND_PAIR_EVIDENCE,False,False,False,False
revest,ethereum,1,2021-09-25T20:17:46Z,10,100,0xb9801597abf80e9b2ab311fe0887ac58577aa393,1:0xb9801597abf80e9b2ab311fe0887ac58577aa393,UNKNOWN_REQUIRES_RPC,-1,0x610bb063ee4ee6dae572d54e101e04009540d6041940d5da30c851165edcae75,13242999,UNKNOWN_REQUIRES_RPC,False,v2/contract_deployments/contract_deployments_14000000_15000000.parquet,6176cf26c5e071de572e4fa584e8e6126dbdb3267e5f347910a581b7d8a944c6,1670478abaa49b1469a73c3513fdf56391dc905d70f7ea27243411a68dfee857,0003bf9ae9c6e99eec4389b305447d5d845c778094e28c8b3bf1d1f95fa8506c,eb372cb8c1f96dc99d1f32e5bc5796daebaaf16daf3b799d3f5670c5fa295aa0,RESERVE_CANDIDATE_REQUIRES_RPC_AND_PAIR_EVIDENCE,False,False,False,False
roefinance,ethereum,1,2022-08-11T11:50:00Z,10,100,0xedb1a5aa02e34165efd36668f2d50a1c478432c8,1:0xedb1a5aa02e34165efd36668f2d50a1c478432c8,UNKNOWN_REQUIRES_RPC,-1,0x14e249b2672bc3759a95297f118f7b80c64bef901c7b4df449ca7c1a18b1fb23,15203828,UNKNOWN_REQUIRES_RPC,False,v2/contract_deployments/contract_deployments_6000000_7000000.parquet,408541b1fff35d9d72eb413a63bd7e1ecdfd299daa7ca67b3c7185856aa6aef7,a09410f96f08ecf0613a379436690221c6b848539947facf918873b31c35998a,000bc6c200d7e776b8a177a16339ca46106a132d2187cc33fcefa5e06722d281,2cae7595efb81ef5fbd4adcd9ecac207130dc2457286c7ad3d29c2ebef7feb33,RESERVE_CANDIDATE_REQUIRES_RPC_AND_PAIR_EVIDENCE,False,False,False,False
rubic,ethereum,1,2022-08-24T09:45:25Z,10,100,0x1b79c50eff8f7d5a3831c11f27e120db62231a5f,1:0x1b79c50eff8f7d5a3831c11f27e120db62231a5f,UNKNOWN_REQUIRES_RPC,-1,0xf3a91a4705d418830070bf520d787dbde3b75593ed2493f7c330285b9cc3af36,15227424,UNKNOWN_REQUIRES_RPC,False,v2/contract_deployments/contract_deployments_13000000_14000000.parquet,8885bd5034eff92607b7ffb297b079b222764c22e24fbd5bdf3f3d689c1a839b,a8306fd9eca2362f74e2e21b65186c239cabd2126abd09ff5e25cd04702acace,000cb6a692b7ecc24157e5dea8eb751c6de285e6e670432415e72c470f5e127a,17c98e21eca19fe2cef54d007256291ce3cab8aacd3b11c299af3ca6989a3e50,RESERVE_CANDIDATE_REQUIRES_RPC_AND_PAIR_EVIDENCE,False,False,False,False
ruggedart,ethereum,1,2024-02-18T00:23:47Z,10,100,0xc85bcb370c7aaa4361622eba3d3a73a2e9f87f3b,1:0xc85bcb370c7aaa4361622eba3d3a73a2e9f87f3b,UNKNOWN_REQUIRES_RPC,-1,0x7ebd7e053fa9bd23926672bcdadf8ac8dd0bfe01de9a8292472f4fe265769489,19148135,UNKNOWN_REQUIRES_RPC,False,v2/contract_deployments/contract_deployments_2000000_3000000.parquet,6d562e88df03827bfbf01c2b88d473f0dece6ca3dcd2b0c76188bf3236dcdaae,5034155a722643d600f715e794034016a30370be86bb10cff63262925307db92,00084d68e84fae1d22065fc0ad47e6bb1090964aada65c6738d5018455808067,d9a762b47af38c80b865833c745e8a175695b8b9b59ddc1427448db0b4c92d4b,RESERVE_CANDIDATE_REQUIRES_RPC_AND_PAIR_EVIDENCE,False,False,False,False
saddle,ethereum,1,2021-12-16T00:58:40Z,10,100,0xc5644e6bb4fe58148ea960f7a8404c7bfa73c070,1:0xc5644e6bb4fe58148ea960f7a8404c7bfa73c070,UNKNOWN_REQUIRES_RPC,-1,0x9f7a0f32639f21447b6f005fad9351a6007abe16be34fc1ef1890fb37b43e837,13711786,UNKNOWN_REQUIRES_RPC,False,v2/contract_deployments/contract_deployments_18000000_19000000.parquet,2dcd3c6c46c1f5489efaf97a7571ebbe6353d25a2f649f3933fab9345109debf,e6bb95468ce05fd4ebb00f797b06eba28556864e2d147d77c6055ffcb6f7d646,00057d7ab2b628ba0882e6580ca5aaf48234f9f24c905f6e72c6d93863f2a7b6,90ec709a71ba2a486bbc306ea2b10f23cdd059a1d84d63017b0cd9c8d25397d6,RESERVE_CANDIDATE_REQUIRES_RPC_AND_PAIR_EVIDENCE,False,False,False,False
sandbox,ethereum,1,2019-12-05T07:52:17Z,10,100,0x91f46dd6ee5f3f8ce83287897938f7858f5761e4,1:0x91f46dd6ee5f3f8ce83287897938f7858f5761e4,UNKNOWN_REQUIRES_RPC,-1,0xbd73f956aa337eb27e658ba74fda1f0b40c8d59a371eb6b8369ca87d108d7930,8972401,UNKNOWN_REQUIRES_RPC,False,v2/contract_deployments/contract_deployments_18000000_19000000.parquet,2dcd3c6c46c1f5489efaf97a7571ebbe6353d25a2f649f3933fab9345109debf,48de11e0f608b1e297ad1959c7985b54f2967486b371af6b78766ed0e82010fb,001a109dbdfc696e7097ba9bf1aecea045ad7c559574704a6faf60e3e3ec70f2,0d04c413fd5e4df31c5b78fb1b3ae8dfdbba4ff27a2465ccd1142dd21c7fc6d1,RESERVE_CANDIDATE_REQUIRES_RPC_AND_PAIR_EVIDENCE,False,False,False,False
seneca,ethereum,1,2024-02-20T21:18:47Z,10,100,0xbedafbb96a4b31e58a4dbd19bb5df78bd775aae7,1:0xbedafbb96a4b31e58a4dbd19bb5df78bd775aae7,UNKNOWN_REQUIRES_RPC,-1,0xfb4b3ffe248e15e6afadd21e37974155d163a3ff2a43d95a7e72c619b337262d,19147757,UNKNOWN_REQUIRES_RPC,False,v2/contract_deployments/contract_deployments_2000000_3000000.parquet,6d562e88df03827bfbf01c2b88d473f0dece6ca3dcd2b0c76188bf3236dcdaae,69cf3bc01937f1e411954d98acdb698f1471f937e2b68f03f9275d9386903ee6,0008f8288b4bb43e1c1675dfa8c494f8f12254a32dd92fc4c26a509fc93957e1,c0b6b2ceab2afc28c30fdff801ac0a2516144daeb49c2be92e2d7e5f3d3237bc,RESERVE_CANDIDATE_REQUIRES_RPC_AND_PAIR_EVIDENCE,False,False,False,False
shoco,ethereum,1,2021-06-06T00:36:56Z,10,100,0x8450cfb5b846d329b47223d8553f8444846eb8d8,1:0x8450cfb5b846d329b47223d8553f8444846eb8d8,UNKNOWN_REQUIRES_RPC,-1,0x2255fb28ad6eeaa622fdd6fd15c868976f332a1a302829d92266b1207f974f42,12559077,UNKNOWN_REQUIRES_RPC,False,v2/contract_deployments/contract_deployments_20000000_21000000.parquet,5408f43ed5a3cd3b27216a3df0904e4053ec650ebb80c9c1c2ede9026839c3b5,91827be2e705e3b8426b7b969b82e6b041a08954a9ee0443fc90c23f4c2089fe,00089d83f0b2f8fd4e4b25af6e1206517bf108cc52929c9844b26c36175da152,5cda6169493a17058f85af86935e97cdf94d48cb20acebdbf171809ed04a5457,RESERVE_CANDIDATE_REQUIRES_RPC_AND_PAIR_EVIDENCE,False,False,False,False
silo_finance,ethereum,1,2022-10-26T05:58:59Z,10,100,0x67317a98505f5597c52ceab8acf4d1342d466a34,1:0x67317a98505f5597c52ceab8acf4d1342d466a34,UNKNOWN_REQUIRES_RPC,-1,0x927a24b3c7e9336f6778994d1293d72ea6f4bfe0a328e0b72ef856e7849ce637,15797004,UNKNOWN_REQUIRES_RPC,False,v2/contract_deployments/contract_deployments_6000000_7000000.parquet,408541b1fff35d9d72eb413a63bd7e1ecdfd299daa7ca67b3c7185856aa6aef7,9e2487580de70b199fb2f3e897b84c9ab2ca185c133dac37b0b42254cf89a1dc,0016a610869c27e7c4402f58f0f84e9bd3ed27ccbc299e2312cd989cc355cbe4,6586809e89c3520780f393c7626b229999772bf63afd2d45bd504b2e1547fc24,RESERVE_CANDIDATE_REQUIRES_RPC_AND_PAIR_EVIDENCE,False,False,False,False
snood,ethereum,1,2021-07-28T01:16:45Z,10,100,0xdaf843423e46a8c68e7d3f7fc73d3d5aed7e1175,1:0xdaf843423e46a8c68e7d3f7fc73d3d5aed7e1175,UNKNOWN_REQUIRES_RPC,-1,0x256ffd7a59af44f6142a9bc2798c294a28b83e5ccf3a64479193837d342e3062,12820278,UNKNOWN_REQUIRES_RPC,False,v2/contract_deployments/contract_deployments_14000000_15000000.parquet,6176cf26c5e071de572e4fa584e8e6126dbdb3267e5f347910a581b7d8a944c6,b9a0e3c649b0fad9c0049eb2898889664756934a6d3dd886c20bdc8f21e34e6b,0007a76dc2d18021d71ac951db23079aa09366b687af9f1c0edc4e3966ff5898,7648b2892089b002ad2f96726cb19d5df35c4f87251e3dc5e472ab6db5c3ca48,RESERVE_CANDIDATE_REQUIRES_RPC_AND_PAIR_EVIDENCE,False,False,False,False
socketgateway,ethereum,1,2024-01-14T05:16:59Z,10,100,0x67e14ee0d63aea69869699671d097ff889a9f99a,1:0x67e14ee0d63aea69869699671d097ff889a9f99a,UNKNOWN_REQUIRES_RPC,-1,0x1856b044d5c6b1d5fc7f6ff9d1acb4da4b9ceeb9d916643239b96d88161ff9bc,18900053,UNKNOWN_REQUIRES_RPC,False,v2/contract_deployments/contract_deployments_2000000_3000000.parquet,6d562e88df03827bfbf01c2b88d473f0dece6ca3dcd2b0c76188bf3236dcdaae,9255a333008389fdd32ca82caea6fafb5a0ace4ddb8243245ac4570330506e80,000c7d15db90f6c2d1f7bfa261f905009c1ace181dbae9f4c09fa1fbec2c99b7,9eb1b315a26e8d154b1ff815e8b296eebe3caf5f45511f7014401f30ca2cb1d4,RESERVE_CANDIDATE_REQUIRES_RPC_AND_PAIR_EVIDENCE,False,False,False,False
sorra_staking,ethereum,1,2024-12-20T18:18:47Z,10,100,0xd0597a6047d6dd5451d20f4de74781eca49f1778,1:0xd0597a6047d6dd5451d20f4de74781eca49f1778,UNKNOWN_REQUIRES_RPC,-1,0x5a7ae36e9f8f58eb01f8c790b8b98a48bc76b43eada3b884568a39ad1e36d29e,21404372,UNKNOWN_REQUIRES_RPC,False,v2/contract_deployments/contract_deployments_20000000_21000000.parquet,5408f43ed5a3cd3b27216a3df0904e4053ec650ebb80c9c1c2ede9026839c3b5,90176c234510df31700f83952695cff28ac37eaac62cb15430c8b54d0789329a,0010eacb5a6a2fd70c299b2d91e4d4cee2ba509d94f064d50afeb65b6270fd0d,45ad7301549959f46ddeaba1722133f7c1df2e7e4bc300c80ca50b6ba9f4a0bd,RESERVE_CANDIDATE_REQUIRES_RPC_AND_PAIR_EVIDENCE,False,False,False,False
spectra_finance,ethereum,1,2024-06-29T16:56:23Z,10,100,0x349deb0a2346e0f05767933c728651a1fd60f38b,1:0x349deb0a2346e0f05767933c728651a1fd60f38b,UNKNOWN_REQUIRES_RPC,-1,0x11717bd44b77bad623476682beba5f6e387153515fa917da3d74e495b31e010b,20136552,UNKNOWN_REQUIRES_RPC,False,v2/contract_deployments/contract_deployments_13000000_14000000.parquet,8885bd5034eff92607b7ffb297b079b222764c22e24fbd5bdf3f3d689c1a839b,07017d4cc6aebe85532dfd97eebdaeb3160049d335a782a6720508ddccd39744,001943f4f261be9f9489dfa9801466477e3d7ae60c2271344f73dcadb525255f,39a7a8272fc8901179cfb73ea7d958dfa18e62e3899f156d7a146f2d48ec7a53,RESERVE_CANDIDATE_REQUIRES_RPC_AND_PAIR_EVIDENCE,False,False,False,False
sturdy,ethereum,1,2022-12-02T17:24:47Z,10,100,0x897dfb2e5cf6585dc50bd8b66d4077dc8065ea28,1:0x897dfb2e5cf6585dc50bd8b66d4077dc8065ea28,UNKNOWN_REQUIRES_RPC,-1,0x834390a408bb15c5e685ee29b072462b66be9a20cff8469735b5e5b96ae628e2,16011213,UNKNOWN_REQUIRES_RPC,False,v2/contract_deployments/contract_deployments_6000000_7000000.parquet,408541b1fff35d9d72eb413a63bd7e1ecdfd299daa7ca67b3c7185856aa6aef7,2ccada2debca690a553b2f98f36d39213dc4ebca35f7893989b49f325d6ced69,001c33f6c8459fd8b54741db71dd687eebf8d12486b6e546373d6e59b959d6fe,7bf33b3baa75f126886cc5e4e8991a684e1890dfa8fdb1fd3fae0ec9e5d25904,RESERVE_CANDIDATE_REQUIRES_RPC_AND_PAIR_EVIDENCE,False,False,False,False
sushi_badger_digg,ethereum,1,2021-01-11T11:57:26Z,9,90,0xfa336bc6607b0730f0916269db186274afb3f6b4,1:0xfa336bc6607b0730f0916269db186274afb3f6b4,UNKNOWN_REQUIRES_RPC,-1,0x6d190be25660ddeca59379d6df088c53faa707dfff11f9e665805d134e918349,11574850,UNKNOWN_REQUIRES_RPC,False,v2/contract_deployments/contract_deployments_19000000_20000000.parquet,204b7f381daf9d8017d4efd97183633a94c1c646efa22b219290c725f63c79d8,216969732f2be5654cc822fb8e1880651d305c7e3eb0aa9ca5397de839913fae,0008fe3a2fde9b58b3dc88a84868a5b4f0718ca1b712d3589454ffa43a3b66e4,27cd633a069a6cd83f0869a76e9f5567ab5d506385220f04572e6efb8ef69f4c,RESERVE_CANDIDATE_REQUIRES_RPC_AND_PAIR_EVIDENCE,False,False,False,False
sushi_router,ethereum,1,2023-04-06T06:46:59Z,10,100,0x6d15ec55003470eeb7ca62b2c44bbc5bce68ea08,1:0x6d15ec55003470eeb7ca62b2c44bbc5bce68ea08,UNKNOWN_REQUIRES_RPC,-1,0x9542ec7dbca9caaac00f955961f73152d9c1187a65bca25b28e2dc1269a03a69,16852960,UNKNOWN_REQUIRES_RPC,False,v2/contract_deployments/contract_deployments_14000000_15000000.parquet,6176cf26c5e071de572e4fa584e8e6126dbdb3267e5f347910a581b7d8a944c6,1975aeb3db0575fc89fedf31df31d89c80747396f1382b62ff9dd36230e0cf07,000ddcddab495adacb1efc8d0c7319e9f588c298f5b3dd449a543b5cc1662a78,a145103639df6076b3e96dd3b5dc9989cfb25c0eeec1129d6710fdcd684b291d,RESERVE_CANDIDATE_REQUIRES_RPC_AND_PAIR_EVIDENCE,False,False,False,False
sushimiso,ethereum,1,2021-08-10T17:54:50Z,10,100,0xb116ac4284486575419187ed81e815810a6cb3c4,1:0xb116ac4284486575419187ed81e815810a6cb3c4,UNKNOWN_REQUIRES_RPC,-1,0xaeaee84b5bdb9956cc9f2d3d4ccc228dbe289a590480688d50d2389ec566e78a,12988211,UNKNOWN_REQUIRES_RPC,False,v2/contract_deployments/contract_deployments_26000000_27000000.parquet,b147065f7b552edac873049f8fd5f0289db132a0bd7d6b046d3576028093197d,67e94aa135a7b2ff4692541ba5e781fb92cf9d2b4ed8f6f0695667888e3bab93,000823a164a5e6f89c82faa1c47e3bf541f24ef731b16ec9bcb9580d0bb4b8a9,45ab05bb061734a1272c5e06d3860bac8b0cce9776d94fe5960679aaed664498,RESERVE_CANDIDATE_REQUIRES_RPC_AND_PAIR_EVIDENCE,False,False,False,False
swapp_staking,ethereum,1,2021-06-21T18:07:01Z,10,100,0x8cfc186ef3db371974ce9abcc71c63fdf31a7ecb,1:0x8cfc186ef3db371974ce9abcc71c63fdf31a7ecb,UNKNOWN_REQUIRES_RPC,-1,0x40daa08dc38f703fdf053b4be7d65862ec55e30ac672312f61d9d59fa65059f5,12642144,UNKNOWN_REQUIRES_RPC,False,v2/contract_deployments/contract_deployments_14000000_15000000.parquet,6176cf26c5e071de572e4fa584e8e6126dbdb3267e5f347910a581b7d8a944c6,758c6ff3cf196bad8a6ec124c300436bda6b17da6349c20852a84f6432787d91,0006621c8cf050b5a586cc6ccbd12764ea3351466ebec2e3f74463f8e0268934,b8ea879444e0c00e976158a5b6850e17b44bb482583bfc21bf22adb142d44eef,RESERVE_CANDIDATE_REQUIRES_RPC_AND_PAIR_EVIDENCE,False,False,False,False
teamfinance,ethereum,1,2021-07-29T12:36:55Z,10,100,0x6ab3963bf7809f5a2b3e2a50fb026d9e76fbb2e6,1:0x6ab3963bf7809f5a2b3e2a50fb026d9e76fbb2e6,UNKNOWN_REQUIRES_RPC,-1,0x82661762ce8b8d96f321865341185e7f0bb511349e4b9207d4b1d8b2c325a9a7,12751260,UNKNOWN_REQUIRES_RPC,False,v2/contract_deployments/contract_deployments_18000000_19000000.parquet,2dcd3c6c46c1f5489efaf97a7571ebbe6353d25a2f649f3933fab9345109debf,af2ba013a0a51305977af7dc592647398fc52b845d42db0e2d90f0ad95576d6d,000f62c2f36e28aacb1ca997497f784b3a847cb8afd699b300229387db096053,01daa176ac4d48e0b80c1c10df2cfac91a059049d48247a227d39469c68e508d,RESERVE_CANDIDATE_REQUIRES_RPC_AND_PAIR_EVIDENCE,False,False,False,False
tecraspace,ethereum,1,2021-04-14T12:34:44Z,10,100,0x9bd672c9287baf010f45952af1eacfbb1e5759f5,1:0x9bd672c9287baf010f45952af1eacfbb1e5759f5,UNKNOWN_REQUIRES_RPC,-1,0x7dca089bc5f98bcfdf1b7c72abe6d4983a4da9ed07a0f813b13e870766dc5ba2,12079162,UNKNOWN_REQUIRES_RPC,False,v2/contract_deployments/contract_deployments_19000000_20000000.parquet,204b7f381daf9d8017d4efd97183633a94c1c646efa22b219290c725f63c79d8,ae7390609d26ef789f5648f2a3705c589873ff2fe2ce2c450a2a016f215a5d8e,0009aa7b578338b9a365e02063456bd855e0d545372a80478c7abc11654215a9,7441339da6379b9b63ac008458f56a4b96cde45a937d88f92f73efa3bed29e7b,RESERVE_CANDIDATE_REQUIRES_RPC_AND_PAIR_EVIDENCE,False,False,False,False
templedao,ethereum,1,2022-06-03T00:36:30Z,10,100,0xd6b1c6d0b83fa80da47282d168005b7c3fa513cd,1:0xd6b1c6d0b83fa80da47282d168005b7c3fa513cd,UNKNOWN_REQUIRES_RPC,-1,0x15fc27983ab935acc06d20956f489b9fb1863a6a82262931ba0f6e776b9bd800,14722728,UNKNOWN_REQUIRES_RPC,False,v2/contract_deployments/contract_deployments_14000000_15000000.parquet,6176cf26c5e071de572e4fa584e8e6126dbdb3267e5f347910a581b7d8a944c6,57ca215f8010b6af13aca02f4a6b1c927f01a5f4dc90058faa83ce8353558b70,0003cba79b912fcafeae8a442c575c729a7d3abbe5b9df424eb4365ea8672dc3,1cba44e51543ed51c31e04c6628c33af7be3a080aef6a5a9a9b0d503db7d6cfc,RESERVE_CANDIDATE_REQUIRES_RPC_AND_PAIR_EVIDENCE,False,False,False,False
thenftv2,ethereum,1,2022-01-20T06:45:29Z,10,100,0x21d085222dc5e1dd8b576beb97e7b277b61cbe1b,1:0x21d085222dc5e1dd8b576beb97e7b277b61cbe1b,UNKNOWN_REQUIRES_RPC,-1,0xfb1a18fdaae3b7ea3b34dee9cf32e6523e26a4c4f8834fcd756ba10fe94a2597,14003702,UNKNOWN_REQUIRES_RPC,False,v2/contract_deployments/contract_deployments_13000000_14000000.parquet,8885bd5034eff92607b7ffb297b079b222764c22e24fbd5bdf3f3d689c1a839b,bea47741902e2256bb4128493539481189608ac85e60f5cb973543a963f3cad4,000539c672f1af775668bd1d5ba7027f099ed9b8c00e1b330e2ed4ae12f51a9e,248b9b41f97480933454a404bbad834080d1b749da78e6c7629185bafaac8ab1,RESERVE_CANDIDATE_REQUIRES_RPC_AND_PAIR_EVIDENCE,False,False,False,False
tinu,ethereum,1,2021-06-20T18:45:47Z,10,100,0xec672016254390b04f40daea43ee21fad1d728a2,1:0xec672016254390b04f40daea43ee21fad1d728a2,UNKNOWN_REQUIRES_RPC,-1,0xcd8d816e5f8918b1709345d1d45d777a6ac4445a0c53684c5ec6d3e94da27281,12598830,UNKNOWN_REQUIRES_RPC,False,v2/contract_deployments/contract_deployments_20000000_21000000.parquet,5408f43ed5a3cd3b27216a3df0904e4053ec650ebb80c9c1c2ede9026839c3b5,a252aea765ded7a642877128cf5eb0c207fc0ea503062314990f957551e6d7df,000561625bf8321f8b995155a8d8b37753258c6a5faa647bef76825d19e70e18,2d817ef96e6203e32a896540c15dca4ca5bfa6430a4243fe2a4df591765a3e75,RESERVE_CANDIDATE_REQUIRES_RPC_AND_PAIR_EVIDENCE,False,False,False,False
truebit,ethereum,1,2021-04-12T10:56:15Z,10,100,0xe156389b7a231db0ceabfebfaa80ea1ffb77a1ff,1:0xe156389b7a231db0ceabfebfaa80ea1ffb77a1ff,UNKNOWN_REQUIRES_RPC,-1,0x1a6b451b8c77ffb27fc33cd89517207e32d5729a63643373b7b583454d861a3c,12070571,UNKNOWN_REQUIRES_RPC,False,v2/contract_deployments/contract_deployments_14000000_15000000.parquet,6176cf26c5e071de572e4fa584e8e6126dbdb3267e5f347910a581b7d8a944c6,d6b9c3ecfec0eb3dbde70b510ebd6b6ac94c344a93a9152515e23972e40eec74,000ba5db68fe420053cdc68c5a8c1c84b36b468873be2c744e823c630f2340eb,de4a7b3f1fa9a1bcafd1612b69ce1b41bd830b9fc7c9ecd8177d8735dafc282a,RESERVE_CANDIDATE_REQUIRES_RPC_AND_PAIR_EVIDENCE,False,False,False,False
uerii,ethereum,1,2021-11-16T01:25:50Z,10,100,0x77324c9f7a8e23d3663091d57930b857955cedd9,1:0x77324c9f7a8e23d3663091d57930b857955cedd9,UNKNOWN_REQUIRES_RPC,-1,0xa6b8a82bc5df56d18a3007bdf0b18b88a2da7135161f5e7866a4c9fde3d9a620,13561412,UNKNOWN_REQUIRES_RPC,False,v2/contract_deployments/contract_deployments_25000000_26000000.parquet,89a76fc2ecf09bbb46861991e8a584829f6ee9a274cd187b9a10a702b04f50fe,9bad546bc1ac1dff8d386940e3dee551f76e764db72c3934b5abbdfd545e5617,0007c8af59551045fc7fa3c54d5c0de84372c89612aff70f92202218dad49dd3,207f0a79ecb89e5aceb8bf21abe30fb3e913e574f096d4dd7a6e36e88b0a0969,RESERVE_CANDIDATE_REQUIRES_RPC_AND_PAIR_EVIDENCE,False,False,False,False
umbrella,ethereum,1,2022-03-15T17:05:56Z,10,100,0xc0661c9d792cebb5ef06b326ffdc47a542cdc530,1:0xc0661c9d792cebb5ef06b326ffdc47a542cdc530,UNKNOWN_REQUIRES_RPC,-1,0x948be1fcee315ac16cb9dfe902ec774d2bfe7d8657da57d6e7f669fbcbfabdb8,14220723,UNKNOWN_REQUIRES_RPC,False,v2/contract_deployments/contract_deployments_17000000_18000000.parquet,8a63eb54bb198d66bb4daa82d14922009830abddc204e948292b7e4942358c8a,0d0c43fb743b25984f94d55904b2d1dafff14d55344beb17b268849d38637ecc,00044d004d6cf165c40c2f18f8535df79cb10a77e0414b211935ca1b97122445,b6acc09c88a2b16d0f6ed98f981b7a915452acc6f742d1ec79fc1b0c8469f65d,RESERVE_CANDIDATE_REQUIRES_RPC_AND_PAIR_EVIDENCE,False,False,False,False
uniclynft,ethereum,1,2021-10-31T23:20:40Z,10,100,0x87f7def0e1e7df8c8062978c510dea1c1660833c,1:0x87f7def0e1e7df8c8062978c510dea1c1660833c,UNKNOWN_REQUIRES_RPC,-1,0xee0279c904be650bfaeaebcd3731f5ec7535cbb1702137e617cf36e0141a41f3,13366266,UNKNOWN_REQUIRES_RPC,False,v2/contract_deployments/contract_deployments_18000000_19000000.parquet,2dcd3c6c46c1f5489efaf97a7571ebbe6353d25a2f649f3933fab9345109debf,33b2f0daf16b6ec3f6167d9bb516938a28b8946ef30a4e04aa53a7584805fd48,00081e14a6f2212dbe2d8b9b4358cfd43a59aabd157c4dd67b97f1c23824ca31,28e620c1cec1a6232d36c88a18719871da7c3014e709f030392c4dbb7f2d322d,RESERVE_CANDIDATE_REQUIRES_RPC_AND_PAIR_EVIDENCE,False,False,False,False
unilend,ethereum,1,2024-02-13T18:14:11Z,10,100,0x4bc1a799ba3348e66632321a43e9dcc1730e0a0e,1:0x4bc1a799ba3348e66632321a43e9dcc1730e0a0e,UNKNOWN_REQUIRES_RPC,-1,0x21b642e3befadae6214dac62aef958d9c769172d55b940ace69d64aec8e02ff6,19180870,UNKNOWN_REQUIRES_RPC,False,v2/contract_deployments/contract_deployments_9000000_10000000.parquet,6777e0b50be1d60a845e1be0313473c99fb8675967b51e4530577f82391cd3cf,b6a05b72c3544a1d11c5c0fbaae1615ede2cc87e21af1b913b67fa47af6ff8b0,000c5607557493fa10bcb1edb6ddf713efdbd081a4581b59449e6ff1b6221f4e,dcd8f7eebe0ac1f559868605d49f636c2066de5aebc6a58a5290912150474bc6,RESERVE_CANDIDATE_REQUIRES_RPC_AND_PAIR_EVIDENCE,False,False,False,False
upswing,ethereum,1,2020-09-29T18:04:56Z,10,100,0xcc3b6e42e4a3538d08de7fb201a3543b815a4e3e,1:0xcc3b6e42e4a3538d08de7fb201a3543b815a4e3e,UNKNOWN_REQUIRES_RPC,-1,0x90dd27a659d6c9b7e08468f9b8e1b43cacb2bd4c62d0dd7429ae1af1af02780b,10765062,UNKNOWN_REQUIRES_RPC,False,v2/contract_deployments/contract_deployments_19000000_20000000.parquet,204b7f381daf9d8017d4efd97183633a94c1c646efa22b219290c725f63c79d8,20d5131551a039bb6d9762ecd7e34e2022daffa0dd52c840785db02bcd55af7c,000ee80b7c2d8845a77b4e778e48d8d3f62ec8604dffc79c0fb95c474c23e5c6,65d2e904484dd67352bcaa922df4a93bc99188d2f2754f144c76f863e2dae251,RESERVE_CANDIDATE_REQUIRES_RPC_AND_PAIR_EVIDENCE,False,False,False,False
usdtstakingcontract28,ethereum,1,2023-07-12T12:53:59Z,10,100,0xda14302ef3ca1ff3b6b43291f3cc61e5e3682069,1:0xda14302ef3ca1ff3b6b43291f3cc61e5e3682069,UNKNOWN_REQUIRES_RPC,-1,0x9e43d673b925d8ba2d940b15d6d3905c5de2749ecc4470e4a5f31206fdb48036,17526871,UNKNOWN_REQUIRES_RPC,False,v2/contract_deployments/contract_deployments_1000000_2000000.parquet,7529540c96f11e4fc0d376fd36b2953644bebebe317a864615e2d14403a341fe,236df775d7271a9e9d59ef19fd66e757f0ece3e17ed25fb6991c2524deddb9ff,0009d2f38634d052cca64c785cad306e375bd4ec6e56397e52a45f7c3d4b72a8,408acb353d2a0837379e022ca7b3ab2ed51b5a682142a46a2861161ab30097ac,RESERVE_CANDIDATE_REQUIRES_RPC_AND_PAIR_EVIDENCE,False,False,False,False
usual_money,ethereum,1,2024-06-06T12:56:35Z,10,100,0x84bc502c9f9b19b01bbcae5eb12f84d0e9cafb12,1:0x84bc502c9f9b19b01bbcae5eb12f84d0e9cafb12,UNKNOWN_REQUIRES_RPC,-1,0x73c7b651b171aafd7e7fe42a93f0356a15c85e56a90381c824051a4dbedcb6a5,19896231,UNKNOWN_REQUIRES_RPC,False,v2/contract_deployments/contract_deployments_25000000_26000000.parquet,89a76fc2ecf09bbb46861991e8a584829f6ee9a274cd187b9a10a702b04f50fe,5df02be4957420c8258b57bc8fa63162228453ad2713f6d789816a6c038c2fc0,00104261c4a087dda1178517f026ef73dec1e4536445ef7e451475081fef7af7,09cc766e29d9d17ede934e0c5e0d857a3cb1fa4833c806d4c799cd7ef6e1248a,RESERVE_CANDIDATE_REQUIRES_RPC_AND_PAIR_EVIDENCE,False,False,False,False
uwerx,ethereum,1,2023-02-08T16:19:23Z,10,100,0x3cf8725907b8ecd8ac421d438461dc4927272ed1,1:0x3cf8725907b8ecd8ac421d438461dc4927272ed1,UNKNOWN_REQUIRES_RPC,-1,0x5b8046781dc0d1f61cc43ee11fb3016ae0f06a19670899d4081f5f757ccaba90,16384141,UNKNOWN_REQUIRES_RPC,False,v2/contract_deployments/contract_deployments_14000000_15000000.parquet,6176cf26c5e071de572e4fa584e8e6126dbdb3267e5f347910a581b7d8a944c6,70c0056a9cdf57f9478349b99dc5d8ae97a6bdd894cfd64d2fd06442e7eb6363,0022c4fcdc9d3a5933a5deedfe56bbdfc7343554bedd0718fa7612aa761ca92a,ca00a48b54a5fd3d54cd8d1a7eba25432af1e4aad2c61ae3c96eea31f3ea9dfb,RESERVE_CANDIDATE_REQUIRES_RPC_AND_PAIR_EVIDENCE,False,False,False,False
uwulend_first,ethereum,1,2022-09-20T16:55:47Z,10,100,0xda04d22edb6a8c92f4e6e3f54ebc74113237402c,1:0xda04d22edb6a8c92f4e6e3f54ebc74113237402c,UNKNOWN_REQUIRES_RPC,-1,0xed6139825abd414f04b59f5c22a1b5b63d8a3d191489d095e4729bf778bb9e26,15384557,UNKNOWN_REQUIRES_RPC,False,v2/contract_deployments/contract_deployments_19000000_20000000.parquet,204b7f381daf9d8017d4efd97183633a94c1c646efa22b219290c725f63c79d8,3aec66f6bb84f99df2b0023fc45e599f0c05490b9747c739df6148c17b3960b4,00171776d641e89a4d3e31e9e3db4f345066cd285a16f893b670fc9b53a61097,5a963aa75395d35dec4020f6fef0e18d7c063c45fcefa83a97046702171fb7dd,RESERVE_CANDIDATE_REQUIRES_RPC_AND_PAIR_EVIDENCE,False,False,False,False
uwulend_second,ethereum,1,2022-09-20T16:55:47Z,10,100,0xeec9703f3fbb3674f1c7e08f191960edd71941d5,1:0xeec9703f3fbb3674f1c7e08f191960edd71941d5,UNKNOWN_REQUIRES_RPC,-1,0x327aef41081cb5cba8dac2b4e933b86307f12fad4e8c5eff032343a82529edba,15532419,UNKNOWN_REQUIRES_RPC,False,v2/contract_deployments/contract_deployments_1000000_2000000.parquet,7529540c96f11e4fc0d376fd36b2953644bebebe317a864615e2d14403a341fe,dd760e2a4bdce8d60c8f1607479a9bbb2504440dda7833f65cd5d888087a7361,000ac7f6291a6b6f49244cb8f208b40b33f4481e4c2b3adefd3c96f86d4fcf70,7915853161d198bbaf28ca1b2d94d59aa066c9624691b648053fc3bfac1c7a0d,RESERVE_CANDIDATE_REQUIRES_RPC_AND_PAIR_EVIDENCE,False,False,False,False
veth,ethereum,1,2024-10-28T09:08:11Z,10,100,0xcab39d7d8c3a2139d6b22e998f4b768bb16d2adc,1:0xcab39d7d8c3a2139d6b22e998f4b768bb16d2adc,UNKNOWN_REQUIRES_RPC,-1,0xb1588b210a75d66c80dfb84fa8e6daab4b10ceca3ec320a7f26e44818651efcb,20942125,UNKNOWN_REQUIRES_RPC,False,v2/contract_deployments/contract_deployments_5000000_6000000.parquet,eb8d1ad9c414a2cf0a36d3fe5aa0b10e20823399807f3e5cfb6815af4b301cd7,eb1dd4903b4dca827067cfa5ed45a1134940d57c6ba276aeebe9e1eb22aae1a3,0014874b8e3e6917a77be27fab67e8cf029765729943fdb89792c864420bec57,40208a4de65d01759df17fb10e42fc92f9af4418dc073ebe6e45bca5290183bf,RESERVE_CANDIDATE_REQUIRES_RPC_AND_PAIR_EVIDENCE,False,False,False,False
visor,ethereum,1,2021-09-03T21:12:29Z,10,100,0xcbba590e447e110698c1683d795ca31743569338,1:0xcbba590e447e110698c1683d795ca31743569338,UNKNOWN_REQUIRES_RPC,-1,0xa64833bebd78ea0a2e81f3025c4b944cb16bcdb6cb9672d9330ac9a301a7f50b,13050131,UNKNOWN_REQUIRES_RPC,False,v2/contract_deployments/contract_deployments_16000000_17000000.parquet,8884633f88684708a066a90c98dc23b2402b90a69bfb3608fd643f3ebde0af44,3887d87613c92ed9f0e890949f3d59c967b4b27e8bbbd22c53360978fc6faae4,00071cdea73131a2e91b52395e071204df20c5ce8e89bc99441f66754da6ce57,55dfb1133d0e6e61b39b1c1279bf6ff1d6bed864457737b7cb20851284898bd7,RESERVE_CANDIDATE_REQUIRES_RPC_AND_PAIR_EVIDENCE,False,False,False,False
wifcoin_eth,ethereum,1,2024-06-11T00:26:59Z,10,100,0x24fee15bc11ff617c042283b58a3bda6441da145,1:0x24fee15bc11ff617c042283b58a3bda6441da145,UNKNOWN_REQUIRES_RPC,-1,0xc54a89ded85c9ccd8f043b4c0d6b337571ae0e430f53ca55f14da8b21a48d287,20046039,UNKNOWN_REQUIRES_RPC,False,v2/contract_deployments/contract_deployments_1000000_2000000.parquet,7529540c96f11e4fc0d376fd36b2953644bebebe317a864615e2d14403a341fe,389877316651f9d1d4f2c4da2b1b6e3fb319092d6fc62aacf85499b79d6d01ab,00136fb7f920a4e4af8f50b2136ebb0fa199be630b88b85f00ebd14804fd6890,afffe309b93bcf244f6fb1d91bc21b2e54a8b7edb1acf28f965c600cdbe51a00,RESERVE_CANDIDATE_REQUIRES_RPC_AND_PAIR_EVIDENCE,False,False,False,False
wiselending,ethereum,1,2023-08-08T19:13:59Z,10,100,0xd25a6f86c600fcc45348113c9b70a3a082deae07,1:0xd25a6f86c600fcc45348113c9b70a3a082deae07,UNKNOWN_REQUIRES_RPC,-1,0x68779fdd5c6eccfdb19b8f1f21a2468fa119c498fd0582b612077b234ba644ef,17653040,UNKNOWN_REQUIRES_RPC,False,v2/contract_deployments/contract_deployments_1000000_2000000.parquet,7529540c96f11e4fc0d376fd36b2953644bebebe317a864615e2d14403a341fe,0c4c726f4d6745c4705803ceaf394021e14fb49c557d999f5dc0bbc362c32079,00085db4a35262772238bf8a7886cfde043231dbcfbee0e3cfc1a0f1c8334909,4cb155eb225290b2532c5b4afb6d8a862c626ee0904692eb0cb025b191d99f26,RESERVE_CANDIDATE_REQUIRES_RPC_AND_PAIR_EVIDENCE,False,False,False,False
wiselending02,ethereum,1,2023-12-04T20:28:35Z,10,100,0x2804ca999f6ddfb2e6f1d8571f2df9ea93f7f9d1,1:0x2804ca999f6ddfb2e6f1d8571f2df9ea93f7f9d1,UNKNOWN_REQUIRES_RPC,-1,0xa953d2e2ca7a2e44f5f6627c30d79e705f0a2270641d83c1cbd920f19c62cbeb,18601706,UNKNOWN_REQUIRES_RPC,False,v2/contract_deployments/contract_deployments_2000000_3000000.parquet,6d562e88df03827bfbf01c2b88d473f0dece6ca3dcd2b0c76188bf3236dcdaae,d1c254927def74d4d5ccaf02ae764d688b8c2b7cfbfab126baa5da3acfe50977,00119885fe10f82d16a9a86e5f43008ed425a895950027e2cb9f8886bf9e6654,98d25e2e6733b48e26cb0ff7f45945a75c011bf421188cc5d0304d2e46fbbe58,RESERVE_CANDIDATE_REQUIRES_RPC_AND_PAIR_EVIDENCE,False,False,False,False
wiselending03,ethereum,1,2023-12-04T20:28:35Z,10,100,0x938307035672c8d2db41e029e6a8292521fdc57f,1:0x938307035672c8d2db41e029e6a8292521fdc57f,UNKNOWN_REQUIRES_RPC,-1,0x8757f53bdfb5d940454153301cd8be3390a2afa21f85c7ce52f690c9fc2fb386,18561514,UNKNOWN_REQUIRES_RPC,False,v2/contract_deployments/contract_deployments_14000000_15000000.parquet,6176cf26c5e071de572e4fa584e8e6126dbdb3267e5f347910a581b7d8a944c6,39bc8f41802e81276484f20af71845f5f119c43e60d6e2b10d187e2b4f00a24c,000d5e61b68e028137312dc7b22952e9e8d6389c5f75b534bd41e35de3945802,b3da6b9c21e1ec3a4aacebb831aa26a4459f6ccf189a8e34c1e731532eda3721,RESERVE_CANDIDATE_REQUIRES_RPC_AND_PAIR_EVIDENCE,False,False,False,False
xavefinance,ethereum,1,2021-06-25T18:41:21Z,10,100,0x2397a175841e8e34c828de816322617cc13ea58d,1:0x2397a175841e8e34c828de816322617cc13ea58d,UNKNOWN_REQUIRES_RPC,-1,0xa3439663b982714fd66819644df127ee7237777336522ec9f18f99a80e6b96ec,12515008,UNKNOWN_REQUIRES_RPC,False,v2/contract_deployments/contract_deployments_13000000_14000000.parquet,8885bd5034eff92607b7ffb297b079b222764c22e24fbd5bdf3f3d689c1a839b,675247bcb6450cb263cb01b8478a8572eced50f580a29c25fc3951d430d408c8,0009565473c5ad83fd2288ce968f8f56015d1ebd5c4cbdd05bb9305044d4ced5,c56f024b03a498e6d5e55ea455c42fa08e121710e813e872175ff26e78f03be1,RESERVE_CANDIDATE_REQUIRES_RPC_AND_PAIR_EVIDENCE,False,False,False,False
xbridge,ethereum,1,2023-10-21T11:41:35Z,10,100,0xa6eb3dfa3e42d28d43e0fb243e2f6d94491bb626,1:0xa6eb3dfa3e42d28d43e0fb243e2f6d94491bb626,UNKNOWN_REQUIRES_RPC,-1,0x5ab4dc573385214b48373d56eb88da833c44996cabf43bfd522e98fac474ff0f,18245135,UNKNOWN_REQUIRES_RPC,False,v2/contract_deployments/contract_deployments_15000000_16000000.parquet,fb048ce929cf0d541c7dfe8c10ffb84dba33d093f3718146318d7b12073d7d12,38de2abd7a1f22f51e6ba7fbdefd5ff030695d0de7010679ddfe70a7f55b1208,000bc2ae913486b7629441b162bf4919a36c0a95fcaed6f0d821728cce8637dc,24192dabf9c1bf8aa2a599db555ff8f2e7ec986ca66a7e5bc8c76428518ea43b,RESERVE_CANDIDATE_REQUIRES_RPC_AND_PAIR_EVIDENCE,False,False,False,False
xcarnival,ethereum,1,2022-06-06T12:43:57Z,10,100,0x39e3d5a5fc3194bf076a46c8e6483310b0ebfe5e,1:0x39e3d5a5fc3194bf076a46c8e6483310b0ebfe5e,UNKNOWN_REQUIRES_RPC,-1,0x70e5f6ad030e97fd2b9926b13202657274e15439061dd230ae3587b0562dcca6,14890121,UNKNOWN_REQUIRES_RPC,False,v2/contract_deployments/contract_deployments_14000000_15000000.parquet,6176cf26c5e071de572e4fa584e8e6126dbdb3267e5f347910a581b7d8a944c6,c68e810b3014b985a998ba02f2905c4405861eb2ce19ae0c038f10d46a1001af,0003d3723fda3bb26800cc889558f3347dae3dc09e9b3883fdc4ef08c97a26b5,3f300c6f8bc8f820b4602a039c813dbee019f575a3b9ac6234ee468387a9d624,RESERVE_CANDIDATE_REQUIRES_RPC_AND_PAIR_EVIDENCE,False,False,False,False
xst,ethereum,1,2021-02-07T03:17:05Z,10,100,0x3ec8686a5a8da252b07d9240de9b96409050f38c,1:0x3ec8686a5a8da252b07d9240de9b96409050f38c,UNKNOWN_REQUIRES_RPC,-1,0xcbf82b170e3c0dd7d8462ad897cd51ff5c8317e525ec0a4941e11ceb08b78fc4,11670886,UNKNOWN_REQUIRES_RPC,False,v2/contract_deployments/contract_deployments_20000000_21000000.parquet,5408f43ed5a3cd3b27216a3df0904e4053ec650ebb80c9c1c2ede9026839c3b5,a7f5bdad9d07ba389355b5c3174046a231655e1da6d3ddb3825118c094347d7c,000bb21139059c4333d21f2f626db25f8689577c342c76f66cb899fc7c18a3c3,7a8657a617cf389f45fed54aa4f3e0be018ebe7177e6a08d9b4a7ce1feafeacd,RESERVE_CANDIDATE_REQUIRES_RPC_AND_PAIR_EVIDENCE,False,False,False,False
xst_2,ethereum,1,2021-01-25T05:02:44Z,10,100,0xb6ca65c2305f782f4e84493a24ecfdd2fe594302,1:0xb6ca65c2305f782f4e84493a24ecfdd2fe594302,UNKNOWN_REQUIRES_RPC,-1,0xaab15ba0a91ae60fa507185dd94787138c0405bb3bf4aa5cc7d4d105ab15752e,11689373,UNKNOWN_REQUIRES_RPC,False,v2/contract_deployments/contract_deployments_20000000_21000000.parquet,5408f43ed5a3cd3b27216a3df0904e4053ec650ebb80c9c1c2ede9026839c3b5,3864ed8bf3769c9f05fffea79d0fee74f6fa1c89ce10257fb4adf7916ce9487c,000ac08568c54cbf94b0d0f85d2bc34c168d668af487530618ba4b5628b8487b,bbf0e7d3320f92cb08102e8a73f71f5dc381c0b7dcc3203844f23932350a0cee,RESERVE_CANDIDATE_REQUIRES_RPC_AND_PAIR_EVIDENCE,False,False,False,False
yearn_ydai,ethereum,1,2020-08-14T06:56:58Z,10,100,0xc623fcddccc150ff9f4fe12836396fc33d57cd59,1:0xc623fcddccc150ff9f4fe12836396fc33d57cd59,UNKNOWN_REQUIRES_RPC,-1,0xacdc2ccfaeceba027afde908d4b245c040cc2fed4e6a9d8a7dae3f08aee80333,10521000,UNKNOWN_REQUIRES_RPC,False,v2/contract_deployments/contract_deployments_20000000_21000000.parquet,5408f43ed5a3cd3b27216a3df0904e4053ec650ebb80c9c1c2ede9026839c3b5,a7df734ea1953eeb208449301ec7f7048e1b0c62ca3fb0c9f93b30bf8dd16b81,0008fbd196eae5f90786f26e093b05182e76ec51697a80441c106af8a8b5338b,8c6056a232b17bc4fc0525fb9dc3a7f1ff473ef9521a1bd5cb461fe98afdd07b,RESERVE_CANDIDATE_REQUIRES_RPC_AND_PAIR_EVIDENCE,False,False,False,False
yearnfinance,ethereum,1,2020-02-13T01:21:56Z,10,100,0x594d83c74fdf3a475a085939dd945f13a0450099,1:0x594d83c74fdf3a475a085939dd945f13a0450099,UNKNOWN_REQUIRES_RPC,-1,0x6bf60756967e3c09ab9ddc4dde1b8d13a4764e880bc5d7f03a6facdf479d4b68,9388931,UNKNOWN_REQUIRES_RPC,False,v2/contract_deployments/contract_deployments_15000000_16000000.parquet,fb048ce929cf0d541c7dfe8c10ffb84dba33d093f3718146318d7b12073d7d12,23904c36559101be24db58687fd35bd6e01a9f420912bb193148129c86f04156,000fc65132275fc419cb15bb9770a321a82aa7f9d5ef33996c2065d37a9d63fd,3a2944aa5a07f747aa43aa12bf15296deba988b0df85c6c1ccf563e06edafee0,RESERVE_CANDIDATE_REQUIRES_RPC_AND_PAIR_EVIDENCE,False,False,False,False
yodlrouter,ethereum,1,2024-07-30T13:29:47Z,10,100,0xe39051650b1d0a464ca03f9eedbce1b76b109376,1:0xe39051650b1d0a464ca03f9eedbce1b76b109376,UNKNOWN_REQUIRES_RPC,-1,0x81345b3a211fd0d416876d556cb9aa5e6d902f2d225da5266e69488fc7b83d79,20401095,UNKNOWN_REQUIRES_RPC,False,v2/contract_deployments/contract_deployments_16000000_17000000.parquet,8884633f88684708a066a90c98dc23b2402b90a69bfb3608fd643f3ebde0af44,9feacd7262e26618b389e02b3de3134f90994df094e54e55b4301eead1f8faef,001d5ca04af79f32430b016dacbb6395211f5d07c4d027dc40f5b177e46f798a,da0ed401d3eaf9c2807e9d3abc4a4454ac26a68bfc85e0439442ecd27c220f4a,RESERVE_CANDIDATE_REQUIRES_RPC_AND_PAIR_EVIDENCE,False,False,False,False
zenterest,ethereum,1,2021-01-22T13:36:48Z,10,100,0x0fcbfb1895d24d9e27a392ab3bf709880345affc,1:0x0fcbfb1895d24d9e27a392ab3bf709880345affc,UNKNOWN_REQUIRES_RPC,-1,0x09276a9e5135ce7c640e9f7511d99ddb7157c67c78a976da964a045ed038251f,11657466,UNKNOWN_REQUIRES_RPC,False,v2/contract_deployments/contract_deployments_12000000_13000000.parquet,f15d5aeb7e3fcb63cca93eb03fa583594412966874735914078f617ae9c9b2ea,549d045d66993685eb4ec29aec85501673d4607d3ffe142a17ac59de6cbaec41,00089a9d0605724b42cd0c90208d48ca20b59d28c79d4455f98e5bb663dcd635,a9e5431b3e46632b50ebe527c030e48256cf89e975f3dc4db8658ce76ab57e23,RESERVE_CANDIDATE_REQUIRES_RPC_AND_PAIR_EVIDENCE,False,False,False,False
MEVBOTa47b,ethereum,1,2022-04-02T10:59:44Z,10,100,0xb51e602603422eb11f0bee28cc80d8fdb9076400,1:0xb51e602603422eb11f0bee28cc80d8fdb9076400,UNKNOWN_REQUIRES_RPC,-1,0x7c7d218fb3a5e35d87b8068ff195f8d5d1b389799a7214a92c012cad98c7b1b7,14390560,UNKNOWN_REQUIRES_RPC,False,v2/contract_deployments/contract_deployments_20000000_21000000.parquet,5408f43ed5a3cd3b27216a3df0904e4053ec650ebb80c9c1c2ede9026839c3b5,0c71ae49a176321751fc531fbdd034cdf675802305a5e91c79850c83fddc1b7d,000e1466d34abb330b06078e3fc6be0c592dac270ae8886cab4af44d20e2b422,566952dae3656889661680450dba1aad185b6fced710ce4d3913c578147abaec,RESERVE_CANDIDATE_REQUIRES_RPC_AND_PAIR_EVIDENCE,False,False,False,False
MEV_0ad8,ethereum,1,2020-05-08T04:25:53Z,10,100,0x75720495c0f4e4c14bdf22a361538de1e4b18761,1:0x75720495c0f4e4c14bdf22a361538de1e4b18761,UNKNOWN_REQUIRES_RPC,-1,0xc178981e9c28a5b670cb4910ce0f54182bd21cf0778391d336449320aea62dc6,9946443,UNKNOWN_REQUIRES_RPC,False,v2/contract_deployments/contract_deployments_15000000_16000000.parquet,fb048ce929cf0d541c7dfe8c10ffb84dba33d093f3718146318d7b12073d7d12,64d1a58d04c15bb6e07789dc2e36017ed95488839fcc1025411b29a9fd45abf7,001c7d04b91778bbbd154c8d352cb232fdf4f7556b85f48fdb6806e16810973a,dd6ff1d67ce7657b8e1363dcca4ef25c07eff601776c4b0d84f67bd5ba4924c2,RESERVE_CANDIDATE_REQUIRES_RPC_AND_PAIR_EVIDENCE,False,False,False,False
PegaBall,ethereum,1,2024-01-15T06:09:11Z,10,100,0x255c7705e8bb334dfcae438197f7c4297988085a,1:0x255c7705e8bb334dfcae438197f7c4297988085a,UNKNOWN_REQUIRES_RPC,-1,0x7acf0b52b5b1823dd3dd717450e82a4e94c74d169af984d318de033b842b5cd6,18926572,UNKNOWN_REQUIRES_RPC,False,v2/contract_deployments/contract_deployments_2000000_3000000.parquet,6d562e88df03827bfbf01c2b88d473f0dece6ca3dcd2b0c76188bf3236dcdaae,b4aff47b55785fce91b9c8ecada01149ebb086f75be4487dcb4bf5a3624bb98c,001d70abad9e37c8030b28964ab625437dd434107713d9109b00b6a9b1fde355,9c0c1a2bb49268c76d633b045b782692adc5d29d82905328c1a71df6e431b418,RESERVE_CANDIDATE_REQUIRES_RPC_AND_PAIR_EVIDENCE,False,False,False,False
Scorch,ethereum,1,2023-09-03T18:37:35Z,10,100,0x36dbd7bdc83988055c5de29117c799380126991e,1:0x36dbd7bdc83988055c5de29117c799380126991e,UNKNOWN_REQUIRES_RPC,-1,0xf0de76615e04f3b8d6a035c8f864676eaafa8ae681e89dc50dc02cbd750fd0a6,18019345,UNKNOWN_REQUIRES_RPC,False,v2/contract_deployments/contract_deployments_6000000_7000000.parquet,408541b1fff35d9d72eb413a63bd7e1ecdfd299daa7ca67b3c7185856aa6aef7,e56f8e194db0295cdfa4ddb47f2125c4251313b83bdb15f0789a9f8acebe627b,000e89d44356e6a52a395cdc6e6730de2bc5a2051fd14e96fc66493ce29b9109,d87b830f0e2278db8dbefd76c5a1ce5f677363bef50147e74017a59f12c7d15d,RESERVE_CANDIDATE_REQUIRES_RPC_AND_PAIR_EVIDENCE,False,False,False,False
SmartMesh,ethereum,1,2017-12-10T08:22:08Z,10,100,0x1574f042c5075151e9e3a7081e3083bacbeb05a8,1:0x1574f042c5075151e9e3a7081e3083bacbeb05a8,UNKNOWN_REQUIRES_RPC,-1,0xdcbb08cbc60dfbff18a5fe62aa767f5cd2ed2604f4e80ae430d603a32f7b6f59,4659514,UNKNOWN_REQUIRES_RPC,False,v2/contract_deployments/contract_deployments_12000000_13000000.parquet,f15d5aeb7e3fcb63cca93eb03fa583594412966874735914078f617ae9c9b2ea,914d924236dc1119904447530bda95bf69cea8dfd4300d8177236c0140a3e037,00039e239928eb5110b943ef1c8a75fcbab20d2c92b7b9988f0af4c944fe0123,d7bd0d884d62dc5de4bc6c72577a132be420dda12fc3317192afeb140797a9e6,RESERVE_CANDIDATE_REQUIRES_RPC_AND_PAIR_EVIDENCE,False,False,False,False
StakeOnMe,ethereum,1,2020-04-28T04:21:58Z,10,100,0x1aaf9755815d383a76aae10f4c36c637b2d7410c,1:0x1aaf9755815d383a76aae10f4c36c637b2d7410c,UNKNOWN_REQUIRES_RPC,-1,0x72a243e43c426a525068bf7511bcaeca9990e3d78627ab7c6c3d9ad29d38b935,9759767,UNKNOWN_REQUIRES_RPC,False,v2/contract_deployments/contract_deployments_13000000_14000000.parquet,8885bd5034eff92607b7ffb297b079b222764c22e24fbd5bdf3f3d689c1a839b,d0843188485db6d12f18ae92ae5143c997128ce24378dd54270917b5b26c24e6,000b2f47434726c63eeb818348709db7efe62f11d1cd5ca8640a61169df3eda1,6e145dc4aef319cb2a0017da64e238143a707f3064cb6e8de60b282ba402e684,RESERVE_CANDIDATE_REQUIRES_RPC_AND_PAIR_EVIDENCE,False,False,False,False
Unverified6883,ethereum,1,2022-09-15T08:54:23Z,10,100,0x518565e945e695e4d9e84d0a2561a0c7b3251ba2,1:0x518565e945e695e4d9e84d0a2561a0c7b3251ba2,UNKNOWN_REQUIRES_RPC,-1,0x5501c7da429c5e5a3d78fd2c0e997f9cacf64fbf2198d410f73ece4b902d4538,15424055,UNKNOWN_REQUIRES_RPC,False,v2/contract_deployments/contract_deployments_6000000_7000000.parquet,408541b1fff35d9d72eb413a63bd7e1ecdfd299daa7ca67b3c7185856aa6aef7,0a60bf3d329c2a4a4926165de35290adb96b5a7dfc5f262b0c7f4fd091652121,0017794f21ff75b43f2341e031137566e37f8c22dbb685998b5d4ee422a59ff0,6ee898189329c4e9a1feb132adf08a3dace66460f384cac5af3045f62c25bc18,RESERVE_CANDIDATE_REQUIRES_RPC_AND_PAIR_EVIDENCE,False,False,False,False
XLootStaking,ethereum,1,2023-12-22T11:58:47Z,10,100,0xee2d60752176858bf033cd2d9f582346f542a54f,1:0xee2d60752176858bf033cd2d9f582346f542a54f,UNKNOWN_REQUIRES_RPC,-1,0xcac2a800c7c91ceb3690727d46099592638aea3f15c53523591474d8f58106b4,18817746,UNKNOWN_REQUIRES_RPC,False,v2/contract_deployments/contract_deployments_9000000_10000000.parquet,6777e0b50be1d60a845e1be0313473c99fb8675967b51e4530577f82391cd3cf,2ff778f5baef3f1d65ea79f883b5581fddb09d2c5257dd94196269eb2c76f028,00399ea002cf9806f5ac143773579f56bb046a263bdb6e6e5eb8f91f943d3e3d,561927e4137b940d139477a78d037afbcf3851e7e4d80cdafc5b9cffd38e188b,RESERVE_CANDIDATE_REQUIRES_RPC_AND_PAIR_EVIDENCE,False,False,False,False
ZeroExSettler,ethereum,1,2025-02-01T02:26:23Z,9,90,0x508bf9546f91ce91214798adbfdee6c70afdec7d,1:0x508bf9546f91ce91214798adbfdee6c70afdec7d,UNKNOWN_REQUIRES_RPC,-1,0xf9f39a0a9c1e7e11853f069aff8428b133e47b2d94737cebd31b79037b96bda9,21576965,UNKNOWN_REQUIRES_RPC,False,v2/contract_deployments/contract_deployments_15000000_16000000.parquet,fb048ce929cf0d541c7dfe8c10ffb84dba33d093f3718146318d7b12073d7d12,c80187fd15f19a392cf43e4acc5f44f53067843226e1796a6cc08ff3aac51ab9,002cd0bad33b974500c63bb34f842a4f4676c48424c91376601efd2e6c6351f6,68654c20c40276426e53b15da7e7a3bf88e96a1cabbc099e16f21f242a400fe1,RESERVE_CANDIDATE_REQUIRES_RPC_AND_PAIR_EVIDENCE,False,False,False,False
aave_boost,ethereum,1,2022-02-16T10:49:51Z,9,90,0xdb931f8e357c6ac3a70cfc9e4c7691b585181d28,1:0xdb931f8e357c6ac3a70cfc9e4c7691b585181d28,UNKNOWN_REQUIRES_RPC,-1,0x6a1d7e07e00b822aeb225a8077320d06fcd26238d141229a888a01147789f3b8,14176833,UNKNOWN_REQUIRES_RPC,False,v2/contract_deployments/contract_deployments_14000000_15000000.parquet,6176cf26c5e071de572e4fa584e8e6126dbdb3267e5f347910a581b7d8a944c6,ee9fee6a2780805309e10dad7219b4b0ae18c57796b136a9bcd6353e61ca1ec2,0003121ad10045323688cdaf15550bc5868c9f90b2c66be9023366894a92faac,659848ed42dc3b6202b6fc094f95493ec70456dd242b3b26ec93991c2dac06fa,RESERVE_CANDIDATE_REQUIRES_RPC_AND_PAIR_EVIDENCE,False,False,False,False
adc,ethereum,1,2020-05-17T01:31:41Z,10,100,0xe1de0f340996909075278447d45338cd69a32648,1:0xe1de0f340996909075278447d45338cd69a32648,UNKNOWN_REQUIRES_RPC,-1,0x1a671b4b14e8e7de1f1a77a71c7e3b15f35cbd9942d43c111be072bd535eb129,9978788,UNKNOWN_REQUIRES_RPC,False,v2/contract_deployments/contract_deployments_15000000_16000000.parquet,fb048ce929cf0d541c7dfe8c10ffb84dba33d093f3718146318d7b12073d7d12,bf668adf92dbfdd50deb20d740d8c2905db3382b26bad4157507e487e5c2daa3,0012878787f1b20ec8f22fb1576938d461bafbf89dfc16629a2d58c52b4c4da5,8158279ec21d68fed23648cada42c9a548cbb2809e4c4088055db044afed49b9,RESERVE_CANDIDATE_REQUIRES_RPC_AND_PAIR_EVIDENCE,False,False,False,False
affinedefi,ethereum,1,2023-12-03T10:04:11Z,10,100,0xaebcfc612b001aa710893b7723e618089b953a54,1:0xaebcfc612b001aa710893b7723e618089b953a54,UNKNOWN_REQUIRES_RPC,-1,0xfa7e0cb8b205b3cc7e599948569b70d527a707ce7747e26f456a865b13a9d725,18567150,UNKNOWN_REQUIRES_RPC,False,v2/contract_deployments/contract_deployments_2000000_3000000.parquet,6d562e88df03827bfbf01c2b88d473f0dece6ca3dcd2b0c76188bf3236dcdaae,dc9d4c1fe443854cf5560c3dcc3ff0d1070d163dcd075fb6babd82f154a4132a,00110d247867701bc7d64131a90c35acb462131e1366f11197b8ede1ac5a16be,e340d79b3a196d958702915d7284b3c157587eb2e080e301030ab35fb9a28527,RESERVE_CANDIDATE_REQUIRES_RPC_AND_PAIR_EVIDENCE,False,False,False,False
alkemi_earn,ethereum,1,2021-09-08T18:41:12Z,10,100,0x6d50d53b3a30ffe5eafa6fc9f2e0f36684d927ce,1:0x6d50d53b3a30ffe5eafa6fc9f2e0f36684d927ce,UNKNOWN_REQUIRES_RPC,-1,0xd65f2740a541354bdf66ef1684f0889e2b76bd10ba6833d0cbce7768bd8aabbd,13064614,UNKNOWN_REQUIRES_RPC,False,v2/contract_deployments/contract_deployments_18000000_19000000.parquet,2dcd3c6c46c1f5489efaf97a7571ebbe6353d25a2f649f3933fab9345109debf,5fca44d83394fbe1013a89ef1fa97964f67f8e10a22b8ea5be958d55275d87c6,00050691627f9c46c99b3765449a34e2dde9fd59af90790e2f006ae63ce1241e,3190d12591e57d96cc3e66b3eab3780682c3fd701b9f70cb50fd9cd6b8690981,RESERVE_CANDIDATE_REQUIRES_RPC_AND_PAIR_EVIDENCE,False,False,False,False
alkimiya_io,ethereum,1,2024-07-15T20:09:23Z,10,100,0x24d1c13ccdb6ffc69dbbb63ef55638ad902b4ab5,1:0x24d1c13ccdb6ffc69dbbb63ef55638ad902b4ab5,UNKNOWN_REQUIRES_RPC,-1,0x1e6b1399bcf4e3eb1f7804586bcec50ae319866792d0911ed5a8205cbf6cc913,20290599,UNKNOWN_REQUIRES_RPC,False,v2/contract_deployments/contract_deployments_2000000_3000000.parquet,6d562e88df03827bfbf01c2b88d473f0dece6ca3dcd2b0c76188bf3236dcdaae,7f2f1af1989c4a5e6ab732f907f440135643282bfc413cb5cbe4fcfe180de011,0010384cae5b1dfb39e50660175a64b4e566c0d5985fe2347cb1310b536c7cbd,3d8f55dd86eede61993cf92c541dfcbf95ce1ed8a22c39fa8e0d2041af104be1,RESERVE_CANDIDATE_REQUIRES_RPC_AND_PAIR_EVIDENCE,False,False,False,False
anyswap,ethereum,1,2021-06-19T10:44:14Z,10,100,0x63850a8fad125e81496d201cbe597894b330c7ee,1:0x63850a8fad125e81496d201cbe597894b330c7ee,UNKNOWN_REQUIRES_RPC,-1,0xd9921526f69a999ec7808ef3308475fd8875983d8beab8f46bc7acbf315dd582,12509805,UNKNOWN_REQUIRES_RPC,False,v2/contract_deployments/contract_deployments_18000000_19000000.parquet,2dcd3c6c46c1f5489efaf97a7571ebbe6353d25a2f649f3933fab9345109debf,c8edcdc139ea972095f083ac90fc41e8af968ca10dc2a44cc50bca8bdef74fb5,000ba693d3fe9449fc8af79c5f239fb402bc94033ff3b7908dd53cb42c32a985,fc575ee8c0e98a9743d5d943941863e940a6df001da1aaf4564620749fcbf0f1,RESERVE_CANDIDATE_REQUIRES_RPC_AND_PAIR_EVIDENCE,False,False,False,False
astrid,ethereum,1,2023-10-07T12:53:23Z,10,100,0xf9385eb1650ac474e9014f2b4eb003957da0bcab,1:0xf9385eb1650ac474e9014f2b4eb003957da0bcab,UNKNOWN_REQUIRES_RPC,-1,0x7fa950ca121539415d72bd542cb1e8dda76344105c3eafa9e557b05f53bd3ae6,18271061,UNKNOWN_REQUIRES_RPC,False,v2/contract_deployments/contract_deployments_2000000_3000000.parquet,6d562e88df03827bfbf01c2b88d473f0dece6ca3dcd2b0c76188bf3236dcdaae,1d0fd3d871f15be534311944f799b9b4f505cfe42a51e6327c8b3c285e09da53,000d814e7865f806800a73cca18f28bac523c59bc4c5334f3ffd739acdb140ab,70a2e85b284b04ad4086285cc5dad130da4006583566d8bab146f77f6e80915d,RESERVE_CANDIDATE_REQUIRES_RPC_AND_PAIR_EVIDENCE,False,False,False,False
auctus,ethereum,1,2020-06-26T17:58:03Z,10,100,0x53fcab2b996bf6d165ea98208e8c55bf3885d2e0,1:0x53fcab2b996bf6d165ea98208e8c55bf3885d2e0,UNKNOWN_REQUIRES_RPC,-1,0x232d814021485e188d8144b3402b805ac379570509b5c8db175b5e9ecaf30816,10337114,UNKNOWN_REQUIRES_RPC,False,v2/contract_deployments/contract_deployments_21000000_22000000.parquet,6951c22b6f2732efb0772f657e597c5cdd89f8d4c3b5d2d0c7e8d53bc240b602,64eba77d82f62cca258980be8d5b72c9a4462ef3cb982679bade418eb97617b2,0011ffd182f9758d39267aaba4b272fa202e2e65ae9813411b3abd64394ff8a0,5f750799711911118947713df94fb88760f3bffa02d30416e444e9da42dc17fa,RESERVE_CANDIDATE_REQUIRES_RPC_AND_PAIR_EVIDENCE,False,False,False,False
audius,ethereum,1,2020-10-23T02:26:11Z,7,70,0x87d8eb760f604937441394ed10e846899dd9d8d1,1:0x87d8eb760f604937441394ed10e846899dd9d8d1,UNKNOWN_REQUIRES_RPC,-1,0x04f06aee7faa4c706453ea45d4c93ec0fa95e2c0d386a45b8eedcf454314d35e,11027756,UNKNOWN_REQUIRES_RPC,False,v2/contract_deployments/contract_deployments_17000000_18000000.parquet,8a63eb54bb198d66bb4daa82d14922009830abddc204e948292b7e4942358c8a,b3e9b4213b7ff09e05bf4c1e3903dc7c0804fe15cbc6b0ba26ed120de01448e0,0010088ef5463fb2be0775056c786fd99589f73b4f8f7b85a05ab80d63321f3d,594dd6fde26b1fd874b9693d9c1e9b7da2d036210b5c9c50ee211510f7c530f6,RESERVE_CANDIDATE_REQUIRES_RPC_AND_PAIR_EVIDENCE,False,False,False,False
badguysbyrpf,ethereum,1,2022-09-01T18:27:44Z,10,100,0xab7c592acbdd6bdf6e51c55d313d0ccd0f59b503,1:0xab7c592acbdd6bdf6e51c55d313d0ccd0f59b503,UNKNOWN_REQUIRES_RPC,-1,0x72e931cb2175a31982b0eb222b5ed624d31c33dd78f195e191f9d2bc7d3e68b7,15314244,UNKNOWN_REQUIRES_RPC,False,v2/contract_deployments/contract_deployments_1000000_2000000.parquet,7529540c96f11e4fc0d376fd36b2953644bebebe317a864615e2d14403a341fe,ae2818a1903ead8255849c9d5b2681f2e281b66ae8ef65298656484d5c0c55e5,0012025e8d3a1293d8e63f38b0aa799eebfa8ae4ec07e5bb9bf06329fe65c466,ca51de04f7463874a668cb461aff24e95ac37ba6fe03f7dbe3b35c3863129f47,RESERVE_CANDIDATE_REQUIRES_RPC_AND_PAIR_EVIDENCE,False,False,False,False
balancer,ethereum,1,2021-12-14T22:35:38Z,10,100,0x9cf59a2cfaf6ebe622d84d6abb23fa2c0f882440,1:0x9cf59a2cfaf6ebe622d84d6abb23fa2c0f882440,UNKNOWN_REQUIRES_RPC,-1,0xeb9fc84a04583c01e652edc1b835466bcca6b81eefe834eaeca72046d432ded9,13788662,UNKNOWN_REQUIRES_RPC,False,v2/contract_deployments/contract_deployments_18000000_19000000.parquet,2dcd3c6c46c1f5489efaf97a7571ebbe6353d25a2f649f3933fab9345109debf,1fe4019673d1d4026cfc98bb558885f7e47649b24c78fa8f64b613c6a117e274,000723c594976e353f7364047ea677e0737d2c3c620cc52a083a5e0e36455228,c46f9a67bef08d9efd5293d2bc994c0fabc5c98e1f0b26a8c485c6721877993b,RESERVE_CANDIDATE_REQUIRES_RPC_AND_PAIR_EVIDENCE,False,False,False,False
balancer_20200628,ethereum,1,2020-05-30T12:37:41Z,10,100,0x183896cdf3a39571cba0831a4116bc20aa515e6c,1:0x183896cdf3a39571cba0831a4116bc20aa515e6c,UNKNOWN_REQUIRES_RPC,-1,0xe1550d992240b17519ac2169c75d737596ccc00f677d83dc84631ca7059d3843,10020610,UNKNOWN_REQUIRES_RPC,False,v2/contract_deployments/contract_deployments_13000000_14000000.parquet,8885bd5034eff92607b7ffb297b079b222764c22e24fbd5bdf3f3d689c1a839b,8cab6699f9f5f7e4d4575716941bb585761d657b4ec3b4ea6d88768dba80e805,001b0adc6c8c09a79b49ffbd550331ce75d225730c8cb8cf917d35ca761f77b9,b59bb873152b2c6b663e90ccb3e934f9e8b5663b9c80b7cd96aec6854e81a70d,RESERVE_CANDIDATE_REQUIRES_RPC_AND_PAIR_EVIDENCE,False,False,False,False
bancor,ethereum,1,2020-06-17T13:11:57Z,10,100,0x20ddb77247c11a382f6f4f01d78922bdab7e12eb,1:0x20ddb77247c11a382f6f4f01d78922bdab7e12eb,UNKNOWN_REQUIRES_RPC,-1,0x38a52d07184f770edf445f4822adbb5d5d3772f13f0fb09be8b7bc2b1019c839,10270197,UNKNOWN_REQUIRES_RPC,False,v2/contract_deployments/contract_deployments_13000000_14000000.parquet,8885bd5034eff92607b7ffb297b079b222764c22e24fbd5bdf3f3d689c1a839b,77f7fee92dda70cab673e375f21f446984f82bc2099f216cb56169b7d755055d,000dae701a183878fd8e9d46909a890f5c9aae32379da32ff24cd52de5039f98,d46ff170798bce7d5ee3f863473dc04e24ff983fbfd9c2485bcd9115b3ef82c5,RESERVE_CANDIDATE_REQUIRES_RPC_AND_PAIR_EVIDENCE,False,False,False,False
bao,ethereum,1,2023-02-22T01:28:35Z,10,100,0x6255a19d76c7cd5aee0ad60bfbda4c8a1def0b89,1:0x6255a19d76c7cd5aee0ad60bfbda4c8a1def0b89,UNKNOWN_REQUIRES_RPC,-1,0x22b3544e177281f5971f7dd4d3096fd5c3658e49ea28d8531a1ab4c51a0dd5f9,16544551,UNKNOWN_REQUIRES_RPC,False,v2/contract_deployments/contract_deployments_6000000_7000000.parquet,408541b1fff35d9d72eb413a63bd7e1ecdfd299daa7ca67b3c7185856aa6aef7,0ca637d904dfe0834fdcc3be458fe1ad51f74ef30f0c8e241423ae900eb9a593,00103a63cff4bb9cec93b48cf640bef722a4e322623f19f3ef077a1bc808a94c,484f71833ab9b6e41c01a005d12a351511eaba19b106ba6de61e7b3d600eea0b,RESERVE_CANDIDATE_REQUIRES_RPC_AND_PAIR_EVIDENCE,False,False,False,False
barleyfinance,ethereum,1,2024-01-27T12:54:35Z,10,100,0x64ae3866a2a37a8a4246e348f5d2fe9c63e1a4e8,1:0x64ae3866a2a37a8a4246e348f5d2fe9c63e1a4e8,UNKNOWN_REQUIRES_RPC,-1,0xab8bbe1b834296f8ebee491e7256066416bc5eb254a3285e7bce9830a5289c52,19024438,UNKNOWN_REQUIRES_RPC,False,v2/contract_deployments/contract_deployments_2000000_3000000.parquet,6d562e88df03827bfbf01c2b88d473f0dece6ca3dcd2b0c76188bf3236dcdaae,d0efc0589c733e2c45670283fd7aedba170a08badd8b4e661a9f1b44ef9aca07,0014cea18e9e240310ce6bc908bf1c55f85f788da1238cce6e309e02addaeda2,352e85fb5c0287c13f2eeb19ee900f9355a60ad74593cecfe0c5be9737473500,RESERVE_CANDIDATE_REQUIRES_RPC_AND_PAIR_EVIDENCE,False,False,False,False
bbt,ethereum,1,2024-01-19T17:09:23Z,10,100,0x6e8a2d5d96d04ea6f478da7f2635cb39e36d021f,1:0x6e8a2d5d96d04ea6f478da7f2635cb39e36d021f,UNKNOWN_REQUIRES_RPC,-1,0x3c33f8c92be9afaf19c88e7641603ad2bf7281113c019b129748bb390cd8d304,18901146,UNKNOWN_REQUIRES_RPC,False,v2/contract_deployments/contract_deployments_9000000_10000000.parquet,6777e0b50be1d60a845e1be0313473c99fb8675967b51e4530577f82391cd3cf,78508414ffe042a7c0f0f082b65ccc9ada18ba19906e3fa0f84cd6dec2d9ba67,0025387d0a2dd08a211da72632f929d225455c9711aff16a878e6d68088d6291,52b64b9fc727f7d8a93b83cc09acbf616820c55f36ce2aeb6d59f03cbd754379,RESERVE_CANDIDATE_REQUIRES_RPC_AND_PAIR_EVIDENCE,False,False,False,False
bedrock_defi,ethereum,1,2024-04-14T08:55:47Z,10,100,0xc2c7a824e519cec57353c3121f6f6754e7a68139,1:0xc2c7a824e519cec57353c3121f6f6754e7a68139,UNKNOWN_REQUIRES_RPC,-1,0xd03e0d3a8417d0930204f3af336532d99728d80d639918acc8e15f8a5299c976,19595548,UNKNOWN_REQUIRES_RPC,False,v2/contract_deployments/contract_deployments_1000000_2000000.parquet,7529540c96f11e4fc0d376fd36b2953644bebebe317a864615e2d14403a341fe,c6e3be7dc6d922589c495bd4cb6502fc7bcf94bb2bdfc43b37dbde99f2be9129,002743b9dec818e0ebd1f0de59fae33b92ebdeb23ea92487cad10453430b596e,040cac09bc1a3d82cc476668e764901023270a3b2b477dcdb59342de73c0c345,RESERVE_CANDIDATE_REQUIRES_RPC_AND_PAIR_EVIDENCE,False,False,False,False
blueberryprotocol,ethereum,1,2024-01-24T04:16:11Z,10,100,0x119db10538e96c75dc8e6a8c2ec1b944eaddb856,1:0x119db10538e96c75dc8e6a8c2ec1b944eaddb856,UNKNOWN_REQUIRES_RPC,-1,0x0ce8e2ae6bb058ea60448c94e2d99e856ea6cdf8749275ef1a69c97c098ebc8b,18930227,UNKNOWN_REQUIRES_RPC,False,v2/contract_deployments/contract_deployments_2000000_3000000.parquet,6d562e88df03827bfbf01c2b88d473f0dece6ca3dcd2b0c76188bf3236dcdaae,e9ab12ba0f66e92809ab535bb0e069075d30fda76c684a9443261f21c6b2a0fd,001ae42703dd5c6dca6b7a6e36e362cedc3f0056331112ee58e9143f05ddebbe,d1adde4e7e8f1843c865894162fc0da9b440cf757b358d1bb07b9d2898742a8d,RESERVE_CANDIDATE_REQUIRES_RPC_AND_PAIR_EVIDENCE,False,False,False,False
bmizapper,ethereum,1,2021-07-07T05:48:25Z,10,100,0x7cfcd2cb3f5153d565f14a83b90e8397ca61b1a2,1:0x7cfcd2cb3f5153d565f14a83b90e8397ca61b1a2,UNKNOWN_REQUIRES_RPC,-1,0x6fe0d7d5755b557ecec2999346a9b415c2863f4d49cf7b96186f15a80180bb94,12630574,UNKNOWN_REQUIRES_RPC,False,v2/contract_deployments/contract_deployments_20000000_21000000.parquet,5408f43ed5a3cd3b27216a3df0904e4053ec650ebb80c9c1c2ede9026839c3b5,39cd15801602853f4fbdf5e719a7e7d6835abc57b7557e4b09252265cb8a2da7,00045693f342f17fbe9be27dfca6abb2a2468435c9ad720cdaf106374d92906e,ee42a820690b23b97d68e1cb902c7508a920b717464b082d6c0c097642076a30,RESERVE_CANDIDATE_REQUIRES_RPC_AND_PAIR_EVIDENCE,False,False,False,False
brahtopg,ethereum,1,2022-11-08T15:45:35Z,10,100,0xbfd3548c4a5d904164c1344ad18e577b10830a47,1:0xbfd3548c4a5d904164c1344ad18e577b10830a47,UNKNOWN_REQUIRES_RPC,-1,0x85b1448f10ffbae5513869d002c3800ef8e2c3ff38913c8af61775c6185747a5,15761597,UNKNOWN_REQUIRES_RPC,False,v2/contract_deployments/contract_deployments_6000000_7000000.parquet,408541b1fff35d9d72eb413a63bd7e1ecdfd299daa7ca67b3c7185856aa6aef7,4f2c541f1e6da756ab76d97f03db8e55ac16b8418a10d2f0246cf6996c5cefb1,00163ab69493a938ae9a3cc7f4bd472098318f7f4319c30b6d6cb7620eaeb703,ed3da3ce829549d51a4d70c8bfc216020ce6440eb992030c7ecaa9548d4eb21b,RESERVE_CANDIDATE_REQUIRES_RPC_AND_PAIR_EVIDENCE,False,False,False,False
btc20,ethereum,1,2023-06-16T10:19:11Z,10,100,0x1d9dd25e987ec6aac63f064407b99563ba10fea9,1:0x1d9dd25e987ec6aac63f064407b99563ba10fea9,UNKNOWN_REQUIRES_RPC,-1,0x78f892fa517ca0e754986ff792f3e77f156d27aad4bc9e1c6fb5a3490268df86,17473052,UNKNOWN_REQUIRES_RPC,False,v2/contract_deployments/contract_deployments_0_1000000.parquet,d5e23a08a88dabb08e4eb326b1c042e55165b1fd682650ab9ed73f136e287d31,b7a29d59b3b94ecbc126ea4616bfc637556dcbaf21d5881541162fb683ae0efd,0009bf55bc847799f2bbc29331c5267799937ab21a14ef30c8c08edb945904e2,a54ff2cbb711e2533dd67987231dff3bd462cb3597728d0f1f238801ca6bdad1,RESERVE_CANDIDATE_REQUIRES_RPC_AND_PAIR_EVIDENCE,False,False,False,False
burner,ethereum,1,2020-07-28T09:39:06Z,10,100,0xf5e311e4f2a0f90dbd6ce5f87d500182b179c875,1:0xf5e311e4f2a0f90dbd6ce5f87d500182b179c875,UNKNOWN_REQUIRES_RPC,-1,0xa66542c179b602a83beb46185f8d223101d0eece2629c92dc83a922d84925a83,10389233,UNKNOWN_REQUIRES_RPC,False,v2/contract_deployments/contract_deployments_18000000_19000000.parquet,2dcd3c6c46c1f5489efaf97a7571ebbe6353d25a2f649f3933fab9345109debf,49b168d16a9789c49fc80d729178dfb6a9be9b4ce1a2096bbba280010f1cce20,00088db3e44982aa333d87b1f02d3aa800a3cf42e41c39314dba28adc06df069,046d5dce2898615b322a3941f9f6afb147183d5a1a1b55ecc2aee31c111becc3,RESERVE_CANDIDATE_REQUIRES_RPC_AND_PAIR_EVIDENCE,False,False,False,False
burntbubba,ethereum,1,2023-01-11T15:25:11Z,10,100,0xef7102de4ae45dd36525fd9a394b161e2a1655c7,1:0xef7102de4ae45dd36525fd9a394b161e2a1655c7,UNKNOWN_REQUIRES_RPC,-1,0x5783073d4c48d1fa2752c56522d0d26d4bba57729979e63bd4fa654e9f20bca4,16205901,UNKNOWN_REQUIRES_RPC,False,v2/contract_deployments/contract_deployments_0_1000000.parquet,d5e23a08a88dabb08e4eb326b1c042e55165b1fd682650ab9ed73f136e287d31,adcc106bb4707f69d40343ae0ebf9b0475164b37376b5b7186679a2c94cb7167,0015389d0b762e17d99fce34f0f86d2cf7c3d5f328ef46699008847165d4cb2c,f74895d766d6a7f07efdc8e55d63c52e8f93bdf3e7deaa9301d9ee98f735288c,RESERVE_CANDIDATE_REQUIRES_RPC_AND_PAIR_EVIDENCE,False,False,False,False
bzx,ethereum,1,2020-09-04T00:35:16Z,7,70,0x88817585d528947d28f7377c7fb7cf304c42cf90,1:0x88817585d528947d28f7377c7fb7cf304c42cf90,UNKNOWN_REQUIRES_RPC,-1,0x09e745dbbb7ea9e679d998da81c3cc96a0be1dc982aab5f23621aa08d08e89ce,10681943,UNKNOWN_REQUIRES_RPC,False,v2/contract_deployments/contract_deployments_19000000_20000000.parquet,204b7f381daf9d8017d4efd97183633a94c1c646efa22b219290c725f63c79d8,45128b51a7d86c889a861a8a366d4024a2eec1eb79be8a05e392a24272d85638,0009e78cff0ced5a7e5d1351330fd36eaedcce42b0ea6a64bb8d84706de21358,549e0504994d81213265a337eecefce4ec202dbb52f5cec9da83970e6d9726df,RESERVE_CANDIDATE_REQUIRES_RPC_AND_PAIR_EVIDENCE,False,False,False,False
bzx2,ethereum,1,2020-09-04T00:36:41Z,10,100,0x252c51ec9d8524cdc91d6348cfee65267b0ec3bb,1:0x252c51ec9d8524cdc91d6348cfee65267b0ec3bb,UNKNOWN_REQUIRES_RPC,-1,0x71b92ee1b8006596cbbd242d18d943ccca4de235f41bf40eeb24f51dd0cdbf4d,10732341,UNKNOWN_REQUIRES_RPC,False,v2/contract_deployments/contract_deployments_13000000_14000000.parquet,8885bd5034eff92607b7ffb297b079b222764c22e24fbd5bdf3f3d689c1a839b,b8e9693112bb1c615952c64b3d9c5a24da81faa1f51ec419ce2fc4d853fb8bd2,0006be527b97b2699244d9686d6840818746e565bfa576e369c1a711c6b52d8a,0873eed31aebe6e733034d57441f7ec0b8d7019bc85a33126433082b4ce118ad,RESERVE_CANDIDATE_REQUIRES_RPC_AND_PAIR_EVIDENCE,False,False,False,False
compounderfinance,ethereum,1,2020-11-09T02:00:56Z,9,90,0xf7dde178fabe8386ade62d584019326a203b5394,1:0xf7dde178fabe8386ade62d584019326a203b5394,UNKNOWN_REQUIRES_RPC,-1,0x58a31952eef3ce451fc7c04c58dd296bf8083350e3a5b0f87838c02ff4d3faab,11066841,UNKNOWN_REQUIRES_RPC,False,v2/contract_deployments/contract_deployments_2000000_3000000.parquet,6d562e88df03827bfbf01c2b88d473f0dece6ca3dcd2b0c76188bf3236dcdaae,8498ad8236de6296bbddf5e69dfbba222a42346a0dcb8c9fb5c389eae981c1a3,001654fc67060a633906235208b8c81273d8f644ef1168daab40a50016f02d93,632e8f64cbf9e87ddfb6404ab181609301d83e77decc37ebcbdc2b8879ad6c06,RESERVE_CANDIDATE_REQUIRES_RPC_AND_PAIR_EVIDENCE,False,False,False,False
compoundtusd,ethereum,1,2020-10-08T11:45:32Z,10,100,0x765effba0b32e13e53404cf18ce4a697908270e1,1:0x765effba0b32e13e53404cf18ce4a697908270e1,UNKNOWN_REQUIRES_RPC,-1,0xc271dafd9410faa18051e41c73de937ecb029fa67f72d2f3f1efc7de11f69bbe,10823042,UNKNOWN_REQUIRES_RPC,False,v2/contract_deployments/contract_deployments_17000000_18000000.parquet,8a63eb54bb198d66bb4daa82d14922009830abddc204e948292b7e4942358c8a,6119a1de85e0f9e2cbadaeb4d7ecd9c8d681b089022c2bbf126d227d7122fa94,000cdfe9d641e7716603d604f46dcf4710c8f4e1e05baba40017ff0dbb3cceda,e2339c247b6447d55437d7e9c6e36a7219e2e6dbbfaad6dcf1ee8dd0d514975b,RESERVE_CANDIDATE_REQUIRES_RPC_AND_PAIR_EVIDENCE,False,False,False,False
compounduni,ethereum,1,2022-09-30T18:51:47Z,10,100,0xe0afc388c55d3a1d8a102398936680d53d3bf09d,1:0xe0afc388c55d3a1d8a102398936680d53d3bf09d,UNKNOWN_REQUIRES_RPC,-1,0x41967ed325da9b17e7faed3e9635b4588ff2e6fbff2bcfae47285c37496ad972,15585721,UNKNOWN_REQUIRES_RPC,False,v2/contract_deployments/contract_deployments_19000000_20000000.parquet,204b7f381daf9d8017d4efd97183633a94c1c646efa22b219290c725f63c79d8,b9dc24f318970891cd4833963745ce37410297e483e807649e4aab06c6e6ea5c,0018a160b91367641a0a90f687d7f096245cedaaf74b5ffcfc60b06208334c2d,9166b4c88fcc8a088757b1c3896ce9953403e7f801b1a44ae696a4c64bc04528,RESERVE_CANDIDATE_REQUIRES_RPC_AND_PAIR_EVIDENCE,False,False,False,False
conic,ethereum,1,2023-07-01T12:32:23Z,10,100,0xa1e85d90b3762ca48db2af46203cd50fabc94901,1:0xa1e85d90b3762ca48db2af46203cd50fabc94901,UNKNOWN_REQUIRES_RPC,-1,0x87f67c021bb5825274d000b38c60af4670aceb506b55bb346bd2873370d1f568,17549815,UNKNOWN_REQUIRES_RPC,False,v2/contract_deployments/contract_deployments_1000000_2000000.parquet,7529540c96f11e4fc0d376fd36b2953644bebebe317a864615e2d14403a341fe,08213788b96f87c7e7faadc0db251231b349e3617c5005a4a370092806752e12,000a318c9d907e47e052c64392fd24294c0a0502b0029bdd9c79167d074d358f,ffd8357226b08b0e8aee664cbb50415811bcec322750e18b29818c54749c3208,RESERVE_CANDIDATE_REQUIRES_RPC_AND_PAIR_EVIDENCE,False,False,False,False
conic02,ethereum,1,2023-06-09T20:40:59Z,10,100,0x53ec91c972fb2fc4e4626df0ecb72926002cef96,1:0x53ec91c972fb2fc4e4626df0ecb72926002cef96,UNKNOWN_REQUIRES_RPC,-1,0x931066c55779306f4f8d9f7404dcc540010a3e04b58fc6fc3ae23a773a50fdd8,17289199,UNKNOWN_REQUIRES_RPC,False,v2/contract_deployments/contract_deployments_14000000_15000000.parquet,6176cf26c5e071de572e4fa584e8e6126dbdb3267e5f347910a581b7d8a944c6,945f454b8a50aec56f6962b526c05a5a7cec18365f36fd01342194f237b702cf,000f41279bfe7ab26c57ca828075ad3220d9e16412fc949edf64131ec8b5a7e5,e89a495cd22635ea27ddf1947871753585d90403d9513091bbf80a5ee22fdfbe,RESERVE_CANDIDATE_REQUIRES_RPC_AND_PAIR_EVIDENCE,False,False,False,False
conic_2,ethereum,1,2023-07-01T12:32:23Z,10,100,0x38bc598d5be26b97f2ba608585afcd90ea3bd149,1:0x38bc598d5be26b97f2ba608585afcd90ea3bd149,UNKNOWN_REQUIRES_RPC,-1,0x1fe068977360d64f6a3d5a86d00323f9abe2c5e6a3e861fd385d4b5c8f5f9893,17526651,UNKNOWN_REQUIRES_RPC,False,v2/contract_deployments/contract_deployments_0_1000000.parquet,d5e23a08a88dabb08e4eb326b1c042e55165b1fd682650ab9ed73f136e287d31,bb817c2c6e8270be06d608efb345ac0c6737590c0bc01e033f79dabd0bda4637,001258e64c9a1c11b2112613e14a800264ca4a1eda65a43addc2d71c3fdb8dfd,7df1470eba8b75f228a25cec2d087b703678e73f811333d17c2d40f088ac83dd,RESERVE_CANDIDATE_REQUIRES_RPC_AND_PAIR_EVIDENCE,False,False,False,False
convergence,ethereum,1,2024-07-15T16:36:11Z,10,100,0x674affe83da837ed5353ff2b37afe12bed05e38e,1:0x674affe83da837ed5353ff2b37afe12bed05e38e,UNKNOWN_REQUIRES_RPC,-1,0x3415c4f8b838b917240e77638c8ce2537c0cd7bdc64020af1d064245f28ff252,20198408,UNKNOWN_REQUIRES_RPC,False,v2/contract_deployments/contract_deployments_2000000_3000000.parquet,6d562e88df03827bfbf01c2b88d473f0dece6ca3dcd2b0c76188bf3236dcdaae,782503967f872151b1f1d558b5df9d26bf5533a17b8c5522e2372a8ef41c06ed,001b17cdcfeea22bcd010d8f28731cc368b2a77770eaab9efcee02c6756f2f11,86064fadbc5e9419947a96415f373a2932b78be749e2aeb9e3270172a672428b,RESERVE_CANDIDATE_REQUIRES_RPC_AND_PAIR_EVIDENCE,False,False,False,False
cover,ethereum,1,2020-11-20T23:49:56Z,10,100,0x16d92720af93dfda67064e4a8da86bb9a1c02758,1:0x16d92720af93dfda67064e4a8da86bb9a1c02758,UNKNOWN_REQUIRES_RPC,-1,0x00740e2fdb107d018c27299c9c35b4fc69e3488a5d227d00387bffc5df1525b8,11214471,UNKNOWN_REQUIRES_RPC,False,v2/contract_deployments/contract_deployments_13000000_14000000.parquet,8885bd5034eff92607b7ffb297b079b222764c22e24fbd5bdf3f3d689c1a839b,091d9ae7afdccf7c79083bb25cb44a19fdbceb4ba83af68483a0f61b68d9db0e,000aa36eec0652c6b953c1b61e72d6d650d620c1eeb5f5839909f7f93dc18a96,a4e205627622ab7cdc861a1cbd1b3b582b26785dc528512a835cf7e8a4cf8d92,RESERVE_CANDIDATE_REQUIRES_RPC_AND_PAIR_EVIDENCE,False,False,False,False
cream,ethereum,1,2021-02-10T05:55:00Z,10,100,0x020c3dba224b8c3c179bef56aaff3b4e863b3136,1:0x020c3dba224b8c3c179bef56aaff3b4e863b3136,UNKNOWN_REQUIRES_RPC,-1,0x3c70e9ab93aa4a82652358d0fc506233a35c3ea46fd4587a29ed1f534c88a615,11634861,UNKNOWN_REQUIRES_RPC,False,v2/contract_deployments/contract_deployments_12000000_13000000.parquet,f15d5aeb7e3fcb63cca93eb03fa583594412966874735914078f617ae9c9b2ea,00a00b57424c7b9e49613bc2cb4354f35e16620928593c4c7f9b47456d0c8613,00087cf6b79068e4d46d911508718a431e19a2049b88e17e23aaa3b412d7e2bf,93a1eaaae7a035919492e484ad970d943361500bba1ef500e759c3b992c3bc2d,RESERVE_CANDIDATE_REQUIRES_RPC_AND_PAIR_EVIDENCE,False,False,False,False
cream_2,ethereum,1,2020-08-03T10:18:37Z,10,100,0x2c43cd7fe4f312e7c1f47d961a6b88181fa28f1c,1:0x2c43cd7fe4f312e7c1f47d961a6b88181fa28f1c,UNKNOWN_REQUIRES_RPC,-1,0xa68190ba4768bc226811dee86ebfe9700cd668c66a196082e3643f640d34ef5d,10492542,UNKNOWN_REQUIRES_RPC,False,v2/contract_deployments/contract_deployments_13000000_14000000.parquet,8885bd5034eff92607b7ffb297b079b222764c22e24fbd5bdf3f3d689c1a839b,797e39b53be0fefbbe1bdacada1e9d9dacf33f573604468cb3b927d61a88586a,000898e7153ec3b3afea0b9a072bb6e61e795b2070f1431bba9cc97d7970c412,1ebd93fb9fff953455d383a3e731a7f811c60958da6440c7955bfb2610d1f972,RESERVE_CANDIDATE_REQUIRES_RPC_AND_PAIR_EVIDENCE,False,False,False,False
defiplaza,ethereum,1,2021-10-04T13:55:26Z,10,100,0x77178e7e480a78b863fb78c707faf57e3a3622b7,1:0x77178e7e480a78b863fb78c707faf57e3a3622b7,UNKNOWN_REQUIRES_RPC,-1,0x193d4147767c4de25b62034277fde2cb5f1291d5591a339e9c8774f4ef5db2a8,13251789,UNKNOWN_REQUIRES_RPC,False,v2/contract_deployments/contract_deployments_14000000_15000000.parquet,6176cf26c5e071de572e4fa584e8e6126dbdb3267e5f347910a581b7d8a944c6,53cfe944fc36317ddadf927c74702b5f0ef1e2d37cd250c3feda30bfc79bde4e,000443e41618bd83430d31ff8711e42c9e4868b927839efc4708883bd709b913,3e4041f971598cdf25d26d5cdb84004cfea96916b6d06ea015d459a444bec862,RESERVE_CANDIDATE_REQUIRES_RPC_AND_PAIR_EVIDENCE,False,False,False,False
depayrouter,ethereum,1,2021-02-28T15:14:45Z,10,100,0x81fab74d3c00467c2cd3b9281ee87d2d9d2e8fb2,1:0x81fab74d3c00467c2cd3b9281ee87d2d9d2e8fb2,UNKNOWN_REQUIRES_RPC,-1,0x4185c0f4689dd8a7edce9999b4f6f1f2759278404bc9c519847018e12ac6ab88,11833264,UNKNOWN_REQUIRES_RPC,False,v2/contract_deployments/contract_deployments_19000000_20000000.parquet,204b7f381daf9d8017d4efd97183633a94c1c646efa22b219290c725f63c79d8,78f5a85bd5a239e28a4ff731b8c9894263c5c52f905edb78908d9b46466059dc,0008582802615aa07b9418c48ab9ea8be2e5b4d2280bee42dd5ed020f021f93a,134bf8b1c7889abc5a26e62a2cbf6ef60cc9aa3ec0f2e57f94dc046bd1305796,RESERVE_CANDIDATE_REQUIRES_RPC_AND_PAIR_EVIDENCE,False,False,False,False
depusdt_levusdc,ethereum,1,2023-05-21T12:03:23Z,10,100,0xea9db754525ae50ef7bbfa1b41e59fce87142fac,1:0xea9db754525ae50ef7bbfa1b41e59fce87142fac,UNKNOWN_REQUIRES_RPC,-1,0x43a00a9fc3a50f06fe00789b033a060112911f193ba211c249e187f6b3b0df4c,17118713,UNKNOWN_REQUIRES_RPC,False,v2/contract_deployments/contract_deployments_14000000_15000000.parquet,6176cf26c5e071de572e4fa584e8e6126dbdb3267e5f347910a581b7d8a944c6,9f97e108e434cceb50b88b5a2e2a3974f8d91722caa32fcfec405630398ba7d5,000e757a88f9bf3a4d3bbbf4c0ccd8bb8db14d249ee89d4bb8d0ccb27270bf87,f82b8555680cb985c22f8aa81637271cf8026b40d2bebc40527697dbb0683f04,RESERVE_CANDIDATE_REQUIRES_RPC_AND_PAIR_EVIDENCE,False,False,False,False
dexible,ethereum,1,2023-02-16T17:31:47Z,10,100,0x14e1f4eb3cc1cd372693376c18e64a54e69b9885,1:0x14e1f4eb3cc1cd372693376c18e64a54e69b9885,UNKNOWN_REQUIRES_RPC,-1,0x8fc06965ccf533a82e5345c3e90364dfd3ccb497ebb78e698fec234f619b6590,16513292,UNKNOWN_REQUIRES_RPC,False,v2/contract_deployments/contract_deployments_12000000_13000000.parquet,f15d5aeb7e3fcb63cca93eb03fa583594412966874735914078f617ae9c9b2ea,feb68ecf6632f13d736d506404fd5e6ca4445246e442d8246f00e9bb2e43880d,00188143368707f60119150611a61e9e2ceb0abbef227e452a08e5d0a96ae182,b88a5528f9805999d08d3f6c03386d4a443e6295ea8c648dc25857137de2bd0a,RESERVE_CANDIDATE_REQUIRES_RPC_AND_PAIR_EVIDENCE,False,False,False,False
dfx,ethereum,1,2022-10-15T16:44:47Z,10,100,0xb09e591bdf6d06cd135ead6381c022e0f53bbb2b,1:0xb09e591bdf6d06cd135ead6381c022e0f53bbb2b,UNKNOWN_REQUIRES_RPC,-1,0xbb328bcbb981b7e9b49a017f97f395687bbb20b858ec753c509d921982b7160d,15725569,UNKNOWN_REQUIRES_RPC,False,v2/contract_deployments/contract_deployments_2000000_3000000.parquet,6d562e88df03827bfbf01c2b88d473f0dece6ca3dcd2b0c76188bf3236dcdaae,7136d1de4c2501f84b91432232cec95ae473fbf973adf635d3efda77a716cdb5,0009010fce759865b878e320c11ab8c7205331b1374916841e6b8748c8443f3f,2bf85b1ee10562b53a5a5e8f06fff7b967fb0e524f8720f76ebc3e2f17d503b0,RESERVE_CANDIDATE_REQUIRES_RPC_AND_PAIR_EVIDENCE,False,False,False,False
dodo_flashloan,ethereum,1,2021-02-27T12:07:58Z,10,100,0xe0e5470e2afc58f6e8d54c7a4952d029175271ab,1:0xe0e5470e2afc58f6e8d54c7a4952d029175271ab,UNKNOWN_REQUIRES_RPC,-1,0x4a20f96376a10d8977d236960d9aaed4d24572cd31d36f8efe1b285b101d2df7,11784375,UNKNOWN_REQUIRES_RPC,False,v2/contract_deployments/contract_deployments_2000000_3000000.parquet,6d562e88df03827bfbf01c2b88d473f0dece6ca3dcd2b0c76188bf3236dcdaae,422d52a38b5c859675ae6a446b533bf2b2154990566fbfc8480731594b408666,000807dd3983d8d10fec94729f63a32ac64770b6cf3681d42a24d046989de76c,e10a9abddea5e1d357626dfc1e5f2189896c2dde3aab30e8a58ae00d8996a90e,RESERVE_CANDIDATE_REQUIRES_RPC_AND_PAIR_EVIDENCE,False,False,False,False
doughfina,ethereum,1,2024-06-14T16:22:23Z,9,90,0x702254617b22e97d823656774b4af5a261e5b5e6,1:0x702254617b22e97d823656774b4af5a261e5b5e6,UNKNOWN_REQUIRES_RPC,-1,0x00aa6e9c404015c6907d5a5600b036fdc74c95e2f3405bad7588f38ea112ca2d,19945378,UNKNOWN_REQUIRES_RPC,False,v2/contract_deployments/contract_deployments_22000000_23000000.parquet,a1a8c72cce1fe224b93b96844ae747785fcf2fe710f05d75b354ef366070990a,e0939eca54dcc1b70d6760be2c754f610f9cccfe48ed38cbaad5bee6130ddcfc,0012a8c30e491effc6363169c2dfa25267da3533812da44881daeba78583a692,aa52cf564f9ed983f1882db485fe52822abcba5779b8fbf1e79b47d75c24e4cf,RESERVE_CANDIDATE_REQUIRES_RPC_AND_PAIR_EVIDENCE,False,False,False,False
earningfram,ethereum,1,2022-11-11T07:25:23Z,10,100,0x1747dcd8c314be3089f9fd0e7e809fa68d50a2ac,1:0x1747dcd8c314be3089f9fd0e7e809fa68d50a2ac,UNKNOWN_REQUIRES_RPC,-1,0xf1e70670bc74866ec74ca890dc1312b7e5184d31d605a397623eed5b76937337,15901377,UNKNOWN_REQUIRES_RPC,False,v2/contract_deployments/contract_deployments_13000000_14000000.parquet,8885bd5034eff92607b7ffb297b079b222764c22e24fbd5bdf3f3d689c1a839b,85db541b2d3fbd7577cc6a4045586f55f1ec61eb8692fd6330c2ba073da0a362,000b474316245c466c0d6a3fe21f02604227537bbfc33894ed51df68433e9d6d,bc095ba7b96620f1b4d7a34b9f4e8a961e8d93e28d360ba371ef35b009592754,RESERVE_CANDIDATE_REQUIRES_RPC_AND_PAIR_EVIDENCE,False,False,False,False
eflevervault,ethereum,1,2022-05-28T05:12:39Z,10,100,0x082be1262137fbe1f8e0fb2c152ae00420a7f356,1:0x082be1262137fbe1f8e0fb2c152ae00420a7f356,UNKNOWN_REQUIRES_RPC,-1,0x13b3019219ef730aa92cff0d97bcc5aa859f1cc710395b5cbcec4115dcde9dcd,14748632,UNKNOWN_REQUIRES_RPC,False,v2/contract_deployments/contract_deployments_12000000_13000000.parquet,f15d5aeb7e3fcb63cca93eb03fa583594412966874735914078f617ae9c9b2ea,fc5ecbf0d59725885f7716d584d91bf01e838ad7e946addf45dedeebd82e291b,0002c00d77798aff7dfa1a738cdd3ed836b64a93b7be89d43a51c7ba09c7c1d0,d8b38fbebd7c5d2ea1d780bf843defd1bf4e137ee3dc15f7b393ecff18bac2cf,RESERVE_CANDIDATE_REQUIRES_RPC_AND_PAIR_EVIDENCE,False,False,False,False
efvault,ethereum,1,2022-10-08T19:02:35Z,10,100,0xa2c33cc551ca70205686486f45022dcf7c9ec5aa,1:0xa2c33cc551ca70205686486f45022dcf7c9ec5aa,UNKNOWN_REQUIRES_RPC,-1,0x348bbfd472e24fc9e9ecbe86531626c0637506e2c4e0f080f75f336c13e58e63,15615512,UNKNOWN_REQUIRES_RPC,False,v2/contract_deployments/contract_deployments_6000000_7000000.parquet,408541b1fff35d9d72eb413a63bd7e1ecdfd299daa7ca67b3c7185856aa6aef7,d20e10bba833a394496595e64029ee777e2bbc486c6e121d4d83c3f7c8be7a36,000e4ac169fb89b71220a3833dead187d3c542bc6291b172027a7af1ce983d09,0660a43211833714c78562ceadd1a3bedb006faa6c676a6b6577b40cae0a0919,RESERVE_CANDIDATE_REQUIRES_RPC_AND_PAIR_EVIDENCE,False,False,False,False
ehive,ethereum,1,2022-09-09T16:56:51Z,10,100,0x3aee253fb4b21ad4f42c05414e05aa04238df372,1:0x3aee253fb4b21ad4f42c05414e05aa04238df372,UNKNOWN_REQUIRES_RPC,-1,0x460351707e0be3fbd21fe26ac8362bd497d4d40c0fb1ccf5649261a0fabdb820,15408349,UNKNOWN_REQUIRES_RPC,False,v2/contract_deployments/contract_deployments_6000000_7000000.parquet,408541b1fff35d9d72eb413a63bd7e1ecdfd299daa7ca67b3c7185856aa6aef7,039d82791e6b0790f0bc85fce588296dcf5ed06e4fc8127f61ab8d9e7ae4d584,00121bd0016880924b6cf5a08611f2d1ff2a7e1b7428330d547d86d67f29d099,f7c4811da8b9dfcc5a59a7cf69a0773559ac2c1d246f7f77df52229b5f739b81,RESERVE_CANDIDATE_REQUIRES_RPC_AND_PAIR_EVIDENCE,False,False,False,False
erc20tokenbank,ethereum,1,2021-01-28T09:45:09Z,10,100,0x7ad5928960076bb2e91f7414ac2632413cc27c8a,1:0x7ad5928960076bb2e91f7414ac2632413cc27c8a,UNKNOWN_REQUIRES_RPC,-1,0xd4b3ae7eaa737ae344280f392f27524924e5d39e581bc5c95890a11a6dd1df95,11718903,UNKNOWN_REQUIRES_RPC,False,v2/contract_deployments/contract_deployments_20000000_21000000.parquet,5408f43ed5a3cd3b27216a3df0904e4053ec650ebb80c9c1c2ede9026839c3b5,7f1861b05104ba13ae197e8d27e57dc8b6ef4f6391f176b16982f4d92f1da32a,000624ba8a7921e4f8f5402b602e815bfe861ff9c4448134608b89102030559f,71995b63d3001ecb40b51f566ba69c1e027cdd163e9635fe4385b65fcd84259e,RESERVE_CANDIDATE_REQUIRES_RPC_AND_PAIR_EVIDENCE,False,False,False,False
floordao,ethereum,1,2022-02-28T21:34:21Z,10,100,0x67ecb03d5ff1609e07dcdddb8d912c550b8d2e30,1:0x67ecb03d5ff1609e07dcdddb8d912c550b8d2e30,UNKNOWN_REQUIRES_RPC,-1,0x744cb6adf6551f4fd2ca895c1d531b31b0103082a8098489f0667846c4ec6048,14279467,UNKNOWN_REQUIRES_RPC,False,v2/contract_deployments/contract_deployments_18000000_19000000.parquet,2dcd3c6c46c1f5489efaf97a7571ebbe6353d25a2f649f3933fab9345109debf,a3983f1560b10207234a9903bbb363cdd728b366198454ca8c4d6d2673d8ebbe,000302bfa8fda3dde149a48ce69a7982894657d1862241a24bf9171ccef5927f,88d90f5b7a4cae6397ae4ea7267c1a647eedb94efe2b1244a153c1751f23bb5c,RESERVE_CANDIDATE_REQUIRES_RPC_AND_PAIR_EVIDENCE,False,False,False,False
floorprotocol,ethereum,1,2023-10-14T14:03:47Z,10,100,0xb82346ea47d2436a5bff62ac32ceccba4397627b,1:0xb82346ea47d2436a5bff62ac32ceccba4397627b,UNKNOWN_REQUIRES_RPC,-1,0x33ae6c80eb1b0ee54e5c00fe9207509ffa9ec1a5b0c19032069baf8ff3f06bf5,18302465,UNKNOWN_REQUIRES_RPC,False,v2/contract_deployments/contract_deployments_2000000_3000000.parquet,6d562e88df03827bfbf01c2b88d473f0dece6ca3dcd2b0c76188bf3236dcdaae,b6b8f54ceb24a27cea04be2bf3da1877f289dbf0aac20da03041dea827af71a8,00148b803eb07d01985e98897aedbed3de27bc90b93b9d5beb2de747ff02490c,069be45c0a7c7b9559401c88d4764f7c2d6e9ed090274ba81ecac2e9b2395c9a,RESERVE_CANDIDATE_REQUIRES_RPC_AND_PAIR_EVIDENCE,False,False,False,False
gain,ethereum,1,2022-07-22T12:33:30Z,10,100,0x11db6634588a39f1471c2cb4110f81c6883f5271,1:0x11db6634588a39f1471c2cb4110f81c6883f5271,UNKNOWN_REQUIRES_RPC,-1,0xf242fd35d86295598f707fdd1d112df26ef81738c736bf4ef950ad2593269911,15029851,UNKNOWN_REQUIRES_RPC,False,v2/contract_deployments/contract_deployments_12000000_13000000.parquet,f15d5aeb7e3fcb63cca93eb03fa583594412966874735914078f617ae9c9b2ea,ba947598e293bd7d6b5e3b4a525c59a3c07eae1e59f3b71d43b62b4560acc6f2,000f02da76498aefa415d0a735cfe8949f04aa37b18c2d68ee5e536d2dcbdace,5c647219fd1c3cff0b68c11e57d9743f8d5f6e7e7b836c4d9672a351029b8c69,RESERVE_CANDIDATE_REQUIRES_RPC_AND_PAIR_EVIDENCE,False,False,False,False
goodcompound,ethereum,1,2019-05-08T01:07:17Z,10,100,0x19a7a61e98fe69601e6beedb8a1068e622a14c64,1:0x19a7a61e98fe69601e6beedb8a1068e622a14c64,UNKNOWN_REQUIRES_RPC,-1,0xbb16e316f35e0d59fc1120870b92fb55beca3eeb9f38105cdff1c2fb7c99c2e6,7586780,UNKNOWN_REQUIRES_RPC,False,v2/contract_deployments/contract_deployments_13000000_14000000.parquet,8885bd5034eff92607b7ffb297b079b222764c22e24fbd5bdf3f3d689c1a839b,d7574669a4135a03c263a919465ad0a836c91f584184fb3bb9617826d708c839,001b8641ea8b6c61ca5676da84c1e5eeaf496101d941e40b1813cd43ff01dff2,16ffcafc0cf6d2a46f47ea4846b794e4431b31fff47568af6330b58299735949,RESERVE_CANDIDATE_REQUIRES_RPC_AND_PAIR_EVIDENCE,False,False,False,False
gooddollar,ethereum,1,2022-03-08T08:26:39Z,10,100,0xb9f25dce16c1962a6adf1ae4715332419cd012d0,1:0xb9f25dce16c1962a6adf1ae4715332419cd012d0,UNKNOWN_REQUIRES_RPC,-1,0xadaa33fb4ba5d7c9129aaa7ac538e4a05482b01eda3d5697c79daeb716ec0029,14274304,UNKNOWN_REQUIRES_RPC,False,v2/contract_deployments/contract_deployments_14000000_15000000.parquet,6176cf26c5e071de572e4fa584e8e6126dbdb3267e5f347910a581b7d8a944c6,ce4d0a9d4aaa14aa31a00d06d8be0c71f229ec77abef84600f91ff07263c7b17,0002a9fb7760dba5f9dfa936bcf779f1a553c24d5f08c3f6156989a09ea3e777,d61e9996feba0be7f3f7ea96dd99dae20a4a8deed29660d73287c01472d8154e,RESERVE_CANDIDATE_REQUIRES_RPC_AND_PAIR_EVIDENCE,False,False,False,False
grok,ethereum,1,2023-11-05T04:19:23Z,10,100,0x03f4112c48d71adf87bbe0159c04c565d9401523,1:0x03f4112c48d71adf87bbe0159c04c565d9401523,UNKNOWN_REQUIRES_RPC,-1,0x9bad35e9b5e3c78bbe9961153f37bf67de7984e87ea2ac0be8d7741d0e08bf3b,18367374,UNKNOWN_REQUIRES_RPC,False,v2/contract_deployments/contract_deployments_2000000_3000000.parquet,6d562e88df03827bfbf01c2b88d473f0dece6ca3dcd2b0c76188bf3236dcdaae,f57c1924bc28a1404360fe64d19db2a9e453509f1553d6a1b101792ca26c21fa,0009cc82fa7de0ed1e519f806ec0e50c36e83e59249c188159022d1931a83b92,881c51c6c3058d13d3a02f33a30dc55308991c0b03a553b9bdac37c1fe71348f,RESERVE_CANDIDATE_REQUIRES_RPC_AND_PAIR_EVIDENCE,False,False,False,False
harvestfinance,ethereum,1,2020-10-20T14:02:35Z,10,100,0x57b3c790934ac0e0749c9401e94bf17699ace3db,1:0x57b3c790934ac0e0749c9401e94bf17699ace3db,UNKNOWN_REQUIRES_RPC,-1,0x4dbe871a6bb34dff1e8613c656f109b255f4b8648c04c7cbc85ad23c1dfb0320,11012831,UNKNOWN_REQUIRES_RPC,False,v2/contract_deployments/contract_deployments_17000000_18000000.parquet,8a63eb54bb198d66bb4daa82d14922009830abddc204e948292b7e4942358c8a,a72e0cb2ad82c71ad86a5275777a10b7b322ecc5f48393648ae3a99e3b4ce36a,0016b5f76ccee7aaf3d4d72198567acdc7889e8fcd89147e9483801219461e2b,0287e5de5da772e1beac9e8929e3a9ec9469019d17fc042d398a03a6f2d47288,RESERVE_CANDIDATE_REQUIRES_RPC_AND_PAIR_EVIDENCE,False,False,False,False
heavensgate,ethereum,1,2023-05-21T02:00:23Z,10,100,0xd033b2b403f03ee2d8b86b71819b00df24dfadd1,1:0xd033b2b403f03ee2d8b86b71819b00df24dfadd1,UNKNOWN_REQUIRES_RPC,-1,0xe68716c08e8b8be2f5abe52c4ec3cc1e277c4e7fcb237972a2941d5b6271fdda,17226204,UNKNOWN_REQUIRES_RPC,False,v2/contract_deployments/contract_deployments_14000000_15000000.parquet,6176cf26c5e071de572e4fa584e8e6126dbdb3267e5f347910a581b7d8a944c6,f24c3ad020266a16668bb05855c60ff9614057d94868ec193e8672331a354b46,0010a02495af44bd36a834ea3ab6f0c11b6f6d259aeec5e7e07309abfc0b1705,a061de5bc97546a1a6c769d661e5c3ee4a05686879023dde1c8eaabd16dbfac9,RESERVE_CANDIDATE_REQUIRES_RPC_AND_PAIR_EVIDENCE,False,False,False,False
hedgeyfinance,ethereum,1,2023-11-23T16:04:11Z,10,100,0x3782e5922daecc7841f465682ea81d449b16a624,1:0x3782e5922daecc7841f465682ea81d449b16a624,UNKNOWN_REQUIRES_RPC,-1,0x18d44c26cec2d59a48f4895e92e2cf2760988ce75a2d9beaaef7a9e6356dd9bd,18449458,UNKNOWN_REQUIRES_RPC,False,v2/contract_deployments/contract_deployments_13000000_14000000.parquet,8885bd5034eff92607b7ffb297b079b222764c22e24fbd5bdf3f3d689c1a839b,31d6055d46a7c359dca87b2de2ae30927bd57bba0092a245441ba396ed39e9b3,0013ebfc36b97c101852c9ef578daa60d325bdb29354cbf7cf53f64c681d15be,c2f038aa7c1b5ccf1aa76516bcd14583db402915a9b6543da716fe8337cbf435,RESERVE_CANDIDATE_REQUIRES_RPC_AND_PAIR_EVIDENCE,False,False,False,False
hegic_options,ethereum,1,2022-01-05T04:26:07Z,10,100,0xd95ff2c4ed52ed2d1073f666b25001f3a68ef834,1:0xd95ff2c4ed52ed2d1073f666b25001f3a68ef834,UNKNOWN_REQUIRES_RPC,-1,0x658f9fa1b0ac89528576df3ee08e6c385e44b4b548eb7c2e866ecfa311e7edd2,13903520,UNKNOWN_REQUIRES_RPC,False,v2/contract_deployments/contract_deployments_14000000_15000000.parquet,6176cf26c5e071de572e4fa584e8e6126dbdb3267e5f347910a581b7d8a944c6,8ab68f7afd4b4b6df788821a948761a294946335cf12baad05198aae93f7a8e4,0004fe603f86937a1466fd67582029b7bb0e3aa00b8021ebf63379f64613ff7d,0e831bac04844501dbba96244460347184b9f32b9d8884345c433e3bbba1a78e,RESERVE_CANDIDATE_REQUIRES_RPC_AND_PAIR_EVIDENCE,False,False,False,False
hexotic,ethereum,1,2020-01-07T04:56:51Z,10,100,0x893b04a65a9cb2f52aab48119f9dcba69672a341,1:0x893b04a65a9cb2f52aab48119f9dcba69672a341,UNKNOWN_REQUIRES_RPC,-1,0xd53c9e278050dae8f5e29e6bd107f68eabcbd1db79afac05078edcbbd7843c09,9222075,UNKNOWN_REQUIRES_RPC,False,v2/contract_deployments/contract_deployments_19000000_20000000.parquet,204b7f381daf9d8017d4efd97183633a94c1c646efa22b219290c725f63c79d8,b36d665d06e43ea72940c36f910ca64b387db7aeb2d8e9cb69ca702eb1990407,002a16e290a7a568900191cf5ef76dadae9558c25e29dea84c61fb7d8cbc9626,f6ad6aff47b9a1a0ba4dddc828e9f3bd5327a9535b3580675bfd22073d898c9d,RESERVE_CANDIDATE_REQUIRES_RPC_AND_PAIR_EVIDENCE,False,False,False,False
hodlcapital,ethereum,1,2021-11-24T23:40:35Z,10,100,0x5dada3f7036e63835882995b038effbb9afc7e05,1:0x5dada3f7036e63835882995b038effbb9afc7e05,UNKNOWN_REQUIRES_RPC,-1,0x2d082d883319a34f2fad715e0e95a26072fe69ec4cd082124bb8c76d97a18e64,13601416,UNKNOWN_REQUIRES_RPC,False,v2/contract_deployments/contract_deployments_20000000_21000000.parquet,5408f43ed5a3cd3b27216a3df0904e4053ec650ebb80c9c1c2ede9026839c3b5,ada2516bda054d85a3b852d0a98ab5ac2b21fa26b903d2efb4d2f9e04d900227,00093214dc8c42ab36082f7f98e3180c1d03027ef82b657c360778f0882d309d,4e2c38b208c5995c1608ecb6603d127feb83344d691a1f6e90ecbf77e6194e11,RESERVE_CANDIDATE_REQUIRES_RPC_AND_PAIR_EVIDENCE,False,False,False,False
hopelend,ethereum,1,2023-08-08T06:11:59Z,10,100,0xf75c704f00a8ddbbec1951fe3880a771716c0e3c,1:0xf75c704f00a8ddbbec1951fe3880a771716c0e3c,UNKNOWN_REQUIRES_RPC,-1,0x2e9efdbcfcb5c6efc0a7a1988677a43e0cee395481533c6a86cedb51cfecee89,17665703,UNKNOWN_REQUIRES_RPC,False,v2/contract_deployments/contract_deployments_6000000_7000000.parquet,408541b1fff35d9d72eb413a63bd7e1ecdfd299daa7ca67b3c7185856aa6aef7,760889ae4083331e4d8fe37fab0055a6d63b174bfd024e3bf5795ab5ecdaefdc,000fa58de00fb77f9ead8c61e096e63d5cfd2e90de3b40cbb08eaba885010fdc,1e547967edc030843bb8ff9d7689fd7cbf07fd9df1588f882177d6960a2f7497,RESERVE_CANDIDATE_REQUIRES_RPC_AND_PAIR_EVIDENCE,False,False,False,False
hypr,ethereum,1,2023-11-15T17:39:11Z,10,100,0x05a1ca1e13640eee36b9d1e62dc8d6cb631cb34c,1:0x05a1ca1e13640eee36b9d1e62dc8d6cb631cb34c,UNKNOWN_REQUIRES_RPC,-1,0xcbfa134ef6d2eaa7ff591d67099e4ae8424ecd285d7aa7a160c8161576b3dc3e,18443707,UNKNOWN_REQUIRES_RPC,False,v2/contract_deployments/contract_deployments_2000000_3000000.parquet,6d562e88df03827bfbf01c2b88d473f0dece6ca3dcd2b0c76188bf3236dcdaae,0ca25d0810a12da9bc8ad3191f9cfffb90d45dc37377e5c0353bd2f13a97ecb5,00118019e8cc04204854f724e2b48546ac870932cfcf2ae492985b21cf232715,9de023fd8b844f1084c7869e8884f402a00b7b32c86fba6ff44d321f285bc32d,RESERVE_CANDIDATE_REQUIRES_RPC_AND_PAIR_EVIDENCE,False,False,False,False
idols_nft,ethereum,1,2022-03-03T00:24:26Z,10,100,0xf277e3dc80863e0ec1fcd479c23cac77a592f995,1:0xf277e3dc80863e0ec1fcd479c23cac77a592f995,UNKNOWN_REQUIRES_RPC,-1,0xe23c0d370cbb5c0ed98f89a3d1c5bca180c2d328c9057d2f8e014eb40df94f81,14205168,UNKNOWN_REQUIRES_RPC,False,v2/contract_deployments/contract_deployments_14000000_15000000.parquet,6176cf26c5e071de572e4fa584e8e6126dbdb3267e5f347910a581b7d8a944c6,f9d2c4b5c86fbf768153072a55d3df52e4a5bfbbf222c29c5e2ab7742d5c2a0b,000229d4921b7fdb09492bb6daff0ac097cfdb5e807ec280cbc685c24163e5e0,b86685dc3db5aa4a55957a55c917ddd32eb8a91e067dca8c43e79d40f92a6782,RESERVE_CANDIDATE_REQUIRES_RPC_AND_PAIR_EVIDENCE,False,False,False,False
indexedfinance,ethereum,1,2020-12-03T08:39:19Z,10,100,0x16e3ff0170222ffab4203a373a5744ccd9579950,1:0x16e3ff0170222ffab4203a373a5744ccd9579950,UNKNOWN_REQUIRES_RPC,-1,0xbec4e3fe0dbde8ab0b9848e7ad48ce931da5a8f6754309b746042d2119c05ef4,11255229,UNKNOWN_REQUIRES_RPC,False,v2/contract_deployments/contract_deployments_13000000_14000000.parquet,8885bd5034eff92607b7ffb297b079b222764c22e24fbd5bdf3f3d689c1a839b,a01114f15c450f4c7d4b7f01880dd37bcbd64f3180d46dd5b50971efeeaebaf6,0007522ebb3a8b60494eb486bf73af64474a2dc2280fd61b1be1f860a9149298,90e1d773ca4c6ddbce36685061972da65f61a677f4ab9dc6eed7c8403cc912fc,RESERVE_CANDIDATE_REQUIRES_RPC_AND_PAIR_EVIDENCE,False,False,False,False
inversefinance,ethereum,1,2021-02-24T21:41:12Z,10,100,0x186219bee2daee7eac3ac7c907982592439ed791,1:0x186219bee2daee7eac3ac7c907982592439ed791,UNKNOWN_REQUIRES_RPC,-1,0xb4ef28b0844b2864addbad4832c1464aaae2af260ac05978aafb88f0118a60e4,11817005,UNKNOWN_REQUIRES_RPC,False,v2/contract_deployments/contract_deployments_13000000_14000000.parquet,8885bd5034eff92607b7ffb297b079b222764c22e24fbd5bdf3f3d689c1a839b,c1a97daa1978372ba5f6fefd21af523466acb6b9e7305f774883fb8a2114b10e,000d98e04430d69a7df853ef2b236b19943eb14bca1512823f30625d1f14d073,b2c3212ed9b6d1cd412fc0d50e3d3e378fdb801658c8d7adc37961860224ea31,RESERVE_CANDIDATE_REQUIRES_RPC_AND_PAIR_EVIDENCE,False,False,False,False
jay,ethereum,1,2022-07-19T23:48:00Z,10,100,0x55dbe92c2d71d78ef0db10ed3eea02f8a6154cc7,1:0x55dbe92c2d71d78ef0db10ed3eea02f8a6154cc7,UNKNOWN_REQUIRES_RPC,-1,0x7237ace56ae3201676e60c33ef6d2399b8f62d0726f4321625ec1db102e4ad38,15150049,UNKNOWN_REQUIRES_RPC,False,v2/contract_deployments/contract_deployments_22000000_23000000.parquet,a1a8c72cce1fe224b93b96844ae747785fcf2fe710f05d75b354ef366070990a,6b24c91dfa078fb584b7b36a92607fe38c0f8140dd1988a91647021e852aa8fd,00095410152fa576504c27bf61d3efa1a6440f251f43aeadf95cff1a8df0c319,8cd1524b0cbf93cc51f613a446d8db770d25fa929a126b623a1fbe35c450c3e4,RESERVE_CANDIDATE_REQUIRES_RPC_AND_PAIR_EVIDENCE,False,False,False,False
jokinthebox,ethereum,1,2024-05-16T10:26:35Z,10,100,0xc5550a7dd3e1b75f689fec3d0b16759df019ae58,1:0xc5550a7dd3e1b75f689fec3d0b16759df019ae58,UNKNOWN_REQUIRES_RPC,-1,0x8f2a2107619337a470531400032ddb2ad2edb1f45affe2782303d181b6606c10,19703139,UNKNOWN_REQUIRES_RPC,False,v2/contract_deployments/contract_deployments_4000000_5000000.parquet,406a31270f695d2ae9b4e4bad98a30b07b5eaadb7304d7956aee8a1b1f9474b3,7c0e4dab541a6ed02d581080a8952748af358e6bfca737407e857ede45e0356a,001d05ef0a38daef5f6d32bab4dbb1144bd90a388bb32a0192e3e5897c7696a8,25071724f2729dba1585b9966fcbd38be01610eaab7c430ad37ba69738038091,RESERVE_CANDIDATE_REQUIRES_RPC_AND_PAIR_EVIDENCE,False,False,False,False
jumpfarm,ethereum,1,2023-08-09T22:39:35Z,10,100,0x669fdfd5ef067e0f19385d403cd946f65d00d163,1:0x669fdfd5ef067e0f19385d403cd946f65d00d163,UNKNOWN_REQUIRES_RPC,-1,0x3282c5896d2cc2560bd6054abd695da55d9e3a21ce5cf0b274b5c42511c1994f,17663793,UNKNOWN_REQUIRES_RPC,False,v2/contract_deployments/contract_deployments_1000000_2000000.parquet,7529540c96f11e4fc0d376fd36b2953644bebebe317a864615e2d14403a341fe,6b1d74b16686a5fdcf3593797180de8eb5f1633e891743dccc5a208e670f3137,000e57b87f08f9db7acd8e08995fa9130f0ca395e02ae66ea35feb43d83acd22,d98eec93c795aa27e47a07c53d64c41a980c307fcb1e5df8f457d0794d928196,RESERVE_CANDIDATE_REQUIRES_RPC_AND_PAIR_EVIDENCE,False,False,False,False
kashi,ethereum,1,2021-06-04T02:51:42Z,10,100,0x2549f5e67d1c8b6016a78808ac992d0834b2351b,1:0x2549f5e67d1c8b6016a78808ac992d0834b2351b,UNKNOWN_REQUIRES_RPC,-1,0x0cadb34c3e0b91c2ce2168dea1f748e98994abbb0aa84f5b4a5b020c3d76f4c8,12416702,UNKNOWN_REQUIRES_RPC,False,v2/contract_deployments/contract_deployments_13000000_14000000.parquet,8885bd5034eff92607b7ffb297b079b222764c22e24fbd5bdf3f3d689c1a839b,2bfe6cbd5fab6484928bb6f57e19f65c9a33cb1db75cee734d9544b97166b83c,000b8ed9fb601e5d282c4211b083cb2d198d102158da533aa349378924c5acbf,4a9863073e28107e43f27d785a74964d2c0ac1f750c9b560dbbd72bb62868184,RESERVE_CANDIDATE_REQUIRES_RPC_AND_PAIR_EVIDENCE,False,False,False,False
ktaf,ethereum,1,2020-07-25T00:02:02Z,10,100,0x15938bd636dc7e04ac304a561b2f732a4241eaf2,1:0x15938bd636dc7e04ac304a561b2f732a4241eaf2,UNKNOWN_REQUIRES_RPC,-1,0x8a97ab98481249bf81e5bbe56049f62c7e43822ed0d3ed63227d70b6f6af8e7c,10438292,UNKNOWN_REQUIRES_RPC,False,v2/contract_deployments/contract_deployments_13000000_14000000.parquet,8885bd5034eff92607b7ffb297b079b222764c22e24fbd5bdf3f3d689c1a839b,f8436a5f3e3ccd739b9d926b470cfbd5be26adb420296e1df921c315b97fab1d,0007eba80f614f3064a1f3c22298e855a6755fa8a37b3a57d9eeedb6c600835d,59600b7063629386dcb449c7c88ee487c05773d8b36cfa015ed6f2f2a9492c02,RESERVE_CANDIDATE_REQUIRES_RPC_AND_PAIR_EVIDENCE,False,False,False,False
laura_token,ethereum,1,2024-12-31T17:13:23Z,10,100,0xb29d9c47e90b07f2ff4c152f931c6e61887a08f5,1:0xb29d9c47e90b07f2ff4c152f931c6e61887a08f5,UNKNOWN_REQUIRES_RPC,-1,0x565f4d83ef75770d1acb2b6bf8845f7f55d9e38fa90f74ddbb87a53d809ee999,21430880,UNKNOWN_REQUIRES_RPC,False,v2/contract_deployments/contract_deployments_11000000_12000000.parquet,272528f90fb16f9169b99f6481b75aa0526c2f14141ef655a2087f63288c75f3,4d198326f1f4c7859f7de310da55f9454e4fd7dac9b2ddeae7079c5b28ac28b6,001d31cbffc3ae1d79b241dc9d2c845c29bc28f4cc5c51e41f7dff87a2bb0a0b,c443d7f74805773768bf4e25faae176fc265dedce9189a30c3b0ffdd8803d8f1,RESERVE_CANDIDATE_REQUIRES_RPC_AND_PAIR_EVIDENCE,False,False,False,False
lendfme,ethereum,1,2019-08-07T06:17:15Z,10,100,0x0dad6fdc4e8a73b35b67ea85831051ca4cf4c9a7,1:0x0dad6fdc4e8a73b35b67ea85831051ca4cf4c9a7,UNKNOWN_REQUIRES_RPC,-1,0x23a4961a662d76b18d92e75c9092b26673a49ccf6c71deb3fe4dbaf2a8d91688,8135864,UNKNOWN_REQUIRES_RPC,False,v2/contract_deployments/contract_deployments_0_1000000.parquet,d5e23a08a88dabb08e4eb326b1c042e55165b1fd682650ab9ed73f136e287d31,c4237e1b898f32e2e9ee622af521276b9ab1622e37c2bf514e76d15516eece33,0005317dcd515ccc5f3f34864af10510b095ec9e742589c4bd85e624daa5cb7d,786e56f4e4d71f3c87ddb5cd2eaaf441d6281454ed5568ad81991eadbfb182cd,RESERVE_CANDIDATE_REQUIRES_RPC_AND_PAIR_EVIDENCE,False,False,False,False
lifiprotocol,ethereum,1,2022-10-21T10:23:47Z,10,100,0xd4d9737026a005bf8b067bd989d7ab7f30a59ab7,1:0xd4d9737026a005bf8b067bd989d7ab7f30a59ab7,UNKNOWN_REQUIRES_RPC,-1,0x2582b1b52190e111246e1ee6dc12d8deb0f7b90d1ea7f53b5ff61915f2deb94b,15620279,UNKNOWN_REQUIRES_RPC,False,v2/contract_deployments/contract_deployments_19000000_20000000.parquet,204b7f381daf9d8017d4efd97183633a94c1c646efa22b219290c725f63c79d8,f3d308b86b668c1fca3ba5d0c78518be5e8c8459a5be78b94a84bed46ce6ddab,00121859aa496db3918be443b435a9bdb64a2fb6af7242b913a5e5870224b861,954fad83be286ffe5bcf272212287bf5634dca9420094c19924c118e72610476,RESERVE_CANDIDATE_REQUIRES_RPC_AND_PAIR_EVIDENCE,False,False,False,False
lqdx_alert,ethereum,1,2023-12-30T12:49:59Z,10,100,0xaa0eeb4e701ca61e4aec53a293aa013861ecbf00,1:0xaa0eeb4e701ca61e4aec53a293aa013861ecbf00,UNKNOWN_REQUIRES_RPC,-1,0xbb59d34cad17cbeed3a0a47bd93f4a6e0501530faba772fd9d8145f82ed1e9aa,18775879,UNKNOWN_REQUIRES_RPC,False,v2/contract_deployments/contract_deployments_2000000_3000000.parquet,6d562e88df03827bfbf01c2b88d473f0dece6ca3dcd2b0c76188bf3236dcdaae,b8cb9f8756d4ef46493a440435ac02b5258066914fbda49a30b99ed427d95a37,0015bddef3e783c3847c94ad0c1af90965a300cc0323d495806c3212a57623d8,c4e2be47c9154c937d4164e3d43347447a8c0d55da563a9d169bf92523997341,RESERVE_CANDIDATE_REQUIRES_RPC_AND_PAIR_EVIDENCE,False,False,False,False
luckytiger,ethereum,1,2022-08-23T06:00:04Z,10,100,0x0b1cdbef9a43100aebec240b8a6f11ad75553381,1:0x0b1cdbef9a43100aebec240b8a6f11ad75553381,UNKNOWN_REQUIRES_RPC,-1,0x6e37fe0f9dbd262a839f6d5759c5185bf26e844bdd59df7770a0afef572d6d3f,15363464,UNKNOWN_REQUIRES_RPC,False,v2/contract_deployments/contract_deployments_12000000_13000000.parquet,f15d5aeb7e3fcb63cca93eb03fa583594412966874735914078f617ae9c9b2ea,8f5facc31b1cf144ce5615a28c7fc5b4f74b2c782d2747f3e0d676584f49064a,000b9dc253ec456901d0516c975255999bf8221153a2f9f706851a183b454cc4,c504c8b8c091cf6877ed32437ac671eeeb5068be0ddc4743a9e95c9c0ac97b14,RESERVE_CANDIDATE_REQUIRES_RPC_AND_PAIR_EVIDENCE,False,False,False,False
mahalend,ethereum,1,2022-12-13T07:14:35Z,8,80,0xc5f38cb743115a78a3f6000a95ed372e3b56f9d5,1:0xc5f38cb743115a78a3f6000a95ed372e3b56f9d5,UNKNOWN_REQUIRES_RPC,-1,0xd0331d94ac8019aec7bc768edcc3cc2f083d5ad0aa69f40ae1f44f075430f216,16099559,UNKNOWN_REQUIRES_RPC,False,v2/contract_deployments/contract_deployments_6000000_7000000.parquet,408541b1fff35d9d72eb413a63bd7e1ecdfd299daa7ca67b3c7185856aa6aef7,fae259e2f22e3c29332b8c4b0a116830c4f7e48702f47cb7a571e10afccd3612,000c08066ed2c26258a30e0b3aa597d9512879d273897c3824a611156b111cd6,c657eb6f4edbe7dbea3dd4d65dce17f2760761307603ab4f44a751747f66cca6,RESERVE_CANDIDATE_REQUIRES_RPC_AND_PAIR_EVIDENCE,False,False,False,False
meta_pool,ethereum,1,2023-07-14T22:17:11Z,10,100,0x89711740be9ac7eb25def718ebf986767af46f5c,1:0x89711740be9ac7eb25def718ebf986767af46f5c,UNKNOWN_REQUIRES_RPC,-1,0xe0a2a8a60f0e9f15db3a027dcdc484d5550ab2948e8a470ee01248e7517ca1f9,17543874,UNKNOWN_REQUIRES_RPC,False,v2/contract_deployments/contract_deployments_1000000_2000000.parquet,7529540c96f11e4fc0d376fd36b2953644bebebe317a864615e2d14403a341fe,d0ebfdc419aa9d12e72778cb7099719e821714e2816b0484729dd7ab5a481175,0014d712e21cf5dc32ba1acc585b85f518ed400a82cd7acf7f489d0429e8bbb1,83bd2b3590511f5afc4b50b41c00234bdd7c44dc50246eaa3a379d9287d283fc,RESERVE_CANDIDATE_REQUIRES_RPC_AND_PAIR_EVIDENCE,False,False,False,False
mim_spell3,ethereum,1,2024-03-21T16:22:11Z,10,100,0x0a669cb381543876380d6bea02b9995fcf6270d8,1:0x0a669cb381543876380d6bea02b9995fcf6270d8,UNKNOWN_REQUIRES_RPC,-1,0x9702d35f48e5718f8f5e474cf2a1445c3e4251ab851f9a5af82d82eeded4d8e4,19369252,UNKNOWN_REQUIRES_RPC,False,v2/contract_deployments/contract_deployments_12000000_13000000.parquet,f15d5aeb7e3fcb63cca93eb03fa583594412966874735914078f617ae9c9b2ea,ff988ca1c73ecc33d09f8bf1d452660a7714bc4318745640395d6c6819b5e3e9,0011be3ac75641913d25d06bcf576cc8882875311dc9a3a3abe721d99ed19496,cd3a41e279d95aa111f3dc7f23d3a900b2659ff754b120b9b1d59807dbb23e04,RESERVE_CANDIDATE_REQUIRES_RPC_AND_PAIR_EVIDENCE,False,False,False,False
mimspell,ethereum,1,2023-01-25T19:02:11Z,10,100,0xfb726774d8d4a32d20355bd8437b2426b3de04ec,1:0xfb726774d8d4a32d20355bd8437b2426b3de04ec,UNKNOWN_REQUIRES_RPC,-1,0x9fdbab38e83f86f4e11e02d2f3419047d2b309bcadfcd23338c6e2fcc8890c94,16386820,UNKNOWN_REQUIRES_RPC,False,v2/contract_deployments/contract_deployments_15000000_16000000.parquet,fb048ce929cf0d541c7dfe8c10ffb84dba33d093f3718146318d7b12073d7d12,7ab0b1ef01d1685402056b69b77e6ab3ccd99945f3369ac65cd5dc970a09a28e,00142ebd678e7b221aa73a2ffc66dfc03864f274e2820616f475a9ddfc228402,95a2c40b658a4852233638e3a565801e8e603caa6f6882cb052188971887bc3c,RESERVE_CANDIDATE_REQUIRES_RPC_AND_PAIR_EVIDENCE,False,False,False,False
mimspell2,ethereum,1,2023-01-31T15:28:47Z,10,100,0x6684c29bf789f8ff67dbe08386b4006ddfee2f9f,1:0x6684c29bf789f8ff67dbe08386b4006ddfee2f9f,UNKNOWN_REQUIRES_RPC,-1,0xb5051c64bf5ae46fd185af6ad1d7f6bec31de374eeb837bed7bb1241b2b3584e,16440744,UNKNOWN_REQUIRES_RPC,False,v2/contract_deployments/contract_deployments_19000000_20000000.parquet,204b7f381daf9d8017d4efd97183633a94c1c646efa22b219290c725f63c79d8,a2561b064e4083bdede299e9e98d932ef024543a93767317149a2fba98b047ba,00151c8237c427fce18bb4500d3078ff293c218cddcacd317dec8b81ba89e7f2,e4245916b8df383733fb24012ad4d6801caaec166d84c52be3a037010a7f5480,RESERVE_CANDIDATE_REQUIRES_RPC_AND_PAIR_EVIDENCE,False,False,False,False
miner,ethereum,1,2024-02-12T19:40:23Z,10,100,0x7ea622eaa894384e411ae6aff64506352cd16a1e,1:0x7ea622eaa894384e411ae6aff64506352cd16a1e,UNKNOWN_REQUIRES_RPC,-1,0xe4134652b9f32645eb1cae4b893e85cf109a6ebdc7e504cb5a7a459083174b3a,19132434,UNKNOWN_REQUIRES_RPC,False,v2/contract_deployments/contract_deployments_9000000_10000000.parquet,6777e0b50be1d60a845e1be0313473c99fb8675967b51e4530577f82391cd3cf,1d003e44f76a64782e1083a6ebb48d6e16d4c69798ee8e2e9e7388a280c7f027,0013b8a09a2caf8376470fb46797d6634f2f4d0172e950c374308135a88b1bdb,47ba39223a548408822e354db7d2e44c13b9d098abe1f7f4854653067b6575ee,RESERVE_CANDIDATE_REQUIRES_RPC_AND_PAIR_EVIDENCE,False,False,False,False
mono,ethereum,1,2021-10-17T03:36:29Z,10,100,0xda4dc368d87fcb7c5fedaa0629e72fae959897b0,1:0xda4dc368d87fcb7c5fedaa0629e72fae959897b0,UNKNOWN_REQUIRES_RPC,-1,0x42fbc11a54604a206fb6703391c9464eef2fcd31e1fea69f65be2f92149860bd,13350811,UNKNOWN_REQUIRES_RPC,False,v2/contract_deployments/contract_deployments_19000000_20000000.parquet,204b7f381daf9d8017d4efd97183633a94c1c646efa22b219290c725f63c79d8,110b5c27e4692ce2851b571343ac5a111d39768894baa70cbc6e52fea58bf03d,0004e0b3afc55a99095eebafa5b1adeec54bc64af546f5887e567b500b540331,c6cd293c7e4ba7d1a46fa5ed29fc554f39ddecfcd468225eee1d60cc8cc2e303,RESERVE_CANDIDATE_REQUIRES_RPC_AND_PAIR_EVIDENCE,False,False,False,False
morphoblue,ethereum,1,2023-12-29T09:09:23Z,10,100,0x5bb005429e22b3509220025d435397e157dc3a6f,1:0x5bb005429e22b3509220025d435397e157dc3a6f,UNKNOWN_REQUIRES_RPC,-1,0xb4b004fd728b27237e37da410aaaf4548c552a73aae63771dbef397ab1ff7190,18834020,UNKNOWN_REQUIRES_RPC,False,v2/contract_deployments/contract_deployments_1000000_2000000.parquet,7529540c96f11e4fc0d376fd36b2953644bebebe317a864615e2d14403a341fe,a2a151baa5f6126f872182a9b8c7a16e11a5eaa38b5c53f039eab41e964c816b,00136d82bdcaacac98191f6f045f785013d58868f984c85f40d0a0a39cd4b5e3,ed92d7dba0a382c6a9bfa8a779e82b81f506ff655a3dd9315d691bd3f2bf2bf3,RESERVE_CANDIDATE_REQUIRES_RPC_AND_PAIR_EVIDENCE,False,False,False,False
multichaincapital,ethereum,1,2021-11-20T16:23:10Z,10,100,0xee899a6007c46c28205e8760ddbd81ccbb30d8e3,1:0xee899a6007c46c28205e8760ddbd81ccbb30d8e3,UNKNOWN_REQUIRES_RPC,-1,0x3ecae773823bed1a2118c579058aea318bee44fa48f4e228694a972c1e46e346,13642232,UNKNOWN_REQUIRES_RPC,False,v2/contract_deployments/contract_deployments_2000000_3000000.parquet,6d562e88df03827bfbf01c2b88d473f0dece6ca3dcd2b0c76188bf3236dcdaae,09ce266b3c20d1848e5534b791e2d2cddaa1784d86a0c668ddbf1c460429eded,000805d22b40de8b4ea125cffc25463c9cb36959538406915af485908f39b5d7,f368ee4f3de6a7df58b55614f8acf835169ca3067af2158b9a442e4d8694bc0f,RESERVE_CANDIDATE_REQUIRES_RPC_AND_PAIR_EVIDENCE,False,False,False,False
n00d,ethereum,1,2022-09-08T22:14:24Z,10,100,0x7b4845707632cb4ba177566358e00c15e103e8ee,1:0x7b4845707632cb4ba177566358e00c15e103e8ee,UNKNOWN_REQUIRES_RPC,-1,0xe9039d87ce3e67ca0f9ec5214e6eb334804b6e30624d24f5a697aa6a897f97e2,15427247,UNKNOWN_REQUIRES_RPC,False,v2/contract_deployments/contract_deployments_6000000_7000000.parquet,408541b1fff35d9d72eb413a63bd7e1ecdfd299daa7ca67b3c7185856aa6aef7,fdbb502a5005a3d7819ddaddd24c70a02f2025fde0304b3cd2d61cbf65fd97cc,0017d0c984a4b67c7e1dc5acb8cea1cce575ed2ec2139416c049d8af208e8e5f,ce427643d9530e270115abed9e09c3c12f64549f6347e7101a43a36d0ef5a607,RESERVE_CANDIDATE_REQUIRES_RPC_AND_PAIR_EVIDENCE,False,False,False,False
nfttrader,ethereum,1,2021-05-26T19:48:11Z,10,100,0xf59b843a1e98003ca52e0fbd039bf925f1f4fd8c,1:0xf59b843a1e98003ca52e0fbd039bf925f1f4fd8c,UNKNOWN_REQUIRES_RPC,-1,0x69f83dd5a4866b58271225fd4f5385ffd66c7712bc2358e9b284f85d30b5b776,12429267,UNKNOWN_REQUIRES_RPC,False,v2/contract_deployments/contract_deployments_18000000_19000000.parquet,2dcd3c6c46c1f5489efaf97a7571ebbe6353d25a2f649f3933fab9345109debf,23ed1971f20c6857a4c2c6d11bdf4f7735dc81354659845f4b7ad5bdd9a56553,0009d66d4fb8c626ff822040c9619d86a4824d4c035f040f815e6aa201905435,b4e75a292cd152a95240d30976b5aea5e7eb5b3f6f96d67468864d024eac6531,RESERVE_CANDIDATE_REQUIRES_RPC_AND_PAIR_EVIDENCE,False,False,False,False
nimbus,ethereum,1,2021-02-01T19:50:29Z,10,100,0x0ea45bd444714afcf79ddb5e4757ae50f6d53e34,1:0x0ea45bd444714afcf79ddb5e4757ae50f6d53e34,UNKNOWN_REQUIRES_RPC,-1,0x22f95cffdd949496f15c26e26cdb4094033dd37f3f73f6a6d76f88fb4b2bca03,11648217,UNKNOWN_REQUIRES_RPC,False,v2/contract_deployments/contract_deployments_12000000_13000000.parquet,f15d5aeb7e3fcb63cca93eb03fa583594412966874735914078f617ae9c9b2ea,250bccd9972d251e15c50f8d4488057821b96fd0b036fe097830206f80083b81,000d048f64363584dfad342c8c0f8451984e0179c0a013104c498fac4be4c58c,f0a8e528120dfef33047134092470248d63667b32e25a7d170d524b77104fb85,RESERVE_CANDIDATE_REQUIRES_RPC_AND_PAIR_EVIDENCE,False,False,False,False
nomadbridge,ethereum,1,2022-04-22T18:00:06Z,10,100,0xfb357e02cf2ff46cc8953adf8cce319b1625d071,1:0xfb357e02cf2ff46cc8953adf8cce319b1625d071,UNKNOWN_REQUIRES_RPC,-1,0x38b900b72bf57f769897609e4a189a18bd07a9ebd296cb8938f82de54679e624,14564464,UNKNOWN_REQUIRES_RPC,False,v2/contract_deployments/contract_deployments_6000000_7000000.parquet,408541b1fff35d9d72eb413a63bd7e1ecdfd299daa7ca67b3c7185856aa6aef7,c74b01f90c55723b37fc99769d49b63ef4787e071c521ba4fe706523a5c55718,0005443b132c179cb97012b92f4cb1298e9b97d1d49d095d560415e91b6a7ba6,177484ed7f6e30a01da6998e9fb6a979f66aac1e1b4f6fddab6cbcbee2714f07,RESERVE_CANDIDATE_REQUIRES_RPC_AND_PAIR_EVIDENCE,False,False,False,False
nowswap,ethereum,1,2021-01-21T05:23:37Z,10,100,0xb6b62e7eb2e5cb11672e4b4ed3f78dd930cb1ebb,1:0xb6b62e7eb2e5cb11672e4b4ed3f78dd930cb1ebb,UNKNOWN_REQUIRES_RPC,-1,0x69bca9ddd12d39133658d004a826ca16f3dca2f1acd87b20b029f052080817b0,11630473,UNKNOWN_REQUIRES_RPC,False,v2/contract_deployments/contract_deployments_14000000_15000000.parquet,6176cf26c5e071de572e4fa584e8e6126dbdb3267e5f347910a581b7d8a944c6,54197eaacd08c7a25c84af291242ea35fbf7cca14f3533b532b28bcdb861815c,0009d17fd7cb04205e078ecd2315649f26b7af4907e5ace079f79b2ce89b9a51,9c2dad3b9cc4ddf181eb2b2b11a57dace83f0e8d34d34c28bb54c881db0ea223,RESERVE_CANDIDATE_REQUIRES_RPC_AND_PAIR_EVIDENCE,False,False,False,False
num,ethereum,1,2021-04-16T04:55:14Z,9,90,0xedf4054d49959a82e1c362e7d9b9277914627eec,1:0xedf4054d49959a82e1c362e7d9b9277914627eec,UNKNOWN_REQUIRES_RPC,-1,0x173a20fccb2bdb7ee65ffd05b96beedea9c1ea862dda096efe4e8121293d8268,12188949,UNKNOWN_REQUIRES_RPC,False,v2/contract_deployments/contract_deployments_19000000_20000000.parquet,204b7f381daf9d8017d4efd97183633a94c1c646efa22b219290c725f63c79d8,6901f402ebfd5897db53bc861e67fe225c71a9b2c2b4c47259148cb8eec3e90d,000bdc46f0a18a9259d338c142d3cbe501cfd3d63cf5f42759d0fef9b17a4021,9a04aadcd8d1911288b2e93927652e48e2406210c62fa95ec327f5232c9ae6c2,RESERVE_CANDIDATE_REQUIRES_RPC_AND_PAIR_EVIDENCE,False,False,False,False
olympusdao,ethereum,1,2022-09-17T14:20:11Z,10,100,0xd380a72b5c56ebfda962a3578cc836d75d62ec60,1:0xd380a72b5c56ebfda962a3578cc836d75d62ec60,UNKNOWN_REQUIRES_RPC,-1,0x8370115d7d1b1d2083bedaa1bc2458c41dcff3d0def504bc3342ca669e0d678d,15435203,UNKNOWN_REQUIRES_RPC,False,v2/contract_deployments/contract_deployments_17000000_18000000.parquet,8a63eb54bb198d66bb4daa82d14922009830abddc204e948292b7e4942358c8a,857f4f790d5ab573ba7e363abdc25620b9c04f7aeebf064e4e908c6826f5678e,000fcd237cb104e5a66b4fd2dd40962eecaf94486ef9dd7b1acb0bcdf9babfa0,f5faef395262fc14735ad662740d54b3ca14a05b5e1b308200be6c94043f5cd8,RESERVE_CANDIDATE_REQUIRES_RPC_AND_PAIR_EVIDENCE,False,False,False,False
ompxcontract,ethereum,1,2018-04-11T19:42:27Z,10,100,0x3286072f220c3b131739c44d1e852f65bba403da,1:0x3286072f220c3b131739c44d1e852f65bba403da,UNKNOWN_REQUIRES_RPC,-1,0xefb3eda6d0463d69f87a7065222acce5f046b2d0b16821f01eb094ef15c2fe62,5293276,UNKNOWN_REQUIRES_RPC,False,v2/contract_deployments/contract_deployments_13000000_14000000.parquet,8885bd5034eff92607b7ffb297b079b222764c22e24fbd5bdf3f3d689c1a839b,28495d7e61d0817e877fa3be8f9524cd3722917487385645c5838327cae7e6be,000262b29ad123e7318ada4db5872801848ceaadaaedf423c39473baf4514d33,ab6abf7a7eac8cfcd772f5c6c695cd5e4ac352b29cc799ad74a5412c5ba65e11,RESERVE_CANDIDATE_REQUIRES_RPC_AND_PAIR_EVIDENCE,False,False,False,False
one_inch_fusion_v1_settlement_hack,ethereum,1,2022-12-23T15:47:59Z,10,100,0x13ecb725561c2bb1229d0157d534526880c3c76b,1:0x13ecb725561c2bb1229d0157d534526880c3c76b,UNKNOWN_REQUIRES_RPC,-1,0x93a986e441429ccbb434e78aad5e985a819099216473322532e17f7209e51d15,16131778,UNKNOWN_REQUIRES_RPC,False,v2/contract_deployments/contract_deployments_12000000_13000000.parquet,f15d5aeb7e3fcb63cca93eb03fa583594412966874735914078f617ae9c9b2ea,1f0e2cffcf6e8386122cce868edbf9f6533e98c0d751949977673366aa0d4f0a,0024a1e506d432ce86cacaa902a9977798e4ae14214f01885ab61a683e656d0b,c47b2f976364fc6a811c99f87897fb87bbea686172e5b43d965f2f089e6f923f,RESERVE_CANDIDATE_REQUIRES_RPC_AND_PAIR_EVIDENCE,False,False,False,False
onyxdao,ethereum,1,2023-03-01T15:32:59Z,10,100,0xf46f88bf7d7e1a4bca6bae664b04ae01234903f3,1:0xf46f88bf7d7e1a4bca6bae664b04ae01234903f3,UNKNOWN_REQUIRES_RPC,-1,0x0c4a720c43ee9453e340ae2b746b2fde62736316ccfa900d7baeb2a8753bedb7,16652859,UNKNOWN_REQUIRES_RPC,False,v2/contract_deployments/contract_deployments_21000000_22000000.parquet,6951c22b6f2732efb0772f657e597c5cdd89f8d4c3b5d2d0c7e8d53bc240b602,b9ca688e424133c434f7b93265e087631a258893e00efa0803b857933b7fccf0,00095a7cf04b7221e409c3c9faadf2b4b0632db01067b9f0c01a7e43b2b44c55,9d4cc66b5c6daa5b3e27afe1e8ff687c20954ade7e72cadb6b3f42c66d55577e,RESERVE_CANDIDATE_REQUIRES_RPC_AND_PAIR_EVIDENCE,False,False,False,False
onyxprotocol,ethereum,1,2023-10-27T15:58:11Z,10,100,0xb4469e1bb943ec0bc3fbacaf31eb7388d32a1011,1:0xb4469e1bb943ec0bc3fbacaf31eb7388d32a1011,UNKNOWN_REQUIRES_RPC,-1,0x1defd84272f5a7689d17220c06958c5394137613060721c66b99a80502754a9e,18238971,UNKNOWN_REQUIRES_RPC,False,v2/contract_deployments/contract_deployments_14000000_15000000.parquet,6176cf26c5e071de572e4fa584e8e6126dbdb3267e5f347910a581b7d8a944c6,6366e09604ba7dfdf15471846c600c38c31a1f36dcf932875c5ba6ce264e5892,00081990f854d773ad61504ed240abf77e694f6d01b9597ca345b0738bd9e910,436f3377304b0546f1ef163df5ca56963bbb37acf217db069cfee264a77b4a73,RESERVE_CANDIDATE_REQUIRES_RPC_AND_PAIR_EVIDENCE,False,False,False,False
opyn,ethereum,1,2020-07-31T22:07:34Z,10,100,0x99eab95aca50c0c61c08d55cde42cd51b4d6a79f,1:0x99eab95aca50c0c61c08d55cde42cd51b4d6a79f,UNKNOWN_REQUIRES_RPC,-1,0xd16ba13b456f356b8ae582cc542d1f60b4e6eed34b868af9a19acd63c46138d0,10546051,UNKNOWN_REQUIRES_RPC,False,v2/contract_deployments/contract_deployments_21000000_22000000.parquet,6951c22b6f2732efb0772f657e597c5cdd89f8d4c3b5d2d0c7e8d53bc240b602,7bd6f054676b454e2ee5771a6a8ce7a7dfb02bae49e071418884991829516419,000c414e868627ee826803aa578a0afe47119dae6a4cbdff8df472ea12feb5fa,725434ff7bacad78eac04b21503861223a6ad08af227eb032948f7d68aebc15d,RESERVE_CANDIDATE_REQUIRES_RPC_AND_PAIR_EVIDENCE,False,False,False,False
orion,ethereum,1,2020-12-07T17:12:11Z,10,100,0xd7774a3bb7ae00e25229b32bfdfa89e6f0104778,1:0xd7774a3bb7ae00e25229b32bfdfa89e6f0104778,UNKNOWN_REQUIRES_RPC,-1,0x42429a73ae4c4496b747a711342e06212cf71f12848a87c5e53f4d33b17bf89b,11372919,UNKNOWN_REQUIRES_RPC,False,v2/contract_deployments/contract_deployments_0_1000000.parquet,d5e23a08a88dabb08e4eb326b1c042e55165b1fd682650ab9ed73f136e287d31,1ab842f36faed008ad78a13fae562aacb327a03d8ce6a6c89b003df995a85a01,00060bbd4d203cb4aca2309d01b41bfa0746ef08cb583474176e4a830284e075,346034ee7ba672e8a6e4e8a41c516934b3af1499a6ba2d7c40cef63a7f2a453e,RESERVE_CANDIDATE_REQUIRES_RPC_AND_PAIR_EVIDENCE,False,False,False,False
otseastaking,ethereum,1,2024-01-31T07:00:59Z,10,100,0x55426574318c6eba211bc450aca072208b377e4c,1:0x55426574318c6eba211bc450aca072208b377e4c,UNKNOWN_REQUIRES_RPC,-1,0x3e34347c9d9675866dd325ff065ea007d7bf39c5d3c95d35ef2f57600bcf7193,18944385,UNKNOWN_REQUIRES_RPC,False,v2/contract_deployments/contract_deployments_9000000_10000000.parquet,6777e0b50be1d60a845e1be0313473c99fb8675967b51e4530577f82391cd3cf,d9d39274c9d5145a31b8158bdd850b671889133d824333c2f679baaf5e90b57e,00141f8832e92c90b948a7449a5d1696cb2a6e895b6c308264cf914086c6bd7f,190e52326097b9136a8dd764f7141041432e685da910d5ff2f4e8b3c45a4817c,RESERVE_CANDIDATE_REQUIRES_RPC_AND_PAIR_EVIDENCE,False,False,False,False
paraspace,ethereum,1,2022-12-02T07:27:11Z,10,100,0xbda401f5bc762d9b9913a9b5bd69a2b9360d385d,1:0xbda401f5bc762d9b9913a9b5bd69a2b9360d385d,UNKNOWN_REQUIRES_RPC,-1,0xba6b9ef0a6ec29488bc8e93add5935e9d0998d9ce45afe58c66b3b5a11d9e2b7,16011420,UNKNOWN_REQUIRES_RPC,False,v2/contract_deployments/contract_deployments_20000000_21000000.parquet,5408f43ed5a3cd3b27216a3df0904e4053ec650ebb80c9c1c2ede9026839c3b5,396aae0666475639e8d217a2415327771d8490d78d65ce8bbbf1c9ac6e856ae8,00111267cd3a8c183921c70aec58772c66b230f68d152c0cda515a8d8d42b2fa,a4d66654b044e82e0c7bb48e1ed45d3af71ceab975909f7a8ce14057e9d87193,RESERVE_CANDIDATE_REQUIRES_RPC_AND_PAIR_EVIDENCE,False,False,False,False
particletrade,ethereum,1,2023-10-03T23:57:35Z,10,100,0xb87f117290a4bbbeebd6b8ed3095bfe6789c4e56,1:0xb87f117290a4bbbeebd6b8ed3095bfe6789c4e56,UNKNOWN_REQUIRES_RPC,-1,0x3ff42e412a44598e11857344d0fc681235886c2f6d0781b10bc5d5ce80a6d21c,18199974,UNKNOWN_REQUIRES_RPC,False,v2/contract_deployments/contract_deployments_2000000_3000000.parquet,6d562e88df03827bfbf01c2b88d473f0dece6ca3dcd2b0c76188bf3236dcdaae,e97650f3b5e75131c5f150fac8d1b02b2c5d8cd3720dc5427af820e3d2385c3f,000fc30074c0b5d62b17493d229cd45bd6a02efe01ec87b27cb36f4282947435,69882c54b02fccc4bf7649cfea8e53c85b176ca6dc2234c0c0039b214d8f7041,RESERVE_CANDIDATE_REQUIRES_RPC_AND_PAIR_EVIDENCE,False,False,False,False
pawnfi,ethereum,1,2023-06-05T05:03:35Z,10,100,0x52a81293ad140087c09823c3542547adccf744ba,1:0x52a81293ad140087c09823c3542547adccf744ba,UNKNOWN_REQUIRES_RPC,-1,0x0343210470bc6d6682752d06b928ff6261842da6a0ce48e163a76d3f8e4356ab,17261709,UNKNOWN_REQUIRES_RPC,False,v2/contract_deployments/contract_deployments_14000000_15000000.parquet,6176cf26c5e071de572e4fa584e8e6126dbdb3267e5f347910a581b7d8a944c6,7591a541656ee32df4a24a165916100e3128f11e8c722fa92501c7aba23b81b7,000ae37ef7fe89dc2bd4e6419494b471b31028cf54acbd86ce04b6d40351cbe4,f4df5c0583b21a596a3ebbb6467cae68a6550198eecc4b06cfbc5fddb57977ea,RESERVE_CANDIDATE_REQUIRES_RPC_AND_PAIR_EVIDENCE,False,False,False,False
peapodsfinance,ethereum,1,2023-12-13T21:17:47Z,10,100,0xce3bc16118c6bb08747618ec08b0d5367f900a4b,1:0xce3bc16118c6bb08747618ec08b0d5367f900a4b,UNKNOWN_REQUIRES_RPC,-1,0x10e83c00c642a94acc0fa7b59b60fc8bfe4a2537a9ca31a3a25d4377d05316ba,18724742,UNKNOWN_REQUIRES_RPC,False,v2/contract_deployments/contract_deployments_2000000_3000000.parquet,6d562e88df03827bfbf01c2b88d473f0dece6ca3dcd2b0c76188bf3236dcdaae,721ce0831f74394fe91d4648f84d7a2d53b054dfffe818b7306f2a7bec50da71,0022cb7e6b43ca7ad8fa8061548989ea5387ac1e579ef362fcda1a11ac43a512,d493f65b209497f34b2da723dff49964b0b16a4cf17b0f6ba9db2d764827c616,RESERVE_CANDIDATE_REQUIRES_RPC_AND_PAIR_EVIDENCE,False,False,False,False
penpiexyzio,ethereum,1,2023-06-05T10:50:59Z,10,100,0xeaac119aac03f7df84320e621f69943196f56734,1:0xeaac119aac03f7df84320e621f69943196f56734,UNKNOWN_REQUIRES_RPC,-1,0x72f2c3ea3a3e8194e779994b3c6e20a61127e371f9c8e83fe0a95b32d16d4fc3,17205927,UNKNOWN_REQUIRES_RPC,False,v2/contract_deployments/contract_deployments_2000000_3000000.parquet,6d562e88df03827bfbf01c2b88d473f0dece6ca3dcd2b0c76188bf3236dcdaae,fdc261be130b74382a5d9749db4c9b172eacbb8953b3f3dd551cfdf136b657d1,0013e1d24dd4d12635a18fd7017b16c81952fcfa11822a20b7d31e4af1c1a0b1,b75d5558226eebe543701cb46f5f39ca7993c000dadc4d3469abb0976836cd23,RESERVE_CANDIDATE_REQUIRES_RPC_AND_PAIR_EVIDENCE,False,False,False,False
pickle,ethereum,1,2020-10-24T00:04:17Z,10,100,0x02264c4c2ca3ba03526b4cece668200b4b0ec71f,1:0x02264c4c2ca3ba03526b4cece668200b4b0ec71f,UNKNOWN_REQUIRES_RPC,-1,0x9743b916b34d4c7b79a1cce5b6a8a36e43a112ed6ec7a7b7e76646337bb4f854,10955797,UNKNOWN_REQUIRES_RPC,False,v2/contract_deployments/contract_deployments_12000000_13000000.parquet,f15d5aeb7e3fcb63cca93eb03fa583594412966874735914078f617ae9c9b2ea,fbe1ed917c8e26a4cded3c2160874173356ed848e4324b0efe64514ca7bc0a39,0011fe50467985c5e8a14026c8c961bdfd916b119e2ab594871aee1feb749c0d,8ad71b2d648ab5e061b4a69cf02875738706b135bc2fbbf87120f9d54e480371,RESERVE_CANDIDATE_REQUIRES_RPC_AND_PAIR_EVIDENCE,False,False,False,False
pineprotocol,ethereum,1,2023-01-12T19:59:23Z,10,100,0x97e19e2a5458294842036404e6a05571d8bc2fa3,1:0x97e19e2a5458294842036404e6a05571d8bc2fa3,UNKNOWN_REQUIRES_RPC,-1,0x372339f0ecc978b0c834691b7ba14be26bceeb1a6f882ed1011600228c7aad86,16349786,UNKNOWN_REQUIRES_RPC,False,v2/contract_deployments/contract_deployments_2000000_3000000.parquet,6d562e88df03827bfbf01c2b88d473f0dece6ca3dcd2b0c76188bf3236dcdaae,c3975cac00e4b176eb36011f2b8892bff3cab267f691af84768fb56e209c51bd,00158fb3fd85f84d920806d9d7e88a0089c8ad9ed6ab021f883933ded5ef996e,2cdb04dd68f2b39c93581e2a23e24175c7d24dd9b6df3f97260db7d609371722,RESERVE_CANDIDATE_REQUIRES_RPC_AND_PAIR_EVIDENCE,False,False,False,False
pseudoeth,ethereum,1,2023-06-11T00:15:35Z,10,100,0x520d9a2d6116c99051eec8b213a6274493580692,1:0x520d9a2d6116c99051eec8b213a6274493580692,UNKNOWN_REQUIRES_RPC,-1,0xc2dbe99f7d2f81c10f6a426f0852ee8ae736a1d08cb40c04ba3df9cba55b426e,17393939,UNKNOWN_REQUIRES_RPC,False,v2/contract_deployments/contract_deployments_14000000_15000000.parquet,6176cf26c5e071de572e4fa584e8e6126dbdb3267e5f347910a581b7d8a944c6,df16d472f7dcf532f95d9f282f8c106cbaf1cdf8265ab99b28742c28872475c0,000e1d924ad7fdbc64fec63dca283a87b74687776321e707a90958c3affdfa6c,4dce579ae84b087445cef52cc06cc7a82097911205801ce2038f1aaa2f5546bb,RESERVE_CANDIDATE_REQUIRES_RPC_AND_PAIR_EVIDENCE,False,False,False,False
qtn,ethereum,1,2021-07-27T02:30:03Z,10,100,0x6df8ecc18839a560a9b3f4be14d9edcf2b3a1512,1:0x6df8ecc18839a560a9b3f4be14d9edcf2b3a1512,UNKNOWN_REQUIRES_RPC,-1,0x6900d0458973cdb3db86656af3a50a1e63d5a296593c6ab79802db2d0f52fbc6,12713625,UNKNOWN_REQUIRES_RPC,False,v2/contract_deployments/contract_deployments_20000000_21000000.parquet,5408f43ed5a3cd3b27216a3df0904e4053ec650ebb80c9c1c2ede9026839c3b5,f688f21ef6383a706ec23fa25ca0790ce70e1524688c2d0ad3fb7ccdfa99b7c8,000ac4fe509ee30313a31d18b98e7cc77fa762865a4d45b6b8f67779ea2be0ec,b8b7015fe6eb8ee1d8055dbd2d63528dc702e767fca240da620f86ceaac06231,RESERVE_CANDIDATE_REQUIRES_RPC_AND_PAIR_EVIDENCE,False,False,False,False
quantumwn,ethereum,1,2023-08-12T22:05:23Z,10,100,0xb67f82ff112ab69c0cb1d6550322403c2516456a,1:0xb67f82ff112ab69c0cb1d6550322403c2516456a,UNKNOWN_REQUIRES_RPC,-1,0xed450aaac1207d7366e19ccabda5ced54f6a7b06411b80f22d92005f387bab58,17840377,UNKNOWN_REQUIRES_RPC,False,v2/contract_deployments/contract_deployments_0_1000000.parquet,d5e23a08a88dabb08e4eb326b1c042e55165b1fd682650ab9ed73f136e287d31,83a6b5a22d9cfad771e04e6e946fab021a83ce5e6360d5dc09fac8fec7ade7b2,000d4142d29bab5f884799df5fd0e5ba1df352381eacd313a89ab346f597e61d,538fb5063a80a8bf763af7165b47b2ea86a6208aebc802214a1a5559a36e96bb,RESERVE_CANDIDATE_REQUIRES_RPC_AND_PAIR_EVIDENCE,False,False,False,False
qubit,ethereum,1,2021-11-30T09:02:57Z,10,100,0xfca5ac595fa783530e8f566fc2d99d8896cb29fd,1:0xfca5ac595fa783530e8f566fc2d99d8896cb29fd,UNKNOWN_REQUIRES_RPC,-1,0xec6f3a5d3b6748145d5ce1de553ace43271cb3865ccf893b17a3e67bb73a27e5,13582694,UNKNOWN_REQUIRES_RPC,False,v2/contract_deployments/contract_deployments_2000000_3000000.parquet,6d562e88df03827bfbf01c2b88d473f0dece6ca3dcd2b0c76188bf3236dcdaae,b299543f95e765de70a618f89d4fd1c9574e846d5ee0e2e63649ac81e1e05626,0009059dd618665b6d4e49450da91cb152291c9171b9d3f43f62ae2a25715403,a8dcf61bca2fee4994232ef149c055e67a0cb3ab1fcc3a5204cea53b98b8e2d1,RESERVE_CANDIDATE_REQUIRES_RPC_AND_PAIR_EVIDENCE,False,False,False,False
raft,ethereum,1,2023-09-14T12:58:59Z,10,100,0x8d681693fa5548a7c26cedc110780805bd443302,1:0x8d681693fa5548a7c26cedc110780805bd443302,UNKNOWN_REQUIRES_RPC,-1,0x7b70a8246d3e50081e44d768ba161e09cc815186b51a17264b39bec920e4eec3,18058058,UNKNOWN_REQUIRES_RPC,False,v2/contract_deployments/contract_deployments_1000000_2000000.parquet,7529540c96f11e4fc0d376fd36b2953644bebebe317a864615e2d14403a341fe,2708b7a3ae93daec0deb7b14c39c02dc1c3f49eb26b6c6bd6b3d48ec122cafa3,000f0789aa34894a92ef3eed6963e30e8e796502f21e393d4f1cb012cb991e1b,9a64fa86c320e30194f87412a543c1face24ea5673d977b816b04fe1c3d31f6c,RESERVE_CANDIDATE_REQUIRES_RPC_AND_PAIR_EVIDENCE,False,False,False,False
rari,ethereum,1,2021-11-24T22:31:41Z,10,100,0x956b2d9ba64c228293e1fdd80a4d2cf6826720ab,1:0x956b2d9ba64c228293e1fdd80a4d2cf6826720ab,UNKNOWN_REQUIRES_RPC,-1,0xe736d6173c134d0e1bcf012d0e49c511fbd203a67379ca198ff884fde2da15a1,13648755,UNKNOWN_REQUIRES_RPC,False,v2/contract_deployments/contract_deployments_21000000_22000000.parquet,6951c22b6f2732efb0772f657e597c5cdd89f8d4c3b5d2d0c7e8d53bc240b602,3854ff94ac67a1402627f92e642ae104ebb88e66c2fc7e6357a4d6a23abaaa6e,0008e56ad0fefc64cda2181735603d46a8da5569914291381fc72c6c65d33c37,6ec9980a8286f6cf6637edccd65fb0672a51353b6f877b1a0de8d7637358197c,RESERVE_CANDIDATE_REQUIRES_RPC_AND_PAIR_EVIDENCE,False,False,False,False
rbalancer,ethereum,1,2023-09-25T06:20:23Z,10,100,0xda7d0bf64d238da330b48ccedf737f6431b12478,1:0xda7d0bf64d238da330b48ccedf737f6431b12478,UNKNOWN_REQUIRES_RPC,-1,0x5b25f7d0fd6b3cc82088c0caf534afc03f4947c24913f94c04f08d30f41f5d1c,18190143,UNKNOWN_REQUIRES_RPC,False,v2/contract_deployments/contract_deployments_2000000_3000000.parquet,6d562e88df03827bfbf01c2b88d473f0dece6ca3dcd2b0c76188bf3236dcdaae,501e5faf93f82bf9fb6c872d96c6fcf30adfb718a702fcdd016782e6c8623fcd,00113769cad969f353a6f0ad5091dc10bf68026e49cd0e01abe442f351b8abe5,9c0499a0816e91658f5bdb399795ccebd1200b3a7731eccaaca4670e7b77ce8e,RESERVE_CANDIDATE_REQUIRES_RPC_AND_PAIR_EVIDENCE,False,False,False,False
revertfinance,ethereum,1,2023-02-04T18:41:11Z,10,100,0x521d02228d0908b7a8a76a52c0bee970c18b2a79,1:0x521d02228d0908b7a8a76a52c0bee970c18b2a79,UNKNOWN_REQUIRES_RPC,-1,0x6e36de6273e29cb86c8afca7fe504f9c1ac23256b94227c7e03d88a331e49b32,16336674,UNKNOWN_REQUIRES_RPC,False,v2/contract_deployments/contract_deployments_19000000_20000000.parquet,204b7f381daf9d8017d4efd97183633a94c1c646efa22b219290c725f63c79d8,01a0021ebac294025e80679e5028b03ab238416b1cacc16a4f2ab69d7376fd64,0014e392e5c15218d5aeddabddac613de625f13dc813843640f34e87573ea30b,fd7b7f0f944ae5ed7905bb6cf1b4c45d7f4ecbd8bcbdb2a23d4144fc4c8e2c5b,RESERVE_CANDIDATE_REQUIRES_RPC_AND_PAIR_EVIDENCE,False,False,False,False
revest,ethereum,1,2021-09-25T20:17:46Z,10,100,0xae707b1136651b20d664b89b80fd10852ddb18e7,1:0xae707b1136651b20d664b89b80fd10852ddb18e7,UNKNOWN_REQUIRES_RPC,-1,0x91b18bd576a208c142def29aef19efd41303b023c2fa57695493a9378603580b,13106462,UNKNOWN_REQUIRES_RPC,False,v2/contract_deployments/contract_deployments_14000000_15000000.parquet,6176cf26c5e071de572e4fa584e8e6126dbdb3267e5f347910a581b7d8a944c6,2de83c77e205b139e7e09df9ced677f02f2d19cb5da57b6bac3bef9df7e16a54,00043df70e720b233070d7e981ddcc5369e8ab3242da2c5be5322efc46f7fb72,0cf42124933836e2a6a65444bb457c3486b3d671e2dc53b72c8e1a3b47f0b1e3,RESERVE_CANDIDATE_REQUIRES_RPC_AND_PAIR_EVIDENCE,False,False,False,False
roefinance,ethereum,1,2022-08-11T11:50:00Z,10,100,0x8542b35830b70c09fec7d8736ac0dad812226599,1:0x8542b35830b70c09fec7d8736ac0dad812226599,UNKNOWN_REQUIRES_RPC,-1,0x13835f0a83299914490ae4c4e1e2ccdeb4225bc11d6b901cfd1d0df454f5d4b3,15282579,UNKNOWN_REQUIRES_RPC,False,v2/contract_deployments/contract_deployments_6000000_7000000.parquet,408541b1fff35d9d72eb413a63bd7e1ecdfd299daa7ca67b3c7185856aa6aef7,6fc8cdcc6cb246c6f0facb70b1ac94f9119f6182282491448f1b8958e3d46241,000c1ed191f5dd8d147da262a6a751873e23899a814e6ac61bef002798a3fd6f,0660e27dcef20c13409b23bb2defedf565cd8eefed33a744747d065b1a6e9926,RESERVE_CANDIDATE_REQUIRES_RPC_AND_PAIR_EVIDENCE,False,False,False,False
rubic,ethereum,1,2022-08-24T09:45:25Z,10,100,0xa6fa00f5c83b52652458bbee22bb139c42ef123d,1:0xa6fa00f5c83b52652458bbee22bb139c42ef123d,UNKNOWN_REQUIRES_RPC,-1,0x573ebcd64782a7d870131b676223d563b5bf3ab29ec8eee4d016153a3c7780d0,15238278,UNKNOWN_REQUIRES_RPC,False,v2/contract_deployments/contract_deployments_6000000_7000000.parquet,408541b1fff35d9d72eb413a63bd7e1ecdfd299daa7ca67b3c7185856aa6aef7,9058c954f28e0a93e1701fac859d7457c9606a7e7275e4febeb16e6fa7b25385,000ccb69dfabfa0105068a24c5ef55e68d65c0c328d3b8135fd0c4d8da284853,c29dd79f893f25af7abd683514c1d5fe1d16d7c3542ed2a867873de4f6559485,RESERVE_CANDIDATE_REQUIRES_RPC_AND_PAIR_EVIDENCE,False,False,False,False
ruggedart,ethereum,1,2024-02-18T00:23:47Z,10,100,0xfe86a804dae91cd54db9f4c9acfd1eff7958124d,1:0xfe86a804dae91cd54db9f4c9acfd1eff7958124d,UNKNOWN_REQUIRES_RPC,-1,0xdfd30358adc84ff1ff8954cad1beb4f68f9cdd7288ae10606a19d7e577494d22,19136529,UNKNOWN_REQUIRES_RPC,False,v2/contract_deployments/contract_deployments_9000000_10000000.parquet,6777e0b50be1d60a845e1be0313473c99fb8675967b51e4530577f82391cd3cf,9660e8b418d3758c78d343ec5e83d92fc170a5457124c0639721fae7d0131570,000871c4df75d2917e44a36ecd2d566accecae5791aa2b9bcac1502b9b1ae0d5,7c0683327643f25c1f41bf16d47a798e1f47a95c35074925def85aadff05af83,RESERVE_CANDIDATE_REQUIRES_RPC_AND_PAIR_EVIDENCE,False,False,False,False
saddle,ethereum,1,2021-12-16T00:58:40Z,10,100,0x1685ba941d97b66a19e6aae8f1468a861d889565,1:0x1685ba941d97b66a19e6aae8f1468a861d889565,UNKNOWN_REQUIRES_RPC,-1,0x2bf9de735afb7ab7a79a195bff04dabd6c2051d86e26f63b1c54b84783baf491,13696822,UNKNOWN_REQUIRES_RPC,False,v2/contract_deployments/contract_deployments_13000000_14000000.parquet,8885bd5034eff92607b7ffb297b079b222764c22e24fbd5bdf3f3d689c1a839b,4a2de1b08c86ece97d56a97ca4ab2c977070272562ccaa8db31ae5980e685fcb,0005b66110a33d3df95f0db352b23d2dead1ed991810eac6e71d9e328cf60c31,db7d3eb5e424bd6cb512d7a5268d2c55f6c1c716b900c86d87b7630baa88cb51,RESERVE_CANDIDATE_REQUIRES_RPC_AND_PAIR_EVIDENCE,False,False,False,False
sandbox,ethereum,1,2019-12-05T07:52:17Z,10,100,0x4aae5243e5332a2feb81ca7ad2295c751d1e8454,1:0x4aae5243e5332a2feb81ca7ad2295c751d1e8454,UNKNOWN_REQUIRES_RPC,-1,0x1c8efe01f27134c7ec2ce192c4e2796adbaa39792e750c26063792828db21178,8911957,UNKNOWN_REQUIRES_RPC,False,v2/contract_deployments/contract_deployments_21000000_22000000.parquet,6951c22b6f2732efb0772f657e597c5cdd89f8d4c3b5d2d0c7e8d53bc240b602,2b86cd60fb94769178088a2887d2e3307094921d3c075db1b38e6e3c467cf48f,001be313e8b19bc214638c7aedba7507e58bc15600e968b702ef77ebb9f129bf,671252f226162d39355d44a7ed657be9410a3d054057eb6fd8bae1722e1af9bf,RESERVE_CANDIDATE_REQUIRES_RPC_AND_PAIR_EVIDENCE,False,False,False,False
seneca,ethereum,1,2024-02-20T21:18:47Z,10,100,0x9acfc3b031f5234d68e02b264ad9f836d9110f3a,1:0x9acfc3b031f5234d68e02b264ad9f836d9110f3a,UNKNOWN_REQUIRES_RPC,-1,0x78305c69113fa75d88502bef49c29ab8a01c1cc4875e0ba9f9eda297a8a536f9,19166331,UNKNOWN_REQUIRES_RPC,False,v2/contract_deployments/contract_deployments_19000000_20000000.parquet,204b7f381daf9d8017d4efd97183633a94c1c646efa22b219290c725f63c79d8,879890242ef1276d5c3cfdf380dcf135d016cde8e3361f77442da84050098da3,000940340e700ec7ed2abf9f83a43a713926af84f7b934d7d031230b111456ef,0fe8b1802bdb766877119fe892d88277f244e88ca3293255d4bdc3945bf5f3ff,RESERVE_CANDIDATE_REQUIRES_RPC_AND_PAIR_EVIDENCE,False,False,False,False
shoco,ethereum,1,2021-06-06T00:36:56Z,10,100,0x6902b2e65c788994cbf252bedb2fe3bdda1d45e7,1:0x6902b2e65c788994cbf252bedb2fe3bdda1d45e7,UNKNOWN_REQUIRES_RPC,-1,0xbe8ebe574782d9fe0e855949971cbc5b3dc5dc8dfd58f39242c74fa84742f58d,12464706,UNKNOWN_REQUIRES_RPC,False,v2/contract_deployments/contract_deployments_18000000_19000000.parquet,2dcd3c6c46c1f5489efaf97a7571ebbe6353d25a2f649f3933fab9345109debf,82ff4474b757f10b838218c6a26df6f02f905ce978b46288b4c1acbfba6d1e06,0008ecbade721ca9350347f9961a53710aef624bdb0a05b8fe717066162459d6,5c113144b089b075a1b4191aed3034bfc901dc2f3649ed2e5aebc4b096016e1f,RESERVE_CANDIDATE_REQUIRES_RPC_AND_PAIR_EVIDENCE,False,False,False,False
silo_finance,ethereum,1,2022-10-26T05:58:59Z,10,100,0xdf71ed514cf1b769dd6bd74c80d3ad7ca5be10f5,1:0xdf71ed514cf1b769dd6bd74c80d3ad7ca5be10f5,UNKNOWN_REQUIRES_RPC,-1,0x37fdfa47218a8f57496e7ad3917d4bde5b81667c52b78b471a3e22f38f0ca592,15825040,UNKNOWN_REQUIRES_RPC,False,v2/contract_deployments/contract_deployments_20000000_21000000.parquet,5408f43ed5a3cd3b27216a3df0904e4053ec650ebb80c9c1c2ede9026839c3b5,d100ff4eef115415186a54765c3bb8ae88828bb89103f32eb740fd577843f90b,0017bd710e934b9b5daf5cc4057393b62a15f9049318c0ba9a76980354900ad2,1a40c3aa9142233f362d7f505cccf8f834ba323628e78ead94399e0246bf66e9,RESERVE_CANDIDATE_REQUIRES_RPC_AND_PAIR_EVIDENCE,False,False,False,False
snood,ethereum,1,2021-07-28T01:16:45Z,10,100,0xc89eb1f691d2fa47503ac16195fdd8668a2965e8,1:0xc89eb1f691d2fa47503ac16195fdd8668a2965e8,UNKNOWN_REQUIRES_RPC,-1,0x4b4c8b55921706f56c5a03993258f55b67e990a495aca6659abaa191cff51e0d,12748640,UNKNOWN_REQUIRES_RPC,False,v2/contract_deployments/contract_deployments_6000000_7000000.parquet,408541b1fff35d9d72eb413a63bd7e1ecdfd299daa7ca67b3c7185856aa6aef7,f8910ee2f53e8232efa4989fef98e523fee14edaef3eece198dc7c1b18ba82da,000a395538aaa03253b8932f3134dffdb2711afd6df4604165e1b1a08fbe837f,add17194f65b64f143f29b85c10bbf572c3278d0bb79fad7b02408eaa1971f15,RESERVE_CANDIDATE_REQUIRES_RPC_AND_PAIR_EVIDENCE,False,False,False,False
socketgateway,ethereum,1,2024-01-14T05:16:59Z,10,100,0x73526cc604861fee0264badd1ac1d589a10291c5,1:0x73526cc604861fee0264badd1ac1d589a10291c5,UNKNOWN_REQUIRES_RPC,-1,0xb309f62ee98b03900640460bbac6a5d5df5c09a39d18af89b7702aa74bf446ca,18879032,UNKNOWN_REQUIRES_RPC,False,v2/contract_deployments/contract_deployments_2000000_3000000.parquet,6d562e88df03827bfbf01c2b88d473f0dece6ca3dcd2b0c76188bf3236dcdaae,5f3c3888c2225527c9352abab349925d29bf721a72d68d290e75da3e68236087,000d4ca378a910e4965956aa78ac5d6477fb594ea59b2a81974fdeb40d3aff22,8cc2fe892906140338ed86339af4e1075f1cc7bdce7e98d34fe19adbfff2151d,RESERVE_CANDIDATE_REQUIRES_RPC_AND_PAIR_EVIDENCE,False,False,False,False
sorra_staking,ethereum,1,2024-12-20T18:18:47Z,10,100,0x3980c8929b0909261efb5b9d0526729ab9eb81d7,1:0x3980c8929b0909261efb5b9d0526729ab9eb81d7,UNKNOWN_REQUIRES_RPC,-1,0x8ea378714c3ac360b0233e19d66f84a01243eabca553f50df20d62ad97ad3d1b,21284303,UNKNOWN_REQUIRES_RPC,False,v2/contract_deployments/contract_deployments_14000000_15000000.parquet,6176cf26c5e071de572e4fa584e8e6126dbdb3267e5f347910a581b7d8a944c6,6a064f56839a1bedfcb4723d2813a9c14fff5b73e12924c3554c5f3557471262,00171f38a4eb13b48340832c2ea1b7e48bef0a87eca90702814513a4197a628e,44062d201c205cb9bb7ccde398c623153503ad0db2377e9064f7be1a4f7f03a4,RESERVE_CANDIDATE_REQUIRES_RPC_AND_PAIR_EVIDENCE,False,False,False,False
spectra_finance,ethereum,1,2024-06-29T16:56:23Z,10,100,0x77e85f862b2a32dbf7ed3d868f6fddcea2da4bee,1:0x77e85f862b2a32dbf7ed3d868f6fddcea2da4bee,UNKNOWN_REQUIRES_RPC,-1,0xe90bb41f81a654f8fff34bc12c14024fac60808207bf94bc4b5148bed6ea15da,19992119,UNKNOWN_REQUIRES_RPC,False,v2/contract_deployments/contract_deployments_20000000_21000000.parquet,5408f43ed5a3cd3b27216a3df0904e4053ec650ebb80c9c1c2ede9026839c3b5,fda0214f3a4875ce9bb1b89af98e8b9211198060973ad704e5065188950bc81e,0019ff0d7a8486d0f16fb4b0039e8016f9a4f550fa6f5a93c7f3808db451fe0d,bc1e48c5e23b7e64c9663120984e485b3fde7d42ee0a9673befb2a9467870e82,RESERVE_CANDIDATE_REQUIRES_RPC_AND_PAIR_EVIDENCE,False,False,False,False
sturdy,ethereum,1,2022-12-02T17:24:47Z,10,100,0x802d4b6683b14ba0e1091f2cab72b5a9da5c32f9,1:0x802d4b6683b14ba0e1091f2cab72b5a9da5c32f9,UNKNOWN_REQUIRES_RPC,-1,0x0b8caa73a519675c9db4c2465d1f300bc929e1d5beff066db78a41a7f33dae55,16041269,UNKNOWN_REQUIRES_RPC,False,v2/contract_deployments/contract_deployments_20000000_21000000.parquet,5408f43ed5a3cd3b27216a3df0904e4053ec650ebb80c9c1c2ede9026839c3b5,f93918d342a7ecd21104eb8151241615fc455159a2fe486661e1fd0ab32d4b26,001efc6e439a60c688db2eeb5f8e9ffa393ae04c17bca523a934330335925fd0,53251e7adb816fcfcda78d5c86702bfa7c2c78772647d294ff8ce7a486ff872f,RESERVE_CANDIDATE_REQUIRES_RPC_AND_PAIR_EVIDENCE,False,False,False,False
sushi_badger_digg,ethereum,1,2021-01-11T11:57:26Z,9,90,0x2082e6b97af032d20d2618a82c6d77f39c64cf15,1:0x2082e6b97af032d20d2618a82c6d77f39c64cf15,UNKNOWN_REQUIRES_RPC,-1,0xf18b2c5900dd4be6cc80de1996003ade2cbee3917e71b32aebf6b0ed2c006a2d,11580670,UNKNOWN_REQUIRES_RPC,False,v2/contract_deployments/contract_deployments_13000000_14000000.parquet,8885bd5034eff92607b7ffb297b079b222764c22e24fbd5bdf3f3d689c1a839b,57da8b465df0d337339a5ed4fb3b23ba5271e2ca6fca99e225c414a581cccf99,000941304d6b5d37049669c075b073f9d9d87bfe827e57713a7436a920f2b7ad,9c98bc100002cc0d18f1504517a94d82634d37cdac786081ddaedfc5ae66747a,RESERVE_CANDIDATE_REQUIRES_RPC_AND_PAIR_EVIDENCE,False,False,False,False
sushi_router,ethereum,1,2023-04-06T06:46:59Z,10,100,0x658aec5391cbfa1ef10345572b07e7bd5c65f3c5,1:0x658aec5391cbfa1ef10345572b07e7bd5c65f3c5,UNKNOWN_REQUIRES_RPC,-1,0x86e2a48e7c0d32521f1d2562d33b8fc5a68dd2ca60abfd109fce82fb5b7b213f,16861180,UNKNOWN_REQUIRES_RPC,False,v2/contract_deployments/contract_deployments_20000000_21000000.parquet,5408f43ed5a3cd3b27216a3df0904e4053ec650ebb80c9c1c2ede9026839c3b5,e7b728eea174ced4245907119d21e8f1f7820130cfd023836aa30bf4d1408b80,000f364178a1e3e7d4b569949da2b2975d90bd5da8c25660d4738ae3bdd20f41,0d079bbea94cfc924bd21ff84076b619eab49c2796be09563c0cc6f78faff491,RESERVE_CANDIDATE_REQUIRES_RPC_AND_PAIR_EVIDENCE,False,False,False,False
sushimiso,ethereum,1,2021-08-10T17:54:50Z,10,100,0xb7ba9c50aeae2585cdfcc140af62e67e662eccea,1:0xb7ba9c50aeae2585cdfcc140af62e67e662eccea,UNKNOWN_REQUIRES_RPC,-1,0x400d0e09f28327db84286547bd3e78a3018d170af0c3a2e2a7648b6626ceefe3,12841845,UNKNOWN_REQUIRES_RPC,False,v2/contract_deployments/contract_deployments_19000000_20000000.parquet,204b7f381daf9d8017d4efd97183633a94c1c646efa22b219290c725f63c79d8,4811757ed8654615b679341825357f6254395be1a3c71fbe06caed8f38dbfa9e,000891d78ccdb4b546ea6fcd937017c22a8614dd6255e3b0bd8e1a7443d0cf13,bdf078c043551b0a10412ea540f36f37ac7bc561c9006d87da07effadb6b7964,RESERVE_CANDIDATE_REQUIRES_RPC_AND_PAIR_EVIDENCE,False,False,False,False
swapp_staking,ethereum,1,2021-06-21T18:07:01Z,10,100,0xb2612229c2e6652e1dc2aeea51752a2e08fb79f2,1:0xb2612229c2e6652e1dc2aeea51752a2e08fb79f2,UNKNOWN_REQUIRES_RPC,-1,0xe1358264d11fa41b474d503cd3ea02d479f80cac7ff42e28facaf26e0d5dde58,12595930,UNKNOWN_REQUIRES_RPC,False,v2/contract_deployments/contract_deployments_0_1000000.parquet,d5e23a08a88dabb08e4eb326b1c042e55165b1fd682650ab9ed73f136e287d31,ea64dccebb48419f5a4b42fc194b635b6775a40465bb16cbe32385b0570080dc,0006a3a712e7ed30bd6939123666b16af4b214865aab4169f2913e1328f5f1ae,0e16282b8327e7abef0614abadbad357453f269d5eb8fcdf08fcd191845ab779,RESERVE_CANDIDATE_REQUIRES_RPC_AND_PAIR_EVIDENCE,False,False,False,False
teamfinance,ethereum,1,2021-07-29T12:36:55Z,10,100,0x363bf347c529f6ef5bc899ce9271a42888477419,1:0x363bf347c529f6ef5bc899ce9271a42888477419,UNKNOWN_REQUIRES_RPC,-1,0xb1a19c0c9918f8211dc1a59ca46e3173b4782f2c81773cc52246f14afc628f3b,12752858,UNKNOWN_REQUIRES_RPC,False,v2/contract_deployments/contract_deployments_13000000_14000000.parquet,8885bd5034eff92607b7ffb297b079b222764c22e24fbd5bdf3f3d689c1a839b,1b915071d81ef7f8018fbeddc35355747b8193010128d6fa054332d36e23b6da,00124e16b67b18d9627e6121a3ad453f0ee3b2e906a8f1aa8d68210ea3b2f1d7,a52a8c1a79e63d1ffe07cb5be0a6f006d5bb47491ce2b2784f5bc73c357a9052,RESERVE_CANDIDATE_REQUIRES_RPC_AND_PAIR_EVIDENCE,False,False,False,False
tecraspace,ethereum,1,2021-04-14T12:34:44Z,10,100,0xf836063a828dbc6166e079813ece7716d3da4baf,1:0xf836063a828dbc6166e079813ece7716d3da4baf,UNKNOWN_REQUIRES_RPC,-1,0x8e5f8d35b75f28131307e83dbd44e112673989b4191aa285a2c2ed959db4a50b,12037217,UNKNOWN_REQUIRES_RPC,False,v2/contract_deployments/contract_deployments_14000000_15000000.parquet,6176cf26c5e071de572e4fa584e8e6126dbdb3267e5f347910a581b7d8a944c6,7d60eed32be700ac6ae7154465fc2f38a80432ccfa2a29e2c8338abbc7c3e37d,0009b722e80c3afb7f15ddcead0511d9bd80d57f59d9b40a868f019635b5451b,a0e49384725926658979e11588b6a5d592e226cdbbb17527f6da42119500542c,RESERVE_CANDIDATE_REQUIRES_RPC_AND_PAIR_EVIDENCE,False,False,False,False
templedao,ethereum,1,2022-06-03T00:36:30Z,10,100,0xc66899476270bf148a7ac6094a94170af4a3f1f9,1:0xc66899476270bf148a7ac6094a94170af4a3f1f9,UNKNOWN_REQUIRES_RPC,-1,0xc58e75b142f95592c1e9bb89d52b6af3b41e740006f1fae474fc5f2ade618e3c,14848742,UNKNOWN_REQUIRES_RPC,False,v2/contract_deployments/contract_deployments_18000000_19000000.parquet,2dcd3c6c46c1f5489efaf97a7571ebbe6353d25a2f649f3933fab9345109debf,3d0ac0464f4b783fa01b42bc58d3cc04fd30aafe9fb731b7108fe3c987db66ec,00043f7e98a7c00c0c053ad6486bfddf6b008cb077257925ee5bee158ba969fa,930244ba4c4d48785e32486e681d90b4ae7c897d5f37abb8eab5504cedc8ccac,RESERVE_CANDIDATE_REQUIRES_RPC_AND_PAIR_EVIDENCE,False,False,False,False
thenftv2,ethereum,1,2022-01-20T06:45:29Z,10,100,0xd21f97bbdd9ff7801506337192e24a4a9f1495bf,1:0xd21f97bbdd9ff7801506337192e24a4a9f1495bf,UNKNOWN_REQUIRES_RPC,-1,0x94117ab66b471f5f98b31e97f9191af753ab8c85fb0f55962ba09cf1c20c6205,13898960,UNKNOWN_REQUIRES_RPC,False,v2/contract_deployments/contract_deployments_2000000_3000000.parquet,6d562e88df03827bfbf01c2b88d473f0dece6ca3dcd2b0c76188bf3236dcdaae,ac49bd6306a6c13e1a943c9865791ff735f759ad53c899501cc3e73da71b4210,000549c0c6ae49dcb1ed53905322f2b01170063c4e6aee9e59cf203f8ec6f134,d309587d36d5f9eed0eb4980c80f41d9c88407267dd373222dfdca8c7d1e0365,RESERVE_CANDIDATE_REQUIRES_RPC_AND_PAIR_EVIDENCE,False,False,False,False
tinu,ethereum,1,2021-06-20T18:45:47Z,10,100,0x5422dfa96f913e35afca7d38765029eba0f50391,1:0x5422dfa96f913e35afca7d38765029eba0f50391,UNKNOWN_REQUIRES_RPC,-1,0x9cd109ef97d2873ae97c6479827cddd8a2dc0e9188cc81e4a7eb82bcfb78e1fb,12623915,UNKNOWN_REQUIRES_RPC,False,v2/contract_deployments/contract_deployments_14000000_15000000.parquet,6176cf26c5e071de572e4fa584e8e6126dbdb3267e5f347910a581b7d8a944c6,908d1bdd34091df83002ba617b495635c8b7e6e7d9aeb074b6d4eeb47ceb76b8,00068e779cb46a942896a03da72ac2222fd096dbd7326b47499837e82a275823,61d5d8bfc0a97ffd92f158008bd13bff48220f2bb0a6324073938ec3c3dae583,RESERVE_CANDIDATE_REQUIRES_RPC_AND_PAIR_EVIDENCE,False,False,False,False
truebit,ethereum,1,2021-04-12T10:56:15Z,10,100,0x50e7e682a5e45a5ab6260386f785ac113741db1d,1:0x50e7e682a5e45a5ab6260386f785ac113741db1d,UNKNOWN_REQUIRES_RPC,-1,0xb3007c0541e98a9b59d14f6b7b1d2ac03a31ba5d789af01558561048ad5aa736,12113726,UNKNOWN_REQUIRES_RPC,False,v2/contract_deployments/contract_deployments_18000000_19000000.parquet,2dcd3c6c46c1f5489efaf97a7571ebbe6353d25a2f649f3933fab9345109debf,2b52ff545d17f1cebd7b6c5e2b3c1ef2a77ce842c99eb356479734351ddffec3,000bbd17508cf2ad844f0baf2ef280e41c21a33d6e45156b408e5fc8b591a754,d8fc0112252660d570d7c5678589b557013f9a49cdc4730a62bf6065b613f5da,RESERVE_CANDIDATE_REQUIRES_RPC_AND_PAIR_EVIDENCE,False,False,False,False
uerii,ethereum,1,2021-11-16T01:25:50Z,10,100,0x911dffef0523885e84448ea1aeb8158318fbb950,1:0x911dffef0523885e84448ea1aeb8158318fbb950,UNKNOWN_REQUIRES_RPC,-1,0xb0ad0103897d7208e881c3993305492085957c1fc9b3413337f54c8dc71586fd,13623322,UNKNOWN_REQUIRES_RPC,False,v2/contract_deployments/contract_deployments_25000000_26000000.parquet,89a76fc2ecf09bbb46861991e8a584829f6ee9a274cd187b9a10a702b04f50fe,424b30ae4315b36ba1df039bf540bba21dd94ac181fea9c6625c63120f3ccb73,0007f562f58d5f11c7962965117bce57c9abffcd2945ebd87c518d157c9f17f3,8fb46b31db37d64a5b9c792f22171e0404d1766e668b9a5dde6e3abfed474b87,RESERVE_CANDIDATE_REQUIRES_RPC_AND_PAIR_EVIDENCE,False,False,False,False
umbrella,ethereum,1,2022-03-15T17:05:56Z,10,100,0xe13f3d5b33d98cc8274a0af3870b0df56f3b8432,1:0xe13f3d5b33d98cc8274a0af3870b0df56f3b8432,UNKNOWN_REQUIRES_RPC,-1,0x83349b5fe403f3f7ac385fa32909fd192f2b65c63a09cc3452ed2f824163813b,14384754,UNKNOWN_REQUIRES_RPC,False,v2/contract_deployments/contract_deployments_20000000_21000000.parquet,5408f43ed5a3cd3b27216a3df0904e4053ec650ebb80c9c1c2ede9026839c3b5,8714444d2f5b5328427cbb8a2de30c0f93b217281bac4a9aa6f1326adb7d8e62,000477a4f531679138efc256c1cfaa7ff11afbff1382bb3eea9ed48998bb9c66,1873526ac2405e9df840792d3833dc1d7580ec7f5b2eb324cabd5a91ac98a444,RESERVE_CANDIDATE_REQUIRES_RPC_AND_PAIR_EVIDENCE,False,False,False,False
uniclynft,ethereum,1,2021-10-31T23:20:40Z,10,100,0xef67a79fdd5e6c8a512ceae777d9defd37d1a14c,1:0xef67a79fdd5e6c8a512ceae777d9defd37d1a14c,UNKNOWN_REQUIRES_RPC,-1,0x33c9a84bff57a4bd46671bc32443e8027803ea478c9b2be241e7079688af70bb,13401977,UNKNOWN_REQUIRES_RPC,False,v2/contract_deployments/contract_deployments_1000000_2000000.parquet,7529540c96f11e4fc0d376fd36b2953644bebebe317a864615e2d14403a341fe,d5ecf6a7f82312748627dc091828e08fcff8c828579162ead967cd5187db13e7,0008b591d403d5ef6214ecce0450dedce69f95bd9b5e5cd6d9d16ab9ce02ea1f,d2f04a9fbb351315db483ab38af0eeb04c3cb6e31dd3b680fadb263362e950fb,RESERVE_CANDIDATE_REQUIRES_RPC_AND_PAIR_EVIDENCE,False,False,False,False
unilend,ethereum,1,2024-02-13T18:14:11Z,10,100,0xfa7a881373b5ce3abcc13db301b7dfb328285aab,1:0xfa7a881373b5ce3abcc13db301b7dfb328285aab,UNKNOWN_REQUIRES_RPC,-1,0xf400001f368a3c31255fc4664b13eb64112f538c718c666d7f07a08898d1a304,19121849,UNKNOWN_REQUIRES_RPC,False,v2/contract_deployments/contract_deployments_2000000_3000000.parquet,6d562e88df03827bfbf01c2b88d473f0dece6ca3dcd2b0c76188bf3236dcdaae,e9f332b0d7bd63e6f610c74e5b81b96d59967f2a669fec7572ee6f873df6bdc0,000c7a4fb8c51d7db5deb8b44376c4f4dce8d84f57177e327ee83bd67301ae22,8e2a08eb714e9dd236246b0115dbab8ccec6caaaff686eeb501f74c7cec6b4df,RESERVE_CANDIDATE_REQUIRES_RPC_AND_PAIR_EVIDENCE,False,False,False,False
upswing,ethereum,1,2020-09-29T18:04:56Z,10,100,0x1fb6716f7cc19d430992ba3f42f4e2b33eee3f91,1:0x1fb6716f7cc19d430992ba3f42f4e2b33eee3f91,UNKNOWN_REQUIRES_RPC,-1,0x7c3bc4b3f6a3f585394faac56517b956fa926b918df8eb78af279fd093a8db21,10950158,UNKNOWN_REQUIRES_RPC,False,v2/contract_deployments/contract_deployments_13000000_14000000.parquet,8885bd5034eff92607b7ffb297b079b222764c22e24fbd5bdf3f3d689c1a839b,e2895f790b24d6004c8460eb2ecc40559735ac73e5234ac0b088418a21a679a5,000fc3bda273560816cd67497fb0ec39d9807269c6f234b8679b3d676df2d63c,deac6d312e632f8a47631ae0480bab79b233eea1fd508e5ef900f18e9d33a317,RESERVE_CANDIDATE_REQUIRES_RPC_AND_PAIR_EVIDENCE,False,False,False,False
usdtstakingcontract28,ethereum,1,2023-07-12T12:53:59Z,10,100,0x81ba1a16a5a17ad30c59696f31ccf8d5155f1766,1:0x81ba1a16a5a17ad30c59696f31ccf8d5155f1766,UNKNOWN_REQUIRES_RPC,-1,0xae7d968f914b4d1f1a8cae5eae2da04cb20d54de0868f0668594bd04887aadad,17583786,UNKNOWN_REQUIRES_RPC,False,v2/contract_deployments/contract_deployments_1000000_2000000.parquet,7529540c96f11e4fc0d376fd36b2953644bebebe317a864615e2d14403a341fe,a04473115fa00f36ea50ab63fff6f5c947f52cc10876eeb5b0b079c72753a2c0,000a57de20ee059a5baf083e9f963200d23812f8247e949fee28e8cb56db472d,685807e29bd2933d19d65ec77fa2b78267967c8d67a4ba9f59ad9dcf83a1fc63,RESERVE_CANDIDATE_REQUIRES_RPC_AND_PAIR_EVIDENCE,False,False,False,False
usual_money,ethereum,1,2024-06-06T12:56:35Z,10,100,0xc3b581dc1871ec04aef7988fa419b6931da06e19,1:0xc3b581dc1871ec04aef7988fa419b6931da06e19,UNKNOWN_REQUIRES_RPC,-1,0xc722c930f00d21b00135986d9323ba447ddabb9d2d948e5bdd9e92fc52cc23c0,20003004,UNKNOWN_REQUIRES_RPC,False,v2/contract_deployments/contract_deployments_2000000_3000000.parquet,6d562e88df03827bfbf01c2b88d473f0dece6ca3dcd2b0c76188bf3236dcdaae,b12a5c389429789bdd8669859f195779d7be33531c2474ce3cc5c29f18ec491c,00122f7eb2b174d607649397faa9ed8cfad641d805cec51924bafa22be4659fb,0bfd8f126ff4bbcdfadc367fc68cd3e6d478183b04300baa5ddea26814f7a5dc,RESERVE_CANDIDATE_REQUIRES_RPC_AND_PAIR_EVIDENCE,False,False,False,False
uwerx,ethereum,1,2023-02-08T16:19:23Z,10,100,0x5d5092c22c5d0fd3fec42b6b2ce796d5b33421c6,1:0x5d5092c22c5d0fd3fec42b6b2ce796d5b33421c6,UNKNOWN_REQUIRES_RPC,-1,0xb60b4ce37b08d9b3cc62106c5ae560a9956cfd6efff3be3aab8d1cb77ac5451b,16488092,UNKNOWN_REQUIRES_RPC,False,v2/contract_deployments/contract_deployments_6000000_7000000.parquet,408541b1fff35d9d72eb413a63bd7e1ecdfd299daa7ca67b3c7185856aa6aef7,c4730e3902c25c40f69ee1514b8d2699afe5c3faa738d593199f460f277e6e39,00258d6bb740c5dffd1e5181bf55067ca1d065da1120606a32df628ab083dcff,813fae0c75e50b2d2c90e22b8b3ee2b4c61429f6c5451d6078a59a5e218c5026,RESERVE_CANDIDATE_REQUIRES_RPC_AND_PAIR_EVIDENCE,False,False,False,False
uwulend_first,ethereum,1,2022-09-20T16:55:47Z,10,100,0xf18a34c8e4d9e3c94d97db9856a797c993603a63,1:0xf18a34c8e4d9e3c94d97db9856a797c993603a63,UNKNOWN_REQUIRES_RPC,-1,0x460d8990557303441b7a2ee2f40394057de9c65ab4358102a4dcf521bcf3a095,15412689,UNKNOWN_REQUIRES_RPC,False,v2/contract_deployments/contract_deployments_15000000_16000000.parquet,fb048ce929cf0d541c7dfe8c10ffb84dba33d093f3718146318d7b12073d7d12,93e202ffadc124ee980b9ea32c8f6f97369807776bbaaa4c14df6813465f6efa,001867d6c7ee079960f5f53f7541fb2d8862d5d5005e0b6bb9665263f81e1276,c95e7898804f8bd1195f26eab987921945ba907e7d403fe9b6f52d60070d047a,RESERVE_CANDIDATE_REQUIRES_RPC_AND_PAIR_EVIDENCE,False,False,False,False
uwulend_second,ethereum,1,2022-09-20T16:55:47Z,10,100,0x5442e56df4a6033a70f057506fdf35387e5cc1d8,1:0x5442e56df4a6033a70f057506fdf35387e5cc1d8,UNKNOWN_REQUIRES_RPC,-1,0x9addde011acbb09a1c4fae08969004b988730ffc0f90c4bd1adf948e32e67c84,15393075,UNKNOWN_REQUIRES_RPC,False,v2/contract_deployments/contract_deployments_19000000_20000000.parquet,204b7f381daf9d8017d4efd97183633a94c1c646efa22b219290c725f63c79d8,8331de2ec3b12b9475b8ff13d952f05cd625c18211615d1b708b151454092dc7,000ad37b3fdb86baf48714371b3140c6d261c687fe2edf2c2a382129db4893f9,b18248edd8355db47536d1438824805c558474aff3680f4aca47a0b953b93289,RESERVE_CANDIDATE_REQUIRES_RPC_AND_PAIR_EVIDENCE,False,False,False,False
veth,ethereum,1,2024-10-28T09:08:11Z,10,100,0x1c86b74860bde8a2b8b32e6086ad3572064c082a,1:0x1c86b74860bde8a2b8b32e6086ad3572064c082a,UNKNOWN_REQUIRES_RPC,-1,0xc318d2589c06a3906d187ddd38b5376f83c7155617ac995bfa8a0f1a1a829201,20981437,UNKNOWN_REQUIRES_RPC,False,v2/contract_deployments/contract_deployments_5000000_6000000.parquet,eb8d1ad9c414a2cf0a36d3fe5aa0b10e20823399807f3e5cfb6815af4b301cd7,98b8a2bd83092a148c22856575074e7a776e3220b57f8fe5ddd1e0b761aba3d1,001588a1273e64bf5551ed84b3f4e22e6f8c537c614e26d76e473a09bbb3ba2b,a9f382b13c4e34d9a61509cd8ecd154bbc7fe99aea5e3e2af489f360d54ab41d,RESERVE_CANDIDATE_REQUIRES_RPC_AND_PAIR_EVIDENCE,False,False,False,False
visor,ethereum,1,2021-09-03T21:12:29Z,10,100,0x9c71d43b8947ec402f496e811e165f15a4645b33,1:0x9c71d43b8947ec402f496e811e165f15a4645b33,UNKNOWN_REQUIRES_RPC,-1,0x3895c94683a90eb92e706f9128dfa906853769422607a2df419798a4a4722e20,13095037,UNKNOWN_REQUIRES_RPC,False,v2/contract_deployments/contract_deployments_16000000_17000000.parquet,8884633f88684708a066a90c98dc23b2402b90a69bfb3608fd643f3ebde0af44,ee79fb952ed55ecabe8b7784324b59b8c83bfd5c806c29395963929436ab0093,0007c19c9fd7ed9fedad84ed32e6f81894e6ce6744d7811c551833830a3e8d35,14cc06b3ab78b9e3e6680d5a23a0db9ff734e1a03331c80b8bb2c6c98bf4c91f,RESERVE_CANDIDATE_REQUIRES_RPC_AND_PAIR_EVIDENCE,False,False,False,False
wifcoin_eth,ethereum,1,2024-06-11T00:26:59Z,10,100,0xaeb30ff5a3a3703a02040390dd597d37ac8ff294,1:0xaeb30ff5a3a3703a02040390dd597d37ac8ff294,UNKNOWN_REQUIRES_RPC,-1,0xcdfc8c538fb504e01d054c28bc79182adcb482332476f91f7fbabd78df13d799,19872504,UNKNOWN_REQUIRES_RPC,False,v2/contract_deployments/contract_deployments_15000000_16000000.parquet,fb048ce929cf0d541c7dfe8c10ffb84dba33d093f3718146318d7b12073d7d12,07f7d6474393cee7520186bebb6ba16c43574b9797335faaab44e5dcb17f5fee,00156a0590f7ccc46444e4f6367f728bd5dbcc3dcf180dc654c6eb8a56ebbb86,e94a19676645f441669040542cd361b7fe11997545ea3128ff24712911f8a1ea,RESERVE_CANDIDATE_REQUIRES_RPC_AND_PAIR_EVIDENCE,False,False,False,False
wiselending,ethereum,1,2023-08-08T19:13:59Z,10,100,0x54053996a157ce40c7c3d0d6b21e821e68b0ce06,1:0x54053996a157ce40c7c3d0d6b21e821e68b0ce06,UNKNOWN_REQUIRES_RPC,-1,0xe5b292e0dbdbd403704b7ebf0fefe5b699159fa64b914be3c91002c65fc1425d,17841090,UNKNOWN_REQUIRES_RPC,False,v2/contract_deployments/contract_deployments_1000000_2000000.parquet,7529540c96f11e4fc0d376fd36b2953644bebebe317a864615e2d14403a341fe,8247c63eb26d9f0dd7ab7295febf988a04622a223192d4f262a820219ec2aa06,000870055ce37a28e7c5607e862a497f6cdd14f2d0585b73edb1215547b69259,5ef8a42eca4707a85a540b72dae5fbb0b474e3eaf229521d403da31bd1413e61,RESERVE_CANDIDATE_REQUIRES_RPC_AND_PAIR_EVIDENCE,False,False,False,False
wiselending02,ethereum,1,2023-12-04T20:28:35Z,10,100,0xf4cb45a9331fdc4f189cbe119e927b6fccc2175e,1:0xf4cb45a9331fdc4f189cbe119e927b6fccc2175e,UNKNOWN_REQUIRES_RPC,-1,0xb560a905b61cffb9d8116225bb2e58aeb3a81334b89507751d8f659847ef569f,18684992,UNKNOWN_REQUIRES_RPC,False,v2/contract_deployments/contract_deployments_2000000_3000000.parquet,6d562e88df03827bfbf01c2b88d473f0dece6ca3dcd2b0c76188bf3236dcdaae,a0e8d33f3d3b678c7f274740a9f747faf7c434bd637395d88b0c240ad49ca244,00130879393bb580f7a78cdb314c247220d1b33b357e5add2ea287f9c6bcfea2,694900913116cd8bfb21539091730d46e8061afc0432b59970bd6e19bb2ba768,RESERVE_CANDIDATE_REQUIRES_RPC_AND_PAIR_EVIDENCE,False,False,False,False
wiselending03,ethereum,1,2023-12-04T20:28:35Z,10,100,0x8458f2b9ec32ef0f49ed14438d3a8646ef7a175a,1:0x8458f2b9ec32ef0f49ed14438d3a8646ef7a175a,UNKNOWN_REQUIRES_RPC,-1,0x163b376d127e54fc763e78ede0e29c794420b0aa8a6c7d8d7cb919201d2fd4c5,18686471,UNKNOWN_REQUIRES_RPC,False,v2/contract_deployments/contract_deployments_14000000_15000000.parquet,6176cf26c5e071de572e4fa584e8e6126dbdb3267e5f347910a581b7d8a944c6,c083e8a1ebfe36eb13999399877e47c14ed541cd2b4e919357991299de0a7ff5,000ee8276881413263268b763bf0bbf401f84042525c2ae0ed0706df92d62152,83e0cc2920ded7d1dfc2ef492dc42018e36928f45bd9be89bc685b80b559fc11,RESERVE_CANDIDATE_REQUIRES_RPC_AND_PAIR_EVIDENCE,False,False,False,False
xavefinance,ethereum,1,2021-06-25T18:41:21Z,10,100,0xb2e1bdc3e83b7f028f8601a6a1cc06d3b87ce0ce,1:0xb2e1bdc3e83b7f028f8601a6a1cc06d3b87ce0ce,UNKNOWN_REQUIRES_RPC,-1,0xd27ed4c3e80747664b212f4bdbdec0985dd6b03f3c20363fe8e9f547cc2d0b98,12662145,UNKNOWN_REQUIRES_RPC,False,v2/contract_deployments/contract_deployments_21000000_22000000.parquet,6951c22b6f2732efb0772f657e597c5cdd89f8d4c3b5d2d0c7e8d53bc240b602,3efc13d0a6cec53bc3f41974a4f092773214400bc37cbdbbf41e08c4cd5a46a8,0009aba2c584c82021fafa37499e8cca054282234891e0193b75d5534c7100df,f5232c37a5a59dcf00b4c09c80c0fd7ae7d67d696edd8dc5722980e954cab923,RESERVE_CANDIDATE_REQUIRES_RPC_AND_PAIR_EVIDENCE,False,False,False,False
xbridge,ethereum,1,2023-10-21T11:41:35Z,10,100,0x212b97ecc4e7722ae4c816a4d6c0ca750d5c0f84,1:0x212b97ecc4e7722ae4c816a4d6c0ca750d5c0f84,UNKNOWN_REQUIRES_RPC,-1,0x8ced80cd1be405a7e2e7a41fceb5b2aab701a07dd1a6f2fc54b26db3d43e8d7d,18254834,UNKNOWN_REQUIRES_RPC,False,v2/contract_deployments/contract_deployments_13000000_14000000.parquet,8885bd5034eff92607b7ffb297b079b222764c22e24fbd5bdf3f3d689c1a839b,ffbd643dfdd45fca546518594ff0b793cb5d60256c1ed6d1eca93631d3775b29,000c8edd29929cfe93bab8b2b10d50d8758231c4ffd3da5bc0082a1473b5453b,4c7f9b3b3e7c5c2ec822f4e746d71a8eabfd098864682dedbbcb3f957cab987a,RESERVE_CANDIDATE_REQUIRES_RPC_AND_PAIR_EVIDENCE,False,False,False,False
