architecture_proxy_pattern,chain,code_pattern_family,code_size_bytes,complexity_class,contract_address,contract_age_days_at_risk_entry,event_observed,event_or_censoring_time_utc,event_time_source_sha256,latency_seconds,mechanism_family,protocol_family,provenance_record_sha256,reference_id,reference_record_sha256,risk_entry_source_sha256,risk_entry_time_utc,source_verified_at_cutoff,timing_precision
unknown,bsc,21aaaee65b8888b84b3233f12dea4e2077bf5c8c5e51ae3e1a0e9da53308f44a,14981,unknown,0x2607118d363789f841d952f02e359bfa483955f9,1,True,2024-08-12T04:52:36Z,7b678cd1f489f12473a9673f0e8e5be21c1ba85b402c986ed099e2af57c2b67d,4862153,business logic flaw,unknown,95bd4caa5818a5a6994cdac519d10af347a6abe5bc05954faa0b3e0eda86730c,ca2-00003c2c7afe8e9ef32d,21d7dc7e29d403df92c9ca9f11b98e8182c1966566f02e2e8e0d6d750b20318b,7b678cd1f489f12473a9673f0e8e5be21c1ba85b402c986ed099e2af57c2b67d,2024-06-16T22:16:43Z,False,SECONDS
eip1967:0xeb3e6e2a30b2c23ac3442fbb25d6fe2fe495e3c3,bsc,f93c61e8b3de6073221f7fd5f8d071204e4943bcc8b4f4150a9634aa79da21aa,2104,unknown,0x977087422c008233615b572fbc3f209ed300063a,1,True,2023-05-01T13:11:12Z,91b9eee3ae4d4ec14fed69911538b8526ab236abc4c68144255278a84af4245c,6041898,business logic flaw,unknown,ac6bb103300429628f4f9d151fd79cdf6221a8c4cf4814d20d264d90200da0d3,ca2-001b14467ef9b84b416a,87c002f616cc40a8ed78167e1409a6d94dc8d167172b7f10a57aeabcfcb58fb4,91b9eee3ae4d4ec14fed69911538b8526ab236abc4c68144255278a84af4245c,2023-02-20T14:52:54Z,False,SECONDS
unknown,bsc,c77592aac15a0cbc9817dae4496968f1469474dd65c6a46caf790c0880b959b4,5676,unknown,0x564d4126af2b195ffaa7fb470ed658b1d9d07a54,1,True,2024-09-22T16:50:55Z,db1302ebc02c695c4890c6d8fc31dab54e0253d4598752ace7f2b3bf34b25b7c,111592620,incorrect input validation,unknown,c14d9c91a2ee4b8f8e42429a59911faaaa530e826c4e602f34a0733ffba3905f,ca2-003bb3e01f9c7c13410b,7792ed890ed4167f69676deeedb2f4cbc2886ad6df1ca5f3416fdbfbc9443ab1,db1302ebc02c695c4890c6d8fc31dab54e0253d4598752ace7f2b3bf34b25b7c,2021-03-11T02:53:55Z,False,SECONDS
unknown,bsc,e81f4169c2d18c154e7c1046f559e5c8a2e80c40648642a3b5088b8da4818628,18765,unknown,0x518281f34dbf5b76e6cdd3908a6972e8ec49e345,1,True,2023-02-16T22:48:00Z,87c74eeb8ed37367cacbacf598fd0aee3317bbba48463d8709aeeaa02832d94d,30965198,business logic flaw,unknown,7d66a762dc2b6978895379bdced27106a982cb9142c1dbb80f5bbe6fffc6bc30,ca2-0062515827b6285930f2,d4664d25818a953fefa2aa87f7d624c7f2de7b5cf60349653f08091e9f7ca3e3,87c74eeb8ed37367cacbacf598fd0aee3317bbba48463d8709aeeaa02832d94d,2022-02-23T13:21:22Z,False,SECONDS
unknown,ethereum,875eb641f321a0f222ae3f9d714c072fbd85d1102fb68f45103e3a66788317e6,16218,unknown,0x5f0ad32c00641d1d2bb628ff341e0d4bb4494318,1,True,2026-04-23T11:57:47Z,7126b67b1a384509a076946b4ee95908934be03a37df610a9cb2a50c385cf18c,136356,replacement_candidate,unknown,3ba621157b6f50c426eafac8ea937ef5dc0d65b326fbaf79bf31129b7f2f1931,ca2-0064b472336ec4210007,8009912acb642426bdee5dde986ff3de353883ac6b1795bf1616624bee64658e,7126b67b1a384509a076946b4ee95908934be03a37df610a9cb2a50c385cf18c,2026-04-21T22:05:11Z,False,SECONDS
unknown,bsc,240c3df31850ae066ce4aef677d036cfbe4473cb272ff7b81030435947970345,11271,unknown,0x700ee24c350739e323dcf6a50ae3e7a3329c86ae,1,True,2023-12-17T09:01:16Z,56a4cd7febedb699ec09e57b9f73163f7fb7cf3e305d9649d51170e0d8350b7f,17330817,price manipulation,unknown,e99311ef4f1d3cbce86daad8da0e9d475e5e4d402652237be4817dac06d7a551,ca2-0119280f82385cf56670,a2b03014d31f63b15ec1535cc9041a245a6fbc3dcf7a7c52dd9260ce5b0176af,56a4cd7febedb699ec09e57b9f73163f7fb7cf3e305d9649d51170e0d8350b7f,2023-05-30T18:54:19Z,False,SECONDS
unknown,ethereum,045e03cfc33569c62b43e0ac0fd7ab6a05f6246d63e11d7077225701c3d78533,16494,unknown,0x245a551ee0f55005e510b239c917fa34b41b3461,1,True,2025-07-20T02:50:11Z,5093e7eda8f671bd41b95fbc428bc066e8a986e72c2a6904b1c178b76ed54120,128680990,incorrect reward calculation,unknown,bf305a93720050e398c53eef136d6f4e631085486db067f85fd89c949281ca6d,ca2-01398b37f50bcbb8adc6,7ddb9ff6672db566f37f5c466e4b79ddde418bc32e26fdc2af3ed4f9b13e9b3d,5093e7eda8f671bd41b95fbc428bc066e8a986e72c2a6904b1c178b76ed54120,2021-06-21T18:07:01Z,False,SECONDS
unknown,ethereum,c4ed492600a10339a8b536ab3ba5c93073793b2d9b03f4dbad0f860621bdc42c,4984,unknown,0x8ebd6c7d2b79ca4dc5fbdec239a8bb0f214212b8,1,True,2023-09-05T09:57:23Z,165d5f43ecaefc58e07fdb800f706d537c3804a8d75539709248ad7b8c0d406a,9273420,rebasing logic issue,unknown,280b120c9454b50f9f928c8e9b224ca7555c57498b491be35dfa21312aa52927,ca2-0214cb74200856148943,1c60dcc5c7f92e049a64d4de017de47869312176d5eaed1f436fa59fd8e7a4bd,165d5f43ecaefc58e07fdb800f706d537c3804a8d75539709248ad7b8c0d406a,2023-05-21T02:00:23Z,False,SECONDS
unknown,bsc,11f7bd2ce9bc5c958e675f9f71068cf261aa0026e458a82e755243d3682c7017,6410,unknown,0x32b166e082993af6598a89397e82e123ca44e74e,1,True,2022-10-20T11:08:24Z,fce433b73908b1ffce9c21a7210b6055a05580d7d155536ae9579a0dcd33e5b3,3960920,transfer logic flaw,unknown,a8bb667b2f788b4521a5941336ec2c821d35f4a4c9d3d6d5ae84979a8efca500,ca2-024816e85dcbd941c181,76d36f2a89335676889fb2edf388570f0b1a233a490850a53142ca95eaa30d4d,fce433b73908b1ffce9c21a7210b6055a05580d7d155536ae9579a0dcd33e5b3,2022-09-04T14:53:04Z,False,SECONDS
eip1967:0x0d116ed40831fef8e21ece57c8455ae3b1e4041b,bsc,6f4cd91554d949a8ad8047da7543a1ed35a94f9b9b1e6c2159563c05819ba95c,2112,unknown,0xdbf1c56b2ad121fe705f9b68225378aa6784f3e5,1,True,2023-07-23T12:36:35Z,97569518c5410e781162d5fa662fa40e2d3a0c94b82512499c2c499360a80f6c,13141257,signature replay,unknown,9f849373f4dc22a4181b9cff0198878f9d93f1c3273aabb18ad16ba184577ed8,ca2-02e1298629b75e4dec93,a2c1b7d0157c39323f397ab8a19e87b147399980757745f5e1f4789dd3e4c5b8,97569518c5410e781162d5fa662fa40e2d3a0c94b82512499c2c499360a80f6c,2023-02-21T10:15:38Z,False,SECONDS
eip1967:0x9b3be0cc5dd26fd0254088d03d8206792715588b,ethereum,fddcccd0cd2485138ac862077e69c60138e1be434fccd2d4ab7575d37dfe8931,1017,unknown,0xf0358e8c3cd5fa238a29301d0bea3d63a17bedbe,1,True,2020-10-26T02:53:49Z,1a68dd9f3d8c8be1a4f60d2df6ecc0f577030d82f4ad9f8acfceb3fad1a34bc6,478274,flashloan attack,unknown,53cad284a2f407860e1c530a821e26267fd8be3eaf4a346597cad8eff3d6f8ee,ca2-03a929a60d6ca387d4bb,ee8b0ab94be4f90ae8bac2c4e0cf79fdcfc659b1e1078393ec97711cecc8ad77,1a68dd9f3d8c8be1a4f60d2df6ecc0f577030d82f4ad9f8acfceb3fad1a34bc6,2020-10-20T14:02:35Z,False,SECONDS
eip1967:0x574027c70abd7b25953b2cd060ed7827fd2c7b03,base,9633721a880b82802a478507ca988ca5b9e52aa2fd794be9a19d21f490a4b4a4,2048,unknown,0x7b5969bb51fa3b002579d7ee41a454ac691716dc,1,True,2024-04-12T17:28:03Z,a0e1e2ac85fbfe7792ae17aa5d6ae38a13e9303dc6ffe86f5d8715e9d7a25dd9,8105092,reentrancy,unknown,63c60bea633b53e76b88101df3e2a7451e08012acbd02178f5a0f7af3fa0f4a0,ca2-0583d91c7785bb31ad8f,2de14f291782632a27c0d24d0c91d8782ce8f2ba560d2e67e917f4dddc5e02ba,a0e1e2ac85fbfe7792ae17aa5d6ae38a13e9303dc6ffe86f5d8715e9d7a25dd9,2024-01-09T22:03:11Z,False,SECONDS
eip1967:0x05bfa9157e92690b179033ca2f6dd1e86b25ea4d,ethereum,67fc7feb4d616ccab68a57c5c3d7d6754418903841f3a210e5029ac6550d2290,1779,unknown,0x2409af0251dcb89ee3dee572629291f9b087c668,1,True,2024-06-10T12:05:47Z,6283942b7c050a5b357cb0fca2a1c8223e5769c563f83e524d72be843db7f08d,54328200,price manipulation,unknown,f83b5133bd09fb5adb6b23c189a8d4856868d6c92b95fd264af96f5da7e3e954,ca2-0687f6e05dc58457935a,3067018696b4b203b6551e73da0af328e57fefd2c51936b3b0086f9813873cbf,6283942b7c050a5b357cb0fca2a1c8223e5769c563f83e524d72be843db7f08d,2022-09-20T16:55:47Z,False,SECONDS
unknown,ethereum,2510e38310e5ad7940a677900e1081d5ba3bf4e99de7ddf4231c40f9310a95cb,13201,unknown,0x31a4f372aa891b46ba44dc64be1d8947c889e9c6,1,True,2023-01-19T12:53:59Z,9beda884a472b3da0ce3d1a35c1b111e5e6d34d4203eb59f588d0ce70f8c478b,51193023,reflection token,unknown,6896c28a685ec118a10ad320993f8b91d207691eeba6a2b97fbaaa5a5e92d316,ca2-0973b5638247f1875b62,e5359b36c86cf1b299308c7e24d9be852b96b9be09cacb91e69f07c08ea1e344,9beda884a472b3da0ce3d1a35c1b111e5e6d34d4203eb59f588d0ce70f8c478b,2021-06-06T00:36:56Z,False,SECONDS
unknown,ethereum,0cca443179034fc1d741651fd97b76907b089aa25cdc8f47803bc85cd81d546e,19064,unknown,0xe68c1d72340aeefe5be76eda63ae2f4bc7514110,1,True,2024-07-05T13:15:23Z,247a3b99ec241ae96bffc368c98c3ee706e19e6b1f05f55d6b21ac80c6a6767f,86829597,loss of precision,unknown,0f8b26f0afe28e20cec6398caafb696839ca780e35a176fcaef0239f79812805,ca2-0998fb22a8fcd705afbc,29234600110a64c29fc1904f6b8bad8d72bf37d10803dbc617b6bc3dcf388b4c,247a3b99ec241ae96bffc368c98c3ee706e19e6b1f05f55d6b21ac80c6a6767f,2021-10-04T13:55:26Z,False,SECONDS
unknown,bsc,2295bc657da9828ce35b619c5db69800c0dafddd6576e3a30262706f9ac04fdc,11719,unknown,0x2f3f25046ea518d1e524b8fb6147c656d6722ced,1,True,2026-01-12T08:05:54Z,365a6d7cca6a218cb74603b42c044c712573505be5a022a95489fff208ab95e2,107481236,incorrect fee logic,unknown,54420be7869f5c704426b11fb8faa70e00f1e25be924d5f48180c7f8facd577d,ca2-0a80356999aee511c6c7,d61436d0b564c4229b4786e6363d51e3e82b9e64612981eadb1c23a635191a46,365a6d7cca6a218cb74603b42c044c712573505be5a022a95489fff208ab95e2,2022-08-17T08:11:58Z,False,SECONDS
unknown,bsc,6a78894159fe2422aceb440bb6c94264348dbf3644e1852322bea9f3af23e5f2,20735,unknown,0xb75ca3c3e99747d0e2f6e75a9fbd17f5ac03cebe,1,True,2022-09-09T10:32:43Z,ab7894d12ba45261382211452594be8892e15c4d375862564b30ae231e22f2b1,91067,incorrect reward calculation,unknown,0b4c3c05eb5c086e1aebbc3620f96cd611e0aad0e67eb5842362e01019cf86c6,ca2-0aa20008e0303e8a5201,a84c721d4e2eb8c6cfdf1b4a95e5fabb54d8956150a8217c0021d1f566c4a0b2,ab7894d12ba45261382211452594be8892e15c4d375862564b30ae231e22f2b1,2022-09-08T09:14:56Z,False,SECONDS
eip1967:0x02a4b53926bad267df700ff8e9f5d4a2516bb1fc,bsc,f922178e326381c2faadb0743d237fb36394cb4a88343f750c6dfc0333c4d313,2739,unknown,0xd990094a611c3de34664dd3664ebf979a1230fc1,1,True,2023-07-24T17:23:35Z,4fa9ad3b1dde2520e6aed265faa43e3e9a7ba61fa05e42f5ddda2b0be91c8901,971754,business logic flaw,unknown,c1141e9ce28317a0dc00f73123a8afd99c7b80a96a4a9f895b492450f3f48d01,ca2-0bc1321f2d440dbae4b1,87ac029328bf7fed27fdb999ed0c0b27c807ba7479939ff68845c16992a57052,4fa9ad3b1dde2520e6aed265faa43e3e9a7ba61fa05e42f5ddda2b0be91c8901,2023-07-13T11:27:41Z,False,SECONDS
eip1967:0x93dafd75f3f809d6a940e3971d401cfcc78f328c,ethereum,81d4c0ddf125731cedc72e27c8fde534d39f1fcbc388ed838d33306aa4d5ad29,1779,unknown,0x5f360c6b7b25dfbfa4f10039ea0f7ecfb9b02e60,1,True,2023-01-11T15:28:47Z,c9f5ff5921d947f191f3ee97ddc4e29f87891f9a089fe6cf04394d11710ea0ab,13232327,flashloan price manipulation,unknown,d06bcaad2e9b22cc0c0accbcef8e7928d2364ba58161115cb8082e00da2e4a6d,ca2-0bd28c93ecf3fec1d833,b61e4b32fe22cc3594e822a16840947ec4966ac26b2cfb344adb117b2ff37414,c9f5ff5921d947f191f3ee97ddc4e29f87891f9a089fe6cf04394d11710ea0ab,2022-08-11T11:50:00Z,False,SECONDS
unknown,ethereum,5c057d4a78ad366836f11b3a19adc8f05ba42acf9ab29e3599c8f14d00a1d017,12625,unknown,0x9f54e8eaa9658316bb8006e03fff1cb191aafbe6,1,True,2024-07-12T06:25:59Z,6bbdb4b4c41d9b799e044aade5cef1acbd280c10f642922e509323a13c98edac,2383416,incorrect input validation,unknown,d85f05660efdbe1aa921c765e21971ea7231ea48341d76c85a9f248d80e46663,ca2-0d308a16f604ed495788,93960f1b4f4b70551a5eb1d14877ae096134369e7584210035e073e8796c7430,6bbdb4b4c41d9b799e044aade5cef1acbd280c10f642922e509323a13c98edac,2024-06-14T16:22:23Z,False,SECONDS
unknown,bsc,de1bc08391adf60aa79c881f472ab4a984da09f02b2bb468ab397cf1cbac01ad,10706,unknown,0xb3a636ac4c271e6cd962cad98eae9cf71f5a49c8,1,True,2023-06-01T07:00:11Z,0c61c345200124b28fc5ea196123d37a2f56c167ce3228f354885dd36f90728a,58182,flashloan attack and smart contract vulnerability,unknown,179ebfc400dae06999bb5cb4f31c118945670cfc1c5e711c420150ef9b6b5c3b,ca2-0d94b0dee68d0b41352e,46ced3d113bb9975afa533b9441f95f17b072aee9015345f211d7a6067b0bff4,0c61c345200124b28fc5ea196123d37a2f56c167ce3228f354885dd36f90728a,2023-05-31T14:50:29Z,False,SECONDS
unknown,ethereum,9ce4a7cfc0733c85736401b608018b4ea1e242f114d9a6c156f39c08c545183d,14351,unknown,0x5f58058c0ec971492166763c8c22632b583f667f,1,True,2020-06-21T06:48:38Z,aebd8b261a6b667532d1bb1b6ad7f1982d94b7cfb4c1d37f09fa7ecad0460c00,322601,access control,unknown,65efe439e92f34f3b0f3107bdf66a912b32a4551506704ff9670177d246aede7,ca2-0e06e67c5c9253228751,17ee6ffba071816e883d2a036d3ae67ddafe02df6ab59f39efb0b92f5e942ee6,aebd8b261a6b667532d1bb1b6ad7f1982d94b7cfb4c1d37f09fa7ecad0460c00,2020-06-17T13:11:57Z,False,SECONDS
unknown,ethereum,cd6bd670ef0823da63dd1c85fde3a838c03db8273cb324160d8b74d3e95ee042,21568,unknown,0xcb3b879ab11f825885d5add8bf3672596d35197c,1,True,2023-04-27T19:03:35Z,0f82e9b6c7228696ee06e7f255cbbf4909fb37043b68ad54df18142264a5d42b,15858276,business logic flaw,unknown,af43f11af11a9a2b9267e491e2efe1df97f8fc68319d5775961d4b41afde1286,ca2-0f2e70bb64b6ee9426eb,d0053a889e69c903818f81411241d195073845bca3551cf6b06c7721c561f1bf,0f82e9b6c7228696ee06e7f255cbbf4909fb37043b68ad54df18142264a5d42b,2022-10-26T05:58:59Z,False,SECONDS
unknown,bsc,fe16067bb65c4fde5e8731043def08ed84e366882571cad50d3b587b647ab52a,2965,unknown,0xb4e47c13db187d54839cd1e08422af57e5348fc1,1,True,2023-06-01T02:07:52Z,b97e9c692e289269153c68f02407918d7c6f004e6aafff1ce0c92927fdabb73c,17070210,calculation issues during liquidity migration,unknown,c05661dfb1a7863cd1742697ced86593a6182bf07d956d707a18ed41edadc77d,ca2-0fab25d3b5b764c482c5,a1decb24bee667d3b6ec4454b71dd777ebf1c33bf381469a58bc67d604f6ec93,b97e9c692e289269153c68f02407918d7c6f004e6aafff1ce0c92927fdabb73c,2022-11-15T12:24:22Z,False,SECONDS
unknown,bsc,7b177f025a5a6ee2af13a49829255d01725a49353d5f0b7c23eecf233c4a00a8,8802,unknown,0x04df78093e2b66a0387f8c052c8d344d84ca49af,1,True,2025-05-31T14:22:49Z,e8a1ad339c277bb349cbd5caf21c992a7c1f74ec9c284981c9d6cf85aafc5050,112776063,replacement_candidate,unknown,f47f56a417bbcd9ae6da6599c7ea0c258750ac716bc6be55654a6251117f4ea7,ca2-0fd406d4a5d581dc9171,23ffb69a56db8d97cace7b54b8626485c2de52b1926d9d418d8be28c38da3338,e8a1ad339c277bb349cbd5caf21c992a7c1f74ec9c284981c9d6cf85aafc5050,2021-11-03T07:41:46Z,False,SECONDS
unknown,bsc,49457bfa4fca8cbd641870bfb9d97c7e8bd90086419a2c5278a18427ff6ad8cc,8618,unknown,0x5abde8b434133c98c36f4b21476791d95d888bf5,1,True,2023-05-02T16:45:19Z,d98a7eca5234620ff5dc950d918041b9b3bf05f86530a9fb50f5e5fdf35329ba,3935018,price manipulation,unknown,057ad36242a6ce2d7d64e648f84083012c7da33bb02f5fd92974cdc7e901f0e0,ca2-10135a96af2e104eb4a4,78c0433269d1e2b6685970597995c7e8b9fe4ae77186ad0ba4353d81b872ca97,d98a7eca5234620ff5dc950d918041b9b3bf05f86530a9fb50f5e5fdf35329ba,2023-03-18T03:41:41Z,False,SECONDS
unknown,bsc,0394c952b646a81c62b35fbfc133245bb455e610d35763acdff44851fcec02c1,10587,unknown,0x844fa82f1e54824655470970f7004dd90546bb28,1,True,2021-11-23T09:24:01Z,b8a9f7550d2b391ef35c56dc59e5c7cc82e95a19d06107ec08e6a17d9f2d164a,20897828,flash loan,unknown,a4b06c235d48db39bdf88533dd6e94865e77f4a264da1f09a4e6bb66d87c2331,ca2-1110a2625b12e4b110c0,ccd21d9bc6799ad1bb79760e6eb1d2844efbf1277edbf770edda9367ff5f92d5,b8a9f7550d2b391ef35c56dc59e5c7cc82e95a19d06107ec08e6a17d9f2d164a,2021-03-26T12:26:53Z,False,SECONDS
unknown,bsc,f6ad37be6e737ca8563a43122bfb26da044b509b99227ca370bbe438bdb864f4,15319,unknown,0x8a6f7834a9d60090668f5db33fec353a7fb4704b,1,True,2022-12-10T07:31:02Z,1e176107c1cd6440a4c640a48c7c9f2959f523b6f45d86c0b6e8cda86173b87b,2338085,flashloan price manipulation,unknown,c4fc6173a1a8dcee1ed719bceb308d0cad35eb618b1ef6e7f83d7469127e3781,ca2-11258a259a94c2ae2ec5,24670b13538f210ff815f853590e6304fe2d2eca51e3c4b84d6b6161a46fc2fb,1e176107c1cd6440a4c640a48c7c9f2959f523b6f45d86c0b6e8cda86173b87b,2022-11-13T06:02:57Z,False,SECONDS
unknown,ethereum,81ba88a4202d3f66e9db00e612970e83325c2c33d4bef4e2807a8c1da6502c69,11221,unknown,0x1a7981d87e3b6a95c1516eb820e223fe979896b3,1,True,2023-05-09T07:35:23Z,2ba9f7c6ec7f51dca685edc1bfd9b6c661458af5ea194568855f1c38ed196e6c,46192333,reflection token,unknown,f3c138432d39f2e4ce6dee3caca5fb650c7f0ebb9e8e27919e1b65ceed9df73c,ca2-11635f2908fcc175e7c9,12d46ec2266212dac3143b984c87f896cc0683e6836871d7ef2f38d425a952b8,2ba9f7c6ec7f51dca685edc1bfd9b6c661458af5ea194568855f1c38ed196e6c,2021-11-20T16:23:10Z,False,SECONDS
unknown,ethereum,c9f476393f12a8fd7f3d4b62c958bc82676a398df421f32bf03c74937d8f3b50,18569,unknown,0xe77ec1bf3a5c95bfe3be7bdbacfe3ac1c7e454cd,1,True,2024-02-14T13:28:23Z,7a6fb9d1a8254a052815dcabf2132eaec8070f92acc74c28e03e4ecd8b341592,150480,lack of validation dst address,unknown,4abeab6f493985c6dcfabb7beb78a8ba689969a4fb170131d890508510b610bb,ca2-122f147da75159901ea0,a5f56b884b60757d964394fc0f58d1711068ebdbbafafa0a978d33dfe533ac98,7a6fb9d1a8254a052815dcabf2132eaec8070f92acc74c28e03e4ecd8b341592,2024-02-12T19:40:23Z,False,SECONDS
unknown,ethereum,acfbb0461e317c2e89b94d3b937e7ef69ae193aefc08fed29b61595c0e513943,2054,unknown,0xde62e1b0edaa55aac5ffbe21984d321706418024,1,True,2023-02-17T04:20:23Z,5bcba8eeecf1597af92686c2c4e3b32fc0ae99124e114780f984889b3909546f,38916,arbitrary external call vulnerability,unknown,4db7dab0ba89f1fd3d3e7f2eb25633cc00bdf6e835513b1bb5f752194bde1f3e,ca2-12f0d5e40474ef0de502,64ed81a611018180260e79171e1b31e11c919dadfc5ab3e212036f6cd1abd571,5bcba8eeecf1597af92686c2c4e3b32fc0ae99124e114780f984889b3909546f,2023-02-16T17:31:47Z,False,SECONDS
unknown,ethereum,1920b517a3860b6785df25128b573a7a2b703a76c2af9da07ddb2f5f1efb14eb,24348,unknown,0x50ce56a3239671ab62f185704caedf626352741e,1,True,2024-02-23T14:35:23Z,f75634266e1135f75d51fc1121207da4274ae9ea3187b27ee84f53454f1fb27d,44135016,oracle bad price,unknown,803d2fa4dee663804ea69b0c745b95ec48257188513805c11a044473e8499aad,ca2-14b9ffae56e7c9bfb04e,ecc98ff321bc5d23164e79ae1fc41c7162a6d0c5e66599db2164bdf4ba1a9df0,f75634266e1135f75d51fc1121207da4274ae9ea3187b27ee84f53454f1fb27d,2022-09-30T18:51:47Z,False,SECONDS
unknown,bsc,69e8532d67c36a1fcebc172123ac09edaf445ddc589be7a0273ea0cfd18ea4cf,10284,unknown,0xe1747a23c44f445062078e3c528c9f4c28c50a51,1,True,2023-11-15T03:45:59Z,93355399c28c5bf20e75c39333ed99910b9c11ab09035fb843dd33dd7dce6499,53272691,lack of slippage control,unknown,8890dd1e0e343b5bb320eee6500b7694759158422e9c856274b2cfc8abf6a1f9,ca2-14bd5d42e2f704e2cc65,f4fdbbfe87652d8d2d12a70fb7c0687d85afbaca8297396587b20aa335aff1bb,93355399c28c5bf20e75c39333ed99910b9c11ab09035fb843dd33dd7dce6499,2022-03-08T13:47:48Z,False,SECONDS
unknown,bsc,050854dcaa3f72684ac753bbd7f1ac805f46bca8f7f342a1077a290b35492729,10668,unknown,0x1e813fa05739bf145c1f182cb950da7af046778d,1,True,2022-07-25T07:01:44Z,741b34ef050cb69b9efba97a185a85205be72b5936eab785cd6ca68bc16097e7,11384422,"business logic flaw : incorrect recipient balance check, did not check sender!=recipient in transfer",unknown,aeef33cfb67d7db534aa5365787d3d97b1345344dc02b2403410e11456ae5fd7,ca2-14f7f1899d2468d3cabf,d29a1ae5bbea44d0bb3378698cb7f6062ac72beca87c33db87f99d8d8f5b5876,741b34ef050cb69b9efba97a185a85205be72b5936eab785cd6ca68bc16097e7,2022-03-15T12:41:22Z,False,SECONDS
unknown,ethereum,cd3eb32bf489102a58b35cb1b3b21e53be4f6935198b580b89b403e62f988eb4,21920,unknown,0xd3c41c85be295607e8ea5c58487ec5894300ee67,1,True,2023-09-14T07:56:35Z,513c2c29e4db86c5fab2962a0da41f3b765959f5c68fdd236674f237d9f82baf,58955755,reentrancy,unknown,d313c9c1ac87a4107f586bded93514665f6f0422a4c0435ad1893fde19e09dda,ca2-1579de76f9bed10399a7,e3dd5d70605a655eb62c5f38d3ea0ff05a6fdd0a156c67380ceb0def00f3de28,513c2c29e4db86c5fab2962a0da41f3b765959f5c68fdd236674f237d9f82baf,2021-10-31T23:20:40Z,False,SECONDS
eip1967:0x13dc7f825e5b97be1f53b7db4253a7c73b5068d6,bsc,4a3efcda36022b8aa1ab0a72b5466df88687e3e619be105f109432b549c54d19,708,unknown,0x8087720eeea59f9f04787065447d52150c09643e,1,True,2025-08-11T02:59:18Z,2c7982f94c6f936c3e1db245acd06b53904d58db829a280465528e513aa15448,773965,replacement_candidate,unknown,d12c2635ecfeb6a762b3baa0e2d6dc1ff2ca1034c1cf5b6e759906b6594ab32d,ca2-15ae4c22b54f390dc4fe,ec7bb6717a63b531c1ec1fd323a4d980a273a96d026a7554a4e12631589b3d2d,2c7982f94c6f936c3e1db245acd06b53904d58db829a280465528e513aa15448,2025-08-02T03:59:53Z,False,SECONDS
unknown,bsc,4dd430f7d548673f510bdbde365665877961c9191b3222163efcd430284a642b,9451,unknown,0xfd80a436da2f4f4c42a5dbfa397064cfeb7d9508,1,True,2024-04-16T16:08:52Z,35dde4094e6d7ee1f54fb7dff5ecd1d62ddf50794806c3b3d5ff9ea07f0c6c8f,7090246,logic flaw,unknown,6c3ce09689f17167f7662832924490df44509cb22a7944fcad10f5dba32228e7,ca2-170efb900eb90211eaa2,bb4f02c21bf09ce6d1d0ecfb967fc34115b68ebd7fb4b45b405452674944ee15,35dde4094e6d7ee1f54fb7dff5ecd1d62ddf50794806c3b3d5ff9ea07f0c6c8f,2024-01-25T14:38:06Z,False,SECONDS
unknown,bsc,0a3c4f757184b71f9aa05775ca99a0cbd0c0bacff7f27d4dcff209e46d3d97f7,8011,unknown,0x35f5cef517317694df8c50c894080caa8c92af7d,1,True,2024-07-02T13:14:36Z,8ffd4fd41b94ae1de21435e2d39f58849f1684884f51d392c52d79be7fe25fd1,213721,reentrancy,unknown,de030e120282960343ccab53493bc760667544facd67955fbcd5a1bccd0c32a9,ca2-17240c1cdca17b758810,79ab8404983dfdcdc912bd1afeb5948b29983297a297f528237ce23efb063b17,8ffd4fd41b94ae1de21435e2d39f58849f1684884f51d392c52d79be7fe25fd1,2024-06-30T01:52:35Z,False,SECONDS
unknown,bsc,240c3df31850ae066ce4aef677d036cfbe4473cb272ff7b81030435947970345,11271,unknown,0x7dda132dd57b773a94e27c5caa97834a73510429,1,True,2023-12-16T10:40:51Z,3ca3e59a813962db44abc2e5dc6c7adf9f0422359c2b9b15d80435208a7c2660,428299,business logic flaw,unknown,2eb734a93cf8f9e596152b14b7d45b3ff7c788b90ee4eddd37ae590f6b08be09,ca2-1769b603523b156d5e27,b6dacc82fe382872949c67e8bd264d877a0c231efb5c7b159db0aac8cc02a290,3ca3e59a813962db44abc2e5dc6c7adf9f0422359c2b9b15d80435208a7c2660,2023-12-11T11:42:32Z,False,SECONDS
unknown,ethereum,a22504e00edec29e771e0541f538d26dee4c82ef403a66af8c84b6e0705eae49,13006,unknown,0xf10bc5be84640236c71173d1809038af4ee19002,1,True,2024-09-26T12:01:47Z,0b20bbe313e8503d576d14e21f4b51ecba0c84b3e3cd943230421fdb282fbcd0,49667328,fake market,unknown,fcb97ee610b086a849624b0f5f31384ac61bd884113533348aed9befcb04c55a,ca2-194c50c55dd95140a294,38cc5f69c0226cd848e053eca55bc639a61e66bcec66a91f9096758f1bf05ce2,0b20bbe313e8503d576d14e21f4b51ecba0c84b3e3cd943230421fdb282fbcd0,2023-03-01T15:32:59Z,False,SECONDS
unknown,bsc,e75ae6cdfd0b4e688605c1d0f512f0708f5ad816342c59ddcca1a90b3a22c251,4978,unknown,0xa2268fcc2fe7a2bb755fbe5a7b3ac346ddfedb9b,1,True,2024-10-10T04:49:44Z,94c45d2fe5adb94ad8fe0ad71a544743c81d0ed83ce3bad38b866ee24b1d993e,23999227,oracle price manipulation,unknown,c35938c13d32be1017481c1a9ef0fc34668cbc9c3604a81c7157dcb706b53432,ca2-196bde1bc084a841e794,0c523857305fe81f3db957cbed840bbc8847905d746fa3075eb3c8cb5ca90360,94c45d2fe5adb94ad8fe0ad71a544743c81d0ed83ce3bad38b866ee24b1d993e,2024-01-06T10:22:37Z,False,SECONDS
unknown,bsc,4b8927c14b8b295951c77d8f99d831f2f43e98ed1d1ef74fc699a36cbfdd2825,11178,unknown,0xc748673057861a797275cd8a068abb95a902e8de,1,True,2023-05-28T02:11:50Z,fc24e4e0fabd00da01995be4d305576879c3c0487e5f7b44484b1c0c316a7639,63535833,lack slippage protection,unknown,de0d3158f113a3fbf96f71cdc4dc267daa9dba348a1fd7022ecbba42f1374ea7,ca2-1a73db8dcf62dc8e4419,f53f3faf5228ebc7a81700df8adbce3d6248649299b5023510e87c4f65b3bf2f,fc24e4e0fabd00da01995be4d305576879c3c0487e5f7b44484b1c0c316a7639,2021-05-22T17:21:17Z,False,SECONDS
unknown,ethereum,69ac7c60d00665d0af614add342a47921584fe719ff55521ac8d920055c7a043,24562,unknown,0x29003dd6b9970ad658314fffb61e42f352c41630,1,True,2025-06-03T22:02:11Z,180b195d70278ce6c2901ca3d8368a4511cb84989aaba84b2eb3a006544c811b,43689180,replacement_candidate,unknown,cc04f384bbec2fd94e579f415230aecf9ced09e1e3b40b4443edaabf95b01e90,ca2-1bee07e4cd2ee7c6892c,08e3b7a716974fde882002c9f895d562e9e0de1e2ee023e63c28c1c6500de57d,180b195d70278ce6c2901ca3d8368a4511cb84989aaba84b2eb3a006544c811b,2024-01-15T06:09:11Z,False,SECONDS
unknown,ethereum,2bfacfe9c6c02e933f3313630d2c6f18340b8d91566f8d6578c79108015ceb2d,16047,unknown,0xb84cbaf116eb90fd445dd5aeadfab3e807d2cbac,1,True,2022-09-02T16:01:02Z,5066beade55baca8e00a2c54495262c8fe7069fff6d5501e15470eff266c4b2b,77598,business logic flaw : missing check for number of nft to mint,unknown,1182cf5ab154a3708b7088663f52163ab46550e241749b0919b4aa34ce0204dd,ca2-1dbdc2611cd24dc765b2,8455a79df11e1a0b7e71d726060335d39974a44b1be1ddcb66ccff280e240726,5066beade55baca8e00a2c54495262c8fe7069fff6d5501e15470eff266c4b2b,2022-09-01T18:27:44Z,False,SECONDS
unknown,ethereum,7f63b7cbdc36cd0057617569b71a7accb9553d1cacc700939800335c98a47366,5446,unknown,0x09a80172ed7335660327cd664876b5df6fe06108,1,True,2024-08-06T09:57:59Z,a5dfe796adb12d479c3223951364598eb453901715e8ba945bf7271bc5e2a295,199462532,flashloan,unknown,57d0557ac412bd84076f6c5ef2a875cc43dc804a718a0f0c578317ade8a49adf,ca2-1fe777829f28c3e02e1c,60c72287bc30e8d80ab381ac1a7872c88995468d3b81106da1d1bf0000e584da,a5dfe796adb12d479c3223951364598eb453901715e8ba945bf7271bc5e2a295,2018-04-11T19:42:27Z,False,SECONDS
unknown,ethereum,5cbc577653c8693adb1fc7b72fab8fefc1927f03a1482e9c18a9f1e54099c500,2557,unknown,0xa5564a2d1190a141cac438c9fde686ac48a18a79,1,True,2023-06-20T14:55:23Z,cc56ae52a0e618308d19e848eb5668868f86f05b8b089a732c7d8429027589cc,12599592,arbitrary external call vulnerability,unknown,4cb8758d16cb4ef6de5ba8de3bfabf4630db91f224b724b6a041b037b82bd9b5,ca2-21ac1c8056ff7df162a8,1718e825b477b26f3090eb259f81fc70240540cd38b576e11f0a0dd44285b4e2,cc56ae52a0e618308d19e848eb5668868f86f05b8b089a732c7d8429027589cc,2023-01-25T19:02:11Z,False,SECONDS
unknown,bsc,99e6fb66a4167eb5f722c342979b6b298e15af9ba9b2ff5c923dbf8fb60e965d,13493,unknown,0xc1bb12560468fb255a8e8431bdf883cc4cb3d278,1,True,2023-01-02T23:25:06Z,939e0d5fe18a74a76f92afe0e7859d1ba1d4bcea4ac08908e118454344dd9c1f,2480639,business logic flaw,unknown,7a4f761a07d0652792c31e2d4f3efa85dd9e1efc6613ebb77e436c285203ddf3,ca2-21e1af0751214952c72b,44eaa05a163c1f17390e980776789971f1a090e90905b238b0c96b0f4a860d9c,939e0d5fe18a74a76f92afe0e7859d1ba1d4bcea4ac08908e118454344dd9c1f,2022-12-05T06:21:07Z,False,SECONDS
unknown,ethereum,e13c48c098e5673bb235b456b806ae4b0c59952377821393c380211cbd7c35fc,5580,unknown,0xcc5fda5e3ca925bd0bb428c8b2669496ee43067e,1,True,2024-01-16T19:11:11Z,d9f9b659939cbb701e8c42d55be96bb543c85a6e1f27f97693dedadfdd7e5c47,222852,lack of calldata validation,unknown,6da27586bdbca69c756c7d2fcf90344eba45a3d2637b0391ef445b599320cd6f,ca2-220124d062a8c71c63c5,3dc1ccc945f0b57cf80c5bb155074dc6f23e680d3bf054bf4ed7664563f357d3,d9f9b659939cbb701e8c42d55be96bb543c85a6e1f27f97693dedadfdd7e5c47,2024-01-14T05:16:59Z,False,SECONDS
unknown,ethereum,0191fc1f8d748609c23a837f1b9414814bed5ee7fc3de8c2fdfd556ce3154a53,24444,unknown,0x369cbc5c6f139b1132d3b91b87241b37fc5b971f,1,True,2023-07-21T19:01:35Z,383c4a25a442e9b624cacdf37c31be22b61a6e27c311096c872acd2074870cdc,3622836,price manipulation,unknown,bc69a6769264835483e0b154b27ffe2efac7ded8bc085cb72ad272bf101e9561,ca2-22667ec3b73bf4e3f29e,b144abefa145426bf0c93095faf966569dc4fd42d339a288cc2893224d07541f,383c4a25a442e9b624cacdf37c31be22b61a6e27c311096c872acd2074870cdc,2023-06-09T20:40:59Z,False,SECONDS
unknown,bsc,7327095b8e19a0a0363d1c35cef5afb3720cb5ca3943d26b712ed785185f0ece,21408,unknown,0x8bc6ce23e5e2c4f0a96429e3c9d482d74171215e,1,True,2023-05-23T16:43:27Z,1fc17c03e067eac0ccff2e5c5c069af3fc17410d2df3c3e0b60518b3c3fcd5b9,19809,outdated global variable,unknown,78150504cc435006ddd4491f0a6962786677ef54fedb473142c71a074a2b5f17,ca2-22ca428502dddf9f2871,eb4abdef5e18306bc77bc3ec7720e4aa598f5945d25fb10d8db0bbb5a4373b36,1fc17c03e067eac0ccff2e5c5c069af3fc17410d2df3c3e0b60518b3c3fcd5b9,2023-05-23T11:13:18Z,False,SECONDS
unknown,ethereum,a183d9ec920409137bd5684a1adeaa02fcd6e941b96e22cb574fe07d2c07d266,2276,unknown,0xb983e01458529665007ff7e0cddecdb74b967eb6,1,True,2020-09-13T09:07:36Z,2d8bc85495789c7effebc9734ea2c862c721df206859f04ee5dc1d25bc835d4b,808340,incorrect transfer,unknown,108deb5eeac3262bb91fc614a20cc7abf2a2dbefc914ecf383328dcad32e47e6,ca2-22e8cd13c63b74bc9bbc,ae4eadac1490306f886982b392a992ad82b643d494af10afcf2e8ac86f1de613,2d8bc85495789c7effebc9734ea2c862c721df206859f04ee5dc1d25bc835d4b,2020-09-04T00:35:16Z,False,SECONDS
unknown,bsc,64dc658c20ec78831b7c17550993bbca61b656922dbf24f28895220a62bf0191,23297,unknown,0xb8dc09eec82cab2e86c7edc8dd5882dd92d22411,1,True,2023-07-17T14:00:16Z,7e0d6b768aca4f3c7fd7ae0da56f80eaa5c794c7cd08db94758c6df62ccdfb1a,4088999,lack slippage protection,unknown,adcdb2d773e4a8fd2be66f784bb7a8de765305ea42285f0ce9aa381ded5195dc,ca2-23403cb09827b5b8f43e,4bb3c2639ce776d23a1499fc57db3785cf4ba54542de0b3b0b9066ed314b5741,7e0d6b768aca4f3c7fd7ae0da56f80eaa5c794c7cd08db94758c6df62ccdfb1a,2023-05-31T06:10:17Z,False,SECONDS
unknown,ethereum,c95568e8171a687c72d8824c183f51b2f628f3ac051389bf2e4ff16bbb736229,15974,unknown,0x5fdbcd61bc9bd4b6d3fd1f49a5d253165ea11750,1,True,2023-11-01T09:58:35Z,94885b95c1ee73fcaaa73b5462ce224590e851f65671ad66703ed4594d1e9daf,410424,precission loss vulnerability,unknown,0641f8a9e943239e0dd3421a770edd2e06655b5ed667076fc0b02e794348ac48,ca2-252276d076fbf17cb546,c262504275b393fb9bf276d59c2848cdce567c347373d16aa083b3ad43674df0,94885b95c1ee73fcaaa73b5462ce224590e851f65671ad66703ed4594d1e9daf,2023-10-27T15:58:11Z,False,SECONDS
unknown,ethereum,8b9139d8dc22eff6182d03794e0ed3ba8da75fc7c6fdf13aeb1c76d1b7cbc286,15623,unknown,0xbbbbbbbbbb9cc5e90e3b3af64bdaf62c37eeffcb,1,True,2024-10-13T10:27:23Z,b4d16a0d5fb478c8e2ca1e88f03f67d08a9db0722c1fa79fd1c6d9a3e9cb652e,24974280,overpriced asset in oracle,unknown,b7aaab727cde68e23beaca8d352475ac0d23bcf8ebc871d91a857a00fd97e772,ca2-2656a778ab34f3a823cd,e3f2d1d79b8e3364ae2bac4066751bfae4908338873bad9d60507b06cb454ac2,b4d16a0d5fb478c8e2ca1e88f03f67d08a9db0722c1fa79fd1c6d9a3e9cb652e,2023-12-29T09:09:23Z,False,SECONDS
unknown,bsc,1db4e19b1756c5534cb8fa7d8a8b6f39dd8a7feab5a7961d2f7c17a91d3ec981,10132,unknown,0x109ea28dbdea5e6ec126fbc8c33845dfe812a300,1,True,2021-06-03T02:24:46Z,528d684179dfb4fb557591d32b6783133b3573b8305141bcbf9c057d5e4dd3c2,82425,incorrect calculation,unknown,82c13f90ea4c66cb88d807fc43a6204aaec382546ee2bc98cbdc23e1cc8b13bb,ca2-275669506c0506e44e0f,3564c2a427126f3a0ade9fc164191a4aec29dc28d7bba7e5ccfc4dc473c10cc1,528d684179dfb4fb557591d32b6783133b3573b8305141bcbf9c057d5e4dd3c2,2021-06-02T03:31:01Z,False,SECONDS
unknown,bsc,300b72bbe1f8e5b681cb44d101fc8bdf0ad89e50e492b095f54d17ece05df429,10620,unknown,0x7ac55ac530f2c29659573bde0700c6758d69e677,1,True,2021-05-27T18:54:43Z,f479617fda2d291b7fe4b9c3bcc194d4fb45e392c8bbd1c3d864246ed37ed1b9,21576474,mathematical flaw + reentrancy,unknown,9dd9a4eb8a987d9184b97e1465b275dfa294817332b5cfe016e899832ca546c5,ca2-28489e4d5123e702b7a8,24b3791109e089ca54f01b638689431ae4791280a6ae2c5f1627df86a2284f73,f479617fda2d291b7fe4b9c3bcc194d4fb45e392c8bbd1c3d864246ed37ed1b9,2020-09-20T01:26:49Z,False,SECONDS
unknown,ethereum,064a7bfbca118ec992410f017681a4e656f1e5f9d244bd523c4f3f7437625917,7401,unknown,0x4306b12f8e824ce1fa9604bbd88f2ad4f0fe3c54,1,True,2023-08-02T08:44:47Z,6e9692489deb3732aa6013529211a1fb0edc0139cbc6360f89948c1f63cc4c69,15092724,fault logic,unknown,6ab7790676592ea416d85dfe5d3d6e0c863e4881e338322a48e2c96f9be8cffd,ca2-28984dadb4e195ff0adc,8f6938add324f4b5ddb179e7fa80f82f8d45d0457dd46ea2cfcc2945b9a02a7e,6e9692489deb3732aa6013529211a1fb0edc0139cbc6360f89948c1f63cc4c69,2023-02-08T16:19:23Z,False,SECONDS
eip1967:0x35afc46f5392304eab8e57ecfc4a93170db415e2,bsc,a9e9f47e85bce0571f5933d7bee02de9201c3766c8d14409c13c54e7092e7816,2141,unknown,0x34bd6dba456bc31c2b3393e499fa10bed32a9370,1,True,2022-08-07T23:14:52Z,1b478b7d247462d50647a253286fbda8d003f399e6d2173ce6e691c0a21ccfcc,836666,flashloans & price manipulation,unknown,939bb8eae753b0f4b44c686dee944082b188def6269c8997a941a6db57d98889,ca2-29064c97bd3050d5cc0b,4a49db35c059ec34750e00b66d01ad59b4661825204025108ba5b9e0cc70505e,1b478b7d247462d50647a253286fbda8d003f399e6d2173ce6e691c0a21ccfcc,2022-07-29T06:50:26Z,False,SECONDS
unknown,bsc,851da229c40eb5fbfddd6bbbb8b34ea4f74ae9021b88f06a55a2b9dd71942ece,20612,unknown,0xd4bbf439d3eab5155ca7c0537e583088fb4cfce8,1,True,2021-05-07T20:13:03Z,5fa32cfbd3f14d9e240aa966596b212dc2426c8f510449dc792169cf8a753227,5401255,cross contract reentrancy,unknown,5d21f201ee1a8b4a445b8731589e3bc83d58a32a0ee87a4a678ee8120fc467f0,ca2-293982257dd654edb222,0a6581e5e809de266c9ac89eb71fd3c1ac3c52e0a777b581fb5202a63ae7b269,5fa32cfbd3f14d9e240aa966596b212dc2426c8f510449dc792169cf8a753227,2021-03-06T07:52:08Z,False,SECONDS
eip1967:0x317b8e2739616c9ea30c4f7e51c1d48c47876ef6,ethereum,12487716809e31b6703ad3c3701d7188dfe813e4e04c5ba3968c4261bc8c1a7f,2227,unknown,0x047d41f2544b7f63a8e991af2068a363d210d6da,1,True,2024-09-26T18:28:11Z,6a78c100e49113d9153395757eec7ced71c4cbeb09b12b285ee6a785978d2cc5,14290344,swap eth/btc 1/1 in mint function,unknown,0a1176fe13615588e630c95d30a37ec6a883a2a61e7f06cbe74c33a5a053e1af,ca2-297229c8f057f9088676,c2669e475762aec7984ee8de4e5214a382eac6a7d833e6be36a1740b43d6fce5,6a78c100e49113d9153395757eec7ced71c4cbeb09b12b285ee6a785978d2cc5,2024-04-14T08:55:47Z,False,SECONDS
eip1167:0x4a9cb5d0b755275fd188f87c0a8df531b0c7c7d2,ethereum,ec2ef6abe31b3d7c87498c7cbfabc0ad3b335302a6562fe471615a69f8a8e7b5,45,unknown,0xbb02a884621fb8f5bfd263a67f58b65df5b090f3,1,True,2022-11-08T22:26:59Z,ab0f6b482016dd664e77c7b14e853497635cc01f6a63a12de0b6c603e0507a7a,45171317,price-caching design defect,unknown,1dfe157d98254254b102db31d18e9b513773edefd19b1983c0c6e028f5d00821,ca2-2ba749707a4aa17e7fd0,d5c685ae91978cfc33dbcdb3d2a84d3683051414d6ade6a246d8184e77ac11d2,ab0f6b482016dd664e77c7b14e853497635cc01f6a63a12de0b6c603e0507a7a,2021-06-04T02:51:42Z,False,SECONDS
unknown,bsc,be885f8b6f92ec631f462af593fea5ea616d228a5698cedd1541dd04b8796b85,2399,unknown,0x1befe6f3f0e8edd2d4d15cae97baee01e51ea4a4,1,True,2022-04-09T15:38:31Z,6b635f25cbb15ec38d50997a3b4eebf823ad911c375f0ce4d6466b664c1c5ebe,1312050,flashloan + token migrate flaw,unknown,85829bbcb02a7437ba0bf6ef6cca10d12b562f58c893e4909f7e5491978a9215,ca2-2c7f349f1a1765272f4b,4d3dbe542dcdaba0236951da8ba750b4ee2ce87c85cb75a31ae7105845f0a132,6b635f25cbb15ec38d50997a3b4eebf823ad911c375f0ce4d6466b664c1c5ebe,2022-03-25T11:11:01Z,False,SECONDS
unknown,ethereum,b6898673205d44564100172ad5276f3ef96e7a97fe050a37efc4cea4d0eb251a,12838,unknown,0xe0b94a7bb45dd905c79bb1992c9879f40f1caed5,1,True,2020-12-28T12:00:20Z,133d236c0b8418be63c20c1a3b4731cf6eb363ecf930e6342a637a1293d6a406,3240624,incorrect calculation via cached data,unknown,e418639180de5a900ed3e0c6aa186ee214cf5807200cebe55a90a0a414eac9ce,ca2-2d1d603841d5194ab452,1703cdc16cfc5c35e672db4dbbd968c857916a51604dfb49cdce799a70fb6d8c,133d236c0b8418be63c20c1a3b4731cf6eb363ecf930e6342a637a1293d6a406,2020-11-20T23:49:56Z,False,SECONDS
unknown,bsc,3eec45d65e7acc83c87ed504539a0d3a740a7ec156fdde18f11fd08da4adaf68,12829,unknown,0x1292267f726e6f313972ec4e14578735473e1649,1,True,2022-08-04T13:50:06Z,1eee3ffa5083a8c69f40adba4b03bf91f8c8f0a87dacfc1844d489df36f72001,74807,business logic flaw,unknown,8b30c09fbb055cbb0e3e5ac7887fa66b169c5deb755e40832adcbe744e778021,ca2-2d415ee24d090e5e26dc,44cbff59e81ffc13f3eb57c3b78d9dc1f5f3d7e4c51e4e70743a2d9ebd6378c7,1eee3ffa5083a8c69f40adba4b03bf91f8c8f0a87dacfc1844d489df36f72001,2022-08-03T17:03:19Z,False,SECONDS
unknown,ethereum,aeffb3d7a0fdc60c8642c7c5292aec71eb8ffc34c5a1ba9319c082a1fd3dc3ea,21111,unknown,0x1880d832aa283d05b8eab68877717e25fbd550bb,1,True,2026-04-20T01:08:35Z,dee60948715aefe5d4a35cc856f121b5de0b6c0adec609c847bf151be58db69d,18883728,replacement_candidate,unknown,814491f0846bbf72efff14e22b51e44743571c77e723d6927c39c9e3a2697ad4,ca2-2dee2c2a8e814aa3fa88,eaa5ce4ca436bbb3fdd416c68553d050219182ef98d886a204850c806f826ed3,dee60948715aefe5d4a35cc856f121b5de0b6c0adec609c847bf151be58db69d,2025-09-13T11:39:47Z,False,SECONDS
unknown,ethereum,2f0f48ed16de49f8615ee8ac58ba14d32e2c113bd04e2c72c6288e3a3d84788b,11800,unknown,0x35a254223960c18b69c0526c46b013d022e93902,1,True,2023-01-18T12:54:11Z,c2a99a4706993920fccd804541cc966244dffc246b785d5ecd04fabb7d3bceae,72643755,business logic flaw,unknown,c19c1b5088b1433dd9066b1e5bc9df9013560d4a8ec5759669126c79c3cdd589,ca2-2f2a6d7666820b172f1a,74c029d7e1086241f40e968fb3e8094ee5e8717133918e4d44bc99f77bc50bd6,c2a99a4706993920fccd804541cc966244dffc246b785d5ecd04fabb7d3bceae,2020-09-29T18:04:56Z,False,SECONDS
unknown,bsc,08f678c3d9e42a325db4d39bb85f221d4dbb1baa424c737274d7d5ea4b64693a,11498,unknown,0x12b3b6b1055b8ad1ae8f60a0b6c79a9825bcb4bc,1,True,2023-10-08T17:11:16Z,af710420bffb036b84091de7ae89c2d9a5677a2e7d47ebfe793b3837028abd8b,974170,business logic flaw,unknown,a085ee793bc7c0d1fc3fbcfaff1fa49f356edd1f5bf718c2b0c573127552e366,ca2-2f4322a54fd6caa407fe,c258c5aab63838a2c560a8e9b3091a3950c4b57ca19596d14b8a3552ea62bf30,af710420bffb036b84091de7ae89c2d9a5677a2e7d47ebfe793b3837028abd8b,2023-09-27T10:35:06Z,False,SECONDS
unknown,ethereum,f4eae0ea38ef88e97ebc5aa7505700eca89d5225243c43e46d422d27078926b1,3142,unknown,0x765b8d7cd8ff304f796f4b6fb1bcf78698333f6d,1,True,2023-05-31T05:54:11Z,d8c41f8660764ff34db08445734e1ce0a277ba4d60f093d0fb3a60072583b1b5,73685342,price manipulation,unknown,1a1c45a5a7c454dfab660de3ecfae86ac9755fec413a04e5249163a0004a2957,ca2-2f764ff5c7c146ad35b3,599fc234b7fcf9830b69526980e437c54a232298e314deb214e61ba9096bf382,d8c41f8660764ff34db08445734e1ce0a277ba4d60f093d0fb3a60072583b1b5,2021-01-28T09:45:09Z,False,SECONDS
unknown,ethereum,4b08cf57647d484f520467ab9f871509e430180753360b7fa9439a8f8fc4efb4,1508,unknown,0x3d5bc3c8d13dcb8bf317092d84783c2697ae9258,1,True,2021-10-27T13:54:02Z,07b1fa5601784aff44f14106cff23bb7ea5c19e7804a6a614874c0f4a8ea2d05,38892925,price manipulation,unknown,088c9287194ce879b03adc0009dc5934e83861cc57b53ab44aef14479143549a,ca2-2f808fc768214bcb9f7d,bbbfbc9851fd73d66c270266b8d29196f070faa8b5a3bc0bcec44db257e74a6d,07b1fa5601784aff44f14106cff23bb7ea5c19e7804a6a614874c0f4a8ea2d05,2020-08-03T10:18:37Z,False,SECONDS
unknown,bsc,360797863f75e3511655db4fbee1bbdc2ffe5b4cfca5197865552729a169facf,3004,unknown,0xa5f3728767f834c591ee99c8c5854b752f39c385,1,True,2025-05-16T07:34:30Z,c7eb5ac44e944c9f735830839c420adc7d2c4a6f2755480d0f9969bae6224cd0,92003,replacement_candidate,unknown,8b9d0ea8cbb072843b10fa4296e44aaac011f276348a02500cde1e270e5bec34,ca2-2fce7b426138574319d9,22adaa1acd411441f259fcc3a0f7ae325b5272859f1dd7ff10be6bf72e3451c9,c7eb5ac44e944c9f735830839c420adc7d2c4a6f2755480d0f9969bae6224cd0,2025-05-15T06:01:07Z,False,SECONDS
unknown,bsc,3895b053eb3f69e2c4cdc9ae4046467f551b26facb5a05fe6ebebdf44b39bfa1,24510,unknown,0xeccd8b08ac3b587b7175d40fb9c60a20990f8d21,1,True,2022-10-06T10:15:47Z,cbf835d2cd9ee6bd6d05d18e16a4e0e2ca1092ff09b40c87166ad89fabb111c6,6642583,pair manipulate,unknown,5cd884d10eb785c06d9e82218fc76df7392b1161b33dcd5d424c5e2af5b5e49c,ca2-301863287cb1e49bdbb5,b7c802445b5e7fa7475bd83b0b20ceae602dd1334667203f1719c9b9f44ba32d,cbf835d2cd9ee6bd6d05d18e16a4e0e2ca1092ff09b40c87166ad89fabb111c6,2022-07-21T13:06:04Z,False,SECONDS
unknown,ethereum,dc1c36a93acb2342d73d0e8cdd10a923dd5e746786ca9264eaf28bb9b7d8e377,17465,unknown,0x9210f1204b5a24742eba12f710636d76240df3d0,1,True,2023-08-27T07:55:47Z,ff6f8cf902e55e89a722fdc2b9608573b3aa2690ec4481111c9c5428a2ef1b5e,53601609,rounding error && business logic flaw,unknown,b07277e75b60aa077089774b3535e07e3b2aa7e2222d34d33575d95beeb75e65,ca2-3049d2889726467cfdcb,7cc0c6cde3a0e160118e09fe47eb181a08f55892f7f424f709a26fa28aa13b0c,ff6f8cf902e55e89a722fdc2b9608573b3aa2690ec4481111c9c5428a2ef1b5e,2021-12-14T22:35:38Z,False,SECONDS
unknown,bsc,68e3f9a4249a4dcf7c98b5c714115c29d9a6cb5ee78b59bbccdb07b81f14602f,2775,unknown,0x9ca66a67dc3d77beb59dc11caf96677843797c08,1,True,2025-04-29T00:27:39Z,5da22b8ecd69128c889bb5f25f8eb874c7c5b36fe0ff57424b56de534c93b69b,44601005,replacement_candidate,unknown,e5e5ca41ea988c76e369d641dc39a0236afbbf6b3e50271a81e13855bb2386f5,ca2-30b42ce7f2f4b08cf742,3a3ed2722f35e4a578ccd6a9447811ea07f565ff9f131dc57e5209cc134b2b77,5da22b8ecd69128c889bb5f25f8eb874c7c5b36fe0ff57424b56de534c93b69b,2023-11-29T19:17:34Z,False,SECONDS
unknown,bsc,dde245c3fd81f5b36c8538b4677ae3117e2b514ddd74240f76e494348b19ea6b,2403,unknown,0x2c25aee99ed08a61e7407a5674bc2d1a72b5d8e3,1,True,2023-04-24T06:03:26Z,081dfc1d80b8f9943f61cf6f470f971dc0642a00766336146e70b0c4dd7d2ed8,6955715,business logic flaw,unknown,4515a180006a347148d4212fb11f32707883e8b9411e2b04aedb60131a5dbd1c,ca2-31fe70569e5c85e1450b,4b7270437b509cf738562ee80ee1a89ce870124347b8917d4c30d4ea2600b777,081dfc1d80b8f9943f61cf6f470f971dc0642a00766336146e70b0c4dd7d2ed8,2023-02-02T17:54:51Z,False,SECONDS
unknown,bsc,79f7138bb1dd3a87b0d69b194d859653f421df6143af9d810af166bc0f138950,4734,unknown,0x760c2aaa22220f24b9343b2a91a62dd664953853,1,True,2025-05-19T16:12:10Z,5ea49819371deb542c1b13f8fa9a885d9eec29d57086802d962413af893a9d21,129193206,replacement_candidate,unknown,5f34903e7d3cb6d2502b47e8053be7c62ccd895c8225e263eb06bc39e749023b,ca2-324926ca92042b3a084e,e8e1e18565d72546cdbc00c131c9d376488bb23acdd12f38f249acddd57bb046,5ea49819371deb542c1b13f8fa9a885d9eec29d57086802d962413af893a9d21,2021-04-15T09:12:04Z,False,SECONDS
unknown,ethereum,22f05376be4df3c8ce416e2b3f915a2cee3b3e8cd57beb3a4749ace35a98a3d0,2785,unknown,0x3f2d1bc6d02522dbcdb216b2e75edddafe04b16f,1,True,2022-04-30T09:32:23Z,ff2da3c303ea07c1d90b43f40e4732efd01ef196998738e8d2f20604b79476ad,13518042,flashloan attack + reentrancy,unknown,ccee39a21e97a0019d71544aadfe32084f5936264cf6bfc13b3f857d4a76476c,ca2-332ccdc5e82202082265,ceac9c7562ecb4c5853015c4d4025484bb58beacaf44a4a8ada8ff1508a9e0ce,ff2da3c303ea07c1d90b43f40e4732efd01ef196998738e8d2f20604b79476ad,2021-11-24T22:31:41Z,False,SECONDS
eip1967:0x01f521187169e19c519e09e24638bca927def30a,bsc,6822e6ac4cc85687549db4a11f5a20655839e9555e531edd64c5f5a26e356553,3620,unknown,0xbf5baea5113e9eb7009a6680747f2c7569dfc2d6,1,True,2023-03-24T15:12:12Z,374ff0328e33cbe225fda17bd905093f4175d95989419efb1fa1a39c2f55ea6d,15037944,business logic flaw,unknown,226d123c2c7e43897433127d093881733d1b5ad9eef57fd9572ad925f67191b9,ca2-33375f53486ac02fc6d2,9ea167ed18a350d7445e0447282141961346964a6ed6cbb2bf33977a27a86640,374ff0328e33cbe225fda17bd905093f4175d95989419efb1fa1a39c2f55ea6d,2022-10-01T13:59:48Z,False,SECONDS
unknown,bsc,a67ad085b3bcb435c19c9f39d9ec5e1fb0c2145ed22cb26bead86e93940bb4f8,3948,unknown,0x028c911c10c9e346158206991e02d09bd0a8a35b,1,True,2024-05-31T08:35:42Z,5ce1b2f4c2e42c1c8779080a2adcbeff4074ea1f21e497f7dd6b5bd6c70ad39d,37378624,business logic flaw,unknown,148a28f341971b96116bbd791dda6b9e7902973362d16313479c23b2247b1334,ca2-33876c68131f30cf0f4a,4509bba22d421abf4ad481c83a685533f8155fa9966898e97c45198f158e308e,5ce1b2f4c2e42c1c8779080a2adcbeff4074ea1f21e497f7dd6b5bd6c70ad39d,2023-03-25T17:38:38Z,False,SECONDS
unknown,ethereum,940ac6c0da44c1361d70c2fc2d0b54a87a3fb64a2c0b291ae620549237a9efd0,20816,unknown,0xeda47e13fd1192e32226753dc2261c4a14908fb7,1,True,2023-05-09T05:43:47Z,94c162e507eabba857a917796535c9df1f0e9593a3108f88f81e1a4a64e9034a,45813792,reflection token,unknown,7a756cf5eb13e5fa5a35f23bf07485a4f7f44c1f8bb703a67f92be1026523076,ca2-347a5ac7c8586f3866c1,bd4510699de913c80dd40bcea143d0bfcaf767c69dd8480ad22d7ecea2ccb395,94c162e507eabba857a917796535c9df1f0e9593a3108f88f81e1a4a64e9034a,2021-11-24T23:40:35Z,False,SECONDS
unknown,bsc,474e691f223fc1d095f4fb6e0f85f7240684006e6b76fabb97215943e351c4e7,8502,unknown,0xdf4895cd8247284ae3a7b3e28cf6c03113fada5f,1,True,2024-05-28T18:01:03Z,09934fd1ee5cc0efef168d88bce4d43d20c91df27871a11fecfec431ffabd447,1071721,business logic flaw,unknown,84d74dd446c1dec1bf35ef0ece5ac7e028a008ea475bdc753bb7eb44449ab55c,ca2-3503e03a9a7fd4a87fe3,90e2c64f5a0166569f0e3b1d2d01d8b79817820c901c1761d48b7bc83de32277,09934fd1ee5cc0efef168d88bce4d43d20c91df27871a11fecfec431ffabd447,2024-05-16T08:19:02Z,False,SECONDS
unknown,bsc,41c50ff2a3c1c5da796c57840ed2c5697953fe223fb048069fd50dcb95cc1ed2,11861,unknown,0x810f4c6ae97bcc66da5ae6383cc31bd3670f6d13,1,True,2024-05-06T03:35:48Z,93b1b1bf6455e78674f8a6bb6a8d55d6a6630e3dafcd96d3b27f290d516ff3b4,1716722,reward distribution problem,unknown,e5f4bd1acf8239132172bf093a69453db7ecfbf76b870733123efa305f1ea84b,ca2-351de4f0c9d0919d5212,3d5ebe6e0a9d53a78512a88c776e2f935e881a3f1bb16c667e3e53cf2a646420,93b1b1bf6455e78674f8a6bb6a8d55d6a6630e3dafcd96d3b27f290d516ff3b4,2024-04-16T06:43:46Z,False,SECONDS
unknown,bsc,a9c0941861056920e909b3ae803584e1688ee04edb4c8de75e6691b2e0967b2b,2097,unknown,0xf436f8fe7b26d87eb74e5446acec2e8ad4075e47,1,True,2024-04-01T05:18:50Z,877e599d3e85794cdd203baf648d1930198a59b3f0868dc5eef6ba2694dd621e,32386086,business logic flaw,unknown,a2e014294a967d0292e914e6a52c050b5221a5ccd237a1129ec1ebb31bb3dd5c,ca2-35c4477f5ae385f13b96,af31b9536ff61e0d26112f1758a0bc8018d4f830e27439c297d1625073239135,877e599d3e85794cdd203baf648d1930198a59b3f0868dc5eef6ba2694dd621e,2023-03-23T09:10:44Z,False,SECONDS
unknown,bsc,c145d26ad7d94fb3299995fd536cce48ee93a0b2276f0d34b1c7c20de2cc78ec,8260,unknown,0x5fbbb391d54f4fb1d1cf18310c93d400bc80042e,1,True,2024-11-26T12:57:53Z,a68c0536d17a38df80b939d823c819c9843ae9f631232fd6e933162f2162c69e,13401131,replacement_candidate,unknown,ffb16f5db906482166a27b3892393f83e4b2142dfe44531eab5b8bdf80442a5f,ca2-3626b19eb243950f0171,19605ee67f2747074d958c14d23f22c8aba27fa5d2c8a15e542c8102897c8968,a68c0536d17a38df80b939d823c819c9843ae9f631232fd6e933162f2162c69e,2024-06-24T10:25:42Z,False,SECONDS
unknown,bsc,97b0f99a59fd031ac17cbb11868bed5e218ce6d79ffdf3f6cdac0657dbe14f44,14770,unknown,0xa943ea143cd7e79806d670f4a7cf08f8922a454f,1,True,2021-04-27T04:11:47Z,d0a67cbb279c9ad6cdf5e31f305019b33365aca79f5f66d28d385fc0b93a5cb5,855462,miscalculation,unknown,af1e607adcd85d1a2f782b875608f9ce04e4d437baa6d1626304efbb0931ad84,ca2-36bcb163bd23551701cc,ff343d7ac53394a7db7ee99a561701e9cbc7d9328c1693271b24231e4057aa6c,d0a67cbb279c9ad6cdf5e31f305019b33365aca79f5f66d28d385fc0b93a5cb5,2021-04-17T06:34:05Z,False,SECONDS
unknown,bsc,9182941320670d837db909af46020f47b934b10edfca2c1f94539ba149a3d2a4,11911,unknown,0x94e06c77b02ade8341489ab9a23451f68c13ec1c,1,True,2022-05-24T06:43:47Z,f68282a9809ae7bca1638bf4ada6a11642ab065c0a5bc063cd1c85fba4f3b802,8732312,skim token balance,unknown,f32edd2e3d6aa7399a1e2cb7172cf740aa3f2f55be2a957dfa2eaef382809ee6,ca2-36def0144d519bbc5d86,c105de113970bc76c037ac8a90f09f53d8028e6406fd44c3d1ab7ef2447eaf3d,f68282a9809ae7bca1638bf4ada6a11642ab065c0a5bc063cd1c85fba4f3b802,2022-02-12T05:05:15Z,False,SECONDS
unknown,bsc,c0feea81dde2f7c7ff83970f42690051177ae29adfc15e1ac810e03b4ffa81c9,12393,unknown,0xe4997f98e84c1891e7b57069e177fccf5f4f6094,1,True,2025-06-08T15:32:05Z,e7ed6a52c6cfb8e439a661bc705701bd5a08ce608b67dba752706b91d8951a5f,22055593,replacement_candidate,unknown,faa37e936fd6a74fac3d4a9de9a39cd53f85279221c399e2291a19b85bd39962,ca2-37b12c1f2e2b7af31377,8acc0692fb732a7de8a13d4eca4f89fb1faf933cd73fb3211596fdec4fa80e09,e7ed6a52c6cfb8e439a661bc705701bd5a08ce608b67dba752706b91d8951a5f,2024-09-26T08:58:52Z,False,SECONDS
unknown,bsc,d31ee3b15ff62d88acc5a151dd3bca84fb8ac470a3013bd89c5b22348bd440c6,12954,unknown,0x061944c0f3c2d7dabafb50813efb05c4e0c952e1,1,True,2024-12-03T17:27:16Z,bb04a00293c343e901d3186aecb2235e4c78a5d2a66c5f046e8aa264bbf916b0,782729,access control,unknown,cef83683596c6031c28c2f106803f31b9ad2b6dc367a3252e1748acbf82d35c7,ca2-382283494db3462edcb4,4ade4a8f8581275b3efba9563bd90551d8204eeb01f0bde5cca005d338385bf5,bb04a00293c343e901d3186aecb2235e4c78a5d2a66c5f046e8aa264bbf916b0,2024-11-24T16:01:47Z,False,SECONDS
unknown,ethereum,e183c18190e3a533bb95dc9f2aa38996a68f75e5f6537a813d7b0da2527e1801,11082,unknown,0x6847259b2b3a4c17e7c43c54409810af48ba5210,1,True,2020-11-21T18:36:19Z,ad5c9a246a4f6680806a52628feec6b61a0fc7afa551de208c49f43226d4b746,2485922,insufficient validation,unknown,99c798b45584fb9792012476da098f4b557cd0dfd55a8b0160c8197c2ef1fe97,ca2-3843aa138b13af762925,ef39bf7b1efbb7560132e59a4949df4ddcfb146d9a202fb8d2db7b9c06964cb4,ad5c9a246a4f6680806a52628feec6b61a0fc7afa551de208c49f43226d4b746,2020-10-24T00:04:17Z,False,SECONDS
unknown,ethereum,2358f70d449827551602e7c321fda4fd7d2f1b328be547b71f998b12f4d98e66,13158,unknown,0x237d59bf98ec4f4f013bc35d66f22d2bc9504b3f,1,True,2026-03-15T17:15:35Z,327e4998dcd12367fb638cddaa11f7c61ee6c72a4dc3a208b772574292a29c07,185547217,replacement_candidate,unknown,94231ea62fdfc5bca4a206bce86079799d832bd13c2c7f534e8288a15fecfbd0,ca2-38de662649bc5f386b3b,c8acefb259e38754dca901e5920ffff135a8e7f29d6cb3490b2e3ee95958bae0,327e4998dcd12367fb638cddaa11f7c61ee6c72a4dc3a208b772574292a29c07,2020-04-28T04:21:58Z,False,SECONDS
unknown,bsc,483f7374976b6acd3e970e793701b3082e9545186aea741de10b771170c11f01,8043,unknown,0x3aa2b9de4ce397d93e11699c3f07b769b210bbd5,1,True,2022-12-05T08:57:22Z,e44d08e74a39343b81337c7192bfd1e4139a1c8438adb320e5cdd5353585af62,1725499,flashloan price manipulation,unknown,b709276b8b9bddb8c06f1a721b2cb486f84de81e0a9351c62bff7496f33c3f96,ca2-3a72b153af20c2c77bb7,a105d5ded95251de68b62a056b2b6b40de7fa76e129067431f862d99920e9abe,e44d08e74a39343b81337c7192bfd1e4139a1c8438adb320e5cdd5353585af62,2022-11-15T09:39:03Z,False,SECONDS
unknown,bsc,1d589480bf07e0bba4d8d5fc6243e69b428efdf4efc1fadbe9a03dca9b90be15,10447,unknown,0x7fdff64bf87bad52e6430bda30239bd182389ee3,1,True,2025-03-27T17:43:09Z,c0cb9c8a1960dc59741a1047939d2b3b724ff53002e26a06070eca8067d3f9db,13995,rug pull,unknown,184784bc574331f44bf208be890a33469b716353c5b284b90765d2eb7b933ef5,ca2-3ae6d0e93f222f7571b2,5d60018ad74c53b76dda0ed5a11f1c51da9b8efba333a0d99f76a87ac5d24a83,c0cb9c8a1960dc59741a1047939d2b3b724ff53002e26a06070eca8067d3f9db,2025-03-27T13:49:54Z,False,SECONDS
unknown,bsc,7ab4f795048c334c122cc5c05e29e523b9e9a80a6ffeea5ea4f4963d10c279a6,17620,unknown,0xe48b75dc1b131fd3a8364b0580f76efd04cf6e9c,1,True,2022-09-08T04:57:58Z,6fc4f38619472f6e95a4b0f92f9a340254af4ce9439c37260831f47374b563f5,10316339,broken access control,unknown,b38ed004ab0aebe1298dce14458a64170042322796b1b74e6ce7b0fe68f51bd7,ca2-3b0aac1754ae5d74f870,ac9d2b46f173afe10a656ef091b1736774c3fe18db63a3617da0573c002ac0a3,6fc4f38619472f6e95a4b0f92f9a340254af4ce9439c37260831f47374b563f5,2022-05-11T19:18:59Z,False,SECONDS
unknown,bsc,adedd3b42c412842999739844a78c8689e7496eecfef420c00e3f85aac4523d4,3808,unknown,0xca11bde05977b3631167028862be2a173976ca11,1,True,2025-08-20T14:29:30Z,f225fc5aab1333270f6b7db2300e42f52354f5488774a9669ca738a74a0d2768,108745896,access control,unknown,25ec34cd4161a5829bfd07024429d75973418f5e0a49c2807839d7e8439116d4,ca2-3b5e98c9b74a83f683a0,38569af1a14d868c8058028f6f6f17e30921557bbd58ed5d89327ed31c5f4a80,f225fc5aab1333270f6b7db2300e42f52354f5488774a9669ca738a74a0d2768,2022-03-10T23:17:54Z,False,SECONDS
unknown,ethereum,32308ae6d7ff87f02ff2eeb0cc48fc6c7347bf3f5fde0855ee4d88a6b7188cb0,2652,unknown,0xd2933c86216dc0c938ffafeca3c8a2d6e633e2ca,1,True,2025-06-12T02:17:47Z,28611b8ce75d6319de8ac4818e9eb1ff948729dd6b065e14df2594b4300ff600,104686076,logic flaw,unknown,2c1d9f00f466bba773651d328fa9c4844f8735419778d04f1bda78e7556819e0,ca2-3c88785c0f3b4867d7f4,5295aa260fb5ec4a280685b1e62c55e71c4f3eb33716887260f7fa8c6da12ec3,28611b8ce75d6319de8ac4818e9eb1ff948729dd6b065e14df2594b4300ff600,2022-02-16T10:49:51Z,False,SECONDS
unknown,ethereum,b2cc8410c03ca5c522526b9fbf9c33b0d22e545a53e75fe36245b80c8a247919,17866,unknown,0xb276647e70cb3b81a1ca302cf8de280ff0ce5799,1,True,2022-08-09T20:04:13Z,3852d2ef674e83dc4258242ccf57c0b5a81fc52464c44eee99e5c27e7afb9f8b,47407628,incorrect logic check,unknown,0afebf3add6de6f45e0bf4a004a2158a91f84ac590ad59b6c838acb9171c40f9,ca2-3ce3786a7c84825faed0,6de8a8a373308a3559e6c7253ecdf98ec703221e6e42b50893f078852e928189,3852d2ef674e83dc4258242ccf57c0b5a81fc52464c44eee99e5c27e7afb9f8b,2021-02-07T03:17:05Z,False,SECONDS
unknown,bsc,526e0b173511de67a632bffda5a7a5dc4d34771ff44531db03c39971498e6d32,12507,unknown,0x1f415255f7e2a8546559a553e962de7bc60d7942,1,True,2023-07-12T07:08:05Z,453e8b9a30c429ae96f6829df8ca16ac6f97eb9f489bdf85db48fb93beeae87b,1899635,business logic flaw,unknown,5dfc59f9d208558ffa8d447d11bfa31fe8b78ad85dc65aab0f460bbdfd0b5b8d,ca2-3ceb352e665fb61f7402,8c2e736db77927621e6a9fb23288a1b0a3617bb650293207a61e89877506adaf,453e8b9a30c429ae96f6829df8ca16ac6f97eb9f489bdf85db48fb93beeae87b,2023-06-20T07:27:30Z,False,SECONDS
unknown,ethereum,63c2350333502d009d222896d055539de3295ac7e2a7817c1ab5d9450f69f97a,15740,unknown,0xf2919d1d80aff2940274014bef534f7791906ff2,1,True,2022-12-29T05:02:11Z,7f8915dbbd2400d2f97d139fda1e5e3f107f5049c56da046d4575f4ff016fff7,14015651,insufficient validation + reentrancy,unknown,e914ec10285458d634e2299af1390d9441077ef27decab146a255d874a1eb5b1,ca2-3d7964746397bc97e185,4e62913cbff96dcff1bc9abd576c1a994cf68f859bb391444fda4928e4337355,7f8915dbbd2400d2f97d139fda1e5e3f107f5049c56da046d4575f4ff016fff7,2022-07-19T23:48:00Z,False,SECONDS
eip1967:0xc60c6854d10c034718aca198fe92d73eb83b744c,bsc,fc63ad62f4fc0a65f493ff0990ad3686f78d41a4660d939fb760b8473fe42408,1935,unknown,0xb390b07fcf76678089cb12d8e615d5fe494b01fb,1,True,2021-05-16T10:36:17Z,f874e1896bb36bda3d035ca9ae42acfb7fd46430bb6fc3288cf11d7497d7dc21,7890249,logic flaw,unknown,9c9ba79ccff1e78bd113ead74f556b99cb4bd7034cce1e0c20f6d99421fe8ac2,ca2-3d8e91015c9360a5a76f,b376d9f083c8eeaeb35689cf5e70961830489fb4545457f759a6b891131ccfd9,f874e1896bb36bda3d035ca9ae42acfb7fd46430bb6fc3288cf11d7497d7dc21,2021-02-14T02:52:08Z,False,SECONDS
unknown,bsc,3a6d33c083fcdb37f3698b98a62b70d06fcc64a455432fe62089a8880a64fbb1,11337,unknown,0xed56784bc8f2c036f6b0d8e04cb83c253e4a6a94,1,True,2023-07-04T12:06:23Z,9e837f831358153aa0126565ff12c946158e2e04931a6468d97e21f9bdad6600,1373383,price manipulation attack,unknown,7ac856f0cdd164500851410ba3b85ce11c59edd103a06973a4259785c298e728,ca2-3ea99bf48860cd3d90e9,642e29afa5716525c453ee05f4a8b9528aaecc64d7e911b9104f63211a5d0d64,9e837f831358153aa0126565ff12c946158e2e04931a6468d97e21f9bdad6600,2023-06-18T14:36:40Z,False,SECONDS
unknown,bsc,46d3e480039700ca791effbe4f598a99781a9031c0ae5c3cdb307c780627fe08,7502,unknown,0x179aad597399b9ae078acfe2b746c09117799ca0,1,True,2023-04-01T21:56:59Z,4c89f79709f1abc54b6ee9340b84e6c26aafcee839a8d6cb0d6dd34f9c488bed,18016214,flashloan price manipulation,unknown,031fb267501d8d7101f01cb0f6a09001a2125922fee136aea762eaa88b69c582,ca2-3ef6014a26a0b205a68e,9e0ecb4af2119e3bf1a4c25fb424b9d027aa7b14b14f5bdcd208029d91e8ca2c,4c89f79709f1abc54b6ee9340b84e6c26aafcee839a8d6cb0d6dd34f9c488bed,2022-09-05T09:26:45Z,False,SECONDS
unknown,ethereum,6667967001edab8aaa8c459a068c2f19eb07591b80d5a53502222333f0600513,12023,unknown,0xcd6ca2f0d0c182c5049d9a1f65cde51a706ae142,1,True,2024-02-01T10:16:23Z,88d65e21420fd69df1acb6e4d48d55054d2c936ce56784fded39d4bda3f3faa4,5184732,lack of validation userdata,unknown,c7ea4cd4d51b030c78307ff4d50549a27ecdf48daeda5634e5074e4093cd7382,ca2-3f7bb52435313429cfa7,52e53f23447492685c84f6ee24403c96581f2dc2984f50fdacf0154e5feff692,88d65e21420fd69df1acb6e4d48d55054d2c936ce56784fded39d4bda3f3faa4,2023-12-03T10:04:11Z,False,SECONDS
unknown,ethereum,4b08cf57647d484f520467ab9f871509e430180753360b7fa9439a8f8fc4efb4,1499,unknown,0x3d9819210a31b4961b30ef54be2aed79b9c9cd3b,1,True,2023-12-11T00:58:59Z,358f4a29c29be7c5ecd2ed12a9c15e3f6b90713f707b52de056527b947d7eace,144978702,price manipulation,unknown,73c96c4315517dfefaa833360470751cda177c9557bc2f2f07c9d39eb555b9b6,ca2-40ac2c3e107d3d88709a,b83361a8e1a1dfc166483ce98b7d0dc55dacb8bf5a1bbbb8cf5f00c68d5b3a7a,358f4a29c29be7c5ecd2ed12a9c15e3f6b90713f707b52de056527b947d7eace,2019-05-08T01:07:17Z,False,SECONDS
eip1967:0x9bbc2890239bd144dd6f6f0b65cda56c597fb88b,arbitrum,d20783f15f1c955f43d8505d2018712f608166ed47219286cef2278b3f318367,2124,unknown,0xf7ca7384cc6619866749955065f17bedd3ed80bc,1,True,2026-01-10T08:30:35Z,8e31e7c1d16667095b79e423431eb8ef4553819a43cada8bd9c7d5bddac3659a,133801435,unit mismatch,unknown,c86c18b91edd810024eaf70fadeef0e7193b5a40db03a8d2dad5f28fd8b577af,ca2-40ca8a9aca77ecfbfe71,1bad9369dfe5825b61005ccbdf6021fa5628dab0e6bd2ba78dcb683bdd6c156d,8e31e7c1d16667095b79e423431eb8ef4553819a43cada8bd9c7d5bddac3659a,2021-10-14T17:26:40Z,False,SECONDS
unknown,bsc,10f86306ddfe5f9e92288866e9dd9833a7dac0aec175b5f889fdf6f7b0bb20ec,20321,unknown,0x27dd6e51bf715cfc0e2fe96af26fc9ded89e4be8,1,True,2021-06-22T22:57:57Z,2eb68bd9a822ac7eaa7121fb3436efce7bfc24693443a494528bd5e5c8e0d305,4997153,doesn’t burn shares,unknown,e505c56d554acc707f89a108d0956af609be7396fcc99bd8f3ef29cf3212d737,ca2-411b50fea47298d98579,d2629c5bc0a98e19fefeb5705fd167b2f7106db3b0ab2659fd61a8b00e3242f4,2eb68bd9a822ac7eaa7121fb3436efce7bfc24693443a494528bd5e5c8e0d305,2021-04-26T02:52:04Z,False,SECONDS
eip1167:0xf642f2a626a8b732619606c493abfc2433dd2d35,bsc,3ce98d2ad69c88f70f5c8197f4c51d6332a28a5a26d7efe098d02388a4bcb8c8,45,unknown,0xd0fbf0a224563d5ffc8a57e4fda6ae080ebcf3d3,1,True,2021-11-14T22:42:08Z,d086e195c5cac549cb40edc7992f56e2237dedddaf989b06f605a6fd2e1eaed6,16241970,swap metapool attack,unknown,13a8b81f8306eb5e7ac6db0e8af6a9d09e378cf39ff1a678829fab06d7d2d194,ca2-4146cf0ae387533d1340,1f1ea1937636872bb4a319edd6f5802329054275dc5921073c3aa743bb9cd2e1,d086e195c5cac549cb40edc7992f56e2237dedddaf989b06f605a6fd2e1eaed6,2021-05-10T23:02:38Z,False,SECONDS
unknown,bsc,23b1182d0642bd87e6ab01514a1fc72b07bb0699e43e6c1a3103714c5a2b9459,10160,unknown,0x2496b87189d5ae18d4d83b8a7039b0c8a07d98d4,1,True,2025-06-20T01:08:53Z,81507256a25498b5156f7d39fedcd68dfeed3b797f66b306a9ced22926df784e,8326351,replacement_candidate,unknown,846378ebd8dea40cb20578a3703361b1a7353c63c0e28893c7d05d6d189ee2ca,ca2-421dd5bf165b069c74f3,a1eb31543308660e68d7b9e787fb6cdb6defe360f5ccc1408f23e26a4fd23c38,81507256a25498b5156f7d39fedcd68dfeed3b797f66b306a9ced22926df784e,2025-03-15T16:16:22Z,False,SECONDS
unknown,bsc,d1bfeb2f10bd9f3e873ae7a0f0bb64c1f6fd984f583ef00ae293b872bd511bb9,12385,unknown,0x80df77b2ae5828ff499a735ee823d6cd7cf95f5a,1,True,2024-06-18T20:45:50Z,7d19fc1063b77922dea5dca5d2d00a655ff259823422ba6f8d14fcfe06d4cb7c,2781343,business logic flaw,unknown,6fc77210e9bd32d11766acd5c6db22dca78782b5e909a18ea002d156008e18e6,ca2-42413804b9b826875275,4c0727821431fe14c91656f5abc293f5ac5f978f76fc68202df8ce592e2e2f74,7d19fc1063b77922dea5dca5d2d00a655ff259823422ba6f8d14fcfe06d4cb7c,2024-05-17T16:10:07Z,False,SECONDS
unknown,bsc,9c91f7485fee10a08030d681ab2c3b2dbf68893cfb23495ca5a577391c281934,12456,unknown,0x57db19127617b77c8abd9420b5a35502b59870d6,1,True,2023-05-13T07:12:13Z,48bddd7f5903cfa104f333b198dbe0b6008457ce4556caef421a987214efcffa,3701006,price manipulation,unknown,c7e002309448bc1072a0dbe908c6a511af1d63c93ade93a56b7fedf02b98b9a0,ca2-429b8f8a4d1baf287471,1d9b8f4313c984057af944851471ecabbe5457784d018605bb9a256ab248622a,48bddd7f5903cfa104f333b198dbe0b6008457ce4556caef421a987214efcffa,2023-03-31T11:08:47Z,False,SECONDS
unknown,bsc,c74bc6818f03e737811d65ceae088ddf101430d9282adc6be5ca075bf8283ace,15407,unknown,0x1bf7fe7568211ecff68b6bc7ccad31ecd8fe8092,1,True,2021-06-25T00:07:22Z,d8ae218fe1de61436bf85bdb53d0e040e2100ea4d176b1b9ff7d522e3f813090,11101497,subscription-incentive-mechanism,unknown,c9a71f92277c78c76d013fe5ee6037439f1811a79a480ecd2612a4795acff72b,ca2-42dc2e766a267767f0d8,2a94cd06797421142746cd718f42bef369a41a17e0a81855a6815b95b5769fa6,d8ae218fe1de61436bf85bdb53d0e040e2100ea4d176b1b9ff7d522e3f813090,2021-02-16T12:22:25Z,False,SECONDS
eip1967:0xd8cd8896d333acac3a0c155ccdb630660b4d03d3,bsc,52901eec4ede39ff43e13faae9e75857e966e7c8f49940408ac2c2235791e335,2092,unknown,0x6fb2020c236bbd5a7ddeb07e14c9298642253333,1,True,2022-05-29T13:45:35Z,1c1bf25866519f11247ac7121496e302a86cea40cb9f55e6d0c5f7413fe2c24f,11572778,flashloan & price oracle manipulation,unknown,93ede1f2cfd53ca6cdb19c0b6b3048b43a953cde0cedd9ec7854bc588a98290d,ca2-441ed1a86d9edadc1707,7a0df0f3a33a7a0cfc1bee5ff35125a66b903ad1085ee08847b55020fb00b826,1c1bf25866519f11247ac7121496e302a86cea40cb9f55e6d0c5f7413fe2c24f,2022-01-15T15:05:57Z,False,SECONDS
unknown,bsc,914f19e44f1f2a3dacb407db584ad2992a96ae4cf7faa3bdf5afba0c5b0352d3,8887,unknown,0xb5a0ce3acd6ec557d39afdcbc93b07a1e1a9e3fa,1,True,2023-04-19T01:04:38Z,bf5e4f913667a53aea5826c14919f3e469f1ee604dc11aa3ac4c5a9894f8c43d,58954208,reflection token,unknown,13dbe0441ea8500922a3d02d929e11e00dc1b703a50593c8c3b3cab4ef21a9bf,ca2-444479add25939f22fc7,0a2d117ca2b1b2a7332fb8fdbedfde468ca6d4c2a70ce19cb41ec6f9708aaeed,bf5e4f913667a53aea5826c14919f3e469f1ee604dc11aa3ac4c5a9894f8c43d,2021-06-05T16:54:30Z,False,SECONDS
unknown,bsc,af96106595c9196b723190024c454537aed232ed32d81e5c5437868435990b3b,13208,unknown,0x8785bb8deae13783b24d7afe250d42ea7d7e9d72,1,True,2022-10-01T18:35:54Z,9497308d4b8f3a72d9917966216e12ac9cda108d0cbd35554af409c400098a99,29677268,replacement_candidate,unknown,a6e31fa59ab0d595d19597ea78fb3925a3d567f79a3c2437c51f1ce41d5e689a,ca2-4565d5902877fc12ffa7,4017368d15a7beac4dfd83d5c01975782c06344890d80a803aa0d95fea4eb2a2,9497308d4b8f3a72d9917966216e12ac9cda108d0cbd35554af409c400098a99,2021-10-23T06:54:46Z,False,SECONDS
unknown,base,86d17aaebc43c2481c6650147b6a9d384e5558fb56120dbc67e559ab8477ac86,9505,unknown,0x7f12d13b34f5f4f0a9449c16bcd42f0da47af200,1,True,2024-05-26T03:41:51Z,65512ac6932dafe72c3c10818fee9a30790bb22337bf87a6897c23948fbaf404,6845494,business logic flaw,unknown,0eff74e11155462267e4208bf4df75d22eecc537e1c7cc97efd431082b371e5d,ca2-470ed35ca97a31cab7dd,804002e6aa1f3050e7152ab3bc7f34ce4ecf826ed0c2680eaa6bfb5eb8fa5c21,65512ac6932dafe72c3c10818fee9a30790bb22337bf87a6897c23948fbaf404,2024-03-07T22:10:17Z,False,SECONDS
unknown,ethereum,4f47976685d829cc48b82178e98b704ffcface6ac48fbdcb13fe36a8b049d0fd,7821,unknown,0xb0f8fe96b4880adbdede0ddf446bd1e7ef122c4e,1,True,2023-07-04T13:30:35Z,296ba55bc7c0ada4784016390a0d11b835c58812777bbd0251276f733c48f80c,11448120,donate inflation exchangerate && rounding error,unknown,e47dddbe5d55e1c72b29b089324518b63ad170aa3a39b033c6b934927f8fdefb,ca2-47d01daca3ef9c1ed2f1,02915a9854861eca3d9ac311005dfb268b64720a40dd86f919e8709930a53fd0,296ba55bc7c0ada4784016390a0d11b835c58812777bbd0251276f733c48f80c,2023-02-22T01:28:35Z,False,SECONDS
unknown,ethereum,6cadfa37a9c8e1052da770a43ebf404ff0c85bad153160fd69a1ffbf23849a05,18557,unknown,0x50f5474724e0ee42d9a4e711ccfb275809fd6d4a,1,True,2022-02-08T03:35:39Z,de4c501c35747a30c0a4d665b3ed138372d89bfaf37bf00585f419664c88de65,68759002,access control,unknown,27ce1fd7c0660818bebef82477bd326e0cf5b973a2d1d35fdb337eee58f6240a,ca2-48d4577fa72f25875ad3,589df6f0992e2653049f1408b3db4e2258154d4cf56c0c23d7b0bbfc4f6156fc,de4c501c35747a30c0a4d665b3ed138372d89bfaf37bf00585f419664c88de65,2019-12-05T07:52:17Z,False,SECONDS
unknown,ethereum,92637db4736a3ab38d6dd5d942dedcf8147e5a6708c2fba6b81da07eb3296d8f,14070,unknown,0x3335a88bb18fd3b6824b59af62b50ce494143333,1,True,2022-12-25T08:30:59Z,bafe97953abd76570fa8d25eafb72d20e2c5b9e6d865c01caa452b667e1ee2c9,10622734,arbitrary external call vulnerability,unknown,86c9d3f9696a62ecc9df1e97657ab376b2116db4b9eb33b3592a157d46669732,ca2-4ab53dc147bf1894e356,62f5c3e9c102b9855426d90f8bc3102168066b4df5f73111db86dc17b781903d,bafe97953abd76570fa8d25eafb72d20e2c5b9e6d865c01caa452b667e1ee2c9,2022-08-24T09:45:25Z,False,SECONDS
unknown,ethereum,b4bad90d2ffb912f38083f8d0c274baee054ed4e16d62cc4a889e1c325693166,24491,unknown,0xbb787d6243a8d450659e09ea6fd82f1c859691e9,1,True,2023-07-21T10:34:59Z,daf73dbc85822deefbe9821e3ce1a0dd082d39aadee364beaeaf3d5cf39d5352,1720956,read-only-reentrancy && misconfiguration,unknown,470f2868a7973f8d728100fd09b7006b497ec92481db40d95d0c2e5ee1feb187,ca2-4b9009f78d24b677e07e,4f825c325b06632b0c9f4d139e46e62981ac5b1773ae22f66dc300aba59b4f39,daf73dbc85822deefbe9821e3ce1a0dd082d39aadee364beaeaf3d5cf39d5352,2023-07-01T12:32:23Z,False,SECONDS
unknown,ethereum,8663b98a4d0539f88094769f287a61ea74eebe5cf69614f180b42eddb65972ea,4715,unknown,0xae60ac8e69414c2dc362d0e6a03af643d1d85b92,1,True,2023-10-05T01:48:11Z,c31035c7b8e48c80b237330485f75a468f62cade37b7dfdaaee49653d4e1b689,81945206,business logic flaw,unknown,c876839b342eef8b3ac51be94cd3170e98c27f86539a402ff757861beab84176,ca2-4c0faea601ab4a95ced8,7d2d360a3d2059ec31298f00625212b8b5d01bdad91bdb7d2d2355b06a4510a4,c31035c7b8e48c80b237330485f75a468f62cade37b7dfdaaee49653d4e1b689,2021-02-28T15:14:45Z,False,SECONDS
unknown,ethereum,34e6eec10f7087089aa40ec59862db9ab3f4e42c48ca697c8a350d8b684d4b21,15795,unknown,0x8f9036732b9aa9b82d8f35e54b71faeb2f573e2f,1,True,2022-10-08T17:02:11Z,a97d6392dbe1600b93728ad3424e9b6740a9228a07e10c1312512e2ca330f5e7,40602050,malicious proposal mint & transfer ownership,unknown,a23899c5e624a65862a716303b92d8cabe6b77aede186bddb2346cdae726b3ef,ca2-4c7dcc457e38b7cc78ee,c4f0602fb295ce95436231111a7d4c39cd316287313d850376b9f0d6ecce4131,a97d6392dbe1600b93728ad3424e9b6740a9228a07e10c1312512e2ca330f5e7,2021-06-25T18:41:21Z,False,SECONDS
unknown,bsc,ba31e22e0f509d958eccb86a1c4cd1ffe909d5f4de5796ec4bc9be08978d45b6,23340,unknown,0xfadda925e10d07430f5d7461689fd90d3d81bb48,1,True,2023-09-26T18:37:09Z,1e3a92f51ebe4b245e9a538a6ef2b8151fd96a29e4663cc62355eebcf3944f0f,8055204,reentrancy,unknown,6fc0347da504423f860a877ab2d5c64418c01458045a12160b1b28900daec066,ca2-4cd0e024b3073b041691,5ece0a5e4a48e3b8689589cfd19e25214bf0d3c411f707404d9e4e11990f75f9,1e3a92f51ebe4b245e9a538a6ef2b8151fd96a29e4663cc62355eebcf3944f0f,2023-06-25T13:03:45Z,False,SECONDS
unknown,ethereum,755058c70db595df92dafe834d78d5c9c7a26b3e6f8f08afcc4f34d302c97b79,15081,unknown,0x7094e706e75e13d1e0ea237f71a7c4511e9d270b,1,True,2025-02-23T23:48:35Z,f9533c6555d4d566aeacc227be0f59c4d10db2247abd84ce53dfd23756490f47,98997748,business logic flaw,unknown,3e0a56309a6a6b2f34469e129b064d9b1343a27fca795f653e9507267a59936c,ca2-4d6568a7691d786971d0,d8fc16bfe764f0ff375ac03fb0df683aa4cdf7e2515dca494da07d80bca3d37e,f9533c6555d4d566aeacc227be0f59c4d10db2247abd84ce53dfd23756490f47,2022-01-05T04:26:07Z,False,SECONDS
unknown,ethereum,9f41fe7063306ead631fcc38782b393dcb847ad0bf064f579064ba12c81fd00e,15484,unknown,0x531110418d8591c92e9cbbfc722db8ffb604fafd,1,True,2023-02-18T05:16:11Z,f0af2f662f7dd6a775a13c36b6c0dc58c31bb3b50eea0b9053019540d46948af,1161300,arbitrary external call vulnerability,unknown,33625da2121018c991568d0e257b85af65ea831978ce918305fc18d5e6000c51,ca2-4de34020e1fa2eaee68a,de27ccc00573f4cba346cba8c62a307ccb6948c388cdd22b900da129b838ea75,f0af2f662f7dd6a775a13c36b6c0dc58c31bb3b50eea0b9053019540d46948af,2023-02-04T18:41:11Z,False,SECONDS
unknown,ethereum,7a9ab2e34717270ac389e2fd7e95f814d5ae5fceb7c70a5e33a6160e730ee1b6,7555,unknown,0xbc452fdc8f851d7c5b72e1fe74dfb63bb793d511,1,True,2024-04-19T07:06:35Z,c76c43f41c97a0dfcfe2ab39b5d1c5991ba0d201e5f73141c07eb05fc3c332d5,12754944,logic flaw,unknown,9264d6ed68164dc29f431d762870c87b203597d00e61ffb6c64599d01c6d5eac,ca2-4e64c62c912196653625,12d5646202bccf95d0a6adef29f021e91832d9cafc3e574aaec7a2106513e48b,c76c43f41c97a0dfcfe2ab39b5d1c5991ba0d201e5f73141c07eb05fc3c332d5,2023-11-23T16:04:11Z,False,SECONDS
unknown,ethereum,f710d73f4c63a24dbad8f6adc16aed15566f205fcc1c12dc057b537f25536e5b,16571,unknown,0x04c80bb477890f3021f03b068238836ee20aa0b8,1,True,2024-01-28T17:54:47Z,d73e12bd9990c560cfba8360c1c3d61ac7302b45b8d568f019facd8ca734d5ad,104412,reentrancy,unknown,13e84a0bd84853ac655ddd42a25d47cef323ee3b9e8f705a8842996e249d44fc,ca2-4f5a0a76d69326e4c2cd,e7225ef5af335eb07acb508844e8b95ddd5e5a634b108044cc3de279c207999c,d73e12bd9990c560cfba8360c1c3d61ac7302b45b8d568f019facd8ca734d5ad,2024-01-27T12:54:35Z,False,SECONDS
unknown,bsc,5699a4d53620808b0671964ef10122d7af862c3823bad68fb81a34d300253ae8,13327,unknown,0xdca503449899d5649d32175a255a8835a03e4006,1,True,2023-07-18T00:55:34Z,1c96b8d320aa1c4b592004777084ceb0b36a1cd4dfcbc351b792c624f82c9010,4527781,invalid emergency withdraw mechanism,unknown,e65e5e18b207f7500ae83206f5fe8881f2eff1ddf741e62d49ab50c506fc2aea,ca2-5011063427fa6a95c108,d7e90a8a071a3fe698322d13fe3e527dfae53fd0c76a9cfe574af0a7708f00c9,1c96b8d320aa1c4b592004777084ceb0b36a1cd4dfcbc351b792c624f82c9010,2023-05-26T15:12:33Z,False,SECONDS
unknown,bsc,dd5fd29a1a40da1005a9f26caed56d8896f1341bb776781d792e8441ef4ec1f0,3988,unknown,0x495670e5a43ce393597952b2fe944036e6785baf,1,True,2025-05-25T08:05:25Z,7ece60e58e80857d039eea7c92c08f15b1f0ea55c1e07e95e78c4a23b667444d,105390436,replacement_candidate,unknown,c27289450be53d09fc60277f5a861e9d27fa04de80135bb82bb2a5c6fe58e1a0,ca2-5015a9e901810cc6c613,f0e71054a5a761d3538e19f7d83e4b39d85dbebb1abe392b9399781cad43ba06,7ece60e58e80857d039eea7c92c08f15b1f0ea55c1e07e95e78c4a23b667444d,2022-01-21T12:58:09Z,False,SECONDS
unknown,ethereum,5e0d9f714fae37f165a7b20eac322110648a4afd0b6d4a0c9ec79550c273b94f,24024,unknown,0x0d0e364aa7852291883c162b22d6d81f6355428f,1,True,2025-03-11T09:34:59Z,dcb62d6dab04c23791177a86ffcc6b3e274c2d86d506599b682822f067a51c49,3308916,replacement_candidate,unknown,9d28f0890396bba37db4954a8c3eb254d53d884cbcb96dc11959a8a4557cc3f5,ca2-5033d73f3cec5063c5f5,edbe21b01d578dc6f5886d4308e31a1a5f450a6d1183652b1d9f65dd632966ce,dcb62d6dab04c23791177a86ffcc6b3e274c2d86d506599b682822f067a51c49,2025-02-01T02:26:23Z,False,SECONDS
unknown,ethereum,de29825107356eda0575b2bd60465eb36add96c9e676c0cdcf8d6682c35d37c3,20277,unknown,0xe3334e66634acf17b2b97ab560ec92d6861b25fa,1,True,2024-08-16T13:58:11Z,6ea132b605e0fee20fff13dbeac861cbcc46931735cbe32dc7e08088305415b4,112494083,price out of date,unknown,60729d14b8dccd834204da7f711feb83255a26d733376499f6c4b0f80b063abb,ca2-50a6237be75e1de28124,750d841ef4252ae8e6f63b57f3ac644420dc66abe6aea5b9b91af50fbb8d4ed7,6ea132b605e0fee20fff13dbeac861cbcc46931735cbe32dc7e08088305415b4,2021-01-22T13:36:48Z,False,SECONDS
unknown,ethereum,da57b27644dbbc089a8d6b16a814af8c0d53bd42ea4e561fc0e4785084ddd46a,10584,unknown,0xa62f9c5af106feee069f38de51098d9d81b90572,1,True,2023-11-07T23:43:35Z,b1be259babd1c25b5cf35d701dae682b9e1b25a371aa1b9e8fab69c5866155ee,3777792,business logic flaw,unknown,732de05858a0b407981784b8bb9b10762b278bed8bb69cc5292add44caf5aa1e,ca2-511b838cc3ae7420a912,454e4da680f008a955fc3069c76877627935903bb35adf71ece2cc22d6c0f1fb,b1be259babd1c25b5cf35d701dae682b9e1b25a371aa1b9e8fab69c5866155ee,2023-09-25T06:20:23Z,False,SECONDS
eip1967:0x3bbd5136122818c7a6dc2022e014e426dbf16f09,ethereum,6fe2efc551cd0b878ae6616b437ab4d254decfe9b737bfd8ea570507abe2434c,1129,unknown,0x35d8949372d46b7a3d5a56006ae77b215fc69bc0,1,True,2025-05-27T18:31:47Z,93501455a6d1b32dd0316abb7ac36b9fa1417d79b75ad2571f352d746b7c68ce,30692112,arbitrage,unknown,e0c02cb0da19f5bf5ab121b08b9712344f6ef7f800f3bab87bbdff5c52a7ec01,ca2-5168eea9714e081f78ad,d9e3de8909558913460e58665d9ca915b49185a1a519e822c86c9d2ecee4c096,93501455a6d1b32dd0316abb7ac36b9fa1417d79b75ad2571f352d746b7c68ce,2024-06-06T12:56:35Z,False,SECONDS
unknown,bsc,a1163760025a90bb135dc93303b59c917ab3f71fd132ad47ac0b72e3a5b427cc,7583,unknown,0xdb103fd28ca4b18115f5ce908baaeed7e0f1f101,1,True,2023-06-30T13:04:39Z,4b49a6a62f9b764cae4fed288e7ef33c5b80e13fe249453a062f45cf9e225a25,1919203,business logic,unknown,6c62f2062b2c484d2b40225103989f0cbb6e896827efe2f2901b59ff8e11026b,ca2-522ebe1e13a3ab2c2fe8,8b5de8e6c22d4f290d4d821b2c1d945ae734682cdaa1e03cee3b68f34e84fb0f,4b49a6a62f9b764cae4fed288e7ef33c5b80e13fe249453a062f45cf9e225a25,2023-06-08T07:57:56Z,False,SECONDS
unknown,bsc,eb4f5b219dd3bf4e28d92ab999e1e65d065f3f14e6dbcd04a275398d6b6f3216,17132,unknown,0x1ac5fac863c0a026e029b173f2ae4d33938ab473,1,True,2024-03-13T13:28:44Z,b88930580fda8c2197fa4fd551134c551595b49fb6c4c6a702964ed97b515c00,232322,business logic flaw,unknown,09406a6ac83f5a9e3b45e96441bca9a6fcb4c4ab9c65b6d9e50310b8fd11c72c,ca2-5293bf48f2bcc29baaff,c80d92de26b2822cce43a0b00a1e839b25b02395633cd403afbde8da61bef416,b88930580fda8c2197fa4fd551134c551595b49fb6c4c6a702964ed97b515c00,2024-03-10T20:56:42Z,False,SECONDS
unknown,bsc,51c2da52c8378ffd786ea714a4051a417ddb13504b76c56da1ae12e14b0d39e6,23199,unknown,0xf573748637e0576387289f1914627d716927f90f,1,True,2025-01-11T09:02:02Z,29bdd8177bdd4d0afe42f2262e694bcad8820d2a4f2ec76f9020c70bdc640440,57572118,price manipulation,unknown,7fa2f3ec56ee9c0ed1ca08b6ae64a496780deeb93d404785275e910d9aae16d6,ca2-53f0c0893c96da4fd077,c82765f9350d5554c28cbeeef134dd727db1f0998b5a2db8a0bc0b2bafc4beed,29bdd8177bdd4d0afe42f2262e694bcad8820d2a4f2ec76f9020c70bdc640440,2023-03-17T00:46:44Z,False,SECONDS
unknown,ethereum,95da6b19ac2fafc89b08e2da63f89a53add05d81e723b6f544d0968886df03b9,12582,unknown,0xc0a6b8c534fad86df8fa1abb17084a70f86eddc1,1,True,2021-09-14T18:47:38Z,28c25006ffe203efbe913d77654f1dc704ba0d82cd6bce617e1643cb4572ee16,19436229,incorrect calculation,unknown,b2355f11418d271275532186bce728736274c972938ecf6edb26f0f6377cd49a,ca2-54094307591338d2b28a,d86be289b116c747bbebbde1919eb4ea7bd6f141adf9f4746c4b826fb4f7b84f,28c25006ffe203efbe913d77654f1dc704ba0d82cd6bce617e1643cb4572ee16,2021-02-01T19:50:29Z,False,SECONDS
unknown,bsc,b3b56045472bbe19cc37db83c5bbd61a7fd3326f0cb1b8922453a4d49ac6aca0,21766,unknown,0x70873211cb64c1d4ec027ea63a399a7d07c4085b,1,True,2025-05-06T09:21:59Z,d7c9da2de24976ed8bbacfd7050803cc2474a47bc648e04d6c56256990872d37,104507697,replacement_candidate,unknown,b870a293778219973f4033ff5641582c48904d0399e185fadce800be8725cb1e,ca2-549aa2c44edd65acedb7,3cdbe470764cea0ce83467ecef1c4e7ed33390e069a0d9dda98c00ecbaaa512f,d7c9da2de24976ed8bbacfd7050803cc2474a47bc648e04d6c56256990872d37,2022-01-12T19:27:02Z,False,SECONDS
eip1967:0x084646db9177f19913462c388ee5b18bb135229f,bsc,a9e9f47e85bce0571f5933d7bee02de9201c3766c8d14409c13c54e7092e7816,2141,unknown,0xe613c058701c768e0d04d1bf8e6a6dc1a0c6d48a,1,True,2023-11-06T15:48:26Z,f99d30bbdfd24e9b75cbde57625e5da1e5dd2b7c91d745ff60e0d82f3c0a3007,41036166,lack of msg.sender address verification,unknown,683a39639df3feec9ba97c21fe89d7a15817505d1a3aa442a77c4274c6321ae4,ca2-55d26359a2d08ac915c0,064c5916d9f3ec020733fde56875d2f31ca582408824485ba2d834840b98f692,f99d30bbdfd24e9b75cbde57625e5da1e5dd2b7c91d745ff60e0d82f3c0a3007,2022-07-19T16:52:20Z,False,SECONDS
unknown,ethereum,cb5f85c1ac37b31ab8b532957f57ffabbe093a66744298b7a7a99f5ee1af7109,10909,unknown,0x879e993e2e37de3b47f38c13858e1f337d51448b,1,True,2025-08-17T12:33:23Z,c726c70d4ca26924f458a12be0bb740ec6df43c90e4c73b2ec6a116b06fb229c,1284228,replacement_candidate,unknown,ce8e848723d0d999436c69de57d972d3af903d05e3354a78d7f0b06dac76912b,ca2-5600aac7a0790bee4d8c,a201d389a1fee234943398b26e5f5a6d4653733de05c46f52940f4927f0eb4f0,c726c70d4ca26924f458a12be0bb740ec6df43c90e4c73b2ec6a116b06fb229c,2025-08-02T15:49:35Z,False,SECONDS
unknown,bsc,5a173efa63a59b8024d76b0275cbae143096e6f8bf5bbf3ec0f06ac7451709ba,19779,unknown,0x31bfa137c76561ef848c2af9ca301b60451caac0,1,True,2024-01-30T16:42:59Z,5d944f3e4e50865d019fb9b4890838a6d7e845415908dbfeffec4b08e9c6c56a,360568,business logic flaw,unknown,b889aab858654d84ad3efb2abfd7a2740afbc627e58cce050f9661f663f02671,ca2-5616b56d8b8cbc0a3ebe,53284a8633a60419c583becfe35688e94382126ad981f67b7c917caf506161cd,5d944f3e4e50865d019fb9b4890838a6d7e845415908dbfeffec4b08e9c6c56a,2024-01-26T12:33:31Z,False,SECONDS
unknown,ethereum,ca1284b272c9223d4cc1f976ca4b5ff19df662c6d8e64428a12b69fadb66e14b,24062,unknown,0x439cac149b935ae1d726569800972e1669d17094,1,True,2025-01-14T17:11:35Z,6b812031b85f32a40a9f609690d6ec000af1a8ee39d59be031562d77e7998080,90607629,logic flaw,unknown,4181528cfee90a3d76d17d1f101e8cc77780699767893b5074efb4f43e0c9b7c,ca2-5675dfa92c14429a4b9f,bae702b09308f701f43e56d38c86d396ce3741bba90fee31633ae34002d616e8,6b812031b85f32a40a9f609690d6ec000af1a8ee39d59be031562d77e7998080,2022-03-03T00:24:26Z,False,SECONDS
unknown,bsc,e5c94cb0e80bb00adac4ef42af882d01c9e0f28c75fc80e333072519f7fe52a4,23127,unknown,0x21125d94cfe886e7179c8d2fe8c1ea8d57c73e0e,1,True,2023-12-05T21:53:00Z,f70d2fad2c69b5d7dccddc788f067185234eb27b22fd395e965d88d5cf9786cf,87052778,business logic flaw,unknown,8d95e1d4bdf45f780568b1bf1fe42d7c0aa1816cf3f1938ce4694aa82feae907,ca2-56bcc5cdf2d34dd9c4fb,f7ac018e4318217eba70d470145e6a85379177c649b1869bada062c08a139c1e,f70d2fad2c69b5d7dccddc788f067185234eb27b22fd395e965d88d5cf9786cf,2021-03-03T08:33:22Z,False,SECONDS
unknown,bsc,5a41d20bbf99bd0ca4d6c71b8e667879b33cc1ac54a6814b558d46e083166520,10399,unknown,0x0fdfcfc398ccc90124a0a41d920d6e2d0bd8ccf5,1,True,2023-09-07T07:44:17Z,25a23f2f39bc99fd4b900a0e28f8505618cf73086b0e561a49197e82cdb85b3a,203280,price manipulation,unknown,5539cb2a0f5c6474477aec35f4b31cf982f04e88fb5bae650c340cb9b8e776c0,ca2-573d346bb7ac970e759a,197071a72d85829bcc2aacbdfc51ccb8bed48d284b3203f810a6eebfebb40d88,25a23f2f39bc99fd4b900a0e28f8505618cf73086b0e561a49197e82cdb85b3a,2023-09-04T23:16:17Z,False,SECONDS
unknown,ethereum,b6ebfdb326e60f04ac6fbb4bb51b6ededed32158bd1fcc0bb97a3f827200b674,19206,unknown,0x0eee3e3828a45f7601d5f54bf49bb01d1a9df5ea,1,True,2020-04-19T00:55:46Z,5ca8dc095d2035c1bea484a536ecfbe0f84ce05ef0f8278eb4bdf45be4795af1,22099111,erc777 reentrancy,unknown,85bc2c92d0d9988b76a087acac3693ea63ed20670396c184d1027b9701819f98,ca2-57582b3e77f95ed74d3f,e3cdee4afb1ebf382ccebb35ae84d7af15903cce5c7bff81d1ceb9cef2ec0466,5ca8dc095d2035c1bea484a536ecfbe0f84ce05ef0f8278eb4bdf45be4795af1,2019-08-07T06:17:15Z,False,SECONDS
unknown,bsc,f43b2053c3fb9837b2b937bed129ffaa3eee766cb7ba37048b3577d64c96ffe3,4639,unknown,0x9d6d817ea5d4a69ff4c4509bea8f9b2534cec108,1,True,2023-05-13T14:24:53Z,a5d5391032536d99e53526dcde02266c6c734b0d7a939d55c66961aefe2c46fb,29352870,business logic flaw,unknown,1bde8ead1c07a571cde29cfdc3a62e038b7667f7c53a8553c7d4268dda7818ed,ca2-59a1cba91e5790395c7b,ddb36217cbba206cc86f5a2c8db1e870c11fdd080a42968cab0e301338d7aee4,a5d5391032536d99e53526dcde02266c6c734b0d7a939d55c66961aefe2c46fb,2022-06-07T20:50:23Z,False,SECONDS
unknown,bsc,1d1c60c784a7b19fd0b4f7a217684c644cab7d74030bd718ec629ffb917401e6,14460,unknown,0xe732a7bd6706cbd6834b300d7c56a8d2096723a7,1,True,2022-06-06T07:50:18Z,8f531632d12327e7f5f2422bd917535c91137607c9624f3dc13adabe58e7ddf1,526460,flashloan & price oracle manipulation,unknown,011e5b69d2a4104fbb7795e1f55f83abdb86aa067f1e55f81794b374e3fcec21,ca2-59b9ab9a48493aa5ebce,269a1eae6f51c570d846ac13d0c75b4f9767d8334e13c15d7ad5936d3f83256b,8f531632d12327e7f5f2422bd917535c91137607c9624f3dc13adabe58e7ddf1,2022-05-31T05:35:58Z,False,SECONDS
unknown,bsc,ca0e3ce1c35bdf2985e74217bdd1189264128213c2ca4b5a8b7b1dc43f0749d2,12806,unknown,0xb1da08c472567eb0ec19639b1822f578d39f3333,1,True,2023-07-20T05:21:28Z,15dfd1723a4c5136ca1ff1b63cc83943badd25fa6e0ca0a299fe1592d60bb0e8,12502632,business logic flaw,unknown,523070bdd7dfd4396784377613f14103fc4555a1bde4dd9b2f26dbb6dba618f4,ca2-59c27a09402366528ab6,c21dd0e2c3af4d7051551a8b6a18bc6ef2107e9320d574d8edfabd225a359bf7,15dfd1723a4c5136ca1ff1b63cc83943badd25fa6e0ca0a299fe1592d60bb0e8,2023-02-25T12:24:16Z,False,SECONDS
unknown,ethereum,c16e2bc6e3cce97f74dc7fee2b97fd4951c954e8219d810af1bae8b6ba731dec,11861,unknown,0x044b75f554b886a065b9567891e45c79542d7357,1,True,2023-04-09T02:35:47Z,d3842200103f8c1e007e29cc41cbe643c9a5cfac89690dce303de05d7803e5ef,244128,unchecked user input,unknown,47f3a92acb5417b4dbfc1f27fd2023e7ce868f235f64afafb198bd8b941ce351,ca2-59fefab120e73557ebbd,c794e4d7df448419e4d15b006c08512321b39f321b5b7988b258aaf3ff5eadf0,d3842200103f8c1e007e29cc41cbe643c9a5cfac89690dce303de05d7803e5ef,2023-04-06T06:46:59Z,False,SECONDS
unknown,ethereum,bec38091647b73980405d6330564da5dec82211fbaa7b6c160d3a5d2eefe1632,17369,unknown,0x4622aff8e521a444c9301da0efd05f6b482221b8,1,True,2024-01-17T21:30:59Z,fabc203734c37bbdc7b019cda81b7037c8b0de259d8e2cdd24f87e6a86edb418,79890154,arbitrary external call vulnerability,unknown,7e31472b77b80ac937ed36dacf575a5f9dd19ebd8c985cedbe9971f13c7a9ce9,ca2-5a019aa2bc528c73de90,7659fbb375d4f154d1c406a292bfc490e4586936687ca83cb754f4d6c87f3499,fabc203734c37bbdc7b019cda81b7037c8b0de259d8e2cdd24f87e6a86edb418,2021-07-07T05:48:25Z,False,SECONDS
unknown,bsc,07bcf6541da2b795cb03f6b395f362843142c2d578fa5c3aabbfed19d7280d79,16279,unknown,0x595eac4a0ce9b7175a99094680fbe55a774b5464,1,True,2023-09-09T19:16:32Z,0c5a6e5be6d172622acd5a3211d6ee4a377d8a366fcbcccf60bf6ac04e2e5d10,142594,business logic flaw,unknown,7d397a0ee869b6a14f3504e80ac5af1713ffe3e2e18f5372b154d39d3be123e2,ca2-5aa3d29494fdde461d33,2320a6cddfbe3b0bdcd80195d84e47302f278f9318a22ebe635a79ee44f3e1ff,0c5a6e5be6d172622acd5a3211d6ee4a377d8a366fcbcccf60bf6ac04e2e5d10,2023-09-08T03:39:58Z,False,SECONDS
unknown,ethereum,0c719012aa239b927b830db8efacc154898eeb4f7296651682ada0e1a828b7fd,7608,unknown,0x12392f67bdf24fae0af363c24ac620a2f67dad86,1,True,2022-02-24T03:54:57Z,8f384c913818c0e84974a7559ddc962251b110a6145f7819c1c5e6a6148b95cc,43517365,insufficient validation,unknown,4ced4a99cc854c01de0144dc42a96f690584b45e201036deb0e4908e517c40b1,ca2-5b4e3baaff7190f2f54d,80d3e2c57dd644203ea3a371bf77f307bf64f73147c30ee16bdc78944d40f65d,8f384c913818c0e84974a7559ddc962251b110a6145f7819c1c5e6a6148b95cc,2020-10-08T11:45:32Z,False,SECONDS
unknown,base,f8d09a3b080898ef37d0b29b034a2264a4d812379034aafe71e4c2fa3c7a13bd,17841,unknown,0x6a0b87d6b74f7d5c92722f6a11714dbeda9f3895,1,True,2024-12-10T08:10:47Z,4dc21033e2f342ae7310a03be8cfbde95c124a7b665f636db0e4e59c67e8aeec,861234,reentrancy,unknown,f02943e66c88abfc7d617d2016b6e5769f1faff3ae910d1029813eb4c9963b55,ca2-5b927b3791414bdc410e,a634ed4d064591dde4afbefe1cc4709668940482d8e4770122dd1e994f6a3ad3,4dc21033e2f342ae7310a03be8cfbde95c124a7b665f636db0e4e59c67e8aeec,2024-11-30T08:56:53Z,False,SECONDS
unknown,ethereum,49c682bed85a51863e586b526e5498181e4c25f31e34dc6d3f52238b8e57b7ae,24489,unknown,0xe39fd820b58f83205db1d9225f28105971c3d309,1,True,2022-10-14T11:58:35Z,6369126cf27b9ae1dc5cea22f0c652cbe5e0c7809478d5420abe511cac0dfbf2,12033956,verify flashloan callback,unknown,414edc4f794f8aedd8bd450bd3b9bf62d5f66fead74a111f8eb96d343720af2d,ca2-5c189b8bf9f7db29dd4e,a5ed448e7215d6b7c901b3bd81cc9653a3e0e6f088dfd4a7bf47753f9d16cc8f,6369126cf27b9ae1dc5cea22f0c652cbe5e0c7809478d5420abe511cac0dfbf2,2022-05-28T05:12:39Z,False,SECONDS
unknown,bsc,35bcf477985663c29f238316f3324cc7cf46c91765fb381a70a8d00f06f8101f,9303,unknown,0x4e87880a72f6896e7e0a635a5838ffc89b13bd17,1,True,2022-11-29T13:01:14Z,d7e24a3675dd057d4524736985a94f55c943b4d2cc3f4ea7a43ae1464c8b61fc,10450000,business logic flaw & access control,unknown,90e7f8414ef5fd15c9c095889341fd987d4472e6fafa42bd5211e9980228e17f,ca2-5c60ed4125f7ab7d31ea,3a9db1daa6f1ec684358283974babacd5836abd964f1255d80c685131492a31c,d7e24a3675dd057d4524736985a94f55c943b4d2cc3f4ea7a43ae1464c8b61fc,2022-07-31T14:14:34Z,False,SECONDS
unknown,ethereum,a76dfb768a8208eb3c8a4e33d24c5d16d65c7465b0c20e9692611203ec69c96e,21094,unknown,0xf5140fc35c6f94d02d7466f793feb0216082d7e5,1,True,2023-10-19T17:31:47Z,928c423675894ca13ce6d4d8db863cbcae2538f8865e0a77ce07a42db29f11fd,102101385,compoundv2 inflation attack,unknown,133d0c4a5dc06d9b4039a12577d105c7b328d32bf9842b3005307a4b31592381,ca2-5c6b3bca3311000683b6,fa8c5e9680ea31ec5c039f49087b23849b8f0ffccd83a9dd49c006b0be8ccc15,928c423675894ca13ce6d4d8db863cbcae2538f8865e0a77ce07a42db29f11fd,2020-07-25T00:02:02Z,False,SECONDS
eip1967:0x47c69e8c909ce626af73c955a5e34a20b7c71f19,ethereum,bfefea1e6374d83db5d99e551da3d8a052abc1912c8f18bb1273d1910dec9d10,2054,unknown,0x2b083beaac310cc5e190b1d2507038ccb03e7606,1,True,2024-08-01T14:59:35Z,da99a2e9707d27cbcf28fbb3ebaa1c25b0ed33772c99f5f1a71b8dd7968bfb12,1463004,incorrect input validation,unknown,5f52d72d944935d104a5dd3bca1012e8bd06f1a5d4778be594a61201e21cd3e2,ca2-5c90f11e08cf22426454,af36d61c1c20b3332f5f3f9c19f4e8988ff658d04af61ab0cd2ea8197f0281ba,da99a2e9707d27cbcf28fbb3ebaa1c25b0ed33772c99f5f1a71b8dd7968bfb12,2024-07-15T16:36:11Z,False,SECONDS
unknown,bsc,47645dfce1db46b08101bf25ae1cab478f7fe01aae1fc5f320c834b4f691ef69,1394,unknown,0x93b621a9f8f1821a6a693a29672ca3d6612a2a7e,1,True,2025-06-09T04:05:23Z,2a0554de368a919dc42335a868188ddce4c79a5501da7698aeb95472b902d557,34980,replacement_candidate,unknown,e1792cb153f8ef49f0d11d5bd222eb2e6dada7d1cae0781f10d4169494292e56,ca2-5d15ea73c6fd71a4407d,f3678b836283cf191963c8abfd55328588091be9a48a701d0da73137a01d993c,2a0554de368a919dc42335a868188ddce4c79a5501da7698aeb95472b902d557,2025-06-08T18:22:23Z,False,SECONDS
unknown,bsc,e78c434786f1962bef9c2a92eca769c33b00f2fefef9856122276d40f6bda5b0,13314,unknown,0x80121da952a74c06adc1d7f85a237089b57af347,1,True,2023-07-20T00:07:03Z,1871e1ccd6ef20697d631a899913776c88a6f80fb0ff5953879534b452f6a83d,4563062,business logic flaw,unknown,85ecb66bafa7bf4bf035bb13693b01ab0ea5372038a6883fdc85c4761c1ac7cc,ca2-5d29f9c5eb314dcba612,421f959cd83fb2e8e5e7c3c0a8567921418d45573ee2fd92fba1b32c5690ab06,1871e1ccd6ef20697d631a899913776c88a6f80fb0ff5953879534b452f6a83d,2023-05-28T04:36:01Z,False,SECONDS
unknown,ethereum,5cfaf0c97558937c157cfa95ef79af8f13b8cb5c1e322820e1b986d1ad6c7ba1,5562,unknown,0x418c24191ae947a78c99fdc0e45a1f96afb254be,1,True,2022-10-17T12:30:59Z,ae754b93eac7b6c7515787ea921e96d307d72d47aab2ccc9579484ab5fa026a7,28983909,access control,unknown,e794b402aa99ad02a96ace4b0068a4c2e659734727e93d61f05b3aed01326c40,ca2-5d74bde6e71788f42085,dd7844636f25893c60be9665fe2cc5b3032217c34c5b41af8fb1e5a8b768b429,ae754b93eac7b6c7515787ea921e96d307d72d47aab2ccc9579484ab5fa026a7,2021-11-16T01:25:50Z,False,SECONDS
unknown,base,04d47b48b571e32f155aebc4505fc8b58a64d5cd46f57cc170cd2772bf9d1978,24433,unknown,0xbeb0b0623f66be8ce162ebdfa2ec543a522f4ea6,1,True,2025-08-12T09:10:59Z,d716b06011082123f088dcd6e5343fb86fa4cedc1ecf0401a0a20cd6edbfcc7d,20276468,replacement_candidate,unknown,f6e776d06db0310224e9f3472c0d9212eb7ad336738b53649e249e0cbe665795,ca2-5e2c8b988ed2dd09b840,779a3a4d898ffdf124a9fb7aa4b76a8c7989bef798e8005e70267ebbed98a864,d716b06011082123f088dcd6e5343fb86fa4cedc1ecf0401a0a20cd6edbfcc7d,2024-12-20T16:49:51Z,False,SECONDS
eip1967:0xaff18b43dfb44d9b56c2b88e8569b3b0880c2a56,bsc,6f4cd91554d949a8ad8047da7543a1ed35a94f9b9b1e6c2159563c05819ba95c,2112,unknown,0x2b9bda587ee04fe51c5431709afbafb295f94bb4,1,True,2024-06-17T06:58:25Z,24505fadff87e9345115201d550c683c498c9eb629f9f941bd48ff54f4e07070,30625427,business logic flaw,unknown,14885a8986580b1c633a621fa92facaf54c5fee994dc33995b141d2ac490bef1,ca2-5e2d8f30a0d9b1dc548d,f9298e888f434c13ae590951f1cbae020d716eb9ccd5f1a2325d1ff27cfc8fef,24505fadff87e9345115201d550c683c498c9eb629f9f941bd48ff54f4e07070,2023-06-28T19:54:38Z,False,SECONDS
eip1967:0x88e05c0dd235cfff7d128194ca70327c95074975,bsc,d5d25c4631a9b7014a0bda430a4202c9215424d00c6bf802d282a28754f2e80c,680,unknown,0xce1b3e5087e8215876af976032382dd338cf8401,1,True,2023-01-19T05:27:02Z,7b2b1876db383959f022277fe358b938b113f37330e27dbf5e9118ef0a2caf0a,16147200,replacement_candidate,unknown,d25a69faaf47e705b94de7fd311bf5adce480024c356e5b9183e382e3b1708bd,ca2-5ec981d26607ce3dec41,bb21ad330c36efd916fcece01ec54b868aa0fae670d1d0985f571fe4244f55e8,7b2b1876db383959f022277fe358b938b113f37330e27dbf5e9118ef0a2caf0a,2022-07-16T08:07:02Z,False,SECONDS
unknown,bsc,642a640cc82acd9d57e9e556c62f1b1f07bacdbd1099d839686d35b3a1a0d643,4489,unknown,0x335ddce3f07b0bdafc03f56c1b30d3b269366666,1,True,2022-09-30T23:57:36Z,916af70ea0b03b87609ac46ec1e3f8f272379004156fc68a175e7707bc01ed35,5823704,incorrect reward calculation,unknown,40d6a3fa4d3af55470622f7c799a4f35c1dbe78d05ba64d33ed5656ef228be44,ca2-604ce8fc1c483067805c,a9100a23b7a0121a2116c84a3a89a73d97678ea8e74f38ab09be5c7b1c34b570,916af70ea0b03b87609ac46ec1e3f8f272379004156fc68a175e7707bc01ed35,2022-07-25T14:15:52Z,False,SECONDS
unknown,ethereum,17e429d9333319280d26b5b26d25bb213aa80136ec92912adaca7980cd211465,22054,unknown,0xffadb0bba4379dfabfb20ca6823f6ec439429ec2,1,True,2024-02-23T02:21:59Z,3aedd1c877e8d4890d56f06d3a3e42cd20621f5edbd81ff8160d576dc84caf63,2585148,logic flaw,unknown,409e9a687b4d51ef4f98854216c9f5a0d0c555661c94c88dc87a12f090828dd5,ca2-608fc098c08911f51783,3360c090116cfb53f2df0bb157203149a4e44772952f1952ebdbcff3169a81c3,3aedd1c877e8d4890d56f06d3a3e42cd20621f5edbd81ff8160d576dc84caf63,2024-01-24T04:16:11Z,False,SECONDS
unknown,ethereum,1f0816385581ccf2de55c4142738094dd5cf1e8c096a525aac13f4efbff55a81,14435,unknown,0x007fe7c498a2cf30971ad8f2cbc36bd14ac51156,1,True,2022-10-21T05:22:35Z,4597ddddfda9cf22ea51a89d8255f5d3a4c101ae294a8e1a3bfec8b2629c1446,2905344,no input validation,unknown,787d6588d2db87ad6b7ed9f4cd2377ccdb3f64c9dffb2b4ad378975803d3c653,ca2-60a0988512bfa1f54c2e,f184faaca01558fcbff3706cbfff8e787ed7bcec9b6584e4dd3a47f99f34b119,4597ddddfda9cf22ea51a89d8255f5d3a4c101ae294a8e1a3bfec8b2629c1446,2022-09-17T14:20:11Z,False,SECONDS
unknown,bsc,cd34fe55ec67497814dbf1eff7f622d5ec2f9300d92e5d54b7c7c33114f54e64,16002,unknown,0x27539b1dee647b38e1b987c41c5336b1a8dce663,1,True,2022-09-28T14:23:15Z,e223ea2cb6f3587ab8c4bea276a694eabf1129f6699bd5718c1719463c600679,471655,flashloan & price oracle manipulation,unknown,738d4a8d180f1d9383b2346b21a64416352587dac39f71123306b2684cc9ad01,ca2-60b7a39b3acbf3ed1937,e494ec2ca1072fffc460584d79d4666174cf605b3a05c00b87f653d9fab87a2b,e223ea2cb6f3587ab8c4bea276a694eabf1129f6699bd5718c1719463c600679,2022-09-23T03:22:20Z,False,SECONDS
eip1967:0xc186e6f0163e21be057e95aa135edd52508d14d3,ethereum,1d829175021139ea9eb11b51baa7ed3000585ab0cf51a236630a9492de3dd45a,2240,unknown,0x764c64b2a09b09acb100b80d8c505aa6a0302ef2,1,True,2026-01-08T16:02:23Z,eb21a43ebaba04e0f2c1ffd0dd2e08eac7dd48e74c1ca6b20fde5ca5be286f16,149663168,overflow,unknown,7cf558aa58da82fd4f000946f2de88f5e5eae17bea54a558ba61f624f74c7e88,ca2-610c56fd6c594f9c9f90,7257fd0d04fe43c1f7f101cf0969e4ad3ce7cbaf29fd61b6386eab16180e0e14,eb21a43ebaba04e0f2c1ffd0dd2e08eac7dd48e74c1ca6b20fde5ca5be286f16,2021-04-12T10:56:15Z,False,SECONDS
eip1967:0xa1fba7f2079131acb3e2073563ec53c8d43bc144,ethereum,a9e9f47e85bce0571f5933d7bee02de9201c3766c8d14409c13c54e7092e7816,2141,unknown,0xc36a7887786389405ea8da0b87602ae3902b88a1,1,True,2021-11-30T13:27:45Z,634e34096b70e874df8fdb3d2318c5d5bb73c8d2875c58a2b331c625ee36bd07,3837076,price manipulation,unknown,b38a38cf240194fd35d71f51a85a4a38ab33e7d82b5a44b2e2a87abd54815eb6,ca2-6123dfbf4db930b4d1d5,0a0b236ca2b2521c087d34ddd41fc84e585dc30c1c9680920c554b21cb96dabe,634e34096b70e874df8fdb3d2318c5d5bb73c8d2875c58a2b331c625ee36bd07,2021-10-17T03:36:29Z,False,SECONDS
unknown,bsc,d4673b20980393bf9154b0ddc804257e26884510de5f120652fdabfb323d082a,12922,unknown,0x4726010da871f4b57b5031e3ea48bde961f122aa,1,True,2022-11-15T22:13:29Z,ada2ccc1a87b570f2a4b3da5cbc2998c21c8cb7155b3cd2c0c0e9c28db4eecc9,473722,no input validation,unknown,f19659c4f2d8ff212183526ea23f8b0b923e8e998e1c97520574ad9b88b136a0,ca2-61379f018c08925d7ecc,fa1fc39cc90286e3a89217e28df69d70bd794bc0c7a116cde7ec4210c56e7875,ac577319171d2360852416e7e0d9d079d8dacb22b52d1ca8342dcd222d604067,2022-11-10T10:38:07Z,False,SECONDS
unknown,ethereum,822f67cd6dd3c1d75a81c782d40bcab8588da6c820f47ffedfa28523cd67ad98,8390,unknown,0xa1ce40702e15d0417a6c74d0bab96772f36f4e99,1,True,2024-06-16T08:34:35Z,5eeb9e1d94038ad98eb82299727c35f6a59a167fa3ffa8e37e1c11d5ea3e4c81,461256,business logic flaw,unknown,8462f0188fe16c303164cf713468d75cd746e16f0e4ef1230d95c0cb774a760b,ca2-616b55afdd61c6ca8b12,5d103e47a81f9acaa07fcb964fc7a22e91a9c5a8aadb0420debeaea521ef274d,5eeb9e1d94038ad98eb82299727c35f6a59a167fa3ffa8e37e1c11d5ea3e4c81,2024-06-11T00:26:59Z,False,SECONDS
eip1167:0x2bbd66fc4898242bdbd2583bbe1d76e8b8f71445,ethereum,4712a836767701dfe76e6e82dd18174cc45f5533baba2d7334eae7c70c368871,45,unknown,0x051ebd717311350f1684f89335bed4abd083a2b6,1,True,2021-03-08T20:20:16Z,fe18da5b6a9b6795228323cd05fe3dfdc4e9904d89090857433e37fc746adfb8,807138,flashloan attack,unknown,8fcbe17e160d2df60112ae518ab9a8d5c6b57ccce9e54e6096a9a986f7089f50,ca2-61c7c0bc0fd854fd8541,f8196a0a0423281169018f59b066d727f8332d5681f14b114c0cea916b017bf6,fe18da5b6a9b6795228323cd05fe3dfdc4e9904d89090857433e37fc746adfb8,2021-02-27T12:07:58Z,False,SECONDS
unknown,bsc,fb69849fbc221931c50be19c9d52035a5e7747bb0261b6dfdeb1599fb616ec62,5103,unknown,0xa4f5d4afd6b9226b3004dd276a9f778eb75f2e9e,1,True,2022-08-09T22:49:00Z,4c00462a0796c8964efc677ac3d4022d453e6ffe086cd36cfd09bed0cb89008a,1523177,skim token balance,unknown,ae434260e658501dd5e1806b4070c7ee04258028044da115b84eb230be65f2f8,ca2-627fce499908ff82ad6d,511ba2340a96f9629837a5d486539b3d6eec2f3caf5ebef775b7a84b6c2a8794,4c00462a0796c8964efc677ac3d4022d453e6ffe086cd36cfd09bed0cb89008a,2022-07-23T07:42:43Z,False,SECONDS
eip1967:0xa15f6044660735914b3740f76be8f5573944d0ca,bsc,a9e9f47e85bce0571f5933d7bee02de9201c3766c8d14409c13c54e7092e7816,2141,unknown,0x6b869795937dd2b6f4e03d5a0ffd07a8ad8c095b,1,True,2023-07-31T16:51:14Z,73cd29f65cbe73b2683106a60e77f34d58fa2618eddb6db74e672b741a37393b,9613586,insufficient validation,unknown,d976591ef86014e26493da79c81f2a40e2d68d611b86afa144241f260049f46d,ca2-62fc7b9b9ac57e1b7351,7b7837578d50d226d55b9630a56f3a3436506a1bb1c540adf42259906c29d41d,73cd29f65cbe73b2683106a60e77f34d58fa2618eddb6db74e672b741a37393b,2023-04-11T10:24:48Z,False,SECONDS
unknown,bsc,8af7cbf877ec39c991e0abad028862f2aa9ee0939c8db35d5c53b7cc457695c3,2758,unknown,0x1f8336aef584795e282fece8de356babd7734c59,1,True,2026-03-19T14:46:36Z,6c0501a23ae51cd1d165f64de1fcdcd29e830616f6d9451383ebd9737dcc45dd,13793,replacement_candidate,unknown,d16814e51cca300512943dd64c654496578a49fd3641b6baa687f3ec7c9c9ccb,ca2-6330139e9160d6464fd9,57a892dfce38448fc1e522508ed23cd8929c422bb2c006dab249f7ce0e4a9113,6c0501a23ae51cd1d165f64de1fcdcd29e830616f6d9451383ebd9737dcc45dd,2026-03-19T10:56:43Z,False,SECONDS
unknown,ethereum,d10dd2fa2470942aa0c41df642d505feaecc335567b2f137e0197ce5f83525e5,22648,unknown,0x317aa10528ff675ef4c358ea6a5b7b5494325733,1,True,2026-04-28T15:00:11Z,c8b659bea5843dd16d1a7151d8d4fba92aa6da43af4c1f3add5fbfbdec5590e5,7122432,replacement_candidate,unknown,f3bf585a0317dc78a6758cf62aec7dddf43b79219ff2d8ba7e932d9c168aeac1,ca2-637d0856b7b1d9ca4dbd,8872b1d140ec301ec3935093e5593010678846ba01db3f1d7666b7c2495847dc,c8b659bea5843dd16d1a7151d8d4fba92aa6da43af4c1f3add5fbfbdec5590e5,2026-02-05T04:32:59Z,False,SECONDS
unknown,bsc,7b224e27b99ab38ca8c91e6f5f18af508e7d9bfc06a73d3531c820f81df6106c,7967,unknown,0x05c2dd9cf547c6cccf91245346e6e1bc9926cae7,1,True,2024-09-15T19:57:04Z,1f6d7c8b25dc32bed13678c5cd9421d7ce6fb2ae513ec443999fac9de82fc77c,16054508,replacement_candidate,unknown,ffab57a96bd24b30c684b182076ee1be0ff66333f303fdbc0e242649e4588c43,ca2-64ef33688d6e79b3439e,0caf49b7b339efaa3bbfcb4fa7957172719519f0429d8e9ac3c7e10e51ba3d0f,1f6d7c8b25dc32bed13678c5cd9421d7ce6fb2ae513ec443999fac9de82fc77c,2024-03-14T00:21:56Z,False,SECONDS
unknown,bsc,21aaaee65b8888b84b3233f12dea4e2077bf5c8c5e51ae3e1a0e9da53308f44a,14981,unknown,0x88b3eb62e363d9f153beab49c5c2ef2e785a375a,1,True,2023-12-09T13:37:26Z,c602b869b439a2574059d181d3d7ee497b19fbf7b623f033d6ac629161436358,101418,price manipulation,unknown,84b915c9e2fd907790be34efe3022f204aae481490479867255ee36b11460259,ca2-6673e21002a8af6f4d12,b0aa45f5172667a060061b9d1c5cc9342ec07f82ba9b4d455d00507952a2e53a,c602b869b439a2574059d181d3d7ee497b19fbf7b623f033d6ac629161436358,2023-12-08T09:27:08Z,False,SECONDS
unknown,bsc,1abc9a9378417c33b9f193c97677cd6e6e1032c5de47726493b6cfc5d7f819c7,10331,unknown,0xd4524be41cd452576ab9ff7b68a0b89af8498a91,1,True,2026-03-27T15:40:33Z,2ea6713e33ab4ac4ccaba7ed98d4b5eeb39c41230e40b34c2b7d3a10fd26fa24,528212,incorrect token burn mechanism,unknown,752b6836d2c53f473a47207358fb0295a82a9bca9d5527589f1a9f101d82368e,ca2-6829820c6abb9fe3a566,35e36d8e7d768499d944e311d703b054b60b7f55f36cf2372bc046315c3235db,2ea6713e33ab4ac4ccaba7ed98d4b5eeb39c41230e40b34c2b7d3a10fd26fa24,2026-03-21T12:57:01Z,False,SECONDS
unknown,bsc,0eb0044dcc5ecbf558badcc2349b62ec373a2aee3fdf4987b2806f1cec33b92c,6707,unknown,0x000004a70f92f1b22de1201af76c48365d5d0000,1,True,2025-05-25T21:54:43Z,c9809daf28aadc2ae4b6be1755dac6080c36d1eebb7d012e8833c85eb9ce1655,1044034,replacement_candidate,unknown,e1bd68ce9b9c7ee0830f868abc60aaa1604ae61efd1cccb34a0df3ba9b82713c,ca2-68bcc7d0d70c9f4db91a,7a5121017cc24bd71602ca5612aa0398e941e781cdb964b1c4d1bae62f7d7b56,c9809daf28aadc2ae4b6be1755dac6080c36d1eebb7d012e8833c85eb9ce1655,2025-05-13T19:54:09Z,False,SECONDS
unknown,bsc,8483a3998f4c6cab2dbd4d53ca2b09253057ee3c29cf078b5551273d011d22f6,18569,unknown,0x88886f0fd371dff856291badced45922bc888888,1,True,2026-06-17T08:35:38Z,d226c41ac0108c791c461c563cbe3d0b53d5b4eaa96a9e1909294e685375c0b7,3479867,replacement_candidate,unknown,11bf63c90f1cbab28b7b8b9f11bb77dc5edde253e4d4195d386bddd7e630c0a3,ca2-698cd40308a0d9b400f7,5f970b990c46c0dcd69f13664c0b8f54cb7d5a02e9e4a1ce840486d2098489a7,d226c41ac0108c791c461c563cbe3d0b53d5b4eaa96a9e1909294e685375c0b7,2026-05-08T01:57:51Z,False,SECONDS
eip1967:0x51bdbfcd7656e2c25ad1bc8037f70572b7142ecc,ethereum,76cd9953534e3e5a9be56210e8a545c60d537d079e21d3b3650b57b8bb70412a,1159,unknown,0x3d20601ac0ba9cae4564ddf7870825c505b69f1a,1,True,2024-07-23T14:53:47Z,b46dde10ef752320850d66be23ccae99dedbbd21211b8620dc851d5b82307551,2066244,incorrect input validation,unknown,58c24493784037285f4f0c6c19aefb86be66b1ea315026f5da847e80c0ad5f6d,ca2-6996a5993263d8986598,6e22c85e2d64b696be4ac43a335a4b615c3a8bdafeedcc96adf24732533ae961,b46dde10ef752320850d66be23ccae99dedbbd21211b8620dc851d5b82307551,2024-06-29T16:56:23Z,False,SECONDS
unknown,ethereum,8dde27c822e473b0d7b25525df6d4fe55c7b6c2d5877add7cb3e48a3a890a75a,24224,unknown,0x85018cf6f53c8bbd03c3137e71f4fca226cda92c,1,True,2023-06-17T02:41:35Z,7ca31be7577e1f39f629ba3fd6727bced2ed7031ffc0473f048efa1a20b1356e,1028280,business logic flaw,unknown,91f45f3f2f58f023af9f359897863467ca23dd64d8aab7a5cba910526b61f26c,ca2-6af08ae1ba1d426949bb,1b534008c7557ef899734adef4568534bacb6b62c023cfe8064118cae132fb52,7ca31be7577e1f39f629ba3fd6727bced2ed7031ffc0473f048efa1a20b1356e,2023-06-05T05:03:35Z,False,SECONDS
unknown,ethereum,5738a9de89b24b0d06f7bcdcba7712251e447b7562e261f083a6a2c4dd2b0ef2,24212,unknown,0x83f798e925bcd4017eb265844fddabb448f1707d,1,True,2023-04-13T05:51:23Z,fb6b176ed88f81916aef754403285f161270dd29ca80323a4b88810bc728d7b0,99808167,misconfiguration,unknown,f020492d2c991b600172ff6f592c6955819794cbeea34c945ec10a3a2f639824,ca2-6b709bd598843f9b172a,934b174d088adddd30c5c0e3dec8e5ef5213b8bf79bb590396e4b9179a6c486a,fb6b176ed88f81916aef754403285f161270dd29ca80323a4b88810bc728d7b0,2020-02-13T01:21:56Z,False,SECONDS
unknown,bsc,21aaaee65b8888b84b3233f12dea4e2077bf5c8c5e51ae3e1a0e9da53308f44a,14981,unknown,0x5813d7818c9d8f29a9a96b00031ef576e892def4,1,True,2023-12-05T08:05:33Z,c007a37ed033e8f2c49d63a31d9a8daf6de22ba17e1670258a3d5f3d51186271,1043499,price manipulation,unknown,00c0153dba097a549e9500ad33685e76eaa46a2ab87a1961640c8576cc0b33da,ca2-6bc7737cc67404ed8f62,a25c43968048fc6144ad42004513081425083fc9d1bea45a1d3108d71520e4bc,c007a37ed033e8f2c49d63a31d9a8daf6de22ba17e1670258a3d5f3d51186271,2023-11-23T06:13:54Z,False,SECONDS
unknown,bsc,758c59861cf6a9ae7612f7d0871b35d5572a66aebc1be35291214b16b50d2ecc,14457,unknown,0x1954b6bd198c29c3ecf2d6f6bc70a4d41ea1cc07,1,True,2023-02-06T11:11:18Z,fc479d81502cc1899666902a26c0e22ce1f36ba5ba33a4a470144036b0e095aa,52688325,reflection token,unknown,beb5d99348c0fa270e2850fa084c213b323e9de1348417e57bcc8983710d651d,ca2-6d220be49d90b51ca6fd,6d5f8cb402a8d9fb34c6967eb09364e25926884c56da68c053fcf198e656bd51,fc479d81502cc1899666902a26c0e22ce1f36ba5ba33a4a470144036b0e095aa,2021-06-06T15:32:33Z,False,SECONDS
eip1967:0x3a6d9bf8286a4ada77c15ecf82d4c0c0af95be74,ethereum,352a3fbabfe753d7dfe2c05afec8ef3c959c06adf6f5306415a311fec06f47b9,2385,unknown,0x53fbcada1201a465740f2d64ecdf6fac425f9030,1,True,2023-10-18T11:48:47Z,e6510931a6970240115d1183e01439bed119965ce091174393e059ee78c53933,6154608,div precision loss,unknown,9c6e8d315c7c09f250a191615b6ca7e8ef3b19a21197c92a81aee2355f443faf,ca2-6e5acd680aa3d14315b9,7618e47bb1ec996971d13c013391638edd849510dfaa8e61030485999282a4f1,e6510931a6970240115d1183e01439bed119965ce091174393e059ee78c53933,2023-08-08T06:11:59Z,False,SECONDS
eip1967:0x381aef9eac247760473d305d31c1605d1c03d0bb,bsc,52901eec4ede39ff43e13faae9e75857e966e7c8f49940408ac2c2235791e335,2092,unknown,0x42981d0bfbaf196529376ee702f2a9eb9092fcb5,1,True,2023-03-28T10:54:31Z,fb65e6073daf96bff818cec39e4175cc0948b9432356e326779a642210dc3f33,41376058,access control,unknown,1db3c539071f55326571de6926eef173d9fa82ed5e0dcbd88d562722f7b7be38,ca2-6e83ea5ad89c085e5f5b,1153a9013a9d0ba5281e9cc51a78334ff962928459dbc3f0813727a2b1dfa3b0,fb65e6073daf96bff818cec39e4175cc0948b9432356e326779a642210dc3f33,2021-12-04T13:33:33Z,False,SECONDS
eip1967:0xd377919fa87120584b21279a491f82d5265a139c,ethereum,317873154f2d4dada1a53f26449f70dafe7056090dd4b0ed673b2335dce09fb4,11777,unknown,0x75b7db3e11138134fe4744553b5e5e3d6546d289,1,True,2025-07-16T04:54:59Z,571ad9e2c92e6f7438111b1a14af821c3f333926d72dc45d25ae18c347233036,5910612,replacement_candidate,unknown,49cac2e565f9dd60f6c5c4b81187b2d84ce49ed923133b894699aef08203f412,ca2-6f776e614c2662f41a7a,36cd33ae217a3e8c194c8a38cb11439fd9e9e21adfc0597e7978c493b327a30c,571ad9e2c92e6f7438111b1a14af821c3f333926d72dc45d25ae18c347233036,2025-05-08T19:04:47Z,False,SECONDS
unknown,ethereum,0b09ff20a879ebffb4348851a7a95117d3482e44a6791f8da3d72f91af3e9915,11293,unknown,0x2033b54b6789a963a02bfcbd40a46816770f1161,1,True,2023-10-08T10:20:47Z,95981be92ab94cedcc1c6f8334b17d1b47017b54f4f74b5e37f2ad5754987af3,10317912,pool manipulation,unknown,0c14d268ee5e93723b1a5e185dfa4953253445479a0041aacc63c08057a7a6f1,ca2-6f8a2ab5c968b3eaaf69,5a004f9e250b5816ea8b5967d7536a5bd560ee0b23123e92e32f35153913bb6b,95981be92ab94cedcc1c6f8334b17d1b47017b54f4f74b5e37f2ad5754987af3,2023-06-11T00:15:35Z,False,SECONDS
unknown,ethereum,1aa8ab8983ba98e15e99f4dc023ebe6d0155cd9c10dee37bb4b5df0b41b492c4,5658,unknown,0x2321537fd8ef4644bacdceec54e5f35bf44311fa,1,True,2022-10-25T16:46:47Z,53301f3c3f1bd3195a8ea4e8a9184880e536d4449780d2c4b71b4ccc1cfaa07b,4041143,reentrancy,unknown,c34924431ad7f108b4b9b97cb4c4cb45ac6a20dcb4bacc818a5ce61ee6df992c,ca2-702749959585da21f48a,3f657a5682930c1dd1dd22ca8c01c854cb18aef09b4bab1dcb4b78b221e19f63,53301f3c3f1bd3195a8ea4e8a9184880e536d4449780d2c4b71b4ccc1cfaa07b,2022-09-08T22:14:24Z,False,SECONDS
unknown,bsc,6823b9b3f9a6369b176daea522d45906998fb7554047fb4f51f90e989929388b,19669,unknown,0x5dfc7f3ebbb9cbfe89bc3fb70f750ee229a59f8c,1,True,2022-11-16T13:49:51Z,1f13c9a21cb5fa9bcb35dab5fd8bf3f9dc0678246fc0ed35f27041726afcdcbd,20046363,flashloan price manipulation,unknown,dadbe6e7c4add31153746aa82ce36495bab5b057d2a870d25dddbf60bbc4608f,ca2-7063be755a02e6e0df10,c6cb41da9f6a016eace671e8be727942701a8c4134d6a11fee19afc2c7b025af,1f13c9a21cb5fa9bcb35dab5fd8bf3f9dc0678246fc0ed35f27041726afcdcbd,2022-03-29T13:23:48Z,False,SECONDS
unknown,bsc,1fdb50c2b303654cb14db2b0ea4a8b562d2b80b96f62d507ee8419d6f7b8a4f6,11755,unknown,0x449fea37d339a11efe1b181e5d5462464bba3752,1,True,2023-01-10T04:40:37Z,0838bae1df7aae038dc04ec804acf84d08e5d6a46aac1a0be017237cebe3ad78,7664458,business logic flaw,unknown,291ba266b3f7efce822ed456a31544fbc26d57f28ab0f4ae3536371f51332416,ca2-71d01a519d5b777ca8d5,06c952c1a03ae056c9f6a665789e89e718ba105a1d0df1f369a2bfb80df8ddc9,0838bae1df7aae038dc04ec804acf84d08e5d6a46aac1a0be017237cebe3ad78,2022-10-13T11:39:39Z,False,SECONDS
unknown,bsc,27fb672018685260cddb8eebefd98c1390c42a3ff2271e7a38c24b5304f1c98a,22195,unknown,0xc0afd0e40bb3dcaebd9451aa5c319b745bf792b4,1,True,2024-04-04T16:25:21Z,8b4b32181fbfaa82613cb59444c6061b09039079c08e3e566c05ec3022a8a608,4760783,manipulating price,unknown,5550dcda4fe38ed24ef05f8689d8fcd6a1a4974d87ee862b0c1ddf6de88ed668,ca2-72ea322ccc16e3e5cbe0,62086fb83286f8d5909806b7b1b9bfcf7c562b5aa9b8880dfc55a4754faace54,8b4b32181fbfaa82613cb59444c6061b09039079c08e3e566c05ec3022a8a608,2024-02-09T13:58:58Z,False,SECONDS
unknown,base,e905a3c17c60f89f6bd64e4d0b5c24a9fa724dd30256ed130d1bb4f5a454c3a0,16758,unknown,0xcfe0de4a50c80b434092f87e106dfa40b71a5563,1,True,2025-05-24T15:42:19Z,0b9a5c9bf05f942811940892b5cef3ea05b2e3fd3f2c4d01d58373d1dfcbcbf4,6170908,replacement_candidate,unknown,ceb49d52fb07ec0d5a485bc1978bf530e6e28f2ee3a66e7958cae7cfb34aff09,ca2-73f336f589a36742aed4,203417bc145c2e97d6d6efadf72ba4bce26ebb6c59231a213fac664de0a6692a,0b9a5c9bf05f942811940892b5cef3ea05b2e3fd3f2c4d01d58373d1dfcbcbf4,2025-03-14T05:33:51Z,False,SECONDS
unknown,bsc,7925eb2cd87fa4e4c181bdeea72ea92747a51252e55769e10466dc6ae2440b6e,18501,unknown,0x10bc28d2810dd462e16facff18f78783e859351b,1,True,2022-09-02T03:02:39Z,f17f19e740323fdb09d3fbf4b2285ea062caf29c39a77fd89018dfa50b2a155a,506541,access control,unknown,3b700c8c762805a14a92628b856aea49446b0cc13112574a65a231c89d227120,ca2-742774bf4edd46ad6f87,b725bc563f2ecb7c431807f5bbb594d957bd9bba38063bdd3f883487872408b7,f17f19e740323fdb09d3fbf4b2285ea062caf29c39a77fd89018dfa50b2a155a,2022-08-27T06:20:18Z,False,SECONDS
unknown,bsc,af40412b5306055b4762d351703bcd5865d9e57fcf027d631df3f3bb8f5a28b9,8075,unknown,0xc98e183d2e975f0567115cb13af893f0e3c0d0bd,1,True,2023-09-24T11:38:14Z,b238afd00272688444cc057d80243866b15d4f824985f32443976e317bd57a7e,361099,pool manipulation,unknown,e6638a02b212b7cfe7f38256633f046cee9f64f49b45c81347c086041a41878d,ca2-7455b4981f74c1b4c51e,d100eb1f13d14081f227426992ffe8627f04a761f34bb15504862f2134dbc8a4,b238afd00272688444cc057d80243866b15d4f824985f32443976e317bd57a7e,2023-09-20T07:19:55Z,False,SECONDS
eip1967:0xa9f08c2df8e09b32eefa85f5ec459c040248b06c,ethereum,1e136ca1a1aeed79a99142d7ebf0971701dde31b9e40e27be856a01c487c33f0,1101,unknown,0xbaa87546cf87b5de1b0b52353a86792d40b8ba70,1,True,2023-10-28T10:41:23Z,bd39a41bce73efc49892280e1bb4630cf402f2cf20e23ce6ee1f59a25f0d1bcb,1806480,business logic flaw,unknown,3635402683a0befea0993ed3bb977088543c20df6aff60cb75611a88b58a0233,ca2-746ec2d0566ffbda9c0f,fbf105e104abcdc3dfce4c1ae1c65e6209862fadb28dd56846ee58103467d611,bd39a41bce73efc49892280e1bb4630cf402f2cf20e23ce6ee1f59a25f0d1bcb,2023-10-07T12:53:23Z,False,SECONDS
unknown,ethereum,e3e265573ae71cf116c3b0fd2a2640642d4801eb5baf7d470c8446812bd7f74a,18508,unknown,0x765277eebeca2e31912c9946eae1021199b39c61,1,True,2022-11-23T03:18:59Z,b0f595dd67868077c15d2476598d91126fece4e99e31c780876f4b13bb4aad66,50624625,protocol token incompatible,unknown,1ab915e7073182a42778e7a52d99a29847eb03cc27cba005961dd8a192c996c9,ca2-759d84cb92c4b203c71e,add7bd2c6f23cf516d0a93c161314a3fcdfff484a990cc15da772dfebb31b18b,b0f595dd67868077c15d2476598d91126fece4e99e31c780876f4b13bb4aad66,2021-04-16T04:55:14Z,False,SECONDS
unknown,bsc,3073757367c28a9f3aad54ee8831ec7668874b323907b96b82837298093082a4,10123,unknown,0x46ba8a59f4863bd20a066fd985b163235425b5f9,1,True,2022-04-25T08:33:52Z,4f471105fefefd6479267a993c691d2fbeeede7168eaf12f3fd86f0a49c2a0af,28102867,flashloan,unknown,65ce2f8481edf47d8b5b0d3224c5dacc9a38116a9df8e97491856fdd1d2d8a4b,ca2-76e88e5b8b6fbabe3012,7a0eb820012bd08101f2cb7c2ed9ad3abbac63370712b592aee6b3c7cd16348e,4f471105fefefd6479267a993c691d2fbeeede7168eaf12f3fd86f0a49c2a0af,2021-06-04T02:12:45Z,False,SECONDS
unknown,bsc,870c67e313ce015a4f073ba7a7be674015ae8b6ef8a6cd01c7e4bf726e16d26e,16784,unknown,0x16d0a151297a0393915239373897bcc955882110,1,True,2025-06-19T00:04:27Z,c87c7a1df11a91b5ebdc00c0fad5da3285db2fc605e1b815012f15d6b0e62ccc,124860881,incorrect dividends calculation,unknown,6db2cf5f1c6dc2a56e64fbd27b3cba509e25cb0f29264551f1846faf40add39f,ca2-76efd7743f4d9234ff8d,223174c0ff5318007baddbdfbfd17bfca8741920fe30377f03fb40b9931ef3c5,c87c7a1df11a91b5ebdc00c0fad5da3285db2fc605e1b815012f15d6b0e62ccc,2021-07-04T20:29:46Z,False,SECONDS
unknown,bsc,7541e49a91d737b807a939f609b0fff064649551f85bab5c3ed1146f68fd0b00,23659,unknown,0xea51801b8f5b88543ddad3d1727400c15b209d8f,1,True,2022-10-14T13:07:23Z,dc6a2a88cdedf02f731236877084de7642e6cf61521f906d5dcfc5a0b1f3cd97,885094,flashloan price manipulation,unknown,6e6082d3d5e4d2bcc9c39c6621a6672b1e12d38c19d225a71ab59da91967461d,ca2-7741e8a9a71601f098a4,a6ab896eaa378a1b243545267e842fa8ab593e6e0b9706a2487e1c3505eac203,dc6a2a88cdedf02f731236877084de7642e6cf61521f906d5dcfc5a0b1f3cd97,2022-10-04T07:15:49Z,False,SECONDS
eip1967:0x4a10354b8e1928c38cc6a738cd2748fa1c818cea,ethereum,43e18445b61895a0d3020bcd6abde8181ea92db0f9c0944ba1bdfa5e9994dde8,1414,unknown,0x0c6c80d2061afa35e160f3799411d83bdeea0a5a,1,True,2023-12-16T23:53:47Z,fea73b79261b198f77c8c7ecb88e20fea5f683349a426305ed043300b70fcc81,56042828,lack of input validation & reentrancy,unknown,2c4fae6977f346aa5ecc8ed6c10028e397cd76be6b616a8b50e3685683fda7be,ca2-77cd38b96a68c54afe71,562c5ec4b9c6fb9f6ad3eca72407af572cd6c697006f7f36bb6dc5aa48002967,fea73b79261b198f77c8c7ecb88e20fea5f683349a426305ed043300b70fcc81,2022-03-08T08:26:39Z,False,SECONDS
unknown,bsc,791dcb2d53620ed95048890ebeccbc431266be1d3d369c74d49de1cedbc76468,20373,unknown,0x1962b3356122d6a56f978e112d14f5e23a25037d,1,True,2025-01-06T05:22:43Z,ece4d074ae87d3619277a58d1d49197e551369bd34803c6563c07c38d12e0e9a,31292,logic flaw,unknown,2f8281a22393bf02a31ffdc5314beffe3be23bd656d03008c8f164957cacd543,ca2-786342530794b2d0e951,1daad2ae11860de5d076a5f9736f5d983727b31e99e845bfcc8bc88f3d2affad,ece4d074ae87d3619277a58d1d49197e551369bd34803c6563c07c38d12e0e9a,2025-01-05T20:41:11Z,False,SECONDS
unknown,bsc,0254f0ca9f8f16cf89ac16e5c1f8febcbab04dd76eadbd3535361ae93a47d2e8,4775,unknown,0xf075c5c7ba59208c0b9c41afccd1f60da9ec9c37,1,True,2023-07-21T20:14:17Z,cf757bacaa1668e32e10c00a11d697b1c9fa24c0ecf06bed21bd37e28d123a13,3726981,business logic flaw,unknown,58651dff8af8a5be19195c07b2f084a8f1c3a4c2d3e409ae149542a7fd182565,ca2-7887a4e3ed471d877a90,456e351de17cb455755fa0e07d962645196f70d9a6f94ba4f93eae7566ee96fd,cf757bacaa1668e32e10c00a11d697b1c9fa24c0ecf06bed21bd37e28d123a13,2023-06-08T16:57:56Z,False,SECONDS
unknown,ethereum,1cf27df31a3e3408befed20dfee15dc2bee2e969b2596ea0d34c44a4efb20c59,24178,unknown,0x84524baa1951247b3a2617a843e6ece915bb9674,1,True,2023-10-13T14:39:11Z,612d5d1c2f9fe8b8efe44e535e5e424c70d570e9aab65491fc9a5b30e4191814,5685912,donate inflation exchangerate && rounding error,unknown,1bd72fb07fc32edc3b7416653aeb95f5d76d18ebf6f970d1a8a608760e3e25e0,ca2-789b9d7c348037be1840,d71acf33de76da2808588fc62f5f115ebf353f92e2db64998c67db8b0f8ab57b,612d5d1c2f9fe8b8efe44e535e5e424c70d570e9aab65491fc9a5b30e4191814,2023-08-08T19:13:59Z,False,SECONDS
unknown,ethereum,11cc6fc24b1affb702945c5e71e740fa2f5f5ca3a337b3cfef6ea5cc3c86ab76,15869,unknown,0xde59b88abefa5e6c8aa6d742eee0f887dab136ac,1,True,2024-02-21T17:49:11Z,2f38942753db47d1f13396afe71517292bd8be9156239b9b77e9b5ca1b414156,50044541,bad function implementation,unknown,4e366104e4f4e102e863bc6404306ff2ab7fcd9469204d25763a65d206ad9b94,ca2-7a01249aabcf9ab600cc,4fd147d98a9baf1a12c62fa478ea35f7ade70312df9dabd30c540d1dc56d1233,2f38942753db47d1f13396afe71517292bd8be9156239b9b77e9b5ca1b414156,2022-07-22T12:33:30Z,False,SECONDS
unknown,ethereum,ce30c4d194c5282a83e422b1727c610f1981b22ade100fcc00ba97bc67b3bb57,13206,unknown,0x46161158b1947d9149e066d6d31af1283b2d377c,1,True,2022-11-10T19:27:47Z,f16ec47578a2088569e2428d538d8cdd4d7876aa96d595190cc7afd6e43650cc,2256180,reentrancy,unknown,6c22f2d771923bc8a2cf7f9b3e31ed351699d723f984b571e7a320ec6edfaf0a,ca2-7ab9ecf055348c803def,ed162bdd7b4c528612569fcd5861f9f1585130471f35943b8b4df2c9598c8b02,f16ec47578a2088569e2428d538d8cdd4d7876aa96d595190cc7afd6e43650cc,2022-10-15T16:44:47Z,False,SECONDS
eip1967:0xcbc6f8dfbb439a8adc863251b656c1cd89ccbd1e,bsc,ef7ac5d67ee3cbeca495bd816fdc6e0754b30b3f3a829c177db213ef5c95bebc,1581,unknown,0x633e538ecf0bee1a18c2edfe10c4da0d6e71e77b,1,True,2021-05-19T22:31:25Z,340b8ef385fbeb68ba030942242ad5ca83e1e073bf28811e35d359fbd7bec792,2285176,price oracle manipulation,unknown,a4aaf28d52e288ea328487ac00d242ae96d992ae2d1f70f599e6ea65edd80083,ca2-7c6082cada48d720f171,4a33f279762d4cf8af855e587cb5eddea5b5549958f634e2b3f27589dbf8568d,340b8ef385fbeb68ba030942242ad5ca83e1e073bf28811e35d359fbd7bec792,2021-04-23T11:45:09Z,False,SECONDS
unknown,bsc,0f7ea616aca91925ed96af5db0f4dfc56e3909d586c2354bf3028acac532ee95,13863,unknown,0x33adbf5f1ec364a4ea3a5ca8f310b597b8afdee3,1,True,2023-11-01T12:16:51Z,ee774bad842fa8d141ccd8ce4b1853854d5be56fe9c87ce8d14ce21153198e8c,83462494,business logic flaw,unknown,1a2c7aa3ac4d19821c715efe7c2e6900a2bc9dd5d18561c33f1975c9f706118f,ca2-7cd2beaa007600ae46b4,1a293413cb6d9b27d4e7b89dfa8a6b8a4e64042c0b6519526aaa8cc7f77625da,ee774bad842fa8d141ccd8ce4b1853854d5be56fe9c87ce8d14ce21153198e8c,2021-03-10T12:15:17Z,False,SECONDS
unknown,bsc,918a3e8d76d4c602b94b3d31d2ac12ce2f5ccf8aa1d3280d220e171adda5fb66,3583,unknown,0xb6fa6f1dcd686f4a573fd243a6fabb4ba36ba98c,1,True,2025-06-14T07:00:43Z,3bb52b87de919e19d48d04b8cfa6df24944d550eafefbd9f6fadf724d3aa4a93,63899565,replacement_candidate,unknown,41d4688a8138e927f698bd5cc6e92a0e9965a57e913105fa905cbad8ac547b57,ca2-7d57548f67767829ee9a,da12999c0c28d1b4a6d2ae9c2e10ef0c7a0c839a455925c3a1bc1b8c40e8a185,3bb52b87de919e19d48d04b8cfa6df24944d550eafefbd9f6fadf724d3aa4a93,2023-06-05T17:07:58Z,False,SECONDS
eip1967:0x2bcc7bf861eced9c64d0ea239bbf00036babf7b3,bsc,ef7ac5d67ee3cbeca495bd816fdc6e0754b30b3f3a829c177db213ef5c95bebc,1581,unknown,0xe9d1d2a27458378dd6c6f0b2c390807aed2217ca,1,True,2024-05-28T02:14:05Z,53ec48d8d2bb43b795a76c405d804c62a6e74134336d884c4b3123526c50fd97,102246139,business logic flaw,unknown,175673200107a6b24cc4230c7f49d59657769759031c4a76a1da6900092ee1d4,ca2-7d8bff5c879f84e09ee4,8679fb075376f373135b4e7c3778fbb2157d0aab01dbbb186f1dba3e6ac67aaf,53ec48d8d2bb43b795a76c405d804c62a6e74134336d884c4b3123526c50fd97,2021-03-01T16:31:46Z,False,SECONDS
unknown,bsc,79214c4f079297819e6a1981ccbbc2428be995f35de277e8c1f080b8dbda8360,16762,unknown,0xb47955b5b7eaf49c815ebc389850eb576c460092,1,True,2023-07-18T14:01:34Z,e58488a1e74e1e3589365f2b0ee31833b148bfe5851ed4348daed53aaca23fa2,220833,business logic flaw,unknown,61a48bc69201c958e6c727fc22adc8fc64b53f789a67b437d5fbcba79ae37275,ca2-7e2e4e06ad319c9c87c0,bd1a4936320f762eebd9b0432a7e2cdffcfc4cd0939dcde9f36fdff8a2e77021,e58488a1e74e1e3589365f2b0ee31833b148bfe5851ed4348daed53aaca23fa2,2023-07-16T00:41:01Z,False,SECONDS
unknown,bsc,9e0fe73f4ead523f96d2f0c273c53a5d89ba8d614bfb11ee033446383fb02db4,13095,unknown,0x493361d6164093936c86dcb35ad03b4c0d032076,1,True,2024-10-21T07:27:25Z,4d808108b1a17e027aa8530e5624cf205f9ba2b634e9579fb9789baa79cddcde,39653445,flashmint receive error,unknown,be8629a6e12c865f6b549419e7e5e506b980ab8922ab684852d45cc435bb39e9,ca2-7efff287d58605a4cc72,4b147ff22cab0e6db919df5e93389c6fcefa32086ef9e24e97c25d9f8218b22e,4d808108b1a17e027aa8530e5624cf205f9ba2b634e9579fb9789baa79cddcde,2023-07-20T08:36:40Z,False,SECONDS
eip1967:0x6b75a3b072369bee8f873477266ac168beb73dab,ethereum,b69e7bed5bbc40140d9b5da36eca3aa9330db6ad2b2fbeef9a6b922330b29387,2015,unknown,0x9f72dc67cec672bb99e3d02cbea0a21536a2b657,1,True,2023-06-12T01:06:23Z,39d8b25f567ef2a8df0e96cb2b427f153a0b6ee1a2776f4c97bff4a9bae7345d,16530096,read-only-reentrancy,unknown,d2da700257ac6c8ba0a2e9c9fd499fa8fe303ff95840a0ba1de0932af9f846f2,ca2-7f64659ac37a0996268b,cc964356cf2a2197798946f56e8a278bedaeb6699576b07c7d8869e442293dd4,39d8b25f567ef2a8df0e96cb2b427f153a0b6ee1a2776f4c97bff4a9bae7345d,2022-12-02T17:24:47Z,False,SECONDS
unknown,ethereum,8c89f493af608d3a74a6e26f8a1dd1ea73220ca903a47a07ff1a3c243e25fb17,7692,unknown,0x759c6de5bca9ade8a1a2719a31553c4b7de02539,1,True,2023-09-05T07:24:59Z,e3a46f860eede77e9b7a5d26434c24d90d5d1c887f2025845e4c9ec8b07ea299,47814638,rebasing logic issue,unknown,fd9455374d0365e82b1a64b3f8f4a516c9645530a164269ca461abf95a0a08df,ca2-81ae1f51e833bf23db49,666b5373d7038b1f07fcf23d962c57da54f8ecf30180fd1bbda5477b0d012b61,e3a46f860eede77e9b7a5d26434c24d90d5d1c887f2025845e4c9ec8b07ea299,2022-02-28T21:34:21Z,False,SECONDS
unknown,ethereum,8a06dccb478e67b5c03d25f6cc69b97dee2071ca8ff9698f5caa858bc641627e,24152,unknown,0x4ae2cd1f5b8806a973953b76f9ce6d5fab9cdcfd,1,True,2023-07-14T08:24:47Z,fb803fb7b591d4ecec567bacd53d886f69c3a7e1a62f0587d5a4ec7fad62818e,26580476,business logic flaw,unknown,f042ddc8ee6d0cb06a240ef4283ea96a1e3da4ae6d30de866880bfb66707f569,ca2-82c63f4f3f31559be9a8,95d72750bced7889c6a22a852d985d24c3ee814774a8cd4856432c7ecc261058,fb803fb7b591d4ecec567bacd53d886f69c3a7e1a62f0587d5a4ec7fad62818e,2022-09-09T16:56:51Z,False,SECONDS
unknown,bsc,8abde77a16df7941eba9daec95410ccdb453d2d7540cea0be55c31daac947666,11483,unknown,0xc6548caf18e20f88cc437a52b6d388b0d54d830d,1,True,2022-10-27T09:40:02Z,edbb86371ae5415108855c9ec5085b6b97ed873e103f8df489ac66c76a3ffb3b,1454212,incorrect reward calculation,unknown,dc73991e203c447d6546f98c9fbdc777f0df35654eb3cf84d44ba9ea2ce4678b,ca2-83e922a7f39b2bc4b4b1,6c6f85bc2f8757e5a7507742fb43141066f950d4a2bce6a181703776257f4e5b,edbb86371ae5415108855c9ec5085b6b97ed873e103f8df489ac66c76a3ffb3b,2022-10-10T13:43:10Z,False,SECONDS
unknown,ethereum,a0c2ef4ba4c9ee3da50c1e32f2eef50189188f44aa8ec5fc0fd9bd5d4a679f84,4973,unknown,0x4d4d05e1205e3a412ae1469c99e0d954113aa76f,1,True,2024-05-21T09:08:35Z,aaac918ba40fdca87778e10219e6cb2d61cd9c170c23f553879f235b00314e2c,120353369,sandwich ack,unknown,09e7250fa34e140b21dc9793ed9b38df11be28cabaef0842f3f51787de888b9c,ca2-8521e5ce73f00a1df2b0,cb2f5419e54eadce9d679328c9b7d650aa96a702df9cb8ede735fa160a7e64e9,aaac918ba40fdca87778e10219e6cb2d61cd9c170c23f553879f235b00314e2c,2020-07-28T09:39:06Z,False,SECONDS
eip1167:0x44d1c6b94b282c678c95b7f4b18de5a53ea4fa9f,ethereum,eff47174a9d8fee3fc9e1627e79bb9206d4e8ab1136859eac65c74c7bb2e6b10,45,unknown,0xa44e79a2c9a8965e7a6fa77bf0ca8faf50e6c73e,1,True,2023-11-29T22:29:47Z,40fbb0b8f8eecf214bc0b96fe258324a847c4150544cc25b9079fb108d842bdd,27846276,price manipulation,unknown,994f94a6918b041b27d84170893f869a3cb697a688c217d4ca9e6c5bbf18782c,ca2-87c7a2d034157234fe09,0b2ec45c36ac6f13342576ecf511114fb5d83be6504c483173f292dffba853ea,40fbb0b8f8eecf214bc0b96fe258324a847c4150544cc25b9079fb108d842bdd,2023-01-11T15:25:11Z,False,SECONDS
unknown,bsc,52ca1302f9e334417bf71cb18793bf3d5bbbbfd42a28f46ebb87530c1e81fd54,3484,unknown,0xcc61cc9f2632314c9d452aca79104ddf680952b5,1,True,2023-10-11T14:14:30Z,29d56334a9dcc5edcbec97c6da52e0e21a82c353a3e5c285850b9c2f18ce0acb,456448,price manipulation,unknown,1bc4c471af6b34f254758668961bb299581f26c6dcba7110551db7778ab0878c,ca2-8827a43c9b16b94734ae,563ce0cd126bd13de1e2600e0eb7562669d462a17fc279f5e2c6d2b472b3870d,29d56334a9dcc5edcbec97c6da52e0e21a82c353a3e5c285850b9c2f18ce0acb,2023-10-06T07:27:02Z,False,SECONDS
unknown,ethereum,ed1537b6430a613254af7c7459132739120806373578c475e5506b43a4b46813,11064,unknown,0xaf274e912243b19b882f02d731dacd7cd13072d0,1,True,2023-06-07T04:13:59Z,8ccd4a45db7b587a2be94440d617a755f38c7dfba32fe723e60dd2fb1a14219d,81223983,manipulation of funds through fluctuations in the amount of exchangeable assets,unknown,743a7b3833c2b14dbe5a633d13d1c93b05abe438a05d7d7688a7df9f17090409,ca2-8920d085a4a666414df5,490c349a6dc091e5370e3feebf43400f8a114fff1182938a26a02626454853fa,8ccd4a45db7b587a2be94440d617a755f38c7dfba32fe723e60dd2fb1a14219d,2020-11-09T02:00:56Z,False,SECONDS
unknown,bsc,e0875b266e906378eb77616457b4d314ed854dc4199a642b97c2585fe053f9ab,6801,unknown,0xb192d4a737430aa61cea4ce9bfb6432f7d42592f,1,True,2025-07-02T14:25:18Z,5dc2060312f6014e2809fe4e00e49261e221eacc03fedf83a911ba0c879c5bac,84537,logic flaw,unknown,af67f44f10b4f74ecd1685334c966d5c3503d59b081685ad9999a614f784596e,ca2-8a1aed9c839187cc890c,0773ca6aa31e9f06baa797b23522a16ea8ee18c969de27bff5cf2cfcf3fd505a,5dc2060312f6014e2809fe4e00e49261e221eacc03fedf83a911ba0c879c5bac,2025-07-01T14:56:21Z,False,SECONDS
unknown,bsc,c704a6b37f37db51fc8b4287f364e671f94d52252231872e911178d15139f869,12918,unknown,0xe7748fce1d1e2f2fd2dddb5074bd074745dda8ea,1,True,2022-04-21T07:15:05Z,176d879fc026828b9270f2269278c54690c91a445bfb1a29a8f097862ecf73db,5331,incorrect calculation,unknown,faa3dac9f6471c1e8446c13c4c4c7735383ecdbce4fd23697fdf6f49e38afa3d,ca2-8accf6f062f57db1f918,aa9c5ac02284944d3dcee82bfa1b912a9600bd70462c33b3b20c3d7f83a6ec30,176d879fc026828b9270f2269278c54690c91a445bfb1a29a8f097862ecf73db,2022-04-21T05:46:14Z,False,SECONDS
unknown,bsc,588d161c22428102fc7f7e10c0db2bfa8eae6d09852316fd1dac4cdd2814a9a6,10895,unknown,0xc342774492b54ce5f8ac662113ed702fc1b34972,1,True,2022-10-19T16:34:32Z,d845d3c0a48d3d24b9d350b00b8454554a83525100eb182393ae586f15711b86,50726436,incorrect signature verification,unknown,adacffac3e46ae3c0cafdd351055cd52eb79524e5b6f186f345e19e098b86c6d,ca2-8ad0e7849cd27bf47eab,cbe272e4caa7c21aee11bd9c6e351f74e09ea1a4da7e0c1356e8facb7d3e1caf,d845d3c0a48d3d24b9d350b00b8454554a83525100eb182393ae586f15711b86,2021-03-11T13:53:56Z,False,SECONDS
unknown,ethereum,10f5be3d883cb528029a0defa548a56bc538f4edd0562af7d0fa6627ccbefe35,16530,unknown,0xdbb20a979a92cccce15229e41c9b082d5b5d7e31,1,True,2024-01-29T03:58:59Z,b5a4f1a8a9ceb45a42116de431644869bc71b806cd7814dd84c745de4334c21b,3998472,reentrancy,unknown,d64c8358a42a7ddd14b4d051e77bb84cbde4dc8f56d872fe33b1a4f8fd5f3d4f,ca2-8af0ea955100349da941,67b32bc05f3ef183b4b05c90d57f46a12791a90250b91ba6d62911d7efee6bf0,b5a4f1a8a9ceb45a42116de431644869bc71b806cd7814dd84c745de4334c21b,2023-12-13T21:17:47Z,False,SECONDS
unknown,bsc,191765e32aa2ffd61c81a53cace74ebf3d958c734913c5e0b3f3f9a622e5ee57,9722,unknown,0x6666625ab26131b490e7015333f97306f05bf816,1,True,2022-11-21T07:54:26Z,07e071ad86fa31fed141d6b068a98a8b08874afefdb40e70418e246a2bf5b948,14442651,business logic flaw,unknown,21d8163280a0a95d1f8130247259d881a6d8e8e8ceb6e840cdb80c533a46ef4a,ca2-8b0370be76c7c7e05d59,1577ebcf93727b536058dfa32eca6dfc1ae8a3764376310237cbd344858f2dac,07e071ad86fa31fed141d6b068a98a8b08874afefdb40e70418e246a2bf5b948,2022-06-07T04:03:35Z,False,SECONDS
eip1967:0x72469eb66de133f2a39573867809ed64b9b1739f,ethereum,1b8deb61ac7fe1be1ef877ab60e676e6c26da31c8c8de2dbc6f51a8d06b1bf44,2068,unknown,0x6e799758cee75dae3d84e09d40dc416ecf713652,1,True,2024-09-03T18:34:59Z,6cec57385400fb2db3dac7c675ed54a7dd4c2fa49f854e3a99425e52d72d7edc,39426240,reentrancy and reward manipulation,unknown,83aac8febb9eee9acc8cad9a24bf5b09c680fd9d4dba1f78939aebb61ce29708,ca2-8b19d47d1a3d23da742b,e481ca4deaba95dfdcf833c4ebfd2a9e2ca3a0d192385a40ad22378dea2d34b1,6cec57385400fb2db3dac7c675ed54a7dd4c2fa49f854e3a99425e52d72d7edc,2023-06-05T10:50:59Z,False,SECONDS
unknown,ethereum,8614903ec37933eb4a2ef5976313ac69d278eb09636cb9e50b517f133676b4f7,556,unknown,0x00000000000a47b1298f18cf67de547bbe0d723f,1,True,2022-10-13T19:39:35Z,fc7c3fd3fa28dfb33595f43a14df67f5a7ff7267b737d7ba6d0e2493b0cc5e2a,16792791,replacement_candidate,unknown,b26591e2de4f2691d07aa7caf4252f8f18cbdc0e65e8ab1bc445cfcd0026acaa,ca2-8bd96b9bd5ce07a9bc18,38182e91b073547225724c968258955f01f0421133abe4c6d57ba40a30aab24f,fc7c3fd3fa28dfb33595f43a14df67f5a7ff7267b737d7ba6d0e2493b0cc5e2a,2022-04-02T10:59:44Z,False,SECONDS
unknown,ethereum,d9fd7ffff73b4031637c5e4f5d335e9e5f46942e2c3da8f1d41d8f0c8c7c4a4a,4744,unknown,0x2db6c82ce72c8d7d770ba1b5f5ed0b6e075066d6,1,True,2021-08-30T05:44:36Z,8a283326cf294d2e25546da5d6d8bb2cd1a3df2c003fb74843bf55f1e3b4bf39,17365776,flashloan attack + reentrancy,unknown,505f6135a7c3f2f0005cdcc297f62e66d1a4e1850e1bb813569c691e31dd4210,ca2-8c56561fae063cde5971,cdf553734553938c29112f7b0368340964ef0c74fd111dcfb9e46471a3feee48,8a283326cf294d2e25546da5d6d8bb2cd1a3df2c003fb74843bf55f1e3b4bf39,2021-02-10T05:55:00Z,False,SECONDS
unknown,bsc,07ecbb4a438c8a83c35b87c336c0d86257a72a22fe8a4c2a3d9bc269230b95a7,16092,unknown,0x29b2525e11bc0b0e9e59f705f318601ea6756645,1,True,2022-10-17T10:44:53Z,44e2b1c630628fed81760b9dd43f772c1073d3d34cde332deb606092a25b212c,2517050,transfer logic flaw,unknown,28e6cd455d67531cbcab653e97ffb89932043e153e0effbc38d028deca06b368,ca2-8cf05be564db7065817c,2d3cfaaaedd22073e131f87dffac95997639f59c624b515dfbaed3cf18c6f5c5,44e2b1c630628fed81760b9dd43f772c1073d3d34cde332deb606092a25b212c,2022-09-18T07:34:03Z,False,SECONDS
unknown,ethereum,28e513c736c6202c8c2cd29c2a91ecfb2883c468c69da34c2961b4406cb6cdd6,4419,unknown,0xa88800cd213da5ae406ce248380802bd53b47647,1,True,2025-03-05T17:15:11Z,e326a5c9244f95c6ef212f72403edf82ce3dccb91c30e1d4d07352360e6bf483,69384432,arbitrary yul calldata,unknown,783644864869f66a8e199d391481cd23c4e4d0d16dd9244df024f6ead8614eff,ca2-8e3ab047548dade505e8,a74e1a4adb675106b71bf0607fd0c63ce3961bed2812fe273f769d3e00ab3e64,e326a5c9244f95c6ef212f72403edf82ce3dccb91c30e1d4d07352360e6bf483,2022-12-23T15:47:59Z,False,SECONDS
unknown,bsc,6daec1ad376cea4776c3bfae6249f8f8c0706421f4f9be5404da8026ce27bfcf,10278,unknown,0x489afbaed0ea796712c9a6d366c16ca3876d8184,1,True,2022-11-06T21:30:34Z,31a191948a4b8eb1545d74add4b62225dc581e2d131141a594aef943b0acd411,63859545,flashloan attack,unknown,9bde90f3c545fc00732a8ba3d78c91dfdb4fce6c6001cdcc873b6727cb31517a,ca2-8eea98fa7851e4eaf7d3,f33298b757a50e1c61a648d772b5f063160fa707e7a94dff1eeaf7e84da744f2,31a191948a4b8eb1545d74add4b62225dc581e2d131141a594aef943b0acd411,2020-10-28T18:44:49Z,False,SECONDS
unknown,bsc,f7ccd2878824ff6ea9b41c5d92864aa30ce9fc925d8d18db5ef1acca58809022,8180,unknown,0x9cb928bf50ed220ac8f703bce35be5ce7f56c99c,1,True,2022-10-12T05:02:58Z,0e619f582aad7782a04f8a846ba79b47514a4b297c0ca27f3c85f16ef2fc5c8f,604050,flashloan manipulate price,unknown,fb43d2e70a7fa3bd0db09b4013c2937875a670381cc86878e3b24d8562689cfa,ca2-8f02fa85c8202388bdf3,171cb13982cb009ad0bab8b865ff60c1d4c4abc3304add4eab7c6d15706ce29c,0e619f582aad7782a04f8a846ba79b47514a4b297c0ca27f3c85f16ef2fc5c8f,2022-10-05T05:15:28Z,False,SECONDS
unknown,ethereum,e1747372888fc5785acfcee3631e533c08196bb1efe8f21b1ba9183a14c573be,11493,unknown,0x800cfd4a2ba8ce93ea2cc814fce26c3635169017,1,True,2023-07-15T04:54:47Z,7d50c4b374aa8b363a0486249c4a9820feb1b2a6ac13c5de5cebf107bebfc1c7,230448,lack of access control,unknown,7c4060e503ce70f8cf052301ef1367989a64aa9d38bfd44eb7d29becc5aec10f,ca2-8f2514150efc980c9183,5b0c2fb0886620361084643b072a0016a61c7884b53ba066b7d8f671973ba1a4,7d50c4b374aa8b363a0486249c4a9820feb1b2a6ac13c5de5cebf107bebfc1c7,2023-07-12T12:53:59Z,False,SECONDS
eip1967:0x678fd96fd3d057a30ab1569bfe72e51446d8dfc1,ethereum,6f4cd91554d949a8ad8047da7543a1ed35a94f9b9b1e6c2159563c05819ba95c,2112,unknown,0x1f006f43f57c45ceb3659e543352b4fae4662df7,1,True,2023-08-19T13:47:59Z,114c4af4f51ba8f9846b2cb452ab4a6f21fbad47ef76a5446d3b0b5758005040,5542128,price manipulation,unknown,5c61136cecd5eb843435fa63117fd6832c16127ec86c8581325ac38115caaa25,ca2-9035062d2e632d8ca752,b2aab7fbc7ddc57e9b19a0488a583efd85de5a7811dc0a4ba22bcb44dc13db4a,114c4af4f51ba8f9846b2cb452ab4a6f21fbad47ef76a5446d3b0b5758005040,2023-06-16T10:19:11Z,False,SECONDS
unknown,bsc,8d37dc9cf6cb143edaa619a09ad7fe001e6127ad00501dba39ad6877d8c3f1e7,8683,unknown,0x0025b42bfc22cbba6c02d23d4ec2abfcf6e014d4,1,True,2023-02-10T10:38:17Z,0b21ede1704100672f7c898d5ce3d87929a248106b33333d8a3402f76c4f812f,56269466,reflection token,unknown,5f6d7c5fd2c526793e1b87c73f1699a9475d4b4d37907237a162c8d08362e1f1,ca2-91206b717060c4fd7b39,818f41d5e605055aa054e77e2cd9c8209e1f86cccde54aa22a7b621acdead16a,0b21ede1704100672f7c898d5ce3d87929a248106b33333d8a3402f76c4f812f,2021-04-30T04:13:51Z,False,SECONDS
unknown,ethereum,8feea4a2624f7cc551bf45e4b024a5db5091bb8018e98d2bca301f9a0f219ba5,13408,unknown,0xf4a21ac7e51d17a0e1c8b59f7a98bb7a97806f14,1,True,2025-08-15T10:13:35Z,37441fc0a6fd488591e6d13df8747c128a4abf9352352eae9ac2d92b9bb9f3b7,6036048,access control,unknown,506c22400c94adb6c32c6a9a7f1b6411447228e4c1be68d137dd7b9d4ba23952,ca2-92a135a9bdbd676ee494,f7d0e7a5ef4f3ec86de9556f02ad95018ff77d4ff96dd4ca0131c82460612cb8,37441fc0a6fd488591e6d13df8747c128a4abf9352352eae9ac2d92b9bb9f3b7,2025-06-06T13:32:47Z,False,SECONDS
unknown,bsc,40e5df2ad24644381db323377a71dc270b29c1271ca0369a0f0d570fa74a9683,15538,unknown,0x2b45dd1d909c01aad96fa6b67108d691b432f351,1,True,2024-07-11T11:24:26Z,8f5602d3fd0bd05e381c97239871349892bb6ef04e8c75a44be8cdb0e324ea61,1581456,business logic flaw,unknown,d96e81d4043bb1aa8e988bca63a296043423ec44307b4cc927ee1bdd410efff8,ca2-92eeb1ebc356ab25288f,3bf4c5e4f9828b2a329b9ce1c28739508efd4f024755225cdf8e5a84a43a1fde,8f5602d3fd0bd05e381c97239871349892bb6ef04e8c75a44be8cdb0e324ea61,2024-06-23T04:06:50Z,False,SECONDS
unknown,ethereum,6d7324162386a2314afa33035a61dd106f13e4b7f8f8d9d2d5527fe3639a0bde,1924,unknown,0x0ad8229d4bc84135786ae752b9a9d53392a8afd4,1,True,2022-11-08T15:05:11Z,df22fa17e2c96ac819e566a55f76b3e9511e65c96dc910ea09ac3e93499612c9,79007958,replacement_candidate,unknown,45a34840ddd96fc13f544ec3bb6bdfb1f09835e206f8cc537ad99cc413c09182,ca2-93a5245378ac7422b320,fa5b2c94fdf82475d1ab83030710fd8de9e7b3b2d42f2eb64a83930edee5436f,df22fa17e2c96ac819e566a55f76b3e9511e65c96dc910ea09ac3e93499612c9,2020-05-08T04:25:53Z,False,SECONDS
unknown,bsc,270bb755764633c4bb2c0901be904f5e9bbe55cfdf960f4a6c49c4e354b48c23,14238,unknown,0x566777ed780dbbe17c130ae97b9fbc0a3ab829df,1,True,2024-06-27T14:16:00Z,16a856ea3c23b285c15f70655a98f938aeb0a1859e5894ceb6d9cb2696254d5a,98588,business logic flaw,unknown,eaf2b34603dfa02d74aed049767a4f9f1c092b2682c644d07083da0bbadd79a9,ca2-94a8114b86699da44092,eb19d33bed967999c2d10123b11de643d03dce6afdcd9a3aeedb1767e823f89b,16a856ea3c23b285c15f70655a98f938aeb0a1859e5894ceb6d9cb2696254d5a,2024-06-26T10:52:52Z,False,SECONDS
unknown,bsc,ea7f9def11a87f16e60b2678d6e61475ba9f7a630d855dce73fa84f83bb5c154,10289,unknown,0x8fd3d01cc65ea0e4dfffde7ec8159dc99a177f0a,1,True,2025-07-17T13:58:30Z,198ca24c3caa31fec771747b0caa67559090574a8720b2f02ce012ef85002f3d,92457540,replacement_candidate,unknown,9db5f0a6771b26e52c2d145ff8a7fe5e99666dbdd6c5cdd6a43dca9ec16d686a,ca2-95b35bd7c797a707a0fe,c579a78dda62a74c585cee2eb09bccffd2f933d05a6839d7b10f4b44e914acbb,198ca24c3caa31fec771747b0caa67559090574a8720b2f02ce012ef85002f3d,2022-08-12T11:19:30Z,False,SECONDS
eip1167:0x4cb4e3d9e2032e4561ae93ec4815126371bbd0ce,ethereum,e2a9a383f0d237595ab261e1deca56ab305225bccfc091f8b6a87c0ca1eba86f,45,unknown,0x2405913d54fc46eeaf3fb092bfb099f46803872f,1,True,2023-12-21T16:10:35Z,77a98ed35d980e8d8af3a1e61d01132a0ca03bcd90981e7f7afcd41f34202f40,29621472,business logic flaw,unknown,b9b788ebae05958c9322b49aaffebd1840a39b49429bf04baae09046e5a8dc79,ca2-9653ab400e10fa0c044d,2c70284e9ce85b40e660d44abf93b0dec00caea3b10e1e234e3ab774aeef8940,77a98ed35d980e8d8af3a1e61d01132a0ca03bcd90981e7f7afcd41f34202f40,2023-01-12T19:59:23Z,False,SECONDS
unknown,bsc,4f579b10306228bfc69ff6ea129be3f38b0b8289482776782357bbf3cfd7f101,16486,unknown,0x6bbef6df8db12667ae88519090984e4f871e5feb,1,True,2025-01-08T10:41:53Z,7d4869364b944030c7a98924ad993ea29eaa5ed753c9fe7aaf64a7e7b2ad4a99,450402,incorrect reward calculation,unknown,f5929a6c5f5d5cd80aa5f1242f3931150cdabf7f43547b061ec3e4f3a1d2214f,ca2-969e97a830e1fdab4f58,137b720ca95e52f4424aa3bc3ee213ea1fd364c3036a8baadbd5221597a7e3a1,7d4869364b944030c7a98924ad993ea29eaa5ed753c9fe7aaf64a7e7b2ad4a99,2025-01-03T05:35:11Z,False,SECONDS
unknown,bsc,d45092df32e2eb5fede974e5e03343b59ecd0b04ae68c7adb267a0db6e4f7739,15208,unknown,0xae975a25646e6eb859615d0a147b909c13d31fed,1,True,2022-10-25T08:18:36Z,496a3bdbda982f6725e6022dceae6b0cf012a799f0a73685c4433e62f0af6486,408741,access control,unknown,06881b1a7acf445dc0a108e77b571373c3066a4069203abb1b1ce31126d350a5,ca2-96f365accfda88170b34,074be06dd570e3beee33d8ccaefd9b61f51f3be078069a50a2b2c5a77172532a,496a3bdbda982f6725e6022dceae6b0cf012a799f0a73685c4433e62f0af6486,2022-10-20T14:46:15Z,False,SECONDS
eip1967:0x35dd16dfa4ea1522c29ddd087e8f076cad0ae5e8,ethereum,9dbac6b118f15b618390f84e0f9839efe5f41f1931bc7391561efacd0d872654,1069,unknown,0x4deca517d6817b6510798b7328f2314d3003abac,1,True,2022-07-23T23:09:48Z,65c9246d5c3e57562f832ac2941aa335da85955e284e4415a4f02d2347dc9d55,55197817,storage collision & malicious proposal,unknown,be18ba216e378acbf6b3a17bee4a75de42c9f08930b88439af9748b073891db7,ca2-96f82ac8ed9b6f3e4f14,9059c2de452c69b0ee6a04251a0976a53040986eccfa21aa568844fff77c3010,65c9246d5c3e57562f832ac2941aa335da85955e284e4415a4f02d2347dc9d55,2020-10-23T02:26:11Z,False,SECONDS
unknown,bsc,3ed1c08e5e8e9ff51dadca886dafc5640ceb37ce7e082058136ccac1e4b3dbbe,8715,unknown,0xef1f39d8391cddcaee62b8b383cb992f46a6ce4f,1,True,2024-05-29T08:47:02Z,efe4bdc6361200b0a539af0b90bca2c33e6193350d210b1c39fc31556e2d5680,2168692,lack of access control,unknown,c964a9226de1b0fd69b53db55f5076e76af4ca57ccb7db50c5dd35071df3b500,ca2-9896be8cb2fd2c2b336c,428dd1a3257ec9f74f7e059480596b03fb3abfbc8a2214dc8a85d910c477c82e,efe4bdc6361200b0a539af0b90bca2c33e6193350d210b1c39fc31556e2d5680,2024-05-04T06:22:10Z,False,SECONDS
unknown,bsc,870c67e313ce015a4f073ba7a7be674015ae8b6ef8a6cd01c7e4bf726e16d26e,16784,unknown,0xadefb902cab716b8043c5231ae9a50b8b4ee7c4e,1,True,2025-06-19T07:14:49Z,d7cfd3500a991d4af6ef300151356ca4a2c36a7e78f46fcb7e9abfa325926bbc,124532599,incorrect dividends calculation,unknown,ecf1e4b31d6b4e0e5cebf9eb4ff7a97ad641c2ceb6784252ac1a4eeec1c86575,ca2-98b03a49b7d20591238a,cfb267dbfd0e7499db52f06bd9c93b0d6f0d91c21055eb26205e16dfba756c67,d7cfd3500a991d4af6ef300151356ca4a2c36a7e78f46fcb7e9abfa325926bbc,2021-07-08T22:51:30Z,False,SECONDS
unknown,bsc,21aaaee65b8888b84b3233f12dea4e2077bf5c8c5e51ae3e1a0e9da53308f44a,14981,unknown,0x2ba9d4a8c41c60b71ff7df2c3f54b008644b954e,1,True,2024-02-13T22:14:15Z,aa4a29b15d3c6ecbe4506289158721dda629ab19afef17e8ebf58122c03133d2,39034,price manipulation,unknown,b26bfd71ed8a405f2efb8771133fca04b55f408c65c82f577d5dfe2c9fa8d35b,ca2-98f2e78eb7b0c6b2a380,69562514f1da494bfb0a0742544e1aef8e92eae88dba8cd1b4ae026e9879ad6b,aa4a29b15d3c6ecbe4506289158721dda629ab19afef17e8ebf58122c03133d2,2024-02-13T11:23:41Z,False,SECONDS
unknown,bsc,30e80cc516ad0d043081da40702af0252a699757145e19bed84422f6cbdfee4d,16095,unknown,0xa2b8a15a07385ea933088c6bcbb38b84c1051a58,1,True,2023-10-30T10:42:04Z,dfa235c131a157c00560ec090e5c4e45b061297d2ee2f461cc34abcd56691f66,45039871,lack slippage protection,unknown,c0563fc8b7bd8e8c337bc4e31b4903449e0f94e0942e9e714446f1609d24f3fb,ca2-99439e8d086734a4e7a2,168b1a78861c9933496bd544cf9f48e39ea1f98622c57a30688f2b7dd97596d4,dfa235c131a157c00560ec090e5c4e45b061297d2ee2f461cc34abcd56691f66,2022-05-27T03:37:33Z,False,SECONDS
unknown,bsc,ee6b1a9579b3f1b669cddc34b8239c837ff08d24ca9d4b50ebaa31c04b15ce68,7974,unknown,0x8b7218cf6ac641382d7c723de8aa173e98a80196,1,True,2022-04-11T03:39:46Z,4623d1d2a6c07e04da9f3ac2a75a4e68f1f7f6a0dccb1dba4281b844c1e7c526,125171,overflow,unknown,91cb0eca1c107778b69b4cf44641b90625f0d7f15d9c91473754defba1f77118,ca2-9975357170a08c396c9a,3358f3e258a6db616afafe5d3934a10b2677ff16166d755c605c0fe7951d775e,4623d1d2a6c07e04da9f3ac2a75a4e68f1f7f6a0dccb1dba4281b844c1e7c526,2022-04-09T16:53:35Z,False,SECONDS
eip1967:0x21dbe7debd0ab102508cf03a055ece9056872e09,ethereum,a9e9f47e85bce0571f5933d7bee02de9201c3766c8d14409c13c54e7092e7816,2141,unknown,0xbdb515028a6fa6cd1634b5a9651184494abfd336,1,True,2023-02-24T05:49:59Z,20e6da90ad3a926ae4cff34844787396607121dd8336c501dadf93f84e64ec5a,11962044,storage collision,unknown,532ebd6e3178d9af4ba6a8a2a87fe9890a96b8307a05613278fee9c25c30747a,ca2-99c425ac31ee8abd76f2,a93da2209c601bf65d95ff8cea7828e6f139fdc9a0db2ac47b987b571d01db15,20e6da90ad3a926ae4cff34844787396607121dd8336c501dadf93f84e64ec5a,2022-10-08T19:02:35Z,False,SECONDS
unknown,bsc,ca7817e4e76f5e48e6d9c7a296dd1a1c1c328e927b5a2a02042b10ccee41416e,17422,unknown,0xee6de822159765daf0fd72d71529d7ab026ec2f2,1,True,2024-06-16T02:57:30Z,e14fb59628ed04715041eef13fed7466e522045cb1f3edaf8c313140f974feb2,5593334,business logic flaw,unknown,8bc793f0572435c62f5329cd83bad81ea7e8d3446dd9aa7b7977f3ce145491b9,ca2-9a214e9ce45a57c562e3,5a59b5f49647f1f76d1993cfddfc6168b2e406128c73f893d14cd0d20dc2662f,e14fb59628ed04715041eef13fed7466e522045cb1f3edaf8c313140f974feb2,2024-04-12T09:15:16Z,False,SECONDS
unknown,bsc,fd38c658f0388bcedf2d5f873c1d3290216c80584dae14290cc3f16b2fb5b16f,14332,unknown,0x7057f3b0f4d0649b428f0d8378a8a0e7d21d36a7,1,True,2024-09-10T12:40:49Z,ce09de68605e6362d6278d8464cb12e84146e34bc20affba71611d87253e4f6d,3896751,price manipulation,unknown,da36f2c5568bd64ce6feba520171342df7c4ef99b1b60446d74a54e6d3943ffa,ca2-9aabe02b00ee6b15427c,6041ccfcb79644e102fdf0faf69d053a532e0455cfb29f6a13a0bd1bb6568e03,ce09de68605e6362d6278d8464cb12e84146e34bc20affba71611d87253e4f6d,2024-07-27T10:14:58Z,False,SECONDS
unknown,bsc,d8326f6d58ba0d4a0fbf4d7cfdbb29fe8a94a2ac3e2f88774694003f189e25a3,6904,unknown,0xf887a2dac0dd432997c970bce597a94ead4a8c25,1,True,2023-01-11T22:13:21Z,25c106acf5aed507c335a070c1d42fb1b2ab81f67c7a33452f27d818089c6ce4,36399956,incorrect parameter setting,unknown,34214934c45e08edd39a6746273ed25c2f37e35d51a23da7c3a7db2e4928b61b,ca2-9ab8788d5d7ac2a3947b,9ad5b398223d0c9a2b851ea012980df07123cac604c359f3fc806039fcf16024,25c106acf5aed507c335a070c1d42fb1b2ab81f67c7a33452f27d818089c6ce4,2021-11-16T15:07:25Z,False,SECONDS
unknown,bsc,bc47d839fa04dce40b26a28f9cf89809f047d0b225e167206d2f11eaafc6d49a,1497,unknown,0x5e5e28029ef37fc97ffb763c4ac1f532bbd4c7a2,1,True,2024-02-15T03:06:12Z,d642458179ce7036f4eb901ac4af1f31e4f1927701429f23232384d39cd7ccb3,32319894,precision truncation,unknown,68119fec9a259b82bd94376e9724cc422adacddb088b61fd68b654b1a95f63dd,ca2-9b3232b290b3e5a209ad,f8e8d73d76faa6bae3f3cd5d98ea901f8e8a547248071f611cea183930f84624,d642458179ce7036f4eb901ac4af1f31e4f1927701429f23232384d39cd7ccb3,2023-02-06T01:21:18Z,False,SECONDS
unknown,bsc,973987be52bbdb0531429568e6678e8fe13745e92bc13c593a5fe27d49b09ac9,24471,unknown,0x17bd2e09fa4585c15749f40bb32a6e3db58522ba,1,True,2024-03-29T18:59:13Z,6d168a6691dd994c2cedd938b8c86ce3759f997289a296dc404e1e141314e5ac,76336690,lack of access control,unknown,57ab0ac50f6f0b3733db09b7cf8a643350cfb7d67af76456fbb2bddd65196b90,ca2-9b437de06c56cc873e8a,8e4b46e8f5b719045fd40fbc0f0b4a7efddfa418e67516a6a6a93fde82cbb563,6d168a6691dd994c2cedd938b8c86ce3759f997289a296dc404e1e141314e5ac,2021-10-28T06:21:03Z,False,SECONDS
unknown,bsc,36307880fabb433baaea0121ff90098ae12cdd4bae8cf3d891d2adcbd0808bbd,16374,unknown,0x6beee2b57b064eac5f432fc19009e3e78734eabc,1,True,2024-10-11T12:35:25Z,7c15724e1a35a8f512f3db45a8af38c09436a8b6ff78fd7fbeef313e5e99ffa1,87599,replacement_candidate,unknown,68b35fab3b9e537943ed4c03605b3d3db102f11a3bdeab056735a58b22f43551,ca2-9c986971a7cb2a1d5317,582ffef6e73c7cf636cd16ec9e7603b60fc6994a9deaddc2de250eaa9d0386ea,7c15724e1a35a8f512f3db45a8af38c09436a8b6ff78fd7fbeef313e5e99ffa1,2024-10-10T12:15:26Z,False,SECONDS
unknown,bsc,a1ee11ade351b6674d8ccb7ffa98ddc9967d9a191737081cb4f8d0b48ee974e7,4360,unknown,0xbe779d420b7d573c08eee226b9958737b6218888,1,True,2024-10-05T09:33:49Z,dbe44f27706533ebf4b6b3aaee107ca37d464553f4fc977445df73941c6344d0,5856432,wrong price calculation,unknown,bfb7fc4d8cd3151a8beab669940ab410ce52ef4aacc3d2417fc911efb0e05e55,ca2-9ccf44443a293b02fdd3,8f34b3dbb60f3b081cbb524bde68128ae3a78e9823ec679b8dcfa9ec593a52ed,dbe44f27706533ebf4b6b3aaee107ca37d464553f4fc977445df73941c6344d0,2024-07-29T14:46:37Z,False,SECONDS
eip1967:0x683280fe34c4f99c63c8c779867a1d67a572fb23,bsc,6f4cd91554d949a8ad8047da7543a1ed35a94f9b9b1e6c2159563c05819ba95c,2112,unknown,0xef9a10d6abfd5d3aa345a008c0f9132ce4b23e70,1,True,2025-08-05T17:27:03Z,2d2d73119acf25e6b02c84fc42f9dc620fc170277fb32e3ffd701bbb5f984920,889222,replacement_candidate,unknown,7854faa98298ec2e87cae306d1d57289c58c337a42087355abb94952dae1f7a2,ca2-9d4246988ce873fd7f25,5939e9c15928fda0a8a490c4ad380403e51a4d032a0eec1b4370a8b06ab02081,2d2d73119acf25e6b02c84fc42f9dc620fc170277fb32e3ffd701bbb5f984920,2025-07-26T10:26:41Z,False,SECONDS
unknown,bsc,365a23c0633bca45b66888afbe7184a805fbd1cf2b3a87559b8463e4280de433,24563,unknown,0xf2ca2a3572b26ae7c479dc7ae36d922113b1bdf2,1,True,2026-06-24T11:15:10Z,8d78d90c8c262f05840e27b5f4aa74591da934c3a00d3acaeee798702f9c1cde,4917378,replacement_candidate,unknown,ec0a3b0a4960108dce6e73b5a5467cfd206d8846b60b76cf7ea22228417a0c8b,ca2-9d76878011d42a78b09a,609a00d8d702a23d20c11e63a177ed4488e73e80c437b1b92fc39d6a6bb7cd7f,8d78d90c8c262f05840e27b5f4aa74591da934c3a00d3acaeee798702f9c1cde,2026-04-28T13:18:52Z,False,SECONDS
eip1967:0x1e62cdcdc1807b7eb703b47908c42955999b4320,bsc,a9e9f47e85bce0571f5933d7bee02de9201c3766c8d14409c13c54e7092e7816,2141,unknown,0x6f40a3d0c89cffdc8a1af212a019c220a295e9bb,1,True,2023-01-17T00:54:17Z,b849a15f99b59788a16a1ad970532f7c127875ea6bdf02191c42075499248e1e,34385657,no input parameter check,unknown,cc685328518d11b18376165c8312f253b7fa4ece17dd5772c625ae9d2ff94ebd,ca2-9ed4dcb42bc3e395722f,1f0ce6a409892490a93331982b5c42476c9b13d5a466aed8160b9154bd22a23a,b849a15f99b59788a16a1ad970532f7c127875ea6bdf02191c42075499248e1e,2021-12-15T01:20:00Z,False,SECONDS
unknown,ethereum,a183d9ec920409137bd5684a1adeaa02fcd6e941b96e22cb574fe07d2c07d266,2276,unknown,0x7f3fe9d492a9a60aebb06d82cba23c6f32cad10b,1,True,2023-12-02T02:26:47Z,b6d2eb206b93e5505e9ae1af1a131e2e74a914250512218f7aaa03552382d029,102304206,inflation attack,unknown,6b54baef2123dc3e52da9dbf1b7dc85daf62ee609fc92f3f075984fa66b90e89,ca2-9f2e70a7938c45f70a82,70a3e63887d9613c793cdfd64ae02bebc4558a2b689a4c9933261baf219b766f,b6d2eb206b93e5505e9ae1af1a131e2e74a914250512218f7aaa03552382d029,2020-09-04T00:36:41Z,False,SECONDS
unknown,ethereum,cf6d34aba342588de66e2f6ba95a4ce2eb46f919adf64ab19c2b7a043c1da3ad,261,unknown,0xf00a38376c8668fc1f3cd3daeef42e0e44a7fcdb,1,True,2021-10-14T18:37:23Z,faaa0929f9d06ab1ee0d11725371f62989609d0d498e0a4d6cf7522be508e334,27251884,price manipulation,unknown,464f6e191c5af7084a868257ab5ed616f1c1c04739f5f2dc780181d8a78ef4ff,ca2-9f5117e07b7b2d16ed22,065d552d648d9cea8728e9b62479446a88e2a5e9c591ad1a4a3f5d8fad1142c9,faaa0929f9d06ab1ee0d11725371f62989609d0d498e0a4d6cf7522be508e334,2020-12-03T08:39:19Z,False,SECONDS
eip1967:0x36b05531e42231956793faa42541923a056bdfaa,ethereum,074c8cb14e46e504f56f89df5b33d1889292bac2d3b026818c7246a36a7cf22c,855,unknown,0x49ad262c49c7aa708cc2df262ed53b64a17dd5ee,1,True,2023-12-17T00:48:47Z,1bce17dca3f7ca293d576146f7bebcf923678d9963f0672e46b3bfb923ed1c40,5481900,business logic flaw,unknown,b97cae074dd2a96a61ce4ad9b9808b6f4e8b5de4a3a9402b988240554834feae,ca2-a03b0bc9fabb86e707cb,922aafa30251de5a31d204a68967f3742fe18284003aaff395fc32600e53c19b,1bce17dca3f7ca293d576146f7bebcf923678d9963f0672e46b3bfb923ed1c40,2023-10-14T14:03:47Z,False,SECONDS
unknown,bsc,e034b691959cbb2514414b8fc11eb84deaf809c3d2d2a7ba6759854ef19af9f0,13084,unknown,0xe65e970f065643ba80e5822edff483a1d75263e3,1,True,2022-11-18T15:49:16Z,352c83ef5094256cf28e8b57413baa42d689b7a113c36b7bbb726f5b1a561061,29850,verify flashloan callback,unknown,729a9fb548bfa20f700d5035c4516622522047f0e1e19905e3ca3a7c8463f88c,ca2-a13694fcc2f9f05dda72,ebef5d24272dfd0b5a219d5df58741b24b810dc92ebc5619d25b06dfc05b1c9b,352c83ef5094256cf28e8b57413baa42d689b7a113c36b7bbb726f5b1a561061,2022-11-18T07:31:46Z,False,SECONDS
unknown,bsc,b0229762ad29a197497e046f245eb8b437d67e6cb860ca992acac6452e378ae7,19381,unknown,0x4bbb53252b0cee84e6824e85989ea2eddeec25f1,1,True,2025-04-27T15:30:43Z,5e133a2f7b98129aca88675f8cbbcf33f68f5f765840f27b3a726c009b843c6e,96201891,replacement_candidate,unknown,956a8e46eea780d7fd4b64d0354732a4248351229a95c5ea73f616c165b84140,ca2-a1560cfd50c54f038ab4,27a2c45d6647520e80e11b7363321e83627c663b17e9b5b7fa4d4501f9234ec1,5e133a2f7b98129aca88675f8cbbcf33f68f5f765840f27b3a726c009b843c6e,2022-04-10T04:45:52Z,False,SECONDS
unknown,bsc,46c4a9ba98801948ee5e9a391d8ec70903dc5f79412c54a20ff4fd8c6b22233c,11017,unknown,0xb38c2d2d6a168d41aa8eb4cead47e01badbdcf57,1,True,2024-01-02T23:09:11Z,4153c7443974bcb5504452f0207234d76a4e363d9d212378af8befb2b5a91536,382496,business logic flaw,unknown,6345ff11e33463297b864a42d9f21bcf3d80d74acdc0bdc294cf3199abe8393a,ca2-a17aa054e6a4e68a65d6,3c2d2479240ae4d6f79ce6c9930c8e2db76a27b626a01f9829fb78d24bfd5852,4153c7443974bcb5504452f0207234d76a4e363d9d212378af8befb2b5a91536,2023-12-29T12:54:15Z,False,SECONDS
unknown,bsc,289718136f62754961857b6bf00a37115237be7eff227d29cc79cc423016647f,7674,unknown,0x7c77576a2b48504ebd9ff0810d799651f68742d3,1,True,2025-02-01T13:25:33Z,c0f63c160e812b7b1569e39c8b4f4bea05a083ab1568dd22badf7a7c58137453,3017546,replacement_candidate,unknown,6bfa1f208012070e323dd0e6f513dbbd12b2dc75465f5a77098ce774601e3c1c,ca2-a1a34caf1169e8bc37ff,ae294bdf777b771a3d3fea8a77ded2f007bffd559688992ae5e63dc204f772aa,c0f63c160e812b7b1569e39c8b4f4bea05a083ab1568dd22badf7a7c58137453,2024-12-28T15:13:07Z,False,SECONDS
eip1967:0x0500f0ac1280d2b70e8775729b50d2b8c24a8cae,bsc,a9e9f47e85bce0571f5933d7bee02de9201c3766c8d14409c13c54e7092e7816,2141,unknown,0xa8987285e100a8b557f06a7889f79e0064b359f2,1,True,2022-06-08T05:18:00Z,7690ce3f06a23daf3fcdd5d8e960a2913a1fbb5016bc5181bbdd5e990d5de5c8,1967775,accesscontrol,unknown,bc8a24d764db81cf4545436b3b691452f0f2f87a4ff1c1d22b65387a9843485f,ca2-a20ccf47b4d8c4cfab79,7e40a80cc264f27fcd4c459165502eba31661bab4bf7456dc409561d7ba08b99,7690ce3f06a23daf3fcdd5d8e960a2913a1fbb5016bc5181bbdd5e990d5de5c8,2022-05-16T10:41:45Z,False,SECONDS
unknown,ethereum,c2bdb1e460450dd09d3054e006022c29aae95aa6ca2f6b5664b3cb8f3c568b7c,10466,unknown,0xf2c8e860ca12cde3f3195423ecf54427a4f30916,1,True,2024-09-13T00:44:59Z,06680a3df70f927e476711efcc4e1e6c4fa7b7d7e0bb2f8640fe3d29b85b7b3c,19503840,logic flaw,unknown,f4c96897fbc58145597f84c60eb1475cbbbd59be4396ce740aed968d87f57708,ca2-a21d0869309e8d547595,5e3c373de2c5be371323d4db0ee1589ea1884d988ccabb8296d9bc40d49414fb,06680a3df70f927e476711efcc4e1e6c4fa7b7d7e0bb2f8640fe3d29b85b7b3c,2024-01-31T07:00:59Z,False,SECONDS
unknown,ethereum,728cd62c95e6df1ff9b13b023d4011d49d54dd508647e8eba4771c38c2bde524,8959,unknown,0x863e572b215fd67c855d973f870266cf827aea5e,1,True,2023-08-09T07:34:11Z,89392ee60dcc8e17ff92c0476fd07d37f944b22b3a2d472d468d51850a96ffd4,23414928,reentrancy,unknown,5d4e1582f2105fbacb4f26f7f2d031fbf24d94986d44fa5982f670bf7a61a483,ca2-a21e3c90faf447e22997,83e9c91046358ba6d16f80b020393d145cfea00fc62d592501f75fbb961a4c39,89392ee60dcc8e17ff92c0476fd07d37f944b22b3a2d472d468d51850a96ffd4,2022-11-11T07:25:23Z,False,SECONDS
unknown,ethereum,06fc0961eb25cc9c1754239ac14bcb10278b105e5990b3e4f9ef15642d391e70,5043,unknown,0xd248b30a3207a766d318c7a87f5cf334a439446d,1,True,2022-11-09T16:55:35Z,bc477c5de7e1cec2bf6b6406ee59348ff530834b24ad1b467b84285513750214,90600,arbitrary external call vulnerability,unknown,313793ea980fa58a8aaa4437b285f3f31ca40202846aec4374df40f705b7cac0,ca2-a25eb49dc8b847fae718,2528dc4f8080d288964ca81cc20a9369de46635715e83fab7e878c423c07feec,bc477c5de7e1cec2bf6b6406ee59348ff530834b24ad1b467b84285513750214,2022-11-08T15:45:35Z,False,SECONDS
unknown,bsc,b73f41a7cc568691dfcaf245a5d1364492bc439223d4b4c386d16c0cdb9755c9,11412,unknown,0x72c114a1a4abc65be2be3e356eede296dbb8ba4c,1,True,2024-12-18T20:15:16Z,5e8dcf5b27132c25bc456d3c562abb90aa37ee843217a89e26a05d1b72ded2a2,109880557,replacement_candidate,unknown,c6bbde6d529035665b3740d19c7ccc2506dd62bdd5a5de060adc63ce9f8875d1,ca2-a2f6f3e29675d1bc32f6,a1f53e06745656141eaba3b3ec05892bd6075b6e0ee89bc6eac0ce55af846412,5e8dcf5b27132c25bc456d3c562abb90aa37ee843217a89e26a05d1b72ded2a2,2021-06-26T01:52:39Z,False,SECONDS
unknown,ethereum,b8d48771e85769584501fdbac6d3baba47ccfe664a309d0cf99564ac47ec495a,18508,unknown,0x6b7a87899490ece95443e979ca9485cbe7e71522,1,True,2022-01-19T17:12:35Z,d60c103823491ef73051c4c6b21589644af9df8d765447a5f07f6c7086217f25,18512901,insufficient token validation,unknown,011fa844bd8e2e11b402fa010fc52f24ca0edacf605c52e1ce79e5aa9fab624f,ca2-a3eb07131d27e069a3d8,27698c01a276795ec2de29e49cea5050f99520d3307364033e143210a293213e,d60c103823491ef73051c4c6b21589644af9df8d765447a5f07f6c7086217f25,2021-06-19T10:44:14Z,False,SECONDS
eip1967:0x0df9d225ccfaa21ceb0b2ab6855b13dffa78d253,bsc,d5e73ae065b83b7b9cbac221036539be63438bddf79fba6147a1fc66fd6b95fd,170,unknown,0xb7e1d1372f2880373d7c5a931cdbaa73c38663c6,1,True,2024-11-24T16:15:47Z,72c2530c7117eca944ee86b61874618f333721432468176c9ae781a38f55f845,942951,replacement_candidate,unknown,94c6e499e51a5844a4a3266a8b67af34d9eb9b20d0e15b548cbebe472eea47cc,ca2-a40aff558c4a5d19fdb1,f350ea099eaaadfe8e21246c7159302c66824539914b32318c13b0127bc9d353,72c2530c7117eca944ee86b61874618f333721432468176c9ae781a38f55f845,2024-11-13T18:19:56Z,False,SECONDS
unknown,bsc,dd3ec8099f848e2875c2cb8f9ba69dab18488590cde7823aa442aa1b7b41000f,4911,unknown,0x32dffc3fe8e3ef3571bf8a72c0d0015c5373f41d,1,True,2021-05-27T22:36:48Z,8d9a9b86bc49205dbd8a6a46fd5462b7c6804a922581d4e7a0d3a14098f32281,21440105,flash loan,unknown,7378deb2692903b16d7b309b67c845938bd5af873b35797f76558d57e98cf1c1,ca2-a517ebcd851bcd0a26cd,fd939568aa503cbba092ef024e487973311e74796f5a689806fc36cff685a6ab,8d9a9b86bc49205dbd8a6a46fd5462b7c6804a922581d4e7a0d3a14098f32281,2020-09-21T19:01:43Z,False,SECONDS
unknown,bsc,f394625ff33d4e1f285b78711104b428e744c06a30d4527eb62bc0c1a8f21dec,8163,unknown,0xb000f121a173d7dd638bb080fee669a2f3af9760,1,True,2024-04-22T08:01:57Z,9348ef738f7b969f2f7597336303243e760dad02806fa05325dd9de5c5780db0,18669145,price manipulation,unknown,e6636f3e0735c288fd832a0ccd9525619b2df6150f7c87e6862c88bdb2c7e607,ca2-a5caf2554c14b71cf9ef,e852542f77a62ce0f007aae9e9994dcc0697d91eeb696e5e7e53183cddc649b2,9348ef738f7b969f2f7597336303243e760dad02806fa05325dd9de5c5780db0,2023-09-19T06:09:32Z,False,SECONDS
unknown,bsc,20a434d6f1f0301447ebe02d0dd2557bbb4c91f111cbfa5ea3ef3284646bbe12,11957,unknown,0xe968d2e4adc89609773571301abec3399d163c3b,1,True,2025-06-20T11:19:35Z,b570b5b356998fabe0baba8fe0afd82c0e258815eb8b8308a3e4933dbaa4024a,125320552,incorrect dividends,unknown,0db1438923e03a418abfbf1328615892067e7a7bbe08289ea4aeaf6b4ce4a96c,ca2-a5e7a267cfa0aa860481,7ced9434d25114709c02cd76b91a02040611eabd1ffaefa6c2e5f9b62b3aab50,b570b5b356998fabe0baba8fe0afd82c0e258815eb8b8308a3e4933dbaa4024a,2021-07-01T00:03:43Z,False,SECONDS
unknown,ethereum,e44f909afd2ca33ebe9f565053f2dc70f778b01068dfa672709fb6e2d784a5bc,3434,unknown,0xe7597f774fd0a15a617894dc39d45a28b97afa4f,1,True,2022-03-26T07:54:59Z,9f4931f7e14811cc74be67e027d66e4875f3073bd3ec99587d47225ae285bb09,55087016,arbitrary call,unknown,7d2ea8e0a66ee128b3879b0c7c7ddc3a61ce80a046035d98b42f14c4753bff90,ca2-a6061f6cad3a5884d6d4,dd6f1e877b71632709ea511b43377a203d62b4506d24b5a744451af63a037fe6,9f4931f7e14811cc74be67e027d66e4875f3073bd3ec99587d47225ae285bb09,2020-06-26T17:58:03Z,False,SECONDS
unknown,ethereum,d401ebc8809503a4c44afd14b5ed29a12e574fd851031119e9bab76ae40d9bf7,10152,unknown,0xe38b72d6595fd3885d1d2f770aa23e94757f91a1,1,True,2022-02-04T10:54:36Z,000395a8dc660522e2b3215dad3701edc1ca90d1c6f48007166b29257bc881e6,25568392,any token is destroyed,unknown,5568d114b67e3cb11907cb9c3d2d7a8b5487ede852f246b53c9a03e2f8ec12ae,ca2-a675d1938359eba4234f,1b10db2e29d6841d4e738472262b1dbc9d68df209e29bf2d97f043bd4bdc8f43,000395a8dc660522e2b3215dad3701edc1ca90d1c6f48007166b29257bc881e6,2021-04-14T12:34:44Z,False,SECONDS
unknown,ethereum,c45afdc4bc9a95584fc797e2dc81f1f317072b26f38f2e18f7b9bd1b8aa74b8d,5238,unknown,0x280a8955a11fcd81d72ba1f99d265a48ce39ac2e,1,True,2024-11-14T08:35:35Z,655619175d9b65b8547105a48d9d5057e941eea04194798baa3155b9315dc9b6,1466844,vulnerable price dependency,unknown,d59b36ca7dc0bf0d811a0a6a31b67596cd7be161240f0dd304695af5add06d83,ca2-a7021cd43eafc6f1fd33,1b41b52e5ec881e70cb7ab2aa4ebe614d7b2f311de5096c6385bddedd4d2a2ce,655619175d9b65b8547105a48d9d5057e941eea04194798baa3155b9315dc9b6,2024-10-28T09:08:11Z,False,SECONDS
unknown,ethereum,768f31fb6ba6da32c41d59484305f1782d2767bbf3f63be1b4b070b36137840a,6674,unknown,0x638a98bbb92a7582d07c52ff407d49664dc8b3ee,1,True,2023-03-17T05:48:47Z,ecfc89a455d0a229f337c6b047e88033945d582b90cdf753f31d857201bdff5a,9066096,flashloan + scaledbalanceof manipulation,unknown,6c1b32c4a434389f81481b3cfbdaf27d4292aefb5eebe8b9000d72349d75ed80,ca2-a86a6b86d343ba9e3bdb,92be4e2b4a91e744e70b3e6684a7213515c34a89c6d825e96ee35bf4934f9f35,ecfc89a455d0a229f337c6b047e88033945d582b90cdf753f31d857201bdff5a,2022-12-02T07:27:11Z,False,SECONDS
unknown,ethereum,cc8e3afdfa2f07d19656ead5787424953d523ab1ebd18af1140c2e4e34fab3e7,24515,unknown,0x37e49bf3749513a02fa535f0cbc383796e8107e4,1,True,2024-01-11T12:22:11Z,b39c708c71a7031437dfbd60449f24a2de5610713f72be90d1fef70c432c2efd,3254016,bad healthfactor check,unknown,5395ddba7a231b606510e08a0e5635b96af83ad1f2db5e290d9546623ea04b3d,ca2-a8ad072cb3fd37a5cfca,badbad2603fd7bd1f6acaf5c18cbd51617ade6c42ed1f58f2060929063c318ef,b39c708c71a7031437dfbd60449f24a2de5610713f72be90d1fef70c432c2efd,2023-12-04T20:28:35Z,False,SECONDS
unknown,ethereum,e3042c195fd3bfd6c5ce2190f924d5e874e96f9aeb45eadba2e820fbe71003f3,24544,unknown,0xc310e760778ecbca4c65b6c559874757a4c4ece0,1,True,2023-12-16T15:07:59Z,c125e393e825c8d73b5a5fe6e5d427b96f3218a65153dc6efc94178a6ebf254f,80680788,reentrancy,unknown,701c3e676793147554e189391adaf9819fba2d766228aaad6f73c033630b0636,ca2-a9052dd43a76ce42a994,92d8178f175b6f959b85f37874ddf031da458d67425d5aad5c101c7047e2ed6d,c125e393e825c8d73b5a5fe6e5d427b96f3218a65153dc6efc94178a6ebf254f,2021-05-26T19:48:11Z,False,SECONDS
eip1967:0xb112841c67d94d9536d356631224340e2ef27b39,ethereum,12487716809e31b6703ad3c3701d7188dfe813e4e04c5ba3968c4261bc8c1a7f,2227,unknown,0x48afbbd342f64ef8a9ab1c143719b63c2ad81710,1,True,2025-06-17T08:02:47Z,87aaf2f6d4b7238835b27be16db053de6353ab561d8bbc83e14015e4ef7eccdd,60774336,access control,unknown,81a471dea44672f4a8e61ecfbb5b2acc8ceb0f1e0ee8e761e03b9c78ed4e282e,ca2-aa4fa44d86c046a9915f,178e056e7b50d8241725bc446132c4445949d19b19b9681956343cdbdd7320d9,87aaf2f6d4b7238835b27be16db053de6353ab561d8bbc83e14015e4ef7eccdd,2023-07-14T22:17:11Z,False,SECONDS
unknown,ethereum,b8697de3d5fde7c207e34833e6e1cf567e7c032ce09ecbd37bcfa6565a44e2ce,22709,unknown,0xad444663c6c92b497225c6ce65fee2e7f78bfb86,1,True,2026-03-02T03:00:11Z,2498fe9917bd627e60da24bc22d785f9f54c8f33dae3ff097a676f84d74f6320,29912544,share price manipulation,unknown,c8b62b4bec3679a0f858997d8173c62af03c4b87dec61fceb13aa7b4b3a329c3,ca2-aa939f9f7f959ce19c8f,19a5d810bfb19378b0233d3b7ecd9cc8bef33c48d104d595828747daa74b187c,2498fe9917bd627e60da24bc22d785f9f54c8f33dae3ff097a676f84d74f6320,2025-03-20T21:57:47Z,False,SECONDS
eip1967:0xf4d903941d2682b218ddb2281e64550fba130d9b,ethereum,6388a9f65d500cab629cbfbc74ee137442cd97ffbf80a39bf1235b250dea8011,2261,unknown,0x91383a15c391c142b80045d8b4730c1c37ac0378,1,True,2022-08-09T20:04:13Z,b9955c29da8d2d11b9cc4dce9584c2ebf3166daaa7b6692575554ab24ab25f53,48524489,incorrect logic check,unknown,7181ae63d63375f305216e2b28a96cdb22e7e78c11f3fae5a08fdfb48b0b2d23,ca2-aa992d5980e00838b209,124171c229b796390044178c39dbd9198a722279b201ebf5b5b767828bf8899f,b9955c29da8d2d11b9cc4dce9584c2ebf3166daaa7b6692575554ab24ab25f53,2021-01-25T05:02:44Z,False,SECONDS
unknown,ethereum,c0def68cc0195dc9ddc3904c194d32fd4154e9834be52560f8f184668a9ae5ae,22311,unknown,0xe4764f9cd8ecc9659d3abf35259638b20ac536e4,1,True,2024-02-15T06:08:35Z,42bee02af48f0c464f721b3ad244fa31fac7f5ae261a462d77a65454da8c7af6,11599860,lack of validation data,unknown,faa5d65082e353c788c78e1fc6d8db8438f222324f2c55cc3edf07839c1c89a7,ca2-aa99cf4dbaf4c7bb8459,091f761c1a724c8c9e7c443ac1899ac4f3fa8588f3509147b0683feecd2e6162,42bee02af48f0c464f721b3ad244fa31fac7f5ae261a462d77a65454da8c7af6,2023-10-03T23:57:35Z,False,SECONDS
unknown,bsc,d863ee2961ec18f4626200616fbe06401a5a83b5891d0e00ec0ed35ec61d9e7f,1392,unknown,0x633fa755a83b015cccdc451f82c57ea0bd32b4b4,1,True,2022-03-13T00:04:27Z,3a51509298a28b55aec7ebd896cae49efe98c2a66abfe21cee6a56738a827193,7669943,flashloan & reentrancy,unknown,f2f36f91a64afde15679255b74d453215d5cb12dc90e5dff3e6cce0b6d603d71,ca2-ac986ab36ff83135b05f,2315856baa7a34bcbf8bd8d97b4ffd0d8da917dac2dceeae7046b5be497c4c0a,3a51509298a28b55aec7ebd896cae49efe98c2a66abfe21cee6a56738a827193,2021-12-14T05:32:04Z,False,SECONDS
unknown,ethereum,61f93e5e365e2fce0eeb36446e86eb887d423750159372037844c25637b6624e,15291,unknown,0x2d0e64b6bf13660a4c0de42a0b88144a7c10991f,1,True,2023-01-26T07:10:35Z,6ae94ca419a1f5c6aa94e53f2ad26b7a1988c16fc04f3e6a4c36513bd8d7426b,50502288,reflection token,unknown,cce25a806ff5b0a33c05e29a70c08f18928b52dfa063af7662427580254cdcda,ca2-acd1e6758fc18c6f0e76,66c19f631e9ed756c047de38162b9bbc6503af72e297bf9f0599b21e1f3d4dc2,6ae94ca419a1f5c6aa94e53f2ad26b7a1988c16fc04f3e6a4c36513bd8d7426b,2021-06-20T18:45:47Z,False,SECONDS
eip1967:0x1d591ba6ae10a6eb4050e1acbbb2d0be899e61f2,ethereum,6388a9f65d500cab629cbfbc74ee137442cd97ffbf80a39bf1235b250dea8011,2261,unknown,0x4822d9172e5b76b9db37b75f5552f9988f98a888,1,True,2026-03-10T12:09:59Z,88effb482f76263ac7e48932219c8ff5449369aafb746e205da5e35d45583b7a,142018127,business logic,unknown,77c72a05dfb4803edab95b4b5b0f12137c8a3046cb873865dfde808c668e4fb2,ca2-ad9d57e62841ea9096b7,e7979ad7a6a1095687284f330e6137fb58abfd693c575dbff674c009bc27357a,88effb482f76263ac7e48932219c8ff5449369aafb746e205da5e35d45583b7a,2021-09-08T18:41:12Z,False,SECONDS
unknown,bsc,65cd9a2d9b614f7502f70c02a5a2d5f0e88ffdfcba1a0902beea5c2dca4ff695,6661,unknown,0xe56842ed550ff2794f010738554db45e60730371,1,True,2024-03-11T03:08:05Z,18b0270ee944b009ffce01941bc3d839ac9a9c6c2760447d115defdcb132cfc5,80258647,precission-loss,unknown,47865ca01c47a2b03794252c7a39f428d4dd559214d03658be72684064d8020e,ca2-adacb53105e39eebae4d,bdf82824dfed3f0172cff78f715712e83a6ed092d7638087d784db82fedfeb6f,18b0270ee944b009ffce01941bc3d839ac9a9c6c2760447d115defdcb132cfc5,2021-08-25T05:03:58Z,False,SECONDS
unknown,ethereum,7f5839260458b68a9cad21c5a2ae726945c41ef9d183ce68ea5ce52ae6f4fdf1,20065,unknown,0xfd11aba71c06061f446ade4eec057179f19c23c4,1,True,2023-11-10T22:43:47Z,3723387ae8bb362e6c938872b6d514329948d5e35756117b45f6c74fef8f56fd,28740552,donate inflation exchangerate & rounding error,unknown,a6d89d3f6ab405135b53ab97a846c215c4fc1209ef2b4e951d43c2739a52433b,ca2-af464f834697310f7d30,d0951c8a6f37fcde03f2c9cfc7850c8baa3733df2535b37fced20ea9abcc12a2,3723387ae8bb362e6c938872b6d514329948d5e35756117b45f6c74fef8f56fd,2022-12-13T07:14:35Z,False,SECONDS
unknown,bsc,458fc8415a39ab262773c5ead8cd35aa5145c2fdfe09b13b8c794f4a9047ddaa,4525,unknown,0x70678291bddfd95498d1214be368e19e882f7614,1,True,2022-11-22T18:22:55Z,81f451f8f204d9e46d5d7b265962c161e7be3ecf0daa52704b6f9563b2863a07,13229377,lack of permission check,unknown,242e81d4001a89f8640a85d30ecd0113cd012d243f3da517ff0bc990664ed301,ca2-b141324cdd440e7feb3e,be824e67d1b19a62b7645fb5473caae6f77c20954350083d0dece1ce8e72211b,81f451f8f204d9e46d5d7b265962c161e7be3ecf0daa52704b6f9563b2863a07,2022-06-22T15:33:18Z,False,SECONDS
unknown,bsc,dd11d5255249ef7a593764fbddfe3e5b45d0855db11d23c71ce4ee90a157f7f5,23543,unknown,0x84be9475051a08ee5364fba44de7fe83a5ecc4f1,1,True,2023-06-11T10:37:46Z,823e9a49ce8af6f41cf71b68149b3685c4ca42db9187d0333dab0373c15fe3d1,6817856,price manipulation,unknown,7dec151d2ae6c3b37892c8bbe312504a0d940df9356f54af72e7eb6a49fca183,ca2-b15231d961b437b62264,39116378c482488e526ce16f98b179f5fa5924dcf9188410651392715c3b4ea6,823e9a49ce8af6f41cf71b68149b3685c4ca42db9187d0333dab0373c15fe3d1,2023-03-24T12:46:50Z,False,SECONDS
unknown,base,4dc067701407dec4c979c681b100265ad9e2ddd9a11cdfe02beb4dc5e3d56ed1,24562,unknown,0xb6333e994fd02a9255e794c177efbdeb1fe779c7,1,True,2025-01-23T16:55:49Z,7ad790a81201a2d712b2e9fdc0d7bd793b54f06f4b73075c34874889978a42ad,2040472,replacement_candidate,unknown,f207e39f9431720e890ee99127a5b305328f5c79a94e73effe239929a6c09deb,ca2-b40a4160faf772fbf6c8,6a2a638be2ae64761e3b185b88c20b7d096520472a4d5f2d4dad35089af94d47,7ad790a81201a2d712b2e9fdc0d7bd793b54f06f4b73075c34874889978a42ad,2024-12-31T02:07:57Z,False,SECONDS
unknown,base,cf552930f71b1fd768bbb7cb256f13016632a8df239689c3ff8ea0195896ad64,4025,unknown,0xec942be8a8114bfd0396a5052c36027f2ca6a9d0,1,True,2026-02-15T18:04:33Z,601b2a531359fd07b51cabc08681e6fb00f025c8bf4fa4308a8f5612c14ba4a4,79977944,faulty oracle,unknown,d499a90f9c6392ac211837bc8026632c825a864b1cbd75a0eb083d1973acc736,ca2-b4208a8c5bb1d965b99f,ce068a307c0ac5d04403dab78302c7aa66f117748d65495ec69433e5592e0ab4,601b2a531359fd07b51cabc08681e6fb00f025c8bf4fa4308a8f5612c14ba4a4,2023-08-05T01:58:49Z,False,SECONDS
eip1167:0x539d54074e052ae82de4936ae6bb213ab773559e,ethereum,caf0475926248ff4f6d3edfe51c1832397c25c5be73be2db52d627d1c8bd43f2,45,unknown,0x05641e33fd15baf819729df55500b07b82eb8e89,1,True,2025-01-01T13:22:23Z,2c65eacf7b39072ac4065c62ec9b4e950463484e0e58eafeab3b20a3eca0be52,72540,pair balance manipulation,unknown,ede79a8f8bd1f8a04fdb66791c7d65c5692d2632da1280f8a9c2a91a7acd7c94,ca2-b47e7dc1b2b6c8992cce,5dac5d50214153d33391c3246db80b715359838e79557b9c389e85fefc63391c,2c65eacf7b39072ac4065c62ec9b4e950463484e0e58eafeab3b20a3eca0be52,2024-12-31T17:13:23Z,False,SECONDS
unknown,bsc,96101a3e50c76a6e0ccf12eaad4a1359b4e829631fc7c9afe307e414509589af,9559,unknown,0xd2f26200cd524db097cf4ab7cc2e5c38ab6ae5c9,1,True,2025-09-17T19:02:25Z,c8f21efa8804d60d7a3b810aa2533e8e086710d0379c0e2162cfe8909777c3af,753324,replacement_candidate,unknown,560589fcf2df204b0d0d332e200874572ada99626ba1a7aae32372d467d86b51,ca2-b5392852b27dc3299291,7290e680fb9c50e1aca84c05edfe91182e38cc7609163772b5b912c0ca0bb201,c8f21efa8804d60d7a3b810aa2533e8e086710d0379c0e2162cfe8909777c3af,2025-09-09T01:47:01Z,False,SECONDS
unknown,bsc,a6f9c4d4cc70e18ec377b23dc33b76ed7d0ba923e3204b9af5555f3b41afa9b3,24053,unknown,0x6ce69d7146dbaae18c11c36d8d94428623b29d5a,1,True,2025-07-16T17:31:06Z,ab965d92be2e4cc3104cf8ccd388d082583b7ae3c99b16649c9fedca76123cae,1141723,replacement_candidate,unknown,66144ddd2db6f3b67c03c7b0be86b2ceba909c2d9686789915a5a31df18be6f6,ca2-b54a80c704cbcc128875,64b43128e15389b1437137b808949780173d1e51fc47044f681273635323438f,ab965d92be2e4cc3104cf8ccd388d082583b7ae3c99b16649c9fedca76123cae,2025-07-03T12:22:23Z,False,SECONDS
eip1967:0x1eabb7b90fac3b4143c551a02b41e741f7457efa,bsc,4a3efcda36022b8aa1ab0a72b5466df88687e3e619be105f109432b549c54d19,708,unknown,0xd188492217f09d18f2b0ece3f8948015981e961a,1,True,2024-03-06T08:30:35Z,198af10f10e8c152135eda2e57cb7e3286ce8349222fdc674663ad628ce3dd69,6672545,public internal function,unknown,6d95047ac45fca4206fc0957b984c5b61c9a4638209bb3c784cea8ee988e1310,ca2-b5a8e682aba465a7a0f6,32e9086492a3327bb12ec6bc4aae617e18bc5ffa2ca258fa05e57ee7bedaaf83,198af10f10e8c152135eda2e57cb7e3286ce8349222fdc674663ad628ce3dd69,2023-12-20T03:01:30Z,False,SECONDS
unknown,ethereum,c245b77406d83ba61ede124537041a573311691e93953c127351d673918e0826,6022,unknown,0xe11fc0b43ab98eb91e9836129d1ee7c3bc95df50,1,True,2021-01-24T18:47:25Z,357378cc2fbd7096fa26f4253297dba3869b1974020a4e699052ade31a4fc27a,1147799,sandwich attack,unknown,56703453b315e8f675620690bf9a46e096b8b5477b156d9a63f82c09cbd5a50e,ca2-b68f8de37da66632724d,b6b313bcf2a3b791c81604c8fc5fcb0a5e8413f3db1ba3a218685b6fbe415a45,357378cc2fbd7096fa26f4253297dba3869b1974020a4e699052ade31a4fc27a,2021-01-11T11:57:26Z,False,SECONDS
unknown,ethereum,a8dd6576e26d22e9adc2069144ea2869ff3df319f1a6dfbbda96c2c0ee766ca9,12304,unknown,0xacd43e627e64355f1861cec6d3a6688b31a6f952,1,True,2021-02-04T21:12:37Z,4ae566b0aa49c31faa3a4bbaef98c7929997da627736c14906fad1f9f485d377,15084939,slippage proection absent,unknown,f76d846310b21c6e3cb049477d04d8a886e093182b75601e02665274b7150253,ca2-b6eef501c6bfb6ae40e1,92db1115bb05cd3f3569be99cc8b15bde47094337b4e226208583e16a1a7eda9,4ae566b0aa49c31faa3a4bbaef98c7929997da627736c14906fad1f9f485d377,2020-08-14T06:56:58Z,False,SECONDS
unknown,bsc,e0197e8d96a3b8b32120aedd14315e74d71cfac0c06fd41a7edb03dd12ba0e8d,8012,unknown,0x86e06eafa6a1ea631eab51de500e3d474933739f,1,True,2026-03-15T11:55:17Z,c148d265b6a42f65fa342822aa731565f2fa2fbcdaf028adf64278472f503b78,35497314,borrowbehalf + donation attack,unknown,186af3567f23fe65ffefe6923279a45bc262f0027a1ad6e2d4455e431ad0e62c,ca2-b742b64a4c493234640e,bebedcc379796151c8af8b81a13f6d2307c6616ccbe72c8b3788331abb299d5c,c148d265b6a42f65fa342822aa731565f2fa2fbcdaf028adf64278472f503b78,2025-01-28T15:33:23Z,False,SECONDS
unknown,bsc,f31aaa5cd1af940ea3cdcdfc31120b0b8ed67bc1075bc6d79455f5021f8a6325,12120,unknown,0xa608985f5b40cdf6862bec775207f84280a91e3a,1,True,2024-04-25T11:18:02Z,2b891a03e0407dba74510c214c8f7be21b41e809e78daedc32897c75b96874fd,91926,bad access control,unknown,7df184dac3845a6f70de51efe46b4590ea6618921affcce570db6e29935743aa,ca2-b76182b1e2e51faa9428,97373550db8d790c47c47237336bd768131f3425a71d0b7296c1a0acbd5e86e9,2b891a03e0407dba74510c214c8f7be21b41e809e78daedc32897c75b96874fd,2024-04-24T09:45:56Z,False,SECONDS
unknown,ethereum,7346dbbadcd3494fdec2fbf15705d8d15c2cb376f7379815805ae80f39a27c98,16766,unknown,0x951d51baefb72319d9fbe941e1615938d89abfe2,1,True,2020-08-04T09:41:55Z,5d1221bda8343256ceeee7a2df2abd05457a631f19420fbbd88fb31645756944,300861,msgvalue in loop,unknown,48b8589d1366aeea907fec95782c40f3c0e97cbabb6b6b14106a828a4ef4ba4f,ca2-b7ed9e346aa4cb6ca834,c8a3d151df9f551aa5165c6e0d64f150c4c43750f2c71a9f9e25ababa7a15895,5d1221bda8343256ceeee7a2df2abd05457a631f19420fbbd88fb31645756944,2020-07-31T22:07:34Z,False,SECONDS
unknown,bsc,a279512e0068a4826947c4534c2c865f8043d9e84c66686a9591c46b5ec888a0,6965,unknown,0xd309f0fd5c3b90ecfb7024ede7d329d9582492c5,1,True,2024-04-08T06:30:13Z,a01e7a718bc0a54b5270a396463f621136cce74aa4812890d28ae2db611a0887,2404627,sandwich attack,unknown,b6df83c41425f1f7d79c9ce04792f88dee19a9fb98d67624c8f51ff29fe53838,ca2-b7fe5ed86edfbd9edb3a,04c2f1ee1df9c70dc6fb07226376f20a9fb9aad4b0e36e92c4cc765f7712366c,a01e7a718bc0a54b5270a396463f621136cce74aa4812890d28ae2db611a0887,2024-03-11T10:33:06Z,False,SECONDS
unknown,bsc,0d1dfbf4d1726ed688091014221ecc7065ed1e63447e8ef993bd65b72b102118,21045,unknown,0x7db3cbaf736c049933a3af28dbed4a4442aa89d0,1,True,2026-06-27T20:27:03Z,422316f195d646f94a0fbc2d9073103eb1550c31a03acacb13b8815800a0a76a,135093696,replacement_candidate,unknown,ab9ee73da09e6af242fe278d41a9256ff0b35faa8362ee744c0eba890ef23434,ca2-b801a4d001ea7844b2c0,2eab04c492c926eefd3d161019fcb459c1279a9bd194c99d99309a97bf61c7e6,422316f195d646f94a0fbc2d9073103eb1550c31a03acacb13b8815800a0a76a,2022-03-17T06:25:27Z,False,SECONDS
unknown,bsc,bad41c17403a1c7be3156399b3e89bf931c3611623815840a999d7c7c945906c,9335,unknown,0xc321ac21a07b3d593b269acdace69c3762ca2dd0,1,True,2025-07-05T15:16:35Z,ae505637e5aae13174c3322118ff2044cf18ba9d23cdd0b07694a7fa1dc678b6,98935,logic flaw,unknown,b7bb3e27e42a1b739ae1586134b24bddc79c957f9412eee6b070935318c9ec1f,ca2-b89108fafba359a9828c,29d2306332ddcade955d931032d039ff62da9a229e05c53b0aaff00b66c567fe,ae505637e5aae13174c3322118ff2044cf18ba9d23cdd0b07694a7fa1dc678b6,2025-07-04T11:47:40Z,False,SECONDS
unknown,bsc,7a05bd89967854437052a1b9fc0d4454dd51a52622367a5debd17992d9b8c6d7,10155,unknown,0x42e2773508e2ae8ff9434bea599812e28449e2cd,1,True,2025-04-26T18:43:07Z,38f4551f66db012c60dd7ba49b294343b00ff0c13dfb43adcf482512394d2f93,8563011,price manipulation,unknown,cabe8c26f8877345d9d003cbf5acc0b268cccd8b3c2b81d7aca2169cea62d574,ca2-b917178685db1ed39d90,08e5653286e42e66a5870526589d8c5f271c212fab240512bcaf297e40575bc2,38f4551f66db012c60dd7ba49b294343b00ff0c13dfb43adcf482512394d2f93,2025-01-17T16:06:16Z,False,SECONDS
unknown,ethereum,12b9e4167b1d3a12d6f07bdeb8d87b54779683893c7830e45b57916bf1897616,12535,unknown,0xe3a0bc3483ae5a04db7ef2954315133a6f7d228e,1,True,2024-08-13T14:41:59Z,8d7eb08a1bd7b8022970eb2fc58ca98884fc59ec421c31acd297195e9e866d2c,1213932,arbitrary call,unknown,f8e248aeb2688e9e8f76a74187086bdf7293793a11784b43c008fb49dd7bbe3d,ca2-b9b0485322ceb6ce33a3,1a5d3a86cb0098c3c52cec01ddc1e6d54ebaece4a4fc123fee2f330269a7d36f,8d7eb08a1bd7b8022970eb2fc58ca98884fc59ec421c31acd297195e9e866d2c,2024-07-30T13:29:47Z,False,SECONDS
unknown,bsc,9c8461c481fd04d8ab0bac0603f1b2a36ebdd8f15585005c09d531257a6b94ec,8598,unknown,0xf6876f6ab2637774804b85aecc17b434a2b57168,1,True,2023-10-18T13:09:24Z,0eeda8b55454778907366be0afba8a6c708329e45775edf03f2d6ac8148851b0,902450,replacement_candidate,unknown,179ac5dcf1e5ec62cac43dba0cd2554442a49aaeff15030968113f6bec20ebde,ca2-b9bec467ee94f3fb52c2,bbf4fbb11231d1c26ea0b32be9ad4b3cd702e4d7c8153721c937bc48b677384a,0eeda8b55454778907366be0afba8a6c708329e45775edf03f2d6ac8148851b0,2023-10-08T02:28:34Z,False,SECONDS
unknown,bsc,4aa8f2e1fac22a85e11d80302f8be0dab20fdd3c4b9e2a50d27d9013bb383384,8839,unknown,0xc6cb12df4520b7bf83f64c79c585b8462e18b6aa,1,True,2023-01-30T09:37:02Z,705689dfdb685a89be47c02a6d6942fc84672f04ff7b6224fdfba2bc1c20d3c6,53356866,reflection token,unknown,4f1d45b32f95a10b2683bf3607cd0def9b0d1183b8157f043484130589ee3326,ca2-b9cedafde58efbfc26fe,20d78540f6f40272031a65930bfddd6827d49801227cb051653ae86453f3498e,705689dfdb685a89be47c02a6d6942fc84672f04ff7b6224fdfba2bc1c20d3c6,2021-05-22T20:15:56Z,False,SECONDS
eip1967:0x464120b7104a99c8fec863e8643bbaca93e7ac64,ethereum,81a5c482cc7930721c5b9b6edd20b6cb3b5d8ae7ffce92e1ae2f59093911a42c,1159,unknown,0x3541499cda8ca51b24724bb8e7ce569727406e04,1,True,2024-03-12T08:31:47Z,e195460cd32f3bc4dbedc3c22d58514bf174790c0c1c4ca289b5a338ab9bace2,4548144,business logic flaw,unknown,b5950d62b884690a267479a5daf9571db05b9ace981a38c969650c7187f8d89a,ca2-ba0418d74fad65f2483c,d0aebcd1873449c474021f58345522b88508a1437d476f5bb32a55172835dc93,e195460cd32f3bc4dbedc3c22d58514bf174790c0c1c4ca289b5a338ab9bace2,2024-01-19T17:09:23Z,False,SECONDS
unknown,ethereum,b0b709b9327cec3270682dc89241794957a8e0ae3d56535bcd79a2f4aa250efc,9954,unknown,0xa3d0e72c8a2fe9127a77412bf34bee5e4945bd49,1,True,2025-02-11T09:36:11Z,dec7e0bab8e37be54e0a4c47d168ffeaeeb5ca4c23ce50aa81cbe7bbed908b29,45500316,replacement_candidate,unknown,b907775bd140c03798a837a57ec7f67bbd1bfab0a79f73fc3fa5d0ef996a7dd0,ca2-ba570d8f796dcaeae5f2,94c9ea4b717074ebcb4cf7369a3d43a0f0d44de251361b870ff7f7007c4a5463,dec7e0bab8e37be54e0a4c47d168ffeaeeb5ca4c23ce50aa81cbe7bbed908b29,2023-09-03T18:37:35Z,False,SECONDS
unknown,ethereum,49f68acf585a70eb31cc32f7db67e43e94e2e3e90e5d0f94295bea415f73006c,6221,unknown,0x204b937feaec333e9e6d72d35f1d131f187ecea1,1,True,2025-08-31T10:50:23Z,6febd06f56fc7b5396817ddda62772dc08e455eaa9d2be324dbc6c7cf208cd79,178264412,incorrect input validation,unknown,90e1693a79dc9e9a45699eb0811f313ae8931f86b93b9c8f6aa697d20f5d136d,ca2-ba88d4267adf9e3ccd48,c620d0ae652500b9c45a82eaa8acca1c44a339100909b9cb99f8d47e71921882,6febd06f56fc7b5396817ddda62772dc08e455eaa9d2be324dbc6c7cf208cd79,2020-01-07T04:56:51Z,False,SECONDS
unknown,bsc,6c2d3660f11e88e9b67d632fb52c129065a0920ab4371d7ebc37f7f05ad211bb,9550,unknown,0x9ad90eeab3caff64a762cb40387ee1bb18bd31e3,1,True,2025-02-09T03:59:12Z,3589194bffe194f6fbf2d314f64b3a74c3c105f622fb424381f1cd80d81286b9,54834,replacement_candidate,unknown,3679d17a15c46a40c075a96082b519d23f698b8e51d748d5189cea7164cf210d,ca2-ba9bcac83757e0db9b90,979fc7f2530d3005ef8f2d771cdfaf76629d85e205acb0b9832605fdd25c2233,3589194bffe194f6fbf2d314f64b3a74c3c105f622fb424381f1cd80d81286b9,2025-02-08T12:45:18Z,False,SECONDS
unknown,bsc,850bb95628d34db38a128cc5a4377ab5e86a841c9c27bf13b541a35541a05058,21515,unknown,0x384b9fb6e42dab87f3023d87ea1575499a69998e,1,True,2025-01-10T09:39:58Z,a9ae2cef4ba612676267c543600eb8e24525d1e09e326453a061d864f15af98e,49447880,logic flaw,unknown,77b777660782967726b9ac36020f8516a1618390369c122d6a78323c1caa9fbe,ca2-bc3880c8e3766b6a9ca4,894d27432657c8a0aafedbff9d838cda82f8d09cd61adb132fb8463309cdd316,a9ae2cef4ba612676267c543600eb8e24525d1e09e326453a061d864f15af98e,2023-06-18T02:08:38Z,False,SECONDS
unknown,ethereum,e7a7acd60eb7e65cad644807ded009fbfbcf6f91b13bf81ac7eef28fca0ca1b4,23151,unknown,0xde46fcf6ab7559e4355b8ee3d7fba0f2730cddd8,1,True,2024-02-02T05:28:35Z,dea6b52e0a49d9b34c3843ffc0a83dcb005e7a3ed1c3b8dd5ed785e8cc7905df,117172614,incorrect-access-control,unknown,01e691983daac5c726f8e8ab00ef5880f48ecc5e6b808b280786cfa980747b38,ca2-bd6decf7c8f8dfbaca40,f67661adc5c63c4a290a44c26ae51bb5a62612f688d13ebdc188af67c4b18552,dea6b52e0a49d9b34c3843ffc0a83dcb005e7a3ed1c3b8dd5ed785e8cc7905df,2020-05-17T01:31:41Z,False,SECONDS
eip1167:0xc4113ae18e0d3213c6a06947a2ffc70ad3517c77,ethereum,47079181df3c7716ffc94a29df31020bf9be2ed5d81602c009a89eec032bfe4c,45,unknown,0x7259e152103756e1616a77ae982353c3751a6a90,1,True,2024-01-30T10:14:23Z,aa3aa56034153ce3181a0ce7048d0af1d13603f01fd9aa7ef5b82268bc081992,31430736,precission loss,unknown,eb0ff79f6b88710382060fb04df685ed5ec022bb76b6fb7d54e417b35c18d818,ca2-be2ba09219e40ecb6cb2,865b398de61a0df98558dfd4267bc76f3559968ffe389bf5441e17ab7bf736e7,aa3aa56034153ce3181a0ce7048d0af1d13603f01fd9aa7ef5b82268bc081992,2023-01-31T15:28:47Z,False,SECONDS
unknown,ethereum,0bbea5d72854fdc6c2559c927e10228eada23e2f724d46a99dc32ec6862752d2,12540,unknown,0xa0ff0e694275023f4986dc3ca12a6eb5d6056c62,1,True,2021-09-14T18:47:38Z,6e75180a9db70a44d20766200a09a3570a364ba7e28bee9cc155cf2274d88610,20438641,incorrect calculation,unknown,f0da4e056015e8f5ffc02b4b9cfc18e496100db4ca9399b2618f420fce9066af,ca2-bef4fd38f1af5d45d83a,3a34ad19d41021c4f95cecf018d2747b66b4e42d679dacbcb44b6114f58f7783,6e75180a9db70a44d20766200a09a3570a364ba7e28bee9cc155cf2274d88610,2021-01-21T05:23:37Z,False,SECONDS
unknown,ethereum,44dc59efe4b20bba5d9ab0de0a680ac713e0e2c456b3fbe71f1af0eea863c4e9,20478,unknown,0x39360ac1239a0b98cb8076d4135d0f72b7fd9909,1,True,2022-06-26T11:53:33Z,65e56227c42034dc5cdf91b99f06582f6527ffd083030e50ac04e73dd77bc7af,1724976,infinite number of loans,unknown,bb7dfe21cffa0ce1033e1c5e102fc524b693fc270ff7da3fd2898dc8926b5ff0,ca2-bf6bdd3510f2428b0575,98fc9137d522452e7c896904fd434fb4ee77351be69d470f1194069f28148035,65e56227c42034dc5cdf91b99f06582f6527ffd083030e50ac04e73dd77bc7af,2022-06-06T12:43:57Z,False,SECONDS
unknown,bsc,91869542eaedac01050b308527fde4d2b9a6a85c0dfc7b64ebf093a227343720,15099,unknown,0x9823e10a0bf6f64f59964be1a7f83090bf5728ab,1,True,2025-02-21T04:23:10Z,cc5085e2c0908d4444254984de79de6a2d2cb92c3cc93a03c3199bf7c6a106dc,109628360,replacement_candidate,unknown,68f8265f96bd57fc566538d45ab101df23913c093039519c7e631c4f5e4724e6,ca2-c066d2de3bfd20c10ce0,6c7c1ddb115f25163ded9a1a532a0602f67af5b4e6e7102ec99d0cd6d374b087,cc5085e2c0908d4444254984de79de6a2d2cb92c3cc93a03c3199bf7c6a106dc,2021-09-01T08:03:50Z,False,SECONDS
unknown,ethereum,5dc53eb16292d4a4787023332ec8aab8f31dd358cd5902a8427a50befb7f6512,11059,unknown,0x55f93985431fc9304077687a35a1ba103dc1e081,1,True,2018-04-24T19:16:19Z,4e9e5e42a24e21ef2f36921c8b86b8d95fdce9c18414f5558cd223c2a78fff23,11703251,replacement_candidate,unknown,61f4abc05e34f508b31b413ea9c6bb0c1fdcec4345d5539eadffaf17d2f2d5aa,ca2-c15651f1b54afa97c39e,e1963d6df685a018e4de2e3cac8b60662de6fe6cc264d6fd1271ab80b9cb1617,4e9e5e42a24e21ef2f36921c8b86b8d95fdce9c18414f5558cd223c2a78fff23,2017-12-10T08:22:08Z,False,SECONDS
unknown,ethereum,cdd49111fc3990de4e1dce8b0309e131e91286b6383e5e4c7d44f1861ac84f79,23475,unknown,0xb91ae2c8365fd45030aba84a4666c4db074e53e7,1,True,2025-03-30T06:21:11Z,daacdfc3285c8d70090d6fec5fd545f11fbed6f06314720c4e2103458f8f3949,3163692,replacement_candidate,unknown,0e4188acb4ac701057af10099b9b0381cc6faf1312ddfdd85a5f9a79e7e62bcc,ca2-c18bc2a1d0fa9e55db58,0e11f1438bbcd5b5881320ce9d665378c8de53f5cf23fb2023fc7cf79c247fe4,daacdfc3285c8d70090d6fec5fd545f11fbed6f06314720c4e2103458f8f3949,2025-02-21T15:32:59Z,False,SECONDS
eip1967:0xd4745c03d9b9d5bbeabb952cd5ad3f97ca64c675,ethereum,1d829175021139ea9eb11b51baa7ed3000585ab0cf51a236630a9492de3dd45a,2240,unknown,0xe2fe530c047f2d85298b07d9333c05737f1435fb,1,True,2022-10-27T07:22:59Z,43ffb9c7e12da7a9cc025faf35485fca8c6e5c953283daba794d270e91711611,39293164,liquidity migration exploit,unknown,60e2f64eb58f1e6d843d831ba5aedb0f95adf03a7c8e61ce5d356d4ab9bb417d,ca2-c2f4de8010f571d74d0d,799b06289f5072c514c4c341ab3828d4c225ac231db619e97db9a8937e8a7f4d,43ffb9c7e12da7a9cc025faf35485fca8c6e5c953283daba794d270e91711611,2021-07-29T12:36:55Z,False,SECONDS
unknown,bsc,5c46c2a5df9700cbb8725dba83b81390e192ad89192e702ac4b3554c52e9305a,19848,unknown,0xabc79b7c5a0f1fe0ac55fcb7e659d5817e530123,1,True,2026-06-17T10:43:36Z,189c5ecc52db4f9d3eae20a49c21de14f9325f5da38e56a8b82d4ed4d02f26f0,1794171,replacement_candidate,unknown,d2b7db448a2ed2506a4abc8a4524e8e52788d942c53f9339e74e706b13a83daf,ca2-c362836e579418bb08b8,b6a8c63c4658ab5ddd43323a30987248bfcea7bc7dc7aaa5dccb192e34f2e195,189c5ecc52db4f9d3eae20a49c21de14f9325f5da38e56a8b82d4ed4d02f26f0,2026-05-27T16:20:45Z,False,SECONDS
unknown,bsc,5b8cd2dc56e8242a5c63552fb3dbb7b45e655f0db256f60a404b162639c54b75,7218,unknown,0x7e6c2522fee4e74a0182b9c6159048361bc3260a,1,True,2023-04-01T21:56:59Z,391139f075d16b991ce3b30ab67b866f6d46ab2c1b56d4bdcebb6de0a49f85e9,18863154,flashloan price manipulation,unknown,3f5d183bb3612f8077caf7942db499c0b73e2edb2fe91ec8c3b4aa876f07a92b,ca2-c3da8c67aae06b7ecce1,0d44a2ae313b7c51e30333c2d8e432018004ccfa9fa5d80ca104a4a4c92f2f87,391139f075d16b991ce3b30ab67b866f6d46ab2c1b56d4bdcebb6de0a49f85e9,2022-08-26T14:11:05Z,False,SECONDS
unknown,bsc,d0af6f64e4e19fc4bb580800988885aed019c5aac18915dbff3eb91147a4c205,10307,unknown,0x0fc91b6fea2e7a827a8c99c91101ed36c638521b,1,True,2025-04-18T18:00:49Z,73746e3e4486c5414fa06b7f3af9be9ecae9b783ee2abcdb9440646c46222368,9009687,claim rewards without protection,unknown,e7a1bd71f6c0aa1e3dfb9f3d16731286101715982e361d95f7672308f58dda95,ca2-c5014cea82de5130aa96,779632176b23733e70d07ee3eb6a0facf0141a14abd5ca559cbbff6dc349fe60,73746e3e4486c5414fa06b7f3af9be9ecae9b783ee2abcdb9440646c46222368,2025-01-04T11:19:22Z,False,SECONDS
unknown,bsc,6de5af02dc83a06e34aa261c21d5fcbda797bd21c52c63ba83357ca7eddeba06,16759,unknown,0x80a0d7a6fd2a22982ce282933b384568e5c852bf,1,True,2024-04-15T11:42:51Z,d0f496081c5ae74948dd316184a975e294fe29b96de84c7113baf347d851b98c,271609,arbitrary external call,unknown,afffcc313d23ea6b49f974fcfc0ad80afa39df4aeea3ce2bce94a7a04b3ef80c,ca2-c5a01f6581922c612fa6,40f2b1f2aa217bf7c635f00f316b7f686926003432577a495860bff2a7b48cad,d0f496081c5ae74948dd316184a975e294fe29b96de84c7113baf347d851b98c,2024-04-12T08:16:02Z,False,SECONDS
unknown,ethereum,96aa3b8dda897345012f1df1f5603a9b3b35de666a4e361bc98d684837a2bded,4067,unknown,0xc9f27a50f82571c1c8423a42970613b8dbda14ef,1,True,2021-12-21T14:17:49Z,35aeb2a5b23ae5ed257ad15b4e62c9c8f4d2504b5cc8b6f77ed64075ba1d1987,9392720,reentrancy,unknown,d1a43349849d886c0fe9ce89851b19e166beda02e06eeae8d5b3f2a5fc19e882,ca2-c5ce6bf171451010d578,68c37193d1ee6dd6458fdc5f589df5d11f386c7fa257e4900bb5ea9c66b936f6,35aeb2a5b23ae5ed257ad15b4e62c9c8f4d2504b5cc8b6f77ed64075ba1d1987,2021-09-03T21:12:29Z,False,SECONDS
unknown,bsc,8d486cfa8687870f3c9f3983f691ffab635eeb558ebb779d76d8c77ad604f163,4030,unknown,0x6844ef18012a383c14e9a76a93602616ee9d6132,1,True,2023-11-29T12:58:01Z,523403bf5775d65be6d5e46a849016acc6aa99617183368dd65ff07ea2e466bb,539281,insufficient validation,unknown,8bb49ca7e60b63ff6497a13f6b33352d32290301a5001a4bd5a39c4369c21a2f,ca2-c5f49d371d24304e62b2,cf0afc941ed6d6a6c18e025098eaead3d99ac0e619f6436f54bc2d36c562e19b,523403bf5775d65be6d5e46a849016acc6aa99617183368dd65ff07ea2e466bb,2023-11-23T07:10:00Z,False,SECONDS
unknown,ethereum,e6ef3a9a29c6897f651f81c3e7b8cdc648fe8b77399173d975d47830c28033ff,8918,unknown,0xc9fa8f4cfd11559b50c5c7f6672b9eea2757e1bd,1,True,2023-01-18T00:49:47Z,f2080048375063ecc2378a51d0c16f442bee9e83cea68ac45c03e4b4c4b514b8,46649984,business logic flaw,unknown,3b9307f79fc77430cbcb47663fafcf8887a1aee86383544864c8b6f36337c7f3,ca2-c5f9905c03ee273e260f,988526b6c1dfb0a085d821c21c5fe99234992126f02efd354b64de54456f40da,f2080048375063ecc2378a51d0c16f442bee9e83cea68ac45c03e4b4c4b514b8,2021-07-27T02:30:03Z,False,SECONDS
eip1967:0x89f795740c3f7cfe465fa854d330dd89fad6770d,ethereum,a9e9f47e85bce0571f5933d7bee02de9201c3766c8d14409c13c54e7092e7816,2141,unknown,0xd45740ab9ec920bedbd9bab2e863519e59731941,1,True,2022-06-18T07:04:37Z,6e73e57f75783fc4009450f078f9c069eb586c86a37b4833ba84b23320a2e76d,28100872,miscalculation on \_spendallowance,unknown,d24c871db353c765e96bd96596e348e883d3b18ed777be815fdecf3471ae7edb,ca2-c6799af1babe7f32f44f,981bbef27e07ff913cbb2ff37961047c454600a8686f0aaf21a4ee6b59accd61,6e73e57f75783fc4009450f078f9c069eb586c86a37b4833ba84b23320a2e76d,2021-07-28T01:16:45Z,False,SECONDS
unknown,bsc,8daee751b05b26da5f191c790f10ab688822fded828ba7dd435fe5c0fcf4dc05,2674,unknown,0x3da0f00d5c4e544924bc7282e18497c4a4c92046,1,True,2025-07-26T10:41:11Z,dd37602848577b0704fb06c98109c2c44bd8076511e5e0bdaa19354f4afdf418,2654276,arbitrary-call,unknown,48eae64ed7ae863dba2107608d5644842fa6b25b728e78c17d4230c2e1a107c3,ca2-c6f760eb216df807a29b,210e0696b6d73cbfffb2942f24286696efa566965e88adc10634d31964a895fc,dd37602848577b0704fb06c98109c2c44bd8076511e5e0bdaa19354f4afdf418,2025-06-25T17:23:15Z,False,SECONDS
unknown,ethereum,9ada68798dafdb5cf6c9e3941b253fc02aefd22ad289fbd0b6e148d509ca3e23,22615,unknown,0x9ab6b21cdf116f611110b048987e58894786c244,1,True,2023-11-10T18:59:11Z,a4bf8d07cfae53127edae7b7291d6a31f0c568d3f8f571907de0d3f98d7f22f0,4946412,donate inflation exchangerate & rounding error,unknown,4c03fcd7ac0e1cf1d3bd964857833ad9a02f591a1a5fad08ad659db28a2dc7c2,ca2-c7586710b826b2f08a35,eadf7ae37f708df9d6b60ccbf19fee4d884c064243cb0a6f98aa64322d6695f3,a4bf8d07cfae53127edae7b7291d6a31f0c568d3f8f571907de0d3f98d7f22f0,2023-09-14T12:58:59Z,False,SECONDS
unknown,ethereum,22a9444cc55cca06bf02d3e0b1890cfed1b1f64ed18b427a85c013aa9ec641d6,8561,unknown,0xfe380fe1db07e531e3519b9ae3ea9f7888ce20c6,1,True,2024-02-19T14:00:11Z,8a7627499ba0049a67a2b63e96d30e677f4e201d9fe03b5eaab1920a63e899f2,135384,reentrancy,unknown,c2aa1100a03cc8358c590e1ddaefce950594f37b3d3c7032f2775b9e790b9fef,ca2-c76c240f897354a45770,25a210d9ef5f60a3799cd333bde8bc34902564766720e590419595122c1868e7,8a7627499ba0049a67a2b63e96d30e677f4e201d9fe03b5eaab1920a63e899f2,2024-02-18T00:23:47Z,False,SECONDS
eip1967:0x94290106d2a32bc89be9f1c3a3f3394f64578aa6,ethereum,6f4cd91554d949a8ad8047da7543a1ed35a94f9b9b1e6c2159563c05819ba95c,2112,unknown,0x7b190a928aa76eece5cb3e0f6b3bdb24fcdd9b4f,1,True,2023-06-15T08:40:47Z,c80b3cf7250dd2c35262d6a9b7582c4fc4646f59edb530bd39cc5e2942492f60,2147844,incorrect access control,unknown,92d7c1118a6772b85c7668bf7ebd81cd5e89f31940dd11b38d4c486f965f8c78,ca2-c7f02a40db88500f3ae5,f390b546d7d76da0e6dc812ded963ea12d7367bf51ef7dfa954783b41a5ea19d,c80b3cf7250dd2c35262d6a9b7582c4fc4646f59edb530bd39cc5e2942492f60,2023-05-21T12:03:23Z,False,SECONDS
unknown,ethereum,f92d87edbd606258386a7c3b86d4ab7bdec5e6f5474b9ea45ddfa94299f96d88,24285,unknown,0x6883fe4d2ee50941b80b41b8f7f9bf2561d844cc,1,True,2025-07-26T10:10:23Z,7179538a1bb7bb92a7c145cb1948609206d771e8b53807394f7d5a6efb4da863,90292560,replacement_candidate,unknown,678aecafcf199b8a9935722f3c1967fba4849c7edeb38fcdf73c7ca5e19d7c3b,ca2-c8dbe37642fb49490307,cb64b57508d8de6ae0bfacc7933af29c38b01b659d4819d29766dc194aa48e3e,7179538a1bb7bb92a7c145cb1948609206d771e8b53807394f7d5a6efb4da863,2022-09-15T08:54:23Z,False,SECONDS
unknown,bsc,0d896fd63278f9890e0be5613a1d2491d74d7c70ca1d824006b820d3b3f1e8f0,6860,unknown,0xd672b766d66662f5c6fd798a999e1193a7945451,1,True,2023-11-16T18:16:26Z,a23c5dace23278b7697778dc9ddac860f087a233362f42f89429aceab4b2d4a3,8286172,business logic flaw,unknown,802a2bd92d1815050030f9eb10dab0b12f6a82a4b8f5f6aaa4b3330bce7ebf97,ca2-c8f07b57035de6f92dd6,993f82d3198029cd36ae095949d9b5ec131860fc268f2fcc7353d868f56fd58a,a23c5dace23278b7697778dc9ddac860f087a233362f42f89429aceab4b2d4a3,2023-08-12T20:33:34Z,False,SECONDS
unknown,ethereum,ee9e00abc203ff23c17ae85b76c6811667b898f144a1065dea85b344d33b9a1c,16676,unknown,0x824dcd7b044d60df2e89b1bb888e66d8bcf41491,1,True,2022-04-30T07:40:06Z,cc0d284217fbeb92abf83c8b027fbcc806fdb6b88165aadc66f360dd46c70260,11688086,swap metapool attack,unknown,3e81c6ca452030b6a40630165d742688cabc74e83018b03d8efdbd4b678da4ee,ca2-c9253cf4e2d235460157,c9a93f8fe06404753ec43f93103ae4bec437e4827e2b594a19a2b9e39360ae5f,cc0d284217fbeb92abf83c8b027fbcc806fdb6b88165aadc66f360dd46c70260,2021-12-16T00:58:40Z,False,SECONDS
eip1167:0xde71b24fe56358cc0adfd6f2e0f6d8ed9e2cf634,ethereum,0f482d2f2c81e14df51f59be2509da35af2555ce1d29bd444513b7d107f66ad9,45,unknown,0xf0b7de03134857391d8d43ed48e20edf21461097,1,True,2021-05-27T13:47:27Z,b74726ef71e7de97b37607e1d606cce01a36dd72636d2ceaf8622d8a25c04280,8517236,access control,unknown,a53d20735db9367f3f4be8745485c54df06560b0bb5eb14843bcfc58e700fcfe,ca2-c9c1817a98610ef26f01,571f9e6def5467e5b302dcb2cf35cdeabb9e7e049dea5e3385fbb8e60b1a9ae0,b74726ef71e7de97b37607e1d606cce01a36dd72636d2ceaf8622d8a25c04280,2021-02-17T23:53:31Z,False,SECONDS
unknown,bsc,bbce36187d94ddc18fb016a9adfd0382d1e80f71ddd476bdb0e7b28911a04ee2,13331,unknown,0x99855380e5f48db0a6babeae312b80885a816dce,1,True,2025-07-20T05:13:16Z,da874b6725cfe3222c1771fc7341324529589cf42ddd65fc01e3c0d33d627a64,6278962,logic flaw,unknown,dade847ab7643c90829758e846fe92d6b87f2209671027826622863c64851ca0,ca2-ca16a95de7b24c723e35,ecf67c0f6b19bbbcb175e053173b437300a0c674b387d4ed567d167a31453f60,da874b6725cfe3222c1771fc7341324529589cf42ddd65fc01e3c0d33d627a64,2025-05-08T13:03:54Z,False,SECONDS
unknown,bsc,90a19c64629dd8e4ff334e10106520452c4ddb15265d7f516bf888fee6a32514,2197,unknown,0x7bacb1c805cbbf7c4f74556a4b34fde7793d0887,1,True,2023-10-22T08:26:36Z,95467a084dbda84683baf481254d8684bac8b6845f844be3f70e3288763fec79,20217758,business logic flaw,unknown,30a6e232c62187c553b3a0b576bd54e4324745808d9be964e61288d5b2b15383,ca2-ca180b9c5c90165fb523,118ff837d5a0f3364b1ef01051c967af37c332344b84ea9b2ce310dc60fe346c,95467a084dbda84683baf481254d8684bac8b6845f844be3f70e3288763fec79,2023-03-02T08:23:58Z,False,SECONDS
unknown,bsc,84ecefc00a329161e45f747d7a69162388d89d8d3b0779024b3128c80814472f,7197,unknown,0x7314729d691fd074dbba03ca3c6ef3be61b31d34,1,True,2025-06-19T16:26:53Z,6f012b7330aa55507221db1f0f8dafdcbc5c6d2cfadda0d50845726ec05d0bcf,127075677,replacement_candidate,unknown,8dd13acc6572bf30aba45831ca3606634719e17cbe9f0c9e0db170b612d416d6,ca2-ca1ff798b4f84a39a35d,08b7b0db1180203d1475f5ff055b566003a9cf50808580bcbf8fd34e062cfd3f,6f012b7330aa55507221db1f0f8dafdcbc5c6d2cfadda0d50845726ec05d0bcf,2021-06-09T21:38:56Z,False,SECONDS
eip1967:0x79fc1d290aa81338f377f6271c499662d6301e65,ethereum,a9e9f47e85bce0571f5933d7bee02de9201c3766c8d14409c13c54e7092e7816,2141,unknown,0x20e5e35ba29dc3b540a1aee781d0814d5c77bce6,1,True,2022-01-27T21:33:56Z,b763d05e132e4068679ad2aa12206b1f5c008a0a1a864c08200fc8528c15bd34,5056259,bridge address(0).safetransferfrom() does not revert,unknown,5f46b6e82c1b4905aee1912f9bc49869b2e2263cd43d21fcee1e188dc36a4f72,ca2-ca3ec401a279f9b471a6,65e43af1be00ff96c68c76d171d02fee7a82d0af4858efdd61e328bdf357ee1b,b763d05e132e4068679ad2aa12206b1f5c008a0a1a864c08200fc8528c15bd34,2021-11-30T09:02:57Z,False,SECONDS
unknown,ethereum,5877d61c796e55386bde2ecacf57cccc43c6b73979a2b9dcdc8ceee23541d29b,16021,unknown,0x79a7d3559d73ea032120a69e59223d4375deb595,1,True,2023-11-25T08:14:23Z,7d533dcde6c4fef6151ef0bd1602bd9aad04d4d900938f944246f712d43f7e9d,58238934,logic flaw,unknown,64baf40e5954143ae4c7f806b318118b164d69d232b73354b13a4367cb9b211a,ca2-ca903ea09549202fecb9,0266ef8877e5c2459d8628dcdc1fb71b2dbb886e645960f277a56568440b576f,7d533dcde6c4fef6151ef0bd1602bd9aad04d4d900938f944246f712d43f7e9d,2022-01-20T06:45:29Z,False,SECONDS
unknown,bsc,d937ffcb777dd0b2c68f1aee71e643c614e61cd4056803465bc2d3c832f69e67,12423,unknown,0x26f1457f067bf26881f311833391b52ca871a4b5,1,True,2022-12-05T17:19:02Z,59058447b2c930b9f6135cab4b52257a05057d8dbe2ea469f7f99cbe5cdd178d,91987,predicting random numbers,unknown,0bd3ade15d678ed9e4449d9e0624d00a5412f21db792c0696382845cb8bef3ab,ca2-cb9d62babfef067f9bc8,3954585fe97b7896e92100a4710c459aab1e09e422b224a407bbee1d6fe3a566,59058447b2c930b9f6135cab4b52257a05057d8dbe2ea469f7f99cbe5cdd178d,2022-12-04T15:45:55Z,False,SECONDS
unknown,bsc,a9d288c89089c42f954f41ff52124bc761945a99c9308a65b168b255e3e82037,707,unknown,0xd55f01b4b51b7f48912cd8ca3cdd8070a1a9dba5,1,True,2022-04-15T03:18:35Z,728090140c549ab030bbfac638451a6a203575c760f137ce8bdc713619c48fd5,4786580,access control & price oracle manipulation,unknown,bf85f07930530872102060b6aeb6a44e89f19afca63527731a25adb1bb1e1311,ca2-cc09312220e115bde016,58a50bd99b1f3ea14e53b24329d5307c519b7281bcac062a4f2909381ccb6ac9,728090140c549ab030bbfac638451a6a203575c760f137ce8bdc713619c48fd5,2022-02-18T17:42:15Z,False,SECONDS
eip1167:0x364b7e2d5b11b9d2016d232fa271d89d5e6065f1,ethereum,35908787a2c454d9ce05ebb417a65da6a87f950dfb7aca94d7c440a169eeffaa,45,unknown,0x4c4564a1fe775d97297f9e3dc2e762e0ed5dda0e,1,True,2021-08-16T21:44:41Z,e28d6a4d1093e95a886197cdc784a37a0d3af2ff00cd6bb99864f8fbe39ee888,532191,insufficient validation,unknown,058399975ac3fea62dbdd74f5b76c9275e360dc8579472976625d62d5f34b701,ca2-cc76e9ac975f3c46bb14,c12d23aad58fa94e57c186dda2fbe59a497938f2e006a8de8d630e161fe8d365,e28d6a4d1093e95a886197cdc784a37a0d3af2ff00cd6bb99864f8fbe39ee888,2021-08-10T17:54:50Z,False,SECONDS
unknown,bsc,b81dee880506ecb9f38abdb7a97d2f5b1ab0329b76565c17fc88dc479a404140,9985,unknown,0x02d841b976298dcd37ed6cc59f75d9dd39a3690c,1,True,2022-11-17T01:24:05Z,1968e286b4126d2c206c8e574f835b50d37c0c96f6b6e0334d670829288b7319,5176518,flashloan attack,unknown,498971f0f2c8129af0ccb18ece6ac5dbc112381fe4264f3d886ed660c5f91563,ca2-cd8110008dfe201e0222,275cf2b50d5803c320d950c62abb58929a4e5168f86cb9cc3818f4734007bc81,1968e286b4126d2c206c8e574f835b50d37c0c96f6b6e0334d670829288b7319,2022-09-18T03:28:47Z,False,SECONDS
unknown,bsc,44b2e42ffd630d62e6eaa52aa20a882e15b3e15dd1cfc9883a0311d796aef728,20188,unknown,0xf55dff7898930a2d28cdbc39d615b1624ac86888,1,True,2026-04-28T00:00:00Z,50c7da666f520e86f60616c20fb9e22ebbc5070eaf6b15775aa7d77eececf156,8636875,replacement_candidate,unknown,f0f075b9d7a12330575f5901996a2a74a86ad398bf4ebe033cb297253e962aa0,ca2-ce4de12cb6ec0aa01094,31d96c1996ea4e946e49267875dc622b0e682b9f23f02130a5e40f8fb0ddd18d,50c7da666f520e86f60616c20fb9e22ebbc5070eaf6b15775aa7d77eececf156,2026-01-18T00:52:05Z,False,SECONDS
unknown,bsc,90866a2b6c86b793d841bbb196e63d3f21d597062697b940fcd732345c22f1e6,12183,unknown,0x21ab8943380b752306abf4d49c203b011a89266b,1,True,2025-08-13T17:43:20Z,4b8f5f581d66a39a8836be82d71165edbbf21568ec84cd49b9b1a4e539cd87e9,40753,logic flaw,unknown,53ec099dac1df7d7eda08749ba8c421b688c8ddae28b9ce8269b9100c4364c79,ca2-ce552f38ab8199ed551d,b5d0aca3ff64fec094fd7a7cf7fb39e22a0fb73b52ebfebcbbcad868ca20eeeb,4b8f5f581d66a39a8836be82d71165edbbf21568ec84cd49b9b1a4e539cd87e9,2025-08-13T06:24:07Z,False,SECONDS
unknown,ethereum,acec786efd5443d3e3c8afd0c965a9fcc8c2d71f04618ce715314e6f7b10d5f6,439,unknown,0x5d94309e5a0090b165fa4181519701637b6daeba,1,True,2022-08-01T21:32:24Z,ad197b3c83c0b8fe709b5263b732af662086063122f12469cde92831c5217f5b,8739138,business logic flaw : incorrect acceptable merkle-root checks,unknown,f8dca20d1a46fbd6a66d0ce9eb17c0cb47eb98eeb6ad9a24d9318bb8becd5c4d,ca2-cf529333b32b69e4842e,fc5049d70ffbc12722e15ed529bf18b4b85491e9bd5efb48b0a70bd1273b62da,ad197b3c83c0b8fe709b5263b732af662086063122f12469cde92831c5217f5b,2022-04-22T18:00:06Z,False,SECONDS
unknown,bsc,8617380a2c4dd3186bd7094e675057b0ecba00f7ec18be1b2d9ce83eb47d5936,16576,unknown,0xfeafe253802b77456b4627f8c2306a9cebb5d681,1,True,2023-06-06T12:22:33Z,a346a684fbee5770fea3bd05c4c8ea64cda5f511474735e0669ceb26bb983163,27689204,price manipulation,unknown,23ac44a06f2f7d03d9fe8c12062919fe2204b354365ddcc87959084e4fd638f2,ca2-cfb8cf251b553eed2196,1cc35e201f5cd460e0d6d3aace4239904ab806b8f534a83b2880960c151d7f1f,a346a684fbee5770fea3bd05c4c8ea64cda5f511474735e0669ceb26bb983163,2022-07-21T00:55:49Z,False,SECONDS
unknown,bsc,b3665b95b76953c29786c6286b95594547973f447be710f3d39a360eb154b7b7,22248,unknown,0xdd9b223aec6ea56567a62f21ff89585ff125632c,1,True,2023-06-15T07:06:45Z,bd1e4121e53c64fb23c78ff776934e040150b68cb0dce44086125c02d4eb6f6e,1360471,uniswap skim() token balance attack,unknown,ff8ccc67006d65ad1091e282a226f9391fe544cea251e05833b5f434f761a75c,ca2-d08064284319f9724001,de831550ea797eafd6231f6c000cd3a8de9a579a6fbfe7516977d12dc39485af,bd1e4121e53c64fb23c78ff776934e040150b68cb0dce44086125c02d4eb6f6e,2023-05-30T13:12:14Z,False,SECONDS
eip1967:0xfdded988f34d9fd2f8d79234b145be104a913dec,bsc,84e7a6afa887fbbeb6e3f47787557013527ae55ecb826b21e3886311bb061341,680,unknown,0xe445654f3797c5ee36406dbe88fbaa0dfbddb2bb,1,True,2022-12-12T15:37:02Z,5b8e7fe31f7905dd0da6c80ad9950be83d6bce80253145780353460e8e3c0d14,1528443,flashloan price manipulation,unknown,82001b5b162710c461a5cf08e2eee8cd7341123595f20e11765a617540592538,ca2-d0b1ccc1d33cfcce8cbb,568dc5c64b1a2ef5738ec44d6f3da6cd864158b66f70fec84d71380e1e8ad214,5b8e7fe31f7905dd0da6c80ad9950be83d6bce80253145780353460e8e3c0d14,2022-11-24T23:02:59Z,False,SECONDS
unknown,bsc,fc258b6a5f7e58d006327be1dc62908a9be9b72d121802a9dd3285d7d168e10b,22366,unknown,0xb2b1dc3204ee8899d6575f419e72b53e370f6b20,1,True,2022-10-30T17:48:39Z,97dcc1b031a39c3ed7e5623da57121a296c1d08fe127c392524d242d36f75aac,46349782,business logic flaw,unknown,f9810c7f99bc861e60c90877390c0a8d6f28cf6e3cb4e7acf80d063b374de979,ca2-d21da7d9fce0924660dc,ba7ac5a21e01bd7cbecd9efbd967307f40f9f79bc75d79fcd0570ac1f2005715,97dcc1b031a39c3ed7e5623da57121a296c1d08fe127c392524d242d36f75aac,2021-05-12T06:52:17Z,False,SECONDS
unknown,ethereum,74d8fbe78b9f6587872363ee221a85357e8e15c91f26b666bc7e46227f9ccee4,4722,unknown,0x69422c7f237d70fcd55c218568a67d00dc4ea068,1,True,2023-09-05T12:42:23Z,af8f25eb3b70f83a9467184a0f78d0ae3f620224723676e46bf1d6bb73a7e581,2039820,rebasing logic issue,unknown,0cfee85e07232937b58c15cb515deafd0de6f427fff827f1c08987b15bcd8539,ca2-d22c4160c4fed52695d2,8e532fdd1ef0fae45876602f85b5232f6758a2341ead1cb6db8d63f17b8c357e,af8f25eb3b70f83a9467184a0f78d0ae3f620224723676e46bf1d6bb73a7e581,2023-08-12T22:05:23Z,False,SECONDS
unknown,bsc,6eda8af860c2ea63eb94b868470df8e860b1375d3b3d5792fd5ed0d5b3506368,20816,unknown,0x6bc9b4976ba6f8c9574326375204ee469993d038,1,True,2022-11-29T07:11:29Z,169c479d24c0420bb13b56cfdd658c6a61e0b9bd0fd87610dd63dbb9f463fee8,13143803,business logic flaw,unknown,f10bbdfd867546fa31f1a25d32d5652016ef72e98eda99085185543b4ceb75a5,ca2-d3a51f08e6355a17ca20,142dc3fa0601d896081c5093c4dc9bf21ebef4cf4342afafe39a3089855be1e3,169c479d24c0420bb13b56cfdd658c6a61e0b9bd0fd87610dd63dbb9f463fee8,2022-06-30T04:08:06Z,False,SECONDS
unknown,bsc,8162893067fb69cf42791c0ab50188b14e3d1084a798f7e8ad33c5525c61c887,2844,unknown,0xa7b5eabc3ee82c585f5f4ccc26b81c3bd62ff3a9,1,True,2023-02-22T05:36:29Z,306a30b575bf80b42487ab4dcc6cc023b1d904791b2420c988311a66af1b7ca7,1703560,business logic flaw,unknown,b8c5a69e85634b9902063d59a4826d6b49a6cb3c96cdb187d7447e905b8dfb6d,ca2-d5206e281e59cc007b02,3c6a1bb723ff0ff62d9c465b32433227113c77e96c8855f453d785d5bd699034,306a30b575bf80b42487ab4dcc6cc023b1d904791b2420c988311a66af1b7ca7,2023-02-02T12:23:49Z,False,SECONDS
unknown,bsc,5351b63db6b4280c2c7b2843dba18ed8853cb91448609e9fce3cda110b5a5bbd,1688,unknown,0x6f3390c6c200e9be81b32110ce191a293dc0eaba,1,True,2025-01-08T14:04:44Z,5de96895450b0445f9e5ba1abf876e309a6b3f55ea4d14630d035ac139a136cf,115470523,replacement_candidate,unknown,7d0edbbb7188a9cdcc21803df66b6bf313607868499ac01de20536f242be52d5,ca2-d6090a50e7b7e86d2afd,0718cbc63ce2b3108583ad9afca2dffb467ccb7bd47134e89b202815abafc99a,5de96895450b0445f9e5ba1abf876e309a6b3f55ea4d14630d035ac139a136cf,2021-05-13T02:56:01Z,False,SECONDS
unknown,bsc,91893eee4d29a49392cad5e2e97af5ba39897854b75d33fbac9bb44f17e15b1c,16034,unknown,0xa5957e0e2565dc93880da7be32abcbdf55788888,1,True,2024-04-01T16:08:46Z,09ad8eb4549aa377dc08154941dd02b7bcf999c9f92b976fb55764ae59488d22,721549,business logic flaw,unknown,369358c1c07f965a75f16caa66d7b1325f8febb484a9a0a089c8cc8cd6bf4729,ca2-d6ba3397ed249bc3a420,71715ac8f5d9f9e07d8bf752f3f8d1f07ec5d85a24c9c505bfbb85c525d20d12,09ad8eb4549aa377dc08154941dd02b7bcf999c9f92b976fb55764ae59488d22,2024-03-24T07:42:57Z,False,SECONDS
unknown,bsc,93760c0d2e5bdc35ee5f7a7ce3c333106930eb9abe47119dc75d4e0d9f7057b1,9222,unknown,0xd3d4b46db01c006fb165879f343fc13174a1ceeb,1,True,2023-03-22T12:37:20Z,f9a7abb439098448b9be50d5fcf5ff8ab3b58a2eaec6bea9e2737c92a205a1d6,1178435,reflection token,unknown,c5d5857bb95db6cffae666081ea3742c6f898a03d3a4ec7cd545a1db330bb766,ca2-d78f4dfccb15753abb19,93aeb0e3e41ce2a7e49748a38f115c036f96afebd5ebf8ba175952c4869184ca,f9a7abb439098448b9be50d5fcf5ff8ab3b58a2eaec6bea9e2737c92a205a1d6,2023-03-08T21:16:45Z,False,SECONDS
unknown,ethereum,e95e8864c97c21f05aef0f4d13b4a81cc89b5252e280d8123b068d9cddf79068,14652,unknown,0x9c87a5726e98f2f404cdd8ac8968e9b2c80c0967,1,True,2022-08-24T14:26:37Z,578f64fd26c5616e77b564b19da44664ee81c326b4a38f04cd8b345e8d7159f1,116793,predicting random numbers,unknown,7e4d025fc9c8fb5b2c19182d7f68f0963c6e2b745e8daffdf331c678ccb44b3b,ca2-da248926cc32b52fc5ad,5a899447066841a29e59c4d8b22ccbf44103e52847319fd03f741690935b1644,578f64fd26c5616e77b564b19da44664ee81c326b4a38f04cd8b345e8d7159f1,2022-08-23T06:00:04Z,False,SECONDS
unknown,bsc,7d0fb0703060c2533d50d305e82e5e7631e04a0810483c47787925a1f98534b4,17632,unknown,0x13b1f2e227ca6f8e08ac80368fd637f5084f10a5,1,True,2023-11-16T00:41:31Z,6196d729105f046363af84d7d5bc24462ace5d171be64cb1d32b05991f8b73ea,725690,business logic flaw,unknown,0f5726fe2229fb4fdb5a7ba1cadb4b09c5717986a8fb4db10bef8e4c626940b0,ca2-db4133161e8ad967d9de,080aabb822174d9ca209d6669378f2654b85c0e49f05a720ea8b27abe2196cf7,6196d729105f046363af84d7d5bc24462ace5d171be64cb1d32b05991f8b73ea,2023-11-07T15:06:41Z,False,SECONDS
unknown,bsc,1f648b042291a738dfa67ffa49776bb75143bade7c2e8fe4fed4c46c07aaee3f,6685,unknown,0xeab0d46682ac707a06aefb0ac72a91a3fd6fe5d1,1,True,2025-01-07T15:52:19Z,75c2fbca16272ebb95208b845518fe7299086430b5e8d51bb74934bc82f93ddd,556514,logic flaw,unknown,0d4f1452aa68929171ee779859f8e70e2d540aae8274f0c44669b650bed90857,ca2-dc0f5864cf0c7c7db3d8,ad8622a1e1a50e933499dc14010975eaab1e905142d6a542debc225e71bfb271,75c2fbca16272ebb95208b845518fe7299086430b5e8d51bb74934bc82f93ddd,2025-01-01T05:17:05Z,False,SECONDS
unknown,ethereum,e52d1dd3cb29f0a2abfdac020e44a88a4cae7f0eccb15d45855fb368b448be8a,10688,unknown,0x364f17a23ae4350319b7491224d10df5796190bc,1,True,2024-02-06T01:21:47Z,77d8db92a896c38290167f12fb99019375d0464a29e23740a6c5101038de9950,3241908,unauthorized transferfrom,unknown,5aaee87fe16462618b1fe8e3735d39d27ed6b4fc6c8b0b016eb9da1c435e2353,ca2-dcbeec1a974442a079de,8811a7b72958e7d2d75e18a0ba3b4495a0a71d03ca0f6256d61ccbcc6fca8437,77d8db92a896c38290167f12fb99019375d0464a29e23740a6c5101038de9950,2023-12-30T12:49:59Z,False,SECONDS
unknown,ethereum,de29825107356eda0575b2bd60465eb36add96c9e676c0cdcf8d6682c35d37c3,20277,unknown,0x7fcb7dac61ee35b3d4a51117a7c58d53f0a8a670,1,True,2022-06-16T08:47:50Z,9839e040a873575fde361cfcd419a182b7eb92fa1be5bfbc4ce42849df758c19,41166398,flashloan & price oracle manipulation,unknown,5f5e5cb556b5b5d2de99d0007c4c2d6d35950cbae0f8a2d568ed2eb47c61ac3a,ca2-de6d0211681a69ea1f52,03b9d335849560a92d6a465a0b5f35672fd3316c802715263aaf5352567ea63e,9839e040a873575fde361cfcd419a182b7eb92fa1be5bfbc4ce42849df758c19,2021-02-24T21:41:12Z,False,SECONDS
unknown,ethereum,f245f01ad78a2e8130468281126caaa20ae727d13d5b4c128260b24700e96042,5176,unknown,0x1231deb6f5749ef6ce6943a275a1d3e7486f4eae,1,True,2024-07-16T12:06:23Z,ad383be7e641984d748e2e2dac8e84ae2a37ab33955e2862f511d16adccb83c4,54783756,incorrect input validation,unknown,99b162cc1b5c58f548712aeb5f6f712840af5633d1b91c339cbf1814ddf2179e,ca2-deb8f1653a1510fb4c48,9827b3af2728028e8981a09f4af8e1190a63d4e4ad6172d5a897da627a2d7276,ad383be7e641984d748e2e2dac8e84ae2a37ab33955e2862f511d16adccb83c4,2022-10-21T10:23:47Z,False,SECONDS
unknown,bsc,c61b37783fdf1d7cfd2cb26c657243fdc226db6e3beabc1637a35787eea17048,11117,unknown,0x64f291de10ecd36d5f7b64aaebc70943cface28e,1,True,2023-08-29T10:08:31Z,50c61993ea3ee2be7c341e2d6c06260bdf05706edf0c4399bda80ed1d0dc1ce5,19331066,price manipulation,unknown,0096f32cbbe288fa8cd2e44fdcec2289e6cbd8b689e5c3c1ecad7a724fbd8830,ca2-e017525389c5fba3ce28,096b3d3cc6f425976ba27cd21c1ec213470b7868cc19ac0b6b755aa8407eb143,50c61993ea3ee2be7c341e2d6c06260bdf05706edf0c4399bda80ed1d0dc1ce5,2023-01-17T16:24:05Z,False,SECONDS
unknown,ethereum,d4fede722e8ddab1b5b76f594f380dc0813919e04362e99ee5c699d83474fed4,6646,unknown,0x8390a1da07e376ef7add4be859ba74fb83aa02d5,1,True,2023-11-10T02:51:23Z,810a130d2d0dfbd0279ca41f53bbaaef3433a38d6f8eedd759618f879591e39f,426720,lack of slippage protection,unknown,2ce9a62c49d959a7faa126c834e19db0be317d4cf108e1aba59b2f1279f9e9ea,ca2-e095e5dbb9687595e5ee,741bd4124d757090b6ec378f12a539fe6be542f950494a6d919b0f54b0fa547f,810a130d2d0dfbd0279ca41f53bbaaef3433a38d6f8eedd759618f879591e39f,2023-11-05T04:19:23Z,False,SECONDS
eip1167:0x5e70f7acb8ec0231c00220d11c74dc2b23187103,ethereum,0b720c16eddc5cc697f8f0dd60a7d17c94b99038208a65604c9ddc3e8db818fe,45,unknown,0x46f54d434063e5f1a2b2cc6d9aaa657b1b9ff82c,1,True,2025-10-04T12:53:59Z,9e5b5c24c4079ae9243a0d24b0d863f1a9e6426747953c0c1b87de847df16154,48544308,bypassed insolvency check,unknown,a6c592106353c974db3c1dc40e3207bf8301d5436d3dfd2e3974beac1dbaef47,ca2-e24739584c716694ba60,286359a4e07c487aa59a1316c843371a6bd0d6a2ca9cee1d3906b8b9bc7fbbff,9e5b5c24c4079ae9243a0d24b0d863f1a9e6426747953c0c1b87de847df16154,2024-03-21T16:22:11Z,False,SECONDS
unknown,bsc,8150d5610cacf677a7ca9de0ce8b6808c66305b7c902bd73ebb6477499f476fe,7097,unknown,0x2b806e6d78d8111dd09c58943b9855910bade005,1,True,2022-12-30T10:59:53Z,d88098eed0ce70ee7db158d38ca01f3284e248d7531489871bc08210a2a1ed84,1722510,insufficient validation + flashloan,unknown,44b63612d34c94b9df5786f0ede86eb395db4e756f8d3436c78b416e34b5bc31,ca2-e488b8f22881b9feaedd,dcaca44496f873e118a6ba9d720fc2db27c47414a59a67dba165ac17117e6535,d88098eed0ce70ee7db158d38ca01f3284e248d7531489871bc08210a2a1ed84,2022-12-10T12:31:23Z,False,SECONDS
unknown,bsc,644cbf072d8ab49aaad3c9ef83de93c9d8c4b537eb4e8b795dcb2cb21809024f,13923,unknown,0x7b8c378df8650373d82ceb1085a18fe34031784f,1,True,2023-05-12T02:10:12Z,6762340d671dd219fd6adc84c504be05424d84232d2fd7cfcafeb976ade566a1,679795,flashloan price manipulation,unknown,781b4bda080da142138a455d00a1f5bb674de1d53c426e7b28161cb4e220e02e,ca2-e54f2002a25549da55ac,d2f3c7327b591cc1a880b21d53de0e4b1ce233b0d310be9d1144312a0fa9d641,6762340d671dd219fd6adc84c504be05424d84232d2fd7cfcafeb976ade566a1,2023-05-04T05:20:17Z,False,SECONDS
unknown,bsc,fbeeb80bc0fcd27ec64ff2c24ec410ade70d6b471d34418224dfb22e96e56b0c,10593,unknown,0x5c9f1a9ced41ccc5dcecda5afc317b72f1e49636,1,True,2022-10-01T14:46:30Z,b7c73ab33c83efb5944779c3897d417445ad5115bf2d40fee62b71ef30d9df82,41932945,parameter access control,unknown,e30de7dca1f70a736b07165f6b4331a6118ebd083c3ebafbb1f73fd2377585d8,ca2-e5a8dccafb3c4f63fdb2,3f4ee7b8c69add0d153006037b8794270095e33036a95667040e20def7e8cf42,b7c73ab33c83efb5944779c3897d417445ad5115bf2d40fee62b71ef30d9df82,2021-06-03T06:44:05Z,False,SECONDS
unknown,ethereum,ecae0ff910f7c7402ece4b6b013fda30eff3a5385e4ed3d1f386efa509c61ac9,11962,unknown,0xb3fb1d01b07a706736ca175f827e4f56021b85de,1,True,2022-03-20T07:48:45Z,8cfbd67da0d7211eef8957c366193d497cd8d2bebda98fb69b49b3616628f5fc,398569,underflow,unknown,7f9901083b77b01b2832068efb766fff84c97c420450ce4818af684e8784e8e8,ca2-e6ddbcb4d936397b6ffe,441952b3d9315c2930eb31cf18ce46405d870186834cc13dccb91067443d2f49,8cfbd67da0d7211eef8957c366193d497cd8d2bebda98fb69b49b3616628f5fc,2022-03-15T17:05:56Z,False,SECONDS
unknown,ethereum,790af68cd5d62cf6a3aa1ba6c2d54b32d004e56701cd05f7def318d5cdc22706,10524,unknown,0xd2869042e12a3506100af1d192b5b04d65137941,1,True,2022-10-11T13:08:23Z,8fa6560684dfcfb2db7be38036ff0fd495287a6d3b27bd9657df4c85d719874a,11277113,insufficient access control,unknown,e14c5937deaa2395ab2ad704d084adb90b0c06e3f2d6ae3cc697cfdfeaac1392,ca2-e71c9a37159c80622f42,95802b635ed0f5cfd34bf7af7087f08155527ac16161708ad5a7fd711b8cfa2a,8fa6560684dfcfb2db7be38036ff0fd495287a6d3b27bd9657df4c85d719874a,2022-06-03T00:36:30Z,False,SECONDS
unknown,base,4c276a0d5f655c1f1552e5fa588303764bf2426e8ebbd50d2780236ada347a3e,17227,unknown,0x26fe408bbd7a490feb056da8e2d1e007938e5685,1,True,2023-11-29T18:11:47Z,a57f7e81d211a0909492dffd844b5ebb8106411e0b32356f6adc9fa939765a6e,7101584,price manipulation via reentrancy,unknown,5d7896f62449edad495192d0fe8dea66e6c78e8d9ae5d0a7ebb0e270c2038465,ca2-e726d15fcadb675a6a84,8fc01d5322093d83c08b1221cbef656d86232f6471b7007307ee572755ce7198,a57f7e81d211a0909492dffd844b5ebb8106411e0b32356f6adc9fa939765a6e,2023-09-08T13:32:03Z,False,SECONDS
unknown,ethereum,762058c495b847435e7de10f10458d1fe816273180e378ed5de2e09790b30579,22157,unknown,0x2320a28f52334d62622cc2eafa15de55f9987ed9,1,True,2022-03-27T01:41:26Z,57dfa0015bbba42db72d7011ab77390120c08ba7a4410e51a34adc8a224cae38,15744220,reentrancy,unknown,18bf913eb4fc54e8edba2ffdf27c789dc2dfc2b30fd1da1fc71846b040877358,ca2-e75c05f94545176def00,052d801a00edd9de706bd2b0d045a04ea85851018372ef57f77fd82016fd6a6f,57dfa0015bbba42db72d7011ab77390120c08ba7a4410e51a34adc8a224cae38,2021-09-25T20:17:46Z,False,SECONDS
eip1167:0x45e15d1e4f92f28a916f4f2971ad9adc278e148b,ethereum,7075b1d9a6e82589d2ff7421d4cbce6a326a4e28230c42167adfead7e3cfa8fb,45,unknown,0x65c210c59b43eb68112b7a4f75c8393c36491f06,1,True,2024-02-28T12:09:47Z,ba3d25b82ea8b6fae5b8eda4e27ec2e421571ded77e0641c9293ef0b1e278e53,658260,arbitrary external call vulnerability,unknown,d31e30ea48ade8a38cdae86628177d9063327a2c24e162523f8d5d5bdc71ab90,ca2-e7cd16bb64166a6efe64,d2bbe08749e7be701ecb432420f0e04af8f869a5882cc4696993ac3c57500606,ba3d25b82ea8b6fae5b8eda4e27ec2e421571ded77e0641c9293ef0b1e278e53,2024-02-20T21:18:47Z,False,SECONDS
unknown,bsc,1d66e730af5938cd5229367a8141468bb4ca21414c48b84afb546a364bec4186,14593,unknown,0xa7e92345ddf541aa5cf60fee2a0e721c50ca1adb,1,True,2024-11-24T13:07:53Z,1a080ed09cf4a348ed88aea362d9c6d2f902fce4e764d4d4ed240ca9603f06b2,100758,lack of slippage protection,unknown,12b0ed3efc4a39a2be1ce9a60ac106300bc57193e0112096e37031579f4bce3b,ca2-e92eb18ffd5cb5150b66,9bbfaa02ae8ff1d79271661181a0598c44866d866311ec424e5d608659f99fbf,1a080ed09cf4a348ed88aea362d9c6d2f902fce4e764d4d4ed240ca9603f06b2,2024-11-23T09:08:35Z,False,SECONDS
unknown,ethereum,64a2d6dd12fff90e2acf43ac17d119412b74569a0dcc210c044c305b74bceb0f,5555,unknown,0xdee8a9ac2c2819fe6a3bae45a12bff70c604805a,1,True,2025-07-02T23:41:47Z,8d2bd41833bd51ae64dcb5661ae2a8d593c1938383b2dc5c0c36fe52a8303cbb,3366756,replacement_candidate,unknown,240ba2197babaec3feec5ac90a92d9ae2663be3fd0ba981cc1c0cbe1df083291,ca2-ea9f778a9d9aef43fc02,1920bbe8286928e565dd4bfb19b410ea07b171b7b7b1f80a5df7f2e7b6b73588,8d2bd41833bd51ae64dcb5661ae2a8d593c1938383b2dc5c0c36fe52a8303cbb,2025-05-25T00:29:11Z,False,SECONDS
unknown,ethereum,57a0c3cfef7d5a5e6de7498508b0c88c6360c070579d8921eaac5255a6ea651a,12607,unknown,0xa6447f6156effd23ec3b57d5edd978349e4e192d,1,True,2024-06-09T13:40:35Z,b1a78ae08ed48ad23f852911a81a0bec8f9c7470723050fe9465b1f844ebbcfc,2085240,business logic flaw,unknown,ed1b71216d44f718b94d08297a1b31de093d478da19f862aee94f9234003143a,ca2-eaf1e84be2ca5fa8830a,fedf60d9631d2e573f9a1107e2491eac7df7273f98f52b7373fac4d32d3af47c,b1a78ae08ed48ad23f852911a81a0bec8f9c7470723050fe9465b1f844ebbcfc,2024-05-16T10:26:35Z,False,SECONDS
unknown,bsc,12a7778fa53e12e8b3e1b7caf8d7a39c68b98bece9c626ac3d9aeb3e2d13b263,8392,unknown,0xdec12a1dcbc1f741ccd02dfd862ab226f6383003,1,True,2023-07-07T14:24:43Z,721bf180c9563cf2bd8b01c6e567afe92ba9a2caeeeb50f6e2363c88e0529866,2090965,price manipulation attack,unknown,38d7435bd8927cba1b9e91280eb854d2e93c88c96a27a01408b8736d7a9f909f,ca2-eafba3ad227d4a51d107,1f026dc50ce3e78808b7e94169955cf5aebc43663ced5b8e2f227dd59ad9040e,721bf180c9563cf2bd8b01c6e567afe92ba9a2caeeeb50f6e2363c88e0529866,2023-06-13T09:35:18Z,False,SECONDS
unknown,bsc,658f1f38bfc8ba9c16800c95fce12818140d30bc7cb9f7470636888da46c2e28,12035,unknown,0xde698b5bbb4a12ddf2261bbdf8e034af34399999,1,True,2024-03-23T13:18:12Z,d65946047ba25193a568a305f58a40b2e91b4ffd02407ec783f877d7acd6cda7,939923,business logic flaw,unknown,40c10150ab535a2c8c6bbd30fc9bc9c1246f5ceb46b5120343d414428f6aa61e,ca2-eaff56dcacef885f96a2,3991039f617a609bfc16a88e8b679ac69c42964497e6bca668ad7440c7040a40,d65946047ba25193a568a305f58a40b2e91b4ffd02407ec783f877d7acd6cda7,2024-03-12T16:12:49Z,False,SECONDS
unknown,ethereum,7e5cf86f068b0cf4182924d5fe1313ddfc4075633fe9c3b4758430321f66556c,1516,unknown,0x47ddb6a433b76117a98fbeab5320d8b67d468e31,1,True,2024-04-24T07:18:23Z,441ce1a2c03719679b83dcee31241afb14d9cf1139f07c75bb6eac45938c71ce,16054608,logic flaw,unknown,00206f4ca78f88a357f59d11f39b72e0142dd75ad2175a9d71d4fdbc901f82ce,ca2-ed09542f8921c91cd3ec,20d4b2abb5cae210292838d4f3c3506474944ca5e268c3c2338ff3f192dbe47d,441ce1a2c03719679b83dcee31241afb14d9cf1139f07c75bb6eac45938c71ce,2023-10-21T11:41:35Z,False,SECONDS
unknown,bsc,840ac77a4a4010f64dbeda40424fefbeb99b2488b95c81faed7932347a1e8f30,18353,unknown,0x2287c04a15bb11ad1358ba5702c1c95e2d13a5e0,1,True,2022-07-13T20:16:40Z,3f1debeb4af1aa52485600a703b41294f0ffffbd409255edd4cbc99fcbde214c,134445,flashloans & price manipulation,unknown,496e122563dfe7d94401725b2304f46feb407e1e7d1188df394b3a460c15a6b6,ca2-ee23a7f09f8e25f5c7d9,c1fea4c3098f31a305a510e8800ecd09033826d9e14996c47d4d6c9e8d48f38a,3f1debeb4af1aa52485600a703b41294f0ffffbd409255edd4cbc99fcbde214c,2022-07-12T06:55:55Z,False,SECONDS
eip1967:0x5966e2a40e65954d229f020e989be296ec116746,ethereum,6388a9f65d500cab629cbfbc74ee137442cd97ffbf80a39bf1235b250dea8011,2261,unknown,0xb5599f568d3f3e6113b286d010d2bca40a7745aa,1,True,2023-02-02T15:56:23Z,9f3e21f554d7f9a8df89b123ffd08876ffdc0efe3f28e768ccde3b9652f781ab,67992252,reentrancy,unknown,cab04e50d64774dbf04bf4503dad0bddafdd3868db8ea7a8a50d9f6f56c9ce29,ca2-ee795333beb4dcb94cce,fc543179fe55515c7617cc606ce91e9c4372fbb6657988cd536cb73d8082878a,9f3e21f554d7f9a8df89b123ffd08876ffdc0efe3f28e768ccde3b9652f781ab,2020-12-07T17:12:11Z,False,SECONDS
unknown,ethereum,8b5691741e7f5bb875b952da82ddb06a465a06216004de009f1c67a08ee87654,12610,unknown,0xf3a3648bb1da9d3aea107da77e6f5ba9cf313127,1,True,2026-04-15T14:19:23Z,c14064f4c2633203ff4b94c8a3057084781f41de344f00a3d9ba9f2d687c7488,73016436,replacement_candidate,unknown,ac693d1c7493b94d4802f636f85642a51e07cdfeafa543c35d2315d0ed85cf46,ca2-efe411bc9d7f06b1ba73,bd0d326032eed7b0224c617eeb5efea04f3354e41ee63b5469ca236778baa734,c14064f4c2633203ff4b94c8a3057084781f41de344f00a3d9ba9f2d687c7488,2023-12-22T11:58:47Z,False,SECONDS
unknown,ethereum,0ece4ae71303e8e10e8d1964e3257a506114f49a48d6f10ee076ee4df6227eb6,22537,unknown,0x0e511aa1a137aad267dfe3a6bfca0b856c1a3682,1,True,2020-06-28T18:03:00Z,6d8b9d076a37d89dd152bbc95ef1ac3b26ffe9723331a506e00250acfafa371c,2525119,token incompatible,unknown,8ff3d5e0cd5f8170164ee3f09b41d0085624395cb087337f6275c7277c1c367e,ca2-f056a955a865b551a342,4b19470f4b1337e28ca6b3c03b313d5ed2ef35dff12481cc3a7dbe9be6d3791f,6d8b9d076a37d89dd152bbc95ef1ac3b26ffe9723331a506e00250acfafa371c,2020-05-30T12:37:41Z,False,SECONDS
unknown,bsc,11cbb96a174bc5ee29c81b846e5de14020ae68f0402f696b594f739ce1b462c3,18187,unknown,0x274b3e185c9c8f4ddef79cb9a8dc0d94f73a7675,1,True,2023-05-10T16:16:41Z,ee3586df22d73f00f543b4c2d75e7ec11ad261befbed6f2efcd5f1e3fe403bdf,83502,business logic flaw,unknown,04fda882d4dc989ea60dfa8cfba970d1a5fc8cd0226484a6c2ed8c7f593afb04,ca2-f18eddf4c9f68d58e510,b8e20a36b900c969f08c991936114b3477b1111b2138c13726cd14677b603cf1,ee3586df22d73f00f543b4c2d75e7ec11ad261befbed6f2efcd5f1e3fe403bdf,2023-05-09T17:04:59Z,False,SECONDS
eip1167:0xc86d2555f8c360d3c5e8e4364f42c1f2d169330e,ethereum,2a041e3acd0818c9c75b1d5114c8bdec11cf4bc1e87d8a13f3e5018a6df00da4,45,unknown,0x4e34dd25dbd367b1bf82e1b5527dbbe799fad0d0,1,True,2025-01-12T11:06:35Z,bea24ebe3aee58e906e1c04cfb39560e6b5081a2af00c1e8b6bce08e8f49bd86,28831944,logic flaw,unknown,4ba0ce506a3a43d582cd74e032689661bcd07c690f9ce6c9c86b6888abd1a205,ca2-f2fdba3be5c566aed586,f310d2db975f81340deef37822ec047b264747c144dc699e821b0307a5c1bc63,bea24ebe3aee58e906e1c04cfb39560e6b5081a2af00c1e8b6bce08e8f49bd86,2024-02-13T18:14:11Z,False,SECONDS
eip1967:0xc39c54868a4f842b02a99339f4a57a44efc310b8,bsc,12487716809e31b6703ad3c3701d7188dfe813e4e04c5ba3968c4261bc8c1a7f,2227,unknown,0xd511096a73292a7419a94354d4c1c73e8a3cd851,1,True,2025-03-14T21:47:07Z,b386bad1838e911e1875efb24a438510286a539493080eea1f22c55ca323abf2,10922356,unprotected function,unknown,5523310d8bdee3e68d99173191e18050427cca4261c0b189e04f2e49d18c5b4f,ca2-f359ea85ce584fc54da1,6aea127e14b04f2aeb1575b910cc8f41cde7a731b211412c89edef1f516f723d,b386bad1838e911e1875efb24a438510286a539493080eea1f22c55ca323abf2,2024-11-08T11:47:51Z,False,SECONDS
beacon:0x06147e073b854521c7b778280e7d7dbafb2d4898,ethereum,80ee2da67eb8e10f4fd53d8d948b8b3647360d75efe873bcea5b52888033555e,283,unknown,0xd1a1c248b253f1fc60eacd90777b9a63f8c8c1bc,1,True,2026-01-20T03:40:23Z,04f690b8f391cba77dbcadcc769e29d6dc0492e3c3af95e0bda08f7844e0a48c,7392396,price oracle manipulation,unknown,9555d6abea553572ab62a54d290b287eae04530c1ca7a78d2dc691bf4b8e35da,ca2-f39ef961ac91c6d34016,70db14635847a6681206887d3c77a0f0e0ebef3c1a4cc6eb9a093e501594b32c,04f690b8f391cba77dbcadcc769e29d6dc0492e3c3af95e0bda08f7844e0a48c,2025-10-26T14:13:47Z,False,SECONDS
unknown,bsc,2b19312008ce63bcb1a8bf23069c4fa93c867c3bd412f56c2684563762d21d76,8499,unknown,0xa3f5ea945c4970f48e322f1e70f4cc08e70039ee,1,True,2023-04-29T23:04:32Z,da1a1c7ada56957bc4fcf55f7b4e3132362728e4126259a8d156d27b1027aa28,10566557,reward calculation error,unknown,44e1878f57faab85c36460bbfdd765f8deeee934ed2477570c4c651cdc0e5024,ca2-f3e658093e457630a524,85842df3a7fb9cc08f0692f0d38f5e3c1644a75ec89120e65a1ed89dff3d6f9f,da1a1c7ada56957bc4fcf55f7b4e3132362728e4126259a8d156d27b1027aa28,2022-12-28T15:55:15Z,False,SECONDS
unknown,base,369cc3256a3d37ef0053553efe9fe7f4661fc2718d6b9938443ecd78f4e14e7f,8489,unknown,0xc859ac8429fb4a5e24f24a7bed3fe3a8db4fb371,1,True,2026-01-19T23:50:13Z,96e0c95eb1d688e2c78a685001fc96e999633a553fea169261bba232148c57cb,8525704,business logic flaw,unknown,bcfd8f4c19c749c8b0e037176c9f4df5688be2473f2ae9be0ea6558ac829a1e2,ca2-f459648a3f9405d0f148,8d9ffbf4e8326b06769707202593de19fee0100b1a4fba008ee42b259a7e35f8,96e0c95eb1d688e2c78a685001fc96e999633a553fea169261bba232148c57cb,2025-10-13T07:35:09Z,False,SECONDS
unknown,ethereum,c119ca3a47c7a854add5430f89dd93b5557280e61bdea0ad56c547ec14c5340c,2968,unknown,0x05999eb831ae28ca920ce645a5164fbdb1d74fe9,1,True,2023-09-05T12:41:59Z,8c81a45e11cca10dc4909be6d97bfb5b2770e9a20cf892556dbb7ca43b6583a3,2296944,rebasing logic issue,unknown,7882dfb658a247d7cd1c5759ad40c7e572c7d976bdf72c3095b86c8a3340aa4d,ca2-f4910903d7134e1d631f,8ed656938b6eeb401609490716beaa806130733ebcf5d9b774da1b230802599c,8c81a45e11cca10dc4909be6d97bfb5b2770e9a20cf892556dbb7ca43b6583a3,2023-08-09T22:39:35Z,False,SECONDS
unknown,bsc,d98cabdeec2c2ed001c1a4f97211e8bce6a99b5dd374c3e6b736e5cb40c412b9,8484,unknown,0x62951cad7659393bf07fbe790cf898a3b6d317cb,1,True,2026-02-22T15:32:44Z,787c3982484874d37d018cd3752af07261bc4927584fce5e17e68c5383255c7b,770963,incorrect burn logic,unknown,5e51732f1afbc0433ca941a9dc304b77a228e694099949c692b9822ad9ed9f32,ca2-f4a91ff1efea083dedab,4931660d61f3d303e1546471260b4bf11e75a87ec09f7a8ac549d17675278c5c,787c3982484874d37d018cd3752af07261bc4927584fce5e17e68c5383255c7b,2026-02-13T17:23:21Z,False,SECONDS
unknown,bsc,8cd63ba63c661a72a758b98d85b7b776acdc3c173b2bf6114831e82b95cbd1de,9594,unknown,0xe1e1aa58983f6b8ee8e4ecd206cea6578f036c21,1,True,2021-08-16T19:40:08Z,68e471c0151690e390e632863ae277baade5c53ae2b1588f6698a5c3cec6cce9,1425143,flashloan attack + reentrancy,unknown,af0369cc786b2141f9cc140b2738a3de1957894882619e434a9712bd7282e325,ca2-f4c153bbeb9c3fff7e54,d7bff2af4b1d07815b03b97281b8bc2b2efd1a7aed50874211753f0ae23baccd,68e471c0151690e390e632863ae277baade5c53ae2b1588f6698a5c3cec6cce9,2021-07-31T07:47:45Z,False,SECONDS
eip1967:0xe468b43b4ae4d750cd6a5d7edacc1a751302c99c,ethereum,e8111f4f258ca7d3d7796a705719f331477e8c0ff28b8da9e072d56d2c301d51,2472,unknown,0x40c31236b228935b0329eff066b1ad96e319595e,1,True,2023-12-13T03:30:23Z,06f4da58e91764b4b47e9ec5ee3b043351bff65df7ef3524afc3cab8afacd3a5,2368272,business logic flaw,unknown,0e30ee1cfc2bca211bc495cba77c27db890b4e568cd94b30baf7072a95268520,ca2-f52d9b4393b86654cabd,57af3b617372f370b1e2e2e0f0675033a08748b9078c281d702a15ec27025129,06f4da58e91764b4b47e9ec5ee3b043351bff65df7ef3524afc3cab8afacd3a5,2023-11-15T17:39:11Z,False,SECONDS
unknown,bsc,82c06f5d00db5268f29a53d32df2a3a0dea2380d624f539d9a734d3fcfcdce3d,8459,unknown,0x3de669c4f1f167a8afbc9993e4753b84b576426f,1,True,2021-05-01T16:38:36Z,88be713539313079b1aaa3842f9bfd5848898d8ae5ae0ccd92f2e1db0c7a4162,18586241,logic flaw,unknown,6580fa6d3ddf74d90779a2169b519543383ccadf59989f98612ef9da5c88652b,ca2-f655d6375b3979edab38,8e2fdfbcde7da66b2d813c6f6ea68eb4a4487764f9f3da37ea6e836233b53998,88be713539313079b1aaa3842f9bfd5848898d8ae5ae0ccd92f2e1db0c7a4162,2020-09-28T13:47:55Z,False,SECONDS
unknown,bsc,bb899e511020bec9a47af673c1bfc4c5ce3530918afc4aa6199877056fcd449a,23995,unknown,0xcff086ead392ccb39c49ecda8c974ad5238452ac,1,True,2022-10-10T12:53:38Z,74b5fa24155e6b4a6374dc6db9285d8971d66cf4fd424e461fd20c4dfbe649b2,937625,public functioncall,unknown,76014289b136b62061e025e604e47169e11acc8404a073d471961bd040f8c15c,ca2-f6ff26fef2c7c8239a54,43377636e707af6b486427ea5f64911a218ec9be6b2a154f69fd062eb7697ada,74b5fa24155e6b4a6374dc6db9285d8971d66cf4fd424e461fd20c4dfbe649b2,2022-09-29T16:26:33Z,False,SECONDS
unknown,bsc,3cb78c74a317feefe49322945ed73343f353cf3c7bfa9788977d0523a42e0810,20218,unknown,0x1f7cf218b46e613d1ba54cac11dc1b5368d94fb7,1,True,2023-09-29T08:49:19Z,9d077c5ee9a540be8328a9ec85e026b35459e17fa13d068559e654597b20ff6c,69534741,replacement_candidate,unknown,701dcf91e784f2bb04fc7255cd2f926c041f4fe27d7777f1c35f1c89e963e786,ca2-f7368dc0ef887de15bf4,e45ba2582bc8ad17f4fa4e80733cb7fb87884f191ae55fff84311394b3f07dce,9d077c5ee9a540be8328a9ec85e026b35459e17fa13d068559e654597b20ff6c,2021-07-16T13:36:58Z,False,SECONDS
unknown,bsc,c45f14e90190214cc736164ae3907c0447fdfaa23a87ff0cff608172c0dd9c9a,6905,unknown,0xc10e0319337c7f83342424df72e73a70a29579b2,1,True,2025-01-21T16:00:09Z,e5832cbcd81cc312876b1998cf0aeed7dab2468b33bb742d73ced3f10c4ae73c,275327,price-manipulation,unknown,42c654db65f20093344cf59f363351f5187caa075b0dc589ea7e350ebacfc40a,ca2-f869139a8dcac0542bd9,b7cb8aed55e696ec6ea50239c57a561ace37ffba291842ba861054ab6b2a3711,e5832cbcd81cc312876b1998cf0aeed7dab2468b33bb742d73ced3f10c4ae73c,2025-01-18T11:31:22Z,False,SECONDS
unknown,bsc,ef7921bd4e57c48df7f5df6f51624bf737fcb24ac7163f1cbce816af8adc9f9c,15310,unknown,0xc54aaecf5fa1b6c007d019a9d14dfb4a77cc3039,1,True,2023-06-21T20:26:52Z,e771dddc50f692dbc069429196625602e5977bc79a8d1a7a9a8b58d2763dee8a,68332566,reflection tokens,unknown,afa50d84ca8e145c4884edb6fbda5423dfcc826a1ea0cb3cf5def92f1413b97b,ca2-fa0880968324b82371e6,ec0af7e4b85cc618c683ae8dc3b8f628e212782ff5c435dc77416a7927b5cd8f,e771dddc50f692dbc069429196625602e5977bc79a8d1a7a9a8b58d2763dee8a,2021-04-21T23:10:46Z,False,SECONDS
unknown,bsc,c055429b94fd927769a008dbf280207e2d10170bce9ed638cec3eea858e2f1fa,7759,unknown,0x29ee4526e3a4078ce37762dc864424a089ebba11,1,True,2024-11-17T20:17:16Z,6d41a7b40bc5acb0866c2d365d54e50f36f3b50846fda9ea856350a3a0c60fd6,570676,replacement_candidate,unknown,7af027248a27a36f38ea1c9ba001e0d2efe7119110f69f2764760ba98d1b0a00,ca2-fdb8417e3a94f2d5fc68,e065a069f4ec91fd5c3b972f8ccea0a7ee7509c1539ba8f5aa08b081a68dc4ed,6d41a7b40bc5acb0866c2d365d54e50f36f3b50846fda9ea856350a3a0c60fd6,2024-11-11T05:46:00Z,False,SECONDS
unknown,ethereum,e8f94bcb6222ea5a3f9da37216fc93bfb828ed9e94309dd07e40dd0b88285180,6175,unknown,0x5d16b8ba2a9a4eca6126635a6ffbf05b52727d50,1,True,2024-12-21T11:58:11Z,4c3036e944f8b000d3b66217b3051776f88a1ff0ad8293817e33dd15a29f90dd,63564,incorrect reward calculation,unknown,0416726020210d26cd5c64f0608f0fdaea24aa409fc3c0ea0df305a9b475f5a3,ca2-fdd7dce161154c375fb2,caa449ff71ab5b8b59ab57537a2bc3b9ff94ef8331dcf580ee772f632a1652bd,4c3036e944f8b000d3b66217b3051776f88a1ff0ad8293817e33dd15a29f90dd,2024-12-20T18:18:47Z,False,SECONDS
unknown,bsc,f9ff7ce56cdd21d72eaf487860b896c247b1d846b92e55c40376c8b5478ded5d,13962,unknown,0x664201579057f50d23820d20558f4b61bd80bdda,1,True,2025-08-16T01:08:10Z,c9d9f2f4af7979b01150d0f1339468f88c79c5c9b14b245d73bf51d0af95b38f,49009711,price manipulation,unknown,8e7a1f05ced4f82d348e1b47e31369de4bd7b56c2b78f8942e2a2014fbbea101,ca2-fe0426b19503c34e1f18,2180d85f47652fa609a7eada01a4be0bb664fd96c6b6ce915d541455e6644c2e,c9d9f2f4af7979b01150d0f1339468f88c79c5c9b14b245d73bf51d0af95b38f,2024-01-26T19:19:39Z,False,SECONDS
unknown,ethereum,4a4c5d490bdd6e729a5f7423d25a1f7e2171cbfd9a08e54759699aef71073d54,19196,unknown,0xf3f84ce038442ae4c4dcb6a8ca8bacd7f28c9bde,1,True,2025-03-28T15:34:35Z,03a5217704ed1a4baec03ae54a733c522ab7eb0f255f116a3bc1389a8ae16dc3,22101912,unsafecast,unknown,5cf4fb7582e7d0bedfcfaa3a0feb274249cabb3bd59adf5a3a81bdfbf72fe059,ca2-feebcd26919bea5b0014,4822a7cd197351d855b990e939a11676419b25f718f2c8a7ed43249f415e1cf4,03a5217704ed1a4baec03ae54a733c522ab7eb0f255f116a3bc1389a8ae16dc3,2024-07-15T20:09:23Z,False,SECONDS
unknown,bsc,fb6b9610fa82511870638ddd5d9ab051cfbf3c9a6a80b288013748d789b1a6a4,11806,unknown,0x8bfaa473a899439d8e07bf86a8c6ce5de42fe54b,1,True,2023-03-15T03:15:59Z,9f3e3c57fa3e17aa84fee1aad1bf942eb3cc62047fa35a05b75fcff05ce08b31,51207051,integer overflow,unknown,dc67aadf45a00009b1c675a7b1a1c96e04cca04ef5491d6d16acf56fc88ddd45,ca2-ffbe4d4d4db010d46d01,b82c32de83fe99ab193097e8cd5ea6bcc0af7a21c44ca80da360332f7b7b1301,9f3e3c57fa3e17aa84fee1aad1bf942eb3cc62047fa35a05b75fcff05ce08b31,2021-07-30T11:05:08Z,False,SECONDS
unknown,bsc,6dbb94fb8eb05bda30aa431ae3178c0d513a19dbe10980f433b5c8719c6b8344,16737,unknown,0xedecfa18cae067b2489a2287784a543069f950f4,1,True,2024-03-06T07:27:52Z,687da2a89d86725614c7b9de9a42460d961ca7529fba5b51750b3b507bf3aa3c,2142115,business logic flaw,unknown,1b518b097914c0fa05b94164eed1d53ec23e6a7cc64613c731ed8b24fa768667,ca2-ffeb7afe408bddf67264,fbe57f566ecd69384f51f9e990b5c86d23eb8234c630448981e50e6c6a6fa12a,687da2a89d86725614c7b9de9a42460d961ca7529fba5b51750b3b507bf3aa3c,2024-02-10T12:25:57Z,False,SECONDS
