case_name,chain,chain_id,positive_prediction_cutoff_time,minimum_additional_distinct_slots,reserve_target,control_address,control_identity,control_deployment_time,deployment_distance_seconds,creation_tx_hash,deployment_block,creation_type,trace_proof,source_object_key,source_object_sha256,source_record_sha256,edge_rank_sha256,reserve_assignment_sha256,queue_status,rpc_authorized,selection_authorized,stage_promotion_authorized,recovery3_mutation_authorized
ATMBlindBox,bsc,56,2026-03-19T10:56:43Z,9,90,0xc50fc9f6ed55daa2025737285040818ed83d2b54,56:0xc50fc9f6ed55daa2025737285040818ed83d2b54,UNKNOWN_REQUIRES_RPC,-1,0x2f58d5bb5612636d2f4626f1c38f987554fc30969208d4e637662ee03850f4f5,82998212,UNKNOWN_REQUIRES_RPC,False,v2/contract_deployments/contract_deployments_29000000_30000000.parquet,3255e78e345aff80bfd6dfc7d760f4bda3a96fce4225cc3e128ce3d21ff32822,7a5c9991d329ed0523c8e07a58c7dddc7588d9e02e68363276bf78260c0d149a,00037b1e4ef40e21de49824f7f302438aba3e753263829fea92f99a1e3dae7a3,cc091394586ae4eb21026a538f00559bdbbc96abaa8dc76f394eff1ac5c8f5ef,RESERVE_CANDIDATE_REQUIRES_RPC_AND_PAIR_EVIDENCE,False,False,False,False
BetaPresale,bsc,56,2021-04-15T09:12:04Z,6,60,0xeb65e8fe55bbb95536b981395823ef05e402d746,56:0xeb65e8fe55bbb95536b981395823ef05e402d746,UNKNOWN_REQUIRES_RPC,-1,0xfef8345009529fa208ea887be47ffe493f73de324286bce44857bd8a48e2ec8b,5931873,UNKNOWN_REQUIRES_RPC,False,v2/contract_deployments/contract_deployments_31000000_32000000.parquet,1096c453513646713a3b6185edd15651bf3a9599e2e334ecd82bcf3c939ca722,3a99f926f56f7696762737bbd8b8f251ff3317d12ff56d76622bd608a9ca234e,000189278ce4d5671971c8ed6b993d24f28ab56c967390667496fe5026a08b1b,7d6e5d7b23c9083a29f863eabfad8dce0a676108a4705b79607cd3086045e00d,RESERVE_CANDIDATE_REQUIRES_RPC_AND_PAIR_EVIDENCE,False,False,False,False
BitCrown,bsc,56,2025-06-08T18:22:23Z,7,70,0x3da466f5be8024405a366538ed7949b4ce9f015d,56:0x3da466f5be8024405a366538ed7949b4ce9f015d,UNKNOWN_REQUIRES_RPC,-1,0x1d5cb7962088a6f96aaf8ba9fcff244b4220c25f464ced2cfba90f0d62f69c1b,50411278,UNKNOWN_REQUIRES_RPC,False,v2/contract_deployments/contract_deployments_30000000_31000000.parquet,0d12ca90369256d040cf542c85f6ffcf446e4e3e8d19fd878d446ff8ed9337b7,562fce4b9b78f1fa8a746325b130f2b646f2e5d18a00a310528fa47ce132b216,000543388b42ca86cc8c4043f52bddf5d9e12059219bd297ae65eeff1e10a465,8e89e2f887622bb71dca81ce105a45c9dda0df255552aed4156bcf718fcd1b95,RESERVE_CANDIDATE_REQUIRES_RPC_AND_PAIR_EVIDENCE,False,False,False,False
Bitallx,bsc,56,2025-05-15T06:01:07Z,9,90,0xaaec17033a2ad12e5029b8790aa34549d2a5ec00,56:0xaaec17033a2ad12e5029b8790aa34549d2a5ec00,UNKNOWN_REQUIRES_RPC,-1,0xcdab1d5650e877e9e3a7e21f531d84779530d78f59024d1fd9d890bcd5298c3b,49242540,UNKNOWN_REQUIRES_RPC,False,v2/contract_deployments/contract_deployments_31000000_32000000.parquet,1096c453513646713a3b6185edd15651bf3a9599e2e334ecd82bcf3c939ca722,02a01f817eec4263ae7e968ef00e2e882682b55e92fd69a5795781e67c7a0c0a,000467e84d3951b27902f4921bce20506fa436ec69945f1daee444a2e86833ea,04d5fd645c79c73c4e5d81b2f060ab1703c30c412405caa6a74595304a6d3517,RESERVE_CANDIDATE_REQUIRES_RPC_AND_PAIR_EVIDENCE,False,False,False,False
DLMC,bsc,56,2026-04-28T13:18:52Z,3,30,0xfcc4bf7c4c72c8fd7071b99333a9a654f2cf6815,56:0xfcc4bf7c4c72c8fd7071b99333a9a654f2cf6815,UNKNOWN_REQUIRES_RPC,-1,0x4ec7a636fe3bf22cf829a3bbabab148e97a791c5f3be0c9dc18abfa72ae72017,92350532,UNKNOWN_REQUIRES_RPC,False,v2/contract_deployments/contract_deployments_31000000_32000000.parquet,1096c453513646713a3b6185edd15651bf3a9599e2e334ecd82bcf3c939ca722,18652c9f7c543d0f29b5b47df73f661a9e04f77deb2f871b26d754549ace47b9,0000e66d0544387bab7eb10501d5abcd1afab22a15976eba5b772883633fb393,91ddb31f868fe8c041a3cb3d0adc8c4e400028b0082f8d527b3c4965964fe3e7,RESERVE_CANDIDATE_REQUIRES_RPC_AND_PAIR_EVIDENCE,False,False,False,False
FlyLong,bsc,56,2023-11-29T19:17:34Z,1,10,0xb372e10fe21abd5f5a76d342f48f9fa7ad1d0116,56:0xb372e10fe21abd5f5a76d342f48f9fa7ad1d0116,UNKNOWN_REQUIRES_RPC,-1,0x228346179e3ee7e80c73f68e71b5354362d236125894af9be1aca19d1b7d10ef,33456418,UNKNOWN_REQUIRES_RPC,False,v2/contract_deployments/contract_deployments_30000000_31000000.parquet,0d12ca90369256d040cf542c85f6ffcf446e4e3e8d19fd878d446ff8ed9337b7,9ed6996fb182b4ace00b48dc465edb352683b120482d93745ccec10093b678e5,000397acf7a1ce93159d81825fc8e2cf7b5fa99c51b114b578e9df5582dba1f0,e1b68e662c356ad1d33a211155e7a0b4cefc93767a6fe790636b1a2c69047380,RESERVE_CANDIDATE_REQUIRES_RPC_AND_PAIR_EVIDENCE,False,False,False,False
GMT7,bsc,56,2025-02-08T12:45:18Z,7,70,0xabfc782cc6f7f8db48893c0b302282c04a8b5c13,56:0xabfc782cc6f7f8db48893c0b302282c04a8b5c13,UNKNOWN_REQUIRES_RPC,-1,0x7589722db9b31c07b0b77cb6c64f65652f4ee532a6d743ac6076eef3246bc89b,45730826,UNKNOWN_REQUIRES_RPC,False,v2/contract_deployments/contract_deployments_29000000_30000000.parquet,3255e78e345aff80bfd6dfc7d760f4bda3a96fce4225cc3e128ce3d21ff32822,f518abd8f189fcf66271044013ab890df5f2f8f75809e694eaff69dbcbb1a609,0006edd46766a79272cbcd7abc0f58ba81e669e4e67092183e6046bc5cc0edc3,f894e6155fc18441d5aefc3d7c3583713d4707ca5a3e7bd6fcabb80090ee626c,RESERVE_CANDIDATE_REQUIRES_RPC_AND_PAIR_EVIDENCE,False,False,False,False
GoldReserve,bsc,56,2024-12-28T15:13:07Z,9,90,0xcfb94a4a35d408e563b6317cb9969972a0094445,56:0xcfb94a4a35d408e563b6317cb9969972a0094445,UNKNOWN_REQUIRES_RPC,-1,0x5792001ee0dd296f3f9535e0433bf646a9339cf63ea77022cf33d1349f74dab0,44934474,UNKNOWN_REQUIRES_RPC,False,v2/contract_deployments/contract_deployments_30000000_31000000.parquet,0d12ca90369256d040cf542c85f6ffcf446e4e3e8d19fd878d446ff8ed9337b7,4c7c869a0084f617bdee20fcb4c9e9cb88065b983dbbed89c0a75e3d8c2c04b9,00143efabac6ac68272d0ebe50f2b68ef439e1e4d8b3a46a8f45475788e80391,db76e25a9709283d2fcb7e169bac2c8838d472938d662b728f8f2984fbe5f821,RESERVE_CANDIDATE_REQUIRES_RPC_AND_PAIR_EVIDENCE,False,False,False,False
HORS,bsc,56,2021-05-13T02:56:01Z,4,40,0x038f5104796a04d01bf7a0e47deee7dd6babdc72,56:0x038f5104796a04d01bf7a0e47deee7dd6babdc72,UNKNOWN_REQUIRES_RPC,-1,0x4dcf65cac76162159041b4ef2147705a847a344a46cc835c2224c2c58264bf0b,6908172,UNKNOWN_REQUIRES_RPC,False,v2/contract_deployments/contract_deployments_29000000_30000000.parquet,3255e78e345aff80bfd6dfc7d760f4bda3a96fce4225cc3e128ce3d21ff32822,d34350aef6eec501f7650cfcfb3a0ab2dfe2cd277cf88f88c5d441598b571d03,00018a2e0667bba2a3f56235a8555cd04ec36d96ff478991cdacee5bf83d1e8a,a45310e04dd152c8b9816bdd6550be3faf4693a579be26a1213a6a3f1331bcbb,RESERVE_CANDIDATE_REQUIRES_RPC_AND_PAIR_EVIDENCE,False,False,False,False
HoldSafe,bsc,56,2025-03-15T16:16:22Z,8,80,0x7109c3db1b6592f8059203be95c8fec7131e6b6e,56:0x7109c3db1b6592f8059203be95c8fec7131e6b6e,UNKNOWN_REQUIRES_RPC,-1,0x46bd7e97aac07176b3b681a4968297dd3ee6bb8f59d72dbc8b302ad540f87400,47307112,UNKNOWN_REQUIRES_RPC,False,v2/contract_deployments/contract_deployments_29000000_30000000.parquet,3255e78e345aff80bfd6dfc7d760f4bda3a96fce4225cc3e128ce3d21ff32822,c31da8ca791c63512827864fcbf4ecd3217634ec7c6db2b27c94e318a1f95ede,000a3dd8ada64495c7cc73cb93c7f039132dd1ec3451f215d85efeeaea1e3b2d,97e1b095f794f88395f28537ece0f07a402eccd96932db4f69051bfd4529b0e8,RESERVE_CANDIDATE_REQUIRES_RPC_AND_PAIR_EVIDENCE,False,False,False,False
JUDAO,bsc,56,2026-01-18T00:52:05Z,2,20,0x7b0773802401f193b3d666db91dea6a6960a385b,56:0x7b0773802401f193b3d666db91dea6a6960a385b,UNKNOWN_REQUIRES_RPC,-1,0x6c4a48aedf8e77cd6491f8e7bb91ee18332abdb486077410b1737ca13bb09d64,72099528,UNKNOWN_REQUIRES_RPC,False,v2/contract_deployments/contract_deployments_11000000_12000000.parquet,272528f90fb16f9169b99f6481b75aa0526c2f14141ef655a2087f63288c75f3,9bb03cb517a7361cbb84c8659e6c2951309a5206bc833b9e4a3862989072c2f7,0000d254a5faa2b45b9caaa9b47815489da7fe24e7f109ed56ef125cd10586de,c8d27295ca5964cc6bfd0e6938f65e833b49d5bb3b94e01c27391c9650348b53,RESERVE_CANDIDATE_REQUIRES_RPC_AND_PAIR_EVIDENCE,False,False,False,False
LBP,bsc,56,2026-05-08T01:57:51Z,1,10,0xb14b551ef44e0579d8cb6b941f765863cf13aa68,56:0xb14b551ef44e0579d8cb6b941f765863cf13aa68,UNKNOWN_REQUIRES_RPC,-1,0xbec916e1a8cab6b5f9abfc9fddad5dbad56a5ec481d88df9d745aeb774792e35,92499191,UNKNOWN_REQUIRES_RPC,False,v2/contract_deployments/contract_deployments_28000000_29000000.parquet,a512ca3053caa2090f1042c2a492d4b63974138d49e6ef832b885fb36b556864,292666cdca8ef15ecbba276c72980d2b4e0542372d9994bdca893a9d2e91b9ff,00003baf393a6222ad79319e18f9ac921d74fadc4ba01ff3eef6e2a841e41eb8,b1ba5588de7588236bb465334d5bce5be1caaa9847a3c196f1a44afe67fe7b3a,RESERVE_CANDIDATE_REQUIRES_RPC_AND_PAIR_EVIDENCE,False,False,False,False
MFT,bsc,56,2024-11-11T05:46:00Z,7,70,0x5e42b1dda28f6e3ae8c4482e1937e137c823b45f,56:0x5e42b1dda28f6e3ae8c4482e1937e137c823b45f,UNKNOWN_REQUIRES_RPC,-1,0x4ea51d9426a29a2e598b6f2699483eeb13701f3a19901f67a53f9180e29cfa7c,43770143,UNKNOWN_REQUIRES_RPC,False,v2/contract_deployments/contract_deployments_29000000_30000000.parquet,3255e78e345aff80bfd6dfc7d760f4bda3a96fce4225cc3e128ce3d21ff32822,c349830a99b7dca50b4758ceee7faf38f52a20236476c62752178cb2b3e72fc6,000051893d01f99d169e553221e65994d619eed19df3ba7b3c90e92ac8defe4a,1913d30312403c3a42fddc98b390d48944e89dfd7cdb204c8a09c423323cedd4,RESERVE_CANDIDATE_REQUIRES_RPC_AND_PAIR_EVIDENCE,False,False,False,False
MicDao,bsc,56,2023-10-08T02:28:34Z,7,70,0x7b49111db9bf1b1aa76efcc4270acfcabc049762,56:0x7b49111db9bf1b1aa76efcc4270acfcabc049762,UNKNOWN_REQUIRES_RPC,-1,0xa1d56d784af67aadbf23636f413df1cde1b7e245c6ed0ce49cbb7f48d358d886,32247658,UNKNOWN_REQUIRES_RPC,False,v2/contract_deployments/contract_deployments_31000000_32000000.parquet,1096c453513646713a3b6185edd15651bf3a9599e2e334ecd82bcf3c939ca722,57d375fa4af8fc1618fc2678ad985e37b9518cff24eb0a7f10e62b0f8fe7352b,00028ce03d3e31ab5dab84c1873972253a36f78bc1a7e98b14f7321eaa7bf399,bcc435372ca0df4d70ebb1e81e819e8ab565f7a6a696ac4cae1c2388db10a71d,RESERVE_CANDIDATE_REQUIRES_RPC_AND_PAIR_EVIDENCE,False,False,False,False
MyCoinMaster,bsc,56,2025-07-26T10:26:41Z,6,60,0x6b94f8fcb8b38e4bcfe6689527e119570c7746b9,56:0x6b94f8fcb8b38e4bcfe6689527e119570c7746b9,UNKNOWN_REQUIRES_RPC,-1,0xc2bef0861fb1d729d77a1411a228cb9fa4d98c7d2e46e803b48fcdc5f6aae5a2,54113100,UNKNOWN_REQUIRES_RPC,False,v2/contract_deployments/contract_deployments_30000000_31000000.parquet,0d12ca90369256d040cf542c85f6ffcf446e4e3e8d19fd878d446ff8ed9337b7,29a2e4797fa43cb1683e399bcafae8d636c8c1cd96b22f9818508a359dc9be90,00058d3ccba853a94ea966e9e380571d215e1fa5235524d2b2a23bd951175dfd,037d28d3fba42ccf3af9de7896871c50f84f7773935993bfc1dd9c98fe35b96e,RESERVE_CANDIDATE_REQUIRES_RPC_AND_PAIR_EVIDENCE,False,False,False,False
NFTG,bsc,56,2024-06-24T10:25:42Z,7,70,0x033cc0d1e42c557dff1ba454c5aed6aa56189ddd,56:0x033cc0d1e42c557dff1ba454c5aed6aa56189ddd,UNKNOWN_REQUIRES_RPC,-1,0x72addfc8501e85b4c256122c807193e9437236016547c52dba05634ecfe864e2,39366063,UNKNOWN_REQUIRES_RPC,False,v2/contract_deployments/contract_deployments_30000000_31000000.parquet,0d12ca90369256d040cf542c85f6ffcf446e4e3e8d19fd878d446ff8ed9337b7,a2257b38c3c6fda36c0a49ceb058d36ddce224204779bd120af1e76bd248674a,0002040da10ab598ed5b077a853991032ffedc78d48a074c0398125f296d59cf,e56d98857fae1bac3ba30d4619c51c1836526664946380f6d32f91cb76fcfa70,RESERVE_CANDIDATE_REQUIRES_RPC_AND_PAIR_EVIDENCE,False,False,False,False
NGP,bsc,56,2025-09-09T01:47:01Z,4,40,0xdc98eb2d43ff3b3cf84871e6f9a1e4d46d30cd55,56:0xdc98eb2d43ff3b3cf84871e6f9a1e4d46d30cd55,UNKNOWN_REQUIRES_RPC,-1,0x73b920f3f0d7ff6acb37478f41b18fed7a77b778ed847d533b2381e548d5fbb6,57791098,UNKNOWN_REQUIRES_RPC,False,v2/contract_deployments/contract_deployments_29000000_30000000.parquet,3255e78e345aff80bfd6dfc7d760f4bda3a96fce4225cc3e128ce3d21ff32822,a9fcfa7952951aa80a3553aaab7f547d34cae6d40374090bbf806ff8c12ce6fc,00031068405a26ec649ab0ba4d7fff58889803df4a07b146c2502f1956db0b96,52612cca5fad4a3e0fbedc3661442223fefc2539b63eac099d7fcee1696fbb83,RESERVE_CANDIDATE_REQUIRES_RPC_AND_PAIR_EVIDENCE,False,False,False,False
Proxy_b7e1,bsc,56,2024-11-13T18:19:56Z,9,90,0x8d86fc90360e902fe27a1e985ddb20109981f60f,56:0x8d86fc90360e902fe27a1e985ddb20109981f60f,UNKNOWN_REQUIRES_RPC,-1,0xb93a127a15f0aa2d1816fd3391cb9f6c45a3c6e21e5d8894e5f1917310b7f8d9,43157406,UNKNOWN_REQUIRES_RPC,False,v2/contract_deployments/contract_deployments_29000000_30000000.parquet,3255e78e345aff80bfd6dfc7d760f4bda3a96fce4225cc3e128ce3d21ff32822,3e533c35ae59a13bda6523ac8890cd878a89ba441dcf466362a56da1405bba5a,000bbbb45fac9152060e67e2cb81aa5f54c6ca8efff9e274aebbc2c1a8e4bf14,c30a6d29dd2cbee23af904351db5f06e9f6d20007e0185fd68e198e05c20353a,RESERVE_CANDIDATE_REQUIRES_RPC_AND_PAIR_EVIDENCE,False,False,False,False
Unverified_0000,bsc,56,2025-05-13T19:54:09Z,10,100,0xca1693b3f431150b496c570e3547ab98fc9a7501,56:0xca1693b3f431150b496c570e3547ab98fc9a7501,UNKNOWN_REQUIRES_RPC,-1,0x3cfa90371e611f003e20503fa80d02d7f51fa846799be6715326ad873e4fe060,48368872,UNKNOWN_REQUIRES_RPC,False,v2/contract_deployments/contract_deployments_29000000_30000000.parquet,3255e78e345aff80bfd6dfc7d760f4bda3a96fce4225cc3e128ce3d21ff32822,78420059c64b09fad7ee43258a0bc7368cce93247d263d0878da6e86d7450395,0005094286ab6dc64eefb4e933e7ee7cc2ffaf795d8213d9d543690781e88d5f,9d2dd8d349f5438e13a242b0776faa9daa54075b5c3f1c3707ffac3fbad2d07c,RESERVE_CANDIDATE_REQUIRES_RPC_AND_PAIR_EVIDENCE,False,False,False,False
WXC,bsc,56,2025-08-02T03:59:53Z,7,70,0xb625bb668230d1d473d0599daec1f6617f5ddf7c,56:0xb625bb668230d1d473d0599daec1f6617f5ddf7c,UNKNOWN_REQUIRES_RPC,-1,0x8632ea7fa55cffde6d85538cb1708fa03976b4b950dd1c5b75206e8d68291402,55289523,UNKNOWN_REQUIRES_RPC,False,v2/contract_deployments/contract_deployments_31000000_32000000.parquet,1096c453513646713a3b6185edd15651bf3a9599e2e334ecd82bcf3c939ca722,eaa97af8e0561cc6f6bced9d19b614d97fd4676ad72a9ef09ee9e1377774836e,000373da8c5d68106c294b88afad561a83bed506485c7d7fc1fd8d240d5a8269,b34911b66af2e912f442b6b79da941d82b0ce736224a3e87a28f30f623153fc7,RESERVE_CANDIDATE_REQUIRES_RPC_AND_PAIR_EVIDENCE,False,False,False,False
WXETA,bsc,56,2024-03-14T00:21:56Z,7,70,0xe0c13a9c2a43fd781a6cc340445e01b1beec7eae,56:0xe0c13a9c2a43fd781a6cc340445e01b1beec7eae,UNKNOWN_REQUIRES_RPC,-1,0xdcdd1306b1d02cea614ad10dee8e91e72dc91977994d57b72eb290d7f968c5ff,36152275,UNKNOWN_REQUIRES_RPC,False,v2/contract_deployments/contract_deployments_29000000_30000000.parquet,3255e78e345aff80bfd6dfc7d760f4bda3a96fce4225cc3e128ce3d21ff32822,3912cf5f7e78a28d43bff90aa1d71afd799ea68072a86707d2fda6c6e9026bda,00040425c6185f35dcb1f5fdef59d6db2e809db609ff00046e2a6ec4fb206d28,999670bd069cf9eabcb4dd87666005781c733e0836b671214507802138b98e5a,RESERVE_CANDIDATE_REQUIRES_RPC_AND_PAIR_EVIDENCE,False,False,False,False
ais,bsc,56,2023-11-23T07:10:00Z,10,100,0x56c5f9aeea048e11ba9c727bae7853021ccadff7,56:0x56c5f9aeea048e11ba9c727bae7853021ccadff7,UNKNOWN_REQUIRES_RPC,-1,0x660867ade91155fd66e3f8b33fe3ce0df06db2e0d09c95bc4973a0d431c4718f,32914639,UNKNOWN_REQUIRES_RPC,False,v2/contract_deployments/contract_deployments_29000000_30000000.parquet,3255e78e345aff80bfd6dfc7d760f4bda3a96fce4225cc3e128ce3d21ff32822,795905e4cd45bd33f3eca13d4c40e2032cb5e9dbabb2d6bda652fac75931f26e,000402d522659a4e8824ef8b50b8093399a4b704ec4ef69d51e9133b62804c3f,4409a12d45a58e6e5caaf214232cca6ac9bb39ab8ced6d9e3da433b7711b46b1,RESERVE_CANDIDATE_REQUIRES_RPC_AND_PAIR_EVIDENCE,False,False,False,False
aizpttoken,bsc,56,2024-07-29T14:46:37Z,5,50,0xbdb2d2985b78e8efdc370d88914f559de72c816c,56:0xbdb2d2985b78e8efdc370d88914f559de72c816c,UNKNOWN_REQUIRES_RPC,-1,0xc715d93b1e2637b2dd18e18b71a53d2003bb1f16bf652d4e0aa51fa8efafa93c,40520987,UNKNOWN_REQUIRES_RPC,False,v2/contract_deployments/contract_deployments_29000000_30000000.parquet,3255e78e345aff80bfd6dfc7d760f4bda3a96fce4225cc3e128ce3d21ff32822,946932f7e931f2bb15bdbc4dc7dff3a5b1fb0c8d105199ca5e3a97b663e10b62,0001f07a99c3794700ec45e3e617a0f5e73873c4cf429b656ee620e4b23fc2c3,1ff541457957350f4a6ee1cd2903d04c055d21ebab38cd6baf067d9434d125ff,RESERVE_CANDIDATE_REQUIRES_RPC_AND_PAIR_EVIDENCE,False,False,False,False
allbridge,bsc,56,2022-08-26T14:11:05Z,3,30,0x7a6a033ca521ac013c1a63ef6edcae2c75b0ac53,56:0x7a6a033ca521ac013c1a63ef6edcae2c75b0ac53,UNKNOWN_REQUIRES_RPC,-1,0xb6aac4f4d9399608d14dd7e6191e558c5453b3c64179075cd8094289f84eb303,20564025,UNKNOWN_REQUIRES_RPC,False,v2/contract_deployments/contract_deployments_29000000_30000000.parquet,3255e78e345aff80bfd6dfc7d760f4bda3a96fce4225cc3e128ce3d21ff32822,f24a58e5baffc7b1a854b2d194a50f9a75f876d475823d5089661ffb3e980826,0002c530016ca201f27b5f15f4a8085e6f06d0d7a11a0ac5282284163291c652,34840d9698b241b03f4b92e011645bdd54ae2b22108d81af7c36dcc065272ddd,RESERVE_CANDIDATE_REQUIRES_RPC_AND_PAIR_EVIDENCE,False,False,False,False
alp,bsc,56,2023-12-20T03:01:30Z,7,70,0xeb7bf59b43c5f8daea35bf8c01f3ed85cf33dec4,56:0xeb7bf59b43c5f8daea35bf8c01f3ed85cf33dec4,UNKNOWN_REQUIRES_RPC,-1,0xbe45fa7150b8b25e302b27c9c1a34fcbd00065fdcdb07cc9db8ec3a83a5e32fb,33775737,UNKNOWN_REQUIRES_RPC,False,v2/contract_deployments/contract_deployments_31000000_32000000.parquet,1096c453513646713a3b6185edd15651bf3a9599e2e334ecd82bcf3c939ca722,512cb1bb38c0267200da81bcd9d1babbe375c3e25261a550bc8913adeb94be24,000030745fd6509595dba96467bdbe5f72a6c22100ea5525b41fe1a2a0b8caf2,6e0537318051a1840ad7fbfc4ec876bf09f2a6db5fa747bd6450545d1881ba20,RESERVE_CANDIDATE_REQUIRES_RPC_AND_PAIR_EVIDENCE,False,False,False,False
anch,bsc,56,2022-07-23T07:42:43Z,1,10,0x80a314ea93e418ea0e6cb3f4d8ce4892d7f593d2,56:0x80a314ea93e418ea0e6cb3f4d8ce4892d7f593d2,UNKNOWN_REQUIRES_RPC,-1,0x75c69bd1b937f27d98ee74caf0cec4b52e008967b199a3836380ee2e129ce8c7,19169824,UNKNOWN_REQUIRES_RPC,False,v2/contract_deployments/contract_deployments_7000000_8000000.parquet,54cb1c23725d5765da58c76ee4eb73bb326370e440cb6baab9e8463544906967,c6695143403f852e1b141d63620fb970b52fd288eaa7e6230aa2e5018b216e13,000008a95d92b9ec674f42844d77f70e79a5d55265de571b7aaf8a4c206e5a17,e490728feeb26e1a75c586b7bd482765f5d4bb9613c3ea9afc6c17a435f9f202,RESERVE_CANDIDATE_REQUIRES_RPC_AND_PAIR_EVIDENCE,False,False,False,False
annex,bsc,56,2022-11-18T07:31:46Z,2,20,0x1a802d1b5d8c02483eb7106ab931f7eadb548f77,56:0x1a802d1b5d8c02483eb7106ab931f7eadb548f77,UNKNOWN_REQUIRES_RPC,-1,0x3196191651fada5eca073e6cdfc8b17df3b0435d855f1bdfcc092b5310190121,22800968,UNKNOWN_REQUIRES_RPC,False,v2/contract_deployments/contract_deployments_30000000_31000000.parquet,0d12ca90369256d040cf542c85f6ffcf446e4e3e8d19fd878d446ff8ed9337b7,1ce43880fdffa32f40a408673cc2f69d7408bd7e89ec62471edc7bbaa526c882,0004f54b3144a49483e34bceb01b5ae7f5436f35af9d69b5ccf6b589b3f66d06,b58fccd2ee6c268cdeeaa76f948776fb8c0eab56ff402b3979c5307d92d6d788,RESERVE_CANDIDATE_REQUIRES_RPC_AND_PAIR_EVIDENCE,False,False,False,False
apedao,bsc,56,2023-07-16T00:41:01Z,6,60,0x6bcd408fe5600d3e3e2eca9f324f7ac0b6bd9716,56:0x6bcd408fe5600d3e3e2eca9f324f7ac0b6bd9716,UNKNOWN_REQUIRES_RPC,-1,0x16dedce9597115c60205ea83d20944793bbad852c7b2074f4272ffdea390ba3a,29342860,UNKNOWN_REQUIRES_RPC,False,v2/contract_deployments/contract_deployments_29000000_30000000.parquet,3255e78e345aff80bfd6dfc7d760f4bda3a96fce4225cc3e128ce3d21ff32822,23641551bf687a7162cf701fb9a64ea13cb97345c5d0e5ab6a5fe3c09ec997f9,00025b03d9d7dd50862f8f621f36013cbbc1f27383346b2fcdc502ba939f9a7b,cedd422ebaf9f8f4fe50b0d3cf61181a03ca2ee3a2afc9a2ece8281ed4363a92,RESERVE_CANDIDATE_REQUIRES_RPC_AND_PAIR_EVIDENCE,False,False,False,False
ark,bsc,56,2024-03-12T16:12:49Z,10,100,0x94107faa2e5f4b0ba023c201771086c0c3d99e9b,56:0x94107faa2e5f4b0ba023c201771086c0c3d99e9b,UNKNOWN_REQUIRES_RPC,-1,0x115b3e33163886be03a89d0cb3dc8c6b11f1210a4d0dce3aa94040f96cb3e9a9,36107315,UNKNOWN_REQUIRES_RPC,False,v2/contract_deployments/contract_deployments_29000000_30000000.parquet,3255e78e345aff80bfd6dfc7d760f4bda3a96fce4225cc3e128ce3d21ff32822,acfbb24d274538582ee8f833efbd7055033a06e6096bf3e7fcbb219db1069a82,000003bbc967ec31fd66d13579948c5e44c00ea2623edd768a5ffef03b2738a2,4d6a03c1e30f1756da77b818af5ea1513bd02b1d0ea280cc4a70976a3fbe891b,RESERVE_CANDIDATE_REQUIRES_RPC_AND_PAIR_EVIDENCE,False,False,False,False
ast,bsc,56,2025-01-18T11:31:22Z,9,90,0x8073eaee48093f4fd010a7b6488f9003f6976089,56:0x8073eaee48093f4fd010a7b6488f9003f6976089,UNKNOWN_REQUIRES_RPC,-1,0x3001b24b2e971ae69607761466622337b291a349051716ef1c035e5c507459fd,45120641,UNKNOWN_REQUIRES_RPC,False,v2/contract_deployments/contract_deployments_29000000_30000000.parquet,3255e78e345aff80bfd6dfc7d760f4bda3a96fce4225cc3e128ce3d21ff32822,15602f4a91c657465799bbd3060e34493e6a1a79dc604a46b85a149373922124,00029680d7bb3ba99712d27d784dd79327b0c5140321b0ef2e0364bc4dc62636,29016d6cc00720c2a25d79bad64edd019436f729c08e9945742fbada0eae6ea0,RESERVE_CANDIDATE_REQUIRES_RPC_AND_PAIR_EVIDENCE,False,False,False,False
atk,bsc,56,2022-10-05T05:15:28Z,8,80,0x0956ce77e96d24442cb8b239a2134c479dfebf58,56:0x0956ce77e96d24442cb8b239a2134c479dfebf58,UNKNOWN_REQUIRES_RPC,-1,0x7556b12ffbc87b3c1d95f848f7cfb093d2f093d233b7fdabe9f4f96af47ab04a,21203505,UNKNOWN_REQUIRES_RPC,False,v2/contract_deployments/contract_deployments_6000000_7000000.parquet,408541b1fff35d9d72eb413a63bd7e1ecdfd299daa7ca67b3c7185856aa6aef7,8ecf13b6195059fa4587ca7accc6ccbf837fe288ba5c8969e666c8d9cfe4b46b,000021826008c32d17c3982a92114b17604858dfe7a715aacd24ace1d17e32e6,7508f1c716bad51af49315a4a83b78b2c892f4b0991df524467d30539560658a,RESERVE_CANDIDATE_REQUIRES_RPC_AND_PAIR_EVIDENCE,False,False,False,False
axioma,bsc,56,2023-02-02T17:54:51Z,3,30,0x00f806cd4f8894e490f0d0d40e4bfd70e39776e2,56:0x00f806cd4f8894e490f0d0d40e4bfd70e39776e2,UNKNOWN_REQUIRES_RPC,-1,0x6b7ccf22a60514ee33fb2906c088d001314585e4617f238de6859e076a8259c4,24996227,UNKNOWN_REQUIRES_RPC,False,v2/contract_deployments/contract_deployments_30000000_31000000.parquet,0d12ca90369256d040cf542c85f6ffcf446e4e3e8d19fd878d446ff8ed9337b7,8f16572566f1a0fe28765881f375f55fbdb733e1610e01ed8ace8be5411e55bb,000b6f85bd2afc663b978b1b95046bce6dcc396358f1b7e47f53426bd66022bc,519883bd048a63a3e73666de66a0595243c2db1e5cc8fc5f8063f02fa629f4b5,RESERVE_CANDIDATE_REQUIRES_RPC_AND_PAIR_EVIDENCE,False,False,False,False
babydogecoin,bsc,56,2021-05-22T17:21:17Z,8,80,0x43fff51a1654361345823cdc5597646c891b4d16,56:0x43fff51a1654361345823cdc5597646c891b4d16,UNKNOWN_REQUIRES_RPC,-1,0x70d00124533a0a3f8d278cf2bf0c73e82783282e13f4f7e5a7115a712afbe3eb,6938064,UNKNOWN_REQUIRES_RPC,False,v2/contract_deployments/contract_deployments_29000000_30000000.parquet,3255e78e345aff80bfd6dfc7d760f4bda3a96fce4225cc3e128ce3d21ff32822,fe48170ddb5adc0b57b4201c5209b91c577348677c4778eaa8a145fb9c3c2dd8,0000dc733f9aa38952203c09d864b7c1fd2f47277877d142731b2d623f25ecde,0ad32a1e77913f3fc3ab18ba05184f4b3a6028d06a50b1acc8bace0145b54460,RESERVE_CANDIDATE_REQUIRES_RPC_AND_PAIR_EVIDENCE,False,False,False,False
babydogecoin02,bsc,56,2021-05-22T17:21:17Z,10,100,0x0091a151bf069d8d20bce206ca76b3cde3a9d529,56:0x0091a151bf069d8d20bce206ca76b3cde3a9d529,UNKNOWN_REQUIRES_RPC,-1,0xba291bef9bd45dea232ace1b377593763764b61809b1e47464688abe09f1faa1,6992706,UNKNOWN_REQUIRES_RPC,False,v2/contract_deployments/contract_deployments_30000000_31000000.parquet,0d12ca90369256d040cf542c85f6ffcf446e4e3e8d19fd878d446ff8ed9337b7,ba474e29c0b1ac97fa0ccaf98395d6a64b908c1031206b71c810c89b5b4f155a,00007c37d202eb9a765b854448f05287653cbc904fc37d8fe090811af4604037,1cf8379fc18ad11e7a511475cf86f2bb39602970e1458d94850fb0b9109df13e,RESERVE_CANDIDATE_REQUIRES_RPC_AND_PAIR_EVIDENCE,False,False,False,False
bamboo,bsc,56,2023-06-18T14:36:40Z,2,20,0x56619c991deecdd83f68b474bad3701ab4a6f00a,56:0x56619c991deecdd83f68b474bad3701ab4a6f00a,UNKNOWN_REQUIRES_RPC,-1,0x1e467d0dad4fca62329ab3f7a2c395639a8c61a465867cbf80c6ba076b79f05b,29064955,UNKNOWN_REQUIRES_RPC,False,v2/contract_deployments/contract_deployments_30000000_31000000.parquet,0d12ca90369256d040cf542c85f6ffcf446e4e3e8d19fd878d446ff8ed9337b7,5ef154ee4ed8bf1722011cc52266bdd9f29b1b94d94d4f88223e1091d8dc2db9,0000d528da1eac86af91972a787278eda6a645fed7b4ba85c1af63b4fcd77b45,9e27a4d6f7c489f73773af76fc8670c933e410bfce09ca4eecfe5d1462f924a9,RESERVE_CANDIDATE_REQUIRES_RPC_AND_PAIR_EVIDENCE,False,False,False,False
bankroll_network,bsc,56,2021-07-08T22:51:30Z,4,40,0xb73a3e41f120a51d3673683a1b8f9c7134cf1b22,56:0xb73a3e41f120a51d3673683a1b8f9c7134cf1b22,UNKNOWN_REQUIRES_RPC,-1,0x2ec72fc69d8f3b13ce777db1281b697348aa9d3e391107ccf6a9b7d01d7067b6,8350896,UNKNOWN_REQUIRES_RPC,False,v2/contract_deployments/contract_deployments_29000000_30000000.parquet,3255e78e345aff80bfd6dfc7d760f4bda3a96fce4225cc3e128ce3d21ff32822,75224eeb33c9ab966d3f855a3fb9592f413a74aa6259a47c782e591339eaffdf,0001a6176ca222658122205b59d77ed1e1bb8783ae0485ae20ac2792c8473e80,582c3168f9f7f4fb2f7735dc0d51c2e87cbab8bfbaa652b8802c6509defd7f02,RESERVE_CANDIDATE_REQUIRES_RPC_AND_PAIR_EVIDENCE,False,False,False,False
bankroll_stack,bsc,56,2021-07-04T20:29:46Z,9,90,0xb6eeeff97bd4168200bfc5ea8a15bd8faa656557,56:0xb6eeeff97bd4168200bfc5ea8a15bd8faa656557,UNKNOWN_REQUIRES_RPC,-1,0x12e1de5c666f766147cbd6b458d88b421d0d92028a6aa3d3e4914f41640d5cc1,8764821,UNKNOWN_REQUIRES_RPC,False,v2/contract_deployments/contract_deployments_31000000_32000000.parquet,1096c453513646713a3b6185edd15651bf3a9599e2e334ecd82bcf3c939ca722,a866c46c0926a602a6dd309c819ffd826e161635d1a80e9b4192c7f50f830be6,000449343d6765db2fce8f84189859acbe8d269a0d076ea07cc7c6769f758e99,453342f9b9e8cae4edad2919637db8cff8dab56d557a827981d36b4ca63a3ae0,RESERVE_CANDIDATE_REQUIRES_RPC_AND_PAIR_EVIDENCE,False,False,False,False
bct,bsc,56,2023-12-08T09:27:08Z,10,100,0x7bf30ea5467de787a4d1667956b91391e5fa6612,56:0x7bf30ea5467de787a4d1667956b91391e5fa6612,UNKNOWN_REQUIRES_RPC,-1,0x59300afc79395ea0a19bffe97a2e8732c352d0d071b7f3f283afb0ae9ff5f6d0,33943213,UNKNOWN_REQUIRES_RPC,False,v2/contract_deployments/contract_deployments_29000000_30000000.parquet,3255e78e345aff80bfd6dfc7d760f4bda3a96fce4225cc3e128ce3d21ff32822,617f49154f37f712f42f2705630ee874f380e7c5ec8012d82aaad761d218b784,0000687a54d39685fcfb54f0748ba964314cf63c7ca60bd20e1480eec505bc32,1591118a32043f9946b0d0c059129b340b50cd4ed0b0fcd52c82baef03449602,RESERVE_CANDIDATE_REQUIRES_RPC_AND_PAIR_EVIDENCE,False,False,False,False
bearn,bsc,56,2021-02-14T02:52:08Z,9,90,0x3e4ca1ee7d56b395b940ab028c0e5527d54c2ec2,56:0x3e4ca1ee7d56b395b940ab028c0e5527d54c2ec2,UNKNOWN_REQUIRES_RPC,-1,0xc4705637eacaa83b380d7f171c499b96b6f1b492143e633420f7ba23855397de,4381187,UNKNOWN_REQUIRES_RPC,False,v2/contract_deployments/contract_deployments_29000000_30000000.parquet,3255e78e345aff80bfd6dfc7d760f4bda3a96fce4225cc3e128ce3d21ff32822,ead07a8a7b0aec89411fd99d36fba27b0a7b163c326290b111ea57a02eb9a344,000f67000f240fb37bde003da5e103496a69887f8660091f1b8f4c8841c192c5,836f6645d9895b1e98c2716414a7df6eed4fc94978a80c356ab57f903402144b,RESERVE_CANDIDATE_REQUIRES_RPC_AND_PAIR_EVIDENCE,False,False,False,False
bearndao,bsc,56,2021-03-03T08:33:22Z,10,100,0x0839678285e165d290ebc221e5fcf97d73237b92,56:0x0839678285e165d290ebc221e5fcf97d73237b92,UNKNOWN_REQUIRES_RPC,-1,0xd9bf014bf14d0521f9450efac6ee9df8cf476e0de7c79f9345c81bbceb876a7e,5223994,UNKNOWN_REQUIRES_RPC,False,v2/contract_deployments/contract_deployments_1000000_2000000.parquet,7529540c96f11e4fc0d376fd36b2953644bebebe317a864615e2d14403a341fe,5f2beeab891f2633817fd05f4b7382639d8b68d050ba1c08d2df3b1275c675f6,00026d78cc66f6aeb80a3c2e962a668b3294251831848a362e9ada0e9db6b880,29e0f042cffcbcd7c33c9fc5864e9b51b67f4974ad25d052bb6af1b3d61d05da,RESERVE_CANDIDATE_REQUIRES_RPC_AND_PAIR_EVIDENCE,False,False,False,False
bego,bsc,56,2021-03-11T13:53:56Z,10,100,0xbe687e3ebcc3c9ef56d01f048000522759257256,56:0xbe687e3ebcc3c9ef56d01f048000522759257256,UNKNOWN_REQUIRES_RPC,-1,0xaffbf5c2cb719b49220ea2527a5bae2bc624623b8f6b5913d1bd9593c076441a,5265275,UNKNOWN_REQUIRES_RPC,False,v2/contract_deployments/contract_deployments_1000000_2000000.parquet,7529540c96f11e4fc0d376fd36b2953644bebebe317a864615e2d14403a341fe,8679be94f724a570068587482a05ef9dd95948c96e33d7b24b24452d9523b7a3,000bd229d0109818d3b78134bd6550996733bc766bd76848ac3fcc3a80af3026,e706d10a08fd34eb234675eaa79305352c12dd7f67f3ed79b5ae89656f70e0bf,RESERVE_CANDIDATE_REQUIRES_RPC_AND_PAIR_EVIDENCE,False,False,False,False
bevo,bsc,56,2021-05-22T20:15:56Z,10,100,0xcb07c80f0efe3a29b8668c1e5006cb4fe0965066,56:0xcb07c80f0efe3a29b8668c1e5006cb4fe0965066,UNKNOWN_REQUIRES_RPC,-1,0xcd60196819297f8e77177feec1bd2835f1fbced73447581303519bfeed885a37,7403298,UNKNOWN_REQUIRES_RPC,False,v2/contract_deployments/contract_deployments_31000000_32000000.parquet,1096c453513646713a3b6185edd15651bf3a9599e2e334ecd82bcf3c939ca722,5329faea73459583c1a03b5c3b271530bc31c4ae332b218b38488ebb7b47d85a,0000072758aa1a9ba1d3afa1b8290bb4669fc1fd8a7fb429b8bd6d69bc89b499,34465fb42fb961495df1ad217a94f2be17cff84922732a5985c1d86ba55424c1,RESERVE_CANDIDATE_REQUIRES_RPC_AND_PAIR_EVIDENCE,False,False,False,False
bgld,bsc,56,2022-11-24T23:02:59Z,7,70,0xf083b72c302b42bcd3af4c974a795dbbc8cac08f,56:0xf083b72c302b42bcd3af4c974a795dbbc8cac08f,UNKNOWN_REQUIRES_RPC,-1,0xed01853791d42f9b71b642bc3719d905b3cdcba08b44dcad52c451f76617d665,22800879,UNKNOWN_REQUIRES_RPC,False,v2/contract_deployments/contract_deployments_31000000_32000000.parquet,1096c453513646713a3b6185edd15651bf3a9599e2e334ecd82bcf3c939ca722,67dda65acea26aa7e066b8c19a6b90b0b2380acde1480bcc123d5dd6516e44d1,00020215b4c06b50118936eec688c4d354d421ce648997a4676ccb0eaf219196,9a25f182d7bbce99e5cbf3cd7597503532d64ee4564ddc3c0b22a145c5405b2e,RESERVE_CANDIDATE_REQUIRES_RPC_AND_PAIR_EVIDENCE,False,False,False,False
bh,bsc,56,2023-10-06T07:27:02Z,10,100,0x0538305f1de96c1b46cc94d2d1356df7faad8d18,56:0x0538305f1de96c1b46cc94d2d1356df7faad8d18,UNKNOWN_REQUIRES_RPC,-1,0x147657ceeccc3e1cf928ada9f6145201a2a1e6adb4a594d3e01a8da53f438184,32340293,UNKNOWN_REQUIRES_RPC,False,v2/contract_deployments/contract_deployments_29000000_30000000.parquet,3255e78e345aff80bfd6dfc7d760f4bda3a96fce4225cc3e128ce3d21ff32822,1f01d0c4716305e964671c28616578fbc4b3092b74e64a9a5fee6902e5e1a3fd,0009a83622955fe14fdff07feb07f2b8da6fda2346b1dc270147a30587358883,66ac9c7ce1221dd342c7865871e1e95879a621838f2de472f54c79e9def16cad,RESERVE_CANDIDATE_REQUIRES_RPC_AND_PAIR_EVIDENCE,False,False,False,False
bigfi,bsc,56,2023-03-08T21:16:45Z,6,60,0xdb948ebd7b75cfa82f8be324f3ef181a62890e28,56:0xdb948ebd7b75cfa82f8be324f3ef181a62890e28,UNKNOWN_REQUIRES_RPC,-1,0x3fdb8b0a5ced57bf2519bdd63cd9abe7e63b087002ed29977974b221c3f008a1,26203006,UNKNOWN_REQUIRES_RPC,False,v2/contract_deployments/contract_deployments_1000000_2000000.parquet,7529540c96f11e4fc0d376fd36b2953644bebebe317a864615e2d14403a341fe,c0b20078e9cbd75217dfa60ab312173aa0f3a2ad54148c47c9a97b5ddfe3399e,0000fb32d86b72e184f33da2b156251fb3d34657707d3bcbe53de2367322d244,195f4641ace3ef2fddc224e53c8117b4f6ee10988fbb3d93d8b24959f4e4f60e,RESERVE_CANDIDATE_REQUIRES_RPC_AND_PAIR_EVIDENCE,False,False,False,False
bob,bsc,56,2023-05-30T18:54:19Z,10,100,0x42f95a60fe8669880346b8c6f13a025adabc054e,56:0x42f95a60fe8669880346b8c6f13a025adabc054e,UNKNOWN_REQUIRES_RPC,-1,0x784fa9034f49240c405054390c39dd2c10dccc62c5182375f42c3669b3c4ea0b,28258777,UNKNOWN_REQUIRES_RPC,False,v2/contract_deployments/contract_deployments_7000000_8000000.parquet,54cb1c23725d5765da58c76ee4eb73bb326370e440cb6baab9e8463544906967,f44e506982f136a03535936cec2151911a2ff948f95bd2bcbc052726b417b0d6,00014ad75efb4c3e8d49534e37b040438a9f4487163148d2c2c65348bf11adcb,5f45c55f022117ee7d53a4bed84e5b508b5473277393e294322bad202dbd1d46,RESERVE_CANDIDATE_REQUIRES_RPC_AND_PAIR_EVIDENCE,False,False,False,False
bra,bsc,56,2022-10-13T11:39:39Z,10,100,0x157b6e81ac27009d9c040e1ad5940db27629606b,56:0x157b6e81ac27009d9c040e1ad5940db27629606b,UNKNOWN_REQUIRES_RPC,-1,0x82b7ed283e019eb68541b371369c852557acc693da99d569374476df0e2110b0,21531777,UNKNOWN_REQUIRES_RPC,False,v2/contract_deployments/contract_deployments_29000000_30000000.parquet,3255e78e345aff80bfd6dfc7d760f4bda3a96fce4225cc3e128ce3d21ff32822,f1d55ad3e688d290331e50e72dfaa6a8cb0e93f36389ed285f57967336a2e9f5,00012fba5e61967477935024d6e67ddb33410d80b55a3b4bc6a10c4607c68712,29f903cba1589dde8d75b1428c7e894ac0771e04b1babac8664a140945bf9893,RESERVE_CANDIDATE_REQUIRES_RPC_AND_PAIR_EVIDENCE,False,False,False,False
btnft,bsc,56,2025-01-04T11:19:22Z,10,100,0x338dc1e9c3341d93517de65645562d6fd4fd4aff,56:0x338dc1e9c3341d93517de65645562d6fd4fd4aff,UNKNOWN_REQUIRES_RPC,-1,0xf41d79efb492ff04297c41dc32343372d6235e0cb05ce59be4d82752ec728acd,45362416,UNKNOWN_REQUIRES_RPC,False,v2/contract_deployments/contract_deployments_30000000_31000000.parquet,0d12ca90369256d040cf542c85f6ffcf446e4e3e8d19fd878d446ff8ed9337b7,756519bd3586af70a464e26332ed9fae9ddced514c153514019f26d10c0796b0,00005f24343147d71c2bc8f874e4a98f0578f2fbc91f71168273c2cc613fd59b,9dd310751d79444c135cb48b4bd03944bdb87b4fc9b49460b4166ffc95221570,RESERVE_CANDIDATE_REQUIRES_RPC_AND_PAIR_EVIDENCE,False,False,False,False
bunn,bsc,56,2021-04-21T23:10:46Z,10,100,0x144638237acb21581de411e92a2c0bd65d15eac3,56:0x144638237acb21581de411e92a2c0bd65d15eac3,UNKNOWN_REQUIRES_RPC,-1,0xa6b028a967ca843e1d7b8fab39f45aca9af007f80852c6331167c8a273cb2cb5,6124556,UNKNOWN_REQUIRES_RPC,False,v2/contract_deployments/contract_deployments_31000000_32000000.parquet,1096c453513646713a3b6185edd15651bf3a9599e2e334ecd82bcf3c939ca722,8d5282892169d117ee85f0976f8db193b34f1f5c34c7609e7fb4644731dda333,000425cc5af66d5f0d8afe72afe69d1378f8cda076290c0d00f5089c4ec4922e,b5ee866472d0a8323118f971f28d41927567ba488b6002b11d134f58e5d881de,RESERVE_CANDIDATE_REQUIRES_RPC_AND_PAIR_EVIDENCE,False,False,False,False
burgerswap,bsc,56,2020-09-20T01:26:49Z,10,100,0x74cd50cd0b72370bbbcac0ce5866326d85cfe09d,56:0x74cd50cd0b72370bbbcac0ce5866326d85cfe09d,UNKNOWN_REQUIRES_RPC,-1,0xa4d8f30869e1300222c7b641e34046e6991226c9141a135ee04aedc75144638c,439241,UNKNOWN_REQUIRES_RPC,False,v2/contract_deployments/contract_deployments_29000000_30000000.parquet,3255e78e345aff80bfd6dfc7d760f4bda3a96fce4225cc3e128ce3d21ff32822,07796133ee08607a5f4fd181945b7acf115e66f2b4464424ed9c0c02371bd757,0095ef2b3e6171e8cb7dc4b2ef7bd8d240a7c7c54f53782ca2e3e503232d4dd8,d123a73aea7c02ae54b1a423b5921b7cff78c4c4cd0e334daaad1a8b161d32ad,RESERVE_CANDIDATE_REQUIRES_RPC_AND_PAIR_EVIDENCE,False,False,False,False
bxh,bsc,56,2022-09-23T03:22:20Z,10,100,0x42a11cf1d6d14ac2fff7439f6204c2c0194efb74,56:0x42a11cf1d6d14ac2fff7439f6204c2c0194efb74,UNKNOWN_REQUIRES_RPC,-1,0xb720547f429cc218fbaad7b0180787209ac44abc91db42ba9659def0c763ce26,20834282,UNKNOWN_REQUIRES_RPC,False,v2/contract_deployments/contract_deployments_31000000_32000000.parquet,1096c453513646713a3b6185edd15651bf3a9599e2e334ecd82bcf3c939ca722,aac0bb939e7bfa195bae5b0ebcfc6db0ee1ccd8574d0c46ae9083ce0ab8e9d55,000073d1b23229932a08e1363ad9f09ac093d039ab6b99130330a0f97c266f1f,5662309dfecceedd573036457efee1466d835e16f7a20c20b96f2cd9cac8ec53,RESERVE_CANDIDATE_REQUIRES_RPC_AND_PAIR_EVIDENCE,False,False,False,False
carrot,bsc,56,2022-09-29T16:26:33Z,10,100,0x227cecbf636e1a045299bb85f63ea607027ca3b1,56:0x227cecbf636e1a045299bb85f63ea607027ca3b1,UNKNOWN_REQUIRES_RPC,-1,0x48c45ecb3eead537b76040a46a50bfcb365e4c4812ab6aea5ab37ce408869e3a,21348273,UNKNOWN_REQUIRES_RPC,False,v2/contract_deployments/contract_deployments_29000000_30000000.parquet,3255e78e345aff80bfd6dfc7d760f4bda3a96fce4225cc3e128ce3d21ff32822,a1d6de3ad776c7f4fb767d8475291bbc022e348e997216b670ae6d97928b5986,000039bba868f8d6bc096e0687f1fe8a87c597e69bd51b657b1fb75c4f58b5fd,a8235a60c4130a14189556422243efdb2474a115113e2f344e00737bbd69883d,RESERVE_CANDIDATE_REQUIRES_RPC_AND_PAIR_EVIDENCE,False,False,False,False
caterpillar_coin_cut,bsc,56,2024-07-27T10:14:58Z,10,100,0xc94a6013b67ea37165baf6453245e1a469e9f857,56:0xc94a6013b67ea37165baf6453245e1a469e9f857,UNKNOWN_REQUIRES_RPC,-1,0x48d76b5aa5373116e1b068cd75b569db90a3c14f6036bb5690ab7194a06fb467,40571126,UNKNOWN_REQUIRES_RPC,False,v2/contract_deployments/contract_deployments_29000000_30000000.parquet,3255e78e345aff80bfd6dfc7d760f4bda3a96fce4225cc3e128ce3d21ff32822,e2435bab7e06c1134dcd18cfcc036ebcc05bf9467e6c0cdf6fd5cac82f118b12,00042bdde80f3aa88f11be38f5427491a85651b1e8571ca693f706ed3249284b,36afcd09cb5acb249258334ae25482e20433528e0afc2336a160df4406045e73,RESERVE_CANDIDATE_REQUIRES_RPC_AND_PAIR_EVIDENCE,False,False,False,False
cellframe,bsc,56,2022-11-15T12:24:22Z,10,100,0x8e342059db8d55c6afb31f302a7a32de6c9b8b9e,56:0x8e342059db8d55c6afb31f302a7a32de6c9b8b9e,UNKNOWN_REQUIRES_RPC,-1,0x1142698fc781bb5a74efad6b8b06e1141a7ee72bb6db751b4b7b91c410cbf887,23068602,UNKNOWN_REQUIRES_RPC,False,v2/contract_deployments/contract_deployments_30000000_31000000.parquet,0d12ca90369256d040cf542c85f6ffcf446e4e3e8d19fd878d446ff8ed9337b7,3e584d62e5e90032cfaa03a0f6bb8220ff9b61a2ef5e8972c3e253de6218c0ab,000046d1a27e0bf7c872672109cea4de93f4b1b1d7b241db75448ae0ace345f7,85efcc94f72543f4fcc7c4fb9e6761bc6a89973e81d7545e395fb27f96d39576,RESERVE_CANDIDATE_REQUIRES_RPC_AND_PAIR_EVIDENCE,False,False,False,False
cfc,bsc,56,2023-05-30T13:12:14Z,10,100,0xead7f3972db2af16fb5b4481e76f5add744d8df6,56:0xead7f3972db2af16fb5b4481e76f5add744d8df6,UNKNOWN_REQUIRES_RPC,-1,0x97f5e35d0ae507d5e40fa57cd532d014b42a1b610c8213750cdc331b9c71260d,28596689,UNKNOWN_REQUIRES_RPC,False,v2/contract_deployments/contract_deployments_29000000_30000000.parquet,3255e78e345aff80bfd6dfc7d760f4bda3a96fce4225cc3e128ce3d21ff32822,005be5d7fc1ac022f30f499553bd389b69e92b01cf5435f1c7f05ad47aba929b,00003ec628742153ec0780c43b74f4c3d15fb8adbc6e9ce11f8f664e443778ee,c0370d53d09a6b8bc381cea36699afd6d87cde362efd21e57e35cfe686b4f95e,RESERVE_CANDIDATE_REQUIRES_RPC_AND_PAIR_EVIDENCE,False,False,False,False
cftoken,bsc,56,2022-04-09T16:53:35Z,1,10,0xd4f1dbf0b0a80027405e70b4cb37b4775de3ff33,56:0xd4f1dbf0b0a80027405e70b4cb37b4775de3ff33,UNKNOWN_REQUIRES_RPC,-1,0x74cc7ad8fcc8e77b2f12356d307b12082c0d25375d1face04cd33d9afd5d1a1c,16184326,UNKNOWN_REQUIRES_RPC,False,v2/contract_deployments/contract_deployments_31000000_32000000.parquet,1096c453513646713a3b6185edd15651bf3a9599e2e334ecd82bcf3c939ca722,2e5469c5c8b8cbb78abb466c64cc352bcb76bb2878975e7426a259c640455a9a,0000411aeb509070169d38cb491475002450ebe89bf63733141590727f9de383,f9d05d975c06c6bb7460138f57dc2ba55d3d516f6faa12b16e3835f12ec3d144,RESERVE_CANDIDATE_REQUIRES_RPC_AND_PAIR_EVIDENCE,False,False,False,False
chaingefinance,bsc,56,2024-04-12T08:16:02Z,7,70,0x6b165c05c77345eb20c733f35e80870673570631,56:0x6b165c05c77345eb20c733f35e80870673570631,UNKNOWN_REQUIRES_RPC,-1,0xbba7941ad66379cb4a0a27192904cd9c7647044f1f6b72d56c26141e773b25d1,37077287,UNKNOWN_REQUIRES_RPC,False,v2/contract_deployments/contract_deployments_30000000_31000000.parquet,0d12ca90369256d040cf542c85f6ffcf446e4e3e8d19fd878d446ff8ed9337b7,d0bfacf93ff7465e35eacefd4415d02f1c022ebff3311d23094650879e9bb87a,00006179fe95e0e6fe535dcf4b74d150fa13c13ee5b88e38faee1512447b92db,6b523c093e45ce2c8a2bbd5a279c462f8d48faa791da661e4a0c5f746e67b8b2,RESERVE_CANDIDATE_REQUIRES_RPC_AND_PAIR_EVIDENCE,False,False,False,False
crb2,bsc,56,2024-04-12T09:15:16Z,10,100,0x414d09a356eb7b9f7118ab4f81aa72f21d62d98a,56:0x414d09a356eb7b9f7118ab4f81aa72f21d62d98a,UNKNOWN_REQUIRES_RPC,-1,0x8ca73f994934ae72631dbe14cd69a723c2b0ec7fdc7f9333c2d958e999122946,36973091,UNKNOWN_REQUIRES_RPC,False,v2/contract_deployments/contract_deployments_29000000_30000000.parquet,3255e78e345aff80bfd6dfc7d760f4bda3a96fce4225cc3e128ce3d21ff32822,87ccb1076f998032a361f808f9cd2ffa1f74507da470c5f8c03ee8ec1604a564,0004ba91877be4a8b75b55320904f7f53902338e6ba6eeb063ff6c8235dd3111,ec942184d76fe9042155431869001c7065a9623c267156a5ec523150b102e745,RESERVE_CANDIDATE_REQUIRES_RPC_AND_PAIR_EVIDENCE,False,False,False,False
cs,bsc,56,2023-05-23T11:13:18Z,8,80,0x51c062fc04b0530c1ed4a8fd563d7b04ad51c4ea,56:0x51c062fc04b0530c1ed4a8fd563d7b04ad51c4ea,UNKNOWN_REQUIRES_RPC,-1,0xacc5a91087392fcdc3eee41626a17d4bea992573a167f557eb4f2a407fe6732a,27749295,UNKNOWN_REQUIRES_RPC,False,v2/contract_deployments/contract_deployments_31000000_32000000.parquet,1096c453513646713a3b6185edd15651bf3a9599e2e334ecd82bcf3c939ca722,a634c4cda619a91954df144366fe7386010bea2f102b03ebba6d2fa545b435f8,0001984fa67dfbf830f3dfe921977728b0c2003e5f6cde31b6a336def034a6a6,b485169b8a398c5cf7544b01a46e802b74e5468c77a129139c69e486820e53da,RESERVE_CANDIDATE_REQUIRES_RPC_AND_PAIR_EVIDENCE,False,False,False,False
dbw,bsc,56,2022-10-01T13:59:48Z,10,100,0x7d0d30666a958086cf472fd2e6b2caa1647cde8c,56:0x7d0d30666a958086cf472fd2e6b2caa1647cde8c,UNKNOWN_REQUIRES_RPC,-1,0x835b069f2507c5015290fa199f7a335cbfb72bd7f6422055b983c632e6e1791f,21304765,UNKNOWN_REQUIRES_RPC,False,v2/contract_deployments/contract_deployments_6000000_7000000.parquet,408541b1fff35d9d72eb413a63bd7e1ecdfd299daa7ca67b3c7185856aa6aef7,effac00d8e0b02edf25767b211a436d872d8b8232faf3c11e600226ed30c90fe,000223fb600dd879818d266008389e916070d5e9f6935d91b082b4dd7dad0ab7,1ab88937068baed91ed0be2c585636301316b764d8b9a371ab2d7f49a7f56aff,RESERVE_CANDIDATE_REQUIRES_RPC_AND_PAIR_EVIDENCE,False,False,False,False
ddcoin,bsc,56,2023-05-31T14:50:29Z,10,100,0xe2bea82633a91552471e4b837b7694911d9daf3a,56:0xe2bea82633a91552471e4b837b7694911d9daf3a,UNKNOWN_REQUIRES_RPC,-1,0x6264c7fd5b30e760b9ea8d69640d1bb3285cc9c651edc07ce065f023fba2d390,28220690,UNKNOWN_REQUIRES_RPC,False,v2/contract_deployments/contract_deployments_30000000_31000000.parquet,0d12ca90369256d040cf542c85f6ffcf446e4e3e8d19fd878d446ff8ed9337b7,431ac275c7af5c82a2198c54c2e7b9d09f4e087c5ecd8e4afcf137a060e2d3c7,0000e4e17d0b456bfced627a84f2be5af17c67d863f66f01ce3790ac70ffa633,1a48eaccbd7ef18a6342d83047e472366d546bad36eba9ab46d62e8e2eade6b3,RESERVE_CANDIDATE_REQUIRES_RPC_AND_PAIR_EVIDENCE,False,False,False,False
dfs,bsc,56,2022-12-10T12:31:23Z,9,90,0x28e88db4ebe09605ed5bcb84c730e515f3255008,56:0x28e88db4ebe09605ed5bcb84c730e515f3255008,UNKNOWN_REQUIRES_RPC,-1,0xdc5d70270c4ce799ed5d26fecef2d4f3171562b9176ebbbf3b3d2e7490e8520e,23416900,UNKNOWN_REQUIRES_RPC,False,v2/contract_deployments/contract_deployments_30000000_31000000.parquet,0d12ca90369256d040cf542c85f6ffcf446e4e3e8d19fd878d446ff8ed9337b7,4f6f063ae88f07b1d03271bd4edaeb704b3d5dd7621b97748e315fb5a598f94d,00090d5a1fce43a69450925a08f14d2693bfd2665afc19e3dff55fc4a7e1363a,377bfd641b247f21eff3c0f8a4a94b64d88a52fa71d3cf6e390bef8725b2f402,RESERVE_CANDIDATE_REQUIRES_RPC_AND_PAIR_EVIDENCE,False,False,False,False
dpc,bsc,56,2022-09-08T09:14:56Z,10,100,0x92db8da0dfbdbe9815f24fc2aad1bc920e474b1c,56:0x92db8da0dfbdbe9815f24fc2aad1bc920e474b1c,UNKNOWN_REQUIRES_RPC,-1,0xa416cedaabd5f27b81865adbc081a45b796d7697d4f917d1a3783c18c385b17e,20311753,UNKNOWN_REQUIRES_RPC,False,v2/contract_deployments/contract_deployments_29000000_30000000.parquet,3255e78e345aff80bfd6dfc7d760f4bda3a96fce4225cc3e128ce3d21ff32822,c48085cb9eae5c34af3780bfff2be6865437fd9adf26cca358785bdfe40b03e5,0000d292915ab1f12e319cd8d8bb924e8114a07a152fac86e77d26efd906191a,6e45f483befe52bd89566525f5652cca83cfeffa49cbb55d251f04609f1a082b,RESERVE_CANDIDATE_REQUIRES_RPC_AND_PAIR_EVIDENCE,False,False,False,False
dualpools,bsc,56,2023-02-06T01:21:18Z,9,90,0xe2717841397e5b6fa70718729a2aaef274006840,56:0xe2717841397e5b6fa70718729a2aaef274006840,UNKNOWN_REQUIRES_RPC,-1,0xd9970f908e30cd721818e6925442478baaab60ec6bb69fd22816297b290a4f36,24977322,UNKNOWN_REQUIRES_RPC,False,v2/contract_deployments/contract_deployments_7000000_8000000.parquet,54cb1c23725d5765da58c76ee4eb73bb326370e440cb6baab9e8463544906967,717b78e007954e168b3b2714a8c29759ce86ad3c452be3fff11e9b83be15c615,000086654b1ab7111f0d92e5b3274a60453cded248cddd6f274abcee0e843d8d,2e14c9e5d16a35d55fdebc8a2755cca51b0b38615672f905f9304af7d2d11b9a,RESERVE_CANDIDATE_REQUIRES_RPC_AND_PAIR_EVIDENCE,False,False,False,False
dyna,bsc,56,2023-02-02T12:23:49Z,10,100,0xb994152b9c6dabdf1997ae2b8e4aef34c08f8740,56:0xb994152b9c6dabdf1997ae2b8e4aef34c08f8740,UNKNOWN_REQUIRES_RPC,-1,0x39babec335388c56a86ff1a1dec0c3ad8082be4e5acaeaf84121a297f4872f22,24920943,UNKNOWN_REQUIRES_RPC,False,v2/contract_deployments/contract_deployments_7000000_8000000.parquet,54cb1c23725d5765da58c76ee4eb73bb326370e440cb6baab9e8463544906967,0849177dd9d7bf8cef0739215bfcf869aaa318dce9af093ab6b5382b33aac320,000259edc38d4700e29fee9c186a1f3ae3e911041b5e584b342bbdd8ac521a9e,4b1ca05864ef8f205e99e77dcfed412e95139ffd639a63370165450cbcd3d88c,RESERVE_CANDIDATE_REQUIRES_RPC_AND_PAIR_EVIDENCE,False,False,False,False
eac,bsc,56,2023-01-17T16:24:05Z,9,90,0x139fcbf6f910f070b72a18dc1c2943709bcfdea5,56:0x139fcbf6f910f070b72a18dc1c2943709bcfdea5,UNKNOWN_REQUIRES_RPC,-1,0xbc4cb1ec407f76f6d3c4d5a3079688f85ecbd14c24a0aa02f5daf41b3726a908,24185702,UNKNOWN_REQUIRES_RPC,False,v2/contract_deployments/contract_deployments_7000000_8000000.parquet,54cb1c23725d5765da58c76ee4eb73bb326370e440cb6baab9e8463544906967,f2fcd80628a72d42687d96ab8a9296f0e80b60665822ed08438b24fc70b26654,00011284961bc66aa1cd5aa4c18981ef7689c707107fa6f7e21d90f2b4a8e977,9ec0e8a4be41bab5d821f2d08a29d94dfd5ab569105ca10ae51703a322f73f97,RESERVE_CANDIDATE_REQUIRES_RPC_AND_PAIR_EVIDENCE,False,False,False,False
egd_finance,bsc,56,2022-07-29T06:50:26Z,9,90,0x155ea34959de632e772022a0d47a3450c03d88a5,56:0x155ea34959de632e772022a0d47a3450c03d88a5,UNKNOWN_REQUIRES_RPC,-1,0xb95f34376741f2b525ea0d38fc9a4288d0b8ed457786263668a18e814f2e0b55,19279347,UNKNOWN_REQUIRES_RPC,False,v2/contract_deployments/contract_deployments_6000000_7000000.parquet,408541b1fff35d9d72eb413a63bd7e1ecdfd299daa7ca67b3c7185856aa6aef7,ba6432f7a3999859dcc3a402c9af2206415fe9f5d6cf15a648819bd725584cee,000151779c7347516743382305b435ec72c176dcde631ea01a7d57ed7e681960,e294af82f279ed36577b46b992906aef87d6d8932205355dac6791b7194bc41b,RESERVE_CANDIDATE_REQUIRES_RPC_AND_PAIR_EVIDENCE,False,False,False,False
est,bsc,56,2026-03-21T12:57:01Z,10,100,0xbaa42af1ea6022da53f5e1d004f1cfdb67ec7b07,56:0xbaa42af1ea6022da53f5e1d004f1cfdb67ec7b07,UNKNOWN_REQUIRES_RPC,-1,0x5523d61ef428043e518be40fd2a9165edc760cd27a0ce941fb8b753a82260518,87111696,UNKNOWN_REQUIRES_RPC,False,v2/contract_deployments/contract_deployments_30000000_31000000.parquet,0d12ca90369256d040cf542c85f6ffcf446e4e3e8d19fd878d446ff8ed9337b7,44869c8c86ce5ae9227c0097ec2b55dde88dc117b043570c1ff2d47d1301ee26,0000d544598ffa74b1f60c0543179eaf1251bf0b88cf248032a6f93a729691b2,6734fd2ca547ad6ef4601049337ca0ca0543cdbf46b32b3e1b3e6a635a370263,RESERVE_CANDIDATE_REQUIRES_RPC_AND_PAIR_EVIDENCE,False,False,False,False
ethfin,bsc,56,2021-10-28T06:21:03Z,3,30,0x0a033554086b1d6e7b740197903bea36bfbb3a1a,56:0x0a033554086b1d6e7b740197903bea36bfbb3a1a,UNKNOWN_REQUIRES_RPC,-1,0x85e2f6680be64d8ae1727b30eaa8cd28ccfb7438147ee24e6ac5125574e196b5,12105527,UNKNOWN_REQUIRES_RPC,False,v2/contract_deployments/contract_deployments_30000000_31000000.parquet,0d12ca90369256d040cf542c85f6ffcf446e4e3e8d19fd878d446ff8ed9337b7,924e55068c628418f47cabe9f9569d5828776cdb84d7aa2ff8d3059ab6a1a4dd,0005371e3f5f9eb6209404af912bcf5bdd35835a7d59fe5f71c748d325e3ede3,461756c48ec9419588f65c3c6d30da9bc5cfd9f9e7e5c93de4a2d0e5d3c79cf6,RESERVE_CANDIDATE_REQUIRES_RPC_AND_PAIR_EVIDENCE,False,False,False,False
excommunity,bsc,56,2024-05-16T08:19:02Z,5,50,0x48fdf55abe6aa84ae1c784648bde339a8feca3c5,56:0x48fdf55abe6aa84ae1c784648bde339a8feca3c5,UNKNOWN_REQUIRES_RPC,-1,0x1a1093f0392a8f37c0275ccdda8094864e7e35654d9d057cb2e53bce0d961f02,37881441,UNKNOWN_REQUIRES_RPC,False,v2/contract_deployments/contract_deployments_29000000_30000000.parquet,3255e78e345aff80bfd6dfc7d760f4bda3a96fce4225cc3e128ce3d21ff32822,e0d47eabbb236851685ffc86f14e6868d2b704d1fe312591f9d42894aff41eec,0003805500eafd3176cc52d431fa8cc5c7ca21db28367ea2cbe1d961db6295e9,f5329c717e5d2cd2fbce4b34cf7f3288f242d303f7f2594ddd9a638beb6f12fc,RESERVE_CANDIDATE_REQUIRES_RPC_AND_PAIR_EVIDENCE,False,False,False,False
fdp,bsc,56,2021-06-06T15:32:33Z,10,100,0x348a36cf3b139927b8efa12bee0721eaeca8ebf4,56:0x348a36cf3b139927b8efa12bee0721eaeca8ebf4,UNKNOWN_REQUIRES_RPC,-1,0xa59eab1b7143528d4c954612d576fdff6238b4a903b81a4234baf2eb9d3dc3f2,7806251,UNKNOWN_REQUIRES_RPC,False,v2/contract_deployments/contract_deployments_31000000_32000000.parquet,1096c453513646713a3b6185edd15651bf3a9599e2e334ecd82bcf3c939ca722,5dbf1798e52ab20db6e38fcbf88de3c2a51a22807b4df69fa030b357cda1c893,0001c59d270954b627307bfe9794296ffb7869623cccb9498e603b9132deeed4,524f18771a08feab0349e380fd5a3b7892eadb30005c8a2aa8bffec017d8d9e4,RESERVE_CANDIDATE_REQUIRES_RPC_AND_PAIR_EVIDENCE,False,False,False,False
ffist,bsc,56,2023-05-28T04:36:01Z,10,100,0x38f0b9ddec18b2abdaddd4c23ee53108f0629138,56:0x38f0b9ddec18b2abdaddd4c23ee53108f0629138,UNKNOWN_REQUIRES_RPC,-1,0x5ab2f87a0d8da8b4b40960587c66fac783670e39b6b1b8ec6902898e69014bdb,28566632,UNKNOWN_REQUIRES_RPC,False,v2/contract_deployments/contract_deployments_30000000_31000000.parquet,0d12ca90369256d040cf542c85f6ffcf446e4e3e8d19fd878d446ff8ed9337b7,98d32fee7ea66a73d661c5c49cd3a51347e5ffd71cf4eb747d36531e993122a5,0000aaa7e919e8b31394d866a283764bcabf171bb0114965e5c9a3fc76cc229c,540980aeb0d258f8cb6e6d3faf4a8fa3c2eafbf040422ad9e2e0feb2e9af7f9a,RESERVE_CANDIDATE_REQUIRES_RPC_AND_PAIR_EVIDENCE,False,False,False,False
fpc,bsc,56,2025-07-01T14:56:21Z,10,100,0x2cc7b0357883e0738e84be4b93495eee071cbbe5,56:0x2cc7b0357883e0738e84be4b93495eee071cbbe5,UNKNOWN_REQUIRES_RPC,-1,0x073578cdb7c4f24256534d92aa6e97160b098c4800039c0fe7af9aae33447961,51780881,UNKNOWN_REQUIRES_RPC,False,v2/contract_deployments/contract_deployments_6000000_7000000.parquet,408541b1fff35d9d72eb413a63bd7e1ecdfd299daa7ca67b3c7185856aa6aef7,726cf6d3f1d573fc948c90073e1c9fd9b709026a7f4a4568f664a2605e117cf0,0001930d3127c50c486ccbc925371d9142fd3ec992ef0a270f8dc50083209a29,24119c346781f37d99c5de32464ae3c99b421a2bb948dd41995011962def8d12,RESERVE_CANDIDATE_REQUIRES_RPC_AND_PAIR_EVIDENCE,False,False,False,False
gangsterfinance,bsc,56,2021-07-01T00:03:43Z,10,100,0x0477ca9158fd399964d3b34fe81bd6b5b69cd0cf,56:0x0477ca9158fd399964d3b34fe81bd6b5b69cd0cf,UNKNOWN_REQUIRES_RPC,-1,0x66eb55e9fccbd5f5fb7a1747498bdfff035e83eca967221cdce6552de66e9a9b,8452102,UNKNOWN_REQUIRES_RPC,False,v2/contract_deployments/contract_deployments_30000000_31000000.parquet,0d12ca90369256d040cf542c85f6ffcf446e4e3e8d19fd878d446ff8ed9337b7,58a45443b96bd647d089769ffab77a98c612a9604b9357306f445efc14093774,00001aad3654a0f1c37e703784311334fa02162d084a5663ea3fc0f65a52f365,dbe8550838f1ac00f05c70a4cba92ffbb0d4d50358ccf09628da9cff7443dbf6,RESERVE_CANDIDATE_REQUIRES_RPC_AND_PAIR_EVIDENCE,False,False,False,False
gds,bsc,56,2022-12-05T06:21:07Z,10,100,0xfa23cdc1864bfea7f61d9ac948e658053810c7c2,56:0xfa23cdc1864bfea7f61d9ac948e658053810c7c2,UNKNOWN_REQUIRES_RPC,-1,0xd0b0a219fba6a19944cddfc9e45997b398da9c8adf2b39fe3e18394a53a994db,23481691,UNKNOWN_REQUIRES_RPC,False,v2/contract_deployments/contract_deployments_29000000_30000000.parquet,3255e78e345aff80bfd6dfc7d760f4bda3a96fce4225cc3e128ce3d21ff32822,afd2c93f726a8bba64d9e32ede6eb75ead6dc39b0fa1b16f5e2706ef214864a1,0000c2138835a5b83d66e60f599c7a99d78a6636e79b164e2cde47819eb1e601,1365f24fb2058fce840fc8717a1195652fab728e6fe2027829732aa17e471ca5,RESERVE_CANDIDATE_REQUIRES_RPC_AND_PAIR_EVIDENCE,False,False,False,False
grizzifi,bsc,56,2025-08-13T06:24:07Z,10,100,0xc937a4e90110531350372904ee625f1b6af6b5be,56:0xc937a4e90110531350372904ee625f1b6af6b5be,UNKNOWN_REQUIRES_RPC,-1,0x9fd05f4d46b14dd06c731082c7eb4655db58e1ea67f07d2b3bbde20f0d941e39,55813898,UNKNOWN_REQUIRES_RPC,False,v2/contract_deployments/contract_deployments_30000000_31000000.parquet,0d12ca90369256d040cf542c85f6ffcf446e4e3e8d19fd878d446ff8ed9337b7,7035bced45f4077204e0345302716b662eaf6c43a2780ca4eea01172a74ed215,000106712fa3c853d7ad62956b71426d833c90d94dc8d2e8426efc5eadd6bb72,09ef4bfe9f75171f0ffad7a6835fa7cb3464ac182fb79822a6e2a7cc5359c349,RESERVE_CANDIDATE_REQUIRES_RPC_AND_PAIR_EVIDENCE,False,False,False,False
gym_1,bsc,56,2022-03-25T11:11:01Z,8,80,0x0814feb2cb21593d060b88e60a2d1fa86b78de8c,56:0x0814feb2cb21593d060b88e60a2d1fa86b78de8c,UNKNOWN_REQUIRES_RPC,-1,0xa0283038a661511527d977892454847cf2835280286cddd1f8e4ff0fc999842b,16164339,UNKNOWN_REQUIRES_RPC,False,v2/contract_deployments/contract_deployments_6000000_7000000.parquet,408541b1fff35d9d72eb413a63bd7e1ecdfd299daa7ca67b3c7185856aa6aef7,18dc72cbe0f3603a05c2582e562aa77fe62c9f2e016bfdef34c18b28401e2e4a,00025bc162dc8862f0dc6888b64526e95c5f4c3cce5c96cc91e6fa561dde845d,984951532c80c7dcde93c841dbe0fd292829b0ba3c50000b48785ad04c3b0c98,RESERVE_CANDIDATE_REQUIRES_RPC_AND_PAIR_EVIDENCE,False,False,False,False
hct,bsc,56,2023-09-04T23:16:17Z,10,100,0x67fd34f67237033ab355401b3f8ed534d787f84c,56:0x67fd34f67237033ab355401b3f8ed534d787f84c,UNKNOWN_REQUIRES_RPC,-1,0xae041f9dfc3e31b39a664b03a0890c89bff8942868a436be9eb400abd7e0438c,31303397,UNKNOWN_REQUIRES_RPC,False,v2/contract_deployments/contract_deployments_31000000_32000000.parquet,1096c453513646713a3b6185edd15651bf3a9599e2e334ecd82bcf3c939ca722,3f4b49eeb4d31e48c52acd83a28e3911c343355f5ad51d6d06c76047ffd4f69a,0001bf6ca36caf3efe6fcf42cd6f50887dca2efbb3b13693673042b00c3313a2,7d5ec4e5c53585e85307a7637dc9f55f7de50b17a6eda9c55626ae92b1422251,RESERVE_CANDIDATE_REQUIRES_RPC_AND_PAIR_EVIDENCE,False,False,False,False
health,bsc,56,2022-09-04T14:53:04Z,10,100,0x48927ecc9c79402824e8ee2e4881b31cfef5c5f8,56:0x48927ecc9c79402824e8ee2e4881b31cfef5c5f8,UNKNOWN_REQUIRES_RPC,-1,0x0ecfcb86624654873ca3bbc0cfd1d215cdc56c86b176b7a1718f9a73820d194a,20437941,UNKNOWN_REQUIRES_RPC,False,v2/contract_deployments/contract_deployments_29000000_30000000.parquet,3255e78e345aff80bfd6dfc7d760f4bda3a96fce4225cc3e128ce3d21ff32822,f2a609842afa9b404d1e77312b325e6aa6be0f42df5d1339ccad8adfb0fac071,000319da6ea0f98e9a348a6b96bd395c84ffa8a1002d1df5504f2a81e83e53ea,d83aebe63056cbe7699f391792b608c3806120444f48c4bfaaad98e480faf141,RESERVE_CANDIDATE_REQUIRES_RPC_AND_PAIR_EVIDENCE,False,False,False,False
hydt,bsc,56,2024-01-06T10:22:37Z,7,70,0x319943a2715fc8a962aa7daeae40f5a3135aa835,56:0x319943a2715fc8a962aa7daeae40f5a3135aa835,UNKNOWN_REQUIRES_RPC,-1,0xb9ee7c62f97be74fc0eb3b331959af4920c9f6e6537af2f16e179648dcfbd63d,34271743,UNKNOWN_REQUIRES_RPC,False,v2/contract_deployments/contract_deployments_30000000_31000000.parquet,0d12ca90369256d040cf542c85f6ffcf446e4e3e8d19fd878d446ff8ed9337b7,d1cb2f23e84ffcee3496a29c922e9fd3f8bac3e29777c4bbb05e0418ac365d50,00007a74d8e2b9b2d9e85b2641982944af8bac5f2d9581d98d9d4399a4fd0ed0,be456a8e4d22f4153a3cbc617ab6c6b2929e545eb88dae29a8b4ed4ba274ffcf,RESERVE_CANDIDATE_REQUIRES_RPC_AND_PAIR_EVIDENCE,False,False,False,False
incufi,bsc,56,2024-05-17T16:10:07Z,10,100,0x224197969ab3d268c5ea1576e847ac4d78b8bc4d,56:0x224197969ab3d268c5ea1576e847ac4d78b8bc4d,UNKNOWN_REQUIRES_RPC,-1,0xbecbd61c42fc932e653f5ff4f5333bc6ecfb6b2739db78a55e51e53caf84b3a1,38092462,UNKNOWN_REQUIRES_RPC,False,v2/contract_deployments/contract_deployments_31000000_32000000.parquet,1096c453513646713a3b6185edd15651bf3a9599e2e334ecd82bcf3c939ca722,329bb773da067540398b77a0f1add85ae5cde27c3f02816575180ed1439172cf,0004314046349ea947ea51dbbe42229ff8ce80f0d7c9384f8145bb4d4da1930b,aa7cc3f3170d09b6a5436499afa303b9b12e66e17b85934f9b08e138b81842fd,RESERVE_CANDIDATE_REQUIRES_RPC_AND_PAIR_EVIDENCE,False,False,False,False
inuko,bsc,56,2022-10-04T07:15:49Z,10,100,0x24b89b8e80bf21c8f67f310f838d146baca71685,56:0x24b89b8e80bf21c8f67f310f838d146baca71685,UNKNOWN_REQUIRES_RPC,-1,0xcad609e3dce2a11084011da4eca5242daaee261236a3f09f0d54133c607e312a,21644100,UNKNOWN_REQUIRES_RPC,False,v2/contract_deployments/contract_deployments_31000000_32000000.parquet,1096c453513646713a3b6185edd15651bf3a9599e2e334ecd82bcf3c939ca722,10c99c80bf11986e659f50ffe81c6696dde43b567c4e129bb5141edcc7247716,0001a7912fe0aff26c7941a5a2571b6176b09b1db6e900d5557095f805e72101,ffc488513a62db7f2cecd113f8a853513cbffd0f65bd8915a36cf01b7c5a7188,RESERVE_CANDIDATE_REQUIRES_RPC_AND_PAIR_EVIDENCE,False,False,False,False
ipc,bsc,56,2025-01-01T05:17:05Z,10,100,0x46b91f87d9846a774f543178c03974a619fad831,56:0x46b91f87d9846a774f543178c03974a619fad831,UNKNOWN_REQUIRES_RPC,-1,0x7f544da2a1abc0a5a4d6bf7d0afc1ab9c5bab292f4630212e0f6c2d6cdce9b4e,44547307,UNKNOWN_REQUIRES_RPC,False,v2/contract_deployments/contract_deployments_29000000_30000000.parquet,3255e78e345aff80bfd6dfc7d760f4bda3a96fce4225cc3e128ce3d21ff32822,ab07c524dc27430ab4363bd6ac532d41d9228566b2d1efd695aac01a63af2773,00010bd364a838309fd0aee6e5dc5903f8c1559f4d5772394f2fb3d957fb0199,e65769e52a08d36ab7faad0ae45bf0ef097ed9bb3db37c7f6e1518b3aae521b0,RESERVE_CANDIDATE_REQUIRES_RPC_AND_PAIR_EVIDENCE,False,False,False,False
it,bsc,56,2024-03-10T20:56:42Z,10,100,0x4046ac3367a013c1c51ac4fa246b392cec921f20,56:0x4046ac3367a013c1c51ac4fa246b392cec921f20,UNKNOWN_REQUIRES_RPC,-1,0xa88423e6609ea9634051a77b98ba59a6b810fd263fc3e6b7efec2d8619de6b15,36102990,UNKNOWN_REQUIRES_RPC,False,v2/contract_deployments/contract_deployments_29000000_30000000.parquet,3255e78e345aff80bfd6dfc7d760f4bda3a96fce4225cc3e128ce3d21ff32822,404681d7be2fdf1f8b1b2a73e2cdd842d8efe3094d69130675d5f9e7732b4c85,00024956399cc74970f73b2650e67074fd01479f8a203078dac468bbb1b7e97f,a03716ea873e07577ca6e3ad2f5db438424f3f71ac67187d2da027f3f835a858,RESERVE_CANDIDATE_REQUIRES_RPC_AND_PAIR_EVIDENCE,False,False,False,False
ivestdao,bsc,56,2024-06-16T22:16:43Z,10,100,0xeb28b58b7b84fc4affbd1fb6c9f8a2c6232b4a44,56:0xeb28b58b7b84fc4affbd1fb6c9f8a2c6232b4a44,UNKNOWN_REQUIRES_RPC,-1,0x8bee3fafce32a830e008ec55a5051b07554b8900b287a5483ef779cf255042e0,39003450,UNKNOWN_REQUIRES_RPC,False,v2/contract_deployments/contract_deployments_29000000_30000000.parquet,3255e78e345aff80bfd6dfc7d760f4bda3a96fce4225cc3e128ce3d21ff32822,b20bd0a761c8f70183144e87f19273053a0fd8d3ff87d5bfa1bf79b145e4cc26,0004b04aee9e6d59dd7fee6ba6a57a35abac53d1c7479d020b19a16ab21aadb6,1e0f65910d3bed3224b5a8e8213707e220a208291d5396b6a1b5135e24d9587a,RESERVE_CANDIDATE_REQUIRES_RPC_AND_PAIR_EVIDENCE,False,False,False,False
j_pulsepot,bsc,56,2023-06-18T02:08:38Z,10,100,0x88e102a6caa413b94002e62f5d2d0b49c0d9c8c7,56:0x88e102a6caa413b94002e62f5d2d0b49c0d9c8c7,UNKNOWN_REQUIRES_RPC,-1,0x2265275c60c586233546b9e6a8391c84044c979f373bd9909e5e993c7d4b9493,29077025,UNKNOWN_REQUIRES_RPC,False,v2/contract_deployments/contract_deployments_30000000_31000000.parquet,0d12ca90369256d040cf542c85f6ffcf446e4e3e8d19fd878d446ff8ed9337b7,65a2fc60b896252ca3845bea5a814516f39ed172afbbe51ab62cb91b3138f523,0003a71f3a837a32aacca5ac75a88c07fa69168cc5845aa6d522b5ecfd92ef51,0e00e730c8ae4673edce3ba86969c238c710e9d61922fe65d1883c11ccbcd0fc,RESERVE_CANDIDATE_REQUIRES_RPC_AND_PAIR_EVIDENCE,False,False,False,False
julswap,bsc,56,2020-09-21T19:01:43Z,10,100,0x2b8c4ad8053b7933cfde936f16abc55bb5f694c6,56:0x2b8c4ad8053b7933cfde936f16abc55bb5f694c6,UNKNOWN_REQUIRES_RPC,-1,0x48c3562aa939b22ef91f89642d2fc56236a7ec140d807403355232233d8b2d4c,650873,UNKNOWN_REQUIRES_RPC,False,v2/contract_deployments/contract_deployments_31000000_32000000.parquet,1096c453513646713a3b6185edd15651bf3a9599e2e334ecd82bcf3c939ca722,a8c91898c1a9595ff3573d43a978065dd71a2aac2c3e9cdf82a8e9f2f9eb4444,06334ffe7fc301bcd5f8bfae3063ac6548e783a2ab606512b7c00b439013ca43,55f78c797701756c86f0673050ae063aa7112c5567843a7637245f5120421b45,RESERVE_CANDIDATE_REQUIRES_RPC_AND_PAIR_EVIDENCE,False,False,False,False
kub_split,bsc,56,2023-09-20T07:19:55Z,10,100,0x2eaf9aa55ed21761f584d651c2769cb1504acbc2,56:0x2eaf9aa55ed21761f584d651c2769cb1504acbc2,UNKNOWN_REQUIRES_RPC,-1,0xd40cf04960375592d91538c1e05713867c586acc3384941abd21a95a5c77d2a9,31522117,UNKNOWN_REQUIRES_RPC,False,v2/contract_deployments/contract_deployments_31000000_32000000.parquet,1096c453513646713a3b6185edd15651bf3a9599e2e334ecd82bcf3c939ca722,a6e38e0d0c0740ad3a47be1ac6d14661191758203f08303becbb1b8281b8ed83,0003b496fc076e2860eacd10bd18f3873a21d4702ae5b579b6cff9e2fbc7eeb7,8012505aa56878123fe8319aec93d5355a6d3d4c6657096d616d45385431dd60,RESERVE_CANDIDATE_REQUIRES_RPC_AND_PAIR_EVIDENCE,False,False,False,False
laeeb,bsc,56,2022-05-27T03:37:33Z,8,80,0xd835c2ad559659e6d2206953df44dc080f265f7d,56:0xd835c2ad559659e6d2206953df44dc080f265f7d,UNKNOWN_REQUIRES_RPC,-1,0xc78f1eedb9ef6ef96d5e4f81020fd6439ea2be437242ddbd09ceab27c5a3c416,17542274,UNKNOWN_REQUIRES_RPC,False,v2/contract_deployments/contract_deployments_30000000_31000000.parquet,0d12ca90369256d040cf542c85f6ffcf446e4e3e8d19fd878d446ff8ed9337b7,bf35fa1fa4d13d08680222d3dab5b6a145b6a8f1e3864666003295616ce91ad0,000006052ffe1e9b0af2a8b39ac7caa2544e891c8f1c39950c9463ce75e558ed,052accd4f66ebe7869580b4839bffa27fb2013e10cc0caa4132ac40cb11928b8,RESERVE_CANDIDATE_REQUIRES_RPC_AND_PAIR_EVIDENCE,False,False,False,False
laxo_token,bsc,56,2026-02-13T17:23:21Z,6,60,0x99ffb13f5f49e08084cd07d63178524eb68b6b62,56:0x99ffb13f5f49e08084cd07d63178524eb68b6b62,UNKNOWN_REQUIRES_RPC,-1,0x228252fb6ef9fdbcfb6780fa06d4aeb3cb99ae9d2f82f6192d43fc9e4db69537,76342759,UNKNOWN_REQUIRES_RPC,False,v2/contract_deployments/contract_deployments_31000000_32000000.parquet,1096c453513646713a3b6185edd15651bf3a9599e2e334ecd82bcf3c939ca722,15f6616eb02eabb64b1125d502ee9956f33fbabdb577a5f242ee4e384fe89cd4,00011e9c541f5d17a33ff42a10aaa461163b0b219a430723db70f5cfbde6c553,6abcb582db734c86ee786a17e00ab466e382999791480d6ce2a45e64f48fd5a3,RESERVE_CANDIDATE_REQUIRES_RPC_AND_PAIR_EVIDENCE,False,False,False,False
lifeprotocol,bsc,56,2025-01-17T16:06:16Z,10,100,0x73ca6931cd9c6415f15d9b4e6fc7e8a9f3923329,56:0x73ca6931cd9c6415f15d9b4e6fc7e8a9f3923329,UNKNOWN_REQUIRES_RPC,-1,0xa29499869d4cf0401efd0e29d7a6aa63f6f8376918e903a681ac0003b64af44c,45297421,UNKNOWN_REQUIRES_RPC,False,v2/contract_deployments/contract_deployments_30000000_31000000.parquet,0d12ca90369256d040cf542c85f6ffcf446e4e3e8d19fd878d446ff8ed9337b7,702d7c45f36ab9935bb610e8b1913682c72f9402c12066455bc22eaccc0a4aa9,0003fed4d2932a580fe32929481aeb68f18f820a6f3168ad8aa73dbc8737e98e,bda0dd5ced76393900554cfa9698671cd0d2ebabcfdd37378a1f9c50bf87246c,RESERVE_CANDIDATE_REQUIRES_RPC_AND_PAIR_EVIDENCE,False,False,False,False
liquiditytokens,bsc,56,2023-03-25T17:38:38Z,9,90,0xfecfedb11728fa0e655a0ce92af8a9d318b74438,56:0xfecfedb11728fa0e655a0ce92af8a9d318b74438,UNKNOWN_REQUIRES_RPC,-1,0x27f6f0c150d55b5eb35fd27c12b8c1fd15cf58cf0c7f917b687f4061250b8dbe,26363487,UNKNOWN_REQUIRES_RPC,False,v2/contract_deployments/contract_deployments_7000000_8000000.parquet,54cb1c23725d5765da58c76ee4eb73bb326370e440cb6baab9e8463544906967,4c61701113a024c43867e2f623136f2c5fc90e0ce14ed4094fd609dbdebabda1,000932c805de1c1b215a784125202cbc985410bce118227887a2364b52252d6b,40d9fa7eaa2dc102c2cb89ece41805ceafdddd9fb7f68c2f47e8212d83b1f624,RESERVE_CANDIDATE_REQUIRES_RPC_AND_PAIR_EVIDENCE,False,False,False,False
lp_mine,bsc,56,2025-01-03T05:35:11Z,10,100,0xc1aa8a1c4ee1c734d1b6bea91c106adb4ac74a56,56:0xc1aa8a1c4ee1c734d1b6bea91c106adb4ac74a56,UNKNOWN_REQUIRES_RPC,-1,0xf785deab79113a4b19e19330e2f2ed417b83bbe08db603a49549c34c521013e1,44934385,UNKNOWN_REQUIRES_RPC,False,v2/contract_deployments/contract_deployments_30000000_31000000.parquet,0d12ca90369256d040cf542c85f6ffcf446e4e3e8d19fd878d446ff8ed9337b7,11746fc7c735842b9c8b24ad62605d86d2dbd76b5226ffaf97c9776e268dcba0,00037aedc801332095ec5b316b8e505cfa2e32f92cd62ebb6cd1f50e115a7319,5fe62a6283c4fccec8d2d2ac9d6aa3f39cd8ed4c687cd8fcb764db6524c82819,RESERVE_CANDIDATE_REQUIRES_RPC_AND_PAIR_EVIDENCE,False,False,False,False
lpc,bsc,56,2022-03-15T12:41:22Z,4,40,0x8bfac2a8ab4ced2888c4fadf9b656ab18ec4c7e6,56:0x8bfac2a8ab4ced2888c4fadf9b656ab18ec4c7e6,UNKNOWN_REQUIRES_RPC,-1,0x9f29354d665e8537d2113a2f9cdfd5c303100c75d4a4d69b4de2df93ca70746d,15902083,UNKNOWN_REQUIRES_RPC,False,v2/contract_deployments/contract_deployments_29000000_30000000.parquet,3255e78e345aff80bfd6dfc7d760f4bda3a96fce4225cc3e128ce3d21ff32822,8805e7a8edec552bfb29811587f1b7b1549b8ca252c327a905347207fb182a39,00001da3633ee0ccd0fe34da1e309da6fe6b98bf87b06ccb82b7ced785fd172a,6842863d62ff294d30f1de88ce0766f1562bb3854f9f88ae0281ce5d67844b05,RESERVE_CANDIDATE_REQUIRES_RPC_AND_PAIR_EVIDENCE,False,False,False,False
lusd,bsc,56,2023-06-13T09:35:18Z,10,100,0xd193a6d8b0340376d9d792ebdba4ce9781f25f6f,56:0xd193a6d8b0340376d9d792ebdba4ce9781f25f6f,UNKNOWN_REQUIRES_RPC,-1,0xcc199d508c2c2a7086f4481d254f781b0c7aa4a6455bd26982d36a7e3326d682,28429462,UNKNOWN_REQUIRES_RPC,False,v2/contract_deployments/contract_deployments_7000000_8000000.parquet,54cb1c23725d5765da58c76ee4eb73bb326370e440cb6baab9e8463544906967,3fd474e347cb5304d5c6051c22d9a7cd9d61b66719e19f526523a45b9446295f,00025b7bd914c0f41dc540928c3444ad8079c059bcd1633831c2c930073b8e0b,66dc8a73adc4db2c1ffb8675d72260dd8412f8f95a3b71b4c1c7a7bf0ac2fe57,RESERVE_CANDIDATE_REQUIRES_RPC_AND_PAIR_EVIDENCE,False,False,False,False
lw,bsc,56,2023-05-04T05:20:17Z,7,70,0xc2f33e81fef1f4171649a971ac56930f98229c99,56:0xc2f33e81fef1f4171649a971ac56930f98229c99,UNKNOWN_REQUIRES_RPC,-1,0x08e7d7168b1bcf1c44feaa409ea18f9f78470f15a0a5194bf2411fa65a62a25c,27430641,UNKNOWN_REQUIRES_RPC,False,v2/contract_deployments/contract_deployments_30000000_31000000.parquet,0d12ca90369256d040cf542c85f6ffcf446e4e3e8d19fd878d446ff8ed9337b7,7ad2656301a9972ec5b9a53e84a953f0aa1a51da8cb7cb04a9a0a2c05e9e9d9a,000029228a285c1d5dbbd63f97e74e3cfddbd55484936c32717886c18b5f6670,f8c9e7603e1b1c51a0e2cd8b65865ac244481396c566ce53a4663e7c7ee7df79,RESERVE_CANDIDATE_REQUIRES_RPC_AND_PAIR_EVIDENCE,False,False,False,False
mbc_zzsh,bsc,56,2022-07-31T14:14:34Z,10,100,0x9abc140bf2ebde809063c9735664bed20c7b6872,56:0x9abc140bf2ebde809063c9735664bed20c7b6872,UNKNOWN_REQUIRES_RPC,-1,0x12d40e42248ac7b1fa3c4c79632c0c9fdd186d89933b1271408254239d50f07a,19827157,UNKNOWN_REQUIRES_RPC,False,v2/contract_deployments/contract_deployments_30000000_31000000.parquet,0d12ca90369256d040cf542c85f6ffcf446e4e3e8d19fd878d446ff8ed9337b7,0ccd5b1cdf2b72ee84104b7bcaf3a48ab258b5ff3d62fe5a913516fea8b0a049,00007b531b195827a53fed9461a66a0e95e6f9c85e12e790946638d8bb216599,8a583e391b46e08e457fc9d555b17d15da97975c892e2fbfc261fa7c79bc8a2f,RESERVE_CANDIDATE_REQUIRES_RPC_AND_PAIR_EVIDENCE,False,False,False,False
metadragon,bsc,56,2024-05-04T06:22:10Z,10,100,0x70bfec29984427a2bf571145c30c4a1f539645cd,56:0x70bfec29984427a2bf571145c30c4a1f539645cd,UNKNOWN_REQUIRES_RPC,-1,0x38471ac77e101327d7ad2c18641e88e63023b698ec13132ff8dcceccbd4572ff,37728348,UNKNOWN_REQUIRES_RPC,False,v2/contract_deployments/contract_deployments_30000000_31000000.parquet,0d12ca90369256d040cf542c85f6ffcf446e4e3e8d19fd878d446ff8ed9337b7,cb79bf23abd4fb1544e6ea521dbc8b9801855b8756342534dff2fcaab602349f,0003bf3afc0afad8d82f53d4d29d8694890b828050db4071a122c19a3e3e9d0d,bb31e3d3e8ea101c7b827fb9bfe10a3be37c232c40952e0d4c82864ea56f9477,RESERVE_CANDIDATE_REQUIRES_RPC_AND_PAIR_EVIDENCE,False,False,False,False
mic,bsc,56,2023-12-29T12:54:15Z,10,100,0xd9caa15af23f47c5184ca0f5987a550cf2b17c88,56:0xd9caa15af23f47c5184ca0f5987a550cf2b17c88,UNKNOWN_REQUIRES_RPC,-1,0xc864b431325d51a80b46236f9da49c285dd8a30157125a9bebb256600fd7fda1,34171876,UNKNOWN_REQUIRES_RPC,False,v2/contract_deployments/contract_deployments_29000000_30000000.parquet,3255e78e345aff80bfd6dfc7d760f4bda3a96fce4225cc3e128ce3d21ff32822,ce4692289e3675ff8892824b4a52cb41023a869eface79b90821cf26878b1e6f,00019673273a2faf7fcab95108f6f58ab3030896e039a4782561ee7704e9c6db,f3fa9fa80f6026959a09a743901dbcd3ea2dba8a14377b1f7b91cb6c1150951b,RESERVE_CANDIDATE_REQUIRES_RPC_AND_PAIR_EVIDENCE,False,False,False,False
miner_bsc,bsc,56,2024-02-13T11:23:41Z,4,40,0xa7fe127850a342dd0f193a312be2242cb3b052e8,56:0xa7fe127850a342dd0f193a312be2242cb3b052e8,UNKNOWN_REQUIRES_RPC,-1,0x15175ab0ba9bbf37550cf745e27fa01f16179fc16a4c4b28f6164232a6500894,35284679,UNKNOWN_REQUIRES_RPC,False,v2/contract_deployments/contract_deployments_29000000_30000000.parquet,3255e78e345aff80bfd6dfc7d760f4bda3a96fce4225cc3e128ce3d21ff32822,9b72ec2903590e438792096816ad65c0a8292251e6215220fc22e892cdd283fb,0000bd15032f9eda8142d1be61b6d5dcf51a064463f65e0212529817e1ee9966,5bc83a7d121cd9332698565661478c3164f3bba2c20d3c13191332a29ffbb35e,RESERVE_CANDIDATE_REQUIRES_RPC_AND_PAIR_EVIDENCE,False,False,False,False
moocakectx,bsc,56,2020-10-28T18:44:49Z,10,100,0x29f34569475d7d53c09c416494f49c1c4cf575e0,56:0x29f34569475d7d53c09c416494f49c1c4cf575e0,UNKNOWN_REQUIRES_RPC,-1,0x548706e1ad2ed679e973ca5162c48885a2ad11c61dd1b2b00ef24f09d29ab548,1231690,UNKNOWN_REQUIRES_RPC,False,v2/contract_deployments/contract_deployments_30000000_31000000.parquet,0d12ca90369256d040cf542c85f6ffcf446e4e3e8d19fd878d446ff8ed9337b7,6cf154f6c5efe09782128adb0d67e7f9e8a4e778b6e59443923ee19822e61178,005f68f307ad1fd765b9e84f32ff2822255dea1cec4978b5a7b9d95326eed5ae,42ce0b052c7d4f2e2a1321a09f1a0484a5b0d053bbda0b4414472ac5ff1809d1,RESERVE_CANDIDATE_REQUIRES_RPC_AND_PAIR_EVIDENCE,False,False,False,False
mosca,bsc,56,2025-01-05T20:41:11Z,10,100,0x658f3d65a79bfb16e89adea8b7658e7a6db7398f,56:0x658f3d65a79bfb16e89adea8b7658e7a6db7398f,UNKNOWN_REQUIRES_RPC,-1,0x8bae30c8ec8adc4e9fc15080c80e78f130dc1eecac6203017a3ef0796c7d6564,44657993,UNKNOWN_REQUIRES_RPC,False,v2/contract_deployments/contract_deployments_31000000_32000000.parquet,1096c453513646713a3b6185edd15651bf3a9599e2e334ecd82bcf3c939ca722,4891038375e319df0efbcfde45d644241a1fc610764b4218491056af0e132387,0010ba23cc2f4300b11c31ce547eb3f65c7c74439c4b4a51444a21c0d1bf0160,f6a7caf4e608f0b3948072d1728f622ab15a66183d29afd885a97ea5f6d48ea5,RESERVE_CANDIDATE_REQUIRES_RPC_AND_PAIR_EVIDENCE,False,False,False,False
mrp,bsc,56,2024-06-30T01:52:35Z,10,100,0x2904dba49abed5821a2cb578e2fda95fceaccdf9,56:0x2904dba49abed5821a2cb578e2fda95fceaccdf9,UNKNOWN_REQUIRES_RPC,-1,0x568aa44039ca3b4c45b3d9b95f2802fe8492100642764810559bd7fe7e52be08,39183128,UNKNOWN_REQUIRES_RPC,False,v2/contract_deployments/contract_deployments_31000000_32000000.parquet,1096c453513646713a3b6185edd15651bf3a9599e2e334ecd82bcf3c939ca722,5fc347d6fbe23c3dfa12c68c2d5a1888db49f97406e8e493da212eab5796962f,00057f6607648ff7161ad8d63a57b5e387894acdcb32351123bf905992a5c5d0,d5d8779dbe758d9de7a5752ae6f49ccaa372288ed889ac398ce15f514c936746,RESERVE_CANDIDATE_REQUIRES_RPC_AND_PAIR_EVIDENCE,False,False,False,False
mttoken,bsc,56,2022-08-17T08:11:58Z,10,100,0x04f94e0bf3b30b0ce53288fbdfcfcf393ee5fb90,56:0x04f94e0bf3b30b0ce53288fbdfcfcf393ee5fb90,UNKNOWN_REQUIRES_RPC,-1,0x8a1da3b2a68206454dd144a69a976454f0c4bad4f8eed3de56493f4e574684c4,19803933,UNKNOWN_REQUIRES_RPC,False,v2/contract_deployments/contract_deployments_29000000_30000000.parquet,3255e78e345aff80bfd6dfc7d760f4bda3a96fce4225cc3e128ce3d21ff32822,c64b52059ca887dece400df0bec55baaddd7a20760f81938f9f3d081ae886989,0001e710d072a7fe7d4a342a887cfd68e452e079dc591451088862d7bb2f6664,ce4f994a4aca921ad2fcf63383ded79bbd8e9b030df0f00e759ec47bdfc5a739,RESERVE_CANDIDATE_REQUIRES_RPC_AND_PAIR_EVIDENCE,False,False,False,False
multicall_with_eth,bsc,56,2025-06-25T17:23:15Z,10,100,0x59de07509576939c1a8588645d34114d74053e25,56:0x59de07509576939c1a8588645d34114d74053e25,UNKNOWN_REQUIRES_RPC,-1,0xd09bfe45229229230b321d5d82c7acb92242659dd19d521927e5916e5fcdfcdf,51379257,UNKNOWN_REQUIRES_RPC,False,v2/contract_deployments/contract_deployments_30000000_31000000.parquet,0d12ca90369256d040cf542c85f6ffcf446e4e3e8d19fd878d446ff8ed9337b7,ff4922b70346c7766971763cd8a282608881c26ec1087473054d6a21819fabb5,00056bec52692f2c02c9dd7868e937480ea9d7bcf10d1a4830418c7a27f52491,84add52b64bc779a14bd6ec2dcf2907e2fc1def9568ca35df361654cc3c6b973,RESERVE_CANDIDATE_REQUIRES_RPC_AND_PAIR_EVIDENCE,False,False,False,False
multicall_with_xera,bsc,56,2022-03-10T23:17:54Z,7,70,0xaf6b71357c2f0406d6d0f25f8c65b04b960dff8c,56:0xaf6b71357c2f0406d6d0f25f8c65b04b960dff8c,UNKNOWN_REQUIRES_RPC,-1,0xb7e18b6b95eee82c363edbe6a88e8b408aa597ff5c915efff1d25421edc9920e,15257833,UNKNOWN_REQUIRES_RPC,False,v2/contract_deployments/contract_deployments_7000000_8000000.parquet,54cb1c23725d5765da58c76ee4eb73bb326370e440cb6baab9e8463544906967,3bd9aaf2ce0e195a84afb9961f49b7c00ebff2c63eaa17ef2634d352d7f432a4,00009b8e06817eb7354b7910b71d41900eec51b27b9a12481a3f6ac1e2623c6e,418ad5b0bbc4e55fb478c128d9085826f5f1276cf2cdc7a6383110ccf4e2f662,RESERVE_CANDIDATE_REQUIRES_RPC_AND_PAIR_EVIDENCE,False,False,False,False
myai,bsc,56,2023-06-08T07:57:56Z,10,100,0xf0a70f3a32af057798dfe6cf4200897f03418569,56:0xf0a70f3a32af057798dfe6cf4200897f03418569,UNKNOWN_REQUIRES_RPC,-1,0x3b5f9c65a5a8e6bad7e64dec48095cbf1c3a54b4063b8cf35496fb417e0bc847,28117237,UNKNOWN_REQUIRES_RPC,False,v2/contract_deployments/contract_deployments_31000000_32000000.parquet,1096c453513646713a3b6185edd15651bf3a9599e2e334ecd82bcf3c939ca722,798357fbf4d9f888fbbb15f49f8f5a075ce7f1f9b320eda6f37c15e4ff9952c4,00009e5929f9075f5853cc71efaddb8cb6ca0fe561f16d89a2d1951743408a83,42b0c6a5681ce22029e729e22bda383abb3ed60cee9c436a672f58b54d2a3eae,RESERVE_CANDIDATE_REQUIRES_RPC_AND_PAIR_EVIDENCE,False,False,False,False
neverfall,bsc,56,2023-03-18T03:41:41Z,10,100,0x78846769ffd6ff014ba4626abfebb9a3af4bbd41,56:0x78846769ffd6ff014ba4626abfebb9a3af4bbd41,UNKNOWN_REQUIRES_RPC,-1,0xabd5ac3ee9acc8dfb011675582c6374e4e0372e47ba3dc4a329e2852ecdc45b1,26443258,UNKNOWN_REQUIRES_RPC,False,v2/contract_deployments/contract_deployments_6000000_7000000.parquet,408541b1fff35d9d72eb413a63bd7e1ecdfd299daa7ca67b3c7185856aa6aef7,351d3718b4e3c39ac8edad73cc819441418e78ccd28e94d64bbd02c692be2628,0006f31c55d0aad57d88a08327361c291efdec91d8291511613f87d2da4d5fa7,32fbd7b91f962dd3020be81f755c8f03c5ed338aff6f0300923bfb906525d8e0,RESERVE_CANDIDATE_REQUIRES_RPC_AND_PAIR_EVIDENCE,False,False,False,False
newfi,bsc,56,2023-05-31T06:10:17Z,10,100,0x28ca7a6eadba05ba643aac95dd50f7487622d62c,56:0x28ca7a6eadba05ba643aac95dd50f7487622d62c,UNKNOWN_REQUIRES_RPC,-1,0xfad23b1cc2c4201df51f1abd1634683f148f023721f5b15b604546a9ff8fc068,28286800,UNKNOWN_REQUIRES_RPC,False,v2/contract_deployments/contract_deployments_29000000_30000000.parquet,3255e78e345aff80bfd6dfc7d760f4bda3a96fce4225cc3e128ce3d21ff32822,91b0701d66dab7e93ab7b39860477d07038527b7e910f264b151785e7aaafa23,0000364849caba4e3e707c0dc1e744ee1f0f3d5eb17696b8fe241986434091df,74ba05b148aa7a6116486f25fecac3771994a1f291295648db98a8484fefb370,RESERVE_CANDIDATE_REQUIRES_RPC_AND_PAIR_EVIDENCE,False,False,False,False
ngfs,bsc,56,2024-04-24T09:45:56Z,10,100,0x765bc34c222da5d04a02601e34428fef7666831f,56:0x765bc34c222da5d04a02601e34428fef7666831f,UNKNOWN_REQUIRES_RPC,-1,0x3594d28d637541021246fae50b191b4d13a3973614461526012992a28524f4a8,37629260,UNKNOWN_REQUIRES_RPC,False,v2/contract_deployments/contract_deployments_30000000_31000000.parquet,0d12ca90369256d040cf542c85f6ffcf446e4e3e8d19fd878d446ff8ed9337b7,120ca463075d04597ccc2976799b8411509c9fee75d1506d7932a057d4f5c973,00022c17b6efdceb58892a6cae89c2bedba830ec3d8c3be032a56d55d78c549d,632973548638bf6639098aea6fc662c4293942a19be7e8611c38ed6859eb6b76,RESERVE_CANDIDATE_REQUIRES_RPC_AND_PAIR_EVIDENCE,False,False,False,False
nmbplatform,bsc,56,2022-11-15T09:39:03Z,10,100,0x42718e97c0a5ca4d28641facba54e7b119796bcf,56:0x42718e97c0a5ca4d28641facba54e7b119796bcf,UNKNOWN_REQUIRES_RPC,-1,0x40bbb4fe9fbcfe59291bbe3febf54780b6241b3b349390e3d9e0bc1e73c7285d,22545826,UNKNOWN_REQUIRES_RPC,False,v2/contract_deployments/contract_deployments_31000000_32000000.parquet,1096c453513646713a3b6185edd15651bf3a9599e2e334ecd82bcf3c939ca722,8640932f864f31d750013fdee06f068815002e45fd473a5f55b5a5c600a79577,0004485edf45395851b70d7f2d3c55dc0f5c01bcf2dabe0f4571fed0869df4ed,588870ca3ed95ec097f3d97fd9883bf4dcf8af3a3eee510605a333f2f9114fa7,RESERVE_CANDIDATE_REQUIRES_RPC_AND_PAIR_EVIDENCE,False,False,False,False
olife,bsc,56,2021-06-05T16:54:30Z,10,100,0x21de8ea205d63f85285afd77035aa691a5ee87a9,56:0x21de8ea205d63f85285afd77035aa691a5ee87a9,UNKNOWN_REQUIRES_RPC,-1,0xb94ff422e7337f0d686a8c8ca7a505132122c7835f920106a67bfb53569d22f6,7484189,UNKNOWN_REQUIRES_RPC,False,v2/contract_deployments/contract_deployments_30000000_31000000.parquet,0d12ca90369256d040cf542c85f6ffcf446e4e3e8d19fd878d446ff8ed9337b7,8ece98e7e3c6d9b0e0607de47d046b79e862d665d2b116d27d2d0159087c9f4d,0001a79f67c6a40f1da6339313d5fa6a5ec96a34bfc00f3054fac64f2838c717,6803fe167811fcc03653b537033d01a215d30f2a90d3bd999f087414a8106ae9,RESERVE_CANDIDATE_REQUIRES_RPC_AND_PAIR_EVIDENCE,False,False,False,False
openleverage,bsc,56,2023-03-02T08:23:58Z,10,100,0x481829135218716f4f0b887552df5fc138537431,56:0x481829135218716f4f0b887552df5fc138537431,UNKNOWN_REQUIRES_RPC,-1,0x171290a69d74120b78533657d09ab2c953280c21ae54236921dd0c09d13d4c9d,25866907,UNKNOWN_REQUIRES_RPC,False,v2/contract_deployments/contract_deployments_30000000_31000000.parquet,0d12ca90369256d040cf542c85f6ffcf446e4e3e8d19fd878d446ff8ed9337b7,97c5c316aa5b54fb7a5435f8babc23755bd4dcc0ee6ba798dc20e3c4daf3636e,00002a93a187844fe0e348b66c994f79f75b7176a7a92548a6d0ebbc03a73b39,5eec8a5972ca7e10a2b5ea2c8e3fa005d38f46501a5036cad0bac7d9412b29d3,RESERVE_CANDIDATE_REQUIRES_RPC_AND_PAIR_EVIDENCE,False,False,False,False
openleverage2,bsc,56,2023-03-23T09:10:44Z,10,100,0x54ae35271b772c2039fb919b59f229fe50f6d977,56:0x54ae35271b772c2039fb919b59f229fe50f6d977,UNKNOWN_REQUIRES_RPC,-1,0x45d760cf92c648361e44fbd46d932e2cfd5aa53449ce5a4ed92988e4ef426251,26205001,UNKNOWN_REQUIRES_RPC,False,v2/contract_deployments/contract_deployments_30000000_31000000.parquet,0d12ca90369256d040cf542c85f6ffcf446e4e3e8d19fd878d446ff8ed9337b7,71987f1c7f76a7046451f462915eac0a06ab62cef3b3145e97e156330fddfb82,00014bbcc06dec203135ab344172e59f1a042ac6c804d68380cf3431a375cb66,f0fbb875ab571a247bda341af0236367fce7040cdbe979f1ca8541ae531001a2,RESERVE_CANDIDATE_REQUIRES_RPC_AND_PAIR_EVIDENCE,False,False,False,False
osn,bsc,56,2024-04-16T06:43:46Z,10,100,0x249e5e71e399022346d16652b9b676967368bcfe,56:0x249e5e71e399022346d16652b9b676967368bcfe,UNKNOWN_REQUIRES_RPC,-1,0x1ecfcd1972ab87df4b19e562939e8f4aed3f3d9cdaad9a1f5218a32a2556a8e1,37428841,UNKNOWN_REQUIRES_RPC,False,v2/contract_deployments/contract_deployments_29000000_30000000.parquet,3255e78e345aff80bfd6dfc7d760f4bda3a96fce4225cc3e128ce3d21ff32822,f08d57bc89ac3c58c7aedc9068be51b6e57c44646d505b14f5d4cb6a260b6b29,0001c870b898c9bb3c2cb310267f71626bee39e8509bc5b96716307868ebe07f,08174fecbfbbc54d1fce9fa773ef93bffcb648ae43d86427110b290afa7ea009,RESERVE_CANDIDATE_REQUIRES_RPC_AND_PAIR_EVIDENCE,False,False,False,False
palmswap,bsc,56,2023-07-13T11:27:41Z,10,100,0x07338a00bb75a81ce19319e65e15b175ef3cd388,56:0x07338a00bb75a81ce19319e65e15b175ef3cd388,UNKNOWN_REQUIRES_RPC,-1,0x7869188fcdb7f8eb7a4a261e3fc60e90b7f66a16e0ca439d5d562a23c541a41e,29156815,UNKNOWN_REQUIRES_RPC,False,v2/contract_deployments/contract_deployments_30000000_31000000.parquet,0d12ca90369256d040cf542c85f6ffcf446e4e3e8d19fd878d446ff8ed9337b7,227f394838a37633c7e505fcbf442268ee11498ae8f1fa34df7e75a49ba6d15e,000001b0563fd12fc216ae92e2600679a342614974848f190ed154bfb3c8d9e0,84b9f09710c19ea1006f52f15d5043e7731aa3adb089916ca25fde66b2753f98,RESERVE_CANDIDATE_REQUIRES_RPC_AND_PAIR_EVIDENCE,False,False,False,False
pancakebunny,bsc,56,2021-04-23T11:45:09Z,10,100,0x69370d1c022911418a64f2fff3e28d3c6f8d3b37,56:0x69370d1c022911418a64f2fff3e28d3c6f8d3b37,UNKNOWN_REQUIRES_RPC,-1,0x05d7a4595bd233e2891caf5d925626c27c8c037dd7ed1e84ce0ab3d7e2e4da9b,6542731,UNKNOWN_REQUIRES_RPC,False,v2/contract_deployments/contract_deployments_9000000_10000000.parquet,6777e0b50be1d60a845e1be0313473c99fb8675967b51e4530577f82391cd3cf,134403f90423c810ba1a3ca200d4745ec86c104a760ab401475767826327f1fd,000b3c0527552abf86149155c2fd880b1d3bf01f1a6de3cfaccbab81fee0c9c7,b2aded95912aa32b72493d5f2c63b39ff017392f207e65d539b96a848e8ff0e5,RESERVE_CANDIDATE_REQUIRES_RPC_AND_PAIR_EVIDENCE,False,False,False,False
pancakehunny,bsc,56,2021-06-02T03:31:01Z,10,100,0x2150df37d2069a16af985fd178424053efdca2a4,56:0x2150df37d2069a16af985fd178424053efdca2a4,UNKNOWN_REQUIRES_RPC,-1,0x6e57c915797fbdbd015e5d18f0a9f2b5c0b3646d59e252c27dd89b330847007c,7785441,UNKNOWN_REQUIRES_RPC,False,v2/contract_deployments/contract_deployments_31000000_32000000.parquet,1096c453513646713a3b6185edd15651bf3a9599e2e334ecd82bcf3c939ca722,5c61857ecb4cf19fa27840b73e52f6a17fcc6aba2c769f77ae55a58aaedade27,00008e6d8c2b868e34d4ae9daf3dba60f3eff678b343d43e63117acbd052a929,5d7e1edd1f00ab2d714b6a2039ebb222a91e585f898a6c9e2c90e2de7657de2d,RESERVE_CANDIDATE_REQUIRES_RPC_AND_PAIR_EVIDENCE,False,False,False,False
pdz,bsc,56,2024-01-26T19:19:39Z,6,60,0x366e7207d20d74eb4b191bcdcbcddc1f52b1843a,56:0x366e7207d20d74eb4b191bcdcbcddc1f52b1843a,UNKNOWN_REQUIRES_RPC,-1,0xfe5ea7c70f3184ff217fe56c06003a2833ed92287b4d0fe1ca27db9af661e638,35585099,UNKNOWN_REQUIRES_RPC,False,v2/contract_deployments/contract_deployments_31000000_32000000.parquet,1096c453513646713a3b6185edd15651bf3a9599e2e334ecd82bcf3c939ca722,189d74ca6c48965f6282ad19b163fbb82e5de3d0203427ef161ec9eac9b17f46,00006282aee3ceb2e30b014c605153285196b89db81194b1126b222cc3be0432,23928547eddfd737b678b35df8efd5b373c94fca8a01cda6624c0fdabb8de7e6,RESERVE_CANDIDATE_REQUIRES_RPC_AND_PAIR_EVIDENCE,False,False,False,False
pledge,bsc,56,2024-11-24T16:01:47Z,10,100,0xafd2b9aa60ccc57ad1957ad37e3e68ced6c5a8b7,56:0xafd2b9aa60ccc57ad1957ad37e3e68ced6c5a8b7,UNKNOWN_REQUIRES_RPC,-1,0x592ecc6448f92bbf35aef118e6c5d30b80380bccd7f42ece4bbb803e5a428bb1,43513261,UNKNOWN_REQUIRES_RPC,False,v2/contract_deployments/contract_deployments_31000000_32000000.parquet,1096c453513646713a3b6185edd15651bf3a9599e2e334ecd82bcf3c939ca722,1d8db1dc0a70a9f9e7a297d961a8591616e079fcf448572ce4ce9d992c0902be,000203f3dd17e7285a695fbf86bad424d226a404d4902d045949d0f1dd1b87be,c957589702ba95f33bb52c22f5feec37a14085ff51767b3f7d9fccb4f8a9b217,RESERVE_CANDIDATE_REQUIRES_RPC_AND_PAIR_EVIDENCE,False,False,False,False
ploutoz,bsc,56,2021-03-26T12:26:53Z,10,100,0x84f1853a88b1b9cfb8716a132befae52f3df53a4,56:0x84f1853a88b1b9cfb8716a132befae52f3df53a4,UNKNOWN_REQUIRES_RPC,-1,0x716f5afea5477192561aa1bea08f6287ad37e46b434baeabf2892c3b71fbb9fd,5833728,UNKNOWN_REQUIRES_RPC,False,v2/contract_deployments/contract_deployments_9000000_10000000.parquet,6777e0b50be1d60a845e1be0313473c99fb8675967b51e4530577f82391cd3cf,6133cb819bfed3fb78b21f3f9b65bb03281a96ee001fb3cf94ef97583414ec4b,00007c113fdd12788ad9722bd466727b4c02f249ae2730d25a84ab3dc7e4f3bd,f7b30a989473292793296ba86b95791969cda4f39251c85e6e86cb5d47689fb4,RESERVE_CANDIDATE_REQUIRES_RPC_AND_PAIR_EVIDENCE,False,False,False,False
poolz,bsc,56,2021-07-30T11:05:08Z,4,40,0x98889305b4a999117493871efdf44c10cf8b75ef,56:0x98889305b4a999117493871efdf44c10cf8b75ef,UNKNOWN_REQUIRES_RPC,-1,0x64024bcc0885ef10be916bcc0c97cd0cd6134f579a576431ad032b3d7dac5693,9306427,UNKNOWN_REQUIRES_RPC,False,v2/contract_deployments/contract_deployments_29000000_30000000.parquet,3255e78e345aff80bfd6dfc7d760f4bda3a96fce4225cc3e128ce3d21ff32822,809fa7ce10ce2812d61de12407987ca4601fddb523f1fd7a40a10d50bc6ed679,0001c34fe6647c90803d22f33066019d77020ca309ff8d0571f1a574519b911e,ae7287d9319eaa1eb863d21dd418111e5d43e7e5e2f5e85ccfa1ceb9cb658d29,RESERVE_CANDIDATE_REQUIRES_RPC_AND_PAIR_EVIDENCE,False,False,False,False
rant_token,bsc,56,2025-07-04T11:47:40Z,10,100,0xfbf902dda330a41c42d817f4e88aeffa3e22befb,56:0xfbf902dda330a41c42d817f4e88aeffa3e22befb,UNKNOWN_REQUIRES_RPC,-1,0x2ee4fcc5fa35e7c83941823e36fd6208c9cdafd76ee138e55ffb9953e2ef2a2a,50841689,UNKNOWN_REQUIRES_RPC,False,v2/contract_deployments/contract_deployments_31000000_32000000.parquet,1096c453513646713a3b6185edd15651bf3a9599e2e334ecd82bcf3c939ca722,9a12e91e35f0061dd7e4693210058d531b67d4843805319bbf2bb64afde289b8,000319163b5348d8d0d0e7e7e110f783d8ba78e011cee7c247485d82a75623d7,9ae2dbba4aa98a493a812e28f1bd62b15de052d378fdb3bac716a55d0aed223a,RESERVE_CANDIDATE_REQUIRES_RPC_AND_PAIR_EVIDENCE,False,False,False,False
res,bsc,56,2022-07-21T13:06:04Z,10,100,0x4abfa6476db124c68a1c64339aa6ca7b1fb9137a,56:0x4abfa6476db124c68a1c64339aa6ca7b1fb9137a,UNKNOWN_REQUIRES_RPC,-1,0xf3cfe901d0632714e3fef6f7884134c96504d996a0d0648ac27d57490eb9deed,19132861,UNKNOWN_REQUIRES_RPC,False,v2/contract_deployments/contract_deployments_30000000_31000000.parquet,0d12ca90369256d040cf542c85f6ffcf446e4e3e8d19fd878d446ff8ed9337b7,dab9aa29a50f3788966e24b8ae9c10826a199ba04f592bc8b4a48e9441aa536b,00002ee0adad555c316afec5b0761fbe6b336a2113e4077e2dfcb04d1bb1afee,30d04c26c86822a56095db9607fd9d71a458a8d279624caab1b3ee012965f68d,RESERVE_CANDIDATE_REQUIRES_RPC_AND_PAIR_EVIDENCE,False,False,False,False
res_2,bsc,56,2022-07-21T13:06:04Z,10,100,0x322c78b16cff3fb7c57f1b27566df131313515d3,56:0x322c78b16cff3fb7c57f1b27566df131313515d3,UNKNOWN_REQUIRES_RPC,-1,0x9df4315e898341e3a4301f75bc162d3bd9743f6802f57fbb494ae416fc1a37c8,19175514,UNKNOWN_REQUIRES_RPC,False,v2/contract_deployments/contract_deployments_30000000_31000000.parquet,0d12ca90369256d040cf542c85f6ffcf446e4e3e8d19fd878d446ff8ed9337b7,a4ef2858c638fafa903a8ed94acc55552c86654bab00d41c66ba67624b7965cf,0004458ddd9ef99594586e8e61faee79837cf8d544fddd0e1b464fe1f9cafbad,f06ed61ba4360850eb02dc0e5686e7418f1f4a9d2b6b651dd8928c26aa1315bc,RESERVE_CANDIDATE_REQUIRES_RPC_AND_PAIR_EVIDENCE,False,False,False,False
rfb,bsc,56,2022-12-04T15:45:55Z,10,100,0x9996783918fa58f9a54d1ffbfc6dc4e62e9d80f0,56:0x9996783918fa58f9a54d1ffbfc6dc4e62e9d80f0,UNKNOWN_REQUIRES_RPC,-1,0x6e7f5f0e9f460dc7efb3b5599d2e76a879d6f0f8d5f1b6e13bb56879ffc7ad26,23171746,UNKNOWN_REQUIRES_RPC,False,v2/contract_deployments/contract_deployments_7000000_8000000.parquet,54cb1c23725d5765da58c76ee4eb73bb326370e440cb6baab9e8463544906967,180b0517b8fad6ed42cbdee118cdeee1f7e0de99f90b58a7649f4d667fa3f15a,00007b0a3870372e71ab9993c1aad45f417ce61e9de6e4689970fc6cc227e6f4,3a42eaceb7708b33c79d77a3004206deb38e57821cae2cc15d815b1d3673cb8c,RESERVE_CANDIDATE_REQUIRES_RPC_AND_PAIR_EVIDENCE,False,False,False,False
rl,bsc,56,2022-07-25T14:15:52Z,10,100,0xec8b0ae807fce35f66d29391a3349290b80aa15e,56:0xec8b0ae807fce35f66d29391a3349290b80aa15e,UNKNOWN_REQUIRES_RPC,-1,0x3db98388439bce1e822086351bc14975fc76f98f3fc8b1db80944c79083ed096,19464631,UNKNOWN_REQUIRES_RPC,False,v2/contract_deployments/contract_deployments_29000000_30000000.parquet,3255e78e345aff80bfd6dfc7d760f4bda3a96fce4225cc3e128ce3d21ff32822,97ffb426f8d9a692f5b950739014a0616f38bc2ad8557d39879a5de59c3dbe31,00032d39218583537ce2fa60b8a365c37079072f41eff8a8a0ea372609f7c1fa,6b52f772d12f5c63448af7a4e07cd87aaf70c7289c085beac4ca3fb7858bd9b4,RESERVE_CANDIDATE_REQUIRES_RPC_AND_PAIR_EVIDENCE,False,False,False,False
roi,bsc,56,2022-05-11T19:18:59Z,2,20,0x6120c15dc8ff0691eed147d63c6ed8f429ee727d,56:0x6120c15dc8ff0691eed147d63c6ed8f429ee727d,UNKNOWN_REQUIRES_RPC,-1,0xafc86b553c1e6fffd36fbba6df2ff9654c7d0ed2d377c5b2704ce4d7b92a22b7,17307026,UNKNOWN_REQUIRES_RPC,False,v2/contract_deployments/contract_deployments_31000000_32000000.parquet,1096c453513646713a3b6185edd15651bf3a9599e2e334ecd82bcf3c939ca722,4b663b24dbb54344590baf22ff94b09276c4daf81b1e2d1595c0ca5089ea23fb,00004032a2c54a71438c38ab898880956468397a7b6a947bf832d555e2d76b2f,f687f68761c68a5218ed085914d2b1490e650c5a281d6b3cb19b79e1b7ba0f0e,RESERVE_CANDIDATE_REQUIRES_RPC_AND_PAIR_EVIDENCE,False,False,False,False
roulette_pot_v2,bsc,56,2023-03-17T00:46:44Z,10,100,0x52cea37cc6206436f7752e51fc99609a6086849f,56:0x52cea37cc6206436f7752e51fc99609a6086849f,UNKNOWN_REQUIRES_RPC,-1,0xe69f49b4b1c46e263830f2caabed2f1277081080762cfc05886964a027133cd9,26497057,UNKNOWN_REQUIRES_RPC,False,v2/contract_deployments/contract_deployments_7000000_8000000.parquet,54cb1c23725d5765da58c76ee4eb73bb326370e440cb6baab9e8463544906967,a261ae864d41b7cd596e8988a07e3e075a3d524390423d10f6d8f3d24f0a0fff,00020ef79bc91d851ee47390ef2a122d8c8336e733c40e759c3e1bedc275d605,56c700c6bde2433febcff638990062d15f3628e22ad95aaf4bd1c0ddc8e584cf,RESERVE_CANDIDATE_REQUIRES_RPC_AND_PAIR_EVIDENCE,False,False,False,False
satx,bsc,56,2024-01-25T14:38:06Z,10,100,0xbe95401c6088a0195a3c6a70794041c7b4a2cece,56:0xbe95401c6088a0195a3c6a70794041c7b4a2cece,UNKNOWN_REQUIRES_RPC,-1,0x6319edd6bdcd0f2a9370f350a42e141748e9c2a32e9c8b708413f332172045fe,34853620,UNKNOWN_REQUIRES_RPC,False,v2/contract_deployments/contract_deployments_30000000_31000000.parquet,0d12ca90369256d040cf542c85f6ffcf446e4e3e8d19fd878d446ff8ed9337b7,1329ee2bf631d8197f1f5f224a992f902e9e52b6996dc1707a09184bbb5e3dd5,000219bfa7a2d3033ff9ca69826304fc9c648bcc57744fb73e91480120f7aada,f3a2fef213a29ae555daa55af580f868b4734c69a13f4fdd7863dec97d00d226,RESERVE_CANDIDATE_REQUIRES_RPC_AND_PAIR_EVIDENCE,False,False,False,False
sbt,bsc,56,2024-06-23T04:06:50Z,10,100,0x7880f1a31f5789a50d28e8b708cb99b23650020c,56:0x7880f1a31f5789a50d28e8b708cb99b23650020c,UNKNOWN_REQUIRES_RPC,-1,0x5f99cd1e9fcac175bd402465e8efe6870655cba845c498f0ad0447e65e8fede2,39579194,UNKNOWN_REQUIRES_RPC,False,v2/contract_deployments/contract_deployments_30000000_31000000.parquet,0d12ca90369256d040cf542c85f6ffcf446e4e3e8d19fd878d446ff8ed9337b7,f90075ef2b050c4dab4c89e0bf585d70eabee475de1d896dea768cda5f82da19,0004c13ef6442dbe05d318570e2f38d53009ebd52c6c9a61836e5e4ac38e56d6,e3dd8476ada6c8b4fb4d952e7bbb3cd8194cfbffe3ac80daeffda03b05108a70,RESERVE_CANDIDATE_REQUIRES_RPC_AND_PAIR_EVIDENCE,False,False,False,False
sdao,bsc,56,2022-06-07T04:03:35Z,9,90,0x3733703b46ea7944b7f866ce9ad932b494106784,56:0x3733703b46ea7944b7f866ce9ad932b494106784,UNKNOWN_REQUIRES_RPC,-1,0x35b3883c4a92befe21b1b89c83d6d4d950534038f96ddf926b0d892aca1afe0c,17655011,UNKNOWN_REQUIRES_RPC,False,v2/contract_deployments/contract_deployments_30000000_31000000.parquet,0d12ca90369256d040cf542c85f6ffcf446e4e3e8d19fd878d446ff8ed9337b7,151347a0c1711920bc8d8bb25a3a80a96e9d5c3b10f1be4026d871bdc370b4b3,00004354874e5ff990582ae5c2f53eff72a3050707078e833693543835fbe77b,840c2b192f9cc5908433b326029e7668b4252478eb2d8e52ab5ffae3b339937b,RESERVE_CANDIDATE_REQUIRES_RPC_AND_PAIR_EVIDENCE,False,False,False,False
sellc,bsc,56,2023-05-09T17:04:59Z,10,100,0x9e3598db7ef45c58b27a00371b8b6167dd65ecc3,56:0x9e3598db7ef45c58b27a00371b8b6167dd65ecc3,UNKNOWN_REQUIRES_RPC,-1,0x320e0e9d9aa5d04e5e6e25ab4be38117260e7f17c189bbb02a144b42f56d7bec,27826658,UNKNOWN_REQUIRES_RPC,False,v2/contract_deployments/contract_deployments_29000000_30000000.parquet,3255e78e345aff80bfd6dfc7d760f4bda3a96fce4225cc3e128ce3d21ff32822,fc7d60b0a82782c3796323eabbfd2a9a5454ef7b6e0054bb8393582e8482b63e,00033c03e362fdc7ff0330a8f2893d117c788b38e9dd1ca0a689195d25b3f040,668634ec4bd3a2d54f007dba122607b8479ad85aee503881fa2a20b70599cdd9,RESERVE_CANDIDATE_REQUIRES_RPC_AND_PAIR_EVIDENCE,False,False,False,False
shadowfi,bsc,56,2022-08-27T06:20:18Z,10,100,0xd8d305a1ae791badd38138fb0ed58041d4d36c5d,56:0xd8d305a1ae791badd38138fb0ed58041d4d36c5d,UNKNOWN_REQUIRES_RPC,-1,0x81a09a68187d060d502842a2e7ae2b6cb849cf5d8272d99bbbb727626ed2d3d6,20112272,UNKNOWN_REQUIRES_RPC,False,v2/contract_deployments/contract_deployments_31000000_32000000.parquet,1096c453513646713a3b6185edd15651bf3a9599e2e334ecd82bcf3c939ca722,97116fe2528a94b9bad796d1ea10dc23b1a58509fe4a2273553e18f6c054896b,0001019602dec6181edfc31a2063f8e896ff015c6fcfdab012e508b58ced631a,bbc64f7fead7434426a17218bdcf0b3e9e4481d1123b5a3775703f789b15cc2e,RESERVE_CANDIDATE_REQUIRES_RPC_AND_PAIR_EVIDENCE,False,False,False,False
sheepfarm,bsc,56,2022-11-10T10:38:07Z,10,100,0x37d3238f7d9d2cd1ee156319fc29f2f9e0dcccdf,56:0x37d3238f7d9d2cd1ee156319fc29f2f9e0dcccdf,UNKNOWN_REQUIRES_RPC,-1,0x1c8d6e55ed50be3cae1048d02397d075a7932881a6ee9ad549a4dbee4a85f5f9,22761914,UNKNOWN_REQUIRES_RPC,False,v2/contract_deployments/contract_deployments_29000000_30000000.parquet,3255e78e345aff80bfd6dfc7d760f4bda3a96fce4225cc3e128ce3d21ff32822,7052042b2b13cb01e271c3f4170c54d86ca7873982e4f94e44a8f37b6fe7852e,0000e967abafb3e821197e50a35180798a8391a1f4fe98c206e2e7a218338dd3,500c7791bb64eab2d2837c60a280ab18285912e0c9d06d5f891d4ebc049ab460,RESERVE_CANDIDATE_REQUIRES_RPC_AND_PAIR_EVIDENCE,False,False,False,False
sheepfarm2,bsc,56,2022-11-10T10:38:07Z,10,100,0xdcd3a91f679d3105587577be31d92757ca00a1e0,56:0xdcd3a91f679d3105587577be31d92757ca00a1e0,UNKNOWN_REQUIRES_RPC,-1,0x276a4fd2dcaf508adc00d2611864ac2da32ccdb12f16f49dc32b5b5945901392,22601197,UNKNOWN_REQUIRES_RPC,False,v2/contract_deployments/contract_deployments_7000000_8000000.parquet,54cb1c23725d5765da58c76ee4eb73bb326370e440cb6baab9e8463544906967,60b61edf4305898d841288c46290017085267b6edb37a9baccaa0077f3bf4828,0000fe221543001491eaa6c9ea87ccb2b28d40e18e9631c3438443892a30e612,4f60a531f061525a251499d4c1beeda84c979aff7f41d3940bff4e735061e954,RESERVE_CANDIDATE_REQUIRES_RPC_AND_PAIR_EVIDENCE,False,False,False,False
shibatoken,bsc,56,2023-11-07T15:06:41Z,9,90,0x19192d77be981d5fe6510e1b33e11971d5a00413,56:0x19192d77be981d5fe6510e1b33e11971d5a00413,UNKNOWN_REQUIRES_RPC,-1,0x2e227001746d3a0c2acfb89d411e655831b59f3cdae23a2b6e7ed7c4ef5b1a49,33232656,UNKNOWN_REQUIRES_RPC,False,v2/contract_deployments/contract_deployments_30000000_31000000.parquet,0d12ca90369256d040cf542c85f6ffcf446e4e3e8d19fd878d446ff8ed9337b7,83d80e1b2f5a4c53fa72482b31cc4a4a8d7aeb865b98e839d842e0730a172c5c,000054fc3fd89832b3b932a2c1cac3e4f080ff90ae5181877756182833c89a2b,a52f194c5f9ecd8d7156a40df64ad9267e746739de8c27a53454e015b9d2869d,RESERVE_CANDIDATE_REQUIRES_RPC_AND_PAIR_EVIDENCE,False,False,False,False
snk,bsc,56,2022-12-28T15:55:15Z,9,90,0xf5518342eaf7042a2e1d0187431a3eb47f5b8de8,56:0xf5518342eaf7042a2e1d0187431a3eb47f5b8de8,UNKNOWN_REQUIRES_RPC,-1,0x090728998e4b0b610b09432e87af13d23223972fa90756421b9ef11a7c6c669f,23525567,UNKNOWN_REQUIRES_RPC,False,v2/contract_deployments/contract_deployments_29000000_30000000.parquet,3255e78e345aff80bfd6dfc7d760f4bda3a96fce4225cc3e128ce3d21ff32822,ee18bc13d24793412e7ab2a5f2a63dc252346a85cb6119d1e84fad0c67ae1f84,00003f56932130c6041b6549a569d46a4fc79a39568155fbaaa5bce4b6cbe653,62712d35796af6a8aab0fbc4337598dd788853ea55ed451a97b83d9ed9d484af,RESERVE_CANDIDATE_REQUIRES_RPC_AND_PAIR_EVIDENCE,False,False,False,False
spacegodzilla,bsc,56,2022-07-12T06:55:55Z,10,100,0xe193cdf487cad1015d6396e394558ada4a9f7dd4,56:0xe193cdf487cad1015d6396e394558ada4a9f7dd4,UNKNOWN_REQUIRES_RPC,-1,0xd42468c5e1d64bf5d72d96b19cb81f5a85c90d53a5cf1037db7a1e452e1b01f6,18875577,UNKNOWN_REQUIRES_RPC,False,v2/contract_deployments/contract_deployments_7000000_8000000.parquet,54cb1c23725d5765da58c76ee4eb73bb326370e440cb6baab9e8463544906967,2713b698ef5633dc292aef47c179e47dfe1225b34da6a604b4e41cf01cc17e9c,0001bcd524ce8b2e9cae0644f405e384188eac9268c0c550601041c463037b0f,6db2d36c8f9aac3bc78a0b690ece98d4b5884480f6b9e0c949fc458578bfe051,RESERVE_CANDIDATE_REQUIRES_RPC_AND_PAIR_EVIDENCE,False,False,False,False
spartan,bsc,56,2020-09-28T13:47:55Z,10,100,0xe5eff57f06b426612d91eb8cc3880ef2449e1b2d,56:0xe5eff57f06b426612d91eb8cc3880ef2449e1b2d,UNKNOWN_REQUIRES_RPC,-1,0x16782443d5602600c5fef6f5f6f00274a06ff03bce4d96f927dd30cffa3d1791,829372,UNKNOWN_REQUIRES_RPC,False,v2/contract_deployments/contract_deployments_31000000_32000000.parquet,1096c453513646713a3b6185edd15651bf3a9599e2e334ecd82bcf3c939ca722,6d2fec3eec57901ed4a28c4b1cdecd0bec2daa8f7b6106d011de14b59965c455,00c6fb27e25f43dc6f91cf3aa286991eb5471c88818933d156a6e9c90ee8c53b,910a8432796789c41f5d8622de6073836fdbcc6137eedb2f8bcc14307dfb3acf,RESERVE_CANDIDATE_REQUIRES_RPC_AND_PAIR_EVIDENCE,False,False,False,False
squid,bsc,56,2024-03-11T10:33:06Z,10,100,0x5dc2d9d341219d0e0fa2f91dcb9c4b6beb057495,56:0x5dc2d9d341219d0e0fa2f91dcb9c4b6beb057495,UNKNOWN_REQUIRES_RPC,-1,0x5800abab6fa289af219327cc1e70c596c7436bd34e0c0d795d1187d4d9746efe,36333639,UNKNOWN_REQUIRES_RPC,False,v2/contract_deployments/contract_deployments_30000000_31000000.parquet,0d12ca90369256d040cf542c85f6ffcf446e4e3e8d19fd878d446ff8ed9337b7,532de693f01c2f896e6ef10c84301284bf2f37daaf9562c70be83644350ff7ef,0004a7164b61c8350d3675411cfac77f95b284d8ec1c6f9782530799f8661b34,403fc945d43e86ed415d27bad9710ba3b2e9c10b9f1067d18ad87858710901fe,RESERVE_CANDIDATE_REQUIRES_RPC_AND_PAIR_EVIDENCE,False,False,False,False
starlink,bsc,56,2022-02-23T13:21:22Z,3,30,0x570ebc0fafe6c2ee0ebdaf23b6659fbeb2674457,56:0x570ebc0fafe6c2ee0ebdaf23b6659fbeb2674457,UNKNOWN_REQUIRES_RPC,-1,0x9c311b8e5f7decfa9410dee6782ed3af615249c59557a580089ba0b074c8ea24,15205088,UNKNOWN_REQUIRES_RPC,False,v2/contract_deployments/contract_deployments_29000000_30000000.parquet,3255e78e345aff80bfd6dfc7d760f4bda3a96fce4225cc3e128ce3d21ff32822,51d02df19c2b4e24af972683a0ad22a03ce997e7d47a223cace817dfe2818767,00010de2f71f257497cb4c899c6fd9a328cd9c795db6579dac92ed10abeabf91,ff0f36dfa5756378b0440c02bd3ab9330e70c5e0bee1024aeb5810f56e46152f,RESERVE_CANDIDATE_REQUIRES_RPC_AND_PAIR_EVIDENCE,False,False,False,False
stepp2p,bsc,56,2025-05-08T13:03:54Z,10,100,0x13028c36ec46007e2657f6eddad1c210f13328a4,56:0x13028c36ec46007e2657f6eddad1c210f13328a4,UNKNOWN_REQUIRES_RPC,-1,0xef1b314b5fd8db8e5d1b1beffb07fff9972888e501f08184a789a7ecad31fab7,48431476,UNKNOWN_REQUIRES_RPC,False,v2/contract_deployments/contract_deployments_30000000_31000000.parquet,0d12ca90369256d040cf542c85f6ffcf446e4e3e8d19fd878d446ff8ed9337b7,7a35756e599ea508fbadbd8c951bc98526f799bc254dc6aaac95142127da11d6,0004e942bab811da008f0555574d6295137add4021de06493afb79913a701aa9,bb8da9c7ab6736caca85e044ef64938be3dc2bc2bd7d12323af95b3866b3946f,RESERVE_CANDIDATE_REQUIRES_RPC_AND_PAIR_EVIDENCE,False,False,False,False
sut,bsc,56,2023-06-08T16:57:56Z,10,100,0x31f8c29f2c93248e8a8f40db31ced98a3d538e8c,56:0x31f8c29f2c93248e8a8f40db31ced98a3d538e8c,UNKNOWN_REQUIRES_RPC,-1,0x16c2ee0fba1bcd5040bbc66ea7dfa30dcdbe7dc10955fe7a9f60e0e5d21ad619,28092381,UNKNOWN_REQUIRES_RPC,False,v2/contract_deployments/contract_deployments_6000000_7000000.parquet,408541b1fff35d9d72eb413a63bd7e1ecdfd299daa7ca67b3c7185856aa6aef7,edb876ccdfc2cee19ec2cb6b303f203f5557563b69292002b758eb7b1a172e3f,00000f41374c2d7f49d938b43ce2dad57fe7ee3e6f46659ff0b257e3fb707e4d,20ba6f20e5d62b37269d5b6768e6166b928a092cecb8f42cf6ea5cd801ac3e13,RESERVE_CANDIDATE_REQUIRES_RPC_AND_PAIR_EVIDENCE,False,False,False,False
swampfinance,bsc,56,2021-03-10T12:15:17Z,10,100,0x8ca3bd13bbf3468d48369df508b9b614d9aa1802,56:0x8ca3bd13bbf3468d48369df508b9b614d9aa1802,UNKNOWN_REQUIRES_RPC,-1,0xbde30045590569f2544dcecd1d6ac0bea20f768badf18db68beaa9a676f6675f,5415668,UNKNOWN_REQUIRES_RPC,False,v2/contract_deployments/contract_deployments_30000000_31000000.parquet,0d12ca90369256d040cf542c85f6ffcf446e4e3e8d19fd878d446ff8ed9337b7,5fa0bdb9f67e274ecd79b86dd0efc35eede879dac3be71c5d35ade6d4e538bd9,0000283413687c0147311147f53b8b4f0d069f13a67b51d318c4928bd4fda61e,d08a3a992a81d216babf2b7cd910c5bb1475dfb0f21c4e49761b2b2895736ad2,RESERVE_CANDIDATE_REQUIRES_RPC_AND_PAIR_EVIDENCE,False,False,False,False
tgbs,bsc,56,2024-02-10T12:25:57Z,10,100,0x05e4db66d8619df4f24c1c0bf0aeb24d65fd29bf,56:0x05e4db66d8619df4f24c1c0bf0aeb24d65fd29bf,UNKNOWN_REQUIRES_RPC,-1,0x9ed995c69d12ed21747922ef3ad6f9b96d5a89dc290f84a8c8c0d45adcb880ee,35610089,UNKNOWN_REQUIRES_RPC,False,v2/contract_deployments/contract_deployments_30000000_31000000.parquet,0d12ca90369256d040cf542c85f6ffcf446e4e3e8d19fd878d446ff8ed9337b7,980a377241b9fea9bb460abc413e3f41cc19eda77d9269f91239d7c08ac21ca1,00015d57776d74d5e26188d2378f3a72091a4c3101064107a97cee612fd9c44a,e6e7b33122b625d50dfee0d9c0956900d58e555e466f6699e3195eb1c3c1849e,RESERVE_CANDIDATE_REQUIRES_RPC_AND_PAIR_EVIDENCE,False,False,False,False
tifi,bsc,56,2022-11-13T06:02:57Z,10,100,0x118c5dfc7f12f310071dc241bcbaabf837ca14a8,56:0x118c5dfc7f12f310071dc241bcbaabf837ca14a8,UNKNOWN_REQUIRES_RPC,-1,0x76e13d5292af49a9fb68df3cf2b63bbed02d238c6328fab546dd64838ff508eb,22855700,UNKNOWN_REQUIRES_RPC,False,v2/contract_deployments/contract_deployments_30000000_31000000.parquet,0d12ca90369256d040cf542c85f6ffcf446e4e3e8d19fd878d446ff8ed9337b7,c5650a78693a075b6867d8f6a8c0c3a4fc92555a3f85ce24118bbc46753c96a1,0000045a4ee9180caa697ded81688f7963b35733485f1f72a65472a9c0b02b7e,243c096a7616e29390dba023b1578a5da0636a2f83811e20c4c1fdca884a8f3c,RESERVE_CANDIDATE_REQUIRES_RPC_AND_PAIR_EVIDENCE,False,False,False,False
tradeonorion,bsc,56,2021-03-01T16:31:46Z,10,100,0x8ffdecf8a190acf670498a404492186ac3dd6127,56:0x8ffdecf8a190acf670498a404492186ac3dd6127,UNKNOWN_REQUIRES_RPC,-1,0x6da387fc2b84fb8c6485af264f61482d0b185f977d154dcaf24214cfcb992d08,5220771,UNKNOWN_REQUIRES_RPC,False,v2/contract_deployments/contract_deployments_29000000_30000000.parquet,3255e78e345aff80bfd6dfc7d760f4bda3a96fce4225cc3e128ce3d21ff32822,f15b0e93acfe109e5f782ebf729a0cfebcf823ef748659d617f235f5a3a13105,0003246c028191325fe5d8b553bbe39aae88ea6c550788b0fe9b333a67ff3d68,054b0db195116c7f4814e3e7af631ddcf64d1e24e05ea95679631ec2532f63ed,RESERVE_CANDIDATE_REQUIRES_RPC_AND_PAIR_EVIDENCE,False,False,False,False
uearnpool,bsc,56,2022-09-18T03:28:47Z,10,100,0xdfe6cce7ecf71fd5da192bc709aff3f2d3d201b0,56:0xdfe6cce7ecf71fd5da192bc709aff3f2d3d201b0,UNKNOWN_REQUIRES_RPC,-1,0xc80d1a7c94da02b57036e54b9552b5a73c095427cee74afcd3b23ac48e373a45,21229573,UNKNOWN_REQUIRES_RPC,False,v2/contract_deployments/contract_deployments_7000000_8000000.parquet,54cb1c23725d5765da58c76ee4eb73bb326370e440cb6baab9e8463544906967,9e12c0ba8ad528cd1686ff273d51230f82e9bb166b6f4a1c8a86ad4ed9492e27,00007d052f7dbfd98c1b51457bd30c1e043f023d8daf5462808ac9a33dd50e2d,42191be5817e1f4ea7b4371d6314498d8d716a0a2b9fefaed800e275bb23ffb2,RESERVE_CANDIDATE_REQUIRES_RPC_AND_PAIR_EVIDENCE,False,False,False,False
ulme,bsc,56,2022-10-20T14:46:15Z,10,100,0x14be2fe1b5c9e8b6eeb685a8bb5ecaabc08f09e8,56:0x14be2fe1b5c9e8b6eeb685a8bb5ecaabc08f09e8,UNKNOWN_REQUIRES_RPC,-1,0x2c5b2f2132fd166011539680b1ed5566064f0fb9428a4405e3eeca99f186a7ac,21993381,UNKNOWN_REQUIRES_RPC,False,v2/contract_deployments/contract_deployments_29000000_30000000.parquet,3255e78e345aff80bfd6dfc7d760f4bda3a96fce4225cc3e128ce3d21ff32822,8de0300c55ae35c4d687279e6b7386a8a62d159a0038b05cc7e173095c48849e,0006984a101223141fc34e086109a4bbfeb389a13445ef33e0f2f85bc7ef330b,bbb249eed7025175a8838a48513658f3ec8c331a0e60e28fbf98fa5fbbc3468a,RESERVE_CANDIDATE_REQUIRES_RPC_AND_PAIR_EVIDENCE,False,False,False,False
ulme_2,bsc,56,2022-10-20T14:46:15Z,10,100,0x42e0aee9c4c97c93641e4655f882a93e7db33a70,56:0x42e0aee9c4c97c93641e4655f882a93e7db33a70,UNKNOWN_REQUIRES_RPC,-1,0xab3ab64d6f636060a981a7b70162426f8cb6ecff28480ef5ce551301e3885d9e,21922340,UNKNOWN_REQUIRES_RPC,False,v2/contract_deployments/contract_deployments_29000000_30000000.parquet,3255e78e345aff80bfd6dfc7d760f4bda3a96fce4225cc3e128ce3d21ff32822,5322d1047b33083079ab3a9bfffd81b8ffd3bc9e1f92fae61a9ba5ee6092d5d9,000090054be085af7e488307885e5bf9384dc6074b8fc8dc1c8ae898e946cb7c,f6fede23ac1a1f1e9ab7069bb4cb6d42de53222cec3a31807f713d56da0a49d2,RESERVE_CANDIDATE_REQUIRES_RPC_AND_PAIR_EVIDENCE,False,False,False,False
un,bsc,56,2022-07-21T00:55:49Z,10,100,0xf1fcc089cecdc0ad1bb1e8f62a3b0c4076214322,56:0xf1fcc089cecdc0ad1bb1e8f62a3b0c4076214322,UNKNOWN_REQUIRES_RPC,-1,0x1013a34c91deffb922611fd54d6c330048f85c485c50d5bee12cd16a9c997df3,19360942,UNKNOWN_REQUIRES_RPC,False,v2/contract_deployments/contract_deployments_30000000_31000000.parquet,0d12ca90369256d040cf542c85f6ffcf446e4e3e8d19fd878d446ff8ed9337b7,7f8ee460bdb913550e3d2b3fb50800917cb04dd0ec16c7a1a0d0beb254f2d1a7,0000304f52c23e0ca258eb88ad9caf0d885145ee79c51a92d576a381934e3d3b,d1c65df47c5245fdfcc68da00bd1e6503b126a4006dbe01e40b3755eabf883eb,RESERVE_CANDIDATE_REQUIRES_RPC_AND_PAIR_EVIDENCE,False,False,False,False
unverified,bsc,56,2022-08-12T11:19:30Z,10,100,0x4eb02aab9427911ae6f4105a76eb50953d95efa5,56:0x4eb02aab9427911ae6f4105a76eb50953d95efa5,UNKNOWN_REQUIRES_RPC,-1,0xae5503831f83d07395fe41a21518083ef385a60912a78866eed9478a5fe55d1a,20030663,UNKNOWN_REQUIRES_RPC,False,v2/contract_deployments/contract_deployments_6000000_7000000.parquet,408541b1fff35d9d72eb413a63bd7e1ecdfd299daa7ca67b3c7185856aa6aef7,12c4ed16760bc9770fa7efdf823f443ade42bada41d86fa13fa6865235d3778d,00010880ee5d762cb1022764a431d84d59e4f971c1a48008bffac74b04a501b4,03533da776efd31149093521cde47616233ecfd1928a826f04934b1cadb0050e,RESERVE_CANDIDATE_REQUIRES_RPC_AND_PAIR_EVIDENCE,False,False,False,False
uranium,bsc,56,2021-04-17T06:34:05Z,10,100,0xfeea0bdd3d07eb6fe305938878c0cadbfa169042,56:0xfeea0bdd3d07eb6fe305938878c0cadbfa169042,UNKNOWN_REQUIRES_RPC,-1,0xe8152e81788fa103e2d6b180faf495cdc88ded062b83d191526de09baa1b80d0,6247912,UNKNOWN_REQUIRES_RPC,False,v2/contract_deployments/contract_deployments_5000000_6000000.parquet,eb8d1ad9c414a2cf0a36d3fe5aa0b10e20823399807f3e5cfb6815af4b301cd7,f32c3685b248c7983840c7159015e94122ab77f881a5dcd3de764827ed2fdf8e,00006c17e3e63d2ed922b39ecfc3a131faf2aa26c88cc27752baebf45ebbb4d0,b0561c7d2aedc8f956769638dcce72ee98aa1b757c119eb518dce36103384477,RESERVE_CANDIDATE_REQUIRES_RPC_AND_PAIR_EVIDENCE,False,False,False,False
utopia,bsc,56,2023-02-25T12:24:16Z,10,100,0x04ea21c299c42519a7e4b92c0d4bc26526d06219,56:0x04ea21c299c42519a7e4b92c0d4bc26526d06219,UNKNOWN_REQUIRES_RPC,-1,0xa57ddbe00049ae6fa7162898b2bb09346f8aa501f90647fe9392197d0c501a59,25778449,UNKNOWN_REQUIRES_RPC,False,v2/contract_deployments/contract_deployments_6000000_7000000.parquet,408541b1fff35d9d72eb413a63bd7e1ecdfd299daa7ca67b3c7185856aa6aef7,0e7e7ac6eebb901f43a522816d0db410013b6dae677530f579288b726b5b491e,0002c6430fe03c008485ea73e1fad33f78840ac5f2793740bfd29ce0dbb6c5aa,f37341f57def72304c6582d061b732c375249d5148e202bdd21d2a59ce1e9292,RESERVE_CANDIDATE_REQUIRES_RPC_AND_PAIR_EVIDENCE,False,False,False,False
valuedefi,bsc,56,2021-03-06T07:52:08Z,10,100,0x7004cea71cb813572e3ef0a7adc12cecc9503bd8,56:0x7004cea71cb813572e3ef0a7adc12cecc9503bd8,UNKNOWN_REQUIRES_RPC,-1,0xd656643a023893c4242fde1f9458de4419e84b4f93b31e0202085411fba1e16f,5196450,UNKNOWN_REQUIRES_RPC,False,v2/contract_deployments/contract_deployments_1000000_2000000.parquet,7529540c96f11e4fc0d376fd36b2953644bebebe317a864615e2d14403a341fe,417b46952073b2a10cf7d9db9b0f0bfb90801b044ec27cfe07266030b1631948,001c7d3ab2792a9e3a8204fbb53e6403f5728b331ddc40d2badce5c731ce7692,92e9c1569744227366147cb8cc19b841c8c03494062d5c4caa1c7ec7aec86edf,RESERVE_CANDIDATE_REQUIRES_RPC_AND_PAIR_EVIDENCE,False,False,False,False
venus_the,bsc,56,2025-01-28T15:33:23Z,10,100,0xd65637dc1373fd3dcfca4ec25f01cfed2a298e0a,56:0xd65637dc1373fd3dcfca4ec25f01cfed2a298e0a,UNKNOWN_REQUIRES_RPC,-1,0xcc55ef3f94600b0f6dc4707260e084ba8ac9e7fc7972fa11748c53618fb86d16,45963075,UNKNOWN_REQUIRES_RPC,False,v2/contract_deployments/contract_deployments_29000000_30000000.parquet,3255e78e345aff80bfd6dfc7d760f4bda3a96fce4225cc3e128ce3d21ff32822,ba89d83ab2493eb807b265a7117c1dd7fae12c5819e591f40769a0f66594288a,00051084a16e454422bedd3f0ebf1d58df058a5cb988008bda14894bb516a2a1,c298e7ec323514f568950222bdd3fed04326313687676f1c30c6940ddd44f7a9,RESERVE_CANDIDATE_REQUIRES_RPC_AND_PAIR_EVIDENCE,False,False,False,False
vista,bsc,56,2023-07-20T08:36:40Z,8,80,0x4fa17878dca70553f3970aa2753298a64e59be3a,56:0x4fa17878dca70553f3970aa2753298a64e59be3a,UNKNOWN_REQUIRES_RPC,-1,0x44c29be9fa0f49927a27221df901422ace439cbcd7bd137ffec4b720728538e7,30076625,UNKNOWN_REQUIRES_RPC,False,v2/contract_deployments/contract_deployments_30000000_31000000.parquet,0d12ca90369256d040cf542c85f6ffcf446e4e3e8d19fd878d446ff8ed9337b7,e0757204404b5bdbb4bfe7fe0d1b4a213f389a1a3b76b5a7af35e1e0b96bcce4,0003973e2b833e34cfd16e70037a7c7e890efb3cd7772262d24f2174ff7f9432,08c3f4e2e92b1db9c7751b06730ee9afcb76d4644ff2301db81adbfa9056fe88,RESERVE_CANDIDATE_REQUIRES_RPC_AND_PAIR_EVIDENCE,False,False,False,False
vtf,bsc,56,2022-10-10T13:43:10Z,10,100,0xe7c4606a8a4d8c6d31af2f862297aba388869813,56:0xe7c4606a8a4d8c6d31af2f862297aba388869813,UNKNOWN_REQUIRES_RPC,-1,0xc342151aaa55d85b4e8748524bec82a4c6d6d8f96dbc6f0e6c9f51ad5db7c2bf,21500044,UNKNOWN_REQUIRES_RPC,False,v2/contract_deployments/contract_deployments_30000000_31000000.parquet,0d12ca90369256d040cf542c85f6ffcf446e4e3e8d19fd878d446ff8ed9337b7,33e358f9ea5cae2b62ae38c3a541f7df1db6813d0c9f2657dab7066e7bc74b0b,0005965c4fd31d193d008bdd9a4307e5424e025a96307390dffcdf651d73af1e,d097438ed3eec498ad9d1bd23f9fab4bd2f9f297e476048ede861019e57a4371,RESERVE_CANDIDATE_REQUIRES_RPC_AND_PAIR_EVIDENCE,False,False,False,False
w_key_dao,bsc,56,2024-11-08T11:47:51Z,10,100,0x4b3538d56e13caef995ab2a7018d6c6ff4386bb6,56:0x4b3538d56e13caef995ab2a7018d6c6ff4386bb6,UNKNOWN_REQUIRES_RPC,-1,0x684abf15ec1eb29738e350947f4615442d27627295105a77c149ad48e88ff5ac,42938849,UNKNOWN_REQUIRES_RPC,False,v2/contract_deployments/contract_deployments_30000000_31000000.parquet,0d12ca90369256d040cf542c85f6ffcf446e4e3e8d19fd878d446ff8ed9337b7,e9edc071ab674b01c568e0712cc9fe46e87f32d5e4b0ade8b1d714c9ed8bcaff,000359efd82d74a2b79899430349823ea4cb426597c0fea160bf2765b4c6f321,45bde2ed37a437771c547da1312f836125de031f5d113afcab1b0a2d39e8e738,RESERVE_CANDIDATE_REQUIRES_RPC_AND_PAIR_EVIDENCE,False,False,False,False
wdoge,bsc,56,2021-06-04T02:12:45Z,10,100,0xdc80f1ad93f65ed580262568cece59f56dff2433,56:0xdc80f1ad93f65ed580262568cece59f56dff2433,UNKNOWN_REQUIRES_RPC,-1,0x92c7006f62ced971eaa1ef7f394c08d2b8c7579df472202693e33ab88e949a96,7391894,UNKNOWN_REQUIRES_RPC,False,v2/contract_deployments/contract_deployments_29000000_30000000.parquet,3255e78e345aff80bfd6dfc7d760f4bda3a96fce4225cc3e128ce3d21ff32822,72ebee40b748a4cc247dda8f620ca94f18cf7f9404e831d143b8e76b2f23c970,00000e29e4abf175845111d5f025609026661e72eef09a7a26f200518e0f42ac,604d081313ad6b3136252d91ebb61f6745c572f52cbe46d11265753094ec9931,RESERVE_CANDIDATE_REQUIRES_RPC_AND_PAIR_EVIDENCE,False,False,False,False
weco,bsc,56,2023-08-12T20:33:34Z,5,50,0xf53e39c53d250176cd12f13357e085aa884de374,56:0xf53e39c53d250176cd12f13357e085aa884de374,UNKNOWN_REQUIRES_RPC,-1,0x9cae56d132e047bb48a537d6e0d6254ea729d42fa5b3196ece9451fed2fb66b5,30087376,UNKNOWN_REQUIRES_RPC,False,v2/contract_deployments/contract_deployments_29000000_30000000.parquet,3255e78e345aff80bfd6dfc7d760f4bda3a96fce4225cc3e128ce3d21ff32822,6ec77bd21e01043c2104a20497a978957000d0c7378f62fc9ce17a7e7201a0f6,00090b10f589ba8f9ac5621de0fe679aaff554dad9c68314da7a1abd12767a46,2e46a04963a0b2f87a0471ca991714e4bb7a8b6833139be652a8f0e17929812d,RESERVE_CANDIDATE_REQUIRES_RPC_AND_PAIR_EVIDENCE,False,False,False,False
wgpt,bsc,56,2023-06-20T07:27:30Z,10,100,0x4baad18e5e5cc4b03a57566b4bd37b15307a83bc,56:0x4baad18e5e5cc4b03a57566b4bd37b15307a83bc,UNKNOWN_REQUIRES_RPC,-1,0x76eb8bcaafce02ec31bee999ecfeb9940a05adf2908fdf72f4b41042647064cb,28460618,UNKNOWN_REQUIRES_RPC,False,v2/contract_deployments/contract_deployments_6000000_7000000.parquet,408541b1fff35d9d72eb413a63bd7e1ecdfd299daa7ca67b3c7185856aa6aef7,e39db775f1416edb24841c8ab075e31bb37423e25fc36f857698e47efd1e7a0e,0004372c75040dffa3949638f290284de16fe1ce2c305fc4277dbbfa643d307a,231b953d1e2d5ae0448b4d0cf07d7ebe67f09407ebc21a9f119709eef944585b,RESERVE_CANDIDATE_REQUIRES_RPC_AND_PAIR_EVIDENCE,False,False,False,False
will,bsc,56,2024-06-26T10:52:52Z,10,100,0xadfcaacd13373a938bd8704d5179784849133bc9,56:0xadfcaacd13373a938bd8704d5179784849133bc9,UNKNOWN_REQUIRES_RPC,-1,0xbb964422b240a07c00fd148d2950760e0f85d39cbbe1c9e0689d192da01dad29,39655536,UNKNOWN_REQUIRES_RPC,False,v2/contract_deployments/contract_deployments_29000000_30000000.parquet,3255e78e345aff80bfd6dfc7d760f4bda3a96fce4225cc3e128ce3d21ff32822,1831d2ba40661b41d3c1ebf9c997ae89792a76ff803d2455fdd9033d69f74e7b,000ae83027ad6fbbd56e82a7edcb965513c1e9766a50c9fd597db8102eec5449,fba90e4349d052958597e951c448ad5621a54be3badcc1c9e425f42739cfd8e7,RESERVE_CANDIDATE_REQUIRES_RPC_AND_PAIR_EVIDENCE,False,False,False,False
wsm,bsc,56,2024-02-09T13:58:58Z,10,100,0x893f3593b82ac03921797a1085743c84591253cb,56:0x893f3593b82ac03921797a1085743c84591253cb,UNKNOWN_REQUIRES_RPC,-1,0x2e66ede18418017fbdf67c41c9e00a9a23065f91deb8ed693ead4b27bbf358bc,35123150,UNKNOWN_REQUIRES_RPC,False,v2/contract_deployments/contract_deployments_29000000_30000000.parquet,3255e78e345aff80bfd6dfc7d760f4bda3a96fce4225cc3e128ce3d21ff32822,b5f1c23cfd5935e326d62049bfdaf6a00d739635798ee1137fc52b86e293cf57,000136274f0436515ff24d661dd27aa30444345a06723793faa8b14200123814,5cd5e77684e98f9746a73a1fd7f8f35e4980a0fec1cdfa6b85736be91bbd418b,RESERVE_CANDIDATE_REQUIRES_RPC_AND_PAIR_EVIDENCE,False,False,False,False
xsdwethpool,bsc,56,2023-06-25T13:03:45Z,10,100,0x6eebdcbd7bdee9ec7905733e2526880064ece70a,56:0x6eebdcbd7bdee9ec7905733e2526880064ece70a,UNKNOWN_REQUIRES_RPC,-1,0xf510ef24dea4505de18283ef37a331ae1866a19789b071151b20bf98f18873a2,28778226,UNKNOWN_REQUIRES_RPC,False,v2/contract_deployments/contract_deployments_29000000_30000000.parquet,3255e78e345aff80bfd6dfc7d760f4bda3a96fce4225cc3e128ce3d21ff32822,ce9aa3025cebadd59ff11508a71f26a8e96a9c107347f665244d2bf961c65b68,000033003115944befba7bd693ba757773c0ec2a0762c026fb50a8b755fbf545,dd947d5ac0c6feeaa977f6a5e66163662cff7d24738e91d86c0957e1d7505251,RESERVE_CANDIDATE_REQUIRES_RPC_AND_PAIR_EVIDENCE,False,False,False,False
xsij,bsc,56,2024-01-26T12:33:31Z,10,100,0xdd18e06984932198ab11d81900ac65814bf17a47,56:0xdd18e06984932198ab11d81900ac65814bf17a47,UNKNOWN_REQUIRES_RPC,-1,0x3dc3ed07e28a0bf984e320ffdb3b2739c136dc6b082f9bada2bcf18e2519517d,34891107,UNKNOWN_REQUIRES_RPC,False,v2/contract_deployments/contract_deployments_29000000_30000000.parquet,3255e78e345aff80bfd6dfc7d760f4bda3a96fce4225cc3e128ce3d21ff32822,d6f7cc8e7556d654b86e17885651dac522d124665dac7d428512ea19df945ef1,000040f02fa254a644ee69f21b2552d2ab5054d0bdcc127d84fce90bdf6ae8ba,a6e2489e2edfcb6ab8ae18c16533a3dffddc612965e8f9bc09d8613c25f35208,RESERVE_CANDIDATE_REQUIRES_RPC_AND_PAIR_EVIDENCE,False,False,False,False
xsurge,bsc,56,2021-07-31T07:47:45Z,10,100,0x8a60e112df1b334590008ac88309e98506bbffa9,56:0x8a60e112df1b334590008ac88309e98506bbffa9,UNKNOWN_REQUIRES_RPC,-1,0x250458347cb180a1bdcc659ed56ad299bab932033e5717e9ee7e1bb2626f904e,9341237,UNKNOWN_REQUIRES_RPC,False,v2/contract_deployments/contract_deployments_6000000_7000000.parquet,408541b1fff35d9d72eb413a63bd7e1ecdfd299daa7ca67b3c7185856aa6aef7,6a7efc3ec63b1237bfa192dc0c2ad5c5987156a8480b960c3a59877bf1755f2c,00031c7ef32c6d8adbe16ddbad2f917d36c04dc710b27cb4a9b80bae5a8e1901,b2eb308f1bfc86b5d49139c1293c76d21ef03562c40f5117bc22e1cbdcc6b4aa,RESERVE_CANDIDATE_REQUIRES_RPC_AND_PAIR_EVIDENCE,False,False,False,False
xwin,bsc,56,2021-02-16T12:22:25Z,10,100,0x4f0d3f5583ec85b3c762a30ed60178972f74a416,56:0x4f0d3f5583ec85b3c762a30ed60178972f74a416,UNKNOWN_REQUIRES_RPC,-1,0xa4fef321033aa7e838f81ce6931ea5a3d41eab4e998fa81e316b0ea4374e874f,4783238,UNKNOWN_REQUIRES_RPC,False,v2/contract_deployments/contract_deployments_1000000_2000000.parquet,7529540c96f11e4fc0d376fd36b2953644bebebe317a864615e2d14403a341fe,6eda71ab03a8986d2ae5a88ae506a0eb71faf5bfa08da3aaeacbf892735fe081,000e201af2e9d93c6a68a4a2d280e909a0756decb80f7e519eeb38a8bcc9cfea,a7003da51d4d4addd172c2ee21c56032970583cec62e5200682cc6a5defc9d51,RESERVE_CANDIDATE_REQUIRES_RPC_AND_PAIR_EVIDENCE,False,False,False,False
z123,bsc,56,2023-09-19T06:09:32Z,10,100,0xae66778dfb0cb3c424d69b229cf3a96af62726d0,56:0xae66778dfb0cb3c424d69b229cf3a96af62726d0,UNKNOWN_REQUIRES_RPC,-1,0x388fd2cf12e9e13e401e90e0ae0f1da3c80e25bdbb2508a2ae53461e80a8ea89,31760549,UNKNOWN_REQUIRES_RPC,False,v2/contract_deployments/contract_deployments_30000000_31000000.parquet,0d12ca90369256d040cf542c85f6ffcf446e4e3e8d19fd878d446ff8ed9337b7,cd9a5afcec8516a9f1b429af2a1e73ddc5e77c7a47a240c58d1bea892e58c0a2,000182482a9dc9aa24f8b5d57ef44bd37d84c62bf34d4c3c747d3606e4287c69,2153d9ede8d0b263e2e081687443cfaaa9aaf5e017c483e7077da85254ec48b8,RESERVE_CANDIDATE_REQUIRES_RPC_AND_PAIR_EVIDENCE,False,False,False,False
zeed,bsc,56,2022-04-21T05:46:14Z,9,90,0x6916733a00b1e72b2c7ea546462df02e2c556753,56:0x6916733a00b1e72b2c7ea546462df02e2c556753,UNKNOWN_REQUIRES_RPC,-1,0x90eb9ee5d9d54aeb2f10d48b2e910a32b8821829530fc7ff7fab5b88a71df194,17114434,UNKNOWN_REQUIRES_RPC,False,v2/contract_deployments/contract_deployments_6000000_7000000.parquet,408541b1fff35d9d72eb413a63bd7e1ecdfd299daa7ca67b3c7185856aa6aef7,4b5472e9dbcf638b064164802a38841e3021daec649642545b250f29b76270d3,0001383a2722003d8c4a7848f89bb6eb82bbf60c3771162e72e393ae9a62fdc1,33015d97239af2fb548c1b7195b191b08a168666c41796759046f84f19bfe2f0,RESERVE_CANDIDATE_REQUIRES_RPC_AND_PAIR_EVIDENCE,False,False,False,False
zs,bsc,56,2023-09-27T10:35:06Z,10,100,0x14b06dcf69b5c5c7590600ffa8f88aa44c1372ef,56:0x14b06dcf69b5c5c7590600ffa8f88aa44c1372ef,UNKNOWN_REQUIRES_RPC,-1,0x16e4d18f95c5e8043316b00315f6a8d612fc3ae39ecc5b3631d6929c0499fd1a,31247682,UNKNOWN_REQUIRES_RPC,False,v2/contract_deployments/contract_deployments_30000000_31000000.parquet,0d12ca90369256d040cf542c85f6ffcf446e4e3e8d19fd878d446ff8ed9337b7,05cb8f38bc16b02555a89ea5716c4067c69f079c0af8dfa13e06c528335b2154,0005495a6372f30a9caa8f4034efc5f1ea5658efa97b9cd16cfe3ac3e1286ba9,96e7206728b13c7f5d14396f6f813c0fec40af0b8216afe448fd45f2ef774e4d,RESERVE_CANDIDATE_REQUIRES_RPC_AND_PAIR_EVIDENCE,False,False,False,False
BetaPresale,bsc,56,2021-04-15T09:12:04Z,6,60,0x05b46f22a5772ead91aad295f14087d95fa79e0b,56:0x05b46f22a5772ead91aad295f14087d95fa79e0b,UNKNOWN_REQUIRES_RPC,-1,0x30ae460c170db16e745afdd21a7264accf7521d7582b24766a0e6793e2a5e331,6342996,UNKNOWN_REQUIRES_RPC,False,v2/contract_deployments/contract_deployments_9000000_10000000.parquet,6777e0b50be1d60a845e1be0313473c99fb8675967b51e4530577f82391cd3cf,6dfad7689afdbb602f101e6cfeba022a98ccf4eec7edc7282891ce8f18527e01,0001fa970af962ce05e085089106b8ac3352df8e301f75f47e584adc477875d1,9b302c178a358aab0617b874e868aa545bbff12013ae94e41237f0cd3bbc5a55,RESERVE_CANDIDATE_REQUIRES_RPC_AND_PAIR_EVIDENCE,False,False,False,False
BitCrown,bsc,56,2025-06-08T18:22:23Z,7,70,0x185560de7eb9b48cf3d9806c562e255bd2fffaf5,56:0x185560de7eb9b48cf3d9806c562e255bd2fffaf5,UNKNOWN_REQUIRES_RPC,-1,0xa43541463f8372a7f464c53c3174d884d2765198204ceb1c2e692dd1b91515da,50303930,UNKNOWN_REQUIRES_RPC,False,v2/contract_deployments/contract_deployments_29000000_30000000.parquet,3255e78e345aff80bfd6dfc7d760f4bda3a96fce4225cc3e128ce3d21ff32822,f7c192d80b52083a5c9fbf149e20db8f5166d98be1ba23e25431a9dfd8d9c1f1,0006c30e5585e3e70a558f6e28e96e72fffeab0adebfc41b3e8c7d3a31eb4def,4ba6bf4ac5ba1d46305019c7667b5941031a533897ab1a47bc42f3bb045736f5,RESERVE_CANDIDATE_REQUIRES_RPC_AND_PAIR_EVIDENCE,False,False,False,False
Bitallx,bsc,56,2025-05-15T06:01:07Z,9,90,0x0803577219a1cc96dbe051c26e4767d6c1906e86,56:0x0803577219a1cc96dbe051c26e4767d6c1906e86,UNKNOWN_REQUIRES_RPC,-1,0x1305aad92566951a5d65916cef4b95b60af57ef449a21ab32afcc7b3e02a2c20,49071277,UNKNOWN_REQUIRES_RPC,False,v2/contract_deployments/contract_deployments_29000000_30000000.parquet,3255e78e345aff80bfd6dfc7d760f4bda3a96fce4225cc3e128ce3d21ff32822,c4a49f7b0f7966805cf4753240a1c8d99e7df71eee3de4a856cadc121a0b1741,000f2695c2038e7bc89cf8461364d564f06ff364f9b2afaa7f22105121072911,d97605c01a1ffd2328400e34b15532fee9361f167ed71e46a34500b9a686c20e,RESERVE_CANDIDATE_REQUIRES_RPC_AND_PAIR_EVIDENCE,False,False,False,False
FlyLong,bsc,56,2023-11-29T19:17:34Z,1,10,0x5c28b734cb8dfebe2d97e3efcf027e56423971b0,56:0x5c28b734cb8dfebe2d97e3efcf027e56423971b0,UNKNOWN_REQUIRES_RPC,-1,0xc97ec1d170574f2c799fcd389d22500eac249bac149758f5b3319697e1b074e7,33651559,UNKNOWN_REQUIRES_RPC,False,v2/contract_deployments/contract_deployments_29000000_30000000.parquet,3255e78e345aff80bfd6dfc7d760f4bda3a96fce4225cc3e128ce3d21ff32822,03dc9d1190e0a62ff0ea8a44edb2bc2a645ea0d4012b9da959a09aea63c8b42b,00070d924b9b30399ad86401d7690586a23607a3f791ddfae79387d050003115,a9d0ff5b6dd3f2d73893babaf72af678d5d346a561079d7f1fa4d93a9c4fbe82,RESERVE_CANDIDATE_REQUIRES_RPC_AND_PAIR_EVIDENCE,False,False,False,False
GMT7,bsc,56,2025-02-08T12:45:18Z,7,70,0xf1e5d1b4d4e82ef6acc8d940d5627f2972f7cc44,56:0xf1e5d1b4d4e82ef6acc8d940d5627f2972f7cc44,UNKNOWN_REQUIRES_RPC,-1,0x1dce33af69e7af354eb18275a818bff2a05c296d88439b824fab966ecbacac85,45825811,UNKNOWN_REQUIRES_RPC,False,v2/contract_deployments/contract_deployments_30000000_31000000.parquet,0d12ca90369256d040cf542c85f6ffcf446e4e3e8d19fd878d446ff8ed9337b7,a356c1c8dbcfb0a7cd74bda9ac7c98eec518b0a3cca6276cb914539b799d42f2,000a222f0039b2dd48338a97320f73a4e4ede20b1c15dc863c09f9bd02324860,069915e7bbfbe49ec3d0320db337349a2c2422d574426235e3ab2c4b321db87e,RESERVE_CANDIDATE_REQUIRES_RPC_AND_PAIR_EVIDENCE,False,False,False,False
HORS,bsc,56,2021-05-13T02:56:01Z,4,40,0x3c57a6ac672dac1dcbeb02b01fdcb834e0766ca4,56:0x3c57a6ac672dac1dcbeb02b01fdcb834e0766ca4,UNKNOWN_REQUIRES_RPC,-1,0x54f59004a212c05711d4c95c94b575f03b29dacf13dd54c59040e113ab0c99a3,6848143,UNKNOWN_REQUIRES_RPC,False,v2/contract_deployments/contract_deployments_30000000_31000000.parquet,0d12ca90369256d040cf542c85f6ffcf446e4e3e8d19fd878d446ff8ed9337b7,ba814f152f33c985d06ef29198fe95ec93a3f2c1e114f72d698d6b6f590b70c3,0001ae327943fc11270c597d9ff7d707bf26b8a5c0c86f3d957a420ca399c4ae,b5e4f323483a1c145551765ea2d1b60f5c5121233fdaa88b04f9ed65de02feb7,RESERVE_CANDIDATE_REQUIRES_RPC_AND_PAIR_EVIDENCE,False,False,False,False
HoldSafe,bsc,56,2025-03-15T16:16:22Z,8,80,0xf7450e530116bf7f65c98a89fd5d791e799441e4,56:0xf7450e530116bf7f65c98a89fd5d791e799441e4,UNKNOWN_REQUIRES_RPC,-1,0xbb6a50aec29d6a829295a6a069d6a765c838b53c85c4c8e62b71f9702e400022,46922465,UNKNOWN_REQUIRES_RPC,False,v2/contract_deployments/contract_deployments_30000000_31000000.parquet,0d12ca90369256d040cf542c85f6ffcf446e4e3e8d19fd878d446ff8ed9337b7,ad75058777ffcd9c8e4ada0cd4beb309bcbbb6f87edce49c1456f433bd564d7d,000f485f4bfc386e627c3853365e7cf024583a99686815b47615e0c8354e3894,aa60fd2eeb8b6b874354d508d4b23a0402d027530104d25989f5ff3cf6077809,RESERVE_CANDIDATE_REQUIRES_RPC_AND_PAIR_EVIDENCE,False,False,False,False
JUDAO,bsc,56,2026-01-18T00:52:05Z,2,20,0x0b08225dca212f35fe8b949b27f3f750ffb2e7bb,56:0x0b08225dca212f35fe8b949b27f3f750ffb2e7bb,UNKNOWN_REQUIRES_RPC,-1,0x29a26c849cbd28ac7c20787b4142911246a7d27212908c67679fd52c5e2482d5,73633094,UNKNOWN_REQUIRES_RPC,False,v2/contract_deployments/contract_deployments_12000000_13000000.parquet,f15d5aeb7e3fcb63cca93eb03fa583594412966874735914078f617ae9c9b2ea,62349a77a32005f923fd547c1141153b33f2a5857b429c66e2d4254e63a32aa0,0000d766c013d66ce9f6a0d3e43084bdd74d1de8f275de65eb7869b58bf5c7a5,432c12ae0806573a4b5f6ed15a2762629b530291e78de4156671a7a4cd1b9c62,RESERVE_CANDIDATE_REQUIRES_RPC_AND_PAIR_EVIDENCE,False,False,False,False
LBP,bsc,56,2026-05-08T01:57:51Z,1,10,0x82d56e4d35d42ea2488ebf90bd8b6579e1af6eed,56:0x82d56e4d35d42ea2488ebf90bd8b6579e1af6eed,UNKNOWN_REQUIRES_RPC,-1,0x9611b8cd6a395ee41e7b2f7bffcc88b511eadac9f09e867f4bd5e7b5606a90be,91716206,UNKNOWN_REQUIRES_RPC,False,v2/contract_deployments/contract_deployments_30000000_31000000.parquet,0d12ca90369256d040cf542c85f6ffcf446e4e3e8d19fd878d446ff8ed9337b7,be825c8d9c78f658fa1f5cd9a16f6209a9ee40804047f4453df437bca3d0680a,0004503b6e3e378ba6c39a1dac6992d3edd1f33aa35a6f621972579295bb2e57,0128fef8f1b807201486c18713d738ccd8683010bc767fd35f7d236da9f1a411,RESERVE_CANDIDATE_REQUIRES_RPC_AND_PAIR_EVIDENCE,False,False,False,False
MFT,bsc,56,2024-11-11T05:46:00Z,7,70,0x42b52c42565e5390c8fea25624aa3afe11723c68,56:0x42b52c42565e5390c8fea25624aa3afe11723c68,UNKNOWN_REQUIRES_RPC,-1,0x037fdee8c985dc500f29588a48f8dcbc7f7ea9485fcd697ac8f59c9735758aad,43773908,UNKNOWN_REQUIRES_RPC,False,v2/contract_deployments/contract_deployments_29000000_30000000.parquet,3255e78e345aff80bfd6dfc7d760f4bda3a96fce4225cc3e128ce3d21ff32822,71e6a065347c3c45760e96997acf45632faad89a83015a63563d5778f59e3f08,0002dc6f868c6a98f2d1114e3753352e0449b4e8a345a26d49825fa4d0768ed5,8a69d3dc78bfabe4ae9906594cf74dbcc7240922bc347835a6b7bf4678d54c28,RESERVE_CANDIDATE_REQUIRES_RPC_AND_PAIR_EVIDENCE,False,False,False,False
MicDao,bsc,56,2023-10-08T02:28:34Z,7,70,0x17214c5333a56a835f1ada91d11ebb15a861445a,56:0x17214c5333a56a835f1ada91d11ebb15a861445a,UNKNOWN_REQUIRES_RPC,-1,0xf17719f7ba38f90f08c612b4e950fc24c75945c93855f5d45e0c8bbf73aee6ce,32339490,UNKNOWN_REQUIRES_RPC,False,v2/contract_deployments/contract_deployments_31000000_32000000.parquet,1096c453513646713a3b6185edd15651bf3a9599e2e334ecd82bcf3c939ca722,0e54f12bd4d3395b13fbdd26264d35aca402737ecdd524e61331a7047cb2f739,0013f0fe102e5c9fa59d958bb6ad97f8f3bd630d22d43a70bb50db71dfe27435,021008b9a4fe0029942d7a74736cb4ce62efa9c9d4a193d1986a27a332e713a1,RESERVE_CANDIDATE_REQUIRES_RPC_AND_PAIR_EVIDENCE,False,False,False,False
MyCoinMaster,bsc,56,2025-07-26T10:26:41Z,6,60,0x23376a3d6494ca8286fc588d33d070e04e029893,56:0x23376a3d6494ca8286fc588d33d070e04e029893,UNKNOWN_REQUIRES_RPC,-1,0x89dfd7a6d7ea2800d314f4c52825fd942b6bfb37f0e0ede76901cb15cbf83787,53366488,UNKNOWN_REQUIRES_RPC,False,v2/contract_deployments/contract_deployments_29000000_30000000.parquet,3255e78e345aff80bfd6dfc7d760f4bda3a96fce4225cc3e128ce3d21ff32822,8058585682a92e23428050f31679633364a62a3580e3b359aac6fd7613ed1b48,0009b2de6615f77e13e1ede6b7dc89df8d9c1efe148406cf93d825235409c236,b66c4107bccc00eeaf12bfc5eb80022f15f9292103c2f7321ebe7a9cfd35bf8d,RESERVE_CANDIDATE_REQUIRES_RPC_AND_PAIR_EVIDENCE,False,False,False,False
NFTG,bsc,56,2024-06-24T10:25:42Z,7,70,0xb58f727a23323982543bde77fd922afe63fe819b,56:0xb58f727a23323982543bde77fd922afe63fe819b,UNKNOWN_REQUIRES_RPC,-1,0xeee2d732d4ba410c876a40259c6c20e5bab7c69a191ff2ccb51ea6e18cd24502,39034233,UNKNOWN_REQUIRES_RPC,False,v2/contract_deployments/contract_deployments_29000000_30000000.parquet,3255e78e345aff80bfd6dfc7d760f4bda3a96fce4225cc3e128ce3d21ff32822,770c9f9f85b2928b0b396b59ae8851545ff33fab70ca3ad76db40ee584c1a8ca,0003a9b908dbc7b2169c5a55fc043e3fe82c1429932e36170fb299128ef68928,2d1f90d9aa9b0476f0267915a94fc175680c4816b918102b5eaf4259f7c334e2,RESERVE_CANDIDATE_REQUIRES_RPC_AND_PAIR_EVIDENCE,False,False,False,False
NGP,bsc,56,2025-09-09T01:47:01Z,4,40,0xcb5cb5de812845eb12e76b4494544aa4a0905918,56:0xcb5cb5de812845eb12e76b4494544aa4a0905918,UNKNOWN_REQUIRES_RPC,-1,0x06a090b03071131e340a952d2f81dd2a40b4a9a37319aee2c0093dc776531ce3,57003150,UNKNOWN_REQUIRES_RPC,False,v2/contract_deployments/contract_deployments_30000000_31000000.parquet,0d12ca90369256d040cf542c85f6ffcf446e4e3e8d19fd878d446ff8ed9337b7,d3153ae093b0166cf9716f9a92657bb8a361c545cf4dcf66dca5cbf1bb979973,0006053f0108ed4b8f529c0b86e9c9993688846a1a6df838dd802bfeaef99926,52b5cf1a96e105db58762652208b774f732f8ca6831d0239f6323ba05837e8ad,RESERVE_CANDIDATE_REQUIRES_RPC_AND_PAIR_EVIDENCE,False,False,False,False
Proxy_b7e1,bsc,56,2024-11-13T18:19:56Z,9,90,0x8e8e7e02ce42c77c446011e265f749c091b29c48,56:0x8e8e7e02ce42c77c446011e265f749c091b29c48,UNKNOWN_REQUIRES_RPC,-1,0x4970e40fc8304c08157378c18530b63ac12de77e85f20f676d3b5fc7abb47d58,43588313,UNKNOWN_REQUIRES_RPC,False,v2/contract_deployments/contract_deployments_29000000_30000000.parquet,3255e78e345aff80bfd6dfc7d760f4bda3a96fce4225cc3e128ce3d21ff32822,659e205541a3dfcccbe794652d05b647a1d701c9a5481ed7a8f46562ddc2e54f,00117971a1b2d07475121e7f999124545c28d01ef1fe64364d42fab8dafd7a5e,6fa4ce79b1611f21a28712d7e8da6d3ab1d0dd607aec1f39a95d8796fa766aa4,RESERVE_CANDIDATE_REQUIRES_RPC_AND_PAIR_EVIDENCE,False,False,False,False
TokenFactory,bsc,56,2024-09-26T08:58:52Z,8,80,0x89aee2c64cfdfcc76388fe55a17d58f377241df7,56:0x89aee2c64cfdfcc76388fe55a17d58f377241df7,UNKNOWN_REQUIRES_RPC,-1,0x373e99056a8f5b73b61b82f5b8a291a7e3ce8d85f5375f52edab4f92692a83f4,42468700,UNKNOWN_REQUIRES_RPC,False,v2/contract_deployments/contract_deployments_29000000_30000000.parquet,3255e78e345aff80bfd6dfc7d760f4bda3a96fce4225cc3e128ce3d21ff32822,28dd94ded6904c68164eeb7f07de780a54b6bffd5821274a5926bcfee37fa7c7,0017a2cfad44a4b196d65a5585edf0f97e634df9b998d885aee2c53d66c562b0,d6a2afe4c918a70e19dde8141796ab5393942e4a14655209f3f50c6027e943c8,RESERVE_CANDIDATE_REQUIRES_RPC_AND_PAIR_EVIDENCE,False,False,False,False
Unverified_0000,bsc,56,2025-05-13T19:54:09Z,10,100,0x5d4d4eed224028c230afebb69d279de99bc06338,56:0x5d4d4eed224028c230afebb69d279de99bc06338,UNKNOWN_REQUIRES_RPC,-1,0x9eda571a66654323649a5b6d550860e9a3191b5c774577401e62d36ba2d6366a,49588727,UNKNOWN_REQUIRES_RPC,False,v2/contract_deployments/contract_deployments_30000000_31000000.parquet,0d12ca90369256d040cf542c85f6ffcf446e4e3e8d19fd878d446ff8ed9337b7,64dcf5c6ec18a1aacf79a9979b6157aae3641bed662ca8c2368da002af802831,00055322ada6f9b84043dd7a401d3b0724bf1830ca96666fd5fe249454568c6e,4183bf1d781171de5d191c00c3a1073f6a5bf91af8eccca124ad6d787119cbad,RESERVE_CANDIDATE_REQUIRES_RPC_AND_PAIR_EVIDENCE,False,False,False,False
VDS,bsc,56,2025-07-03T12:22:23Z,9,90,0xc49bdb7b06e7e9f2029d9dc07d5dae9f976c54b8,56:0xc49bdb7b06e7e9f2029d9dc07d5dae9f976c54b8,UNKNOWN_REQUIRES_RPC,-1,0xc75ea7fa235b8d3914c0a896291b6d03123a47ec3539b44f632c6e7ae7cf3e5f,51731220,UNKNOWN_REQUIRES_RPC,False,v2/contract_deployments/contract_deployments_29000000_30000000.parquet,3255e78e345aff80bfd6dfc7d760f4bda3a96fce4225cc3e128ce3d21ff32822,76ce415a5a7d3dcd91eb06fefa560f14ad22008c34b39b8e5ffb5db028e494f9,00021eeb7e2ade131bdeaa3c401622d9c9d1536a37fc3e2d242016c32a895448,84c32f47e82e3e6919f6a8f5612dcce79facb8a29551807a744d18a3065ac97b,RESERVE_CANDIDATE_REQUIRES_RPC_AND_PAIR_EVIDENCE,False,False,False,False
WXC,bsc,56,2025-08-02T03:59:53Z,7,70,0x681a03c6909fde1e81289aec932956f058ed3616,56:0x681a03c6909fde1e81289aec932956f058ed3616,UNKNOWN_REQUIRES_RPC,-1,0x06fb2d05406dc637425e1474d816c366b39cb6378c7baadfd7dcaeaaa5e86d73,53100728,UNKNOWN_REQUIRES_RPC,False,v2/contract_deployments/contract_deployments_31000000_32000000.parquet,1096c453513646713a3b6185edd15651bf3a9599e2e334ecd82bcf3c939ca722,6ba306abf612ccabef3d922b643810d6326cd819637ffa46652d8db46da7b85f,000cbb020c8ed388cf516b5ea733ab066d7ae1ff477cbe158c12c3873c2811b4,64d9a55ef0949078c7783c8957a160f3ad2333fc80dfd4080fa42fa23b637c0e,RESERVE_CANDIDATE_REQUIRES_RPC_AND_PAIR_EVIDENCE,False,False,False,False
WXETA,bsc,56,2024-03-14T00:21:56Z,7,70,0xbf496868ee8d5389008f2fda2bab171524334eaf,56:0xbf496868ee8d5389008f2fda2bab171524334eaf,UNKNOWN_REQUIRES_RPC,-1,0xe1882f6f1d7ebbcf1871e06bd6a6aa50bac0f2be432ec0480e4257ee14401dca,36344759,UNKNOWN_REQUIRES_RPC,False,v2/contract_deployments/contract_deployments_30000000_31000000.parquet,0d12ca90369256d040cf542c85f6ffcf446e4e3e8d19fd878d446ff8ed9337b7,edc31e4246cde1c0ca4a56f01c3c982592c3765c59a0bfb811b5f1b570c6458d,0005c947cae958171cca5c6d9e0181f46c521552d1f300fc923a557f67e2a7ab,27141c2c157bbef1e69e3614ae9f7aadb9966cb60756e056d2308805d894da70,RESERVE_CANDIDATE_REQUIRES_RPC_AND_PAIR_EVIDENCE,False,False,False,False
ais,bsc,56,2023-11-23T07:10:00Z,10,100,0xca8d0747b5573d69653c3ac22242e6341c36e4b4,56:0xca8d0747b5573d69653c3ac22242e6341c36e4b4,UNKNOWN_REQUIRES_RPC,-1,0xcbf4997aafab410eaa66af05bd48713115ce5d9935007995e97a2444af38cfa7,33313334,UNKNOWN_REQUIRES_RPC,False,v2/contract_deployments/contract_deployments_31000000_32000000.parquet,1096c453513646713a3b6185edd15651bf3a9599e2e334ecd82bcf3c939ca722,5211d8bd2a1c8b708be26caa40626efbafc5820517128e11d488219472db3b2e,00072a0eeea89224c3c0c9e5e4f780becd10c32a40d988b37a858c438f7c267b,8a36a78d3e6b2317d5a244ec943d3583ee946a94ee722097fc3f0a139b7ee4d7,RESERVE_CANDIDATE_REQUIRES_RPC_AND_PAIR_EVIDENCE,False,False,False,False
allbridge,bsc,56,2022-08-26T14:11:05Z,3,30,0xb62cde638c9048141729a621432ab56b97ba3f70,56:0xb62cde638c9048141729a621432ab56b97ba3f70,UNKNOWN_REQUIRES_RPC,-1,0x10daaaf5cd6779c25022a85245a82f57150f2a3d46c2cadc4a5d12bd695bf1fa,20575535,UNKNOWN_REQUIRES_RPC,False,v2/contract_deployments/contract_deployments_30000000_31000000.parquet,0d12ca90369256d040cf542c85f6ffcf446e4e3e8d19fd878d446ff8ed9337b7,838443a02a381832c8c8cd2e09cbaf3e7706058d915903e6d4ea01d9d118cdf7,000425df074542cf30b0b9547979a039be9bafdf141311b5792ab27cb00e1b97,f88d782864436c1ce2fd771b0ba8847efc8b95c37bf09c33cbbe4531c247e79c,RESERVE_CANDIDATE_REQUIRES_RPC_AND_PAIR_EVIDENCE,False,False,False,False
allbridge_2,bsc,56,2022-09-05T09:26:45Z,7,70,0xae6d15d5e19059aef7530fed98b640e108e61c32,56:0xae6d15d5e19059aef7530fed98b640e108e61c32,UNKNOWN_REQUIRES_RPC,-1,0x4c3c8b9a10e525e763b2dfc1d7e6acf231a12ee673acdf27633b276d0d3f1a59,21007925,UNKNOWN_REQUIRES_RPC,False,v2/contract_deployments/contract_deployments_30000000_31000000.parquet,0d12ca90369256d040cf542c85f6ffcf446e4e3e8d19fd878d446ff8ed9337b7,b62e6d03955c9f418db41f5464f002d165f02df069697a0314a564eca8d7c136,0004465a1d10c5bb2d10e6424e5326106fe720c05f17bb19e1b162c6ee7238af,6f9ef01702917018b45612f7b3a42e972b821a1022edffca701bc676c8bb3686,RESERVE_CANDIDATE_REQUIRES_RPC_AND_PAIR_EVIDENCE,False,False,False,False
alp,bsc,56,2023-12-20T03:01:30Z,7,70,0x9ff30af1b571decbaf3f6c300353e5e43854fc59,56:0x9ff30af1b571decbaf3f6c300353e5e43854fc59,UNKNOWN_REQUIRES_RPC,-1,0xe9dcd104a17d5cf89bffc09710e54fe588da5537ac3c90873fdc12149f420c8d,33716873,UNKNOWN_REQUIRES_RPC,False,v2/contract_deployments/contract_deployments_29000000_30000000.parquet,3255e78e345aff80bfd6dfc7d760f4bda3a96fce4225cc3e128ce3d21ff32822,1cf7c1278b4bb1c05934b986e7682558d1a06c95db879bc87c4f07e422c9da1e,000118d8dde00cf2f5176dcdf17522c1649ac956588ab3d1043a09f60a998884,fe4bb24609fd2937b9317924ba7bf8f7b158f137fcadd2fb20a2fc4a969dbeda,RESERVE_CANDIDATE_REQUIRES_RPC_AND_PAIR_EVIDENCE,False,False,False,False
anch,bsc,56,2022-07-23T07:42:43Z,1,10,0xa0af6ccacf208446f44225c6d2afdcda8c7908fd,56:0xa0af6ccacf208446f44225c6d2afdcda8c7908fd,UNKNOWN_REQUIRES_RPC,-1,0x6eae43a201e7ee6aec17e428f45b3f2620dd1c920b4a2620885759523f483636,19218989,UNKNOWN_REQUIRES_RPC,False,v2/contract_deployments/contract_deployments_29000000_30000000.parquet,3255e78e345aff80bfd6dfc7d760f4bda3a96fce4225cc3e128ce3d21ff32822,7562e3fe6ebe2ec369adfb7ae933e9332e4e0c7f74938dcaae17a65533599778,00031049bdd2fe578a0f4784cd224d7ff50b77d93e6eae8f83e5a7e1b0b178d1,a0d90699f99810735d3c511037f875717543c62d0c328edbbd138dc89321321c,RESERVE_CANDIDATE_REQUIRES_RPC_AND_PAIR_EVIDENCE,False,False,False,False
apedao,bsc,56,2023-07-16T00:41:01Z,6,60,0x86dbc3c3af59ec4ce889783c5a9fbfeaa083ce07,56:0x86dbc3c3af59ec4ce889783c5a9fbfeaa083ce07,UNKNOWN_REQUIRES_RPC,-1,0xb5d2f09d778059d794c379e518461e781060c381e35ff367d2cffc52ee8e874e,29431477,UNKNOWN_REQUIRES_RPC,False,v2/contract_deployments/contract_deployments_31000000_32000000.parquet,1096c453513646713a3b6185edd15651bf3a9599e2e334ecd82bcf3c939ca722,3cf978fc7833b79f212347ddddf79d792addffa172348a8cd9d742f36dc94aab,00026cd7fb03f0e6e63e6cd72c42331a5a57bfb3cbfa5be6d79f04d592da2419,33239494bf0036039d2261474fdf4c66ee94dac58c44432d7ad61183dda7bbfd,RESERVE_CANDIDATE_REQUIRES_RPC_AND_PAIR_EVIDENCE,False,False,False,False
ark,bsc,56,2024-03-12T16:12:49Z,10,100,0x94357297161423c809964750d8b053fe24188462,56:0x94357297161423c809964750d8b053fe24188462,UNKNOWN_REQUIRES_RPC,-1,0xc1c57288d237a19bfce5ef8d76225aad537122b70e6c236c02d5bc6309102f57,36499362,UNKNOWN_REQUIRES_RPC,False,v2/contract_deployments/contract_deployments_30000000_31000000.parquet,0d12ca90369256d040cf542c85f6ffcf446e4e3e8d19fd878d446ff8ed9337b7,af1812f04ac51f4535a47cc4fa9c367bdc7a882d9b9711efe0f556a1dfeda28d,0000f9a1399cbc1d844d16af546d3722f1a55b5b35ccfc1c81d66fb78b599856,c05d771bd5a42528abc832cbe53cc098361ba4e903820fa18c6fc5bf188ea0dd,RESERVE_CANDIDATE_REQUIRES_RPC_AND_PAIR_EVIDENCE,False,False,False,False
ast,bsc,56,2025-01-18T11:31:22Z,9,90,0x6632070bb1c916e30c43ce4dc1555b354b68621b,56:0x6632070bb1c916e30c43ce4dc1555b354b68621b,UNKNOWN_REQUIRES_RPC,-1,0x5afe3a916a98f760913e74b653668b32894afa7e1f2bc14cf6efc7f87b16247d,45425541,UNKNOWN_REQUIRES_RPC,False,v2/contract_deployments/contract_deployments_5000000_6000000.parquet,eb8d1ad9c414a2cf0a36d3fe5aa0b10e20823399807f3e5cfb6815af4b301cd7,0e5eee44d12f2e3ef6e9cbdbefcab21af278e050f5c1da502c839150c084701e,000ce7ecbac0b91acc60056722cfb2fba19f8cf5b7bcd1aeab0416f1a9cd104e,0d803d7599d5366bbf58ffbfd172d49b124c5498c560738c6286b63b3d1f4d76,RESERVE_CANDIDATE_REQUIRES_RPC_AND_PAIR_EVIDENCE,False,False,False,False
atm,bsc,56,2024-03-24T07:42:57Z,10,100,0xced4fddf3059de8c536dc2cf9fa6fe69e7331d6a,56:0xced4fddf3059de8c536dc2cf9fa6fe69e7331d6a,UNKNOWN_REQUIRES_RPC,-1,0xa47b61876996b501c2b76a2c4c9c892614704fef39a2bfe378e09eeaf722af4c,36727793,UNKNOWN_REQUIRES_RPC,False,v2/contract_deployments/contract_deployments_29000000_30000000.parquet,3255e78e345aff80bfd6dfc7d760f4bda3a96fce4225cc3e128ce3d21ff32822,80fc9f01f520e54bafbded87cf71a22ab92e4d1569fb0fe94126ed198abe5738,000a8645038f5c8a83d508c8ff486e76444f3e58c215299c2294a0a32f0d7749,a6a8b6f9a08bb7b6d82cdc91fc1347c0b1872603442a85fe129d68404334a7fd,RESERVE_CANDIDATE_REQUIRES_RPC_AND_PAIR_EVIDENCE,False,False,False,False
axioma,bsc,56,2023-02-02T17:54:51Z,3,30,0xcc02203b036e93b601a1458ead8bbba968da4cc4,56:0xcc02203b036e93b601a1458ead8bbba968da4cc4,UNKNOWN_REQUIRES_RPC,-1,0xe3ef26364bde30a29c6396d307f527c4104c4291e5c0a372dc722318feb99480,24779627,UNKNOWN_REQUIRES_RPC,False,v2/contract_deployments/contract_deployments_31000000_32000000.parquet,1096c453513646713a3b6185edd15651bf3a9599e2e334ecd82bcf3c939ca722,0933d94f3db13909f882e058a5ecd3027e7d230a6a7ce85488c668c4e9c50a80,001205f107ec79e632ed3463ccbe79a93ece3739c5bae6af05dab8553b0b369e,0cf5265489f5b963437c982547f1b2ea65aa0b884bc0f8621c06f9a25c6daa87,RESERVE_CANDIDATE_REQUIRES_RPC_AND_PAIR_EVIDENCE,False,False,False,False
babydogecoin02,bsc,56,2021-05-22T17:21:17Z,10,100,0x108cab81bee284f894163a563abd8b701b5198a6,56:0x108cab81bee284f894163a563abd8b701b5198a6,UNKNOWN_REQUIRES_RPC,-1,0x76c59e335225f20d5fcfcea1277c2f960c1fb495a8a31c1ee74c16eab9a060cf,7460790,UNKNOWN_REQUIRES_RPC,False,v2/contract_deployments/contract_deployments_30000000_31000000.parquet,0d12ca90369256d040cf542c85f6ffcf446e4e3e8d19fd878d446ff8ed9337b7,5536176a6f09c6b6fb6c5bca31dffc973ea94f4c15425e54f51652db7c7d0595,000128ad76b557c09909d8545775a7836c22822f8922a6ad10ba651f98febbc7,6df18b77dc476bb79d313cb2f203ab24369bdfe42deeb120e29d18c93d13d672,RESERVE_CANDIDATE_REQUIRES_RPC_AND_PAIR_EVIDENCE,False,False,False,False
bamboo,bsc,56,2023-06-18T14:36:40Z,2,20,0x2048482be5697b4623ed683e90bd24a8bbe2d20d,56:0x2048482be5697b4623ed683e90bd24a8bbe2d20d,UNKNOWN_REQUIRES_RPC,-1,0x8a161d5d322bfa97961f42aa9a98f0a5b875db3ba94b53d580415e2c8ee7b9f2,28387422,UNKNOWN_REQUIRES_RPC,False,v2/contract_deployments/contract_deployments_7000000_8000000.parquet,54cb1c23725d5765da58c76ee4eb73bb326370e440cb6baab9e8463544906967,ba4dfe918ba6c84af02614e76536c5b1b650fe1f1bbd74abbc888a29d0bde7cd,0001d0c4ff2fc177e27cf12cf27d0ef0f7b6d32a14b6c0be78df0236ccdc67c7,fce98ec9cb9b8033f29340ea3e6796cc2708f26f2b36c634a494687d22a435e6,RESERVE_CANDIDATE_REQUIRES_RPC_AND_PAIR_EVIDENCE,False,False,False,False
bankroll_network,bsc,56,2021-07-08T22:51:30Z,4,40,0x7ceebb27413275fd120dd2390bf77cfe2cbee45e,56:0x7ceebb27413275fd120dd2390bf77cfe2cbee45e,UNKNOWN_REQUIRES_RPC,-1,0xb837f2f2a42fe99adec6852f438ed03fe8db8ed313bbef5307cd72b57c2c543d,8121926,UNKNOWN_REQUIRES_RPC,False,v2/contract_deployments/contract_deployments_10000000_11000000.parquet,dc224a34690e621a034e308c5ab0ca0606654984ac1d2d10d1a2daa31cda8ec9,97ea50982f220038c729c60c356c97c2cdc0ade5244917d3554386b928791a9b,0001b84a513b6fe3b6f615d9d512f96f6d439d56ddd1b91157b3876ab2983fd0,bb5217d6d5413f45407808fe6ddbf3addd9af0b9d21fcf318e1c900a3343121e,RESERVE_CANDIDATE_REQUIRES_RPC_AND_PAIR_EVIDENCE,False,False,False,False
bankroll_stack,bsc,56,2021-07-04T20:29:46Z,9,90,0x453e6244a4a8d7327904f203c6367a05f51ce212,56:0x453e6244a4a8d7327904f203c6367a05f51ce212,UNKNOWN_REQUIRES_RPC,-1,0x35b1d3395eacf00c1df67576dd65c06c872336cd0edd3a89409599d282abcdcc,8698693,UNKNOWN_REQUIRES_RPC,False,v2/contract_deployments/contract_deployments_31000000_32000000.parquet,1096c453513646713a3b6185edd15651bf3a9599e2e334ecd82bcf3c939ca722,b27c0eb6c20611329ef300d3eff93f3f93e15e82caf5f57627b2b51b61ea3d61,00048ad352a50f8a09db15e7f3459d30ed375d15a3de051b157ecd4757ad1a5e,a1673371e9bdf611363d4360850e852133e59c3e5d258a7e5d8d43568e251208,RESERVE_CANDIDATE_REQUIRES_RPC_AND_PAIR_EVIDENCE,False,False,False,False
bct,bsc,56,2023-12-08T09:27:08Z,10,100,0xa4e6f276f4f6c8a4ab5f7821eea90df052603125,56:0xa4e6f276f4f6c8a4ab5f7821eea90df052603125,UNKNOWN_REQUIRES_RPC,-1,0xc971a661c5ace28815bb3961e4f0d0dcb0fe0015ee0cb6de46f48b49b587159a,33364528,UNKNOWN_REQUIRES_RPC,False,v2/contract_deployments/contract_deployments_31000000_32000000.parquet,1096c453513646713a3b6185edd15651bf3a9599e2e334ecd82bcf3c939ca722,ac1fef3209dcee8aa19c4d76d897edd5eb5ee7bc2315c757de91eba4f6dc3888,0000b470d5d23d92d6326230cd253520227f9d40765e05abd64462ebc6561805,f6528f3c973f9f69e977c5ebe919131dbc92ddd8886daa418381e3b5e45696aa,RESERVE_CANDIDATE_REQUIRES_RPC_AND_PAIR_EVIDENCE,False,False,False,False
bdex,bsc,56,2021-05-12T06:52:17Z,10,100,0x4c0d30db653f1f2aef18f5019ff0dd766a25267d,56:0x4c0d30db653f1f2aef18f5019ff0dd766a25267d,UNKNOWN_REQUIRES_RPC,-1,0xbcd162bc6358849063d90c6891bd52c3a21a40f32b4522bd099c83678be138e2,7313001,UNKNOWN_REQUIRES_RPC,False,v2/contract_deployments/contract_deployments_10000000_11000000.parquet,dc224a34690e621a034e308c5ab0ca0606654984ac1d2d10d1a2daa31cda8ec9,e541bb110c4c8495ff34ef9516981c9c1ef0ebee6ca9e0835cb4c635980e5ab9,0001da86dcf9ee6e856d80993b873c8c6a4ab249e56294a76a9175a24765c7e3,752553edda8d702b8ac46bc7ebd69eaea4ff61f5fdef5a5c43c15b508c3db23a,RESERVE_CANDIDATE_REQUIRES_RPC_AND_PAIR_EVIDENCE,False,False,False,False
bearndao,bsc,56,2021-03-03T08:33:22Z,10,100,0xcbff7cae02af7d46fec6db73be376abe597f6df4,56:0xcbff7cae02af7d46fec6db73be376abe597f6df4,UNKNOWN_REQUIRES_RPC,-1,0xf7226eaa3ee329355b436169a36109bc7ed5be0bcf60bf184b82665aa0cf9f7d,4995358,UNKNOWN_REQUIRES_RPC,False,v2/contract_deployments/contract_deployments_31000000_32000000.parquet,1096c453513646713a3b6185edd15651bf3a9599e2e334ecd82bcf3c939ca722,b7d2fe81fdea9272babaa28d4271adcd135d11ac14b6d48e05e3182641acd1a5,000e8668c318a1e6941869cbd535fa16a1c9e7eb8b1123e7ecf537b1b355ae1a,6435141d17aa818e680ad5a751bff0309ba4867a475c376bb5b46516de3fa670,RESERVE_CANDIDATE_REQUIRES_RPC_AND_PAIR_EVIDENCE,False,False,False,False
bego,bsc,56,2021-03-11T13:53:56Z,10,100,0x0dc3d386c3d4ab2f78a7d480d1c2ba2133555968,56:0x0dc3d386c3d4ab2f78a7d480d1c2ba2133555968,UNKNOWN_REQUIRES_RPC,-1,0x1af6c0603a0305325c3c06cd1d563c95b4bd40fc6d08c23431718bc5824c01a8,5300068,UNKNOWN_REQUIRES_RPC,False,v2/contract_deployments/contract_deployments_1000000_2000000.parquet,7529540c96f11e4fc0d376fd36b2953644bebebe317a864615e2d14403a341fe,4630bdf1fcbab9244f1af087bc4070f9c2c243a539b0be4a646ae7c9a75910bc,0012427b720231bf09f6f7de8796f9871e74a345754805d68887d227e3bd1ea7,a0e6dba8a64f05a1d355c1e5b1b26a11f9a3185c3e753bb13a8816c9e1198e51,RESERVE_CANDIDATE_REQUIRES_RPC_AND_PAIR_EVIDENCE,False,False,False,False
bevo,bsc,56,2021-05-22T20:15:56Z,10,100,0xfdaf643d9e883cae2e160599b26233ef74c09117,56:0xfdaf643d9e883cae2e160599b26233ef74c09117,UNKNOWN_REQUIRES_RPC,-1,0xb7d7547ede4a84fa8c4e102943504717b3d77bc3d78b71114740d75a6f3631b6,7278916,UNKNOWN_REQUIRES_RPC,False,v2/contract_deployments/contract_deployments_30000000_31000000.parquet,0d12ca90369256d040cf542c85f6ffcf446e4e3e8d19fd878d446ff8ed9337b7,fc8dc365b129c48bc9593b7a5e34a7cfe70101cb39687a3a2529eba25bffd7a1,0000e2b08d3bc49284777ed74767f90c2581b3d6a72eefa44bf9d483ca12c9d2,a6d56839cc4fb5c544b7593cfbe6f0170b6b2ac929b3348dfde3040f2bea7562,RESERVE_CANDIDATE_REQUIRES_RPC_AND_PAIR_EVIDENCE,False,False,False,False
bfctoken,bsc,56,2023-09-08T03:39:58Z,4,40,0x955f835d33638575964bebc35c13e6931f4e9d01,56:0x955f835d33638575964bebc35c13e6931f4e9d01,UNKNOWN_REQUIRES_RPC,-1,0x0b979c34df32bf62fcf5ab1cfa82309fa5318bbf1214d2fce140b9c607d8a7aa,31077637,UNKNOWN_REQUIRES_RPC,False,v2/contract_deployments/contract_deployments_30000000_31000000.parquet,0d12ca90369256d040cf542c85f6ffcf446e4e3e8d19fd878d446ff8ed9337b7,65834d229ded5b5b8b99ba7fa64b0b5335610f4813c82c43291e2b95e9e26732,000601fa31b829a979c81897c5c73f1c19b30f5edee4e0ee85b0bd8c47524951,d220a63a6fdb62b6d551761b146d655b4100f108bae25bd7e2f2c2d65726ed5e,RESERVE_CANDIDATE_REQUIRES_RPC_AND_PAIR_EVIDENCE,False,False,False,False
bgld,bsc,56,2022-11-24T23:02:59Z,7,70,0x5048b665958ea5c280a28a965e1806e69566085f,56:0x5048b665958ea5c280a28a965e1806e69566085f,UNKNOWN_REQUIRES_RPC,-1,0x181d9579a012c7844d8499e33e6271980928be8f4bd0097fffd67fe283a61dac,22481929,UNKNOWN_REQUIRES_RPC,False,v2/contract_deployments/contract_deployments_29000000_30000000.parquet,3255e78e345aff80bfd6dfc7d760f4bda3a96fce4225cc3e128ce3d21ff32822,22d3089d3d79eddbcba0e6c2806cc9d69ec150aaaf31d2c5a51f770c9f81e7e5,00046525571836a4775465b1354b7d53ecb051eb9885ae35988d795dd13ff428,3ba7d586ab4b333e18fb07a42e2976ae14bcff86f2fd2b8aa08c7c0342687b6f,RESERVE_CANDIDATE_REQUIRES_RPC_AND_PAIR_EVIDENCE,False,False,False,False
bh,bsc,56,2023-10-06T07:27:02Z,10,100,0x8c68a5ac05efbb2e1f843094e726fe0f557de954,56:0x8c68a5ac05efbb2e1f843094e726fe0f557de954,UNKNOWN_REQUIRES_RPC,-1,0xb836468906b2dee20c844384f6c3dae3e877180f5282af52bb754bc35d581fc0,31498797,UNKNOWN_REQUIRES_RPC,False,v2/contract_deployments/contract_deployments_31000000_32000000.parquet,1096c453513646713a3b6185edd15651bf3a9599e2e334ecd82bcf3c939ca722,87932fa946dfed302fc4b1d277683e5fa75b66cc64b093175d7be0f991072b35,00144c596c212611b8edbfc9f40dc4a74db202145fb76bbed821c0f50d915cd6,b65936f6a338d8799a584564d2c8506c1c3220880998e279b418343174104299,RESERVE_CANDIDATE_REQUIRES_RPC_AND_PAIR_EVIDENCE,False,False,False,False
bigfi,bsc,56,2023-03-08T21:16:45Z,6,60,0xcd2f32713cf67741d8a31d6f30f4d072a2fe80c9,56:0xcd2f32713cf67741d8a31d6f30f4d072a2fe80c9,UNKNOWN_REQUIRES_RPC,-1,0x45a93de8cc6f67eb8b0e712eb7b7c4b0895b825eb4070a50d10e38568708f961,26293080,UNKNOWN_REQUIRES_RPC,False,v2/contract_deployments/contract_deployments_7000000_8000000.parquet,54cb1c23725d5765da58c76ee4eb73bb326370e440cb6baab9e8463544906967,3f4ff019f0c99720ae6899bf2d51d6dd9de5a911d9bcf30476590ba2bf70bca1,000105c53e86d2e43848f943ba23fddb0044a1c7d84553055e3a7ad52c62bc37,fb01f890a49b562596874d0cde6defd8d3491900df29fa2266a3d3c88d805baf,RESERVE_CANDIDATE_REQUIRES_RPC_AND_PAIR_EVIDENCE,False,False,False,False
bob,bsc,56,2023-05-30T18:54:19Z,10,100,0xed88d10298ce2a719207524cb4dec2e8391a6465,56:0xed88d10298ce2a719207524cb4dec2e8391a6465,UNKNOWN_REQUIRES_RPC,-1,0x060bf8d167681ae84b8db1ef1ba742321d2a52eaa474eda48dbc71b680205035,28009385,UNKNOWN_REQUIRES_RPC,False,v2/contract_deployments/contract_deployments_7000000_8000000.parquet,54cb1c23725d5765da58c76ee4eb73bb326370e440cb6baab9e8463544906967,2240e155c91d438a684dfba5ea9d557ad02e97ded6da4052aa2280abc917a550,0003edaa3d8eafc3840b40c920e63b606db3837fe894804bb26aee4250b20046,747959286730a6053cf8f0ddb4adf49b64a30c377d485d62040e3a32d9073c99,RESERVE_CANDIDATE_REQUIRES_RPC_AND_PAIR_EVIDENCE,False,False,False,False
btnft,bsc,56,2025-01-04T11:19:22Z,10,100,0x0a44998f6414c71cb5a262ca5cccf2fbf6c74919,56:0x0a44998f6414c71cb5a262ca5cccf2fbf6c74919,UNKNOWN_REQUIRES_RPC,-1,0x4ed83ab4f44a691b731ea4ccb1b3e99e272a1980e87c336c45a4ae9e72fb8167,44730258,UNKNOWN_REQUIRES_RPC,False,v2/contract_deployments/contract_deployments_31000000_32000000.parquet,1096c453513646713a3b6185edd15651bf3a9599e2e334ecd82bcf3c939ca722,dd4a5b0384e743d382808e9648a16492be5cce20ebd080d37967b77d068b3378,00086d02c9ec258317e4bfeabc0d26b2b3f71913f57603ca1fa293f8313d3c3e,4cd4cb5fb38f0f80ccf24bcbafa0561397d5ba1c8fa73705670dc71592ed86dd,RESERVE_CANDIDATE_REQUIRES_RPC_AND_PAIR_EVIDENCE,False,False,False,False
bunn,bsc,56,2021-04-21T23:10:46Z,10,100,0xc06556de6054d2b4875af7f75992ce869a89093d,56:0xc06556de6054d2b4875af7f75992ce869a89093d,UNKNOWN_REQUIRES_RPC,-1,0x551e09a3ebe054507290da86f95d9a61f0e8005a683e0816f789ad0e71ec9fbc,6752405,UNKNOWN_REQUIRES_RPC,False,v2/contract_deployments/contract_deployments_9000000_10000000.parquet,6777e0b50be1d60a845e1be0313473c99fb8675967b51e4530577f82391cd3cf,bb5d6ac591afc28f798f60fbe073ff2f5ba881ce6b030ecc181bcad7ab8050a6,0004b382176f555ffdeff941777899f41ad82c89e1190068dcd68070628aac12,add89b5ee0f2a64a693a1c9fcce6a99c667fd19c603b9cb1931fccbdf8553953,RESERVE_CANDIDATE_REQUIRES_RPC_AND_PAIR_EVIDENCE,False,False,False,False
burgerswap,bsc,56,2020-09-20T01:26:49Z,10,100,0x6c41f48ed398a560038a5b79f27f08597f8ee61b,56:0x6c41f48ed398a560038a5b79f27f08597f8ee61b,UNKNOWN_REQUIRES_RPC,-1,0xdff964e49d834c6a4957c96e6eae87b764d99d014695a42d6532aa245cd21320,496169,UNKNOWN_REQUIRES_RPC,False,v2/contract_deployments/contract_deployments_30000000_31000000.parquet,0d12ca90369256d040cf542c85f6ffcf446e4e3e8d19fd878d446ff8ed9337b7,31272ae9e713fc5338de3e71dd84256fb494426e194c158be93c82e104a10bbc,018b46d1e0b2f13d6d75ee25d78c4c72f80fcd18c1fb232ecfeab1caa4802225,78e94ee870b704fa6e00a2da21e2aff39c3fec8dde15d20086aec186bae98371,RESERVE_CANDIDATE_REQUIRES_RPC_AND_PAIR_EVIDENCE,False,False,False,False
carrot,bsc,56,2022-09-29T16:26:33Z,10,100,0x1c4d2de81975ab499e0b082de3b7c00a297de108,56:0x1c4d2de81975ab499e0b082de3b7c00a297de108,UNKNOWN_REQUIRES_RPC,-1,0x45d79e404d1c87a8a16e951168739be82a109eae81820d0d02a11d21faaa3265,21637606,UNKNOWN_REQUIRES_RPC,False,v2/contract_deployments/contract_deployments_30000000_31000000.parquet,0d12ca90369256d040cf542c85f6ffcf446e4e3e8d19fd878d446ff8ed9337b7,1fe617ab4b2512b3dd5974d291b3720a0a1c6b10d02950267de7d9a36c4b7cd6,0000d0e06d504f79c8eb7e99c08c75064221d083ea73545741bb02c6ab6b64a5,d439a20b37ae80859427af1623ec2f3e9c7872ba1deb5453ad8fa497d4512490,RESERVE_CANDIDATE_REQUIRES_RPC_AND_PAIR_EVIDENCE,False,False,False,False
caterpillar_coin_cut,bsc,56,2024-07-27T10:14:58Z,10,100,0xb2d9418523a6d05029b37e145096e60ebf6b7941,56:0xb2d9418523a6d05029b37e145096e60ebf6b7941,UNKNOWN_REQUIRES_RPC,-1,0x6e3a959c72c2de1f581e9ec55a999f177fc633e745d18c633d10c47cefaa5f95,40525938,UNKNOWN_REQUIRES_RPC,False,v2/contract_deployments/contract_deployments_31000000_32000000.parquet,1096c453513646713a3b6185edd15651bf3a9599e2e334ecd82bcf3c939ca722,18cf171a437d1d19e00104017fa5c6d5faeeae0b0788b6cba1b6a3d7e6e19c44,0005934d8b3416cc35e795819889ad6498a08c33f76692cd7b5d640b9b633b04,e525a34288767b3b8031462b6dd26f68343c12d5b2ef3e45e78b28d21af85f28,RESERVE_CANDIDATE_REQUIRES_RPC_AND_PAIR_EVIDENCE,False,False,False,False
cellframe,bsc,56,2022-11-15T12:24:22Z,10,100,0xe1df35511befe37a0f6bcf3061662bb349dc9782,56:0xe1df35511befe37a0f6bcf3061662bb349dc9782,UNKNOWN_REQUIRES_RPC,-1,0xca393ee4ebfd07eaeca041482f3b897e11cb5dfd62928421f92467da5037e8d0,22524495,UNKNOWN_REQUIRES_RPC,False,v2/contract_deployments/contract_deployments_30000000_31000000.parquet,0d12ca90369256d040cf542c85f6ffcf446e4e3e8d19fd878d446ff8ed9337b7,fdd7ef64588eba73cf7b0d5f2ec2e711c171f2f570d9b1c7691ad6ebccd50d3b,0000d71fbcc11342d3bd4d238e961a7fc6c8bb60f4039d59faae2ea8111954bc,8b8ecbbe563453b7c72ed7957a37b33e6b26291cd197b8b2852647098a3b570a,RESERVE_CANDIDATE_REQUIRES_RPC_AND_PAIR_EVIDENCE,False,False,False,False
cfc,bsc,56,2023-05-30T13:12:14Z,10,100,0xf8509485d7e5110440c7dc704a4d2c38c974dc5b,56:0xf8509485d7e5110440c7dc704a4d2c38c974dc5b,UNKNOWN_REQUIRES_RPC,-1,0x647e83db2d2cd9e6b3fc0a2dcbbf10e7819b541d2e9a6cc6a6c2e8b05d72ef0b,28026132,UNKNOWN_REQUIRES_RPC,False,v2/contract_deployments/contract_deployments_7000000_8000000.parquet,54cb1c23725d5765da58c76ee4eb73bb326370e440cb6baab9e8463544906967,0b1e6dd4b661d4a4e20991dff68431bcf92dc1981e59af69d7ff42d357cb275c,00012fb3f8d62b035a3a57d63289c319df52d1874a6ae81ddcf2fcad2a934f62,9a25644b47da4a23c112ebfba6a15cc002ec02b72f4f2fe349bcd8bd985c5049,RESERVE_CANDIDATE_REQUIRES_RPC_AND_PAIR_EVIDENCE,False,False,False,False
cftoken,bsc,56,2022-04-09T16:53:35Z,1,10,0x5bbc393e808989e7e980d7f144e409fabd0c1864,56:0x5bbc393e808989e7e980d7f144e409fabd0c1864,UNKNOWN_REQUIRES_RPC,-1,0x53fa7eb77f228833b396e7ce1e87df259d40469cbe014dc0757cb76adf2c3a0d,16540954,UNKNOWN_REQUIRES_RPC,False,v2/contract_deployments/contract_deployments_7000000_8000000.parquet,54cb1c23725d5765da58c76ee4eb73bb326370e440cb6baab9e8463544906967,e2e6d414e342af8b635bcf23509466bec7f0617bd16469c507ed7eca63f29afa,00012a6d8d8051825a0d25f2e8d237d39b8cae793e4ae062bb1212bae3dcd432,50a4e4ad972053df871042a5611cbd6544ace2cf03c9bf8cff78108e530c055f,RESERVE_CANDIDATE_REQUIRES_RPC_AND_PAIR_EVIDENCE,False,False,False,False
chaingefinance,bsc,56,2024-04-12T08:16:02Z,7,70,0xa6d770eab92d1fc0ce04e899ee4cbf6e9faf7534,56:0xa6d770eab92d1fc0ce04e899ee4cbf6e9faf7534,UNKNOWN_REQUIRES_RPC,-1,0xa68ba8475688454d138e262b2c81111f6f2955aea70d929ec8ebbb8e70933885,37472203,UNKNOWN_REQUIRES_RPC,False,v2/contract_deployments/contract_deployments_29000000_30000000.parquet,3255e78e345aff80bfd6dfc7d760f4bda3a96fce4225cc3e128ce3d21ff32822,21c321cc16d4c0eab31980e80fe0a92cccb72aa5437fa387683586f661c61cae,000109e533c0da3c51124b2ad4ed8595f0ed8ff5b7f25a3e992b7226a22902c2,29a64cf06086a3b3396e1a9b1d08722a3d2d71c84f9b1c6c058c82c760947b8b,RESERVE_CANDIDATE_REQUIRES_RPC_AND_PAIR_EVIDENCE,False,False,False,False
crb2,bsc,56,2024-04-12T09:15:16Z,10,100,0x6d58a33efc0d08deb5f3e7e736ce823d841a9010,56:0x6d58a33efc0d08deb5f3e7e736ce823d841a9010,UNKNOWN_REQUIRES_RPC,-1,0xb21baa668673d791db9348fa7f3dc254a015ced42b9a53733503066a334824ae,36937461,UNKNOWN_REQUIRES_RPC,False,v2/contract_deployments/contract_deployments_29000000_30000000.parquet,3255e78e345aff80bfd6dfc7d760f4bda3a96fce4225cc3e128ce3d21ff32822,fe922d8549406a65844150ec9494c9de692efa1b7591b141daa39aa338dc9669,0005f6bf7790eeb6b1151fdc2389690cbc74e825a9e92af229afce4d0c48a218,404fa1988913613866879ae95dd3a0755d3541d23da51cff755fafaad39cdf5e,RESERVE_CANDIDATE_REQUIRES_RPC_AND_PAIR_EVIDENCE,False,False,False,False
cs,bsc,56,2023-05-23T11:13:18Z,8,80,0xa0ae693347318a30e26b934929f0dde02050bcff,56:0xa0ae693347318a30e26b934929f0dde02050bcff,UNKNOWN_REQUIRES_RPC,-1,0x8240ffe9e25fca7ff9dbb0b542e59d291c76f1c1beb77d5257c5cd9dad2162ac,27712396,UNKNOWN_REQUIRES_RPC,False,v2/contract_deployments/contract_deployments_29000000_30000000.parquet,3255e78e345aff80bfd6dfc7d760f4bda3a96fce4225cc3e128ce3d21ff32822,5450b4cbf2286e0302d7c8d7389ab1bb38af0b66b539d58f38456db1cc843769,0004ba4efc4267a5091c4605d73b5743141aa6cb996755b76df83feb72e0e8c5,6b5a4fc740836f6887f9d8ee0dd2d07de7abc4fd68fdfa134581f58f685a0a3c,RESERVE_CANDIDATE_REQUIRES_RPC_AND_PAIR_EVIDENCE,False,False,False,False
dbw,bsc,56,2022-10-01T13:59:48Z,10,100,0xa8a3f28454891298341322e178ffd5a72650463f,56:0xa8a3f28454891298341322e178ffd5a72650463f,UNKNOWN_REQUIRES_RPC,-1,0x19219a7d57ffea3e9a0ed3c8828f2023ab542730777fa624b94c4d11d07bd09f,21556883,UNKNOWN_REQUIRES_RPC,False,v2/contract_deployments/contract_deployments_29000000_30000000.parquet,3255e78e345aff80bfd6dfc7d760f4bda3a96fce4225cc3e128ce3d21ff32822,caa987796fe779464e5ea49cb3c84055a537d829b403654221cd71dd00bef78e,00025ddbe979932b298ce38a306865bd1fc59b8f182a45250b2c4ccf6a6a2556,901193bdb3c3f571d24614ff345e1e3bb13bcd2ce9c27db5efb1411cabca9c30,RESERVE_CANDIDATE_REQUIRES_RPC_AND_PAIR_EVIDENCE,False,False,False,False
dcf_token,bsc,56,2024-11-23T09:08:35Z,7,70,0xe008dac596de0ca9d322bc6510da63e65c12b831,56:0xe008dac596de0ca9d322bc6510da63e65c12b831,UNKNOWN_REQUIRES_RPC,-1,0xd63233a7560c315a1754b40a31b1601d6e37d2f8346a52430785a924db02341d,43702473,UNKNOWN_REQUIRES_RPC,False,v2/contract_deployments/contract_deployments_30000000_31000000.parquet,0d12ca90369256d040cf542c85f6ffcf446e4e3e8d19fd878d446ff8ed9337b7,b5f4366a56bd165035643c476575d99489a5352bf046d7f571dbd515f2ddd7af,000b30094438c3548fb2cbf4905c365b548f6147e121eed7fbf41260e3acf3f4,b8ad19852d00bab4077b5e12335d1d34b606849efbc4f13eda7447350495904e,RESERVE_CANDIDATE_REQUIRES_RPC_AND_PAIR_EVIDENCE,False,False,False,False
ddcoin,bsc,56,2023-05-31T14:50:29Z,10,100,0x7f4f947d16878153510f50130aeccb7782b3e493,56:0x7f4f947d16878153510f50130aeccb7782b3e493,UNKNOWN_REQUIRES_RPC,-1,0x77818839acccab671d57de0025080ea1afaaacc32f389d10c6c881682b9a3560,28204838,UNKNOWN_REQUIRES_RPC,False,v2/contract_deployments/contract_deployments_6000000_7000000.parquet,408541b1fff35d9d72eb413a63bd7e1ecdfd299daa7ca67b3c7185856aa6aef7,3d5f9b408c9edac70b2763b541c723f859838389b5065effdeb2b78b969742d7,0000fc6dcc96e7e6d981ddf68f54486ea217e017251e94f4cd3e9bbd6dd967ab,68c18fa58aefeb6e9fab821d26c1db6caa69ca72abd9d82a12547f7d43af39e7,RESERVE_CANDIDATE_REQUIRES_RPC_AND_PAIR_EVIDENCE,False,False,False,False
dfs,bsc,56,2022-12-10T12:31:23Z,9,90,0xf911d1d7118278f86eedfd94bc7cd141d299e28d,56:0xf911d1d7118278f86eedfd94bc7cd141d299e28d,UNKNOWN_REQUIRES_RPC,-1,0xb98e69c4b4c9f0fb77fc6900d0e80a4b9db80e41d92c76a8c5c5a99b533d1b39,23123851,UNKNOWN_REQUIRES_RPC,False,v2/contract_deployments/contract_deployments_29000000_30000000.parquet,3255e78e345aff80bfd6dfc7d760f4bda3a96fce4225cc3e128ce3d21ff32822,c474daa966c77285dc4639a42509fcbd41dec67838c1cbe6a51cbcd9df006cba,00093a026193b894542eb24f66af5cabb98282de308558c611f9f3ab6129c065,1b0d77bc6f634c886c7e5c79619bbeb61cfb0027e8f923f41f053ca15940e67b,RESERVE_CANDIDATE_REQUIRES_RPC_AND_PAIR_EVIDENCE,False,False,False,False
discover,bsc,56,2022-05-31T05:35:58Z,6,60,0xd8b8e214f002fbcc9dde7e105951c2a6d5a5b084,56:0xd8b8e214f002fbcc9dde7e105951c2a6d5a5b084,UNKNOWN_REQUIRES_RPC,-1,0x3786f0b2765a7450673ace6eccbc20918621b8554cfa5fbb5b16fe5114ef14b6,17977579,UNKNOWN_REQUIRES_RPC,False,v2/contract_deployments/contract_deployments_7000000_8000000.parquet,54cb1c23725d5765da58c76ee4eb73bb326370e440cb6baab9e8463544906967,2ce1dba8f48c362cd43d927870adc501052ae0fb293b2388a66d2f7dd308b9f6,0000637289b6025ffa1aa336c7a429d2c7d54a31895f8526ae9e2c658753fe75,a0a27d540caf72f30580061c39514f3c47f620ac34b54c7cc1968499c5b580fb,RESERVE_CANDIDATE_REQUIRES_RPC_AND_PAIR_EVIDENCE,False,False,False,False
dpc,bsc,56,2022-09-08T09:14:56Z,10,100,0xda2464d203a2416914e895d60405c8fc3baab53b,56:0xda2464d203a2416914e895d60405c8fc3baab53b,UNKNOWN_REQUIRES_RPC,-1,0x995197a16eea6dd0f4a1683bc3672d2116112ec8058ab158142412bec7167522,20671943,UNKNOWN_REQUIRES_RPC,False,v2/contract_deployments/contract_deployments_31000000_32000000.parquet,1096c453513646713a3b6185edd15651bf3a9599e2e334ecd82bcf3c939ca722,8390dceb960204b581d3a13924c1d3d91a845364d2d0c8007171a07f3196c816,0001addaff38a3bf87fb2d3bad3777e414b9b5db1dfc5ee9b7f0fd63ccbf3364,5266a4203e656b7b3434f0466a55153626a06dbd92be8baa67aa5947ccc07128,RESERVE_CANDIDATE_REQUIRES_RPC_AND_PAIR_EVIDENCE,False,False,False,False
dualpools,bsc,56,2023-02-06T01:21:18Z,9,90,0x513b6fe5ce2d76e8057a5869f99b0cea4b826e42,56:0x513b6fe5ce2d76e8057a5869f99b0cea4b826e42,UNKNOWN_REQUIRES_RPC,-1,0xb0bdc4c5bc7fcd97c2a5416339784d9c8be286aa2d8c42a2a122046f4539627b,25289289,UNKNOWN_REQUIRES_RPC,False,v2/contract_deployments/contract_deployments_29000000_30000000.parquet,3255e78e345aff80bfd6dfc7d760f4bda3a96fce4225cc3e128ce3d21ff32822,64de8e2dc5d818b9713a4fd8258caf804546b17f117ef567865c9abd7d5e58fd,0004d73b3e5bd0156dcc79cb3486a8f2d6df49c6fa3dce2149528a807b7f59a7,83ea8ba8a26871db98e71c867893ac46d4c05a98ace82309487d65c9c9a85708,RESERVE_CANDIDATE_REQUIRES_RPC_AND_PAIR_EVIDENCE,False,False,False,False
dyna,bsc,56,2023-02-02T12:23:49Z,10,100,0x1b685cc9b2682702596fb3a9b9cc362f9e45081c,56:0x1b685cc9b2682702596fb3a9b9cc362f9e45081c,UNKNOWN_REQUIRES_RPC,-1,0x8ab8ea3f6c77eafb7280140a456295738f0fd598e9ad113bb9bb516a8425c051,24604398,UNKNOWN_REQUIRES_RPC,False,v2/contract_deployments/contract_deployments_30000000_31000000.parquet,0d12ca90369256d040cf542c85f6ffcf446e4e3e8d19fd878d446ff8ed9337b7,343118d8169c9691d15a5f7d4df31b825e502d39a03880806d597a2e9001ab32,0005523a966aad23c56c73d8667f093026c12610014952117be974f1bebc734f,651b3768ed8dd09d2f9d3c19f45aabd1700b93a6cd3be7dd28d49783eba6ba7b,RESERVE_CANDIDATE_REQUIRES_RPC_AND_PAIR_EVIDENCE,False,False,False,False
dyson_money,bsc,56,2023-06-28T19:54:38Z,10,100,0xa09aa7608c5a054b85f8232f193fcf4d9be2d0ed,56:0xa09aa7608c5a054b85f8232f193fcf4d9be2d0ed,UNKNOWN_REQUIRES_RPC,-1,0x74048f48191439960b47a824e62db8c1e3acbd3ab3fa9664497e9b2d9082e26c,28915803,UNKNOWN_REQUIRES_RPC,False,v2/contract_deployments/contract_deployments_29000000_30000000.parquet,3255e78e345aff80bfd6dfc7d760f4bda3a96fce4225cc3e128ce3d21ff32822,c180a205e40145838630721e30ba5d807fb3e78efbcd7adb87d8856fc8d76989,000019d4e349cdffdda3489583ee2b70edd922155a02aeb2c15660d0c4b35a06,f4d5488c6831d5464196ead87e418e101a3a958b8cad9de53dd4bf3736b23d6e,RESERVE_CANDIDATE_REQUIRES_RPC_AND_PAIR_EVIDENCE,False,False,False,False
eac,bsc,56,2023-01-17T16:24:05Z,9,90,0xd6d68951470c8b7e024625a370268b36a7121279,56:0xd6d68951470c8b7e024625a370268b36a7121279,UNKNOWN_REQUIRES_RPC,-1,0xaf6a069bde30a26e5509db0c0939180e69eab1e1ee3629a1afb9de209394035a,24125564,UNKNOWN_REQUIRES_RPC,False,v2/contract_deployments/contract_deployments_29000000_30000000.parquet,3255e78e345aff80bfd6dfc7d760f4bda3a96fce4225cc3e128ce3d21ff32822,d72872fa17e27658f02bcf15646c878a1ac56c6c81d54b69d3218ededb34b34a,00049c5cd305f429f35aaa4bb87a451d8d7804a89357bd1d7abefc379a96b927,aae49c67ef048dca3e489d36853486f7a15d41100d3151703aac37ef4df44dd2,RESERVE_CANDIDATE_REQUIRES_RPC_AND_PAIR_EVIDENCE,False,False,False,False
egd_finance,bsc,56,2022-07-29T06:50:26Z,9,90,0x1294f1afff29ef9d6a947c6b3faec65c9c3f506e,56:0x1294f1afff29ef9d6a947c6b3faec65c9c3f506e,UNKNOWN_REQUIRES_RPC,-1,0x73c1ca7c255a896f64e1e00fdb8864d83e21f663579217302c932119a44cc955,19762621,UNKNOWN_REQUIRES_RPC,False,v2/contract_deployments/contract_deployments_6000000_7000000.parquet,408541b1fff35d9d72eb413a63bd7e1ecdfd299daa7ca67b3c7185856aa6aef7,5d9666ba67e8742e50c92156511719964a592a74af3ded16147592e016851f0b,0001d030866cb3efdc064b4a8715b67b10c6a218ddb5c70e498e43ce6fa6434d,321070b6b88d5ac333b839e0a9c42a888143c86328f7265e0a48e71d0c1f9eb6,RESERVE_CANDIDATE_REQUIRES_RPC_AND_PAIR_EVIDENCE,False,False,False,False
eleven,bsc,56,2021-04-26T02:52:04Z,10,100,0xd08341d67f06020428706f4df7425004c00d11b1,56:0xd08341d67f06020428706f4df7425004c00d11b1,UNKNOWN_REQUIRES_RPC,-1,0x925b6196e1d133062336d55e05c28822234590e5d9e32598c3b161b22817a4a6,6102160,UNKNOWN_REQUIRES_RPC,False,v2/contract_deployments/contract_deployments_30000000_31000000.parquet,0d12ca90369256d040cf542c85f6ffcf446e4e3e8d19fd878d446ff8ed9337b7,fb95f78b0183eebcf999c786191e718eedda2d566f63ddbb2999bd0b167bc3f1,0002413e251a848a2031ff991d144a0c2b8debfc3fbf633c46e8085b1619bb4f,79001ba8c30d3e0869cae2ca7b5061c47284a746f235e221cfea295361e6435f,RESERVE_CANDIDATE_REQUIRES_RPC_AND_PAIR_EVIDENCE,False,False,False,False
est,bsc,56,2026-03-21T12:57:01Z,10,100,0xcbb99a06d912ceb62a276bd2c665f76bcf1c9502,56:0xcbb99a06d912ceb62a276bd2c665f76bcf1c9502,UNKNOWN_REQUIRES_RPC,-1,0x098c27b198223e4b6e12c98ea0b575b5fd8121fcd2c2a25854a415781c2fb0c9,82035775,UNKNOWN_REQUIRES_RPC,False,v2/contract_deployments/contract_deployments_31000000_32000000.parquet,1096c453513646713a3b6185edd15651bf3a9599e2e334ecd82bcf3c939ca722,7c96065a537083b8e73d6b84949cd4aebc9a6e225a9820907656f333059ddbb9,000570becc1f487ee6077c2de9696407f3df55cb48690638ea7ab20edcd86eda,c1c8324f64f291d4c288e947ba9bd2b56a759a8c3ffcf3d10c4d2e9dd1ba83e2,RESERVE_CANDIDATE_REQUIRES_RPC_AND_PAIR_EVIDENCE,False,False,False,False
ethfin,bsc,56,2021-10-28T06:21:03Z,3,30,0x45b8c3edca78c52218cacd9596970a9cb02e0c10,56:0x45b8c3edca78c52218cacd9596970a9cb02e0c10,UNKNOWN_REQUIRES_RPC,-1,0x19899d8a2fdfb7c866e317e5d60ea767461287646acba1793aeb473791e49f1f,11403399,UNKNOWN_REQUIRES_RPC,False,v2/contract_deployments/contract_deployments_30000000_31000000.parquet,0d12ca90369256d040cf542c85f6ffcf446e4e3e8d19fd878d446ff8ed9337b7,789a51cbef2c198b8d36e44edb7973697fd33cdc71eac897c720204fc42d4ac3,000fce1b32f02ea67be0de66c8a5da39864ad054407487f17a9446cf16572a6e,89ad6e4c3f417a0a3a335ebb4365ecff6e4b846c19c9eb97db95efbd928891f3,RESERVE_CANDIDATE_REQUIRES_RPC_AND_PAIR_EVIDENCE,False,False,False,False
etnproduct,bsc,56,2022-08-03T17:03:19Z,10,100,0x96c4a376bf3ab1102f67b73db8a5f548fa7ae486,56:0x96c4a376bf3ab1102f67b73db8a5f548fa7ae486,UNKNOWN_REQUIRES_RPC,-1,0xc4fac1506b4bbbdf1ec154b2a0cf9c3fcf0848d6746b646fe780099fc9a7c7b6,20033537,UNKNOWN_REQUIRES_RPC,False,v2/contract_deployments/contract_deployments_30000000_31000000.parquet,0d12ca90369256d040cf542c85f6ffcf446e4e3e8d19fd878d446ff8ed9337b7,516c725eb36e86d1e7ad7621e724398f0fb9b6ffe6dfb575fc1a0d85d9dc0448,0007172d7c6ef2127f975356ce61ccdbc786b4cb7a6e00e62dd1c55a5d8faab2,d25500f0b051c9505a6fabfe858be39eb5d93a30a20d88047e56eb618798ed01,RESERVE_CANDIDATE_REQUIRES_RPC_AND_PAIR_EVIDENCE,False,False,False,False
excommunity,bsc,56,2024-05-16T08:19:02Z,5,50,0x0e52429975369d4079c7ca8964005e97c810dda3,56:0x0e52429975369d4079c7ca8964005e97c810dda3,UNKNOWN_REQUIRES_RPC,-1,0x35f729e48cca7f313a83d869e9df44a358c1ddae028ef1ccddfa7e2677294cac,38121874,UNKNOWN_REQUIRES_RPC,False,v2/contract_deployments/contract_deployments_29000000_30000000.parquet,3255e78e345aff80bfd6dfc7d760f4bda3a96fce4225cc3e128ce3d21ff32822,903982f38b5305714142452fa0264872e034faaf4154ee5da0bbba4c82557de8,0003cfad18dd7a8f3b59b0593dc40583219e186e0164ea1bf3d1a58340eb3b41,f2dd601cfe00a7dd40632a8f009bed1941f4a7c3fa59e83c1fd867f12b947e24,RESERVE_CANDIDATE_REQUIRES_RPC_AND_PAIR_EVIDENCE,False,False,False,False
fdp,bsc,56,2021-06-06T15:32:33Z,10,100,0x601d26b0b2590d0740595837a1f90b9975eabadd,56:0x601d26b0b2590d0740595837a1f90b9975eabadd,UNKNOWN_REQUIRES_RPC,-1,0xde065b704f93d9f0b6e26a3033a609f18dd58e13894cad0c60e1c4ae02cc9bec,7520327,UNKNOWN_REQUIRES_RPC,False,v2/contract_deployments/contract_deployments_29000000_30000000.parquet,3255e78e345aff80bfd6dfc7d760f4bda3a96fce4225cc3e128ce3d21ff32822,2ebcd61762ac8f23b86a55c315e3d743a5e39d8765131a41ee5947bf1ac3544e,0001d71940ba8d3c2de86e06a6dbfe108297c6e5751ee709ef1622d865483bff,2e893e0be0f83768c13d9b620382b9c3006721b998367982cad394b138117e12,RESERVE_CANDIDATE_REQUIRES_RPC_AND_PAIR_EVIDENCE,False,False,False,False
ffist,bsc,56,2023-05-28T04:36:01Z,10,100,0xe4a2932518901adac0ef40dca9fad0871a003a22,56:0xe4a2932518901adac0ef40dca9fad0871a003a22,UNKNOWN_REQUIRES_RPC,-1,0x6ac678d9eb1fe02ff7cdca4db57a2406ddd5ab88990f1cc06c02ee052fc4b2ef,27860287,UNKNOWN_REQUIRES_RPC,False,v2/contract_deployments/contract_deployments_7000000_8000000.parquet,54cb1c23725d5765da58c76ee4eb73bb326370e440cb6baab9e8463544906967,d004d668de848a124c47ee95d0e060da2a6e10139b77f0b7aab4eba92fd5ac84,00050b324f2e4bba290afdc244ae00d4985c8e5d236beb512a9daee63f3eb87a,5d11a6ef5eb1a46eed4254bd9295629becc2f41da3da43d1f48c2c2c4029dbcb,RESERVE_CANDIDATE_REQUIRES_RPC_AND_PAIR_EVIDENCE,False,False,False,False
fpc,bsc,56,2025-07-01T14:56:21Z,10,100,0x188f1a70a2cda15a7f3dd3eb6e6431f315ee9d3d,56:0x188f1a70a2cda15a7f3dd3eb6e6431f315ee9d3d,UNKNOWN_REQUIRES_RPC,-1,0xfac2b3854936cbde73c575e8938aac160012afb7f3b69b7b5e6ee90354b4720a,51599570,UNKNOWN_REQUIRES_RPC,False,v2/contract_deployments/contract_deployments_29000000_30000000.parquet,3255e78e345aff80bfd6dfc7d760f4bda3a96fce4225cc3e128ce3d21ff32822,8785dbfa2c67a72411259be2ac0b0fe9790222ea4bc922d64b59227489946f82,000346c64bc8a7cc7a905dde62d4026be1ff398d0fabd495d5e5a82f3a311e52,289308640e2f5824e31a13d6afafeeeddea4166e776ad08c2387e7d27a51e93d,RESERVE_CANDIDATE_REQUIRES_RPC_AND_PAIR_EVIDENCE,False,False,False,False
gangsterfinance,bsc,56,2021-07-01T00:03:43Z,10,100,0x00bf7000673d1dc302b20bc1903e6043b3aabf3e,56:0x00bf7000673d1dc302b20bc1903e6043b3aabf3e,UNKNOWN_REQUIRES_RPC,-1,0xa9cf89ed7bde7689650b95efd41aaf81089f5c8bd49883c6f99966737bf65f40,8168163,UNKNOWN_REQUIRES_RPC,False,v2/contract_deployments/contract_deployments_30000000_31000000.parquet,0d12ca90369256d040cf542c85f6ffcf446e4e3e8d19fd878d446ff8ed9337b7,111a5014565dbbf41ffc1e66ae97b3e4cc59a29a2e48d877904561e03aa34e2d,0001a0f24b70e51686a1c06a2964d57fa45e43d8ac772fda570f6cc505643f08,27882bd6daed8108a933c0b8404b99c4c52e4babdc90c35573098a7237dec053,RESERVE_CANDIDATE_REQUIRES_RPC_AND_PAIR_EVIDENCE,False,False,False,False
gds,bsc,56,2022-12-05T06:21:07Z,10,100,0x37625344add12091e729912b953fbe57cb373166,56:0x37625344add12091e729912b953fbe57cb373166,UNKNOWN_REQUIRES_RPC,-1,0x16ef71d824ec116fc2e0e50651ed59cea47f54c0132a34883ca0a3e6cf8755b8,23025322,UNKNOWN_REQUIRES_RPC,False,v2/contract_deployments/contract_deployments_6000000_7000000.parquet,408541b1fff35d9d72eb413a63bd7e1ecdfd299daa7ca67b3c7185856aa6aef7,3abee5476b934be5eb835a2bc297d0c093a2fa9bc658263faf7af4f632c6e92f,0000cb35503a500281c87d06c27d89e091bc2bd055ba28f72bb6c23524e91f27,a4c6d2eb91391af5b737e18b77fdeaabcfb87ccca3a002442bf04074f916cddb,RESERVE_CANDIDATE_REQUIRES_RPC_AND_PAIR_EVIDENCE,False,False,False,False
grizzifi,bsc,56,2025-08-13T06:24:07Z,10,100,0xcf24aaa1eebd3ec0aa487180e3ec07ce29d57a92,56:0xcf24aaa1eebd3ec0aa487180e3ec07ce29d57a92,UNKNOWN_REQUIRES_RPC,-1,0xe9af1694b5695a4a0d1efd5825cceb599df77399d2a7f3583e7857d90ce6b717,55141945,UNKNOWN_REQUIRES_RPC,False,v2/contract_deployments/contract_deployments_29000000_30000000.parquet,3255e78e345aff80bfd6dfc7d760f4bda3a96fce4225cc3e128ce3d21ff32822,cac75b33f95f3bd004ec6ad22ad71f6b80631105dcddfef501a2c3ba4ed21056,000a939cec61b13ef3f5eb1970930bcaac07b7762951bac72afc63b5e4901972,7dca36d9ed601ee8f170ce6464ef2aa33f2bb92ddd28abbbff0e5e1399c82c49,RESERVE_CANDIDATE_REQUIRES_RPC_AND_PAIR_EVIDENCE,False,False,False,False
gym_1,bsc,56,2022-03-25T11:11:01Z,8,80,0x98abd35a1d9581ade70e56f22e0eba6f33106a9f,56:0x98abd35a1d9581ade70e56f22e0eba6f33106a9f,UNKNOWN_REQUIRES_RPC,-1,0xf8074a2824c1aec1c6b01643ceb5cc579e47e08cb6f0d2619b2c16dfd515eb8a,15531360,UNKNOWN_REQUIRES_RPC,False,v2/contract_deployments/contract_deployments_31000000_32000000.parquet,1096c453513646713a3b6185edd15651bf3a9599e2e334ecd82bcf3c939ca722,1b08f30a44602fbd1a09e003896338e798aba675e10975bb47f50b4ca2968226,0002ad766223998a126bd44a130710049b2103e7bcaacac895320b003b7502d9,67a6fb4fd8a04cd4aa77e54d60e443f45e7d3212edc4c6da71c539882ef80b14,RESERVE_CANDIDATE_REQUIRES_RPC_AND_PAIR_EVIDENCE,False,False,False,False
gymnet,bsc,56,2023-04-11T10:24:48Z,1,10,0x5ac1c878428e21c3f7ad7609841e54ccc867b8db,56:0x5ac1c878428e21c3f7ad7609841e54ccc867b8db,UNKNOWN_REQUIRES_RPC,-1,0x551a460750ae0d26f6ec78d0bac64afadbab93aecbd217d3d516971b845aeb6b,26710831,UNKNOWN_REQUIRES_RPC,False,v2/contract_deployments/contract_deployments_6000000_7000000.parquet,408541b1fff35d9d72eb413a63bd7e1ecdfd299daa7ca67b3c7185856aa6aef7,4322ea1aa000b3b9556b90189b09902f1c3f038848176fc83562c39354f8467c,00011d04ad1278fa6b664ec18fd1a61837310f0fec4001b71bb309ecb03a9ace,aa9a9733fd0173830f262f903abda87e92ad53679562aa1d94cb3a4f11147e97,RESERVE_CANDIDATE_REQUIRES_RPC_AND_PAIR_EVIDENCE,False,False,False,False
hct,bsc,56,2023-09-04T23:16:17Z,10,100,0x45d3aff97572d28ab118b2e5dc9e61b516b7dd0a,56:0x45d3aff97572d28ab118b2e5dc9e61b516b7dd0a,UNKNOWN_REQUIRES_RPC,-1,0xd93dab516d4de5495cdc890eed20175c9201ce29ea1e736208744d747b28755d,31073158,UNKNOWN_REQUIRES_RPC,False,v2/contract_deployments/contract_deployments_30000000_31000000.parquet,0d12ca90369256d040cf542c85f6ffcf446e4e3e8d19fd878d446ff8ed9337b7,cbfa681275f979898189d34e9b709c025b2fa64845892daa37cd7afff57470d8,00024574ec7a9bd899012fe34c0ad4d75053fde9421e519ff1194af90c9825ac,620c875831d99f6e2352bdeaf6204f419fce5fd26b610c890381e77709e66cb5,RESERVE_CANDIDATE_REQUIRES_RPC_AND_PAIR_EVIDENCE,False,False,False,False
health,bsc,56,2022-09-04T14:53:04Z,10,100,0x70067ab1d44b8258109be2811f8e7d4c57920ac6,56:0x70067ab1d44b8258109be2811f8e7d4c57920ac6,UNKNOWN_REQUIRES_RPC,-1,0x5af2845f03654b9988f8c29b5f0649c9504404e09018db06beaba3ebe68a183b,20604995,UNKNOWN_REQUIRES_RPC,False,v2/contract_deployments/contract_deployments_29000000_30000000.parquet,3255e78e345aff80bfd6dfc7d760f4bda3a96fce4225cc3e128ce3d21ff32822,9d89cfc9887e9bc2e2214ae60cd7a25c3129ef65cf81ae7c612fe99d7625f5fe,00049c3cf20593ac48c6b75feb8d9af00ac7e1dc44036def5d5ceda8c7e71bfe,75a5921a6f5bf67d83453b2a672c6ae6c89405fc4051b05679e0d49d0602f3c1,RESERVE_CANDIDATE_REQUIRES_RPC_AND_PAIR_EVIDENCE,False,False,False,False
hydt,bsc,56,2024-01-06T10:22:37Z,7,70,0x6706a5d5d4c071ac384a405286795b85a0d93bf5,56:0x6706a5d5d4c071ac384a405286795b85a0d93bf5,UNKNOWN_REQUIRES_RPC,-1,0x467c542901bf471db6cd77c325fdfa0108983ab1fb1dc2b37e35bea87d183d89,34708365,UNKNOWN_REQUIRES_RPC,False,v2/contract_deployments/contract_deployments_29000000_30000000.parquet,3255e78e345aff80bfd6dfc7d760f4bda3a96fce4225cc3e128ce3d21ff32822,d075e3b200b85ad296f2ef4c176396e76af758c1ab0a9604b95027340f39c7b7,0001ea9fd6676465580c8cc8c46337312c8d131629057b95648f3b266247603e,d4b0c9e3d2a4e87446ccb28f757f48b7d423e4adf5f21cce9c2ebe1a512f07e7,RESERVE_CANDIDATE_REQUIRES_RPC_AND_PAIR_EVIDENCE,False,False,False,False
incufi,bsc,56,2024-05-17T16:10:07Z,10,100,0xc38a34b92f1064e65cce229f210fc1553fa9bfdb,56:0xc38a34b92f1064e65cce229f210fc1553fa9bfdb,UNKNOWN_REQUIRES_RPC,-1,0x407e7caffc401c29e00e6891e0c5aadb2e23778a5176fe97065d9b27b2d25b7d,38426103,UNKNOWN_REQUIRES_RPC,False,v2/contract_deployments/contract_deployments_31000000_32000000.parquet,1096c453513646713a3b6185edd15651bf3a9599e2e334ecd82bcf3c939ca722,b5ead6f1b63825b6684b5a14a168cee19079b7e55ebd74638146b3a1e3ae25f5,0007b9f262959b75912c08cc817cdbf03bfec3fdf71de4101a5b774034715956,db5def944f62f569648df5e629b80cfbc8773767643badbcd2b80e5fe171ade1,RESERVE_CANDIDATE_REQUIRES_RPC_AND_PAIR_EVIDENCE,False,False,False,False
inuko,bsc,56,2022-10-04T07:15:49Z,10,100,0x9482cd45ad9be061d21bd1adcab3db4633191df0,56:0x9482cd45ad9be061d21bd1adcab3db4633191df0,UNKNOWN_REQUIRES_RPC,-1,0xb9ba6b3956b3f86cefd5bda0d351a67ff76d79f2318611f28ef4c7787b723825,21069120,UNKNOWN_REQUIRES_RPC,False,v2/contract_deployments/contract_deployments_7000000_8000000.parquet,54cb1c23725d5765da58c76ee4eb73bb326370e440cb6baab9e8463544906967,6f3d2af400bee2be300e4a12f5e87982a6aa7c4d027039912988123c78ee6185,00029cb3c1b919ae73b16dc9ac6370cef6572c1df80c1e1c69744570e19b7f3a,9fb24e3ddf6bd7ea9b575b6f28c2a1f3e17f29a445dbebb9c1b6c358c31bc034,RESERVE_CANDIDATE_REQUIRES_RPC_AND_PAIR_EVIDENCE,False,False,False,False
ipc,bsc,56,2025-01-01T05:17:05Z,10,100,0x72422531a00444073ba4bce4ccb0d1e9f666c1b7,56:0x72422531a00444073ba4bce4ccb0d1e9f666c1b7,UNKNOWN_REQUIRES_RPC,-1,0xb987878e8c6692c5323a9bcd1ca6cd013ee54e05700c25f8cb61095d10153d68,45038614,UNKNOWN_REQUIRES_RPC,False,v2/contract_deployments/contract_deployments_5000000_6000000.parquet,eb8d1ad9c414a2cf0a36d3fe5aa0b10e20823399807f3e5cfb6815af4b301cd7,107d294283d1f7d8f6bf1b9c34e60e8d04187241bfc73b806ecdaf22546f75c0,000639e3cd14ca7ac0eb414dedfd24a2cd4ce277b4d747d642af41871c88a71a,4b261e56405fb86f3a286a5b88a5eb93a8831f7afc244d9370054dfd0949cb35,RESERVE_CANDIDATE_REQUIRES_RPC_AND_PAIR_EVIDENCE,False,False,False,False
it,bsc,56,2024-03-10T20:56:42Z,10,100,0x52a69662a46000bf0d8fc8ec45eaee466f90bc41,56:0x52a69662a46000bf0d8fc8ec45eaee466f90bc41,UNKNOWN_REQUIRES_RPC,-1,0x7d137cb36bce2ba7bd82bbbeb0ebf7d2c7f4fb5188ad82e4e3adce7ca3875fcb,35968282,UNKNOWN_REQUIRES_RPC,False,v2/contract_deployments/contract_deployments_29000000_30000000.parquet,3255e78e345aff80bfd6dfc7d760f4bda3a96fce4225cc3e128ce3d21ff32822,1b1941c1a1809dba4648a09a2eace58b556e804e9ed1cc55dc6c9df137d7723d,0003d5ec47d49af5953d09f56eca0a74871b84317208182f269b6cf7f923de4a,b85cde823a0ffd6f7d068a1646e749b6f691e8c2b5c0de37af05cbf6d620ba7e,RESERVE_CANDIDATE_REQUIRES_RPC_AND_PAIR_EVIDENCE,False,False,False,False
ivestdao,bsc,56,2024-06-16T22:16:43Z,10,100,0x61c4c606b4aca0cb2264f9f1fb23a9134b57b27f,56:0x61c4c606b4aca0cb2264f9f1fb23a9134b57b27f,UNKNOWN_REQUIRES_RPC,-1,0xc2b76b5d2c304bc0c0a17084aae1f1f078e3e3747a238a6c3eb6708c2ff5b30a,38994977,UNKNOWN_REQUIRES_RPC,False,v2/contract_deployments/contract_deployments_1000000_2000000.parquet,7529540c96f11e4fc0d376fd36b2953644bebebe317a864615e2d14403a341fe,07276c7c5b284032ef2d8ae6cf18f2af0489cab7151cfc20a6383e51c9bf5dec,000a25a2779931020ee42f42ab43cca1d194056972ff01de180101b8e75d63ac,a9871ac5abdc4c20d86ecb0fb9167546e8ec6bd309e4cf8f609bd195a05f0a43,RESERVE_CANDIDATE_REQUIRES_RPC_AND_PAIR_EVIDENCE,False,False,False,False
j_pulsepot,bsc,56,2023-06-18T02:08:38Z,10,100,0x5a2e32187039378eef4b4f83b26639504a0c8065,56:0x5a2e32187039378eef4b4f83b26639504a0c8065,UNKNOWN_REQUIRES_RPC,-1,0xa38c3de582aefb5797cffe311c35a89e076c88817ab1186fceddbf0d3b278895,28949773,UNKNOWN_REQUIRES_RPC,False,v2/contract_deployments/contract_deployments_30000000_31000000.parquet,0d12ca90369256d040cf542c85f6ffcf446e4e3e8d19fd878d446ff8ed9337b7,daf49d67b618e2c74525e21ffe740e298f16d68c75e8874c2dea7ab9c77833fe,000415ffaaea4efa1a46efae7a0ff03e8c1943f75abd2905758f613b407858f7,46f1d50686ae5af91cd01c75cdd8cb577f3344db946399ae64a1e7f787c26a4c,RESERVE_CANDIDATE_REQUIRES_RPC_AND_PAIR_EVIDENCE,False,False,False,False
julswap,bsc,56,2020-09-21T19:01:43Z,10,100,0x5ac3a6c7a6259c1321065b513006452da0166625,56:0x5ac3a6c7a6259c1321065b513006452da0166625,UNKNOWN_REQUIRES_RPC,-1,0x5de5782b96f7afa10c0fc6c65cc521b021a5be567c38338eee3ca91a97f41b28,399089,UNKNOWN_REQUIRES_RPC,False,v2/contract_deployments/contract_deployments_29000000_30000000.parquet,3255e78e345aff80bfd6dfc7d760f4bda3a96fce4225cc3e128ce3d21ff32822,a82b1cd56baca95c9e532d0f7d8e2e6e8572b55f6e959aaa9abd3824e6a77fea,07a65112dcb741b3a7bf1254f0da0365b2a69fec36ad68196408ad5b23a018cc,ebc404b125caed7d9ec09f6bceed66b07cc256eea1c3227033b3075e8998ce93,RESERVE_CANDIDATE_REQUIRES_RPC_AND_PAIR_EVIDENCE,False,False,False,False
kest,bsc,56,2023-12-11T11:42:32Z,10,100,0xcf130ab791462b506075ed49de2fbf95a0191d3d,56:0xcf130ab791462b506075ed49de2fbf95a0191d3d,UNKNOWN_REQUIRES_RPC,-1,0x7e2057831cb46d46d205395ac686495ff139c3b6170d04263e4c733ff2310937,33760938,UNKNOWN_REQUIRES_RPC,False,v2/contract_deployments/contract_deployments_29000000_30000000.parquet,3255e78e345aff80bfd6dfc7d760f4bda3a96fce4225cc3e128ce3d21ff32822,651749e5085e7e901e6404e5dcc356cf6333bce54b93ec46a506591432d747f9,000173f9be1a0b6463015d77a47f500033194b970f442ce56e9f76df2c6ba88b,3b9940bca527a52fe4702ffd02dc33bd54e666f073b95f86311c18b7dde0748a,RESERVE_CANDIDATE_REQUIRES_RPC_AND_PAIR_EVIDENCE,False,False,False,False
kub_split,bsc,56,2023-09-20T07:19:55Z,10,100,0x0d076836d10210a1e10cd167203a7d68cf42781d,56:0x0d076836d10210a1e10cd167203a7d68cf42781d,UNKNOWN_REQUIRES_RPC,-1,0x8bd0305d333690b14e2996c0ef285f5b134b4119d49422de94186ae980766d22,31105102,UNKNOWN_REQUIRES_RPC,False,v2/contract_deployments/contract_deployments_30000000_31000000.parquet,0d12ca90369256d040cf542c85f6ffcf446e4e3e8d19fd878d446ff8ed9337b7,9b6efefb01c4f45347281af84b56c44b8485b92e5719d100d7c36fcec43e40c9,0006d9c66fcc6360fc00e7a46ed1a2c57b7b31e3eec4d38803eca48d23c38f48,42fdce45b21374ceda3e1f4fdb57f7079fac3c254e6edc1c5fa05a03bcb939c5,RESERVE_CANDIDATE_REQUIRES_RPC_AND_PAIR_EVIDENCE,False,False,False,False
laeeb,bsc,56,2022-05-27T03:37:33Z,8,80,0xc27f4f50080e1989219011ab1c6e64b960dac3b1,56:0xc27f4f50080e1989219011ab1c6e64b960dac3b1,UNKNOWN_REQUIRES_RPC,-1,0x4c5d6b15e0e0b2a2807dbb209a0b01a25dfcc32f7ccb908968576494f7d61979,17404131,UNKNOWN_REQUIRES_RPC,False,v2/contract_deployments/contract_deployments_7000000_8000000.parquet,54cb1c23725d5765da58c76ee4eb73bb326370e440cb6baab9e8463544906967,7fdd486e3932533289d3a3e1dde4d93df2db182dcc5c8de971c38ebfa80d398d,0001b35300b98f3537c72eafdc9bf0533200fd9d10331f3cc991ea719016ddb5,6d60fe2c4a39ab6a5b2a1188ce05f86f9807daf735873d1b127f890067d3d82c,RESERVE_CANDIDATE_REQUIRES_RPC_AND_PAIR_EVIDENCE,False,False,False,False
laxo_token,bsc,56,2026-02-13T17:23:21Z,6,60,0xf97dbd3313ff64954ea96ecd01ed46c8f8fcc668,56:0xf97dbd3313ff64954ea96ecd01ed46c8f8fcc668,UNKNOWN_REQUIRES_RPC,-1,0x98450ea83b5f7ef8ed5acf4ee1679b81fdf53d41547fb5bb136ed348be3c0ce7,75370088,UNKNOWN_REQUIRES_RPC,False,v2/contract_deployments/contract_deployments_29000000_30000000.parquet,3255e78e345aff80bfd6dfc7d760f4bda3a96fce4225cc3e128ce3d21ff32822,8dd8a506d3fc4b30c4180dedcc8f069e9b5745702c47ec9f32f2e39bfd67b7a0,00036f723aa2c77ecb282a93cb271d16058c428bd93277d431a479e3bc1f22f2,df57fad3abb0712f6c65bc921d8310add5b6790a01649f888c0853c5393f4ee9,RESERVE_CANDIDATE_REQUIRES_RPC_AND_PAIR_EVIDENCE,False,False,False,False
level,bsc,56,2023-02-20T14:52:54Z,10,100,0x73efd9d0e29a7e86c118ebcdb9cd85f8ced34b69,56:0x73efd9d0e29a7e86c118ebcdb9cd85f8ced34b69,UNKNOWN_REQUIRES_RPC,-1,0xa88984a415899d5bd4c0dc3baf06f762e12cf02444a3af908024d772854545fe,25180875,UNKNOWN_REQUIRES_RPC,False,v2/contract_deployments/contract_deployments_31000000_32000000.parquet,1096c453513646713a3b6185edd15651bf3a9599e2e334ecd82bcf3c939ca722,ecf8c0df49caf02edd81444697ad1cd5cf6f437ae82f9854a5d07cde9780570a,000691017bdffd7a3b572b4a67121675035c2c98a4dba0ea1ac8ade5ffc8ba05,9793502146fa9cd1b511033e4539116304e8b34d0845c25e5756ebfc75f80dae,RESERVE_CANDIDATE_REQUIRES_RPC_AND_PAIR_EVIDENCE,False,False,False,False
lifeprotocol,bsc,56,2025-01-17T16:06:16Z,10,100,0xe32f37b269d4a971106de80ebf8eb020401a9863,56:0xe32f37b269d4a971106de80ebf8eb020401a9863,UNKNOWN_REQUIRES_RPC,-1,0x5eaa565d89959c8759b550a323dc89dc3b4678252b8f15fc9b30d076c61730b3,45795364,UNKNOWN_REQUIRES_RPC,False,v2/contract_deployments/contract_deployments_30000000_31000000.parquet,0d12ca90369256d040cf542c85f6ffcf446e4e3e8d19fd878d446ff8ed9337b7,c52a55344521d1859ea95045266fe2a57bc8d824595ff1969d411a022a652c3a,000ef4ebd9bb1c925f3a4e777af0771c9c5fcea03ce0216009b9247a6353bb76,b0d4c662ba6d8e7282c84a59281127ecbfb62bd7f48b58a83c7289bd699b304e,RESERVE_CANDIDATE_REQUIRES_RPC_AND_PAIR_EVIDENCE,False,False,False,False
liquiditytokens,bsc,56,2023-03-25T17:38:38Z,9,90,0x15415b53725f7be5a52365a6788e1026e4b946a3,56:0x15415b53725f7be5a52365a6788e1026e4b946a3,UNKNOWN_REQUIRES_RPC,-1,0xc2f59605baf39117215c6dfbec4c590c27806a3c9ea5dbadd1a1f03d7f77ad1e,26248794,UNKNOWN_REQUIRES_RPC,False,v2/contract_deployments/contract_deployments_30000000_31000000.parquet,0d12ca90369256d040cf542c85f6ffcf446e4e3e8d19fd878d446ff8ed9337b7,5c443bad653ec6c6b46b029e1ea5d65743ce7737547a285b42cd2938f1fc6c57,000c2bff70b33bbe580ef59c3ed6b054e69f330913f46d583ab35524caafa030,6d636d8e689a64d72f65eed090b8f2c724ab6adc1f71f867611ed1a8ad607dba,RESERVE_CANDIDATE_REQUIRES_RPC_AND_PAIR_EVIDENCE,False,False,False,False
lp_mine,bsc,56,2025-01-03T05:35:11Z,10,100,0x02dad71aadb91b83ebb2a0c5e049e2cdd5458529,56:0x02dad71aadb91b83ebb2a0c5e049e2cdd5458529,UNKNOWN_REQUIRES_RPC,-1,0xf496b44fdbad9caae00022ccf3467967b166114975f271cc1a3a32983a3a634d,44589127,UNKNOWN_REQUIRES_RPC,False,v2/contract_deployments/contract_deployments_29000000_30000000.parquet,3255e78e345aff80bfd6dfc7d760f4bda3a96fce4225cc3e128ce3d21ff32822,d1b7776a4daa2564b881b7ec3a5fa3ade80416917c6667162a7b29c0646a81dc,000592557dac7c24b761a5736913ed34199b6dabcff9a7e001c722d1df3d845d,b962f0d642c434306d7a4ffb29de03c6a28cebdbb6ec8a4f2e1b2643a717fc9f,RESERVE_CANDIDATE_REQUIRES_RPC_AND_PAIR_EVIDENCE,False,False,False,False
lpc,bsc,56,2022-03-15T12:41:22Z,4,40,0x5c0a94bb4d9738dc09e5d0f4307e70ac53def243,56:0x5c0a94bb4d9738dc09e5d0f4307e70ac53def243,UNKNOWN_REQUIRES_RPC,-1,0x2a96168b015816710710d8c0d9ec0e93d5c08faed56424cdc3254bc394a64d9a,15341531,UNKNOWN_REQUIRES_RPC,False,v2/contract_deployments/contract_deployments_29000000_30000000.parquet,3255e78e345aff80bfd6dfc7d760f4bda3a96fce4225cc3e128ce3d21ff32822,66b12c7f78d71c9c86984221d4b23a8c2d855303ec56b35a9d138355a90e5047,00006dcd43bf0cd4f2c98266c328eec65ee8f023c91b9c4d3af36ee9cf9dd236,62bdd3ccad18f86878badcb94bcaa6dec4605e2e063cd39f5e0320711c7caecb,RESERVE_CANDIDATE_REQUIRES_RPC_AND_PAIR_EVIDENCE,False,False,False,False
lusd,bsc,56,2023-06-13T09:35:18Z,10,100,0xd103385cfe41e4c30012eaf43f7d544a383a9248,56:0xd103385cfe41e4c30012eaf43f7d544a383a9248,UNKNOWN_REQUIRES_RPC,-1,0x38e31eadc21df506405600fe6261bee45af32a65bf0940215e632295aa205607,28331527,UNKNOWN_REQUIRES_RPC,False,v2/contract_deployments/contract_deployments_30000000_31000000.parquet,0d12ca90369256d040cf542c85f6ffcf446e4e3e8d19fd878d446ff8ed9337b7,f843208ed6e1924f144b1d8efd4f622e89a039d7552f7816d87fae63eb177cdf,00026445f4977fbf95740f0f2de16b9da3aa6f627c9f70f7c72ef4683879de0d,cdcb7f47270149332d900c4970119d6b555107af18f46a417ddc660da2fcc9a8,RESERVE_CANDIDATE_REQUIRES_RPC_AND_PAIR_EVIDENCE,False,False,False,False
lw,bsc,56,2023-05-04T05:20:17Z,7,70,0x5c27cc0658fdaa3a482a1c245638f78cf25bb4f5,56:0x5c27cc0658fdaa3a482a1c245638f78cf25bb4f5,UNKNOWN_REQUIRES_RPC,-1,0xfb45f9c76530854e976048dedda55d5e9b5e40c7378f1bf30b28b42075b501ef,27759440,UNKNOWN_REQUIRES_RPC,False,v2/contract_deployments/contract_deployments_7000000_8000000.parquet,54cb1c23725d5765da58c76ee4eb73bb326370e440cb6baab9e8463544906967,6223946bf88b6e7940f9cbd4b21e855c8cac607af7494ba2bdaaa8bb0459f96c,0001af4d47fc18fb185ab53b129fef945179e076d30917cb6b5d731bed1429ae,4be1480b171613f7ab14adf837c2256279930bb3c34ddc09faaa7d3d0c605791,RESERVE_CANDIDATE_REQUIRES_RPC_AND_PAIR_EVIDENCE,False,False,False,False
mamo,bsc,56,2023-11-23T06:13:54Z,10,100,0xf9c5394538cb28cf5fcae761d932f7be29c0c429,56:0xf9c5394538cb28cf5fcae761d932f7be29c0c429,UNKNOWN_REQUIRES_RPC,-1,0x2614e5969dd7b67de91ddad6c7b0047af775c0db039a9216eea731ec8d690709,33165871,UNKNOWN_REQUIRES_RPC,False,v2/contract_deployments/contract_deployments_30000000_31000000.parquet,0d12ca90369256d040cf542c85f6ffcf446e4e3e8d19fd878d446ff8ed9337b7,4fc686c58934a859dd371af60a0317f16343930e9b608223965c310c0847dc60,00016c8efae2d7511c70813ddfe5b43f13bf2da8014acee58a705bed0decdf81,fd2f1cdc64141b456f48047e9f6d4793a558c7206c51dac828970d51f1e53ac1,RESERVE_CANDIDATE_REQUIRES_RPC_AND_PAIR_EVIDENCE,False,False,False,False
mbc_zzsh,bsc,56,2022-07-31T14:14:34Z,10,100,0x7d480cd3a5dcc945c17819b62cef6a556129a43c,56:0x7d480cd3a5dcc945c17819b62cef6a556129a43c,UNKNOWN_REQUIRES_RPC,-1,0xda5c8c2158853092e350be736056e7c20df00496e6e56191e5d2b78b8ccaab57,19421700,UNKNOWN_REQUIRES_RPC,False,v2/contract_deployments/contract_deployments_30000000_31000000.parquet,0d12ca90369256d040cf542c85f6ffcf446e4e3e8d19fd878d446ff8ed9337b7,22932b3ac402e511ba23def5a0afcefc6590e21a300e29cbbf637822be0d1245,0003b74941a0d32a6585838238d900a3e8860bdbb5756a11e3857d4599c5c8ed,1d8dff7fd5d3848096301bf4b6cdaff41dd45b151715e985d0792d19de03e265,RESERVE_CANDIDATE_REQUIRES_RPC_AND_PAIR_EVIDENCE,False,False,False,False
metadragon,bsc,56,2024-05-04T06:22:10Z,10,100,0xe81436b1e4614e6261d35fe27124d6b9aef95e57,56:0xe81436b1e4614e6261d35fe27124d6b9aef95e57,UNKNOWN_REQUIRES_RPC,-1,0x003af8cec5f6b97cc6e76afd7dfcb0d7912e8201e4f52c290d67fdd13d82c9b1,37663318,UNKNOWN_REQUIRES_RPC,False,v2/contract_deployments/contract_deployments_31000000_32000000.parquet,1096c453513646713a3b6185edd15651bf3a9599e2e334ecd82bcf3c939ca722,db9d88b7b389c500716750c112fc54a47eb9b16ac8124df3b5b8e6af79048644,0007873667dc26fde700e6c858351d1bc37cb53d654912465128c8583ec778ff,eccbe460140ca4d4788af2c507be3eeee905f6f65ebc6294c42a804ed49152d7,RESERVE_CANDIDATE_REQUIRES_RPC_AND_PAIR_EVIDENCE,False,False,False,False
mic,bsc,56,2023-12-29T12:54:15Z,10,100,0xb494311b71c75039586bd89ec6fdeddb46ea5d3a,56:0xb494311b71c75039586bd89ec6fdeddb46ea5d3a,UNKNOWN_REQUIRES_RPC,-1,0x4e91e6072c5b854732de3e136091467d9eebcfb76673705af3516b66ff870dde,33968859,UNKNOWN_REQUIRES_RPC,False,v2/contract_deployments/contract_deployments_30000000_31000000.parquet,0d12ca90369256d040cf542c85f6ffcf446e4e3e8d19fd878d446ff8ed9337b7,032275ea44076925021ae860ff265c1a4fb4487b9c74603bbf15c364d8eb2c48,0001a6f416da89a5e0b7fbac39b39d02c52a1ebb6c551577766ab4020e10c999,3848db9acda3d676af9ed0e88adad6799941208ad645cd867a034479b6dd38ce,RESERVE_CANDIDATE_REQUIRES_RPC_AND_PAIR_EVIDENCE,False,False,False,False
miner_bsc,bsc,56,2024-02-13T11:23:41Z,4,40,0x1bc50defd9017d137595d833071a3ce3123b5a3b,56:0x1bc50defd9017d137595d833071a3ce3123b5a3b,UNKNOWN_REQUIRES_RPC,-1,0x27a2a9d0a5da4cef96651042b963cdb49a1aaa7ddca18fbb340479e5fb3529bd,36038539,UNKNOWN_REQUIRES_RPC,False,v2/contract_deployments/contract_deployments_30000000_31000000.parquet,0d12ca90369256d040cf542c85f6ffcf446e4e3e8d19fd878d446ff8ed9337b7,503d6c2da3b99f5b5644c02612d81e8d040c942fb539046ac910cba01f41d9ef,0006247aee6f178cc5516bcf2645dde80ec1f6db0763cf21a06933b553ffa9bf,0fbc8ddab830da7147f58441364d7ada5511e690e9af03fbb3f1b3c376e000a3,RESERVE_CANDIDATE_REQUIRES_RPC_AND_PAIR_EVIDENCE,False,False,False,False
mintofinance,bsc,56,2023-02-21T10:15:38Z,10,100,0x0fe08f072ae7c1d2be4ce3f93f24d2cccc6b4760,56:0x0fe08f072ae7c1d2be4ce3f93f24d2cccc6b4760,UNKNOWN_REQUIRES_RPC,-1,0xa0e88ded69cb94818396b3ab098643d28ffe8192c99fe502ba7e4a90abd849a9,25582321,UNKNOWN_REQUIRES_RPC,False,v2/contract_deployments/contract_deployments_30000000_31000000.parquet,0d12ca90369256d040cf542c85f6ffcf446e4e3e8d19fd878d446ff8ed9337b7,3bfab743d55ee07aa33e03656cd6a99e2968784157ec2944890ca9cdce14f594,000b48cf72c6fef5063e9c685630494fe134b1842a276e74a0f3a1ece1b0fa56,ff67dd93bf4f1363a65bef54c1cf2ab8fda16169b61b25b7d46581af97f511ef,RESERVE_CANDIDATE_REQUIRES_RPC_AND_PAIR_EVIDENCE,False,False,False,False
moocakectx,bsc,56,2020-10-28T18:44:49Z,10,100,0xe3e38287bf924e10d686cb1c0daff3e28fd30dee,56:0xe3e38287bf924e10d686cb1c0daff3e28fd30dee,UNKNOWN_REQUIRES_RPC,-1,0x242cd1eae53e32e5eeff48ba762fab34e861e1739e4c1ed2fbce2f58a76288dc,1580772,UNKNOWN_REQUIRES_RPC,False,v2/contract_deployments/contract_deployments_30000000_31000000.parquet,0d12ca90369256d040cf542c85f6ffcf446e4e3e8d19fd878d446ff8ed9337b7,66f52337b94d5d9fee7baf0c131c77d26e672fe4ced95ab1ef7a04350d3fc071,006986bb2b06df2aa7fdfb2274add7b57edcd1904d6f81583cf7dc0a96df16b6,6874f13479422956186b1947e481f827f127cbcddd208505ee1ee4de4fa184d7,RESERVE_CANDIDATE_REQUIRES_RPC_AND_PAIR_EVIDENCE,False,False,False,False
mosca,bsc,56,2025-01-05T20:41:11Z,10,100,0x56cc91c172e410017b798e7fd67af4bad49ad3ff,56:0x56cc91c172e410017b798e7fd67af4bad49ad3ff,UNKNOWN_REQUIRES_RPC,-1,0x658abdc5e67d81c2502ce03a1ee8d8616fac6c2b37b6bcde41b1b6d255769b41,45039631,UNKNOWN_REQUIRES_RPC,False,v2/contract_deployments/contract_deployments_29000000_30000000.parquet,3255e78e345aff80bfd6dfc7d760f4bda3a96fce4225cc3e128ce3d21ff32822,744cf629ce693944e7cf3375875427d04ffcfde72203bb7988624acc96d43cf3,0015d8379f611cd8730a103e5a3e7dae06e9b879a56fd527d85907a85e886e71,1f30ecb88bf005889fa428d22a3e33e71ac97393fd043769a92d2e1348251684,RESERVE_CANDIDATE_REQUIRES_RPC_AND_PAIR_EVIDENCE,False,False,False,False
mrp,bsc,56,2024-06-30T01:52:35Z,10,100,0xde4038cb114cfb869f7ecbb03d2d7ba7cb7f16cd,56:0xde4038cb114cfb869f7ecbb03d2d7ba7cb7f16cd,UNKNOWN_REQUIRES_RPC,-1,0x9faf6a6c49c8a6aeee48a046a7b6ab2d92fabfa890fbb8d055222a567f47da13,39863340,UNKNOWN_REQUIRES_RPC,False,v2/contract_deployments/contract_deployments_30000000_31000000.parquet,0d12ca90369256d040cf542c85f6ffcf446e4e3e8d19fd878d446ff8ed9337b7,3bb4e9550c1c3e7d9562722129ddcad52e3f5402f2339b9105bc9c013a00f037,0009c182c271f3eb7325bd7d19fae95f3f388241e5979da5044d973dcc1982c9,8886f31957c10f4496e65d6b4704fe941756594f8fd000cfd596718c6e6ddb3d,RESERVE_CANDIDATE_REQUIRES_RPC_AND_PAIR_EVIDENCE,False,False,False,False
mttoken,bsc,56,2022-08-17T08:11:58Z,10,100,0xca01b77d7f5c6a2eb15735a16a8b9baac6d4c3b6,56:0xca01b77d7f5c6a2eb15735a16a8b9baac6d4c3b6,UNKNOWN_REQUIRES_RPC,-1,0x9c4bf1c673ba65de64628d34058326da547f68d31c300d406da7565da63d28ad,19913363,UNKNOWN_REQUIRES_RPC,False,v2/contract_deployments/contract_deployments_7000000_8000000.parquet,54cb1c23725d5765da58c76ee4eb73bb326370e440cb6baab9e8463544906967,f3b2780eeb9200d8888b75cd3f5bc858df8772e9b9968d8ec6f0b9006d886c02,00073cb13a9dd003ee2e6e0e336a068bf4f11e43d55a405fee9d6161678e1b8c,096106197a526c91823f93b46aa90cddd15c3bba829880afcff0dbd0738b0c1e,RESERVE_CANDIDATE_REQUIRES_RPC_AND_PAIR_EVIDENCE,False,False,False,False
multicall_with_eth,bsc,56,2025-06-25T17:23:15Z,10,100,0x2c43935a60255c4cce4e66125a3031708f1af75d,56:0x2c43935a60255c4cce4e66125a3031708f1af75d,UNKNOWN_REQUIRES_RPC,-1,0x647cb5d6a4bb08b87e7528f4473102aabf2a2fe759a333e6da1bdd08b952712c,51543192,UNKNOWN_REQUIRES_RPC,False,v2/contract_deployments/contract_deployments_30000000_31000000.parquet,0d12ca90369256d040cf542c85f6ffcf446e4e3e8d19fd878d446ff8ed9337b7,79883e47a1dc73f54e1803fe6862aa0aea8d1960a5b0a4a43cbdd4d6c5324948,000a61c6a1c897ae39b51b3ffa590fa05a0e2e367d8356bbc7da3c5df6460a01,0535acde3a573a30abcba8b28421be7259fa7a0aecdad3476a68a95f9f4aad9e,RESERVE_CANDIDATE_REQUIRES_RPC_AND_PAIR_EVIDENCE,False,False,False,False
multicall_with_xera,bsc,56,2022-03-10T23:17:54Z,7,70,0x2103302040db6ebc766791482299a029e211d36a,56:0x2103302040db6ebc766791482299a029e211d36a,UNKNOWN_REQUIRES_RPC,-1,0xfa93d3aa2201b7734bbc1909320cd52e3de3be86940096f0569bb9a24a686bae,15350425,UNKNOWN_REQUIRES_RPC,False,v2/contract_deployments/contract_deployments_31000000_32000000.parquet,1096c453513646713a3b6185edd15651bf3a9599e2e334ecd82bcf3c939ca722,61396253d5aefee01943588170eb520dcde0e3af4061ef36aaa8b3d2cd97e09e,0000f865137036a448c296b1eb5751033219576d42a875a6ea9d7378f8099d47,a40e1c398185fd223b42ade6974a2142c1f8233a928820f4db5fd9a8849c7a9c,RESERVE_CANDIDATE_REQUIRES_RPC_AND_PAIR_EVIDENCE,False,False,False,False
myai,bsc,56,2023-06-08T07:57:56Z,10,100,0x2654a5bfe0362e0a0e4cbe8f40730e677dde00c4,56:0x2654a5bfe0362e0a0e4cbe8f40730e677dde00c4,UNKNOWN_REQUIRES_RPC,-1,0x1cecd00d63084575bc0e96b0c20123c3df02c79d1a8dba658752e210acf39e22,28240011,UNKNOWN_REQUIRES_RPC,False,v2/contract_deployments/contract_deployments_29000000_30000000.parquet,3255e78e345aff80bfd6dfc7d760f4bda3a96fce4225cc3e128ce3d21ff32822,91c159833fcd219fd42e27c92acee41bcd69c0f17b3839eb991af2e19533741d,00015771e864cfd20d24d71b809e90291069b80b3e23127033ec12f33e8ec803,8281ab23486bb6b2da73770f5272b3d9a6c197a7515db9d13f10f1c05f01ed81,RESERVE_CANDIDATE_REQUIRES_RPC_AND_PAIR_EVIDENCE,False,False,False,False
nervebridge,bsc,56,2021-05-10T23:02:38Z,10,100,0x2e713639b450ef5591615d9db1f943856b13103e,56:0x2e713639b450ef5591615d9db1f943856b13103e,UNKNOWN_REQUIRES_RPC,-1,0x8c37dc3c8a03283aebcb238aaac3a729cf492974159a008414c447365b54664f,6887958,UNKNOWN_REQUIRES_RPC,False,v2/contract_deployments/contract_deployments_29000000_30000000.parquet,3255e78e345aff80bfd6dfc7d760f4bda3a96fce4225cc3e128ce3d21ff32822,67ecb2a380938b0b1d692e3ef166f48227c0f26e95fb10ab186186be18421df5,00004f825e311bb0cb35c49632416854a7fd87d2394220cfca11dbd2f0ce2baf,fa7b5795a7173e5adb1a6abe694cce64842a61b1ed6c36945d4a654433247c58,RESERVE_CANDIDATE_REQUIRES_RPC_AND_PAIR_EVIDENCE,False,False,False,False
neverfall,bsc,56,2023-03-18T03:41:41Z,10,100,0x1df45c92d3829041a56eee654f26ab07c1e821a3,56:0x1df45c92d3829041a56eee654f26ab07c1e821a3,UNKNOWN_REQUIRES_RPC,-1,0xcbf1c1b6aa611ba8ad0dfa2ea75356e7b90d6dc8c7d1c227148af17e19221dbb,26033029,UNKNOWN_REQUIRES_RPC,False,v2/contract_deployments/contract_deployments_29000000_30000000.parquet,3255e78e345aff80bfd6dfc7d760f4bda3a96fce4225cc3e128ce3d21ff32822,772e317b3bc0b5ed2e04ba4ca3d1d8092bc5ba060c40f99a965f7b1056cd8dca,0009a4c96ed5d9246edbac155875924fe150807730596891426dcdacba4b2c4f,8db22a6f273b53febbe755be0d0da0ccb23bf2040b3089a2707f3c39897c2c65,RESERVE_CANDIDATE_REQUIRES_RPC_AND_PAIR_EVIDENCE,False,False,False,False
newfi,bsc,56,2023-05-31T06:10:17Z,10,100,0x3fcf7c5e471d5c9d4d2188514cf596b90ed57345,56:0x3fcf7c5e471d5c9d4d2188514cf596b90ed57345,UNKNOWN_REQUIRES_RPC,-1,0xa7485398ccdc3188f667f2b7e417c5c4ecc574a30675d7684c2bd0ffcbaec2a6,28595810,UNKNOWN_REQUIRES_RPC,False,v2/contract_deployments/contract_deployments_30000000_31000000.parquet,0d12ca90369256d040cf542c85f6ffcf446e4e3e8d19fd878d446ff8ed9337b7,6539032318f74229802849e7fcb33c3e0d04f20e8e51abb62ed1a9a3033d1a6f,000253042c23786708a63e848e70b6c8b37175fbaa197dbf4c9765b89ff951ce,7b170d72effcc32683cd89de7f1dc1cc5e116164ff31b73a58f97e6d05551ffb,RESERVE_CANDIDATE_REQUIRES_RPC_AND_PAIR_EVIDENCE,False,False,False,False
ngfs,bsc,56,2024-04-24T09:45:56Z,10,100,0x4dab61292a43530fb80802460de94221430cc15d,56:0x4dab61292a43530fb80802460de94221430cc15d,UNKNOWN_REQUIRES_RPC,-1,0x96c8b99d3c04d3e63f00400efb0272b03ff2c509bc7283d7c01cec95f358086e,37766893,UNKNOWN_REQUIRES_RPC,False,v2/contract_deployments/contract_deployments_29000000_30000000.parquet,3255e78e345aff80bfd6dfc7d760f4bda3a96fce4225cc3e128ce3d21ff32822,2244d57bcb0b71f4665e127f4302dba5cb6a222be6fbec3b2521a24a55deb3cc,0002565c5a1fd84ec87baf64b0b05b5fa5d072fcac4b5da070289a73fde271b9,1b3440ef7b5df808e9354c56f0471c55342167e44d43221df850a7cfc3e1c42d,RESERVE_CANDIDATE_REQUIRES_RPC_AND_PAIR_EVIDENCE,False,False,False,False
nmbplatform,bsc,56,2022-11-15T09:39:03Z,10,100,0x5625188439b1e0ad7b7d1d08a3c470d04b41b5df,56:0x5625188439b1e0ad7b7d1d08a3c470d04b41b5df,UNKNOWN_REQUIRES_RPC,-1,0x177b7b46f5a22dd6aa9e1e8975320c89fb0621075bbf68df0b1c695ced51c55e,22279005,UNKNOWN_REQUIRES_RPC,False,v2/contract_deployments/contract_deployments_31000000_32000000.parquet,1096c453513646713a3b6185edd15651bf3a9599e2e334ecd82bcf3c939ca722,c35ff692d7a14fa952332a9919a406f3f2f518f6be589cc22e20144acd527ab1,0004e8225adc49bfffe5bec2233c4acde628c0dcc9a47ab603d1ebb74e67d685,9bca6230e7b5bc9fc28efcb18e0cc46ab0ea658af2ba83e02bb636183dd04a30,RESERVE_CANDIDATE_REQUIRES_RPC_AND_PAIR_EVIDENCE,False,False,False,False
olife,bsc,56,2021-06-05T16:54:30Z,10,100,0x7dfcaa28200b9754c3a9a102e47c174a283b4edc,56:0x7dfcaa28200b9754c3a9a102e47c174a283b4edc,UNKNOWN_REQUIRES_RPC,-1,0x3c4c2de0cafd8ed5c43a386b41476ff634e723f594ca620896cbcf568bd67be8,7696205,UNKNOWN_REQUIRES_RPC,False,v2/contract_deployments/contract_deployments_29000000_30000000.parquet,3255e78e345aff80bfd6dfc7d760f4bda3a96fce4225cc3e128ce3d21ff32822,a4259955c4fddea12e4942ded453f6006860f9da7ee4b6a951e00974746922dc,0001cd1609bd9ab7b18870aabc3e2e3198ddf774ddc1f19430eb3110b01d5245,76bf5abab48a4541141a28d8d5ca8695be0a14c228b84a90d9ef3384277635e0,RESERVE_CANDIDATE_REQUIRES_RPC_AND_PAIR_EVIDENCE,False,False,False,False
openleverage,bsc,56,2023-03-02T08:23:58Z,10,100,0xd98c6fd97ba9cacdd4d01c3d2df6094088edb177,56:0xd98c6fd97ba9cacdd4d01c3d2df6094088edb177,UNKNOWN_REQUIRES_RPC,-1,0x10730ddfd2ee8e1b90d21b4c71ac934a6f93a7a93b90cb80b0718663957395f8,25489665,UNKNOWN_REQUIRES_RPC,False,v2/contract_deployments/contract_deployments_30000000_31000000.parquet,0d12ca90369256d040cf542c85f6ffcf446e4e3e8d19fd878d446ff8ed9337b7,853f8917c9915278043049efccfb397865d9d9c3099c05eb869bfdb7eeac84f1,00005b38f24fe3586cb3ac6d2bfd7d7353cb7f6aa50cf46bc949d9606cb7a03c,04b32a5744449150a89559cefedfb9522dd8a2839399d48c3c48e655c3f68b76,RESERVE_CANDIDATE_REQUIRES_RPC_AND_PAIR_EVIDENCE,False,False,False,False
openleverage2,bsc,56,2023-03-23T09:10:44Z,10,100,0xde4e22c9ec17dd1470c23dc3ce62d7974e692c74,56:0xde4e22c9ec17dd1470c23dc3ce62d7974e692c74,UNKNOWN_REQUIRES_RPC,-1,0xa58dc76e2d19c72dd4859bd25e8012a2d3c2203782ee995132ec44738d465e13,26058937,UNKNOWN_REQUIRES_RPC,False,v2/contract_deployments/contract_deployments_7000000_8000000.parquet,54cb1c23725d5765da58c76ee4eb73bb326370e440cb6baab9e8463544906967,8fa626a2e4b5ddf6745e409c14e084907607fd0666f64c728b4a03bd279ce1fa,000498e0b08d61729411c1eb07fc0bed85dded702783c55e832c947a0f4d2fc3,dd54c12a5a3bbecfcf68d34781173976b870b80190044d98e528948eafe12e99,RESERVE_CANDIDATE_REQUIRES_RPC_AND_PAIR_EVIDENCE,False,False,False,False
osn,bsc,56,2024-04-16T06:43:46Z,10,100,0x7b1a26664db25ac64b4cbe7648a2d92888992235,56:0x7b1a26664db25ac64b4cbe7648a2d92888992235,UNKNOWN_REQUIRES_RPC,-1,0xb69567a3fcfb3dc8232bc2d6378130f03d8dd9c570bec994c48ab00620fb2527,37101402,UNKNOWN_REQUIRES_RPC,False,v2/contract_deployments/contract_deployments_29000000_30000000.parquet,3255e78e345aff80bfd6dfc7d760f4bda3a96fce4225cc3e128ce3d21ff32822,f222444b1b7ae2eb9d89a6dd9c9cfcc9c29dcc95caa31373ac9b03bb151219dc,00050ad1d05fc5ba62ddbc1cea415108ac232939c25392deba9a94a1839d9e9f,e8d7ece3662cc1fa5403a6980a7cd7594bb0b4acfb0bb0455de52e72c22de206,RESERVE_CANDIDATE_REQUIRES_RPC_AND_PAIR_EVIDENCE,False,False,False,False
palmswap,bsc,56,2023-07-13T11:27:41Z,10,100,0xa03bccbdac942e66c892fbf234a8b3ca4aa3fbda,56:0xa03bccbdac942e66c892fbf234a8b3ca4aa3fbda,UNKNOWN_REQUIRES_RPC,-1,0xc8ce39ba89189d62963bf10aa3960d552caa57b484d2afce3ffd481f699de317,29257940,UNKNOWN_REQUIRES_RPC,False,v2/contract_deployments/contract_deployments_29000000_30000000.parquet,3255e78e345aff80bfd6dfc7d760f4bda3a96fce4225cc3e128ce3d21ff32822,6930203fcaad5410cb238a7fe3b29345eeec451eff310af906faedfd50d334a7,0003ea99d41f14ad22b3e9127ba252500271697c2b131d88397970ff031f6e91,3f96cc8c0559f9b50b3da104e109e331adde6d037f252b1b50bf69a06570c25c,RESERVE_CANDIDATE_REQUIRES_RPC_AND_PAIR_EVIDENCE,False,False,False,False
pancakebunny,bsc,56,2021-04-23T11:45:09Z,10,100,0xa9ccb1cfc4867bbbd205f6859fa1cebd845a1baf,56:0xa9ccb1cfc4867bbbd205f6859fa1cebd845a1baf,UNKNOWN_REQUIRES_RPC,-1,0xb870bc51278faadbe316006423e53c3db42ae9fbc69f2bb9bfe59cca5ce0958a,6320133,UNKNOWN_REQUIRES_RPC,False,v2/contract_deployments/contract_deployments_30000000_31000000.parquet,0d12ca90369256d040cf542c85f6ffcf446e4e3e8d19fd878d446ff8ed9337b7,e323d27b2a5e298d4c29f2d97a30b5b1e3c93ef769e82e62a0be0b0698437a7e,000cecee3c1e9f35bdcdac4ff1916027e0a2011e0fbd7fcca7aba96d4818bffc,dd37eafb97cde89967a88408c816a0b98b3e875547ac4eb574cefe303a918e1b,RESERVE_CANDIDATE_REQUIRES_RPC_AND_PAIR_EVIDENCE,False,False,False,False
pancakehunny,bsc,56,2021-06-02T03:31:01Z,10,100,0xc44ad7933246bc00d20f7c370f97de59d4ba5100,56:0xc44ad7933246bc00d20f7c370f97de59d4ba5100,UNKNOWN_REQUIRES_RPC,-1,0x82076905d17432e896431817aad6fa2ff225f1bcfc266c5a651d9f9f96e858b8,7278953,UNKNOWN_REQUIRES_RPC,False,v2/contract_deployments/contract_deployments_31000000_32000000.parquet,1096c453513646713a3b6185edd15651bf3a9599e2e334ecd82bcf3c939ca722,17e03070695322182f34d02ecba4ca417d2fe32adee8294ce0ff058c835a21ea,0000a1419d6af6c8d5b44da1f92e6351b91203a8a30f74a9873a237d604f56a9,9c07c68c4c77a2245ea65539617bc522c46501c782f954589a7419ae39a56887,RESERVE_CANDIDATE_REQUIRES_RPC_AND_PAIR_EVIDENCE,False,False,False,False
pdz,bsc,56,2024-01-26T19:19:39Z,6,60,0x8e9b9956dd82defbd5cb3de874726f22035238a7,56:0x8e9b9956dd82defbd5cb3de874726f22035238a7,UNKNOWN_REQUIRES_RPC,-1,0x20fe9e05ee1e463058768e8bcddc8a24aafb8b7e9c3c4583b78577fc41789cba,34735418,UNKNOWN_REQUIRES_RPC,False,v2/contract_deployments/contract_deployments_29000000_30000000.parquet,3255e78e345aff80bfd6dfc7d760f4bda3a96fce4225cc3e128ce3d21ff32822,c8b5f29ee527941ecfaf0bb72980b0543fab684de2b42c6fb221caf5620a35cf,00007a6510e23b96461d930dbca103d79aa3182575bb8e1ec26d1e1ae89d02b8,2cea72931fd06e51a08a20980498fd87af8412b0967614d3d34020d2d1a7efc9,RESERVE_CANDIDATE_REQUIRES_RPC_AND_PAIR_EVIDENCE,False,False,False,False
pledge,bsc,56,2024-11-24T16:01:47Z,10,100,0x1fc0d65ae98f69cd8dcda4ec0f6155a5f2a7b0ab,56:0x1fc0d65ae98f69cd8dcda4ec0f6155a5f2a7b0ab,UNKNOWN_REQUIRES_RPC,-1,0x3fc3c03c392318f003931396304a27a0e58daa31ddfaf6d76f6bcc6986f3e2a4,43557020,UNKNOWN_REQUIRES_RPC,False,v2/contract_deployments/contract_deployments_30000000_31000000.parquet,0d12ca90369256d040cf542c85f6ffcf446e4e3e8d19fd878d446ff8ed9337b7,6fbb32c7907326a0da1ed9d3917f95db123a0240da2ea25b8cd7345e7d6dedec,00022a67051007f9d3f322f00729306f3ee00232fca0fca46de837c385633ef1,1a0b244e6f78aa60e3b8bd9bde96718b05baf6db65c3448b9b946715425b68f1,RESERVE_CANDIDATE_REQUIRES_RPC_AND_PAIR_EVIDENCE,False,False,False,False
ploutoz,bsc,56,2021-03-26T12:26:53Z,10,100,0x8578630f71eaf3b89780b68ac42b0a2de341ab32,56:0x8578630f71eaf3b89780b68ac42b0a2de341ab32,UNKNOWN_REQUIRES_RPC,-1,0xeabe5a635b98f151b519fb34f1e07d47272a8c45c86b114012eed3ea651356fd,5686185,UNKNOWN_REQUIRES_RPC,False,v2/contract_deployments/contract_deployments_9000000_10000000.parquet,6777e0b50be1d60a845e1be0313473c99fb8675967b51e4530577f82391cd3cf,6a32f57f5ba845e8e9d3b4205eecf68fa5e837311ebc073744a700cb06e59329,0004b6c68488a43e4b882e056c8b117e8b7077eb8469528b68ce939b3fbb57aa,d6c33c108449bb2e1f9046651381a4bc5c0237b8f47f79463b3ff088c8818fce,RESERVE_CANDIDATE_REQUIRES_RPC_AND_PAIR_EVIDENCE,False,False,False,False
pltd,bsc,56,2022-09-18T07:34:03Z,10,100,0x24e414318abd7fa5407c7372a60f238fd65b9af4,56:0x24e414318abd7fa5407c7372a60f238fd65b9af4,UNKNOWN_REQUIRES_RPC,-1,0xcf64e15c6294dd7ee88d874df60c39d013dcf5546053b3d76452179bb6a89c47,20554441,UNKNOWN_REQUIRES_RPC,False,v2/contract_deployments/contract_deployments_30000000_31000000.parquet,0d12ca90369256d040cf542c85f6ffcf446e4e3e8d19fd878d446ff8ed9337b7,cb310d1d2f04f2fdc05d49b286a6cb38f7b8d7ed3d7c7a2e5a5cbb65a50b7764,0001095d24e05d07d28e8ec1be2f145fb48cfee5e39eb119928435aa3e81cd15,10f7bad78505fc8bcf5d79203a81b8e40761572db96fd0c1a5db3fcf543be419,RESERVE_CANDIDATE_REQUIRES_RPC_AND_PAIR_EVIDENCE,False,False,False,False
poolz,bsc,56,2021-07-30T11:05:08Z,4,40,0x5084ab9be1fe7a3817b371e514eebee029848e4a,56:0x5084ab9be1fe7a3817b371e514eebee029848e4a,UNKNOWN_REQUIRES_RPC,-1,0xf0a017d9bc8b896d12d341a1aed53c136c7d82f1fe6255db4c69bd5ebfc889be,9579383,UNKNOWN_REQUIRES_RPC,False,v2/contract_deployments/contract_deployments_30000000_31000000.parquet,0d12ca90369256d040cf542c85f6ffcf446e4e3e8d19fd878d446ff8ed9337b7,176e23bc4bf8a395e8ca2b5be93506fc13feafc1bfaf3c6eb80221bbeaff63d7,0003459d8ae3c442c4837ae01d80c10104e92ec57973b3cc620d859667a8b2aa,ab4dd5efe0faa8740ab43de8c52890059ff328f5cc2ed58f5adbcc8e900465c6,RESERVE_CANDIDATE_REQUIRES_RPC_AND_PAIR_EVIDENCE,False,False,False,False
rant_token,bsc,56,2025-07-04T11:47:40Z,10,100,0x04ef52f41c4d92b6da5ced290637a8a1aa1c4444,56:0x04ef52f41c4d92b6da5ced290637a8a1aa1c4444,UNKNOWN_REQUIRES_RPC,-1,0x24f6265508873838f8d706509801eed9b26aa8e3839ce53e079ec097e7ade704,51155175,UNKNOWN_REQUIRES_RPC,False,v2/contract_deployments/contract_deployments_31000000_32000000.parquet,1096c453513646713a3b6185edd15651bf3a9599e2e334ecd82bcf3c939ca722,b0e20e631f592f4a0986b253c1079764610090639a5efa041ede071ff6c9a95a,0007606d6eeb37d5f32ce962d476c7fdfb67a81cecbf426ca5368cbf86ae5b7c,5d4500e487301dea182fd1914f23d6a4d8c5201bf85fb465fe400d874ffcdaab,RESERVE_CANDIDATE_REQUIRES_RPC_AND_PAIR_EVIDENCE,False,False,False,False
res,bsc,56,2022-07-21T13:06:04Z,10,100,0x707a5123ac6ae2796be4ffca934f1c567eaed1aa,56:0x707a5123ac6ae2796be4ffca934f1c567eaed1aa,UNKNOWN_REQUIRES_RPC,-1,0xbc01f388cfa1f2b435ecaae95d1493f8c359b935208cc21e166c69090cb41898,19421661,UNKNOWN_REQUIRES_RPC,False,v2/contract_deployments/contract_deployments_31000000_32000000.parquet,1096c453513646713a3b6185edd15651bf3a9599e2e334ecd82bcf3c939ca722,746c800b976a16a5fa7f33e714b74e256bcfe976e3d9ab57ee5328d5ded49457,00020eb5effacdedeaa056955eb3f0d33e413934ef303da2ef7284665e5f6fb1,a2653c322dcd78b1c5b96ad38b38409cacf1d58a40383edf3a1d540c6311deb2,RESERVE_CANDIDATE_REQUIRES_RPC_AND_PAIR_EVIDENCE,False,False,False,False
res_2,bsc,56,2022-07-21T13:06:04Z,10,100,0xe3e8103582ceb149da88d9a452e1d2899e69bc0e,56:0xe3e8103582ceb149da88d9a452e1d2899e69bc0e,UNKNOWN_REQUIRES_RPC,-1,0xd1b0ea95ad16b2ea5a9e8ad46250b062f805deead884cf0055219664e345b11d,18877334,UNKNOWN_REQUIRES_RPC,False,v2/contract_deployments/contract_deployments_7000000_8000000.parquet,54cb1c23725d5765da58c76ee4eb73bb326370e440cb6baab9e8463544906967,9bb5c06c227fb7bf23ed3d4c4e3884c4dda72ef5b800b162222a8eb18707eee0,00079bd5599c797310f7451c54270534ca9c8fe2d6746351398dc5fb5ccdf382,76f84df6247b526efc53aba12c15bf3121cc52784ae4c1ef44d13a940a8d44fd,RESERVE_CANDIDATE_REQUIRES_RPC_AND_PAIR_EVIDENCE,False,False,False,False
rfb,bsc,56,2022-12-04T15:45:55Z,10,100,0x9235bde30ee4c4222a470f5190e5893f5b1a9f4d,56:0x9235bde30ee4c4222a470f5190e5893f5b1a9f4d,UNKNOWN_REQUIRES_RPC,-1,0x0fe8c8617cd21a182ed03a02517a8d592884990f2fb41f6d398fed47a6c775cc,22799904,UNKNOWN_REQUIRES_RPC,False,v2/contract_deployments/contract_deployments_7000000_8000000.parquet,54cb1c23725d5765da58c76ee4eb73bb326370e440cb6baab9e8463544906967,e1fa22c19f3b2fcf3c1c220900ce5b5a511fcfc18b4da02af8acbe6b1f2204eb,0001df197dfa76badb89e88aeab5ad90df0db9d23c48aa9de3f819832042146e,a085c51fd827b10aefdd0439a6272f757826db95657dddaa1ad4721b7f166fa7,RESERVE_CANDIDATE_REQUIRES_RPC_AND_PAIR_EVIDENCE,False,False,False,False
rl,bsc,56,2022-07-25T14:15:52Z,10,100,0x7745d68a7b5b8b4cc3ca68150249457e1cc66acd,56:0x7745d68a7b5b8b4cc3ca68150249457e1cc66acd,UNKNOWN_REQUIRES_RPC,-1,0x30508c5ebe5507f410b9f6140a73062ce12e8b14a92dff1fa17de91e5082b93b,19085590,UNKNOWN_REQUIRES_RPC,False,v2/contract_deployments/contract_deployments_29000000_30000000.parquet,3255e78e345aff80bfd6dfc7d760f4bda3a96fce4225cc3e128ce3d21ff32822,f08cc23a25a65bffbe4f54da3f17e36608585be31c5beae8a0b3ac43b8e45352,000441b9bcbf46a34ad5bf05aa283480ad454737856e284e14604593ced812f2,00c2be9f65deca512bc0c1eee4483a2080d5dd5add4b39995f1578fae68eeae4,RESERVE_CANDIDATE_REQUIRES_RPC_AND_PAIR_EVIDENCE,False,False,False,False
roi,bsc,56,2022-05-11T19:18:59Z,2,20,0xaee75f8a476369c2a2e5b9fd1f806de8deb8f93d,56:0xaee75f8a476369c2a2e5b9fd1f806de8deb8f93d,UNKNOWN_REQUIRES_RPC,-1,0x7f6a6089179b252269e7120d254d116eb9a3dbc90d3088233170f87ffe5ad361,17070058,UNKNOWN_REQUIRES_RPC,False,v2/contract_deployments/contract_deployments_29000000_30000000.parquet,3255e78e345aff80bfd6dfc7d760f4bda3a96fce4225cc3e128ce3d21ff32822,48f8b3b8eecf7648c94629ea6c1801a868e63dbb11f2a378d88e5e722767d6c4,00019e18f741eaadfe39ad5bcce0cb05bb4742cc21d3ed889dbb63b9afb42278,ce495869c4805fb698b75b09c0e0a2fc82aaf9185a13460f45793a845e6a5835,RESERVE_CANDIDATE_REQUIRES_RPC_AND_PAIR_EVIDENCE,False,False,False,False
roulette_pot_v2,bsc,56,2023-03-17T00:46:44Z,10,100,0xe78c9433765b80da2a517cafe8cbda87fc0823b2,56:0xe78c9433765b80da2a517cafe8cbda87fc0823b2,UNKNOWN_REQUIRES_RPC,-1,0x581e68d850d683cf9cd9f66f36addd44b04ccafa53b4bf44b50435b2e770c6d8,25803136,UNKNOWN_REQUIRES_RPC,False,v2/contract_deployments/contract_deployments_29000000_30000000.parquet,3255e78e345aff80bfd6dfc7d760f4bda3a96fce4225cc3e128ce3d21ff32822,47d23d9c0b8c7afa78b7ab74f23b59bcce580d9813ca4e8cedc9c243f3f09ae0,000348f885ae72641fbae672d934b272c088716a1eb548a77fcf09d6a37adc22,1176240985979691080f9302e1933a6ec9831c1a25d5eca85e57166d9e45257b,RESERVE_CANDIDATE_REQUIRES_RPC_AND_PAIR_EVIDENCE,False,False,False,False
satx,bsc,56,2024-01-25T14:38:06Z,10,100,0xae16c8694ffa4dd67245ccee2563e7bad1b1bbf7,56:0xae16c8694ffa4dd67245ccee2563e7bad1b1bbf7,UNKNOWN_REQUIRES_RPC,-1,0x30120ae089659745e214bcee6cfc33ceeb586a12966b0b726859d800f9e1bba2,35075483,UNKNOWN_REQUIRES_RPC,False,v2/contract_deployments/contract_deployments_29000000_30000000.parquet,3255e78e345aff80bfd6dfc7d760f4bda3a96fce4225cc3e128ce3d21ff32822,caf6cb7a934aba1fb2b4b13b6bb3d33fc306ce120467068c4800ab86d4fcf0e3,000639d222302840d895de4ac3f5b0e6f146212513086876e577b15a9c2782fb,426f302317dbf549104f9b088f92e2436d6417f214f23b3246f9e4f76bb4c91f,RESERVE_CANDIDATE_REQUIRES_RPC_AND_PAIR_EVIDENCE,False,False,False,False
sbt,bsc,56,2024-06-23T04:06:50Z,10,100,0xcc039e08b2d3fc429f7893027a131b819614a8ff,56:0xcc039e08b2d3fc429f7893027a131b819614a8ff,UNKNOWN_REQUIRES_RPC,-1,0x68e69af548c0a1591b589ef7a11302f42dd658791ad7bd21297876a51abf9053,39346066,UNKNOWN_REQUIRES_RPC,False,v2/contract_deployments/contract_deployments_30000000_31000000.parquet,0d12ca90369256d040cf542c85f6ffcf446e4e3e8d19fd878d446ff8ed9337b7,521f1cd07574277fcb62258872f6b27eb091938503229eb43589db6d49ec26f1,0004e3ef3cc39558d7a6db28ea32529a1e4502d7a6c6e272c124fa7176b6426e,9f8f263b14bdb22ddef26624d8ee4c3c0663cd0a9b0b6b4f79dbc42d525da695,RESERVE_CANDIDATE_REQUIRES_RPC_AND_PAIR_EVIDENCE,False,False,False,False
seaman,bsc,56,2022-06-30T04:08:06Z,8,80,0xecd0cc595d31e0f5f78a2f1caab17a59412791d7,56:0xecd0cc595d31e0f5f78a2f1caab17a59412791d7,UNKNOWN_REQUIRES_RPC,-1,0x05ed634e9e5135ea2f6db054b4f86952dbca954a0e8c24faf9e19266aea992ff,18568113,UNKNOWN_REQUIRES_RPC,False,v2/contract_deployments/contract_deployments_30000000_31000000.parquet,0d12ca90369256d040cf542c85f6ffcf446e4e3e8d19fd878d446ff8ed9337b7,eb03e527c74516e98e5d1e2bbbfc7041cc417127b71b4a892a7705971cf77933,0002ddbcd928bfc04ec9c55f5f52fbb3a4ff466247dd2efc0896f486634e5b74,62342eb5c6416fca6793f02eadeae0e82442c9ba6ba1bd63ff3e12b54056fa82,RESERVE_CANDIDATE_REQUIRES_RPC_AND_PAIR_EVIDENCE,False,False,False,False
sellc,bsc,56,2023-05-09T17:04:59Z,10,100,0x90feb14310f6fcdff21d5eddf3779fb83295d198,56:0x90feb14310f6fcdff21d5eddf3779fb83295d198,UNKNOWN_REQUIRES_RPC,-1,0x357bba09da998a48ef77aed0cd3ea0a350a40ae3dd444113b5c8a952888c9bd0,27494980,UNKNOWN_REQUIRES_RPC,False,v2/contract_deployments/contract_deployments_7000000_8000000.parquet,54cb1c23725d5765da58c76ee4eb73bb326370e440cb6baab9e8463544906967,a9f5b365db7b7d618539b6b04074422f3bae4da93e52018c6faf843ede08c3c2,00068f0f0a966c1d2d4fade6ede965e65e4870b1894e8cb7f2eaefd4ef773bbf,d86535efc55ae272af58537a3192525722885653af71b04affbd376029969202,RESERVE_CANDIDATE_REQUIRES_RPC_AND_PAIR_EVIDENCE,False,False,False,False
sellc03,bsc,56,2023-03-24T12:46:50Z,10,100,0x526279b7a1c40a8d9d2b53841858e0002c981d7d,56:0x526279b7a1c40a8d9d2b53841858e0002c981d7d,UNKNOWN_REQUIRES_RPC,-1,0x31f79d4ac40755af84085d2cb89fc042f3936c7841af0b83f3f864f2e6a04648,26368411,UNKNOWN_REQUIRES_RPC,False,v2/contract_deployments/contract_deployments_29000000_30000000.parquet,3255e78e345aff80bfd6dfc7d760f4bda3a96fce4225cc3e128ce3d21ff32822,9e9cec8ecb294968a3f848da374c9da0ed745c6f79d569354e02b96551c92dca,0008447dda3e0bc09046ba5ee299f41557011cb6746f6f402f6734503e0bd1bc,8fa33ba0e3918db759329bfb1c3b2a9e3b1f4c50e1a5d6dea4c748e60c9308b0,RESERVE_CANDIDATE_REQUIRES_RPC_AND_PAIR_EVIDENCE,False,False,False,False
selltoken,bsc,56,2023-03-31T11:08:47Z,10,100,0x2942f1f2dc608c82ff02d0c558770b72c17d6a26,56:0x2942f1f2dc608c82ff02d0c558770b72c17d6a26,UNKNOWN_REQUIRES_RPC,-1,0x733eb5f0316da22473c332d6c92aba1583cdc4ac47800af97a55f068e35971bb,26128650,UNKNOWN_REQUIRES_RPC,False,v2/contract_deployments/contract_deployments_8000000_9000000.parquet,94ac8d2ef299bb1111e11f16f5f7b54c5cd85380c16439a5cdc89a5aaf2901b3,b23d0a4c74991a23527f2b1dfc73f3368203758e29a033c1e478d7b334230a1e,000a14b3af80a2531fda8af67abaf81c9be2f9e5700ec0558adf2af0c4c79fd6,bad7c35faffdcba1e7d97fa0b3899d2c7a7ae0b13b2fe3352c708b3b7c093d99,RESERVE_CANDIDATE_REQUIRES_RPC_AND_PAIR_EVIDENCE,False,False,False,False
shadowfi,bsc,56,2022-08-27T06:20:18Z,10,100,0x62fd4e467f2e43561d1ee74926fde29cdd299e40,56:0x62fd4e467f2e43561d1ee74926fde29cdd299e40,UNKNOWN_REQUIRES_RPC,-1,0x52c594ecaf5a7aa73bd8e0ab39a6f104a66e1ef7f0c2a68cd2db091427c3a0c9,20420516,UNKNOWN_REQUIRES_RPC,False,v2/contract_deployments/contract_deployments_7000000_8000000.parquet,54cb1c23725d5765da58c76ee4eb73bb326370e440cb6baab9e8463544906967,e0dd1b74932eee47cd7662f8dc1887fa10ed0e940286535794881302956e4c75,000464756f9f01fc867b80ed1f59c5bf4bdf71da770dfebf8ecfde228467585e,496b1fd527d9d8c3f4c75974bb5313e5d38eadefbdb96531d7ff5ff4edffde2a,RESERVE_CANDIDATE_REQUIRES_RPC_AND_PAIR_EVIDENCE,False,False,False,False
sheepfarm,bsc,56,2022-11-10T10:38:07Z,10,100,0x4443533406c23747cee4868521c829c641c5ecd8,56:0x4443533406c23747cee4868521c829c641c5ecd8,UNKNOWN_REQUIRES_RPC,-1,0x9ffcd6b69fc7275cd08fe90fda238f8441d6b0d21ab7d147bd01405cbb26831b,22247921,UNKNOWN_REQUIRES_RPC,False,v2/contract_deployments/contract_deployments_31000000_32000000.parquet,1096c453513646713a3b6185edd15651bf3a9599e2e334ecd82bcf3c939ca722,1de5e91e80552b84c189213ea76283d332c4c691353d822e367f2177aafe8bfd,0005543c966edc1b6048bb8c367d20953082c8562035fa04e40d68c716a2d660,b6735383d486a0501bc44e6337451cc59e3edfb35d7d2739d6d1d360a11a2ce7,RESERVE_CANDIDATE_REQUIRES_RPC_AND_PAIR_EVIDENCE,False,False,False,False
sheepfarm2,bsc,56,2022-11-10T10:38:07Z,10,100,0x75a83a101c5fddab3648227456586a770b61c428,56:0x75a83a101c5fddab3648227456586a770b61c428,UNKNOWN_REQUIRES_RPC,-1,0x074a0eb87eece721e8e282b626c726130d2a56ec3f9c33b79696ea111d836aa4,22547697,UNKNOWN_REQUIRES_RPC,False,v2/contract_deployments/contract_deployments_7000000_8000000.parquet,54cb1c23725d5765da58c76ee4eb73bb326370e440cb6baab9e8463544906967,1b6254e266576f36e73480ffad377fdf531c981673b70ee244c346e7ec3d3ae5,000534fa4e350cf9f9250e6a9f1fe923946e8b8b69581f13db69b34b86f99a44,273d3836eb431b2441d899ef0db8b7c334afff0d0dd8c101e858810beb6e20af,RESERVE_CANDIDATE_REQUIRES_RPC_AND_PAIR_EVIDENCE,False,False,False,False
shibatoken,bsc,56,2023-11-07T15:06:41Z,9,90,0x645a31e8dc1d65adf20e9ea94dac0e6d6677e652,56:0x645a31e8dc1d65adf20e9ea94dac0e6d6677e652,UNKNOWN_REQUIRES_RPC,-1,0xdaf24d8e9df629e6fab91c11cec18a75d19e206121e5d9160ddbcfda13a3031b,33033516,UNKNOWN_REQUIRES_RPC,False,v2/contract_deployments/contract_deployments_29000000_30000000.parquet,3255e78e345aff80bfd6dfc7d760f4bda3a96fce4225cc3e128ce3d21ff32822,6ce8450c4432bacb938b609679120fc65502a319de7e8cb321aa822324ab83dd,00008327409faca42d54c91ab13c77da12c962d3ea7ea379c66e58e532c19ae2,8291c21b96f35c19228ed9182aec9d9b71b9c53082aae418bfae3d412e1b8ede,RESERVE_CANDIDATE_REQUIRES_RPC_AND_PAIR_EVIDENCE,False,False,False,False
spacegodzilla,bsc,56,2022-07-12T06:55:55Z,10,100,0x95e3a36d42087e84a37db36fee0f43687339a21b,56:0x95e3a36d42087e84a37db36fee0f43687339a21b,UNKNOWN_REQUIRES_RPC,-1,0xbe6c58a969516466379af4aa87407fb5e68387b24e86c7c8ca87d53ae87c9251,19426202,UNKNOWN_REQUIRES_RPC,False,v2/contract_deployments/contract_deployments_29000000_30000000.parquet,3255e78e345aff80bfd6dfc7d760f4bda3a96fce4225cc3e128ce3d21ff32822,b5a10d94522b95f48ecbd897d2a8c6a813e52c7af230381adf7893620fb7a90a,00044a99bea9c611afecaaa11d26445930f427f81d302ead2f0fb41fb90b1c96,c10e274a8f175fa051c73a2c313bb128bbbdd08b9903f3714ee0580ae4048dd0,RESERVE_CANDIDATE_REQUIRES_RPC_AND_PAIR_EVIDENCE,False,False,False,False
spartan,bsc,56,2020-09-28T13:47:55Z,10,100,0x10747e2045a0ef884a0586ac81558f43285ea3c7,56:0x10747e2045a0ef884a0586ac81558f43285ea3c7,UNKNOWN_REQUIRES_RPC,-1,0x960cd314e638a4c1c29b69cbbf21b2a753f2f2956906eeefcbbe66e6fdaefec0,728833,UNKNOWN_REQUIRES_RPC,False,v2/contract_deployments/contract_deployments_30000000_31000000.parquet,0d12ca90369256d040cf542c85f6ffcf446e4e3e8d19fd878d446ff8ed9337b7,328814b5ab5b02e457afcfd5dcfadf1b0ac661f543396e4baf32e5b1b0fd2645,0120e2e17d89d455fc64fd3e1027fe9498b8e0b8ad8568802ff5b43cb377450b,810b594c72cdcffb748b795f47e816a5ad20c9bbbd62b1495c97fb7a2ec5d84d,RESERVE_CANDIDATE_REQUIRES_RPC_AND_PAIR_EVIDENCE,False,False,False,False
squid,bsc,56,2024-03-11T10:33:06Z,10,100,0x61d07383e60933c5a498311e4ca0579544f2f65b,56:0x61d07383e60933c5a498311e4ca0579544f2f65b,UNKNOWN_REQUIRES_RPC,-1,0x69617431e207a9b7ce21efe67a22453e65be6808cc8bcd00c4b954154d1a29fa,36372451,UNKNOWN_REQUIRES_RPC,False,v2/contract_deployments/contract_deployments_30000000_31000000.parquet,0d12ca90369256d040cf542c85f6ffcf446e4e3e8d19fd878d446ff8ed9337b7,a48e0360c429fb25323b8049fece37f5dea822d66b31056bb471ab02f3699326,000558930364716eed700cdb30a3f80769745ef23dbd006622f6819aa8ff5ac6,dc5d590b3fcf3e94db2fb9f5a7a17ebcf34ed2f73868a5b05ca3dc0109819831,RESERVE_CANDIDATE_REQUIRES_RPC_AND_PAIR_EVIDENCE,False,False,False,False
starlink,bsc,56,2022-02-23T13:21:22Z,3,30,0x3e6432515c77e4d7d6ea12cbb59fa69ac4d6527b,56:0x3e6432515c77e4d7d6ea12cbb59fa69ac4d6527b,UNKNOWN_REQUIRES_RPC,-1,0xa457d3850a85df5c09d613f95d6376a2a32873c6aca3c30ce07a7ef6f05ea160,15472770,UNKNOWN_REQUIRES_RPC,False,v2/contract_deployments/contract_deployments_31000000_32000000.parquet,1096c453513646713a3b6185edd15651bf3a9599e2e334ecd82bcf3c939ca722,9b740c6246781cbcf4e88e6359f7b3e43e90b2b6a9f0bb54b3cfd324022771cf,00042d5c962abb3adae8da92533084a13884f93c6a5192b349de0795105f4e97,df814076541eb8a72c89a18f585f1a31658257b672d6c25325fe837c3bfa10e5,RESERVE_CANDIDATE_REQUIRES_RPC_AND_PAIR_EVIDENCE,False,False,False,False
stepp2p,bsc,56,2025-05-08T13:03:54Z,10,100,0x008fea966b654cfdd62d59e2e7c87de539c05170,56:0x008fea966b654cfdd62d59e2e7c87de539c05170,UNKNOWN_REQUIRES_RPC,-1,0xa819fc8a2f2566f79e5656c827a79c3c4aa6e0027b803f05b6440bf6daa6ca65,48271975,UNKNOWN_REQUIRES_RPC,False,v2/contract_deployments/contract_deployments_31000000_32000000.parquet,1096c453513646713a3b6185edd15651bf3a9599e2e334ecd82bcf3c939ca722,c93f2a1bade9ee190f4719c7341635f0e17b2bf80c8ff6c6d5bb195e9fd95f14,0009fb59b044de91124367b2b7ed33bc017abfeb71786aa27c3a823805717dd2,775654cf2377c915498d68cdb6b6fb89934542ab931b401a415d3a6420c49971,RESERVE_CANDIDATE_REQUIRES_RPC_AND_PAIR_EVIDENCE,False,False,False,False
sut,bsc,56,2023-06-08T16:57:56Z,10,100,0x8b4b29789e84f6ccf39a0077bd3e19ada260743f,56:0x8b4b29789e84f6ccf39a0077bd3e19ada260743f,UNKNOWN_REQUIRES_RPC,-1,0x66c27753d96b24c9e536261a89dd4a0751056a646b1809593246f6d107a8c0db,28061402,UNKNOWN_REQUIRES_RPC,False,v2/contract_deployments/contract_deployments_6000000_7000000.parquet,408541b1fff35d9d72eb413a63bd7e1ecdfd299daa7ca67b3c7185856aa6aef7,241332dd1814936d8079056066a470d1a73d4816f8d01883b59a86205cd3a867,000238045cb261975d6e344015fee7ce3af05e69e0b3cd2be734f7ae51e6e030,24c9483d95a5face72c15357b8af6f1221b2258a26767c2889287e99dc82dc19,RESERVE_CANDIDATE_REQUIRES_RPC_AND_PAIR_EVIDENCE,False,False,False,False
swampfinance,bsc,56,2021-03-10T12:15:17Z,10,100,0x604d105f2f1f68641a000f03b5dc557bfffdb8fe,56:0x604d105f2f1f68641a000f03b5dc557bfffdb8fe,UNKNOWN_REQUIRES_RPC,-1,0xf29be0987c5e35a3ac6dbe248e199e1fde03f2b1d59b89fc01d0882152349311,5523076,UNKNOWN_REQUIRES_RPC,False,v2/contract_deployments/contract_deployments_1000000_2000000.parquet,7529540c96f11e4fc0d376fd36b2953644bebebe317a864615e2d14403a341fe,c6b2f4d48a044aaa06c45d1620120e1c1de1aec59def2ebc1810b2920aec3be1,00002debc9b4b97f1b0002a566b14978a6190acf007ff94ab95a813672b7d484,0a73deee9f652be40232be19875ab9e4c784fae2ac885713375f090b576fac81,RESERVE_CANDIDATE_REQUIRES_RPC_AND_PAIR_EVIDENCE,False,False,False,False
tgbs,bsc,56,2024-02-10T12:25:57Z,10,100,0xa7bde61b354f4fab09b0df1e4709338f59438995,56:0xa7bde61b354f4fab09b0df1e4709338f59438995,UNKNOWN_REQUIRES_RPC,-1,0xff5c2726cbc52227182ee54607bc88f4ef412efdd45cfe14f2740ef0cdd7e49e,35670363,UNKNOWN_REQUIRES_RPC,False,v2/contract_deployments/contract_deployments_30000000_31000000.parquet,0d12ca90369256d040cf542c85f6ffcf446e4e3e8d19fd878d446ff8ed9337b7,e2fc34c77098032e26cd027039aef0e101505f0c07bf9eb634fe69be713b5484,00033a9b9f21387f9986edda403fe410378cbce1a02642e8648343e7f9ef1f03,8feaf8d5dd5fc34eed7d60c0a8ca2f61b342f2f33f98864e5de87b29ed85bc23,RESERVE_CANDIDATE_REQUIRES_RPC_AND_PAIR_EVIDENCE,False,False,False,False
tifi,bsc,56,2022-11-13T06:02:57Z,10,100,0x898cf93a32dcb05afca7d59a977b8e10d56129f9,56:0x898cf93a32dcb05afca7d59a977b8e10d56129f9,UNKNOWN_REQUIRES_RPC,-1,0x4c2d02988a7125fdbf0444dd0b75bf737ad6b38aa4485b6de33173462408dd48,22524891,UNKNOWN_REQUIRES_RPC,False,v2/contract_deployments/contract_deployments_30000000_31000000.parquet,0d12ca90369256d040cf542c85f6ffcf446e4e3e8d19fd878d446ff8ed9337b7,52961119e0fdba5805466046efae37b370833b39d2fc73632caa189ca5d9d684,0001e72e72654c7007875c4970f76bb545be6a83ccb0de90e15670b2b5cd6ad9,13c9a8d4b9c8bb8647bf41296ba72386d03d43e36a4c506444f18bcdd8890e75,RESERVE_CANDIDATE_REQUIRES_RPC_AND_PAIR_EVIDENCE,False,False,False,False
tradeonorion,bsc,56,2021-03-01T16:31:46Z,10,100,0x632183e3401d0b74650b2fd31f31d0fc7a93a833,56:0x632183e3401d0b74650b2fd31f31d0fc7a93a833,UNKNOWN_REQUIRES_RPC,-1,0x2b41d1128eb583dab654dff96867cdd259c306a7a90d7b63471b5f5f4a19995c,5151202,UNKNOWN_REQUIRES_RPC,False,v2/contract_deployments/contract_deployments_1000000_2000000.parquet,7529540c96f11e4fc0d376fd36b2953644bebebe317a864615e2d14403a341fe,273308ad90bde8a36468a4ce20bf11e1f54eb89f39020ebdcecfd0cfcbb9435e,000513fa526507dac8b870e903de49172605b87ed46b3731e282d905f188c12b,f9b6532fe3d744ad81c7bb1ec3bae3987c896081abac39da2d988e42a4d852fb,RESERVE_CANDIDATE_REQUIRES_RPC_AND_PAIR_EVIDENCE,False,False,False,False
trustpad,bsc,56,2022-07-19T16:52:20Z,10,100,0x3f6d45050ce35067b1eef4384cc9d5cea7d6bb81,56:0x3f6d45050ce35067b1eef4384cc9d5cea7d6bb81,UNKNOWN_REQUIRES_RPC,-1,0x978cf2d28d38aea36dafce18f6a224149caffd12d1f84b1ff905cfb1deb0ba50,19330351,UNKNOWN_REQUIRES_RPC,False,v2/contract_deployments/contract_deployments_29000000_30000000.parquet,3255e78e345aff80bfd6dfc7d760f4bda3a96fce4225cc3e128ce3d21ff32822,ee287b644ee7e2992fd0811f87a0bc64447b68eab1e4efdc878688985c8b89f4,0001f23026d66ce12bfb7e98e0e78ecf22042ce5679ca124bfc7600a6de96195,5e76096ce34d7906db6e6ce05ec979c20012fc8a6aa29415ce6e80d55aa30543,RESERVE_CANDIDATE_REQUIRES_RPC_AND_PAIR_EVIDENCE,False,False,False,False
uearnpool,bsc,56,2022-09-18T03:28:47Z,10,100,0xef5038efd4e5b85f15ea69fff20dc003990d909b,56:0xef5038efd4e5b85f15ea69fff20dc003990d909b,UNKNOWN_REQUIRES_RPC,-1,0xae5bd4294cedb0a31a25a34d535e3523d4d888351e104964d86c0afe6a1f6a27,21202958,UNKNOWN_REQUIRES_RPC,False,v2/contract_deployments/contract_deployments_7000000_8000000.parquet,54cb1c23725d5765da58c76ee4eb73bb326370e440cb6baab9e8463544906967,9b3b60ab4ec0b89b4d5e0de3cd3bec8b8e69da65983012587af72a9a49521f7f,000147b593c620bcc4a0626c71e40758efcb5072ba39153e1ec83330e75ccf23,a9805940ca209e6d7decc195521716272ac560a7402c84cc4368d7fa33785c30,RESERVE_CANDIDATE_REQUIRES_RPC_AND_PAIR_EVIDENCE,False,False,False,False
ulme,bsc,56,2022-10-20T14:46:15Z,10,100,0xe219741ef4a3efc433f3f0b8ea2c09cef8829d71,56:0xe219741ef4a3efc433f3f0b8ea2c09cef8829d71,UNKNOWN_REQUIRES_RPC,-1,0x875bdec0f513a0c0717b2d6829283ba00fd1e173ae340db39dc4ba5a090fad17,21529960,UNKNOWN_REQUIRES_RPC,False,v2/contract_deployments/contract_deployments_30000000_31000000.parquet,0d12ca90369256d040cf542c85f6ffcf446e4e3e8d19fd878d446ff8ed9337b7,218a53eec3a6a0ff36a352524fb2c1b4d8d5de2a1618254ddcb8ea53aa065b78,00074495d059403d9c41e82aca831fa7f085e8687284e0069578ffbf31978f18,d1580a9acb460342fee5ea9bd4a885094193f00444f3243086eea2cf271f64f6,RESERVE_CANDIDATE_REQUIRES_RPC_AND_PAIR_EVIDENCE,False,False,False,False
ulme_2,bsc,56,2022-10-20T14:46:15Z,10,100,0xc649900dcdb0a7b661ead54577039ede3efd3140,56:0xc649900dcdb0a7b661ead54577039ede3efd3140,UNKNOWN_REQUIRES_RPC,-1,0xe70b25c5aa5c1a5f7720f75fbbc08826f3d47e4ba536833b8887b3ca218cbfb7,22340255,UNKNOWN_REQUIRES_RPC,False,v2/contract_deployments/contract_deployments_31000000_32000000.parquet,1096c453513646713a3b6185edd15651bf3a9599e2e334ecd82bcf3c939ca722,e3448eb881728dde7f33204502f30ef1eedabc2e9e32b4d65061ee13502c7365,0001ffe6eebb4c947f6fc616cc6e00978a902df68e1035da8439a000ee33067a,b53cddb0614d63db47726d382289417d80f20172773ef6dfd6dff1ace7d9a7bc,RESERVE_CANDIDATE_REQUIRES_RPC_AND_PAIR_EVIDENCE,False,False,False,False
un,bsc,56,2022-07-21T00:55:49Z,10,100,0x1f9b1d0fd808583d68a8c451984d40c35556dbcb,56:0x1f9b1d0fd808583d68a8c451984d40c35556dbcb,UNKNOWN_REQUIRES_RPC,-1,0x3b0db6482e786b8fc2a08a9d715689686b56b41e917efd5d3ea1984953c63a6f,19095664,UNKNOWN_REQUIRES_RPC,False,v2/contract_deployments/contract_deployments_29000000_30000000.parquet,3255e78e345aff80bfd6dfc7d760f4bda3a96fce4225cc3e128ce3d21ff32822,a69e394d8c43777c9ba781bf054d906b5ecc671a4410e6f79070a3bb213836e1,0000fde77d930f7795d20922197dfaea176c0f6ac978ff157507d5d026e020c1,c5da68141b8cf6bdb0ff65585e5ef5aa85939f912207889252c4cea672e12e7d,RESERVE_CANDIDATE_REQUIRES_RPC_AND_PAIR_EVIDENCE,False,False,False,False
unverified,bsc,56,2022-08-12T11:19:30Z,10,100,0x5d2a26930d479614279674a8b4f80de3899113de,56:0x5d2a26930d479614279674a8b4f80de3899113de,UNKNOWN_REQUIRES_RPC,-1,0xbce54c55562dc9e2685b7e75f199c13f3a236f469df9a40a3cc8237daedb434b,20220289,UNKNOWN_REQUIRES_RPC,False,v2/contract_deployments/contract_deployments_30000000_31000000.parquet,0d12ca90369256d040cf542c85f6ffcf446e4e3e8d19fd878d446ff8ed9337b7,f827df51b4016edbbea1ff8dec565f8bba46927f2ec2021da1dd3f5ae6664109,000126256e644aadad7f84c4927322f6996909dd25396b7f27b26352f304ea54,4bd6e3b56f00433d191ba85c2b2f9da80227aababe254e2323dad8ec1a129222,RESERVE_CANDIDATE_REQUIRES_RPC_AND_PAIR_EVIDENCE,False,False,False,False
uranium,bsc,56,2021-04-17T06:34:05Z,10,100,0xac57104fe33547b5a713e4a0ba2552e09f332c6d,56:0xac57104fe33547b5a713e4a0ba2552e09f332c6d,UNKNOWN_REQUIRES_RPC,-1,0x663f46a7f8b4410689f39bb2074ad9e3958ef1c89de77780067bfbe40c27651f,6514811,UNKNOWN_REQUIRES_RPC,False,v2/contract_deployments/contract_deployments_9000000_10000000.parquet,6777e0b50be1d60a845e1be0313473c99fb8675967b51e4530577f82391cd3cf,d070ad1057e96ea25897ba0d7a7ece77895af77727381b1717c02d3f6238598b,00054a2d3303f3bbc1c32bf30ea8d8174a1573e9b016b36a85d74af6fa697e07,0f967c34c92cfacad87b6559da690a38349a8ab87c6f49ee31728df6f536e03b,RESERVE_CANDIDATE_REQUIRES_RPC_AND_PAIR_EVIDENCE,False,False,False,False
utopia,bsc,56,2023-02-25T12:24:16Z,10,100,0x0526155789a4413ae9f491c27900c7ef4f6d122e,56:0x0526155789a4413ae9f491c27900c7ef4f6d122e,UNKNOWN_REQUIRES_RPC,-1,0x838c55b27572a908677dc01e248cbc74a42bee329707f67f5b0458e56a776e0e,25673453,UNKNOWN_REQUIRES_RPC,False,v2/contract_deployments/contract_deployments_6000000_7000000.parquet,408541b1fff35d9d72eb413a63bd7e1ecdfd299daa7ca67b3c7185856aa6aef7,b96f5d75a034ebcc3fc78a09ac90495e7cb16e6b5dc086da8bea329bbefb1ed9,0004ecd935a6f757ca08ad395dc89c139fd47cbc88254bc0cccb0021c227d0cd,8190ad8390eb70a223f2875bd8c42df2dcf2de40663c3f0754958233e7e7b7bf,RESERVE_CANDIDATE_REQUIRES_RPC_AND_PAIR_EVIDENCE,False,False,False,False
valuedefi,bsc,56,2021-03-06T07:52:08Z,10,100,0xe5ae15ed7addb30cfa230b9228e774daa0579fe0,56:0xe5ae15ed7addb30cfa230b9228e774daa0579fe0,UNKNOWN_REQUIRES_RPC,-1,0xe433d142c40607df4583b579ab278d9035b5372c85df17ff5741db696cfb46be,5178293,UNKNOWN_REQUIRES_RPC,False,v2/contract_deployments/contract_deployments_1000000_2000000.parquet,7529540c96f11e4fc0d376fd36b2953644bebebe317a864615e2d14403a341fe,34bab32dd09b3c8a34880b05df6a2b100a80477d0134c722eec6e99dcf5496cd,00279c66b1ae21aefedc3873eacde026110abd093ebe84475f1ff8a6db1dcd8d,0586e426f2cfb417a8152fc5c7b3060feb08a211ea539fda0955a58fc4608d5f,RESERVE_CANDIDATE_REQUIRES_RPC_AND_PAIR_EVIDENCE,False,False,False,False
venus_the,bsc,56,2025-01-28T15:33:23Z,10,100,0x1337802b3e9588c7c0cc5791b36c78b545febe73,56:0x1337802b3e9588c7c0cc5791b36c78b545febe73,UNKNOWN_REQUIRES_RPC,-1,0xccc3bf36d0eec6c22055914e6f35589ba6227711b1bc2516fb5e8d514d8298b8,45695292,UNKNOWN_REQUIRES_RPC,False,v2/contract_deployments/contract_deployments_31000000_32000000.parquet,1096c453513646713a3b6185edd15651bf3a9599e2e334ecd82bcf3c939ca722,b9735408b796b3d4e55fc6694353e25e982ac0668df5ee413d0b7ddee4bcc74f,00088afc6cfde24e12715238f3bd5eca47757a9328586e395974c97adb458963,c06becc2c397b286c8b390ee362d7bc5af8f02d6389350e1ca7fd02aa123a192,RESERVE_CANDIDATE_REQUIRES_RPC_AND_PAIR_EVIDENCE,False,False,False,False
vista,bsc,56,2023-07-20T08:36:40Z,8,80,0xf8a986b57e7eeae84b1cfcbe36607b4cedf3c492,56:0xf8a986b57e7eeae84b1cfcbe36607b4cedf3c492,UNKNOWN_REQUIRES_RPC,-1,0x774108813910a3df86cc39b1f9fc8bf12f1d42be9d6d8cd2eaa9f8a7b957037c,29460484,UNKNOWN_REQUIRES_RPC,False,v2/contract_deployments/contract_deployments_30000000_31000000.parquet,0d12ca90369256d040cf542c85f6ffcf446e4e3e8d19fd878d446ff8ed9337b7,cf86c091b4786ecd6cd386e1adae2873b8eb5b6d3e25a178152203e58288782d,000441530d333f1daff1b9c6f415e3379e32e28026efe98d0c9d0fc9b3beb5d4,8dbca4608682b3f37991aeb9300b691d48aceb6e6ad66d52d59ceb886ca37af1,RESERVE_CANDIDATE_REQUIRES_RPC_AND_PAIR_EVIDENCE,False,False,False,False
vtf,bsc,56,2022-10-10T13:43:10Z,10,100,0x829944234528c075b2de5ab6a267bc9b8f1805b3,56:0x829944234528c075b2de5ab6a267bc9b8f1805b3,UNKNOWN_REQUIRES_RPC,-1,0xde6c6c544a9311f4234de9571b21f9eaa37ed535e60e260b7e75ff2581cc6b2b,21469255,UNKNOWN_REQUIRES_RPC,False,v2/contract_deployments/contract_deployments_31000000_32000000.parquet,1096c453513646713a3b6185edd15651bf3a9599e2e334ecd82bcf3c939ca722,e541f5d18264fb498e6310e35b6827743e2b80893d21b3b958c3dd7bd665c078,00077e0508343f31d1b4a59e9168727a545efd9bdbc531c09b434d0200a28092,838af032bfd81773b45aeca3055282653f3e56a11abd38c6588bbb607a87a3a9,RESERVE_CANDIDATE_REQUIRES_RPC_AND_PAIR_EVIDENCE,False,False,False,False
w_key_dao,bsc,56,2024-11-08T11:47:51Z,10,100,0xf41cac6e5baae1d231b52645930ced0aa2b66fcc,56:0xf41cac6e5baae1d231b52645930ced0aa2b66fcc,UNKNOWN_REQUIRES_RPC,-1,0xbb8f1c51ea7645dc89392e38a7bcc2cc2078fddef3499ab76d83d19e279ded29,43166124,UNKNOWN_REQUIRES_RPC,False,v2/contract_deployments/contract_deployments_31000000_32000000.parquet,1096c453513646713a3b6185edd15651bf3a9599e2e334ecd82bcf3c939ca722,ef723505613fc6d6ca03478c2a33997f7ac99bd1afd1d301e62dcaf99fea1a6f,000649c34c578172436c14b1af6236bcfa850d7928bdfd9d32b5ee7d5512be1c,8fb42c400174906e1ea4f46109fcd173ef7d3db236a6b03fc507b194b4e88688,RESERVE_CANDIDATE_REQUIRES_RPC_AND_PAIR_EVIDENCE,False,False,False,False
wdoge,bsc,56,2021-06-04T02:12:45Z,10,100,0x1b712fd49bca6ff1af346e2ee3356811f9680ada,56:0x1b712fd49bca6ff1af346e2ee3356811f9680ada,UNKNOWN_REQUIRES_RPC,-1,0xc07f3a43d87fe449048b3ae8d41f4f48f14731230d03ed072fe2a154f9459eb3,7391393,UNKNOWN_REQUIRES_RPC,False,v2/contract_deployments/contract_deployments_31000000_32000000.parquet,1096c453513646713a3b6185edd15651bf3a9599e2e334ecd82bcf3c939ca722,e49402c17f2b8539a0387e700708cc61a608e5b3ae317e0759d5f4798102b5f6,0001201a22c391d3364e3226b0eefb2bb3ff453d8ef230f33d4ac8f7b3f457eb,f65ee83d85762b4edf517eeaae36dbe735f84136941f4b0a0a7c885bb0956421,RESERVE_CANDIDATE_REQUIRES_RPC_AND_PAIR_EVIDENCE,False,False,False,False
weco,bsc,56,2023-08-12T20:33:34Z,5,50,0xcb50b2abfce40446ca8efe08922d93b209f769eb,56:0xcb50b2abfce40446ca8efe08922d93b209f769eb,UNKNOWN_REQUIRES_RPC,-1,0xfa94c864acaaf10c47549892ff59f3ab0757a00d353b2b5e5cc79dc9c470e488,30034694,UNKNOWN_REQUIRES_RPC,False,v2/contract_deployments/contract_deployments_29000000_30000000.parquet,3255e78e345aff80bfd6dfc7d760f4bda3a96fce4225cc3e128ce3d21ff32822,0361b16160102047a7356727b6bc002234e5207db88dbc9d26820c28601632db,000a5476fd5e06b7ed13fcf1fbcf18a3485a94a94be75d2e70af1ea15fbe353d,b29842f58089e61ee21da7a284c4e7e5c17f27139c3b9e34c0c494ad34ac7465,RESERVE_CANDIDATE_REQUIRES_RPC_AND_PAIR_EVIDENCE,False,False,False,False
will,bsc,56,2024-06-26T10:52:52Z,10,100,0x35da05842e8defc699335d0ded8f1e0593c5a9b8,56:0x35da05842e8defc699335d0ded8f1e0593c5a9b8,UNKNOWN_REQUIRES_RPC,-1,0xa9a2581ac932ee2faa322d21212b975329706588dd26685cde1bb46c2a79cbe4,39493613,UNKNOWN_REQUIRES_RPC,False,v2/contract_deployments/contract_deployments_31000000_32000000.parquet,1096c453513646713a3b6185edd15651bf3a9599e2e334ecd82bcf3c939ca722,e5aee64a50cecc3ea2c9afb85d067add1230a4bbc5e4720fd3bddd5ad195c094,000e01935972111420b44b852290ba5b93199b4ae3f9f0c6fddfa396e54dbfdc,073803bda8f7bd2270d6cb8581b4984df6089cd8a27104741d59cfd5f6317257,RESERVE_CANDIDATE_REQUIRES_RPC_AND_PAIR_EVIDENCE,False,False,False,False
wsm,bsc,56,2024-02-09T13:58:58Z,10,100,0xe8a7fb0bc6bc854d37a261bca241e0c83552ae6c,56:0xe8a7fb0bc6bc854d37a261bca241e0c83552ae6c,UNKNOWN_REQUIRES_RPC,-1,0xfc54de035f730a80e7c16a21037475655833b7066b15bc87e9a3913157da8df2,35905056,UNKNOWN_REQUIRES_RPC,False,v2/contract_deployments/contract_deployments_30000000_31000000.parquet,0d12ca90369256d040cf542c85f6ffcf446e4e3e8d19fd878d446ff8ed9337b7,6fa59efd97c91d6f5921d4dbe076042c1edb1a760a32a6399c5963ddd7bfcc8d,0001ac9a423f69034064d2f25627bbfbcd7a7ee7d308b96c3f766ffa06c904f5,48ec843e9c82173a0be2b75e171518d0f91e1f880bb0862684b4306c68d6e92f,RESERVE_CANDIDATE_REQUIRES_RPC_AND_PAIR_EVIDENCE,False,False,False,False
xsdwethpool,bsc,56,2023-06-25T13:03:45Z,10,100,0x84fde98df0683641fee266ca860125f674b4e514,56:0x84fde98df0683641fee266ca860125f674b4e514,UNKNOWN_REQUIRES_RPC,-1,0x7925241809403724334c2c48676b46716416bb6e791f3c5eabeeb3b49814f815,29105689,UNKNOWN_REQUIRES_RPC,False,v2/contract_deployments/contract_deployments_30000000_31000000.parquet,0d12ca90369256d040cf542c85f6ffcf446e4e3e8d19fd878d446ff8ed9337b7,221f914e14d82d72aa9e57dfc99b57242521a5272c4e99019ca387fc79a75d44,000118f8a8b0562a5c1f966aa40c8e791ec3b6b58670c7f47350e38fcf6eebdf,c4d24582620804e431462ad53215c4c1545eb224cf38c38a6dc5f0bd6b6a8edd,RESERVE_CANDIDATE_REQUIRES_RPC_AND_PAIR_EVIDENCE,False,False,False,False
xsij,bsc,56,2024-01-26T12:33:31Z,10,100,0xc9050b7ffd3265d827cf4032de2518cfed2dca87,56:0xc9050b7ffd3265d827cf4032de2518cfed2dca87,UNKNOWN_REQUIRES_RPC,-1,0xff65d5c78d40eec09e3d96ace3fd625ea140cf0e1849b847597466fd746b0699,34719390,UNKNOWN_REQUIRES_RPC,False,v2/contract_deployments/contract_deployments_29000000_30000000.parquet,3255e78e345aff80bfd6dfc7d760f4bda3a96fce4225cc3e128ce3d21ff32822,7cb90b4153f0bde90eb8a1966ea40e2529c8e0d8f248dc415ce32c4161663c29,0002323770ab3736ad965f68bed8388d393fe17818fa9092bfd1d64a939dfc5d,777afda05078fef2b35e535a392873de73bfee947047796898e39ef99dcf55dd,RESERVE_CANDIDATE_REQUIRES_RPC_AND_PAIR_EVIDENCE,False,False,False,False
xsurge,bsc,56,2021-07-31T07:47:45Z,10,100,0x37e3dc4e11f296ba673f89a8b8ceeeb66f26de9c,56:0x37e3dc4e11f296ba673f89a8b8ceeeb66f26de9c,UNKNOWN_REQUIRES_RPC,-1,0x8217a65e3af7beafebe2bf13755c450b389c345d2c41964107311a385c443af7,9122073,UNKNOWN_REQUIRES_RPC,False,v2/contract_deployments/contract_deployments_29000000_30000000.parquet,3255e78e345aff80bfd6dfc7d760f4bda3a96fce4225cc3e128ce3d21ff32822,7d90da516f707022056249239bdf8756c30f1e48c84364216e03140ba6af9181,00046b39ff9a14710b49c618fbb54882ca4a8a0c9bda957233b24bd219a61f79,ec27b00ad99f2c26f7cce9a21aa0aead42227ea175f40df4ce71a16f1e0b9713,RESERVE_CANDIDATE_REQUIRES_RPC_AND_PAIR_EVIDENCE,False,False,False,False
xwin,bsc,56,2021-02-16T12:22:25Z,10,100,0x7fd7a7f515f11123203371377dcd95ec6f3ce707,56:0x7fd7a7f515f11123203371377dcd95ec6f3ce707,UNKNOWN_REQUIRES_RPC,-1,0xca07195bae6baa59de4b6cba7899a99b8d12da0b8415ea01204952cf4820a95a,4908550,UNKNOWN_REQUIRES_RPC,False,v2/contract_deployments/contract_deployments_1000000_2000000.parquet,7529540c96f11e4fc0d376fd36b2953644bebebe317a864615e2d14403a341fe,22da00ceace3bde9f9e08f19f8ffdd175137544d23d7e4533ae2461d17293e2b,001a8f828819f115b10be1c1dcc0f68a62f8427eff75ed34639b57be9e31ac29,69400bba5946254a61766afaf9a86a2dde50c61fac514cbe9a292bba47e61d26,RESERVE_CANDIDATE_REQUIRES_RPC_AND_PAIR_EVIDENCE,False,False,False,False
yzi_ai_token,bsc,56,2025-03-27T13:49:54Z,8,80,0xc0e8c762331aa91c80b19d5f0c2ef82307a575a3,56:0xc0e8c762331aa91c80b19d5f0c2ef82307a575a3,UNKNOWN_REQUIRES_RPC,-1,0xdb9aa2fd169432a3717254e52512533d8fc326d4f4715cd7dd7a4e15bafc4265,47408461,UNKNOWN_REQUIRES_RPC,False,v2/contract_deployments/contract_deployments_30000000_31000000.parquet,0d12ca90369256d040cf542c85f6ffcf446e4e3e8d19fd878d446ff8ed9337b7,38c0952f93c96112eae3c02c9a0105e44a26220521234f87250327931370af2b,000e4541c6109fac71636a4b48418b801c389791f4ecdca7de89899adbc8dfd4,77d7f6ba1567b4b8ff88f6f9f128aaa99eebb20f663ed1eff08aaf37751ade06,RESERVE_CANDIDATE_REQUIRES_RPC_AND_PAIR_EVIDENCE,False,False,False,False
z123,bsc,56,2023-09-19T06:09:32Z,10,100,0x4b5c9c14279e9f908518c2ca4e5ddfe41de8d172,56:0x4b5c9c14279e9f908518c2ca4e5ddfe41de8d172,UNKNOWN_REQUIRES_RPC,-1,0x52430dfdfea904c4ae3378b47ae6c140a85c2cad1dcdf14f8429bf933464cc70,31621825,UNKNOWN_REQUIRES_RPC,False,v2/contract_deployments/contract_deployments_30000000_31000000.parquet,0d12ca90369256d040cf542c85f6ffcf446e4e3e8d19fd878d446ff8ed9337b7,7c98bee85916448b30b8fee51c617a86b7e9c5cc013d17ff4ed436868adbf4e2,000ae26ab0fd626f60c155efa9b407a029eea09eec7039249fac4ae8b454663f,8802555957dd73ae9f7d9c441a374ab87cb264427654c8c1e6ad411753d41754,RESERVE_CANDIDATE_REQUIRES_RPC_AND_PAIR_EVIDENCE,False,False,False,False
zeed,bsc,56,2022-04-21T05:46:14Z,9,90,0xbca4548f174e1fc5e75b5bbd259ea72980400eb8,56:0xbca4548f174e1fc5e75b5bbd259ea72980400eb8,UNKNOWN_REQUIRES_RPC,-1,0x57514f98395b7d40ab9d8c326f14a4cdca97fe998dbd798ccbb11bdba3e8ae98,16431315,UNKNOWN_REQUIRES_RPC,False,v2/contract_deployments/contract_deployments_30000000_31000000.parquet,0d12ca90369256d040cf542c85f6ffcf446e4e3e8d19fd878d446ff8ed9337b7,8664e938057a018bdf6feafd607acc7e5f4f03747bdb9daa2fe0268959d18795,0003fb9e74d43a37c3bc6335f1b9ec9cb25f2e99169c70db1ade39ae26f59590,14b1e5eee1deb66946001689e534e58fc837f90243146481fbaf7b20a3ddfc88,RESERVE_CANDIDATE_REQUIRES_RPC_AND_PAIR_EVIDENCE,False,False,False,False
zs,bsc,56,2023-09-27T10:35:06Z,10,100,0x8ed571c072dac54aa28265be722eff97681a3cd9,56:0x8ed571c072dac54aa28265be722eff97681a3cd9,UNKNOWN_REQUIRES_RPC,-1,0x9d21928478142c41e75525f06d5764a959ae594f50d5011b6b017f124a578a76,31885212,UNKNOWN_REQUIRES_RPC,False,v2/contract_deployments/contract_deployments_29000000_30000000.parquet,3255e78e345aff80bfd6dfc7d760f4bda3a96fce4225cc3e128ce3d21ff32822,af33d63a87b2120981e25e1da68b432c2eb1c54b1fe63b612cf7aadf0230a0ab,00055a950cb612957bbfaf6887d5a178d96f40ec5de84d148eb05bf76b6d51c8,20e246d430084c533ebdad3c644b982bf599a537f2d1b058c70c84916ebd2f9c,RESERVE_CANDIDATE_REQUIRES_RPC_AND_PAIR_EVIDENCE,False,False,False,False
ATMBlindBox,bsc,56,2026-03-19T10:56:43Z,9,90,0x7899942030dfabbed9cfbe0f97c385d6959b2cb9,56:0x7899942030dfabbed9cfbe0f97c385d6959b2cb9,UNKNOWN_REQUIRES_RPC,-1,0x3cc22b3ef4ff4f6707ccfa344fab925938bf9b2be143680550e9098fb09dc0fe,83023408,UNKNOWN_REQUIRES_RPC,False,v2/contract_deployments/contract_deployments_30000000_31000000.parquet,0d12ca90369256d040cf542c85f6ffcf446e4e3e8d19fd878d446ff8ed9337b7,aad97f52ed8c53a29d8f3901a0544bf93f63e3faab08e121a0477e8ad9263f71,00041c26112c70d493d387867a38df403fc591be929802c4ebd8cab4d9073971,182f994eea71aa898f3261fdbc4ff9f30c075ee45fbf71c50b737fa9003d8a95,RESERVE_CANDIDATE_REQUIRES_RPC_AND_PAIR_EVIDENCE,False,False,False,False
BetaPresale,bsc,56,2021-04-15T09:12:04Z,6,60,0x82279c2e9fcac7035f5f9c29d2080488a372ea73,56:0x82279c2e9fcac7035f5f9c29d2080488a372ea73,UNKNOWN_REQUIRES_RPC,-1,0x2516ccd2dc87496c317753e621746044750c880bd07a02b99a5fa883c5563c60,6322107,UNKNOWN_REQUIRES_RPC,False,v2/contract_deployments/contract_deployments_9000000_10000000.parquet,6777e0b50be1d60a845e1be0313473c99fb8675967b51e4530577f82391cd3cf,73a9a88c0b448aaafa3ed3ab2afedc2e231f3a727466776f8a22d3f13cc8f6e2,00030e37870a2c57e02757d014c08baf94bb0671de5f134a6561e3585184dcca,5e718800cff3953e59229638f8788a479b1520d67accf6eb5366fc533fa1a727,RESERVE_CANDIDATE_REQUIRES_RPC_AND_PAIR_EVIDENCE,False,False,False,False
BitCrown,bsc,56,2025-06-08T18:22:23Z,7,70,0x369f6dbd67f90f3d8e94e563ac7c590e9dfc9185,56:0x369f6dbd67f90f3d8e94e563ac7c590e9dfc9185,UNKNOWN_REQUIRES_RPC,-1,0xcd4608f1190b638d49d3105032c3da5edbb25033dca75aa616b284297216ff19,50954603,UNKNOWN_REQUIRES_RPC,False,v2/contract_deployments/contract_deployments_29000000_30000000.parquet,3255e78e345aff80bfd6dfc7d760f4bda3a96fce4225cc3e128ce3d21ff32822,b6d807a33116d184c52bb22bebb93d755b022565425c1007fdb54b5e4d3fef9d,000889de2d000035d50397c6e6f6c4a3bee1a41d2a39b3dc306961cd5c4ffd29,616fa801598eb63833b4415f11e503b6c4ec6f10d70b1d345959de26e079234d,RESERVE_CANDIDATE_REQUIRES_RPC_AND_PAIR_EVIDENCE,False,False,False,False
Bitallx,bsc,56,2025-05-15T06:01:07Z,9,90,0x2816aeca1f545c4e7cff61b91b946e91110e4444,56:0x2816aeca1f545c4e7cff61b91b946e91110e4444,UNKNOWN_REQUIRES_RPC,-1,0x424cdfa1db0c3f24a5e65b37bd3ea28038abbb8b0e175cda898616b123aedc7f,48357549,UNKNOWN_REQUIRES_RPC,False,v2/contract_deployments/contract_deployments_30000000_31000000.parquet,0d12ca90369256d040cf542c85f6ffcf446e4e3e8d19fd878d446ff8ed9337b7,90a7ec40119f4cceb366a9d24489a1390277e63b34974c535ef01ca8af81edd5,001029418831d5329aefedcb3381d734ed9f3f63edcfb8fb378ba949401cbcef,a37f02ec00533f3a1340475e48eadd9ec06a6e6bdd20f73e5925e12298710e3e,RESERVE_CANDIDATE_REQUIRES_RPC_AND_PAIR_EVIDENCE,False,False,False,False
DLMC,bsc,56,2026-04-28T13:18:52Z,3,30,0xf1b01c08c7f4a1fc93126e25414ae8116e8df301,56:0xf1b01c08c7f4a1fc93126e25414ae8116e8df301,UNKNOWN_REQUIRES_RPC,-1,0xddf6aacaed45205a881f256ddb5e1f425cfa88e44668a926988203d01f0ff2d8,94440679,UNKNOWN_REQUIRES_RPC,False,v2/contract_deployments/contract_deployments_30000000_31000000.parquet,0d12ca90369256d040cf542c85f6ffcf446e4e3e8d19fd878d446ff8ed9337b7,e3f271225413e466d79d3f0bf48d1c70cc5d62d7883177c9f3313d4c0384b0c4,00015b77dba3cdf33b4a5ee41bca490eff63946f7b095943a4ed926a2d3a1be2,4f36e86ac88e4cb1ece7d79108bf9e3043b177383799d30fe15616c2bd0d170f,RESERVE_CANDIDATE_REQUIRES_RPC_AND_PAIR_EVIDENCE,False,False,False,False
FlyLong,bsc,56,2023-11-29T19:17:34Z,1,10,0x3ebd3f631c116333526bd761d303f88eed2ff84d,56:0x3ebd3f631c116333526bd761d303f88eed2ff84d,UNKNOWN_REQUIRES_RPC,-1,0x4b7a0592c7f874bff412bef4278d9b9777805583631463efb30b6e65b7721b5d,33260333,UNKNOWN_REQUIRES_RPC,False,v2/contract_deployments/contract_deployments_30000000_31000000.parquet,0d12ca90369256d040cf542c85f6ffcf446e4e3e8d19fd878d446ff8ed9337b7,51575962be820343c3cdde3178db1e167560af8950a575bd46a593e39103885a,00074d5c2c4abcf8cbb36f284d7b769fd7926b1a1f7721ea737680c94dfe9a0f,5e38668952194d6e848f8dfd6cff3481d8d50dc6ba57ab1ee9931c86763493bb,RESERVE_CANDIDATE_REQUIRES_RPC_AND_PAIR_EVIDENCE,False,False,False,False
GMT7,bsc,56,2025-02-08T12:45:18Z,7,70,0x3e764cf663fd9535282a6886918e097004eddd66,56:0x3e764cf663fd9535282a6886918e097004eddd66,UNKNOWN_REQUIRES_RPC,-1,0xc890053b828c0dfb7a9e18765ce13f07fec5aa78e8717d21185e472c79d474ce,45771803,UNKNOWN_REQUIRES_RPC,False,v2/contract_deployments/contract_deployments_29000000_30000000.parquet,3255e78e345aff80bfd6dfc7d760f4bda3a96fce4225cc3e128ce3d21ff32822,9d6b38e04111b7c7fe80d1e7c12f9d3d307cefca706fad7500206c410c4d0d08,000b054174808c21de9d8fff272ecf2e7ae713ac1cd11e13eb5ca3bd188f9629,99c0f64c0c509c55d08f4d2ef126341cf393c9a91976d5ff5e6feed5621f2214,RESERVE_CANDIDATE_REQUIRES_RPC_AND_PAIR_EVIDENCE,False,False,False,False
GoldReserve,bsc,56,2024-12-28T15:13:07Z,9,90,0x2cc66c330c796d211fc5b38f5b99cc123d631594,56:0x2cc66c330c796d211fc5b38f5b99cc123d631594,UNKNOWN_REQUIRES_RPC,-1,0x758042e9f58b2021cbf192a3a1157d58d7702c3624b520d55f212be5250a7b92,44586598,UNKNOWN_REQUIRES_RPC,False,v2/contract_deployments/contract_deployments_30000000_31000000.parquet,0d12ca90369256d040cf542c85f6ffcf446e4e3e8d19fd878d446ff8ed9337b7,2a39eb1c1bd1c85a33b241587e8cc5e3b21f892f6fcefdb0964a4f63e9800959,0025c24c9d5c3881fe94235361c5a56613c5682f4bf7546ae90461ac2e5ab920,2a210270ed23a68fbe42cc54beaa798de0acddf237ddb6be2589e353602db4b2,RESERVE_CANDIDATE_REQUIRES_RPC_AND_PAIR_EVIDENCE,False,False,False,False
HORS,bsc,56,2021-05-13T02:56:01Z,4,40,0xd2aa368356e02154a210e23e28090d30772588cc,56:0xd2aa368356e02154a210e23e28090d30772588cc,UNKNOWN_REQUIRES_RPC,-1,0x4aecd62aab43142651214a5a5855b59844670387d6de3c49d7698b6e076bb1e8,6885875,UNKNOWN_REQUIRES_RPC,False,v2/contract_deployments/contract_deployments_30000000_31000000.parquet,0d12ca90369256d040cf542c85f6ffcf446e4e3e8d19fd878d446ff8ed9337b7,269a45fa11058604642dcb42a86601a7f6bac72bd8bcbc6eafcc879cd1645a31,0004c308fc22f7eb93b999ea7679f44ea11b024d03b4684bd1fc55f11d70fbf0,0b2ed579d2781e98be9ef20febc39d63368dcdf6f3addf6554850571e7e94998,RESERVE_CANDIDATE_REQUIRES_RPC_AND_PAIR_EVIDENCE,False,False,False,False
HoldSafe,bsc,56,2025-03-15T16:16:22Z,8,80,0xd89888de26bb55e0ad726d4a6c45f05f73ea092a,56:0xd89888de26bb55e0ad726d4a6c45f05f73ea092a,UNKNOWN_REQUIRES_RPC,-1,0x94ea59152499ea2793965227e312b0c4bd7f82ef864796ce1ac9c3917c4ea9ba,46768422,UNKNOWN_REQUIRES_RPC,False,v2/contract_deployments/contract_deployments_29000000_30000000.parquet,3255e78e345aff80bfd6dfc7d760f4bda3a96fce4225cc3e128ce3d21ff32822,ebcdab7e66291d9e83cf8911914e29668fa0763c7e9838f4852656024f9600dc,000f49ab78ccddb5ea2fcefe6865c7be880197230ee36593781093f7423f33e2,409470d6f5ad762c811079d93d2e983c5a3cac24b8fbcb9c04069a1bacee96a1,RESERVE_CANDIDATE_REQUIRES_RPC_AND_PAIR_EVIDENCE,False,False,False,False
JUDAO,bsc,56,2026-01-18T00:52:05Z,2,20,0x06056a1fc31f1a179e417e5bdd8cdf3c1a59a147,56:0x06056a1fc31f1a179e417e5bdd8cdf3c1a59a147,UNKNOWN_REQUIRES_RPC,-1,0x45a32a568945ddb31f08784f0124501bbddd97bde08f0355c83f1c22df687c3f,72695625,UNKNOWN_REQUIRES_RPC,False,v2/contract_deployments/contract_deployments_29000000_30000000.parquet,3255e78e345aff80bfd6dfc7d760f4bda3a96fce4225cc3e128ce3d21ff32822,b7815080eac13d5d755f6d60be88f57e3b65931e54d8df4826c1e03d72c0c7d4,00015370cbae2116ca6f6df2b37caf3ae3191d52ca2dc9b9cbbc7b1d4a4d28fd,5377d167bdf79f9d1852ecd879734ab5af8af2210ab4708c740235ed7c74a0c0,RESERVE_CANDIDATE_REQUIRES_RPC_AND_PAIR_EVIDENCE,False,False,False,False
LBP,bsc,56,2026-05-08T01:57:51Z,1,10,0xd9d24725a9fcbfd6a329191dc972b1bdd8c36d36,56:0xd9d24725a9fcbfd6a329191dc972b1bdd8c36d36,UNKNOWN_REQUIRES_RPC,-1,0x7c2b7b2d6f175f1e77a9e800c0bb3c0eee960a7c123fc6c00833df81eb38cab5,94866522,UNKNOWN_REQUIRES_RPC,False,v2/contract_deployments/contract_deployments_28000000_29000000.parquet,a512ca3053caa2090f1042c2a492d4b63974138d49e6ef832b885fb36b556864,7de41b4176425363d3c44f4f52d654b549829218932c8b6bf633c4535ae842c4,0005dc7db579d85c983666ebb74e1cfe0e24cda43f8ffa01cb1597109f043df6,4e49f57a2a425f45b8f869b40202d250c46e03638fe79ea2889c6bcf31b4c00c,RESERVE_CANDIDATE_REQUIRES_RPC_AND_PAIR_EVIDENCE,False,False,False,False
MFT,bsc,56,2024-11-11T05:46:00Z,7,70,0x47353196a97a526b5deccc867ef6efdefdbf508e,56:0x47353196a97a526b5deccc867ef6efdefdbf508e,UNKNOWN_REQUIRES_RPC,-1,0xace878086f9b7508fae3b6f86071e1780b55d7860a93be42d1bef1213f1fa95f,43690293,UNKNOWN_REQUIRES_RPC,False,v2/contract_deployments/contract_deployments_29000000_30000000.parquet,3255e78e345aff80bfd6dfc7d760f4bda3a96fce4225cc3e128ce3d21ff32822,c22a928ab17a70fdfa5e38a626399a2945d4c5f38f397f340991514354eb52dd,0003fe8ab47ee86d4f407a5ca76afb689f97479b71c6dfae1dc2f0d46c5e3770,88eaa455427995161c58ecad3cfcdd23128366b144f9fd9b901987604abd13f3,RESERVE_CANDIDATE_REQUIRES_RPC_AND_PAIR_EVIDENCE,False,False,False,False
MicDao,bsc,56,2023-10-08T02:28:34Z,7,70,0x512d6dfaa26652ea890a94e4bee1c591ae965eb6,56:0x512d6dfaa26652ea890a94e4bee1c591ae965eb6,UNKNOWN_REQUIRES_RPC,-1,0xe739b0d1d5b0d2d0826ac1ce94b395112f8ea11e5f394a66a043e7dd72082c0f,31538116,UNKNOWN_REQUIRES_RPC,False,v2/contract_deployments/contract_deployments_31000000_32000000.parquet,1096c453513646713a3b6185edd15651bf3a9599e2e334ecd82bcf3c939ca722,dbadd498e141960e511ff78c5af2749829de18f259102012341eebff662a7cf5,001baa927b9d86f304ee55c0fec5e6333fa707f11a517d1c6b8cf3546b45b688,8ecf0075115d4998fa3dee665fba4d538b65d347b28357c5774cfb05e3bd1988,RESERVE_CANDIDATE_REQUIRES_RPC_AND_PAIR_EVIDENCE,False,False,False,False
MyCoinMaster,bsc,56,2025-07-26T10:26:41Z,6,60,0x510a86e6806468958b2ab9da4d819e9f9ed3b25a,56:0x510a86e6806468958b2ab9da4d819e9f9ed3b25a,UNKNOWN_REQUIRES_RPC,-1,0x5c43ec7b5835265ae38352a85bad018012b57a2c5dfdb74e59a5acc24351628a,54749432,UNKNOWN_REQUIRES_RPC,False,v2/contract_deployments/contract_deployments_31000000_32000000.parquet,1096c453513646713a3b6185edd15651bf3a9599e2e334ecd82bcf3c939ca722,71b6149397b2cbe76ebe922f6294c41d831fc6cc56441102dc3f2c30d262e4a7,000de46c3d5a63c60a4a374170ee9cc6c2c6717c638ba8cfe52383340167621c,c4e7db00fb456d6314cce6409eee8b8e4eab91e948fce9e4b20d3f256ef1d5c2,RESERVE_CANDIDATE_REQUIRES_RPC_AND_PAIR_EVIDENCE,False,False,False,False
NFTG,bsc,56,2024-06-24T10:25:42Z,7,70,0xccffd05b696a4b4092acff49cb8d54a07eec6345,56:0xccffd05b696a4b4092acff49cb8d54a07eec6345,UNKNOWN_REQUIRES_RPC,-1,0xab5a4160eaf4ee0e45a841bbb725059dbf843f8e658e8615ff2b221f9ab22841,39255257,UNKNOWN_REQUIRES_RPC,False,v2/contract_deployments/contract_deployments_29000000_30000000.parquet,3255e78e345aff80bfd6dfc7d760f4bda3a96fce4225cc3e128ce3d21ff32822,0728b8a3b0e69901e96e09c4088fedf6fb98b8e8ece0e789ff86179e08eeb3f7,0005025fd4a7477c463798a2ee8eeebc4202cca636cd6e2aa7c436d2f35e0d37,3e3c37845aa6f7b715b8b5bbd3a098a13aa4125a8254248be67a64aaad3afac3,RESERVE_CANDIDATE_REQUIRES_RPC_AND_PAIR_EVIDENCE,False,False,False,False
NGP,bsc,56,2025-09-09T01:47:01Z,4,40,0xf0500a60fdbac8bcf06f32b6a40d8c1b511e15a7,56:0xf0500a60fdbac8bcf06f32b6a40d8c1b511e15a7,UNKNOWN_REQUIRES_RPC,-1,0xcc8676b7b43d2502f2b994bbaeb0216699465abc1103f623619e2cd229b91050,57379888,UNKNOWN_REQUIRES_RPC,False,v2/contract_deployments/contract_deployments_29000000_30000000.parquet,3255e78e345aff80bfd6dfc7d760f4bda3a96fce4225cc3e128ce3d21ff32822,7ee2ad4bead1f2fb3dade5b19856fd6823f8ec6f9078dfc148205f7b91da7397,000c597402a1d850579e310fc8ba6c997820756f9939a7d8ab4cfd2c2ab373d9,e40b0538055a13caf9da11d839dd5f8fd423509670ce93922e9127598fe9d02a,RESERVE_CANDIDATE_REQUIRES_RPC_AND_PAIR_EVIDENCE,False,False,False,False
Proxy_b7e1,bsc,56,2024-11-13T18:19:56Z,9,90,0x00fe9cc35a13e335a1a17948223ada3c846520ee,56:0x00fe9cc35a13e335a1a17948223ada3c846520ee,UNKNOWN_REQUIRES_RPC,-1,0x2d007fc9efc63c599a7a304923ce7b66219a75690cc0a4ea882b76e5211db2aa,43891497,UNKNOWN_REQUIRES_RPC,False,v2/contract_deployments/contract_deployments_30000000_31000000.parquet,0d12ca90369256d040cf542c85f6ffcf446e4e3e8d19fd878d446ff8ed9337b7,9bad1af0b42402d91d25842cff7247478f879b33a68692f71d8d808f6fbd76f2,00134d0e02f7e12fe7869c636e961ff111fb885635ecae7e203ca6d65c071d23,6e846934085ddabe1f12d74d394da6889778450fe47965184e08670495174e22,RESERVE_CANDIDATE_REQUIRES_RPC_AND_PAIR_EVIDENCE,False,False,False,False
