case_name,chain,target_contract_address,fork_block_number,required_queries,address,incident_block,prediction_cutoff_block,deployment_block,cutoff_status,proxy_hint,case_id,age_stratum,pilot_hash,pilot_member,priority,pilot_allocation_expected,pilot_allocation_selected,allocation_satisfied,input_sha256,policy_sha256,queue_sha256
futureswap,arbitrum,0xf7ca7384cc6619866749955065f17bedd3ed80bc,419829770,eth_getCode@fork; EIP-1967 slots@fork; beacon/diamond resolution; deployment tx,0xf7ca7384cc6619866749955065f17bedd3ed80bc,419829770,,,PARTIAL,True,ca2-40ca8a9aca77ecfbfe71,0,a35309fcc63b8c809fc0ad04eb2a7b874191a5d247fd50a9a4d43423e16b0041,True,0,2,1,False,2942b2819e08d00d8eb23bee9815e9c644757421e92e3c1307a45b057e264cf1,60494f0bea76eef89f0a8b74dd5235092888bbedf7781d982a527ba3528996ad,05ed12a61b9c1ea958e2cd47aba15354039220e7e24f03d370682eddb0e87cdd
leetswap,base,0x94dac4a3ce998143aa119c05460731da80ad90cf,2031746,eth_getCode@fork; EIP-1967 slots@fork; beacon/diamond resolution; deployment tx,0x94dac4a3ce998143aa119c05460731da80ad90cf,2031746,,,PARTIAL,True,ca2-d5e2d826f6d08f10011e,0,44ff78a7d4213698f317924009bc25000c0900dc6d57b634961f8ba84c358c71,True,0,2,2,True,2942b2819e08d00d8eb23bee9815e9c644757421e92e3c1307a45b057e264cf1,60494f0bea76eef89f0a8b74dd5235092888bbedf7781d982a527ba3528996ad,05ed12a61b9c1ea958e2cd47aba15354039220e7e24f03d370682eddb0e87cdd
carolprotocol,base,0x26fe408bbd7a490feb056da8e2d1e007938e5685,7246080,eth_getCode@fork; EIP-1967 slots@fork; beacon/diamond resolution; deployment tx,0x26fe408bbd7a490feb056da8e2d1e007938e5685,7246080,,,PARTIAL,True,ca2-e726d15fcadb675a6a84,0,47d77e75ce8f04c4f8cb279c094522c6b5d735502a111f482ca95021bb889559,True,0,2,2,True,2942b2819e08d00d8eb23bee9815e9c644757421e92e3c1307a45b057e264cf1,60494f0bea76eef89f0a8b74dd5235092888bbedf7781d982a527ba3528996ad,05ed12a61b9c1ea958e2cd47aba15354039220e7e24f03d370682eddb0e87cdd
shadowfi,bsc,0x10bc28d2810dd462e16facff18f78783e859351b,20969095,eth_getCode@fork; EIP-1967 slots@fork; beacon/diamond resolution; deployment tx,0x10bc28d2810dd462e16facff18f78783e859351b,20969095,,,PARTIAL,True,ca2-742774bf4edd46ad6f87,0,000deb4618cadaaf3e1dfd2cea258a86726a9901b0ea4efd4a1d42e5a07ea292,True,0,3,3,True,2942b2819e08d00d8eb23bee9815e9c644757421e92e3c1307a45b057e264cf1,60494f0bea76eef89f0a8b74dd5235092888bbedf7781d982a527ba3528996ad,05ed12a61b9c1ea958e2cd47aba15354039220e7e24f03d370682eddb0e87cdd
bbox,bsc,0x5dfc7f3ebbb9cbfe89bc3fb70f750ee229a59f8c,23106506,eth_getCode@fork; EIP-1967 slots@fork; beacon/diamond resolution; deployment tx,0x5dfc7f3ebbb9cbfe89bc3fb70f750ee229a59f8c,23106506,,,PARTIAL,True,ca2-7063be755a02e6e0df10,0,114204a82e521c45ca49c88a1915d82cd8ad3676f53abd8941b71d9168bee5df,True,0,3,3,True,2942b2819e08d00d8eb23bee9815e9c644757421e92e3c1307a45b057e264cf1,60494f0bea76eef89f0a8b74dd5235092888bbedf7781d982a527ba3528996ad,05ed12a61b9c1ea958e2cd47aba15354039220e7e24f03d370682eddb0e87cdd
vtf,bsc,0xc6548caf18e20f88cc437a52b6d388b0d54d830d,22535101,eth_getCode@fork; EIP-1967 slots@fork; beacon/diamond resolution; deployment tx,0xc6548caf18e20f88cc437a52b6d388b0d54d830d,22535101,,,PARTIAL,True,ca2-83e922a7f39b2bc4b4b1,0,16b86f1462e1fa00612cb68898262197a521a123147ff8545688ef4cc0d4f6d4,True,0,3,3,True,2942b2819e08d00d8eb23bee9815e9c644757421e92e3c1307a45b057e264cf1,60494f0bea76eef89f0a8b74dd5235092888bbedf7781d982a527ba3528996ad,05ed12a61b9c1ea958e2cd47aba15354039220e7e24f03d370682eddb0e87cdd
saddle,ethereum,0x824dcd7b044d60df2e89b1bb888e66d8bcf41491,14684306,eth_getCode@fork; EIP-1967 slots@fork; beacon/diamond resolution; deployment tx,0x824dcd7b044d60df2e89b1bb888e66d8bcf41491,14684306,,,PARTIAL,True,ca2-c9253cf4e2d235460157,0,0144c5b2a102c93d858cc37601c5d09a234c3a3b274d480066b734bdac0a0544,True,0,3,3,True,2942b2819e08d00d8eb23bee9815e9c644757421e92e3c1307a45b057e264cf1,60494f0bea76eef89f0a8b74dd5235092888bbedf7781d982a527ba3528996ad,05ed12a61b9c1ea958e2cd47aba15354039220e7e24f03d370682eddb0e87cdd
uerii,ethereum,0x418c24191ae947a78c99fdc0e45a1f96afb254be,15767837,eth_getCode@fork; EIP-1967 slots@fork; beacon/diamond resolution; deployment tx,0x418c24191ae947a78c99fdc0e45a1f96afb254be,15767837,,,PARTIAL,True,ca2-5d74bde6e71788f42085,0,0f1a86f90c39479f8b9f906df4b513d7b045495ae5ab6663ef55da18b08c7899,True,0,3,3,True,2942b2819e08d00d8eb23bee9815e9c644757421e92e3c1307a45b057e264cf1,60494f0bea76eef89f0a8b74dd5235092888bbedf7781d982a527ba3528996ad,05ed12a61b9c1ea958e2cd47aba15354039220e7e24f03d370682eddb0e87cdd
88mph,ethereum,0xf0b7de03134857391d8d43ed48e20edf21461097,12516705,eth_getCode@fork; EIP-1967 slots@fork; beacon/diamond resolution; deployment tx,0xf0b7de03134857391d8d43ed48e20edf21461097,12516705,,,PARTIAL,True,ca2-c9c1817a98610ef26f01,0,1a0867a10ef5bf844998e6ac288e31c4bc594585bae8d56f00fe210623495eb8,True,0,3,3,True,2942b2819e08d00d8eb23bee9815e9c644757421e92e3c1307a45b057e264cf1,60494f0bea76eef89f0a8b74dd5235092888bbedf7781d982a527ba3528996ad,05ed12a61b9c1ea958e2cd47aba15354039220e7e24f03d370682eddb0e87cdd
prxvt,base,0xdac30a5e2612206e2756836ed6764ec5817e6fff,40229652,eth_getCode@fork; EIP-1967 slots@fork; beacon/diamond resolution; deployment tx,0xdac30a5e2612206e2756836ed6764ec5817e6fff,40229652,,,PARTIAL,True,ca2-5283fda6a42b6b876dbb,2,0e521b8025352311230145296c55a245314cafa5a03259e868133c747ced203e,False,1,2,2,True,2942b2819e08d00d8eb23bee9815e9c644757421e92e3c1307a45b057e264cf1,60494f0bea76eef89f0a8b74dd5235092888bbedf7781d982a527ba3528996ad,05ed12a61b9c1ea958e2cd47aba15354039220e7e24f03d370682eddb0e87cdd
tsuru,base,0x75ac62ea5d058a7f88f0c3a5f8f73195277c93da,14279784,eth_getCode@fork; EIP-1967 slots@fork; beacon/diamond resolution; deployment tx,0x75ac62ea5d058a7f88f0c3a5f8f73195277c93da,14279784,,,PARTIAL,True,ca2-8fc93c5fa8fffa0c5fa4,1,21a864ee5e33066f845283d38312a173f20e328b7ca56fbcb56f91a76f46e6e9,False,1,2,2,True,2942b2819e08d00d8eb23bee9815e9c644757421e92e3c1307a45b057e264cf1,60494f0bea76eef89f0a8b74dd5235092888bbedf7781d982a527ba3528996ad,05ed12a61b9c1ea958e2cd47aba15354039220e7e24f03d370682eddb0e87cdd
normie,base,0x7f12d13b34f5f4f0a9449c16bcd42f0da47af200,14952782,eth_getCode@fork; EIP-1967 slots@fork; beacon/diamond resolution; deployment tx,0x7f12d13b34f5f4f0a9449c16bcd42f0da47af200,14952782,,,PARTIAL,True,ca2-470ed35ca97a31cab7dd,1,431297f2cc97649dc5b3f3c79f90d0a1e71df178a5ab0fa0e57a67c4960577ec,False,1,2,2,True,2942b2819e08d00d8eb23bee9815e9c644757421e92e3c1307a45b057e264cf1,60494f0bea76eef89f0a8b74dd5235092888bbedf7781d982a527ba3528996ad,05ed12a61b9c1ea958e2cd47aba15354039220e7e24f03d370682eddb0e87cdd
sumermoney,base,0x7b5969bb51fa3b002579d7ee41a454ac691716dc,13076768,eth_getCode@fork; EIP-1967 slots@fork; beacon/diamond resolution; deployment tx,0x7b5969bb51fa3b002579d7ee41a454ac691716dc,13076768,,,PARTIAL,True,ca2-0583d91c7785bb31ad8f,0,adbfe26a425fa8b95e5b9632046b6fb7352fc3019ede751a84b3f9be7b500165,False,1,2,2,True,2942b2819e08d00d8eb23bee9815e9c644757421e92e3c1307a45b057e264cf1,60494f0bea76eef89f0a8b74dd5235092888bbedf7781d982a527ba3528996ad,05ed12a61b9c1ea958e2cd47aba15354039220e7e24f03d370682eddb0e87cdd
cloberdex,base,0x6a0b87d6b74f7d5c92722f6a11714dbeda9f3895,23514450,eth_getCode@fork; EIP-1967 slots@fork; beacon/diamond resolution; deployment tx,0x6a0b87d6b74f7d5c92722f6a11714dbeda9f3895,23514450,,,PARTIAL,True,ca2-5b927b3791414bdc410e,2,ce30a17c26696c501e13cdeb1d1ce6c2c41b35d04e22768ff9fca15b98efd9e8,False,1,2,2,True,2942b2819e08d00d8eb23bee9815e9c644757421e92e3c1307a45b057e264cf1,60494f0bea76eef89f0a8b74dd5235092888bbedf7781d982a527ba3528996ad,05ed12a61b9c1ea958e2cd47aba15354039220e7e24f03d370682eddb0e87cdd
moonwell,base,0xec942be8a8114bfd0396a5052c36027f2ca6a9d0,42194663,eth_getCode@fork; EIP-1967 slots@fork; beacon/diamond resolution; deployment tx,0xec942be8a8114bfd0396a5052c36027f2ca6a9d0,42194663,,,PARTIAL,True,ca2-b4208a8c5bb1d965b99f,3,defad29883e4dbfc5ec7d1101e82b426f3bd26caaa3e66294601eaecb0b92a5c,False,1,2,2,True,2942b2819e08d00d8eb23bee9815e9c644757421e92e3c1307a45b057e264cf1,60494f0bea76eef89f0a8b74dd5235092888bbedf7781d982a527ba3528996ad,05ed12a61b9c1ea958e2cd47aba15354039220e7e24f03d370682eddb0e87cdd
synaplogic,base,0xc859ac8429fb4a5e24f24a7bed3fe3a8db4fb371,41038633,eth_getCode@fork; EIP-1967 slots@fork; beacon/diamond resolution; deployment tx,0xc859ac8429fb4a5e24f24a7bed3fe3a8db4fb371,41038633,,,PARTIAL,True,ca2-f459648a3f9405d0f148,3,fb12df4d219e4d3ad6c31a83861198a2648d33128c467af003699f7882cea29b,False,1,2,2,True,2942b2819e08d00d8eb23bee9815e9c644757421e92e3c1307a45b057e264cf1,60494f0bea76eef89f0a8b74dd5235092888bbedf7781d982a527ba3528996ad,05ed12a61b9c1ea958e2cd47aba15354039220e7e24f03d370682eddb0e87cdd
babydogecoin,bsc,0xc748673057861a797275cd8a068abb95a902e8de,28593354,eth_getCode@fork; EIP-1967 slots@fork; beacon/diamond resolution; deployment tx,0xc748673057861a797275cd8a068abb95a902e8de,28593354,,,PARTIAL,True,ca2-1a73db8dcf62dc8e4419,1,000f397b7396a24e5a806f834f3a00042d364beecd43b23efa7eabc38b4a3e90,False,1,3,3,True,2942b2819e08d00d8eb23bee9815e9c644757421e92e3c1307a45b057e264cf1,60494f0bea76eef89f0a8b74dd5235092888bbedf7781d982a527ba3528996ad,05ed12a61b9c1ea958e2cd47aba15354039220e7e24f03d370682eddb0e87cdd
stepp2p,bsc,0x99855380e5f48db0a6babeae312b80885a816dce,54653986,eth_getCode@fork; EIP-1967 slots@fork; beacon/diamond resolution; deployment tx,0x99855380e5f48db0a6babeae312b80885a816dce,54653986,,,PARTIAL,True,ca2-ca16a95de7b24c723e35,3,006da599c817ec2c351f04814438442a46821ce478138ea0c519e437f1aec9a0,False,1,3,3,True,2942b2819e08d00d8eb23bee9815e9c644757421e92e3c1307a45b057e264cf1,60494f0bea76eef89f0a8b74dd5235092888bbedf7781d982a527ba3528996ad,05ed12a61b9c1ea958e2cd47aba15354039220e7e24f03d370682eddb0e87cdd
bfctoken,bsc,0x595eac4a0ce9b7175a99094680fbe55a774b5464,31599443,eth_getCode@fork; EIP-1967 slots@fork; beacon/diamond resolution; deployment tx,0x595eac4a0ce9b7175a99094680fbe55a774b5464,31599443,,,PARTIAL,True,ca2-5aa3d29494fdde461d33,2,00c5a761f67b320ce3030f8bcaa8144500dc35c8824b0968a146ce19bf1ec1a7,False,1,3,3,True,2942b2819e08d00d8eb23bee9815e9c644757421e92e3c1307a45b057e264cf1,60494f0bea76eef89f0a8b74dd5235092888bbedf7781d982a527ba3528996ad,05ed12a61b9c1ea958e2cd47aba15354039220e7e24f03d370682eddb0e87cdd
binemon,bsc,0xe56842ed550ff2794f010738554db45e60730371,36864394,eth_getCode@fork; EIP-1967 slots@fork; beacon/diamond resolution; deployment tx,0xe56842ed550ff2794f010738554db45e60730371,36864394,,,PARTIAL,True,ca2-adacb53105e39eebae4d,2,00c79a4c6acb525bdb320e045fdc4e236500cab8fd2d453fe08a791be56ab1d4,False,1,3,3,True,2942b2819e08d00d8eb23bee9815e9c644757421e92e3c1307a45b057e264cf1,60494f0bea76eef89f0a8b74dd5235092888bbedf7781d982a527ba3528996ad,05ed12a61b9c1ea958e2cd47aba15354039220e7e24f03d370682eddb0e87cdd
j_pulsepot,bsc,0x384b9fb6e42dab87f3023d87ea1575499a69998e,45640245,eth_getCode@fork; EIP-1967 slots@fork; beacon/diamond resolution; deployment tx,0x384b9fb6e42dab87f3023d87ea1575499a69998e,45640245,,,PARTIAL,True,ca2-bc3880c8e3766b6a9ca4,3,0135a1f83ba060aefde06eacda0ac57df4fd1d84dad03eaf720cdbff5b5947a2,False,1,3,3,True,2942b2819e08d00d8eb23bee9815e9c644757421e92e3c1307a45b057e264cf1,60494f0bea76eef89f0a8b74dd5235092888bbedf7781d982a527ba3528996ad,05ed12a61b9c1ea958e2cd47aba15354039220e7e24f03d370682eddb0e87cdd
ast,bsc,0xc10e0319337c7f83342424df72e73a70a29579b2,45964639,eth_getCode@fork; EIP-1967 slots@fork; beacon/diamond resolution; deployment tx,0xc10e0319337c7f83342424df72e73a70a29579b2,45964639,,,PARTIAL,True,ca2-f869139a8dcac0542bd9,3,0530112f9d49313120f301fdbfc3ca2c3fc02d0a4e47ae630b4974b9113eee4c,False,1,3,3,True,2942b2819e08d00d8eb23bee9815e9c644757421e92e3c1307a45b057e264cf1,60494f0bea76eef89f0a8b74dd5235092888bbedf7781d982a527ba3528996ad,05ed12a61b9c1ea958e2cd47aba15354039220e7e24f03d370682eddb0e87cdd
palmswap,bsc,0xd990094a611c3de34664dd3664ebf979a1230fc1,30248637,eth_getCode@fork; EIP-1967 slots@fork; beacon/diamond resolution; deployment tx,0xd990094a611c3de34664dd3664ebf979a1230fc1,30248637,,,PARTIAL,True,ca2-0bc1321f2d440dbae4b1,2,05a10d25d1603e3c3f75ff04762553c687d9db13d7ef5b0a751e56e7c7d1e243,False,1,3,3,True,2942b2819e08d00d8eb23bee9815e9c644757421e92e3c1307a45b057e264cf1,60494f0bea76eef89f0a8b74dd5235092888bbedf7781d982a527ba3528996ad,05ed12a61b9c1ea958e2cd47aba15354039220e7e24f03d370682eddb0e87cdd
shibatoken,bsc,0x13b1f2e227ca6f8e08ac80368fd637f5084f10a5,33528882,eth_getCode@fork; EIP-1967 slots@fork; beacon/diamond resolution; deployment tx,0x13b1f2e227ca6f8e08ac80368fd637f5084f10a5,33528882,,,PARTIAL,True,ca2-db4133161e8ad967d9de,2,0724b70f774fe23420aa52ff85b71ed8986e8f8d9367121c5122e38f7ae90b50,False,1,3,3,True,2942b2819e08d00d8eb23bee9815e9c644757421e92e3c1307a45b057e264cf1,60494f0bea76eef89f0a8b74dd5235092888bbedf7781d982a527ba3528996ad,05ed12a61b9c1ea958e2cd47aba15354039220e7e24f03d370682eddb0e87cdd
vista,bsc,0x493361d6164093936c86dcb35ad03b4c0d032076,43305237,eth_getCode@fork; EIP-1967 slots@fork; beacon/diamond resolution; deployment tx,0x493361d6164093936c86dcb35ad03b4c0d032076,43305237,,,PARTIAL,True,ca2-7efff287d58605a4cc72,3,077c3743dacafe5e5629a5dcf8d5c696c822b1421b63d31bd73c61ed18cae8d9,False,1,3,3,True,2942b2819e08d00d8eb23bee9815e9c644757421e92e3c1307a45b057e264cf1,60494f0bea76eef89f0a8b74dd5235092888bbedf7781d982a527ba3528996ad,05ed12a61b9c1ea958e2cd47aba15354039220e7e24f03d370682eddb0e87cdd
aes,bsc,0xddc0cff76bcc0ee14c3e73af630c029fe020f907,23695904,eth_getCode@fork; EIP-1967 slots@fork; beacon/diamond resolution; deployment tx,0xddc0cff76bcc0ee14c3e73af630c029fe020f907,23695904,,,PARTIAL,True,ca2-d936d709679fed1fbeae,1,0bf9bd61233403c0cd2f837809ef5015c353ed2fdf80951090f71955e126a858,False,1,3,3,True,2942b2819e08d00d8eb23bee9815e9c644757421e92e3c1307a45b057e264cf1,60494f0bea76eef89f0a8b74dd5235092888bbedf7781d982a527ba3528996ad,05ed12a61b9c1ea958e2cd47aba15354039220e7e24f03d370682eddb0e87cdd
krc_token_pair,bsc,0xdbead75d3610209a093af1d46d5296bbeffd53f5,49875423,eth_getCode@fork; EIP-1967 slots@fork; beacon/diamond resolution; deployment tx,0xdbead75d3610209a093af1d46d5296bbeffd53f5,49875423,,,PARTIAL,True,ca2-30c70897da96155884e4,3,0c276f67a78fddfccaca2332049ef4bd9028c976695b08e1d0d70a07020b8881,False,1,3,3,True,2942b2819e08d00d8eb23bee9815e9c644757421e92e3c1307a45b057e264cf1,60494f0bea76eef89f0a8b74dd5235092888bbedf7781d982a527ba3528996ad,05ed12a61b9c1ea958e2cd47aba15354039220e7e24f03d370682eddb0e87cdd
mosca2,bsc,0xd8791f0c10b831b605c5d48959eb763b266940b9,45722243,eth_getCode@fork; EIP-1967 slots@fork; beacon/diamond resolution; deployment tx,0xd8791f0c10b831b605c5d48959eb763b266940b9,45722243,,,PARTIAL,True,ca2-b6847d12944e5dba551b,3,0d810d0909f4ed3d2c8abfbd405d1bf558e94d73df537bca05047016eca13889,False,1,3,3,True,2942b2819e08d00d8eb23bee9815e9c644757421e92e3c1307a45b057e264cf1,60494f0bea76eef89f0a8b74dd5235092888bbedf7781d982a527ba3528996ad,05ed12a61b9c1ea958e2cd47aba15354039220e7e24f03d370682eddb0e87cdd
mttoken,bsc,0x2f3f25046ea518d1e524b8fb6147c656d6722ced,74937079,eth_getCode@fork; EIP-1967 slots@fork; beacon/diamond resolution; deployment tx,0x2f3f25046ea518d1e524b8fb6147c656d6722ced,74937079,,,PARTIAL,True,ca2-0a80356999aee511c6c7,3,0f0054b5d99a6f12fb83389e3bb68e023cae608a097ef35c47789e701c68362d,False,1,3,3,True,2942b2819e08d00d8eb23bee9815e9c644757421e92e3c1307a45b057e264cf1,60494f0bea76eef89f0a8b74dd5235092888bbedf7781d982a527ba3528996ad,05ed12a61b9c1ea958e2cd47aba15354039220e7e24f03d370682eddb0e87cdd
bamboo,bsc,0xed56784bc8f2c036f6b0d8e04cb83c253e4a6a94,29668034,eth_getCode@fork; EIP-1967 slots@fork; beacon/diamond resolution; deployment tx,0xed56784bc8f2c036f6b0d8e04cb83c253e4a6a94,29668034,,,PARTIAL,True,ca2-3ea99bf48860cd3d90e9,1,10ef98c0e429f23fe160a3243b651e5a3f69a369f2051ba4dce8152e2432ca9d,False,1,3,3,True,2942b2819e08d00d8eb23bee9815e9c644757421e92e3c1307a45b057e264cf1,60494f0bea76eef89f0a8b74dd5235092888bbedf7781d982a527ba3528996ad,05ed12a61b9c1ea958e2cd47aba15354039220e7e24f03d370682eddb0e87cdd
xai,bsc,0x570ce7b89c67200721406525e1848bca6ff5a6f3,33503556,eth_getCode@fork; EIP-1967 slots@fork; beacon/diamond resolution; deployment tx,0x570ce7b89c67200721406525e1848bca6ff5a6f3,33503556,,,PARTIAL,True,ca2-8cfe2ca57c523f31600e,2,1128d2a567a56b6444c6e365195a9042c0f643d57110603bf521fbcb754b95a4,False,1,3,3,True,2942b2819e08d00d8eb23bee9815e9c644757421e92e3c1307a45b057e264cf1,60494f0bea76eef89f0a8b74dd5235092888bbedf7781d982a527ba3528996ad,05ed12a61b9c1ea958e2cd47aba15354039220e7e24f03d370682eddb0e87cdd
hydt,bsc,0xa2268fcc2fe7a2bb755fbe5a7b3ac346ddfedb9b,42985310,eth_getCode@fork; EIP-1967 slots@fork; beacon/diamond resolution; deployment tx,0xa2268fcc2fe7a2bb755fbe5a7b3ac346ddfedb9b,42985310,,,PARTIAL,True,ca2-196bde1bc084a841e794,3,11c22dca0a888945e360e210d47428a0ac80f376a9831b911f8cabd55931dfab,False,1,3,3,True,2942b2819e08d00d8eb23bee9815e9c644757421e92e3c1307a45b057e264cf1,60494f0bea76eef89f0a8b74dd5235092888bbedf7781d982a527ba3528996ad,05ed12a61b9c1ea958e2cd47aba15354039220e7e24f03d370682eddb0e87cdd
sheep,bsc,0x0025b42bfc22cbba6c02d23d4ec2abfcf6e014d4,25543755,eth_getCode@fork; EIP-1967 slots@fork; beacon/diamond resolution; deployment tx,0x0025b42bfc22cbba6c02d23d4ec2abfcf6e014d4,25543755,,,PARTIAL,True,ca2-91206b717060c4fd7b39,1,1220c95fa6421f656a18f26952526245d16553cc2e26111ce4895c3ecf548f86,False,1,3,3,True,2942b2819e08d00d8eb23bee9815e9c644757421e92e3c1307a45b057e264cf1,60494f0bea76eef89f0a8b74dd5235092888bbedf7781d982a527ba3528996ad,05ed12a61b9c1ea958e2cd47aba15354039220e7e24f03d370682eddb0e87cdd
98_token,bsc,0xb040d88e61ea79a1289507d56938a6ad9955349c,45462897,eth_getCode@fork; EIP-1967 slots@fork; beacon/diamond resolution; deployment tx,0xb040d88e61ea79a1289507d56938a6ad9955349c,45462897,,,PARTIAL,True,ca2-399010b287f06a594153,3,13114d57dfacf03e51e1b938278f50f9556df872a414c07d74d4422e43184a9d,False,1,3,3,True,2942b2819e08d00d8eb23bee9815e9c644757421e92e3c1307a45b057e264cf1,60494f0bea76eef89f0a8b74dd5235092888bbedf7781d982a527ba3528996ad,05ed12a61b9c1ea958e2cd47aba15354039220e7e24f03d370682eddb0e87cdd
seaman,bsc,0x6bc9b4976ba6f8c9574326375204ee469993d038,23467515,eth_getCode@fork; EIP-1967 slots@fork; beacon/diamond resolution; deployment tx,0x6bc9b4976ba6f8c9574326375204ee469993d038,23467515,,,PARTIAL,True,ca2-d3a51f08e6355a17ca20,1,13da226a695195311e5ade251ac7b5799ba4d4db9840a0155ce109cd6d75921c,False,1,3,3,True,2942b2819e08d00d8eb23bee9815e9c644757421e92e3c1307a45b057e264cf1,60494f0bea76eef89f0a8b74dd5235092888bbedf7781d982a527ba3528996ad,05ed12a61b9c1ea958e2cd47aba15354039220e7e24f03d370682eddb0e87cdd
gds,bsc,0xc1bb12560468fb255a8e8431bdf883cc4cb3d278,24449918,eth_getCode@fork; EIP-1967 slots@fork; beacon/diamond resolution; deployment tx,0xc1bb12560468fb255a8e8431bdf883cc4cb3d278,24449918,,,PARTIAL,True,ca2-21e1af0751214952c72b,1,14ed6a6f21b8ac3b91f60cbc211d05571d108f3f366f1e922094676f00f5fc86,False,1,3,3,True,2942b2819e08d00d8eb23bee9815e9c644757421e92e3c1307a45b057e264cf1,60494f0bea76eef89f0a8b74dd5235092888bbedf7781d982a527ba3528996ad,05ed12a61b9c1ea958e2cd47aba15354039220e7e24f03d370682eddb0e87cdd
roulette_pot_v2,bsc,0xf573748637e0576387289f1914627d716927f90f,45668285,eth_getCode@fork; EIP-1967 slots@fork; beacon/diamond resolution; deployment tx,0xf573748637e0576387289f1914627d716927f90f,45668285,,,PARTIAL,True,ca2-53f0c0893c96da4fd077,3,15b08d9c7d093a841f061645dac38315ad4cf72fb3949e340c95c6ada07a1fef,False,1,3,3,True,2942b2819e08d00d8eb23bee9815e9c644757421e92e3c1307a45b057e264cf1,60494f0bea76eef89f0a8b74dd5235092888bbedf7781d982a527ba3528996ad,05ed12a61b9c1ea958e2cd47aba15354039220e7e24f03d370682eddb0e87cdd
h2o,bsc,0xe9c4d4f095c7943a9ef5ec01afd1385d011855a1,47454898,eth_getCode@fork; EIP-1967 slots@fork; beacon/diamond resolution; deployment tx,0xe9c4d4f095c7943a9ef5ec01afd1385d011855a1,47454898,,,PARTIAL,True,ca2-3e63d905e3ed3178d5fb,3,17b66568b51199be7992de11706056395ba43899ad18b2321f3a04c9298001c7,False,1,3,3,True,2942b2819e08d00d8eb23bee9815e9c644757421e92e3c1307a45b057e264cf1,60494f0bea76eef89f0a8b74dd5235092888bbedf7781d982a527ba3528996ad,05ed12a61b9c1ea958e2cd47aba15354039220e7e24f03d370682eddb0e87cdd
ngfs,bsc,0xa608985f5b40cdf6862bec775207f84280a91e3a,38167372,eth_getCode@fork; EIP-1967 slots@fork; beacon/diamond resolution; deployment tx,0xa608985f5b40cdf6862bec775207f84280a91e3a,38167372,,,PARTIAL,True,ca2-b76182b1e2e51faa9428,2,17f7b8976835073f405c5e529dcbac3a92511f3f8d96560da305cb8aea0780f9,False,1,3,3,True,2942b2819e08d00d8eb23bee9815e9c644757421e92e3c1307a45b057e264cf1,60494f0bea76eef89f0a8b74dd5235092888bbedf7781d982a527ba3528996ad,05ed12a61b9c1ea958e2cd47aba15354039220e7e24f03d370682eddb0e87cdd
annex,bsc,0xe65e970f065643ba80e5822edff483a1d75263e3,23165446,eth_getCode@fork; EIP-1967 slots@fork; beacon/diamond resolution; deployment tx,0xe65e970f065643ba80e5822edff483a1d75263e3,23165446,,,PARTIAL,True,ca2-a13694fcc2f9f05dda72,0,18332e27c5a623e0add1c7a3459abe10fc847c87216a9b2bf9ed70bcddf6e23b,False,1,3,3,True,2942b2819e08d00d8eb23bee9815e9c644757421e92e3c1307a45b057e264cf1,60494f0bea76eef89f0a8b74dd5235092888bbedf7781d982a527ba3528996ad,05ed12a61b9c1ea958e2cd47aba15354039220e7e24f03d370682eddb0e87cdd
laxo_token,bsc,0x62951cad7659393bf07fbe790cf898a3b6d317cb,82730141,eth_getCode@fork; EIP-1967 slots@fork; beacon/diamond resolution; deployment tx,0x62951cad7659393bf07fbe790cf898a3b6d317cb,82730141,,,PARTIAL,True,ca2-f4a91ff1efea083dedab,3,18784f55f05ad039ed599029e22bf86a1e93ab68df48fbe8da22ca73ee942747,False,1,3,3,True,2942b2819e08d00d8eb23bee9815e9c644757421e92e3c1307a45b057e264cf1,60494f0bea76eef89f0a8b74dd5235092888bbedf7781d982a527ba3528996ad,05ed12a61b9c1ea958e2cd47aba15354039220e7e24f03d370682eddb0e87cdd
rfb,bsc,0x26f1457f067bf26881f311833391b52ca871a4b5,23649423,eth_getCode@fork; EIP-1967 slots@fork; beacon/diamond resolution; deployment tx,0x26f1457f067bf26881f311833391b52ca871a4b5,23649423,,,PARTIAL,True,ca2-cb9d62babfef067f9bc8,1,1972b6b2fd805d6d846f80ec52b8c5ace5b1931f998c3aa8109dfaeacdd92fee,False,1,3,3,True,2942b2819e08d00d8eb23bee9815e9c644757421e92e3c1307a45b057e264cf1,60494f0bea76eef89f0a8b74dd5235092888bbedf7781d982a527ba3528996ad,05ed12a61b9c1ea958e2cd47aba15354039220e7e24f03d370682eddb0e87cdd
bevo,bsc,0xc6cb12df4520b7bf83f64c79c585b8462e18b6aa,25230702,eth_getCode@fork; EIP-1967 slots@fork; beacon/diamond resolution; deployment tx,0xc6cb12df4520b7bf83f64c79c585b8462e18b6aa,25230702,,,PARTIAL,True,ca2-b9cedafde58efbfc26fe,1,19aa1b7eaaa223275c528799f3e3a6ba1d4a83dd073f1ec0967293a26ad9e25e,False,1,3,3,True,2942b2819e08d00d8eb23bee9815e9c644757421e92e3c1307a45b057e264cf1,60494f0bea76eef89f0a8b74dd5235092888bbedf7781d982a527ba3528996ad,05ed12a61b9c1ea958e2cd47aba15354039220e7e24f03d370682eddb0e87cdd
venus_the,bsc,0x86e06eafa6a1ea631eab51de500e3d474933739f,86731940,eth_getCode@fork; EIP-1967 slots@fork; beacon/diamond resolution; deployment tx,0x86e06eafa6a1ea631eab51de500e3d474933739f,86731940,,,PARTIAL,True,ca2-b742b64a4c493234640e,3,19aa43cc05e7fb8a5008b6deb3d8774cf5a2e072aaea2a188ed5ea4281c897cf,False,1,3,3,True,2942b2819e08d00d8eb23bee9815e9c644757421e92e3c1307a45b057e264cf1,60494f0bea76eef89f0a8b74dd5235092888bbedf7781d982a527ba3528996ad,05ed12a61b9c1ea958e2cd47aba15354039220e7e24f03d370682eddb0e87cdd
fapen,bsc,0xf3f1abae8bfeca054b330c379794a7bf84988228,28637846,eth_getCode@fork; EIP-1967 slots@fork; beacon/diamond resolution; deployment tx,0xf3f1abae8bfeca054b330c379794a7bf84988228,28637846,,,PARTIAL,True,ca2-2204bc187116e38ab9eb,1,1a465f423542628afa71db06e43cdc5a51cf9d665eb4fd5057f8059621108b71,False,1,3,3,True,2942b2819e08d00d8eb23bee9815e9c644757421e92e3c1307a45b057e264cf1,60494f0bea76eef89f0a8b74dd5235092888bbedf7781d982a527ba3528996ad,05ed12a61b9c1ea958e2cd47aba15354039220e7e24f03d370682eddb0e87cdd
ulme,bsc,0xae975a25646e6eb859615d0a147b909c13d31fed,22476695,eth_getCode@fork; EIP-1967 slots@fork; beacon/diamond resolution; deployment tx,0xae975a25646e6eb859615d0a147b909c13d31fed,22476695,,,PARTIAL,True,ca2-aa385c0e97d08a3f6364,0,1af32488ca1679bf7708c791c61473e138481306a9e634f268069a77b073fcca,False,1,3,3,True,2942b2819e08d00d8eb23bee9815e9c644757421e92e3c1307a45b057e264cf1,60494f0bea76eef89f0a8b74dd5235092888bbedf7781d982a527ba3528996ad,05ed12a61b9c1ea958e2cd47aba15354039220e7e24f03d370682eddb0e87cdd
bgld,bsc,0xe445654f3797c5ee36406dbe88fbaa0dfbddb2bb,23844529,eth_getCode@fork; EIP-1967 slots@fork; beacon/diamond resolution; deployment tx,0xe445654f3797c5ee36406dbe88fbaa0dfbddb2bb,23844529,,,PARTIAL,True,ca2-d0b1ccc1d33cfcce8cbb,1,1c6a45f0ca7064cee98400e8421cd2311c19c91e7f2a1d6c7596eaecb95be290,False,1,3,3,True,2942b2819e08d00d8eb23bee9815e9c644757421e92e3c1307a45b057e264cf1,60494f0bea76eef89f0a8b74dd5235092888bbedf7781d982a527ba3528996ad,05ed12a61b9c1ea958e2cd47aba15354039220e7e24f03d370682eddb0e87cdd
est,bsc,0xd4524be41cd452576ab9ff7b68a0b89af8498a91,89060336,eth_getCode@fork; EIP-1967 slots@fork; beacon/diamond resolution; deployment tx,0xd4524be41cd452576ab9ff7b68a0b89af8498a91,89060336,,,PARTIAL,True,ca2-6829820c6abb9fe3a566,3,1d448ee7c0c10eda39ee60f56568d4b5b387b38cc8cf4e3e112bbb86a96766c1,False,1,3,3,True,2942b2819e08d00d8eb23bee9815e9c644757421e92e3c1307a45b057e264cf1,60494f0bea76eef89f0a8b74dd5235092888bbedf7781d982a527ba3528996ad,05ed12a61b9c1ea958e2cd47aba15354039220e7e24f03d370682eddb0e87cdd
gss,bsc,0x37e42b961ae37883bac2fc29207a5f88efa5db66,31108558,eth_getCode@fork; EIP-1967 slots@fork; beacon/diamond resolution; deployment tx,0x37e42b961ae37883bac2fc29207a5f88efa5db66,31108558,,,PARTIAL,True,ca2-0b66d50e994cba1798e2,2,1e0b82db9bb743ec7ad4cfc658dc1264a53032e330e0d1918e99cfdd1eccf87d,False,1,3,3,True,2942b2819e08d00d8eb23bee9815e9c644757421e92e3c1307a45b057e264cf1,60494f0bea76eef89f0a8b74dd5235092888bbedf7781d982a527ba3528996ad,05ed12a61b9c1ea958e2cd47aba15354039220e7e24f03d370682eddb0e87cdd
spartan,bsc,0x3de669c4f1f167a8afbc9993e4753b84b576426f,7048832,eth_getCode@fork; EIP-1967 slots@fork; beacon/diamond resolution; deployment tx,0x3de669c4f1f167a8afbc9993e4753b84b576426f,7048832,,,PARTIAL,True,ca2-f655d6375b3979edab38,0,1e5802b5c7e4e8fa8ce56c873e1423f1afb2dcff1d151f88c576b8793656dca2,False,1,3,3,True,2942b2819e08d00d8eb23bee9815e9c644757421e92e3c1307a45b057e264cf1,60494f0bea76eef89f0a8b74dd5235092888bbedf7781d982a527ba3528996ad,05ed12a61b9c1ea958e2cd47aba15354039220e7e24f03d370682eddb0e87cdd
xsurge,bsc,0xe1e1aa58983f6b8ee8e4ecd206cea6578f036c21,10087723,eth_getCode@fork; EIP-1967 slots@fork; beacon/diamond resolution; deployment tx,0xe1e1aa58983f6b8ee8e4ecd206cea6578f036c21,10087723,,,PARTIAL,True,ca2-f4c153bbeb9c3fff7e54,0,1f392bcc5c84285f94ebb81ac78874c205c729fa9a0d687193a2aeda2818e838,False,1,3,3,True,2942b2819e08d00d8eb23bee9815e9c644757421e92e3c1307a45b057e264cf1,60494f0bea76eef89f0a8b74dd5235092888bbedf7781d982a527ba3528996ad,05ed12a61b9c1ea958e2cd47aba15354039220e7e24f03d370682eddb0e87cdd
fpc,bsc,0xb192d4a737430aa61cea4ce9bfb6432f7d42592f,52624700,eth_getCode@fork; EIP-1967 slots@fork; beacon/diamond resolution; deployment tx,0xb192d4a737430aa61cea4ce9bfb6432f7d42592f,52624700,,,PARTIAL,True,ca2-8a1aed9c839187cc890c,3,20b94cca2e75fd7033ce0d1326fdb1e9472706b59140221721c1986d59ceb1e1,False,1,3,3,True,2942b2819e08d00d8eb23bee9815e9c644757421e92e3c1307a45b057e264cf1,60494f0bea76eef89f0a8b74dd5235092888bbedf7781d982a527ba3528996ad,05ed12a61b9c1ea958e2cd47aba15354039220e7e24f03d370682eddb0e87cdd
openleverage2,bsc,0xf436f8fe7b26d87eb74e5446acec2e8ad4075e47,37470328,eth_getCode@fork; EIP-1967 slots@fork; beacon/diamond resolution; deployment tx,0xf436f8fe7b26d87eb74e5446acec2e8ad4075e47,37470328,,,PARTIAL,True,ca2-35c4477f5ae385f13b96,2,218cbe9e0e769c5d4c643f19874bde33957ad1a897e5e63f19ad4c5d3efb283e,False,1,3,3,True,2942b2819e08d00d8eb23bee9815e9c644757421e92e3c1307a45b057e264cf1,60494f0bea76eef89f0a8b74dd5235092888bbedf7781d982a527ba3528996ad,05ed12a61b9c1ea958e2cd47aba15354039220e7e24f03d370682eddb0e87cdd
lw2,bsc,0xabc6e5a63689b8542dbdc4b4f39a7e00d4ac30c8,40287544,eth_getCode@fork; EIP-1967 slots@fork; beacon/diamond resolution; deployment tx,0xabc6e5a63689b8542dbdc4b4f39a7e00d4ac30c8,40287544,,,PARTIAL,True,ca2-c68ae49271ecb40a17be,3,246ed248f53c3cfa009074cf12141fa1630bdadf078f3aac41a1f402f423f930,False,1,3,3,True,2942b2819e08d00d8eb23bee9815e9c644757421e92e3c1307a45b057e264cf1,60494f0bea76eef89f0a8b74dd5235092888bbedf7781d982a527ba3528996ad,05ed12a61b9c1ea958e2cd47aba15354039220e7e24f03d370682eddb0e87cdd
moocakectx,bsc,0x489afbaed0ea796712c9a6d366c16ca3876d8184,22832427,eth_getCode@fork; EIP-1967 slots@fork; beacon/diamond resolution; deployment tx,0x489afbaed0ea796712c9a6d366c16ca3876d8184,22832427,,,PARTIAL,True,ca2-8eea98fa7851e4eaf7d3,0,25275c8ca5eb6f1f779f788dbdeb19575477ce0eba6fe6d2ffc68218f3d78e96,False,1,3,3,True,2942b2819e08d00d8eb23bee9815e9c644757421e92e3c1307a45b057e264cf1,60494f0bea76eef89f0a8b74dd5235092888bbedf7781d982a527ba3528996ad,05ed12a61b9c1ea958e2cd47aba15354039220e7e24f03d370682eddb0e87cdd
paraluni,bsc,0x633fa755a83b015cccdc451f82c57ea0bd32b4b4,16008280,eth_getCode@fork; EIP-1967 slots@fork; beacon/diamond resolution; deployment tx,0x633fa755a83b015cccdc451f82c57ea0bd32b4b4,16008280,,,PARTIAL,True,ca2-ac986ab36ff83135b05f,0,25f79207e4a5f1b7658701b42b424a3e57dfa880ee18344a3e3ba07fa9b771f2,False,1,3,3,True,2942b2819e08d00d8eb23bee9815e9c644757421e92e3c1307a45b057e264cf1,60494f0bea76eef89f0a8b74dd5235092888bbedf7781d982a527ba3528996ad,05ed12a61b9c1ea958e2cd47aba15354039220e7e24f03d370682eddb0e87cdd
satx,bsc,0xfd80a436da2f4f4c42a5dbfa397064cfeb7d9508,37914433,eth_getCode@fork; EIP-1967 slots@fork; beacon/diamond resolution; deployment tx,0xfd80a436da2f4f4c42a5dbfa397064cfeb7d9508,37914433,,,PARTIAL,True,ca2-170efb900eb90211eaa2,2,2984782dcd039906975f94272fee8ce2973d0fba4671eb77bcf5a8f77f3f418d,False,1,3,3,True,2942b2819e08d00d8eb23bee9815e9c644757421e92e3c1307a45b057e264cf1,60494f0bea76eef89f0a8b74dd5235092888bbedf7781d982a527ba3528996ad,05ed12a61b9c1ea958e2cd47aba15354039220e7e24f03d370682eddb0e87cdd
ethfin,bsc,0x17bd2e09fa4585c15749f40bb32a6e3db58522ba,37400484,eth_getCode@fork; EIP-1967 slots@fork; beacon/diamond resolution; deployment tx,0x17bd2e09fa4585c15749f40bb32a6e3db58522ba,37400484,,,PARTIAL,True,ca2-9b437de06c56cc873e8a,2,2c2d2e07a5d89a72b82c12d06aeda718e7c07f4f50f54b733ea77e6a3b8890df,False,1,3,3,True,2942b2819e08d00d8eb23bee9815e9c644757421e92e3c1307a45b057e264cf1,60494f0bea76eef89f0a8b74dd5235092888bbedf7781d982a527ba3528996ad,05ed12a61b9c1ea958e2cd47aba15354039220e7e24f03d370682eddb0e87cdd
dyna,bsc,0xa7b5eabc3ee82c585f5f4ccc26b81c3bd62ff3a9,25879486,eth_getCode@fork; EIP-1967 slots@fork; beacon/diamond resolution; deployment tx,0xa7b5eabc3ee82c585f5f4ccc26b81c3bd62ff3a9,25879486,,,PARTIAL,True,ca2-d5206e281e59cc007b02,1,311bcdb300572221b95ebb21de7d9c695b5c5ea4df65f3cef02358c46e4e0c2f,False,1,3,3,True,2942b2819e08d00d8eb23bee9815e9c644757421e92e3c1307a45b057e264cf1,60494f0bea76eef89f0a8b74dd5235092888bbedf7781d982a527ba3528996ad,05ed12a61b9c1ea958e2cd47aba15354039220e7e24f03d370682eddb0e87cdd
dyson_money,bsc,0x2b9bda587ee04fe51c5431709afbafb295f94bb4,39684702,eth_getCode@fork; EIP-1967 slots@fork; beacon/diamond resolution; deployment tx,0x2b9bda587ee04fe51c5431709afbafb295f94bb4,39684702,,,PARTIAL,True,ca2-5e2d8f30a0d9b1dc548d,3,31df800aa8760a0da2fa8548c2be8c6f9dfa81ce614aa466d354b3830a7ceffd,False,1,3,3,True,2942b2819e08d00d8eb23bee9815e9c644757421e92e3c1307a45b057e264cf1,60494f0bea76eef89f0a8b74dd5235092888bbedf7781d982a527ba3528996ad,05ed12a61b9c1ea958e2cd47aba15354039220e7e24f03d370682eddb0e87cdd
gpu,bsc,0xf51cbf9f8e089ca48e454eb79731037a405972ce,38539572,eth_getCode@fork; EIP-1967 slots@fork; beacon/diamond resolution; deployment tx,0xf51cbf9f8e089ca48e454eb79731037a405972ce,38539572,,,PARTIAL,True,ca2-197017d8b5918b4ce2c0,2,343ff958494845865d6e694c64833cfe7223b77178a1f20cb65f5aa736e0bbd1,False,1,3,3,True,2942b2819e08d00d8eb23bee9815e9c644757421e92e3c1307a45b057e264cf1,60494f0bea76eef89f0a8b74dd5235092888bbedf7781d982a527ba3528996ad,05ed12a61b9c1ea958e2cd47aba15354039220e7e24f03d370682eddb0e87cdd
lw,bsc,0x7b8c378df8650373d82ceb1085a18fe34031784f,28133285,eth_getCode@fork; EIP-1967 slots@fork; beacon/diamond resolution; deployment tx,0x7b8c378df8650373d82ceb1085a18fe34031784f,28133285,,,PARTIAL,True,ca2-e54f2002a25549da55ac,1,34e2a3df0d4dde9bf83886ed35e35058c6ae6c8d8a023091a9f60780c5888628,False,1,3,3,True,2942b2819e08d00d8eb23bee9815e9c644757421e92e3c1307a45b057e264cf1,60494f0bea76eef89f0a8b74dd5235092888bbedf7781d982a527ba3528996ad,05ed12a61b9c1ea958e2cd47aba15354039220e7e24f03d370682eddb0e87cdd
liquiditytokens,bsc,0x028c911c10c9e346158206991e02d09bd0a8a35b,39198657,eth_getCode@fork; EIP-1967 slots@fork; beacon/diamond resolution; deployment tx,0x028c911c10c9e346158206991e02d09bd0a8a35b,39198657,,,PARTIAL,True,ca2-33876c68131f30cf0f4a,3,34e9b1022322890b48c26d97ab2a471ab4dde4bd68b7f6eeb4b3d34181b79a02,False,1,3,3,True,2942b2819e08d00d8eb23bee9815e9c644757421e92e3c1307a45b057e264cf1,60494f0bea76eef89f0a8b74dd5235092888bbedf7781d982a527ba3528996ad,05ed12a61b9c1ea958e2cd47aba15354039220e7e24f03d370682eddb0e87cdd
nervebridge,bsc,0xd0fbf0a224563d5ffc8a57e4fda6ae080ebcf3d3,12653565,eth_getCode@fork; EIP-1967 slots@fork; beacon/diamond resolution; deployment tx,0xd0fbf0a224563d5ffc8a57e4fda6ae080ebcf3d3,12653565,,,PARTIAL,True,ca2-4146cf0ae387533d1340,0,3611b97277adaef5f105ff3faacc022f6fd85b819bae70b715a69e0aba5320db,False,1,3,3,True,2942b2819e08d00d8eb23bee9815e9c644757421e92e3c1307a45b057e264cf1,60494f0bea76eef89f0a8b74dd5235092888bbedf7781d982a527ba3528996ad,05ed12a61b9c1ea958e2cd47aba15354039220e7e24f03d370682eddb0e87cdd
aizpttoken,bsc,0xbe779d420b7d573c08eee226b9958737b6218888,42846997,eth_getCode@fork; EIP-1967 slots@fork; beacon/diamond resolution; deployment tx,0xbe779d420b7d573c08eee226b9958737b6218888,42846997,,,PARTIAL,True,ca2-9ccf44443a293b02fdd3,3,3625852c502aebbd5150a6efd2a10ee472490efbffbb7146d225807b4949f76c,False,1,3,3,True,2942b2819e08d00d8eb23bee9815e9c644757421e92e3c1307a45b057e264cf1,60494f0bea76eef89f0a8b74dd5235092888bbedf7781d982a527ba3528996ad,05ed12a61b9c1ea958e2cd47aba15354039220e7e24f03d370682eddb0e87cdd
steamswap,bsc,0xb7d0a1adafa3e9e8d8e244c20b6277bee17a09b6,39381373,eth_getCode@fork; EIP-1967 slots@fork; beacon/diamond resolution; deployment tx,0xb7d0a1adafa3e9e8d8e244c20b6277bee17a09b6,39381373,,,PARTIAL,True,ca2-30fa2f4b25bbff890f55,3,37112d3c76f098ff24a789889afe06f57550bb429cc177b5c80769780b2c6c63,False,1,3,3,True,2942b2819e08d00d8eb23bee9815e9c644757421e92e3c1307a45b057e264cf1,60494f0bea76eef89f0a8b74dd5235092888bbedf7781d982a527ba3528996ad,05ed12a61b9c1ea958e2cd47aba15354039220e7e24f03d370682eddb0e87cdd
atk,bsc,0x9cb928bf50ed220ac8f703bce35be5ce7f56c99c,22102838,eth_getCode@fork; EIP-1967 slots@fork; beacon/diamond resolution; deployment tx,0x9cb928bf50ed220ac8f703bce35be5ce7f56c99c,22102838,,,PARTIAL,True,ca2-8f02fa85c8202388bdf3,0,37db3818f586318239da1cc8d51bb57ed212e19276d4f3ef0173fc0090a1ca51,False,1,3,3,True,2942b2819e08d00d8eb23bee9815e9c644757421e92e3c1307a45b057e264cf1,60494f0bea76eef89f0a8b74dd5235092888bbedf7781d982a527ba3528996ad,05ed12a61b9c1ea958e2cd47aba15354039220e7e24f03d370682eddb0e87cdd
sbt,bsc,0x2b45dd1d909c01aad96fa6b67108d691b432f351,40378159,eth_getCode@fork; EIP-1967 slots@fork; beacon/diamond resolution; deployment tx,0x2b45dd1d909c01aad96fa6b67108d691b432f351,40378159,,,PARTIAL,True,ca2-92eeb1ebc356ab25288f,3,388921805a3a3def0481ecc4c9cb11e81187fe6db2daa2349d3268fa19aa13c0,False,1,3,3,True,2942b2819e08d00d8eb23bee9815e9c644757421e92e3c1307a45b057e264cf1,60494f0bea76eef89f0a8b74dd5235092888bbedf7781d982a527ba3528996ad,05ed12a61b9c1ea958e2cd47aba15354039220e7e24f03d370682eddb0e87cdd
novo,bsc,0x6fb2020c236bbd5a7ddeb07e14c9298642253333,18225002,eth_getCode@fork; EIP-1967 slots@fork; beacon/diamond resolution; deployment tx,0x6fb2020c236bbd5a7ddeb07e14c9298642253333,18225002,,,PARTIAL,True,ca2-441ed1a86d9edadc1707,0,39af69a22c05c9437ebe30b9dd8843e11814061f1f1d86b9106ac4ba4891f313,False,1,3,3,True,2942b2819e08d00d8eb23bee9815e9c644757421e92e3c1307a45b057e264cf1,60494f0bea76eef89f0a8b74dd5235092888bbedf7781d982a527ba3528996ad,05ed12a61b9c1ea958e2cd47aba15354039220e7e24f03d370682eddb0e87cdd
axioma,bsc,0x2c25aee99ed08a61e7407a5674bc2d1a72b5d8e3,27620320,eth_getCode@fork; EIP-1967 slots@fork; beacon/diamond resolution; deployment tx,0x2c25aee99ed08a61e7407a5674bc2d1a72b5d8e3,27620320,,,PARTIAL,True,ca2-31fe70569e5c85e1450b,1,39cb5ba6237cdf0332a2ffd8abe3bd621a3cf82674468dc427eb2110e8e375aa,False,1,3,3,True,2942b2819e08d00d8eb23bee9815e9c644757421e92e3c1307a45b057e264cf1,60494f0bea76eef89f0a8b74dd5235092888bbedf7781d982a527ba3528996ad,05ed12a61b9c1ea958e2cd47aba15354039220e7e24f03d370682eddb0e87cdd
will,bsc,0x566777ed780dbbe17c130ae97b9fbc0a3ab829df,39979796,eth_getCode@fork; EIP-1967 slots@fork; beacon/diamond resolution; deployment tx,0x566777ed780dbbe17c130ae97b9fbc0a3ab829df,39979796,,,PARTIAL,True,ca2-94a8114b86699da44092,3,39eb238e005bb07c69deb49ed23ae2f82fa2b323662b07b476c25c617f71e867,False,1,3,3,True,2942b2819e08d00d8eb23bee9815e9c644757421e92e3c1307a45b057e264cf1,60494f0bea76eef89f0a8b74dd5235092888bbedf7781d982a527ba3528996ad,05ed12a61b9c1ea958e2cd47aba15354039220e7e24f03d370682eddb0e87cdd
fil314,bsc,0xe8a290c6fc6fa6c0b79c9cfae1878d195aeb59af,37795991,eth_getCode@fork; EIP-1967 slots@fork; beacon/diamond resolution; deployment tx,0xe8a290c6fc6fa6c0b79c9cfae1878d195aeb59af,37795991,,,PARTIAL,True,ca2-bef5f7af9a50d2f1687c,2,3a50b16d9830251d79407ef727a8716f4bd084969f97ffb6d86f72db098affbb,False,1,3,3,True,2942b2819e08d00d8eb23bee9815e9c644757421e92e3c1307a45b057e264cf1,60494f0bea76eef89f0a8b74dd5235092888bbedf7781d982a527ba3528996ad,05ed12a61b9c1ea958e2cd47aba15354039220e7e24f03d370682eddb0e87cdd
lpc,bsc,0x1e813fa05739bf145c1f182cb950da7af046778d,19852596,eth_getCode@fork; EIP-1967 slots@fork; beacon/diamond resolution; deployment tx,0x1e813fa05739bf145c1f182cb950da7af046778d,19852596,,,PARTIAL,True,ca2-14f7f1899d2468d3cabf,0,3aa5a037eccb9d08035d539e5a9140cf3e0aa5b682bf87db322e119ff96f1589,False,1,3,3,True,2942b2819e08d00d8eb23bee9815e9c644757421e92e3c1307a45b057e264cf1,60494f0bea76eef89f0a8b74dd5235092888bbedf7781d982a527ba3528996ad,05ed12a61b9c1ea958e2cd47aba15354039220e7e24f03d370682eddb0e87cdd
bego,bsc,0xc342774492b54ce5f8ac662113ed702fc1b34972,22315679,eth_getCode@fork; EIP-1967 slots@fork; beacon/diamond resolution; deployment tx,0xc342774492b54ce5f8ac662113ed702fc1b34972,22315679,,,PARTIAL,True,ca2-8ad0e7849cd27bf47eab,0,3cb70584e7cd4f58a7a83ecaea6b2213553465529919ad3dec5186c4c97877b7,False,1,3,3,True,2942b2819e08d00d8eb23bee9815e9c644757421e92e3c1307a45b057e264cf1,60494f0bea76eef89f0a8b74dd5235092888bbedf7781d982a527ba3528996ad,05ed12a61b9c1ea958e2cd47aba15354039220e7e24f03d370682eddb0e87cdd
level,bsc,0x977087422c008233615b572fbc3f209ed300063a,27830139,eth_getCode@fork; EIP-1967 slots@fork; beacon/diamond resolution; deployment tx,0x977087422c008233615b572fbc3f209ed300063a,27830139,,,PARTIAL,True,ca2-001b14467ef9b84b416a,1,3d902c9541a5855bb863110c32413d6d6ee2dde18e141025582f3cf002353d0d,False,1,3,3,True,2942b2819e08d00d8eb23bee9815e9c644757421e92e3c1307a45b057e264cf1,60494f0bea76eef89f0a8b74dd5235092888bbedf7781d982a527ba3528996ad,05ed12a61b9c1ea958e2cd47aba15354039220e7e24f03d370682eddb0e87cdd
pltd,bsc,0x29b2525e11bc0b0e9e59f705f318601ea6756645,22252045,eth_getCode@fork; EIP-1967 slots@fork; beacon/diamond resolution; deployment tx,0x29b2525e11bc0b0e9e59f705f318601ea6756645,22252045,,,PARTIAL,True,ca2-8cf05be564db7065817c,0,423300e2bdc4ffda95464967f77a7fb9afd3e046297089dc558193414dd6f9dd,False,1,3,3,True,2942b2819e08d00d8eb23bee9815e9c644757421e92e3c1307a45b057e264cf1,60494f0bea76eef89f0a8b74dd5235092888bbedf7781d982a527ba3528996ad,05ed12a61b9c1ea958e2cd47aba15354039220e7e24f03d370682eddb0e87cdd
bob,bsc,0x700ee24c350739e323dcf6a50ae3e7a3329c86ae,34428627,eth_getCode@fork; EIP-1967 slots@fork; beacon/diamond resolution; deployment tx,0x700ee24c350739e323dcf6a50ae3e7a3329c86ae,34428627,,,PARTIAL,True,ca2-0119280f82385cf56670,2,4259ab18c86b2f19c66013a51b5e98c3dae88fa1f8a018ea60ef626ac4fcdc6f,False,1,3,3,True,2942b2819e08d00d8eb23bee9815e9c644757421e92e3c1307a45b057e264cf1,60494f0bea76eef89f0a8b74dd5235092888bbedf7781d982a527ba3528996ad,05ed12a61b9c1ea958e2cd47aba15354039220e7e24f03d370682eddb0e87cdd
w_key_dao,bsc,0xd511096a73292a7419a94354d4c1c73e8a3cd851,47469059,eth_getCode@fork; EIP-1967 slots@fork; beacon/diamond resolution; deployment tx,0xd511096a73292a7419a94354d4c1c73e8a3cd851,47469059,,,PARTIAL,True,ca2-f359ea85ce584fc54da1,3,44288143ed96118cbc33fb55477767e73dcf2d2e0dd15eadc04019c46b595ac9,False,1,3,3,True,2942b2819e08d00d8eb23bee9815e9c644757421e92e3c1307a45b057e264cf1,60494f0bea76eef89f0a8b74dd5235092888bbedf7781d982a527ba3528996ad,05ed12a61b9c1ea958e2cd47aba15354039220e7e24f03d370682eddb0e87cdd
xwin,bsc,0x1bf7fe7568211ecff68b6bc7ccad31ecd8fe8092,8589725,eth_getCode@fork; EIP-1967 slots@fork; beacon/diamond resolution; deployment tx,0x1bf7fe7568211ecff68b6bc7ccad31ecd8fe8092,8589725,,,PARTIAL,True,ca2-42dc2e766a267767f0d8,0,450625b85ca64ea66cd36dac36f0fbb8024eed5d287b7ad22e2de1d02f8b0fd6,False,1,3,3,True,2942b2819e08d00d8eb23bee9815e9c644757421e92e3c1307a45b057e264cf1,60494f0bea76eef89f0a8b74dd5235092888bbedf7781d982a527ba3528996ad,05ed12a61b9c1ea958e2cd47aba15354039220e7e24f03d370682eddb0e87cdd
ufdao,bsc,0xf887a2dac0dd432997c970bce597a94ead4a8c25,24705058,eth_getCode@fork; EIP-1967 slots@fork; beacon/diamond resolution; deployment tx,0xf887a2dac0dd432997c970bce597a94ead4a8c25,24705058,,,PARTIAL,True,ca2-9ab8788d5d7ac2a3947b,1,454b9c45ef6ffa652e6956903ebef150f1d63909d4d6a57b2700a74dcca6d33e,False,1,3,3,True,2942b2819e08d00d8eb23bee9815e9c644757421e92e3c1307a45b057e264cf1,60494f0bea76eef89f0a8b74dd5235092888bbedf7781d982a527ba3528996ad,05ed12a61b9c1ea958e2cd47aba15354039220e7e24f03d370682eddb0e87cdd
safemoon,bsc,0x42981d0bfbaf196529376ee702f2a9eb9092fcb5,26854757,eth_getCode@fork; EIP-1967 slots@fork; beacon/diamond resolution; deployment tx,0x42981d0bfbaf196529376ee702f2a9eb9092fcb5,26854757,,,PARTIAL,True,ca2-6e83ea5ad89c085e5f5b,1,479abe1474a1d4ef46e0386294a2c10c8884ce973060c8a795cb4fd583efa78d,False,1,3,3,True,2942b2819e08d00d8eb23bee9815e9c644757421e92e3c1307a45b057e264cf1,60494f0bea76eef89f0a8b74dd5235092888bbedf7781d982a527ba3528996ad,05ed12a61b9c1ea958e2cd47aba15354039220e7e24f03d370682eddb0e87cdd
shido,bsc,0xaf0ca21363219c8f3d8050e7b61bb5f04e02f8d4,29365171,eth_getCode@fork; EIP-1967 slots@fork; beacon/diamond resolution; deployment tx,0xaf0ca21363219c8f3d8050e7b61bb5f04e02f8d4,29365171,,,PARTIAL,True,ca2-998d669aa57d9c873e3e,1,4811e2da47aeee099a3f8f8cdb2ffeb461ae01b4ff21ed3e1da7a791f8ce74e9,False,1,3,3,True,2942b2819e08d00d8eb23bee9815e9c644757421e92e3c1307a45b057e264cf1,60494f0bea76eef89f0a8b74dd5235092888bbedf7781d982a527ba3528996ad,05ed12a61b9c1ea958e2cd47aba15354039220e7e24f03d370682eddb0e87cdd
ydt_token,bsc,0x3612e4cb34617bcac849add27366d8d85c102efd,50273545,eth_getCode@fork; EIP-1967 slots@fork; beacon/diamond resolution; deployment tx,0x3612e4cb34617bcac849add27366d8d85c102efd,50273545,,,PARTIAL,True,ca2-8025fde6af4409634631,3,482542beb11675f59fe28f8d7d74dadae5f9dee6785138de7eab2f3711ae2b0a,False,1,3,3,True,2942b2819e08d00d8eb23bee9815e9c644757421e92e3c1307a45b057e264cf1,60494f0bea76eef89f0a8b74dd5235092888bbedf7781d982a527ba3528996ad,05ed12a61b9c1ea958e2cd47aba15354039220e7e24f03d370682eddb0e87cdd
bbx_token,bsc,0x67ca347e7b9387af4e81c36cca4eaf080dcb33e9,47626456,eth_getCode@fork; EIP-1967 slots@fork; beacon/diamond resolution; deployment tx,0x67ca347e7b9387af4e81c36cca4eaf080dcb33e9,47626456,,,PARTIAL,True,ca2-10778b0afde298700715,3,49b9b9d4b71818f9ba85c44703e2f958a9e9db9fd642dba4a76a4136291afcbf,False,1,3,3,True,2942b2819e08d00d8eb23bee9815e9c644757421e92e3c1307a45b057e264cf1,60494f0bea76eef89f0a8b74dd5235092888bbedf7781d982a527ba3528996ad,05ed12a61b9c1ea958e2cd47aba15354039220e7e24f03d370682eddb0e87cdd
xsij,bsc,0x31bfa137c76561ef848c2af9ca301b60451caac0,35702095,eth_getCode@fork; EIP-1967 slots@fork; beacon/diamond resolution; deployment tx,0x31bfa137c76561ef848c2af9ca301b60451caac0,35702095,,,PARTIAL,True,ca2-5616b56d8b8cbc0a3ebe,2,4a733d2ca7958e573338275d35883473b3feb10eb82901b67a4b34518ba1e1e7,False,1,3,3,True,2942b2819e08d00d8eb23bee9815e9c644757421e92e3c1307a45b057e264cf1,60494f0bea76eef89f0a8b74dd5235092888bbedf7781d982a527ba3528996ad,05ed12a61b9c1ea958e2cd47aba15354039220e7e24f03d370682eddb0e87cdd
melo,bsc,0x9a1aef8c9ada4224ad774afdac07c24955c92a54,27960445,eth_getCode@fork; EIP-1967 slots@fork; beacon/diamond resolution; deployment tx,0x9a1aef8c9ada4224ad774afdac07c24955c92a54,27960445,,,PARTIAL,True,ca2-bdda6e92a5771cd2e1b7,1,4dccb74655d4de9ed3f8aab5b066068a5b306552a3abce83dd2cf987880038f1,False,1,3,3,True,2942b2819e08d00d8eb23bee9815e9c644757421e92e3c1307a45b057e264cf1,60494f0bea76eef89f0a8b74dd5235092888bbedf7781d982a527ba3528996ad,05ed12a61b9c1ea958e2cd47aba15354039220e7e24f03d370682eddb0e87cdd
incufi,bsc,0x80df77b2ae5828ff499a735ee823d6cd7cf95f5a,39729927,eth_getCode@fork; EIP-1967 slots@fork; beacon/diamond resolution; deployment tx,0x80df77b2ae5828ff499a735ee823d6cd7cf95f5a,39729927,,,PARTIAL,True,ca2-42413804b9b826875275,3,4e6e2916f6fe328c5378d7b342aab3b18e8f9d3eba638d4cb142f9ff603288a1,False,1,3,3,True,2942b2819e08d00d8eb23bee9815e9c644757421e92e3c1307a45b057e264cf1,60494f0bea76eef89f0a8b74dd5235092888bbedf7781d982a527ba3528996ad,05ed12a61b9c1ea958e2cd47aba15354039220e7e24f03d370682eddb0e87cdd
irys_ai,bsc,0x746727fc8212ed49510a2cb81ab0486ee6954444,49994891,eth_getCode@fork; EIP-1967 slots@fork; beacon/diamond resolution; deployment tx,0x746727fc8212ed49510a2cb81ab0486ee6954444,49994891,,,PARTIAL,True,ca2-f1d9fe96345245fcc08f,3,4ed910b09a1ab4c4044a49f2164a399ed71068e2e9b9dfdd4c390da67e569533,False,1,3,3,True,2942b2819e08d00d8eb23bee9815e9c644757421e92e3c1307a45b057e264cf1,60494f0bea76eef89f0a8b74dd5235092888bbedf7781d982a527ba3528996ad,05ed12a61b9c1ea958e2cd47aba15354039220e7e24f03d370682eddb0e87cdd
mrp,bsc,0x35f5cef517317694df8c50c894080caa8c92af7d,40122169,eth_getCode@fork; EIP-1967 slots@fork; beacon/diamond resolution; deployment tx,0x35f5cef517317694df8c50c894080caa8c92af7d,40122169,,,PARTIAL,True,ca2-17240c1cdca17b758810,3,4f56dad5516bd199fc7d010ecd16c5c693c554e37f4fdd526729f9652cc5bdb5,False,1,3,3,True,2942b2819e08d00d8eb23bee9815e9c644757421e92e3c1307a45b057e264cf1,60494f0bea76eef89f0a8b74dd5235092888bbedf7781d982a527ba3528996ad,05ed12a61b9c1ea958e2cd47aba15354039220e7e24f03d370682eddb0e87cdd
apedao,bsc,0xb47955b5b7eaf49c815ebc389850eb576c460092,30072293,eth_getCode@fork; EIP-1967 slots@fork; beacon/diamond resolution; deployment tx,0xb47955b5b7eaf49c815ebc389850eb576c460092,30072293,,,PARTIAL,True,ca2-7e2e4e06ad319c9c87c0,1,50e64b51f9a94648b85db66c4223104e80d4d4a5304e75b0a0503297e58e6194,False,1,3,3,True,2942b2819e08d00d8eb23bee9815e9c644757421e92e3c1307a45b057e264cf1,60494f0bea76eef89f0a8b74dd5235092888bbedf7781d982a527ba3528996ad,05ed12a61b9c1ea958e2cd47aba15354039220e7e24f03d370682eddb0e87cdd
nmbplatform,bsc,0x3aa2b9de4ce397d93e11699c3f07b769b210bbd5,23639507,eth_getCode@fork; EIP-1967 slots@fork; beacon/diamond resolution; deployment tx,0x3aa2b9de4ce397d93e11699c3f07b769b210bbd5,23639507,,,PARTIAL,True,ca2-3a72b153af20c2c77bb7,1,527356fe15e40881102582951e70d1d568ccefdcc1b3b393f5fdf10d283edac9,False,1,3,3,True,2942b2819e08d00d8eb23bee9815e9c644757421e92e3c1307a45b057e264cf1,60494f0bea76eef89f0a8b74dd5235092888bbedf7781d982a527ba3528996ad,05ed12a61b9c1ea958e2cd47aba15354039220e7e24f03d370682eddb0e87cdd
dualpools,bsc,0x5e5e28029ef37fc97ffb763c4ac1f532bbd4c7a2,36145771,eth_getCode@fork; EIP-1967 slots@fork; beacon/diamond resolution; deployment tx,0x5e5e28029ef37fc97ffb763c4ac1f532bbd4c7a2,36145771,,,PARTIAL,True,ca2-9b3232b290b3e5a209ad,2,534fdc21c3b330c3d431a08a4060494493a98f44ff2c48153c7735c6b07bcdcd,False,1,3,3,True,2942b2819e08d00d8eb23bee9815e9c644757421e92e3c1307a45b057e264cf1,60494f0bea76eef89f0a8b74dd5235092888bbedf7781d982a527ba3528996ad,05ed12a61b9c1ea958e2cd47aba15354039220e7e24f03d370682eddb0e87cdd
kub_split,bsc,0xc98e183d2e975f0567115cb13af893f0e3c0d0bd,32021099,eth_getCode@fork; EIP-1967 slots@fork; beacon/diamond resolution; deployment tx,0xc98e183d2e975f0567115cb13af893f0e3c0d0bd,32021099,,,PARTIAL,True,ca2-7455b4981f74c1b4c51e,2,553a64141f384caa30171538b1c446d05511b6c8032b9750e6b43fe5e20041f9,False,1,3,3,True,2942b2819e08d00d8eb23bee9815e9c644757421e92e3c1307a45b057e264cf1,60494f0bea76eef89f0a8b74dd5235092888bbedf7781d982a527ba3528996ad,05ed12a61b9c1ea958e2cd47aba15354039220e7e24f03d370682eddb0e87cdd
xsdwethpool,bsc,0xfadda925e10d07430f5d7461689fd90d3d81bb48,32086900,eth_getCode@fork; EIP-1967 slots@fork; beacon/diamond resolution; deployment tx,0xfadda925e10d07430f5d7461689fd90d3d81bb48,32086900,,,PARTIAL,True,ca2-4cd0e024b3073b041691,2,564ee0a31c9eae4545fe41e908664fef9498886df229d941bc05a0efe6a94ac9,False,1,3,3,True,2942b2819e08d00d8eb23bee9815e9c644757421e92e3c1307a45b057e264cf1,60494f0bea76eef89f0a8b74dd5235092888bbedf7781d982a527ba3528996ad,05ed12a61b9c1ea958e2cd47aba15354039220e7e24f03d370682eddb0e87cdd
hackdao,bsc,0x94e06c77b02ade8341489ab9a23451f68c13ec1c,18073756,eth_getCode@fork; EIP-1967 slots@fork; beacon/diamond resolution; deployment tx,0x94e06c77b02ade8341489ab9a23451f68c13ec1c,18073756,,,PARTIAL,True,ca2-36def0144d519bbc5d86,0,56a1a80f6bab625ddbd3449ea03f584e313891cbf50fc16ce4ccad4b9288adb7,False,1,3,3,True,2942b2819e08d00d8eb23bee9815e9c644757421e92e3c1307a45b057e264cf1,60494f0bea76eef89f0a8b74dd5235092888bbedf7781d982a527ba3528996ad,05ed12a61b9c1ea958e2cd47aba15354039220e7e24f03d370682eddb0e87cdd
abcc_app,bsc,0x1bc016c00f8d603c41a582d5da745905b9d034e5,58615054,eth_getCode@fork; EIP-1967 slots@fork; beacon/diamond resolution; deployment tx,0x1bc016c00f8d603c41a582d5da745905b9d034e5,58615054,,,PARTIAL,True,ca2-7727ada64ae1e882eaac,3,56dd6a5187af03a5bd447e38289cca178166cc317c48efa7152409a17fa9c79c,False,1,3,3,True,2942b2819e08d00d8eb23bee9815e9c644757421e92e3c1307a45b057e264cf1,60494f0bea76eef89f0a8b74dd5235092888bbedf7781d982a527ba3528996ad,05ed12a61b9c1ea958e2cd47aba15354039220e7e24f03d370682eddb0e87cdd
allbridge_2,bsc,0x179aad597399b9ae078acfe2b746c09117799ca0,26982067,eth_getCode@fork; EIP-1967 slots@fork; beacon/diamond resolution; deployment tx,0x179aad597399b9ae078acfe2b746c09117799ca0,26982067,,,PARTIAL,True,ca2-3ef6014a26a0b205a68e,1,57957bffd5aebe21ea1ff38637e5aa0b64ec0fde7684cfa918fc92d857220266,False,1,3,3,True,2942b2819e08d00d8eb23bee9815e9c644757421e92e3c1307a45b057e264cf1,60494f0bea76eef89f0a8b74dd5235092888bbedf7781d982a527ba3528996ad,05ed12a61b9c1ea958e2cd47aba15354039220e7e24f03d370682eddb0e87cdd
lp_mine,bsc,0x6bbef6df8db12667ae88519090984e4f871e5feb,45583892,eth_getCode@fork; EIP-1967 slots@fork; beacon/diamond resolution; deployment tx,0x6bbef6df8db12667ae88519090984e4f871e5feb,45583892,,,PARTIAL,True,ca2-969e97a830e1fdab4f58,3,58a789c97693ab560fb5c6ae75572bb5abadb5da5106a9cac785a8c692ddcc3f,False,1,3,3,True,2942b2819e08d00d8eb23bee9815e9c644757421e92e3c1307a45b057e264cf1,60494f0bea76eef89f0a8b74dd5235092888bbedf7781d982a527ba3528996ad,05ed12a61b9c1ea958e2cd47aba15354039220e7e24f03d370682eddb0e87cdd
dcf_token,bsc,0xa7e92345ddf541aa5cf60fee2a0e721c50ca1adb,44290969,eth_getCode@fork; EIP-1967 slots@fork; beacon/diamond resolution; deployment tx,0xa7e92345ddf541aa5cf60fee2a0e721c50ca1adb,44290969,,,PARTIAL,True,ca2-e92eb18ffd5cb5150b66,3,59c00d0346fbaabcda52728c5daf53d926f732e85090b45bfd3d3b5a8b5f2772,False,1,3,3,True,2942b2819e08d00d8eb23bee9815e9c644757421e92e3c1307a45b057e264cf1,60494f0bea76eef89f0a8b74dd5235092888bbedf7781d982a527ba3528996ad,05ed12a61b9c1ea958e2cd47aba15354039220e7e24f03d370682eddb0e87cdd
inuko,bsc,0xea51801b8f5b88543ddad3d1727400c15b209d8f,22169169,eth_getCode@fork; EIP-1967 slots@fork; beacon/diamond resolution; deployment tx,0xea51801b8f5b88543ddad3d1727400c15b209d8f,22169169,,,PARTIAL,True,ca2-7741e8a9a71601f098a4,0,5a4b5472c75a7ba56c6b39de85e9f41bb045258cf159b05fd32d3dd1fe0b3e67,False,1,3,3,True,2942b2819e08d00d8eb23bee9815e9c644757421e92e3c1307a45b057e264cf1,60494f0bea76eef89f0a8b74dd5235092888bbedf7781d982a527ba3528996ad,05ed12a61b9c1ea958e2cd47aba15354039220e7e24f03d370682eddb0e87cdd
gym_2,bsc,0xa8987285e100a8b557f06a7889f79e0064b359f2,18501049,eth_getCode@fork; EIP-1967 slots@fork; beacon/diamond resolution; deployment tx,0xa8987285e100a8b557f06a7889f79e0064b359f2,18501049,,,PARTIAL,True,ca2-a20ccf47b4d8c4cfab79,0,5b206e9217196b8b80a7fe66acd05a8d8119fee39fc762d8342b1e7ae63018e2,False,1,3,3,True,2942b2819e08d00d8eb23bee9815e9c644757421e92e3c1307a45b057e264cf1,60494f0bea76eef89f0a8b74dd5235092888bbedf7781d982a527ba3528996ad,05ed12a61b9c1ea958e2cd47aba15354039220e7e24f03d370682eddb0e87cdd
un,bsc,0xfeafe253802b77456b4627f8c2306a9cebb5d681,28864173,eth_getCode@fork; EIP-1967 slots@fork; beacon/diamond resolution; deployment tx,0xfeafe253802b77456b4627f8c2306a9cebb5d681,28864173,,,PARTIAL,True,ca2-cfb8cf251b553eed2196,1,5c305d2e402800fa567b7f967fafe9086a5de11fe4b0259dfaec975759057fa4,False,1,3,3,True,2942b2819e08d00d8eb23bee9815e9c644757421e92e3c1307a45b057e264cf1,60494f0bea76eef89f0a8b74dd5235092888bbedf7781d982a527ba3528996ad,05ed12a61b9c1ea958e2cd47aba15354039220e7e24f03d370682eddb0e87cdd
wsm,bsc,0xc0afd0e40bb3dcaebd9451aa5c319b745bf792b4,37569860,eth_getCode@fork; EIP-1967 slots@fork; beacon/diamond resolution; deployment tx,0xc0afd0e40bb3dcaebd9451aa5c319b745bf792b4,37569860,,,PARTIAL,True,ca2-72ea322ccc16e3e5cbe0,2,5f52a50511580fb5407c3cdab7d3c6a461e63148601a84a3a43a6ca5dcd2f022,False,1,3,3,True,2942b2819e08d00d8eb23bee9815e9c644757421e92e3c1307a45b057e264cf1,60494f0bea76eef89f0a8b74dd5235092888bbedf7781d982a527ba3528996ad,05ed12a61b9c1ea958e2cd47aba15354039220e7e24f03d370682eddb0e87cdd
pancakebunny,bsc,0x633e538ecf0bee1a18c2edfe10c4da0d6e71e77b,7556330,eth_getCode@fork; EIP-1967 slots@fork; beacon/diamond resolution; deployment tx,0x633e538ecf0bee1a18c2edfe10c4da0d6e71e77b,7556330,,,PARTIAL,True,ca2-7c6082cada48d720f171,0,601d00f96c36c16c9972f5714b794990be9889a0f08c88a150a76b46f1d7feea,False,1,3,3,True,2942b2819e08d00d8eb23bee9815e9c644757421e92e3c1307a45b057e264cf1,60494f0bea76eef89f0a8b74dd5235092888bbedf7781d982a527ba3528996ad,05ed12a61b9c1ea958e2cd47aba15354039220e7e24f03d370682eddb0e87cdd
uranium,bsc,0xa943ea143cd7e79806d670f4a7cf08f8922a454f,6920000,eth_getCode@fork; EIP-1967 slots@fork; beacon/diamond resolution; deployment tx,0xa943ea143cd7e79806d670f4a7cf08f8922a454f,6920000,,,PARTIAL,True,ca2-36bcb163bd23551701cc,0,6076f644e150eb3e8181ddc3d909c0bad1c0518d767495613d1c0c38b1b7c64a,False,1,3,3,True,2942b2819e08d00d8eb23bee9815e9c644757421e92e3c1307a45b057e264cf1,60494f0bea76eef89f0a8b74dd5235092888bbedf7781d982a527ba3528996ad,05ed12a61b9c1ea958e2cd47aba15354039220e7e24f03d370682eddb0e87cdd
labubu,bsc,0x2ff960f1d9af1a6368c2866f79080c1e0b253997,44751944,eth_getCode@fork; EIP-1967 slots@fork; beacon/diamond resolution; deployment tx,0x2ff960f1d9af1a6368c2866f79080c1e0b253997,44751944,,,PARTIAL,True,ca2-8dd7451bbe256eb45bfb,3,6252957e3426d1897632c59cb0726bbae8513293709b0d02beb64f33032c4991,False,1,3,3,True,2942b2819e08d00d8eb23bee9815e9c644757421e92e3c1307a45b057e264cf1,60494f0bea76eef89f0a8b74dd5235092888bbedf7781d982a527ba3528996ad,05ed12a61b9c1ea958e2cd47aba15354039220e7e24f03d370682eddb0e87cdd
allbridge,bsc,0x7e6c2522fee4e74a0182b9c6159048361bc3260a,26982067,eth_getCode@fork; EIP-1967 slots@fork; beacon/diamond resolution; deployment tx,0x7e6c2522fee4e74a0182b9c6159048361bc3260a,26982067,,,PARTIAL,True,ca2-c3da8c67aae06b7ecce1,1,62dec403ed1cee64da9c6eb1adc5ff7adc82b2ea56f55477b85f6208c379e939,False,1,3,3,True,2942b2819e08d00d8eb23bee9815e9c644757421e92e3c1307a45b057e264cf1,60494f0bea76eef89f0a8b74dd5235092888bbedf7781d982a527ba3528996ad,05ed12a61b9c1ea958e2cd47aba15354039220e7e24f03d370682eddb0e87cdd
anch,bsc,0xa4f5d4afd6b9226b3004dd276a9f778eb75f2e9e,20302534,eth_getCode@fork; EIP-1967 slots@fork; beacon/diamond resolution; deployment tx,0xa4f5d4afd6b9226b3004dd276a9f778eb75f2e9e,20302534,,,PARTIAL,True,ca2-627fce499908ff82ad6d,0,63e22ced436add93d07357e0ca8b87487b2b16c9a4a5339b980b22de31896f77,False,1,3,3,True,2942b2819e08d00d8eb23bee9815e9c644757421e92e3c1307a45b057e264cf1,60494f0bea76eef89f0a8b74dd5235092888bbedf7781d982a527ba3528996ad,05ed12a61b9c1ea958e2cd47aba15354039220e7e24f03d370682eddb0e87cdd
selltoken,bsc,0x57db19127617b77c8abd9420b5a35502b59870d6,28168034,eth_getCode@fork; EIP-1967 slots@fork; beacon/diamond resolution; deployment tx,0x57db19127617b77c8abd9420b5a35502b59870d6,28168034,,,PARTIAL,True,ca2-429b8f8a4d1baf287471,1,670ec84f044e234404299dba58e0916ae9fbe4c3af614072ea2fa0186c46710a,False,1,3,3,True,2942b2819e08d00d8eb23bee9815e9c644757421e92e3c1307a45b057e264cf1,60494f0bea76eef89f0a8b74dd5235092888bbedf7781d982a527ba3528996ad,05ed12a61b9c1ea958e2cd47aba15354039220e7e24f03d370682eddb0e87cdd
bearn,bsc,0xb390b07fcf76678089cb12d8e615d5fe494b01fb,7457124,eth_getCode@fork; EIP-1967 slots@fork; beacon/diamond resolution; deployment tx,0xb390b07fcf76678089cb12d8e615d5fe494b01fb,7457124,,,PARTIAL,True,ca2-3d8e91015c9360a5a76f,0,68195766b94878420b115097a8f8e8ff4c1403eeeb989fe1dd68cba80d9f4458,False,1,3,3,True,2942b2819e08d00d8eb23bee9815e9c644757421e92e3c1307a45b057e264cf1,60494f0bea76eef89f0a8b74dd5235092888bbedf7781d982a527ba3528996ad,05ed12a61b9c1ea958e2cd47aba15354039220e7e24f03d370682eddb0e87cdd
chaingefinance,bsc,0x80a0d7a6fd2a22982ce282933b384568e5c852bf,37880387,eth_getCode@fork; EIP-1967 slots@fork; beacon/diamond resolution; deployment tx,0x80a0d7a6fd2a22982ce282933b384568e5c852bf,37880387,,,PARTIAL,True,ca2-c5a01f6581922c612fa6,2,6987cf28c9e433c6d476f80557f5dc654d298c922f7d7989ca7561f77e31306d,False,1,3,3,True,2942b2819e08d00d8eb23bee9815e9c644757421e92e3c1307a45b057e264cf1,60494f0bea76eef89f0a8b74dd5235092888bbedf7781d982a527ba3528996ad,05ed12a61b9c1ea958e2cd47aba15354039220e7e24f03d370682eddb0e87cdd
ehx,bsc,0xe1747a23c44f445062078e3c528c9f4c28c50a51,33503911,eth_getCode@fork; EIP-1967 slots@fork; beacon/diamond resolution; deployment tx,0xe1747a23c44f445062078e3c528c9f4c28c50a51,33503911,,,PARTIAL,True,ca2-14bd5d42e2f704e2cc65,2,6ee758df7f064d5781fdbc16ef7cf8e6f1d06e303da56cfc4ab33639fa80bd32,False,1,3,3,True,2942b2819e08d00d8eb23bee9815e9c644757421e92e3c1307a45b057e264cf1,60494f0bea76eef89f0a8b74dd5235092888bbedf7781d982a527ba3528996ad,05ed12a61b9c1ea958e2cd47aba15354039220e7e24f03d370682eddb0e87cdd
carrot,bsc,0xcff086ead392ccb39c49ecda8c974ad5238452ac,22055611,eth_getCode@fork; EIP-1967 slots@fork; beacon/diamond resolution; deployment tx,0xcff086ead392ccb39c49ecda8c974ad5238452ac,22055611,,,PARTIAL,True,ca2-f6ff26fef2c7c8239a54,0,71262f1676c445c93732f22f6f12847a4f660814a954fca1aa1b1fd01d4f699d,False,1,3,3,True,2942b2819e08d00d8eb23bee9815e9c644757421e92e3c1307a45b057e264cf1,60494f0bea76eef89f0a8b74dd5235092888bbedf7781d982a527ba3528996ad,05ed12a61b9c1ea958e2cd47aba15354039220e7e24f03d370682eddb0e87cdd
btnft,bsc,0x0fc91b6fea2e7a827a8c99c91101ed36c638521b,48472355,eth_getCode@fork; EIP-1967 slots@fork; beacon/diamond resolution; deployment tx,0x0fc91b6fea2e7a827a8c99c91101ed36c638521b,48472355,,,PARTIAL,True,ca2-c5014cea82de5130aa96,3,733bfd7f97b6b3f0d92ea42bb2895846f7f99e8ad62fc33f2db7a8d63c4588fa,False,1,3,3,True,2942b2819e08d00d8eb23bee9815e9c644757421e92e3c1307a45b057e264cf1,60494f0bea76eef89f0a8b74dd5235092888bbedf7781d982a527ba3528996ad,05ed12a61b9c1ea958e2cd47aba15354039220e7e24f03d370682eddb0e87cdd
tradeonorion,bsc,0xe9d1d2a27458378dd6c6f0b2c390807aed2217ca,39104878,eth_getCode@fork; EIP-1967 slots@fork; beacon/diamond resolution; deployment tx,0xe9d1d2a27458378dd6c6f0b2c390807aed2217ca,39104878,,,PARTIAL,True,ca2-7d8bff5c879f84e09ee4,3,7613d84d72de6ff571cb5b8393a472fbd036a4c53d48f56e7caab15536a30467,False,1,3,3,True,2942b2819e08d00d8eb23bee9815e9c644757421e92e3c1307a45b057e264cf1,60494f0bea76eef89f0a8b74dd5235092888bbedf7781d982a527ba3528996ad,05ed12a61b9c1ea958e2cd47aba15354039220e7e24f03d370682eddb0e87cdd
fiberrouter,bsc,0x4826e896e39dc96a8504588d21e9d44750435e2d,33874498,eth_getCode@fork; EIP-1967 slots@fork; beacon/diamond resolution; deployment tx,0x4826e896e39dc96a8504588d21e9d44750435e2d,33874498,,,PARTIAL,True,ca2-efd162261d7f42c2343b,2,76bbac9de8d3339535e49d15ba65cb66f6f576616b2dad9eb3c222ad446f000e,False,1,3,3,True,2942b2819e08d00d8eb23bee9815e9c644757421e92e3c1307a45b057e264cf1,60494f0bea76eef89f0a8b74dd5235092888bbedf7781d982a527ba3528996ad,05ed12a61b9c1ea958e2cd47aba15354039220e7e24f03d370682eddb0e87cdd
etnproduct,bsc,0x1292267f726e6f313972ec4e14578735473e1649,20147974,eth_getCode@fork; EIP-1967 slots@fork; beacon/diamond resolution; deployment tx,0x1292267f726e6f313972ec4e14578735473e1649,20147974,,,PARTIAL,True,ca2-2d415ee24d090e5e26dc,0,78c2c5ddce61ff57e304f6bac0c0b4ed6d25b4c84d53d8e6c4b4e3b157f7be59,False,1,3,3,True,2942b2819e08d00d8eb23bee9815e9c644757421e92e3c1307a45b057e264cf1,60494f0bea76eef89f0a8b74dd5235092888bbedf7781d982a527ba3528996ad,05ed12a61b9c1ea958e2cd47aba15354039220e7e24f03d370682eddb0e87cdd
weco,bsc,0xd672b766d66662f5c6fd798a999e1193a7945451,33549937,eth_getCode@fork; EIP-1967 slots@fork; beacon/diamond resolution; deployment tx,0xd672b766d66662f5c6fd798a999e1193a7945451,33549937,,,PARTIAL,True,ca2-c8f07b57035de6f92dd6,2,78fb47bcd03401accb95d4f9ae14b833bf8dbafcea1271a950816f9da76ea1c0,False,1,3,3,True,2942b2819e08d00d8eb23bee9815e9c644757421e92e3c1307a45b057e264cf1,60494f0bea76eef89f0a8b74dd5235092888bbedf7781d982a527ba3528996ad,05ed12a61b9c1ea958e2cd47aba15354039220e7e24f03d370682eddb0e87cdd
bdex,bsc,0xb2b1dc3204ee8899d6575f419e72b53e370f6b20,22629431,eth_getCode@fork; EIP-1967 slots@fork; beacon/diamond resolution; deployment tx,0xb2b1dc3204ee8899d6575f419e72b53e370f6b20,22629431,,,PARTIAL,True,ca2-d21da7d9fce0924660dc,0,795e9d413eec7e197fb0e49a5159b377adf0326adc478b243188898ffbbe4f1f,False,1,3,3,True,2942b2819e08d00d8eb23bee9815e9c644757421e92e3c1307a45b057e264cf1,60494f0bea76eef89f0a8b74dd5235092888bbedf7781d982a527ba3528996ad,05ed12a61b9c1ea958e2cd47aba15354039220e7e24f03d370682eddb0e87cdd
olife,bsc,0xb5a0ce3acd6ec557d39afdcbc93b07a1e1a9e3fa,27470678,eth_getCode@fork; EIP-1967 slots@fork; beacon/diamond resolution; deployment tx,0xb5a0ce3acd6ec557d39afdcbc93b07a1e1a9e3fa,27470678,,,PARTIAL,True,ca2-444479add25939f22fc7,1,7a26068fa3165ada5a86722a03478fbfba92ae9a11a07cc580846a5b58adbe6e,False,1,3,3,True,2942b2819e08d00d8eb23bee9815e9c644757421e92e3c1307a45b057e264cf1,60494f0bea76eef89f0a8b74dd5235092888bbedf7781d982a527ba3528996ad,05ed12a61b9c1ea958e2cd47aba15354039220e7e24f03d370682eddb0e87cdd
hackathon,bsc,0x11cee747faaf0c0801075253ac28ab503c888888,37854043,eth_getCode@fork; EIP-1967 slots@fork; beacon/diamond resolution; deployment tx,0x11cee747faaf0c0801075253ac28ab503c888888,37854043,,,PARTIAL,True,ca2-63262288a02b8ba46129,2,7c4afd1357e0a9d32316e3aef615bc8152c81e22d4bfcbe68b8214824433968b,False,1,3,3,True,2942b2819e08d00d8eb23bee9815e9c644757421e92e3c1307a45b057e264cf1,60494f0bea76eef89f0a8b74dd5235092888bbedf7781d982a527ba3528996ad,05ed12a61b9c1ea958e2cd47aba15354039220e7e24f03d370682eddb0e87cdd
babydogecoin02,bsc,0xc748673057861a797275cd8a068abb95a902e8de,29295010,eth_getCode@fork; EIP-1967 slots@fork; beacon/diamond resolution; deployment tx,0xc748673057861a797275cd8a068abb95a902e8de,29295010,,,PARTIAL,True,ca2-26661d7a70b3c3c3ab9e,1,7d9c278a671ba00f7fc7a433e054be192ae1ccdadbb5b3421e35945283923123,False,1,3,3,True,2942b2819e08d00d8eb23bee9815e9c644757421e92e3c1307a45b057e264cf1,60494f0bea76eef89f0a8b74dd5235092888bbedf7781d982a527ba3528996ad,05ed12a61b9c1ea958e2cd47aba15354039220e7e24f03d370682eddb0e87cdd
lifeprotocol,bsc,0x42e2773508e2ae8ff9434bea599812e28449e2cd,48703545,eth_getCode@fork; EIP-1967 slots@fork; beacon/diamond resolution; deployment tx,0x42e2773508e2ae8ff9434bea599812e28449e2cd,48703545,,,PARTIAL,True,ca2-b917178685db1ed39d90,3,7e6c7588efac7155eaf53515c41c64bfcaffb7286f2f046a4d15fc811656af0a,False,1,3,3,True,2942b2819e08d00d8eb23bee9815e9c644757421e92e3c1307a45b057e264cf1,60494f0bea76eef89f0a8b74dd5235092888bbedf7781d982a527ba3528996ad,05ed12a61b9c1ea958e2cd47aba15354039220e7e24f03d370682eddb0e87cdd
tifi,bsc,0x8a6f7834a9d60090668f5db33fec353a7fb4704b,23778726,eth_getCode@fork; EIP-1967 slots@fork; beacon/diamond resolution; deployment tx,0x8a6f7834a9d60090668f5db33fec353a7fb4704b,23778726,,,PARTIAL,True,ca2-11258a259a94c2ae2ec5,1,7eb86093535f8de4d1e6fcd1b977385a73d0195f1bca86a774aa3fbd199cf8af,False,1,3,3,True,2942b2819e08d00d8eb23bee9815e9c644757421e92e3c1307a45b057e264cf1,60494f0bea76eef89f0a8b74dd5235092888bbedf7781d982a527ba3528996ad,05ed12a61b9c1ea958e2cd47aba15354039220e7e24f03d370682eddb0e87cdd
3913,bsc,0xd74f28c6e0e2c09881ef2d9445f158833c174775,33132467,eth_getCode@fork; EIP-1967 slots@fork; beacon/diamond resolution; deployment tx,0xd74f28c6e0e2c09881ef2d9445f158833c174775,33132467,,,PARTIAL,True,ca2-a315156294181711e836,2,7f57ccd9e38820d9951fc4ce993543aa94fc11ed61bdee8b7afe7d64b915a20b,False,1,3,3,True,2942b2819e08d00d8eb23bee9815e9c644757421e92e3c1307a45b057e264cf1,60494f0bea76eef89f0a8b74dd5235092888bbedf7781d982a527ba3528996ad,05ed12a61b9c1ea958e2cd47aba15354039220e7e24f03d370682eddb0e87cdd
mintofinance,bsc,0xdbf1c56b2ad121fe705f9b68225378aa6784f3e5,30214253,eth_getCode@fork; EIP-1967 slots@fork; beacon/diamond resolution; deployment tx,0xdbf1c56b2ad121fe705f9b68225378aa6784f3e5,30214253,,,PARTIAL,True,ca2-02e1298629b75e4dec93,2,80c1513c3ea24807821525f5f0e61365a96b25f5021d105af91353a3963bf0a9,False,1,3,3,True,2942b2819e08d00d8eb23bee9815e9c644757421e92e3c1307a45b057e264cf1,60494f0bea76eef89f0a8b74dd5235092888bbedf7781d982a527ba3528996ad,05ed12a61b9c1ea958e2cd47aba15354039220e7e24f03d370682eddb0e87cdd
starlink,bsc,0x518281f34dbf5b76e6cdd3908a6972e8ec49e345,25729304,eth_getCode@fork; EIP-1967 slots@fork; beacon/diamond resolution; deployment tx,0x518281f34dbf5b76e6cdd3908a6972e8ec49e345,25729304,,,PARTIAL,True,ca2-0062515827b6285930f2,1,82ee83edc0057ff7ba6068d2e90cb2157ad3f381d9b486a1c4e7c6f736acdff5,False,1,3,3,True,2942b2819e08d00d8eb23bee9815e9c644757421e92e3c1307a45b057e264cf1,60494f0bea76eef89f0a8b74dd5235092888bbedf7781d982a527ba3528996ad,05ed12a61b9c1ea958e2cd47aba15354039220e7e24f03d370682eddb0e87cdd
cfc,bsc,0xdd9b223aec6ea56567a62f21ff89585ff125632c,29116478,eth_getCode@fork; EIP-1967 slots@fork; beacon/diamond resolution; deployment tx,0xdd9b223aec6ea56567a62f21ff89585ff125632c,29116478,,,PARTIAL,True,ca2-d08064284319f9724001,1,85630263a949adafb59e5fa9a359297b4955ccec6c03cdc3a3106afc7763e05b,False,1,3,3,True,2942b2819e08d00d8eb23bee9815e9c644757421e92e3c1307a45b057e264cf1,60494f0bea76eef89f0a8b74dd5235092888bbedf7781d982a527ba3528996ad,05ed12a61b9c1ea958e2cd47aba15354039220e7e24f03d370682eddb0e87cdd
z123,bsc,0xb000f121a173d7dd638bb080fee669a2f3af9760,38077210,eth_getCode@fork; EIP-1967 slots@fork; beacon/diamond resolution; deployment tx,0xb000f121a173d7dd638bb080fee669a2f3af9760,38077210,,,PARTIAL,True,ca2-a5caf2554c14b71cf9ef,2,879b0b99255c56828311689aa680a6479942133f5af6fbe8f3ee472e95f3240e,False,1,3,3,True,2942b2819e08d00d8eb23bee9815e9c644757421e92e3c1307a45b057e264cf1,60494f0bea76eef89f0a8b74dd5235092888bbedf7781d982a527ba3528996ad,05ed12a61b9c1ea958e2cd47aba15354039220e7e24f03d370682eddb0e87cdd
pledge,bsc,0x061944c0f3c2d7dabafb50813efb05c4e0c952e1,44555337,eth_getCode@fork; EIP-1967 slots@fork; beacon/diamond resolution; deployment tx,0x061944c0f3c2d7dabafb50813efb05c4e0c952e1,44555337,,,PARTIAL,True,ca2-382283494db3462edcb4,3,87b0ce061d4924b8f42793c4740389c0ed5b43fe6d092eb556c7d19d57bc6589,False,1,3,3,True,2942b2819e08d00d8eb23bee9815e9c644757421e92e3c1307a45b057e264cf1,60494f0bea76eef89f0a8b74dd5235092888bbedf7781d982a527ba3528996ad,05ed12a61b9c1ea958e2cd47aba15354039220e7e24f03d370682eddb0e87cdd
ark,bsc,0xde698b5bbb4a12ddf2261bbdf8e034af34399999,37221235,eth_getCode@fork; EIP-1967 slots@fork; beacon/diamond resolution; deployment tx,0xde698b5bbb4a12ddf2261bbdf8e034af34399999,37221235,,,PARTIAL,True,ca2-eaff56dcacef885f96a2,2,8afe763f642384cad0ca779632260fdcaba0682dd8acdf21de0552842f7c12db,False,1,3,3,True,2942b2819e08d00d8eb23bee9815e9c644757421e92e3c1307a45b057e264cf1,60494f0bea76eef89f0a8b74dd5235092888bbedf7781d982a527ba3528996ad,05ed12a61b9c1ea958e2cd47aba15354039220e7e24f03d370682eddb0e87cdd
utopia,bsc,0xb1da08c472567eb0ec19639b1822f578d39f3333,30119396,eth_getCode@fork; EIP-1967 slots@fork; beacon/diamond resolution; deployment tx,0xb1da08c472567eb0ec19639b1822f578d39f3333,30119396,,,PARTIAL,True,ca2-59c27a09402366528ab6,2,8b829334941c5ae19f0ac98a92e401500ff32d9732083a42b52a626018f8b5db,False,1,3,3,True,2942b2819e08d00d8eb23bee9815e9c644757421e92e3c1307a45b057e264cf1,60494f0bea76eef89f0a8b74dd5235092888bbedf7781d982a527ba3528996ad,05ed12a61b9c1ea958e2cd47aba15354039220e7e24f03d370682eddb0e87cdd
miner_bsc,bsc,0x2ba9d4a8c41c60b71ff7df2c3f54b008644b954e,36111182,eth_getCode@fork; EIP-1967 slots@fork; beacon/diamond resolution; deployment tx,0x2ba9d4a8c41c60b71ff7df2c3f54b008644b954e,36111182,,,PARTIAL,True,ca2-98f2e78eb7b0c6b2a380,2,8c10db29aa177d2abfa42b784ede65bf7ce0b1f10234ff0150ccc31aa6e1564d,False,1,3,3,True,2942b2819e08d00d8eb23bee9815e9c644757421e92e3c1307a45b057e264cf1,60494f0bea76eef89f0a8b74dd5235092888bbedf7781d982a527ba3528996ad,05ed12a61b9c1ea958e2cd47aba15354039220e7e24f03d370682eddb0e87cdd
eac,bsc,0x64f291de10ecd36d5f7b64aaebc70943cface28e,31273018,eth_getCode@fork; EIP-1967 slots@fork; beacon/diamond resolution; deployment tx,0x64f291de10ecd36d5f7b64aaebc70943cface28e,31273018,,,PARTIAL,True,ca2-e017525389c5fba3ce28,2,8d54a335c2ea9381030ae308fee5c84e489a8bd87eeafaf15557871924edfdbc,False,1,3,3,True,2942b2819e08d00d8eb23bee9815e9c644757421e92e3c1307a45b057e264cf1,60494f0bea76eef89f0a8b74dd5235092888bbedf7781d982a527ba3528996ad,05ed12a61b9c1ea958e2cd47aba15354039220e7e24f03d370682eddb0e87cdd
ipc,bsc,0xeab0d46682ac707a06aefb0ac72a91a3fd6fe5d1,45561315,eth_getCode@fork; EIP-1967 slots@fork; beacon/diamond resolution; deployment tx,0xeab0d46682ac707a06aefb0ac72a91a3fd6fe5d1,45561315,,,PARTIAL,True,ca2-dc0f5864cf0c7c7db3d8,3,8ed7a88187bcbc9916ebedba6e012842f85ff93e739a8460c5f76a978ecd724c,False,1,3,3,True,2942b2819e08d00d8eb23bee9815e9c644757421e92e3c1307a45b057e264cf1,60494f0bea76eef89f0a8b74dd5235092888bbedf7781d982a527ba3528996ad,05ed12a61b9c1ea958e2cd47aba15354039220e7e24f03d370682eddb0e87cdd
swampfinance,bsc,0x33adbf5f1ec364a4ea3a5ca8f310b597b8afdee3,33112358,eth_getCode@fork; EIP-1967 slots@fork; beacon/diamond resolution; deployment tx,0x33adbf5f1ec364a4ea3a5ca8f310b597b8afdee3,33112358,,,PARTIAL,True,ca2-7cd2beaa007600ae46b4,2,900c1c48f8416c3ca95f167b5756423d0c1aebce24ea13a9720a12344957a8cb,False,1,3,3,True,2942b2819e08d00d8eb23bee9815e9c644757421e92e3c1307a45b057e264cf1,60494f0bea76eef89f0a8b74dd5235092888bbedf7781d982a527ba3528996ad,05ed12a61b9c1ea958e2cd47aba15354039220e7e24f03d370682eddb0e87cdd
yzi_ai_token,bsc,0x7fdff64bf87bad52e6430bda30239bd182389ee3,47838544,eth_getCode@fork; EIP-1967 slots@fork; beacon/diamond resolution; deployment tx,0x7fdff64bf87bad52e6430bda30239bd182389ee3,47838544,,,PARTIAL,True,ca2-3ae6d0e93f222f7571b2,3,901e390758d07fca622f831beff022c2d6406a05e342f8be1c468e141eef12c7,False,1,3,3,True,2942b2819e08d00d8eb23bee9815e9c644757421e92e3c1307a45b057e264cf1,60494f0bea76eef89f0a8b74dd5235092888bbedf7781d982a527ba3528996ad,05ed12a61b9c1ea958e2cd47aba15354039220e7e24f03d370682eddb0e87cdd
babyswap,bsc,0x5c9f1a9ced41ccc5dcecda5afc317b72f1e49636,21811979,eth_getCode@fork; EIP-1967 slots@fork; beacon/diamond resolution; deployment tx,0x5c9f1a9ced41ccc5dcecda5afc317b72f1e49636,21811979,,,PARTIAL,True,ca2-e5a8dccafb3c4f63fdb2,0,908c995c09e153b66d35b8aa65457a5a7e8c2a9fffd9b5f53f7ecc9f014e3f7e,False,1,3,3,True,2942b2819e08d00d8eb23bee9815e9c644757421e92e3c1307a45b057e264cf1,60494f0bea76eef89f0a8b74dd5235092888bbedf7781d982a527ba3528996ad,05ed12a61b9c1ea958e2cd47aba15354039220e7e24f03d370682eddb0e87cdd
bankroll_network,bsc,0xadefb902cab716b8043c5231ae9a50b8b4ee7c4e,51715417,eth_getCode@fork; EIP-1967 slots@fork; beacon/diamond resolution; deployment tx,0xadefb902cab716b8043c5231ae9a50b8b4ee7c4e,51715417,,,PARTIAL,True,ca2-98b03a49b7d20591238a,3,90f55f4ea61a395680359eeccf500e49df871f48d343b73d53327b4b683f4018,False,1,3,3,True,2942b2819e08d00d8eb23bee9815e9c644757421e92e3c1307a45b057e264cf1,60494f0bea76eef89f0a8b74dd5235092888bbedf7781d982a527ba3528996ad,05ed12a61b9c1ea958e2cd47aba15354039220e7e24f03d370682eddb0e87cdd
health,bsc,0x32b166e082993af6598a89397e82e123ca44e74e,22337425,eth_getCode@fork; EIP-1967 slots@fork; beacon/diamond resolution; deployment tx,0x32b166e082993af6598a89397e82e123ca44e74e,22337425,,,PARTIAL,True,ca2-024816e85dcbd941c181,0,90f71c34762c78c1c1bd81c8cfad2d0c1eda91c250911186efa409228beeb417,False,1,3,3,True,2942b2819e08d00d8eb23bee9815e9c644757421e92e3c1307a45b057e264cf1,60494f0bea76eef89f0a8b74dd5235092888bbedf7781d982a527ba3528996ad,05ed12a61b9c1ea958e2cd47aba15354039220e7e24f03d370682eddb0e87cdd
dfs,bsc,0x2b806e6d78d8111dd09c58943b9855910bade005,24349821,eth_getCode@fork; EIP-1967 slots@fork; beacon/diamond resolution; deployment tx,0x2b806e6d78d8111dd09c58943b9855910bade005,24349821,,,PARTIAL,True,ca2-e488b8f22881b9feaedd,1,91d18fae454b860913f13665b003609fa6ba58490ec0df218d67c46fa10d0e2d,False,1,3,3,True,2942b2819e08d00d8eb23bee9815e9c644757421e92e3c1307a45b057e264cf1,60494f0bea76eef89f0a8b74dd5235092888bbedf7781d982a527ba3528996ad,05ed12a61b9c1ea958e2cd47aba15354039220e7e24f03d370682eddb0e87cdd
crb2,bsc,0xee6de822159765daf0fd72d71529d7ab026ec2f2,39651175,eth_getCode@fork; EIP-1967 slots@fork; beacon/diamond resolution; deployment tx,0xee6de822159765daf0fd72d71529d7ab026ec2f2,39651175,,,PARTIAL,True,ca2-9a214e9ce45a57c562e3,3,93ac3301b0f9289e4adb8c397068b7429c3b698493205f63018fda0edd7699ed,False,1,3,3,True,2942b2819e08d00d8eb23bee9815e9c644757421e92e3c1307a45b057e264cf1,60494f0bea76eef89f0a8b74dd5235092888bbedf7781d982a527ba3528996ad,05ed12a61b9c1ea958e2cd47aba15354039220e7e24f03d370682eddb0e87cdd
dbw,bsc,0xbf5baea5113e9eb7009a6680747f2c7569dfc2d6,26745691,eth_getCode@fork; EIP-1967 slots@fork; beacon/diamond resolution; deployment tx,0xbf5baea5113e9eb7009a6680747f2c7569dfc2d6,26745691,,,PARTIAL,True,ca2-33375f53486ac02fc6d2,1,947893e4b0c2ac05a19ec7ff0d64907cd239dd9e856fe26bf9e28d3f9c51251c,False,1,3,3,True,2942b2819e08d00d8eb23bee9815e9c644757421e92e3c1307a45b057e264cf1,60494f0bea76eef89f0a8b74dd5235092888bbedf7781d982a527ba3528996ad,05ed12a61b9c1ea958e2cd47aba15354039220e7e24f03d370682eddb0e87cdd
ncd,bsc,0x9601313572ecd84b6b42dbc3e47bc54f8177558e,39253639,eth_getCode@fork; EIP-1967 slots@fork; beacon/diamond resolution; deployment tx,0x9601313572ecd84b6b42dbc3e47bc54f8177558e,39253639,,,PARTIAL,True,ca2-0727c8432700660b91c2,3,96a5739f0696862fed78b4cad4d1665902b7e27f24a12480e1b3f2c98a0d3358,False,1,3,3,True,2942b2819e08d00d8eb23bee9815e9c644757421e92e3c1307a45b057e264cf1,60494f0bea76eef89f0a8b74dd5235092888bbedf7781d982a527ba3528996ad,05ed12a61b9c1ea958e2cd47aba15354039220e7e24f03d370682eddb0e87cdd
uearnpool,bsc,0x02d841b976298dcd37ed6cc59f75d9dd39a3690c,23120167,eth_getCode@fork; EIP-1967 slots@fork; beacon/diamond resolution; deployment tx,0x02d841b976298dcd37ed6cc59f75d9dd39a3690c,23120167,,,PARTIAL,True,ca2-cd8110008dfe201e0222,0,97391c85ab94913e8f80b0c742c9a0d6970ce0c2df2f80b58b70f53d3abcd028,False,1,3,3,True,2942b2819e08d00d8eb23bee9815e9c644757421e92e3c1307a45b057e264cf1,60494f0bea76eef89f0a8b74dd5235092888bbedf7781d982a527ba3528996ad,05ed12a61b9c1ea958e2cd47aba15354039220e7e24f03d370682eddb0e87cdd
bankroll,bsc,0x564d4126af2b195ffaa7fb470ed658b1d9d07a54,42481610,eth_getCode@fork; EIP-1967 slots@fork; beacon/diamond resolution; deployment tx,0x564d4126af2b195ffaa7fb470ed658b1d9d07a54,42481610,,,PARTIAL,True,ca2-003bb3e01f9c7c13410b,3,97d20d5cdc211136988d38e97b2c4cea1866000f0f6a13cb6afeafeadbfcbcbf,False,1,3,3,True,2942b2819e08d00d8eb23bee9815e9c644757421e92e3c1307a45b057e264cf1,60494f0bea76eef89f0a8b74dd5235092888bbedf7781d982a527ba3528996ad,05ed12a61b9c1ea958e2cd47aba15354039220e7e24f03d370682eddb0e87cdd
osn,bsc,0x810f4c6ae97bcc66da5ae6383cc31bd3670f6d13,38474365,eth_getCode@fork; EIP-1967 slots@fork; beacon/diamond resolution; deployment tx,0x810f4c6ae97bcc66da5ae6383cc31bd3670f6d13,38474365,,,PARTIAL,True,ca2-351de4f0c9d0919d5212,2,99afd341128596d687d06e740b0df22d010cf7df757f5d8e2db06fba989b33c4,False,1,3,3,True,2942b2819e08d00d8eb23bee9815e9c644757421e92e3c1307a45b057e264cf1,60494f0bea76eef89f0a8b74dd5235092888bbedf7781d982a527ba3528996ad,05ed12a61b9c1ea958e2cd47aba15354039220e7e24f03d370682eddb0e87cdd
redkeyscoin,bsc,0x71e3056aa4985de9f5441f079e6c74454a3c95f0,39079951,eth_getCode@fork; EIP-1967 slots@fork; beacon/diamond resolution; deployment tx,0x71e3056aa4985de9f5441f079e6c74454a3c95f0,39079951,,,PARTIAL,True,ca2-645b4941b3f47a925ccb,3,9b36f70e9d546b4bd0771e89c82f99f079007ccedc69ee30bcf999d7ef15116f,False,1,3,3,True,2942b2819e08d00d8eb23bee9815e9c644757421e92e3c1307a45b057e264cf1,60494f0bea76eef89f0a8b74dd5235092888bbedf7781d982a527ba3528996ad,05ed12a61b9c1ea958e2cd47aba15354039220e7e24f03d370682eddb0e87cdd
openleverage,bsc,0x7bacb1c805cbbf7c4f74556a4b34fde7793d0887,32820951,eth_getCode@fork; EIP-1967 slots@fork; beacon/diamond resolution; deployment tx,0x7bacb1c805cbbf7c4f74556a4b34fde7793d0887,32820951,,,PARTIAL,True,ca2-ca180b9c5c90165fb523,2,9c08d712787855b395929645a3cd39e449137c4ca8a4d12e64a90aeb4e579f89,False,1,3,3,True,2942b2819e08d00d8eb23bee9815e9c644757421e92e3c1307a45b057e264cf1,60494f0bea76eef89f0a8b74dd5235092888bbedf7781d982a527ba3528996ad,05ed12a61b9c1ea958e2cd47aba15354039220e7e24f03d370682eddb0e87cdd
qixi,bsc,0x65f11b2de17c4af7a8f70858d6ccb63aac215697,20120884,eth_getCode@fork; EIP-1967 slots@fork; beacon/diamond resolution; deployment tx,0x65f11b2de17c4af7a8f70858d6ccb63aac215697,20120884,,,PARTIAL,True,ca2-7a7cf3302259e6efdd08,0,9d26d1f8d522535838288b91db4253163ef18f2bd929be1cf4a300d52dcfa257,False,1,3,3,True,2942b2819e08d00d8eb23bee9815e9c644757421e92e3c1307a45b057e264cf1,60494f0bea76eef89f0a8b74dd5235092888bbedf7781d982a527ba3528996ad,05ed12a61b9c1ea958e2cd47aba15354039220e7e24f03d370682eddb0e87cdd
laeeb,bsc,0xa2b8a15a07385ea933088c6bcbb38b84c1051a58,33053187,eth_getCode@fork; EIP-1967 slots@fork; beacon/diamond resolution; deployment tx,0xa2b8a15a07385ea933088c6bcbb38b84c1051a58,33053187,,,PARTIAL,True,ca2-99439e8d086734a4e7a2,2,a085a77e9397de2937a7d55744b6948a79ddac8c4326fe5e99b625adbacd2bda,False,1,3,3,True,2942b2819e08d00d8eb23bee9815e9c644757421e92e3c1307a45b057e264cf1,60494f0bea76eef89f0a8b74dd5235092888bbedf7781d982a527ba3528996ad,05ed12a61b9c1ea958e2cd47aba15354039220e7e24f03d370682eddb0e87cdd
sellc,bsc,0x274b3e185c9c8f4ddef79cb9a8dc0d94f73a7675,28092673,eth_getCode@fork; EIP-1967 slots@fork; beacon/diamond resolution; deployment tx,0x274b3e185c9c8f4ddef79cb9a8dc0d94f73a7675,28092673,,,PARTIAL,True,ca2-f18eddf4c9f68d58e510,1,a4793c3c444c392afe0801a7acf81f16979c897dc85bbac9aa204eb72bf99f7a,False,1,3,3,True,2942b2819e08d00d8eb23bee9815e9c644757421e92e3c1307a45b057e264cf1,60494f0bea76eef89f0a8b74dd5235092888bbedf7781d982a527ba3528996ad,05ed12a61b9c1ea958e2cd47aba15354039220e7e24f03d370682eddb0e87cdd
roi,bsc,0xe48b75dc1b131fd3a8364b0580f76efd04cf6e9c,21143795,eth_getCode@fork; EIP-1967 slots@fork; beacon/diamond resolution; deployment tx,0xe48b75dc1b131fd3a8364b0580f76efd04cf6e9c,21143795,,,PARTIAL,True,ca2-3b0aac1754ae5d74f870,0,a60568e0deb4d798a71cc081fcecd546d3e9ec1adafdb51709a0855da3a3feda,False,1,3,3,True,2942b2819e08d00d8eb23bee9815e9c644757421e92e3c1307a45b057e264cf1,60494f0bea76eef89f0a8b74dd5235092888bbedf7781d982a527ba3528996ad,05ed12a61b9c1ea958e2cd47aba15354039220e7e24f03d370682eddb0e87cdd
discover,bsc,0xe732a7bd6706cbd6834b300d7c56a8d2096723a7,18446845,eth_getCode@fork; EIP-1967 slots@fork; beacon/diamond resolution; deployment tx,0xe732a7bd6706cbd6834b300d7c56a8d2096723a7,18446845,,,PARTIAL,True,ca2-59b9ab9a48493aa5ebce,0,a64c1722a9969a3e70f9a18fa48aafb99d513b483a081834fb511cc308b92b3c,False,1,3,3,True,2942b2819e08d00d8eb23bee9815e9c644757421e92e3c1307a45b057e264cf1,60494f0bea76eef89f0a8b74dd5235092888bbedf7781d982a527ba3528996ad,05ed12a61b9c1ea958e2cd47aba15354039220e7e24f03d370682eddb0e87cdd
pump,bsc,0x09762e00ce0de8211f7002f70759447b1f2b1892,47169115,eth_getCode@fork; EIP-1967 slots@fork; beacon/diamond resolution; deployment tx,0x09762e00ce0de8211f7002f70759447b1f2b1892,47169115,,,PARTIAL,True,ca2-c0d0113d3c9a4aa47402,3,a71bb5156abe76e137b01cb0c92a91a979a5c37137ecf780d341568c8853a390,False,1,3,3,True,2942b2819e08d00d8eb23bee9815e9c644757421e92e3c1307a45b057e264cf1,60494f0bea76eef89f0a8b74dd5235092888bbedf7781d982a527ba3528996ad,05ed12a61b9c1ea958e2cd47aba15354039220e7e24f03d370682eddb0e87cdd
gym_1,bsc,0x1befe6f3f0e8edd2d4d15cae97baee01e51ea4a4,16798806,eth_getCode@fork; EIP-1967 slots@fork; beacon/diamond resolution; deployment tx,0x1befe6f3f0e8edd2d4d15cae97baee01e51ea4a4,16798806,,,PARTIAL,True,ca2-2c7f349f1a1765272f4b,0,a7b3391f4802e3944dcb13adcc1dbed91acf759cb0caa16fdea89207611655fc,False,1,3,3,True,2942b2819e08d00d8eb23bee9815e9c644757421e92e3c1307a45b057e264cf1,60494f0bea76eef89f0a8b74dd5235092888bbedf7781d982a527ba3528996ad,05ed12a61b9c1ea958e2cd47aba15354039220e7e24f03d370682eddb0e87cdd
tgbs,bsc,0xedecfa18cae067b2489a2287784a543069f950f4,36725819,eth_getCode@fork; EIP-1967 slots@fork; beacon/diamond resolution; deployment tx,0xedecfa18cae067b2489a2287784a543069f950f4,36725819,,,PARTIAL,True,ca2-ffeb7afe408bddf67264,2,a7c58fa07ec1e7ae1840f81974c68bfd5a07f85a1ac346fca7b869decc3f4683,False,1,3,3,True,2942b2819e08d00d8eb23bee9815e9c644757421e92e3c1307a45b057e264cf1,60494f0bea76eef89f0a8b74dd5235092888bbedf7781d982a527ba3528996ad,05ed12a61b9c1ea958e2cd47aba15354039220e7e24f03d370682eddb0e87cdd
kest,bsc,0x7dda132dd57b773a94e27c5caa97834a73510429,34402343,eth_getCode@fork; EIP-1967 slots@fork; beacon/diamond resolution; deployment tx,0x7dda132dd57b773a94e27c5caa97834a73510429,34402343,,,PARTIAL,True,ca2-1769b603523b156d5e27,2,a81f4e7958cd56b89e40d160169a4a138b2276ab0b46d2a1dd625bb416ccb4bc,False,1,3,3,True,2942b2819e08d00d8eb23bee9815e9c644757421e92e3c1307a45b057e264cf1,60494f0bea76eef89f0a8b74dd5235092888bbedf7781d982a527ba3528996ad,05ed12a61b9c1ea958e2cd47aba15354039220e7e24f03d370682eddb0e87cdd
bxh,bsc,0x27539b1dee647b38e1b987c41c5336b1a8dce663,21727289,eth_getCode@fork; EIP-1967 slots@fork; beacon/diamond resolution; deployment tx,0x27539b1dee647b38e1b987c41c5336b1a8dce663,21727289,,,PARTIAL,True,ca2-60b7a39b3acbf3ed1937,0,a8a522173aa0873f01fb7d215f204fc881d52db1e9c7bf458c186b94c7926db0,False,1,3,3,True,2942b2819e08d00d8eb23bee9815e9c644757421e92e3c1307a45b057e264cf1,60494f0bea76eef89f0a8b74dd5235092888bbedf7781d982a527ba3528996ad,05ed12a61b9c1ea958e2cd47aba15354039220e7e24f03d370682eddb0e87cdd
ivestdao,bsc,0x2607118d363789f841d952f02e359bfa483955f9,41289497,eth_getCode@fork; EIP-1967 slots@fork; beacon/diamond resolution; deployment tx,0x2607118d363789f841d952f02e359bfa483955f9,41289497,,,PARTIAL,True,ca2-00003c2c7afe8e9ef32d,3,a8e843b120c485bff98a9f9ce66ee9d21839a102b13500be28d5740bb43ca9e5,False,1,3,3,True,2942b2819e08d00d8eb23bee9815e9c644757421e92e3c1307a45b057e264cf1,60494f0bea76eef89f0a8b74dd5235092888bbedf7781d982a527ba3528996ad,05ed12a61b9c1ea958e2cd47aba15354039220e7e24f03d370682eddb0e87cdd
lusd,bsc,0xdec12a1dcbc1f741ccd02dfd862ab226f6383003,29756866,eth_getCode@fork; EIP-1967 slots@fork; beacon/diamond resolution; deployment tx,0xdec12a1dcbc1f741ccd02dfd862ab226f6383003,29756866,,,PARTIAL,True,ca2-eafba3ad227d4a51d107,1,a9791384fa6e66742ab1cc572ba4ab1d66d52df8ad58aa0259f54e6375a678d4,False,1,3,3,True,2942b2819e08d00d8eb23bee9815e9c644757421e92e3c1307a45b057e264cf1,60494f0bea76eef89f0a8b74dd5235092888bbedf7781d982a527ba3528996ad,05ed12a61b9c1ea958e2cd47aba15354039220e7e24f03d370682eddb0e87cdd
bigfi,bsc,0xd3d4b46db01c006fb165879f343fc13174a1ceeb,26685503,eth_getCode@fork; EIP-1967 slots@fork; beacon/diamond resolution; deployment tx,0xd3d4b46db01c006fb165879f343fc13174a1ceeb,26685503,,,PARTIAL,True,ca2-d78f4dfccb15753abb19,1,aa86d8f0d5fa7b628242bf375e36240f4e0da8049ab69568b9fd9261166fc2e2,False,1,3,3,True,2942b2819e08d00d8eb23bee9815e9c644757421e92e3c1307a45b057e264cf1,60494f0bea76eef89f0a8b74dd5235092888bbedf7781d982a527ba3528996ad,05ed12a61b9c1ea958e2cd47aba15354039220e7e24f03d370682eddb0e87cdd
myai,bsc,0xdb103fd28ca4b18115f5ce908baaeed7e0f1f101,29554343,eth_getCode@fork; EIP-1967 slots@fork; beacon/diamond resolution; deployment tx,0xdb103fd28ca4b18115f5ce908baaeed7e0f1f101,29554343,,,PARTIAL,True,ca2-522ebe1e13a3ab2c2fe8,1,aacf8cd9e765eb9a67ed7c9e1d50e617fa7bb4245325aca7772b0070cb257643,False,1,3,3,True,2942b2819e08d00d8eb23bee9815e9c644757421e92e3c1307a45b057e264cf1,60494f0bea76eef89f0a8b74dd5235092888bbedf7781d982a527ba3528996ad,05ed12a61b9c1ea958e2cd47aba15354039220e7e24f03d370682eddb0e87cdd
minestm,bsc,0xb7d0a1adafa3e9e8d8e244c20b6277bee17a09b6,39383149,eth_getCode@fork; EIP-1967 slots@fork; beacon/diamond resolution; deployment tx,0xb7d0a1adafa3e9e8d8e244c20b6277bee17a09b6,39383149,,,PARTIAL,True,ca2-04c30f824141f500c195,3,aad5f88a4e4d47f35bd2525f105e2c471400156029f22375f0e4298ead2720eb,False,1,3,3,True,2942b2819e08d00d8eb23bee9815e9c644757421e92e3c1307a45b057e264cf1,60494f0bea76eef89f0a8b74dd5235092888bbedf7781d982a527ba3528996ad,05ed12a61b9c1ea958e2cd47aba15354039220e7e24f03d370682eddb0e87cdd
bankroll_stack,bsc,0x16d0a151297a0393915239373897bcc955882110,51698203,eth_getCode@fork; EIP-1967 slots@fork; beacon/diamond resolution; deployment tx,0x16d0a151297a0393915239373897bcc955882110,51698203,,,PARTIAL,True,ca2-76efd7743f4d9234ff8d,3,ab140f0efffd933f934030c37e0a630e60c3a730a0c02fe8868d81dcee797911,False,1,3,3,True,2942b2819e08d00d8eb23bee9815e9c644757421e92e3c1307a45b057e264cf1,60494f0bea76eef89f0a8b74dd5235092888bbedf7781d982a527ba3528996ad,05ed12a61b9c1ea958e2cd47aba15354039220e7e24f03d370682eddb0e87cdd
wdoge,bsc,0x46ba8a59f4863bd20a066fd985b163235425b5f9,17248705,eth_getCode@fork; EIP-1967 slots@fork; beacon/diamond resolution; deployment tx,0x46ba8a59f4863bd20a066fd985b163235425b5f9,17248705,,,PARTIAL,True,ca2-76e88e5b8b6fbabe3012,0,aded78eeb71501ba96b78e8d28e420748ad2863922b70ca3fc931954d57b58a1,False,1,3,3,True,2942b2819e08d00d8eb23bee9815e9c644757421e92e3c1307a45b057e264cf1,60494f0bea76eef89f0a8b74dd5235092888bbedf7781d982a527ba3528996ad,05ed12a61b9c1ea958e2cd47aba15354039220e7e24f03d370682eddb0e87cdd
biswap,bsc,0x839b0afd0a0528ea184448e890cbaaffd99c1dbf,29554461,eth_getCode@fork; EIP-1967 slots@fork; beacon/diamond resolution; deployment tx,0x839b0afd0a0528ea184448e890cbaaffd99c1dbf,29554461,,,PARTIAL,True,ca2-41967b2b5f0bb253dcc3,1,adedbca4eafd67f01087f0badc0ab84ddc2f8bff6e9a7da7861351aeff84343c,False,1,3,3,True,2942b2819e08d00d8eb23bee9815e9c644757421e92e3c1307a45b057e264cf1,60494f0bea76eef89f0a8b74dd5235092888bbedf7781d982a527ba3528996ad,05ed12a61b9c1ea958e2cd47aba15354039220e7e24f03d370682eddb0e87cdd
valuedefi,bsc,0xd4bbf439d3eab5155ca7c0537e583088fb4cfce8,7223029,eth_getCode@fork; EIP-1967 slots@fork; beacon/diamond resolution; deployment tx,0xd4bbf439d3eab5155ca7c0537e583088fb4cfce8,7223029,,,PARTIAL,True,ca2-293982257dd654edb222,0,ae38743bdd0c1e19c33af6d51050f4cf1a36c854ad033506803279a8ee2ee59d,False,1,3,3,True,2942b2819e08d00d8eb23bee9815e9c644757421e92e3c1307a45b057e264cf1,60494f0bea76eef89f0a8b74dd5235092888bbedf7781d982a527ba3528996ad,05ed12a61b9c1ea958e2cd47aba15354039220e7e24f03d370682eddb0e87cdd
cellframe,bsc,0xb4e47c13db187d54839cd1e08422af57e5348fc1,28708273,eth_getCode@fork; EIP-1967 slots@fork; beacon/diamond resolution; deployment tx,0xb4e47c13db187d54839cd1e08422af57e5348fc1,28708273,,,PARTIAL,True,ca2-0fab25d3b5b764c482c5,1,afadc0c17fa0451dc5fdf93bab35c635d06d659150d1a460387dd8f5277d6a18,False,1,3,3,True,2942b2819e08d00d8eb23bee9815e9c644757421e92e3c1307a45b057e264cf1,60494f0bea76eef89f0a8b74dd5235092888bbedf7781d982a527ba3528996ad,05ed12a61b9c1ea958e2cd47aba15354039220e7e24f03d370682eddb0e87cdd
metadragon,bsc,0xef1f39d8391cddcaee62b8b383cb992f46a6ce4f,39141426,eth_getCode@fork; EIP-1967 slots@fork; beacon/diamond resolution; deployment tx,0xef1f39d8391cddcaee62b8b383cb992f46a6ce4f,39141426,,,PARTIAL,True,ca2-9896be8cb2fd2c2b336c,3,b0b661d8d167fa40b1bbc203650cabc87acea212b57d86c0050aa00ac69f7287,False,1,3,3,True,2942b2819e08d00d8eb23bee9815e9c644757421e92e3c1307a45b057e264cf1,60494f0bea76eef89f0a8b74dd5235092888bbedf7781d982a527ba3528996ad,05ed12a61b9c1ea958e2cd47aba15354039220e7e24f03d370682eddb0e87cdd
gangsterfinance,bsc,0xe968d2e4adc89609773571301abec3399d163c3b,51782712,eth_getCode@fork; EIP-1967 slots@fork; beacon/diamond resolution; deployment tx,0xe968d2e4adc89609773571301abec3399d163c3b,51782712,,,PARTIAL,True,ca2-a5e7a267cfa0aa860481,3,b1020dd1bf77f2ca68d4f51040f50025f067b2e4ce7e97a42846136478c41661,False,1,3,3,True,2942b2819e08d00d8eb23bee9815e9c644757421e92e3c1307a45b057e264cf1,60494f0bea76eef89f0a8b74dd5235092888bbedf7781d982a527ba3528996ad,05ed12a61b9c1ea958e2cd47aba15354039220e7e24f03d370682eddb0e87cdd
poolz,bsc,0x8bfaa473a899439d8e07bf86a8c6ce5de42fe54b,26475403,eth_getCode@fork; EIP-1967 slots@fork; beacon/diamond resolution; deployment tx,0x8bfaa473a899439d8e07bf86a8c6ce5de42fe54b,26475403,,,PARTIAL,True,ca2-ffbe4d4d4db010d46d01,1,b2db221459244a58bffb6747daee765cd785b0368cf680450d9bb60f37e6b345,False,1,3,3,True,2942b2819e08d00d8eb23bee9815e9c644757421e92e3c1307a45b057e264cf1,60494f0bea76eef89f0a8b74dd5235092888bbedf7781d982a527ba3528996ad,05ed12a61b9c1ea958e2cd47aba15354039220e7e24f03d370682eddb0e87cdd
pancakehunny,bsc,0x109ea28dbdea5e6ec126fbc8c33845dfe812a300,7962338,eth_getCode@fork; EIP-1967 slots@fork; beacon/diamond resolution; deployment tx,0x109ea28dbdea5e6ec126fbc8c33845dfe812a300,7962338,,,PARTIAL,True,ca2-275669506c0506e44e0f,0,b3e73744f5ec33947c5835fa7b7e24c8d2ad7a94171843416c0159056f9453be,False,1,3,3,True,2942b2819e08d00d8eb23bee9815e9c644757421e92e3c1307a45b057e264cf1,60494f0bea76eef89f0a8b74dd5235092888bbedf7781d982a527ba3528996ad,05ed12a61b9c1ea958e2cd47aba15354039220e7e24f03d370682eddb0e87cdd
excommunity,bsc,0xdf4895cd8247284ae3a7b3e28cf6c03113fada5f,39123756,eth_getCode@fork; EIP-1967 slots@fork; beacon/diamond resolution; deployment tx,0xdf4895cd8247284ae3a7b3e28cf6c03113fada5f,39123756,,,PARTIAL,True,ca2-3503e03a9a7fd4a87fe3,3,b59127f7aa982b14c3cd7fe02a3b5094e040145155cf762c4bebdfb71d85c9b8,False,1,3,3,True,2942b2819e08d00d8eb23bee9815e9c644757421e92e3c1307a45b057e264cf1,60494f0bea76eef89f0a8b74dd5235092888bbedf7781d982a527ba3528996ad,05ed12a61b9c1ea958e2cd47aba15354039220e7e24f03d370682eddb0e87cdd
sdao,bsc,0x6666625ab26131b490e7015333f97306f05bf816,23241440,eth_getCode@fork; EIP-1967 slots@fork; beacon/diamond resolution; deployment tx,0x6666625ab26131b490e7015333f97306f05bf816,23241440,,,PARTIAL,True,ca2-8b0370be76c7c7e05d59,1,b66307dae27fbdf390496d3199b535b5271314ca5be4d345ca3b8552b9fc2647,False,1,3,3,True,2942b2819e08d00d8eb23bee9815e9c644757421e92e3c1307a45b057e264cf1,60494f0bea76eef89f0a8b74dd5235092888bbedf7781d982a527ba3528996ad,05ed12a61b9c1ea958e2cd47aba15354039220e7e24f03d370682eddb0e87cdd
sellc02,bsc,0xeaf83465025b4bf9020fdf9ea5fb6e71dc8a0779,28187317,eth_getCode@fork; EIP-1967 slots@fork; beacon/diamond resolution; deployment tx,0xeaf83465025b4bf9020fdf9ea5fb6e71dc8a0779,28187317,,,PARTIAL,True,ca2-8ce9d12a815961338519,1,b7a8b20f5cc57ee8360cae0396fd98dc4cac0a48ae050d4c15f42617cb5f9db8,False,1,3,3,True,2942b2819e08d00d8eb23bee9815e9c644757421e92e3c1307a45b057e264cf1,60494f0bea76eef89f0a8b74dd5235092888bbedf7781d982a527ba3528996ad,05ed12a61b9c1ea958e2cd47aba15354039220e7e24f03d370682eddb0e87cdd
ais,bsc,0x6844ef18012a383c14e9a76a93602616ee9d6132,33916687,eth_getCode@fork; EIP-1967 slots@fork; beacon/diamond resolution; deployment tx,0x6844ef18012a383c14e9a76a93602616ee9d6132,33916687,,,PARTIAL,True,ca2-c5f49d371d24304e62b2,2,b9199601420f2bbd226ff96447e344cde42dba0c619add4d745ddb9f2b49f864,False,1,3,3,True,2942b2819e08d00d8eb23bee9815e9c644757421e92e3c1307a45b057e264cf1,60494f0bea76eef89f0a8b74dd5235092888bbedf7781d982a527ba3528996ad,05ed12a61b9c1ea958e2cd47aba15354039220e7e24f03d370682eddb0e87cdd
trustpad,bsc,0xe613c058701c768e0d04d1bf8e6a6dc1a0c6d48a,33260104,eth_getCode@fork; EIP-1967 slots@fork; beacon/diamond resolution; deployment tx,0xe613c058701c768e0d04d1bf8e6a6dc1a0c6d48a,33260104,,,PARTIAL,True,ca2-55d26359a2d08ac915c0,2,b95e684382fea0ce4d41f21d5fd8de1e5045fc7698754d8acc57b1d0104acfd3,False,1,3,3,True,2942b2819e08d00d8eb23bee9815e9c644757421e92e3c1307a45b057e264cf1,60494f0bea76eef89f0a8b74dd5235092888bbedf7781d982a527ba3528996ad,05ed12a61b9c1ea958e2cd47aba15354039220e7e24f03d370682eddb0e87cdd
julswap,bsc,0x32dffc3fe8e3ef3571bf8a72c0d0015c5373f41d,7785586,eth_getCode@fork; EIP-1967 slots@fork; beacon/diamond resolution; deployment tx,0x32dffc3fe8e3ef3571bf8a72c0d0015c5373f41d,7785586,,,PARTIAL,True,ca2-a517ebcd851bcd0a26cd,0,ba259da78e7b5d1252006bc83e7d9df8f0717b133906092ccae6865bf119b342,False,1,3,3,True,2942b2819e08d00d8eb23bee9815e9c644757421e92e3c1307a45b057e264cf1,60494f0bea76eef89f0a8b74dd5235092888bbedf7781d982a527ba3528996ad,05ed12a61b9c1ea958e2cd47aba15354039220e7e24f03d370682eddb0e87cdd
wgpt,bsc,0x1f415255f7e2a8546559a553e962de7bc60d7942,29891709,eth_getCode@fork; EIP-1967 slots@fork; beacon/diamond resolution; deployment tx,0x1f415255f7e2a8546559a553e962de7bc60d7942,29891709,,,PARTIAL,True,ca2-3ceb352e665fb61f7402,1,ba285f04822d33637cc8ed5f3d2241ecfbb5a32faa693710e414398919ae4e3a,False,1,3,3,True,2942b2819e08d00d8eb23bee9815e9c644757421e92e3c1307a45b057e264cf1,60494f0bea76eef89f0a8b74dd5235092888bbedf7781d982a527ba3528996ad,05ed12a61b9c1ea958e2cd47aba15354039220e7e24f03d370682eddb0e87cdd
neverfall,bsc,0x5abde8b434133c98c36f4b21476791d95d888bf5,27863177,eth_getCode@fork; EIP-1967 slots@fork; beacon/diamond resolution; deployment tx,0x5abde8b434133c98c36f4b21476791d95d888bf5,27863177,,,PARTIAL,True,ca2-10135a96af2e104eb4a4,1,bb27d48100c6190a51cb5c853160b7415146a99a6e0566b0b361b71a68c90188,False,1,3,3,True,2942b2819e08d00d8eb23bee9815e9c644757421e92e3c1307a45b057e264cf1,60494f0bea76eef89f0a8b74dd5235092888bbedf7781d982a527ba3528996ad,05ed12a61b9c1ea958e2cd47aba15354039220e7e24f03d370682eddb0e87cdd
yiedl,bsc,0x4edda16ab4f4cc46b160abc42763ba63885862a4,38126753,eth_getCode@fork; EIP-1967 slots@fork; beacon/diamond resolution; deployment tx,0x4edda16ab4f4cc46b160abc42763ba63885862a4,38126753,,,PARTIAL,True,ca2-5844befdcedaeb2de0d2,2,bc2b7cffd51b1b669af8e0b767ceaae401b11f2862f38e2366447ae48b9569dc,False,1,3,3,True,2942b2819e08d00d8eb23bee9815e9c644757421e92e3c1307a45b057e264cf1,60494f0bea76eef89f0a8b74dd5235092888bbedf7781d982a527ba3528996ad,05ed12a61b9c1ea958e2cd47aba15354039220e7e24f03d370682eddb0e87cdd
res_2,bsc,0xeccd8b08ac3b587b7175d40fb9c60a20990f8d21,21948016,eth_getCode@fork; EIP-1967 slots@fork; beacon/diamond resolution; deployment tx,0xeccd8b08ac3b587b7175d40fb9c60a20990f8d21,21948016,,,PARTIAL,True,ca2-301863287cb1e49bdbb5,0,bcfc481a1d9f6beb81ed1363d80e98845aaf2e9a6ff884fb7ff17e46183f095f,False,1,3,3,True,2942b2819e08d00d8eb23bee9815e9c644757421e92e3c1307a45b057e264cf1,60494f0bea76eef89f0a8b74dd5235092888bbedf7781d982a527ba3528996ad,05ed12a61b9c1ea958e2cd47aba15354039220e7e24f03d370682eddb0e87cdd
alp,bsc,0xd188492217f09d18f2b0ece3f8948015981e961a,36727073,eth_getCode@fork; EIP-1967 slots@fork; beacon/diamond resolution; deployment tx,0xd188492217f09d18f2b0ece3f8948015981e961a,36727073,,,PARTIAL,True,ca2-b5a8e682aba465a7a0f6,2,bec6f205bfd46c7100f6c74e9a269809fc75fd2069816d78ab2dd99d160fe198,False,1,3,3,True,2942b2819e08d00d8eb23bee9815e9c644757421e92e3c1307a45b057e264cf1,60494f0bea76eef89f0a8b74dd5235092888bbedf7781d982a527ba3528996ad,05ed12a61b9c1ea958e2cd47aba15354039220e7e24f03d370682eddb0e87cdd
gymnet,bsc,0x6b869795937dd2b6f4e03d5a0ffd07a8ad8c095b,30448986,eth_getCode@fork; EIP-1967 slots@fork; beacon/diamond resolution; deployment tx,0x6b869795937dd2b6f4e03d5a0ffd07a8ad8c095b,30448986,,,PARTIAL,True,ca2-62fc7b9b9ac57e1b7351,2,bf52619a31cf186ddfe288fe079f71987fb933a14071766621d18dd51a52c998,False,1,3,3,True,2942b2819e08d00d8eb23bee9815e9c644757421e92e3c1307a45b057e264cf1,60494f0bea76eef89f0a8b74dd5235092888bbedf7781d982a527ba3528996ad,05ed12a61b9c1ea958e2cd47aba15354039220e7e24f03d370682eddb0e87cdd
dpc,bsc,0xb75ca3c3e99747d0e2f6e75a9fbd17f5ac03cebe,21179209,eth_getCode@fork; EIP-1967 slots@fork; beacon/diamond resolution; deployment tx,0xb75ca3c3e99747d0e2f6e75a9fbd17f5ac03cebe,21179209,,,PARTIAL,True,ca2-0aa20008e0303e8a5201,0,c099c299afbc085a2befd258c4e947e3bdd2cb145d2b101cde72b540d6bae364,False,1,3,3,True,2942b2819e08d00d8eb23bee9815e9c644757421e92e3c1307a45b057e264cf1,60494f0bea76eef89f0a8b74dd5235092888bbedf7781d982a527ba3528996ad,05ed12a61b9c1ea958e2cd47aba15354039220e7e24f03d370682eddb0e87cdd
hct,bsc,0x0fdfcfc398ccc90124a0a41d920d6e2d0bd8ccf5,31528197,eth_getCode@fork; EIP-1967 slots@fork; beacon/diamond resolution; deployment tx,0x0fdfcfc398ccc90124a0a41d920d6e2d0bd8ccf5,31528197,,,PARTIAL,True,ca2-573d346bb7ac970e759a,2,c0bf78c73699208ee34e9c0e42c31c9549e1a36510fe5fc38694b32825ee7b29,False,1,3,3,True,2942b2819e08d00d8eb23bee9815e9c644757421e92e3c1307a45b057e264cf1,60494f0bea76eef89f0a8b74dd5235092888bbedf7781d982a527ba3528996ad,05ed12a61b9c1ea958e2cd47aba15354039220e7e24f03d370682eddb0e87cdd
egd_finance,bsc,0x34bd6dba456bc31c2b3393e499fa10bed32a9370,20245522,eth_getCode@fork; EIP-1967 slots@fork; beacon/diamond resolution; deployment tx,0x34bd6dba456bc31c2b3393e499fa10bed32a9370,20245522,,,PARTIAL,True,ca2-29064c97bd3050d5cc0b,0,c0cd4c007f479d68e9c1cb0bfe389b647b5585585610318407ab44f32ad1cbc3,False,1,3,3,True,2942b2819e08d00d8eb23bee9815e9c644757421e92e3c1307a45b057e264cf1,60494f0bea76eef89f0a8b74dd5235092888bbedf7781d982a527ba3528996ad,05ed12a61b9c1ea958e2cd47aba15354039220e7e24f03d370682eddb0e87cdd
bct,bsc,0x88b3eb62e363d9f153beab49c5c2ef2e785a375a,34204709,eth_getCode@fork; EIP-1967 slots@fork; beacon/diamond resolution; deployment tx,0x88b3eb62e363d9f153beab49c5c2ef2e785a375a,34204709,,,PARTIAL,True,ca2-6673e21002a8af6f4d12,2,c230f8c81d1004eba03b1130f461a4bcab43aacf1c822d31836c88dba40a8808,False,1,3,3,True,2942b2819e08d00d8eb23bee9815e9c644757421e92e3c1307a45b057e264cf1,60494f0bea76eef89f0a8b74dd5235092888bbedf7781d982a527ba3528996ad,05ed12a61b9c1ea958e2cd47aba15354039220e7e24f03d370682eddb0e87cdd
multicall_with_eth,bsc,0x3da0f00d5c4e544924bc7282e18497c4a4c92046,55371342,eth_getCode@fork; EIP-1967 slots@fork; beacon/diamond resolution; deployment tx,0x3da0f00d5c4e544924bc7282e18497c4a4c92046,55371342,,,PARTIAL,True,ca2-c6f760eb216df807a29b,3,c4c9d293064b1b131b960bddd0399eedb6f0c51237a089da8fc816087a400db9,False,1,3,3,True,2942b2819e08d00d8eb23bee9815e9c644757421e92e3c1307a45b057e264cf1,60494f0bea76eef89f0a8b74dd5235092888bbedf7781d982a527ba3528996ad,05ed12a61b9c1ea958e2cd47aba15354039220e7e24f03d370682eddb0e87cdd
rant_token,bsc,0xc321ac21a07b3d593b269acdace69c3762ca2dd0,52974381,eth_getCode@fork; EIP-1967 slots@fork; beacon/diamond resolution; deployment tx,0xc321ac21a07b3d593b269acdace69c3762ca2dd0,52974381,,,PARTIAL,True,ca2-b89108fafba359a9828c,3,c51c6bb931ea973792a203f3c382a5db4fe69b9ed9962068be6f6486c4139d89,False,1,3,3,True,2942b2819e08d00d8eb23bee9815e9c644757421e92e3c1307a45b057e264cf1,60494f0bea76eef89f0a8b74dd5235092888bbedf7781d982a527ba3528996ad,05ed12a61b9c1ea958e2cd47aba15354039220e7e24f03d370682eddb0e87cdd
multicall_with_xera,bsc,0xca11bde05977b3631167028862be2a173976ca11,58269337,eth_getCode@fork; EIP-1967 slots@fork; beacon/diamond resolution; deployment tx,0xca11bde05977b3631167028862be2a173976ca11,58269337,,,PARTIAL,True,ca2-3b5e98c9b74a83f683a0,3,c7748fe62beae93be47b00823e7d392d5d65b35d0af281ec77c75f0481cde1fa,False,1,3,3,True,2942b2819e08d00d8eb23bee9815e9c644757421e92e3c1307a45b057e264cf1,60494f0bea76eef89f0a8b74dd5235092888bbedf7781d982a527ba3528996ad,05ed12a61b9c1ea958e2cd47aba15354039220e7e24f03d370682eddb0e87cdd
bunn,bsc,0xc54aaecf5fa1b6c007d019a9d14dfb4a77cc3039,29304627,eth_getCode@fork; EIP-1967 slots@fork; beacon/diamond resolution; deployment tx,0xc54aaecf5fa1b6c007d019a9d14dfb4a77cc3039,29304627,,,PARTIAL,True,ca2-fa0880968324b82371e6,1,ca949a480d510fa6c58bf21ecc0d5578357daba74325780cbf8494a7f2bd21ae,False,1,3,3,True,2942b2819e08d00d8eb23bee9815e9c644757421e92e3c1307a45b057e264cf1,60494f0bea76eef89f0a8b74dd5235092888bbedf7781d982a527ba3528996ad,05ed12a61b9c1ea958e2cd47aba15354039220e7e24f03d370682eddb0e87cdd
squid,bsc,0xd309f0fd5c3b90ecfb7024ede7d329d9582492c5,37672969,eth_getCode@fork; EIP-1967 slots@fork; beacon/diamond resolution; deployment tx,0xd309f0fd5c3b90ecfb7024ede7d329d9582492c5,37672969,,,PARTIAL,True,ca2-b7fe5ed86edfbd9edb3a,2,cb3a1c8948474e48cf3166b2624b9bee563447b6873af1bda3a12a4bf66d9f67,False,1,3,3,True,2942b2819e08d00d8eb23bee9815e9c644757421e92e3c1307a45b057e264cf1,60494f0bea76eef89f0a8b74dd5235092888bbedf7781d982a527ba3528996ad,05ed12a61b9c1ea958e2cd47aba15354039220e7e24f03d370682eddb0e87cdd
bitpaidio,bsc,0x9d6d817ea5d4a69ff4c4509bea8f9b2534cec108,28176675,eth_getCode@fork; EIP-1967 slots@fork; beacon/diamond resolution; deployment tx,0x9d6d817ea5d4a69ff4c4509bea8f9b2534cec108,28176675,,,PARTIAL,True,ca2-59a1cba91e5790395c7b,1,cc34419cf082f0d1ef5c9fa9319e0c6fea3d446f609e18dd0b2d34f941d386ae,False,1,3,3,True,2942b2819e08d00d8eb23bee9815e9c644757421e92e3c1307a45b057e264cf1,60494f0bea76eef89f0a8b74dd5235092888bbedf7781d982a527ba3528996ad,05ed12a61b9c1ea958e2cd47aba15354039220e7e24f03d370682eddb0e87cdd
burnsdefi,bsc,0x4fb9657ac5d311dd54b37a75cfb873b127eb21fd,35858189,eth_getCode@fork; EIP-1967 slots@fork; beacon/diamond resolution; deployment tx,0x4fb9657ac5d311dd54b37a75cfb873b127eb21fd,35858189,,,PARTIAL,True,ca2-9afe6d86753053b06534,2,cd35f7618ff59ed421236116ae2d5c19f12f2369dc946a76dc8d247604b794cf,False,1,3,3,True,2942b2819e08d00d8eb23bee9815e9c644757421e92e3c1307a45b057e264cf1,60494f0bea76eef89f0a8b74dd5235092888bbedf7781d982a527ba3528996ad,05ed12a61b9c1ea958e2cd47aba15354039220e7e24f03d370682eddb0e87cdd
hpay,bsc,0xe9bc03ef08e991a99f1bd095a8590499931dcc30,22280853,eth_getCode@fork; EIP-1967 slots@fork; beacon/diamond resolution; deployment tx,0xe9bc03ef08e991a99f1bd095a8590499931dcc30,22280853,,,PARTIAL,True,ca2-a04b6477783c9f312b9f,0,cea7db6a41f4c112525532e24878b251c4e8d4c6829608bf3ca87538cc8a5838,False,1,3,3,True,2942b2819e08d00d8eb23bee9815e9c644757421e92e3c1307a45b057e264cf1,60494f0bea76eef89f0a8b74dd5235092888bbedf7781d982a527ba3528996ad,05ed12a61b9c1ea958e2cd47aba15354039220e7e24f03d370682eddb0e87cdd
thb,bsc,0xae191ca19f0f8e21d754c6cab99107ed62b6fe53,21785004,eth_getCode@fork; EIP-1967 slots@fork; beacon/diamond resolution; deployment tx,0xae191ca19f0f8e21d754c6cab99107ed62b6fe53,21785004,,,PARTIAL,True,ca2-997649be77b639049862,0,cfc6b76eb4637a636f35167cd505a9fb8fc8f8babe8dcf4ed59faa317310b71b,False,1,3,3,True,2942b2819e08d00d8eb23bee9815e9c644757421e92e3c1307a45b057e264cf1,60494f0bea76eef89f0a8b74dd5235092888bbedf7781d982a527ba3528996ad,05ed12a61b9c1ea958e2cd47aba15354039220e7e24f03d370682eddb0e87cdd
bra,bsc,0x449fea37d339a11efe1b181e5d5462464bba3752,24655771,eth_getCode@fork; EIP-1967 slots@fork; beacon/diamond resolution; deployment tx,0x449fea37d339a11efe1b181e5d5462464bba3752,24655771,,,PARTIAL,True,ca2-71d01a519d5b777ca8d5,1,d101b13e27fac4ff00fac2429bed371722c606f663fa7c103bd90a5c3a193eac,False,1,3,3,True,2942b2819e08d00d8eb23bee9815e9c644757421e92e3c1307a45b057e264cf1,60494f0bea76eef89f0a8b74dd5235092888bbedf7781d982a527ba3528996ad,05ed12a61b9c1ea958e2cd47aba15354039220e7e24f03d370682eddb0e87cdd
bno,bsc,0xdca503449899d5649d32175a255a8835a03e4006,30056629,eth_getCode@fork; EIP-1967 slots@fork; beacon/diamond resolution; deployment tx,0xdca503449899d5649d32175a255a8835a03e4006,30056629,,,PARTIAL,True,ca2-5011063427fa6a95c108,1,d1f756cb80471dade49eda6fa63fad4f9a5f66783114e4533a11a3731c5f1568,False,1,3,3,True,2942b2819e08d00d8eb23bee9815e9c644757421e92e3c1307a45b057e264cf1,60494f0bea76eef89f0a8b74dd5235092888bbedf7781d982a527ba3528996ad,05ed12a61b9c1ea958e2cd47aba15354039220e7e24f03d370682eddb0e87cdd
ddcoin,bsc,0xb3a636ac4c271e6cd962cad98eae9cf71f5a49c8,28714107,eth_getCode@fork; EIP-1967 slots@fork; beacon/diamond resolution; deployment tx,0xb3a636ac4c271e6cd962cad98eae9cf71f5a49c8,28714107,,,PARTIAL,True,ca2-0d94b0dee68d0b41352e,1,d26774dab946b21aa6becc05b17da5054cf9b8d8ddbd749b5a8f9e782025c0d0,False,1,3,3,True,2942b2819e08d00d8eb23bee9815e9c644757421e92e3c1307a45b057e264cf1,60494f0bea76eef89f0a8b74dd5235092888bbedf7781d982a527ba3528996ad,05ed12a61b9c1ea958e2cd47aba15354039220e7e24f03d370682eddb0e87cdd
bearndao,bsc,0x21125d94cfe886e7179c8d2fe8c1ea8d57c73e0e,34099688,eth_getCode@fork; EIP-1967 slots@fork; beacon/diamond resolution; deployment tx,0x21125d94cfe886e7179c8d2fe8c1ea8d57c73e0e,34099688,,,PARTIAL,True,ca2-56bcc5cdf2d34dd9c4fb,2,d8b745021f164737040147c6f7318e77332294fdddefe0500fc70c8770ea84cd,False,1,3,3,True,2942b2819e08d00d8eb23bee9815e9c644757421e92e3c1307a45b057e264cf1,60494f0bea76eef89f0a8b74dd5235092888bbedf7781d982a527ba3528996ad,05ed12a61b9c1ea958e2cd47aba15354039220e7e24f03d370682eddb0e87cdd
spacegodzilla,bsc,0x2287c04a15bb11ad1358ba5702c1c95e2d13a5e0,19523980,eth_getCode@fork; EIP-1967 slots@fork; beacon/diamond resolution; deployment tx,0x2287c04a15bb11ad1358ba5702c1c95e2d13a5e0,19523980,,,PARTIAL,True,ca2-ee23a7f09f8e25f5c7d9,0,d92ab0491e2608b0d083403a13c8f396bab60ad8ccc2900f861bab81e7c7fbd0,False,1,3,3,True,2942b2819e08d00d8eb23bee9815e9c644757421e92e3c1307a45b057e264cf1,60494f0bea76eef89f0a8b74dd5235092888bbedf7781d982a527ba3528996ad,05ed12a61b9c1ea958e2cd47aba15354039220e7e24f03d370682eddb0e87cdd
mic,bsc,0xb38c2d2d6a168d41aa8eb4cead47e01badbdcf57,34905161,eth_getCode@fork; EIP-1967 slots@fork; beacon/diamond resolution; deployment tx,0xb38c2d2d6a168d41aa8eb4cead47e01badbdcf57,34905161,,,PARTIAL,True,ca2-a17aa054e6a4e68a65d6,2,d9ba7e128c9a05bf3ed69284d0988881a1cb56278688cc1356fbc8bbb4806f88,False,1,3,3,True,2942b2819e08d00d8eb23bee9815e9c644757421e92e3c1307a45b057e264cf1,60494f0bea76eef89f0a8b74dd5235092888bbedf7781d982a527ba3528996ad,05ed12a61b9c1ea958e2cd47aba15354039220e7e24f03d370682eddb0e87cdd
sheepfarm,bsc,0x4726010da871f4b57b5031e3ea48bde961f122aa,23088156,eth_getCode@fork; EIP-1967 slots@fork; beacon/diamond resolution; deployment tx,0x4726010da871f4b57b5031e3ea48bde961f122aa,23088156,,,PARTIAL,True,ca2-87e3cee3e857278adb8f,0,dbb2dea3b27734b878c33e4f0c084223276ce894c7312a419de43d0a9549258e,False,1,3,3,True,2942b2819e08d00d8eb23bee9815e9c644757421e92e3c1307a45b057e264cf1,60494f0bea76eef89f0a8b74dd5235092888bbedf7781d982a527ba3528996ad,05ed12a61b9c1ea958e2cd47aba15354039220e7e24f03d370682eddb0e87cdd
sheepfarm2,bsc,0x4726010da871f4b57b5031e3ea48bde961f122aa,23089184,eth_getCode@fork; EIP-1967 slots@fork; beacon/diamond resolution; deployment tx,0x4726010da871f4b57b5031e3ea48bde961f122aa,23089184,,,PARTIAL,True,ca2-61379f018c08925d7ecc,0,dc78028761e6210385ef54f2e7a07308c5553eb0216c83911016d82d08dbbd62,False,1,3,3,True,2942b2819e08d00d8eb23bee9815e9c644757421e92e3c1307a45b057e264cf1,60494f0bea76eef89f0a8b74dd5235092888bbedf7781d982a527ba3528996ad,05ed12a61b9c1ea958e2cd47aba15354039220e7e24f03d370682eddb0e87cdd
zeed,bsc,0xe7748fce1d1e2f2fd2dddb5074bd074745dda8ea,17132514,eth_getCode@fork; EIP-1967 slots@fork; beacon/diamond resolution; deployment tx,0xe7748fce1d1e2f2fd2dddb5074bd074745dda8ea,17132514,,,PARTIAL,True,ca2-8accf6f062f57db1f918,0,dd8012a4ad67700ba7df505374c63923f88caa5947592a5c9b16fab7b4f04f23,False,1,3,3,True,2942b2819e08d00d8eb23bee9815e9c644757421e92e3c1307a45b057e264cf1,60494f0bea76eef89f0a8b74dd5235092888bbedf7781d982a527ba3528996ad,05ed12a61b9c1ea958e2cd47aba15354039220e7e24f03d370682eddb0e87cdd
mbc_zzsh,bsc,0x4e87880a72f6896e7e0a635a5838ffc89b13bd17,23474460,eth_getCode@fork; EIP-1967 slots@fork; beacon/diamond resolution; deployment tx,0x4e87880a72f6896e7e0a635a5838ffc89b13bd17,23474460,,,PARTIAL,True,ca2-5c60ed4125f7ab7d31ea,1,de543fa079a1d2e9fbd83e4fcdb7b0f4e62ddf3bfc83878f49413e14a87fce2c,False,1,3,3,True,2942b2819e08d00d8eb23bee9815e9c644757421e92e3c1307a45b057e264cf1,60494f0bea76eef89f0a8b74dd5235092888bbedf7781d982a527ba3528996ad,05ed12a61b9c1ea958e2cd47aba15354039220e7e24f03d370682eddb0e87cdd
atm,bsc,0xa5957e0e2565dc93880da7be32abcbdf55788888,37483300,eth_getCode@fork; EIP-1967 slots@fork; beacon/diamond resolution; deployment tx,0xa5957e0e2565dc93880da7be32abcbdf55788888,37483300,,,PARTIAL,True,ca2-d6ba3397ed249bc3a420,2,dee89479d02379b8d88255ae15a3c3bb25e8c7fc0bb7a457e4ce01d2316d38a6,False,1,3,3,True,2942b2819e08d00d8eb23bee9815e9c644757421e92e3c1307a45b057e264cf1,60494f0bea76eef89f0a8b74dd5235092888bbedf7781d982a527ba3528996ad,05ed12a61b9c1ea958e2cd47aba15354039220e7e24f03d370682eddb0e87cdd
ulme_2,bsc,0xae975a25646e6eb859615d0a147b909c13d31fed,22476695,eth_getCode@fork; EIP-1967 slots@fork; beacon/diamond resolution; deployment tx,0xae975a25646e6eb859615d0a147b909c13d31fed,22476695,,,PARTIAL,True,ca2-96f365accfda88170b34,0,df236f3f22156eac8b3a3fb1a741515458328413d5dbae4b9e3df77709d6e60c,False,1,3,3,True,2942b2819e08d00d8eb23bee9815e9c644757421e92e3c1307a45b057e264cf1,60494f0bea76eef89f0a8b74dd5235092888bbedf7781d982a527ba3528996ad,05ed12a61b9c1ea958e2cd47aba15354039220e7e24f03d370682eddb0e87cdd
ups,bsc,0x3da4828640ad831f3301a4597821cc3461b06678,37680754,eth_getCode@fork; EIP-1967 slots@fork; beacon/diamond resolution; deployment tx,0x3da4828640ad831f3301a4597821cc3461b06678,37680754,,,PARTIAL,True,ca2-70b6e2354548bbf8e66c,2,dfb5732df6966ff71807f2b20c8afcaf9fcf42fc3a007948a9d5d4b325e5700f,False,1,3,3,True,2942b2819e08d00d8eb23bee9815e9c644757421e92e3c1307a45b057e264cf1,60494f0bea76eef89f0a8b74dd5235092888bbedf7781d982a527ba3528996ad,05ed12a61b9c1ea958e2cd47aba15354039220e7e24f03d370682eddb0e87cdd
ploutoz,bsc,0x844fa82f1e54824655470970f7004dd90546bb28,12886415,eth_getCode@fork; EIP-1967 slots@fork; beacon/diamond resolution; deployment tx,0x844fa82f1e54824655470970f7004dd90546bb28,12886415,,,PARTIAL,True,ca2-1110a2625b12e4b110c0,0,e06d9c5ee98847ee2f9dd0c526291e0102d5504e22998ccf50773357bda9b48b,False,1,3,3,True,2942b2819e08d00d8eb23bee9815e9c644757421e92e3c1307a45b057e264cf1,60494f0bea76eef89f0a8b74dd5235092888bbedf7781d982a527ba3528996ad,05ed12a61b9c1ea958e2cd47aba15354039220e7e24f03d370682eddb0e87cdd
zs,bsc,0x12b3b6b1055b8ad1ae8f60a0b6c79a9825bcb4bc,32429591,eth_getCode@fork; EIP-1967 slots@fork; beacon/diamond resolution; deployment tx,0x12b3b6b1055b8ad1ae8f60a0b6c79a9825bcb4bc,32429591,,,PARTIAL,True,ca2-2f4322a54fd6caa407fe,2,e3f809729b817af8c70d0296a7d46d8f2e1750c8892e961d7f3ac31d70537c22,False,1,3,3,True,2942b2819e08d00d8eb23bee9815e9c644757421e92e3c1307a45b057e264cf1,60494f0bea76eef89f0a8b74dd5235092888bbedf7781d982a527ba3528996ad,05ed12a61b9c1ea958e2cd47aba15354039220e7e24f03d370682eddb0e87cdd
aur,bsc,0x70678291bddfd95498d1214be368e19e882f7614,23282134,eth_getCode@fork; EIP-1967 slots@fork; beacon/diamond resolution; deployment tx,0x70678291bddfd95498d1214be368e19e882f7614,23282134,,,PARTIAL,True,ca2-b141324cdd440e7feb3e,1,e4f9f9db875c8cebbf21e6e30ce95d6670531333f53a40b22fff83e09625e1a3,False,1,3,3,True,2942b2819e08d00d8eb23bee9815e9c644757421e92e3c1307a45b057e264cf1,60494f0bea76eef89f0a8b74dd5235092888bbedf7781d982a527ba3528996ad,05ed12a61b9c1ea958e2cd47aba15354039220e7e24f03d370682eddb0e87cdd
mosca,bsc,0x1962b3356122d6a56f978e112d14f5e23a25037d,45519929,eth_getCode@fork; EIP-1967 slots@fork; beacon/diamond resolution; deployment tx,0x1962b3356122d6a56f978e112d14f5e23a25037d,45519929,,,PARTIAL,True,ca2-786342530794b2d0e951,3,e5aa8065e5b6b9b2e04dfa85ab9dd85da313db9a7ebda1d8863a282e9a39e29f,False,1,3,3,True,2942b2819e08d00d8eb23bee9815e9c644757421e92e3c1307a45b057e264cf1,60494f0bea76eef89f0a8b74dd5235092888bbedf7781d982a527ba3528996ad,05ed12a61b9c1ea958e2cd47aba15354039220e7e24f03d370682eddb0e87cdd
omniestate,bsc,0x6f40a3d0c89cffdc8a1af212a019c220a295e9bb,24850696,eth_getCode@fork; EIP-1967 slots@fork; beacon/diamond resolution; deployment tx,0x6f40a3d0c89cffdc8a1af212a019c220a295e9bb,24850696,,,PARTIAL,True,ca2-9ed4dcb42bc3e395722f,1,e656ad62ca8b6d3414525881473b1cb028097d8682ba0a92b18b10c5563c090d,False,1,3,3,True,2942b2819e08d00d8eb23bee9815e9c644757421e92e3c1307a45b057e264cf1,60494f0bea76eef89f0a8b74dd5235092888bbedf7781d982a527ba3528996ad,05ed12a61b9c1ea958e2cd47aba15354039220e7e24f03d370682eddb0e87cdd
mamo,bsc,0x5813d7818c9d8f29a9a96b00031ef576e892def4,34083188,eth_getCode@fork; EIP-1967 slots@fork; beacon/diamond resolution; deployment tx,0x5813d7818c9d8f29a9a96b00031ef576e892def4,34083188,,,PARTIAL,True,ca2-6bc7737cc67404ed8f62,2,e67305aa0c6d5269596bb9cb51debdff5f16f38c64c524809f0bb07cfe90fd4b,False,1,3,3,True,2942b2819e08d00d8eb23bee9815e9c644757421e92e3c1307a45b057e264cf1,60494f0bea76eef89f0a8b74dd5235092888bbedf7781d982a527ba3528996ad,05ed12a61b9c1ea958e2cd47aba15354039220e7e24f03d370682eddb0e87cdd
newfi,bsc,0xb8dc09eec82cab2e86c7edc8dd5882dd92d22411,30043573,eth_getCode@fork; EIP-1967 slots@fork; beacon/diamond resolution; deployment tx,0xb8dc09eec82cab2e86c7edc8dd5882dd92d22411,30043573,,,PARTIAL,True,ca2-23403cb09827b5b8f43e,1,e6ee2a34cb12fb8036bae4259d31b12d92989a687c3b5a0ac79eab4e81c64f80,False,1,3,3,True,2942b2819e08d00d8eb23bee9815e9c644757421e92e3c1307a45b057e264cf1,60494f0bea76eef89f0a8b74dd5235092888bbedf7781d982a527ba3528996ad,05ed12a61b9c1ea958e2cd47aba15354039220e7e24f03d370682eddb0e87cdd
burgerswap,bsc,0x7ac55ac530f2c29659573bde0700c6758d69e677,7781159,eth_getCode@fork; EIP-1967 slots@fork; beacon/diamond resolution; deployment tx,0x7ac55ac530f2c29659573bde0700c6758d69e677,7781159,,,PARTIAL,True,ca2-28489e4d5123e702b7a8,0,e70aeca932b5ea4493a37c65dd6ab8c66766a9eca5764b6b625f197d0227becc,False,1,3,3,True,2942b2819e08d00d8eb23bee9815e9c644757421e92e3c1307a45b057e264cf1,60494f0bea76eef89f0a8b74dd5235092888bbedf7781d982a527ba3528996ad,05ed12a61b9c1ea958e2cd47aba15354039220e7e24f03d370682eddb0e87cdd
shido_2,bsc,0xaf0ca21363219c8f3d8050e7b61bb5f04e02f8d4,29365171,eth_getCode@fork; EIP-1967 slots@fork; beacon/diamond resolution; deployment tx,0xaf0ca21363219c8f3d8050e7b61bb5f04e02f8d4,29365171,,,PARTIAL,True,ca2-fff564d4ebd90a3fa837,1,e8ab8573449a330019209f87dc7577ac93e1a1ed3d07488c0cd939b5c5c9f9db,False,1,3,3,True,2942b2819e08d00d8eb23bee9815e9c644757421e92e3c1307a45b057e264cf1,60494f0bea76eef89f0a8b74dd5235092888bbedf7781d982a527ba3528996ad,05ed12a61b9c1ea958e2cd47aba15354039220e7e24f03d370682eddb0e87cdd
rl,bsc,0x335ddce3f07b0bdafc03f56c1b30d3b269366666,21794289,eth_getCode@fork; EIP-1967 slots@fork; beacon/diamond resolution; deployment tx,0x335ddce3f07b0bdafc03f56c1b30d3b269366666,21794289,,,PARTIAL,True,ca2-604ce8fc1c483067805c,0,e8f237c4077073014b39b1a501cd6d043a4efe9a0dd5872aba78dcb78f2a17ef,False,1,3,3,True,2942b2819e08d00d8eb23bee9815e9c644757421e92e3c1307a45b057e264cf1,60494f0bea76eef89f0a8b74dd5235092888bbedf7781d982a527ba3528996ad,05ed12a61b9c1ea958e2cd47aba15354039220e7e24f03d370682eddb0e87cdd
cftoken,bsc,0x8b7218cf6ac641382d7c723de8aa173e98a80196,16841980,eth_getCode@fork; EIP-1967 slots@fork; beacon/diamond resolution; deployment tx,0x8b7218cf6ac641382d7c723de8aa173e98a80196,16841980,,,PARTIAL,True,ca2-9975357170a08c396c9a,0,e999892ccb9101682e55520ba12aaaaeb276fbaa4d259419ecd5d1b24434fb7d,False,1,3,3,True,2942b2819e08d00d8eb23bee9815e9c644757421e92e3c1307a45b057e264cf1,60494f0bea76eef89f0a8b74dd5235092888bbedf7781d982a527ba3528996ad,05ed12a61b9c1ea958e2cd47aba15354039220e7e24f03d370682eddb0e87cdd
pdz,bsc,0x664201579057f50d23820d20558f4b61bd80bdda,57744490,eth_getCode@fork; EIP-1967 slots@fork; beacon/diamond resolution; deployment tx,0x664201579057f50d23820d20558f4b61bd80bdda,57744490,,,PARTIAL,True,ca2-fe0426b19503c34e1f18,3,ea6f9312307cc824a1ffb9ba386cdad54c849edca5df29f29a45e4aebb039fb7,False,1,3,3,True,2942b2819e08d00d8eb23bee9815e9c644757421e92e3c1307a45b057e264cf1,60494f0bea76eef89f0a8b74dd5235092888bbedf7781d982a527ba3528996ad,05ed12a61b9c1ea958e2cd47aba15354039220e7e24f03d370682eddb0e87cdd
bh,bsc,0xcc61cc9f2632314c9d452aca79104ddf680952b5,32512073,eth_getCode@fork; EIP-1967 slots@fork; beacon/diamond resolution; deployment tx,0xcc61cc9f2632314c9d452aca79104ddf680952b5,32512073,,,PARTIAL,True,ca2-8827a43c9b16b94734ae,2,eaf47f8ca2e730a83a67b2714ea8a7fd13b5564d90549e40153534ff95f1b4d8,False,1,3,3,True,2942b2819e08d00d8eb23bee9815e9c644757421e92e3c1307a45b057e264cf1,60494f0bea76eef89f0a8b74dd5235092888bbedf7781d982a527ba3528996ad,05ed12a61b9c1ea958e2cd47aba15354039220e7e24f03d370682eddb0e87cdd
it,bsc,0x1ac5fac863c0a026e029b173f2ae4d33938ab473,36934258,eth_getCode@fork; EIP-1967 slots@fork; beacon/diamond resolution; deployment tx,0x1ac5fac863c0a026e029b173f2ae4d33938ab473,36934258,,,PARTIAL,True,ca2-5293bf48f2bcc29baaff,2,ece2502a433a4e3ca0a427b37c8bd54070d42c1b66433aaf924d2531944fb6a9,False,1,3,3,True,2942b2819e08d00d8eb23bee9815e9c644757421e92e3c1307a45b057e264cf1,60494f0bea76eef89f0a8b74dd5235092888bbedf7781d982a527ba3528996ad,05ed12a61b9c1ea958e2cd47aba15354039220e7e24f03d370682eddb0e87cdd
sellc03,bsc,0x84be9475051a08ee5364fba44de7fe83a5ecc4f1,29005754,eth_getCode@fork; EIP-1967 slots@fork; beacon/diamond resolution; deployment tx,0x84be9475051a08ee5364fba44de7fe83a5ecc4f1,29005754,,,PARTIAL,True,ca2-b15231d961b437b62264,1,ee70977b58e90fd16e790a799efc368d5bc2a885a35c49892ba5f57ace924df9,False,1,3,3,True,2942b2819e08d00d8eb23bee9815e9c644757421e92e3c1307a45b057e264cf1,60494f0bea76eef89f0a8b74dd5235092888bbedf7781d982a527ba3528996ad,05ed12a61b9c1ea958e2cd47aba15354039220e7e24f03d370682eddb0e87cdd
res,bsc,0xeccd8b08ac3b587b7175d40fb9c60a20990f8d21,21948016,eth_getCode@fork; EIP-1967 slots@fork; beacon/diamond resolution; deployment tx,0xeccd8b08ac3b587b7175d40fb9c60a20990f8d21,21948016,,,PARTIAL,True,ca2-758d99036031cc6eb400,0,ef154b88d399a5d7680af01b117ef1f0fdb79f649fe46e0b590846a7f80a8eef,False,1,3,3,True,2942b2819e08d00d8eb23bee9815e9c644757421e92e3c1307a45b057e264cf1,60494f0bea76eef89f0a8b74dd5235092888bbedf7781d982a527ba3528996ad,05ed12a61b9c1ea958e2cd47aba15354039220e7e24f03d370682eddb0e87cdd
rikkei,bsc,0xd55f01b4b51b7f48912cd8ca3cdd8070a1a9dba5,16956474,eth_getCode@fork; EIP-1967 slots@fork; beacon/diamond resolution; deployment tx,0xd55f01b4b51b7f48912cd8ca3cdd8070a1a9dba5,16956474,,,PARTIAL,True,ca2-cc09312220e115bde016,0,f27d843ed003e5bd1484fca876c438764787eb0f406c785014c2ef54268edbb4,False,1,3,3,True,2942b2819e08d00d8eb23bee9815e9c644757421e92e3c1307a45b057e264cf1,60494f0bea76eef89f0a8b74dd5235092888bbedf7781d982a527ba3528996ad,05ed12a61b9c1ea958e2cd47aba15354039220e7e24f03d370682eddb0e87cdd
grizzifi,bsc,0x21ab8943380b752306abf4d49c203b011a89266b,57478533,eth_getCode@fork; EIP-1967 slots@fork; beacon/diamond resolution; deployment tx,0x21ab8943380b752306abf4d49c203b011a89266b,57478533,,,PARTIAL,True,ca2-ce552f38ab8199ed551d,3,f320aee66dcd39a70dedf586e1af6fa40e0c7253356ea8d1e491134b6c954f81,False,1,3,3,True,2942b2819e08d00d8eb23bee9815e9c644757421e92e3c1307a45b057e264cf1,60494f0bea76eef89f0a8b74dd5235092888bbedf7781d982a527ba3528996ad,05ed12a61b9c1ea958e2cd47aba15354039220e7e24f03d370682eddb0e87cdd
ffist,bsc,0x80121da952a74c06adc1d7f85a237089b57af347,30113117,eth_getCode@fork; EIP-1967 slots@fork; beacon/diamond resolution; deployment tx,0x80121da952a74c06adc1d7f85a237089b57af347,30113117,,,PARTIAL,True,ca2-5d29f9c5eb314dcba612,2,f3a25b320d57e548d1dd544499f1b30de9722e637a29a93acf2482749e78ac50,False,1,3,3,True,2942b2819e08d00d8eb23bee9815e9c644757421e92e3c1307a45b057e264cf1,60494f0bea76eef89f0a8b74dd5235092888bbedf7781d982a527ba3528996ad,05ed12a61b9c1ea958e2cd47aba15354039220e7e24f03d370682eddb0e87cdd
sut,bsc,0xf075c5c7ba59208c0b9c41afccd1f60da9ec9c37,30165901,eth_getCode@fork; EIP-1967 slots@fork; beacon/diamond resolution; deployment tx,0xf075c5c7ba59208c0b9c41afccd1f60da9ec9c37,30165901,,,PARTIAL,True,ca2-7887a4e3ed471d877a90,2,f512399d693b29d5a09acc22ec245721bd4931cab0136ae4a9e41218d65bc97c,False,1,3,3,True,2942b2819e08d00d8eb23bee9815e9c644757421e92e3c1307a45b057e264cf1,60494f0bea76eef89f0a8b74dd5235092888bbedf7781d982a527ba3528996ad,05ed12a61b9c1ea958e2cd47aba15354039220e7e24f03d370682eddb0e87cdd
eleven,bsc,0x27dd6e51bf715cfc0e2fe96af26fc9ded89e4be8,8530973,eth_getCode@fork; EIP-1967 slots@fork; beacon/diamond resolution; deployment tx,0x27dd6e51bf715cfc0e2fe96af26fc9ded89e4be8,8530973,,,PARTIAL,True,ca2-411b50fea47298d98579,0,f770f046db2d6dd82c6d0796dba18ec7d544380a6dd8919a1367f26cfb792e3d,False,1,3,3,True,2942b2819e08d00d8eb23bee9815e9c644757421e92e3c1307a45b057e264cf1,60494f0bea76eef89f0a8b74dd5235092888bbedf7781d982a527ba3528996ad,05ed12a61b9c1ea958e2cd47aba15354039220e7e24f03d370682eddb0e87cdd
fdp,bsc,0x1954b6bd198c29c3ecf2d6f6bc70a4d41ea1cc07,25430418,eth_getCode@fork; EIP-1967 slots@fork; beacon/diamond resolution; deployment tx,0x1954b6bd198c29c3ecf2d6f6bc70a4d41ea1cc07,25430418,,,PARTIAL,True,ca2-6d220be49d90b51ca6fd,1,f944fdd1310bc4fe6e79a1d48650761cfb7ff3a2a7593322c3fa98c526b25768,False,1,3,3,True,2942b2819e08d00d8eb23bee9815e9c644757421e92e3c1307a45b057e264cf1,60494f0bea76eef89f0a8b74dd5235092888bbedf7781d982a527ba3528996ad,05ed12a61b9c1ea958e2cd47aba15354039220e7e24f03d370682eddb0e87cdd
caterpillar_coin_cut,bsc,0x7057f3b0f4d0649b428f0d8378a8a0e7d21d36a7,42131696,eth_getCode@fork; EIP-1967 slots@fork; beacon/diamond resolution; deployment tx,0x7057f3b0f4d0649b428f0d8378a8a0e7d21d36a7,42131696,,,PARTIAL,True,ca2-9aabe02b00ee6b15427c,3,fb0a9381db14ed91a9641bffcd3d4e7198e2464db143aba2ba6b546158a42646,False,1,3,3,True,2942b2819e08d00d8eb23bee9815e9c644757421e92e3c1307a45b057e264cf1,60494f0bea76eef89f0a8b74dd5235092888bbedf7781d982a527ba3528996ad,05ed12a61b9c1ea958e2cd47aba15354039220e7e24f03d370682eddb0e87cdd
ddc,bsc,0x443195aa3a4357242a7427fc8ce5f20c1e71fcb1,20840079,eth_getCode@fork; EIP-1967 slots@fork; beacon/diamond resolution; deployment tx,0x443195aa3a4357242a7427fc8ce5f20c1e71fcb1,20840079,,,PARTIAL,True,ca2-001604d480f953df5322,0,fb252a6bede58f147624c2d33e42439b6571ffb60b00f54e3129a4010e8c4421,False,1,3,3,True,2942b2819e08d00d8eb23bee9815e9c644757421e92e3c1307a45b057e264cf1,60494f0bea76eef89f0a8b74dd5235092888bbedf7781d982a527ba3528996ad,05ed12a61b9c1ea958e2cd47aba15354039220e7e24f03d370682eddb0e87cdd
snk,bsc,0xa3f5ea945c4970f48e322f1e70f4cc08e70039ee,27784455,eth_getCode@fork; EIP-1967 slots@fork; beacon/diamond resolution; deployment tx,0xa3f5ea945c4970f48e322f1e70f4cc08e70039ee,27784455,,,PARTIAL,True,ca2-f3e658093e457630a524,1,fb76a68e1fd303c08dcba6abf1df45d63bd71271355235a9973defaccd858cdd,False,1,3,3,True,2942b2819e08d00d8eb23bee9815e9c644757421e92e3c1307a45b057e264cf1,60494f0bea76eef89f0a8b74dd5235092888bbedf7781d982a527ba3528996ad,05ed12a61b9c1ea958e2cd47aba15354039220e7e24f03d370682eddb0e87cdd
gfa,bsc,0xbcbcb0e7e28414e084c4a40c1ccc30b75629a7de,37857763,eth_getCode@fork; EIP-1967 slots@fork; beacon/diamond resolution; deployment tx,0xbcbcb0e7e28414e084c4a40c1ccc30b75629a7de,37857763,,,PARTIAL,True,ca2-a04834244778519abaa1,2,fc72fe0f13e9781331430299d6c6efd949eb5b205a75070a29d4d4cbdabe9dfd,False,1,3,3,True,2942b2819e08d00d8eb23bee9815e9c644757421e92e3c1307a45b057e264cf1,60494f0bea76eef89f0a8b74dd5235092888bbedf7781d982a527ba3528996ad,05ed12a61b9c1ea958e2cd47aba15354039220e7e24f03d370682eddb0e87cdd
cs,bsc,0x8bc6ce23e5e2c4f0a96429e3c9d482d74171215e,28466976,eth_getCode@fork; EIP-1967 slots@fork; beacon/diamond resolution; deployment tx,0x8bc6ce23e5e2c4f0a96429e3c9d482d74171215e,28466976,,,PARTIAL,True,ca2-22ca428502dddf9f2871,1,fc8f4810884e49a223f1367b22a297446190b8c6f94230797b631cc3e9825767,False,1,3,3,True,2942b2819e08d00d8eb23bee9815e9c644757421e92e3c1307a45b057e264cf1,60494f0bea76eef89f0a8b74dd5235092888bbedf7781d982a527ba3528996ad,05ed12a61b9c1ea958e2cd47aba15354039220e7e24f03d370682eddb0e87cdd
waultfinance,bsc,0xa79fe386b88fbee6e492eeb76ec48517d1ec759a,9728755,eth_getCode@fork; EIP-1967 slots@fork; beacon/diamond resolution; deployment tx,0xa79fe386b88fbee6e492eeb76ec48517d1ec759a,9728755,,,PARTIAL,True,ca2-69618eefef4fa57c795c,0,ffb25e70fe465b0290f64a18a68af792d95520f3e8cff71db4d710695e5834ea,False,1,3,3,True,2942b2819e08d00d8eb23bee9815e9c644757421e92e3c1307a45b057e264cf1,60494f0bea76eef89f0a8b74dd5235092888bbedf7781d982a527ba3528996ad,05ed12a61b9c1ea958e2cd47aba15354039220e7e24f03d370682eddb0e87cdd
burner,ethereum,0x4d4d05e1205e3a412ae1469c99e0d954113aa76f,19917290,eth_getCode@fork; EIP-1967 slots@fork; beacon/diamond resolution; deployment tx,0x4d4d05e1205e3a412ae1469c99e0d954113aa76f,19917290,,,PARTIAL,True,ca2-8521e5ce73f00a1df2b0,3,02609b9ead8b7b9ccac57373c1f097f89b28c6865621fbc053d4968629071153,False,1,3,3,True,2942b2819e08d00d8eb23bee9815e9c644757421e92e3c1307a45b057e264cf1,60494f0bea76eef89f0a8b74dd5235092888bbedf7781d982a527ba3528996ad,05ed12a61b9c1ea958e2cd47aba15354039220e7e24f03d370682eddb0e87cdd
orion,ethereum,0xb5599f568d3f3e6113b286d010d2bca40a7745aa,16542147,eth_getCode@fork; EIP-1967 slots@fork; beacon/diamond resolution; deployment tx,0xb5599f568d3f3e6113b286d010d2bca40a7745aa,16542147,,,PARTIAL,True,ca2-ee795333beb4dcb94cce,1,036bdaafd0ba696076cf9144a593c710908f4d8b14d431bd9bfb6fab5017c3c7,False,1,3,3,True,2942b2819e08d00d8eb23bee9815e9c644757421e92e3c1307a45b057e264cf1,60494f0bea76eef89f0a8b74dd5235092888bbedf7781d982a527ba3528996ad,05ed12a61b9c1ea958e2cd47aba15354039220e7e24f03d370682eddb0e87cdd
pineprotocol,ethereum,0x2405913d54fc46eeaf3fb092bfb099f46803872f,18835344,eth_getCode@fork; EIP-1967 slots@fork; beacon/diamond resolution; deployment tx,0x2405913d54fc46eeaf3fb092bfb099f46803872f,18835344,,,PARTIAL,True,ca2-9653ab400e10fa0c044d,2,036fdeca3a43a723fa61127e2d9bd1696f99b959b1b99fef9f822251f60e7c7c,False,1,3,3,True,2942b2819e08d00d8eb23bee9815e9c644757421e92e3c1307a45b057e264cf1,60494f0bea76eef89f0a8b74dd5235092888bbedf7781d982a527ba3528996ad,05ed12a61b9c1ea958e2cd47aba15354039220e7e24f03d370682eddb0e87cdd
affinedefi,ethereum,0xcd6ca2f0d0c182c5049d9a1f65cde51a706ae142,19132934,eth_getCode@fork; EIP-1967 slots@fork; beacon/diamond resolution; deployment tx,0xcd6ca2f0d0c182c5049d9a1f65cde51a706ae142,19132934,,,PARTIAL,True,ca2-3f7bb52435313429cfa7,2,0b0fcb79a0395665a63fa8930cd045398172ccc7178d6e76d2060e50a5426907,False,1,3,3,True,2942b2819e08d00d8eb23bee9815e9c644757421e92e3c1307a45b057e264cf1,60494f0bea76eef89f0a8b74dd5235092888bbedf7781d982a527ba3528996ad,05ed12a61b9c1ea958e2cd47aba15354039220e7e24f03d370682eddb0e87cdd
pseudoeth,ethereum,0x2033b54b6789a963a02bfcbd40a46816770f1161,18305131,eth_getCode@fork; EIP-1967 slots@fork; beacon/diamond resolution; deployment tx,0x2033b54b6789a963a02bfcbd40a46816770f1161,18305131,,,PARTIAL,True,ca2-6f8a2ab5c968b3eaaf69,2,0cd8feadfe15019fa9371cd7d5da6312353839f833faae6a9d2630fadd3c95a4,False,1,3,3,True,2942b2819e08d00d8eb23bee9815e9c644757421e92e3c1307a45b057e264cf1,60494f0bea76eef89f0a8b74dd5235092888bbedf7781d982a527ba3528996ad,05ed12a61b9c1ea958e2cd47aba15354039220e7e24f03d370682eddb0e87cdd
yearnfinance,ethereum,0x83f798e925bcd4017eb265844fddabb448f1707d,17036774,eth_getCode@fork; EIP-1967 slots@fork; beacon/diamond resolution; deployment tx,0x83f798e925bcd4017eb265844fddabb448f1707d,17036774,,,PARTIAL,True,ca2-6b709bd598843f9b172a,1,0ddc24ed0fc94c44003e36c2dcb87d3bd56a44e79e5266772c39cf1e78059932,False,1,3,3,True,2942b2819e08d00d8eb23bee9815e9c644757421e92e3c1307a45b057e264cf1,60494f0bea76eef89f0a8b74dd5235092888bbedf7781d982a527ba3528996ad,05ed12a61b9c1ea958e2cd47aba15354039220e7e24f03d370682eddb0e87cdd
dexible,ethereum,0xde62e1b0edaa55aac5ffbe21984d321706418024,16646022,eth_getCode@fork; EIP-1967 slots@fork; beacon/diamond resolution; deployment tx,0xde62e1b0edaa55aac5ffbe21984d321706418024,16646022,,,PARTIAL,True,ca2-12f0d5e40474ef0de502,1,0e112196aa1a308dd238dbeee38271078562f882298d034e17a8f506d282ba93,False,1,3,3,True,2942b2819e08d00d8eb23bee9815e9c644757421e92e3c1307a45b057e264cf1,60494f0bea76eef89f0a8b74dd5235092888bbedf7781d982a527ba3528996ad,05ed12a61b9c1ea958e2cd47aba15354039220e7e24f03d370682eddb0e87cdd
lifiprotocol,ethereum,0x1231deb6f5749ef6ce6943a275a1d3e7486f4eae,20318962,eth_getCode@fork; EIP-1967 slots@fork; beacon/diamond resolution; deployment tx,0x1231deb6f5749ef6ce6943a275a1d3e7486f4eae,20318962,,,PARTIAL,True,ca2-deb8f1653a1510fb4c48,3,1057f1d7a48e14ea755f0aa0a0fd16d4caef780ebc8a68ddb6295956bee36481,False,1,3,3,True,2942b2819e08d00d8eb23bee9815e9c644757421e92e3c1307a45b057e264cf1,60494f0bea76eef89f0a8b74dd5235092888bbedf7781d982a527ba3528996ad,05ed12a61b9c1ea958e2cd47aba15354039220e7e24f03d370682eddb0e87cdd
hypr,ethereum,0x40c31236b228935b0329eff066b1ad96e319595e,18774584,eth_getCode@fork; EIP-1967 slots@fork; beacon/diamond resolution; deployment tx,0x40c31236b228935b0329eff066b1ad96e319595e,18774584,,,PARTIAL,True,ca2-f52d9b4393b86654cabd,2,1888df23a43a3b830f4b3afee575bb1f9b636420690c6b11ba3df4a7cb711ed5,False,1,3,3,True,2942b2819e08d00d8eb23bee9815e9c644757421e92e3c1307a45b057e264cf1,60494f0bea76eef89f0a8b74dd5235092888bbedf7781d982a527ba3528996ad,05ed12a61b9c1ea958e2cd47aba15354039220e7e24f03d370682eddb0e87cdd
cream_2,ethereum,0x3d5bc3c8d13dcb8bf317092d84783c2697ae9258,13499797,eth_getCode@fork; EIP-1967 slots@fork; beacon/diamond resolution; deployment tx,0x3d5bc3c8d13dcb8bf317092d84783c2697ae9258,13499797,,,PARTIAL,True,ca2-2f808fc768214bcb9f7d,0,1a4d8196dae45158e67a8ed284355fbe1e4a690d7abdd95b1917dd245d1fd516,False,1,3,3,True,2942b2819e08d00d8eb23bee9815e9c644757421e92e3c1307a45b057e264cf1,60494f0bea76eef89f0a8b74dd5235092888bbedf7781d982a527ba3528996ad,05ed12a61b9c1ea958e2cd47aba15354039220e7e24f03d370682eddb0e87cdd
xst,ethereum,0xb276647e70cb3b81a1ca302cf8de280ff0ce5799,15310016,eth_getCode@fork; EIP-1967 slots@fork; beacon/diamond resolution; deployment tx,0xb276647e70cb3b81a1ca302cf8de280ff0ce5799,15310016,,,PARTIAL,True,ca2-3ce3786a7c84825faed0,0,1bd5cb6c6593524c3a92fc9a7aff663a91c7e3fbff21530b45a3eca39772f8bb,False,1,3,3,True,2942b2819e08d00d8eb23bee9815e9c644757421e92e3c1307a45b057e264cf1,60494f0bea76eef89f0a8b74dd5235092888bbedf7781d982a527ba3528996ad,05ed12a61b9c1ea958e2cd47aba15354039220e7e24f03d370682eddb0e87cdd
deeznutz404,ethereum,0xb57e874082417b66877429481473cf9fcd8e0b8a,19277802,eth_getCode@fork; EIP-1967 slots@fork; beacon/diamond resolution; deployment tx,0xb57e874082417b66877429481473cf9fcd8e0b8a,19277802,,,PARTIAL,True,ca2-5c37ff6ef20c8e1183dd,2,1d4249a25138498a89de81890a48751ea9df5e087fe3d29603af8a2ae100809d,False,1,3,3,True,2942b2819e08d00d8eb23bee9815e9c644757421e92e3c1307a45b057e264cf1,60494f0bea76eef89f0a8b74dd5235092888bbedf7781d982a527ba3528996ad,05ed12a61b9c1ea958e2cd47aba15354039220e7e24f03d370682eddb0e87cdd
convergence,ethereum,0x2b083beaac310cc5e190b1d2507038ccb03e7606,20434449,eth_getCode@fork; EIP-1967 slots@fork; beacon/diamond resolution; deployment tx,0x2b083beaac310cc5e190b1d2507038ccb03e7606,20434449,,,PARTIAL,True,ca2-5c90f11e08cf22426454,3,1e335e1b598cf1cc26a02f8715b1f8c9d7f85f2ba8b5e6426926e2947d58998a,False,1,3,3,True,2942b2819e08d00d8eb23bee9815e9c644757421e92e3c1307a45b057e264cf1,60494f0bea76eef89f0a8b74dd5235092888bbedf7781d982a527ba3528996ad,05ed12a61b9c1ea958e2cd47aba15354039220e7e24f03d370682eddb0e87cdd
curve_llamalend,ethereum,0xad444663c6c92b497225c6ce65fee2e7f78bfb86,24566937,eth_getCode@fork; EIP-1967 slots@fork; beacon/diamond resolution; deployment tx,0xad444663c6c92b497225c6ce65fee2e7f78bfb86,24566937,,,PARTIAL,True,ca2-aa939f9f7f959ce19c8f,3,201f4630d3fb8d3400e1ffd7ae49891989f982befe7868cf27af783df7d29bf1,False,1,3,3,True,2942b2819e08d00d8eb23bee9815e9c644757421e92e3c1307a45b057e264cf1,60494f0bea76eef89f0a8b74dd5235092888bbedf7781d982a527ba3528996ad,05ed12a61b9c1ea958e2cd47aba15354039220e7e24f03d370682eddb0e87cdd
sandbox,ethereum,0x50f5474724e0ee42d9a4e711ccfb275809fd6d4a,14163041,eth_getCode@fork; EIP-1967 slots@fork; beacon/diamond resolution; deployment tx,0x50f5474724e0ee42d9a4e711ccfb275809fd6d4a,14163041,,,PARTIAL,True,ca2-48d4577fa72f25875ad3,0,20239a7f7bab95c5bc2f88faeaee5682747c7622abcdfc8136b1388411e8dbde,False,1,3,3,True,2942b2819e08d00d8eb23bee9815e9c644757421e92e3c1307a45b057e264cf1,60494f0bea76eef89f0a8b74dd5235092888bbedf7781d982a527ba3528996ad,05ed12a61b9c1ea958e2cd47aba15354039220e7e24f03d370682eddb0e87cdd
revest,ethereum,0x2320a28f52334d62622cc2eafa15de55f9987ed9,14465356,eth_getCode@fork; EIP-1967 slots@fork; beacon/diamond resolution; deployment tx,0x2320a28f52334d62622cc2eafa15de55f9987ed9,14465356,,,PARTIAL,True,ca2-e75c05f94545176def00,0,21ecaf0908530f3d8873186c7ed46e73054db09f6838ede60aa98604f708fe37,False,1,3,3,True,2942b2819e08d00d8eb23bee9815e9c644757421e92e3c1307a45b057e264cf1,60494f0bea76eef89f0a8b74dd5235092888bbedf7781d982a527ba3528996ad,05ed12a61b9c1ea958e2cd47aba15354039220e7e24f03d370682eddb0e87cdd
kashi,ethereum,0xbb02a884621fb8f5bfd263a67f58b65df5b090f3,15928289,eth_getCode@fork; EIP-1967 slots@fork; beacon/diamond resolution; deployment tx,0xbb02a884621fb8f5bfd263a67f58b65df5b090f3,15928289,,,PARTIAL,True,ca2-2ba749707a4aa17e7fd0,1,21f14218989bd7369c81b9465553b5267d81c8348ef6d8e2f993d7be0d30095e,False,1,3,3,True,2942b2819e08d00d8eb23bee9815e9c644757421e92e3c1307a45b057e264cf1,60494f0bea76eef89f0a8b74dd5235092888bbedf7781d982a527ba3528996ad,05ed12a61b9c1ea958e2cd47aba15354039220e7e24f03d370682eddb0e87cdd
ompxcontract,ethereum,0x09a80172ed7335660327cd664876b5df6fe06108,20468779,eth_getCode@fork; EIP-1967 slots@fork; beacon/diamond resolution; deployment tx,0x09a80172ed7335660327cd664876b5df6fe06108,20468779,,,PARTIAL,True,ca2-1fe777829f28c3e02e1c,3,2220d63b69035baada3ade76f8be2720483578d19f2c4260efd4305f5b92f28d,False,1,3,3,True,2942b2819e08d00d8eb23bee9815e9c644757421e92e3c1307a45b057e264cf1,60494f0bea76eef89f0a8b74dd5235092888bbedf7781d982a527ba3528996ad,05ed12a61b9c1ea958e2cd47aba15354039220e7e24f03d370682eddb0e87cdd
btc20,ethereum,0x1f006f43f57c45ceb3659e543352b4fae4662df7,17949214,eth_getCode@fork; EIP-1967 slots@fork; beacon/diamond resolution; deployment tx,0x1f006f43f57c45ceb3659e543352b4fae4662df7,17949214,,,PARTIAL,True,ca2-9035062d2e632d8ca752,1,22caa4b9f5a43683acfb32c2537ba855ab769c0a9c0bdb64c8725e148b5119b5,False,1,3,3,True,2942b2819e08d00d8eb23bee9815e9c644757421e92e3c1307a45b057e264cf1,60494f0bea76eef89f0a8b74dd5235092888bbedf7781d982a527ba3528996ad,05ed12a61b9c1ea958e2cd47aba15354039220e7e24f03d370682eddb0e87cdd
flippazone,ethereum,0xe85a08cf316f695ebe7c13736c8cc38a7cc3e944,15083765,eth_getCode@fork; EIP-1967 slots@fork; beacon/diamond resolution; deployment tx,0xe85a08cf316f695ebe7c13736c8cc38a7cc3e944,15083765,,,PARTIAL,True,ca2-a5a309e0af5cc1aa7b9b,0,22ed51e936954005d8e2ceb9b63d1beea9bab9745373ed0c8f1cca620c36d354,False,1,3,3,True,2942b2819e08d00d8eb23bee9815e9c644757421e92e3c1307a45b057e264cf1,60494f0bea76eef89f0a8b74dd5235092888bbedf7781d982a527ba3528996ad,05ed12a61b9c1ea958e2cd47aba15354039220e7e24f03d370682eddb0e87cdd
roefinance,ethereum,0x5f360c6b7b25dfbfa4f10039ea0f7ecfb9b02e60,16384469,eth_getCode@fork; EIP-1967 slots@fork; beacon/diamond resolution; deployment tx,0x5f360c6b7b25dfbfa4f10039ea0f7ecfb9b02e60,16384469,,,PARTIAL,True,ca2-0bd28c93ecf3fec1d833,1,22f3c39b0cf7fb641cb420671b3d9d821fa28e2db6a9ae2ed619357f1a2666bb,False,1,3,3,True,2942b2819e08d00d8eb23bee9815e9c644757421e92e3c1307a45b057e264cf1,60494f0bea76eef89f0a8b74dd5235092888bbedf7781d982a527ba3528996ad,05ed12a61b9c1ea958e2cd47aba15354039220e7e24f03d370682eddb0e87cdd
rubic,ethereum,0x3335a88bb18fd3b6824b59af62b50ce494143333,16260580,eth_getCode@fork; EIP-1967 slots@fork; beacon/diamond resolution; deployment tx,0x3335a88bb18fd3b6824b59af62b50ce494143333,16260580,,,PARTIAL,True,ca2-4ab53dc147bf1894e356,1,25dd660e2ccd02348098d3f47400a5ec0227f8aa36d8468c8941578c80dae5a1,False,1,3,3,True,2942b2819e08d00d8eb23bee9815e9c644757421e92e3c1307a45b057e264cf1,60494f0bea76eef89f0a8b74dd5235092888bbedf7781d982a527ba3528996ad,05ed12a61b9c1ea958e2cd47aba15354039220e7e24f03d370682eddb0e87cdd
balancer,ethereum,0x9210f1204b5a24742eba12f710636d76240df3d0,18004651,eth_getCode@fork; EIP-1967 slots@fork; beacon/diamond resolution; deployment tx,0x9210f1204b5a24742eba12f710636d76240df3d0,18004651,,,PARTIAL,True,ca2-3049d2889726467cfdcb,1,2a140b3f3740019b14fd880d9b6283688006937a6261df12ab8491e3bb1e1a8a,False,1,3,3,True,2942b2819e08d00d8eb23bee9815e9c644757421e92e3c1307a45b057e264cf1,60494f0bea76eef89f0a8b74dd5235092888bbedf7781d982a527ba3528996ad,05ed12a61b9c1ea958e2cd47aba15354039220e7e24f03d370682eddb0e87cdd
floordao,ethereum,0x759c6de5bca9ade8a1a2719a31553c4b7de02539,18068772,eth_getCode@fork; EIP-1967 slots@fork; beacon/diamond resolution; deployment tx,0x759c6de5bca9ade8a1a2719a31553c4b7de02539,18068772,,,PARTIAL,True,ca2-81ae1f51e833bf23db49,1,2c72b6ab33a37b391f6b598b92ac8e93561b01e200b3d93d6f2e92aa397a833e,False,1,3,3,True,2942b2819e08d00d8eb23bee9815e9c644757421e92e3c1307a45b057e264cf1,60494f0bea76eef89f0a8b74dd5235092888bbedf7781d982a527ba3528996ad,05ed12a61b9c1ea958e2cd47aba15354039220e7e24f03d370682eddb0e87cdd
snood,ethereum,0xd45740ab9ec920bedbd9bab2e863519e59731941,14983660,eth_getCode@fork; EIP-1967 slots@fork; beacon/diamond resolution; deployment tx,0xd45740ab9ec920bedbd9bab2e863519e59731941,14983660,,,PARTIAL,True,ca2-c6799af1babe7f32f44f,0,2d8d79118bd506e539ddc2a7d46d00929e9874475c46abbbe86f73dfa38d41d1,False,1,3,3,True,2942b2819e08d00d8eb23bee9815e9c644757421e92e3c1307a45b057e264cf1,60494f0bea76eef89f0a8b74dd5235092888bbedf7781d982a527ba3528996ad,05ed12a61b9c1ea958e2cd47aba15354039220e7e24f03d370682eddb0e87cdd
pickle,ethereum,0x6847259b2b3a4c17e7c43c54409810af48ba5210,11303122,eth_getCode@fork; EIP-1967 slots@fork; beacon/diamond resolution; deployment tx,0x6847259b2b3a4c17e7c43c54409810af48ba5210,11303122,,,PARTIAL,True,ca2-3843aa138b13af762925,0,2f9bb91ed9673a9726645ade6edeb53dddaaaebd6a8d1f5078e2160caff19b28,False,1,3,3,True,2942b2819e08d00d8eb23bee9815e9c644757421e92e3c1307a45b057e264cf1,60494f0bea76eef89f0a8b74dd5235092888bbedf7781d982a527ba3528996ad,05ed12a61b9c1ea958e2cd47aba15354039220e7e24f03d370682eddb0e87cdd
pandora,ethereum,0xddadf1bf44363d07e750c20219c2347ed7d826b9,19184577,eth_getCode@fork; EIP-1967 slots@fork; beacon/diamond resolution; deployment tx,0xddadf1bf44363d07e750c20219c2347ed7d826b9,19184577,,,PARTIAL,True,ca2-45e513227d9f7b4e1381,2,3094cba3b1296a3a8465106cae5e87545b066b1405b6834831b4e94cb3efd5c0,False,1,3,3,True,2942b2819e08d00d8eb23bee9815e9c644757421e92e3c1307a45b057e264cf1,60494f0bea76eef89f0a8b74dd5235092888bbedf7781d982a527ba3528996ad,05ed12a61b9c1ea958e2cd47aba15354039220e7e24f03d370682eddb0e87cdd
hoppyfrogerc,ethereum,0xe5c6f5fef89b64f36bfccb063962820136bac42f,19570744,eth_getCode@fork; EIP-1967 slots@fork; beacon/diamond resolution; deployment tx,0xe5c6f5fef89b64f36bfccb063962820136bac42f,19570744,,,PARTIAL,True,ca2-d52c28a988ebe002c21b,2,3099a0b1b7ccb5ed2bdd2c5e685c032fd68fbe5018a4e86964c553de396900a0,False,1,3,3,True,2942b2819e08d00d8eb23bee9815e9c644757421e92e3c1307a45b057e264cf1,60494f0bea76eef89f0a8b74dd5235092888bbedf7781d982a527ba3528996ad,05ed12a61b9c1ea958e2cd47aba15354039220e7e24f03d370682eddb0e87cdd
erc20tokenbank,ethereum,0x765b8d7cd8ff304f796f4b6fb1bcf78698333f6d,17376906,eth_getCode@fork; EIP-1967 slots@fork; beacon/diamond resolution; deployment tx,0x765b8d7cd8ff304f796f4b6fb1bcf78698333f6d,17376906,,,PARTIAL,True,ca2-2f764ff5c7c146ad35b3,1,30c3190fe154b2ef927daa5f0dcd879fd1626b13abba7c3d94c3f1e3db86ed36,False,1,3,3,True,2942b2819e08d00d8eb23bee9815e9c644757421e92e3c1307a45b057e264cf1,60494f0bea76eef89f0a8b74dd5235092888bbedf7781d982a527ba3528996ad,05ed12a61b9c1ea958e2cd47aba15354039220e7e24f03d370682eddb0e87cdd
onyxprotocol,ethereum,0x5fdbcd61bc9bd4b6d3fd1f49a5d253165ea11750,18476512,eth_getCode@fork; EIP-1967 slots@fork; beacon/diamond resolution; deployment tx,0x5fdbcd61bc9bd4b6d3fd1f49a5d253165ea11750,18476512,,,PARTIAL,True,ca2-252276d076fbf17cb546,2,31be5502ab1a7788e9d51b8db102ec1e109106789c92b5449b22da1bb9fde9e0,False,1,3,3,True,2942b2819e08d00d8eb23bee9815e9c644757421e92e3c1307a45b057e264cf1,60494f0bea76eef89f0a8b74dd5235092888bbedf7781d982a527ba3528996ad,05ed12a61b9c1ea958e2cd47aba15354039220e7e24f03d370682eddb0e87cdd
thenftv2,ethereum,0x79a7d3559d73ea032120a69e59223d4375deb595,18647450,eth_getCode@fork; EIP-1967 slots@fork; beacon/diamond resolution; deployment tx,0x79a7d3559d73ea032120a69e59223d4375deb595,18647450,,,PARTIAL,True,ca2-ca903ea09549202fecb9,2,324212b75c89e234412dc2ba47ea6230a4802856849d22e2450bf93b674e5723,False,1,3,3,True,2942b2819e08d00d8eb23bee9815e9c644757421e92e3c1307a45b057e264cf1,60494f0bea76eef89f0a8b74dd5235092888bbedf7781d982a527ba3528996ad,05ed12a61b9c1ea958e2cd47aba15354039220e7e24f03d370682eddb0e87cdd
jokinthebox,ethereum,0xa6447f6156effd23ec3b57d5edd978349e4e192d,20054628,eth_getCode@fork; EIP-1967 slots@fork; beacon/diamond resolution; deployment tx,0xa6447f6156effd23ec3b57d5edd978349e4e192d,20054628,,,PARTIAL,True,ca2-eaf1e84be2ca5fa8830a,3,357794369451b63788db8fba189c74ee9204d9d0ef4a97b9b64a364b22c4af5a,False,1,3,3,True,2942b2819e08d00d8eb23bee9815e9c644757421e92e3c1307a45b057e264cf1,60494f0bea76eef89f0a8b74dd5235092888bbedf7781d982a527ba3528996ad,05ed12a61b9c1ea958e2cd47aba15354039220e7e24f03d370682eddb0e87cdd
nfttrader,ethereum,0xc310e760778ecbca4c65b6c559874757a4c4ece0,18799414,eth_getCode@fork; EIP-1967 slots@fork; beacon/diamond resolution; deployment tx,0xc310e760778ecbca4c65b6c559874757a4c4ece0,18799414,,,PARTIAL,True,ca2-a9052dd43a76ce42a994,2,36d7aeb96068f1bc80618ef9ab62b4c587c8e4ffaf45496a2cf735cae176fff0,False,1,3,3,True,2942b2819e08d00d8eb23bee9815e9c644757421e92e3c1307a45b057e264cf1,60494f0bea76eef89f0a8b74dd5235092888bbedf7781d982a527ba3528996ad,05ed12a61b9c1ea958e2cd47aba15354039220e7e24f03d370682eddb0e87cdd
morphoblue,ethereum,0xbbbbbbbbbb9cc5e90e3b3af64bdaf62c37eeffcb,20956051,eth_getCode@fork; EIP-1967 slots@fork; beacon/diamond resolution; deployment tx,0xbbbbbbbbbb9cc5e90e3b3af64bdaf62c37eeffcb,20956051,,,PARTIAL,True,ca2-2656a778ab34f3a823cd,3,37b52297d3f796254e78f8a676a4cbb3c758c3e9b780ebc432f14ff2e3a9dbd5,False,1,3,3,True,2942b2819e08d00d8eb23bee9815e9c644757421e92e3c1307a45b057e264cf1,60494f0bea76eef89f0a8b74dd5235092888bbedf7781d982a527ba3528996ad,05ed12a61b9c1ea958e2cd47aba15354039220e7e24f03d370682eddb0e87cdd
sorra_staking,ethereum,0x5d16b8ba2a9a4eca6126635a6ffbf05b52727d50,21450734,eth_getCode@fork; EIP-1967 slots@fork; beacon/diamond resolution; deployment tx,0x5d16b8ba2a9a4eca6126635a6ffbf05b52727d50,21450734,,,PARTIAL,True,ca2-fdd7dce161154c375fb2,3,39729f65479a572451b52de8e1305cde51b218ff1cd86d050ae101e290af4a40,False,1,3,3,True,2942b2819e08d00d8eb23bee9815e9c644757421e92e3c1307a45b057e264cf1,60494f0bea76eef89f0a8b74dd5235092888bbedf7781d982a527ba3528996ad,05ed12a61b9c1ea958e2cd47aba15354039220e7e24f03d370682eddb0e87cdd
dfx,ethereum,0x46161158b1947d9149e066d6d31af1283b2d377c,15941703,eth_getCode@fork; EIP-1967 slots@fork; beacon/diamond resolution; deployment tx,0x46161158b1947d9149e066d6d31af1283b2d377c,15941703,,,PARTIAL,True,ca2-7ab9ecf055348c803def,1,3b91e334e1fdd04c1add691d31e35743d1a85183b17eff3d172d81f1b5fad735,False,1,3,3,True,2942b2819e08d00d8eb23bee9815e9c644757421e92e3c1307a45b057e264cf1,60494f0bea76eef89f0a8b74dd5235092888bbedf7781d982a527ba3528996ad,05ed12a61b9c1ea958e2cd47aba15354039220e7e24f03d370682eddb0e87cdd
apemaga,ethereum,0x56ff4afd909aa66a1530fe69bf94c74e6d44500c,20175261,eth_getCode@fork; EIP-1967 slots@fork; beacon/diamond resolution; deployment tx,0x56ff4afd909aa66a1530fe69bf94c74e6d44500c,20175261,,,PARTIAL,True,ca2-1d880dd41ec2f04c67b7,3,3e094d558a9a9448582ecd62946b4c4acee964673a4b424a28dca82814761bc4,False,1,3,3,True,2942b2819e08d00d8eb23bee9815e9c644757421e92e3c1307a45b057e264cf1,60494f0bea76eef89f0a8b74dd5235092888bbedf7781d982a527ba3528996ad,05ed12a61b9c1ea958e2cd47aba15354039220e7e24f03d370682eddb0e87cdd
grok,ethereum,0x8390a1da07e376ef7add4be859ba74fb83aa02d5,18538678,eth_getCode@fork; EIP-1967 slots@fork; beacon/diamond resolution; deployment tx,0x8390a1da07e376ef7add4be859ba74fb83aa02d5,18538678,,,PARTIAL,True,ca2-e095e5dbb9687595e5ee,2,3f2c69c756644fe58da19de3bcd835aa267d89046850d4663a3d10135cd9ebc2,False,1,3,3,True,2942b2819e08d00d8eb23bee9815e9c644757421e92e3c1307a45b057e264cf1,60494f0bea76eef89f0a8b74dd5235092888bbedf7781d982a527ba3528996ad,05ed12a61b9c1ea958e2cd47aba15354039220e7e24f03d370682eddb0e87cdd
resupply_fi,ethereum,0x6e90c85a495d54c6d7e1f3400fef1f6e59f86bd6,22785460,eth_getCode@fork; EIP-1967 slots@fork; beacon/diamond resolution; deployment tx,0x6e90c85a495d54c6d7e1f3400fef1f6e59f86bd6,22785460,,,PARTIAL,True,ca2-f85fa30e6947a150b2f8,3,407b598f54fb15f8a4b132fc882408a4467d080b2d2b4998ff448908beb13062,False,1,3,3,True,2942b2819e08d00d8eb23bee9815e9c644757421e92e3c1307a45b057e264cf1,60494f0bea76eef89f0a8b74dd5235092888bbedf7781d982a527ba3528996ad,05ed12a61b9c1ea958e2cd47aba15354039220e7e24f03d370682eddb0e87cdd
akutarnft,ethereum,0xf42c318dbfbaab0eee040279c6a2588fa01a961d,14636844,eth_getCode@fork; EIP-1967 slots@fork; beacon/diamond resolution; deployment tx,0xf42c318dbfbaab0eee040279c6a2588fa01a961d,14636844,,,PARTIAL,True,ca2-8c2839dc60456ec95380,0,408269058e87617f11772dfb3f96020b587d869f64584953beabed0d1299cb47,False,1,3,3,True,2942b2819e08d00d8eb23bee9815e9c644757421e92e3c1307a45b057e264cf1,60494f0bea76eef89f0a8b74dd5235092888bbedf7781d982a527ba3528996ad,05ed12a61b9c1ea958e2cd47aba15354039220e7e24f03d370682eddb0e87cdd
gooddollar,ethereum,0x0c6c80d2061afa35e160f3799411d83bdeea0a5a,18802014,eth_getCode@fork; EIP-1967 slots@fork; beacon/diamond resolution; deployment tx,0x0c6c80d2061afa35e160f3799411d83bdeea0a5a,18802014,,,PARTIAL,True,ca2-77cd38b96a68c54afe71,2,418bd90a8ee0cdde25003e72767ae183b0296dafd892fcdfdab52190f8b67e30,False,1,3,3,True,2942b2819e08d00d8eb23bee9815e9c644757421e92e3c1307a45b057e264cf1,60494f0bea76eef89f0a8b74dd5235092888bbedf7781d982a527ba3528996ad,05ed12a61b9c1ea958e2cd47aba15354039220e7e24f03d370682eddb0e87cdd
sushimiso,ethereum,0x4c4564a1fe775d97297f9e3dc2e762e0ed5dda0e,13038771,eth_getCode@fork; EIP-1967 slots@fork; beacon/diamond resolution; deployment tx,0x4c4564a1fe775d97297f9e3dc2e762e0ed5dda0e,13038771,,,PARTIAL,True,ca2-cc76e9ac975f3c46bb14,0,42b0acd3c2df94d8d29dcf6c0f3585ceb10998b097e22e718d9dd1b02eb539bd,False,1,3,3,True,2942b2819e08d00d8eb23bee9815e9c644757421e92e3c1307a45b057e264cf1,60494f0bea76eef89f0a8b74dd5235092888bbedf7781d982a527ba3528996ad,05ed12a61b9c1ea958e2cd47aba15354039220e7e24f03d370682eddb0e87cdd
bayc_apecoin,ethereum,0x025c6da5bd0e6a5dd1350fda9e3b6a614b205a1f,14403948,eth_getCode@fork; EIP-1967 slots@fork; beacon/diamond resolution; deployment tx,0x025c6da5bd0e6a5dd1350fda9e3b6a614b205a1f,14403948,,,PARTIAL,True,ca2-3ec8cb61677cb453af73,0,4376d39ed8535ffaddf267fb6662c992be4c95dade266fca6a6ce425a01a5746,False,1,3,3,True,2942b2819e08d00d8eb23bee9815e9c644757421e92e3c1307a45b057e264cf1,60494f0bea76eef89f0a8b74dd5235092888bbedf7781d982a527ba3528996ad,05ed12a61b9c1ea958e2cd47aba15354039220e7e24f03d370682eddb0e87cdd
bedrock_defi,ethereum,0x047d41f2544b7f63a8e991af2068a363d210d6da,20836583,eth_getCode@fork; EIP-1967 slots@fork; beacon/diamond resolution; deployment tx,0x047d41f2544b7f63a8e991af2068a363d210d6da,20836583,,,PARTIAL,True,ca2-297229c8f057f9088676,3,44885391ffebb9eb062d709ca976ad7663f5da734a60a97fb93908a26c1e4f92,False,1,3,3,True,2942b2819e08d00d8eb23bee9815e9c644757421e92e3c1307a45b057e264cf1,60494f0bea76eef89f0a8b74dd5235092888bbedf7781d982a527ba3528996ad,05ed12a61b9c1ea958e2cd47aba15354039220e7e24f03d370682eddb0e87cdd
particletrade,ethereum,0xe4764f9cd8ecc9659d3abf35259638b20ac536e4,19231445,eth_getCode@fork; EIP-1967 slots@fork; beacon/diamond resolution; deployment tx,0xe4764f9cd8ecc9659d3abf35259638b20ac536e4,19231445,,,PARTIAL,True,ca2-aa99cf4dbaf4c7bb8459,2,4524cdd07cc8403ee8d4cbaf00e655f7b23e1396c47d0d8f509c04168d215a97,False,1,3,3,True,2942b2819e08d00d8eb23bee9815e9c644757421e92e3c1307a45b057e264cf1,60494f0bea76eef89f0a8b74dd5235092888bbedf7781d982a527ba3528996ad,05ed12a61b9c1ea958e2cd47aba15354039220e7e24f03d370682eddb0e87cdd
jumpfarm,ethereum,0x05999eb831ae28ca920ce645a5164fbdb1d74fe9,18070346,eth_getCode@fork; EIP-1967 slots@fork; beacon/diamond resolution; deployment tx,0x05999eb831ae28ca920ce645a5164fbdb1d74fe9,18070346,,,PARTIAL,True,ca2-f4910903d7134e1d631f,1,4540bfa5c622ca38b0000886890305a8974314f8db1ed4c9a10eb025bf909a7c,False,1,3,3,True,2942b2819e08d00d8eb23bee9815e9c644757421e92e3c1307a45b057e264cf1,60494f0bea76eef89f0a8b74dd5235092888bbedf7781d982a527ba3528996ad,05ed12a61b9c1ea958e2cd47aba15354039220e7e24f03d370682eddb0e87cdd
compoundtusd,ethereum,0x12392f67bdf24fae0af363c24ac620a2f67dad86,14266479,eth_getCode@fork; EIP-1967 slots@fork; beacon/diamond resolution; deployment tx,0x12392f67bdf24fae0af363c24ac620a2f67dad86,14266479,,,PARTIAL,True,ca2-5b4e3baaff7190f2f54d,0,4951e2a8f053689d8a1b34393edbd552c47720e383aafe793d6e1815c26d14f1,False,1,3,3,True,2942b2819e08d00d8eb23bee9815e9c644757421e92e3c1307a45b057e264cf1,60494f0bea76eef89f0a8b74dd5235092888bbedf7781d982a527ba3528996ad,05ed12a61b9c1ea958e2cd47aba15354039220e7e24f03d370682eddb0e87cdd
size_credit,ethereum,0xf4a21ac7e51d17a0e1c8b59f7a98bb7a97806f14,23145763,eth_getCode@fork; EIP-1967 slots@fork; beacon/diamond resolution; deployment tx,0xf4a21ac7e51d17a0e1c8b59f7a98bb7a97806f14,23145763,,,PARTIAL,True,ca2-92a135a9bdbd676ee494,3,4ab95e7ff0252c76846fd89e1fc4bf080b2cdcda59bb19524ff70893f1baac99,False,1,3,3,True,2942b2819e08d00d8eb23bee9815e9c644757421e92e3c1307a45b057e264cf1,60494f0bea76eef89f0a8b74dd5235092888bbedf7781d982a527ba3528996ad,05ed12a61b9c1ea958e2cd47aba15354039220e7e24f03d370682eddb0e87cdd
swapos,ethereum,0x8ce2f9286f50fbe2464bfd881fab8effc8dc584f,17057419,eth_getCode@fork; EIP-1967 slots@fork; beacon/diamond resolution; deployment tx,0x8ce2f9286f50fbe2464bfd881fab8effc8dc584f,17057419,,,PARTIAL,True,ca2-4bda3ef104b3f057c7fd,1,4aee0661564e3bf3340e313c75cea8d5686e27d68b4592877b5d56152ca054a2,False,1,3,3,True,2942b2819e08d00d8eb23bee9815e9c644757421e92e3c1307a45b057e264cf1,60494f0bea76eef89f0a8b74dd5235092888bbedf7781d982a527ba3528996ad,05ed12a61b9c1ea958e2cd47aba15354039220e7e24f03d370682eddb0e87cdd
nomadbridge,ethereum,0x5d94309e5a0090b165fa4181519701637b6daeba,15259100,eth_getCode@fork; EIP-1967 slots@fork; beacon/diamond resolution; deployment tx,0x5d94309e5a0090b165fa4181519701637b6daeba,15259100,,,PARTIAL,True,ca2-cf529333b32b69e4842e,0,4c6cfd9e4dca0b7d0c82f6823a22388bd2d80ea764abd3607ab5c0d312397d20,False,1,3,3,True,2942b2819e08d00d8eb23bee9815e9c644757421e92e3c1307a45b057e264cf1,60494f0bea76eef89f0a8b74dd5235092888bbedf7781d982a527ba3528996ad,05ed12a61b9c1ea958e2cd47aba15354039220e7e24f03d370682eddb0e87cdd
astrid,ethereum,0xbaa87546cf87b5de1b0b52353a86792d40b8ba70,18448167,eth_getCode@fork; EIP-1967 slots@fork; beacon/diamond resolution; deployment tx,0xbaa87546cf87b5de1b0b52353a86792d40b8ba70,18448167,,,PARTIAL,True,ca2-746ec2d0566ffbda9c0f,2,4ca6832104d933632fcbb88a2d2c70dfadd22d0c32a7bae72fc4cf51eaa52e9b,False,1,3,3,True,2942b2819e08d00d8eb23bee9815e9c644757421e92e3c1307a45b057e264cf1,60494f0bea76eef89f0a8b74dd5235092888bbedf7781d982a527ba3528996ad,05ed12a61b9c1ea958e2cd47aba15354039220e7e24f03d370682eddb0e87cdd
xavefinance,ethereum,0x8f9036732b9aa9b82d8f35e54b71faeb2f573e2f,15704736,eth_getCode@fork; EIP-1967 slots@fork; beacon/diamond resolution; deployment tx,0x8f9036732b9aa9b82d8f35e54b71faeb2f573e2f,15704736,,,PARTIAL,True,ca2-4c7dcc457e38b7cc78ee,0,4cc5da3f454cc208eb6066a2a36210e1fe9480b61a0aa5832e0b24067caac0d8,False,1,3,3,True,2942b2819e08d00d8eb23bee9815e9c644757421e92e3c1307a45b057e264cf1,60494f0bea76eef89f0a8b74dd5235092888bbedf7781d982a527ba3528996ad,05ed12a61b9c1ea958e2cd47aba15354039220e7e24f03d370682eddb0e87cdd
veth,ethereum,0x280a8955a11fcd81d72ba1f99d265a48ce39ac2e,21184777,eth_getCode@fork; EIP-1967 slots@fork; beacon/diamond resolution; deployment tx,0x280a8955a11fcd81d72ba1f99d265a48ce39ac2e,21184777,,,PARTIAL,True,ca2-a7021cd43eafc6f1fd33,3,4d25714b0619032a49f51da3b506ca020571e57866c7bfc58467752fd1bd78eb,False,1,3,3,True,2942b2819e08d00d8eb23bee9815e9c644757421e92e3c1307a45b057e264cf1,60494f0bea76eef89f0a8b74dd5235092888bbedf7781d982a527ba3528996ad,05ed12a61b9c1ea958e2cd47aba15354039220e7e24f03d370682eddb0e87cdd
revertfinance,ethereum,0x531110418d8591c92e9cbbfc722db8ffb604fafd,16653389,eth_getCode@fork; EIP-1967 slots@fork; beacon/diamond resolution; deployment tx,0x531110418d8591c92e9cbbfc722db8ffb604fafd,16653389,,,PARTIAL,True,ca2-4de34020e1fa2eaee68a,1,4e2103ebd53e721347305cb99fa80fa0bde24876f9b3357417a73110c50a35c0,False,1,3,3,True,2942b2819e08d00d8eb23bee9815e9c644757421e92e3c1307a45b057e264cf1,60494f0bea76eef89f0a8b74dd5235092888bbedf7781d982a527ba3528996ad,05ed12a61b9c1ea958e2cd47aba15354039220e7e24f03d370682eddb0e87cdd
uwulend_second,ethereum,0x2409af0251dcb89ee3dee572629291f9b087c668,20081503,eth_getCode@fork; EIP-1967 slots@fork; beacon/diamond resolution; deployment tx,0x2409af0251dcb89ee3dee572629291f9b087c668,20081503,,,PARTIAL,True,ca2-93739b94fa0816bd6234,3,4eec55990fc9d8a3ac8ec104a187cd9a8a70436f4295266aedbda9da9945a98c,False,1,3,3,True,2942b2819e08d00d8eb23bee9815e9c644757421e92e3c1307a45b057e264cf1,60494f0bea76eef89f0a8b74dd5235092888bbedf7781d982a527ba3528996ad,05ed12a61b9c1ea958e2cd47aba15354039220e7e24f03d370682eddb0e87cdd
blueberryprotocol,ethereum,0xffadb0bba4379dfabfb20ca6823f6ec439429ec2,19287288,eth_getCode@fork; EIP-1967 slots@fork; beacon/diamond resolution; deployment tx,0xffadb0bba4379dfabfb20ca6823f6ec439429ec2,19287288,,,PARTIAL,True,ca2-608fc098c08911f51783,2,4f04f563a5a14e6b63a6a24f510359da80600105867aca75461dd2eca2cd2cbc,False,1,3,3,True,2942b2819e08d00d8eb23bee9815e9c644757421e92e3c1307a45b057e264cf1,60494f0bea76eef89f0a8b74dd5235092888bbedf7781d982a527ba3528996ad,05ed12a61b9c1ea958e2cd47aba15354039220e7e24f03d370682eddb0e87cdd
tecraspace,ethereum,0xe38b72d6595fd3885d1d2f770aa23e94757f91a1,14139081,eth_getCode@fork; EIP-1967 slots@fork; beacon/diamond resolution; deployment tx,0xe38b72d6595fd3885d1d2f770aa23e94757f91a1,14139081,,,PARTIAL,True,ca2-a675d1938359eba4234f,0,4fa9c8a10ff1620e542193cb5509e6e1d9b45c741669697e03827cd66b6cb45c,False,1,3,3,True,2942b2819e08d00d8eb23bee9815e9c644757421e92e3c1307a45b057e264cf1,60494f0bea76eef89f0a8b74dd5235092888bbedf7781d982a527ba3528996ad,05ed12a61b9c1ea958e2cd47aba15354039220e7e24f03d370682eddb0e87cdd
rbalancer,ethereum,0xa62f9c5af106feee069f38de51098d9d81b90572,18523440,eth_getCode@fork; EIP-1967 slots@fork; beacon/diamond resolution; deployment tx,0xa62f9c5af106feee069f38de51098d9d81b90572,18523440,,,PARTIAL,True,ca2-511b838cc3ae7420a912,2,58850aa0b1d57716b78de5f810d2936d582104371379e7eb614f5fc730e60e62,False,1,3,3,True,2942b2819e08d00d8eb23bee9815e9c644757421e92e3c1307a45b057e264cf1,60494f0bea76eef89f0a8b74dd5235092888bbedf7781d982a527ba3528996ad,05ed12a61b9c1ea958e2cd47aba15354039220e7e24f03d370682eddb0e87cdd
defiplaza,ethereum,0xe68c1d72340aeefe5be76eda63ae2f4bc7514110,20240538,eth_getCode@fork; EIP-1967 slots@fork; beacon/diamond resolution; deployment tx,0xe68c1d72340aeefe5be76eda63ae2f4bc7514110,20240538,,,PARTIAL,True,ca2-0998fb22a8fcd705afbc,3,59b4155d039278f51b1be9c2302480793a0e88dc4e427965d29925b3c75d9dd2,False,1,3,3,True,2942b2819e08d00d8eb23bee9815e9c644757421e92e3c1307a45b057e264cf1,60494f0bea76eef89f0a8b74dd5235092888bbedf7781d982a527ba3528996ad,05ed12a61b9c1ea958e2cd47aba15354039220e7e24f03d370682eddb0e87cdd
cover,ethereum,0xe0b94a7bb45dd905c79bb1992c9879f40f1caed5,11542309,eth_getCode@fork; EIP-1967 slots@fork; beacon/diamond resolution; deployment tx,0xe0b94a7bb45dd905c79bb1992c9879f40f1caed5,11542309,,,PARTIAL,True,ca2-2d1d603841d5194ab452,0,59d8e07ee5114e6a5be81d8e2cb9d17a6a5e0a3914ecf3fd751cdae94f4cb4ed,False,1,3,3,True,2942b2819e08d00d8eb23bee9815e9c644757421e92e3c1307a45b057e264cf1,60494f0bea76eef89f0a8b74dd5235092888bbedf7781d982a527ba3528996ad,05ed12a61b9c1ea958e2cd47aba15354039220e7e24f03d370682eddb0e87cdd
mim_spell3,ethereum,0x46f54d434063e5f1a2b2cc6d9aaa657b1b9ff82c,23504544,eth_getCode@fork; EIP-1967 slots@fork; beacon/diamond resolution; deployment tx,0x46f54d434063e5f1a2b2cc6d9aaa657b1b9ff82c,23504544,,,PARTIAL,True,ca2-e24739584c716694ba60,3,5d523f8b5b1f108fbc18d3072da4e63f593143fbca279fa9d60bc8bdc76070c6,False,1,3,3,True,2942b2819e08d00d8eb23bee9815e9c644757421e92e3c1307a45b057e264cf1,60494f0bea76eef89f0a8b74dd5235092888bbedf7781d982a527ba3528996ad,05ed12a61b9c1ea958e2cd47aba15354039220e7e24f03d370682eddb0e87cdd
mahalend,ethereum,0xfd11aba71c06061f446ade4eec057179f19c23c4,18544604,eth_getCode@fork; EIP-1967 slots@fork; beacon/diamond resolution; deployment tx,0xfd11aba71c06061f446ade4eec057179f19c23c4,18544604,,,PARTIAL,True,ca2-af464f834697310f7d30,2,5d6e296324319b0734a658d6c16e68bba41b3f28f4641c2d8432d706f9bfadc4,False,1,3,3,True,2942b2819e08d00d8eb23bee9815e9c644757421e92e3c1307a45b057e264cf1,60494f0bea76eef89f0a8b74dd5235092888bbedf7781d982a527ba3528996ad,05ed12a61b9c1ea958e2cd47aba15354039220e7e24f03d370682eddb0e87cdd
spectra_finance,ethereum,0x3d20601ac0ba9cae4564ddf7870825c505b69f1a,20369956,eth_getCode@fork; EIP-1967 slots@fork; beacon/diamond resolution; deployment tx,0x3d20601ac0ba9cae4564ddf7870825c505b69f1a,20369956,,,PARTIAL,True,ca2-6996a5993263d8986598,3,5ddcd7bf649ca255c700a6dd0b114d2ec36f086787371324e45a583bbdfd6b25,False,1,3,3,True,2942b2819e08d00d8eb23bee9815e9c644757421e92e3c1307a45b057e264cf1,60494f0bea76eef89f0a8b74dd5235092888bbedf7781d982a527ba3528996ad,05ed12a61b9c1ea958e2cd47aba15354039220e7e24f03d370682eddb0e87cdd
wifcoin_eth,ethereum,0xa1ce40702e15d0417a6c74d0bab96772f36f4e99,20103189,eth_getCode@fork; EIP-1967 slots@fork; beacon/diamond resolution; deployment tx,0xa1ce40702e15d0417a6c74d0bab96772f36f4e99,20103189,,,PARTIAL,True,ca2-616b55afdd61c6ca8b12,3,5e6bd53369c4fdb47ccc8be1c67f602af454f69dba2b0f853270b5742126be52,False,1,3,3,True,2942b2819e08d00d8eb23bee9815e9c644757421e92e3c1307a45b057e264cf1,60494f0bea76eef89f0a8b74dd5235092888bbedf7781d982a527ba3528996ad,05ed12a61b9c1ea958e2cd47aba15354039220e7e24f03d370682eddb0e87cdd
tinu,ethereum,0x2d0e64b6bf13660a4c0de42a0b88144a7c10991f,16489408,eth_getCode@fork; EIP-1967 slots@fork; beacon/diamond resolution; deployment tx,0x2d0e64b6bf13660a4c0de42a0b88144a7c10991f,16489408,,,PARTIAL,True,ca2-acd1e6758fc18c6f0e76,1,5fec1cd4818b28716e9de152021a36fb092864571ab5e3a3d9cb15dffbd02ab6,False,1,3,3,True,2942b2819e08d00d8eb23bee9815e9c644757421e92e3c1307a45b057e264cf1,60494f0bea76eef89f0a8b74dd5235092888bbedf7781d982a527ba3528996ad,05ed12a61b9c1ea958e2cd47aba15354039220e7e24f03d370682eddb0e87cdd
quantumwn,ethereum,0x69422c7f237d70fcd55c218568a67d00dc4ea068,18070348,eth_getCode@fork; EIP-1967 slots@fork; beacon/diamond resolution; deployment tx,0x69422c7f237d70fcd55c218568a67d00dc4ea068,18070348,,,PARTIAL,True,ca2-d22c4160c4fed52695d2,2,6126fd3cdeed3e686a7ac9db58d7b045fd7554d2b18ac79a6fe6d87c0fbd1fdd,False,1,3,3,True,2942b2819e08d00d8eb23bee9815e9c644757421e92e3c1307a45b057e264cf1,60494f0bea76eef89f0a8b74dd5235092888bbedf7781d982a527ba3528996ad,05ed12a61b9c1ea958e2cd47aba15354039220e7e24f03d370682eddb0e87cdd
compounduni,ethereum,0x50ce56a3239671ab62f185704caedf626352741e,19290920,eth_getCode@fork; EIP-1967 slots@fork; beacon/diamond resolution; deployment tx,0x50ce56a3239671ab62f185704caedf626352741e,19290920,,,PARTIAL,True,ca2-14b9ffae56e7c9bfb04e,2,62437d33bf59bccde444c38a0330ad5a5de3c1fdecbe96344d9350be7de7b930,False,1,3,3,True,2942b2819e08d00d8eb23bee9815e9c644757421e92e3c1307a45b057e264cf1,60494f0bea76eef89f0a8b74dd5235092888bbedf7781d982a527ba3528996ad,05ed12a61b9c1ea958e2cd47aba15354039220e7e24f03d370682eddb0e87cdd
wiselending,ethereum,0x84524baa1951247b3a2617a843e6ece915bb9674,18342120,eth_getCode@fork; EIP-1967 slots@fork; beacon/diamond resolution; deployment tx,0x84524baa1951247b3a2617a843e6ece915bb9674,18342120,,,PARTIAL,True,ca2-789b9d7c348037be1840,2,627321d55daad7bcde047d7d7b503f3fd03fa2fbe34e6fa5c5a27996bc4c834e,False,1,3,3,True,2942b2819e08d00d8eb23bee9815e9c644757421e92e3c1307a45b057e264cf1,60494f0bea76eef89f0a8b74dd5235092888bbedf7781d982a527ba3528996ad,05ed12a61b9c1ea958e2cd47aba15354039220e7e24f03d370682eddb0e87cdd
xcarnival,ethereum,0x39360ac1239a0b98cb8076d4135d0f72b7fd9909,15028846,eth_getCode@fork; EIP-1967 slots@fork; beacon/diamond resolution; deployment tx,0x39360ac1239a0b98cb8076d4135d0f72b7fd9909,15028846,,,PARTIAL,True,ca2-bf6bdd3510f2428b0575,0,629585b2b289cb3d011dc7136dfa34685242c5d69338b76145277e94c41960e6,False,1,3,3,True,2942b2819e08d00d8eb23bee9815e9c644757421e92e3c1307a45b057e264cf1,60494f0bea76eef89f0a8b74dd5235092888bbedf7781d982a527ba3528996ad,05ed12a61b9c1ea958e2cd47aba15354039220e7e24f03d370682eddb0e87cdd
conic,ethereum,0xbb787d6243a8d450659e09ea6fd82f1c859691e9,17740954,eth_getCode@fork; EIP-1967 slots@fork; beacon/diamond resolution; deployment tx,0xbb787d6243a8d450659e09ea6fd82f1c859691e9,17740954,,,PARTIAL,True,ca2-ed5ea743787aecff1e56,1,631636aa0186878b3cfcc9c0c3426417d9a6a1141373aad7c1c27d4f4c4033ea,False,1,3,3,True,2942b2819e08d00d8eb23bee9815e9c644757421e92e3c1307a45b057e264cf1,60494f0bea76eef89f0a8b74dd5235092888bbedf7781d982a527ba3528996ad,05ed12a61b9c1ea958e2cd47aba15354039220e7e24f03d370682eddb0e87cdd
hodlcapital,ethereum,0xeda47e13fd1192e32226753dc2261c4a14908fb7,17220892,eth_getCode@fork; EIP-1967 slots@fork; beacon/diamond resolution; deployment tx,0xeda47e13fd1192e32226753dc2261c4a14908fb7,17220892,,,PARTIAL,True,ca2-347a5ac7c8586f3866c1,1,634aeb92cf671e1621250d43685b2a1e89a3963d61d7af77dc3dbc5b420b6558,False,1,3,3,True,2942b2819e08d00d8eb23bee9815e9c644757421e92e3c1307a45b057e264cf1,60494f0bea76eef89f0a8b74dd5235092888bbedf7781d982a527ba3528996ad,05ed12a61b9c1ea958e2cd47aba15354039220e7e24f03d370682eddb0e87cdd
ruggedart,ethereum,0xfe380fe1db07e531e3519b9ae3ea9f7888ce20c6,19262233,eth_getCode@fork; EIP-1967 slots@fork; beacon/diamond resolution; deployment tx,0xfe380fe1db07e531e3519b9ae3ea9f7888ce20c6,19262233,,,PARTIAL,True,ca2-c76c240f897354a45770,2,63d21368fe05cb1d633969e59c0a7c936e67400403244e01a7f7f2ac259bfa61,False,1,3,3,True,2942b2819e08d00d8eb23bee9815e9c644757421e92e3c1307a45b057e264cf1,60494f0bea76eef89f0a8b74dd5235092888bbedf7781d982a527ba3528996ad,05ed12a61b9c1ea958e2cd47aba15354039220e7e24f03d370682eddb0e87cdd
juice,ethereum,0x8584ddbd1e28bca4bc6fb96bafe39f850301940e,19395636,eth_getCode@fork; EIP-1967 slots@fork; beacon/diamond resolution; deployment tx,0x8584ddbd1e28bca4bc6fb96bafe39f850301940e,19395636,,,PARTIAL,True,ca2-d5a550e862cee1efa2a8,2,6429b0331b33c4e489197454c69eb8b42d90b489b04d5c2f8e04b98142b4aaed,False,1,3,3,True,2942b2819e08d00d8eb23bee9815e9c644757421e92e3c1307a45b057e264cf1,60494f0bea76eef89f0a8b74dd5235092888bbedf7781d982a527ba3528996ad,05ed12a61b9c1ea958e2cd47aba15354039220e7e24f03d370682eddb0e87cdd
one_inch_fusion_v1_settlement_hack,ethereum,0xa88800cd213da5ae406ce248380802bd53b47647,21982110,eth_getCode@fork; EIP-1967 slots@fork; beacon/diamond resolution; deployment tx,0xa88800cd213da5ae406ce248380802bd53b47647,21982110,,,PARTIAL,True,ca2-8e3ab047548dade505e8,3,64e014c531325a3cfc9352b7a408d2fe4e713d7c17c7d5238d5c10663e6f192d,False,1,3,3,True,2942b2819e08d00d8eb23bee9815e9c644757421e92e3c1307a45b057e264cf1,60494f0bea76eef89f0a8b74dd5235092888bbedf7781d982a527ba3528996ad,05ed12a61b9c1ea958e2cd47aba15354039220e7e24f03d370682eddb0e87cdd
truebit,ethereum,0x764c64b2a09b09acb100b80d8c505aa6a0302ef2,24191018,eth_getCode@fork; EIP-1967 slots@fork; beacon/diamond resolution; deployment tx,0x764c64b2a09b09acb100b80d8c505aa6a0302ef2,24191018,,,PARTIAL,True,ca2-610c56fd6c594f9c9f90,3,66082d4859b5de43389207f70ca27f6891b1111b73d170599a1ecfcfbb35464e,False,1,3,3,True,2942b2819e08d00d8eb23bee9815e9c644757421e92e3c1307a45b057e264cf1,60494f0bea76eef89f0a8b74dd5235092888bbedf7781d982a527ba3528996ad,05ed12a61b9c1ea958e2cd47aba15354039220e7e24f03d370682eddb0e87cdd
bmizapper,ethereum,0x4622aff8e521a444c9301da0efd05f6b482221b8,19029289,eth_getCode@fork; EIP-1967 slots@fork; beacon/diamond resolution; deployment tx,0x4622aff8e521a444c9301da0efd05f6b482221b8,19029289,,,PARTIAL,True,ca2-5a019aa2bc528c73de90,2,66e779c476a7b11fd4ccc09b00cbaa59b9ff9bfd415553ca7303207f2750825b,False,1,3,3,True,2942b2819e08d00d8eb23bee9815e9c644757421e92e3c1307a45b057e264cf1,60494f0bea76eef89f0a8b74dd5235092888bbedf7781d982a527ba3528996ad,05ed12a61b9c1ea958e2cd47aba15354039220e7e24f03d370682eddb0e87cdd
efvault,ethereum,0xbdb515028a6fa6cd1634b5a9651184494abfd336,16696239,eth_getCode@fork; EIP-1967 slots@fork; beacon/diamond resolution; deployment tx,0xbdb515028a6fa6cd1634b5a9651184494abfd336,16696239,,,PARTIAL,True,ca2-99c425ac31ee8abd76f2,1,68b8393f1775849a732c13ba104d7f82ae1c17f7f40582b7d56c844e7421fef0,False,1,3,3,True,2942b2819e08d00d8eb23bee9815e9c644757421e92e3c1307a45b057e264cf1,60494f0bea76eef89f0a8b74dd5235092888bbedf7781d982a527ba3528996ad,05ed12a61b9c1ea958e2cd47aba15354039220e7e24f03d370682eddb0e87cdd
sushi_router,ethereum,0x044b75f554b886a065b9567891e45c79542d7357,17007841,eth_getCode@fork; EIP-1967 slots@fork; beacon/diamond resolution; deployment tx,0x044b75f554b886a065b9567891e45c79542d7357,17007841,,,PARTIAL,True,ca2-59fefab120e73557ebbd,1,6a2f1579da57579a2794250bcf3bc88a160abe8842defbe163986a57411cd698,False,1,3,3,True,2942b2819e08d00d8eb23bee9815e9c644757421e92e3c1307a45b057e264cf1,60494f0bea76eef89f0a8b74dd5235092888bbedf7781d982a527ba3528996ad,05ed12a61b9c1ea958e2cd47aba15354039220e7e24f03d370682eddb0e87cdd
hegic_options,ethereum,0x7094e706e75e13d1e0ea237f71a7c4511e9d270b,21912408,eth_getCode@fork; EIP-1967 slots@fork; beacon/diamond resolution; deployment tx,0x7094e706e75e13d1e0ea237f71a7c4511e9d270b,21912408,,,PARTIAL,True,ca2-4d6568a7691d786971d0,3,6acdb1f0022e0f405ec17002775068e7b99e11e083f0e4dec72fc7dc84d385a4,False,1,3,3,True,2942b2819e08d00d8eb23bee9815e9c644757421e92e3c1307a45b057e264cf1,60494f0bea76eef89f0a8b74dd5235092888bbedf7781d982a527ba3528996ad,05ed12a61b9c1ea958e2cd47aba15354039220e7e24f03d370682eddb0e87cdd
uwerx,ethereum,0x4306b12f8e824ce1fa9604bbd88f2ad4f0fe3c54,17826202,eth_getCode@fork; EIP-1967 slots@fork; beacon/diamond resolution; deployment tx,0x4306b12f8e824ce1fa9604bbd88f2ad4f0fe3c54,17826202,,,PARTIAL,True,ca2-28984dadb4e195ff0adc,1,6baefc8870be909418fead1b8ae15b91aba84f961062f9d21828482468b99a09,False,1,3,3,True,2942b2819e08d00d8eb23bee9815e9c644757421e92e3c1307a45b057e264cf1,60494f0bea76eef89f0a8b74dd5235092888bbedf7781d982a527ba3528996ad,05ed12a61b9c1ea958e2cd47aba15354039220e7e24f03d370682eddb0e87cdd
idols_nft,ethereum,0x439cac149b935ae1d726569800972e1669d17094,21624138,eth_getCode@fork; EIP-1967 slots@fork; beacon/diamond resolution; deployment tx,0x439cac149b935ae1d726569800972e1669d17094,21624138,,,PARTIAL,True,ca2-5675dfa92c14429a4b9f,3,6bdec2aeabf4f92e69d7c87c9296d37616a10280ff352457560eb7e077a1c1d2,False,1,3,3,True,2942b2819e08d00d8eb23bee9815e9c644757421e92e3c1307a45b057e264cf1,60494f0bea76eef89f0a8b74dd5235092888bbedf7781d982a527ba3528996ad,05ed12a61b9c1ea958e2cd47aba15354039220e7e24f03d370682eddb0e87cdd
nowswap,ethereum,0xa0ff0e694275023f4986dc3ca12a6eb5d6056c62,13225516,eth_getCode@fork; EIP-1967 slots@fork; beacon/diamond resolution; deployment tx,0xa0ff0e694275023f4986dc3ca12a6eb5d6056c62,13225516,,,PARTIAL,True,ca2-bef4fd38f1af5d45d83a,0,6de8924777c2166ed4e0cef5a69b07ece9700c05e9e05a12a7f7844b053e0f19,False,1,3,3,True,2942b2819e08d00d8eb23bee9815e9c644757421e92e3c1307a45b057e264cf1,60494f0bea76eef89f0a8b74dd5235092888bbedf7781d982a527ba3528996ad,05ed12a61b9c1ea958e2cd47aba15354039220e7e24f03d370682eddb0e87cdd
mimspell,ethereum,0xa5564a2d1190a141cac438c9fde686ac48a18a79,17521638,eth_getCode@fork; EIP-1967 slots@fork; beacon/diamond resolution; deployment tx,0xa5564a2d1190a141cac438c9fde686ac48a18a79,17521638,,,PARTIAL,True,ca2-21ac1c8056ff7df162a8,1,70047eb775067786de647dc77c6be8b3e3795dec4b81256e39e4d4c52d17f8ab,False,1,3,3,True,2942b2819e08d00d8eb23bee9815e9c644757421e92e3c1307a45b057e264cf1,60494f0bea76eef89f0a8b74dd5235092888bbedf7781d982a527ba3528996ad,05ed12a61b9c1ea958e2cd47aba15354039220e7e24f03d370682eddb0e87cdd
jay,ethereum,0xf2919d1d80aff2940274014bef534f7791906ff2,16288199,eth_getCode@fork; EIP-1967 slots@fork; beacon/diamond resolution; deployment tx,0xf2919d1d80aff2940274014bef534f7791906ff2,16288199,,,PARTIAL,True,ca2-3d7964746397bc97e185,1,7063f4520baae9067757698fb07eeea6c10c38bc18dce430581f0f88e8824810,False,1,3,3,True,2942b2819e08d00d8eb23bee9815e9c644757421e92e3c1307a45b057e264cf1,60494f0bea76eef89f0a8b74dd5235092888bbedf7781d982a527ba3528996ad,05ed12a61b9c1ea958e2cd47aba15354039220e7e24f03d370682eddb0e87cdd
yearn_ydai,ethereum,0xacd43e627e64355f1861cec6d3a6688b31a6f952,11792183,eth_getCode@fork; EIP-1967 slots@fork; beacon/diamond resolution; deployment tx,0xacd43e627e64355f1861cec6d3a6688b31a6f952,11792183,,,PARTIAL,True,ca2-b6eef501c6bfb6ae40e1,0,73b9dbf83a9b14b1480e56d4a82cce3358595bbb31f5c6e48ba61ef8d6c8a40b,False,1,3,3,True,2942b2819e08d00d8eb23bee9815e9c644757421e92e3c1307a45b057e264cf1,60494f0bea76eef89f0a8b74dd5235092888bbedf7781d982a527ba3528996ad,05ed12a61b9c1ea958e2cd47aba15354039220e7e24f03d370682eddb0e87cdd
wiselending02,ethereum,0x37e49bf3749513a02fa535f0cbc383796e8107e4,18983652,eth_getCode@fork; EIP-1967 slots@fork; beacon/diamond resolution; deployment tx,0x37e49bf3749513a02fa535f0cbc383796e8107e4,18983652,,,PARTIAL,True,ca2-a8ad072cb3fd37a5cfca,2,767b4960cc579e1436243f0d128239704bd742cc9db7cadddf2da9c1071a7f32,False,1,3,3,True,2942b2819e08d00d8eb23bee9815e9c644757421e92e3c1307a45b057e264cf1,60494f0bea76eef89f0a8b74dd5235092888bbedf7781d982a527ba3528996ad,05ed12a61b9c1ea958e2cd47aba15354039220e7e24f03d370682eddb0e87cdd
seneca,ethereum,0x65c210c59b43eb68112b7a4f75c8393c36491f06,19325936,eth_getCode@fork; EIP-1967 slots@fork; beacon/diamond resolution; deployment tx,0x65c210c59b43eb68112b7a4f75c8393c36491f06,19325936,,,PARTIAL,True,ca2-e7cd16bb64166a6efe64,2,7ab745e0a9b06e83703b6c773bb19f070c55f136175edb75d5669bf89bc91489,False,1,3,3,True,2942b2819e08d00d8eb23bee9815e9c644757421e92e3c1307a45b057e264cf1,60494f0bea76eef89f0a8b74dd5235092888bbedf7781d982a527ba3528996ad,05ed12a61b9c1ea958e2cd47aba15354039220e7e24f03d370682eddb0e87cdd
uniclynft,ethereum,0xd3c41c85be295607e8ea5c58487ec5894300ee67,18133171,eth_getCode@fork; EIP-1967 slots@fork; beacon/diamond resolution; deployment tx,0xd3c41c85be295607e8ea5c58487ec5894300ee67,18133171,,,PARTIAL,True,ca2-1579de76f9bed10399a7,2,7ad00fa466234d15839d6a67a38d559cd9402a554ff1cb138622ff81ed44a175,False,1,3,3,True,2942b2819e08d00d8eb23bee9815e9c644757421e92e3c1307a45b057e264cf1,60494f0bea76eef89f0a8b74dd5235092888bbedf7781d982a527ba3528996ad,05ed12a61b9c1ea958e2cd47aba15354039220e7e24f03d370682eddb0e87cdd
bancor,ethereum,0x5f58058c0ec971492166763c8c22632b583f667f,10307563,eth_getCode@fork; EIP-1967 slots@fork; beacon/diamond resolution; deployment tx,0x5f58058c0ec971492166763c8c22632b583f667f,10307563,,,PARTIAL,True,ca2-0e06e67c5c9253228751,0,7e5419b1351bb0ba09a6649d793e98aca3ad7d41b8d27786a87ae314fe9e7324,False,1,3,3,True,2942b2819e08d00d8eb23bee9815e9c644757421e92e3c1307a45b057e264cf1,60494f0bea76eef89f0a8b74dd5235092888bbedf7781d982a527ba3528996ad,05ed12a61b9c1ea958e2cd47aba15354039220e7e24f03d370682eddb0e87cdd
umbrella,ethereum,0xb3fb1d01b07a706736ca175f827e4f56021b85de,14421983,eth_getCode@fork; EIP-1967 slots@fork; beacon/diamond resolution; deployment tx,0xb3fb1d01b07a706736ca175f827e4f56021b85de,14421983,,,PARTIAL,True,ca2-e6ddbcb4d936397b6ffe,0,7f27a9c72f9ddcb90c2f5c6fa58f2ea44f08b53d8ddcb13a907b23d130836840,False,1,3,3,True,2942b2819e08d00d8eb23bee9815e9c644757421e92e3c1307a45b057e264cf1,60494f0bea76eef89f0a8b74dd5235092888bbedf7781d982a527ba3528996ad,05ed12a61b9c1ea958e2cd47aba15354039220e7e24f03d370682eddb0e87cdd
olympusdao,ethereum,0x007fe7c498a2cf30971ad8f2cbc36bd14ac51156,15794363,eth_getCode@fork; EIP-1967 slots@fork; beacon/diamond resolution; deployment tx,0x007fe7c498a2cf30971ad8f2cbc36bd14ac51156,15794363,,,PARTIAL,True,ca2-60a0988512bfa1f54c2e,1,80095840455c0e71138eefe21f82b9f5eb291867978a9bc8e482eca7a5f01340,False,1,3,3,True,2942b2819e08d00d8eb23bee9815e9c644757421e92e3c1307a45b057e264cf1,60494f0bea76eef89f0a8b74dd5235092888bbedf7781d982a527ba3528996ad,05ed12a61b9c1ea958e2cd47aba15354039220e7e24f03d370682eddb0e87cdd
sushi_badger_digg,ethereum,0xe11fc0b43ab98eb91e9836129d1ee7c3bc95df50,11720049,eth_getCode@fork; EIP-1967 slots@fork; beacon/diamond resolution; deployment tx,0xe11fc0b43ab98eb91e9836129d1ee7c3bc95df50,11720049,,,PARTIAL,True,ca2-b68f8de37da66632724d,0,808485bf6f6cf5ed30e7d85fd633b09bfba757a1da47b4fbb92cba4783cd3fd4,False,1,3,3,True,2942b2819e08d00d8eb23bee9815e9c644757421e92e3c1307a45b057e264cf1,60494f0bea76eef89f0a8b74dd5235092888bbedf7781d982a527ba3528996ad,05ed12a61b9c1ea958e2cd47aba15354039220e7e24f03d370682eddb0e87cdd
silo_finance,ethereum,0xcb3b879ab11f825885d5add8bf3672596d35197c,17139470,eth_getCode@fork; EIP-1967 slots@fork; beacon/diamond resolution; deployment tx,0xcb3b879ab11f825885d5add8bf3672596d35197c,17139470,,,PARTIAL,True,ca2-0f2e70bb64b6ee9426eb,1,84c6c41fdf9fd0af933b3b21c276a8e5861f3811ea7aa3361268d8a81711ef82,False,1,3,3,True,2942b2819e08d00d8eb23bee9815e9c644757421e92e3c1307a45b057e264cf1,60494f0bea76eef89f0a8b74dd5235092888bbedf7781d982a527ba3528996ad,05ed12a61b9c1ea958e2cd47aba15354039220e7e24f03d370682eddb0e87cdd
gradient_maker_pool,ethereum,0x37ea5f691bce8459c66ffceeb9cf34ffa32fdadc,22765113,eth_getCode@fork; EIP-1967 slots@fork; beacon/diamond resolution; deployment tx,0x37ea5f691bce8459c66ffceeb9cf34ffa32fdadc,22765113,,,PARTIAL,True,ca2-7a492e8008e940fab9d5,3,8523cff9914b8a5785659d86eeca95b79f4c54976c8cff4685a4e127325edfec,False,1,3,3,True,2942b2819e08d00d8eb23bee9815e9c644757421e92e3c1307a45b057e264cf1,60494f0bea76eef89f0a8b74dd5235092888bbedf7781d982a527ba3528996ad,05ed12a61b9c1ea958e2cd47aba15354039220e7e24f03d370682eddb0e87cdd
mimspell2,ethereum,0x7259e152103756e1616a77ae982353c3751a6a90,19118659,eth_getCode@fork; EIP-1967 slots@fork; beacon/diamond resolution; deployment tx,0x7259e152103756e1616a77ae982353c3751a6a90,19118659,,,PARTIAL,True,ca2-be2ba09219e40ecb6cb2,2,85723b54b00715c57a7a686c50b8e96b24cd52e903a549a878541cfb6617730f,False,1,3,3,True,2942b2819e08d00d8eb23bee9815e9c644757421e92e3c1307a45b057e264cf1,60494f0bea76eef89f0a8b74dd5235092888bbedf7781d982a527ba3528996ad,05ed12a61b9c1ea958e2cd47aba15354039220e7e24f03d370682eddb0e87cdd
peapodsfinance,ethereum,0xdbb20a979a92cccce15229e41c9b082d5b5d7e31,19109652,eth_getCode@fork; EIP-1967 slots@fork; beacon/diamond resolution; deployment tx,0xdbb20a979a92cccce15229e41c9b082d5b5d7e31,19109652,,,PARTIAL,True,ca2-8af0ea955100349da941,2,8656152e6dc8aeca5cd120bfe6e139cfb30f343cdcf791fa542257d028b57a88,False,1,3,3,True,2942b2819e08d00d8eb23bee9815e9c644757421e92e3c1307a45b057e264cf1,60494f0bea76eef89f0a8b74dd5235092888bbedf7781d982a527ba3528996ad,05ed12a61b9c1ea958e2cd47aba15354039220e7e24f03d370682eddb0e87cdd
num,ethereum,0x765277eebeca2e31912c9946eae1021199b39c61,16029969,eth_getCode@fork; EIP-1967 slots@fork; beacon/diamond resolution; deployment tx,0x765277eebeca2e31912c9946eae1021199b39c61,16029969,,,PARTIAL,True,ca2-759d84cb92c4b203c71e,1,8890e500bcfd6fb5651c31ea5dcd0baecb5fe3cc55e0d58fb56a7759c0fcf676,False,1,3,3,True,2942b2819e08d00d8eb23bee9815e9c644757421e92e3c1307a45b057e264cf1,60494f0bea76eef89f0a8b74dd5235092888bbedf7781d982a527ba3528996ad,05ed12a61b9c1ea958e2cd47aba15354039220e7e24f03d370682eddb0e87cdd
makina,ethereum,0xd1a1c248b253f1fc60eacd90777b9a63f8c8c1bc,24273361,eth_getCode@fork; EIP-1967 slots@fork; beacon/diamond resolution; deployment tx,0xd1a1c248b253f1fc60eacd90777b9a63f8c8c1bc,24273361,,,PARTIAL,True,ca2-f39ef961ac91c6d34016,3,8b0c6c59b836529d538fe39e43a7470e55a6f3ee37fb7a43059a161da05a7378,False,1,3,3,True,2942b2819e08d00d8eb23bee9815e9c644757421e92e3c1307a45b057e264cf1,60494f0bea76eef89f0a8b74dd5235092888bbedf7781d982a527ba3528996ad,05ed12a61b9c1ea958e2cd47aba15354039220e7e24f03d370682eddb0e87cdd
balancer_20200628,ethereum,0x0e511aa1a137aad267dfe3a6bfca0b856c1a3682,10355806,eth_getCode@fork; EIP-1967 slots@fork; beacon/diamond resolution; deployment tx,0x0e511aa1a137aad267dfe3a6bfca0b856c1a3682,10355806,,,PARTIAL,True,ca2-f056a955a865b551a342,0,8b2134f4e0f0aed863e7938547026ba9ab5c75544580d3eec97706adf7aa622c,False,1,3,3,True,2942b2819e08d00d8eb23bee9815e9c644757421e92e3c1307a45b057e264cf1,60494f0bea76eef89f0a8b74dd5235092888bbedf7781d982a527ba3528996ad,05ed12a61b9c1ea958e2cd47aba15354039220e7e24f03d370682eddb0e87cdd
uwulend_first,ethereum,0x2409af0251dcb89ee3dee572629291f9b087c668,20061318,eth_getCode@fork; EIP-1967 slots@fork; beacon/diamond resolution; deployment tx,0x2409af0251dcb89ee3dee572629291f9b087c668,20061318,,,PARTIAL,True,ca2-0687f6e05dc58457935a,3,8b5b3c7cbd5d089a4d8117a2a3f951b33a15a3bd7d7205c446e00e97a310cebf,False,1,3,3,True,2942b2819e08d00d8eb23bee9815e9c644757421e92e3c1307a45b057e264cf1,60494f0bea76eef89f0a8b74dd5235092888bbedf7781d982a527ba3528996ad,05ed12a61b9c1ea958e2cd47aba15354039220e7e24f03d370682eddb0e87cdd
ehive,ethereum,0x4ae2cd1f5b8806a973953b76f9ce6d5fab9cdcfd,17690497,eth_getCode@fork; EIP-1967 slots@fork; beacon/diamond resolution; deployment tx,0x4ae2cd1f5b8806a973953b76f9ce6d5fab9cdcfd,17690497,,,PARTIAL,True,ca2-82c63f4f3f31559be9a8,1,8b774a71314e76999222f538194d435890b2ed0745b1259bfba801124b5fe8c4,False,1,3,3,True,2942b2819e08d00d8eb23bee9815e9c644757421e92e3c1307a45b057e264cf1,60494f0bea76eef89f0a8b74dd5235092888bbedf7781d982a527ba3528996ad,05ed12a61b9c1ea958e2cd47aba15354039220e7e24f03d370682eddb0e87cdd
barleyfinance,ethereum,0x04c80bb477890f3021f03b068238836ee20aa0b8,19106654,eth_getCode@fork; EIP-1967 slots@fork; beacon/diamond resolution; deployment tx,0x04c80bb477890f3021f03b068238836ee20aa0b8,19106654,,,PARTIAL,True,ca2-4f5a0a76d69326e4c2cd,2,8ce8e648ba3a93c44dfb6db3869408faf77cd1e111558c964d3ed387f3d4bac3,False,1,3,3,True,2942b2819e08d00d8eb23bee9815e9c644757421e92e3c1307a45b057e264cf1,60494f0bea76eef89f0a8b74dd5235092888bbedf7781d982a527ba3528996ad,05ed12a61b9c1ea958e2cd47aba15354039220e7e24f03d370682eddb0e87cdd
laura_token,ethereum,0x05641e33fd15baf819729df55500b07b82eb8e89,21529887,eth_getCode@fork; EIP-1967 slots@fork; beacon/diamond resolution; deployment tx,0x05641e33fd15baf819729df55500b07b82eb8e89,21529887,,,PARTIAL,True,ca2-b47e7dc1b2b6c8992cce,3,8df4a0172b60649523e095ccc5715c8e0ed2030a8b50e482b1cd0fc5b8aa72d1,False,1,3,3,True,2942b2819e08d00d8eb23bee9815e9c644757421e92e3c1307a45b057e264cf1,60494f0bea76eef89f0a8b74dd5235092888bbedf7781d982a527ba3528996ad,05ed12a61b9c1ea958e2cd47aba15354039220e7e24f03d370682eddb0e87cdd
doughfina,ethereum,0x9f54e8eaa9658316bb8006e03fff1cb191aafbe6,20288622,eth_getCode@fork; EIP-1967 slots@fork; beacon/diamond resolution; deployment tx,0x9f54e8eaa9658316bb8006e03fff1cb191aafbe6,20288622,,,PARTIAL,True,ca2-0d308a16f604ed495788,3,8f9032a953b5b8a5183a1db448c56cafc9c1ca477ba968dd48086344db7aab5a,False,1,3,3,True,2942b2819e08d00d8eb23bee9815e9c644757421e92e3c1307a45b057e264cf1,60494f0bea76eef89f0a8b74dd5235092888bbedf7781d982a527ba3528996ad,05ed12a61b9c1ea958e2cd47aba15354039220e7e24f03d370682eddb0e87cdd
qtn,ethereum,0xc9fa8f4cfd11559b50c5c7f6672b9eea2757e1bd,16430212,eth_getCode@fork; EIP-1967 slots@fork; beacon/diamond resolution; deployment tx,0xc9fa8f4cfd11559b50c5c7f6672b9eea2757e1bd,16430212,,,PARTIAL,True,ca2-c5f9905c03ee273e260f,1,8f9d986772558a9c7448d9c374691436b87df45d1135fda522cf30922c11d213,False,1,3,3,True,2942b2819e08d00d8eb23bee9815e9c644757421e92e3c1307a45b057e264cf1,60494f0bea76eef89f0a8b74dd5235092888bbedf7781d982a527ba3528996ad,05ed12a61b9c1ea958e2cd47aba15354039220e7e24f03d370682eddb0e87cdd
teamfinance,ethereum,0xe2fe530c047f2d85298b07d9333c05737f1435fb,15837893,eth_getCode@fork; EIP-1967 slots@fork; beacon/diamond resolution; deployment tx,0xe2fe530c047f2d85298b07d9333c05737f1435fb,15837893,,,PARTIAL,True,ca2-c2f4de8010f571d74d0d,1,9112b7de2190ae94eae2be00e317a56941d79ba3aa610800e891b5216f150f10,False,1,3,3,True,2942b2819e08d00d8eb23bee9815e9c644757421e92e3c1307a45b057e264cf1,60494f0bea76eef89f0a8b74dd5235092888bbedf7781d982a527ba3528996ad,05ed12a61b9c1ea958e2cd47aba15354039220e7e24f03d370682eddb0e87cdd
conic_2,ethereum,0xbb787d6243a8d450659e09ea6fd82f1c859691e9,17740954,eth_getCode@fork; EIP-1967 slots@fork; beacon/diamond resolution; deployment tx,0xbb787d6243a8d450659e09ea6fd82f1c859691e9,17740954,,,PARTIAL,True,ca2-4b9009f78d24b677e07e,1,926a0d203f0f90b2f855790c1ed69a8fe078896a878c2fe844adc4e3c2fe5eb9,False,1,3,3,True,2942b2819e08d00d8eb23bee9815e9c644757421e92e3c1307a45b057e264cf1,60494f0bea76eef89f0a8b74dd5235092888bbedf7781d982a527ba3528996ad,05ed12a61b9c1ea958e2cd47aba15354039220e7e24f03d370682eddb0e87cdd
burntbubba,ethereum,0xa44e79a2c9a8965e7a6fa77bf0ca8faf50e6c73e,18680254,eth_getCode@fork; EIP-1967 slots@fork; beacon/diamond resolution; deployment tx,0xa44e79a2c9a8965e7a6fa77bf0ca8faf50e6c73e,18680254,,,PARTIAL,True,ca2-87c7a2d034157234fe09,2,9453bf00e171a69511a8676843ccf48cbb961295c44d64a638f2fcf35f97bafb,False,1,3,3,True,2942b2819e08d00d8eb23bee9815e9c644757421e92e3c1307a45b057e264cf1,60494f0bea76eef89f0a8b74dd5235092888bbedf7781d982a527ba3528996ad,05ed12a61b9c1ea958e2cd47aba15354039220e7e24f03d370682eddb0e87cdd
rari,ethereum,0x3f2d1bc6d02522dbcdb216b2e75edddafe04b16f,14684813,eth_getCode@fork; EIP-1967 slots@fork; beacon/diamond resolution; deployment tx,0x3f2d1bc6d02522dbcdb216b2e75edddafe04b16f,14684813,,,PARTIAL,True,ca2-332ccdc5e82202082265,0,94c155b68acaf80bcca45700fffeedc3f55b4271fab4faf4ba6cc27d0a8aea48,False,1,3,3,True,2942b2819e08d00d8eb23bee9815e9c644757421e92e3c1307a45b057e264cf1,60494f0bea76eef89f0a8b74dd5235092888bbedf7781d982a527ba3528996ad,05ed12a61b9c1ea958e2cd47aba15354039220e7e24f03d370682eddb0e87cdd
luckytiger,ethereum,0x9c87a5726e98f2f404cdd8ac8968e9b2c80c0967,15403430,eth_getCode@fork; EIP-1967 slots@fork; beacon/diamond resolution; deployment tx,0x9c87a5726e98f2f404cdd8ac8968e9b2c80c0967,15403430,,,PARTIAL,True,ca2-da248926cc32b52fc5ad,0,9514ae17c4a42219fe20bc6bb37180f922a1fab4979901c0773d57db5196fc59,False,1,3,3,True,2942b2819e08d00d8eb23bee9815e9c644757421e92e3c1307a45b057e264cf1,60494f0bea76eef89f0a8b74dd5235092888bbedf7781d982a527ba3528996ad,05ed12a61b9c1ea958e2cd47aba15354039220e7e24f03d370682eddb0e87cdd
nimbus,ethereum,0xc0a6b8c534fad86df8fa1abb17084a70f86eddc1,13225516,eth_getCode@fork; EIP-1967 slots@fork; beacon/diamond resolution; deployment tx,0xc0a6b8c534fad86df8fa1abb17084a70f86eddc1,13225516,,,PARTIAL,True,ca2-54094307591338d2b28a,0,958f9dd16fa37e5367b32d4b771af710dea960920a393e13007d756f6b8ff894,False,1,3,3,True,2942b2819e08d00d8eb23bee9815e9c644757421e92e3c1307a45b057e264cf1,60494f0bea76eef89f0a8b74dd5235092888bbedf7781d982a527ba3528996ad,05ed12a61b9c1ea958e2cd47aba15354039220e7e24f03d370682eddb0e87cdd
bbt,ethereum,0x3541499cda8ca51b24724bb8e7ce569727406e04,19417822,eth_getCode@fork; EIP-1967 slots@fork; beacon/diamond resolution; deployment tx,0x3541499cda8ca51b24724bb8e7ce569727406e04,19417822,,,PARTIAL,True,ca2-ba0418d74fad65f2483c,2,9b01b4590645b101905cfa635534746ed219eb3d0bc4e74a9dc2f002ae316b78,False,1,3,3,True,2942b2819e08d00d8eb23bee9815e9c644757421e92e3c1307a45b057e264cf1,60494f0bea76eef89f0a8b74dd5235092888bbedf7781d982a527ba3528996ad,05ed12a61b9c1ea958e2cd47aba15354039220e7e24f03d370682eddb0e87cdd
otseastaking,ethereum,0xf2c8e860ca12cde3f3195423ecf54427a4f30916,20738190,eth_getCode@fork; EIP-1967 slots@fork; beacon/diamond resolution; deployment tx,0xf2c8e860ca12cde3f3195423ecf54427a4f30916,20738190,,,PARTIAL,True,ca2-a21d0869309e8d547595,3,9e000f74ac29ac56ba223f8f64e6a8c4b83c7833687a71a4a5af218ff9fa4c75,False,1,3,3,True,2942b2819e08d00d8eb23bee9815e9c644757421e92e3c1307a45b057e264cf1,60494f0bea76eef89f0a8b74dd5235092888bbedf7781d982a527ba3528996ad,05ed12a61b9c1ea958e2cd47aba15354039220e7e24f03d370682eddb0e87cdd
conic02,ethereum,0x369cbc5c6f139b1132d3b91b87241b37fc5b971f,17743470,eth_getCode@fork; EIP-1967 slots@fork; beacon/diamond resolution; deployment tx,0x369cbc5c6f139b1132d3b91b87241b37fc5b971f,17743470,,,PARTIAL,True,ca2-22667ec3b73bf4e3f29e,1,a1aeb4fa383068da0389f2908dec039773319baea9c14d15397287721d3064cb,False,1,3,3,True,2942b2819e08d00d8eb23bee9815e9c644757421e92e3c1307a45b057e264cf1,60494f0bea76eef89f0a8b74dd5235092888bbedf7781d982a527ba3528996ad,05ed12a61b9c1ea958e2cd47aba15354039220e7e24f03d370682eddb0e87cdd
floorprotocol,ethereum,0x49ad262c49c7aa708cc2df262ed53b64a17dd5ee,18802287,eth_getCode@fork; EIP-1967 slots@fork; beacon/diamond resolution; deployment tx,0x49ad262c49c7aa708cc2df262ed53b64a17dd5ee,18802287,,,PARTIAL,True,ca2-a03b0bc9fabb86e707cb,2,a1b5f687eeee1e34fb20e4c026f9befaa29e0f0dc722059e1cebda02d0105bf2,False,1,3,3,True,2942b2819e08d00d8eb23bee9815e9c644757421e92e3c1307a45b057e264cf1,60494f0bea76eef89f0a8b74dd5235092888bbedf7781d982a527ba3528996ad,05ed12a61b9c1ea958e2cd47aba15354039220e7e24f03d370682eddb0e87cdd
audius,ethereum,0x4deca517d6817b6510798b7328f2314d3003abac,15201793,eth_getCode@fork; EIP-1967 slots@fork; beacon/diamond resolution; deployment tx,0x4deca517d6817b6510798b7328f2314d3003abac,15201793,,,PARTIAL,True,ca2-96f82ac8ed9b6f3e4f14,0,a4196e76fa39c71f167ce8539ec9bd89d1d9b03c180efa39cebe89de8cc2445e,False,1,3,3,True,2942b2819e08d00d8eb23bee9815e9c644757421e92e3c1307a45b057e264cf1,60494f0bea76eef89f0a8b74dd5235092888bbedf7781d982a527ba3528996ad,05ed12a61b9c1ea958e2cd47aba15354039220e7e24f03d370682eddb0e87cdd
mono,ethereum,0xc36a7887786389405ea8da0b87602ae3902b88a1,13715025,eth_getCode@fork; EIP-1967 slots@fork; beacon/diamond resolution; deployment tx,0xc36a7887786389405ea8da0b87602ae3902b88a1,13715025,,,PARTIAL,True,ca2-6123dfbf4db930b4d1d5,0,a70c5aecb965047a27747abe66fd1c03949bf8b465e069f8ad0fc72fcc3999dc,False,1,3,3,True,2942b2819e08d00d8eb23bee9815e9c644757421e92e3c1307a45b057e264cf1,60494f0bea76eef89f0a8b74dd5235092888bbedf7781d982a527ba3528996ad,05ed12a61b9c1ea958e2cd47aba15354039220e7e24f03d370682eddb0e87cdd
paraspace,ethereum,0x638a98bbb92a7582d07c52ff407d49664dc8b3ee,16845558,eth_getCode@fork; EIP-1967 slots@fork; beacon/diamond resolution; deployment tx,0x638a98bbb92a7582d07c52ff407d49664dc8b3ee,16845558,,,PARTIAL,True,ca2-a86a6b86d343ba9e3bdb,1,a78d224cce9be28b8d063d17e5f44be33f103623e2b1d43a50fab5468108ed01,False,1,3,3,True,2942b2819e08d00d8eb23bee9815e9c644757421e92e3c1307a45b057e264cf1,60494f0bea76eef89f0a8b74dd5235092888bbedf7781d982a527ba3528996ad,05ed12a61b9c1ea958e2cd47aba15354039220e7e24f03d370682eddb0e87cdd
wiselending03,ethereum,0x37e49bf3749513a02fa535f0cbc383796e8107e4,18992907,eth_getCode@fork; EIP-1967 slots@fork; beacon/diamond resolution; deployment tx,0x37e49bf3749513a02fa535f0cbc383796e8107e4,18992907,,,PARTIAL,True,ca2-fb44a0ed0d7b6f375c60,2,a7d05a44739982b48e2d8bb7b2ba7d43f22304f8d18da74198ee6cccd7cbe418,False,1,3,3,True,2942b2819e08d00d8eb23bee9815e9c644757421e92e3c1307a45b057e264cf1,60494f0bea76eef89f0a8b74dd5235092888bbedf7781d982a527ba3528996ad,05ed12a61b9c1ea958e2cd47aba15354039220e7e24f03d370682eddb0e87cdd
badguysbyrpf,ethereum,0xb84cbaf116eb90fd445dd5aeadfab3e807d2cbac,15460093,eth_getCode@fork; EIP-1967 slots@fork; beacon/diamond resolution; deployment tx,0xb84cbaf116eb90fd445dd5aeadfab3e807d2cbac,15460093,,,PARTIAL,True,ca2-1dbdc2611cd24dc765b2,0,ac5fc19e0c4b2520dcd44df9475a154f3c9c7986ffa7698e1685d2009fe853a1,False,1,3,3,True,2942b2819e08d00d8eb23bee9815e9c644757421e92e3c1307a45b057e264cf1,60494f0bea76eef89f0a8b74dd5235092888bbedf7781d982a527ba3528996ad,05ed12a61b9c1ea958e2cd47aba15354039220e7e24f03d370682eddb0e87cdd
qubit,ethereum,0x20e5e35ba29dc3b540a1aee781d0814d5c77bce6,14090169,eth_getCode@fork; EIP-1967 slots@fork; beacon/diamond resolution; deployment tx,0x20e5e35ba29dc3b540a1aee781d0814d5c77bce6,14090169,,,PARTIAL,True,ca2-ca3ec401a279f9b471a6,0,ad3e2a65f4bb1fd044ee9a47dad4579aa2deaf026189aa5bfd3e6a4ec8c18674,False,1,3,3,True,2942b2819e08d00d8eb23bee9815e9c644757421e92e3c1307a45b057e264cf1,60494f0bea76eef89f0a8b74dd5235092888bbedf7781d982a527ba3528996ad,05ed12a61b9c1ea958e2cd47aba15354039220e7e24f03d370682eddb0e87cdd
gain,ethereum,0xde59b88abefa5e6c8aa6d742eee0f887dab136ac,19277619,eth_getCode@fork; EIP-1967 slots@fork; beacon/diamond resolution; deployment tx,0xde59b88abefa5e6c8aa6d742eee0f887dab136ac,19277619,,,PARTIAL,True,ca2-7a01249aabcf9ab600cc,2,ad40096cf5899385cc534b15664e4d618b03300154e5f136e29007cd7fb14da3,False,1,3,3,True,2942b2819e08d00d8eb23bee9815e9c644757421e92e3c1307a45b057e264cf1,60494f0bea76eef89f0a8b74dd5235092888bbedf7781d982a527ba3528996ad,05ed12a61b9c1ea958e2cd47aba15354039220e7e24f03d370682eddb0e87cdd
opyn,ethereum,0x951d51baefb72319d9fbe941e1615938d89abfe2,10592516,eth_getCode@fork; EIP-1967 slots@fork; beacon/diamond resolution; deployment tx,0x951d51baefb72319d9fbe941e1615938d89abfe2,10592516,,,PARTIAL,True,ca2-b7ed9e346aa4cb6ca834,0,ad4218198464cfdc0b7a8b67882eaf10a3a56d24e5a90fc3689c10c25b0eba9d,False,1,3,3,True,2942b2819e08d00d8eb23bee9815e9c644757421e92e3c1307a45b057e264cf1,60494f0bea76eef89f0a8b74dd5235092888bbedf7781d982a527ba3528996ad,05ed12a61b9c1ea958e2cd47aba15354039220e7e24f03d370682eddb0e87cdd
sturdy,ethereum,0x9f72dc67cec672bb99e3d02cbea0a21536a2b657,17460609,eth_getCode@fork; EIP-1967 slots@fork; beacon/diamond resolution; deployment tx,0x9f72dc67cec672bb99e3d02cbea0a21536a2b657,17460609,,,PARTIAL,True,ca2-7f64659ac37a0996268b,1,ad9296a6a6cb24a51275f83635808f0198669cdfcdab162e5bcb71bec2169ad3,False,1,3,3,True,2942b2819e08d00d8eb23bee9815e9c644757421e92e3c1307a45b057e264cf1,60494f0bea76eef89f0a8b74dd5235092888bbedf7781d982a527ba3528996ad,05ed12a61b9c1ea958e2cd47aba15354039220e7e24f03d370682eddb0e87cdd
dodo_flashloan,ethereum,0x051ebd717311350f1684f89335bed4abd083a2b6,12000000,eth_getCode@fork; EIP-1967 slots@fork; beacon/diamond resolution; deployment tx,0x051ebd717311350f1684f89335bed4abd083a2b6,12000000,,,PARTIAL,True,ca2-61c7c0bc0fd854fd8541,0,ae4f3f8e7253c43a9790aae8eb7ac1142144a0f355b52c46367a6db75c148fe0,False,1,3,3,True,2942b2819e08d00d8eb23bee9815e9c644757421e92e3c1307a45b057e264cf1,60494f0bea76eef89f0a8b74dd5235092888bbedf7781d982a527ba3528996ad,05ed12a61b9c1ea958e2cd47aba15354039220e7e24f03d370682eddb0e87cdd
compounderfinance,ethereum,0xaf274e912243b19b882f02d731dacd7cd13072d0,17426064,eth_getCode@fork; EIP-1967 slots@fork; beacon/diamond resolution; deployment tx,0xaf274e912243b19b882f02d731dacd7cd13072d0,17426064,,,PARTIAL,True,ca2-8920d085a4a666414df5,1,ae6ffb3220a9996f81e25423722a8349426381341437ed3aabd9c05841d7714f,False,1,3,3,True,2942b2819e08d00d8eb23bee9815e9c644757421e92e3c1307a45b057e264cf1,60494f0bea76eef89f0a8b74dd5235092888bbedf7781d982a527ba3528996ad,05ed12a61b9c1ea958e2cd47aba15354039220e7e24f03d370682eddb0e87cdd
earningfram,ethereum,0x863e572b215fd67c855d973f870266cf827aea5e,17875885,eth_getCode@fork; EIP-1967 slots@fork; beacon/diamond resolution; deployment tx,0x863e572b215fd67c855d973f870266cf827aea5e,17875885,,,PARTIAL,True,ca2-a21e3c90faf447e22997,1,b03e9f80195eb09d283e0b86b757da66608fc7eb2ef9812d97cd3f48077353c5,False,1,3,3,True,2942b2819e08d00d8eb23bee9815e9c644757421e92e3c1307a45b057e264cf1,60494f0bea76eef89f0a8b74dd5235092888bbedf7781d982a527ba3528996ad,05ed12a61b9c1ea958e2cd47aba15354039220e7e24f03d370682eddb0e87cdd
raft,ethereum,0x9ab6b21cdf116f611110b048987e58894786c244,18543485,eth_getCode@fork; EIP-1967 slots@fork; beacon/diamond resolution; deployment tx,0x9ab6b21cdf116f611110b048987e58894786c244,18543485,,,PARTIAL,True,ca2-c7586710b826b2f08a35,2,b07773b76d78cceec89df3fbfdc7644d56de4b49704c9f0030cd903d1fb139ee,False,1,3,3,True,2942b2819e08d00d8eb23bee9815e9c644757421e92e3c1307a45b057e264cf1,60494f0bea76eef89f0a8b74dd5235092888bbedf7781d982a527ba3528996ad,05ed12a61b9c1ea958e2cd47aba15354039220e7e24f03d370682eddb0e87cdd
zenterest,ethereum,0xe3334e66634acf17b2b97ab560ec92d6861b25fa,20541639,eth_getCode@fork; EIP-1967 slots@fork; beacon/diamond resolution; deployment tx,0xe3334e66634acf17b2b97ab560ec92d6861b25fa,20541639,,,PARTIAL,True,ca2-50a6237be75e1de28124,3,b1d2178ffb2b17c6b7d72b534dc043b49872d529a32201fe769f2c75760db1d9,False,1,3,3,True,2942b2819e08d00d8eb23bee9815e9c644757421e92e3c1307a45b057e264cf1,60494f0bea76eef89f0a8b74dd5235092888bbedf7781d982a527ba3528996ad,05ed12a61b9c1ea958e2cd47aba15354039220e7e24f03d370682eddb0e87cdd
auctus,ethereum,0xe7597f774fd0a15a617894dc39d45a28b97afa4f,14460635,eth_getCode@fork; EIP-1967 slots@fork; beacon/diamond resolution; deployment tx,0xe7597f774fd0a15a617894dc39d45a28b97afa4f,14460635,,,PARTIAL,True,ca2-a6061f6cad3a5884d6d4,0,b226cf34a8edc2400a81df7c61c1383b88d3fecfa869246ceb7df366eca8ee71,False,1,3,3,True,2942b2819e08d00d8eb23bee9815e9c644757421e92e3c1307a45b057e264cf1,60494f0bea76eef89f0a8b74dd5235092888bbedf7781d982a527ba3528996ad,05ed12a61b9c1ea958e2cd47aba15354039220e7e24f03d370682eddb0e87cdd
alkemi_earn,ethereum,0x4822d9172e5b76b9db37b75f5552f9988f98a888,24626978,eth_getCode@fork; EIP-1967 slots@fork; beacon/diamond resolution; deployment tx,0x4822d9172e5b76b9db37b75f5552f9988f98a888,24626978,,,PARTIAL,True,ca2-ad9d57e62841ea9096b7,3,b3f9be4b1dc24298be63ad0fa1dc2b30024f64ef7131c82e6f4c314542014fe6,False,1,3,3,True,2942b2819e08d00d8eb23bee9815e9c644757421e92e3c1307a45b057e264cf1,60494f0bea76eef89f0a8b74dd5235092888bbedf7781d982a527ba3528996ad,05ed12a61b9c1ea958e2cd47aba15354039220e7e24f03d370682eddb0e87cdd
aave_boost,ethereum,0xd2933c86216dc0c938ffafeca3c8a2d6e633e2ca,22685443,eth_getCode@fork; EIP-1967 slots@fork; beacon/diamond resolution; deployment tx,0xd2933c86216dc0c938ffafeca3c8a2d6e633e2ca,22685443,,,PARTIAL,True,ca2-3c88785c0f3b4867d7f4,3,b4a7996fd35d79016c120d0c33c8b4cf1b864d898c7ea9779675a9184d1e529b,False,1,3,3,True,2942b2819e08d00d8eb23bee9815e9c644757421e92e3c1307a45b057e264cf1,60494f0bea76eef89f0a8b74dd5235092888bbedf7781d982a527ba3528996ad,05ed12a61b9c1ea958e2cd47aba15354039220e7e24f03d370682eddb0e87cdd
anyswap,ethereum,0x6b7a87899490ece95443e979ca9485cbe7e71522,14037236,eth_getCode@fork; EIP-1967 slots@fork; beacon/diamond resolution; deployment tx,0x6b7a87899490ece95443e979ca9485cbe7e71522,14037236,,,PARTIAL,True,ca2-a3eb07131d27e069a3d8,0,b7a64f90e4533308d073cc224c7279c1c527c6a8b75494ec48fe5863f831638d,False,1,3,3,True,2942b2819e08d00d8eb23bee9815e9c644757421e92e3c1307a45b057e264cf1,60494f0bea76eef89f0a8b74dd5235092888bbedf7781d982a527ba3528996ad,05ed12a61b9c1ea958e2cd47aba15354039220e7e24f03d370682eddb0e87cdd
lendfme,ethereum,0x0eee3e3828a45f7601d5f54bf49bb01d1a9df5ea,9899725,eth_getCode@fork; EIP-1967 slots@fork; beacon/diamond resolution; deployment tx,0x0eee3e3828a45f7601d5f54bf49bb01d1a9df5ea,9899725,,,PARTIAL,True,ca2-57582b3e77f95ed74d3f,0,b8e228a51e91fbc4acbf93bf87e4371dff8f7e979151ee846c8c848e1abfe537,False,1,3,3,True,2942b2819e08d00d8eb23bee9815e9c644757421e92e3c1307a45b057e264cf1,60494f0bea76eef89f0a8b74dd5235092888bbedf7781d982a527ba3528996ad,05ed12a61b9c1ea958e2cd47aba15354039220e7e24f03d370682eddb0e87cdd
firetoken,ethereum,0x18775475f50557b96c63e8bbf7d75bfeb412082d,20869374,eth_getCode@fork; EIP-1967 slots@fork; beacon/diamond resolution; deployment tx,0x18775475f50557b96c63e8bbf7d75bfeb412082d,20869374,,,PARTIAL,True,ca2-0fa9395ce4552eadc7fb,3,b997529c1f62170f7b1cbc5562ca4d53c0779067b30b2a8887931bcf2b115ed4,False,1,3,3,True,2942b2819e08d00d8eb23bee9815e9c644757421e92e3c1307a45b057e264cf1,60494f0bea76eef89f0a8b74dd5235092888bbedf7781d982a527ba3528996ad,05ed12a61b9c1ea958e2cd47aba15354039220e7e24f03d370682eddb0e87cdd
usdtstakingcontract28,ethereum,0x800cfd4a2ba8ce93ea2cc814fce26c3635169017,17696562,eth_getCode@fork; EIP-1967 slots@fork; beacon/diamond resolution; deployment tx,0x800cfd4a2ba8ce93ea2cc814fce26c3635169017,17696562,,,PARTIAL,True,ca2-8f2514150efc980c9183,1,ba616743f27bc0d6d4457a32f22be2fbaea53d97db69cfffdead385964ca915f,False,1,3,3,True,2942b2819e08d00d8eb23bee9815e9c644757421e92e3c1307a45b057e264cf1,60494f0bea76eef89f0a8b74dd5235092888bbedf7781d982a527ba3528996ad,05ed12a61b9c1ea958e2cd47aba15354039220e7e24f03d370682eddb0e87cdd
templedao,ethereum,0xd2869042e12a3506100af1d192b5b04d65137941,15725066,eth_getCode@fork; EIP-1967 slots@fork; beacon/diamond resolution; deployment tx,0xd2869042e12a3506100af1d192b5b04d65137941,15725066,,,PARTIAL,True,ca2-e71c9a37159c80622f42,0,bb81a95359041ec127db1b60921bd941d2e0cef0e75908f413c128db31a8909d,False,1,3,3,True,2942b2819e08d00d8eb23bee9815e9c644757421e92e3c1307a45b057e264cf1,60494f0bea76eef89f0a8b74dd5235092888bbedf7781d982a527ba3528996ad,05ed12a61b9c1ea958e2cd47aba15354039220e7e24f03d370682eddb0e87cdd
multichaincapital,ethereum,0x1a7981d87e3b6a95c1516eb820e223fe979896b3,17221445,eth_getCode@fork; EIP-1967 slots@fork; beacon/diamond resolution; deployment tx,0x1a7981d87e3b6a95c1516eb820e223fe979896b3,17221445,,,PARTIAL,True,ca2-11635f2908fcc175e7c9,1,bb8ff1afd16714c346466137a8b8c3537d1b7a57357edeb743abf328a8b82e29,False,1,3,3,True,2942b2819e08d00d8eb23bee9815e9c644757421e92e3c1307a45b057e264cf1,60494f0bea76eef89f0a8b74dd5235092888bbedf7781d982a527ba3528996ad,05ed12a61b9c1ea958e2cd47aba15354039220e7e24f03d370682eddb0e87cdd
shoco,ethereum,0x31a4f372aa891b46ba44dc64be1d8947c889e9c6,16440978,eth_getCode@fork; EIP-1967 slots@fork; beacon/diamond resolution; deployment tx,0x31a4f372aa891b46ba44dc64be1d8947c889e9c6,16440978,,,PARTIAL,True,ca2-0973b5638247f1875b62,1,bd1c7c46a0a895e91ed84094ac2195ed6c9db5964bc5b5ae689e6f1d273e7396,False,1,3,3,True,2942b2819e08d00d8eb23bee9815e9c644757421e92e3c1307a45b057e264cf1,60494f0bea76eef89f0a8b74dd5235092888bbedf7781d982a527ba3528996ad,05ed12a61b9c1ea958e2cd47aba15354039220e7e24f03d370682eddb0e87cdd
vinu,ethereum,0xf7ef0d57277ad6c2babf87ab64ba61abdd2590d2,17421006,eth_getCode@fork; EIP-1967 slots@fork; beacon/diamond resolution; deployment tx,0xf7ef0d57277ad6c2babf87ab64ba61abdd2590d2,17421006,,,PARTIAL,True,ca2-59a4716d84aaff033fae,1,bd8520aafed83656ea3906c190ea181102d297b1d06982cb4b6e228f833d9911,False,1,3,3,True,2942b2819e08d00d8eb23bee9815e9c644757421e92e3c1307a45b057e264cf1,60494f0bea76eef89f0a8b74dd5235092888bbedf7781d982a527ba3528996ad,05ed12a61b9c1ea958e2cd47aba15354039220e7e24f03d370682eddb0e87cdd
onyxdao,ethereum,0xf10bc5be84640236c71173d1809038af4ee19002,20834657,eth_getCode@fork; EIP-1967 slots@fork; beacon/diamond resolution; deployment tx,0xf10bc5be84640236c71173d1809038af4ee19002,20834657,,,PARTIAL,True,ca2-194c50c55dd95140a294,3,bfc4b0efd2a229e04d558b0cda2679ffe323216f6ba49e4c10f45834c4500af0,False,1,3,3,True,2942b2819e08d00d8eb23bee9815e9c644757421e92e3c1307a45b057e264cf1,60494f0bea76eef89f0a8b74dd5235092888bbedf7781d982a527ba3528996ad,05ed12a61b9c1ea958e2cd47aba15354039220e7e24f03d370682eddb0e87cdd
uni,ethereum,0x76ea342bc038d665e8a116392c82552d2605eda1,21992033,eth_getCode@fork; EIP-1967 slots@fork; beacon/diamond resolution; deployment tx,0x76ea342bc038d665e8a116392c82552d2605eda1,21992033,,,PARTIAL,True,ca2-55172a38bf64b74d8fd2,3,bffbd9db932069fe515f678b530314b1b8cefb9221775a4d73adde42ea73b0bb,False,1,3,3,True,2942b2819e08d00d8eb23bee9815e9c644757421e92e3c1307a45b057e264cf1,60494f0bea76eef89f0a8b74dd5235092888bbedf7781d982a527ba3528996ad,05ed12a61b9c1ea958e2cd47aba15354039220e7e24f03d370682eddb0e87cdd
visor,ethereum,0xc9f27a50f82571c1c8423a42970613b8dbda14ef,13849006,eth_getCode@fork; EIP-1967 slots@fork; beacon/diamond resolution; deployment tx,0xc9f27a50f82571c1c8423a42970613b8dbda14ef,13849006,,,PARTIAL,True,ca2-c5ce6bf171451010d578,0,c0164335fac4c33524b39f5561e396e138cda81a2f38e62f70d41eef22329366,False,1,3,3,True,2942b2819e08d00d8eb23bee9815e9c644757421e92e3c1307a45b057e264cf1,60494f0bea76eef89f0a8b74dd5235092888bbedf7781d982a527ba3528996ad,05ed12a61b9c1ea958e2cd47aba15354039220e7e24f03d370682eddb0e87cdd
hexotic,ethereum,0x204b937feaec333e9e6d72d35f1d131f187ecea1,23260640,eth_getCode@fork; EIP-1967 slots@fork; beacon/diamond resolution; deployment tx,0x204b937feaec333e9e6d72d35f1d131f187ecea1,23260640,,,PARTIAL,True,ca2-ba88d4267adf9e3ccd48,3,c24c042186d440eb75596c065743d7b14531c9981e1872b52bc41ede4445da47,False,1,3,3,True,2942b2819e08d00d8eb23bee9815e9c644757421e92e3c1307a45b057e264cf1,60494f0bea76eef89f0a8b74dd5235092888bbedf7781d982a527ba3528996ad,05ed12a61b9c1ea958e2cd47aba15354039220e7e24f03d370682eddb0e87cdd
inversefinance,ethereum,0x7fcb7dac61ee35b3d4a51117a7c58d53f0a8a670,14972418,eth_getCode@fork; EIP-1967 slots@fork; beacon/diamond resolution; deployment tx,0x7fcb7dac61ee35b3d4a51117a7c58d53f0a8a670,14972418,,,PARTIAL,True,ca2-de6d0211681a69ea1f52,0,c26c45d92dbb3ff71576c2dd218001b09fa952ea478de21bbae9e0cbea497dc3,False,1,3,3,True,2942b2819e08d00d8eb23bee9815e9c644757421e92e3c1307a45b057e264cf1,60494f0bea76eef89f0a8b74dd5235092888bbedf7781d982a527ba3528996ad,05ed12a61b9c1ea958e2cd47aba15354039220e7e24f03d370682eddb0e87cdd
sashatoken,ethereum,0xd1456d1b9ceb59abd4423a49d40942a9485ceef6,20905301,eth_getCode@fork; EIP-1967 slots@fork; beacon/diamond resolution; deployment tx,0xd1456d1b9ceb59abd4423a49d40942a9485ceef6,20905301,,,PARTIAL,True,ca2-a4270f1ffef2f72b2237,3,c3bf0d12ed8a70cf80a42caa4e93751dbee9a339767b8bc8b2378989de5d2468,False,1,3,3,True,2942b2819e08d00d8eb23bee9815e9c644757421e92e3c1307a45b057e264cf1,60494f0bea76eef89f0a8b74dd5235092888bbedf7781d982a527ba3528996ad,05ed12a61b9c1ea958e2cd47aba15354039220e7e24f03d370682eddb0e87cdd
miner,ethereum,0xe77ec1bf3a5c95bfe3be7bdbacfe3ac1c7e454cd,19226507,eth_getCode@fork; EIP-1967 slots@fork; beacon/diamond resolution; deployment tx,0xe77ec1bf3a5c95bfe3be7bdbacfe3ac1c7e454cd,19226507,,,PARTIAL,True,ca2-122f147da75159901ea0,2,c8f932d9b45fe6d808eea5bc17ed8e9dc664fa96265cb6c6fd891b86cce7c02f,False,1,3,3,True,2942b2819e08d00d8eb23bee9815e9c644757421e92e3c1307a45b057e264cf1,60494f0bea76eef89f0a8b74dd5235092888bbedf7781d982a527ba3528996ad,05ed12a61b9c1ea958e2cd47aba15354039220e7e24f03d370682eddb0e87cdd
heavensgate,ethereum,0x8ebd6c7d2b79ca4dc5fbdec239a8bb0f214212b8,18069527,eth_getCode@fork; EIP-1967 slots@fork; beacon/diamond resolution; deployment tx,0x8ebd6c7d2b79ca4dc5fbdec239a8bb0f214212b8,18069527,,,PARTIAL,True,ca2-0214cb74200856148943,1,caf15562a6ddf8cab3551deb4b575ccac5e41ea2500a38a94b82916c96e15629,False,1,3,3,True,2942b2819e08d00d8eb23bee9815e9c644757421e92e3c1307a45b057e264cf1,60494f0bea76eef89f0a8b74dd5235092888bbedf7781d982a527ba3528996ad,05ed12a61b9c1ea958e2cd47aba15354039220e7e24f03d370682eddb0e87cdd
unilend,ethereum,0x4e34dd25dbd367b1bf82e1b5527dbbe799fad0d0,21608003,eth_getCode@fork; EIP-1967 slots@fork; beacon/diamond resolution; deployment tx,0x4e34dd25dbd367b1bf82e1b5527dbbe799fad0d0,21608003,,,PARTIAL,True,ca2-f2fdba3be5c566aed586,3,caf360be033454d89fc35339987a8c30011e04f92d53146c0ede91a8382d97d5,False,1,3,3,True,2942b2819e08d00d8eb23bee9815e9c644757421e92e3c1307a45b057e264cf1,60494f0bea76eef89f0a8b74dd5235092888bbedf7781d982a527ba3528996ad,05ed12a61b9c1ea958e2cd47aba15354039220e7e24f03d370682eddb0e87cdd
xst_2,ethereum,0x91383a15c391c142b80045d8b4730c1c37ac0378,15310016,eth_getCode@fork; EIP-1967 slots@fork; beacon/diamond resolution; deployment tx,0x91383a15c391c142b80045d8b4730c1c37ac0378,15310016,,,PARTIAL,True,ca2-aa992d5980e00838b209,0,cb6a52c87e96fe19710c0c4ba40afea61c0f6732e8e850e22d9b561c2adc729b,False,1,3,3,True,2942b2819e08d00d8eb23bee9815e9c644757421e92e3c1307a45b057e264cf1,60494f0bea76eef89f0a8b74dd5235092888bbedf7781d982a527ba3528996ad,05ed12a61b9c1ea958e2cd47aba15354039220e7e24f03d370682eddb0e87cdd
eflevervault,ethereum,0xe39fd820b58f83205db1d9225f28105971c3d309,15746199,eth_getCode@fork; EIP-1967 slots@fork; beacon/diamond resolution; deployment tx,0xe39fd820b58f83205db1d9225f28105971c3d309,15746199,,,PARTIAL,True,ca2-5c189b8bf9f7db29dd4e,0,ce51a5c48733b8638c2c9c217b3029a7f6654a13600f609156ea31c89d16c593,False,1,3,3,True,2942b2819e08d00d8eb23bee9815e9c644757421e92e3c1307a45b057e264cf1,60494f0bea76eef89f0a8b74dd5235092888bbedf7781d982a527ba3528996ad,05ed12a61b9c1ea958e2cd47aba15354039220e7e24f03d370682eddb0e87cdd
depayrouter,ethereum,0xae60ac8e69414c2dc362d0e6a03af643d1d85b92,18281129,eth_getCode@fork; EIP-1967 slots@fork; beacon/diamond resolution; deployment tx,0xae60ac8e69414c2dc362d0e6a03af643d1d85b92,18281129,,,PARTIAL,True,ca2-4c0faea601ab4a95ced8,2,d023cc9f435623e1b9cd868fd4e89ca65557ec0e88e7126385f1562eace75503,False,1,3,3,True,2942b2819e08d00d8eb23bee9815e9c644757421e92e3c1307a45b057e264cf1,60494f0bea76eef89f0a8b74dd5235092888bbedf7781d982a527ba3528996ad,05ed12a61b9c1ea958e2cd47aba15354039220e7e24f03d370682eddb0e87cdd
upswing,ethereum,0x35a254223960c18b69c0526c46b013d022e93902,16433820,eth_getCode@fork; EIP-1967 slots@fork; beacon/diamond resolution; deployment tx,0x35a254223960c18b69c0526c46b013d022e93902,16433820,,,PARTIAL,True,ca2-2f2a6d7666820b172f1a,1,d10f10ca1e3ac8483fa50acdee7619fd84e562d36cfe7d286bd725612accbfc7,False,1,3,3,True,2942b2819e08d00d8eb23bee9815e9c644757421e92e3c1307a45b057e264cf1,60494f0bea76eef89f0a8b74dd5235092888bbedf7781d982a527ba3528996ad,05ed12a61b9c1ea958e2cd47aba15354039220e7e24f03d370682eddb0e87cdd
hedgeyfinance,ethereum,0xbc452fdc8f851d7c5b72e1fe74dfb63bb793d511,19687889,eth_getCode@fork; EIP-1967 slots@fork; beacon/diamond resolution; deployment tx,0xbc452fdc8f851d7c5b72e1fe74dfb63bb793d511,19687889,,,PARTIAL,True,ca2-4e64c62c912196653625,3,d17f3cb37631402ca1d9865b8bc3b8d5422e051b78c7ad4a2cb1833fa28182de,False,1,3,3,True,2942b2819e08d00d8eb23bee9815e9c644757421e92e3c1307a45b057e264cf1,60494f0bea76eef89f0a8b74dd5235092888bbedf7781d982a527ba3528996ad,05ed12a61b9c1ea958e2cd47aba15354039220e7e24f03d370682eddb0e87cdd
goodcompound,ethereum,0x3d9819210a31b4961b30ef54be2aed79b9c9cd3b,18759540,eth_getCode@fork; EIP-1967 slots@fork; beacon/diamond resolution; deployment tx,0x3d9819210a31b4961b30ef54be2aed79b9c9cd3b,18759540,,,PARTIAL,True,ca2-40ac2c3e107d3d88709a,2,d5439b2582b3b3592d5599c2a4f21b42555e3d0653714dc96ad39096ae4b7903,False,1,3,3,True,2942b2819e08d00d8eb23bee9815e9c644757421e92e3c1307a45b057e264cf1,60494f0bea76eef89f0a8b74dd5235092888bbedf7781d982a527ba3528996ad,05ed12a61b9c1ea958e2cd47aba15354039220e7e24f03d370682eddb0e87cdd
socketgateway,ethereum,0xcc5fda5e3ca925bd0bb428c8b2669496ee43067e,19021453,eth_getCode@fork; EIP-1967 slots@fork; beacon/diamond resolution; deployment tx,0xcc5fda5e3ca925bd0bb428c8b2669496ee43067e,19021453,,,PARTIAL,True,ca2-220124d062a8c71c63c5,2,d7f922f96d70ef7c91cde85767fb81dc807aeb1ecc5d5d023f24d9cd38be1c75,False,1,3,3,True,2942b2819e08d00d8eb23bee9815e9c644757421e92e3c1307a45b057e264cf1,60494f0bea76eef89f0a8b74dd5235092888bbedf7781d982a527ba3528996ad,05ed12a61b9c1ea958e2cd47aba15354039220e7e24f03d370682eddb0e87cdd
hopelend,ethereum,0x53fbcada1201a465740f2d64ecdf6fac425f9030,18377041,eth_getCode@fork; EIP-1967 slots@fork; beacon/diamond resolution; deployment tx,0x53fbcada1201a465740f2d64ecdf6fac425f9030,18377041,,,PARTIAL,True,ca2-6e5acd680aa3d14315b9,2,d93a4fae4e291e2e36f15f230ef1a080a0889aa6eac74dce4d878257d2a43e02,False,1,3,3,True,2942b2819e08d00d8eb23bee9815e9c644757421e92e3c1307a45b057e264cf1,60494f0bea76eef89f0a8b74dd5235092888bbedf7781d982a527ba3528996ad,05ed12a61b9c1ea958e2cd47aba15354039220e7e24f03d370682eddb0e87cdd
cream,ethereum,0x2db6c82ce72c8d7d770ba1b5f5ed0b6e075066d6,13125070,eth_getCode@fork; EIP-1967 slots@fork; beacon/diamond resolution; deployment tx,0x2db6c82ce72c8d7d770ba1b5f5ed0b6e075066d6,13125070,,,PARTIAL,True,ca2-8c56561fae063cde5971,0,d9758149d5de1aefd0533126c8907c2a7bdfb3cd9cc470b73c40bfe73921d9e0,False,1,3,3,True,2942b2819e08d00d8eb23bee9815e9c644757421e92e3c1307a45b057e264cf1,60494f0bea76eef89f0a8b74dd5235092888bbedf7781d982a527ba3528996ad,05ed12a61b9c1ea958e2cd47aba15354039220e7e24f03d370682eddb0e87cdd
usual_money,ethereum,0x35d8949372d46b7a3d5a56006ae77b215fc69bc0,22575929,eth_getCode@fork; EIP-1967 slots@fork; beacon/diamond resolution; deployment tx,0x35d8949372d46b7a3d5a56006ae77b215fc69bc0,22575929,,,PARTIAL,True,ca2-5168eea9714e081f78ad,3,d9e86a490aae7e19fce3a759db5e760451289aa09f68e4d10679c8df8feeee4e,False,1,3,3,True,2942b2819e08d00d8eb23bee9815e9c644757421e92e3c1307a45b057e264cf1,60494f0bea76eef89f0a8b74dd5235092888bbedf7781d982a527ba3528996ad,05ed12a61b9c1ea958e2cd47aba15354039220e7e24f03d370682eddb0e87cdd
bzx,ethereum,0xb983e01458529665007ff7e0cddecdb74b967eb6,10852715,eth_getCode@fork; EIP-1967 slots@fork; beacon/diamond resolution; deployment tx,0xb983e01458529665007ff7e0cddecdb74b967eb6,10852715,,,PARTIAL,True,ca2-22e8cd13c63b74bc9bbc,0,df011b0e6e4911b6b96696c79d8455af75753ac567cb73a93cf7937f2c16cc1d,False,1,3,3,True,2942b2819e08d00d8eb23bee9815e9c644757421e92e3c1307a45b057e264cf1,60494f0bea76eef89f0a8b74dd5235092888bbedf7781d982a527ba3528996ad,05ed12a61b9c1ea958e2cd47aba15354039220e7e24f03d370682eddb0e87cdd
swapp_staking,ethereum,0x245a551ee0f55005e510b239c917fa34b41b3461,22957532,eth_getCode@fork; EIP-1967 slots@fork; beacon/diamond resolution; deployment tx,0x245a551ee0f55005e510b239c917fa34b41b3461,22957532,,,PARTIAL,True,ca2-01398b37f50bcbb8adc6,3,e0c1e70c008bc32255876bbe19b0db4876449574a417273c75b4d274c4e2defe,False,1,3,3,True,2942b2819e08d00d8eb23bee9815e9c644757421e92e3c1307a45b057e264cf1,60494f0bea76eef89f0a8b74dd5235092888bbedf7781d982a527ba3528996ad,05ed12a61b9c1ea958e2cd47aba15354039220e7e24f03d370682eddb0e87cdd
bao,ethereum,0xb0f8fe96b4880adbdede0ddf446bd1e7ef122c4e,17620870,eth_getCode@fork; EIP-1967 slots@fork; beacon/diamond resolution; deployment tx,0xb0f8fe96b4880adbdede0ddf446bd1e7ef122c4e,17620870,,,PARTIAL,True,ca2-47d01daca3ef9c1ed2f1,1,e0c83bc85f150410413b67073c249dff24ab88f81b7e8d50164f416785d2162c,False,1,3,3,True,2942b2819e08d00d8eb23bee9815e9c644757421e92e3c1307a45b057e264cf1,60494f0bea76eef89f0a8b74dd5235092888bbedf7781d982a527ba3528996ad,05ed12a61b9c1ea958e2cd47aba15354039220e7e24f03d370682eddb0e87cdd
indexedfinance,ethereum,0xf00a38376c8668fc1f3cd3daeef42e0e44a7fcdb,13417948,eth_getCode@fork; EIP-1967 slots@fork; beacon/diamond resolution; deployment tx,0xf00a38376c8668fc1f3cd3daeef42e0e44a7fcdb,13417948,,,PARTIAL,True,ca2-9f5117e07b7b2d16ed22,0,e5f700a221b6407fa6198ce01b5b5d7bdff3119543dc26ac07fc841cdb8be713,False,1,3,3,True,2942b2819e08d00d8eb23bee9815e9c644757421e92e3c1307a45b057e264cf1,60494f0bea76eef89f0a8b74dd5235092888bbedf7781d982a527ba3528996ad,05ed12a61b9c1ea958e2cd47aba15354039220e7e24f03d370682eddb0e87cdd
adc,ethereum,0xde46fcf6ab7559e4355b8ee3d7fba0f2730cddd8,19138640,eth_getCode@fork; EIP-1967 slots@fork; beacon/diamond resolution; deployment tx,0xde46fcf6ab7559e4355b8ee3d7fba0f2730cddd8,19138640,,,PARTIAL,True,ca2-bd6decf7c8f8dfbaca40,2,e785d21361213df8a92f8ddf6b5ead2dc2601e8728e25cccac78ea45b7a30cf6,False,1,3,3,True,2942b2819e08d00d8eb23bee9815e9c644757421e92e3c1307a45b057e264cf1,60494f0bea76eef89f0a8b74dd5235092888bbedf7781d982a527ba3528996ad,05ed12a61b9c1ea958e2cd47aba15354039220e7e24f03d370682eddb0e87cdd
lqdx_alert,ethereum,0x364f17a23ae4350319b7491224d10df5796190bc,19165893,eth_getCode@fork; EIP-1967 slots@fork; beacon/diamond resolution; deployment tx,0x364f17a23ae4350319b7491224d10df5796190bc,19165893,,,PARTIAL,True,ca2-dcbeec1a974442a079de,2,e881c65b16086345c80c33342c562755ec09cab1c4cd28e3e762098dd8887f4f,False,1,3,3,True,2942b2819e08d00d8eb23bee9815e9c644757421e92e3c1307a45b057e264cf1,60494f0bea76eef89f0a8b74dd5235092888bbedf7781d982a527ba3528996ad,05ed12a61b9c1ea958e2cd47aba15354039220e7e24f03d370682eddb0e87cdd
penpiexyzio,ethereum,0x6e799758cee75dae3d84e09d40dc416ecf713652,20671877,eth_getCode@fork; EIP-1967 slots@fork; beacon/diamond resolution; deployment tx,0x6e799758cee75dae3d84e09d40dc416ecf713652,20671877,,,PARTIAL,True,ca2-8b19d47d1a3d23da742b,3,e92ff7587524c12b61a887919822b8cc7f96ecb33ee42ccb03dc9eb5208da90b,False,1,3,3,True,2942b2819e08d00d8eb23bee9815e9c644757421e92e3c1307a45b057e264cf1,60494f0bea76eef89f0a8b74dd5235092888bbedf7781d982a527ba3528996ad,05ed12a61b9c1ea958e2cd47aba15354039220e7e24f03d370682eddb0e87cdd
harvestfinance,ethereum,0xf0358e8c3cd5fa238a29301d0bea3d63a17bedbe,11129473,eth_getCode@fork; EIP-1967 slots@fork; beacon/diamond resolution; deployment tx,0xf0358e8c3cd5fa238a29301d0bea3d63a17bedbe,11129473,,,PARTIAL,True,ca2-03a929a60d6ca387d4bb,0,eb3ef2dd71a25ba5f5e8a7d0f9c7b2b866ecd842002fa4c2c2962243423780c9,False,1,3,3,True,2942b2819e08d00d8eb23bee9815e9c644757421e92e3c1307a45b057e264cf1,60494f0bea76eef89f0a8b74dd5235092888bbedf7781d982a527ba3528996ad,05ed12a61b9c1ea958e2cd47aba15354039220e7e24f03d370682eddb0e87cdd
meta_pool,ethereum,0x48afbbd342f64ef8a9ab1c143719b63c2ad81710,22722910,eth_getCode@fork; EIP-1967 slots@fork; beacon/diamond resolution; deployment tx,0x48afbbd342f64ef8a9ab1c143719b63c2ad81710,22722910,,,PARTIAL,True,ca2-aa4fa44d86c046a9915f,3,ed7cd760a6a2278f581343c38120f5f2db42be9cd340ef4a25874a8a3f8710f8,False,1,3,3,True,2942b2819e08d00d8eb23bee9815e9c644757421e92e3c1307a45b057e264cf1,60494f0bea76eef89f0a8b74dd5235092888bbedf7781d982a527ba3528996ad,05ed12a61b9c1ea958e2cd47aba15354039220e7e24f03d370682eddb0e87cdd
bzx2,ethereum,0x7f3fe9d492a9a60aebb06d82cba23c6f32cad10b,18695728,eth_getCode@fork; EIP-1967 slots@fork; beacon/diamond resolution; deployment tx,0x7f3fe9d492a9a60aebb06d82cba23c6f32cad10b,18695728,,,PARTIAL,True,ca2-9f2e70a7938c45f70a82,2,ee186adab71a0c01bbee3f1426e692f9097a0f6763dd3516cc2a082b1e2822b8,False,1,3,3,True,2942b2819e08d00d8eb23bee9815e9c644757421e92e3c1307a45b057e264cf1,60494f0bea76eef89f0a8b74dd5235092888bbedf7781d982a527ba3528996ad,05ed12a61b9c1ea958e2cd47aba15354039220e7e24f03d370682eddb0e87cdd
game,ethereum,0x52d69c67536f55efefe02941868e5e762538dbd6,19213946,eth_getCode@fork; EIP-1967 slots@fork; beacon/diamond resolution; deployment tx,0x52d69c67536f55efefe02941868e5e762538dbd6,19213946,,,PARTIAL,True,ca2-d5c35ace73f1e0970aba,2,f12c56eb45e1f34b6cefc84401fb552fa536a92266f22185abce8877016b3ccd,False,1,3,3,True,2942b2819e08d00d8eb23bee9815e9c644757421e92e3c1307a45b057e264cf1,60494f0bea76eef89f0a8b74dd5235092888bbedf7781d982a527ba3528996ad,05ed12a61b9c1ea958e2cd47aba15354039220e7e24f03d370682eddb0e87cdd
n00d,ethereum,0x2321537fd8ef4644bacdceec54e5f35bf44311fa,15826379,eth_getCode@fork; EIP-1967 slots@fork; beacon/diamond resolution; deployment tx,0x2321537fd8ef4644bacdceec54e5f35bf44311fa,15826379,,,PARTIAL,True,ca2-702749959585da21f48a,1,f2f6f8ac97a9f689627d8e4e018c75d748ace742b54d7a854ea81c8ee9a25a90,False,1,3,3,True,2942b2819e08d00d8eb23bee9815e9c644757421e92e3c1307a45b057e264cf1,60494f0bea76eef89f0a8b74dd5235092888bbedf7781d982a527ba3528996ad,05ed12a61b9c1ea958e2cd47aba15354039220e7e24f03d370682eddb0e87cdd
brahtopg,ethereum,0xd248b30a3207a766d318c7a87f5cf334a439446d,15933794,eth_getCode@fork; EIP-1967 slots@fork; beacon/diamond resolution; deployment tx,0xd248b30a3207a766d318c7a87f5cf334a439446d,15933794,,,PARTIAL,True,ca2-a25eb49dc8b847fae718,1,f8a8cfdc0ca5b697c783f5fb086b2dcf742e9b591e313397945748d80c82647e,False,1,3,3,True,2942b2819e08d00d8eb23bee9815e9c644757421e92e3c1307a45b057e264cf1,60494f0bea76eef89f0a8b74dd5235092888bbedf7781d982a527ba3528996ad,05ed12a61b9c1ea958e2cd47aba15354039220e7e24f03d370682eddb0e87cdd
ktaf,ethereum,0xf5140fc35c6f94d02d7466f793feb0216082d7e5,18385885,eth_getCode@fork; EIP-1967 slots@fork; beacon/diamond resolution; deployment tx,0xf5140fc35c6f94d02d7466f793feb0216082d7e5,18385885,,,PARTIAL,True,ca2-5c6b3bca3311000683b6,2,fc316793c892cd59a77375d0c8a134d3617e8b5fa3d8ebccd2f28008fdd5bb6f,False,1,3,3,True,2942b2819e08d00d8eb23bee9815e9c644757421e92e3c1307a45b057e264cf1,60494f0bea76eef89f0a8b74dd5235092888bbedf7781d982a527ba3528996ad,05ed12a61b9c1ea958e2cd47aba15354039220e7e24f03d370682eddb0e87cdd
yodlrouter,ethereum,0xe3a0bc3483ae5a04db7ef2954315133a6f7d228e,20520368,eth_getCode@fork; EIP-1967 slots@fork; beacon/diamond resolution; deployment tx,0xe3a0bc3483ae5a04db7ef2954315133a6f7d228e,20520368,,,PARTIAL,True,ca2-b9b0485322ceb6ce33a3,3,fd79314d3371c25e30722e726d83e76ce09e6420ed1932cffe39077aeee58f8a,False,1,3,3,True,2942b2819e08d00d8eb23bee9815e9c644757421e92e3c1307a45b057e264cf1,60494f0bea76eef89f0a8b74dd5235092888bbedf7781d982a527ba3528996ad,05ed12a61b9c1ea958e2cd47aba15354039220e7e24f03d370682eddb0e87cdd
depusdt_levusdc,ethereum,0x7b190a928aa76eece5cb3e0f6b3bdb24fcdd9b4f,17484161,eth_getCode@fork; EIP-1967 slots@fork; beacon/diamond resolution; deployment tx,0x7b190a928aa76eece5cb3e0f6b3bdb24fcdd9b4f,17484161,,,PARTIAL,True,ca2-c7f02a40db88500f3ae5,1,fdd31827f87f1f9dd191eb869255dbdb3f81be3df472cee3d2499bf7165b69ee,False,1,3,3,True,2942b2819e08d00d8eb23bee9815e9c644757421e92e3c1307a45b057e264cf1,60494f0bea76eef89f0a8b74dd5235092888bbedf7781d982a527ba3528996ad,05ed12a61b9c1ea958e2cd47aba15354039220e7e24f03d370682eddb0e87cdd
xbridge,ethereum,0x47ddb6a433b76117a98fbeab5320d8b67d468e31,19723700,eth_getCode@fork; EIP-1967 slots@fork; beacon/diamond resolution; deployment tx,0x47ddb6a433b76117a98fbeab5320d8b67d468e31,19723700,,,PARTIAL,True,ca2-ed09542f8921c91cd3ec,3,fee5b6c3db2ed1990abd8d97c14187b25e3e59e48de83a42ce50419aad8d635a,False,1,3,3,True,2942b2819e08d00d8eb23bee9815e9c644757421e92e3c1307a45b057e264cf1,60494f0bea76eef89f0a8b74dd5235092888bbedf7781d982a527ba3528996ad,05ed12a61b9c1ea958e2cd47aba15354039220e7e24f03d370682eddb0e87cdd
alkimiya_io,ethereum,0xf3f84ce038442ae4c4dcb6a8ca8bacd7f28c9bde,22146339,eth_getCode@fork; EIP-1967 slots@fork; beacon/diamond resolution; deployment tx,0xf3f84ce038442ae4c4dcb6a8ca8bacd7f28c9bde,22146339,,,PARTIAL,True,ca2-feebcd26919bea5b0014,3,ffa754cb695a057d9da0cee2dd75b71abdc13cea73f2ad201707674d0036833d,False,1,3,3,True,2942b2819e08d00d8eb23bee9815e9c644757421e92e3c1307a45b057e264cf1,60494f0bea76eef89f0a8b74dd5235092888bbedf7781d982a527ba3528996ad,05ed12a61b9c1ea958e2cd47aba15354039220e7e24f03d370682eddb0e87cdd
pawnfi,ethereum,0x85018cf6f53c8bbd03c3137e71f4fca226cda92c,17496619,eth_getCode@fork; EIP-1967 slots@fork; beacon/diamond resolution; deployment tx,0x85018cf6f53c8bbd03c3137e71f4fca226cda92c,17496619,,,PARTIAL,True,ca2-6af08ae1ba1d426949bb,1,ffc806c4f15c7764efe71c485cea9efecd6346207143d21de9e06a85bccf9774,False,1,3,3,True,2942b2819e08d00d8eb23bee9815e9c644757421e92e3c1307a45b057e264cf1,60494f0bea76eef89f0a8b74dd5235092888bbedf7781d982a527ba3528996ad,05ed12a61b9c1ea958e2cd47aba15354039220e7e24f03d370682eddb0e87cdd
