case_name,task_source,chain,fork_block_number,target_contract_address,evm_version,case_id,incident_date,incident_name,mechanism_raw,incident_contract_path,incident_chain,source_url,source_status,source_snapshot_sha256,incident_record_sha256,incident_reference_urls,incident_tx_hashes,incident_loss_text,match_method,incident_metadata_present,benchmark_fork_anchor_present,deployment_block,prediction_cutoff_block,incident_block_or_time,source_availability_time,runtime_bytecode_hash_at_cutoff,outcome_adjudication_id,temporal_certification,admissibility_reason_codes,population_role,replaced_parent_slot_case_id,parent_envelope_path,parent_envelope_sha256,parent_case_artifact_path,parent_case_artifact_sha256,candidate_envelope_path,candidate_envelope_sha256,historical_envelope_path,historical_envelope_sha256,replacement_selection_rank,replacement_order_rule,replacement_source_sha256,replacement_readme_sha256,replacement_incident_block,replacement_exploit_tx_hash,candidate_id,source_case_id,source_artifact_path,source_artifact_sha256,deployment_time,prediction_cutoff_time,code_size,proxy_status,source_verified_at_cutoff,identity_group,clone_family,proxy_family,protocol_family,mechanism_family,follow_up_horizon,positive_record_sha256,case_artifact_sha256,strict_snapshot_sha256,deployment_time_resolution,prediction_cutoff_time_resolution,code_size_resolution,proxy_resolution,source_verified_at_cutoff_resolution,identity_group_resolution,clone_family_resolution,protocol_family_resolution,mechanism_family_resolution,follow_up_horizon_resolution
bancor,defihacklabs,ethereum,10307563,0x5f58058c0ec971492166763c8c22632b583f667f,,ca2-0e06e67c5c9253228751,2020-06-18,Bancor Protocol,Access Control,src/test/2020-06/Bancor_exp.sol,ethereum,https://github.com/SunWeb3Sec/DeFiHackLabs/blob/main/past/2021/README.md,frozen_public_source_hashed,93b19197192b409cf7360b9bfa564d474da5a115f9bf279a5b8cc61093dadab6,12e769362c1be3988caf52c51ee183a7013887915f0bf8dccff261ab8b849737,"[""https://blog.bancor.network/bancors-response-to-today-s-smart-contract-vulnerability-dc888c589fe4"", ""https://etherscan.io/address/0x5f58058c0ec971492166763c8c22632b583f667f""]",[],,exact_contract_basename,True,True,,,2020-06-18,,,,blocked_missing_onchain_and_availability_evidence,"[""missing:deployment_block"", ""missing:prediction_cutoff_block"", ""missing:source_availability_time"", ""missing:runtime_bytecode_hash_at_cutoff"", ""missing:outcome_adjudication_id""]",retained,,cases/ca2-0e06e67c5c9253228751.json,9ed59df8e635ad4328e3a5c2d34e06b015567ea642f0881b849a2a47c1008713,cases/ca2-0e06e67c5c9253228751.json,e5e953ccf264c18ec2b22fdef548c87d195bb1a521cc14d4eb9c3bd358743ef1,,,,,,,,,,,,ca2-0e06e67c5c9253228751,cases/ca2-0e06e67c5c9253228751.json,e5e953ccf264c18ec2b22fdef548c87d195bb1a521cc14d4eb9c3bd358743ef1,2020-06-16T13:11:12Z,2020-06-17T13:11:57Z,14351,,,1:0x5f58058c0ec971492166763c8c22632b583f667f,9ce4a7cfc0733c85736401b608018b4ea1e242f114d9a6c156f39c08c545183d,,,,,c5aea131554b40551ded0a2b9d29f2185c63dfb60387096a156255bd407eeec1,323ebba4c7fd161fafef4f6e15656a96f6fe517f66de76055b4b69d10f3d498b,2f54d734c205b17c4ac9954f5aece9b0299c430775507e0f2e00b6bad83c6716,DERIVED_STRICT_SNAPSHOT,DERIVED_STRICT_SNAPSHOT,DERIVED_CONSENSUS_RUNTIME_CODE,UNRESOLVED:requires_loupe_or_historical_event_resolver,UNRESOLVED_NO_CUTOFF_SOURCE_VERIFICATION_EVIDENCE,DERIVED_EXACT_CHAIN_ADDRESS,DERIVED_METADATA_STRIPPED_BYTECODE_SHA256,UNRESOLVED_INDEPENDENT_ADJUDICATION_REQUIRED,UNRESOLVED_INDEPENDENT_ADJUDICATION_REQUIRED,UNRESOLVED_METHODS_OWNER_FREEZE_REQUIRED
opyn,defihacklabs,ethereum,10592516,0x951d51baefb72319d9fbe941e1615938d89abfe2,,ca2-b7ed9e346aa4cb6ca834,2020-08-04,Opyn Protocol,msgValue in loop,src/test/2020-08/Opyn_exp.sol,ethereum,https://github.com/SunWeb3Sec/DeFiHackLabs/blob/main/past/2021/README.md,frozen_public_source_hashed,93b19197192b409cf7360b9bfa564d474da5a115f9bf279a5b8cc61093dadab6,1a0143eddb168a6b6e718dd3f5a498429851eb5c198743f2b4c666b645a585ed,"[""https://etherscan.io/tx/0x56de6c4bd906ee0c067a332e64966db8b1e866c7965c044163a503de6ee6552a"", ""https://medium.com/opyn/opyn-eth-put-exploit-post-mortem-1a009e3347a8""]","[""0x56de6c4bd906ee0c067a332e64966db8b1e866c7965c044163a503de6ee6552a""]",,exact_contract_basename,True,True,,,2020-08-04,,,,blocked_missing_onchain_and_availability_evidence,"[""missing:deployment_block"", ""missing:prediction_cutoff_block"", ""missing:source_availability_time"", ""missing:runtime_bytecode_hash_at_cutoff"", ""missing:outcome_adjudication_id""]",retained,,cases/ca2-b7ed9e346aa4cb6ca834.json,7f74184aa48b7f46522bbf3a16d11d4ee1329c494db5e1dbdd7c4da7bb2d8614,cases/ca2-b7ed9e346aa4cb6ca834.json,2e0656ca7e4e36719ec8be796a884410cff926e07a714ddc829756d461692e9b,,,,,,,,,,,,ca2-b7ed9e346aa4cb6ca834,cases/ca2-b7ed9e346aa4cb6ca834.json,2e0656ca7e4e36719ec8be796a884410cff926e07a714ddc829756d461692e9b,2020-07-30T22:07:23Z,2020-07-31T22:07:34Z,16766,,,1:0x951d51baefb72319d9fbe941e1615938d89abfe2,7346dbbadcd3494fdec2fbf15705d8d15c2cb376f7379815805ae80f39a27c98,,,,,8f1b31318ad899eb9fe33b40bbcc0be2db3eeca2eace873226ac7bf7b3240320,5ccd313a9d5ac9b7cb1793f73d070084f65d979af001edc79e9262fef553cd75,97ec304944aa3ce1284dd38596aaa6ef69784baccf53909318ce6dc83f67925d,DERIVED_STRICT_SNAPSHOT,DERIVED_STRICT_SNAPSHOT,DERIVED_CONSENSUS_RUNTIME_CODE,UNRESOLVED:requires_loupe_or_historical_event_resolver,UNRESOLVED_NO_CUTOFF_SOURCE_VERIFICATION_EVIDENCE,DERIVED_EXACT_CHAIN_ADDRESS,DERIVED_METADATA_STRIPPED_BYTECODE_SHA256,UNRESOLVED_INDEPENDENT_ADJUDICATION_REQUIRED,UNRESOLVED_INDEPENDENT_ADJUDICATION_REQUIRED,UNRESOLVED_METHODS_OWNER_FREEZE_REQUIRED
bzx,defihacklabs,ethereum,10852715,0xb983e01458529665007ff7e0cddecdb74b967eb6,,ca2-22e8cd13c63b74bc9bbc,2020-09-12,bzx,Incorrect transfer,src/test/2020-09/bzx_exp.sol,mainnet,https://github.com/SunWeb3Sec/DeFiHackLabs/blob/main/past/2021/README.md,frozen_public_source_hashed,93b19197192b409cf7360b9bfa564d474da5a115f9bf279a5b8cc61093dadab6,c1757886f5994b885b6fb157b5a4976ef009ba0a86633e2a73a8817e0b872a24,"[""https://twitter.com/0x000000000marc/status/1305354469354303488""]",[],```sh,frozen_date_override,True,True,,,2020-09-12,,,,blocked_missing_onchain_and_availability_evidence,"[""missing:deployment_block"", ""missing:prediction_cutoff_block"", ""missing:source_availability_time"", ""missing:runtime_bytecode_hash_at_cutoff"", ""missing:outcome_adjudication_id""]",retained,,cases/ca2-22e8cd13c63b74bc9bbc.json,4400ae03d69001a32bff98da4d9457186fdc2e8e5da1acb7213907e58ccfa208,cases/ca2-22e8cd13c63b74bc9bbc.json,99163425b5c85309954cfc5d3557f1734184e2a9fdd74c969ccdde4e7ff2c622,,,,,,,,,,,,ca2-22e8cd13c63b74bc9bbc,cases/ca2-22e8cd13c63b74bc9bbc.json,99163425b5c85309954cfc5d3557f1734184e2a9fdd74c969ccdde4e7ff2c622,2020-09-03T00:35:12Z,2020-09-04T00:35:16Z,2276,,,1:0xb983e01458529665007ff7e0cddecdb74b967eb6,a183d9ec920409137bd5684a1adeaa02fcd6e941b96e22cb574fe07d2c07d266,,,,,c16b1f254fdd317c7d420622004372727f17d76c60d3457908c0a29f1ed20519,fa5c6c02a25aadbb1a79375f5e133f15ad3990f07427e22b12e49ed8cd474b99,6c005c3fe773a68cb755ca3d586d02dfbb9921efbd24686bc7793fe28528114e,DERIVED_STRICT_SNAPSHOT,DERIVED_STRICT_SNAPSHOT,DERIVED_CONSENSUS_RUNTIME_CODE,UNRESOLVED:requires_loupe_or_historical_event_resolver,UNRESOLVED_NO_CUTOFF_SOURCE_VERIFICATION_EVIDENCE,DERIVED_EXACT_CHAIN_ADDRESS,DERIVED_METADATA_STRIPPED_BYTECODE_SHA256,UNRESOLVED_INDEPENDENT_ADJUDICATION_REQUIRED,UNRESOLVED_INDEPENDENT_ADJUDICATION_REQUIRED,UNRESOLVED_METHODS_OWNER_FREEZE_REQUIRED
cover,defihacklabs,ethereum,11542309,0xe0b94a7bb45dd905c79bb1992c9879f40f1caed5,,ca2-2d1d603841d5194ab452,2020-12-29,Cover Protocol,Incorrect calculation via cached data,src/test/2020-12/Cover_exp.sol,mainnet,https://github.com/SunWeb3Sec/DeFiHackLabs/blob/main/past/2021/README.md,frozen_public_source_hashed,93b19197192b409cf7360b9bfa564d474da5a115f9bf279a5b8cc61093dadab6,092f869ecaf110a83300555d4e398c4f08a8e4b38f93fd479f97051f43bc0129,"[""https://mudit.blog/cover-protocol-hack-analysis-tokens-minted-exploit/"", ""https://slowmist.medium.com/a-brief-analysis-of-the-cover-protocol-hacked-event-700d747b309c""]",[],,exact_contract_basename,True,True,,,2020-12-29,,,,blocked_missing_onchain_and_availability_evidence,"[""missing:deployment_block"", ""missing:prediction_cutoff_block"", ""missing:source_availability_time"", ""missing:runtime_bytecode_hash_at_cutoff"", ""missing:outcome_adjudication_id""]",retained,,cases/ca2-2d1d603841d5194ab452.json,a4e9afb74f1113af8ec132beaa2d0b7815f76392b993f7c450ec5e22def6a42b,cases/ca2-2d1d603841d5194ab452.json,4987aea2c570bba0c28ffce8e44c0f470290f5d5ae083d8f04ca0ab5c9ddce43,,,,,,,,,,,,ca2-2d1d603841d5194ab452,cases/ca2-2d1d603841d5194ab452.json,4987aea2c570bba0c28ffce8e44c0f470290f5d5ae083d8f04ca0ab5c9ddce43,2020-11-19T23:49:35Z,2020-11-20T23:49:56Z,12838,,,1:0xe0b94a7bb45dd905c79bb1992c9879f40f1caed5,b6898673205d44564100172ad5276f3ef96e7a97fe050a37efc4cea4d0eb251a,,,,,003e097843e95efa8830795720ce570e80fcda2d924e288420f0801b5d023ddd,ed7590670fbadfc481e2b27749a6328486d99c6921b3b480cd3d8e47ae8f9b84,f7e4e9ac48ebc3686524823d543eef506ed0216de31e255971dc65dc10ca832b,DERIVED_STRICT_SNAPSHOT,DERIVED_STRICT_SNAPSHOT,DERIVED_CONSENSUS_RUNTIME_CODE,UNRESOLVED:requires_loupe_or_historical_event_resolver,UNRESOLVED_NO_CUTOFF_SOURCE_VERIFICATION_EVIDENCE,DERIVED_EXACT_CHAIN_ADDRESS,DERIVED_METADATA_STRIPPED_BYTECODE_SHA256,UNRESOLVED_INDEPENDENT_ADJUDICATION_REQUIRED,UNRESOLVED_INDEPENDENT_ADJUDICATION_REQUIRED,UNRESOLVED_METHODS_OWNER_FREEZE_REQUIRED
pickle,defihacklabs,ethereum,11303122,0x6847259b2b3a4c17e7c43c54409810af48ba5210,,ca2-3843aa138b13af762925,2020-11-21,Pickle Finance,Insufficient validation,src/test/2020-11/Pickle_exp.sol,ethereum,https://github.com/SunWeb3Sec/DeFiHackLabs/blob/main/past/2021/README.md,frozen_public_source_hashed,93b19197192b409cf7360b9bfa564d474da5a115f9bf279a5b8cc61093dadab6,a60badf8ba8b49d7a818d8faba95f5f92214542caff298ac5a90b3ccdca24be9,"[""https://etherscan.io/tx/0xe72d4e7ba9b5af0cf2a8cfb1e30fd9f388df0ab3da79790be842bfbed11087b0"", ""https://github.com/banteg/evil-jar""]","[""0xe72d4e7ba9b5af0cf2a8cfb1e30fd9f388df0ab3da79790be842bfbed11087b0""]",,exact_contract_basename,True,True,,,2020-11-21,,,,blocked_missing_onchain_and_availability_evidence,"[""missing:deployment_block"", ""missing:prediction_cutoff_block"", ""missing:source_availability_time"", ""missing:runtime_bytecode_hash_at_cutoff"", ""missing:outcome_adjudication_id""]",retained,,cases/ca2-3843aa138b13af762925.json,0bf09d02d547f9974aa929bc6e7f7d0bcec1e0b1ef04e46bcb535058e4e095f1,cases/ca2-3843aa138b13af762925.json,e40e6226c30869f062ba227424e63856f48a33f6fe1338529c219e9beebcabe9,,,,,,,,,,,,ca2-3843aa138b13af762925,cases/ca2-3843aa138b13af762925.json,e40e6226c30869f062ba227424e63856f48a33f6fe1338529c219e9beebcabe9,2020-10-23T00:04:16Z,2020-10-24T00:04:17Z,11082,,,1:0x6847259b2b3a4c17e7c43c54409810af48ba5210,e183c18190e3a533bb95dc9f2aa38996a68f75e5f6537a813d7b0da2527e1801,,,,,85c9e6e0900664b75c9f3067cd2f03a6d438c0441a0fbeeea914a68712472f28,717b2119454754814dcb050fd0ef5bead76e9786530a3f893db8995984bca39b,8d8c74bef635e151cafd2bb711b7ffa7bc2fd96a21d266e171c4bb30e380ec39,DERIVED_STRICT_SNAPSHOT,DERIVED_STRICT_SNAPSHOT,DERIVED_CONSENSUS_RUNTIME_CODE,UNRESOLVED:requires_loupe_or_historical_event_resolver,UNRESOLVED_NO_CUTOFF_SOURCE_VERIFICATION_EVIDENCE,DERIVED_EXACT_CHAIN_ADDRESS,DERIVED_METADATA_STRIPPED_BYTECODE_SHA256,UNRESOLVED_INDEPENDENT_ADJUDICATION_REQUIRED,UNRESOLVED_INDEPENDENT_ADJUDICATION_REQUIRED,UNRESOLVED_METHODS_OWNER_FREEZE_REQUIRED
harvestfinance,defihacklabs,ethereum,11129473,0xf0358e8c3cd5fa238a29301d0bea3d63a17bedbe,,ca2-03a929a60d6ca387d4bb,2020-10-26,Harvest Finance,Flashloan Attack,src/test/2020-10/HarvestFinance_exp.sol,ethereum,https://github.com/SunWeb3Sec/DeFiHackLabs/blob/main/past/2021/README.md,frozen_public_source_hashed,93b19197192b409cf7360b9bfa564d474da5a115f9bf279a5b8cc61093dadab6,c41b70ddd318d13aaad01c2ebd818fb9f75d6e6f8efb1b1c53810f7555c3ef9a,"[""https://etherscan.io/tx/0x35f8d2f572fceaac9288e5d462117850ef2694786992a8c3f6d02612277b0877"", ""https://rekt.news/harvest-finance-rekt/""]","[""0x35f8d2f572fceaac9288e5d462117850ef2694786992a8c3f6d02612277b0877""]",,exact_contract_basename,True,True,,,2020-10-26,,,,blocked_missing_onchain_and_availability_evidence,"[""missing:deployment_block"", ""missing:prediction_cutoff_block"", ""missing:source_availability_time"", ""missing:runtime_bytecode_hash_at_cutoff"", ""missing:outcome_adjudication_id""]",retained,,cases/ca2-03a929a60d6ca387d4bb.json,c145822d7da10d7192d56494af7b68881692f98f1754f729b97a8b3ac621927e,cases/ca2-03a929a60d6ca387d4bb.json,9e5d0ee58de794f6a187dc6c56538714ade04198d19777b6b3f2352b5d6f069e,,,,,,,,,,,,ca2-03a929a60d6ca387d4bb,cases/ca2-03a929a60d6ca387d4bb.json,9e5d0ee58de794f6a187dc6c56538714ade04198d19777b6b3f2352b5d6f069e,2020-10-19T14:02:34Z,2020-10-20T14:02:35Z,1017,EIP1967_PROXY,,1:0xf0358e8c3cd5fa238a29301d0bea3d63a17bedbe,fddcccd0cd2485138ac862077e69c60138e1be434fccd2d4ab7575d37dfe8931,eip1967:0x9b3be0cc5dd26fd0254088d03d8206792715588b,,,,eb4814ab3f62f300dffdabfe367133df288ca921ea5b4128d7f91c9cb3dacab2,f0035ee657812a0ff8aee5420461ba86beede8a3e20a42624484c70870387dc2,97ef48b30a3d94252d5391d529392de2fc03f1c2030dd0b828e3275da4bfc4d6,DERIVED_STRICT_SNAPSHOT,DERIVED_STRICT_SNAPSHOT,DERIVED_CONSENSUS_RUNTIME_CODE,VERIFIED_STANDARD_PROXY,UNRESOLVED_NO_CUTOFF_SOURCE_VERIFICATION_EVIDENCE,DERIVED_EXACT_CHAIN_ADDRESS,DERIVED_METADATA_STRIPPED_BYTECODE_SHA256,UNRESOLVED_INDEPENDENT_ADJUDICATION_REQUIRED,UNRESOLVED_INDEPENDENT_ADJUDICATION_REQUIRED,UNRESOLVED_METHODS_OWNER_FREEZE_REQUIRED
sushi_badger_digg,defihacklabs,ethereum,11720049,0xe11fc0b43ab98eb91e9836129d1ee7c3bc95df50,shanghai,ca2-b68f8de37da66632724d,2021-01-25,Sushi Badger Digg,Sandwich attack,src/test/2021-01/Sushi_Badger_Digg_exp.sol,mainnet,https://github.com/SunWeb3Sec/DeFiHackLabs/blob/main/past/2021/README.md,frozen_public_source_hashed,93b19197192b409cf7360b9bfa564d474da5a115f9bf279a5b8cc61093dadab6,6cc76f4b0a801f0f122487a783e4e2c3b59a2fb508f651b6ead428f2cfd64ad7,"[""https://cmichel.io/replaying-ethereum-hacks-sushiswap-badger-dao-digg/""]",[],,exact_contract_basename,True,True,,,2021-01-25,,,,blocked_missing_onchain_and_availability_evidence,"[""missing:deployment_block"", ""missing:prediction_cutoff_block"", ""missing:source_availability_time"", ""missing:runtime_bytecode_hash_at_cutoff"", ""missing:outcome_adjudication_id""]",retained,,cases/ca2-b68f8de37da66632724d.json,9ce4fe4f39fa96874832ecfea41d074d61622a7268f278fd19c2ccbd754949f0,cases/ca2-b68f8de37da66632724d.json,e1e1c5a99856f3d7cbf9eea130c515ee4a10242dd79923c5fdca3a84861b1aa9,,,,,,,,,,,,ca2-b68f8de37da66632724d,cases/ca2-b68f8de37da66632724d.json,e1e1c5a99856f3d7cbf9eea130c515ee4a10242dd79923c5fdca3a84861b1aa9,2021-01-10T11:57:22Z,2021-01-11T11:57:26Z,6022,,,1:0xe11fc0b43ab98eb91e9836129d1ee7c3bc95df50,c245b77406d83ba61ede124537041a573311691e93953c127351d673918e0826,,,,,50db9f46ba16d00c8daa946fb4358e56e810f3ba0786a0f2a16dff01f4e19064,9956f19528b1d69c1b4a9c76693fa30dca095dcba286b618e881c839e01a0b7b,bb12b697a1db4e98d362f2ed95b4f5809757b9be3fa53e3ca988ddc796d1eec5,DERIVED_STRICT_SNAPSHOT,DERIVED_STRICT_SNAPSHOT,DERIVED_CONSENSUS_RUNTIME_CODE,UNRESOLVED:requires_loupe_or_historical_event_resolver,UNRESOLVED_NO_CUTOFF_SOURCE_VERIFICATION_EVIDENCE,DERIVED_EXACT_CHAIN_ADDRESS,DERIVED_METADATA_STRIPPED_BYTECODE_SHA256,UNRESOLVED_INDEPENDENT_ADJUDICATION_REQUIRED,UNRESOLVED_INDEPENDENT_ADJUDICATION_REQUIRED,UNRESOLVED_METHODS_OWNER_FREEZE_REQUIRED
lendfme,defihacklabs,ethereum,9899725,0x0eee3e3828a45f7601d5f54bf49bb01d1a9df5ea,,ca2-57582b3e77f95ed74d3f,2020-04-19,LendfMe,ERC777 Reentrancy,src/test/2020-04/LendfMe_exp.sol,mainnet,https://github.com/SunWeb3Sec/DeFiHackLabs/blob/main/past/2021/README.md,frozen_public_source_hashed,93b19197192b409cf7360b9bfa564d474da5a115f9bf279a5b8cc61093dadab6,e677aa96067ef58ffc2bfdf68f5648eb770e9cd210e39d3ed6eb2de7cb477191,"[""https://peckshield.medium.com/uniswap-lendf-me-hacks-root-cause-and-loss-analysis-50f3263dcc09""]",[],,exact_contract_basename,True,True,,,2020-04-19,,,,blocked_missing_onchain_and_availability_evidence,"[""missing:deployment_block"", ""missing:prediction_cutoff_block"", ""missing:source_availability_time"", ""missing:runtime_bytecode_hash_at_cutoff"", ""missing:outcome_adjudication_id""]",retained,,cases/ca2-57582b3e77f95ed74d3f.json,5b3e5f9b6cfd8fdff5e2abee1f4a1ce6c47be2e5361ca21ed31b1495e64b8561,cases/ca2-57582b3e77f95ed74d3f.json,91e4ef560f3b4f64c9d00efb9996ef86d4ce314bcb3ae23a381e3015dfbc5256,,,,,,,,,,,,ca2-57582b3e77f95ed74d3f,cases/ca2-57582b3e77f95ed74d3f.json,91e4ef560f3b4f64c9d00efb9996ef86d4ce314bcb3ae23a381e3015dfbc5256,2019-08-06T06:16:57Z,2019-08-07T06:17:15Z,19206,,,1:0x0eee3e3828a45f7601d5f54bf49bb01d1a9df5ea,b6ebfdb326e60f04ac6fbb4bb51b6ededed32158bd1fcc0bb97a3f827200b674,,,,,b33c8091b88d96ab6d36332b6ec77c1f4e61905cd8911f6936f8d30bd7405825,8dd5feb1efab0da1c974fb861cf6adf046cd6b41136b444b9753ce5412450665,6738b26fdf9db9b963e6d3ab123530576817b68c86262ce9c9c01227d714112f,DERIVED_STRICT_SNAPSHOT,DERIVED_STRICT_SNAPSHOT,DERIVED_CONSENSUS_RUNTIME_CODE,UNRESOLVED:requires_loupe_or_historical_event_resolver,UNRESOLVED_NO_CUTOFF_SOURCE_VERIFICATION_EVIDENCE,DERIVED_EXACT_CHAIN_ADDRESS,DERIVED_METADATA_STRIPPED_BYTECODE_SHA256,UNRESOLVED_INDEPENDENT_ADJUDICATION_REQUIRED,UNRESOLVED_INDEPENDENT_ADJUDICATION_REQUIRED,UNRESOLVED_METHODS_OWNER_FREEZE_REQUIRED
yearn_ydai,defihacklabs,ethereum,11792183,0xacd43e627e64355f1861cec6d3a6688b31a6f952,shanghai,ca2-b6eef501c6bfb6ae40e1,2021-02-04,Yearn YDai,Slippage proection absent,src/test/2021-02/Yearn_ydai_exp.sol,ethereum,https://github.com/SunWeb3Sec/DeFiHackLabs/blob/main/past/2021/README.md,frozen_public_source_hashed,93b19197192b409cf7360b9bfa564d474da5a115f9bf279a5b8cc61093dadab6,089690c08fc86910dc446f979c46e99708d6ddce64e4303b043f4387d8cc8df8,"[""https://etherscan.io/tx/0x59faab5a1911618064f1ffa1e4649d85c99cfd9f0d64dcebbc1af7d7630da98b"", ""https://github.com/yearn/yearn-security/blob/master/disclosures/2021-02-04.md""]","[""0x59faab5a1911618064f1ffa1e4649d85c99cfd9f0d64dcebbc1af7d7630da98b""]",,exact_contract_basename,True,True,,,2021-02-04,,,,blocked_missing_onchain_and_availability_evidence,"[""missing:deployment_block"", ""missing:prediction_cutoff_block"", ""missing:source_availability_time"", ""missing:runtime_bytecode_hash_at_cutoff"", ""missing:outcome_adjudication_id""]",retained,,cases/ca2-b6eef501c6bfb6ae40e1.json,06b3bd05dcf71ba867faea76391d490fc13c92725f25024e89647565fa8bed55,cases/ca2-b6eef501c6bfb6ae40e1.json,3d91a93f6c5e91fe99f05aea96e1fc4277dbfc19cbb697cd7126374089594cea,,,,,,,,,,,,ca2-b6eef501c6bfb6ae40e1,cases/ca2-b6eef501c6bfb6ae40e1.json,3d91a93f6c5e91fe99f05aea96e1fc4277dbfc19cbb697cd7126374089594cea,2020-08-13T06:56:48Z,2020-08-14T06:56:58Z,12304,,,1:0xacd43e627e64355f1861cec6d3a6688b31a6f952,a8dd6576e26d22e9adc2069144ea2869ff3df319f1a6dfbbda96c2c0ee766ca9,,,,,b8c7e5a348e0feec5ab06679688fa43c0be6ffce854b41302f3ff503be7e3f26,9006a534980ba8c8803bdca3326a7537f4e07c2c7f90b2a2b0fd2f293322bd1e,7dabc45b4a3f7c4fdd5b1ece77d31ef5520a830848d53eb9a7215ec7be79de1b,DERIVED_STRICT_SNAPSHOT,DERIVED_STRICT_SNAPSHOT,DERIVED_CONSENSUS_RUNTIME_CODE,UNRESOLVED:requires_loupe_or_historical_event_resolver,UNRESOLVED_NO_CUTOFF_SOURCE_VERIFICATION_EVIDENCE,DERIVED_EXACT_CHAIN_ADDRESS,DERIVED_METADATA_STRIPPED_BYTECODE_SHA256,UNRESOLVED_INDEPENDENT_ADJUDICATION_REQUIRED,UNRESOLVED_INDEPENDENT_ADJUDICATION_REQUIRED,UNRESOLVED_METHODS_OWNER_FREEZE_REQUIRED
uranium,defihacklabs,bsc,6920000,0xa943ea143cd7e79806d670f4a7cf08f8922a454f,shanghai,ca2-36bcb163bd23551701cc,2021-04-28,Uranium,Miscalculation,src/test/2021-04/Uranium_exp.sol,bsc,https://github.com/SunWeb3Sec/DeFiHackLabs/blob/main/past/2021/README.md,frozen_public_source_hashed,93b19197192b409cf7360b9bfa564d474da5a115f9bf279a5b8cc61093dadab6,9d3eb5e27031d69b5e57b9f3040bd23c3bfd10c631389c6b250f9f8f3d98d7fd,"[""https://bscscan.com/tx/0x5a504fe72ef7fc76dfeb4d979e533af4e23fe37e90b5516186d5787893c37991"", ""https://twitter.com/FrankResearcher/status/1387347025742557186""]","[""0x5a504fe72ef7fc76dfeb4d979e533af4e23fe37e90b5516186d5787893c37991""]",,exact_contract_basename,True,True,,,2021-04-28,,,,blocked_missing_onchain_and_availability_evidence,"[""missing:deployment_block"", ""missing:prediction_cutoff_block"", ""missing:source_availability_time"", ""missing:runtime_bytecode_hash_at_cutoff"", ""missing:outcome_adjudication_id""]",retained,,cases/ca2-36bcb163bd23551701cc.json,87eed32481c2e9e21e8a9620fe8f83e9a982aef672309089a47c98930c2dabfc,cases/ca2-36bcb163bd23551701cc.json,3814dc1b5245a7485c89c109d21f1d6d28d3102c725f1278d6ef163bc585c805,,,,,,,,,,,,ca2-36bcb163bd23551701cc,cases/ca2-36bcb163bd23551701cc.json,3814dc1b5245a7485c89c109d21f1d6d28d3102c725f1278d6ef163bc585c805,2021-04-16T06:34:04Z,2021-04-17T06:34:05Z,14770,,,56:0xa943ea143cd7e79806d670f4a7cf08f8922a454f,97b0f99a59fd031ac17cbb11868bed5e218ce6d79ffdf3f6cdac0657dbe14f44,,,,,e89aff6da1f768ddcdf5fb5c5e67713c70b90b0e0c910fcca3ecd261c645a4dd,0e1c6c60e42a7be195779de7c95fbc53f8cfa0db3a14106cecd29189e7cfeeeb,b574dc96311962798d9642b8d36e8967ade7173d2762ed53d48b4bf47e3eb81f,DERIVED_STRICT_SNAPSHOT,DERIVED_STRICT_SNAPSHOT,DERIVED_CONSENSUS_RUNTIME_CODE,UNRESOLVED:requires_loupe_or_historical_event_resolver,UNRESOLVED_NO_CUTOFF_SOURCE_VERIFICATION_EVIDENCE,DERIVED_EXACT_CHAIN_ADDRESS,DERIVED_METADATA_STRIPPED_BYTECODE_SHA256,UNRESOLVED_INDEPENDENT_ADJUDICATION_REQUIRED,UNRESOLVED_INDEPENDENT_ADJUDICATION_REQUIRED,UNRESOLVED_METHODS_OWNER_FREEZE_REQUIRED
spartan,defihacklabs,bsc,7048832,0x3de669c4f1f167a8afbc9993e4753b84b576426f,shanghai,ca2-f655d6375b3979edab38,2021-05-02,Spartan,Logic Flaw,src/test/2021-05/Spartan_exp.sol,bsc,https://github.com/SunWeb3Sec/DeFiHackLabs/blob/main/past/2021/README.md,frozen_public_source_hashed,93b19197192b409cf7360b9bfa564d474da5a115f9bf279a5b8cc61093dadab6,1e131cb812e4acd651d55f9cefaae8ca2216a72785cadcbd19e7d66491a453f6,"[""https://rekt.news/spartan-rekt/""]",[],,exact_contract_basename,True,True,,,2021-05-02,,,,blocked_missing_onchain_and_availability_evidence,"[""missing:deployment_block"", ""missing:prediction_cutoff_block"", ""missing:source_availability_time"", ""missing:runtime_bytecode_hash_at_cutoff"", ""missing:outcome_adjudication_id""]",retained,,cases/ca2-f655d6375b3979edab38.json,cc7adda3ac034bcad6feec4b3c0067791c477de355435312d629c0a900d9f429,cases/ca2-f655d6375b3979edab38.json,9b74019b0662b927dfb91d64d4bc7e1d562fcec0a2e6e4d352cea3af5bd58f19,,,,,,,,,,,,ca2-f655d6375b3979edab38,cases/ca2-f655d6375b3979edab38.json,9b74019b0662b927dfb91d64d4bc7e1d562fcec0a2e6e4d352cea3af5bd58f19,2020-09-27T13:47:55Z,2020-09-28T13:47:55Z,8459,,,56:0x3de669c4f1f167a8afbc9993e4753b84b576426f,82c06f5d00db5268f29a53d32df2a3a0dea2380d624f539d9a734d3fcfcdce3d,,,,,c1d617867f32aac0dde5c8a3ac459909d37b4b0bd0a12ed971500b9036c95e02,82b58be2a1c975e87ee702ea63fe95eeabeb5bafef2ded89ff6928fd8c667aef,060b207c250ef5180925e49ea410b731c8822d2200ef47d83dc2a47a3276c9db,DERIVED_STRICT_SNAPSHOT,DERIVED_STRICT_SNAPSHOT,DERIVED_CONSENSUS_RUNTIME_CODE,UNRESOLVED:requires_loupe_or_historical_event_resolver,UNRESOLVED_NO_CUTOFF_SOURCE_VERIFICATION_EVIDENCE,DERIVED_EXACT_CHAIN_ADDRESS,DERIVED_METADATA_STRIPPED_BYTECODE_SHA256,UNRESOLVED_INDEPENDENT_ADJUDICATION_REQUIRED,UNRESOLVED_INDEPENDENT_ADJUDICATION_REQUIRED,UNRESOLVED_METHODS_OWNER_FREEZE_REQUIRED
dodo_flashloan,defihacklabs,ethereum,12000000,0x051ebd717311350f1684f89335bed4abd083a2b6,shanghai,ca2-61c7c0bc0fd854fd8541,2021-03-08,DODO,Flashloan Attack,src/test/2021-03/dodo_flashloan_exp.sol,ethereum,https://github.com/SunWeb3Sec/DeFiHackLabs/blob/main/past/2021/README.md,frozen_public_source_hashed,93b19197192b409cf7360b9bfa564d474da5a115f9bf279a5b8cc61093dadab6,e74bcf9627e666abcc1dd105229c09bd34d85b635197b7580cedb3c48eed0246,"[""https://blog.dodoex.io/dodo-pool-incident-postmortem-with-a-little-help-from-our-friends-327e66872d42"", ""https://etherscan.io/tx/0x395675b56370a9f5fe8b32badfa80043f5291443bd6c8273900476880fb5221e"", ""https://halborn.com/explained-the-dodo-dex-hack-march-2021/""]","[""0x395675b56370a9f5fe8b32badfa80043f5291443bd6c8273900476880fb5221e""]",,exact_contract_basename,True,True,,,2021-03-08,,,,blocked_missing_onchain_and_availability_evidence,"[""missing:deployment_block"", ""missing:prediction_cutoff_block"", ""missing:source_availability_time"", ""missing:runtime_bytecode_hash_at_cutoff"", ""missing:outcome_adjudication_id""]",retained,,cases/ca2-61c7c0bc0fd854fd8541.json,4429af5a6e981ddbe4507743175074b514bb8a370bf487fe4db55ca226105407,cases/ca2-61c7c0bc0fd854fd8541.json,ae4f1239fb208c45c5fe75a81a2222193ee94e28de3683f5b7eb7b255264d2aa,,,,,,,,,,,,ca2-61c7c0bc0fd854fd8541,cases/ca2-61c7c0bc0fd854fd8541.json,ae4f1239fb208c45c5fe75a81a2222193ee94e28de3683f5b7eb7b255264d2aa,2021-02-26T12:07:46Z,2021-02-27T12:07:58Z,45,EIP1167_PROXY,,1:0x051ebd717311350f1684f89335bed4abd083a2b6,4712a836767701dfe76e6e82dd18174cc45f5533baba2d7334eae7c70c368871,eip1167:0x2bbd66fc4898242bdbd2583bbe1d76e8b8f71445,,,,f12119298aa8219e9e2445d14bcc48eeb863bcc9bd64e9d14b2a8467b8047a8c,bd21c97288704728ba646538bdaa1325f36ec6b1e088bddff5238e886e34d0ee,b42014c8119358edd6c9eff4bf664c2ee86225bb0eae2c4013471ebab6ee277b,DERIVED_STRICT_SNAPSHOT,DERIVED_STRICT_SNAPSHOT,DERIVED_CONSENSUS_RUNTIME_CODE,VERIFIED_STANDARD_PROXY,UNRESOLVED_NO_CUTOFF_SOURCE_VERIFICATION_EVIDENCE,DERIVED_EXACT_CHAIN_ADDRESS,DERIVED_METADATA_STRIPPED_BYTECODE_SHA256,UNRESOLVED_INDEPENDENT_ADJUDICATION_REQUIRED,UNRESOLVED_INDEPENDENT_ADJUDICATION_REQUIRED,UNRESOLVED_METHODS_OWNER_FREEZE_REQUIRED
pancakebunny,defihacklabs,bsc,7556330,0x633e538ecf0bee1a18c2edfe10c4da0d6e71e77b,shanghai,ca2-7c6082cada48d720f171,2021-05-19,PancakeBunny,Price Oracle Manipulation,src/test/2021-05/PancakeBunny_exp.sol,bsc,https://github.com/SunWeb3Sec/DeFiHackLabs/blob/main/past/2021/README.md,frozen_public_source_hashed,93b19197192b409cf7360b9bfa564d474da5a115f9bf279a5b8cc61093dadab6,baf63791a4277f87d91ddc0567f2b55ffda4a381f3294e1a8b8b6b891a7836ff,"[""https://bscscan.com/tx/0x897c2de73dd55d7701e1b69ffb3a17b0f4801ced88b0c75fe1551c5fcce6a979"", ""https://rekt.news/pancakebunny-rekt/""]","[""0x897c2de73dd55d7701e1b69ffb3a17b0f4801ced88b0c75fe1551c5fcce6a979""]",,exact_contract_basename,True,True,,,2021-05-19,,,,blocked_missing_onchain_and_availability_evidence,"[""missing:deployment_block"", ""missing:prediction_cutoff_block"", ""missing:source_availability_time"", ""missing:runtime_bytecode_hash_at_cutoff"", ""missing:outcome_adjudication_id""]",retained,,cases/ca2-7c6082cada48d720f171.json,a7c325124b438903962e99128e55724438ef3d57381b4f6ec6f5cab26e6e26cf,cases/ca2-7c6082cada48d720f171.json,dff90212408b4b7601ef81515d8bc7edb76e25fe63926bd936385694d31ec9ed,,,,,,,,,,,,ca2-7c6082cada48d720f171,cases/ca2-7c6082cada48d720f171.json,dff90212408b4b7601ef81515d8bc7edb76e25fe63926bd936385694d31ec9ed,2021-04-22T11:45:07Z,2021-04-23T11:45:09Z,1581,EIP1967_PROXY,,56:0x633e538ecf0bee1a18c2edfe10c4da0d6e71e77b,ef7ac5d67ee3cbeca495bd816fdc6e0754b30b3f3a829c177db213ef5c95bebc,eip1967:0xcbc6f8dfbb439a8adc863251b656c1cd89ccbd1e,,,,9a730b4857ca8a01d3a67f8e993db22ea490a6f8295bb81562c1e7bafb26232a,b55bb7c7c1014295fdf49d783ec27274333672ae777e86db474a3eb7a3472f17,7dba8879599a3afffa118008cad41f5110baf41ff9bdd13d94ad9dcad64a0de9,DERIVED_STRICT_SNAPSHOT,DERIVED_STRICT_SNAPSHOT,DERIVED_CONSENSUS_RUNTIME_CODE,VERIFIED_STANDARD_PROXY,UNRESOLVED_NO_CUTOFF_SOURCE_VERIFICATION_EVIDENCE,DERIVED_EXACT_CHAIN_ADDRESS,DERIVED_METADATA_STRIPPED_BYTECODE_SHA256,UNRESOLVED_INDEPENDENT_ADJUDICATION_REQUIRED,UNRESOLVED_INDEPENDENT_ADJUDICATION_REQUIRED,UNRESOLVED_METHODS_OWNER_FREEZE_REQUIRED
burgerswap,defihacklabs,bsc,7781159,0x7ac55ac530f2c29659573bde0700c6758d69e677,shanghai,ca2-28489e4d5123e702b7a8,2021-05-27,BurgerSwap,Mathematical flaw + Reentrancy,src/test/2021-05/BurgerSwap_exp.sol,bsc,https://github.com/SunWeb3Sec/DeFiHackLabs/blob/main/past/2021/README.md,frozen_public_source_hashed,93b19197192b409cf7360b9bfa564d474da5a115f9bf279a5b8cc61093dadab6,63e826cb9881b371ac3674c38a3a8b812dbb7807ef3c75978eb8b6e3dd255630,"[""https://twitter.com/Mudit__Gupta/status/1398156036574306304""]",[],,exact_contract_basename,True,True,,,2021-05-27,,,,blocked_missing_onchain_and_availability_evidence,"[""missing:deployment_block"", ""missing:prediction_cutoff_block"", ""missing:source_availability_time"", ""missing:runtime_bytecode_hash_at_cutoff"", ""missing:outcome_adjudication_id""]",retained,,cases/ca2-28489e4d5123e702b7a8.json,5a5c36ae7acdcbb97d7b7da7069b2a832664c5f75d71293c5d4463b853fd229a,cases/ca2-28489e4d5123e702b7a8.json,10b474ebaa25b1d2ec10b0aee8bafa0e74abd574900f28ca0de2cda47676c8a1,,,,,,,,,,,,ca2-28489e4d5123e702b7a8,cases/ca2-28489e4d5123e702b7a8.json,10b474ebaa25b1d2ec10b0aee8bafa0e74abd574900f28ca0de2cda47676c8a1,2020-09-19T01:26:49Z,2020-09-20T01:26:49Z,10620,,,56:0x7ac55ac530f2c29659573bde0700c6758d69e677,300b72bbe1f8e5b681cb44d101fc8bdf0ad89e50e492b095f54d17ece05df429,,,,,42efecbe61d32d41f6ee5070e9441348b6fafa6cf80abb74eeedfc2bb3888110,fe66279ef61df72d55bdf7f64f3c1665aa5bda070c8f71c62d2c14d363304b31,f4b3c1e9f6aedb78f19b11dc17ea56064d350eff9458f5293f73daac15656a96,DERIVED_STRICT_SNAPSHOT,DERIVED_STRICT_SNAPSHOT,DERIVED_CONSENSUS_RUNTIME_CODE,UNRESOLVED:requires_loupe_or_historical_event_resolver,UNRESOLVED_NO_CUTOFF_SOURCE_VERIFICATION_EVIDENCE,DERIVED_EXACT_CHAIN_ADDRESS,DERIVED_METADATA_STRIPPED_BYTECODE_SHA256,UNRESOLVED_INDEPENDENT_ADJUDICATION_REQUIRED,UNRESOLVED_INDEPENDENT_ADJUDICATION_REQUIRED,UNRESOLVED_METHODS_OWNER_FREEZE_REQUIRED
88mph,defihacklabs,ethereum,12516705,0xf0b7de03134857391d8d43ed48e20edf21461097,shanghai,ca2-c9c1817a98610ef26f01,2021-06-07,88mph NFT,Access control,src/test/2021-06/88mph_exp.sol,mainnet,https://github.com/SunWeb3Sec/DeFiHackLabs/blob/main/past/2021/README.md,frozen_public_source_hashed,93b19197192b409cf7360b9bfa564d474da5a115f9bf279a5b8cc61093dadab6,4451139dfa098f690604a55207330189bd34c454b39867257c40110ef5f8f71a,"[""https://medium.com/immunefi/88mph-function-initialization-bug-fix-postmortem-c3a2282894d3""]",[],,exact_contract_basename,True,True,,,2021-06-07,,,,blocked_missing_onchain_and_availability_evidence,"[""missing:deployment_block"", ""missing:prediction_cutoff_block"", ""missing:source_availability_time"", ""missing:runtime_bytecode_hash_at_cutoff"", ""missing:outcome_adjudication_id""]",retained,,cases/ca2-c9c1817a98610ef26f01.json,308d8b18ec18b4557ba9fc6d17fc14ce384e5a0fb86b36d7a73bf53a50226e34,cases/ca2-c9c1817a98610ef26f01.json,652577f470409dcb3987c14f2e7d9a26ea7689b2c33ae49e7ff5ee6205810490,,,,,,,,,,,,ca2-c9c1817a98610ef26f01,cases/ca2-c9c1817a98610ef26f01.json,652577f470409dcb3987c14f2e7d9a26ea7689b2c33ae49e7ff5ee6205810490,2021-02-16T23:53:03Z,2021-02-17T23:53:31Z,45,EIP1167_PROXY,,1:0xf0b7de03134857391d8d43ed48e20edf21461097,0f482d2f2c81e14df51f59be2509da35af2555ce1d29bd444513b7d107f66ad9,eip1167:0xde71b24fe56358cc0adfd6f2e0f6d8ed9e2cf634,,,,2629b6ee7c838077f1f29fb9429d675c86631d17efb9a24ba7d8ad93922095c2,2fde88aa30a8f3666a03d93e8c5f2be95196abc39c084ab17b6fb34a41228cb1,0adbf6c0cdbdf0fa16ea24f2847a95690a8bd27b45bf3a697d0759788952247c,DERIVED_STRICT_SNAPSHOT,DERIVED_STRICT_SNAPSHOT,DERIVED_CONSENSUS_RUNTIME_CODE,VERIFIED_STANDARD_PROXY,UNRESOLVED_NO_CUTOFF_SOURCE_VERIFICATION_EVIDENCE,DERIVED_EXACT_CHAIN_ADDRESS,DERIVED_METADATA_STRIPPED_BYTECODE_SHA256,UNRESOLVED_INDEPENDENT_ADJUDICATION_REQUIRED,UNRESOLVED_INDEPENDENT_ADJUDICATION_REQUIRED,UNRESOLVED_METHODS_OWNER_FREEZE_REQUIRED
eleven,defihacklabs,bsc,8530973,0x27dd6e51bf715cfc0e2fe96af26fc9ded89e4be8,shanghai,ca2-411b50fea47298d98579,2021-06-22,Eleven Finance,Doesn’t burn shares,src/test/2021-06/Eleven_exp.sol,bsc,https://github.com/SunWeb3Sec/DeFiHackLabs/blob/main/past/2021/README.md,frozen_public_source_hashed,93b19197192b409cf7360b9bfa564d474da5a115f9bf279a5b8cc61093dadab6,5ffd3ed363cfbe0e373320610197f27c34e430107e5366516a6dfb3ca245b549,"[""https://bscscan.com/tx/0xeaaa8f4d33b1035a790f0d7c4eb6e38db7d6d3b580e0bbc9ba39a9d6b80dd250"", ""https://peckshield.medium.com/eleven-finance-incident-root-cause-analysis-123b5675fa76""]","[""0xeaaa8f4d33b1035a790f0d7c4eb6e38db7d6d3b580e0bbc9ba39a9d6b80dd250""]",,exact_contract_basename,True,True,,,2021-06-22,,,,blocked_missing_onchain_and_availability_evidence,"[""missing:deployment_block"", ""missing:prediction_cutoff_block"", ""missing:source_availability_time"", ""missing:runtime_bytecode_hash_at_cutoff"", ""missing:outcome_adjudication_id""]",retained,,cases/ca2-411b50fea47298d98579.json,e610f72a0ea424b67cfdaabe6a707c2a5796f9ff1a3189f22234f4bbf6ac1e9e,cases/ca2-411b50fea47298d98579.json,24915f807164abae6421d57fcdedb41c080e7373c24ad08ac814076f9a9728c5,,,,,,,,,,,,ca2-411b50fea47298d98579,cases/ca2-411b50fea47298d98579.json,24915f807164abae6421d57fcdedb41c080e7373c24ad08ac814076f9a9728c5,2021-04-25T02:52:04Z,2021-04-26T02:52:04Z,20321,,,56:0x27dd6e51bf715cfc0e2fe96af26fc9ded89e4be8,10f86306ddfe5f9e92288866e9dd9833a7dac0aec175b5f889fdf6f7b0bb20ec,,,,,062461ccb4b9580be5547711c0632ce695c2a7f5a787631d999eb133cda0652b,3738ad1a658d10843fd1a9da8abdd525b0a661eaaa56bc7b9dc5ae81c2503f9f,6f72c2b14b4d14367d36eb9fc1fee7ee12afdff70cc9bcd0d92b1858300105c9,DERIVED_STRICT_SNAPSHOT,DERIVED_STRICT_SNAPSHOT,DERIVED_CONSENSUS_RUNTIME_CODE,UNRESOLVED:requires_loupe_or_historical_event_resolver,UNRESOLVED_NO_CUTOFF_SOURCE_VERIFICATION_EVIDENCE,DERIVED_EXACT_CHAIN_ADDRESS,DERIVED_METADATA_STRIPPED_BYTECODE_SHA256,UNRESOLVED_INDEPENDENT_ADJUDICATION_REQUIRED,UNRESOLVED_INDEPENDENT_ADJUDICATION_REQUIRED,UNRESOLVED_METHODS_OWNER_FREEZE_REQUIRED
xwin,defihacklabs,bsc,8589725,0x1bf7fe7568211ecff68b6bc7ccad31ecd8fe8092,shanghai,ca2-42dc2e766a267767f0d8,2021-06-25,xWin Finance,subscription-incentive-mechanism,src/test/2021-06/xWin_exp.sol,bsc,https://github.com/SunWeb3Sec/DeFiHackLabs/blob/main/past/2021/README.md,frozen_public_source_hashed,93b19197192b409cf7360b9bfa564d474da5a115f9bf279a5b8cc61093dadab6,9aa89bc4c360d07aa0711f47b8f5b59db465dc22d8f306bc5315b5977a993395,"[""https://peckshield.medium.com/xwin-finance-incident-root-cause-analysis-71d0820e6bc1""]",[],~$300k,exact_contract_basename,True,True,,,2021-06-25,,,,blocked_missing_onchain_and_availability_evidence,"[""missing:deployment_block"", ""missing:prediction_cutoff_block"", ""missing:source_availability_time"", ""missing:runtime_bytecode_hash_at_cutoff"", ""missing:outcome_adjudication_id""]",retained,,cases/ca2-42dc2e766a267767f0d8.json,e0d3bcbf613b6b6da4ca09aeeee9c75f70708fc019516cdd2026d2351d1f3e8f,cases/ca2-42dc2e766a267767f0d8.json,e8d8834777182481ef300aa8e118af03fde5854b061b8d39220dabf4ed2f8e57,,,,,,,,,,,,ca2-42dc2e766a267767f0d8,cases/ca2-42dc2e766a267767f0d8.json,e8d8834777182481ef300aa8e118af03fde5854b061b8d39220dabf4ed2f8e57,2021-02-15T12:22:24Z,2021-02-16T12:22:25Z,15407,,,56:0x1bf7fe7568211ecff68b6bc7ccad31ecd8fe8092,c74bc6818f03e737811d65ceae088ddf101430d9282adc6be5ca075bf8283ace,,,,,54ea39a0ab2e807f909c414f5e73c96d61422e25b0f1189f1ff6f9b8d60dc499,9f21e73cc160ee99d7138ffd823cdb9baa4eb29a7059d78a2ffb3f763dd78436,be9fa87a69fdee944fcb97cfc5f72052ac5ac0566e3dc5bf8e7bf7795ec13e88,DERIVED_STRICT_SNAPSHOT,DERIVED_STRICT_SNAPSHOT,DERIVED_CONSENSUS_RUNTIME_CODE,UNRESOLVED:requires_loupe_or_historical_event_resolver,UNRESOLVED_NO_CUTOFF_SOURCE_VERIFICATION_EVIDENCE,DERIVED_EXACT_CHAIN_ADDRESS,DERIVED_METADATA_STRIPPED_BYTECODE_SHA256,UNRESOLVED_INDEPENDENT_ADJUDICATION_REQUIRED,UNRESOLVED_INDEPENDENT_ADJUDICATION_REQUIRED,UNRESOLVED_METHODS_OWNER_FREEZE_REQUIRED
cream,defihacklabs,ethereum,13125070,0x2db6c82ce72c8d7d770ba1b5f5ed0b6e075066d6,shanghai,ca2-8c56561fae063cde5971,2021-08-30,Cream Finance,Flashloan Attack + Reentrancy,src/test/2021-08/Cream_exp.sol,ethereum,https://github.com/SunWeb3Sec/DeFiHackLabs/blob/main/past/2021/README.md,frozen_public_source_hashed,93b19197192b409cf7360b9bfa564d474da5a115f9bf279a5b8cc61093dadab6,7eb8399ca0ec2a1f3c1f751a139eb23c890e45ed189ed42cb86f3c8e2e987194,"[""https://etherscan.io/tx/0xa9a1b8ea288eb9ad315088f17f7c7386b9989c95b4d13c81b69d5ddad7ffe61e"", ""https://twitter.com/creamdotfinance/status/1432249773575208964"", ""https://twitter.com/peckshield/status/1432249600002478081""]","[""0xa9a1b8ea288eb9ad315088f17f7c7386b9989c95b4d13c81b69d5ddad7ffe61e""]",,exact_contract_basename,True,True,,,2021-08-30,,,,blocked_missing_onchain_and_availability_evidence,"[""missing:deployment_block"", ""missing:prediction_cutoff_block"", ""missing:source_availability_time"", ""missing:runtime_bytecode_hash_at_cutoff"", ""missing:outcome_adjudication_id""]",retained,,cases/ca2-8c56561fae063cde5971.json,4e1f8d68899fcd31626ecde28908f7c390b6aa4f8b0af8fbdd6a188de62517c0,cases/ca2-8c56561fae063cde5971.json,0552da04955500b19bdd338c4d045d9347d0fa5e3faef96e73da19ef8810f671,,,,,,,,,,,,ca2-8c56561fae063cde5971,cases/ca2-8c56561fae063cde5971.json,0552da04955500b19bdd338c4d045d9347d0fa5e3faef96e73da19ef8810f671,2021-02-09T05:54:41Z,2021-02-10T05:55:00Z,4744,,,1:0x2db6c82ce72c8d7d770ba1b5f5ed0b6e075066d6,d9fd7ffff73b4031637c5e4f5d335e9e5f46942e2c3da8f1d41d8f0c8c7c4a4a,,,,,012b9bad4c1a3ec06c25203679eac54590d28175109607c80bd5333029efe39c,538b26c0945588b9e0f2701dd43f30c12943e65927bd50997ae84625d71cc9a7,1737b8aa5c61fbc7c1660b112787c595994b765310775aa2e9a2840904a4fe39,DERIVED_STRICT_SNAPSHOT,DERIVED_STRICT_SNAPSHOT,DERIVED_CONSENSUS_RUNTIME_CODE,UNRESOLVED:requires_loupe_or_historical_event_resolver,UNRESOLVED_NO_CUTOFF_SOURCE_VERIFICATION_EVIDENCE,DERIVED_EXACT_CHAIN_ADDRESS,DERIVED_METADATA_STRIPPED_BYTECODE_SHA256,UNRESOLVED_INDEPENDENT_ADJUDICATION_REQUIRED,UNRESOLVED_INDEPENDENT_ADJUDICATION_REQUIRED,UNRESOLVED_METHODS_OWNER_FREEZE_REQUIRED
xsurge,defihacklabs,bsc,10087723,0xe1e1aa58983f6b8ee8e4ecd206cea6578f036c21,shanghai,ca2-f4c153bbeb9c3fff7e54,2021-08-17,XSURGE,Flashloan Attack + Reentrancy,src/test/2021-08/XSURGE_exp.sol,bsc,https://github.com/SunWeb3Sec/DeFiHackLabs/blob/main/past/2021/README.md,frozen_public_source_hashed,93b19197192b409cf7360b9bfa564d474da5a115f9bf279a5b8cc61093dadab6,4f6037b245cd4ce4e5c660dce57cef491cd19921f8610fd9948f5b496bf6d1aa,"[""https://beosin.medium.com/a-sweet-blow-fb0a5e08657d"", ""https://bscscan.com/tx/0x8c93d6e5d6b3ec7478b4195123a696dbc82a3441be090e048fe4b33a242ef09d"", ""https://medium.com/@Knownsec_Blockchain_Lab/knownsec-blockchain-lab-comprehensive-analysis-of-xsurge-attacks-c83d238fbc55""]","[""0x8c93d6e5d6b3ec7478b4195123a696dbc82a3441be090e048fe4b33a242ef09d""]",,exact_contract_basename,True,True,,,2021-08-17,,,,blocked_missing_onchain_and_availability_evidence,"[""missing:deployment_block"", ""missing:prediction_cutoff_block"", ""missing:source_availability_time"", ""missing:runtime_bytecode_hash_at_cutoff"", ""missing:outcome_adjudication_id""]",retained,,cases/ca2-f4c153bbeb9c3fff7e54.json,8e7ec7e8dfa60841be78e88168166a54f8ed7ae3e8b013d5f050ade2dd89571a,cases/ca2-f4c153bbeb9c3fff7e54.json,92f0b3522874dd0a92d4847730b76a9de007d3e1f1d42ad29a11c9122894589b,,,,,,,,,,,,ca2-f4c153bbeb9c3fff7e54,cases/ca2-f4c153bbeb9c3fff7e54.json,92f0b3522874dd0a92d4847730b76a9de007d3e1f1d42ad29a11c9122894589b,2021-07-30T07:47:43Z,2021-07-31T07:47:45Z,9594,,,56:0xe1e1aa58983f6b8ee8e4ecd206cea6578f036c21,8cd63ba63c661a72a758b98d85b7b776acdc3c173b2bf6114831e82b95cbd1de,,,,,356652d766b6f33aee863208c0310bbcf31726f7da9caf0ae540241b50b59b45,4062423e09c0fcfc6493d073c9f843429379fc3e0d8eeb305be0c23e438099a9,024a638888b464075219dd2911f9ff45a6f0f2aadb7539ee42ac74a776745c03,DERIVED_STRICT_SNAPSHOT,DERIVED_STRICT_SNAPSHOT,DERIVED_CONSENSUS_RUNTIME_CODE,UNRESOLVED:requires_loupe_or_historical_event_resolver,UNRESOLVED_NO_CUTOFF_SOURCE_VERIFICATION_EVIDENCE,DERIVED_EXACT_CHAIN_ADDRESS,DERIVED_METADATA_STRIPPED_BYTECODE_SHA256,UNRESOLVED_INDEPENDENT_ADJUDICATION_REQUIRED,UNRESOLVED_INDEPENDENT_ADJUDICATION_REQUIRED,UNRESOLVED_METHODS_OWNER_FREEZE_REQUIRED
nowswap,defihacklabs,ethereum,13225516,0xa0ff0e694275023f4986dc3ca12a6eb5d6056c62,shanghai,ca2-bef4fd38f1af5d45d83a,2021-09-15,NowSwap Platform,Incorrect calculation,src/test/2021-09/NowSwap_exp.sol,mainnet,https://github.com/SunWeb3Sec/DeFiHackLabs/blob/main/past/2021/README.md,frozen_public_source_hashed,93b19197192b409cf7360b9bfa564d474da5a115f9bf279a5b8cc61093dadab6,1cf9f8da8125f234890449362de85fb1b390e41dc8287302242423b36ef935f7,"[""https://twitter.com/BlockSecTeam/status/1438100688215560192""]",[],,exact_contract_basename,True,True,,,2021-09-15,,,,blocked_missing_onchain_and_availability_evidence,"[""missing:deployment_block"", ""missing:prediction_cutoff_block"", ""missing:source_availability_time"", ""missing:runtime_bytecode_hash_at_cutoff"", ""missing:outcome_adjudication_id""]",retained,,cases/ca2-bef4fd38f1af5d45d83a.json,79bb5980d7668d8c5f1ccd2576e4e7e505631c7ea2092b8019bb45d2d51e3722,cases/ca2-bef4fd38f1af5d45d83a.json,28243ef74908cda05b19d0e290b52140fb17bdee91404b0e2efdade02133b5f5,,,,,,,,,,,,ca2-bef4fd38f1af5d45d83a,cases/ca2-bef4fd38f1af5d45d83a.json,28243ef74908cda05b19d0e290b52140fb17bdee91404b0e2efdade02133b5f5,2021-01-20T05:23:30Z,2021-01-21T05:23:37Z,12540,,,1:0xa0ff0e694275023f4986dc3ca12a6eb5d6056c62,0bbea5d72854fdc6c2559c927e10228eada23e2f724d46a99dc32ec6862752d2,,,,,3948262bd007f73827e6b17c20c3c1170e330e308697997a1e05da17df4cb286,3e56ca53b378f831a633f8d782940b1a834293bb3dd394da5ab313f50c4ba3f4,777eded39026d647c5d6059b5881e7613140060771eba1b6ddf54a382b59ec37,DERIVED_STRICT_SNAPSHOT,DERIVED_STRICT_SNAPSHOT,DERIVED_CONSENSUS_RUNTIME_CODE,UNRESOLVED:requires_loupe_or_historical_event_resolver,UNRESOLVED_NO_CUTOFF_SOURCE_VERIFICATION_EVIDENCE,DERIVED_EXACT_CHAIN_ADDRESS,DERIVED_METADATA_STRIPPED_BYTECODE_SHA256,UNRESOLVED_INDEPENDENT_ADJUDICATION_REQUIRED,UNRESOLVED_INDEPENDENT_ADJUDICATION_REQUIRED,UNRESOLVED_METHODS_OWNER_FREEZE_REQUIRED
nimbus,defihacklabs,ethereum,13225516,0xc0a6b8c534fad86df8fa1abb17084a70f86eddc1,shanghai,ca2-54094307591338d2b28a,2021-09-15,Nimbus Platform,Incorrect calculation,src/test/2021-09/Nimbus_exp.sol,mainnet,https://github.com/SunWeb3Sec/DeFiHackLabs/blob/main/past/2021/README.md,frozen_public_source_hashed,93b19197192b409cf7360b9bfa564d474da5a115f9bf279a5b8cc61093dadab6,360fd55e367d0f5ee34eca04acb003298f83f95c9fda4d4098810ae84a16d73e,"[""https://twitter.com/BlockSecTeam/status/1438100688215560192""]",[],,exact_contract_basename,True,True,,,2021-09-15,,,,blocked_missing_onchain_and_availability_evidence,"[""missing:deployment_block"", ""missing:prediction_cutoff_block"", ""missing:source_availability_time"", ""missing:runtime_bytecode_hash_at_cutoff"", ""missing:outcome_adjudication_id""]",retained,,cases/ca2-54094307591338d2b28a.json,ee08a1e926aa10f672b637d14bc10c9058d8fbf15e8ba6f905d42313404db0be,cases/ca2-54094307591338d2b28a.json,bb72ccd71523619f996287705e8ae53c1b669be8600bd13260803dc3b3b86a4d,,,,,,,,,,,,ca2-54094307591338d2b28a,cases/ca2-54094307591338d2b28a.json,bb72ccd71523619f996287705e8ae53c1b669be8600bd13260803dc3b3b86a4d,2021-01-31T19:50:28Z,2021-02-01T19:50:29Z,12582,,,1:0xc0a6b8c534fad86df8fa1abb17084a70f86eddc1,95da6b19ac2fafc89b08e2da63f89a53add05d81e723b6f544d0968886df03b9,,,,,acb32ceeaeb0c6e022ca24e75470c2773075047a7d4207ceac6b6be1f6537c52,27d69f831fb35e0aed15ccbf0e14174fdbfe3e34ba288c5363721ae4caa4e802,6b19fca67db5e865e926be473507bf356cc5c390f3109a7d163a448a309943ee,DERIVED_STRICT_SNAPSHOT,DERIVED_STRICT_SNAPSHOT,DERIVED_CONSENSUS_RUNTIME_CODE,UNRESOLVED:requires_loupe_or_historical_event_resolver,UNRESOLVED_NO_CUTOFF_SOURCE_VERIFICATION_EVIDENCE,DERIVED_EXACT_CHAIN_ADDRESS,DERIVED_METADATA_STRIPPED_BYTECODE_SHA256,UNRESOLVED_INDEPENDENT_ADJUDICATION_REQUIRED,UNRESOLVED_INDEPENDENT_ADJUDICATION_REQUIRED,UNRESOLVED_METHODS_OWNER_FREEZE_REQUIRED
GoldReserve,defihacklabs-temporal-replacement-finalization,bsc,46278330,0x7c77576a2b48504ebd9ff0810d799651f68742d3,,ca2-a1a34caf1169e8bc37ff,2025-02-01,GoldReserve,replacement_candidate,,bsc,,replacement_candidate_historical_snapshot_verified,d7230b7ad7691da2fd75818601ed2c7b9963f629367060b583a8b95b9d5beddb,7fd3927d0f0e0ebc7420200a4daa18c6456759ce2328c518841bd8b4fc2e0eaa,[],"[""0x79c2e41b10462d374f21ecd4da048029cc71692e0c9ef275d4aad228e6f8afe0""]",,frozen_chain_global_order_finalization,True,True,45243762,45272551,46278331,,f6fe08f3251270c0b6e046b017cda4b057a0f08bdb9750330de34e33456d21e6,,replacement_candidate_selected,[],replacement,ca2-69618eefef4fa57c795c,cases/ca2-69618eefef4fa57c795c.json,45791a320d9d473ac62aaa2a07f4d8d028b1050e1a584555179da6daef22af0a,,,cases/ca2r-51fea100b454e9f084dd.json,d87dd8aca07fa7acdb604cf428581703ca4595784ba4aed39705adddcb33706e,historical_cases/ca2r-51fea100b454e9f084dd/ca2r-51fea100b454e9f084dd.json,ab53888bf740e4bb0b2f0930192db2e10f74ed093ab3fddf7e51ece57cbbc2f2,16,first_eligible_unique_from_frozen_chain_global_order,d7230b7ad7691da2fd75818601ed2c7b9963f629367060b583a8b95b9d5beddb,d3b80fe4ed7198fc900616b269408c1d0485ef8f000f46d37adb75be862a4a9c,46278330,0x79c2e41b10462d374f21ecd4da048029cc71692e0c9ef275d4aad228e6f8afe0,ca2r-51fea100b454e9f084dd,ca2r-51fea100b454e9f084dd,historical_cases/ca2r-51fea100b454e9f084dd/ca2r-51fea100b454e9f084dd.json,ab53888bf740e4bb0b2f0930192db2e10f74ed093ab3fddf7e51ece57cbbc2f2,2024-12-27T15:13:06Z,2024-12-28T15:13:07Z,7674,,,56:0x7c77576a2b48504ebd9ff0810d799651f68742d3,289718136f62754961857b6bf00a37115237be7eff227d29cc79cc423016647f,,,,,8636307993b1f4081e9430a1a0ac904ef6be8b7c04caf3ad4cecbc6e267212d3,fd484cf7d9f3ea6eca5b20bc07e8cd10ff9bc0e01439fefddb78212b6fe221b0,6c64d0843c02b6f806375672be00fc04866bea691c069066d5784c92b1f68e6b,DERIVED_STRICT_SNAPSHOT,DERIVED_STRICT_SNAPSHOT,DERIVED_CONSENSUS_RUNTIME_CODE,UNRESOLVED:requires_loupe_or_historical_event_resolver,UNRESOLVED_NO_CUTOFF_SOURCE_VERIFICATION_EVIDENCE,DERIVED_EXACT_CHAIN_ADDRESS,DERIVED_METADATA_STRIPPED_BYTECODE_SHA256,UNRESOLVED_INDEPENDENT_ADJUDICATION_REQUIRED,UNRESOLVED_INDEPENDENT_ADJUDICATION_REQUIRED,UNRESOLVED_METHODS_OWNER_FREEZE_REQUIRED
sushimiso,defihacklabs,ethereum,13038771,0x4c4564a1fe775d97297f9e3dc2e762e0ed5dda0e,shanghai,ca2-cc76e9ac975f3c46bb14,2021-09-16,SushiSwap Miso,Insufficient validation,src/test/2021-09/Sushimiso_exp.sol,ethereum,https://github.com/SunWeb3Sec/DeFiHackLabs/blob/main/past/2021/README.md,frozen_public_source_hashed,93b19197192b409cf7360b9bfa564d474da5a115f9bf279a5b8cc61093dadab6,4103dc779de5b388c14c86f7e5dcfef58c7ceaabecac89af2dec0cd05f5b1415,"[""https://etherscan.io/tx/0x78d6355703507f88f2090eb780d245b0ab26bf470eabdb004761cedf3b1cda44"", ""https://www.paradigm.xyz/2021/08/two-rights-might-make-a-wrong""]","[""0x78d6355703507f88f2090eb780d245b0ab26bf470eabdb004761cedf3b1cda44""]",,exact_contract_basename,True,True,,,2021-09-16,,,,blocked_missing_onchain_and_availability_evidence,"[""missing:deployment_block"", ""missing:prediction_cutoff_block"", ""missing:source_availability_time"", ""missing:runtime_bytecode_hash_at_cutoff"", ""missing:outcome_adjudication_id""]",retained,,cases/ca2-cc76e9ac975f3c46bb14.json,0879f113ec52c7f6f9da933bb6697b7fa104c127fb75e01f334297e84acc802c,cases/ca2-cc76e9ac975f3c46bb14.json,5f7111aa5b93e56e5ab2cf14334431a1c7574a6377b9c38c734fa77c012ec072,,,,,,,,,,,,ca2-cc76e9ac975f3c46bb14,cases/ca2-cc76e9ac975f3c46bb14.json,5f7111aa5b93e56e5ab2cf14334431a1c7574a6377b9c38c734fa77c012ec072,2021-08-09T17:54:50Z,2021-08-10T17:54:50Z,45,EIP1167_PROXY,,1:0x4c4564a1fe775d97297f9e3dc2e762e0ed5dda0e,35908787a2c454d9ce05ebb417a65da6a87f950dfb7aca94d7c440a169eeffaa,eip1167:0x364b7e2d5b11b9d2016d232fa271d89d5e6065f1,,,,d6725cb869f93d51c80daf624cfadfaf066f72e0db9dc6d6866bc3faee1cc70c,f98d82987f9f0f122507fda18bc80c5d57537ba68efcf9e17c34c98d56b26ec9,8ba3b88894f86638c7571c6165183ae99b54323001710aed03734d5e425e0763,DERIVED_STRICT_SNAPSHOT,DERIVED_STRICT_SNAPSHOT,DERIVED_CONSENSUS_RUNTIME_CODE,VERIFIED_STANDARD_PROXY,UNRESOLVED_NO_CUTOFF_SOURCE_VERIFICATION_EVIDENCE,DERIVED_EXACT_CHAIN_ADDRESS,DERIVED_METADATA_STRIPPED_BYTECODE_SHA256,UNRESOLVED_INDEPENDENT_ADJUDICATION_REQUIRED,UNRESOLVED_INDEPENDENT_ADJUDICATION_REQUIRED,UNRESOLVED_METHODS_OWNER_FREEZE_REQUIRED
balancer_20200628,defihacklabs,ethereum,10355806,0x0e511aa1a137aad267dfe3a6bfca0b856c1a3682,,ca2-f056a955a865b551a342,2020-06-28,Balancer Protocol,Token Incompatible,src/test/2020-06/Balancer_20200628_exp.sol,ethereum,https://github.com/SunWeb3Sec/DeFiHackLabs/blob/main/past/2021/README.md,frozen_public_source_hashed,93b19197192b409cf7360b9bfa564d474da5a115f9bf279a5b8cc61093dadab6,cff6c4627717d0667b3d6ecc390f2da2c0f3c61c6ed558a40bf841b4f98fe071,"[""https://etherscan.io/tx/0x013be97768b702fe8eccef1a40544d5ecb3c1961ad5f87fee4d16fdc08c78106"", ""https://slowmist.medium.com/detailed-analysis-of-balancer-hack-de8bd86020de""]","[""0x013be97768b702fe8eccef1a40544d5ecb3c1961ad5f87fee4d16fdc08c78106""]",,exact_contract_basename,True,True,,,2020-06-28,,,,blocked_missing_onchain_and_availability_evidence,"[""missing:deployment_block"", ""missing:prediction_cutoff_block"", ""missing:source_availability_time"", ""missing:runtime_bytecode_hash_at_cutoff"", ""missing:outcome_adjudication_id""]",retained,,cases/ca2-f056a955a865b551a342.json,828b69cdee95879f4b84dbc49e35dc51412ddaebd9838ec0b0ff043aff413bab,cases/ca2-f056a955a865b551a342.json,aa7cd369d19068860cf31c306d710b52e1bf73ddccbfde381ad4f62b6bde7e9e,,,,,,,,,,,,ca2-f056a955a865b551a342,cases/ca2-f056a955a865b551a342.json,aa7cd369d19068860cf31c306d710b52e1bf73ddccbfde381ad4f62b6bde7e9e,2020-05-29T12:37:13Z,2020-05-30T12:37:41Z,22537,,,1:0x0e511aa1a137aad267dfe3a6bfca0b856c1a3682,0ece4ae71303e8e10e8d1964e3257a506114f49a48d6f10ee076ee4df6227eb6,,,,,5e57c60c2ac3c7aab9c58afd170b1dcfba2d20495f874397491ac0ebcec1fb7e,5866f3c40f7b1bc79af77a56d8cc4e6ae7e216d1cfe306e714354ec15cbd93a8,364859d6ae5adfc3fa7889b4f002eba28d30b989f8018877eab9f100adcb448d,DERIVED_STRICT_SNAPSHOT,DERIVED_STRICT_SNAPSHOT,DERIVED_CONSENSUS_RUNTIME_CODE,UNRESOLVED:requires_loupe_or_historical_event_resolver,UNRESOLVED_NO_CUTOFF_SOURCE_VERIFICATION_EVIDENCE,DERIVED_EXACT_CHAIN_ADDRESS,DERIVED_METADATA_STRIPPED_BYTECODE_SHA256,UNRESOLVED_INDEPENDENT_ADJUDICATION_REQUIRED,UNRESOLVED_INDEPENDENT_ADJUDICATION_REQUIRED,UNRESOLVED_METHODS_OWNER_FREEZE_REQUIRED
mono,defihacklabs,ethereum,13715025,0xc36a7887786389405ea8da0b87602ae3902b88a1,shanghai,ca2-6123dfbf4db930b4d1d5,2021-11-30,MonoX Finance,Price Manipulation,src/test/2021-11/Mono_exp.sol,ethereum,https://github.com/SunWeb3Sec/DeFiHackLabs/blob/main/past/2021/README.md,frozen_public_source_hashed,93b19197192b409cf7360b9bfa564d474da5a115f9bf279a5b8cc61093dadab6,9cd973d11f8ed1476098b090748f544d24666be4e5b92bc1afeb421b3acdd613,"[""https://etherscan.io/tx/0x9f14d093a2349de08f02fc0fb018dadb449351d0cdb7d0738ff69cc6fef5f299"", ""https://knownseclab.com/news/61a986811992da0067558749"", ""https://polygonscan.com/tx/0x5a03b9c03eedcb9ec6e70c6841eaa4976a732d050a6218969e39483bb3004d5d"", ""https://slowmist.medium.com/detailed-analysis-of-the-31-million-monox-protocol-hack-574d8c44a9c8"", ""https://www.tuoniaox.com/news/p-521076.html""]","[""0x5a03b9c03eedcb9ec6e70c6841eaa4976a732d050a6218969e39483bb3004d5d"", ""0x9f14d093a2349de08f02fc0fb018dadb449351d0cdb7d0738ff69cc6fef5f299""]",,exact_contract_basename,True,True,,,2021-11-30,,,,blocked_missing_onchain_and_availability_evidence,"[""missing:deployment_block"", ""missing:prediction_cutoff_block"", ""missing:source_availability_time"", ""missing:runtime_bytecode_hash_at_cutoff"", ""missing:outcome_adjudication_id""]",retained,,cases/ca2-6123dfbf4db930b4d1d5.json,d30d7edd9a40913a99af7c8053f81662d948d2602e8c449318e427bf90a34b68,cases/ca2-6123dfbf4db930b4d1d5.json,eaa26628a880c5c196ec08e8e3175cc65d9e31d7ab9e737b1287515bf8ebdd44,,,,,,,,,,,,ca2-6123dfbf4db930b4d1d5,cases/ca2-6123dfbf4db930b4d1d5.json,eaa26628a880c5c196ec08e8e3175cc65d9e31d7ab9e737b1287515bf8ebdd44,2021-10-16T03:36:25Z,2021-10-17T03:36:29Z,2141,EIP1967_PROXY,,1:0xc36a7887786389405ea8da0b87602ae3902b88a1,a9e9f47e85bce0571f5933d7bee02de9201c3766c8d14409c13c54e7092e7816,eip1967:0xa1fba7f2079131acb3e2073563ec53c8d43bc144,,,,6f179dc45d0c1678b5835053372a068883f16c4fa09e5554f07a905209f911e0,9820afa6785fc59f3c94b1b2a23b0f158e850af6f244a71fff1ee550e30db213,bbb55073f92df355c8f99502cf5e3cb9459bf1d1fbf9d63b406ed4bfc0237184,DERIVED_STRICT_SNAPSHOT,DERIVED_STRICT_SNAPSHOT,DERIVED_CONSENSUS_RUNTIME_CODE,VERIFIED_STANDARD_PROXY,UNRESOLVED_NO_CUTOFF_SOURCE_VERIFICATION_EVIDENCE,DERIVED_EXACT_CHAIN_ADDRESS,DERIVED_METADATA_STRIPPED_BYTECODE_SHA256,UNRESOLVED_INDEPENDENT_ADJUDICATION_REQUIRED,UNRESOLVED_INDEPENDENT_ADJUDICATION_REQUIRED,UNRESOLVED_METHODS_OWNER_FREEZE_REQUIRED
ploutoz,defihacklabs,bsc,12886415,0x844fa82f1e54824655470970f7004dd90546bb28,shanghai,ca2-1110a2625b12e4b110c0,2021-11-23,Ploutoz,Flash Loan,src/test/2021-11/Ploutoz_exp.sol,bsc,https://github.com/SunWeb3Sec/DeFiHackLabs/blob/main/past/2021/README.md,frozen_public_source_hashed,93b19197192b409cf7360b9bfa564d474da5a115f9bf279a5b8cc61093dadab6,f016e278ccd20466d1c44ecf3252729611d6ed2f3adcdd5cc925aa429fbc06d5,"[""https://x.com/peckshield/status/1463113809111896065""]",[],,exact_contract_basename,True,True,,,2021-11-23,,,,blocked_missing_onchain_and_availability_evidence,"[""missing:deployment_block"", ""missing:prediction_cutoff_block"", ""missing:source_availability_time"", ""missing:runtime_bytecode_hash_at_cutoff"", ""missing:outcome_adjudication_id""]",retained,,cases/ca2-1110a2625b12e4b110c0.json,d63acbc5372f041af99c0a9151a126a7b36b7e630325c6a076791655332f0189,cases/ca2-1110a2625b12e4b110c0.json,7bc558877d8179f3a1c5b7544cd71611beabad9ab4f1d330e0c20ebf287138ea,,,,,,,,,,,,ca2-1110a2625b12e4b110c0,cases/ca2-1110a2625b12e4b110c0.json,7bc558877d8179f3a1c5b7544cd71611beabad9ab4f1d330e0c20ebf287138ea,2021-03-25T12:26:52Z,2021-03-26T12:26:53Z,10587,,,56:0x844fa82f1e54824655470970f7004dd90546bb28,0394c952b646a81c62b35fbfc133245bb455e610d35763acdff44851fcec02c1,,,,,18eb511e7beb2893bdb1c2c43a605f4712cff0d7c18bb0c6c34c8989fe42e6f9,85400b0fc72bbd9577d1699691dac206938e776849a64b781f091a42cfe9a4cd,bdfde3421e4b088b2f620c3452964c15e64fcef50068383002b4345151b778d4,DERIVED_STRICT_SNAPSHOT,DERIVED_STRICT_SNAPSHOT,DERIVED_CONSENSUS_RUNTIME_CODE,UNRESOLVED:requires_loupe_or_historical_event_resolver,UNRESOLVED_NO_CUTOFF_SOURCE_VERIFICATION_EVIDENCE,DERIVED_EXACT_CHAIN_ADDRESS,DERIVED_METADATA_STRIPPED_BYTECODE_SHA256,UNRESOLVED_INDEPENDENT_ADJUDICATION_REQUIRED,UNRESOLVED_INDEPENDENT_ADJUDICATION_REQUIRED,UNRESOLVED_METHODS_OWNER_FREEZE_REQUIRED
nervebridge,defihacklabs,bsc,12653565,0xd0fbf0a224563d5ffc8a57e4fda6ae080ebcf3d3,shanghai,ca2-4146cf0ae387533d1340,2021-12-14,Nerve Bridge,Swap Metapool Attack,src/test/2021-12/NerveBridge_exp.sol,bsc,https://github.com/SunWeb3Sec/DeFiHackLabs/blob/main/past/2021/README.md,frozen_public_source_hashed,93b19197192b409cf7360b9bfa564d474da5a115f9bf279a5b8cc61093dadab6,dece0a59673e8a0b9d944e2fcd67cd2b5d5239e4cb05e2b2729b09227a85a2d9,"[""https://blocksecteam.medium.com/the-analysis-of-nerve-bridge-security-incident-ead361a21025""]",[],,exact_contract_basename,True,True,,,2021-12-14,,,,blocked_missing_onchain_and_availability_evidence,"[""missing:deployment_block"", ""missing:prediction_cutoff_block"", ""missing:source_availability_time"", ""missing:runtime_bytecode_hash_at_cutoff"", ""missing:outcome_adjudication_id""]",retained,,cases/ca2-4146cf0ae387533d1340.json,57c1528d3852424136dcee18b7cfe9cf6294ea351e3019281295023723175c60,cases/ca2-4146cf0ae387533d1340.json,db5503b0a8c145110b16ca6cc072301cf8299a6cd590e8ee2d927670fe005878,,,,,,,,,,,,ca2-4146cf0ae387533d1340,cases/ca2-4146cf0ae387533d1340.json,db5503b0a8c145110b16ca6cc072301cf8299a6cd590e8ee2d927670fe005878,2021-05-09T23:02:34Z,2021-05-10T23:02:38Z,45,EIP1167_PROXY,,56:0xd0fbf0a224563d5ffc8a57e4fda6ae080ebcf3d3,3ce98d2ad69c88f70f5c8197f4c51d6332a28a5a26d7efe098d02388a4bcb8c8,eip1167:0xf642f2a626a8b732619606c493abfc2433dd2d35,,,,1e73f1deff12693c5a4c5b89ebbe89c95d1b54023bc6b42fb82f55a8a413f469,5eee12bc52aad1c0221acbc88188c29825c5b0d02d54fae50ac3d4c917b30fdf,35ad2fab0c1fa26a55978a31036007562f395c5c672e9cb7be78532f60135891,DERIVED_STRICT_SNAPSHOT,DERIVED_STRICT_SNAPSHOT,DERIVED_CONSENSUS_RUNTIME_CODE,VERIFIED_STANDARD_PROXY,UNRESOLVED_NO_CUTOFF_SOURCE_VERIFICATION_EVIDENCE,DERIVED_EXACT_CHAIN_ADDRESS,DERIVED_METADATA_STRIPPED_BYTECODE_SHA256,UNRESOLVED_INDEPENDENT_ADJUDICATION_REQUIRED,UNRESOLVED_INDEPENDENT_ADJUDICATION_REQUIRED,UNRESOLVED_METHODS_OWNER_FREEZE_REQUIRED
indexedfinance,defihacklabs,ethereum,13417948,0xf00a38376c8668fc1f3cd3daeef42e0e44a7fcdb,shanghai,ca2-9f5117e07b7b2d16ed22,2021-10-15,Indexed Finance,Price Manipulation,src/test/2021-10/IndexedFinance_exp.sol,mainnet,https://github.com/SunWeb3Sec/DeFiHackLabs/blob/main/past/2021/README.md,frozen_public_source_hashed,93b19197192b409cf7360b9bfa564d474da5a115f9bf279a5b8cc61093dadab6,abff0f9940c92bfd88c9e82d7635f75ccf5764ace19a5f5e9c4cd4b956e55487,"[""https://blocksecteam.medium.com/the-analysis-of-indexed-finance-security-incident-8a62b9799836""]",[],,exact_contract_basename,True,True,,,2021-10-15,,,,blocked_missing_onchain_and_availability_evidence,"[""missing:deployment_block"", ""missing:prediction_cutoff_block"", ""missing:source_availability_time"", ""missing:runtime_bytecode_hash_at_cutoff"", ""missing:outcome_adjudication_id""]",retained,,cases/ca2-9f5117e07b7b2d16ed22.json,8edbb8a830482b31340e36b3018b361d80028d52e6996ffb3679da325e0dc7a3,cases/ca2-9f5117e07b7b2d16ed22.json,dbb9f5b64ef5d16b1865d9c5800d720f8f95166bcd937242bfd3a4c8e21f2af2,,,,,,,,,,,,ca2-9f5117e07b7b2d16ed22,cases/ca2-9f5117e07b7b2d16ed22.json,dbb9f5b64ef5d16b1865d9c5800d720f8f95166bcd937242bfd3a4c8e21f2af2,2020-12-02T08:39:14Z,2020-12-03T08:39:19Z,261,,,1:0xf00a38376c8668fc1f3cd3daeef42e0e44a7fcdb,cf6d34aba342588de66e2f6ba95a4ce2eb46f919adf64ab19c2b7a043c1da3ad,,,,,553dd71cfcf5131d0365d5573d94955d8a14a83be072ffa8ff6c61c17d03c1ec,1cd6a4f5f0c67a4a81fc17f105e3adb68600465a1c3b1c5ce477c68e9b8c85c1,3807d212a75c8f405964f0ce114b59c7e0ccc30d97b9b84c90c3cd3ee2d5b083,DERIVED_STRICT_SNAPSHOT,DERIVED_STRICT_SNAPSHOT,DERIVED_CONSENSUS_RUNTIME_CODE,UNRESOLVED:requires_loupe_or_historical_event_resolver,UNRESOLVED_NO_CUTOFF_SOURCE_VERIFICATION_EVIDENCE,DERIVED_EXACT_CHAIN_ADDRESS,DERIVED_METADATA_STRIPPED_BYTECODE_SHA256,UNRESOLVED_INDEPENDENT_ADJUDICATION_REQUIRED,UNRESOLVED_INDEPENDENT_ADJUDICATION_REQUIRED,UNRESOLVED_METHODS_OWNER_FREEZE_REQUIRED
visor,defihacklabs,ethereum,13849006,0xc9f27a50f82571c1c8423a42970613b8dbda14ef,shanghai,ca2-c5ce6bf171451010d578,2021-12-21,Visor Finance,Reentrancy,src/test/2021-12/Visor_exp.sol,ethereum,https://github.com/SunWeb3Sec/DeFiHackLabs/blob/main/past/2021/README.md,frozen_public_source_hashed,93b19197192b409cf7360b9bfa564d474da5a115f9bf279a5b8cc61093dadab6,57608208f426b1549e7143e045cdcb5c8a3b867e37bcb5efc1392972450cc86e,"[""https://beosin.medium.com/two-vulnerabilities-in-one-function-the-analysis-of-visor-finance-exploit-a15735e2492"", ""https://etherscan.io/tx/0x69272d8c84d67d1da2f6425b339192fa472898dce936f24818fda415c1c1ff3f"", ""https://twitter.com/GammaStrategies/status/1473306777131405314""]","[""0x69272d8c84d67d1da2f6425b339192fa472898dce936f24818fda415c1c1ff3f""]",,exact_contract_basename,True,True,,,2021-12-21,,,,blocked_missing_onchain_and_availability_evidence,"[""missing:deployment_block"", ""missing:prediction_cutoff_block"", ""missing:source_availability_time"", ""missing:runtime_bytecode_hash_at_cutoff"", ""missing:outcome_adjudication_id""]",retained,,cases/ca2-c5ce6bf171451010d578.json,d6f471bcd90a984ef0b0adcc195b29fb1b222d76a81477b991aa417f5cdbd6e8,cases/ca2-c5ce6bf171451010d578.json,5c470d79d94af8dacfd12a3538ace84712cd5a795c359c0d2f7aa1c2fd9dd938,,,,,,,,,,,,ca2-c5ce6bf171451010d578,cases/ca2-c5ce6bf171451010d578.json,5c470d79d94af8dacfd12a3538ace84712cd5a795c359c0d2f7aa1c2fd9dd938,2021-09-02T21:12:15Z,2021-09-03T21:12:29Z,4067,,,1:0xc9f27a50f82571c1c8423a42970613b8dbda14ef,96aa3b8dda897345012f1df1f5603a9b3b35de666a4e361bc98d684837a2bded,,,,,15b2abb10b76c8c9b92429fd968d8d50af0e3ce9b0904e38f5142b5cdab80ab9,fc6452ccd5f8ac509c6b4350f74f4d990c75fc2adf5f73fce95f7a873c6060f0,e2cfb4df11f97563932197c9805040956dfb3cb710f8bcc0540615e270046709,DERIVED_STRICT_SNAPSHOT,DERIVED_STRICT_SNAPSHOT,DERIVED_CONSENSUS_RUNTIME_CODE,UNRESOLVED:requires_loupe_or_historical_event_resolver,UNRESOLVED_NO_CUTOFF_SOURCE_VERIFICATION_EVIDENCE,DERIVED_EXACT_CHAIN_ADDRESS,DERIVED_METADATA_STRIPPED_BYTECODE_SHA256,UNRESOLVED_INDEPENDENT_ADJUDICATION_REQUIRED,UNRESOLVED_INDEPENDENT_ADJUDICATION_REQUIRED,UNRESOLVED_METHODS_OWNER_FREEZE_REQUIRED
julswap,defihacklabs,bsc,7785586,0x32dffc3fe8e3ef3571bf8a72c0d0015c5373f41d,shanghai,ca2-a517ebcd851bcd0a26cd,2021-05-27,JulSwap,Flash Loan,src/test/2021-05/JulSwap_exp.sol,bsc,https://github.com/SunWeb3Sec/DeFiHackLabs/blob/main/past/2021/README.md,frozen_public_source_hashed,93b19197192b409cf7360b9bfa564d474da5a115f9bf279a5b8cc61093dadab6,78404b116f80b9ab51f5cb3ac92b2df41ae1cf804c432dcd98d241844b780f35,"[""https://x.com/tg_cryptos/status/1398090345368408064""]",[],1.5M,exact_contract_basename,True,True,,,2021-05-27,,,,blocked_missing_onchain_and_availability_evidence,"[""missing:deployment_block"", ""missing:prediction_cutoff_block"", ""missing:source_availability_time"", ""missing:runtime_bytecode_hash_at_cutoff"", ""missing:outcome_adjudication_id""]",retained,,cases/ca2-a517ebcd851bcd0a26cd.json,b74b016ba9f793a7570e467a579b30ad97f27af6f50efac3504fb24467f4449e,cases/ca2-a517ebcd851bcd0a26cd.json,4dffdc7989235ef4e5f0114918d9d18e03ee016f9851987a346896ca2aab9535,,,,,,,,,,,,ca2-a517ebcd851bcd0a26cd,cases/ca2-a517ebcd851bcd0a26cd.json,4dffdc7989235ef4e5f0114918d9d18e03ee016f9851987a346896ca2aab9535,2020-09-20T19:01:43Z,2020-09-21T19:01:43Z,4911,,,56:0x32dffc3fe8e3ef3571bf8a72c0d0015c5373f41d,dd3ec8099f848e2875c2cb8f9ba69dab18488590cde7823aa442aa1b7b41000f,,,,,58857fc92b7fe8cc38eec7eccee8ddb8c9ec708d4e0bbcf47d623f70e74fe553,e9ab43701d753842c7813b696b31260106f1145703068cb59551ef6d43e7c2cb,80d4ee919df30a4bd94c7cda32b810257c762c9723a24ccb12b4953dfde1a24b,DERIVED_STRICT_SNAPSHOT,DERIVED_STRICT_SNAPSHOT,DERIVED_CONSENSUS_RUNTIME_CODE,UNRESOLVED:requires_loupe_or_historical_event_resolver,UNRESOLVED_NO_CUTOFF_SOURCE_VERIFICATION_EVIDENCE,DERIVED_EXACT_CHAIN_ADDRESS,DERIVED_METADATA_STRIPPED_BYTECODE_SHA256,UNRESOLVED_INDEPENDENT_ADJUDICATION_REQUIRED,UNRESOLVED_INDEPENDENT_ADJUDICATION_REQUIRED,UNRESOLVED_METHODS_OWNER_FREEZE_REQUIRED
pancakehunny,defihacklabs,bsc,7962338,0x109ea28dbdea5e6ec126fbc8c33845dfe812a300,shanghai,ca2-275669506c0506e44e0f,2021-06-03,PancakeHunny,Incorrect calculation,src/test/2021-06/PancakeHunny_exp.sol,bsc,https://github.com/SunWeb3Sec/DeFiHackLabs/blob/main/past/2021/README.md,frozen_public_source_hashed,93b19197192b409cf7360b9bfa564d474da5a115f9bf279a5b8cc61093dadab6,5cb67b48f7a41c216434ae429a489c490ed20fd197e82c07d18a19c4849ebf43,"[""https://bscscan.com/tx/0x765de8357994a206bb90af57dcf427f48a2021f2f28ca81f2c00bc3b9842be8e"", ""https://medium.com/hunnyfinance/pancakehunny-post-mortem-analysis-de78967401d8""]","[""0x765de8357994a206bb90af57dcf427f48a2021f2f28ca81f2c00bc3b9842be8e""]",,exact_contract_basename,True,True,,,2021-06-03,,,,blocked_missing_onchain_and_availability_evidence,"[""missing:deployment_block"", ""missing:prediction_cutoff_block"", ""missing:source_availability_time"", ""missing:runtime_bytecode_hash_at_cutoff"", ""missing:outcome_adjudication_id""]",retained,,cases/ca2-275669506c0506e44e0f.json,5d2f95868d84732e9fed9deb8401811057803ad769ae96a285c49819c25ac454,cases/ca2-275669506c0506e44e0f.json,d955ba327282ee4c99f7cfb0bff20ec3ab1b6dd0bb6c408b62128d23bb87e568,,,,,,,,,,,,ca2-275669506c0506e44e0f,cases/ca2-275669506c0506e44e0f.json,d955ba327282ee4c99f7cfb0bff20ec3ab1b6dd0bb6c408b62128d23bb87e568,2021-06-01T03:31:00Z,2021-06-02T03:31:01Z,10132,,,56:0x109ea28dbdea5e6ec126fbc8c33845dfe812a300,1db4e19b1756c5534cb8fa7d8a8b6f39dd8a7feab5a7961d2f7c17a91d3ec981,,,,,29592d5fe1c130b08c632e81d4fe5edc7c02c307e55aea90ab3b6a026fc266be,5dda03b4aba9804d57541d6431aaec68b3067104f697e27b988a041f70a84bd2,a7862d8dc0e21b09b21e899dc77455501e7016f8fa3046ebb168dbd2da32ec27,DERIVED_STRICT_SNAPSHOT,DERIVED_STRICT_SNAPSHOT,DERIVED_CONSENSUS_RUNTIME_CODE,UNRESOLVED:requires_loupe_or_historical_event_resolver,UNRESOLVED_NO_CUTOFF_SOURCE_VERIFICATION_EVIDENCE,DERIVED_EXACT_CHAIN_ADDRESS,DERIVED_METADATA_STRIPPED_BYTECODE_SHA256,UNRESOLVED_INDEPENDENT_ADJUDICATION_REQUIRED,UNRESOLVED_INDEPENDENT_ADJUDICATION_REQUIRED,UNRESOLVED_METHODS_OWNER_FREEZE_REQUIRED
valuedefi,defihacklabs,bsc,7223029,0xd4bbf439d3eab5155ca7c0537e583088fb4cfce8,shanghai,ca2-293982257dd654edb222,2021-05-08,Value Defi,Cross Contract Reentrancy,src/test/2021-05/ValueDefi_exp.sol,bsc,https://github.com/SunWeb3Sec/DeFiHackLabs/blob/main/past/2021/README.md,frozen_public_source_hashed,93b19197192b409cf7360b9bfa564d474da5a115f9bf279a5b8cc61093dadab6,7d78083794faec03af1482a8b998008684c65c30acb511987f8185adfe9bce7a,"[""https://bscscan.com/tx/0xa00def91954ba9f1a1320ef582420d41ca886d417d996362bf3ac3fe2bfb9006"", ""https://rekt.news/rari-capital-rekt/""]","[""0xa00def91954ba9f1a1320ef582420d41ca886d417d996362bf3ac3fe2bfb9006""]",,exact_contract_basename,True,True,,,2021-05-08,,,,blocked_missing_onchain_and_availability_evidence,"[""missing:deployment_block"", ""missing:prediction_cutoff_block"", ""missing:source_availability_time"", ""missing:runtime_bytecode_hash_at_cutoff"", ""missing:outcome_adjudication_id""]",retained,,cases/ca2-293982257dd654edb222.json,0e65b3bf42c18059a46116980539eafb221d09e561577b5f20c330addc6a2f9b,cases/ca2-293982257dd654edb222.json,1e38f79661cb9de2de3d6a2d9c9253adf5ec1923795e8b74cb39c7570941b3fd,,,,,,,,,,,,ca2-293982257dd654edb222,cases/ca2-293982257dd654edb222.json,1e38f79661cb9de2de3d6a2d9c9253adf5ec1923795e8b74cb39c7570941b3fd,2021-03-05T07:52:07Z,2021-03-06T07:52:08Z,20612,,,56:0xd4bbf439d3eab5155ca7c0537e583088fb4cfce8,851da229c40eb5fbfddd6bbbb8b34ea4f74ae9021b88f06a55a2b9dd71942ece,,,,,e95b08449201c8849f3ac759e451c002b225ecece85b9be392ce340fa694160e,6c4d1e4345819d231d72278aaf0b2b604bf32ae68b3dc0319d3bdfd67e064d30,354dda4bb3e521475d120541973dae0648a8a465ee812daed80990f67db03947,DERIVED_STRICT_SNAPSHOT,DERIVED_STRICT_SNAPSHOT,DERIVED_CONSENSUS_RUNTIME_CODE,UNRESOLVED:requires_loupe_or_historical_event_resolver,UNRESOLVED_NO_CUTOFF_SOURCE_VERIFICATION_EVIDENCE,DERIVED_EXACT_CHAIN_ADDRESS,DERIVED_METADATA_STRIPPED_BYTECODE_SHA256,UNRESOLVED_INDEPENDENT_ADJUDICATION_REQUIRED,UNRESOLVED_INDEPENDENT_ADJUDICATION_REQUIRED,UNRESOLVED_METHODS_OWNER_FREEZE_REQUIRED
tecraspace,defihacklabs,ethereum,14139081,0xe38b72d6595fd3885d1d2f770aa23e94757f91a1,,ca2-a675d1938359eba4234f,2022-02-04,TecraSpace,Any token is destroyed,src/test/2022-02/TecraSpace_exp.sol,ethereum,https://github.com/SunWeb3Sec/DeFiHackLabs/blob/main/past/2022/README.md,frozen_public_source_hashed,e7668ddd37e305db9052d4f208bb3b87d1e75956950739d5e9f1fd66f4c26267,8dcc6cf14da53d18c0dffbe05975ae19cdbb89258d900603f38bd288d7068f77,"[""https://app.blocksec.com/explorer/tx/eth/0x81e9918e248d14d78ff7b697355fd9f456c6d7881486ed14fdfb69db16631154"", ""https://etherscan.io/address/0x6653d9bcbc28fc5a2f5fb5650af8f2b2e1695a15""]","[""0x81e9918e248d14d78ff7b697355fd9f456c6d7881486ed14fdfb69db16631154""]",,exact_contract_basename,True,True,,,2022-02-04,,,,blocked_missing_onchain_and_availability_evidence,"[""missing:deployment_block"", ""missing:prediction_cutoff_block"", ""missing:source_availability_time"", ""missing:runtime_bytecode_hash_at_cutoff"", ""missing:outcome_adjudication_id""]",retained,,cases/ca2-a675d1938359eba4234f.json,19793a5f60423019b7e96172463b77195b256e1021a12dddd80b27adb9c0d1e3,cases/ca2-a675d1938359eba4234f.json,4f3fbb7f2aee3c52c3c1d98050ae797b4b2e70e842927ebb34d4eaf1b344af82,,,,,,,,,,,,ca2-a675d1938359eba4234f,cases/ca2-a675d1938359eba4234f.json,4f3fbb7f2aee3c52c3c1d98050ae797b4b2e70e842927ebb34d4eaf1b344af82,2021-04-13T12:34:15Z,2021-04-14T12:34:44Z,10152,,,1:0xe38b72d6595fd3885d1d2f770aa23e94757f91a1,d401ebc8809503a4c44afd14b5ed29a12e574fd851031119e9bab76ae40d9bf7,,,,,59fa80e4f670f5cb3689d6e44205e3484cb2f7b1c63f1903aa507d11b28171ca,8a793f763bee05c678a7facfb7493aaa74068c489bcf56aa13cc60996f6552b7,21caf6939a9d5332a5069a2f3c9c4502c8c8e1022ab2e2c41a0aea33979de6e7,DERIVED_STRICT_SNAPSHOT,DERIVED_STRICT_SNAPSHOT,DERIVED_CONSENSUS_RUNTIME_CODE,UNRESOLVED:requires_loupe_or_historical_event_resolver,UNRESOLVED_NO_CUTOFF_SOURCE_VERIFICATION_EVIDENCE,DERIVED_EXACT_CHAIN_ADDRESS,DERIVED_METADATA_STRIPPED_BYTECODE_SHA256,UNRESOLVED_INDEPENDENT_ADJUDICATION_REQUIRED,UNRESOLVED_INDEPENDENT_ADJUDICATION_REQUIRED,UNRESOLVED_METHODS_OWNER_FREEZE_REQUIRED
sandbox,defihacklabs,ethereum,14163041,0x50f5474724e0ee42d9a4e711ccfb275809fd6d4a,,ca2-48d4577fa72f25875ad3,2022-02-08,Sandbox LAND,Access control,src/test/2022-02/Sandbox_exp.sol,ethereum,https://github.com/SunWeb3Sec/DeFiHackLabs/blob/main/past/2022/README.md,frozen_public_source_hashed,e7668ddd37e305db9052d4f208bb3b87d1e75956950739d5e9f1fd66f4c26267,ea64f46e2fff8fae01b0e05861d701df420f54d3860838a780ff19c9b45cd38a,"[""https://etherscan.io/tx/0x34516ee081c221d8576939f68aee71e002dd5557180d45194209d6692241f7b1"", ""https://slowmist.medium.com/the-vulnerability-behind-the-sandbox-land-migration-2abf68933170""]","[""0x34516ee081c221d8576939f68aee71e002dd5557180d45194209d6692241f7b1""]",,exact_contract_basename,True,True,,,2022-02-08,,,,blocked_missing_onchain_and_availability_evidence,"[""missing:deployment_block"", ""missing:prediction_cutoff_block"", ""missing:source_availability_time"", ""missing:runtime_bytecode_hash_at_cutoff"", ""missing:outcome_adjudication_id""]",retained,,cases/ca2-48d4577fa72f25875ad3.json,2bee641008eaea45ebf36972f83385186dcc9115ae151c151195dde1884d504c,cases/ca2-48d4577fa72f25875ad3.json,780099e09b523ac41c7fca08d9ca9eaf88ced538c65e8d07c26d01fd9c45f6cd,,,,,,,,,,,,ca2-48d4577fa72f25875ad3,cases/ca2-48d4577fa72f25875ad3.json,780099e09b523ac41c7fca08d9ca9eaf88ced538c65e8d07c26d01fd9c45f6cd,2019-12-04T07:51:55Z,2019-12-05T07:52:17Z,18557,,,1:0x50f5474724e0ee42d9a4e711ccfb275809fd6d4a,6cadfa37a9c8e1052da770a43ebf404ff0c85bad153160fd69a1ffbf23849a05,,,,,a9716c58153843b2274cb85e993878a48b73230221a38e071e612a5cd835d514,5e8589c9571c309dc186a3970cfa90af247d98f729eab55a133173989b96eff0,92c073d0c6e0ae1e642813c1e4ff739363e28c7003bd1c06bf5a62a627b794c3,DERIVED_STRICT_SNAPSHOT,DERIVED_STRICT_SNAPSHOT,DERIVED_CONSENSUS_RUNTIME_CODE,UNRESOLVED:requires_loupe_or_historical_event_resolver,UNRESOLVED_NO_CUTOFF_SOURCE_VERIFICATION_EVIDENCE,DERIVED_EXACT_CHAIN_ADDRESS,DERIVED_METADATA_STRIPPED_BYTECODE_SHA256,UNRESOLVED_INDEPENDENT_ADJUDICATION_REQUIRED,UNRESOLVED_INDEPENDENT_ADJUDICATION_REQUIRED,UNRESOLVED_METHODS_OWNER_FREEZE_REQUIRED
compoundtusd,defihacklabs,ethereum,14266479,0x12392f67bdf24fae0af363c24ac620a2f67dad86,,ca2-5b4e3baaff7190f2f54d,2022-03-22,CompoundTUSDSweepTokenBypass,Insufficient validation,src/test/2022-03/CompoundTusd_exp.sol,mainnet,https://github.com/SunWeb3Sec/DeFiHackLabs/blob/main/past/2022/README.md,frozen_public_source_hashed,e7668ddd37e305db9052d4f208bb3b87d1e75956950739d5e9f1fd66f4c26267,ac5eaa0ad8052973e9e01fb663f70c77e9001defccbcbad78bbc098a269ac35e,"[""https://blog.openzeppelin.com/compound-tusd-integration-issue-retrospective/""]",[],,exact_contract_basename,True,True,,,2022-03-22,,,,blocked_missing_onchain_and_availability_evidence,"[""missing:deployment_block"", ""missing:prediction_cutoff_block"", ""missing:source_availability_time"", ""missing:runtime_bytecode_hash_at_cutoff"", ""missing:outcome_adjudication_id""]",retained,,cases/ca2-5b4e3baaff7190f2f54d.json,78e9d5e4db7db54fa9c0ade5b71e2fe938a677bdfa3fa3df7f3eb58d23b77a23,cases/ca2-5b4e3baaff7190f2f54d.json,c9a2ed53cf18158ca9573911170581f8fb04c06d5cf344d78de10200e6d29f39,,,,,,,,,,,,ca2-5b4e3baaff7190f2f54d,cases/ca2-5b4e3baaff7190f2f54d.json,c9a2ed53cf18158ca9573911170581f8fb04c06d5cf344d78de10200e6d29f39,2020-10-07T11:45:29Z,2020-10-08T11:45:32Z,7608,,,1:0x12392f67bdf24fae0af363c24ac620a2f67dad86,0c719012aa239b927b830db8efacc154898eeb4f7296651682ada0e1a828b7fd,,,,,e1640188ec3e5c97186edcacfad771435c2d3a0977abfdab0ba8fb72c6135b64,734b4b6ce377c00aeb74e95c079b7f9438e958825a01ef070ae6518ab1e8ccd8,6afdce86b400c2253b5085a663b38f4f0ddccf4a2d2da916b0f6fc0a7040986f,DERIVED_STRICT_SNAPSHOT,DERIVED_STRICT_SNAPSHOT,DERIVED_CONSENSUS_RUNTIME_CODE,UNRESOLVED:requires_loupe_or_historical_event_resolver,UNRESOLVED_NO_CUTOFF_SOURCE_VERIFICATION_EVIDENCE,DERIVED_EXACT_CHAIN_ADDRESS,DERIVED_METADATA_STRIPPED_BYTECODE_SHA256,UNRESOLVED_INDEPENDENT_ADJUDICATION_REQUIRED,UNRESOLVED_INDEPENDENT_ADJUDICATION_REQUIRED,UNRESOLVED_METHODS_OWNER_FREEZE_REQUIRED
bearn,defihacklabs,bsc,7457124,0xb390b07fcf76678089cb12d8e615d5fe494b01fb,shanghai,ca2-3d8e91015c9360a5a76f,2021-05-16,bEarn,Logic Flaw,src/test/2021-05/bEarn_exp.sol,bsc,https://github.com/SunWeb3Sec/DeFiHackLabs/blob/main/past/2021/README.md,frozen_public_source_hashed,93b19197192b409cf7360b9bfa564d474da5a115f9bf279a5b8cc61093dadab6,9ed3b8cb1b7fc21c248e7e2df5c1700288d1ff0847766c32554a1ada5bb9e39e,"[""https://bearndao.medium.com/bvaults-busd-alpaca-strategy-exploit-post-mortem-and-bearn-s-compensation-plan-b0b38c3b5540""]",[],11M,exact_contract_basename,True,True,,,2021-05-16,,,,blocked_missing_onchain_and_availability_evidence,"[""missing:deployment_block"", ""missing:prediction_cutoff_block"", ""missing:source_availability_time"", ""missing:runtime_bytecode_hash_at_cutoff"", ""missing:outcome_adjudication_id""]",retained,,cases/ca2-3d8e91015c9360a5a76f.json,e3f8f28eb288c1d6d80c44bec4cfb988806b7e18851e4c0c0d13250069324f5d,cases/ca2-3d8e91015c9360a5a76f.json,609de721dfaabd795705d272bbfa92572497c42e01e6bab0615d94c0e769e4fd,,,,,,,,,,,,ca2-3d8e91015c9360a5a76f,cases/ca2-3d8e91015c9360a5a76f.json,609de721dfaabd795705d272bbfa92572497c42e01e6bab0615d94c0e769e4fd,2021-02-13T02:52:08Z,2021-02-14T02:52:08Z,1935,EIP1967_PROXY,,56:0xb390b07fcf76678089cb12d8e615d5fe494b01fb,fc63ad62f4fc0a65f493ff0990ad3686f78d41a4660d939fb760b8473fe42408,eip1967:0xc60c6854d10c034718aca198fe92d73eb83b744c,,,,defd7dd802ffae104ca01a5c8563ba2acf65a86a5fe30612f12aeb3c92a2b24d,e0daa6883d19a0ea6aef7532fe1792142bff86c018827a2871e90d18371a940a,998a1c03dd5e1f1ef01fcd25224a9d26cd134e845203d68fb90a39959ba140b8,DERIVED_STRICT_SNAPSHOT,DERIVED_STRICT_SNAPSHOT,DERIVED_CONSENSUS_RUNTIME_CODE,VERIFIED_STANDARD_PROXY,UNRESOLVED_NO_CUTOFF_SOURCE_VERIFICATION_EVIDENCE,DERIVED_EXACT_CHAIN_ADDRESS,DERIVED_METADATA_STRIPPED_BYTECODE_SHA256,UNRESOLVED_INDEPENDENT_ADJUDICATION_REQUIRED,UNRESOLVED_INDEPENDENT_ADJUDICATION_REQUIRED,UNRESOLVED_METHODS_OWNER_FREEZE_REQUIRED
anyswap,defihacklabs,ethereum,14037236,0x6b7a87899490ece95443e979ca9485cbe7e71522,,ca2-a3eb07131d27e069a3d8,2022-01-18,Multichain (Anyswap),Insufficient Token Validation,src/test/2022-01/Anyswap_exp.sol,ethereum,https://github.com/SunWeb3Sec/DeFiHackLabs/blob/main/past/2022/README.md,frozen_public_source_hashed,e7668ddd37e305db9052d4f208bb3b87d1e75956950739d5e9f1fd66f4c26267,77860e9a02b9d1b78a1dd3749b28c3ff90bf9351a92a266d527389790e9bf2a6,"[""https://etherscan.io/tx/0xe50ed602bd916fc304d53c4fed236698b71691a95774ff0aeeb74b699c6227f7"", ""https://medium.com/zengo/without-permit-multichains-exploit-explained-8417e8c1639b"", ""https://twitter.com/PeckShieldAlert/status/1483363515411099651""]","[""0xe50ed602bd916fc304d53c4fed236698b71691a95774ff0aeeb74b699c6227f7""]",,exact_contract_basename,True,True,,,2022-01-18,,,,blocked_missing_onchain_and_availability_evidence,"[""missing:deployment_block"", ""missing:prediction_cutoff_block"", ""missing:source_availability_time"", ""missing:runtime_bytecode_hash_at_cutoff"", ""missing:outcome_adjudication_id""]",retained,,cases/ca2-a3eb07131d27e069a3d8.json,867470f6577abcd41fd8eaeba0923fd7c2077fa0647dc427c4c72c2322914a2d,cases/ca2-a3eb07131d27e069a3d8.json,e747296b559298e30d165b9f2cf7561e58fc8d540a42c2d5474c66ef773086f7,,,,,,,,,,,,ca2-a3eb07131d27e069a3d8,cases/ca2-a3eb07131d27e069a3d8.json,e747296b559298e30d165b9f2cf7561e58fc8d540a42c2d5474c66ef773086f7,2021-06-18T10:44:06Z,2021-06-19T10:44:14Z,18508,,,1:0x6b7a87899490ece95443e979ca9485cbe7e71522,b8d48771e85769584501fdbac6d3baba47ccfe664a309d0cf99564ac47ec495a,,,,,f180d84466b3f0e7208da868adf4c298b92578411f025912d4a1858f59dc4583,53158e44faedd34d53037b730f5d0b9337cde5d269d97e69248ec1a2eac9d964,2a5df332c3dd0ad6bd0e7761cdf3e710d590efd99f239d23502969d534a14b91,DERIVED_STRICT_SNAPSHOT,DERIVED_STRICT_SNAPSHOT,DERIVED_CONSENSUS_RUNTIME_CODE,UNRESOLVED:requires_loupe_or_historical_event_resolver,UNRESOLVED_NO_CUTOFF_SOURCE_VERIFICATION_EVIDENCE,DERIVED_EXACT_CHAIN_ADDRESS,DERIVED_METADATA_STRIPPED_BYTECODE_SHA256,UNRESOLVED_INDEPENDENT_ADJUDICATION_REQUIRED,UNRESOLVED_INDEPENDENT_ADJUDICATION_REQUIRED,UNRESOLVED_METHODS_OWNER_FREEZE_REQUIRED
auctus,defihacklabs,ethereum,14460635,0xe7597f774fd0a15a617894dc39d45a28b97afa4f,,ca2-a6061f6cad3a5884d6d4,2022-03-26,Auctus,Arbitrary Call,src/test/2022-03/Auctus_exp.sol,ethereum,https://github.com/SunWeb3Sec/DeFiHackLabs/blob/main/past/2022/README.md,frozen_public_source_hashed,e7668ddd37e305db9052d4f208bb3b87d1e75956950739d5e9f1fd66f4c26267,f7eac2bb75803bc24ee13d8d49f11db7ecc7b5c5f45fde7d1c6c9cd88fdda442,"[""https://etherscan.io/tx/0x2e7d7e7a6eb157b98974c8687fbd848d0158d37edc1302ea08ee5ddb376befea"", ""https://twitter.com/AuctusOptions/status/1508647849663291398?cxt=HHwWjICzpbzO5e8pAAAA""]","[""0x2e7d7e7a6eb157b98974c8687fbd848d0158d37edc1302ea08ee5ddb376befea""]",,exact_contract_basename,True,True,,,2022-03-26,,,,blocked_missing_onchain_and_availability_evidence,"[""missing:deployment_block"", ""missing:prediction_cutoff_block"", ""missing:source_availability_time"", ""missing:runtime_bytecode_hash_at_cutoff"", ""missing:outcome_adjudication_id""]",retained,,cases/ca2-a6061f6cad3a5884d6d4.json,e5dea5c2debe10ce8ddaf725d40e1f488a9b517e89e0683dd518f8db6b4d7f3d,cases/ca2-a6061f6cad3a5884d6d4.json,9dab61539f52a2b70f1c7e002c70538d6f5522027c869bf16e7c58f47ec795c9,,,,,,,,,,,,ca2-a6061f6cad3a5884d6d4,cases/ca2-a6061f6cad3a5884d6d4.json,9dab61539f52a2b70f1c7e002c70538d6f5522027c869bf16e7c58f47ec795c9,2020-06-25T17:58:01Z,2020-06-26T17:58:03Z,3434,,,1:0xe7597f774fd0a15a617894dc39d45a28b97afa4f,e44f909afd2ca33ebe9f565053f2dc70f778b01068dfa672709fb6e2d784a5bc,,,,,904a2945fd9b4ecca26d0a8e59a1cc7b44f409a31d728083d01f501f42438637,fa4c36eb790452eaa0d57d6aec661bad082db02fe49775928eebd23924683657,9098ed076045e9430e6b4827bcaf166b140fa80aec4d2871ee3fcae50df554ae,DERIVED_STRICT_SNAPSHOT,DERIVED_STRICT_SNAPSHOT,DERIVED_CONSENSUS_RUNTIME_CODE,UNRESOLVED:requires_loupe_or_historical_event_resolver,UNRESOLVED_NO_CUTOFF_SOURCE_VERIFICATION_EVIDENCE,DERIVED_EXACT_CHAIN_ADDRESS,DERIVED_METADATA_STRIPPED_BYTECODE_SHA256,UNRESOLVED_INDEPENDENT_ADJUDICATION_REQUIRED,UNRESOLVED_INDEPENDENT_ADJUDICATION_REQUIRED,UNRESOLVED_METHODS_OWNER_FREEZE_REQUIRED
paraluni,defihacklabs,bsc,16008280,0x633fa755a83b015cccdc451f82c57ea0bd32b4b4,,ca2-ac986ab36ff83135b05f,2022-03-13,Paraluni,Flashloan & Reentrancy,src/test/2022-03/Paraluni_exp.sol,bsc,https://github.com/SunWeb3Sec/DeFiHackLabs/blob/main/past/2022/README.md,frozen_public_source_hashed,e7668ddd37e305db9052d4f208bb3b87d1e75956950739d5e9f1fd66f4c26267,9afc49f7b502ddc859eb73df6ad44cc8f1978b85a461bd671cda557d2a71d35d,"[""https://bscscan.com/tx/0x70f367b9420ac2654a5223cc311c7f9c361736a39fd4e7dff9ed1b85bab7ad54"", ""https://halborn.com/explained-the-paraluni-hack-march-2022/"", ""https://mobile.twitter.com/paraluni/status/1502951606202994694"", ""https://twitter.com/peckshield/status/1502815435498176514"", ""https://zhuanlan.zhihu.com/p/517535530""]","[""0x70f367b9420ac2654a5223cc311c7f9c361736a39fd4e7dff9ed1b85bab7ad54""]",,exact_contract_basename,True,True,,,2022-03-13,,,,blocked_missing_onchain_and_availability_evidence,"[""missing:deployment_block"", ""missing:prediction_cutoff_block"", ""missing:source_availability_time"", ""missing:runtime_bytecode_hash_at_cutoff"", ""missing:outcome_adjudication_id""]",retained,,cases/ca2-ac986ab36ff83135b05f.json,a6e247f7b659767826138553bf89b20d8ef41683af204e40286be9a76035038b,cases/ca2-ac986ab36ff83135b05f.json,80d69d03b62c9f524073c325f4b9fc1dce690c9cc3ec9f2bfaded7c8c4ca7bee,,,,,,,,,,,,ca2-ac986ab36ff83135b05f,cases/ca2-ac986ab36ff83135b05f.json,80d69d03b62c9f524073c325f4b9fc1dce690c9cc3ec9f2bfaded7c8c4ca7bee,2021-12-13T05:32:04Z,2021-12-14T05:32:04Z,1392,,,56:0x633fa755a83b015cccdc451f82c57ea0bd32b4b4,d863ee2961ec18f4626200616fbe06401a5a83b5891d0e00ec0ed35ec61d9e7f,,,,,d53c879b5efd0c2abc774318f14c538505ebcc6de588f5c561252a5c28c55bfa,749cde2c8879af84eb405bb8513f9628bc6a91980a2121a40f272a96a83b6907,d0b992190ca209605bd1a44a0945ea32328f72235e8bd64f6db372e55fcb6a35,DERIVED_STRICT_SNAPSHOT,DERIVED_STRICT_SNAPSHOT,DERIVED_CONSENSUS_RUNTIME_CODE,UNRESOLVED:requires_loupe_or_historical_event_resolver,UNRESOLVED_NO_CUTOFF_SOURCE_VERIFICATION_EVIDENCE,DERIVED_EXACT_CHAIN_ADDRESS,DERIVED_METADATA_STRIPPED_BYTECODE_SHA256,UNRESOLVED_INDEPENDENT_ADJUDICATION_REQUIRED,UNRESOLVED_INDEPENDENT_ADJUDICATION_REQUIRED,UNRESOLVED_METHODS_OWNER_FREEZE_REQUIRED
qubit,defihacklabs,ethereum,14090169,0x20e5e35ba29dc3b540a1aee781d0814d5c77bce6,,ca2-ca3ec401a279f9b471a6,2022-01-28,Qubit Finance,Bridge address(0).safeTransferFrom() does not revert,src/test/2022-01/Qubit_exp.sol,mainnet,https://github.com/SunWeb3Sec/DeFiHackLabs/blob/main/past/2022/README.md,frozen_public_source_hashed,e7668ddd37e305db9052d4f208bb3b87d1e75956950739d5e9f1fd66f4c26267,0f00e16a4a5b3ca0999697aa87fe5dca6316af20fddc2f9328ce37176b896972,"[""https://bscscan.com/tx/0x50946e3e4ccb7d39f3512b7ecb75df66e6868b9af0eee8a7e4b61ef8a459518e"", ""https://etherscan.io/address/0xd01ae1a708614948b2b5e0b7ab5be6afa01325c7"", ""https://etherscan.io/tx/0xac7292e7d0ec8ebe1c94203d190874b2aab30592327b6cc875d00f18de6f3133"", ""https://medium.com/@QubitFin/protocol-exploit-report-305c34540fa3"", ""https://rekt.news/qubit-rekt/""]","[""0x50946e3e4ccb7d39f3512b7ecb75df66e6868b9af0eee8a7e4b61ef8a459518e"", ""0xac7292e7d0ec8ebe1c94203d190874b2aab30592327b6cc875d00f18de6f3133""]",,exact_contract_basename,True,True,,,2022-01-28,,,,blocked_missing_onchain_and_availability_evidence,"[""missing:deployment_block"", ""missing:prediction_cutoff_block"", ""missing:source_availability_time"", ""missing:runtime_bytecode_hash_at_cutoff"", ""missing:outcome_adjudication_id""]",retained,,cases/ca2-ca3ec401a279f9b471a6.json,3ee69f995ab6103ec3581d55b78d31f9c4c0bd7c945742d95c4b413d3d9565fe,cases/ca2-ca3ec401a279f9b471a6.json,c0e2fb6ab1db7d820598248fb745beb50817df25e2d7ec5663c829f07b9a3bf2,,,,,,,,,,,,ca2-ca3ec401a279f9b471a6,cases/ca2-ca3ec401a279f9b471a6.json,c0e2fb6ab1db7d820598248fb745beb50817df25e2d7ec5663c829f07b9a3bf2,2021-11-29T09:02:47Z,2021-11-30T09:02:57Z,2141,EIP1967_PROXY,,1:0x20e5e35ba29dc3b540a1aee781d0814d5c77bce6,a9e9f47e85bce0571f5933d7bee02de9201c3766c8d14409c13c54e7092e7816,eip1967:0x79fc1d290aa81338f377f6271c499662d6301e65,,,,91a74274bbfec19f2ccbd1a0bb0056822ab31b2f81424e394b242708faa96bf8,a98e64570206f91031d49001a7216f5ccb4449d78d72a6d5273e13b573f12ae5,f41c95de91f836aa41bfe455222ff0706e9cfa69014bbd45e8ddbda4a580dc44,DERIVED_STRICT_SNAPSHOT,DERIVED_STRICT_SNAPSHOT,DERIVED_CONSENSUS_RUNTIME_CODE,VERIFIED_STANDARD_PROXY,UNRESOLVED_NO_CUTOFF_SOURCE_VERIFICATION_EVIDENCE,DERIVED_EXACT_CHAIN_ADDRESS,DERIVED_METADATA_STRIPPED_BYTECODE_SHA256,UNRESOLVED_INDEPENDENT_ADJUDICATION_REQUIRED,UNRESOLVED_INDEPENDENT_ADJUDICATION_REQUIRED,UNRESOLVED_METHODS_OWNER_FREEZE_REQUIRED
revest,defihacklabs,ethereum,14465356,0x2320a28f52334d62622cc2eafa15de55f9987ed9,,ca2-e75c05f94545176def00,2022-03-27,Revest Finance,Reentrancy,src/test/2022-03/Revest_exp.sol,ethereum,https://github.com/SunWeb3Sec/DeFiHackLabs/blob/main/past/2022/README.md,frozen_public_source_hashed,e7668ddd37e305db9052d4f208bb3b87d1e75956950739d5e9f1fd66f4c26267,88ae5e0c370c7e71164bf483fef14d13427ddda22572679a18b40123ff9d504d,"[""https://blocksecteam.medium.com/revest-finance-vulnerabilities-more-than-re-entrancy-1609957b742f"", ""https://etherscan.io/tx/0xe0b0c2672b760bef4e2851e91c69c8c0ad135c6987bbf1f43f5846d89e691428""]","[""0xe0b0c2672b760bef4e2851e91c69c8c0ad135c6987bbf1f43f5846d89e691428""]",,exact_contract_basename,True,True,,,2022-03-27,,,,blocked_missing_onchain_and_availability_evidence,"[""missing:deployment_block"", ""missing:prediction_cutoff_block"", ""missing:source_availability_time"", ""missing:runtime_bytecode_hash_at_cutoff"", ""missing:outcome_adjudication_id""]",retained,,cases/ca2-e75c05f94545176def00.json,69eae7dc5d848187d0e2175a2d1c977a5742f23aa9c9583da227357cb8a2a105,cases/ca2-e75c05f94545176def00.json,9367d0231c587119d103bd07ee8e93e822af166c64b587203a074d44913687af,,,,,,,,,,,,ca2-e75c05f94545176def00,cases/ca2-e75c05f94545176def00.json,9367d0231c587119d103bd07ee8e93e822af166c64b587203a074d44913687af,2021-09-24T20:17:37Z,2021-09-25T20:17:46Z,22157,,,1:0x2320a28f52334d62622cc2eafa15de55f9987ed9,762058c495b847435e7de10f10458d1fe816273180e378ed5de2e09790b30579,,,,,cce848243acb7d1da03f58f37444b552e387f1862378607a5755e0ad9852c3e0,c11410f6a0d15bf89c939773ba7a7d5ffd141779fabe2b8110874a0e18d888b0,0c8033872429632e7e2a4d4ddc7acbfdf76d2007b29b4723d87f6ababbf3d329,DERIVED_STRICT_SNAPSHOT,DERIVED_STRICT_SNAPSHOT,DERIVED_CONSENSUS_RUNTIME_CODE,UNRESOLVED:requires_loupe_or_historical_event_resolver,UNRESOLVED_NO_CUTOFF_SOURCE_VERIFICATION_EVIDENCE,DERIVED_EXACT_CHAIN_ADDRESS,DERIVED_METADATA_STRIPPED_BYTECODE_SHA256,UNRESOLVED_INDEPENDENT_ADJUDICATION_REQUIRED,UNRESOLVED_INDEPENDENT_ADJUDICATION_REQUIRED,UNRESOLVED_METHODS_OWNER_FREEZE_REQUIRED
umbrella,defihacklabs,ethereum,14421983,0xb3fb1d01b07a706736ca175f827e4f56021b85de,,ca2-e6ddbcb4d936397b6ffe,2022-03-20,Umbrella Network,Underflow,src/test/2022-03/Umbrella_exp.sol,ethereum,https://github.com/SunWeb3Sec/DeFiHackLabs/blob/main/past/2022/README.md,frozen_public_source_hashed,e7668ddd37e305db9052d4f208bb3b87d1e75956950739d5e9f1fd66f4c26267,d2b545485a2576c627b6163d1b888de767cc3eb51fb52f4e390490d24c8d9900,"[""https://etherscan.io/tx/0x33479bcfbc792aa0f8103ab0d7a3784788b5b0e1467c81ffbed1b7682660b4fa"", ""https://medium.com/uno-re/umbrella-network-hacked-700k-lost-97285b69e8c7""]","[""0x33479bcfbc792aa0f8103ab0d7a3784788b5b0e1467c81ffbed1b7682660b4fa""]",,exact_contract_basename,True,True,,,2022-03-20,,,,blocked_missing_onchain_and_availability_evidence,"[""missing:deployment_block"", ""missing:prediction_cutoff_block"", ""missing:source_availability_time"", ""missing:runtime_bytecode_hash_at_cutoff"", ""missing:outcome_adjudication_id""]",retained,,cases/ca2-e6ddbcb4d936397b6ffe.json,6f84e749defd014cb4e7b5e826e4eed16507a33eae04c4dbeb6a33bee9979661,cases/ca2-e6ddbcb4d936397b6ffe.json,055fbebeb4df9702a37b5ffceadafeaa364b6621e15d78ea00dbd4f22445024a,,,,,,,,,,,,ca2-e6ddbcb4d936397b6ffe,cases/ca2-e6ddbcb4d936397b6ffe.json,055fbebeb4df9702a37b5ffceadafeaa364b6621e15d78ea00dbd4f22445024a,2022-03-14T17:05:30Z,2022-03-15T17:05:56Z,11962,,,1:0xb3fb1d01b07a706736ca175f827e4f56021b85de,ecae0ff910f7c7402ece4b6b013fda30eff3a5385e4ed3d1f386efa509c61ac9,,,,,61c763c6fa8d12cfca53037545c556c1298fb460b099b2f9ba9cec5932de3565,76a356ce4087264761a1da4bd8d627af857072324830ec50426ea7ff6f9fb272,61d45b1cded62a76866cf1a147dea75e8dfec048def73e3d7e387e208f2870b1,DERIVED_STRICT_SNAPSHOT,DERIVED_STRICT_SNAPSHOT,DERIVED_CONSENSUS_RUNTIME_CODE,UNRESOLVED:requires_loupe_or_historical_event_resolver,UNRESOLVED_NO_CUTOFF_SOURCE_VERIFICATION_EVIDENCE,DERIVED_EXACT_CHAIN_ADDRESS,DERIVED_METADATA_STRIPPED_BYTECODE_SHA256,UNRESOLVED_INDEPENDENT_ADJUDICATION_REQUIRED,UNRESOLVED_INDEPENDENT_ADJUDICATION_REQUIRED,UNRESOLVED_METHODS_OWNER_FREEZE_REQUIRED
cream_2,defihacklabs,ethereum,13499797,0x3d5bc3c8d13dcb8bf317092d84783c2697ae9258,shanghai,ca2-2f808fc768214bcb9f7d,2021-10-27,CreamFinance,Price Manipulation,src/test/2021-10/Cream_2_exp.sol,mainnet,https://github.com/SunWeb3Sec/DeFiHackLabs/blob/main/past/2021/README.md,frozen_public_source_hashed,93b19197192b409cf7360b9bfa564d474da5a115f9bf279a5b8cc61093dadab6,1d701117ac3bc86137daa8d8de96c3bae95c064e19be5ee80d1e5ebbfb1bb0ae,"[""https://medium.com/immunefi/hack-analysis-cream-finance-oct-2021-fc222d913fc5""]",[],,exact_contract_basename,True,True,,,2021-10-27,,,,blocked_missing_onchain_and_availability_evidence,"[""missing:deployment_block"", ""missing:prediction_cutoff_block"", ""missing:source_availability_time"", ""missing:runtime_bytecode_hash_at_cutoff"", ""missing:outcome_adjudication_id""]",retained,,cases/ca2-2f808fc768214bcb9f7d.json,d5a22c0a38ee38a1a3a71e1ba4abdf75af7cc5e43dd6bad82dba8e91ec4d5e2c,cases/ca2-2f808fc768214bcb9f7d.json,c5fdb9092df32cbfd4543b1105789f1cbc53be10cd95c8935bf21b96d30155f8,,,,,,,,,,,,ca2-2f808fc768214bcb9f7d,cases/ca2-2f808fc768214bcb9f7d.json,c5fdb9092df32cbfd4543b1105789f1cbc53be10cd95c8935bf21b96d30155f8,2020-08-02T10:18:22Z,2020-08-03T10:18:37Z,1508,,,1:0x3d5bc3c8d13dcb8bf317092d84783c2697ae9258,4b08cf57647d484f520467ab9f871509e430180753360b7fa9439a8f8fc4efb4,,,,,b22ecde6aef53bb0ea1d236d58545f50255245696031a9273b78e20dff88a07e,15aa964e57352493a7dc537c1e32c38e1dab8d1b5d1aaf6a2b5090e7ce4a4aed,9673bfd2ab0bff02dd995dbb5b41329d8024e2a6393c89a4440daf1a83843cee,DERIVED_STRICT_SNAPSHOT,DERIVED_STRICT_SNAPSHOT,DERIVED_CONSENSUS_RUNTIME_CODE,UNRESOLVED:requires_loupe_or_historical_event_resolver,UNRESOLVED_NO_CUTOFF_SOURCE_VERIFICATION_EVIDENCE,DERIVED_EXACT_CHAIN_ADDRESS,DERIVED_METADATA_STRIPPED_BYTECODE_SHA256,UNRESOLVED_INDEPENDENT_ADJUDICATION_REQUIRED,UNRESOLVED_INDEPENDENT_ADJUDICATION_REQUIRED,UNRESOLVED_METHODS_OWNER_FREEZE_REQUIRED
RWAVault,defihacklabs-temporal-replacement-finalization,ethereum,24979315,0x317aa10528ff675ef4c358ea6a5b7b5494325733,,ca2-637d0856b7b1d9ca4dbd,2026-04-28,RWAVault,replacement_candidate,,ethereum,,replacement_candidate_historical_snapshot_verified,644bf3e8a6cd3e604d74e15ff4cb6705ca5d3def84c4bad87a33e0086ead21a3,73922c8f4de6e44793dcfd109fa1313306341ecec829e1e3fa27fcef668a99f3,[],"[""0x6b04344d5627df59d3bc645e7454f4605a90272852a91e435e370376643353b3""]",,frozen_chain_global_order_finalization,True,True,24381124,24388272,24979316,,9e25a46081b421256f1c44cefea6e261f6c41d0b3324ec3ddabe1fddf44c8689,,replacement_candidate_selected,[],replacement,ca2-8c2839dc60456ec95380,cases/ca2-8c2839dc60456ec95380.json,5195af1f6bdcca3f1127515fc312a028230490cab2b5bb20e9c1fc2fcf6b6f4c,,,cases/ca2r-42c358b27a61c5198e9b.json,6d9e2592e2dbdfabd98892b8e0880b84a9c487211008489224f57614d281037e,historical_cases/ca2r-42c358b27a61c5198e9b/ca2r-42c358b27a61c5198e9b.json,98ab71eb3b8d5e2eb07c3350d120a83bef00d36af1f90aa0adde04a66b50d428,10,first_eligible_unique_from_frozen_chain_global_order,644bf3e8a6cd3e604d74e15ff4cb6705ca5d3def84c4bad87a33e0086ead21a3,a18c0040510cddc88d59e602bac53bbcafbe5dfbc978cff0134cb513de79fc53,24979315,0x6b04344d5627df59d3bc645e7454f4605a90272852a91e435e370376643353b3,ca2r-42c358b27a61c5198e9b,ca2r-42c358b27a61c5198e9b,historical_cases/ca2r-42c358b27a61c5198e9b/ca2r-42c358b27a61c5198e9b.json,98ab71eb3b8d5e2eb07c3350d120a83bef00d36af1f90aa0adde04a66b50d428,2026-02-04T04:32:59Z,2026-02-05T04:32:59Z,22648,,,1:0x317aa10528ff675ef4c358ea6a5b7b5494325733,d10dd2fa2470942aa0c41df642d505feaecc335567b2f137e0197ce5f83525e5,,,,,b391eb08d3b7599277f02e64e8bd351bdf22cf3eff23fdb66f52135bd2b4b962,14a82a0dd4f4636c92e4539fbe97a10f0bc1567b6d04490e90e71d1f25f5cde2,e7624849ba12a7d8f53d3fd533d53076f3cac920e9546116bc5a0a38eb9299ce,DERIVED_STRICT_SNAPSHOT,DERIVED_STRICT_SNAPSHOT,DERIVED_CONSENSUS_RUNTIME_CODE,UNRESOLVED:requires_loupe_or_historical_event_resolver,UNRESOLVED_NO_CUTOFF_SOURCE_VERIFICATION_EVIDENCE,DERIVED_EXACT_CHAIN_ADDRESS,DERIVED_METADATA_STRIPPED_BYTECODE_SHA256,UNRESOLVED_INDEPENDENT_ADJUDICATION_REQUIRED,UNRESOLVED_INDEPENDENT_ADJUDICATION_REQUIRED,UNRESOLVED_METHODS_OWNER_FREEZE_REQUIRED
rikkei,defihacklabs,bsc,16956474,0xd55f01b4b51b7f48912cd8ca3cdd8070a1a9dba5,,ca2-cc09312220e115bde016,2022-04-15,Rikkei Finance,Access control & Price Oracle Manipulation,src/test/2022-04/Rikkei_exp.sol,bsc,https://github.com/SunWeb3Sec/DeFiHackLabs/blob/main/past/2022/README.md,frozen_public_source_hashed,e7668ddd37e305db9052d4f208bb3b87d1e75956950739d5e9f1fd66f4c26267,c85629486d43f7118174c99849721d472720c1f818639919c84a8eb795cc1a25,"[""https://blockmagnates.com/rikkei-finance-hack/"", ""https://bscscan.com/tx/0x93a9b022df260f1953420cd3e18789e7d1e095459e36fe2eb534918ed1687492"", ""https://knownseclab.com/news/625e865cf1c544005a4bdaf2"", ""https://rikkeifinance.medium.com/rikkei-finance-incident-investigation-report-b5b1745b0155""]","[""0x93a9b022df260f1953420cd3e18789e7d1e095459e36fe2eb534918ed1687492""]",,exact_contract_basename,True,True,,,2022-04-15,,,,blocked_missing_onchain_and_availability_evidence,"[""missing:deployment_block"", ""missing:prediction_cutoff_block"", ""missing:source_availability_time"", ""missing:runtime_bytecode_hash_at_cutoff"", ""missing:outcome_adjudication_id""]",retained,,cases/ca2-cc09312220e115bde016.json,75ef0f92bc69ae2b9e3abdc3b9dd365e0f839979abe48a64752ec02cc2cfd9c7,cases/ca2-cc09312220e115bde016.json,421267b26bb1378862c0ba8f3b21a9cdb75eecd4fb8782947ba9b06bc63b8069,,,,,,,,,,,,ca2-cc09312220e115bde016,cases/ca2-cc09312220e115bde016.json,421267b26bb1378862c0ba8f3b21a9cdb75eecd4fb8782947ba9b06bc63b8069,2022-02-17T17:42:15Z,2022-02-18T17:42:15Z,707,,,56:0xd55f01b4b51b7f48912cd8ca3cdd8070a1a9dba5,a9d288c89089c42f954f41ff52124bc761945a99c9308a65b168b255e3e82037,,,,,bcf46f49031ab9566ca416f8a7996cd79d6305b8ec4aa0479d957c54d9480419,30e394eab4985a0771f0a457923f2aa82dd68f68dc708c2dee471f95315107aa,77144da8f8c818551554680853e6cb0e780650f17ddefd6103741be17113a520,DERIVED_STRICT_SNAPSHOT,DERIVED_STRICT_SNAPSHOT,DERIVED_CONSENSUS_RUNTIME_CODE,UNRESOLVED:requires_loupe_or_historical_event_resolver,UNRESOLVED_NO_CUTOFF_SOURCE_VERIFICATION_EVIDENCE,DERIVED_EXACT_CHAIN_ADDRESS,DERIVED_METADATA_STRIPPED_BYTECODE_SHA256,UNRESOLVED_INDEPENDENT_ADJUDICATION_REQUIRED,UNRESOLVED_INDEPENDENT_ADJUDICATION_REQUIRED,UNRESOLVED_METHODS_OWNER_FREEZE_REQUIRED
gym_1,defihacklabs,bsc,16798806,0x1befe6f3f0e8edd2d4d15cae97baee01e51ea4a4,,ca2-2c7f349f1a1765272f4b,2022-04-09,GYMNetwork,Flashloan + token migrate flaw,src/test/2022-04/Gym_1_exp.sol,bsc,https://github.com/SunWeb3Sec/DeFiHackLabs/blob/main/past/2022/README.md,frozen_public_source_hashed,e7668ddd37e305db9052d4f208bb3b87d1e75956950739d5e9f1fd66f4c26267,f06c052bbed028dedfbce1e3573459fba13ecb030f95eeb27b06eaae14b9c7cb,"[""https://bscscan.com/tx/0xa5b0246f2f8d238bb56c0ddb500b04bbe0c30db650e06a41e00b6a0fff11a7e5"", ""https://medium.com/@Beosin_com/beosin-analysis-of-the-attack-on-gymdefi-e5a23bfd93fe"", ""https://twitter.com/BlockSecTeam/status/1512832398643265537""]","[""0xa5b0246f2f8d238bb56c0ddb500b04bbe0c30db650e06a41e00b6a0fff11a7e5""]",,exact_contract_basename,True,True,,,2022-04-09,,,,blocked_missing_onchain_and_availability_evidence,"[""missing:deployment_block"", ""missing:prediction_cutoff_block"", ""missing:source_availability_time"", ""missing:runtime_bytecode_hash_at_cutoff"", ""missing:outcome_adjudication_id""]",retained,,cases/ca2-2c7f349f1a1765272f4b.json,200432b130c92cacd1d29e2ae9f494367e23fde6394dd7e194bc1cdaea499995,cases/ca2-2c7f349f1a1765272f4b.json,5e518e0e30346a5f650c7388cec3441c369e164cbc10c34cbb2d7f87994ddd06,,,,,,,,,,,,ca2-2c7f349f1a1765272f4b,cases/ca2-2c7f349f1a1765272f4b.json,5e518e0e30346a5f650c7388cec3441c369e164cbc10c34cbb2d7f87994ddd06,2022-03-24T11:10:59Z,2022-03-25T11:11:01Z,2399,,,56:0x1befe6f3f0e8edd2d4d15cae97baee01e51ea4a4,be885f8b6f92ec631f462af593fea5ea616d228a5698cedd1541dd04b8796b85,,,,,a1833124d88a9f3f4e63e370a8eccacd61c7a7a83c8721304455ceec0d773efb,a35c70069d7c005f0f7a56afc3840bd5a1710d0da53ad62855de9ff37e4d44b9,c8835d54af0581829347f70fc5c3a17aa062d3d91c75db06f309a6bc8c42f2bb,DERIVED_STRICT_SNAPSHOT,DERIVED_STRICT_SNAPSHOT,DERIVED_CONSENSUS_RUNTIME_CODE,UNRESOLVED:requires_loupe_or_historical_event_resolver,UNRESOLVED_NO_CUTOFF_SOURCE_VERIFICATION_EVIDENCE,DERIVED_EXACT_CHAIN_ADDRESS,DERIVED_METADATA_STRIPPED_BYTECODE_SHA256,UNRESOLVED_INDEPENDENT_ADJUDICATION_REQUIRED,UNRESOLVED_INDEPENDENT_ADJUDICATION_REQUIRED,UNRESOLVED_METHODS_OWNER_FREEZE_REQUIRED
cftoken,defihacklabs,bsc,16841980,0x8b7218cf6ac641382d7c723de8aa173e98a80196,,ca2-9975357170a08c396c9a,2022-04-11,Creat Future,Overflow,src/test/2022-04/cftoken_exp.sol,bsc,https://github.com/SunWeb3Sec/DeFiHackLabs/blob/main/past/2022/README.md,frozen_public_source_hashed,e7668ddd37e305db9052d4f208bb3b87d1e75956950739d5e9f1fd66f4c26267,ef7aed77f0e27a0eba086a9d55b0a8defb7987fbb448c069472426995eb8aa43,"[""https://bscscan.com/tx/0xc7647406542f8f2473a06fea142d223022370aa5722c044c2b7ea030b8965dd0"", ""https://twitter.com/BlockSecTeam/status/1556497016016228358""]","[""0xc7647406542f8f2473a06fea142d223022370aa5722c044c2b7ea030b8965dd0""]",,exact_contract_basename,True,True,,,2022-04-11,,,,blocked_missing_onchain_and_availability_evidence,"[""missing:deployment_block"", ""missing:prediction_cutoff_block"", ""missing:source_availability_time"", ""missing:runtime_bytecode_hash_at_cutoff"", ""missing:outcome_adjudication_id""]",retained,,cases/ca2-9975357170a08c396c9a.json,7aacd38abbcdb7d8b0435e1f3d7e53ae9134cae869197634e9f1bddeefc670ae,cases/ca2-9975357170a08c396c9a.json,e6ca3f7b628b74a9b6f77adfe676dbfc8c0c3a29b5e896e7a971cbbf9bac416e,,,,,,,,,,,,ca2-9975357170a08c396c9a,cases/ca2-9975357170a08c396c9a.json,e6ca3f7b628b74a9b6f77adfe676dbfc8c0c3a29b5e896e7a971cbbf9bac416e,2022-04-08T16:53:33Z,2022-04-09T16:53:35Z,7974,,,56:0x8b7218cf6ac641382d7c723de8aa173e98a80196,ee6b1a9579b3f1b669cddc34b8239c837ff08d24ca9d4b50ebaa31c04b15ce68,,,,,86f31e33b00fdf3e29edcf9e1da13b1eb6a32856f55fc9a2e4f69478e5cebbbc,fed3e8343822abef43441e72ccdfbb6d983ba1b376e535eeef9dfda4841ed054,edbdab1e8655e9b36ad07b593483dc34ac6c767285b348ca985d6a471ebeb864,DERIVED_STRICT_SNAPSHOT,DERIVED_STRICT_SNAPSHOT,DERIVED_CONSENSUS_RUNTIME_CODE,UNRESOLVED:requires_loupe_or_historical_event_resolver,UNRESOLVED_NO_CUTOFF_SOURCE_VERIFICATION_EVIDENCE,DERIVED_EXACT_CHAIN_ADDRESS,DERIVED_METADATA_STRIPPED_BYTECODE_SHA256,UNRESOLVED_INDEPENDENT_ADJUDICATION_REQUIRED,UNRESOLVED_INDEPENDENT_ADJUDICATION_REQUIRED,UNRESOLVED_METHODS_OWNER_FREEZE_REQUIRED
rari,defihacklabs,ethereum,14684813,0x3f2d1bc6d02522dbcdb216b2e75edddafe04b16f,,ca2-332ccdc5e82202082265,2022-04-30,Rari Capital/Fei Protocol,Flashloan Attack + Reentrancy,src/test/2022-04/Rari_exp.sol,ethereum,https://github.com/SunWeb3Sec/DeFiHackLabs/blob/main/past/2022/README.md,frozen_public_source_hashed,e7668ddd37e305db9052d4f208bb3b87d1e75956950739d5e9f1fd66f4c26267,bfdd6ad4dd398e473d0b99c4932aea070edf3d71517f6371def560e0ba3e6421,"[""https://certik.medium.com/fei-protocol-incident-analysis-8527440696cc"", ""https://etherscan.io/tx/0xab486012f21be741c9e674ffda227e30518e8a1e37a5f1d58d0b0d41f6e76530"", ""https://twitter.com/peckshield/status/1520369315698016256""]","[""0xab486012f21be741c9e674ffda227e30518e8a1e37a5f1d58d0b0d41f6e76530""]",,exact_contract_basename,True,True,,,2022-04-30,,,,blocked_missing_onchain_and_availability_evidence,"[""missing:deployment_block"", ""missing:prediction_cutoff_block"", ""missing:source_availability_time"", ""missing:runtime_bytecode_hash_at_cutoff"", ""missing:outcome_adjudication_id""]",retained,,cases/ca2-332ccdc5e82202082265.json,95554b6b034f14342b099add8ef5e8c6c419ebebfedce63a4a20223f19c32623,cases/ca2-332ccdc5e82202082265.json,bba17cccca1e914fdfcbd6ec764e5ce330d3567d084a89e5bc420e26506cfb5a,,,,,,,,,,,,ca2-332ccdc5e82202082265,cases/ca2-332ccdc5e82202082265.json,bba17cccca1e914fdfcbd6ec764e5ce330d3567d084a89e5bc420e26506cfb5a,2021-11-23T22:31:27Z,2021-11-24T22:31:41Z,2785,,,1:0x3f2d1bc6d02522dbcdb216b2e75edddafe04b16f,22f05376be4df3c8ce416e2b3f915a2cee3b3e8cd57beb3a4749ace35a98a3d0,,,,,b1307007544553f65ed845a105ccf4b1697516ce93466947b20f9cbd64b024a8,c5ea0449cd2f2d09cd19621d54490dd08d8b3d8d9304411cd89025c31f3fa67b,2bb7be626aca8fa977566b5793e4441a7125b6bba364d036c978c582b67af2ad,DERIVED_STRICT_SNAPSHOT,DERIVED_STRICT_SNAPSHOT,DERIVED_CONSENSUS_RUNTIME_CODE,UNRESOLVED:requires_loupe_or_historical_event_resolver,UNRESOLVED_NO_CUTOFF_SOURCE_VERIFICATION_EVIDENCE,DERIVED_EXACT_CHAIN_ADDRESS,DERIVED_METADATA_STRIPPED_BYTECODE_SHA256,UNRESOLVED_INDEPENDENT_ADJUDICATION_REQUIRED,UNRESOLVED_INDEPENDENT_ADJUDICATION_REQUIRED,UNRESOLVED_METHODS_OWNER_FREEZE_REQUIRED
wdoge,defihacklabs,bsc,17248705,0x46ba8a59f4863bd20a066fd985b163235425b5f9,,ca2-76e88e5b8b6fbabe3012,2022-04-24,Wiener DOGE,Flashloan,src/test/2022-04/Wdoge_exp.sol,bsc,https://github.com/SunWeb3Sec/DeFiHackLabs/blob/main/past/2022/README.md,frozen_public_source_hashed,e7668ddd37e305db9052d4f208bb3b87d1e75956950739d5e9f1fd66f4c26267,e3d5bf554f1f7886a068cfb63775d3ac3b2f0d2a810d5c9a10348df718f2eaaa,"[""https://bscscan.com/tx/0x4f2005e3815c15d1a9abd8588dd1464769a00414a6b7adcbfd75a5331d378e1d"", ""https://coinyuppie.com/four-combinations-of-hackers-analysis-of-attacks-on-wiener-doge-last-kilometer-medamon-and-pidao-projects/"", ""https://twitter.com/solid_group_1/status/1519034573354676224""]","[""0x4f2005e3815c15d1a9abd8588dd1464769a00414a6b7adcbfd75a5331d378e1d""]",,exact_contract_basename,True,True,,,2022-04-24,,,,blocked_missing_onchain_and_availability_evidence,"[""missing:deployment_block"", ""missing:prediction_cutoff_block"", ""missing:source_availability_time"", ""missing:runtime_bytecode_hash_at_cutoff"", ""missing:outcome_adjudication_id""]",retained,,cases/ca2-76e88e5b8b6fbabe3012.json,7fc4739a216086d3c27602606395a79f63e16f621b72480c6f45a1df1d1fe8a1,cases/ca2-76e88e5b8b6fbabe3012.json,a759613d7a30a413a85cdc12e67d075a20c75fa0e16cd824dd511a822f881242,,,,,,,,,,,,ca2-76e88e5b8b6fbabe3012,cases/ca2-76e88e5b8b6fbabe3012.json,a759613d7a30a413a85cdc12e67d075a20c75fa0e16cd824dd511a822f881242,2021-06-03T02:12:43Z,2021-06-04T02:12:45Z,10123,,,56:0x46ba8a59f4863bd20a066fd985b163235425b5f9,3073757367c28a9f3aad54ee8831ec7668874b323907b96b82837298093082a4,,,,,4f2d2f295d554951f69d45f39efde6359b6c9677f570c50a1facdc8263fbb6a9,a4a4f287c3208837ccdafd9884c4c4f233f82264eeb93ca86ca17225dff54625,b60c33bceb09d92a7be83101ad801b94e3826719b6e82cef3078b1297ea1b1ea,DERIVED_STRICT_SNAPSHOT,DERIVED_STRICT_SNAPSHOT,DERIVED_CONSENSUS_RUNTIME_CODE,UNRESOLVED:requires_loupe_or_historical_event_resolver,UNRESOLVED_NO_CUTOFF_SOURCE_VERIFICATION_EVIDENCE,DERIVED_EXACT_CHAIN_ADDRESS,DERIVED_METADATA_STRIPPED_BYTECODE_SHA256,UNRESOLVED_INDEPENDENT_ADJUDICATION_REQUIRED,UNRESOLVED_INDEPENDENT_ADJUDICATION_REQUIRED,UNRESOLVED_METHODS_OWNER_FREEZE_REQUIRED
zeed,defihacklabs,bsc,17132514,0xe7748fce1d1e2f2fd2dddb5074bd074745dda8ea,,ca2-8accf6f062f57db1f918,2022-04-21,Zeed Finance,Incorrect calculation,src/test/2022-04/Zeed_exp.sol,bsc,https://github.com/SunWeb3Sec/DeFiHackLabs/blob/main/past/2022/README.md,frozen_public_source_hashed,e7668ddd37e305db9052d4f208bb3b87d1e75956950739d5e9f1fd66f4c26267,10d5d85a1d88c996ee2a736abc651bf9c2c782d201e43cea87beaefff942724f,"[""https://bscscan.com/tx/0x0507476234193a9a5c7ae2c47e4c4b833a7c3923cefc6fd7667b72f3ca3fa83a"", ""https://medium.com/@zeedcommunity/the-solution-for-the-yeed-lp-pool-attack-a120c53948cd"", ""https://www.cryptotimes.io/hacker-leaves-1m-to-self-destruct-after-zeed-protocol-exploit/""]","[""0x0507476234193a9a5c7ae2c47e4c4b833a7c3923cefc6fd7667b72f3ca3fa83a""]",,exact_contract_basename,True,True,,,2022-04-21,,,,blocked_missing_onchain_and_availability_evidence,"[""missing:deployment_block"", ""missing:prediction_cutoff_block"", ""missing:source_availability_time"", ""missing:runtime_bytecode_hash_at_cutoff"", ""missing:outcome_adjudication_id""]",retained,,cases/ca2-8accf6f062f57db1f918.json,7fc1cb44e1debed39d92d4ba0b06b3ff71c78ee63b94117fe3bbac5a140bc2ce,cases/ca2-8accf6f062f57db1f918.json,999b666f621379186cbceb551330d31ed4c3d1859fca1a36ff8aa35a81367e80,,,,,,,,,,,,ca2-8accf6f062f57db1f918,cases/ca2-8accf6f062f57db1f918.json,999b666f621379186cbceb551330d31ed4c3d1859fca1a36ff8aa35a81367e80,2022-04-20T05:46:12Z,2022-04-21T05:46:14Z,12918,,,56:0xe7748fce1d1e2f2fd2dddb5074bd074745dda8ea,c704a6b37f37db51fc8b4287f364e671f94d52252231872e911178d15139f869,,,,,c0f431b4cb403e12becfd2b4483dea1c888a083a85411603f90e29890628f1ec,2485f12f5e0113e5581fb18de2c0c7f2fbc93e712299941451ac288ae48c0b8a,2367b651fe13f781f5e5ad6c03cd60722a6e8a1fe33dd5d6916e1e8379e974d8,DERIVED_STRICT_SNAPSHOT,DERIVED_STRICT_SNAPSHOT,DERIVED_CONSENSUS_RUNTIME_CODE,UNRESOLVED:requires_loupe_or_historical_event_resolver,UNRESOLVED_NO_CUTOFF_SOURCE_VERIFICATION_EVIDENCE,DERIVED_EXACT_CHAIN_ADDRESS,DERIVED_METADATA_STRIPPED_BYTECODE_SHA256,UNRESOLVED_INDEPENDENT_ADJUDICATION_REQUIRED,UNRESOLVED_INDEPENDENT_ADJUDICATION_REQUIRED,UNRESOLVED_METHODS_OWNER_FREEZE_REQUIRED
Unverified6883,defihacklabs-temporal-replacement-finalization,ethereum,23002633,0x6883fe4d2ee50941b80b41b8f7f9bf2561d844cc,,ca2-c8dbe37642fb49490307,2025-07-26,Unverified6883,replacement_candidate,,ethereum,,replacement_candidate_historical_snapshot_verified,c7b3556f7fb89934ac8f5152a0966a3c7754f78f2385aefd748b77ad9146706d,4501b1b3a0fdff40c1d33fb3642848729bac2d43576577af0367da61220d1e3d,[],"[""0x6fb78c7737463ea39a23159dd8496c178106b4ee657f2fb6fcb628240c39cd2e""]",,frozen_chain_global_order_finalization,True,True,15532046,15538040,23002634,,24833fd70fcc55e8d940cb175163bfe4e4b04d11b103b15af802d99c28d362a9,,replacement_candidate_selected,[],replacement,ca2-3ec8cb61677cb453af73,cases/ca2-3ec8cb61677cb453af73.json,a06fa8fef87b99ccae1d5626b6563dae1920f1b54d364e91c08334980508f7ca,,,cases/ca2r-7d8d3b48599e130a52b1.json,91fb5d4b3b8c3a8dadcd54a761ae6fc73b61a8729a0131519193d32a20d1d866,historical_cases/ca2r-7d8d3b48599e130a52b1/ca2r-7d8d3b48599e130a52b1.json,016b5fb51a33cb0339199ab3acf977fb939c58f8e8057a50d408adf977af1c21,3,first_eligible_unique_from_frozen_chain_global_order,c7b3556f7fb89934ac8f5152a0966a3c7754f78f2385aefd748b77ad9146706d,d3b80fe4ed7198fc900616b269408c1d0485ef8f000f46d37adb75be862a4a9c,23002633,0x6fb78c7737463ea39a23159dd8496c178106b4ee657f2fb6fcb628240c39cd2e,ca2r-7d8d3b48599e130a52b1,ca2r-7d8d3b48599e130a52b1,historical_cases/ca2r-7d8d3b48599e130a52b1/ca2r-7d8d3b48599e130a52b1.json,016b5fb51a33cb0339199ab3acf977fb939c58f8e8057a50d408adf977af1c21,2022-09-14T08:54:16Z,2022-09-15T08:54:23Z,24285,,,1:0x6883fe4d2ee50941b80b41b8f7f9bf2561d844cc,f92d87edbd606258386a7c3b86d4ab7bdec5e6f5474b9ea45ddfa94299f96d88,,,,,bb7ca01e8348873c15ab46e46d0f7d25ba0dc9671f189404e16482e7605c2179,4af934b81ee5215dbda7d6487e7a46f55f8f4bca5a13e433dae18c1290ef741c,e3f124a1d81b958f4a0f02ded52b41e8316e14c6ba34adba7d3e31db512c6fe4,DERIVED_STRICT_SNAPSHOT,DERIVED_STRICT_SNAPSHOT,DERIVED_CONSENSUS_RUNTIME_CODE,UNRESOLVED:requires_loupe_or_historical_event_resolver,UNRESOLVED_NO_CUTOFF_SOURCE_VERIFICATION_EVIDENCE,DERIVED_EXACT_CHAIN_ADDRESS,DERIVED_METADATA_STRIPPED_BYTECODE_SHA256,UNRESOLVED_INDEPENDENT_ADJUDICATION_REQUIRED,UNRESOLVED_INDEPENDENT_ADJUDICATION_REQUIRED,UNRESOLVED_METHODS_OWNER_FREEZE_REQUIRED
saddle,defihacklabs,ethereum,14684306,0x824dcd7b044d60df2e89b1bb888e66d8bcf41491,,ca2-c9253cf4e2d235460157,2022-04-30,Saddle Finance,Swap Metapool Attack,src/test/2022-04/Saddle_exp.sol,mainnet,https://github.com/SunWeb3Sec/DeFiHackLabs/blob/main/past/2022/README.md,frozen_public_source_hashed,e7668ddd37e305db9052d4f208bb3b87d1e75956950739d5e9f1fd66f4c26267,cd185764b578e3785166a873b0e69b31c47f673aecf81d03316fdb06e58094be,"[""https://github.com/Hephyrius/Immuni-Saddle-POC"", ""https://medium.com/immunefi/hack-analysis-saddle-finance-april-2022-f2bcb119f38"", ""https://twitter.com/peckshield/status/1520330006710616064""]",[],$10 million,exact_contract_basename,True,True,,,2022-04-30,,,,blocked_missing_onchain_and_availability_evidence,"[""missing:deployment_block"", ""missing:prediction_cutoff_block"", ""missing:source_availability_time"", ""missing:runtime_bytecode_hash_at_cutoff"", ""missing:outcome_adjudication_id""]",retained,,cases/ca2-c9253cf4e2d235460157.json,f142fc656b1454076a94712cda64f38354989cdeedef387abd2d2df0406ab6d7,cases/ca2-c9253cf4e2d235460157.json,6da27d9edf4d6a6f1f338d1bb4d286a86060e835f975f882ab426d7f7ca97de6,,,,,,,,,,,,ca2-c9253cf4e2d235460157,cases/ca2-c9253cf4e2d235460157.json,6da27d9edf4d6a6f1f338d1bb4d286a86060e835f975f882ab426d7f7ca97de6,2021-12-15T00:58:37Z,2021-12-16T00:58:40Z,16676,,,1:0x824dcd7b044d60df2e89b1bb888e66d8bcf41491,ee9e00abc203ff23c17ae85b76c6811667b898f144a1065dea85b344d33b9a1c,,,,,d7815116150d54e698db87d850422c557adb9b1ff8a4c5729a5138b2565572f8,9bac179963a0b5eff35123cc4a6f508961e371b7e05b73767dfff82f020d80a4,b1d1945abcf995307dffb8fceabd9bd500805c7e275d11802de60e83d5c3d7d5,DERIVED_STRICT_SNAPSHOT,DERIVED_STRICT_SNAPSHOT,DERIVED_CONSENSUS_RUNTIME_CODE,UNRESOLVED:requires_loupe_or_historical_event_resolver,UNRESOLVED_NO_CUTOFF_SOURCE_VERIFICATION_EVIDENCE,DERIVED_EXACT_CHAIN_ADDRESS,DERIVED_METADATA_STRIPPED_BYTECODE_SHA256,UNRESOLVED_INDEPENDENT_ADJUDICATION_REQUIRED,UNRESOLVED_INDEPENDENT_ADJUDICATION_REQUIRED,UNRESOLVED_METHODS_OWNER_FREEZE_REQUIRED
discover,defihacklabs,bsc,18446845,0xe732a7bd6706cbd6834b300d7c56a8d2096723a7,,ca2-59b9ab9a48493aa5ebce,2022-06-06,Discover,Flashloan & Price Oracle Manipulation,src/test/2022-06/Discover_exp.sol,bsc,https://github.com/SunWeb3Sec/DeFiHackLabs/blob/main/past/2022/README.md,frozen_public_source_hashed,e7668ddd37e305db9052d4f208bb3b87d1e75956950739d5e9f1fd66f4c26267,1bbd267da672f036dcb9cc6a5ccfd9125e402490153ded9ee9e6077892e33b65,"[""https://bscscan.com/tx/0x1dd4989052f69cd388f4dfbeb1690a3f3a323ebb73df816e5ef2466dc98fa4a4"", ""https://bscscan.com/tx/0x8a33a1f8c7af372a9c81ede9e442114f0aabb537e5c3a22c0fd7231c4820f1e9"", ""https://www.anquanke.com/post/id/274003"", ""https://www.twitter.com/BeosinAlert/status/1533734518623899648""]","[""0x1dd4989052f69cd388f4dfbeb1690a3f3a323ebb73df816e5ef2466dc98fa4a4"", ""0x8a33a1f8c7af372a9c81ede9e442114f0aabb537e5c3a22c0fd7231c4820f1e9""]",,exact_contract_basename,True,True,,,2022-06-06,,,,blocked_missing_onchain_and_availability_evidence,"[""missing:deployment_block"", ""missing:prediction_cutoff_block"", ""missing:source_availability_time"", ""missing:runtime_bytecode_hash_at_cutoff"", ""missing:outcome_adjudication_id""]",retained,,cases/ca2-59b9ab9a48493aa5ebce.json,676ce0dbab04fa2079e52cace56b76ed954891b99f2ee9c42c90174751028e13,cases/ca2-59b9ab9a48493aa5ebce.json,ed3b29382d73bbdccbd607ce2ea113558dffc24077c4f890d3562d0d3ed2a0c6,,,,,,,,,,,,ca2-59b9ab9a48493aa5ebce,cases/ca2-59b9ab9a48493aa5ebce.json,ed3b29382d73bbdccbd607ce2ea113558dffc24077c4f890d3562d0d3ed2a0c6,2022-05-30T05:35:56Z,2022-05-31T05:35:58Z,14460,,,56:0xe732a7bd6706cbd6834b300d7c56a8d2096723a7,1d1c60c784a7b19fd0b4f7a217684c644cab7d74030bd718ec629ffb917401e6,,,,,ceaff0684f0b5cb10c01905a1f67fb11fa09efe74b2d9718909ec528288fd948,f09f3022dd83eb438e2a0573cdd791db7257f194f4e62982956201494cd26350,3335a5e2d63a4a9fd56e10f75d3705d1883520fefc77b46bcad1d277b5342b52,DERIVED_STRICT_SNAPSHOT,DERIVED_STRICT_SNAPSHOT,DERIVED_CONSENSUS_RUNTIME_CODE,UNRESOLVED:requires_loupe_or_historical_event_resolver,UNRESOLVED_NO_CUTOFF_SOURCE_VERIFICATION_EVIDENCE,DERIVED_EXACT_CHAIN_ADDRESS,DERIVED_METADATA_STRIPPED_BYTECODE_SHA256,UNRESOLVED_INDEPENDENT_ADJUDICATION_REQUIRED,UNRESOLVED_INDEPENDENT_ADJUDICATION_REQUIRED,UNRESOLVED_METHODS_OWNER_FREEZE_REQUIRED
hackdao,defihacklabs,bsc,18073756,0x94e06c77b02ade8341489ab9a23451f68c13ec1c,,ca2-36def0144d519bbc5d86,2022-05-24,HackDao,Skim token balance,src/test/2022-05/HackDao_exp.sol,bsc,https://github.com/SunWeb3Sec/DeFiHackLabs/blob/main/past/2022/README.md,frozen_public_source_hashed,e7668ddd37e305db9052d4f208bb3b87d1e75956950739d5e9f1fd66f4c26267,7d0cc52ff2fd2f99672ff48476b9c21fa5a99820b342fed48eb46b2a5acba657,"[""https://twitter.com/BlockSecTeam/status/1529084919976034304""]",[],,exact_contract_basename,True,True,,,2022-05-24,,,,blocked_missing_onchain_and_availability_evidence,"[""missing:deployment_block"", ""missing:prediction_cutoff_block"", ""missing:source_availability_time"", ""missing:runtime_bytecode_hash_at_cutoff"", ""missing:outcome_adjudication_id""]",retained,,cases/ca2-36def0144d519bbc5d86.json,6da06dca784617ba4e80db8dfce3908805e5e4d996aff3e8ba62898f17c64555,cases/ca2-36def0144d519bbc5d86.json,627a866a0874e8df4c070c3bdc7dda749e456ac1fba24c93913fdc70c0284b87,,,,,,,,,,,,ca2-36def0144d519bbc5d86,cases/ca2-36def0144d519bbc5d86.json,627a866a0874e8df4c070c3bdc7dda749e456ac1fba24c93913fdc70c0284b87,2022-02-11T05:05:15Z,2022-02-12T05:05:15Z,11911,,,56:0x94e06c77b02ade8341489ab9a23451f68c13ec1c,9182941320670d837db909af46020f47b934b10edfca2c1f94539ba149a3d2a4,,,,,74936f3194d384494f92b55ce0a77877accd0a0d00a68750f172a7c73cd1b2aa,09bed74694c28525129fe3120c109926ded036e13e1f09a04ef37a060f1d5931,42f8b4229a5cc9a8ef27488ff424059ae5d4cf38df9621ce7976b1e4c14fb85c,DERIVED_STRICT_SNAPSHOT,DERIVED_STRICT_SNAPSHOT,DERIVED_CONSENSUS_RUNTIME_CODE,UNRESOLVED:requires_loupe_or_historical_event_resolver,UNRESOLVED_NO_CUTOFF_SOURCE_VERIFICATION_EVIDENCE,DERIVED_EXACT_CHAIN_ADDRESS,DERIVED_METADATA_STRIPPED_BYTECODE_SHA256,UNRESOLVED_INDEPENDENT_ADJUDICATION_REQUIRED,UNRESOLVED_INDEPENDENT_ADJUDICATION_REQUIRED,UNRESOLVED_METHODS_OWNER_FREEZE_REQUIRED
inversefinance,defihacklabs,ethereum,14972418,0x7fcb7dac61ee35b3d4a51117a7c58d53f0a8a670,,ca2-de6d0211681a69ea1f52,2022-06-16,InverseFinance,Flashloan & Price Oracle Manipulation,src/test/2022-06/InverseFinance_exp.sol,ethereum,https://github.com/SunWeb3Sec/DeFiHackLabs/blob/main/past/2022/README.md,frozen_public_source_hashed,e7668ddd37e305db9052d4f208bb3b87d1e75956950739d5e9f1fd66f4c26267,565fe7dc83f785bb37b0d4a80b20879d5d6d810a44db5cf0bb79ed142b3743ba,"[""https://blocksecteam.medium.com/price-oracle-manipulation-attack-on-inverse-finance-a5544218ea91"", ""https://etherscan.io/tx/0x958236266991bc3fe3b77feaacea120f172c0708ad01c7a715b255f218f9313c"", ""https://twitter.com/SlowMist_Team/status/1537602909512376321"", ""https://twitter.com/peckshield/status/1537382891230883841"", ""https://www.certik.com/resources/blog/6LbL57WA3iMNm8zd7q111R-inverse-finance-incident-analysis""]","[""0x958236266991bc3fe3b77feaacea120f172c0708ad01c7a715b255f218f9313c""]",,exact_contract_basename,True,True,,,2022-06-16,,,,blocked_missing_onchain_and_availability_evidence,"[""missing:deployment_block"", ""missing:prediction_cutoff_block"", ""missing:source_availability_time"", ""missing:runtime_bytecode_hash_at_cutoff"", ""missing:outcome_adjudication_id""]",retained,,cases/ca2-de6d0211681a69ea1f52.json,84e911a08aedbeb0adaba0f867933d299d156709d2f874428162e6344d2c8e1a,cases/ca2-de6d0211681a69ea1f52.json,1277b4e5eb456df839cad5734b248f4e687ae0daae20809aafab923e879b2d51,,,,,,,,,,,,ca2-de6d0211681a69ea1f52,cases/ca2-de6d0211681a69ea1f52.json,1277b4e5eb456df839cad5734b248f4e687ae0daae20809aafab923e879b2d51,2021-02-23T21:41:08Z,2021-02-24T21:41:12Z,20277,,,1:0x7fcb7dac61ee35b3d4a51117a7c58d53f0a8a670,de29825107356eda0575b2bd60465eb36add96c9e676c0cdcf8d6682c35d37c3,,,,,7d239f8efed738b8670a9a2aa001e19882ea374b4040e633c2f31e2db2cb4d61,2ea6fa989441c8e94c933205476837d754327053a624853e06041d43e8dcf918,4a6774107c82daa38089e98440c1f891454c599dfbe2c6c48bcf56dad92c55fd,DERIVED_STRICT_SNAPSHOT,DERIVED_STRICT_SNAPSHOT,DERIVED_CONSENSUS_RUNTIME_CODE,UNRESOLVED:requires_loupe_or_historical_event_resolver,UNRESOLVED_NO_CUTOFF_SOURCE_VERIFICATION_EVIDENCE,DERIVED_EXACT_CHAIN_ADDRESS,DERIVED_METADATA_STRIPPED_BYTECODE_SHA256,UNRESOLVED_INDEPENDENT_ADJUDICATION_REQUIRED,UNRESOLVED_INDEPENDENT_ADJUDICATION_REQUIRED,UNRESOLVED_METHODS_OWNER_FREEZE_REQUIRED
gym_2,defihacklabs,bsc,18501049,0xa8987285e100a8b557f06a7889f79e0064b359f2,,ca2-a20ccf47b4d8c4cfab79,2022-06-08,GYMNetwork,Accesscontrol,src/test/2022-06/Gym_2_exp.sol,bsc,https://github.com/SunWeb3Sec/DeFiHackLabs/blob/main/past/2022/README.md,frozen_public_source_hashed,e7668ddd37e305db9052d4f208bb3b87d1e75956950739d5e9f1fd66f4c26267,8fcc505a028f0a841ea7fbcb5965f7ef30463ae7e5022b0723605c4461c74cdf,"[""https://twitter.com/1nf0s3cpt/status/1534464698069884929"", ""https://twitter.com/peckshield/status/1534423219607719936"", ""https://www.jinse.com/news/blockchain/1658455.html""]",[],,exact_contract_basename,True,True,,,2022-06-08,,,,blocked_missing_onchain_and_availability_evidence,"[""missing:deployment_block"", ""missing:prediction_cutoff_block"", ""missing:source_availability_time"", ""missing:runtime_bytecode_hash_at_cutoff"", ""missing:outcome_adjudication_id""]",retained,,cases/ca2-a20ccf47b4d8c4cfab79.json,1a2d4e39a72c5b4d3f3f67c39025c8b77c5f47603797374449ce0b2daa5d1a8f,cases/ca2-a20ccf47b4d8c4cfab79.json,17c71901857949a39f0b7682cc8830a2ecfa449f0fe2cd3e52d711214115f9b6,,,,,,,,,,,,ca2-a20ccf47b4d8c4cfab79,cases/ca2-a20ccf47b4d8c4cfab79.json,17c71901857949a39f0b7682cc8830a2ecfa449f0fe2cd3e52d711214115f9b6,2022-05-15T10:41:44Z,2022-05-16T10:41:45Z,2141,EIP1967_PROXY,,56:0xa8987285e100a8b557f06a7889f79e0064b359f2,a9e9f47e85bce0571f5933d7bee02de9201c3766c8d14409c13c54e7092e7816,eip1967:0x0500f0ac1280d2b70e8775729b50d2b8c24a8cae,,,,24593b290d401d4f0210f688bb4e5cfe3b775933645c6b940c32aea7bdbb3b78,724817c3799d939c7c1565bb46c86706554d16552acbf7f98097591b2426f349,95196e7b80f25d15b5e6f0b45db1c44511c8f9df9f097537d62b75f988302afc,DERIVED_STRICT_SNAPSHOT,DERIVED_STRICT_SNAPSHOT,DERIVED_CONSENSUS_RUNTIME_CODE,VERIFIED_STANDARD_PROXY,UNRESOLVED_NO_CUTOFF_SOURCE_VERIFICATION_EVIDENCE,DERIVED_EXACT_CHAIN_ADDRESS,DERIVED_METADATA_STRIPPED_BYTECODE_SHA256,UNRESOLVED_INDEPENDENT_ADJUDICATION_REQUIRED,UNRESOLVED_INDEPENDENT_ADJUDICATION_REQUIRED,UNRESOLVED_METHODS_OWNER_FREEZE_REQUIRED
JuiceboxREVLoans,defihacklabs-temporal-replacement-finalization,ethereum,24917718,0x1880d832aa283d05b8eab68877717e25fbd550bb,,ca2-2dee2c2a8e814aa3fa88,2026-04-20,JuiceboxREVLoans,replacement_candidate,,ethereum,,replacement_candidate_historical_snapshot_verified,e81571c13e384f7c9b75eaf50c8bc41956fbc120246a94839424c2f731cbd926,773a57aba7ab91660d24f30fb0c8cabaa249329f9e4e29eae6fb8bfb8b081d62,[],"[""0x9adbd62355eb72b4ff6c58716a503133672ed9317ab930a4c6aa31c7a1a8f938""]",,frozen_chain_global_order_finalization,True,True,23346742,23353906,24917719,,41555caa4c43b0b019374727cedf5d11b787a59738731a9f02e5b7b515ca43e3,,replacement_candidate_selected,[],replacement,ca2-a5a309e0af5cc1aa7b9b,cases/ca2-a5a309e0af5cc1aa7b9b.json,d942cc5dbb12efd5dfea19c035e7045c267778a082f34f54d8b67895e3d1c32b,,,cases/ca2r-5a2776d03ace766cf975.json,9667cdabb56fb71c0d643f0cb3df99fda9c2444736d837a35d83ebe1137def05,historical_cases/ca2r-5a2776d03ace766cf975/ca2r-5a2776d03ace766cf975.json,ff404c71e5268c72751957b1754a9927d8014d8c04650a7bf21a424606286bb6,12,first_eligible_unique_from_frozen_chain_global_order,e81571c13e384f7c9b75eaf50c8bc41956fbc120246a94839424c2f731cbd926,a18c0040510cddc88d59e602bac53bbcafbe5dfbc978cff0134cb513de79fc53,24917718,0x9adbd62355eb72b4ff6c58716a503133672ed9317ab930a4c6aa31c7a1a8f938,ca2r-5a2776d03ace766cf975,ca2r-5a2776d03ace766cf975,historical_cases/ca2r-5a2776d03ace766cf975/ca2r-5a2776d03ace766cf975.json,ff404c71e5268c72751957b1754a9927d8014d8c04650a7bf21a424606286bb6,2025-09-12T11:39:47Z,2025-09-13T11:39:47Z,21111,,,1:0x1880d832aa283d05b8eab68877717e25fbd550bb,aeffb3d7a0fdc60c8642c7c5292aec71eb8ffc34c5a1ba9319c082a1fd3dc3ea,,,,,d8a0bfcedc40340ab2cdf5e0a95bda9d646ac9511900f76db60d1b5fd4b61989,b2f00c95c98dff85899e08cabc027b3e2b7d1b509d199ad3c0fed79e122efb09,3dceb0bd7f1bdd915f093b8ae476496dc5efbc07bc1ca82a74bd393045e1d9d9,DERIVED_STRICT_SNAPSHOT,DERIVED_STRICT_SNAPSHOT,DERIVED_CONSENSUS_RUNTIME_CODE,UNRESOLVED:requires_loupe_or_historical_event_resolver,UNRESOLVED_NO_CUTOFF_SOURCE_VERIFICATION_EVIDENCE,DERIVED_EXACT_CHAIN_ADDRESS,DERIVED_METADATA_STRIPPED_BYTECODE_SHA256,UNRESOLVED_INDEPENDENT_ADJUDICATION_REQUIRED,UNRESOLVED_INDEPENDENT_ADJUDICATION_REQUIRED,UNRESOLVED_METHODS_OWNER_FREEZE_REQUIRED
lpc,defihacklabs,bsc,19852596,0x1e813fa05739bf145c1f182cb950da7af046778d,,ca2-14f7f1899d2468d3cabf,2022-07-25,LPC,"Business Logic Flaw : Incorrect recipient balance check, did not check sender!=recipient in transfer",src/test/2022-07/LPC_exp.sol,bsc,https://github.com/SunWeb3Sec/DeFiHackLabs/blob/main/past/2022/README.md,frozen_public_source_hashed,e7668ddd37e305db9052d4f208bb3b87d1e75956950739d5e9f1fd66f4c26267,965abc2879337609e714a13f9ca4dd468ede665cca9a0a0b1a678d2af876b20c,"[""https://twitter.com/BeosinAlert/status/1551535854681718784"", ""https://www.panewslab.com/zh_hk/articledetails/uwv4sma2.html""]",[],,exact_contract_basename,True,True,,,2022-07-25,,,,blocked_missing_onchain_and_availability_evidence,"[""missing:deployment_block"", ""missing:prediction_cutoff_block"", ""missing:source_availability_time"", ""missing:runtime_bytecode_hash_at_cutoff"", ""missing:outcome_adjudication_id""]",retained,,cases/ca2-14f7f1899d2468d3cabf.json,ab7f08a9d6e48a729f4bf84b72b31402861fd78696acdf14407c005c50c5d2ce,cases/ca2-14f7f1899d2468d3cabf.json,ddf824d2eab902c5b3d8720cf46266c2dad0c138f3f298b7092b7ad8fe6c3860,,,,,,,,,,,,ca2-14f7f1899d2468d3cabf,cases/ca2-14f7f1899d2468d3cabf.json,ddf824d2eab902c5b3d8720cf46266c2dad0c138f3f298b7092b7ad8fe6c3860,2022-03-14T12:41:20Z,2022-03-15T12:41:22Z,10668,,,56:0x1e813fa05739bf145c1f182cb950da7af046778d,050854dcaa3f72684ac753bbd7f1ac805f46bca8f7f342a1077a290b35492729,,,,,3545e9962e136f663fed2227490b9230063968a569a65c6cd8237ccfce08250b,06b55577fa9c6bb8e798e03fa40d2ddcbf8a46f1a957ba353fde0b2f944b461d,f53f5705fb50ef68e385012d30e7e7acd493cca15e58e37189774ab187062ea0,DERIVED_STRICT_SNAPSHOT,DERIVED_STRICT_SNAPSHOT,DERIVED_CONSENSUS_RUNTIME_CODE,UNRESOLVED:requires_loupe_or_historical_event_resolver,UNRESOLVED_NO_CUTOFF_SOURCE_VERIFICATION_EVIDENCE,DERIVED_EXACT_CHAIN_ADDRESS,DERIVED_METADATA_STRIPPED_BYTECODE_SHA256,UNRESOLVED_INDEPENDENT_ADJUDICATION_REQUIRED,UNRESOLVED_INDEPENDENT_ADJUDICATION_REQUIRED,UNRESOLVED_METHODS_OWNER_FREEZE_REQUIRED
spacegodzilla,defihacklabs,bsc,19523980,0x2287c04a15bb11ad1358ba5702c1c95e2d13a5e0,,ca2-ee23a7f09f8e25f5c7d9,2022-07-13,SpaceGodzilla,Flashloans & Price Manipulation,src/test/2022-07/SpaceGodzilla_exp.sol,bsc,https://github.com/SunWeb3Sec/DeFiHackLabs/blob/main/past/2022/README.md,frozen_public_source_hashed,e7668ddd37e305db9052d4f208bb3b87d1e75956950739d5e9f1fd66f4c26267,e552b812039f2df36678f729fde98abadeb3c982c781dbc0ebd563f2c12889be,"[""https://learnblockchain.cn/article/4395"", ""https://learnblockchain.cn/article/4396"", ""https://medium.com/numen-cyber-labs/spacegodzilla-attack-event-analysis-d29a061b17e1"", ""https://mobile.twitter.com/BlockSecTeam/status/1547456591900749824""]",[],,exact_contract_basename,True,True,,,2022-07-13,,,,blocked_missing_onchain_and_availability_evidence,"[""missing:deployment_block"", ""missing:prediction_cutoff_block"", ""missing:source_availability_time"", ""missing:runtime_bytecode_hash_at_cutoff"", ""missing:outcome_adjudication_id""]",retained,,cases/ca2-ee23a7f09f8e25f5c7d9.json,1b55f7ae1fdff34e4af646522652609268d8b79611390a24c8f0e253a95d1f3d,cases/ca2-ee23a7f09f8e25f5c7d9.json,38894f6f65a37bab11df940ee1a55de506cde1db8e88468d28f7d5b43688e25d,,,,,,,,,,,,ca2-ee23a7f09f8e25f5c7d9,cases/ca2-ee23a7f09f8e25f5c7d9.json,38894f6f65a37bab11df940ee1a55de506cde1db8e88468d28f7d5b43688e25d,2022-07-11T06:55:55Z,2022-07-12T06:55:55Z,18353,,,56:0x2287c04a15bb11ad1358ba5702c1c95e2d13a5e0,840ac77a4a4010f64dbeda40424fefbeb99b2488b95c81faed7932347a1e8f30,,,,,0660387c40197b55ffe9e7636bdbfda6d24eb56df244d47e952b6a9b5357202f,7c9ff9e69886b11a16a2911d92c632bdf1e86c66a33006ff2bb5bf1fb1da3435,fbb356ee4be5addd71f34d5ed671e54881a11063e76ff7480464fb120386de9b,DERIVED_STRICT_SNAPSHOT,DERIVED_STRICT_SNAPSHOT,DERIVED_CONSENSUS_RUNTIME_CODE,UNRESOLVED:requires_loupe_or_historical_event_resolver,UNRESOLVED_NO_CUTOFF_SOURCE_VERIFICATION_EVIDENCE,DERIVED_EXACT_CHAIN_ADDRESS,DERIVED_METADATA_STRIPPED_BYTECODE_SHA256,UNRESOLVED_INDEPENDENT_ADJUDICATION_REQUIRED,UNRESOLVED_INDEPENDENT_ADJUDICATION_REQUIRED,UNRESOLVED_METHODS_OWNER_FREEZE_REQUIRED
snood,defihacklabs,ethereum,14983660,0xd45740ab9ec920bedbd9bab2e863519e59731941,,ca2-c6799af1babe7f32f44f,2022-06-18,SNOOD,Miscalculation on \_spendAllowance,src/test/2022-06/Snood_exp.sol,ethereum,https://github.com/SunWeb3Sec/DeFiHackLabs/blob/main/past/2022/README.md,frozen_public_source_hashed,e7668ddd37e305db9052d4f208bb3b87d1e75956950739d5e9f1fd66f4c26267,0dd39906bf8cb342ba822987ad463fcd9d4243bb6c670efe79a0943579d39811,"[""https://ethereum.stackexchange.com/questions/130472/attack-on-erc-777-smart-contract-and-uniswapv2pair-resulting-in-104-eth-liquidit"", ""https://etherscan.io/tx/0x9a6227ef97d7ce75732645bd604ef128bb5dfbc1bfbe0966ad1cd2870d45a20e"", ""https://ethtx.info/mainnet/0x9a6227ef97d7ce75732645bd604ef128bb5dfbc1bfbe0966ad1cd2870d45a20e/""]","[""0x9a6227ef97d7ce75732645bd604ef128bb5dfbc1bfbe0966ad1cd2870d45a20e""]",,exact_contract_basename,True,True,,,2022-06-18,,,,blocked_missing_onchain_and_availability_evidence,"[""missing:deployment_block"", ""missing:prediction_cutoff_block"", ""missing:source_availability_time"", ""missing:runtime_bytecode_hash_at_cutoff"", ""missing:outcome_adjudication_id""]",retained,,cases/ca2-c6799af1babe7f32f44f.json,4ec0213b4640f404c55c8dadd64fcef9105526f40d095c30111625eb673d6689,cases/ca2-c6799af1babe7f32f44f.json,68daac456e2291e8103d2aedc996764c83d0c77a787ee773c5bbd45c35987961,,,,,,,,,,,,ca2-c6799af1babe7f32f44f,cases/ca2-c6799af1babe7f32f44f.json,68daac456e2291e8103d2aedc996764c83d0c77a787ee773c5bbd45c35987961,2021-07-27T01:16:33Z,2021-07-28T01:16:45Z,2141,EIP1967_PROXY,,1:0xd45740ab9ec920bedbd9bab2e863519e59731941,a9e9f47e85bce0571f5933d7bee02de9201c3766c8d14409c13c54e7092e7816,eip1967:0x89f795740c3f7cfe465fa854d330dd89fad6770d,,,,3ad1f297e648bec8a4b5a4b45cf21300db37330a40aef5c8131b8c950bcde508,0e661c668af92dae24e01b12a180a84945ee8b7e440e27c5b9a4baccf87be684,58026a7e7afcdc4b909b286261f46e1ec5490fc4586d2e3b4101331ee1a8a07b,DERIVED_STRICT_SNAPSHOT,DERIVED_STRICT_SNAPSHOT,DERIVED_CONSENSUS_RUNTIME_CODE,VERIFIED_STANDARD_PROXY,UNRESOLVED_NO_CUTOFF_SOURCE_VERIFICATION_EVIDENCE,DERIVED_EXACT_CHAIN_ADDRESS,DERIVED_METADATA_STRIPPED_BYTECODE_SHA256,UNRESOLVED_INDEPENDENT_ADJUDICATION_REQUIRED,UNRESOLVED_INDEPENDENT_ADJUDICATION_REQUIRED,UNRESOLVED_METHODS_OWNER_FREEZE_REQUIRED
anch,defihacklabs,bsc,20302534,0xa4f5d4afd6b9226b3004dd276a9f778eb75f2e9e,,ca2-627fce499908ff82ad6d,2022-08-09,ANCH,Skim token balance,src/test/2022-08/ANCH_exp.sol,bsc,https://github.com/SunWeb3Sec/DeFiHackLabs/blob/main/past/2022/README.md,frozen_public_source_hashed,e7668ddd37e305db9052d4f208bb3b87d1e75956950739d5e9f1fd66f4c26267,df8cb6720f717f132b0d1444a83d99966a00010c95622096eabb37d9444fc3c7,"[""https://twitter.com/AnciliaInc/status/1557527183966408706""]",[],,exact_contract_basename,True,True,,,2022-08-09,,,,blocked_missing_onchain_and_availability_evidence,"[""missing:deployment_block"", ""missing:prediction_cutoff_block"", ""missing:source_availability_time"", ""missing:runtime_bytecode_hash_at_cutoff"", ""missing:outcome_adjudication_id""]",retained,,cases/ca2-627fce499908ff82ad6d.json,e80a58da8d58795f3d06cd3331295cfd0ecdb040e538fcfbe96ae2f86df2c024,cases/ca2-627fce499908ff82ad6d.json,2bf562a1eae2a157d3b393fe54215138c8e2df7086e6c36a6e043414aff0614c,,,,,,,,,,,,ca2-627fce499908ff82ad6d,cases/ca2-627fce499908ff82ad6d.json,2bf562a1eae2a157d3b393fe54215138c8e2df7086e6c36a6e043414aff0614c,2022-07-22T07:42:43Z,2022-07-23T07:42:43Z,5103,,,56:0xa4f5d4afd6b9226b3004dd276a9f778eb75f2e9e,fb69849fbc221931c50be19c9d52035a5e7747bb0261b6dfdeb1599fb616ec62,,,,,0e81c2d49678a96dba1b60ad9cc24d94a660e94507e038e00186adbdb65373d1,d81ceb898da7388e64f4513f9873b060e379c7cbb4b6ecb6c6a30806fa835b22,ce6a166a765b61ccb457c36837ee89607787c69ace95de16149f169e12e01b15,DERIVED_STRICT_SNAPSHOT,DERIVED_STRICT_SNAPSHOT,DERIVED_CONSENSUS_RUNTIME_CODE,UNRESOLVED:requires_loupe_or_historical_event_resolver,UNRESOLVED_NO_CUTOFF_SOURCE_VERIFICATION_EVIDENCE,DERIVED_EXACT_CHAIN_ADDRESS,DERIVED_METADATA_STRIPPED_BYTECODE_SHA256,UNRESOLVED_INDEPENDENT_ADJUDICATION_REQUIRED,UNRESOLVED_INDEPENDENT_ADJUDICATION_REQUIRED,UNRESOLVED_METHODS_OWNER_FREEZE_REQUIRED
audius,defihacklabs,ethereum,15201793,0x4deca517d6817b6510798b7328f2314d3003abac,,ca2-96f82ac8ed9b6f3e4f14,2022-07-23,Audius,Storage Collision & Malicious Proposal,src/test/2022-07/Audius_exp.sol,mainnet,https://github.com/SunWeb3Sec/DeFiHackLabs/blob/main/past/2022/README.md,frozen_public_source_hashed,e7668ddd37e305db9052d4f208bb3b87d1e75956950739d5e9f1fd66f4c26267,c5b1301a7820658065c0a37affe24ed15dfef662bf35206cc1e82edd86b5d1a4,"[""https://blog.audius.co/article/audius-governance-takeover-post-mortem-7-23-22"", ""https://twitter.com/1nf0s3cpt/status/1551050841146400768"", ""https://twitter.com/AudiusProject/status/1551000725169180672""]",[],,frozen_date_override,True,True,,,2022-07-23,,,,blocked_missing_onchain_and_availability_evidence,"[""missing:deployment_block"", ""missing:prediction_cutoff_block"", ""missing:source_availability_time"", ""missing:runtime_bytecode_hash_at_cutoff"", ""missing:outcome_adjudication_id""]",retained,,cases/ca2-96f82ac8ed9b6f3e4f14.json,045617d2908546109e167dbcf3db9197082ad6615d759b2c9dedbc7688eaa41b,cases/ca2-96f82ac8ed9b6f3e4f14.json,23ac0147eb8e0df475deb280a9070ac94fad1c48eb6b04af82d384c78a30549c,,,,,,,,,,,,ca2-96f82ac8ed9b6f3e4f14,cases/ca2-96f82ac8ed9b6f3e4f14.json,23ac0147eb8e0df475deb280a9070ac94fad1c48eb6b04af82d384c78a30549c,2020-10-22T02:25:53Z,2020-10-23T02:26:11Z,1069,EIP1967_PROXY,,1:0x4deca517d6817b6510798b7328f2314d3003abac,9dbac6b118f15b618390f84e0f9839efe5f41f1931bc7391561efacd0d872654,eip1967:0x35dd16dfa4ea1522c29ddd087e8f076cad0ae5e8,,,,6171d5849fde6043e78906899ef680ef25f436918d6c2233334ff2e6a41b8548,28b95a758c9abbbe6c515b97aa210c0e00c0378301876302a189a2e26371b8ce,5d88179f9af41f7e705b652570d845a7c3262e91a956bef53c00a2175e40d252,DERIVED_STRICT_SNAPSHOT,DERIVED_STRICT_SNAPSHOT,DERIVED_CONSENSUS_RUNTIME_CODE,VERIFIED_STANDARD_PROXY,UNRESOLVED_NO_CUTOFF_SOURCE_VERIFICATION_EVIDENCE,DERIVED_EXACT_CHAIN_ADDRESS,DERIVED_METADATA_STRIPPED_BYTECODE_SHA256,UNRESOLVED_INDEPENDENT_ADJUDICATION_REQUIRED,UNRESOLVED_INDEPENDENT_ADJUDICATION_REQUIRED,UNRESOLVED_METHODS_OWNER_FREEZE_REQUIRED
etnproduct,defihacklabs,bsc,20147974,0x1292267f726e6f313972ec4e14578735473e1649,,ca2-2d415ee24d090e5e26dc,2022-08-04,EtnProduct,Business Logic Flaw,src/test/2022-08/EtnProduct_exp.sol,bsc,https://github.com/SunWeb3Sec/DeFiHackLabs/blob/main/past/2022/README.md,frozen_public_source_hashed,e7668ddd37e305db9052d4f208bb3b87d1e75956950739d5e9f1fd66f4c26267,7bb776604651c2fab27ed51f637376921f2fdc64f1c691854bdbf1650c2578d2,"[""https://x.com/BeosinAlert/status/1555439220474642432""]",[],,exact_contract_basename,True,True,,,2022-08-04,,,,blocked_missing_onchain_and_availability_evidence,"[""missing:deployment_block"", ""missing:prediction_cutoff_block"", ""missing:source_availability_time"", ""missing:runtime_bytecode_hash_at_cutoff"", ""missing:outcome_adjudication_id""]",retained,,cases/ca2-2d415ee24d090e5e26dc.json,cfe906516df9dc0055e726c94c530ecebc3107a9843c5cff66ed84af6fdc0829,cases/ca2-2d415ee24d090e5e26dc.json,7e43287bc7e762ea80523cb09ab75464eee0a37465fc8a8ebc761cbba72506bd,,,,,,,,,,,,ca2-2d415ee24d090e5e26dc,cases/ca2-2d415ee24d090e5e26dc.json,7e43287bc7e762ea80523cb09ab75464eee0a37465fc8a8ebc761cbba72506bd,2022-08-02T17:03:17Z,2022-08-03T17:03:19Z,12829,,,56:0x1292267f726e6f313972ec4e14578735473e1649,3eec45d65e7acc83c87ed504539a0d3a740a7ec156fdde18f11fd08da4adaf68,,,,,074bd1feb74390b33b08baab8978409afc2ed76fae388b75b706b86f6f5ef9a4,10fe96a02bf878b7fbc4c01bc6093cc813653578dc44d3de6e54aac5a63027eb,8de254c5b6d0e5714f8fffcd479e696d7f44a552692c79f8fcb3b62e4248f7c8,DERIVED_STRICT_SNAPSHOT,DERIVED_STRICT_SNAPSHOT,DERIVED_CONSENSUS_RUNTIME_CODE,UNRESOLVED:requires_loupe_or_historical_event_resolver,UNRESOLVED_NO_CUTOFF_SOURCE_VERIFICATION_EVIDENCE,DERIVED_EXACT_CHAIN_ADDRESS,DERIVED_METADATA_STRIPPED_BYTECODE_SHA256,UNRESOLVED_INDEPENDENT_ADJUDICATION_REQUIRED,UNRESOLVED_INDEPENDENT_ADJUDICATION_REQUIRED,UNRESOLVED_METHODS_OWNER_FREEZE_REQUIRED
CookFinanceIssuance,defihacklabs-temporal-replacement-finalization,bsc,106740999,0x7db3cbaf736c049933a3af28dbed4a4442aa89d0,,ca2-b801a4d001ea7844b2c0,2026-06-27,CookFinanceIssuance,replacement_candidate,,bsc,,replacement_candidate_historical_snapshot_verified,ceb3ff65d033916b66c7675cf2edcf9cc9407b048e7e64d9cce8ca9ddf939ad4,47f7906afb5de4395204a7c94ea085abfb69b5bdb6d3a91816924741ef256f8f,[],"[""0x51e46828b7aabfa810910b3f8ca535053716e6bcb8b7f94a4ff59757d71a1bca""]",,frozen_chain_global_order_finalization,True,True,16101989,16130686,106741000,,4f54034ec32b510e8777e7c7a4ccacd6001ec292a8062fc44e7be1ab8b9e8713,,replacement_candidate_selected,[],replacement,ca2-001604d480f953df5322,cases/ca2-001604d480f953df5322.json,eb5f6465d1b6403891180669f2a64ce5152b83de9dbeaf05602c02ec0da617ea,,,cases/ca2r-88058b64a3023c297a5f.json,5dd755585cd7598cf4063b889d23cd6c41a5dd07dfdf9c8f1866ed9808df2762,historical_cases/ca2r-88058b64a3023c297a5f/ca2r-88058b64a3023c297a5f.json,d060dd903d942edaef33a67e052a8525e8a59d5794f1b1033c34bf22e745f51d,1,first_eligible_unique_from_frozen_chain_global_order,ceb3ff65d033916b66c7675cf2edcf9cc9407b048e7e64d9cce8ca9ddf939ad4,a18c0040510cddc88d59e602bac53bbcafbe5dfbc978cff0134cb513de79fc53,106740999,0x51e46828b7aabfa810910b3f8ca535053716e6bcb8b7f94a4ff59757d71a1bca,ca2r-88058b64a3023c297a5f,ca2r-88058b64a3023c297a5f,historical_cases/ca2r-88058b64a3023c297a5f/ca2r-88058b64a3023c297a5f.json,d060dd903d942edaef33a67e052a8525e8a59d5794f1b1033c34bf22e745f51d,2022-03-16T06:25:27Z,2022-03-17T06:25:27Z,21045,,,56:0x7db3cbaf736c049933a3af28dbed4a4442aa89d0,0d1dfbf4d1726ed688091014221ecc7065ed1e63447e8ef993bd65b72b102118,,,,,2db3322732d45101782cd8d538c8da18fca1d2c2fe31899fd02a9f561c47ff0c,6e4e073882e8ad0b694496db179435d6aac2e1df6fa8d939948ca604df4e9b66,d3f2a4e19ab6fbac5cbb4243196feb1654a26011dd930f9d4af2fc1261ed5d1c,DERIVED_STRICT_SNAPSHOT,DERIVED_STRICT_SNAPSHOT,DERIVED_CONSENSUS_RUNTIME_CODE,UNRESOLVED:requires_loupe_or_historical_event_resolver,UNRESOLVED_NO_CUTOFF_SOURCE_VERIFICATION_EVIDENCE,DERIVED_EXACT_CHAIN_ADDRESS,DERIVED_METADATA_STRIPPED_BYTECODE_SHA256,UNRESOLVED_INDEPENDENT_ADJUDICATION_REQUIRED,UNRESOLVED_INDEPENDENT_ADJUDICATION_REQUIRED,UNRESOLVED_METHODS_OWNER_FREEZE_REQUIRED
luckytiger,defihacklabs,ethereum,15403430,0x9c87a5726e98f2f404cdd8ac8968e9b2c80c0967,,ca2-da248926cc32b52fc5ad,2022-08-24,LuckyTiger NFT,Predicting Random Numbers,src/test/2022-08/LuckyTiger_exp.sol,ethereum,https://github.com/SunWeb3Sec/DeFiHackLabs/blob/main/past/2022/README.md,frozen_public_source_hashed,e7668ddd37e305db9052d4f208bb3b87d1e75956950739d5e9f1fd66f4c26267,3d054af4b119ee50bc2daeb0461f8a75d3605ce2c395f77fd1d9e96ee4b8b615,"[""https://etherscan.io/tx/0x804ff3801542bff435a5d733f4d8a93a535d73d0de0f843fd979756a7eab26af"", ""https://twitter.com/1nf0s3cpt/status/1576117129589317633""]","[""0x804ff3801542bff435a5d733f4d8a93a535d73d0de0f843fd979756a7eab26af""]",,exact_contract_basename,True,True,,,2022-08-24,,,,blocked_missing_onchain_and_availability_evidence,"[""missing:deployment_block"", ""missing:prediction_cutoff_block"", ""missing:source_availability_time"", ""missing:runtime_bytecode_hash_at_cutoff"", ""missing:outcome_adjudication_id""]",retained,,cases/ca2-da248926cc32b52fc5ad.json,7e72f98e0a542457ecd568b22629f4f10999b86c1de635894fd09c6d69cc0225,cases/ca2-da248926cc32b52fc5ad.json,41a8bb95c00e56f53c08ed05ebd310d84472be3a9083c22c7f29a721a96c46b0,,,,,,,,,,,,ca2-da248926cc32b52fc5ad,cases/ca2-da248926cc32b52fc5ad.json,41a8bb95c00e56f53c08ed05ebd310d84472be3a9083c22c7f29a721a96c46b0,2022-08-22T05:59:52Z,2022-08-23T06:00:04Z,14652,,,1:0x9c87a5726e98f2f404cdd8ac8968e9b2c80c0967,e95e8864c97c21f05aef0f4d13b4a81cc89b5252e280d8123b068d9cddf79068,,,,,70a258cfa60d78bdbcaa8191ecac07b81de2adba7bab7bc5abb2d49156f87070,430c82142f07ada8a3afb726a2e0e868410d70415e1f48706592c15afaa12ada,bcd572b44530ae30a90a7a7b093c45cf67f23f56c31b0d7257f4340c2bb688db,DERIVED_STRICT_SNAPSHOT,DERIVED_STRICT_SNAPSHOT,DERIVED_CONSENSUS_RUNTIME_CODE,UNRESOLVED:requires_loupe_or_historical_event_resolver,UNRESOLVED_NO_CUTOFF_SOURCE_VERIFICATION_EVIDENCE,DERIVED_EXACT_CHAIN_ADDRESS,DERIVED_METADATA_STRIPPED_BYTECODE_SHA256,UNRESOLVED_INDEPENDENT_ADJUDICATION_REQUIRED,UNRESOLVED_INDEPENDENT_ADJUDICATION_REQUIRED,UNRESOLVED_METHODS_OWNER_FREEZE_REQUIRED
egd_finance,defihacklabs,bsc,20245522,0x34bd6dba456bc31c2b3393e499fa10bed32a9370,,ca2-29064c97bd3050d5cc0b,2022-08-07,EGD Finance,Flashloans & Price Manipulation,src/test/2022-08/EGD_Finance_exp.sol,bsc,https://github.com/SunWeb3Sec/DeFiHackLabs/blob/main/past/2022/README.md,frozen_public_source_hashed,e7668ddd37e305db9052d4f208bb3b87d1e75956950739d5e9f1fd66f4c26267,0a5382e2133b53dbb3e54f8d78724fd6d573222d192fc00b71c5e5519a84aa22,"[""https://twitter.com/BlockSecTeam/status/1556483435388350464"", ""https://twitter.com/PeckShieldAlert/status/1556486817406283776""]",[],,exact_contract_basename,True,True,,,2022-08-07,,,,blocked_missing_onchain_and_availability_evidence,"[""missing:deployment_block"", ""missing:prediction_cutoff_block"", ""missing:source_availability_time"", ""missing:runtime_bytecode_hash_at_cutoff"", ""missing:outcome_adjudication_id""]",retained,,cases/ca2-29064c97bd3050d5cc0b.json,0e49e195104679a77e5c2c3fdad104b13d313188fbe0678cc388a403c0ea99e5,cases/ca2-29064c97bd3050d5cc0b.json,50763435b40764c7716fafcf2c42975b294e26dd058517557bf69d1ae21eba83,,,,,,,,,,,,ca2-29064c97bd3050d5cc0b,cases/ca2-29064c97bd3050d5cc0b.json,50763435b40764c7716fafcf2c42975b294e26dd058517557bf69d1ae21eba83,2022-07-28T06:50:25Z,2022-07-29T06:50:26Z,2141,EIP1967_PROXY,,56:0x34bd6dba456bc31c2b3393e499fa10bed32a9370,a9e9f47e85bce0571f5933d7bee02de9201c3766c8d14409c13c54e7092e7816,eip1967:0x35afc46f5392304eab8e57ecfc4a93170db415e2,,,,2c9a658f92471a2ff42778ca5abb585d984f276fad0b4bfbd14c2bb7c433ceec,35bbd82f5327b363324d09e67246d827968e282f28bf42590a56f9a2e363fc00,0b72573c7a359f237972ccb2a4c86faa7b65ef3239723009f77ffcd0fef0bb2a,DERIVED_STRICT_SNAPSHOT,DERIVED_STRICT_SNAPSHOT,DERIVED_CONSENSUS_RUNTIME_CODE,VERIFIED_STANDARD_PROXY,UNRESOLVED_NO_CUTOFF_SOURCE_VERIFICATION_EVIDENCE,DERIVED_EXACT_CHAIN_ADDRESS,DERIVED_METADATA_STRIPPED_BYTECODE_SHA256,UNRESOLVED_INDEPENDENT_ADJUDICATION_REQUIRED,UNRESOLVED_INDEPENDENT_ADJUDICATION_REQUIRED,UNRESOLVED_METHODS_OWNER_FREEZE_REQUIRED
badguysbyrpf,defihacklabs,ethereum,15460093,0xb84cbaf116eb90fd445dd5aeadfab3e807d2cbac,,ca2-1dbdc2611cd24dc765b2,2022-09-02,Bad Guys by RPF,Business Logic Flaw : Missing Check For Number of NFT to Mint,src/test/2022-09/BadGuysbyRPF_exp.sol,ethereum,https://github.com/SunWeb3Sec/DeFiHackLabs/blob/main/past/2022/README.md,frozen_public_source_hashed,e7668ddd37e305db9052d4f208bb3b87d1e75956950739d5e9f1fd66f4c26267,f63b98e0b885c4af1e21877846716e2bf1f4fb796d75674c929c382c0a628f82,"[""https://etherscan.io/tx/0x27e64a8215ae1528245c912bcca09883fdd7cce69249bd5d5d1c0eecf5297b96"", ""https://twitter.com/RugDoctorApe/status/1565739119606890498""]","[""0x27e64a8215ae1528245c912bcca09883fdd7cce69249bd5d5d1c0eecf5297b96""]",,exact_contract_basename,True,True,,,2022-09-02,,,,blocked_missing_onchain_and_availability_evidence,"[""missing:deployment_block"", ""missing:prediction_cutoff_block"", ""missing:source_availability_time"", ""missing:runtime_bytecode_hash_at_cutoff"", ""missing:outcome_adjudication_id""]",retained,,cases/ca2-1dbdc2611cd24dc765b2.json,0b8270858b58752da63f97d09e4d952708b6973ee80e8125076db6cca034be28,cases/ca2-1dbdc2611cd24dc765b2.json,a6251a8bf3858c5f83092eb7d002f8369693b7776365a33116228116f871f197,,,,,,,,,,,,ca2-1dbdc2611cd24dc765b2,cases/ca2-1dbdc2611cd24dc765b2.json,a6251a8bf3858c5f83092eb7d002f8369693b7776365a33116228116f871f197,2022-08-31T18:27:35Z,2022-09-01T18:27:44Z,16047,,,1:0xb84cbaf116eb90fd445dd5aeadfab3e807d2cbac,2bfacfe9c6c02e933f3313630d2c6f18340b8d91566f8d6578c79108015ceb2d,,,,,5aa3b4b06f75ea84588ca30333b7ec06ba1859ff9033365b8623f55b1461b85a,cc4d4a628612c21a98c09cdad064751944c1b1716e2a02b3ac7966cfe432ea65,bb4e667af70791953ad2d7ad1f688186e6d618ec01d85875789f1bb0dbac654c,DERIVED_STRICT_SNAPSHOT,DERIVED_STRICT_SNAPSHOT,DERIVED_CONSENSUS_RUNTIME_CODE,UNRESOLVED:requires_loupe_or_historical_event_resolver,UNRESOLVED_NO_CUTOFF_SOURCE_VERIFICATION_EVIDENCE,DERIVED_EXACT_CHAIN_ADDRESS,DERIVED_METADATA_STRIPPED_BYTECODE_SHA256,UNRESOLVED_INDEPENDENT_ADJUDICATION_REQUIRED,UNRESOLVED_INDEPENDENT_ADJUDICATION_REQUIRED,UNRESOLVED_METHODS_OWNER_FREEZE_REQUIRED
xst_2,defihacklabs,ethereum,15310016,0x91383a15c391c142b80045d8b4730c1c37ac0378,,ca2-aa992d5980e00838b209,2022-08-10,XSTABLE Protocol,Incorrect Logic Check,src/test/2022-08/XST_exp.sol,mainnet,https://github.com/SunWeb3Sec/DeFiHackLabs/blob/main/past/2022/README.md,frozen_public_source_hashed,e7668ddd37e305db9052d4f208bb3b87d1e75956950739d5e9f1fd66f4c26267,ac980aa50936e743b521836e95229deb5e03a037f3e51a56bce508ae29842a7c,"[""https://mobile.twitter.com/BlockSecTeam/status/1557195012042936320""]",[],,frozen_date_override,True,True,,,2022-08-10,,,,blocked_missing_onchain_and_availability_evidence,"[""missing:deployment_block"", ""missing:prediction_cutoff_block"", ""missing:source_availability_time"", ""missing:runtime_bytecode_hash_at_cutoff"", ""missing:outcome_adjudication_id""]",retained,,cases/ca2-aa992d5980e00838b209.json,9e9c146aade368da21ac0e405a0b726c1fe677b619ea4030d487f77c1bd54917,cases/ca2-aa992d5980e00838b209.json,1e712824731430050ee29524dd5bf9f48ec8aae5045be9297eafdf09f901b53f,,,,,,,,,,,,ca2-aa992d5980e00838b209,cases/ca2-aa992d5980e00838b209.json,1e712824731430050ee29524dd5bf9f48ec8aae5045be9297eafdf09f901b53f,2021-01-24T05:02:06Z,2021-01-25T05:02:44Z,2261,EIP1967_PROXY,,1:0x91383a15c391c142b80045d8b4730c1c37ac0378,6388a9f65d500cab629cbfbc74ee137442cd97ffbf80a39bf1235b250dea8011,eip1967:0xf4d903941d2682b218ddb2281e64550fba130d9b,,,,7946d0b06072c3df58ebe86cf0d5d826bb77f8d54b9a15fd09a4d5d76c95775a,6c4f7b55d8bb0d256e829798adc0372ccfaa9cc14d31647ac6a6c87978a75f32,30d7df18327bc976dae3c8d728d22d0bad3f3bb610c3c4b5da726e1e3fbd5fa9,DERIVED_STRICT_SNAPSHOT,DERIVED_STRICT_SNAPSHOT,DERIVED_CONSENSUS_RUNTIME_CODE,VERIFIED_STANDARD_PROXY,UNRESOLVED_NO_CUTOFF_SOURCE_VERIFICATION_EVIDENCE,DERIVED_EXACT_CHAIN_ADDRESS,DERIVED_METADATA_STRIPPED_BYTECODE_SHA256,UNRESOLVED_INDEPENDENT_ADJUDICATION_REQUIRED,UNRESOLVED_INDEPENDENT_ADJUDICATION_REQUIRED,UNRESOLVED_METHODS_OWNER_FREEZE_REQUIRED
nomadbridge,defihacklabs,ethereum,15259100,0x5d94309e5a0090b165fa4181519701637b6daeba,,ca2-cf529333b32b69e4842e,2022-08-02,Nomad Bridge,Business Logic Flaw : Incorrect acceptable merkle-root checks,src/test/2022-08/NomadBridge_exp.sol,mainnet,https://github.com/SunWeb3Sec/DeFiHackLabs/blob/main/past/2022/README.md,frozen_public_source_hashed,e7668ddd37e305db9052d4f208bb3b87d1e75956950739d5e9f1fd66f4c26267,f0e573be780bf95556815ae6a155d116aa4254dfcd4a7c5269af5861099aa70d,"[""https://blog.coinbase.com/nomad-bridge-incident-analysis-899b425b0f34"", ""https://twitter.com/samczsun/status/1554252024723546112"", ""https://www.certik.com/resources/blog/28fMavD63CpZJOKOjb9DX3-nomad-bridge-exploit-incident-analysis""]",[],,exact_contract_basename,True,True,,,2022-08-02,,,,blocked_missing_onchain_and_availability_evidence,"[""missing:deployment_block"", ""missing:prediction_cutoff_block"", ""missing:source_availability_time"", ""missing:runtime_bytecode_hash_at_cutoff"", ""missing:outcome_adjudication_id""]",retained,,cases/ca2-cf529333b32b69e4842e.json,49e5adfff10e7932bcbfafd0398d1cb0fa8456636949815890ddfb4c6842d830,cases/ca2-cf529333b32b69e4842e.json,3f0561da8e28d6e3543a2f512e7cffa9f035ff8cbbffe60a8244cbccad1499c9,,,,,,,,,,,,ca2-cf529333b32b69e4842e,cases/ca2-cf529333b32b69e4842e.json,3f0561da8e28d6e3543a2f512e7cffa9f035ff8cbbffe60a8244cbccad1499c9,2022-04-21T18:00:05Z,2022-04-22T18:00:06Z,439,,,1:0x5d94309e5a0090b165fa4181519701637b6daeba,acec786efd5443d3e3c8afd0c965a9fcc8c2d71f04618ce715314e6f7b10d5f6,,,,,4cfcd2bd094a111857cb38b11003e1b4ea0e3ec1cd1e0ce0201d3e233f1534a6,65d958e96d0332f046a8d9ff8e966ff809fb1c8fdd6b87bf130787ccd32f0de3,a29067ce8ea8ec3363791a236b4cf2ef9eceeca80950cfc79d1258b1d21e0909,DERIVED_STRICT_SNAPSHOT,DERIVED_STRICT_SNAPSHOT,DERIVED_CONSENSUS_RUNTIME_CODE,UNRESOLVED:requires_loupe_or_historical_event_resolver,UNRESOLVED_NO_CUTOFF_SOURCE_VERIFICATION_EVIDENCE,DERIVED_EXACT_CHAIN_ADDRESS,DERIVED_METADATA_STRIPPED_BYTECODE_SHA256,UNRESOLVED_INDEPENDENT_ADJUDICATION_REQUIRED,UNRESOLVED_INDEPENDENT_ADJUDICATION_REQUIRED,UNRESOLVED_METHODS_OWNER_FREEZE_REQUIRED
bxh,defihacklabs,bsc,21727289,0x27539b1dee647b38e1b987c41c5336b1a8dce663,,ca2-60b7a39b3acbf3ed1937,2022-09-28,BXH,Flashloan & Price Oracle Manipulation,src/test/2022-09/BXH_exp.sol,bsc,https://github.com/SunWeb3Sec/DeFiHackLabs/blob/main/past/2022/README.md,frozen_public_source_hashed,e7668ddd37e305db9052d4f208bb3b87d1e75956950739d5e9f1fd66f4c26267,a1060132f6e66172264c33da043d90c8cc843f22a10c916489986b84d49d9def,"[""https://bscscan.com/tx/0xa13c8c7a0c97093dba3096c88044273c29cebeee109e23622cd412dcca8f50f4"", ""https://www.jinse.com/lives/319392.html""]","[""0xa13c8c7a0c97093dba3096c88044273c29cebeee109e23622cd412dcca8f50f4""]","$40,305",exact_contract_basename,True,True,,,2022-09-28,,,,blocked_missing_onchain_and_availability_evidence,"[""missing:deployment_block"", ""missing:prediction_cutoff_block"", ""missing:source_availability_time"", ""missing:runtime_bytecode_hash_at_cutoff"", ""missing:outcome_adjudication_id""]",retained,,cases/ca2-60b7a39b3acbf3ed1937.json,1a6f5cd45443b09a4c11d75c37a14cb837f74b2a65afa8daef60a8ac70b0422a,cases/ca2-60b7a39b3acbf3ed1937.json,5b2d6e0150b4e459be31b9ffad78251577f450b6f3d25235eedd59d6c6070dd9,,,,,,,,,,,,ca2-60b7a39b3acbf3ed1937,cases/ca2-60b7a39b3acbf3ed1937.json,5b2d6e0150b4e459be31b9ffad78251577f450b6f3d25235eedd59d6c6070dd9,2022-09-22T03:22:20Z,2022-09-23T03:22:20Z,16002,,,56:0x27539b1dee647b38e1b987c41c5336b1a8dce663,cd34fe55ec67497814dbf1eff7f622d5ec2f9300d92e5d54b7c7c33114f54e64,,,,,978e1a9595e42687d93a7be8a8dea69a6472d8f48b168be8bec678ef7272971d,ae38168dce61b5f35efc283ff451c72e00869905d3f89023a364b7ac2d3a0823,ab111aa1ba3c33da2bccceee082bcf0ff4ff1175d833ddaae775ab02302c2c1b,DERIVED_STRICT_SNAPSHOT,DERIVED_STRICT_SNAPSHOT,DERIVED_CONSENSUS_RUNTIME_CODE,UNRESOLVED:requires_loupe_or_historical_event_resolver,UNRESOLVED_NO_CUTOFF_SOURCE_VERIFICATION_EVIDENCE,DERIVED_EXACT_CHAIN_ADDRESS,DERIVED_METADATA_STRIPPED_BYTECODE_SHA256,UNRESOLVED_INDEPENDENT_ADJUDICATION_REQUIRED,UNRESOLVED_INDEPENDENT_ADJUDICATION_REQUIRED,UNRESOLVED_METHODS_OWNER_FREEZE_REQUIRED
dpc,defihacklabs,bsc,21179209,0xb75ca3c3e99747d0e2f6e75a9fbd17f5ac03cebe,,ca2-0aa20008e0303e8a5201,2022-09-09,DPC,Incorrect Reward calculation,src/test/2022-09/DPC_exp.sol,bsc,https://github.com/SunWeb3Sec/DeFiHackLabs/blob/main/past/2022/README.md,frozen_public_source_hashed,e7668ddd37e305db9052d4f208bb3b87d1e75956950739d5e9f1fd66f4c26267,39fdd2dcab396ec29da33a0d4ccb40047cd6e46be431607901546351eb00b22b,"[""https://bscscan.com/address/0x2109bbecB0a563e204985524Dd3DB2F6254AB419"", ""https://learnblockchain.cn/article/4733"", ""https://twitter.com/BeosinAlert/status/1568429355919089664""]",[],,exact_contract_basename,True,True,,,2022-09-09,,,,blocked_missing_onchain_and_availability_evidence,"[""missing:deployment_block"", ""missing:prediction_cutoff_block"", ""missing:source_availability_time"", ""missing:runtime_bytecode_hash_at_cutoff"", ""missing:outcome_adjudication_id""]",retained,,cases/ca2-0aa20008e0303e8a5201.json,2bc79037f510e3fc3acbbd4175c832d4a52d0945cf5f2470cd11d688d569daae,cases/ca2-0aa20008e0303e8a5201.json,a842530245f2cfe2b65087f76f5c240b6e2efb399951e25eccd4ee4c5b09b711,,,,,,,,,,,,ca2-0aa20008e0303e8a5201,cases/ca2-0aa20008e0303e8a5201.json,a842530245f2cfe2b65087f76f5c240b6e2efb399951e25eccd4ee4c5b09b711,2022-09-07T09:14:55Z,2022-09-08T09:14:56Z,20735,,,56:0xb75ca3c3e99747d0e2f6e75a9fbd17f5ac03cebe,6a78894159fe2422aceb440bb6c94264348dbf3644e1852322bea9f3af23e5f2,,,,,cf2d3b69bc7358fe130b5484f2aa7582bb2f656f5aba22929d74f28a8cf2b963,f3527d838568d47ab0489ea8b3af83f1e4e216fb3b1d98c9693ff267a7d8a35d,d54cc41a377ddfed2449752ccca89d81699f3576f3532313a9cd51e089e2ad75,DERIVED_STRICT_SNAPSHOT,DERIVED_STRICT_SNAPSHOT,DERIVED_CONSENSUS_RUNTIME_CODE,UNRESOLVED:requires_loupe_or_historical_event_resolver,UNRESOLVED_NO_CUTOFF_SOURCE_VERIFICATION_EVIDENCE,DERIVED_EXACT_CHAIN_ADDRESS,DERIVED_METADATA_STRIPPED_BYTECODE_SHA256,UNRESOLVED_INDEPENDENT_ADJUDICATION_REQUIRED,UNRESOLVED_INDEPENDENT_ADJUDICATION_REQUIRED,UNRESOLVED_METHODS_OWNER_FREEZE_REQUIRED
shadowfi,defihacklabs,bsc,20969095,0x10bc28d2810dd462e16facff18f78783e859351b,,ca2-742774bf4edd46ad6f87,2022-09-02,ShadowFi,Access Control,src/test/2022-09/Shadowfi_exp.sol,bsc,https://github.com/SunWeb3Sec/DeFiHackLabs/blob/main/past/2022/README.md,frozen_public_source_hashed,e7668ddd37e305db9052d4f208bb3b87d1e75956950739d5e9f1fd66f4c26267,2674bd359af18771b2693c9eb18c461d64e49e1bff2cb37031a9c1f7353fce91,"[""https://bscscan.com/tx/0xe30dc75253eecec3377e03c532aa41bae1c26909bc8618f21fb83d4330a01018"", ""https://twitter.com/PeckShieldAlert/status/1565549688509861888""]","[""0xe30dc75253eecec3377e03c532aa41bae1c26909bc8618f21fb83d4330a01018""]",,exact_contract_basename,True,True,,,2022-09-02,,,,blocked_missing_onchain_and_availability_evidence,"[""missing:deployment_block"", ""missing:prediction_cutoff_block"", ""missing:source_availability_time"", ""missing:runtime_bytecode_hash_at_cutoff"", ""missing:outcome_adjudication_id""]",retained,,cases/ca2-742774bf4edd46ad6f87.json,f46c882fd3714cb134451cfcbbafff7c7f86cbc412dea617240b96ae03e7da3c,cases/ca2-742774bf4edd46ad6f87.json,42539fbb2b62eb8279b304d5aef3656f40d549bf81157f8539853aeb7729e411,,,,,,,,,,,,ca2-742774bf4edd46ad6f87,cases/ca2-742774bf4edd46ad6f87.json,42539fbb2b62eb8279b304d5aef3656f40d549bf81157f8539853aeb7729e411,2022-08-26T06:20:16Z,2022-08-27T06:20:18Z,18501,,,56:0x10bc28d2810dd462e16facff18f78783e859351b,7925eb2cd87fa4e4c181bdeea72ea92747a51252e55769e10466dc6ae2440b6e,,,,,03132dffbfbe1f02fa978916a2087c4dc4e7e247ce9fa840f40ad806cbc0b1df,708320f24a8759dc7bace2e48ee6b519e29f3332f31b7270612c69679e95b3b1,0a4f291f7b88431db54ab61a37702f6582a7be718458a40881634e6775858070,DERIVED_STRICT_SNAPSHOT,DERIVED_STRICT_SNAPSHOT,DERIVED_CONSENSUS_RUNTIME_CODE,UNRESOLVED:requires_loupe_or_historical_event_resolver,UNRESOLVED_NO_CUTOFF_SOURCE_VERIFICATION_EVIDENCE,DERIVED_EXACT_CHAIN_ADDRESS,DERIVED_METADATA_STRIPPED_BYTECODE_SHA256,UNRESOLVED_INDEPENDENT_ADJUDICATION_REQUIRED,UNRESOLVED_INDEPENDENT_ADJUDICATION_REQUIRED,UNRESOLVED_METHODS_OWNER_FREEZE_REQUIRED
atk,defihacklabs,bsc,22102838,0x9cb928bf50ed220ac8f703bce35be5ce7f56c99c,,ca2-8f02fa85c8202388bdf3,2022-10-12,ATK,FlashLoan manipulate price,src/test/2022-10/ATK_exp.sol,bsc,https://github.com/SunWeb3Sec/DeFiHackLabs/blob/main/past/2022/README.md,frozen_public_source_hashed,e7668ddd37e305db9052d4f208bb3b87d1e75956950739d5e9f1fd66f4c26267,c060298c8207aea642918805b16e34a6388f1cdff91137616c2376ab65aefa7f,"[""https://twitter.com/BlockSecTeam/status/1580095325200474112""]",[],~127K BUSD,exact_contract_basename,True,True,,,2022-10-12,,,,blocked_missing_onchain_and_availability_evidence,"[""missing:deployment_block"", ""missing:prediction_cutoff_block"", ""missing:source_availability_time"", ""missing:runtime_bytecode_hash_at_cutoff"", ""missing:outcome_adjudication_id""]",retained,,cases/ca2-8f02fa85c8202388bdf3.json,52c4986948f2bb90162088c26f1d6175093d7e1d0bb94562c96475c5ac787a00,cases/ca2-8f02fa85c8202388bdf3.json,75f8647af09507c6888df3eff431c5d2bfa62d79ba4635de26ba855b9cc978ec,,,,,,,,,,,,ca2-8f02fa85c8202388bdf3,cases/ca2-8f02fa85c8202388bdf3.json,75f8647af09507c6888df3eff431c5d2bfa62d79ba4635de26ba855b9cc978ec,2022-10-04T05:15:26Z,2022-10-05T05:15:28Z,8180,,,56:0x9cb928bf50ed220ac8f703bce35be5ce7f56c99c,f7ccd2878824ff6ea9b41c5d92864aa30ce9fc925d8d18db5ef1acca58809022,,,,,41fd926bdd31a09cb334225c6fe1c9f398003f4850d327700466d077b2048484,7542a2095e218551ef27ef9a0bac13168d467a9b13a3945d63ca6a1ae1719134,a5ff3bba9618e3d957711e28c3bb50723b1072ba69a653e8a1691c13e8434a6f,DERIVED_STRICT_SNAPSHOT,DERIVED_STRICT_SNAPSHOT,DERIVED_CONSENSUS_RUNTIME_CODE,UNRESOLVED:requires_loupe_or_historical_event_resolver,UNRESOLVED_NO_CUTOFF_SOURCE_VERIFICATION_EVIDENCE,DERIVED_EXACT_CHAIN_ADDRESS,DERIVED_METADATA_STRIPPED_BYTECODE_SHA256,UNRESOLVED_INDEPENDENT_ADJUDICATION_REQUIRED,UNRESOLVED_INDEPENDENT_ADJUDICATION_REQUIRED,UNRESOLVED_METHODS_OWNER_FREEZE_REQUIRED
bego,defihacklabs,bsc,22315679,0xc342774492b54ce5f8ac662113ed702fc1b34972,,ca2-8ad0e7849cd27bf47eab,2022-10-20,BEGO,Incorrect signature verification,src/test/2022-10/BEGO_exp.sol,bsc,https://github.com/SunWeb3Sec/DeFiHackLabs/blob/main/past/2022/README.md,frozen_public_source_hashed,e7668ddd37e305db9052d4f208bb3b87d1e75956950739d5e9f1fd66f4c26267,58e9a445670a0e0c48d6d59284a10a8d17e71910bd1fb01d740c18be48ca6e61,"[""https://twitter.com/AnciliaInc/status/1582828751250784256"", ""https://twitter.com/peckshield/status/1582892058800685058""]",[],,exact_contract_basename,True,True,,,2022-10-20,,,,blocked_missing_onchain_and_availability_evidence,"[""missing:deployment_block"", ""missing:prediction_cutoff_block"", ""missing:source_availability_time"", ""missing:runtime_bytecode_hash_at_cutoff"", ""missing:outcome_adjudication_id""]",retained,,cases/ca2-8ad0e7849cd27bf47eab.json,dcef07ed0b3d9a7cf15e8e1c32a31def18771207800a701c142bf7b712dd0ccc,cases/ca2-8ad0e7849cd27bf47eab.json,efaab371be7c4f7b5f483489cb5e89db8f43c7159f54a990e11fb43a8380d368,,,,,,,,,,,,ca2-8ad0e7849cd27bf47eab,cases/ca2-8ad0e7849cd27bf47eab.json,efaab371be7c4f7b5f483489cb5e89db8f43c7159f54a990e11fb43a8380d368,2021-03-10T13:53:56Z,2021-03-11T13:53:56Z,10895,,,56:0xc342774492b54ce5f8ac662113ed702fc1b34972,588d161c22428102fc7f7e10c0db2bfa8eae6d09852316fd1dac4cdd2814a9a6,,,,,a1c33e459f2a6f215458cf89eab63c8d32eeda483219c8f04e422d1aeac1bf89,6021ce0b99f6ea9f1ce9b4353980332625be805fed614597e75545eca35d074b,d44ee44ab68c885b43513c6233f03c49170c8739dc23888477fdc9adeca4be14,DERIVED_STRICT_SNAPSHOT,DERIVED_STRICT_SNAPSHOT,DERIVED_CONSENSUS_RUNTIME_CODE,UNRESOLVED:requires_loupe_or_historical_event_resolver,UNRESOLVED_NO_CUTOFF_SOURCE_VERIFICATION_EVIDENCE,DERIVED_EXACT_CHAIN_ADDRESS,DERIVED_METADATA_STRIPPED_BYTECODE_SHA256,UNRESOLVED_INDEPENDENT_ADJUDICATION_REQUIRED,UNRESOLVED_INDEPENDENT_ADJUDICATION_REQUIRED,UNRESOLVED_METHODS_OWNER_FREEZE_REQUIRED
babyswap,defihacklabs,bsc,21811979,0x5c9f1a9ced41ccc5dcecda5afc317b72f1e49636,,ca2-e5a8dccafb3c4f63fdb2,2022-10-01,BabySwap,Parameter Access Control,src/test/2022-10/BabySwap_exp.sol,bsc,https://github.com/SunWeb3Sec/DeFiHackLabs/blob/main/past/2022/README.md,frozen_public_source_hashed,e7668ddd37e305db9052d4f208bb3b87d1e75956950739d5e9f1fd66f4c26267,648b0e42186edd74db255dcbf89e94b86ef3204992ab4ef6515281ec8cb35351,"[""https://twitter.com/BlockSecTeam/status/1576441612812836865""]",[],,exact_contract_basename,True,True,,,2022-10-01,,,,blocked_missing_onchain_and_availability_evidence,"[""missing:deployment_block"", ""missing:prediction_cutoff_block"", ""missing:source_availability_time"", ""missing:runtime_bytecode_hash_at_cutoff"", ""missing:outcome_adjudication_id""]",retained,,cases/ca2-e5a8dccafb3c4f63fdb2.json,90800c12babeacfa7378bb9bc37593c92e141f0f93d4cf676802e2fd1992132c,cases/ca2-e5a8dccafb3c4f63fdb2.json,1987b8afc9de49d13c50572ecaed27f3a718730e4c1ac1252733980684917728,,,,,,,,,,,,ca2-e5a8dccafb3c4f63fdb2,cases/ca2-e5a8dccafb3c4f63fdb2.json,1987b8afc9de49d13c50572ecaed27f3a718730e4c1ac1252733980684917728,2021-06-02T06:44:05Z,2021-06-03T06:44:05Z,10593,,,56:0x5c9f1a9ced41ccc5dcecda5afc317b72f1e49636,fbeeb80bc0fcd27ec64ff2c24ec410ade70d6b471d34418224dfb22e96e56b0c,,,,,d1354075a8b3fe07cbb0243f55fbd3d79ec6577ad04891a7961cfd47721cb9e4,394bf419601e10070f7541fed62d5ebd6319d6e447599d2a4f081e942a79f871,b6d51474c005abc5e6c8f50ccd87e4b6f3b25db5eae66a4dfdcbf0ea5d19cf95,DERIVED_STRICT_SNAPSHOT,DERIVED_STRICT_SNAPSHOT,DERIVED_CONSENSUS_RUNTIME_CODE,UNRESOLVED:requires_loupe_or_historical_event_resolver,UNRESOLVED_NO_CUTOFF_SOURCE_VERIFICATION_EVIDENCE,DERIVED_EXACT_CHAIN_ADDRESS,DERIVED_METADATA_STRIPPED_BYTECODE_SHA256,UNRESOLVED_INDEPENDENT_ADJUDICATION_REQUIRED,UNRESOLVED_INDEPENDENT_ADJUDICATION_REQUIRED,UNRESOLVED_METHODS_OWNER_FREEZE_REQUIRED
roi,defihacklabs,bsc,21143795,0xe48b75dc1b131fd3a8364b0580f76efd04cf6e9c,,ca2-3b0aac1754ae5d74f870,2022-09-08,Ragnarok Online Invasion,Broken Access Control,src/test/2022-09/ROI_exp.sol,bsc,https://github.com/SunWeb3Sec/DeFiHackLabs/blob/main/past/2022/README.md,frozen_public_source_hashed,e7668ddd37e305db9052d4f208bb3b87d1e75956950739d5e9f1fd66f4c26267,bccbb202669b05e37194493de31af6ac45210bb1e2e41b89b2e016ed27d84076,"[""https://medium.com/quillhash/decoding-ragnarok-online-invasion-44k-exploit-quillaudits-261b7e23b55"", ""https://twitter.com/BlockSecTeam/status/1567746825616236544"", ""https://twitter.com/CertiKAlert/status/1567754904663429123"", ""https://www.panewslab.com/zh_hk/articledetails/mbzalpdi.html""]",[],,exact_contract_basename,True,True,,,2022-09-08,,,,blocked_missing_onchain_and_availability_evidence,"[""missing:deployment_block"", ""missing:prediction_cutoff_block"", ""missing:source_availability_time"", ""missing:runtime_bytecode_hash_at_cutoff"", ""missing:outcome_adjudication_id""]",retained,,cases/ca2-3b0aac1754ae5d74f870.json,33f51d25a18b6ce0a8ff61dde62f012f2b44bd472b2a51899c055b3855e59a87,cases/ca2-3b0aac1754ae5d74f870.json,9432b658b21ef2a4d6be9a2ac190d570d3981c298256d90563e90cde5577f357,,,,,,,,,,,,ca2-3b0aac1754ae5d74f870,cases/ca2-3b0aac1754ae5d74f870.json,9432b658b21ef2a4d6be9a2ac190d570d3981c298256d90563e90cde5577f357,2022-05-10T19:18:58Z,2022-05-11T19:18:59Z,17620,,,56:0xe48b75dc1b131fd3a8364b0580f76efd04cf6e9c,7ab4f795048c334c122cc5c05e29e523b9e9a80a6ffeea5ea4f4963d10c279a6,,,,,12850629eb177d7aa2e29347995d194766e27e4924cb7f29545b1acea815e896,f46127b0b8428b1d9441ea7a5ee302e42016ac57709f92e77dae6da5b6bb286d,892edfcad551456707fde5789a13bb44b3f869a5cd4e8ef6e6fa5696a73df16b,DERIVED_STRICT_SNAPSHOT,DERIVED_STRICT_SNAPSHOT,DERIVED_CONSENSUS_RUNTIME_CODE,UNRESOLVED:requires_loupe_or_historical_event_resolver,UNRESOLVED_NO_CUTOFF_SOURCE_VERIFICATION_EVIDENCE,DERIVED_EXACT_CHAIN_ADDRESS,DERIVED_METADATA_STRIPPED_BYTECODE_SHA256,UNRESOLVED_INDEPENDENT_ADJUDICATION_REQUIRED,UNRESOLVED_INDEPENDENT_ADJUDICATION_REQUIRED,UNRESOLVED_METHODS_OWNER_FREEZE_REQUIRED
JUDAO,defihacklabs-temporal-replacement-finalization,bsc,95070973,0xf55dff7898930a2d28cdbc39d615b1624ac86888,,ca2-ce4de12cb6ec0aa01094,2026-04-28,JUDAO,replacement_candidate,,bsc,,replacement_candidate_historical_snapshot_verified,c7dd6c9cd1ae82c8184d827fa7ba67ea58b40f1e98ea07df9393875cb6a19206,7d6af025464b970ed0f91e86e4a2bc6ead85f4bf27c9b111498c5d282e7a5bc7,[],"[""0x956e38b8ddb40ba080c8042c685ae52ee5c1b096f1d7f0c4a6c59be3eb4265bd""]",,frozen_chain_global_order_finalization,True,True,75703141,75895112,95070974,,ba77bd45fc4e70a04b478d968e5b635e3f47f3c9f02b644650176a6a592a0a40,,replacement_candidate_selected,[],replacement,ca2-997649be77b639049862,cases/ca2-997649be77b639049862.json,a2c888e874b6108fa41a4a9df47081d20450f5b1250d4a8c0bf1abde03439756,,,cases/ca2r-30e61eedd2e8aba1ccf7.json,3fb29a159bb9355263481bf25847282fe15d2362862f5e23eef2591ab074fe83,historical_cases/ca2r-30e61eedd2e8aba1ccf7/ca2r-30e61eedd2e8aba1ccf7.json,2007385a0d836294a1950b1f2aa44d6e37a7127b60918e17e4a868e9c793e1cc,24,first_eligible_unique_from_frozen_chain_global_order,c7dd6c9cd1ae82c8184d827fa7ba67ea58b40f1e98ea07df9393875cb6a19206,a18c0040510cddc88d59e602bac53bbcafbe5dfbc978cff0134cb513de79fc53,95070973,0x956e38b8ddb40ba080c8042c685ae52ee5c1b096f1d7f0c4a6c59be3eb4265bd,ca2r-30e61eedd2e8aba1ccf7,ca2r-30e61eedd2e8aba1ccf7,historical_cases/ca2r-30e61eedd2e8aba1ccf7/ca2r-30e61eedd2e8aba1ccf7.json,2007385a0d836294a1950b1f2aa44d6e37a7127b60918e17e4a868e9c793e1cc,2026-01-17T00:52:05Z,2026-01-18T00:52:05Z,20188,,,56:0xf55dff7898930a2d28cdbc39d615b1624ac86888,44b2e42ffd630d62e6eaa52aa20a882e15b3e15dd1cfc9883a0311d796aef728,,,,,1b0029312f1022002e01c697115348c4bcdee56bf4f43f2eb01c8f1b5648b60a,d8dd6fb0f600691520bc5fc43b39a458229d93c60838a7c2313346385c91f717,93d17892f864356c87080bcb7120fb869db3eb686f9e48e2e580cf36a13045bc,DERIVED_STRICT_SNAPSHOT,DERIVED_STRICT_SNAPSHOT,DERIVED_CONSENSUS_RUNTIME_CODE,UNRESOLVED:requires_loupe_or_historical_event_resolver,UNRESOLVED_NO_CUTOFF_SOURCE_VERIFICATION_EVIDENCE,DERIVED_EXACT_CHAIN_ADDRESS,DERIVED_METADATA_STRIPPED_BYTECODE_SHA256,UNRESOLVED_INDEPENDENT_ADJUDICATION_REQUIRED,UNRESOLVED_INDEPENDENT_ADJUDICATION_REQUIRED,UNRESOLVED_METHODS_OWNER_FREEZE_REQUIRED
carrot,defihacklabs,bsc,22055611,0xcff086ead392ccb39c49ecda8c974ad5238452ac,,ca2-f6ff26fef2c7c8239a54,2022-10-10,Carrot,Public functionCall,src/test/2022-10/Carrot_exp.sol,bsc,https://github.com/SunWeb3Sec/DeFiHackLabs/blob/main/past/2022/README.md,frozen_public_source_hashed,e7668ddd37e305db9052d4f208bb3b87d1e75956950739d5e9f1fd66f4c26267,4d96e3a73a95448bc7213d2d443106421b0f7cd0bbcc86d258822892334817da,"[""https://bscscan.com/tx/0xa624660c29ee97f3f4ebd36232d8199e7c97533c9db711fa4027994aa11e01b9"", ""https://twitter.com/BlockSecTeam/status/1579908411235237888""]","[""0xa624660c29ee97f3f4ebd36232d8199e7c97533c9db711fa4027994aa11e01b9""]","31,318 BUSDT",exact_contract_basename,True,True,,,2022-10-10,,,,blocked_missing_onchain_and_availability_evidence,"[""missing:deployment_block"", ""missing:prediction_cutoff_block"", ""missing:source_availability_time"", ""missing:runtime_bytecode_hash_at_cutoff"", ""missing:outcome_adjudication_id""]",retained,,cases/ca2-f6ff26fef2c7c8239a54.json,eec679f42a45dbaed458d397a8b7f5022019c8b1bb87f492c547e90eb691d3dc,cases/ca2-f6ff26fef2c7c8239a54.json,965080141090dcd50212ad02b94306577637972c62f9f6bcecccbd8a40a83ff4,,,,,,,,,,,,ca2-f6ff26fef2c7c8239a54,cases/ca2-f6ff26fef2c7c8239a54.json,965080141090dcd50212ad02b94306577637972c62f9f6bcecccbd8a40a83ff4,2022-09-28T16:26:31Z,2022-09-29T16:26:33Z,23995,,,56:0xcff086ead392ccb39c49ecda8c974ad5238452ac,bb899e511020bec9a47af673c1bfc4c5ce3530918afc4aa6199877056fcd449a,,,,,5d787d8ff20ec2f76f52a3ab0f03f956944dc0ba0bc63310dfb5129677560330,a2fa26a3ca377424e77b395be5f23bd4247cbe14f31b8b1194d33be82dde1061,1cb262e88624587b17b4c3d341b0699e8e0c9d50c4b39eb5f47629403dce3784,DERIVED_STRICT_SNAPSHOT,DERIVED_STRICT_SNAPSHOT,DERIVED_CONSENSUS_RUNTIME_CODE,UNRESOLVED:requires_loupe_or_historical_event_resolver,UNRESOLVED_NO_CUTOFF_SOURCE_VERIFICATION_EVIDENCE,DERIVED_EXACT_CHAIN_ADDRESS,DERIVED_METADATA_STRIPPED_BYTECODE_SHA256,UNRESOLVED_INDEPENDENT_ADJUDICATION_REQUIRED,UNRESOLVED_INDEPENDENT_ADJUDICATION_REQUIRED,UNRESOLVED_METHODS_OWNER_FREEZE_REQUIRED
eflevervault,defihacklabs,ethereum,15746199,0xe39fd820b58f83205db1d9225f28105971c3d309,,ca2-5c189b8bf9f7db29dd4e,2022-10-14,EFLeverVault,Verify flashLoan Callback,src/test/2022-10/EFLeverVault_exp.sol,mainnet,https://github.com/SunWeb3Sec/DeFiHackLabs/blob/main/past/2022/README.md,frozen_public_source_hashed,e7668ddd37e305db9052d4f208bb3b87d1e75956950739d5e9f1fd66f4c26267,954dd3cff81e5096a937ca6ce685065912b871c4db14ebce49c6bec99fd6db35,"[""https://twitter.com/MevRefund/status/1580917351217627136"", ""https://twitter.com/Supremacy_CA/status/1581012823701786624"", ""https://twitter.com/danielvf/status/1580936010556661761""]",[],750 ETH,exact_contract_basename,True,True,,,2022-10-14,,,,blocked_missing_onchain_and_availability_evidence,"[""missing:deployment_block"", ""missing:prediction_cutoff_block"", ""missing:source_availability_time"", ""missing:runtime_bytecode_hash_at_cutoff"", ""missing:outcome_adjudication_id""]",retained,,cases/ca2-5c189b8bf9f7db29dd4e.json,ba8a4a311242424fb67b2a87ffc38b91554cd743445ada7c6577187529b086d9,cases/ca2-5c189b8bf9f7db29dd4e.json,023a04b02a816a00f4c469aff5018b3eb611eeb0b363e0454440009df0c58d9b,,,,,,,,,,,,ca2-5c189b8bf9f7db29dd4e,cases/ca2-5c189b8bf9f7db29dd4e.json,023a04b02a816a00f4c469aff5018b3eb611eeb0b363e0454440009df0c58d9b,2022-05-27T05:12:32Z,2022-05-28T05:12:39Z,24489,,,1:0xe39fd820b58f83205db1d9225f28105971c3d309,49c682bed85a51863e586b526e5498181e4c25f31e34dc6d3f52238b8e57b7ae,,,,,8d0c0196d5dc83947dc46550f540aa80a2965d84b846fe5f8b5ae47ad630d62e,a69bc342053a9ae0f2d184145d0135dc0ba5c67063183f0906ef28022f948a95,eb6e9c435f2728d28af94f75661707b2fb4c761d143c83890c60e784d4a37427,DERIVED_STRICT_SNAPSHOT,DERIVED_STRICT_SNAPSHOT,DERIVED_CONSENSUS_RUNTIME_CODE,UNRESOLVED:requires_loupe_or_historical_event_resolver,UNRESOLVED_NO_CUTOFF_SOURCE_VERIFICATION_EVIDENCE,DERIVED_EXACT_CHAIN_ADDRESS,DERIVED_METADATA_STRIPPED_BYTECODE_SHA256,UNRESOLVED_INDEPENDENT_ADJUDICATION_REQUIRED,UNRESOLVED_INDEPENDENT_ADJUDICATION_REQUIRED,UNRESOLVED_METHODS_OWNER_FREEZE_REQUIRED
health,defihacklabs,bsc,22337425,0x32b166e082993af6598a89397e82e123ca44e74e,,ca2-024816e85dcbd941c181,2022-10-20,HEALTH,Transfer Logic Flaw,src/test/2022-10/HEALTH_exp.sol,bsc,https://github.com/SunWeb3Sec/DeFiHackLabs/blob/main/past/2022/README.md,frozen_public_source_hashed,e7668ddd37e305db9052d4f208bb3b87d1e75956950739d5e9f1fd66f4c26267,9f8e580ec1be1398baaab429018b092e5549088e02adb2649e39678b7af87cca,"[""https://twitter.com/BlockSecTeam/status/1583073442433495040""]",[],,exact_contract_basename,True,True,,,2022-10-20,,,,blocked_missing_onchain_and_availability_evidence,"[""missing:deployment_block"", ""missing:prediction_cutoff_block"", ""missing:source_availability_time"", ""missing:runtime_bytecode_hash_at_cutoff"", ""missing:outcome_adjudication_id""]",retained,,cases/ca2-024816e85dcbd941c181.json,3f4d82c79646cec0e78f38bcb344d6af9362b096386f01f12c0411866b71e710,cases/ca2-024816e85dcbd941c181.json,0c05a257958ad5408ef8ae0440ae4989537a97cbc198f470834e0809b01771ef,,,,,,,,,,,,ca2-024816e85dcbd941c181,cases/ca2-024816e85dcbd941c181.json,0c05a257958ad5408ef8ae0440ae4989537a97cbc198f470834e0809b01771ef,2022-09-03T14:53:04Z,2022-09-04T14:53:04Z,6410,,,56:0x32b166e082993af6598a89397e82e123ca44e74e,11f7bd2ce9bc5c958e675f9f71068cf261aa0026e458a82e755243d3682c7017,,,,,64f3661d8ef072f393298212ae6eee306b2d752282a74c4976d4d0064ab2b426,5a482ff9306a0603c12a0d35a7bcfa344382fd8fdc446ea5757e12213820736f,7bca0ccf16bd3a615e98eef7d8bb4eec77e6d20482c3a85ae61eb8042967baf7,DERIVED_STRICT_SNAPSHOT,DERIVED_STRICT_SNAPSHOT,DERIVED_CONSENSUS_RUNTIME_CODE,UNRESOLVED:requires_loupe_or_historical_event_resolver,UNRESOLVED_NO_CUTOFF_SOURCE_VERIFICATION_EVIDENCE,DERIVED_EXACT_CHAIN_ADDRESS,DERIVED_METADATA_STRIPPED_BYTECODE_SHA256,UNRESOLVED_INDEPENDENT_ADJUDICATION_REQUIRED,UNRESOLVED_INDEPENDENT_ADJUDICATION_REQUIRED,UNRESOLVED_METHODS_OWNER_FREEZE_REQUIRED
DLMC,defihacklabs-temporal-replacement-finalization,bsc,106091606,0xf2ca2a3572b26ae7c479dc7ae36d922113b1bdf2,,ca2-9d76878011d42a78b09a,2026-06-24,DLMC,replacement_candidate,,bsc,,replacement_candidate_historical_snapshot_verified,2b11120e6814005b2b956d3b097d09822cca6c3a31e00d59587d32d037791964,766773312ed534d1674ea13bf6a4110a8779a630e8ddaa7084b9d91801f9e6a2,[],"[""0x151025d3f0a782340a74d30ef33a5fad044b838e74437a803f0652e70c231306""]",,frozen_chain_global_order_finalization,True,True,94985601,95177358,106091607,,448bb49a1471c56f9c9d0a157a59fe0bd8f10ba86a2f08e900f25a5f4b971ad8,,replacement_candidate_selected,[],replacement,ca2-a04b6477783c9f312b9f,cases/ca2-a04b6477783c9f312b9f.json,539a328e40c98308b5e74033b03fac667f7be67457ab8d2f1e0cf968bda05178,,,cases/ca2r-69e5fdd533acbfbc9416.json,6349ee3ffbcdc0ba3aeec2c1af766f55dd1f231636ff393b8a598caa2d3e2478,historical_cases/ca2r-69e5fdd533acbfbc9416/ca2r-69e5fdd533acbfbc9416.json,31cbea7a2eaeb9864f25ec86e60fb8a3e0aea2c86aa3d21851dfb229e8d93ae3,28,first_eligible_unique_from_frozen_chain_global_order,2b11120e6814005b2b956d3b097d09822cca6c3a31e00d59587d32d037791964,a18c0040510cddc88d59e602bac53bbcafbe5dfbc978cff0134cb513de79fc53,106091606,0x151025d3f0a782340a74d30ef33a5fad044b838e74437a803f0652e70c231306,ca2r-69e5fdd533acbfbc9416,ca2r-69e5fdd533acbfbc9416,historical_cases/ca2r-69e5fdd533acbfbc9416/ca2r-69e5fdd533acbfbc9416.json,31cbea7a2eaeb9864f25ec86e60fb8a3e0aea2c86aa3d21851dfb229e8d93ae3,2026-04-27T13:18:52Z,2026-04-28T13:18:52Z,24563,,,56:0xf2ca2a3572b26ae7c479dc7ae36d922113b1bdf2,365a23c0633bca45b66888afbe7184a805fbd1cf2b3a87559b8463e4280de433,,,,,5a4093c2b1cc9ed99a4a1cc883508ce0c3835d8ac92d42826abf427d63b536f6,97db2d6c1dcc8febe75692851751f769732a030bc0e526249194a53258771d3d,0788fc4dcba0bc86719e61cc651be890de69b85d75eae861a50cf965fc799f0b,DERIVED_STRICT_SNAPSHOT,DERIVED_STRICT_SNAPSHOT,DERIVED_CONSENSUS_RUNTIME_CODE,UNRESOLVED:requires_loupe_or_historical_event_resolver,UNRESOLVED_NO_CUTOFF_SOURCE_VERIFICATION_EVIDENCE,DERIVED_EXACT_CHAIN_ADDRESS,DERIVED_METADATA_STRIPPED_BYTECODE_SHA256,UNRESOLVED_INDEPENDENT_ADJUDICATION_REQUIRED,UNRESOLVED_INDEPENDENT_ADJUDICATION_REQUIRED,UNRESOLVED_METHODS_OWNER_FREEZE_REQUIRED
n00d,defihacklabs,ethereum,15826379,0x2321537fd8ef4644bacdceec54e5f35bf44311fa,,ca2-702749959585da21f48a,2022-10-26,N00d Token,Reentrancy,src/test/2022-10/N00d_exp.sol,mainnet,https://github.com/SunWeb3Sec/DeFiHackLabs/blob/main/past/2022/README.md,frozen_public_source_hashed,e7668ddd37e305db9052d4f208bb3b87d1e75956950739d5e9f1fd66f4c26267,11ff444d4c0e8a4cd162e610148a408caa8130f4f785787c1e1207df8f189a5f,"[""https://twitter.com/AnciliaInc/status/1584955717877784576"", ""https://twitter.com/BlockSecTeam/status/1584959295829180416""]",[],,exact_contract_basename,True,True,,,2022-10-26,,,,blocked_missing_onchain_and_availability_evidence,"[""missing:deployment_block"", ""missing:prediction_cutoff_block"", ""missing:source_availability_time"", ""missing:runtime_bytecode_hash_at_cutoff"", ""missing:outcome_adjudication_id""]",retained,,cases/ca2-702749959585da21f48a.json,3abf4a9182189ae80c2dceebd677dbd7bad2596c3bd04414d54341f998a10d97,cases/ca2-702749959585da21f48a.json,1911a3045ce60849e35a8dedc58ffe91707ebb5bbaff03662abb3877acf8289a,,,,,,,,,,,,ca2-702749959585da21f48a,cases/ca2-702749959585da21f48a.json,1911a3045ce60849e35a8dedc58ffe91707ebb5bbaff03662abb3877acf8289a,2022-09-07T22:14:17Z,2022-09-08T22:14:24Z,5658,,,1:0x2321537fd8ef4644bacdceec54e5f35bf44311fa,1aa8ab8983ba98e15e99f4dc023ebe6d0155cd9c10dee37bb4b5df0b41b492c4,,,,,e99a20ef7726fb8aef8166f5a7bf8ad1e007d09669859a993fd9e960175c8378,395ae05ef57e3e466567f3b8150b27ad0515acadecc05086c5c7a0ec9ce0a9cc,a5d97790d4236b00c39aa40e367b1025bf4c4ac1d9f5cb7a160ea58cc480a392,DERIVED_STRICT_SNAPSHOT,DERIVED_STRICT_SNAPSHOT,DERIVED_CONSENSUS_RUNTIME_CODE,UNRESOLVED:requires_loupe_or_historical_event_resolver,UNRESOLVED_NO_CUTOFF_SOURCE_VERIFICATION_EVIDENCE,DERIVED_EXACT_CHAIN_ADDRESS,DERIVED_METADATA_STRIPPED_BYTECODE_SHA256,UNRESOLVED_INDEPENDENT_ADJUDICATION_REQUIRED,UNRESOLVED_INDEPENDENT_ADJUDICATION_REQUIRED,UNRESOLVED_METHODS_OWNER_FREEZE_REQUIRED
inuko,defihacklabs,bsc,22169169,0xea51801b8f5b88543ddad3d1727400c15b209d8f,,ca2-7741e8a9a71601f098a4,2022-10-14,INUKO,FlashLoan price manipulation,src/test/2022-10/INUKO_exp.sol,bsc,https://github.com/SunWeb3Sec/DeFiHackLabs/blob/main/past/2022/README.md,frozen_public_source_hashed,e7668ddd37e305db9052d4f208bb3b87d1e75956950739d5e9f1fd66f4c26267,125d4be47987e729fe46c75a14bc5efc7921bccc042bb535cceb2433d852a750,"[""https://twitter.com/AnciliaInc/status/1587848874076430336""]",[],$50k,exact_contract_basename,True,True,,,2022-10-14,,,,blocked_missing_onchain_and_availability_evidence,"[""missing:deployment_block"", ""missing:prediction_cutoff_block"", ""missing:source_availability_time"", ""missing:runtime_bytecode_hash_at_cutoff"", ""missing:outcome_adjudication_id""]",retained,,cases/ca2-7741e8a9a71601f098a4.json,7829506d11380c6d9d0ccbc9beb8d35566d0860c30f6a1a86440d54771c9fe1b,cases/ca2-7741e8a9a71601f098a4.json,d0082b3f7fc909a4fd0d436f2afda09acdd9d28d40a959b8df5d915b7d277d12,,,,,,,,,,,,ca2-7741e8a9a71601f098a4,cases/ca2-7741e8a9a71601f098a4.json,d0082b3f7fc909a4fd0d436f2afda09acdd9d28d40a959b8df5d915b7d277d12,2022-10-03T07:15:48Z,2022-10-04T07:15:49Z,23659,,,56:0xea51801b8f5b88543ddad3d1727400c15b209d8f,7541e49a91d737b807a939f609b0fff064649551f85bab5c3ed1146f68fd0b00,,,,,b2c28ad8ae6604bf3b26d35d9112e8b054c8017134964d9a92bb0040fcf9e3ae,25f3659e446df16776b63c00be7c45f34b68d854737074baa353c38b90bc1ca8,1e398df2d32d7646505f986601a529b9e1edc6b04f2680d016f33d08a1db923b,DERIVED_STRICT_SNAPSHOT,DERIVED_STRICT_SNAPSHOT,DERIVED_CONSENSUS_RUNTIME_CODE,UNRESOLVED:requires_loupe_or_historical_event_resolver,UNRESOLVED_NO_CUTOFF_SOURCE_VERIFICATION_EVIDENCE,DERIVED_EXACT_CHAIN_ADDRESS,DERIVED_METADATA_STRIPPED_BYTECODE_SHA256,UNRESOLVED_INDEPENDENT_ADJUDICATION_REQUIRED,UNRESOLVED_INDEPENDENT_ADJUDICATION_REQUIRED,UNRESOLVED_METHODS_OWNER_FREEZE_REQUIRED
pltd,defihacklabs,bsc,22252045,0x29b2525e11bc0b0e9e59f705f318601ea6756645,,ca2-8cf05be564db7065817c,2022-10-18,PLTD,Transfer Logic Flaw,src/test/2022-10/PLTD_exp.sol,bsc,https://github.com/SunWeb3Sec/DeFiHackLabs/blob/main/past/2022/README.md,frozen_public_source_hashed,e7668ddd37e305db9052d4f208bb3b87d1e75956950739d5e9f1fd66f4c26267,cac8cf31fc6bc0b34a5b217125cd420c92052fdb5d6f45b969e30f2e005c3a36,"[""https://twitter.com/BeosinAlert/status/1582181583343484928""]",[],$ 24k,exact_contract_basename,True,True,,,2022-10-18,,,,blocked_missing_onchain_and_availability_evidence,"[""missing:deployment_block"", ""missing:prediction_cutoff_block"", ""missing:source_availability_time"", ""missing:runtime_bytecode_hash_at_cutoff"", ""missing:outcome_adjudication_id""]",retained,,cases/ca2-8cf05be564db7065817c.json,c83ee5dcbc278c9ad9d7b86d9677cb4497fbb0b49de99d29ff52f2de87c33cac,cases/ca2-8cf05be564db7065817c.json,5c54447f57373cfcc5d4d896593d80d2bd783bc9171d61671d42cd4b8adf41cd,,,,,,,,,,,,ca2-8cf05be564db7065817c,cases/ca2-8cf05be564db7065817c.json,5c54447f57373cfcc5d4d896593d80d2bd783bc9171d61671d42cd4b8adf41cd,2022-09-17T07:34:03Z,2022-09-18T07:34:03Z,16092,,,56:0x29b2525e11bc0b0e9e59f705f318601ea6756645,07ecbb4a438c8a83c35b87c336c0d86257a72a22fe8a4c2a3d9bc269230b95a7,,,,,333061f337ddd1e5457f0305a696f1e330b11a22071358a481b8e3b8e8ea150e,ceddbc2f29bf1e50c623a7d4056e0481634cec2954f5fa5586c3d451fc729f77,d97d450cdc392ec1817e6f21669a1bc26ab6baff5ee2ae6811c61470f029f6f8,DERIVED_STRICT_SNAPSHOT,DERIVED_STRICT_SNAPSHOT,DERIVED_CONSENSUS_RUNTIME_CODE,UNRESOLVED:requires_loupe_or_historical_event_resolver,UNRESOLVED_NO_CUTOFF_SOURCE_VERIFICATION_EVIDENCE,DERIVED_EXACT_CHAIN_ADDRESS,DERIVED_METADATA_STRIPPED_BYTECODE_SHA256,UNRESOLVED_INDEPENDENT_ADJUDICATION_REQUIRED,UNRESOLVED_INDEPENDENT_ADJUDICATION_REQUIRED,UNRESOLVED_METHODS_OWNER_FREEZE_REQUIRED
olympusdao,defihacklabs,ethereum,15794363,0x007fe7c498a2cf30971ad8f2cbc36bd14ac51156,,ca2-60a0988512bfa1f54c2e,2022-10-21,OlympusDAO,No input validation,src/test/2022-10/OlympusDao_exp.sol,mainnet,https://github.com/SunWeb3Sec/DeFiHackLabs/blob/main/past/2022/README.md,frozen_public_source_hashed,e7668ddd37e305db9052d4f208bb3b87d1e75956950739d5e9f1fd66f4c26267,9137bfb1f78624f22a987a5c813728ecf26db927f90914a81e97d62f7116241e,"[""https://twitter.com/peckshield/status/1583416829237526528""]",[],,exact_contract_basename,True,True,,,2022-10-21,,,,blocked_missing_onchain_and_availability_evidence,"[""missing:deployment_block"", ""missing:prediction_cutoff_block"", ""missing:source_availability_time"", ""missing:runtime_bytecode_hash_at_cutoff"", ""missing:outcome_adjudication_id""]",retained,,cases/ca2-60a0988512bfa1f54c2e.json,9fa9171fde1e7f4d3efdd01b0008f914a43b8598a6ac6a553a1aee3dbe86e769,cases/ca2-60a0988512bfa1f54c2e.json,0534738e969d01d3f70f3fd9dd55bc50798b8294ed26cdd547083b3adc2b59f7,,,,,,,,,,,,ca2-60a0988512bfa1f54c2e,cases/ca2-60a0988512bfa1f54c2e.json,0534738e969d01d3f70f3fd9dd55bc50798b8294ed26cdd547083b3adc2b59f7,2022-09-16T14:20:11Z,2022-09-17T14:20:11Z,14435,,,1:0x007fe7c498a2cf30971ad8f2cbc36bd14ac51156,1f0816385581ccf2de55c4142738094dd5cf1e8c096a525aac13f4efbff55a81,,,,,38fe91d6ec726d17930c001c6966769ad992894fb36f9236620cc0faef7c41f1,ea36fd48cac3a2cabf983f6666fdf757b423e38e12081bcb810938ca3a861859,86ab42f4fd21e5f31b17d652e700cf86b59e4fe753be33d214f55d1be7af1a6e,DERIVED_STRICT_SNAPSHOT,DERIVED_STRICT_SNAPSHOT,DERIVED_CONSENSUS_RUNTIME_CODE,UNRESOLVED:requires_loupe_or_historical_event_resolver,UNRESOLVED_NO_CUTOFF_SOURCE_VERIFICATION_EVIDENCE,DERIVED_EXACT_CHAIN_ADDRESS,DERIVED_METADATA_STRIPPED_BYTECODE_SHA256,UNRESOLVED_INDEPENDENT_ADJUDICATION_REQUIRED,UNRESOLVED_INDEPENDENT_ADJUDICATION_REQUIRED,UNRESOLVED_METHODS_OWNER_FREEZE_REQUIRED
res,defihacklabs,bsc,21948016,0xeccd8b08ac3b587b7175d40fb9c60a20990f8d21,,ca2-758d99036031cc6eb400,2022-10-06,RES-Token,pair manipulate,src/test/2022-10/RES_exp.sol,bsc,https://github.com/SunWeb3Sec/DeFiHackLabs/blob/main/past/2022/README.md,frozen_public_source_hashed,e7668ddd37e305db9052d4f208bb3b87d1e75956950739d5e9f1fd66f4c26267,1dbbd04e37edbe1dd2ff9ede49ad8136d5b3d8d641db8a241146a66538204fe9,"[""https://bscscan.com/tx/0xe59fa48212c4ee716c03e648e04f0ca390f4a4fc921a890fded0e01afa4ba96d"", ""https://twitter.com/AnciliaInc/status/1578119778446680064""]","[""0xe59fa48212c4ee716c03e648e04f0ca390f4a4fc921a890fded0e01afa4ba96d""]",,exact_contract_basename,True,True,,,2022-10-06,,,,blocked_missing_onchain_and_availability_evidence,"[""missing:deployment_block"", ""missing:prediction_cutoff_block"", ""missing:source_availability_time"", ""missing:runtime_bytecode_hash_at_cutoff"", ""missing:outcome_adjudication_id""]",retained,,cases/ca2-758d99036031cc6eb400.json,88df71cd3d4a444623543300af8f44998e78c71dbf31dff4fe80e4b02ed1ab54,cases/ca2-758d99036031cc6eb400.json,24b7dfb1d25cf38430eded2b5ecd4cd189a5ba5063bcc0068a957164fc32754a,,,,,,,,,,,,ca2-758d99036031cc6eb400,cases/ca2-758d99036031cc6eb400.json,24b7dfb1d25cf38430eded2b5ecd4cd189a5ba5063bcc0068a957164fc32754a,2022-07-20T13:06:03Z,2022-07-21T13:06:04Z,24510,,,56:0xeccd8b08ac3b587b7175d40fb9c60a20990f8d21,3895b053eb3f69e2c4cdc9ae4046467f551b26facb5a05fe6ebebdf44b39bfa1,,,,,921f5f16aca296a42e19df00b386ccbb0e885c900b6ded98cb4bbbbd9fa10cc8,7ec6da2b8cbe3058836a32ded5a0fdd03ca75cb7ad55fcd3eb716921de41c1a0,b5f337eb5bd459542548d1c4ca16695674d5fb418eede18e74951659789b1a59,DERIVED_STRICT_SNAPSHOT,DERIVED_STRICT_SNAPSHOT,DERIVED_CONSENSUS_RUNTIME_CODE,UNRESOLVED:requires_loupe_or_historical_event_resolver,UNRESOLVED_NO_CUTOFF_SOURCE_VERIFICATION_EVIDENCE,DERIVED_EXACT_CHAIN_ADDRESS,DERIVED_METADATA_STRIPPED_BYTECODE_SHA256,UNRESOLVED_INDEPENDENT_ADJUDICATION_REQUIRED,UNRESOLVED_INDEPENDENT_ADJUDICATION_REQUIRED,UNRESOLVED_METHODS_OWNER_FREEZE_REQUIRED
rl,defihacklabs,bsc,21794289,0x335ddce3f07b0bdafc03f56c1b30d3b269366666,,ca2-604ce8fc1c483067805c,2022-10-01,RL Token,Incorrect Reward calculation,src/test/2022-10/RL_exp.sol,bsc,https://github.com/SunWeb3Sec/DeFiHackLabs/blob/main/past/2022/README.md,frozen_public_source_hashed,e7668ddd37e305db9052d4f208bb3b87d1e75956950739d5e9f1fd66f4c26267,4bf47ce88fd3406cc0b17b04a55a21cee62f037f476c9839d360c277cb009026,"[""https://twitter.com/CertiKAlert/status/1576195971003858944""]",[],,exact_contract_basename,True,True,,,2022-10-01,,,,blocked_missing_onchain_and_availability_evidence,"[""missing:deployment_block"", ""missing:prediction_cutoff_block"", ""missing:source_availability_time"", ""missing:runtime_bytecode_hash_at_cutoff"", ""missing:outcome_adjudication_id""]",retained,,cases/ca2-604ce8fc1c483067805c.json,8902fc41f236c107abe4340473ce93bf5fbd3d3d6cbd857f15fbeb4c9657887f,cases/ca2-604ce8fc1c483067805c.json,144ed4f6109787bcfc3d9ca328779cf8d56c3a51ac119ec5a6513ac56fe0452c,,,,,,,,,,,,ca2-604ce8fc1c483067805c,cases/ca2-604ce8fc1c483067805c.json,144ed4f6109787bcfc3d9ca328779cf8d56c3a51ac119ec5a6513ac56fe0452c,2022-07-24T14:15:50Z,2022-07-25T14:15:52Z,4489,,,56:0x335ddce3f07b0bdafc03f56c1b30d3b269366666,642a640cc82acd9d57e9e556c62f1b1f07bacdbd1099d839686d35b3a1a0d643,,,,,bf7403f31a0d56cc9b48f5df87dae84c8a3a40342591a9b4d011ff87aed03788,405f93e890cfe82642101d2eabb1e59a218e42b22ca2c0cdc413f3a48ebef982,43dac430970f3485ddebd8eb7cb70449f589fa9ad1816ab48dc778cc5d229960,DERIVED_STRICT_SNAPSHOT,DERIVED_STRICT_SNAPSHOT,DERIVED_CONSENSUS_RUNTIME_CODE,UNRESOLVED:requires_loupe_or_historical_event_resolver,UNRESOLVED_NO_CUTOFF_SOURCE_VERIFICATION_EVIDENCE,DERIVED_EXACT_CHAIN_ADDRESS,DERIVED_METADATA_STRIPPED_BYTECODE_SHA256,UNRESOLVED_INDEPENDENT_ADJUDICATION_REQUIRED,UNRESOLVED_INDEPENDENT_ADJUDICATION_REQUIRED,UNRESOLVED_METHODS_OWNER_FREEZE_REQUIRED
res_2,defihacklabs,bsc,21948016,0xeccd8b08ac3b587b7175d40fb9c60a20990f8d21,,ca2-301863287cb1e49bdbb5,2022-10-06,RES-Token,pair manipulate,src/test/2022-10/RES_exp.sol,bsc,https://github.com/SunWeb3Sec/DeFiHackLabs/blob/main/past/2022/README.md,frozen_public_source_hashed,e7668ddd37e305db9052d4f208bb3b87d1e75956950739d5e9f1fd66f4c26267,1dbbd04e37edbe1dd2ff9ede49ad8136d5b3d8d641db8a241146a66538204fe9,"[""https://bscscan.com/tx/0xe59fa48212c4ee716c03e648e04f0ca390f4a4fc921a890fded0e01afa4ba96d"", ""https://twitter.com/AnciliaInc/status/1578119778446680064""]","[""0xe59fa48212c4ee716c03e648e04f0ca390f4a4fc921a890fded0e01afa4ba96d""]",,frozen_date_override,True,True,,,2022-10-06,,,,blocked_missing_onchain_and_availability_evidence,"[""missing:deployment_block"", ""missing:prediction_cutoff_block"", ""missing:source_availability_time"", ""missing:runtime_bytecode_hash_at_cutoff"", ""missing:outcome_adjudication_id""]",retained,,cases/ca2-301863287cb1e49bdbb5.json,e0ed5703bc0b0c2a3b412f8de4ed570816372f5ab0e249383eb380b6250e4945,cases/ca2-301863287cb1e49bdbb5.json,202a83f84ab2d363fd4e95e81c54e758b1c76af82de94e13042d05d0ed6665f5,,,,,,,,,,,,ca2-301863287cb1e49bdbb5,cases/ca2-301863287cb1e49bdbb5.json,202a83f84ab2d363fd4e95e81c54e758b1c76af82de94e13042d05d0ed6665f5,2022-07-20T13:06:03Z,2022-07-21T13:06:04Z,24510,,,56:0xeccd8b08ac3b587b7175d40fb9c60a20990f8d21,3895b053eb3f69e2c4cdc9ae4046467f551b26facb5a05fe6ebebdf44b39bfa1,,,,,a9e9e876eb0bf2b19e72c496cc26adb7497dd756e324ba40af432dc074b7c5f6,54f2fc384bb6deb30fd2c20c23f2e60a84ddbabf122375412d5dd1d90253f83d,015ec4fc7127280374cb9455a2524067d9b48ba1a301caa4459f7b31b46a83b0,DERIVED_STRICT_SNAPSHOT,DERIVED_STRICT_SNAPSHOT,DERIVED_CONSENSUS_RUNTIME_CODE,UNRESOLVED:requires_loupe_or_historical_event_resolver,UNRESOLVED_NO_CUTOFF_SOURCE_VERIFICATION_EVIDENCE,DERIVED_EXACT_CHAIN_ADDRESS,DERIVED_METADATA_STRIPPED_BYTECODE_SHA256,UNRESOLVED_INDEPENDENT_ADJUDICATION_REQUIRED,UNRESOLVED_INDEPENDENT_ADJUDICATION_REQUIRED,UNRESOLVED_METHODS_OWNER_FREEZE_REQUIRED
uerii,defihacklabs,ethereum,15767837,0x418c24191ae947a78c99fdc0e45a1f96afb254be,,ca2-5d74bde6e71788f42085,2022-10-17,Uerii Token,Access Control,src/test/2022-10/Uerii_exp.sol,mainnet,https://github.com/SunWeb3Sec/DeFiHackLabs/blob/main/past/2022/README.md,frozen_public_source_hashed,e7668ddd37e305db9052d4f208bb3b87d1e75956950739d5e9f1fd66f4c26267,1654298690070fa195b28553bebcf03ed68b7e44ed406b797d80984bf8a0bafb,"[""https://twitter.com/peckshield/status/1581988895142526976""]",[],$2.4 k,exact_contract_basename,True,True,,,2022-10-17,,,,blocked_missing_onchain_and_availability_evidence,"[""missing:deployment_block"", ""missing:prediction_cutoff_block"", ""missing:source_availability_time"", ""missing:runtime_bytecode_hash_at_cutoff"", ""missing:outcome_adjudication_id""]",retained,,cases/ca2-5d74bde6e71788f42085.json,638aca5b26afda740dff94958c10ea2908c32caec5dc7a92be62f84e9d0a9478,cases/ca2-5d74bde6e71788f42085.json,200042d3d476ec6c179247d4da76d744b701e1c6dd8c403d36285845d145a892,,,,,,,,,,,,ca2-5d74bde6e71788f42085,cases/ca2-5d74bde6e71788f42085.json,200042d3d476ec6c179247d4da76d744b701e1c6dd8c403d36285845d145a892,2021-11-15T01:25:28Z,2021-11-16T01:25:50Z,5562,,,1:0x418c24191ae947a78c99fdc0e45a1f96afb254be,5cfaf0c97558937c157cfa95ef79af8f13b8cb5c1e322820e1b986d1ad6c7ba1,,,,,5d07b512dc58a34cb884029e4d8059c42a9689bc4176132c8853a163f42451e9,a2e1f8863cdff712f8120594d2c2f40209bd25ffff4456cb483e45d9a6cfb840,812e17cf29843e0eec8d72174940585225b2faa1e826c2a56b7b6cb6a558692a,DERIVED_STRICT_SNAPSHOT,DERIVED_STRICT_SNAPSHOT,DERIVED_CONSENSUS_RUNTIME_CODE,UNRESOLVED:requires_loupe_or_historical_event_resolver,UNRESOLVED_NO_CUTOFF_SOURCE_VERIFICATION_EVIDENCE,DERIVED_EXACT_CHAIN_ADDRESS,DERIVED_METADATA_STRIPPED_BYTECODE_SHA256,UNRESOLVED_INDEPENDENT_ADJUDICATION_REQUIRED,UNRESOLVED_INDEPENDENT_ADJUDICATION_REQUIRED,UNRESOLVED_METHODS_OWNER_FREEZE_REQUIRED
templedao,defihacklabs,ethereum,15725066,0xd2869042e12a3506100af1d192b5b04d65137941,,ca2-e71c9a37159c80622f42,2022-10-11,Templedao,Insufficient access control,src/test/2022-10/Templedao_exp.sol,ethereum,https://github.com/SunWeb3Sec/DeFiHackLabs/blob/main/past/2022/README.md,frozen_public_source_hashed,e7668ddd37e305db9052d4f208bb3b87d1e75956950739d5e9f1fd66f4c26267,6b76732e2c68a560ae8b5c0f0d15030848042afcd80136eb3b27d6ce55762cdc,"[""https://etherscan.io/tx/0x8c3f442fc6d640a6ff3ea0b12be64f1d4609ea94edd2966f42c01cd9bdcf04b5"", ""https://twitter.com/BlockSecTeam/status/1579843881893769222""]","[""0x8c3f442fc6d640a6ff3ea0b12be64f1d4609ea94edd2966f42c01cd9bdcf04b5""]",$2.3 million,exact_contract_basename,True,True,,,2022-10-11,,,,blocked_missing_onchain_and_availability_evidence,"[""missing:deployment_block"", ""missing:prediction_cutoff_block"", ""missing:source_availability_time"", ""missing:runtime_bytecode_hash_at_cutoff"", ""missing:outcome_adjudication_id""]",retained,,cases/ca2-e71c9a37159c80622f42.json,e6f12a563857fd56ab63499ab0ace81b27751fb7e8024dd70593a69ece085f01,cases/ca2-e71c9a37159c80622f42.json,e7caf330f287c47e26da22a78688b534b48d27ba64563e8db23b1ed09f851f67,,,,,,,,,,,,ca2-e71c9a37159c80622f42,cases/ca2-e71c9a37159c80622f42.json,e7caf330f287c47e26da22a78688b534b48d27ba64563e8db23b1ed09f851f67,2022-06-02T00:35:35Z,2022-06-03T00:36:30Z,10524,,,1:0xd2869042e12a3506100af1d192b5b04d65137941,790af68cd5d62cf6a3aa1ba6c2d54b32d004e56701cd05f7def318d5cdc22706,,,,,2cadc01ccb074aaf9c65304d91a0297cc79c0448307567cd4d39398ab7e1938a,50b35d58a5a50f2cefe1b02d9bb95c1979ad137764cb261a68ae257259656051,087f3aa52752317159c9e557030c19a55b2d4c3a4bac0275d061d11405c41327,DERIVED_STRICT_SNAPSHOT,DERIVED_STRICT_SNAPSHOT,DERIVED_CONSENSUS_RUNTIME_CODE,UNRESOLVED:requires_loupe_or_historical_event_resolver,UNRESOLVED_NO_CUTOFF_SOURCE_VERIFICATION_EVIDENCE,DERIVED_EXACT_CHAIN_ADDRESS,DERIVED_METADATA_STRIPPED_BYTECODE_SHA256,UNRESOLVED_INDEPENDENT_ADJUDICATION_REQUIRED,UNRESOLVED_INDEPENDENT_ADJUDICATION_REQUIRED,UNRESOLVED_METHODS_OWNER_FREEZE_REQUIRED
vtf,defihacklabs,bsc,22535101,0xc6548caf18e20f88cc437a52b6d388b0d54d830d,,ca2-83e922a7f39b2bc4b4b1,2022-10-27,VTF Token,Incorrect Reward calculation,src/test/2022-10/VTF_exp.sol,bsc,https://github.com/SunWeb3Sec/DeFiHackLabs/blob/main/past/2022/README.md,frozen_public_source_hashed,e7668ddd37e305db9052d4f208bb3b87d1e75956950739d5e9f1fd66f4c26267,5d36cdbaf2577149dee0157b6dfc3195d8ce58eab869241635489c9bbe703964,"[""https://twitter.com/BeosinAlert/status/1585587030981218305"", ""https://twitter.com/BlockSecTeam/status/1585575129936977920"", ""https://twitter.com/peckshield/status/1585572694241988609""]",[],$50k,exact_contract_basename,True,True,,,2022-10-27,,,,blocked_missing_onchain_and_availability_evidence,"[""missing:deployment_block"", ""missing:prediction_cutoff_block"", ""missing:source_availability_time"", ""missing:runtime_bytecode_hash_at_cutoff"", ""missing:outcome_adjudication_id""]",retained,,cases/ca2-83e922a7f39b2bc4b4b1.json,c23eb6e8427c1223ad18fdeb18c6259eb86a7699613e2dc254c96cd5e323c90d,cases/ca2-83e922a7f39b2bc4b4b1.json,80007c136d8d44d531411b9e8f3a27197a895a9e80444dc2dc1eca242c5c01dc,,,,,,,,,,,,ca2-83e922a7f39b2bc4b4b1,cases/ca2-83e922a7f39b2bc4b4b1.json,80007c136d8d44d531411b9e8f3a27197a895a9e80444dc2dc1eca242c5c01dc,2022-10-09T13:43:10Z,2022-10-10T13:43:10Z,11483,,,56:0xc6548caf18e20f88cc437a52b6d388b0d54d830d,8abde77a16df7941eba9daec95410ccdb453d2d7540cea0be55c31daac947666,,,,,109f06f1a3c7e2232079270b3f5fbae5d101be18e5fa96d7fba73b12c4525906,5516adbb40b224d91ee2a3dca39bba41770f9f96d4fc07aa3c90dec66a5b9163,41d463e93ddb05be3174b508924c1d5ee2857d4d2cd219baa703b9ebd884f74a,DERIVED_STRICT_SNAPSHOT,DERIVED_STRICT_SNAPSHOT,DERIVED_CONSENSUS_RUNTIME_CODE,UNRESOLVED:requires_loupe_or_historical_event_resolver,UNRESOLVED_NO_CUTOFF_SOURCE_VERIFICATION_EVIDENCE,DERIVED_EXACT_CHAIN_ADDRESS,DERIVED_METADATA_STRIPPED_BYTECODE_SHA256,UNRESOLVED_INDEPENDENT_ADJUDICATION_REQUIRED,UNRESOLVED_INDEPENDENT_ADJUDICATION_REQUIRED,UNRESOLVED_METHODS_OWNER_FREEZE_REQUIRED
ulme,defihacklabs,bsc,22476695,0xae975a25646e6eb859615d0a147b909c13d31fed,,ca2-aa385c0e97d08a3f6364,2022-10-25,ULME,Access Control,src/test/2022-10/ULME_exp.sol,bsc,https://github.com/SunWeb3Sec/DeFiHackLabs/blob/main/past/2022/README.md,frozen_public_source_hashed,e7668ddd37e305db9052d4f208bb3b87d1e75956950739d5e9f1fd66f4c26267,cdf407823e4e95f546434c59ec7012fb89c14ae363f85652580392d25971c807,"[""https://medium.com/neptune-mutual/decoding-ulme-token-flash-loan-attack-56470d261787"", ""https://twitter.com/BeosinAlert/status/1584888021299916801"", ""https://twitter.com/BlockSecTeam/status/1584839309781135361""]",[],,exact_contract_basename,True,True,,,2022-10-25,,,,blocked_missing_onchain_and_availability_evidence,"[""missing:deployment_block"", ""missing:prediction_cutoff_block"", ""missing:source_availability_time"", ""missing:runtime_bytecode_hash_at_cutoff"", ""missing:outcome_adjudication_id""]",retained,,cases/ca2-aa385c0e97d08a3f6364.json,9a4c0675e68bc9672ad397f5e487a769bddb0386982932b359c25cba8d4357e3,cases/ca2-aa385c0e97d08a3f6364.json,2831e52d90d0f7dc0854a46c72b205a5749254d3eef56297621700980a37c276,,,,,,,,,,,,ca2-aa385c0e97d08a3f6364,cases/ca2-aa385c0e97d08a3f6364.json,2831e52d90d0f7dc0854a46c72b205a5749254d3eef56297621700980a37c276,2022-10-19T14:46:13Z,2022-10-20T14:46:15Z,15208,,,56:0xae975a25646e6eb859615d0a147b909c13d31fed,d45092df32e2eb5fede974e5e03343b59ecd0b04ae68c7adb267a0db6e4f7739,,,,,0eb20d15189a6dd8b09d11d643be43004416a993d3719b2e122f3e83acc2196e,e1c0c9ebcf6f3d5c84466915ad60f3eee2d6b60a075fcf9b3a137489ed13bae3,aa1cfb84da56bc36bd09474ca73b89a0c6bfe32f73e6b5654e16fa53d3899256,DERIVED_STRICT_SNAPSHOT,DERIVED_STRICT_SNAPSHOT,DERIVED_CONSENSUS_RUNTIME_CODE,UNRESOLVED:requires_loupe_or_historical_event_resolver,UNRESOLVED_NO_CUTOFF_SOURCE_VERIFICATION_EVIDENCE,DERIVED_EXACT_CHAIN_ADDRESS,DERIVED_METADATA_STRIPPED_BYTECODE_SHA256,UNRESOLVED_INDEPENDENT_ADJUDICATION_REQUIRED,UNRESOLVED_INDEPENDENT_ADJUDICATION_REQUIRED,UNRESOLVED_METHODS_OWNER_FREEZE_REQUIRED
teamfinance,defihacklabs,ethereum,15837893,0xe2fe530c047f2d85298b07d9333c05737f1435fb,,ca2-c2f4de8010f571d74d0d,2022-10-27,Team Finance,Liquidity Migration Exploit,src/test/2022-10/TeamFinance_exp.sol,mainnet,https://github.com/SunWeb3Sec/DeFiHackLabs/blob/main/past/2022/README.md,frozen_public_source_hashed,e7668ddd37e305db9052d4f208bb3b87d1e75956950739d5e9f1fd66f4c26267,6a0e8bd382922d81dcc1554154f4b378dd28d80882eaeb9867fcf36815ccb2f9,"[""https://twitter.com/BeosinAlert/status/1585578499125178369"", ""https://twitter.com/TeamFinance_/status/1585770918873542656"", ""https://twitter.com/peckshield/status/1585587858978623491"", ""https://twitter.com/solid_group_1/status/1585643249305518083""]",[],Multiple Tokens ~$15.8M US$,exact_contract_basename,True,True,,,2022-10-27,,,,blocked_missing_onchain_and_availability_evidence,"[""missing:deployment_block"", ""missing:prediction_cutoff_block"", ""missing:source_availability_time"", ""missing:runtime_bytecode_hash_at_cutoff"", ""missing:outcome_adjudication_id""]",retained,,cases/ca2-c2f4de8010f571d74d0d.json,e4680de00a096595508c69cabfdec7862516aa159e7447bfe83977378b77d522,cases/ca2-c2f4de8010f571d74d0d.json,bef10d5c62e22c5d0254c02499c4bbf674c6adf0ad3bbccefb36e7ef4955708c,,,,,,,,,,,,ca2-c2f4de8010f571d74d0d,cases/ca2-c2f4de8010f571d74d0d.json,bef10d5c62e22c5d0254c02499c4bbf674c6adf0ad3bbccefb36e7ef4955708c,2021-07-28T12:36:46Z,2021-07-29T12:36:55Z,2240,EIP1967_PROXY,,1:0xe2fe530c047f2d85298b07d9333c05737f1435fb,1d829175021139ea9eb11b51baa7ed3000585ab0cf51a236630a9492de3dd45a,eip1967:0xd4745c03d9b9d5bbeabb952cd5ad3f97ca64c675,,,,9f659b643ca333c13774c8260878aaf1d3edb02275c191bd031a8c8f76170925,140ae4d8c9f472108d80e3903e5419f7dd5fc06b6f858508a545972341493b51,4afbf2ea2a12f62144a77a6add45c699f477b23372938137c78a0270c3836f1c,DERIVED_STRICT_SNAPSHOT,DERIVED_STRICT_SNAPSHOT,DERIVED_CONSENSUS_RUNTIME_CODE,VERIFIED_STANDARD_PROXY,UNRESOLVED_NO_CUTOFF_SOURCE_VERIFICATION_EVIDENCE,DERIVED_EXACT_CHAIN_ADDRESS,DERIVED_METADATA_STRIPPED_BYTECODE_SHA256,UNRESOLVED_INDEPENDENT_ADJUDICATION_REQUIRED,UNRESOLVED_INDEPENDENT_ADJUDICATION_REQUIRED,UNRESOLVED_METHODS_OWNER_FREEZE_REQUIRED
ulme_2,defihacklabs,bsc,22476695,0xae975a25646e6eb859615d0a147b909c13d31fed,,ca2-96f365accfda88170b34,2022-10-25,ULME,Access Control,src/test/2022-10/ULME_exp.sol,bsc,https://github.com/SunWeb3Sec/DeFiHackLabs/blob/main/past/2022/README.md,frozen_public_source_hashed,e7668ddd37e305db9052d4f208bb3b87d1e75956950739d5e9f1fd66f4c26267,cdf407823e4e95f546434c59ec7012fb89c14ae363f85652580392d25971c807,"[""https://medium.com/neptune-mutual/decoding-ulme-token-flash-loan-attack-56470d261787"", ""https://twitter.com/BeosinAlert/status/1584888021299916801"", ""https://twitter.com/BlockSecTeam/status/1584839309781135361""]",[],,normalized_title_fallback,True,True,,,2022-10-25,,,,blocked_missing_onchain_and_availability_evidence,"[""missing:deployment_block"", ""missing:prediction_cutoff_block"", ""missing:source_availability_time"", ""missing:runtime_bytecode_hash_at_cutoff"", ""missing:outcome_adjudication_id""]",retained,,cases/ca2-96f365accfda88170b34.json,277731b162da13730c76093a33f9fc9bf473e29f844b5006f95752d3fe5490d8,cases/ca2-96f365accfda88170b34.json,3e3ba6823c3402e95eb7828a5d6b777f043affa9d2dbadb0a96a838acc480739,,,,,,,,,,,,ca2-96f365accfda88170b34,cases/ca2-96f365accfda88170b34.json,3e3ba6823c3402e95eb7828a5d6b777f043affa9d2dbadb0a96a838acc480739,2022-10-19T14:46:13Z,2022-10-20T14:46:15Z,15208,,,56:0xae975a25646e6eb859615d0a147b909c13d31fed,d45092df32e2eb5fede974e5e03343b59ecd0b04ae68c7adb267a0db6e4f7739,,,,,194a0da76d1fc22e3a003976536cb7a47fd83516323d8949ad338b16a6e3a177,2cd471e22425402fd8b667fe3b39b7d7de53c360bb4ad0b3de1b87fb79cc19c2,ec1b30da5a9c5d3a405b27a28ab9c6ed7bf9b9cf7e13f869cc6363506973ab54,DERIVED_STRICT_SNAPSHOT,DERIVED_STRICT_SNAPSHOT,DERIVED_CONSENSUS_RUNTIME_CODE,UNRESOLVED:requires_loupe_or_historical_event_resolver,UNRESOLVED_NO_CUTOFF_SOURCE_VERIFICATION_EVIDENCE,DERIVED_EXACT_CHAIN_ADDRESS,DERIVED_METADATA_STRIPPED_BYTECODE_SHA256,UNRESOLVED_INDEPENDENT_ADJUDICATION_REQUIRED,UNRESOLVED_INDEPENDENT_ADJUDICATION_REQUIRED,UNRESOLVED_METHODS_OWNER_FREEZE_REQUIRED
aur,defihacklabs,bsc,23282134,0x70678291bddfd95498d1214be368e19e882f7614,,ca2-b141324cdd440e7feb3e,2022-11-22,AUR,Lack of Permission Check,src/test/2022-11/AUR_exp.sol,bsc,https://github.com/SunWeb3Sec/DeFiHackLabs/blob/main/past/2022/README.md,frozen_public_source_hashed,e7668ddd37e305db9052d4f208bb3b87d1e75956950739d5e9f1fd66f4c26267,a1adaf41dd11076a0c6abe847a5a99f7c01768579fff99e51ec958f98aed2032,"[""https://twitter.com/AnciliaInc/status/1595142246570958848""]",[],$13k,exact_contract_basename,True,True,,,2022-11-22,,,,blocked_missing_onchain_and_availability_evidence,"[""missing:deployment_block"", ""missing:prediction_cutoff_block"", ""missing:source_availability_time"", ""missing:runtime_bytecode_hash_at_cutoff"", ""missing:outcome_adjudication_id""]",retained,,cases/ca2-b141324cdd440e7feb3e.json,4dd08bbd5bdcdc814a499a49b9b701ef2cede428ffb3e198f7dae8c514806404,cases/ca2-b141324cdd440e7feb3e.json,dd0ee39e93ac6221ce868ef3284663e01194fdd4a1753447db29772acfd178ac,,,,,,,,,,,,ca2-b141324cdd440e7feb3e,cases/ca2-b141324cdd440e7feb3e.json,dd0ee39e93ac6221ce868ef3284663e01194fdd4a1753447db29772acfd178ac,2022-06-21T15:33:18Z,2022-06-22T15:33:18Z,4525,,,56:0x70678291bddfd95498d1214be368e19e882f7614,458fc8415a39ab262773c5ead8cd35aa5145c2fdfe09b13b8c794f4a9047ddaa,,,,,b44edaa3fc5f9bf4cb3f3aff8e43d384eb51fb899fe13c0decb67649e953152e,7ef258ab4d3e7ccb644f27c4c72da0ab2ebbdb17f2056a73ba8c0513314ef05e,92e2e589e3c0735b9d7796719127567e192fde0523090a765a74d197006ba5a6,DERIVED_STRICT_SNAPSHOT,DERIVED_STRICT_SNAPSHOT,DERIVED_CONSENSUS_RUNTIME_CODE,UNRESOLVED:requires_loupe_or_historical_event_resolver,UNRESOLVED_NO_CUTOFF_SOURCE_VERIFICATION_EVIDENCE,DERIVED_EXACT_CHAIN_ADDRESS,DERIVED_METADATA_STRIPPED_BYTECODE_SHA256,UNRESOLVED_INDEPENDENT_ADJUDICATION_REQUIRED,UNRESOLVED_INDEPENDENT_ADJUDICATION_REQUIRED,UNRESOLVED_METHODS_OWNER_FREEZE_REQUIRED
annex,defihacklabs,bsc,23165446,0xe65e970f065643ba80e5822edff483a1d75263e3,,ca2-a13694fcc2f9f05dda72,2022-11-19,AnnexFinance,Verify flashLoan Callback,src/test/2022-11/Annex_exp.sol,bsc,https://github.com/SunWeb3Sec/DeFiHackLabs/blob/main/past/2022/README.md,frozen_public_source_hashed,e7668ddd37e305db9052d4f208bb3b87d1e75956950739d5e9f1fd66f4c26267,e742a9533015d11cdc16dd7199f05e94aeb146693ddbbb56822682c4c62144a5,"[""https://twitter.com/AnciliaInc/status/1593690338526273536""]",[],$3k,exact_contract_basename,True,True,,,2022-11-19,,,,blocked_missing_onchain_and_availability_evidence,"[""missing:deployment_block"", ""missing:prediction_cutoff_block"", ""missing:source_availability_time"", ""missing:runtime_bytecode_hash_at_cutoff"", ""missing:outcome_adjudication_id""]",retained,,cases/ca2-a13694fcc2f9f05dda72.json,b2426af653e0c9ec4f77fea36c5e152603813c69aa525134c8bf4666ed2f8441,cases/ca2-a13694fcc2f9f05dda72.json,ab32c2c3c095f8b04c580397fd6bac98442035ee2ae684cae259e498839d0b62,,,,,,,,,,,,ca2-a13694fcc2f9f05dda72,cases/ca2-a13694fcc2f9f05dda72.json,ab32c2c3c095f8b04c580397fd6bac98442035ee2ae684cae259e498839d0b62,2022-11-17T07:31:44Z,2022-11-18T07:31:46Z,13084,,,56:0xe65e970f065643ba80e5822edff483a1d75263e3,e034b691959cbb2514414b8fc11eb84deaf809c3d2d2a7ba6759854ef19af9f0,,,,,8a397dfb67c756139aa40cea558dd4d8c77d416311cbce4d0f8f9d538ad97073,3158f90e0b7b22c35e7440ae3fb23a580f9ab586c0e79858f4b30ea152194996,ef5a7029158e7787259acdf28d182f524dcc2cb34f100dca3faf7c78812462b0,DERIVED_STRICT_SNAPSHOT,DERIVED_STRICT_SNAPSHOT,DERIVED_CONSENSUS_RUNTIME_CODE,UNRESOLVED:requires_loupe_or_historical_event_resolver,UNRESOLVED_NO_CUTOFF_SOURCE_VERIFICATION_EVIDENCE,DERIVED_EXACT_CHAIN_ADDRESS,DERIVED_METADATA_STRIPPED_BYTECODE_SHA256,UNRESOLVED_INDEPENDENT_ADJUDICATION_REQUIRED,UNRESOLVED_INDEPENDENT_ADJUDICATION_REQUIRED,UNRESOLVED_METHODS_OWNER_FREEZE_REQUIRED
xavefinance,defihacklabs,ethereum,15704736,0x8f9036732b9aa9b82d8f35e54b71faeb2f573e2f,,ca2-4c7dcc457e38b7cc78ee,2022-10-09,Xave Finance,Malicious Proposal Mint & Transfer Ownership,src/test/2022-10/XaveFinance_exp.sol,ethereum,https://github.com/SunWeb3Sec/DeFiHackLabs/blob/main/past/2022/README.md,frozen_public_source_hashed,e7668ddd37e305db9052d4f208bb3b87d1e75956950739d5e9f1fd66f4c26267,450c1eed9cbbb389605b19e2b6ba170d61dbfe8eaf90ef0f3efb5111927f9f80,"[""https://etherscan.io/tx/0xc18ec2eb7d41638d9982281e766945d0428aaeda6211b4ccb6626ea7cff31f4a"", ""https://twitter.com/BeosinAlert/status/1579040051853303808""]","[""0xc18ec2eb7d41638d9982281e766945d0428aaeda6211b4ccb6626ea7cff31f4a""]","100,000,000,000,000 RNBW",exact_contract_basename,True,True,,,2022-10-09,,,,blocked_missing_onchain_and_availability_evidence,"[""missing:deployment_block"", ""missing:prediction_cutoff_block"", ""missing:source_availability_time"", ""missing:runtime_bytecode_hash_at_cutoff"", ""missing:outcome_adjudication_id""]",retained,,cases/ca2-4c7dcc457e38b7cc78ee.json,6eef4e278ea321560b95e4159e34437f006a02489a8279ec1678708fc4039c5a,cases/ca2-4c7dcc457e38b7cc78ee.json,69c533b05a25259364c2db046391aafd4f2611bd6d6196f36c373754fcbb6e2b,,,,,,,,,,,,ca2-4c7dcc457e38b7cc78ee,cases/ca2-4c7dcc457e38b7cc78ee.json,69c533b05a25259364c2db046391aafd4f2611bd6d6196f36c373754fcbb6e2b,2021-06-24T18:41:14Z,2021-06-25T18:41:21Z,15795,,,1:0x8f9036732b9aa9b82d8f35e54b71faeb2f573e2f,34e6eec10f7087089aa40ec59862db9ab3f4e42c48ca697c8a350d8b684d4b21,,,,,910233902b12856f2c126ef8c8a6beee81c56b5bd4547b3feb2c996e73b833ab,7dc84dff8b7db3ef03fcf3122e137fb131d718b6aad22522135e39f1657da349,56fa53dca3c32ef780449e48fd8cf443fbf06a42876c93b367e9690621e4d8e7,DERIVED_STRICT_SNAPSHOT,DERIVED_STRICT_SNAPSHOT,DERIVED_CONSENSUS_RUNTIME_CODE,UNRESOLVED:requires_loupe_or_historical_event_resolver,UNRESOLVED_NO_CUTOFF_SOURCE_VERIFICATION_EVIDENCE,DERIVED_EXACT_CHAIN_ADDRESS,DERIVED_METADATA_STRIPPED_BYTECODE_SHA256,UNRESOLVED_INDEPENDENT_ADJUDICATION_REQUIRED,UNRESOLVED_INDEPENDENT_ADJUDICATION_REQUIRED,UNRESOLVED_METHODS_OWNER_FREEZE_REQUIRED
bdex,defihacklabs,bsc,22629431,0xb2b1dc3204ee8899d6575f419e72b53e370f6b20,,ca2-d21da7d9fce0924660dc,2022-11-05,BDEX,Business Logic Flaw,src/test/2022-11/BDEX_exp.sol,bsc,https://github.com/SunWeb3Sec/DeFiHackLabs/blob/main/past/2022/README.md,frozen_public_source_hashed,e7668ddd37e305db9052d4f208bb3b87d1e75956950739d5e9f1fd66f4c26267,d7356a5b6c7826496bf5c92e42ee8d41decc81ac2d426a9956fb48b508e80f61,"[""https://twitter.com/BeosinAlert/status/1588579143830343683""]",[],16WBNB,exact_contract_basename,True,True,,,2022-11-05,,,,blocked_missing_onchain_and_availability_evidence,"[""missing:deployment_block"", ""missing:prediction_cutoff_block"", ""missing:source_availability_time"", ""missing:runtime_bytecode_hash_at_cutoff"", ""missing:outcome_adjudication_id""]",retained,,cases/ca2-d21da7d9fce0924660dc.json,144cfec3b0e280da0b39792e2a84695efd070723d7e4a25e5584c4b15d30135c,cases/ca2-d21da7d9fce0924660dc.json,9ff585b4f1f14aa0d710fd417697876147bb67ae1043cf59bf5e6a56c17f4829,,,,,,,,,,,,ca2-d21da7d9fce0924660dc,cases/ca2-d21da7d9fce0924660dc.json,9ff585b4f1f14aa0d710fd417697876147bb67ae1043cf59bf5e6a56c17f4829,2021-05-11T06:52:16Z,2021-05-12T06:52:17Z,22366,,,56:0xb2b1dc3204ee8899d6575f419e72b53e370f6b20,fc258b6a5f7e58d006327be1dc62908a9be9b72d121802a9dd3285d7d168e10b,,,,,db07f4c151a15d495f5619e6f702a8f22993131eb9a2f3d30a8b6f2a07eb3442,6572db2e52ef8aa063b6ae7ab0e116ef9afdbb308c5c0d7c8b6059f52fca6870,81e2eaffa9469fa82c4e4945cf046abdad582922349fe68978b57efe171377a3,DERIVED_STRICT_SNAPSHOT,DERIVED_STRICT_SNAPSHOT,DERIVED_CONSENSUS_RUNTIME_CODE,UNRESOLVED:requires_loupe_or_historical_event_resolver,UNRESOLVED_NO_CUTOFF_SOURCE_VERIFICATION_EVIDENCE,DERIVED_EXACT_CHAIN_ADDRESS,DERIVED_METADATA_STRIPPED_BYTECODE_SHA256,UNRESOLVED_INDEPENDENT_ADJUDICATION_REQUIRED,UNRESOLVED_INDEPENDENT_ADJUDICATION_REQUIRED,UNRESOLVED_METHODS_OWNER_FREEZE_REQUIRED
kashi,defihacklabs,ethereum,15928289,0xbb02a884621fb8f5bfd263a67f58b65df5b090f3,,ca2-2ba749707a4aa17e7fd0,2022-11-08,Kashi,Price-caching Design Defect,src/test/2022-11/Kashi_exp.sol,mainnet,https://github.com/SunWeb3Sec/DeFiHackLabs/blob/main/past/2022/README.md,frozen_public_source_hashed,e7668ddd37e305db9052d4f208bb3b87d1e75956950739d5e9f1fd66f4c26267,b77c60f150c5c25dd906c2a9903f85b1fafd528d087091821a1d60cdca30cde7,"[""https://eigenphi.substack.com/p/casting-a-magic-spell-on-abracadabra"", ""https://twitter.com/BlockSecTeam/status/1603633067876155393""]",[],$110k,exact_contract_basename,True,True,,,2022-11-08,,,,blocked_missing_onchain_and_availability_evidence,"[""missing:deployment_block"", ""missing:prediction_cutoff_block"", ""missing:source_availability_time"", ""missing:runtime_bytecode_hash_at_cutoff"", ""missing:outcome_adjudication_id""]",retained,,cases/ca2-2ba749707a4aa17e7fd0.json,20e7c98d49cf8d217548c76b45df333ce378faf7a68664819b2cdee2fbb0844b,cases/ca2-2ba749707a4aa17e7fd0.json,dc0007ee22ed4954330100ab484a4fa1c92f0fbc9a46e971fb1bb1680657e014,,,,,,,,,,,,ca2-2ba749707a4aa17e7fd0,cases/ca2-2ba749707a4aa17e7fd0.json,dc0007ee22ed4954330100ab484a4fa1c92f0fbc9a46e971fb1bb1680657e014,2021-06-03T02:51:37Z,2021-06-04T02:51:42Z,45,EIP1167_PROXY,,1:0xbb02a884621fb8f5bfd263a67f58b65df5b090f3,ec2ef6abe31b3d7c87498c7cbfabc0ad3b335302a6562fe471615a69f8a8e7b5,eip1167:0x4a9cb5d0b755275fd188f87c0a8df531b0c7c7d2,,,,40767bb18ba89c404fce72dfe1df474c91ac3d83fa39ce1dc127fe6c416a2af5,afeec5225878217c31fcc428a939ca7ef2ede1013dd96f88d983b29916a7cf59,80d1e4ead926e301d68f874f1167e41ee01635ccf864ef3f53277299553e2be8,DERIVED_STRICT_SNAPSHOT,DERIVED_STRICT_SNAPSHOT,DERIVED_CONSENSUS_RUNTIME_CODE,VERIFIED_STANDARD_PROXY,UNRESOLVED_NO_CUTOFF_SOURCE_VERIFICATION_EVIDENCE,DERIVED_EXACT_CHAIN_ADDRESS,DERIVED_METADATA_STRIPPED_BYTECODE_SHA256,UNRESOLVED_INDEPENDENT_ADJUDICATION_REQUIRED,UNRESOLVED_INDEPENDENT_ADJUDICATION_REQUIRED,UNRESOLVED_METHODS_OWNER_FREEZE_REQUIRED
mbc_zzsh,defihacklabs,bsc,23474460,0x4e87880a72f6896e7e0a635a5838ffc89b13bd17,,ca2-5c60ed4125f7ab7d31ea,2022-11-29,MBC & ZZSH,Business Logic Flaw & Access Control,src/test/2022-11/MBC_ZZSH_exp.sol,bsc,https://github.com/SunWeb3Sec/DeFiHackLabs/blob/main/past/2022/README.md,frozen_public_source_hashed,e7668ddd37e305db9052d4f208bb3b87d1e75956950739d5e9f1fd66f4c26267,a80a6cc927c627a9050079687a39fd6a54d9ea5e91c06e0f04c64bc526927f7a,"[""https://twitter.com/AnciliaInc/status/1597742575623888896"", ""https://twitter.com/CertiKAlert/status/1597639717096460288""]",[],,exact_contract_basename,True,True,,,2022-11-29,,,,blocked_missing_onchain_and_availability_evidence,"[""missing:deployment_block"", ""missing:prediction_cutoff_block"", ""missing:source_availability_time"", ""missing:runtime_bytecode_hash_at_cutoff"", ""missing:outcome_adjudication_id""]",retained,,cases/ca2-5c60ed4125f7ab7d31ea.json,8bac56c12504bd6da49726892fa73f8be542f3fb71f45926e5cfb0860871f2c6,cases/ca2-5c60ed4125f7ab7d31ea.json,676c4d2bc611d6139ca9580d6b6ccf01a4ae66c137018c5f508d88bbb0e727b1,,,,,,,,,,,,ca2-5c60ed4125f7ab7d31ea,cases/ca2-5c60ed4125f7ab7d31ea.json,676c4d2bc611d6139ca9580d6b6ccf01a4ae66c137018c5f508d88bbb0e727b1,2022-07-30T14:14:32Z,2022-07-31T14:14:34Z,9303,,,56:0x4e87880a72f6896e7e0a635a5838ffc89b13bd17,35bcf477985663c29f238316f3324cc7cf46c91765fb381a70a8d00f06f8101f,,,,,b3d08158ad5394fea40f0b723a32d15c15b61a1af0c3cbb0993348b3583d0746,917b71c7fdca1170bf8e974af3b5c9e24c5055422af69ad5f4521fce13c9901e,9ed33fc41f3c1d832c5a1eaffb6bd59972bd32219a08145d0c295b6ec208c9fa,DERIVED_STRICT_SNAPSHOT,DERIVED_STRICT_SNAPSHOT,DERIVED_CONSENSUS_RUNTIME_CODE,UNRESOLVED:requires_loupe_or_historical_event_resolver,UNRESOLVED_NO_CUTOFF_SOURCE_VERIFICATION_EVIDENCE,DERIVED_EXACT_CHAIN_ADDRESS,DERIVED_METADATA_STRIPPED_BYTECODE_SHA256,UNRESOLVED_INDEPENDENT_ADJUDICATION_REQUIRED,UNRESOLVED_INDEPENDENT_ADJUDICATION_REQUIRED,UNRESOLVED_METHODS_OWNER_FREEZE_REQUIRED
brahtopg,defihacklabs,ethereum,15933794,0xd248b30a3207a766d318c7a87f5cf334a439446d,,ca2-a25eb49dc8b847fae718,2022-11-09,BrahTOPG,Arbitrary External Call Vulnerability,src/test/2022-11/BrahTOPG_exp.sol,mainnet,https://github.com/SunWeb3Sec/DeFiHackLabs/blob/main/past/2022/README.md,frozen_public_source_hashed,e7668ddd37e305db9052d4f208bb3b87d1e75956950739d5e9f1fd66f4c26267,064f316b99b0a1f98a34984d48a489c4eb79f0faa95bfe06d70834fea54d5b84,"[""https://twitter.com/SlowMist_Team/status/1590685173477101570""]",[],$89k,exact_contract_basename,True,True,,,2022-11-09,,,,blocked_missing_onchain_and_availability_evidence,"[""missing:deployment_block"", ""missing:prediction_cutoff_block"", ""missing:source_availability_time"", ""missing:runtime_bytecode_hash_at_cutoff"", ""missing:outcome_adjudication_id""]",retained,,cases/ca2-a25eb49dc8b847fae718.json,027a09a255d473cfaeb48784ee33b81fc36d6f2ad553b9143442d413b2d32192,cases/ca2-a25eb49dc8b847fae718.json,c0f98201319ddb0ed75d545101b632b75cbd4071db75c3e561db0ce29aced9a1,,,,,,,,,,,,ca2-a25eb49dc8b847fae718,cases/ca2-a25eb49dc8b847fae718.json,c0f98201319ddb0ed75d545101b632b75cbd4071db75c3e561db0ce29aced9a1,2022-11-07T15:45:35Z,2022-11-08T15:45:35Z,5043,,,1:0xd248b30a3207a766d318c7a87f5cf334a439446d,06fc0961eb25cc9c1754239ac14bcb10278b105e5990b3e4f9ef15642d391e70,,,,,88c4219918d62267c9718e833a3bf50a28ebd5a4aee500a02b984c9ca46a0bfe,88ec253473b283d14b4c434ecf43813e7929e37e735206fc40dd5f5bf30bd716,cedfe857bf02e47a01113f67a7bcb7f53baadfd49585714978396ee09710e183,DERIVED_STRICT_SNAPSHOT,DERIVED_STRICT_SNAPSHOT,DERIVED_CONSENSUS_RUNTIME_CODE,UNRESOLVED:requires_loupe_or_historical_event_resolver,UNRESOLVED_NO_CUTOFF_SOURCE_VERIFICATION_EVIDENCE,DERIVED_EXACT_CHAIN_ADDRESS,DERIVED_METADATA_STRIPPED_BYTECODE_SHA256,UNRESOLVED_INDEPENDENT_ADJUDICATION_REQUIRED,UNRESOLVED_INDEPENDENT_ADJUDICATION_REQUIRED,UNRESOLVED_METHODS_OWNER_FREEZE_REQUIRED
num,defihacklabs,ethereum,16029969,0x765277eebeca2e31912c9946eae1021199b39c61,,ca2-759d84cb92c4b203c71e,2022-11-23,NUM,Protocol Token incompatible,src/test/2022-11/NUM_exp.sol,mainnet,https://github.com/SunWeb3Sec/DeFiHackLabs/blob/main/past/2022/README.md,frozen_public_source_hashed,e7668ddd37e305db9052d4f208bb3b87d1e75956950739d5e9f1fd66f4c26267,aeb636da37cd692bf6edbc12347f76d2dcc41adfe17e68a668154e54ecaa6626,"[""https://twitter.com/BlockSecTeam/status/1595346020237352960""]",[],,exact_contract_basename,True,True,,,2022-11-23,,,,blocked_missing_onchain_and_availability_evidence,"[""missing:deployment_block"", ""missing:prediction_cutoff_block"", ""missing:source_availability_time"", ""missing:runtime_bytecode_hash_at_cutoff"", ""missing:outcome_adjudication_id""]",retained,,cases/ca2-759d84cb92c4b203c71e.json,7084cfccde3ed2ec96a7499fa322140e8596693c5fe2124ba6e95801f4442968,cases/ca2-759d84cb92c4b203c71e.json,157ecfdced64b431bbaa71acf3c573073b1c3e6cbe7a59fce6db96e12a9930bb,,,,,,,,,,,,ca2-759d84cb92c4b203c71e,cases/ca2-759d84cb92c4b203c71e.json,157ecfdced64b431bbaa71acf3c573073b1c3e6cbe7a59fce6db96e12a9930bb,2021-04-15T04:55:07Z,2021-04-16T04:55:14Z,18508,,,1:0x765277eebeca2e31912c9946eae1021199b39c61,e3e265573ae71cf116c3b0fd2a2640642d4801eb5baf7d470c8446812bd7f74a,,,,,88f59c8ae74093257518b1f48d5a0edcc000c9a12735b9d31ee982e5313b2136,b975489437f0989162a7fc380640bb75c501ea395da0eb908cf72546614de59a,c697cd966655ba984e161f1113d39f36df470a037c46a4933a5084786a67d530,DERIVED_STRICT_SNAPSHOT,DERIVED_STRICT_SNAPSHOT,DERIVED_CONSENSUS_RUNTIME_CODE,UNRESOLVED:requires_loupe_or_historical_event_resolver,UNRESOLVED_NO_CUTOFF_SOURCE_VERIFICATION_EVIDENCE,DERIVED_EXACT_CHAIN_ADDRESS,DERIVED_METADATA_STRIPPED_BYTECODE_SHA256,UNRESOLVED_INDEPENDENT_ADJUDICATION_REQUIRED,UNRESOLVED_INDEPENDENT_ADJUDICATION_REQUIRED,UNRESOLVED_METHODS_OWNER_FREEZE_REQUIRED
sdao,defihacklabs,bsc,23241440,0x6666625ab26131b490e7015333f97306f05bf816,,ca2-8b0370be76c7c7e05d59,2022-11-21,sDAO,Business Logic Flaw,src/test/2022-11/SDAO_exp.sol,bsc,https://github.com/SunWeb3Sec/DeFiHackLabs/blob/main/past/2022/README.md,frozen_public_source_hashed,e7668ddd37e305db9052d4f208bb3b87d1e75956950739d5e9f1fd66f4c26267,1a06914e310c71e938fe55a12bbae8cc4f3c4d41c7aba4319bef418e1d845a67,"[""https://twitter.com/8olidity/status/1594693686398316544"", ""https://twitter.com/CertiKAlert/status/1594615286556393478""]",[],$13k,exact_contract_basename,True,True,,,2022-11-21,,,,blocked_missing_onchain_and_availability_evidence,"[""missing:deployment_block"", ""missing:prediction_cutoff_block"", ""missing:source_availability_time"", ""missing:runtime_bytecode_hash_at_cutoff"", ""missing:outcome_adjudication_id""]",retained,,cases/ca2-8b0370be76c7c7e05d59.json,2aebf0d18d9d0fe4d2cfeaa473c748661482791700247a7c4891fa00ee2fd9f4,cases/ca2-8b0370be76c7c7e05d59.json,b11c7234930fc96640a1d968af860b11b85c59bc7b4b5d8ae84bce8e5c52df17,,,,,,,,,,,,ca2-8b0370be76c7c7e05d59,cases/ca2-8b0370be76c7c7e05d59.json,b11c7234930fc96640a1d968af860b11b85c59bc7b4b5d8ae84bce8e5c52df17,2022-06-06T04:03:33Z,2022-06-07T04:03:35Z,9722,,,56:0x6666625ab26131b490e7015333f97306f05bf816,191765e32aa2ffd61c81a53cace74ebf3d958c734913c5e0b3f3f9a622e5ee57,,,,,9408e1547d28f1208cfc64e878fd9151bde18405f9cf21b7aa52141ae5bbbb6f,e6c894881cc21a6fdf34fd88a1f6054a2677c29a8f67cea3ed343c9f7d4a4373,4041868f77c31acc88daabab4c4d6dd74742ca5a893181d79c2b48fdb064ad75,DERIVED_STRICT_SNAPSHOT,DERIVED_STRICT_SNAPSHOT,DERIVED_CONSENSUS_RUNTIME_CODE,UNRESOLVED:requires_loupe_or_historical_event_resolver,UNRESOLVED_NO_CUTOFF_SOURCE_VERIFICATION_EVIDENCE,DERIVED_EXACT_CHAIN_ADDRESS,DERIVED_METADATA_STRIPPED_BYTECODE_SHA256,UNRESOLVED_INDEPENDENT_ADJUDICATION_REQUIRED,UNRESOLVED_INDEPENDENT_ADJUDICATION_REQUIRED,UNRESOLVED_METHODS_OWNER_FREEZE_REQUIRED
dfx,defihacklabs,ethereum,15941703,0x46161158b1947d9149e066d6d31af1283b2d377c,,ca2-7ab9ecf055348c803def,2022-11-10,DFXFinance,Reentrancy,src/test/2022-11/DFX_exp.sol,mainnet,https://github.com/SunWeb3Sec/DeFiHackLabs/blob/main/past/2022/README.md,frozen_public_source_hashed,e7668ddd37e305db9052d4f208bb3b87d1e75956950739d5e9f1fd66f4c26267,0a764876626e11ef7fe89899ac826a198d0f8da9dd76a0a5e1b008a2ec10c3e3,"[""https://twitter.com/AnciliaInc/status/1590839104731684865"", ""https://twitter.com/BeosinAlert/status/1591012525914861570"", ""https://twitter.com/BlockSecTeam/status/1590960299246780417"", ""https://twitter.com/peckshield/status/1590831589004816384""]",[],$4M,exact_contract_basename,True,True,,,2022-11-10,,,,blocked_missing_onchain_and_availability_evidence,"[""missing:deployment_block"", ""missing:prediction_cutoff_block"", ""missing:source_availability_time"", ""missing:runtime_bytecode_hash_at_cutoff"", ""missing:outcome_adjudication_id""]",retained,,cases/ca2-7ab9ecf055348c803def.json,663c2ffb85cb5d52f7bfb7a1a39d4ad2a09a7a6230b991032b98ca6b8f452153,cases/ca2-7ab9ecf055348c803def.json,3416981aa1916729359ba95fac2a90d33728477f9a815d0c2c3f0d361ccf752f,,,,,,,,,,,,ca2-7ab9ecf055348c803def,cases/ca2-7ab9ecf055348c803def.json,3416981aa1916729359ba95fac2a90d33728477f9a815d0c2c3f0d361ccf752f,2022-10-14T16:44:47Z,2022-10-15T16:44:47Z,13206,,,1:0x46161158b1947d9149e066d6d31af1283b2d377c,ce30c4d194c5282a83e422b1727c610f1981b22ade100fcc00ba97bc67b3bb57,,,,,d6c848fbd8ae28ae51673d77514328d8ad8f5bd3a40903f647a5b64bf90b3a70,e0098cc21a02bc7e5d549e731ef720f03de11b26da94be26f5e9d76ca190a524,4bd92dadeed9857ecb3804f10c8a5e0e4d2594d44f465094f527a46247461899,DERIVED_STRICT_SNAPSHOT,DERIVED_STRICT_SNAPSHOT,DERIVED_CONSENSUS_RUNTIME_CODE,UNRESOLVED:requires_loupe_or_historical_event_resolver,UNRESOLVED_NO_CUTOFF_SOURCE_VERIFICATION_EVIDENCE,DERIVED_EXACT_CHAIN_ADDRESS,DERIVED_METADATA_STRIPPED_BYTECODE_SHA256,UNRESOLVED_INDEPENDENT_ADJUDICATION_REQUIRED,UNRESOLVED_INDEPENDENT_ADJUDICATION_REQUIRED,UNRESOLVED_METHODS_OWNER_FREEZE_REQUIRED
moocakectx,defihacklabs,bsc,22832427,0x489afbaed0ea796712c9a6d366c16ca3876d8184,,ca2-8eea98fa7851e4eaf7d3,2022-11-07,MooCAKECTX,FlashLoan Attack,src/test/2022-11/MooCAKECTX_exp.sol,bsc,https://github.com/SunWeb3Sec/DeFiHackLabs/blob/main/past/2022/README.md,frozen_public_source_hashed,e7668ddd37e305db9052d4f208bb3b87d1e75956950739d5e9f1fd66f4c26267,3af7845d9257437b50e85a2bc7125fe16b6e1bdd14a128ac6dd573a8c7326a75,"[""https://twitter.com/BeosinAlert/status/1589501207181393920"", ""https://twitter.com/CertiKAlert/status/1589428153591615488""]",[],$140k,exact_contract_basename,True,True,,,2022-11-07,,,,blocked_missing_onchain_and_availability_evidence,"[""missing:deployment_block"", ""missing:prediction_cutoff_block"", ""missing:source_availability_time"", ""missing:runtime_bytecode_hash_at_cutoff"", ""missing:outcome_adjudication_id""]",retained,,cases/ca2-8eea98fa7851e4eaf7d3.json,cc10a1aa8a8b2c4602069d359eba1714cfcdddb83bf05cfec4e75a2801f7edc3,cases/ca2-8eea98fa7851e4eaf7d3.json,d38ae1f08aa676a5366a7081aef45045cffa468e11ad4c65c2a2b67275bcf492,,,,,,,,,,,,ca2-8eea98fa7851e4eaf7d3,cases/ca2-8eea98fa7851e4eaf7d3.json,d38ae1f08aa676a5366a7081aef45045cffa468e11ad4c65c2a2b67275bcf492,2020-10-27T18:44:49Z,2020-10-28T18:44:49Z,10278,,,56:0x489afbaed0ea796712c9a6d366c16ca3876d8184,6daec1ad376cea4776c3bfae6249f8f8c0706421f4f9be5404da8026ce27bfcf,,,,,67cf07e245cc5d00685b892dfef0cd0f67d51c2a20a284ae0af0431171cb22b3,8763ec6986da27d099c1e13240b4a8acaaf9029015735b9b39feec2596f24d7d,7b76509cc5145e71146253b01167d416de84cb8ab12cef83fd634c71edd3b0c7,DERIVED_STRICT_SNAPSHOT,DERIVED_STRICT_SNAPSHOT,DERIVED_CONSENSUS_RUNTIME_CODE,UNRESOLVED:requires_loupe_or_historical_event_resolver,UNRESOLVED_NO_CUTOFF_SOURCE_VERIFICATION_EVIDENCE,DERIVED_EXACT_CHAIN_ADDRESS,DERIVED_METADATA_STRIPPED_BYTECODE_SHA256,UNRESOLVED_INDEPENDENT_ADJUDICATION_REQUIRED,UNRESOLVED_INDEPENDENT_ADJUDICATION_REQUIRED,UNRESOLVED_METHODS_OWNER_FREEZE_REQUIRED
sheepfarm2,defihacklabs,bsc,23089184,0x4726010da871f4b57b5031e3ea48bde961f122aa,,ca2-61379f018c08925d7ecc,2022-11-16,SheepFarm,No input validation,src/test/2022-11/SheepFarm_exp.sol,bsc,https://github.com/SunWeb3Sec/DeFiHackLabs/blob/main/past/2022/README.md,frozen_public_source_hashed,e7668ddd37e305db9052d4f208bb3b87d1e75956950739d5e9f1fd66f4c26267,d355bf4da91ccdca71ac0b806670a9370d6a0f42380c325a563cb042fcc58b1a,"[""https://twitter.com/AnciliaInc/status/1592658104394473472"", ""https://twitter.com/BlockSecTeam/status/1592734292727455744""]",[],~1BNB,frozen_date_override,True,True,,,2022-11-16,,,,blocked_missing_onchain_and_availability_evidence,"[""missing:deployment_block"", ""missing:prediction_cutoff_block"", ""missing:source_availability_time"", ""missing:runtime_bytecode_hash_at_cutoff"", ""missing:outcome_adjudication_id""]",retained,,cases/ca2-61379f018c08925d7ecc.json,e03925008fba90d3178a15c58815012df6df6a24fa34ee6a4ebd1386f62c1c2c,cases/ca2-61379f018c08925d7ecc.json,35673b449ebd6645730c68a82a11269a42d5392707b5f9b200bd4d771dcc8112,,,,,,,,,,,,ca2-61379f018c08925d7ecc,cases/ca2-61379f018c08925d7ecc.json,35673b449ebd6645730c68a82a11269a42d5392707b5f9b200bd4d771dcc8112,2022-11-09T10:38:06Z,2022-11-10T10:38:07Z,12922,,,56:0x4726010da871f4b57b5031e3ea48bde961f122aa,d4673b20980393bf9154b0ddc804257e26884510de5f120652fdabfb323d082a,,,,,81d4d0e7414d3d395faf1f293f7f32d6c3348b145e1c46579f6d6389d7b15976,565f564e7b7ed2df702e112395289c09e92c73070a1cf9d0351e62c2202b09df,0ecae32a8f35918fffb242e1bf5f95b6ecafc6541f293d37ce9926a0aba8ea39,DERIVED_STRICT_SNAPSHOT,DERIVED_STRICT_SNAPSHOT,DERIVED_CONSENSUS_RUNTIME_CODE,UNRESOLVED:requires_loupe_or_historical_event_resolver,UNRESOLVED_NO_CUTOFF_SOURCE_VERIFICATION_EVIDENCE,DERIVED_EXACT_CHAIN_ADDRESS,DERIVED_METADATA_STRIPPED_BYTECODE_SHA256,UNRESOLVED_INDEPENDENT_ADJUDICATION_REQUIRED,UNRESOLVED_INDEPENDENT_ADJUDICATION_REQUIRED,UNRESOLVED_METHODS_OWNER_FREEZE_REQUIRED
seaman,defihacklabs,bsc,23467515,0x6bc9b4976ba6f8c9574326375204ee469993d038,,ca2-d3a51f08e6355a17ca20,2022-11-29,SEAMAN,Business Logic Flaw,src/test/2022-11/SEAMAN_exp.sol,bsc,https://github.com/SunWeb3Sec/DeFiHackLabs/blob/main/past/2022/README.md,frozen_public_source_hashed,e7668ddd37e305db9052d4f208bb3b87d1e75956950739d5e9f1fd66f4c26267,f1ca2231b820f53779c10bab341395bdc803710af2dfadecf2ae35f41b5c3af3,"[""https://twitter.com/BeosinAlert/status/1597535796621631489"", ""https://twitter.com/CertiKAlert/status/1597513374841044993"", ""https://twitter.com/peckshield/status/1597493955939405825""]",[],,exact_contract_basename,True,True,,,2022-11-29,,,,blocked_missing_onchain_and_availability_evidence,"[""missing:deployment_block"", ""missing:prediction_cutoff_block"", ""missing:source_availability_time"", ""missing:runtime_bytecode_hash_at_cutoff"", ""missing:outcome_adjudication_id""]",retained,,cases/ca2-d3a51f08e6355a17ca20.json,043447bdeadaf448cb90db69157852481a50c88196be0a07e8f1e818a166ac95,cases/ca2-d3a51f08e6355a17ca20.json,7ae592a064f29cd1fddba812b9bb3f2dcbc402264bd145fdcd90b2c34340a0c6,,,,,,,,,,,,ca2-d3a51f08e6355a17ca20,cases/ca2-d3a51f08e6355a17ca20.json,7ae592a064f29cd1fddba812b9bb3f2dcbc402264bd145fdcd90b2c34340a0c6,2022-06-29T04:08:06Z,2022-06-30T04:08:06Z,20816,,,56:0x6bc9b4976ba6f8c9574326375204ee469993d038,6eda8af860c2ea63eb94b868470df8e860b1375d3b3d5792fd5ed0d5b3506368,,,,,7308afeb6eb9d77f126778686a34cc75ef7b674f85960b5d04ccfe4e690d58f3,a7bbc1900fee28c6a11e0abd631b4af11254feb719250c58d4e46c992bd75bab,857d1ad321ed3f7aa7f838a4e3c3d1d41a0a985c084094cb9f853890d15f6f6f,DERIVED_STRICT_SNAPSHOT,DERIVED_STRICT_SNAPSHOT,DERIVED_CONSENSUS_RUNTIME_CODE,UNRESOLVED:requires_loupe_or_historical_event_resolver,UNRESOLVED_NO_CUTOFF_SOURCE_VERIFICATION_EVIDENCE,DERIVED_EXACT_CHAIN_ADDRESS,DERIVED_METADATA_STRIPPED_BYTECODE_SHA256,UNRESOLVED_INDEPENDENT_ADJUDICATION_REQUIRED,UNRESOLVED_INDEPENDENT_ADJUDICATION_REQUIRED,UNRESOLVED_METHODS_OWNER_FREEZE_REQUIRED
NFTG,defihacklabs-temporal-replacement-finalization,bsc,44348366,0x5fbbb391d54f4fb1d1cf18310c93d400bc80042e,,ca2-3626b19eb243950f0171,2024-11-26,NFTG,replacement_candidate,,bsc,,replacement_candidate_historical_snapshot_verified,6ad331b6d0985aa3795112289f0f5c87ed41e358869dcbbd007a2a1efcbc61b6,36f214a6ea4e683e6ab95b1d35e430a3d40a61af81aa41a02134066a2b57cbf3,[],"[""0xbd330fd17d0f825042474843a223547132a49abb0746a7e762a0b15cf4bd28f6""]",,frozen_chain_global_order_finalization,True,True,39860576,39889226,44348367,,d5815495295f8d45ceb99ed1b100c9ee4443ea0172707ea225d5451b4178b3b7,,replacement_candidate_selected,[],replacement,ca2-d936d709679fed1fbeae,cases/ca2-d936d709679fed1fbeae.json,ebb3702a8f93c75997a1851e309f354aeefb06a84275de4dd51cdac680b47c3c,,,cases/ca2r-e31701db07607d92a7db.json,ff2ebf784e3311fa4fcd9ec0d4bd5f176eed1c4e2e592de9399a007e952beb0d,historical_cases/ca2r-e31701db07607d92a7db/ca2r-e31701db07607d92a7db.json,36edd93de2999faf884f0a2d93b8d50511b69e9e980b52a1b52271a13221dc67,35,first_eligible_unique_from_frozen_chain_global_order,6ad331b6d0985aa3795112289f0f5c87ed41e358869dcbbd007a2a1efcbc61b6,db3b13fa1cbf75bffec4662240ebd762c5af6c92d2608b9aecde80a8d7802b08,44348366,0xbd330fd17d0f825042474843a223547132a49abb0746a7e762a0b15cf4bd28f6,ca2r-e31701db07607d92a7db,ca2r-e31701db07607d92a7db,historical_cases/ca2r-e31701db07607d92a7db/ca2r-e31701db07607d92a7db.json,36edd93de2999faf884f0a2d93b8d50511b69e9e980b52a1b52271a13221dc67,2024-06-23T10:25:40Z,2024-06-24T10:25:42Z,8260,,,56:0x5fbbb391d54f4fb1d1cf18310c93d400bc80042e,c145d26ad7d94fb3299995fd536cce48ee93a0b2276f0d34b1c7c20de2cc78ec,,,,,c77e7bab938efd3f6dbb9fdd1816ebaea4ca19a913372399d234b3c62582aa5e,9dc6fd7bbc6d22ea3233b752c9861a02b62f69ecc667918f897797db6b686030,c8f562b819372556ac83c0d18e02559df2b29444d1d3213754de8dd14cd02872,DERIVED_STRICT_SNAPSHOT,DERIVED_STRICT_SNAPSHOT,DERIVED_CONSENSUS_RUNTIME_CODE,UNRESOLVED:requires_loupe_or_historical_event_resolver,UNRESOLVED_NO_CUTOFF_SOURCE_VERIFICATION_EVIDENCE,DERIVED_EXACT_CHAIN_ADDRESS,DERIVED_METADATA_STRIPPED_BYTECODE_SHA256,UNRESOLVED_INDEPENDENT_ADJUDICATION_REQUIRED,UNRESOLVED_INDEPENDENT_ADJUDICATION_REQUIRED,UNRESOLVED_METHODS_OWNER_FREEZE_REQUIRED
sheepfarm,defihacklabs,bsc,23088156,0x4726010da871f4b57b5031e3ea48bde961f122aa,,ca2-87e3cee3e857278adb8f,2022-11-16,SheepFarm,No input validation,src/test/2022-11/SheepFarm_exp.sol,bsc,https://github.com/SunWeb3Sec/DeFiHackLabs/blob/main/past/2022/README.md,frozen_public_source_hashed,e7668ddd37e305db9052d4f208bb3b87d1e75956950739d5e9f1fd66f4c26267,d355bf4da91ccdca71ac0b806670a9370d6a0f42380c325a563cb042fcc58b1a,"[""https://twitter.com/AnciliaInc/status/1592658104394473472"", ""https://twitter.com/BlockSecTeam/status/1592734292727455744""]",[],~1BNB,exact_contract_basename,True,True,,,2022-11-16,,,,blocked_missing_onchain_and_availability_evidence,"[""missing:deployment_block"", ""missing:prediction_cutoff_block"", ""missing:source_availability_time"", ""missing:runtime_bytecode_hash_at_cutoff"", ""missing:outcome_adjudication_id""]",retained,,cases/ca2-87e3cee3e857278adb8f.json,eebdf2892c29845602f4efb678e6dacae85bb2d9efb2817548ad2ee3cd0eb001,cases/ca2-87e3cee3e857278adb8f.json,3c711450f019f8f82de9f869d9a4ee28e8314210886e9747a046605de30a0f6e,,,,,,,,,,,,ca2-87e3cee3e857278adb8f,cases/ca2-87e3cee3e857278adb8f.json,3c711450f019f8f82de9f869d9a4ee28e8314210886e9747a046605de30a0f6e,2022-11-09T10:38:06Z,2022-11-10T10:38:07Z,12922,,,56:0x4726010da871f4b57b5031e3ea48bde961f122aa,d4673b20980393bf9154b0ddc804257e26884510de5f120652fdabfb323d082a,,,,,5e6ef6e3b56707ebcade2eddc11573e632fa536458698e7f5b17b43484ed5dfa,f0ae0d7595c25eaebca8e72329966c4b8196ff044a4624282e3b996fc390cfb5,8ef37b3ca2405509ca2270b5dc2bc0e0095b61aedcf4ddf752e8699c5498b621,DERIVED_STRICT_SNAPSHOT,DERIVED_STRICT_SNAPSHOT,DERIVED_CONSENSUS_RUNTIME_CODE,UNRESOLVED:requires_loupe_or_historical_event_resolver,UNRESOLVED_NO_CUTOFF_SOURCE_VERIFICATION_EVIDENCE,DERIVED_EXACT_CHAIN_ADDRESS,DERIVED_METADATA_STRIPPED_BYTECODE_SHA256,UNRESOLVED_INDEPENDENT_ADJUDICATION_REQUIRED,UNRESOLVED_INDEPENDENT_ADJUDICATION_REQUIRED,UNRESOLVED_METHODS_OWNER_FREEZE_REQUIRED
uearnpool,defihacklabs,bsc,23120167,0x02d841b976298dcd37ed6cc59f75d9dd39a3690c,,ca2-cd8110008dfe201e0222,2022-11-17,UEarnPool,FlashLoan Attack,src/test/2022-11/UEarnPool_exp.sol,bsc,https://github.com/SunWeb3Sec/DeFiHackLabs/blob/main/past/2022/README.md,frozen_public_source_hashed,e7668ddd37e305db9052d4f208bb3b87d1e75956950739d5e9f1fd66f4c26267,59ef8f9e7fdcb10ddc15b1131e38f7cb854372e605a7e49b8de66d2a4821436e,"[""https://twitter.com/CertiKAlert/status/1593094922160128000""]",[],$24k,exact_contract_basename,True,True,,,2022-11-17,,,,blocked_missing_onchain_and_availability_evidence,"[""missing:deployment_block"", ""missing:prediction_cutoff_block"", ""missing:source_availability_time"", ""missing:runtime_bytecode_hash_at_cutoff"", ""missing:outcome_adjudication_id""]",retained,,cases/ca2-cd8110008dfe201e0222.json,ebca022410f91523fd37354ee1ac967dfb9d504b87e17c4b85128b7acf220284,cases/ca2-cd8110008dfe201e0222.json,2c697189de0a04fa58931392f45fda0ce00be6da1e7e368a95424e7defbdf7cf,,,,,,,,,,,,ca2-cd8110008dfe201e0222,cases/ca2-cd8110008dfe201e0222.json,2c697189de0a04fa58931392f45fda0ce00be6da1e7e368a95424e7defbdf7cf,2022-09-17T03:28:45Z,2022-09-18T03:28:47Z,9985,,,56:0x02d841b976298dcd37ed6cc59f75d9dd39a3690c,b81dee880506ecb9f38abdb7a97d2f5b1ab0329b76565c17fc88dc479a404140,,,,,25fa63b42c797aaf2e071a520165f81c7e790a6d9e8ec097004e1ea652131a15,6c64a4f4a5c5934928f09febe0ba6d4f3e2730644a93141fb8920924d59a346e,bacaa3b78afe6e49f108bc04533da030a77a67611b5f5f699d4fa5fcea4cbc4e,DERIVED_STRICT_SNAPSHOT,DERIVED_STRICT_SNAPSHOT,DERIVED_CONSENSUS_RUNTIME_CODE,UNRESOLVED:requires_loupe_or_historical_event_resolver,UNRESOLVED_NO_CUTOFF_SOURCE_VERIFICATION_EVIDENCE,DERIVED_EXACT_CHAIN_ADDRESS,DERIVED_METADATA_STRIPPED_BYTECODE_SHA256,UNRESOLVED_INDEPENDENT_ADJUDICATION_REQUIRED,UNRESOLVED_INDEPENDENT_ADJUDICATION_REQUIRED,UNRESOLVED_METHODS_OWNER_FREEZE_REQUIRED
jay,defihacklabs,ethereum,16288199,0xf2919d1d80aff2940274014bef534f7791906ff2,,ca2-3d7964746397bc97e185,2022-12-29,JAY,Insufficient validation + Reentrancy,src/test/2022-12/JAY_exp.sol,mainnet,https://github.com/SunWeb3Sec/DeFiHackLabs/blob/main/past/2022/README.md,frozen_public_source_hashed,e7668ddd37e305db9052d4f208bb3b87d1e75956950739d5e9f1fd66f4c26267,db1386515f5590d05f7541d5408962e432cf7a36b642148c7d48db338e720977,"[""https://twitter.com/BlockSecTeam/status/1608372475225866240""]",[],~15.32 ETH,exact_contract_basename,True,True,,,2022-12-29,,,,blocked_missing_onchain_and_availability_evidence,"[""missing:deployment_block"", ""missing:prediction_cutoff_block"", ""missing:source_availability_time"", ""missing:runtime_bytecode_hash_at_cutoff"", ""missing:outcome_adjudication_id""]",retained,,cases/ca2-3d7964746397bc97e185.json,f77118de9c34e0c2656ebaff7d2c85d14dc381428b05becd5e2177495c767a52,cases/ca2-3d7964746397bc97e185.json,38daaa5a7f3cd4cc2337cf7d856576e64b0442a5a46101b0623e5ccab92283f6,,,,,,,,,,,,ca2-3d7964746397bc97e185,cases/ca2-3d7964746397bc97e185.json,38daaa5a7f3cd4cc2337cf7d856576e64b0442a5a46101b0623e5ccab92283f6,2022-07-18T23:47:59Z,2022-07-19T23:48:00Z,15740,,,1:0xf2919d1d80aff2940274014bef534f7791906ff2,63c2350333502d009d222896d055539de3295ac7e2a7817c1ab5d9450f69f97a,,,,,76dc43fa0afb172d07fca0bf0815b80f685e578b6e9f2553286897fd9cabf862,a8427802ac866fefccfe60610270e5b377dc706e5b6c0a295c69e4bf6fc79aa2,1e2537292ea6a0cef075747ce00075891f85ef587285fe49374e984b714a4ad0,DERIVED_STRICT_SNAPSHOT,DERIVED_STRICT_SNAPSHOT,DERIVED_CONSENSUS_RUNTIME_CODE,UNRESOLVED:requires_loupe_or_historical_event_resolver,UNRESOLVED_NO_CUTOFF_SOURCE_VERIFICATION_EVIDENCE,DERIVED_EXACT_CHAIN_ADDRESS,DERIVED_METADATA_STRIPPED_BYTECODE_SHA256,UNRESOLVED_INDEPENDENT_ADJUDICATION_REQUIRED,UNRESOLVED_INDEPENDENT_ADJUDICATION_REQUIRED,UNRESOLVED_METHODS_OWNER_FREEZE_REQUIRED
dfs,defihacklabs,bsc,24349821,0x2b806e6d78d8111dd09c58943b9855910bade005,,ca2-e488b8f22881b9feaedd,2022-12-30,DFS,Insufficient validation + flashloan,src/test/2022-12/DFS_exp.sol,bsc,https://github.com/SunWeb3Sec/DeFiHackLabs/blob/main/past/2022/README.md,frozen_public_source_hashed,e7668ddd37e305db9052d4f208bb3b87d1e75956950739d5e9f1fd66f4c26267,e765f32ba2f1e0a49a1197f2d14f219e54cc1ed2553a8e4fcb4837bb18023780,"[""https://twitter.com/CertiKAlert/status/1608788290785665024""]",[],$1450,exact_contract_basename,True,True,,,2022-12-30,,,,blocked_missing_onchain_and_availability_evidence,"[""missing:deployment_block"", ""missing:prediction_cutoff_block"", ""missing:source_availability_time"", ""missing:runtime_bytecode_hash_at_cutoff"", ""missing:outcome_adjudication_id""]",retained,,cases/ca2-e488b8f22881b9feaedd.json,041aa6722eb489414498ddec2979f253c751f548ae0e5f8ed176a3fbbb693de2,cases/ca2-e488b8f22881b9feaedd.json,10f1b021bfacdb6d4fb41ac2ce172724c0ed54f781b570e1376cb81b050f4dbf,,,,,,,,,,,,ca2-e488b8f22881b9feaedd,cases/ca2-e488b8f22881b9feaedd.json,10f1b021bfacdb6d4fb41ac2ce172724c0ed54f781b570e1376cb81b050f4dbf,2022-12-09T12:31:23Z,2022-12-10T12:31:23Z,7097,,,56:0x2b806e6d78d8111dd09c58943b9855910bade005,8150d5610cacf677a7ca9de0ce8b6808c66305b7c902bd73ebb6477499f476fe,,,,,ead8d194053fefdf9a751297c9d80d4e7ef6cc4b4ce1311288ef60d9c920edf9,f2d8c5403edd51e82d4592212f3e165476142dddad1c8b247b59063ae9c12319,0b1fd75f115025dfe406c4069fe4772a8c037ffee6f3734201ed3a9668ca793a,DERIVED_STRICT_SNAPSHOT,DERIVED_STRICT_SNAPSHOT,DERIVED_CONSENSUS_RUNTIME_CODE,UNRESOLVED:requires_loupe_or_historical_event_resolver,UNRESOLVED_NO_CUTOFF_SOURCE_VERIFICATION_EVIDENCE,DERIVED_EXACT_CHAIN_ADDRESS,DERIVED_METADATA_STRIPPED_BYTECODE_SHA256,UNRESOLVED_INDEPENDENT_ADJUDICATION_REQUIRED,UNRESOLVED_INDEPENDENT_ADJUDICATION_REQUIRED,UNRESOLVED_METHODS_OWNER_FREEZE_REQUIRED
bgld,defihacklabs,bsc,23844529,0xe445654f3797c5ee36406dbe88fbaa0dfbddb2bb,,ca2-d0b1ccc1d33cfcce8cbb,2022-12-12,BGLD (Deflationary token),FlashLoan price manipulation,src/test/2022-12/BGLD_exp.sol,bsc,https://github.com/SunWeb3Sec/DeFiHackLabs/blob/main/past/2022/README.md,frozen_public_source_hashed,e7668ddd37e305db9052d4f208bb3b87d1e75956950739d5e9f1fd66f4c26267,b4331ab675cd1aeda7e8523c81fb680ad14fb0ca68b8ac43567239d25d99bd1a,"[""https://twitter.com/BlockSecTeam/status/1602335214356660225""]",[],$18k,exact_contract_basename,True,True,,,2022-12-12,,,,blocked_missing_onchain_and_availability_evidence,"[""missing:deployment_block"", ""missing:prediction_cutoff_block"", ""missing:source_availability_time"", ""missing:runtime_bytecode_hash_at_cutoff"", ""missing:outcome_adjudication_id""]",retained,,cases/ca2-d0b1ccc1d33cfcce8cbb.json,e2d2ad53d44f0b6ce8fdc49693281662af6f61c6119a875417f13e7ebc47d1aa,cases/ca2-d0b1ccc1d33cfcce8cbb.json,fd4ae2a0ab9f9a8cf125345153c42de2dde6999b80c69a3157b7139c3349836f,,,,,,,,,,,,ca2-d0b1ccc1d33cfcce8cbb,cases/ca2-d0b1ccc1d33cfcce8cbb.json,fd4ae2a0ab9f9a8cf125345153c42de2dde6999b80c69a3157b7139c3349836f,2022-11-23T23:02:59Z,2022-11-24T23:02:59Z,680,EIP1967_PROXY,,56:0xe445654f3797c5ee36406dbe88fbaa0dfbddb2bb,84e7a6afa887fbbeb6e3f47787557013527ae55ecb826b21e3886311bb061341,eip1967:0xfdded988f34d9fd2f8d79234b145be104a913dec,,,,3b5d38915e7ff025246a13774b460dbca3eced2806a75bc3a76a9e68e82c066a,d23c2ba961badde0188218c430b5fc59f8e4bfe60dfdd60f9ef85b325ed84da7,7905ce15d12f0e59e2aea28a34f0d007f9da7b1695b4bddb8653e86928a4c43e,DERIVED_STRICT_SNAPSHOT,DERIVED_STRICT_SNAPSHOT,DERIVED_CONSENSUS_RUNTIME_CODE,VERIFIED_STANDARD_PROXY,UNRESOLVED_NO_CUTOFF_SOURCE_VERIFICATION_EVIDENCE,DERIVED_EXACT_CHAIN_ADDRESS,DERIVED_METADATA_STRIPPED_BYTECODE_SHA256,UNRESOLVED_INDEPENDENT_ADJUDICATION_REQUIRED,UNRESOLVED_INDEPENDENT_ADJUDICATION_REQUIRED,UNRESOLVED_METHODS_OWNER_FREEZE_REQUIRED
rubic,defihacklabs,ethereum,16260580,0x3335a88bb18fd3b6824b59af62b50ce494143333,,ca2-4ab53dc147bf1894e356,2022-12-25,Rubic,Arbitrary External Call Vulnerability,src/test/2022-12/Rubic_exp.sol,mainnet,https://github.com/SunWeb3Sec/DeFiHackLabs/blob/main/past/2022/README.md,frozen_public_source_hashed,e7668ddd37e305db9052d4f208bb3b87d1e75956950739d5e9f1fd66f4c26267,da04e68c0f4514a328d8599802a7ac32ff9f8f776a7cd9d7234b41de7ff62a3c,"[""https://twitter.com/BlockSecTeam/status/1606993118901198849"", ""https://twitter.com/peckshield/status/1606937055761952770""]",[],$1.5M,exact_contract_basename,True,True,,,2022-12-25,,,,blocked_missing_onchain_and_availability_evidence,"[""missing:deployment_block"", ""missing:prediction_cutoff_block"", ""missing:source_availability_time"", ""missing:runtime_bytecode_hash_at_cutoff"", ""missing:outcome_adjudication_id""]",retained,,cases/ca2-4ab53dc147bf1894e356.json,2393a2c03aa62410407fd49a0655227367dcd876e27f2ac9064a4bd03056d493,cases/ca2-4ab53dc147bf1894e356.json,c305ee1fb8fd62ed92df36af631da02961c3a78172ff9e3124d5d81c58bb9f59,,,,,,,,,,,,ca2-4ab53dc147bf1894e356,cases/ca2-4ab53dc147bf1894e356.json,c305ee1fb8fd62ed92df36af631da02961c3a78172ff9e3124d5d81c58bb9f59,2022-08-23T09:45:23Z,2022-08-24T09:45:25Z,14070,,,1:0x3335a88bb18fd3b6824b59af62b50ce494143333,92637db4736a3ab38d6dd5d942dedcf8147e5a6708c2fba6b81da07eb3296d8f,,,,,d5c73a130dd3587b9ac33316788289ed828d560777feaf3ab7b8f7f91da114f0,83e94db113671d1fc85d6d7ad8e72141f04b50b7fc28916356b8bfaf8c07d467,19ff883ef6e4c186da0923bf72004baf08139cf7e920ca04777f76b4664b5a78,DERIVED_STRICT_SNAPSHOT,DERIVED_STRICT_SNAPSHOT,DERIVED_CONSENSUS_RUNTIME_CODE,UNRESOLVED:requires_loupe_or_historical_event_resolver,UNRESOLVED_NO_CUTOFF_SOURCE_VERIFICATION_EVIDENCE,DERIVED_EXACT_CHAIN_ADDRESS,DERIVED_METADATA_STRIPPED_BYTECODE_SHA256,UNRESOLVED_INDEPENDENT_ADJUDICATION_REQUIRED,UNRESOLVED_INDEPENDENT_ADJUDICATION_REQUIRED,UNRESOLVED_METHODS_OWNER_FREEZE_REQUIRED
tifi,defihacklabs,bsc,23778726,0x8a6f7834a9d60090668f5db33fec353a7fb4704b,,ca2-11258a259a94c2ae2ec5,2022-12-10,TIFIToken,FlashLoan price manipulation,src/test/2022-12/TIFI_exp.sol,bsc,https://github.com/SunWeb3Sec/DeFiHackLabs/blob/main/past/2022/README.md,frozen_public_source_hashed,e7668ddd37e305db9052d4f208bb3b87d1e75956950739d5e9f1fd66f4c26267,7f82c3b22f877b29e73579743e56feb968524e2feba88c81bc4782f118d40a27,"[""https://twitter.com/peckshield/status/1601492605535399936""]",[],87 WBNB,exact_contract_basename,True,True,,,2022-12-10,,,,blocked_missing_onchain_and_availability_evidence,"[""missing:deployment_block"", ""missing:prediction_cutoff_block"", ""missing:source_availability_time"", ""missing:runtime_bytecode_hash_at_cutoff"", ""missing:outcome_adjudication_id""]",retained,,cases/ca2-11258a259a94c2ae2ec5.json,777cb40c8565a0b9e684c628617a4eddf11d31e9da0865e5ec5da4fa0c5832a4,cases/ca2-11258a259a94c2ae2ec5.json,be280b049a2716be391e0eba09d52a31fa35132471001d17c4952209ee212197,,,,,,,,,,,,ca2-11258a259a94c2ae2ec5,cases/ca2-11258a259a94c2ae2ec5.json,be280b049a2716be391e0eba09d52a31fa35132471001d17c4952209ee212197,2022-11-12T06:02:56Z,2022-11-13T06:02:57Z,15319,,,56:0x8a6f7834a9d60090668f5db33fec353a7fb4704b,f6ad37be6e737ca8563a43122bfb26da044b509b99227ca370bbe438bdb864f4,,,,,1ae5bf8503e51e6f0a38d600365d49ee62ddd6fda1f10d3acff31018d0d43930,8effe7774af5017c3faf36b46528b6bf80ba0d2fb2db90a0a29c74ec56e3e2b1,cd62ef8a81cc34a58348c3e04a64bb2364e793029063484206c1f38c7116f22b,DERIVED_STRICT_SNAPSHOT,DERIVED_STRICT_SNAPSHOT,DERIVED_CONSENSUS_RUNTIME_CODE,UNRESOLVED:requires_loupe_or_historical_event_resolver,UNRESOLVED_NO_CUTOFF_SOURCE_VERIFICATION_EVIDENCE,DERIVED_EXACT_CHAIN_ADDRESS,DERIVED_METADATA_STRIPPED_BYTECODE_SHA256,UNRESOLVED_INDEPENDENT_ADJUDICATION_REQUIRED,UNRESOLVED_INDEPENDENT_ADJUDICATION_REQUIRED,UNRESOLVED_METHODS_OWNER_FREEZE_REQUIRED
NGP,defihacklabs-temporal-replacement-finalization,bsc,61515895,0xd2f26200cd524db097cf4ab7cc2e5c38ab6ae5c9,,ca2-b5392852b27dc3299291,2025-09-18,NGP,replacement_candidate,,bsc,,replacement_candidate_historical_snapshot_verified,a5e68fd1242c101883c3b4c9fd07660761a384345bdf1f7d50be037d4103a7a6,fb1c984a75c4a0812064d78a9183498d5ef7111a7ed6f0632e0a4a3b02dd1ab3,[],"[""0xc2066e0dff1a8a042057387d7356ad7ced76ab90904baa1e0b5ecbc2434df8e1""]",,frozen_chain_global_order_finalization,True,True,60396646,60511834,61515895,,bdb483d558280468d740587d29f54053e32a2c6a9f28e79822f7da0c4c000be4,,replacement_candidate_selected,[],replacement,ca2-7a7cf3302259e6efdd08,cases/ca2-7a7cf3302259e6efdd08.json,21d4fa5d1139c744ec3ae36f682f03b50576dcadf3b93bc330266643264a06d2,,,cases/ca2r-355cc8136e6146456061.json,f096ed473096d73b4f950953ac57664a95c75af29f11e431b6bdfc1fcd8dc4d3,historical_cases/ca2r-355cc8136e6146456061/ca2r-355cc8136e6146456061.json,1fae2c39686e3ec1e05ae005503037d8486c99e146e31d1993430503d7923cd2,19,first_eligible_unique_from_frozen_chain_global_order,a5e68fd1242c101883c3b4c9fd07660761a384345bdf1f7d50be037d4103a7a6,d3b80fe4ed7198fc900616b269408c1d0485ef8f000f46d37adb75be862a4a9c,61515895,0xc2066e0dff1a8a042057387d7356ad7ced76ab90904baa1e0b5ecbc2434df8e1,ca2r-355cc8136e6146456061,ca2r-355cc8136e6146456061,historical_cases/ca2r-355cc8136e6146456061/ca2r-355cc8136e6146456061.json,1fae2c39686e3ec1e05ae005503037d8486c99e146e31d1993430503d7923cd2,2025-09-08T01:47:01Z,2025-09-09T01:47:01Z,9559,,,56:0xd2f26200cd524db097cf4ab7cc2e5c38ab6ae5c9,96101a3e50c76a6e0ccf12eaad4a1359b4e829631fc7c9afe307e414509589af,,,,,0dedbd41dd3950494c0953e493a3a98942239d7960c35cd3fe28f9b5d00d1cd4,4bb95b90a55e8be2e2964edb803fc1bd1b65dd02e88cd9762a641afdf2fc3633,b6afe4f345e679c33718dfa160455a3a056f17b791f08ad2e5105091ec3a6652,DERIVED_STRICT_SNAPSHOT,DERIVED_STRICT_SNAPSHOT,DERIVED_CONSENSUS_RUNTIME_CODE,UNRESOLVED:requires_loupe_or_historical_event_resolver,UNRESOLVED_NO_CUTOFF_SOURCE_VERIFICATION_EVIDENCE,DERIVED_EXACT_CHAIN_ADDRESS,DERIVED_METADATA_STRIPPED_BYTECODE_SHA256,UNRESOLVED_INDEPENDENT_ADJUDICATION_REQUIRED,UNRESOLVED_INDEPENDENT_ADJUDICATION_REQUIRED,UNRESOLVED_METHODS_OWNER_FREEZE_REQUIRED
xcarnival,defihacklabs,ethereum,15028846,0x39360ac1239a0b98cb8076d4135d0f72b7fd9909,,ca2-bf6bdd3510f2428b0575,2022-06-26,XCarnival,Infinite Number of Loans,src/test/2022-06/XCarnival_exp.sol,mainnet,https://github.com/SunWeb3Sec/DeFiHackLabs/blob/main/past/2022/README.md,frozen_public_source_hashed,e7668ddd37e305db9052d4f208bb3b87d1e75956950739d5e9f1fd66f4c26267,88bf3e75a8bcebe33c14479d0616c9df90bd72e57b5190dbd7b85c8d5de477d1,"[""https://twitter.com/BlockSecTeam/status/1541070850505723905"", ""https://twitter.com/XCarnival_Lab/status/1541226298399653888"", ""https://twitter.com/peckshield/status/1541047171453034501""]",[],,exact_contract_basename,True,True,,,2022-06-26,,,,blocked_missing_onchain_and_availability_evidence,"[""missing:deployment_block"", ""missing:prediction_cutoff_block"", ""missing:source_availability_time"", ""missing:runtime_bytecode_hash_at_cutoff"", ""missing:outcome_adjudication_id""]",retained,,cases/ca2-bf6bdd3510f2428b0575.json,8ee7ae06c8bc67e1c4b7ebb8b6b4158a81d045a8f25e8cf42b12a41f12874860,cases/ca2-bf6bdd3510f2428b0575.json,8bcad8462b6fcdc25a4304d2a914328b6a6118257541b90276091b0fdbd490f4,,,,,,,,,,,,ca2-bf6bdd3510f2428b0575,cases/ca2-bf6bdd3510f2428b0575.json,8bcad8462b6fcdc25a4304d2a914328b6a6118257541b90276091b0fdbd490f4,2022-06-05T12:43:53Z,2022-06-06T12:43:57Z,20478,,,1:0x39360ac1239a0b98cb8076d4135d0f72b7fd9909,44dc59efe4b20bba5d9ab0de0a680ac713e0e2c456b3fbe71f1af0eea863c4e9,,,,,f404fdda44db1c3f2f76a513a090d1431231c6392e7271c239bc98b53af14e5c,50e5699ee826e85d7e00de5123094ec764f5abe19197a9c71b655eda5a166338,480f479119c0caa546b689e45a3592977e4e26fdffd54f6d630e354b3a95eab5,DERIVED_STRICT_SNAPSHOT,DERIVED_STRICT_SNAPSHOT,DERIVED_CONSENSUS_RUNTIME_CODE,UNRESOLVED:requires_loupe_or_historical_event_resolver,UNRESOLVED_NO_CUTOFF_SOURCE_VERIFICATION_EVIDENCE,DERIVED_EXACT_CHAIN_ADDRESS,DERIVED_METADATA_STRIPPED_BYTECODE_SHA256,UNRESOLVED_INDEPENDENT_ADJUDICATION_REQUIRED,UNRESOLVED_INDEPENDENT_ADJUDICATION_REQUIRED,UNRESOLVED_METHODS_OWNER_FREEZE_REQUIRED
novo,defihacklabs,bsc,18225002,0x6fb2020c236bbd5a7ddeb07e14c9298642253333,,ca2-441ed1a86d9edadc1707,2022-05-29,NOVO Protocol,Flashloan & Price Oracle Manipulation,src/test/2022-05/Novo_exp.sol,bsc,https://github.com/SunWeb3Sec/DeFiHackLabs/blob/main/past/2022/README.md,frozen_public_source_hashed,e7668ddd37e305db9052d4f208bb3b87d1e75956950739d5e9f1fd66f4c26267,80dbdee6522539fe7f9968d8aa1115f0501afebf84304c7d09a8cf60a4c01058,"[""https://bscscan.com/address/0xa0787daad6062349f63b7c228cbfd5d8a3db08f1#code"", ""https://bscscan.com/tx/0xc346adf14e5082e6df5aeae650f3d7f606d7e08247c2b856510766b4dfcdc57f"", ""https://www.panewslab.com/zh_hk/articledetails/f40t9xb4.html""]","[""0xc346adf14e5082e6df5aeae650f3d7f606d7e08247c2b856510766b4dfcdc57f""]",,exact_contract_basename,True,True,,,2022-05-29,,,,blocked_missing_onchain_and_availability_evidence,"[""missing:deployment_block"", ""missing:prediction_cutoff_block"", ""missing:source_availability_time"", ""missing:runtime_bytecode_hash_at_cutoff"", ""missing:outcome_adjudication_id""]",retained,,cases/ca2-441ed1a86d9edadc1707.json,500d10623fb10eefaea00e64c7a9375f42be6253b1ff9f00c139659a5fec593e,cases/ca2-441ed1a86d9edadc1707.json,0eacbc5200b7896a4c8ee435752e668128c69c67d03583bc9c5b634a65980fdc,,,,,,,,,,,,ca2-441ed1a86d9edadc1707,cases/ca2-441ed1a86d9edadc1707.json,0eacbc5200b7896a4c8ee435752e668128c69c67d03583bc9c5b634a65980fdc,2022-01-14T15:05:57Z,2022-01-15T15:05:57Z,2092,EIP1967_PROXY,,56:0x6fb2020c236bbd5a7ddeb07e14c9298642253333,52901eec4ede39ff43e13faae9e75857e966e7c8f49940408ac2c2235791e335,eip1967:0xd8cd8896d333acac3a0c155ccdb630660b4d03d3,,,,ee9eaadb00c76e6535c5a4c9fed72e4a728e15715de458a98a6dc4392dbd5397,46f8e6b4388b3b854b98fa370f9fac515b047baca2904e650ac9993d7de711dd,c66a2d5d26900a601dad771762145997b4a671215178091b4c4093ce576e87e4,DERIVED_STRICT_SNAPSHOT,DERIVED_STRICT_SNAPSHOT,DERIVED_CONSENSUS_RUNTIME_CODE,VERIFIED_STANDARD_PROXY,UNRESOLVED_NO_CUTOFF_SOURCE_VERIFICATION_EVIDENCE,DERIVED_EXACT_CHAIN_ADDRESS,DERIVED_METADATA_STRIPPED_BYTECODE_SHA256,UNRESOLVED_INDEPENDENT_ADJUDICATION_REQUIRED,UNRESOLVED_INDEPENDENT_ADJUDICATION_REQUIRED,UNRESOLVED_METHODS_OWNER_FREEZE_REQUIRED
xst,defihacklabs,ethereum,15310016,0xb276647e70cb3b81a1ca302cf8de280ff0ce5799,,ca2-3ce3786a7c84825faed0,2022-08-10,XSTABLE Protocol,Incorrect Logic Check,src/test/2022-08/XST_exp.sol,mainnet,https://github.com/SunWeb3Sec/DeFiHackLabs/blob/main/past/2022/README.md,frozen_public_source_hashed,e7668ddd37e305db9052d4f208bb3b87d1e75956950739d5e9f1fd66f4c26267,ac980aa50936e743b521836e95229deb5e03a037f3e51a56bce508ae29842a7c,"[""https://mobile.twitter.com/BlockSecTeam/status/1557195012042936320""]",[],,exact_contract_basename,True,True,,,2022-08-10,,,,blocked_missing_onchain_and_availability_evidence,"[""missing:deployment_block"", ""missing:prediction_cutoff_block"", ""missing:source_availability_time"", ""missing:runtime_bytecode_hash_at_cutoff"", ""missing:outcome_adjudication_id""]",retained,,cases/ca2-3ce3786a7c84825faed0.json,22179f1cf39330cdeae2493db718fa6b326f441f4ecb95cbdb5becccd4f47835,cases/ca2-3ce3786a7c84825faed0.json,6629156addd032db3fdde7916eba6046a8f499df31895567ce0094b13945281a,,,,,,,,,,,,ca2-3ce3786a7c84825faed0,cases/ca2-3ce3786a7c84825faed0.json,6629156addd032db3fdde7916eba6046a8f499df31895567ce0094b13945281a,2021-02-06T03:16:27Z,2021-02-07T03:17:05Z,17866,,,1:0xb276647e70cb3b81a1ca302cf8de280ff0ce5799,b2cc8410c03ca5c522526b9fbf9c33b0d22e545a53e75fe36245b80c8a247919,,,,,948b18731e673cb5b4960bed948d0554eb59a05b410c6d61604693d05fc4ac8b,78470760970b622733f2d2a00415c2eca7aff3d85e9e3fc63fd9351acbd76df2,d66585de872a68ee7c61fcbcd318d561cbf053909e632e3a190caedae4467b64,DERIVED_STRICT_SNAPSHOT,DERIVED_STRICT_SNAPSHOT,DERIVED_CONSENSUS_RUNTIME_CODE,UNRESOLVED:requires_loupe_or_historical_event_resolver,UNRESOLVED_NO_CUTOFF_SOURCE_VERIFICATION_EVIDENCE,DERIVED_EXACT_CHAIN_ADDRESS,DERIVED_METADATA_STRIPPED_BYTECODE_SHA256,UNRESOLVED_INDEPENDENT_ADJUDICATION_REQUIRED,UNRESOLVED_INDEPENDENT_ADJUDICATION_REQUIRED,UNRESOLVED_METHODS_OWNER_FREEZE_REQUIRED
bbox,defihacklabs,bsc,23106506,0x5dfc7f3ebbb9cbfe89bc3fb70f750ee229a59f8c,,ca2-7063be755a02e6e0df10,2022-12-05,BBOX,FlashLoan price manipulation,src/test/2022-12/BBOX_exp.sol,bsc,https://github.com/SunWeb3Sec/DeFiHackLabs/blob/main/past/2022/README.md,frozen_public_source_hashed,e7668ddd37e305db9052d4f208bb3b87d1e75956950739d5e9f1fd66f4c26267,d515ed7adc9406e1fd4d2bb26fb010dcff10f5685bb1cbea64f5dc803bec1159,"[""https://twitter.com/AnciliaInc/status/1599599614490877952""]",[],12k,exact_contract_basename,True,True,,,2022-12-05,,,,blocked_missing_onchain_and_availability_evidence,"[""missing:deployment_block"", ""missing:prediction_cutoff_block"", ""missing:source_availability_time"", ""missing:runtime_bytecode_hash_at_cutoff"", ""missing:outcome_adjudication_id""]",retained,,cases/ca2-7063be755a02e6e0df10.json,daf8063912cd5bcccc51297b90799e416ebc30ed71f8d22021ecf1e1df90d69e,cases/ca2-7063be755a02e6e0df10.json,443d9acefe83559c3a5872da1f269e1291e606c71865f3021b5885289bf82cb4,,,,,,,,,,,,ca2-7063be755a02e6e0df10,cases/ca2-7063be755a02e6e0df10.json,443d9acefe83559c3a5872da1f269e1291e606c71865f3021b5885289bf82cb4,2022-03-28T13:23:48Z,2022-03-29T13:23:48Z,19669,,,56:0x5dfc7f3ebbb9cbfe89bc3fb70f750ee229a59f8c,6823b9b3f9a6369b176daea522d45906998fb7554047fb4f51f90e989929388b,,,,,9ff83584ac4d4ce4e3816c8264d58b366a6d04a9a5ef617e1aee1a0aef9b4489,34ad71563c421e6a64ed364cc25cf5142d7b2ed527034defec1ed5e5e4041c72,421e9602dd7c27ef82452dbe4af9d48e6a053684c3cc85c71e9319fe5b857edd,DERIVED_STRICT_SNAPSHOT,DERIVED_STRICT_SNAPSHOT,DERIVED_CONSENSUS_RUNTIME_CODE,UNRESOLVED:requires_loupe_or_historical_event_resolver,UNRESOLVED_NO_CUTOFF_SOURCE_VERIFICATION_EVIDENCE,DERIVED_EXACT_CHAIN_ADDRESS,DERIVED_METADATA_STRIPPED_BYTECODE_SHA256,UNRESOLVED_INDEPENDENT_ADJUDICATION_REQUIRED,UNRESOLVED_INDEPENDENT_ADJUDICATION_REQUIRED,UNRESOLVED_METHODS_OWNER_FREEZE_REQUIRED
nmbplatform,defihacklabs,bsc,23639507,0x3aa2b9de4ce397d93e11699c3f07b769b210bbd5,,ca2-3a72b153af20c2c77bb7,2022-12-14,Nmbplatform,FlashLoan price manipulation,src/test/2022-12/Nmbplatform_exp.sol,bsc,https://github.com/SunWeb3Sec/DeFiHackLabs/blob/main/past/2022/README.md,frozen_public_source_hashed,e7668ddd37e305db9052d4f208bb3b87d1e75956950739d5e9f1fd66f4c26267,37a693062e1c454bcdd647800fb3848ffca994e2e26dfb9c04d914e0e7986a0d,"[""https://twitter.com/BlockSecTeam/status/1602877048124735489""]",[],76k,exact_contract_basename,True,True,,,2022-12-14,,,,blocked_missing_onchain_and_availability_evidence,"[""missing:deployment_block"", ""missing:prediction_cutoff_block"", ""missing:source_availability_time"", ""missing:runtime_bytecode_hash_at_cutoff"", ""missing:outcome_adjudication_id""]",retained,,cases/ca2-3a72b153af20c2c77bb7.json,177d753d910af964cc8fd2e7af04825a06d5333871401feb77c7bc3a7955bfd3,cases/ca2-3a72b153af20c2c77bb7.json,72c9d98940c36805269e75015579cf234c01d5c78833d4812ee914ce51115ae5,,,,,,,,,,,,ca2-3a72b153af20c2c77bb7,cases/ca2-3a72b153af20c2c77bb7.json,72c9d98940c36805269e75015579cf234c01d5c78833d4812ee914ce51115ae5,2022-11-14T09:39:01Z,2022-11-15T09:39:03Z,8043,,,56:0x3aa2b9de4ce397d93e11699c3f07b769b210bbd5,483f7374976b6acd3e970e793701b3082e9545186aea741de10b771170c11f01,,,,,a7b855bb77ffea827ec5a2cff5ee1e2dbe6ef9df1713a1918babd6c0d124e1e7,f821c01f47caf24de6c02c2d61416d742f4349dbf729fe612ee982e510a50a3d,24d7f51d8c2fb7233b8e8768d967dbd083657667dda4347925e8f783a36ccdbc,DERIVED_STRICT_SNAPSHOT,DERIVED_STRICT_SNAPSHOT,DERIVED_CONSENSUS_RUNTIME_CODE,UNRESOLVED:requires_loupe_or_historical_event_resolver,UNRESOLVED_NO_CUTOFF_SOURCE_VERIFICATION_EVIDENCE,DERIVED_EXACT_CHAIN_ADDRESS,DERIVED_METADATA_STRIPPED_BYTECODE_SHA256,UNRESOLVED_INDEPENDENT_ADJUDICATION_REQUIRED,UNRESOLVED_INDEPENDENT_ADJUDICATION_REQUIRED,UNRESOLVED_METHODS_OWNER_FREEZE_REQUIRED
rfb,defihacklabs,bsc,23649423,0x26f1457f067bf26881f311833391b52ca871a4b5,,ca2-cb9d62babfef067f9bc8,2022-12-05,RFB,Predicting Random Numbers,src/test/2022-12/RFB_exp.sol,bsc,https://github.com/SunWeb3Sec/DeFiHackLabs/blob/main/past/2022/README.md,frozen_public_source_hashed,e7668ddd37e305db9052d4f208bb3b87d1e75956950739d5e9f1fd66f4c26267,4c22db30e2907b87781834b816f73a5451ddbd78318b377367142737299a5f35,"[""https://twitter.com/BlockSecTeam/status/1599991294947778560""]",[],12BNB,exact_contract_basename,True,True,,,2022-12-05,,,,blocked_missing_onchain_and_availability_evidence,"[""missing:deployment_block"", ""missing:prediction_cutoff_block"", ""missing:source_availability_time"", ""missing:runtime_bytecode_hash_at_cutoff"", ""missing:outcome_adjudication_id""]",retained,,cases/ca2-cb9d62babfef067f9bc8.json,826e366522b5be4fda483df2bd1c1578e7135157c5e7bd8e8e8d197c45701e43,cases/ca2-cb9d62babfef067f9bc8.json,4b970026bf9e1a49fc474898bdf494c457e9f8946ffd5edd423589612f857e49,,,,,,,,,,,,ca2-cb9d62babfef067f9bc8,cases/ca2-cb9d62babfef067f9bc8.json,4b970026bf9e1a49fc474898bdf494c457e9f8946ffd5edd423589612f857e49,2022-12-03T15:45:54Z,2022-12-04T15:45:55Z,12423,,,56:0x26f1457f067bf26881f311833391b52ca871a4b5,d937ffcb777dd0b2c68f1aee71e643c614e61cd4056803465bc2d3c832f69e67,,,,,09e4bddf6c0898637fe9d5ae32b25b668a7b0cef3bffc4fcb68d2da7e2071783,ecd561d3eb549c36dec285b25c3aca70dcc05439e331804d056146a175265706,3a067b23f8af21a3b8f819f00e321596bb181de2842e853c013e153d1f0158b7,DERIVED_STRICT_SNAPSHOT,DERIVED_STRICT_SNAPSHOT,DERIVED_CONSENSUS_RUNTIME_CODE,UNRESOLVED:requires_loupe_or_historical_event_resolver,UNRESOLVED_NO_CUTOFF_SOURCE_VERIFICATION_EVIDENCE,DERIVED_EXACT_CHAIN_ADDRESS,DERIVED_METADATA_STRIPPED_BYTECODE_SHA256,UNRESOLVED_INDEPENDENT_ADJUDICATION_REQUIRED,UNRESOLVED_INDEPENDENT_ADJUDICATION_REQUIRED,UNRESOLVED_METHODS_OWNER_FREEZE_REQUIRED
shoco,defihacklabs,ethereum,16440978,0x31a4f372aa891b46ba44dc64be1d8947c889e9c6,shanghai,ca2-0973b5638247f1875b62,2023-01-19,SHOCO,Reflection token,src/test/2023-01/SHOCO_exp.sol,mainnet,https://github.com/SunWeb3Sec/DeFiHackLabs/blob/main/past/2023/README.md,frozen_public_source_hashed,1b5a1d9c3166c2b9d60fefc71f8e12d2c3d2f604b259d662e38310d39db6838b,78592a7b3034c3c46902ecbef7e8880793d53f634d01dfcc4cb88973dcb92bae,"[""https://github.com/Autosaida/DeFiHackAnalysis/blob/master/analysis/230119_SHOCO.md""]",[],~4ETH,exact_contract_basename,True,True,,,2023-01-19,,,,blocked_missing_onchain_and_availability_evidence,"[""missing:deployment_block"", ""missing:prediction_cutoff_block"", ""missing:source_availability_time"", ""missing:runtime_bytecode_hash_at_cutoff"", ""missing:outcome_adjudication_id""]",retained,,cases/ca2-0973b5638247f1875b62.json,fa8abf12b34c5e993697099511a753c4ff2c52efa29fbd8bdef75ef943ab2b7a,cases/ca2-0973b5638247f1875b62.json,07a0d365a171d940c56ba05a7e44131eef4fd6fc9ba81c473e29c2c014756ad0,,,,,,,,,,,,ca2-0973b5638247f1875b62,cases/ca2-0973b5638247f1875b62.json,07a0d365a171d940c56ba05a7e44131eef4fd6fc9ba81c473e29c2c014756ad0,2021-06-05T00:36:49Z,2021-06-06T00:36:56Z,13201,,,1:0x31a4f372aa891b46ba44dc64be1d8947c889e9c6,2510e38310e5ad7940a677900e1081d5ba3bf4e99de7ddf4231c40f9310a95cb,,,,,c7d31ccd9518df20b80bc0b9a917b1549b916e5587bfdcde88f285f2a69ec2e7,bbb8656fbbfe447fc14b5526134d8ec7702e35b5aa1f8fa2e3103d056e725a77,6b629cee817d337769756a19aa5c94cd378541cb21abafb7d6ca068d3c9faf94,DERIVED_STRICT_SNAPSHOT,DERIVED_STRICT_SNAPSHOT,DERIVED_CONSENSUS_RUNTIME_CODE,UNRESOLVED:requires_loupe_or_historical_event_resolver,UNRESOLVED_NO_CUTOFF_SOURCE_VERIFICATION_EVIDENCE,DERIVED_EXACT_CHAIN_ADDRESS,DERIVED_METADATA_STRIPPED_BYTECODE_SHA256,UNRESOLVED_INDEPENDENT_ADJUDICATION_REQUIRED,UNRESOLVED_INDEPENDENT_ADJUDICATION_REQUIRED,UNRESOLVED_METHODS_OWNER_FREEZE_REQUIRED
qtn,defihacklabs,ethereum,16430212,0xc9fa8f4cfd11559b50c5c7f6672b9eea2757e1bd,shanghai,ca2-c5f9905c03ee273e260f,2023-01-18,QTNToken,business logic flaw,src/test/2023-01/QTN_exp.sol,mainnet,https://github.com/SunWeb3Sec/DeFiHackLabs/blob/main/past/2023/README.md,frozen_public_source_hashed,1b5a1d9c3166c2b9d60fefc71f8e12d2c3d2f604b259d662e38310d39db6838b,97f79379800de58b011883fb2a3b22ada9dfc6c648e72c2674a80e4344a5ddd0,"[""https://twitter.com/BlockSecTeam/status/1615625901739511809""]",[],~2ETH,exact_contract_basename,True,True,,,2023-01-18,,,,blocked_missing_onchain_and_availability_evidence,"[""missing:deployment_block"", ""missing:prediction_cutoff_block"", ""missing:source_availability_time"", ""missing:runtime_bytecode_hash_at_cutoff"", ""missing:outcome_adjudication_id""]",retained,,cases/ca2-c5f9905c03ee273e260f.json,5ad7b2c56eb31ecf4d420491a3ba43920592793272141bd8a72fa050da9700c7,cases/ca2-c5f9905c03ee273e260f.json,3ba5302da3c76084017e700ec14d04825d65441546c767041d7022e9d7f9a444,,,,,,,,,,,,ca2-c5f9905c03ee273e260f,cases/ca2-c5f9905c03ee273e260f.json,3ba5302da3c76084017e700ec14d04825d65441546c767041d7022e9d7f9a444,2021-07-26T02:29:58Z,2021-07-27T02:30:03Z,8918,,,1:0xc9fa8f4cfd11559b50c5c7f6672b9eea2757e1bd,e6ef3a9a29c6897f651f81c3e7b8cdc648fe8b77399173d975d47830c28033ff,,,,,09b2f4a786dd14e5afd166647cf44ba7778d72917a8ff2816838578444145b75,1d341a50d23bee2f296313b7b6b5ad274609a58ec7dd9386bc33152780b84499,be0e0d4523a3974cea7acd9a08f5e3c864b513b94ae6d65600e5ca1d1858d9eb,DERIVED_STRICT_SNAPSHOT,DERIVED_STRICT_SNAPSHOT,DERIVED_CONSENSUS_RUNTIME_CODE,UNRESOLVED:requires_loupe_or_historical_event_resolver,UNRESOLVED_NO_CUTOFF_SOURCE_VERIFICATION_EVIDENCE,DERIVED_EXACT_CHAIN_ADDRESS,DERIVED_METADATA_STRIPPED_BYTECODE_SHA256,UNRESOLVED_INDEPENDENT_ADJUDICATION_REQUIRED,UNRESOLVED_INDEPENDENT_ADJUDICATION_REQUIRED,UNRESOLVED_METHODS_OWNER_FREEZE_REQUIRED
tinu,defihacklabs,ethereum,16489408,0x2d0e64b6bf13660a4c0de42a0b88144a7c10991f,shanghai,ca2-acd1e6758fc18c6f0e76,2023-01-26,TINU,Reflection token,src/test/2023-01/TINU_exp.sol,mainnet,https://github.com/SunWeb3Sec/DeFiHackLabs/blob/main/past/2023/README.md,frozen_public_source_hashed,1b5a1d9c3166c2b9d60fefc71f8e12d2c3d2f604b259d662e38310d39db6838b,209b2350caa38b1ece628269e73da01c91e2584a7ea39cb8661f67cf821f0ca4,"[""https://twitter.com/libevm/status/1618718156343873536""]",[],22 ETH,exact_contract_basename,True,True,,,2023-01-26,,,,blocked_missing_onchain_and_availability_evidence,"[""missing:deployment_block"", ""missing:prediction_cutoff_block"", ""missing:source_availability_time"", ""missing:runtime_bytecode_hash_at_cutoff"", ""missing:outcome_adjudication_id""]",retained,,cases/ca2-acd1e6758fc18c6f0e76.json,9f92d6371446153495087f0429352a994c7f5330ce0ea08b45265af5c9a6a650,cases/ca2-acd1e6758fc18c6f0e76.json,c6215bd8e3f85b9dc21f96b5a1a3a6e48233442339ac85b87749d9157c63da3e,,,,,,,,,,,,ca2-acd1e6758fc18c6f0e76,cases/ca2-acd1e6758fc18c6f0e76.json,c6215bd8e3f85b9dc21f96b5a1a3a6e48233442339ac85b87749d9157c63da3e,2021-06-19T18:45:35Z,2021-06-20T18:45:47Z,15291,,,1:0x2d0e64b6bf13660a4c0de42a0b88144a7c10991f,61f93e5e365e2fce0eeb36446e86eb887d423750159372037844c25637b6624e,,,,,a5dc730b148332d75ad2bf8546be08ffba3e3216b0b131330b3d8a18bec78d1f,42806311f8f0d03166c5266ae61fa9d5c9a60e9f057638e85fef6cd2c22978c7,8eb7d32ad066fd739c542aadf4b9ec0dd718c00bf35c69c2b64add72c916b2a5,DERIVED_STRICT_SNAPSHOT,DERIVED_STRICT_SNAPSHOT,DERIVED_CONSENSUS_RUNTIME_CODE,UNRESOLVED:requires_loupe_or_historical_event_resolver,UNRESOLVED_NO_CUTOFF_SOURCE_VERIFICATION_EVIDENCE,DERIVED_EXACT_CHAIN_ADDRESS,DERIVED_METADATA_STRIPPED_BYTECODE_SHA256,UNRESOLVED_INDEPENDENT_ADJUDICATION_REQUIRED,UNRESOLVED_INDEPENDENT_ADJUDICATION_REQUIRED,UNRESOLVED_METHODS_OWNER_FREEZE_REQUIRED
bra,defihacklabs,bsc,24655771,0x449fea37d339a11efe1b181e5d5462464bba3752,shanghai,ca2-71d01a519d5b777ca8d5,2023-01-10,BRA,Business Logic Flaw,src/test/2023-01/BRA_exp.sol,bsc,https://github.com/SunWeb3Sec/DeFiHackLabs/blob/main/past/2023/README.md,frozen_public_source_hashed,1b5a1d9c3166c2b9d60fefc71f8e12d2c3d2f604b259d662e38310d39db6838b,28c23d8c63daac50bc2d88fdd2e6da928eaad2ae14e15e393342b2bd7f5bdb60,"[""https://twitter.com/BlockSecTeam/status/1612701106982862849"", ""https://twitter.com/CertiKAlert/status/1612674916070858753""]",[],819 BNB (~224k$),exact_contract_basename,True,True,,,2023-01-10,,,,blocked_missing_onchain_and_availability_evidence,"[""missing:deployment_block"", ""missing:prediction_cutoff_block"", ""missing:source_availability_time"", ""missing:runtime_bytecode_hash_at_cutoff"", ""missing:outcome_adjudication_id""]",retained,,cases/ca2-71d01a519d5b777ca8d5.json,860b1f41d210b6d2d2d38e19290f1ce01136e9e09c06e007eef41d166a40952c,cases/ca2-71d01a519d5b777ca8d5.json,568277ecc2039a4046e5454de8936ed86bb60a00bcad9121bc6e36bad382c5f3,,,,,,,,,,,,ca2-71d01a519d5b777ca8d5,cases/ca2-71d01a519d5b777ca8d5.json,568277ecc2039a4046e5454de8936ed86bb60a00bcad9121bc6e36bad382c5f3,2022-10-12T11:39:37Z,2022-10-13T11:39:39Z,11755,,,56:0x449fea37d339a11efe1b181e5d5462464bba3752,1fdb50c2b303654cb14db2b0ea4a8b562d2b80b96f62d507ee8419d6f7b8a4f6,,,,,3cd83b9ed0802d9959888e71840aa134a7a6b2fc956d1899d0b9a76fa212c764,09fda772c96397f19fb711d660651cdb24de331a390ad563d6c81a6cb35c5947,432638c5e35145703f05775e9298fe05651723260325bf2fee75a8152b6bccdb,DERIVED_STRICT_SNAPSHOT,DERIVED_STRICT_SNAPSHOT,DERIVED_CONSENSUS_RUNTIME_CODE,UNRESOLVED:requires_loupe_or_historical_event_resolver,UNRESOLVED_NO_CUTOFF_SOURCE_VERIFICATION_EVIDENCE,DERIVED_EXACT_CHAIN_ADDRESS,DERIVED_METADATA_STRIPPED_BYTECODE_SHA256,UNRESOLVED_INDEPENDENT_ADJUDICATION_REQUIRED,UNRESOLVED_INDEPENDENT_ADJUDICATION_REQUIRED,UNRESOLVED_METHODS_OWNER_FREEZE_REQUIRED
bevo,defihacklabs,bsc,25230702,0xc6cb12df4520b7bf83f64c79c585b8462e18b6aa,shanghai,ca2-b9cedafde58efbfc26fe,2023-01-30,BEVO,Reflection token,src/test/2023-01/BEVO_exp.sol,bsc,https://github.com/SunWeb3Sec/DeFiHackLabs/blob/main/past/2023/README.md,frozen_public_source_hashed,1b5a1d9c3166c2b9d60fefc71f8e12d2c3d2f604b259d662e38310d39db6838b,466f574ba0b6138ad285df179e8ef8e1f47132c03f6f4cec1ce0c17360bb607a,"[""https://twitter.com/QuillAudits/status/1620377951836708865""]",[],144 BNB,exact_contract_basename,True,True,,,2023-01-30,,,,blocked_missing_onchain_and_availability_evidence,"[""missing:deployment_block"", ""missing:prediction_cutoff_block"", ""missing:source_availability_time"", ""missing:runtime_bytecode_hash_at_cutoff"", ""missing:outcome_adjudication_id""]",retained,,cases/ca2-b9cedafde58efbfc26fe.json,2af04941f0a3fbe9d2b67ca940e46f70b17716d81912b346a60c0e1e2954c819,cases/ca2-b9cedafde58efbfc26fe.json,b47af3ca8031a712b923ecbe2d127c5598ec326bc3c18c65d91559ddb97a8384,,,,,,,,,,,,ca2-b9cedafde58efbfc26fe,cases/ca2-b9cedafde58efbfc26fe.json,b47af3ca8031a712b923ecbe2d127c5598ec326bc3c18c65d91559ddb97a8384,2021-05-21T20:15:56Z,2021-05-22T20:15:56Z,8839,,,56:0xc6cb12df4520b7bf83f64c79c585b8462e18b6aa,4aa8f2e1fac22a85e11d80302f8be0dab20fdd3c4b9e2a50d27d9013bb383384,,,,,088eab28de25165b9d3cb551715be48ffe2c42ae019d39f89cba52e57ce6ccaa,6997f8ee2a7a566d4ff0b822a5e1c6e10ae663960835b9382d62ad5bdb29ba7e,83817bac0d859f22d290461d6bd47e8e0289f598660a3f318b346aa01a2677be,DERIVED_STRICT_SNAPSHOT,DERIVED_STRICT_SNAPSHOT,DERIVED_CONSENSUS_RUNTIME_CODE,UNRESOLVED:requires_loupe_or_historical_event_resolver,UNRESOLVED_NO_CUTOFF_SOURCE_VERIFICATION_EVIDENCE,DERIVED_EXACT_CHAIN_ADDRESS,DERIVED_METADATA_STRIPPED_BYTECODE_SHA256,UNRESOLVED_INDEPENDENT_ADJUDICATION_REQUIRED,UNRESOLVED_INDEPENDENT_ADJUDICATION_REQUIRED,UNRESOLVED_METHODS_OWNER_FREEZE_REQUIRED
omniestate,defihacklabs,bsc,24850696,0x6f40a3d0c89cffdc8a1af212a019c220a295e9bb,shanghai,ca2-9ed4dcb42bc3e395722f,2023-01-17,OmniEstate,No Input Parameter Check,src/test/2023-01/OmniEstate_exp.sol,bsc,https://github.com/SunWeb3Sec/DeFiHackLabs/blob/main/past/2023/README.md,frozen_public_source_hashed,1b5a1d9c3166c2b9d60fefc71f8e12d2c3d2f604b259d662e38310d39db6838b,339c1cb46cb4b8dba4a69aabf4bd3ddcdf16695bb4c9db2873ed5067910fd5c3,"[""https://twitter.com/BlockSecTeam/status/1615232012834705408""]",[],$70k(236 BNB),exact_contract_basename,True,True,,,2023-01-17,,,,blocked_missing_onchain_and_availability_evidence,"[""missing:deployment_block"", ""missing:prediction_cutoff_block"", ""missing:source_availability_time"", ""missing:runtime_bytecode_hash_at_cutoff"", ""missing:outcome_adjudication_id""]",retained,,cases/ca2-9ed4dcb42bc3e395722f.json,fbe850f9e2b5a0f0cc567458f4cc9a94def9be094efffb61ec8d72ff19c21c9a,cases/ca2-9ed4dcb42bc3e395722f.json,4f7fee30b176d013b8752a45ddf363fea2e0a9a4315689c10af74981c4b9d700,,,,,,,,,,,,ca2-9ed4dcb42bc3e395722f,cases/ca2-9ed4dcb42bc3e395722f.json,4f7fee30b176d013b8752a45ddf363fea2e0a9a4315689c10af74981c4b9d700,2021-12-14T01:19:59Z,2021-12-15T01:20:00Z,2141,EIP1967_PROXY,,56:0x6f40a3d0c89cffdc8a1af212a019c220a295e9bb,a9e9f47e85bce0571f5933d7bee02de9201c3766c8d14409c13c54e7092e7816,eip1967:0x1e62cdcdc1807b7eb703b47908c42955999b4320,,,,058471cca9a76bbd5559caca3f898d27132fa48d8670930ffbf037dc7fbe0cb3,e26f28f670c44f710168e3f299c5b933c714f34ffa2d9543c6896b693669de3e,a870db353024c49a1da1c6cf06babfe69e28edca87844590bc95738f992865dc,DERIVED_STRICT_SNAPSHOT,DERIVED_STRICT_SNAPSHOT,DERIVED_CONSENSUS_RUNTIME_CODE,VERIFIED_STANDARD_PROXY,UNRESOLVED_NO_CUTOFF_SOURCE_VERIFICATION_EVIDENCE,DERIVED_EXACT_CHAIN_ADDRESS,DERIVED_METADATA_STRIPPED_BYTECODE_SHA256,UNRESOLVED_INDEPENDENT_ADJUDICATION_REQUIRED,UNRESOLVED_INDEPENDENT_ADJUDICATION_REQUIRED,UNRESOLVED_METHODS_OWNER_FREEZE_REQUIRED
gds,defihacklabs,bsc,24449918,0xc1bb12560468fb255a8e8431bdf883cc4cb3d278,shanghai,ca2-21e1af0751214952c72b,2023-01-03,GDS,Business Logic Flaw,src/test/2023-01/GDS_exp.sol,bsc,https://github.com/SunWeb3Sec/DeFiHackLabs/blob/main/past/2023/README.md,frozen_public_source_hashed,1b5a1d9c3166c2b9d60fefc71f8e12d2c3d2f604b259d662e38310d39db6838b,f133bcf77115517e92a74eaa4862856160367c7dfa6ab0ce717703333d38ca93,"[""https://twitter.com/BlockSecTeam/status/1610167174978760704"", ""https://twitter.com/peckshield/status/1610095490368180224""]",[],$180k,exact_contract_basename,True,True,,,2023-01-03,,,,blocked_missing_onchain_and_availability_evidence,"[""missing:deployment_block"", ""missing:prediction_cutoff_block"", ""missing:source_availability_time"", ""missing:runtime_bytecode_hash_at_cutoff"", ""missing:outcome_adjudication_id""]",retained,,cases/ca2-21e1af0751214952c72b.json,d5fb4b5b9a87f9611d26809587acfe210258fddd8956d9325e993790956548c5,cases/ca2-21e1af0751214952c72b.json,cfd13475fd0708fcfb6ff436507fe7687ccd59ae0cff6c37477543d00312e6e4,,,,,,,,,,,,ca2-21e1af0751214952c72b,cases/ca2-21e1af0751214952c72b.json,cfd13475fd0708fcfb6ff436507fe7687ccd59ae0cff6c37477543d00312e6e4,2022-12-04T06:21:05Z,2022-12-05T06:21:07Z,13493,,,56:0xc1bb12560468fb255a8e8431bdf883cc4cb3d278,99e6fb66a4167eb5f722c342979b6b298e15af9ba9b2ff5c923dbf8fb60e965d,,,,,b2bb26e6eeb11562dc4e79c588e1f7c9dd6593219a2ba75d92a47831afc03df0,d53195ae1c1953a688d6d0b899c04dbf1225bcddf2d790c0cef357dac8c29159,655bfc3be69c5480420e8f48ce88faaac143c6f992f7d151b9de65407dbb6160,DERIVED_STRICT_SNAPSHOT,DERIVED_STRICT_SNAPSHOT,DERIVED_CONSENSUS_RUNTIME_CODE,UNRESOLVED:requires_loupe_or_historical_event_resolver,UNRESOLVED_NO_CUTOFF_SOURCE_VERIFICATION_EVIDENCE,DERIVED_EXACT_CHAIN_ADDRESS,DERIVED_METADATA_STRIPPED_BYTECODE_SHA256,UNRESOLVED_INDEPENDENT_ADJUDICATION_REQUIRED,UNRESOLVED_INDEPENDENT_ADJUDICATION_REQUIRED,UNRESOLVED_METHODS_OWNER_FREEZE_REQUIRED
ufdao,defihacklabs,bsc,24705058,0xf887a2dac0dd432997c970bce597a94ead4a8c25,shanghai,ca2-9ab8788d5d7ac2a3947b,2023-01-11,UFDao,Incorrect Parameter Setting,src/test/2023-01/UFDao_exp.sol,bsc,https://github.com/SunWeb3Sec/DeFiHackLabs/blob/main/past/2023/README.md,frozen_public_source_hashed,1b5a1d9c3166c2b9d60fefc71f8e12d2c3d2f604b259d662e38310d39db6838b,3f87a9969fbd9c3a46a8b56de964bbd87d555974a9361bf27e54e156e94b6108,"[""https://twitter.com/BlockSecTeam/status/1613507804412940289""]",[],$90k,exact_contract_basename,True,True,,,2023-01-11,,,,blocked_missing_onchain_and_availability_evidence,"[""missing:deployment_block"", ""missing:prediction_cutoff_block"", ""missing:source_availability_time"", ""missing:runtime_bytecode_hash_at_cutoff"", ""missing:outcome_adjudication_id""]",retained,,cases/ca2-9ab8788d5d7ac2a3947b.json,0a6efa09749d843c34a0299d46b458229543baf26add79ae00aac884128b1748,cases/ca2-9ab8788d5d7ac2a3947b.json,5183abf7cf966f14694197ecd93764e08a41ec2105480128d0fa2bc1ffdd72e9,,,,,,,,,,,,ca2-9ab8788d5d7ac2a3947b,cases/ca2-9ab8788d5d7ac2a3947b.json,5183abf7cf966f14694197ecd93764e08a41ec2105480128d0fa2bc1ffdd72e9,2021-11-15T15:07:23Z,2021-11-16T15:07:25Z,6904,,,56:0xf887a2dac0dd432997c970bce597a94ead4a8c25,d8326f6d58ba0d4a0fbf4d7cfdbb29fe8a94a2ac3e2f88774694003f189e25a3,,,,,abc9765d6cf6e250b64713d0c33aa242faf0bd1cf26b8afbab0c1b373b5525f5,8cc1dbdb5626a6d000a50894477dfff0924c5de509bb92148a305e2801a84a2c,c80b010ec12f8c1376641aff4955079d02c51417c32353e838965c962f52cab9,DERIVED_STRICT_SNAPSHOT,DERIVED_STRICT_SNAPSHOT,DERIVED_CONSENSUS_RUNTIME_CODE,UNRESOLVED:requires_loupe_or_historical_event_resolver,UNRESOLVED_NO_CUTOFF_SOURCE_VERIFICATION_EVIDENCE,DERIVED_EXACT_CHAIN_ADDRESS,DERIVED_METADATA_STRIPPED_BYTECODE_SHA256,UNRESOLVED_INDEPENDENT_ADJUDICATION_REQUIRED,UNRESOLVED_INDEPENDENT_ADJUDICATION_REQUIRED,UNRESOLVED_METHODS_OWNER_FREEZE_REQUIRED
upswing,defihacklabs,ethereum,16433820,0x35a254223960c18b69c0526c46b013d022e93902,shanghai,ca2-2f2a6d7666820b172f1a,2023-01-18,UPSToken,business logic flaw,src/test/2023-01/Upswing_exp.sol,ethereum,https://github.com/SunWeb3Sec/DeFiHackLabs/blob/main/past/2023/README.md,frozen_public_source_hashed,1b5a1d9c3166c2b9d60fefc71f8e12d2c3d2f604b259d662e38310d39db6838b,096a64991a7d2fc68aa16318ed16cec6cc60de825fa4e6de92de2b3425e4e1b3,"[""https://etherscan.io/tx/0x4b3df6e9c68ae482c71a02832f7f599ff58ff877ec05fed0abd95b31d2d7d912"", ""https://twitter.com/QuillAudits/status/1615634917802807297""]","[""0x4b3df6e9c68ae482c71a02832f7f599ff58ff877ec05fed0abd95b31d2d7d912""]",~22 ETH,exact_contract_basename,True,True,,,2023-01-18,,,,blocked_missing_onchain_and_availability_evidence,"[""missing:deployment_block"", ""missing:prediction_cutoff_block"", ""missing:source_availability_time"", ""missing:runtime_bytecode_hash_at_cutoff"", ""missing:outcome_adjudication_id""]",retained,,cases/ca2-2f2a6d7666820b172f1a.json,103a3568c48dd439cfccaeb5f4dd4841f86d5a28b321a74d397e48c222d61238,cases/ca2-2f2a6d7666820b172f1a.json,bac2572a303d2d4894ba4b7cffbcf2aab675a9601a5502bb322cf60c28f50e0b,,,,,,,,,,,,ca2-2f2a6d7666820b172f1a,cases/ca2-2f2a6d7666820b172f1a.json,bac2572a303d2d4894ba4b7cffbcf2aab675a9601a5502bb322cf60c28f50e0b,2020-09-28T18:04:25Z,2020-09-29T18:04:56Z,11800,,,1:0x35a254223960c18b69c0526c46b013d022e93902,2f0f48ed16de49f8615ee8ac58ba14d32e2c113bd04e2c72c6288e3a3d84788b,,,,,58edf724aa2885d5df5683e70a33ba814116b5c2c0b13ed44d0e8a17fcae9091,991a0ebc595cd2c18a6a8c082e0548fc59afcbab004d7766bd281c2d37bc50ef,2fe0574a25d81d113bddafe3b23951a93f9a1f3fbd81b8e5b3295668b7d1558a,DERIVED_STRICT_SNAPSHOT,DERIVED_STRICT_SNAPSHOT,DERIVED_CONSENSUS_RUNTIME_CODE,UNRESOLVED:requires_loupe_or_historical_event_resolver,UNRESOLVED_NO_CUTOFF_SOURCE_VERIFICATION_EVIDENCE,DERIVED_EXACT_CHAIN_ADDRESS,DERIVED_METADATA_STRIPPED_BYTECODE_SHA256,UNRESOLVED_INDEPENDENT_ADJUDICATION_REQUIRED,UNRESOLVED_INDEPENDENT_ADJUDICATION_REQUIRED,UNRESOLVED_METHODS_OWNER_FREEZE_REQUIRED
roefinance,defihacklabs,ethereum,16384469,0x5f360c6b7b25dfbfa4f10039ea0f7ecfb9b02e60,shanghai,ca2-0bd28c93ecf3fec1d833,2023-01-11,RoeFinance,FlashLoan price manipulation,src/test/2023-01/RoeFinance_exp.sol,mainnet,https://github.com/SunWeb3Sec/DeFiHackLabs/blob/main/past/2023/README.md,frozen_public_source_hashed,1b5a1d9c3166c2b9d60fefc71f8e12d2c3d2f604b259d662e38310d39db6838b,4038cc16dc764000e5540fd5f01aa745903eea938e4ed3a99a5455622162b49e,"[""https://twitter.com/BlockSecTeam/status/1613267000913960976""]",[],$80k,exact_contract_basename,True,True,,,2023-01-11,,,,blocked_missing_onchain_and_availability_evidence,"[""missing:deployment_block"", ""missing:prediction_cutoff_block"", ""missing:source_availability_time"", ""missing:runtime_bytecode_hash_at_cutoff"", ""missing:outcome_adjudication_id""]",retained,,cases/ca2-0bd28c93ecf3fec1d833.json,71cd994c44930a384b3ce92e42ad7b175c29dc34fb553aab38263dc07ed5a6b0,cases/ca2-0bd28c93ecf3fec1d833.json,6fd6a7ce81ca16542b7d06d6012ef7e0187551e5681fa25c2c9491e161e0fe57,,,,,,,,,,,,ca2-0bd28c93ecf3fec1d833,cases/ca2-0bd28c93ecf3fec1d833.json,6fd6a7ce81ca16542b7d06d6012ef7e0187551e5681fa25c2c9491e161e0fe57,2022-08-10T11:49:08Z,2022-08-11T11:50:00Z,1779,EIP1967_PROXY,,1:0x5f360c6b7b25dfbfa4f10039ea0f7ecfb9b02e60,81d4c0ddf125731cedc72e27c8fde534d39f1fcbc388ed838d33306aa4d5ad29,eip1967:0x93dafd75f3f809d6a940e3971d401cfcc78f328c,,,,28241a2696066245370cb299b2e4b6f222767117bf9c5d68b439a657b6a770e2,63be2bec9e97549eb02fd1524ab941a05f5cc38867662b2fc2ae1818aecdeed9,06daae3a020632a5929f0a7007659df9fe25969a9377d453fff4bd3abb91b055,DERIVED_STRICT_SNAPSHOT,DERIVED_STRICT_SNAPSHOT,DERIVED_CONSENSUS_RUNTIME_CODE,VERIFIED_STANDARD_PROXY,UNRESOLVED_NO_CUTOFF_SOURCE_VERIFICATION_EVIDENCE,DERIVED_EXACT_CHAIN_ADDRESS,DERIVED_METADATA_STRIPPED_BYTECODE_SHA256,UNRESOLVED_INDEPENDENT_ADJUDICATION_REQUIRED,UNRESOLVED_INDEPENDENT_ADJUDICATION_REQUIRED,UNRESOLVED_METHODS_OWNER_FREEZE_REQUIRED
efvault,defihacklabs,ethereum,16696239,0xbdb515028a6fa6cd1634b5a9651184494abfd336,shanghai,ca2-99c425ac31ee8abd76f2,2023-02-24,EFVault,Storage Collision,src/test/2023-02/EFVault_exp.sol,mainnet,https://github.com/SunWeb3Sec/DeFiHackLabs/blob/main/past/2023/README.md,frozen_public_source_hashed,1b5a1d9c3166c2b9d60fefc71f8e12d2c3d2f604b259d662e38310d39db6838b,68edecb51d2fa2593e02e14f18e96fd9ea8769ae3611be1d4dabd888b636bd01,"[""https://twitter.com/drdr_zz/status/1630500170373685248"", ""https://twitter.com/gbaleeeee/status/1630587522698080257"", ""https://twitter.com/peckshield/status/1630490333716029440""]",[],~$5.1M,exact_contract_basename,True,True,,,2023-02-24,,,,blocked_missing_onchain_and_availability_evidence,"[""missing:deployment_block"", ""missing:prediction_cutoff_block"", ""missing:source_availability_time"", ""missing:runtime_bytecode_hash_at_cutoff"", ""missing:outcome_adjudication_id""]",retained,,cases/ca2-99c425ac31ee8abd76f2.json,a180dc0a066034d84beee32863df1f0bfddfd341081f7cc3ce8a1a049f273f37,cases/ca2-99c425ac31ee8abd76f2.json,f60d9df0ac1d4225253df1f4e94fc82e2aa69844e3b2c7e20017bfd0cd5dc50c,,,,,,,,,,,,ca2-99c425ac31ee8abd76f2,cases/ca2-99c425ac31ee8abd76f2.json,f60d9df0ac1d4225253df1f4e94fc82e2aa69844e3b2c7e20017bfd0cd5dc50c,2022-10-07T19:02:35Z,2022-10-08T19:02:35Z,2141,EIP1967_PROXY,,1:0xbdb515028a6fa6cd1634b5a9651184494abfd336,a9e9f47e85bce0571f5933d7bee02de9201c3766c8d14409c13c54e7092e7816,eip1967:0x21dbe7debd0ab102508cf03a055ece9056872e09,,,,1616189f14da4202910e9596eb71b746a11062736336b56b2645fc66b6821c3d,b58fab5d470634f2a7490809674361c9fdad5ecaf18f7adb4cc281067626bd1c,9e86e11aa0b39d8684e3b2b8733f7e7b1c7b726949d8bc3251bfea20ce018df4,DERIVED_STRICT_SNAPSHOT,DERIVED_STRICT_SNAPSHOT,DERIVED_CONSENSUS_RUNTIME_CODE,VERIFIED_STANDARD_PROXY,UNRESOLVED_NO_CUTOFF_SOURCE_VERIFICATION_EVIDENCE,DERIVED_EXACT_CHAIN_ADDRESS,DERIVED_METADATA_STRIPPED_BYTECODE_SHA256,UNRESOLVED_INDEPENDENT_ADJUDICATION_REQUIRED,UNRESOLVED_INDEPENDENT_ADJUDICATION_REQUIRED,UNRESOLVED_METHODS_OWNER_FREEZE_REQUIRED
fdp,defihacklabs,bsc,25430418,0x1954b6bd198c29c3ecf2d6f6bc70a4d41ea1cc07,shanghai,ca2-6d220be49d90b51ca6fd,2023-02-06,FDP,Reflection token,src/test/2023-02/FDP_exp.sol,bsc,https://github.com/SunWeb3Sec/DeFiHackLabs/blob/main/past/2023/README.md,frozen_public_source_hashed,1b5a1d9c3166c2b9d60fefc71f8e12d2c3d2f604b259d662e38310d39db6838b,3d906384ee936746d672dbfc3cad07972bb1e7119141ce312010671cf7c85581,"[""https://twitter.com/BeosinAlert/status/1622806011269771266""]",[],~16 WBNB,exact_contract_basename,True,True,,,2023-02-06,,,,blocked_missing_onchain_and_availability_evidence,"[""missing:deployment_block"", ""missing:prediction_cutoff_block"", ""missing:source_availability_time"", ""missing:runtime_bytecode_hash_at_cutoff"", ""missing:outcome_adjudication_id""]",retained,,cases/ca2-6d220be49d90b51ca6fd.json,e4ae9e77baa94c6dd3a6eabbe6095536beee68b63af617439d68cdf369983408,cases/ca2-6d220be49d90b51ca6fd.json,d7c1b67b4cf535653e787bc2d4d87f03973daecd34610945e53345e0fb5cbb9d,,,,,,,,,,,,ca2-6d220be49d90b51ca6fd,cases/ca2-6d220be49d90b51ca6fd.json,d7c1b67b4cf535653e787bc2d4d87f03973daecd34610945e53345e0fb5cbb9d,2021-06-05T15:32:33Z,2021-06-06T15:32:33Z,14457,,,56:0x1954b6bd198c29c3ecf2d6f6bc70a4d41ea1cc07,758c59861cf6a9ae7612f7d0871b35d5572a66aebc1be35291214b16b50d2ecc,,,,,61b0178a678dd9a0c973b6efe03e47b8e28bbe28638436bb4eb0cc67ba9f75cf,804bc26463587646342a1c790a3db5a1b4b62a9a799538ad0d8e47fe6831ff71,d9462c0d237075d8ca07ee900a0c1b15c169930fcb98d5d9afc858a6736897eb,DERIVED_STRICT_SNAPSHOT,DERIVED_STRICT_SNAPSHOT,DERIVED_CONSENSUS_RUNTIME_CODE,UNRESOLVED:requires_loupe_or_historical_event_resolver,UNRESOLVED_NO_CUTOFF_SOURCE_VERIFICATION_EVIDENCE,DERIVED_EXACT_CHAIN_ADDRESS,DERIVED_METADATA_STRIPPED_BYTECODE_SHA256,UNRESOLVED_INDEPENDENT_ADJUDICATION_REQUIRED,UNRESOLVED_INDEPENDENT_ADJUDICATION_REQUIRED,UNRESOLVED_METHODS_OWNER_FREEZE_REQUIRED
dexible,defihacklabs,ethereum,16646022,0xde62e1b0edaa55aac5ffbe21984d321706418024,shanghai,ca2-12f0d5e40474ef0de502,2023-02-17,Dexible,Arbitrary External Call Vulnerability,src/test/2023-02/Dexible_exp.sol,mainnet,https://github.com/SunWeb3Sec/DeFiHackLabs/blob/main/past/2023/README.md,frozen_public_source_hashed,1b5a1d9c3166c2b9d60fefc71f8e12d2c3d2f604b259d662e38310d39db6838b,4e6fd15f0c9f1255cfe205eaee2b040e69c0dac862c7bf768fe3fdc53312a057,"[""https://twitter.com/MevRefund/status/1626450002254958592"", ""https://twitter.com/peckshield/status/1626493024879673344""]",[],~$1.5M,exact_contract_basename,True,True,,,2023-02-17,,,,blocked_missing_onchain_and_availability_evidence,"[""missing:deployment_block"", ""missing:prediction_cutoff_block"", ""missing:source_availability_time"", ""missing:runtime_bytecode_hash_at_cutoff"", ""missing:outcome_adjudication_id""]",retained,,cases/ca2-12f0d5e40474ef0de502.json,ddd62e8b1e4c060c89401efdfd50fee2f1f886c32808c12c885af303c5b84465,cases/ca2-12f0d5e40474ef0de502.json,d860671c7c8bad5f10da0fe6ef1bb100618e055a897a44814f97a1c5ff9ea335,,,,,,,,,,,,ca2-12f0d5e40474ef0de502,cases/ca2-12f0d5e40474ef0de502.json,d860671c7c8bad5f10da0fe6ef1bb100618e055a897a44814f97a1c5ff9ea335,2023-02-15T17:31:47Z,2023-02-16T17:31:47Z,2054,,,1:0xde62e1b0edaa55aac5ffbe21984d321706418024,acfbb0461e317c2e89b94d3b937e7ef69ae193aefc08fed29b61595c0e513943,,,,,0316c05a303084cde0fb2b6d3e605575d61bdeb25994319c932e0ff3db50bb5e,a5afe5854f84763894c11e7eb4fdc81b1def86eaab9f30990f6abb047d3160c9,e0fd616526454be85c98ae69079ff538a6ef011825bd386d981e964850a508bc,DERIVED_STRICT_SNAPSHOT,DERIVED_STRICT_SNAPSHOT,DERIVED_CONSENSUS_RUNTIME_CODE,UNRESOLVED:requires_loupe_or_historical_event_resolver,UNRESOLVED_NO_CUTOFF_SOURCE_VERIFICATION_EVIDENCE,DERIVED_EXACT_CHAIN_ADDRESS,DERIVED_METADATA_STRIPPED_BYTECODE_SHA256,UNRESOLVED_INDEPENDENT_ADJUDICATION_REQUIRED,UNRESOLVED_INDEPENDENT_ADJUDICATION_REQUIRED,UNRESOLVED_METHODS_OWNER_FREEZE_REQUIRED
dyna,defihacklabs,bsc,25879486,0xa7b5eabc3ee82c585f5f4ccc26b81c3bd62ff3a9,shanghai,ca2-d5206e281e59cc007b02,2023-02-22,DYNA,Business Logic Flaw,src/test/2023-02/DYNA_exp.sol,bsc,https://github.com/SunWeb3Sec/DeFiHackLabs/blob/main/past/2023/README.md,frozen_public_source_hashed,1b5a1d9c3166c2b9d60fefc71f8e12d2c3d2f604b259d662e38310d39db6838b,0606d32d977bdc3f23dd05023c118ba7841cf5fb14bdec135b2b1d42c7952174,"[""https://twitter.com/BeosinAlert/status/1628301635834486784"", ""https://twitter.com/BlockSecTeam/status/1628319536117153794""]",[],~$21k,exact_contract_basename,True,True,,,2023-02-22,,,,blocked_missing_onchain_and_availability_evidence,"[""missing:deployment_block"", ""missing:prediction_cutoff_block"", ""missing:source_availability_time"", ""missing:runtime_bytecode_hash_at_cutoff"", ""missing:outcome_adjudication_id""]",retained,,cases/ca2-d5206e281e59cc007b02.json,0c2f85cf510f4ac1bfd5540a19c6612d40e69f34daf784fb9146f202792d2a05,cases/ca2-d5206e281e59cc007b02.json,bf40b9c0ac2efe3a7c9ac93084ad6b401c536525112e74a99d0e128229478231,,,,,,,,,,,,ca2-d5206e281e59cc007b02,cases/ca2-d5206e281e59cc007b02.json,bf40b9c0ac2efe3a7c9ac93084ad6b401c536525112e74a99d0e128229478231,2023-02-01T12:23:49Z,2023-02-02T12:23:49Z,2844,,,56:0xa7b5eabc3ee82c585f5f4ccc26b81c3bd62ff3a9,8162893067fb69cf42791c0ab50188b14e3d1084a798f7e8ad33c5525c61c887,,,,,17558595e55648c2bca0f4ded281da51fc4369d4a964167b7178c4bd86837040,a7d1ccd6f56c0307f6be5f994a1810bb10d2094fd49059a86c33653a427a5e60,d2aad749baf75fedcc7e15fb56a1b15aa699bf560f86ff195c8a5447902275b9,DERIVED_STRICT_SNAPSHOT,DERIVED_STRICT_SNAPSHOT,DERIVED_CONSENSUS_RUNTIME_CODE,UNRESOLVED:requires_loupe_or_historical_event_resolver,UNRESOLVED_NO_CUTOFF_SOURCE_VERIFICATION_EVIDENCE,DERIVED_EXACT_CHAIN_ADDRESS,DERIVED_METADATA_STRIPPED_BYTECODE_SHA256,UNRESOLVED_INDEPENDENT_ADJUDICATION_REQUIRED,UNRESOLVED_INDEPENDENT_ADJUDICATION_REQUIRED,UNRESOLVED_METHODS_OWNER_FREEZE_REQUIRED
revertfinance,defihacklabs,ethereum,16653389,0x531110418d8591c92e9cbbfc722db8ffb604fafd,shanghai,ca2-4de34020e1fa2eaee68a,2023-02-18,RevertFinance,Arbitrary External Call Vulnerability,src/test/2023-02/RevertFinance_exp.sol,mainnet,https://github.com/SunWeb3Sec/DeFiHackLabs/blob/main/past/2023/README.md,frozen_public_source_hashed,1b5a1d9c3166c2b9d60fefc71f8e12d2c3d2f604b259d662e38310d39db6838b,207d11063b53884c885c89aa548be4521d5744a7ac420e813021f072bcdb0eee,"[""https://mirror.xyz/revertfinance.eth/3sdpQ3v9vEKiOjaHXUi3TdEfhleAXXlAEWeODrRHJtU""]",[],~$30k,exact_contract_basename,True,True,,,2023-02-18,,,,blocked_missing_onchain_and_availability_evidence,"[""missing:deployment_block"", ""missing:prediction_cutoff_block"", ""missing:source_availability_time"", ""missing:runtime_bytecode_hash_at_cutoff"", ""missing:outcome_adjudication_id""]",retained,,cases/ca2-4de34020e1fa2eaee68a.json,bdafdf59f66034d107d1895915373dd053c7e45810bb39c653701b08a4a6a95d,cases/ca2-4de34020e1fa2eaee68a.json,6b6c325e9cb8bbaafafac019805a669feed853a5cb13e41bf1cd084b5f68c2bd,,,,,,,,,,,,ca2-4de34020e1fa2eaee68a,cases/ca2-4de34020e1fa2eaee68a.json,6b6c325e9cb8bbaafafac019805a669feed853a5cb13e41bf1cd084b5f68c2bd,2023-02-03T18:41:11Z,2023-02-04T18:41:11Z,15484,,,1:0x531110418d8591c92e9cbbfc722db8ffb604fafd,9f41fe7063306ead631fcc38782b393dcb847ad0bf064f579064ba12c81fd00e,,,,,6f66cf717c1dd02f7dfed9842459af1cffac9495e0a74bc035c1c0365ecbd6ad,9d596c7b30c810719587c4a6eb4ae342314ed38ddd87632230fe45ca74e23dff,a8f6d4501f7648a2df47b79fecd4eaf3b8b6cd488e050cefca1126f2f05beb39,DERIVED_STRICT_SNAPSHOT,DERIVED_STRICT_SNAPSHOT,DERIVED_CONSENSUS_RUNTIME_CODE,UNRESOLVED:requires_loupe_or_historical_event_resolver,UNRESOLVED_NO_CUTOFF_SOURCE_VERIFICATION_EVIDENCE,DERIVED_EXACT_CHAIN_ADDRESS,DERIVED_METADATA_STRIPPED_BYTECODE_SHA256,UNRESOLVED_INDEPENDENT_ADJUDICATION_REQUIRED,UNRESOLVED_INDEPENDENT_ADJUDICATION_REQUIRED,UNRESOLVED_METHODS_OWNER_FREEZE_REQUIRED
starlink,defihacklabs,bsc,25729304,0x518281f34dbf5b76e6cdd3908a6972e8ec49e345,shanghai,ca2-0062515827b6285930f2,2023-02-17,Starlink,Business Logic Flaw,src/test/2023-02/Starlink_exp.sol,bsc,https://github.com/SunWeb3Sec/DeFiHackLabs/blob/main/past/2023/README.md,frozen_public_source_hashed,1b5a1d9c3166c2b9d60fefc71f8e12d2c3d2f604b259d662e38310d39db6838b,ce989f1533e653d024b528cbd95da156c293d2c4a813e73814fb2ef1e94b91a7,"[""https://twitter.com/NumenAlert/status/1626447469361102850"", ""https://twitter.com/bbbb/status/1626392605264351235""]",[],~$12k,exact_contract_basename,True,True,,,2023-02-17,,,,blocked_missing_onchain_and_availability_evidence,"[""missing:deployment_block"", ""missing:prediction_cutoff_block"", ""missing:source_availability_time"", ""missing:runtime_bytecode_hash_at_cutoff"", ""missing:outcome_adjudication_id""]",retained,,cases/ca2-0062515827b6285930f2.json,abab2bd4c0a17d5bc4d9a0f551144c747c8ff1e9d480537cda6d52b1173e5c76,cases/ca2-0062515827b6285930f2.json,adfd613407518f1fb72ac383e2eb61660fbce5510c8bad1da9c6be43e151d0b9,,,,,,,,,,,,ca2-0062515827b6285930f2,cases/ca2-0062515827b6285930f2.json,adfd613407518f1fb72ac383e2eb61660fbce5510c8bad1da9c6be43e151d0b9,2022-02-22T13:21:20Z,2022-02-23T13:21:22Z,18765,,,56:0x518281f34dbf5b76e6cdd3908a6972e8ec49e345,e81f4169c2d18c154e7c1046f559e5c8a2e80c40648642a3b5088b8da4818628,,,,,702ba0b45260394866227345e6d72d4cc2cb45b0e0c0485313ea534409af6e56,2dc0cdf61e3fa90a9982854e6f746fef35dfd45d8f3872ae5666f8330f7008f8,3b825263fcae2942cb51d411546a4effff6759f001c5a14219005da61e60e639,DERIVED_STRICT_SNAPSHOT,DERIVED_STRICT_SNAPSHOT,DERIVED_CONSENSUS_RUNTIME_CODE,UNRESOLVED:requires_loupe_or_historical_event_resolver,UNRESOLVED_NO_CUTOFF_SOURCE_VERIFICATION_EVIDENCE,DERIVED_EXACT_CHAIN_ADDRESS,DERIVED_METADATA_STRIPPED_BYTECODE_SHA256,UNRESOLVED_INDEPENDENT_ADJUDICATION_REQUIRED,UNRESOLVED_INDEPENDENT_ADJUDICATION_REQUIRED,UNRESOLVED_METHODS_OWNER_FREEZE_REQUIRED
bigfi,defihacklabs,bsc,26685503,0xd3d4b46db01c006fb165879f343fc13174a1ceeb,shanghai,ca2-d78f4dfccb15753abb19,2023-03-22,BIGFI,Reflection token,src/test/2023-03/BIGFI_exp.sol,bsc,https://github.com/SunWeb3Sec/DeFiHackLabs/blob/main/past/2023/README.md,frozen_public_source_hashed,1b5a1d9c3166c2b9d60fefc71f8e12d2c3d2f604b259d662e38310d39db6838b,220300e58292c3d55d564b0788ae83fbcd7bb1b362e8625a43291b6ae713ac6e,"[""https://twitter.com/HypernativeLabs/status/1638522680654675970""]",[],$30k,exact_contract_basename,True,True,,,2023-03-22,,,,blocked_missing_onchain_and_availability_evidence,"[""missing:deployment_block"", ""missing:prediction_cutoff_block"", ""missing:source_availability_time"", ""missing:runtime_bytecode_hash_at_cutoff"", ""missing:outcome_adjudication_id""]",retained,,cases/ca2-d78f4dfccb15753abb19.json,48cb7bec554598d87e3a4c00a76a42f972bc6fba48afd2e8ce3821d51f2ff09c,cases/ca2-d78f4dfccb15753abb19.json,b03b13f0f910689e01b339f7cfa99feddc874c546df099c10385153930c9fa19,,,,,,,,,,,,ca2-d78f4dfccb15753abb19,cases/ca2-d78f4dfccb15753abb19.json,b03b13f0f910689e01b339f7cfa99feddc874c546df099c10385153930c9fa19,2023-03-07T21:16:44Z,2023-03-08T21:16:45Z,9222,,,56:0xd3d4b46db01c006fb165879f343fc13174a1ceeb,93760c0d2e5bdc35ee5f7a7ce3c333106930eb9abe47119dc75d4e0d9f7057b1,,,,,c2cc181f80b384d3ed05cfd87b92cc292b016c3a2cdb6c709d0ff3178f383df7,73573d75c12590c5e0d7981f5edcde8cdb7c277e8db8b1db5e8bd971f1a8e94e,a6d58b7f137cd5123a53cd8f4f593c445e029cbadda028fde3edc52f523c0638,DERIVED_STRICT_SNAPSHOT,DERIVED_STRICT_SNAPSHOT,DERIVED_CONSENSUS_RUNTIME_CODE,UNRESOLVED:requires_loupe_or_historical_event_resolver,UNRESOLVED_NO_CUTOFF_SOURCE_VERIFICATION_EVIDENCE,DERIVED_EXACT_CHAIN_ADDRESS,DERIVED_METADATA_STRIPPED_BYTECODE_SHA256,UNRESOLVED_INDEPENDENT_ADJUDICATION_REQUIRED,UNRESOLVED_INDEPENDENT_ADJUDICATION_REQUIRED,UNRESOLVED_METHODS_OWNER_FREEZE_REQUIRED
sheep,defihacklabs,bsc,25543755,0x0025b42bfc22cbba6c02d23d4ec2abfcf6e014d4,shanghai,ca2-91206b717060c4fd7b39,2023-02-10,Sheep,Reflection token,src/test/2023-02/Sheep_exp.sol,bsc,https://github.com/SunWeb3Sec/DeFiHackLabs/blob/main/past/2023/README.md,frozen_public_source_hashed,1b5a1d9c3166c2b9d60fefc71f8e12d2c3d2f604b259d662e38310d39db6838b,1da2b0d5408a2ec990fa02df710580cd89676723591b068165339ad3e21faa13,"[""https://twitter.com/BlockSecTeam/status/1623999717482045440"", ""https://twitter.com/BlockSecTeam/status/1624077078852210691""]",[],~$3K,exact_contract_basename,True,True,,,2023-02-10,,,,blocked_missing_onchain_and_availability_evidence,"[""missing:deployment_block"", ""missing:prediction_cutoff_block"", ""missing:source_availability_time"", ""missing:runtime_bytecode_hash_at_cutoff"", ""missing:outcome_adjudication_id""]",retained,,cases/ca2-91206b717060c4fd7b39.json,9ab6dc4f8436a543609eb2192cedaef3bc6534bdc3591a21e6b9a55ffcf54442,cases/ca2-91206b717060c4fd7b39.json,a1ccdd170a0a05067aed4ca24c4024973ad0433af38f898d23054420d432add6,,,,,,,,,,,,ca2-91206b717060c4fd7b39,cases/ca2-91206b717060c4fd7b39.json,a1ccdd170a0a05067aed4ca24c4024973ad0433af38f898d23054420d432add6,2021-04-29T04:13:50Z,2021-04-30T04:13:51Z,8683,,,56:0x0025b42bfc22cbba6c02d23d4ec2abfcf6e014d4,8d37dc9cf6cb143edaa619a09ad7fe001e6127ad00501dba39ad6877d8c3f1e7,,,,,010f3eac99a85716942c3d0abbcd308d923074d3dacfaa134e52790f9e21c7fc,3d00cd64e20d177868950d36ddcaa8da736417c70dec7643d89c11d0afcb8557,b859a24f012bb385afb13df0187b3f7899f4f0838343f1241d9912832cd58328,DERIVED_STRICT_SNAPSHOT,DERIVED_STRICT_SNAPSHOT,DERIVED_CONSENSUS_RUNTIME_CODE,UNRESOLVED:requires_loupe_or_historical_event_resolver,UNRESOLVED_NO_CUTOFF_SOURCE_VERIFICATION_EVIDENCE,DERIVED_EXACT_CHAIN_ADDRESS,DERIVED_METADATA_STRIPPED_BYTECODE_SHA256,UNRESOLVED_INDEPENDENT_ADJUDICATION_REQUIRED,UNRESOLVED_INDEPENDENT_ADJUDICATION_REQUIRED,UNRESOLVED_METHODS_OWNER_FREEZE_REQUIRED
orion,defihacklabs,ethereum,16542147,0xb5599f568d3f3e6113b286d010d2bca40a7745aa,shanghai,ca2-ee795333beb4dcb94cce,2023-02-03,Orion Protocol,Reentrancy,src/test/2023-02/Orion_exp.sol,mainnet,https://github.com/SunWeb3Sec/DeFiHackLabs/blob/main/past/2023/README.md,frozen_public_source_hashed,1b5a1d9c3166c2b9d60fefc71f8e12d2c3d2f604b259d662e38310d39db6838b,230018610c21d80d51f87ee5b73442005156617f01ca4fe6120bf470660824b6,"[""https://twitter.com/BlockSecTeam/status/1621263393054420992"", ""https://twitter.com/peckshield/status/1621337925228306433"", ""https://www.numencyber.com/analysis-of-orionprotocol-reentrancy-attack-with-poc/""]",[],$3M,exact_contract_basename,True,True,,,2023-02-03,,,,blocked_missing_onchain_and_availability_evidence,"[""missing:deployment_block"", ""missing:prediction_cutoff_block"", ""missing:source_availability_time"", ""missing:runtime_bytecode_hash_at_cutoff"", ""missing:outcome_adjudication_id""]",retained,,cases/ca2-ee795333beb4dcb94cce.json,c3e323fd503972d640acf9131b4ec77d30614a59bcd830bf384495f92481a6b1,cases/ca2-ee795333beb4dcb94cce.json,71363d723367e64d407a155c1b35f844d73cac2c03d707d29ac1f98464c5bb2b,,,,,,,,,,,,ca2-ee795333beb4dcb94cce,cases/ca2-ee795333beb4dcb94cce.json,71363d723367e64d407a155c1b35f844d73cac2c03d707d29ac1f98464c5bb2b,2020-12-06T17:12:11Z,2020-12-07T17:12:11Z,2261,EIP1967_PROXY,,1:0xb5599f568d3f3e6113b286d010d2bca40a7745aa,6388a9f65d500cab629cbfbc74ee137442cd97ffbf80a39bf1235b250dea8011,eip1967:0x5966e2a40e65954d229f020e989be296ec116746,,,,faccb66ebd497c925171b3057f8b2d1fd6cc2383f558fb05114638e9cb663ead,5d6a28a1d1ae875723247d454e3c3cab859dc4528758ffe2755ba0ad0d7d05f3,bd8590eeeb48339b2c720154ced0e465d935b361c9ab6745fe5756e0afdb0cd4,DERIVED_STRICT_SNAPSHOT,DERIVED_STRICT_SNAPSHOT,DERIVED_CONSENSUS_RUNTIME_CODE,VERIFIED_STANDARD_PROXY,UNRESOLVED_NO_CUTOFF_SOURCE_VERIFICATION_EVIDENCE,DERIVED_EXACT_CHAIN_ADDRESS,DERIVED_METADATA_STRIPPED_BYTECODE_SHA256,UNRESOLVED_INDEPENDENT_ADJUDICATION_REQUIRED,UNRESOLVED_INDEPENDENT_ADJUDICATION_REQUIRED,UNRESOLVED_METHODS_OWNER_FREEZE_REQUIRED
poolz,defihacklabs,bsc,26475403,0x8bfaa473a899439d8e07bf86a8c6ce5de42fe54b,shanghai,ca2-ffbe4d4d4db010d46d01,2023-03-15,Poolz,integer overflow,src/test/2023-03/poolz_exp.sol,bsc,https://github.com/SunWeb3Sec/DeFiHackLabs/blob/main/past/2023/README.md,frozen_public_source_hashed,1b5a1d9c3166c2b9d60fefc71f8e12d2c3d2f604b259d662e38310d39db6838b,bda1ee287e1e98d03ba4f9d84d1de72a3bfe16cc8fcf2398cfbb174bc4ca86d1,"[""https://twitter.com/peckshield/status/1635860470359015425""]",[],~$390K,exact_contract_basename,True,True,,,2023-03-15,,,,blocked_missing_onchain_and_availability_evidence,"[""missing:deployment_block"", ""missing:prediction_cutoff_block"", ""missing:source_availability_time"", ""missing:runtime_bytecode_hash_at_cutoff"", ""missing:outcome_adjudication_id""]",retained,,cases/ca2-ffbe4d4d4db010d46d01.json,b9cedab3772fd419cda00a07629072fa077c11d18d4897b9d6fac092f937797b,cases/ca2-ffbe4d4d4db010d46d01.json,2c32b2ec548d01735f11f1633b4306b031bb2168dce194c2c40320e43c6b173c,,,,,,,,,,,,ca2-ffbe4d4d4db010d46d01,cases/ca2-ffbe4d4d4db010d46d01.json,2c32b2ec548d01735f11f1633b4306b031bb2168dce194c2c40320e43c6b173c,2021-07-29T11:05:08Z,2021-07-30T11:05:08Z,11806,,,56:0x8bfaa473a899439d8e07bf86a8c6ce5de42fe54b,fb6b9610fa82511870638ddd5d9ab051cfbf3c9a6a80b288013748d789b1a6a4,,,,,c7585230130108907b9ca61e0313338da0a7e2fb7287e82826a772304c76069d,aa6f73b28c4d6b95ce1262e7f6ab68b282ac439eb5557a6407405471811ceb19,becab9c4aefd3d3cfd81843133e9dc32a96b349af99ce6df8de10af02ea83c45,DERIVED_STRICT_SNAPSHOT,DERIVED_STRICT_SNAPSHOT,DERIVED_CONSENSUS_RUNTIME_CODE,UNRESOLVED:requires_loupe_or_historical_event_resolver,UNRESOLVED_NO_CUTOFF_SOURCE_VERIFICATION_EVIDENCE,DERIVED_EXACT_CHAIN_ADDRESS,DERIVED_METADATA_STRIPPED_BYTECODE_SHA256,UNRESOLVED_INDEPENDENT_ADJUDICATION_REQUIRED,UNRESOLVED_INDEPENDENT_ADJUDICATION_REQUIRED,UNRESOLVED_METHODS_OWNER_FREEZE_REQUIRED
allbridge,defihacklabs,bsc,26982067,0x7e6c2522fee4e74a0182b9c6159048361bc3260a,shanghai,ca2-c3da8c67aae06b7ecce1,2023-04-02,Allbridge,FlashLoan price manipulation,src/test/2023-04/Allbridge_exp.sol,bsc,https://github.com/SunWeb3Sec/DeFiHackLabs/blob/main/past/2023/README.md,frozen_public_source_hashed,1b5a1d9c3166c2b9d60fefc71f8e12d2c3d2f604b259d662e38310d39db6838b,9e6ba73f3f619cf65fc515389a80b649a51aa891855bd02aaed3938aad6973b1,"[""https://twitter.com/BeosinAlert/status/1642372700726505473"", ""https://twitter.com/peckshield/status/1642356701100916736""]",[],$550k,exact_contract_basename,True,True,,,2023-04-02,,,,blocked_missing_onchain_and_availability_evidence,"[""missing:deployment_block"", ""missing:prediction_cutoff_block"", ""missing:source_availability_time"", ""missing:runtime_bytecode_hash_at_cutoff"", ""missing:outcome_adjudication_id""]",retained,,cases/ca2-c3da8c67aae06b7ecce1.json,e07a1b0c3c09b343d200142b4660ceba954c1344d9abad1071ede451c32a5148,cases/ca2-c3da8c67aae06b7ecce1.json,bf249bb3cda965aadd362270dc65005ff6f6a919098aa4fa6127d637072b645c,,,,,,,,,,,,ca2-c3da8c67aae06b7ecce1,cases/ca2-c3da8c67aae06b7ecce1.json,bf249bb3cda965aadd362270dc65005ff6f6a919098aa4fa6127d637072b645c,2022-08-25T14:11:03Z,2022-08-26T14:11:05Z,7218,,,56:0x7e6c2522fee4e74a0182b9c6159048361bc3260a,5b8cd2dc56e8242a5c63552fb3dbb7b45e655f0db256f60a404b162639c54b75,,,,,d53876399fb32ce48924ec8da5206ad671faa3449faadc842652285067013e8d,f4b06a5f958ae752e1c970e0a6d60378aca7861c2c909f203a3e7fb327e2423a,e3d1eb50d3fb16602696cfc375177057529fbbc8c85f1d24fdcd3158ef0b52ba,DERIVED_STRICT_SNAPSHOT,DERIVED_STRICT_SNAPSHOT,DERIVED_CONSENSUS_RUNTIME_CODE,UNRESOLVED:requires_loupe_or_historical_event_resolver,UNRESOLVED_NO_CUTOFF_SOURCE_VERIFICATION_EVIDENCE,DERIVED_EXACT_CHAIN_ADDRESS,DERIVED_METADATA_STRIPPED_BYTECODE_SHA256,UNRESOLVED_INDEPENDENT_ADJUDICATION_REQUIRED,UNRESOLVED_INDEPENDENT_ADJUDICATION_REQUIRED,UNRESOLVED_METHODS_OWNER_FREEZE_REQUIRED
dbw,defihacklabs,bsc,26745691,0xbf5baea5113e9eb7009a6680747f2c7569dfc2d6,shanghai,ca2-33375f53486ac02fc6d2,2023-03-25,DBW,Business Logic Flaw,src/test/2023-03/DBW_exp.sol,bsc,https://github.com/SunWeb3Sec/DeFiHackLabs/blob/main/past/2023/README.md,frozen_public_source_hashed,1b5a1d9c3166c2b9d60fefc71f8e12d2c3d2f604b259d662e38310d39db6838b,2d5fb42b8fb902aed9674385117e519fbbd3c9e74f81b581634bf8b73703dc1b,"[""https://twitter.com/AnciliaInc/status/1639289686937210880"", ""https://twitter.com/BeosinAlert/status/1639655134232969216""]",[],$24k,exact_contract_basename,True,True,,,2023-03-25,,,,blocked_missing_onchain_and_availability_evidence,"[""missing:deployment_block"", ""missing:prediction_cutoff_block"", ""missing:source_availability_time"", ""missing:runtime_bytecode_hash_at_cutoff"", ""missing:outcome_adjudication_id""]",retained,,cases/ca2-33375f53486ac02fc6d2.json,f05782afd7a8ac627c6cc84f5d3410392ac29f1be2edcd36d33b46323e29d7ec,cases/ca2-33375f53486ac02fc6d2.json,960da1d9cf84c6fc7a3d4d7203b239647f323243029d828690a6fb4c823ddb5a,,,,,,,,,,,,ca2-33375f53486ac02fc6d2,cases/ca2-33375f53486ac02fc6d2.json,960da1d9cf84c6fc7a3d4d7203b239647f323243029d828690a6fb4c823ddb5a,2022-09-30T13:59:48Z,2022-10-01T13:59:48Z,3620,EIP1967_PROXY,,56:0xbf5baea5113e9eb7009a6680747f2c7569dfc2d6,6822e6ac4cc85687549db4a11f5a20655839e9555e531edd64c5f5a26e356553,eip1967:0x01f521187169e19c519e09e24638bca927def30a,,,,a9045eea5d8ecd4705b05ec215ef3102006d2fb0f4c31bc3b8e10743e343ffdd,8e4dfef6f01f63fa548dfbc41e345de6a359dedf0e804e30dd8eb8658141bb1e,8d4655dd6bc7424a6c309e61c7b61ef1f1cd1d4205101d651f0533dd8de1727e,DERIVED_STRICT_SNAPSHOT,DERIVED_STRICT_SNAPSHOT,DERIVED_CONSENSUS_RUNTIME_CODE,VERIFIED_STANDARD_PROXY,UNRESOLVED_NO_CUTOFF_SOURCE_VERIFICATION_EVIDENCE,DERIVED_EXACT_CHAIN_ADDRESS,DERIVED_METADATA_STRIPPED_BYTECODE_SHA256,UNRESOLVED_INDEPENDENT_ADJUDICATION_REQUIRED,UNRESOLVED_INDEPENDENT_ADJUDICATION_REQUIRED,UNRESOLVED_METHODS_OWNER_FREEZE_REQUIRED
axioma,defihacklabs,bsc,27620320,0x2c25aee99ed08a61e7407a5674bc2d1a72b5d8e3,shanghai,ca2-31fe70569e5c85e1450b,2023-04-24,Axioma,Business Logic Flaw,src/test/2023-04/Axioma_exp.sol,bsc,https://github.com/SunWeb3Sec/DeFiHackLabs/blob/main/past/2023/README.md,frozen_public_source_hashed,1b5a1d9c3166c2b9d60fefc71f8e12d2c3d2f604b259d662e38310d39db6838b,d1f57ab5d65e3870792251bb781cb24374339cd2c271c583bcb8d369468509d7,"[""https://twitter.com/HypernativeLabs/status/1650382589847302145""]",[],~21 WBNB,exact_contract_basename,True,True,,,2023-04-24,,,,blocked_missing_onchain_and_availability_evidence,"[""missing:deployment_block"", ""missing:prediction_cutoff_block"", ""missing:source_availability_time"", ""missing:runtime_bytecode_hash_at_cutoff"", ""missing:outcome_adjudication_id""]",retained,,cases/ca2-31fe70569e5c85e1450b.json,8f4f6baf7ac45710d5f8155e24066417863f5177939ae8ee4fa675e8808ba99d,cases/ca2-31fe70569e5c85e1450b.json,14345e30c9c456d4a071eec2b24594653e7549b36a77bab0e8b9ae3518209212,,,,,,,,,,,,ca2-31fe70569e5c85e1450b,cases/ca2-31fe70569e5c85e1450b.json,14345e30c9c456d4a071eec2b24594653e7549b36a77bab0e8b9ae3518209212,2023-02-01T17:54:51Z,2023-02-02T17:54:51Z,2403,,,56:0x2c25aee99ed08a61e7407a5674bc2d1a72b5d8e3,dde245c3fd81f5b36c8538b4677ae3117e2b514ddd74240f76e494348b19ea6b,,,,,13e6baa85bcbf49a6ca38717db58694dfd87d5c6aa2a6603ea20a6b2867574e8,52f20ae0bfe1c87169b0f80fe94f945a521c352d8ea91c9b59120470d6a0a0d4,842208abfe11581feaca18edccf9d23388f97face7728cc3714440b74a2238c3,DERIVED_STRICT_SNAPSHOT,DERIVED_STRICT_SNAPSHOT,DERIVED_CONSENSUS_RUNTIME_CODE,UNRESOLVED:requires_loupe_or_historical_event_resolver,UNRESOLVED_NO_CUTOFF_SOURCE_VERIFICATION_EVIDENCE,DERIVED_EXACT_CHAIN_ADDRESS,DERIVED_METADATA_STRIPPED_BYTECODE_SHA256,UNRESOLVED_INDEPENDENT_ADJUDICATION_REQUIRED,UNRESOLVED_INDEPENDENT_ADJUDICATION_REQUIRED,UNRESOLVED_METHODS_OWNER_FREEZE_REQUIRED
olife,defihacklabs,bsc,27470678,0xb5a0ce3acd6ec557d39afdcbc93b07a1e1a9e3fa,shanghai,ca2-444479add25939f22fc7,2023-04-19,OLIFE,Reflection token,src/test/2023-04/OLIFE_exp.sol,bsc,https://github.com/SunWeb3Sec/DeFiHackLabs/blob/main/past/2023/README.md,frozen_public_source_hashed,1b5a1d9c3166c2b9d60fefc71f8e12d2c3d2f604b259d662e38310d39db6838b,f45cb26ca206b4bde90938dde044e118066e680daef86e0ce52ad3c62684d22a,"[""https://twitter.com/BeosinAlert/status/1648520494516420608""]",[],~32 WBNB,exact_contract_basename,True,True,,,2023-04-19,,,,blocked_missing_onchain_and_availability_evidence,"[""missing:deployment_block"", ""missing:prediction_cutoff_block"", ""missing:source_availability_time"", ""missing:runtime_bytecode_hash_at_cutoff"", ""missing:outcome_adjudication_id""]",retained,,cases/ca2-444479add25939f22fc7.json,67c7436d8a81fc0cba47955d35e40f471cb09e6f4f86747bf283b770f312bb9e,cases/ca2-444479add25939f22fc7.json,706bf9fc83c1291ea5942cca6597b1c1dee6cf399aaff5622c1a9d1120659da0,,,,,,,,,,,,ca2-444479add25939f22fc7,cases/ca2-444479add25939f22fc7.json,706bf9fc83c1291ea5942cca6597b1c1dee6cf399aaff5622c1a9d1120659da0,2021-06-04T16:54:29Z,2021-06-05T16:54:30Z,8887,,,56:0xb5a0ce3acd6ec557d39afdcbc93b07a1e1a9e3fa,914f19e44f1f2a3dacb407db584ad2992a96ae4cf7faa3bdf5afba0c5b0352d3,,,,,cfaa57e420ea1698582a203176189fb51170d64e75e2db54f1ba58d97de5f8fe,1f3d80ac435cb9613903ec84f1cfd862c65c8d5d550e6d07305adf670ff920eb,372fb4f8cfa45943f0ea0a3076160e75b2ccc75d8d9b032fdd9edd8f252c5854,DERIVED_STRICT_SNAPSHOT,DERIVED_STRICT_SNAPSHOT,DERIVED_CONSENSUS_RUNTIME_CODE,UNRESOLVED:requires_loupe_or_historical_event_resolver,UNRESOLVED_NO_CUTOFF_SOURCE_VERIFICATION_EVIDENCE,DERIVED_EXACT_CHAIN_ADDRESS,DERIVED_METADATA_STRIPPED_BYTECODE_SHA256,UNRESOLVED_INDEPENDENT_ADJUDICATION_REQUIRED,UNRESOLVED_INDEPENDENT_ADJUDICATION_REQUIRED,UNRESOLVED_METHODS_OWNER_FREEZE_REQUIRED
sushi_router,defihacklabs,ethereum,17007841,0x044b75f554b886a065b9567891e45c79542d7357,shanghai,ca2-59fefab120e73557ebbd,2023-04-09,SushiSwap,Unchecked User Input,src/test/2023-04/Sushi_Router_exp.sol,mainnet,https://github.com/SunWeb3Sec/DeFiHackLabs/blob/main/past/2023/README.md,frozen_public_source_hashed,1b5a1d9c3166c2b9d60fefc71f8e12d2c3d2f604b259d662e38310d39db6838b,2f68d6a8ba91da88a2370a929db3676986a4819479ce27ecc2a31c56dd5f51aa,"[""https://twitter.com/AnciliaInc/status/1644925421006520320"", ""https://twitter.com/SlowMist_Team/status/1644936375924584449"", ""https://twitter.com/peckshield/status/1644907207530774530""]",[],>$3.3M,exact_contract_basename,True,True,,,2023-04-09,,,,blocked_missing_onchain_and_availability_evidence,"[""missing:deployment_block"", ""missing:prediction_cutoff_block"", ""missing:source_availability_time"", ""missing:runtime_bytecode_hash_at_cutoff"", ""missing:outcome_adjudication_id""]",retained,,cases/ca2-59fefab120e73557ebbd.json,91a2fdf051fd6e6421ce442e63d06438312d971ea19eaa06b910fe063a00974b,cases/ca2-59fefab120e73557ebbd.json,7ac1ce53df2553ce19d04a69cacb420bdeb49756bc1774c7dd95da6c3f373b26,,,,,,,,,,,,ca2-59fefab120e73557ebbd,cases/ca2-59fefab120e73557ebbd.json,7ac1ce53df2553ce19d04a69cacb420bdeb49756bc1774c7dd95da6c3f373b26,2023-04-05T06:46:59Z,2023-04-06T06:46:59Z,11861,,,1:0x044b75f554b886a065b9567891e45c79542d7357,c16e2bc6e3cce97f74dc7fee2b97fd4951c954e8219d810af1bae8b6ba731dec,,,,,0d14d76da6e73903f3df28a58a41474c6c14b815fec95edcab1d867becd1b33a,58a2d74e9322b1e4f37c00480b1446fcdbe60fe5ecedeb16332d8513b5e02479,5ec871acc042038e44db7d7e4b9f8d858196778e83143dae66213083f5d94da0,DERIVED_STRICT_SNAPSHOT,DERIVED_STRICT_SNAPSHOT,DERIVED_CONSENSUS_RUNTIME_CODE,UNRESOLVED:requires_loupe_or_historical_event_resolver,UNRESOLVED_NO_CUTOFF_SOURCE_VERIFICATION_EVIDENCE,DERIVED_EXACT_CHAIN_ADDRESS,DERIVED_METADATA_STRIPPED_BYTECODE_SHA256,UNRESOLVED_INDEPENDENT_ADJUDICATION_REQUIRED,UNRESOLVED_INDEPENDENT_ADJUDICATION_REQUIRED,UNRESOLVED_METHODS_OWNER_FREEZE_REQUIRED
safemoon,defihacklabs,bsc,26854757,0x42981d0bfbaf196529376ee702f2a9eb9092fcb5,shanghai,ca2-6e83ea5ad89c085e5f5b,2023-03-28,SafeMoon Hack,Access Control,src/test/2023-03/safeMoon_exp.sol,bsc,https://github.com/SunWeb3Sec/DeFiHackLabs/blob/main/past/2023/README.md,frozen_public_source_hashed,1b5a1d9c3166c2b9d60fefc71f8e12d2c3d2f604b259d662e38310d39db6838b,2498c583ba177edc37f363e0b54f95dce073d9cbc59359a1f1664f38071aecf5,"[""https://twitter.com/zokyo_io/status/1641014520041840640""]",[],$8.9M,exact_contract_basename,True,True,,,2023-03-28,,,,blocked_missing_onchain_and_availability_evidence,"[""missing:deployment_block"", ""missing:prediction_cutoff_block"", ""missing:source_availability_time"", ""missing:runtime_bytecode_hash_at_cutoff"", ""missing:outcome_adjudication_id""]",retained,,cases/ca2-6e83ea5ad89c085e5f5b.json,35c76f998632d180357ed1d2980fe7f92f7d4c0ff76a3eb203947b7f948fbc5a,cases/ca2-6e83ea5ad89c085e5f5b.json,24881f52836ed562d413178edf9e9452e2b1c2af8efb7f9a30da07825de1bfd9,,,,,,,,,,,,ca2-6e83ea5ad89c085e5f5b,cases/ca2-6e83ea5ad89c085e5f5b.json,24881f52836ed562d413178edf9e9452e2b1c2af8efb7f9a30da07825de1bfd9,2021-12-03T13:33:33Z,2021-12-04T13:33:33Z,2092,EIP1967_PROXY,,56:0x42981d0bfbaf196529376ee702f2a9eb9092fcb5,52901eec4ede39ff43e13faae9e75857e966e7c8f49940408ac2c2235791e335,eip1967:0x381aef9eac247760473d305d31c1605d1c03d0bb,,,,21d269a210e6ed4e786d57eed73bd158ebfc14a07b52e1cd291ab6eb2abf9a63,0ee55fe2b4b9505a6ed8e16f2604b75f80258dd834321d46b12838e63931471b,46cf400ec10f0270a708bc60e959b87f1eacc1d1bbaa3bbd0125a768521c3a8d,DERIVED_STRICT_SNAPSHOT,DERIVED_STRICT_SNAPSHOT,DERIVED_CONSENSUS_RUNTIME_CODE,VERIFIED_STANDARD_PROXY,UNRESOLVED_NO_CUTOFF_SOURCE_VERIFICATION_EVIDENCE,DERIVED_EXACT_CHAIN_ADDRESS,DERIVED_METADATA_STRIPPED_BYTECODE_SHA256,UNRESOLVED_INDEPENDENT_ADJUDICATION_REQUIRED,UNRESOLVED_INDEPENDENT_ADJUDICATION_REQUIRED,UNRESOLVED_METHODS_OWNER_FREEZE_REQUIRED
GiddyVaultV3,defihacklabs-temporal-replacement-finalization,ethereum,24942491,0x5f0ad32c00641d1d2bb628ff341e0d4bb4494318,,ca2-0064b472336ec4210007,2026-04-23,GiddyVaultV3,replacement_candidate,,ethereum,,replacement_candidate_historical_snapshot_verified,bfde379a37468ffe6aae8e0b757f4895d06e991cd0aae0272e4c2e8b124e7fb6,f3b3e17cbbc00aff885eafaac430ad5ac59127d78ade4e20d4b8f48136af0eba,[],"[""0x5edb66a4c2ea55bba95d36d27713e3bb1c67c3c4199a8a1759e754c6f25482e5""]",,frozen_chain_global_order_finalization,True,True,24923987,24931171,24942492,,f1ae6587c2e09fb7dae9cdaa2f5aa752b6fade03dd4e37868d438bb2c55ddaf0,,replacement_candidate_selected,[],replacement,ca2-4bda3ef104b3f057c7fd,cases/ca2-4bda3ef104b3f057c7fd.json,faf7dc1ecce1c2323150126b45fe3a504599513f571d0ed12b410669ece0d309,,,cases/ca2r-71a7b10a92a8672d68bf.json,0061674fbdba34fd3a8995a4208e1add9010e6bb9cc52882ffdc3ac63c3d7e71,historical_cases/ca2r-71a7b10a92a8672d68bf/ca2r-71a7b10a92a8672d68bf.json,f44bf4a485d58d4fe3f9414bda42263fabc5572142eade2b8eac26392bc1255d,5,first_eligible_unique_from_frozen_chain_global_order,bfde379a37468ffe6aae8e0b757f4895d06e991cd0aae0272e4c2e8b124e7fb6,a18c0040510cddc88d59e602bac53bbcafbe5dfbc978cff0134cb513de79fc53,24942491,0x5edb66a4c2ea55bba95d36d27713e3bb1c67c3c4199a8a1759e754c6f25482e5,ca2r-71a7b10a92a8672d68bf,ca2r-71a7b10a92a8672d68bf,historical_cases/ca2r-71a7b10a92a8672d68bf/ca2r-71a7b10a92a8672d68bf.json,f44bf4a485d58d4fe3f9414bda42263fabc5572142eade2b8eac26392bc1255d,2026-04-20T22:05:11Z,2026-04-21T22:05:11Z,16218,,,1:0x5f0ad32c00641d1d2bb628ff341e0d4bb4494318,875eb641f321a0f222ae3f9d714c072fbd85d1102fb68f45103e3a66788317e6,,,,,4d33eef3b7210a17a13866aefc5356a637f21d8754b856403de7baea758bd793,a1132612d6ae2f6640163040f01d0fc93f9a7c98093f708da89014b28b3f5bc2,a4661aa813012637c09af386835231d37c2cadae9ab6fd508bf42c874c12b002,DERIVED_STRICT_SNAPSHOT,DERIVED_STRICT_SNAPSHOT,DERIVED_CONSENSUS_RUNTIME_CODE,UNRESOLVED:requires_loupe_or_historical_event_resolver,UNRESOLVED_NO_CUTOFF_SOURCE_VERIFICATION_EVIDENCE,DERIVED_EXACT_CHAIN_ADDRESS,DERIVED_METADATA_STRIPPED_BYTECODE_SHA256,UNRESOLVED_INDEPENDENT_ADJUDICATION_REQUIRED,UNRESOLVED_INDEPENDENT_ADJUDICATION_REQUIRED,UNRESOLVED_METHODS_OWNER_FREEZE_REQUIRED
yearnfinance,defihacklabs,ethereum,17036774,0x83f798e925bcd4017eb265844fddabb448f1707d,shanghai,ca2-6b709bd598843f9b172a,2023-04-13,yearnFinance,Misconfiguration,src/test/2023-04/YearnFinance_exp.sol,mainnet,https://github.com/SunWeb3Sec/DeFiHackLabs/blob/main/past/2023/README.md,frozen_public_source_hashed,1b5a1d9c3166c2b9d60fefc71f8e12d2c3d2f604b259d662e38310d39db6838b,37a56741b1b475a56725fe36565ad21976ef7d726b4c6ac3aa334aefa6aeadc9,"[""https://twitter.com/BeosinAlert/status/1646481687445114881"", ""https://twitter.com/cmichelio/status/1646422861219807233""]",[],$11.6M,exact_contract_basename,True,True,,,2023-04-13,,,,blocked_missing_onchain_and_availability_evidence,"[""missing:deployment_block"", ""missing:prediction_cutoff_block"", ""missing:source_availability_time"", ""missing:runtime_bytecode_hash_at_cutoff"", ""missing:outcome_adjudication_id""]",retained,,cases/ca2-6b709bd598843f9b172a.json,6e0a769cd9737fc76efb635436c3ca978d9ec75e447040e76c224dd815ff8f3c,cases/ca2-6b709bd598843f9b172a.json,c16891a7645652113c3b24f5719ff4a3d0a2960fd3f78373becddad6b4cadb3d,,,,,,,,,,,,ca2-6b709bd598843f9b172a,cases/ca2-6b709bd598843f9b172a.json,c16891a7645652113c3b24f5719ff4a3d0a2960fd3f78373becddad6b4cadb3d,2020-02-12T01:21:48Z,2020-02-13T01:21:56Z,24212,,,1:0x83f798e925bcd4017eb265844fddabb448f1707d,5738a9de89b24b0d06f7bcdcba7712251e447b7562e261f083a6a2c4dd2b0ef2,,,,,f3d1267f5e82fad3ba2554e2e665840c665c389137f14775a094f3c0da7687f8,73f804253d2e62438a361567c4ab2db6442500cbd009cbc3295639a5250d3f02,ab5984cdd1688a82ef79b90137a9485eb45888fd5bc1a82addbf9f6f1e6f611f,DERIVED_STRICT_SNAPSHOT,DERIVED_STRICT_SNAPSHOT,DERIVED_CONSENSUS_RUNTIME_CODE,UNRESOLVED:requires_loupe_or_historical_event_resolver,UNRESOLVED_NO_CUTOFF_SOURCE_VERIFICATION_EVIDENCE,DERIVED_EXACT_CHAIN_ADDRESS,DERIVED_METADATA_STRIPPED_BYTECODE_SHA256,UNRESOLVED_INDEPENDENT_ADJUDICATION_REQUIRED,UNRESOLVED_INDEPENDENT_ADJUDICATION_REQUIRED,UNRESOLVED_METHODS_OWNER_FREEZE_REQUIRED
babydogecoin,defihacklabs,bsc,28593354,0xc748673057861a797275cd8a068abb95a902e8de,shanghai,ca2-1a73db8dcf62dc8e4419,2023-05-29,BabyDogeCoin,Lack Slippage Protection,src/test/2023-05/BabyDogeCoin_exp.sol,bsc,https://github.com/SunWeb3Sec/DeFiHackLabs/blob/main/past/2023/README.md,frozen_public_source_hashed,1b5a1d9c3166c2b9d60fefc71f8e12d2c3d2f604b259d662e38310d39db6838b,f2cbefc8b122988a0ecb2a48794d7f5e6ab5a2843115be4493c3a46a8a5dd383,"[""https://twitter.com/Phalcon_xyz/status/1662744426475831298""]",[],~$135k,exact_contract_basename,True,True,,,2023-05-29,,,,blocked_missing_onchain_and_availability_evidence,"[""missing:deployment_block"", ""missing:prediction_cutoff_block"", ""missing:source_availability_time"", ""missing:runtime_bytecode_hash_at_cutoff"", ""missing:outcome_adjudication_id""]",retained,,cases/ca2-1a73db8dcf62dc8e4419.json,c3d81422d0c157bcb416fc6c56b21fed6c43fdb31035ac0bc68f9e989f1f20aa,cases/ca2-1a73db8dcf62dc8e4419.json,8d653fe82b9acde7779490e0a73f3a4a54c14dc19fcb4977df7f1cbcca53406f,,,,,,,,,,,,ca2-1a73db8dcf62dc8e4419,cases/ca2-1a73db8dcf62dc8e4419.json,8d653fe82b9acde7779490e0a73f3a4a54c14dc19fcb4977df7f1cbcca53406f,2021-05-21T17:21:16Z,2021-05-22T17:21:17Z,11178,,,56:0xc748673057861a797275cd8a068abb95a902e8de,4b8927c14b8b295951c77d8f99d831f2f43e98ed1d1ef74fc699a36cbfdd2825,,,,,b51a42fce231951fb690db3d0fe99e19eea0f32f25bb12d93912359283f898f1,a5348cda7998a380e722f5955ce72042fa4aab00d333aa08a8c2a3295d272143,a6fd677f3059b9f1a652282c6c68584af6af2ccee7e7fbcbcc28ae879e1529ed,DERIVED_STRICT_SNAPSHOT,DERIVED_STRICT_SNAPSHOT,DERIVED_CONSENSUS_RUNTIME_CODE,UNRESOLVED:requires_loupe_or_historical_event_resolver,UNRESOLVED_NO_CUTOFF_SOURCE_VERIFICATION_EVIDENCE,DERIVED_EXACT_CHAIN_ADDRESS,DERIVED_METADATA_STRIPPED_BYTECODE_SHA256,UNRESOLVED_INDEPENDENT_ADJUDICATION_REQUIRED,UNRESOLVED_INDEPENDENT_ADJUDICATION_REQUIRED,UNRESOLVED_METHODS_OWNER_FREEZE_REQUIRED
silo_finance,defihacklabs,ethereum,17139470,0xcb3b879ab11f825885d5add8bf3672596d35197c,shanghai,ca2-0f2e70bb64b6ee9426eb,2023-04-27,Silo finance,Business Logic Flaw,src/test/2023-04/silo_finance_exp.sol,mainnet,https://github.com/SunWeb3Sec/DeFiHackLabs/blob/main/past/2023/README.md,frozen_public_source_hashed,1b5a1d9c3166c2b9d60fefc71f8e12d2c3d2f604b259d662e38310d39db6838b,9b884914f8626d2d99687e9e3de2268d1534ccdf70eaa31fbe6f3d47de80a7ec,"[""https://medium.com/immunefi/silo-finance-logic-error-bugfix-review-35de29bd934a""]",[],,frozen_date_override,True,True,,,2023-04-27,,,,blocked_missing_onchain_and_availability_evidence,"[""missing:deployment_block"", ""missing:prediction_cutoff_block"", ""missing:source_availability_time"", ""missing:runtime_bytecode_hash_at_cutoff"", ""missing:outcome_adjudication_id""]",retained,,cases/ca2-0f2e70bb64b6ee9426eb.json,ec25c60dcc9533b9c6e5692497130ac0d1dcdbbb1479c354de833e8999784a71,cases/ca2-0f2e70bb64b6ee9426eb.json,3d25ec8b133a9c6a4e3677f4d522bc9edde2ee55e787d9a5599a77d98bfc29de,,,,,,,,,,,,ca2-0f2e70bb64b6ee9426eb,cases/ca2-0f2e70bb64b6ee9426eb.json,3d25ec8b133a9c6a4e3677f4d522bc9edde2ee55e787d9a5599a77d98bfc29de,2022-10-25T05:58:59Z,2022-10-26T05:58:59Z,21568,,,1:0xcb3b879ab11f825885d5add8bf3672596d35197c,cd6bd670ef0823da63dd1c85fde3a838c03db8273cb324160d8b74d3e95ee042,,,,,17235828da7fecceb85171edc3af4f91944742bb8512a9960634cd2d0b265255,655663258684acaf9d9e5bc2233a541b10212bc8ce3d123b552d3d8e98a2829b,b67022445d79085e390feaf7c603a481879695d89410bb64e838877284494807,DERIVED_STRICT_SNAPSHOT,DERIVED_STRICT_SNAPSHOT,DERIVED_CONSENSUS_RUNTIME_CODE,UNRESOLVED:requires_loupe_or_historical_event_resolver,UNRESOLVED_NO_CUTOFF_SOURCE_VERIFICATION_EVIDENCE,DERIVED_EXACT_CHAIN_ADDRESS,DERIVED_METADATA_STRIPPED_BYTECODE_SHA256,UNRESOLVED_INDEPENDENT_ADJUDICATION_REQUIRED,UNRESOLVED_INDEPENDENT_ADJUDICATION_REQUIRED,UNRESOLVED_METHODS_OWNER_FREEZE_REQUIRED
bitpaidio,defihacklabs,bsc,28176675,0x9d6d817ea5d4a69ff4c4509bea8f9b2534cec108,shanghai,ca2-59a1cba91e5790395c7b,2023-05-13,Bitpaidio,Business Logic Flaw,src/test/2023-05/Bitpaidio_exp.sol,bsc,https://github.com/SunWeb3Sec/DeFiHackLabs/blob/main/past/2023/README.md,frozen_public_source_hashed,1b5a1d9c3166c2b9d60fefc71f8e12d2c3d2f604b259d662e38310d39db6838b,4683251ff02b948ca7e6f187c76773c1ea70e778b8de50a96b27635c4b31ac62,"[""https://twitter.com/BlockSecTeam/status/1657411284076478465""]",[],~$30K,exact_contract_basename,True,True,,,2023-05-13,,,,blocked_missing_onchain_and_availability_evidence,"[""missing:deployment_block"", ""missing:prediction_cutoff_block"", ""missing:source_availability_time"", ""missing:runtime_bytecode_hash_at_cutoff"", ""missing:outcome_adjudication_id""]",retained,,cases/ca2-59a1cba91e5790395c7b.json,84e796a6584155ebc21d70184dc495c9a25f9f3eee3a67135eb3774785979aa7,cases/ca2-59a1cba91e5790395c7b.json,b6454746ac090386320b3e7eeaa7b554d6467b97380cd4d7b71fb33eb4dd0e44,,,,,,,,,,,,ca2-59a1cba91e5790395c7b,cases/ca2-59a1cba91e5790395c7b.json,b6454746ac090386320b3e7eeaa7b554d6467b97380cd4d7b71fb33eb4dd0e44,2022-06-06T20:50:22Z,2022-06-07T20:50:23Z,4639,,,56:0x9d6d817ea5d4a69ff4c4509bea8f9b2534cec108,f43b2053c3fb9837b2b937bed129ffaa3eee766cb7ba37048b3577d64c96ffe3,,,,,4bdbf7d1f940b3fe60b8b48437d7404626b2b925eb9ff213808a266e60caf346,e732758857304c16d038c00e5e429ef535d54d4561641c7bed12c561a27be4f5,943d3be9de966812072b6a0910efc73c58b2e3028c1d1f19fb5f8825727b3eea,DERIVED_STRICT_SNAPSHOT,DERIVED_STRICT_SNAPSHOT,DERIVED_CONSENSUS_RUNTIME_CODE,UNRESOLVED:requires_loupe_or_historical_event_resolver,UNRESOLVED_NO_CUTOFF_SOURCE_VERIFICATION_EVIDENCE,DERIVED_EXACT_CHAIN_ADDRESS,DERIVED_METADATA_STRIPPED_BYTECODE_SHA256,UNRESOLVED_INDEPENDENT_ADJUDICATION_REQUIRED,UNRESOLVED_INDEPENDENT_ADJUDICATION_REQUIRED,UNRESOLVED_METHODS_OWNER_FREEZE_REQUIRED
WXETA,defihacklabs-temporal-replacement-finalization,bsc,42284161,0x05c2dd9cf547c6cccf91245346e6e1bc9926cae7,,ca2-64ef33688d6e79b3439e,2024-09-15,WXETA,replacement_candidate,,bsc,,replacement_candidate_historical_snapshot_verified,490978270fa586a42640e75c64ae8bacd82cdef9a90f7c72fc05615ac9022418,a33b3e72c133dd0fe5723c4b162e1c958c0324a74cd996363d8972c2dd9beffd,[],"[""0x614da880bd46e98131accd9a83917abf3d56dac94caf13ae98eeff504eea3704""]",,frozen_chain_global_order_finalization,True,True,36918555,36947293,42284162,,a83546ff561b0bef2db7a2c6e81e7233e603a80b41c8ee2a7778b32f019fab72,,replacement_candidate_selected,[],replacement,ca2-2204bc187116e38ab9eb,cases/ca2-2204bc187116e38ab9eb.json,cc9b7c668f632b1bf520dc8abc719acf63a97edef36975d88631d81a3eddaf6e,,,cases/ca2r-96e8a384c0d4cd3a86c8.json,503866bb8d1e70f96cdb74bd1338a242bed3bc351cc95fff4702bb71d7a52aaa,historical_cases/ca2r-96e8a384c0d4cd3a86c8/ca2r-96e8a384c0d4cd3a86c8.json,b42be8dabce792ec45a892479d670ba6138a586a403219ea22f5453ead96c650,7,first_eligible_unique_from_frozen_chain_global_order,490978270fa586a42640e75c64ae8bacd82cdef9a90f7c72fc05615ac9022418,db3b13fa1cbf75bffec4662240ebd762c5af6c92d2608b9aecde80a8d7802b08,42284161,0x614da880bd46e98131accd9a83917abf3d56dac94caf13ae98eeff504eea3704,ca2r-96e8a384c0d4cd3a86c8,ca2r-96e8a384c0d4cd3a86c8,historical_cases/ca2r-96e8a384c0d4cd3a86c8/ca2r-96e8a384c0d4cd3a86c8.json,b42be8dabce792ec45a892479d670ba6138a586a403219ea22f5453ead96c650,2024-03-13T00:21:55Z,2024-03-14T00:21:56Z,7967,,,56:0x05c2dd9cf547c6cccf91245346e6e1bc9926cae7,7b224e27b99ab38ca8c91e6f5f18af508e7d9bfc06a73d3531c820f81df6106c,,,,,269a2491fb5d0954e2a545917d3dc8b028225f6f03c9b101a8e372fe6f198e2d,6107676166afd042dc961db786a69700f51504c212b469e8422eb795a3869b49,ac2bbc9ea8d5563aaa243fd904e7e87355eae3e2b489008a63ebce935babd6b1,DERIVED_STRICT_SNAPSHOT,DERIVED_STRICT_SNAPSHOT,DERIVED_CONSENSUS_RUNTIME_CODE,UNRESOLVED:requires_loupe_or_historical_event_resolver,UNRESOLVED_NO_CUTOFF_SOURCE_VERIFICATION_EVIDENCE,DERIVED_EXACT_CHAIN_ADDRESS,DERIVED_METADATA_STRIPPED_BYTECODE_SHA256,UNRESOLVED_INDEPENDENT_ADJUDICATION_REQUIRED,UNRESOLVED_INDEPENDENT_ADJUDICATION_REQUIRED,UNRESOLVED_METHODS_OWNER_FREEZE_REQUIRED
erc20tokenbank,defihacklabs,ethereum,17376906,0x765b8d7cd8ff304f796f4b6fb1bcf78698333f6d,shanghai,ca2-2f764ff5c7c146ad35b3,2023-05-31,ERC20TokenBank,Price Manipulation,src/test/2023-05/ERC20TokenBank_exp.sol,mainnet,https://github.com/SunWeb3Sec/DeFiHackLabs/blob/main/past/2023/README.md,frozen_public_source_hashed,1b5a1d9c3166c2b9d60fefc71f8e12d2c3d2f604b259d662e38310d39db6838b,cc25142537541b03e2a2cde009662c1a89939a7dc5ea5167e2596c16860eb0c3,"[""https://twitter.com/BlockSecTeam/status/1663810037788311561""]",[],~$111k,exact_contract_basename,True,True,,,2023-05-31,,,,blocked_missing_onchain_and_availability_evidence,"[""missing:deployment_block"", ""missing:prediction_cutoff_block"", ""missing:source_availability_time"", ""missing:runtime_bytecode_hash_at_cutoff"", ""missing:outcome_adjudication_id""]",retained,,cases/ca2-2f764ff5c7c146ad35b3.json,168bc4cc5580dd0d9ced93c8d4905c61b8cc91e03eb75fd413c895afe79ac975,cases/ca2-2f764ff5c7c146ad35b3.json,f85105566bb2fed2376d5ee54369b494b316642f9f4c40b59312610fb1457ac6,,,,,,,,,,,,ca2-2f764ff5c7c146ad35b3,cases/ca2-2f764ff5c7c146ad35b3.json,f85105566bb2fed2376d5ee54369b494b316642f9f4c40b59312610fb1457ac6,2021-01-27T09:44:58Z,2021-01-28T09:45:09Z,3142,,,1:0x765b8d7cd8ff304f796f4b6fb1bcf78698333f6d,f4eae0ea38ef88e97ebc5aa7505700eca89d5225243c43e46d422d27078926b1,,,,,a67f49d261b560602dab37d304cfd1460719f32ebbce738be080944458b65481,42590648a56487cfb06a450709ebfdec8f852da819eb20853ffc79bc7930c332,5d3e907791caadfba4f2ddf448560c2d1419a58994088ad9a8a5514ab2393f0f,DERIVED_STRICT_SNAPSHOT,DERIVED_STRICT_SNAPSHOT,DERIVED_CONSENSUS_RUNTIME_CODE,UNRESOLVED:requires_loupe_or_historical_event_resolver,UNRESOLVED_NO_CUTOFF_SOURCE_VERIFICATION_EVIDENCE,DERIVED_EXACT_CHAIN_ADDRESS,DERIVED_METADATA_STRIPPED_BYTECODE_SHA256,UNRESOLVED_INDEPENDENT_ADJUDICATION_REQUIRED,UNRESOLVED_INDEPENDENT_ADJUDICATION_REQUIRED,UNRESOLVED_METHODS_OWNER_FREEZE_REQUIRED
cs,defihacklabs,bsc,28466976,0x8bc6ce23e5e2c4f0a96429e3c9d482d74171215e,shanghai,ca2-22ca428502dddf9f2871,2023-05-24,CS Token,Outdated Global Variable,src/test/2023-05/CS_exp.sol,bsc,https://github.com/SunWeb3Sec/DeFiHackLabs/blob/main/past/2023/README.md,frozen_public_source_hashed,1b5a1d9c3166c2b9d60fefc71f8e12d2c3d2f604b259d662e38310d39db6838b,b1eac141e6770456816aef704a422069bc7c3d9376ce88023f987f73d9e03c31,"[""https://twitter.com/BlockSecTeam/status/1661098394130198528"", ""https://twitter.com/numencyber/status/1661207123102167041""]",[],~714K USD,exact_contract_basename,True,True,,,2023-05-24,,,,blocked_missing_onchain_and_availability_evidence,"[""missing:deployment_block"", ""missing:prediction_cutoff_block"", ""missing:source_availability_time"", ""missing:runtime_bytecode_hash_at_cutoff"", ""missing:outcome_adjudication_id""]",retained,,cases/ca2-22ca428502dddf9f2871.json,e69acaa1029befa090db9f4e8438dd1e1c6c851a5bff47e33da5ffdb4bc31a4a,cases/ca2-22ca428502dddf9f2871.json,a248548db076251840a79e3732ddadf9f0f63794f3f58cec8aa2c65fbf660786,,,,,,,,,,,,ca2-22ca428502dddf9f2871,cases/ca2-22ca428502dddf9f2871.json,a248548db076251840a79e3732ddadf9f0f63794f3f58cec8aa2c65fbf660786,2023-05-22T11:13:16Z,2023-05-23T11:13:18Z,21408,,,56:0x8bc6ce23e5e2c4f0a96429e3c9d482d74171215e,7327095b8e19a0a0363d1c35cef5afb3720cb5ca3943d26b712ed785185f0ece,,,,,011965fe07643d3d324f34e6fedcddfeb1a559db2ead4858444a0eb42267a282,8dbd1f67597d40ff84be22e0a38f22df98d97ee6bfe87fb5a46c1e167900cfa2,4c3bd02b74f1a70f228a6d0215de22aaa9258b355b48f920534ea5440e218675,DERIVED_STRICT_SNAPSHOT,DERIVED_STRICT_SNAPSHOT,DERIVED_CONSENSUS_RUNTIME_CODE,UNRESOLVED:requires_loupe_or_historical_event_resolver,UNRESOLVED_NO_CUTOFF_SOURCE_VERIFICATION_EVIDENCE,DERIVED_EXACT_CHAIN_ADDRESS,DERIVED_METADATA_STRIPPED_BYTECODE_SHA256,UNRESOLVED_INDEPENDENT_ADJUDICATION_REQUIRED,UNRESOLVED_INDEPENDENT_ADJUDICATION_REQUIRED,UNRESOLVED_METHODS_OWNER_FREEZE_REQUIRED
hodlcapital,defihacklabs,ethereum,17220892,0xeda47e13fd1192e32226753dc2261c4a14908fb7,shanghai,ca2-347a5ac7c8586f3866c1,2023-05-09,HODL,Reflection token,src/test/2023-05/HODLCapital_exp.sol,mainnet,https://github.com/SunWeb3Sec/DeFiHackLabs/blob/main/past/2023/README.md,frozen_public_source_hashed,1b5a1d9c3166c2b9d60fefc71f8e12d2c3d2f604b259d662e38310d39db6838b,be2766c06367f10ee7018421cb76febad2cd6cc091b52344bac9938ab3a02e15,"[""https://explorer.phalcon.xyz/tx/eth/0xedc214a62ff6fd764200ddaa8ceae54f842279eadab80900be5f29d0b75212df"", ""https://x.com/numencyber/status/1655825767392247808""]","[""0xedc214a62ff6fd764200ddaa8ceae54f842279eadab80900be5f29d0b75212df""]",~$2.3 ETH,exact_contract_basename,True,True,,,2023-05-09,,,,blocked_missing_onchain_and_availability_evidence,"[""missing:deployment_block"", ""missing:prediction_cutoff_block"", ""missing:source_availability_time"", ""missing:runtime_bytecode_hash_at_cutoff"", ""missing:outcome_adjudication_id""]",retained,,cases/ca2-347a5ac7c8586f3866c1.json,52db9655bd68fdb3285bab4f5590341a08718fd5e0f4e85af76e0f7b4e988f62,cases/ca2-347a5ac7c8586f3866c1.json,10df9d2e61c49b69c11e07a24d5617b39885e2e9dfc83253ee402dab854c63cb,,,,,,,,,,,,ca2-347a5ac7c8586f3866c1,cases/ca2-347a5ac7c8586f3866c1.json,10df9d2e61c49b69c11e07a24d5617b39885e2e9dfc83253ee402dab854c63cb,2021-11-23T23:40:20Z,2021-11-24T23:40:35Z,20816,,,1:0xeda47e13fd1192e32226753dc2261c4a14908fb7,940ac6c0da44c1361d70c2fc2d0b54a87a3fb64a2c0b291ae620549237a9efd0,,,,,4acadd77975dcaeebefb0c95ab49ba2d6fd2648d89ea831684656bedb3db336d,e7398b707843a32eca169676cc423cf8a395fa709a1d53b12345f29c9a875a19,147d6f6f6ca4376031828c00e3ed1b20ce68353591013b8a70fe836757fe86b2,DERIVED_STRICT_SNAPSHOT,DERIVED_STRICT_SNAPSHOT,DERIVED_CONSENSUS_RUNTIME_CODE,UNRESOLVED:requires_loupe_or_historical_event_resolver,UNRESOLVED_NO_CUTOFF_SOURCE_VERIFICATION_EVIDENCE,DERIVED_EXACT_CHAIN_ADDRESS,DERIVED_METADATA_STRIPPED_BYTECODE_SHA256,UNRESOLVED_INDEPENDENT_ADJUDICATION_REQUIRED,UNRESOLVED_INDEPENDENT_ADJUDICATION_REQUIRED,UNRESOLVED_METHODS_OWNER_FREEZE_REQUIRED
SinstakeZombie,defihacklabs-temporal-replacement-finalization,bsc,51737496,0x7314729d691fd074dbba03ca3c6ef3be61b31d34,,ca2-ca1ff798b4f84a39a35d,2025-06-19,SinstakeZombie,replacement_candidate,,bsc,,replacement_candidate_historical_snapshot_verified,88f61048b233904f774162bde7740bd535629ffe4a81fe99d778156edc880275,45e401f1e049c7e48e739508c8dcb9c14375568e2fe96a4ecebb3aeb731b9333,[],"[""0x8b8e655c0ab0cd400e23e6d6a935aa23226a8a060bb37f40663f2d81ee63b94f""]",,frozen_chain_global_order_finalization,True,True,8129043,8157718,51737497,,f46587ad6dee1747615227bdc220146ca0c7806fdc599017778a659832dbbc6f,,replacement_candidate_selected,[],replacement,ca2-bdda6e92a5771cd2e1b7,cases/ca2-bdda6e92a5771cd2e1b7.json,ff9d6e086a7239089e426aaa898ea4fd2704d1b3e71913815cd23ca7d6994705,,,cases/ca2r-ae96ab39f6032c3c3d8c.json,dfb7672d4961ef4b3fa51176b0e36235127c2d779b55fa00d7902432c3b071be,historical_cases/ca2r-ae96ab39f6032c3c3d8c/ca2r-ae96ab39f6032c3c3d8c.json,86121312db602112b18cae1ad22f9f5fa37eee52515a0e9a70e15fd8298155ec,31,first_eligible_unique_from_frozen_chain_global_order,88f61048b233904f774162bde7740bd535629ffe4a81fe99d778156edc880275,d3b80fe4ed7198fc900616b269408c1d0485ef8f000f46d37adb75be862a4a9c,51737496,0x8b8e655c0ab0cd400e23e6d6a935aa23226a8a060bb37f40663f2d81ee63b94f,ca2r-ae96ab39f6032c3c3d8c,ca2r-ae96ab39f6032c3c3d8c,historical_cases/ca2r-ae96ab39f6032c3c3d8c/ca2r-ae96ab39f6032c3c3d8c.json,86121312db602112b18cae1ad22f9f5fa37eee52515a0e9a70e15fd8298155ec,2021-06-08T21:38:54Z,2021-06-09T21:38:56Z,7197,,,56:0x7314729d691fd074dbba03ca3c6ef3be61b31d34,84ecefc00a329161e45f747d7a69162388d89d8d3b0779024b3128c80814472f,,,,,d882b7b4b6cabb286f79b1f2582fdeab5445b9fb2a2912dbb92eb03298c6d453,b1fe327beb0c6988f591e062174af27bd5d259f8f612002dce2f4f7bff612221,cce3c3a6fdeeff6c24554cfdde0162673638c56da339b86766be8239de9e86a6,DERIVED_STRICT_SNAPSHOT,DERIVED_STRICT_SNAPSHOT,DERIVED_CONSENSUS_RUNTIME_CODE,UNRESOLVED:requires_loupe_or_historical_event_resolver,UNRESOLVED_NO_CUTOFF_SOURCE_VERIFICATION_EVIDENCE,DERIVED_EXACT_CHAIN_ADDRESS,DERIVED_METADATA_STRIPPED_BYTECODE_SHA256,UNRESOLVED_INDEPENDENT_ADJUDICATION_REQUIRED,UNRESOLVED_INDEPENDENT_ADJUDICATION_REQUIRED,UNRESOLVED_METHODS_OWNER_FREEZE_REQUIRED
lw,defihacklabs,bsc,28133285,0x7b8c378df8650373d82ceb1085a18fe34031784f,shanghai,ca2-e54f2002a25549da55ac,2023-05-12,LW,FlashLoan Price Manipulation,src/test/2023-05/LW_exp.sol,bsc,https://github.com/SunWeb3Sec/DeFiHackLabs/blob/main/past/2023/README.md,frozen_public_source_hashed,1b5a1d9c3166c2b9d60fefc71f8e12d2c3d2f604b259d662e38310d39db6838b,49b6cafe686b7ed303e5c8fde8dcbd7aad87ef4c64f05c35cfd6166a6ee469de,"[""https://twitter.com/PeckShieldAlert/status/1656850634312925184"", ""https://twitter.com/hexagate_/status/1657051084131639296""]",[],~$50k,frozen_date_override,True,True,,,2023-05-12,,,,blocked_missing_onchain_and_availability_evidence,"[""missing:deployment_block"", ""missing:prediction_cutoff_block"", ""missing:source_availability_time"", ""missing:runtime_bytecode_hash_at_cutoff"", ""missing:outcome_adjudication_id""]",retained,,cases/ca2-e54f2002a25549da55ac.json,16371467bfa45e5d7fb9b1c912c877283ddcd60388bfc56d907958199be09c27,cases/ca2-e54f2002a25549da55ac.json,5bce3a2afc4b37d417a2e6f13fb279e7e34e070cbdee36ab480d6ab96d5ff074,,,,,,,,,,,,ca2-e54f2002a25549da55ac,cases/ca2-e54f2002a25549da55ac.json,5bce3a2afc4b37d417a2e6f13fb279e7e34e070cbdee36ab480d6ab96d5ff074,2023-05-03T05:20:16Z,2023-05-04T05:20:17Z,13923,,,56:0x7b8c378df8650373d82ceb1085a18fe34031784f,644cbf072d8ab49aaad3c9ef83de93c9d8c4b537eb4e8b795dcb2cb21809024f,,,,,77a4b59041147c9699774041e9b3a73a41756709a071113e5f901dc97b3b3b2c,f193ace8357d4a99a3a79f0a91a92938e929c2d4edb20359108347372eda687c,8088b81ee42eca7e72a038bcf325cc9d1fd2b02c75c6e3179dfdd36766623824,DERIVED_STRICT_SNAPSHOT,DERIVED_STRICT_SNAPSHOT,DERIVED_CONSENSUS_RUNTIME_CODE,UNRESOLVED:requires_loupe_or_historical_event_resolver,UNRESOLVED_NO_CUTOFF_SOURCE_VERIFICATION_EVIDENCE,DERIVED_EXACT_CHAIN_ADDRESS,DERIVED_METADATA_STRIPPED_BYTECODE_SHA256,UNRESOLVED_INDEPENDENT_ADJUDICATION_REQUIRED,UNRESOLVED_INDEPENDENT_ADJUDICATION_REQUIRED,UNRESOLVED_METHODS_OWNER_FREEZE_REQUIRED
multichaincapital,defihacklabs,ethereum,17221445,0x1a7981d87e3b6a95c1516eb820e223fe979896b3,shanghai,ca2-11635f2908fcc175e7c9,2023-05-09,MCC,Reflection token,src/test/2023-05/MultiChainCapital_exp.sol,mainnet,https://github.com/SunWeb3Sec/DeFiHackLabs/blob/main/past/2023/README.md,frozen_public_source_hashed,1b5a1d9c3166c2b9d60fefc71f8e12d2c3d2f604b259d662e38310d39db6838b,e9c51537d22eb98fbcac694db0e01fbd86720b900728569d4afbb877e3ecd65a,"[""https://twitter.com/BeosinAlert/status/1655846558762692608""]",[],~$10 ETH,exact_contract_basename,True,True,,,2023-05-09,,,,blocked_missing_onchain_and_availability_evidence,"[""missing:deployment_block"", ""missing:prediction_cutoff_block"", ""missing:source_availability_time"", ""missing:runtime_bytecode_hash_at_cutoff"", ""missing:outcome_adjudication_id""]",retained,,cases/ca2-11635f2908fcc175e7c9.json,6754c2cd8e95e75392628699df5d9b99b979734a6767d4e786de0bc936d0e095,cases/ca2-11635f2908fcc175e7c9.json,0b439a93a8cdf16757fad3e8a5a582225e875f748ca538fb3c96affc2972c864,,,,,,,,,,,,ca2-11635f2908fcc175e7c9,cases/ca2-11635f2908fcc175e7c9.json,0b439a93a8cdf16757fad3e8a5a582225e875f748ca538fb3c96affc2972c864,2021-11-19T16:23:07Z,2021-11-20T16:23:10Z,11221,,,1:0x1a7981d87e3b6a95c1516eb820e223fe979896b3,81ba88a4202d3f66e9db00e612970e83325c2c33d4bef4e2807a8c1da6502c69,,,,,2c7c43f3a0cceb71c847465d0ea9f7c13fa49a52b8ed9d532cbad7426dfb10e7,7b0cdb66d2438252b6fe74016f1babc0e0a3e8a228e2c06498785785ace6b807,d3c5ede6e6e121e8200cf38806fd202e3dae1abefe4bb6a525a2816a241c8c63,DERIVED_STRICT_SNAPSHOT,DERIVED_STRICT_SNAPSHOT,DERIVED_CONSENSUS_RUNTIME_CODE,UNRESOLVED:requires_loupe_or_historical_event_resolver,UNRESOLVED_NO_CUTOFF_SOURCE_VERIFICATION_EVIDENCE,DERIVED_EXACT_CHAIN_ADDRESS,DERIVED_METADATA_STRIPPED_BYTECODE_SHA256,UNRESOLVED_INDEPENDENT_ADJUDICATION_REQUIRED,UNRESOLVED_INDEPENDENT_ADJUDICATION_REQUIRED,UNRESOLVED_METHODS_OWNER_FREEZE_REQUIRED
level,defihacklabs,bsc,27830139,0x977087422c008233615b572fbc3f209ed300063a,shanghai,ca2-001b14467ef9b84b416a,2023-05-02,Level,Business Logic Flaw,src/test/2023-05/Level_exp.sol,bsc,https://github.com/SunWeb3Sec/DeFiHackLabs/blob/main/past/2023/README.md,frozen_public_source_hashed,1b5a1d9c3166c2b9d60fefc71f8e12d2c3d2f604b259d662e38310d39db6838b,a8fb16f1411330e130d3de965ab9566abad2bed4494b479d532b26982bf317cf,"[""https://twitter.com/BlockSecTeam/status/1653267431127920641"", ""https://twitter.com/peckshield/status/1653149493133729794""]",[],~$1M,exact_contract_basename,True,True,,,2023-05-02,,,,blocked_missing_onchain_and_availability_evidence,"[""missing:deployment_block"", ""missing:prediction_cutoff_block"", ""missing:source_availability_time"", ""missing:runtime_bytecode_hash_at_cutoff"", ""missing:outcome_adjudication_id""]",retained,,cases/ca2-001b14467ef9b84b416a.json,3caeff8f8d79d95d518961f96be9a58b29afc2f5f38c8c10be9f76d7c9c0eedc,cases/ca2-001b14467ef9b84b416a.json,0b4a609eb8f282cd7661b1560eee2ffa8c0d94a7cdca7ec91065bff102200190,,,,,,,,,,,,ca2-001b14467ef9b84b416a,cases/ca2-001b14467ef9b84b416a.json,0b4a609eb8f282cd7661b1560eee2ffa8c0d94a7cdca7ec91065bff102200190,2023-02-19T14:52:54Z,2023-02-20T14:52:54Z,2104,EIP1967_PROXY,,56:0x977087422c008233615b572fbc3f209ed300063a,f93c61e8b3de6073221f7fd5f8d071204e4943bcc8b4f4150a9634aa79da21aa,eip1967:0xeb3e6e2a30b2c23ac3442fbb25d6fe2fe495e3c3,,,,f446319cedd444f8e2fe8520ff0d0267274b6558e6690756ab903df795f78bcb,6e3d7d53ea89ea169bba424eed75cf6eb8e8b287b16af2c1fda2b301be7318b4,aedcd74a007a35f1fd46f89b2c00d9179f9c9179dfa149ed975e29a2a966eb31,DERIVED_STRICT_SNAPSHOT,DERIVED_STRICT_SNAPSHOT,DERIVED_CONSENSUS_RUNTIME_CODE,VERIFIED_STANDARD_PROXY,UNRESOLVED_NO_CUTOFF_SOURCE_VERIFICATION_EVIDENCE,DERIVED_EXACT_CHAIN_ADDRESS,DERIVED_METADATA_STRIPPED_BYTECODE_SHA256,UNRESOLVED_INDEPENDENT_ADJUDICATION_REQUIRED,UNRESOLVED_INDEPENDENT_ADJUDICATION_REQUIRED,UNRESOLVED_METHODS_OWNER_FREEZE_REQUIRED
- ThoreumFinance,defihacklabs-temporal-replacement-finalization,bsc,24913171,0xce1b3e5087e8215876af976032382dd338cf8401,,ca2-5ec981d26607ce3dec41,2023-01-19,- ThoreumFinance,replacement_candidate,,bsc,,replacement_candidate_historical_snapshot_verified,872c597623a26c94c59f1ca5b4a865d0d07c3e9b1457cd67af0c4534d27cbe1b,12ec56ccc1cf3481e2e1bc61588ef55f32b3b7c7b0465029d9f12723b027fa9e,[],"[""0x3fe3a1883f0ae263a260f7d3e9b462468f4f83c2c88bb89d1dee5d7d24262b51""]",,frozen_chain_global_order_finalization,True,True,19566917,19595670,24913172,,ea711288687610876d7125f42efc932322cec464bf96e1766798f5e593d7a12e,,replacement_candidate_selected,[],replacement,ca2-8ce9d12a815961338519,cases/ca2-8ce9d12a815961338519.json,6f430be80e3b9f76b83dac2ed0b64b652676a32b2962cd2a7b809361e9a6820d,,,cases/ca2r-d114caf3ade0518b55c5.json,f438c8c98c0ff90eb0bdea94e85393b4f13ed2ee7c09ebea3afd88476f0d9d39,historical_cases/ca2r-d114caf3ade0518b55c5/ca2r-d114caf3ade0518b55c5.json,f54416decf2331867751b1ca22578bb8cf20998f138c51b84c7094aec860128e,21,first_eligible_unique_from_frozen_chain_global_order,872c597623a26c94c59f1ca5b4a865d0d07c3e9b1457cd67af0c4534d27cbe1b,1b5a1d9c3166c2b9d60fefc71f8e12d2c3d2f604b259d662e38310d39db6838b,24913171,0x3fe3a1883f0ae263a260f7d3e9b462468f4f83c2c88bb89d1dee5d7d24262b51,ca2r-d114caf3ade0518b55c5,ca2r-d114caf3ade0518b55c5,historical_cases/ca2r-d114caf3ade0518b55c5/ca2r-d114caf3ade0518b55c5.json,f54416decf2331867751b1ca22578bb8cf20998f138c51b84c7094aec860128e,2022-07-15T08:07:01Z,2022-07-16T08:07:02Z,680,EIP1967_PROXY,,56:0xce1b3e5087e8215876af976032382dd338cf8401,d5d25c4631a9b7014a0bda430a4202c9215424d00c6bf802d282a28754f2e80c,eip1967:0x88e05c0dd235cfff7d128194ca70327c95074975,,,,dfa4aef158bd4972021310fe0d519091c19833b9e5b471250c960835b542bc17,8f4dcd5566052401a9640afbf6d8c792373e8a0b73b5c7ed4135dbf718c8f2a9,4f94b49a661f3ee373c5d7135bd569c794249fce40f42b6befc947435142a3b7,DERIVED_STRICT_SNAPSHOT,DERIVED_STRICT_SNAPSHOT,DERIVED_CONSENSUS_RUNTIME_CODE,VERIFIED_STANDARD_PROXY,UNRESOLVED_NO_CUTOFF_SOURCE_VERIFICATION_EVIDENCE,DERIVED_EXACT_CHAIN_ADDRESS,DERIVED_METADATA_STRIPPED_BYTECODE_SHA256,UNRESOLVED_INDEPENDENT_ADJUDICATION_REQUIRED,UNRESOLVED_INDEPENDENT_ADJUDICATION_REQUIRED,UNRESOLVED_METHODS_OWNER_FREEZE_REQUIRED
neverfall,defihacklabs,bsc,27863177,0x5abde8b434133c98c36f4b21476791d95d888bf5,shanghai,ca2-10135a96af2e104eb4a4,2023-05-03,NeverFall,Price Manipulation,src/test/2023-05/NeverFall_exp.sol,bsc,https://github.com/SunWeb3Sec/DeFiHackLabs/blob/main/past/2023/README.md,frozen_public_source_hashed,1b5a1d9c3166c2b9d60fefc71f8e12d2c3d2f604b259d662e38310d39db6838b,24887d71d881e9b3355abe95a52ecaa0d0c74111a215a55236b2edc74bf19ec4,"[""https://twitter.com/BeosinAlert/status/1653619782317662211""]",[],~74K,exact_contract_basename,True,True,,,2023-05-03,,,,blocked_missing_onchain_and_availability_evidence,"[""missing:deployment_block"", ""missing:prediction_cutoff_block"", ""missing:source_availability_time"", ""missing:runtime_bytecode_hash_at_cutoff"", ""missing:outcome_adjudication_id""]",retained,,cases/ca2-10135a96af2e104eb4a4.json,fd66699260d6501b9e48563b761ee8110337f280566954465c4981286522e38b,cases/ca2-10135a96af2e104eb4a4.json,27e91b4403e550cdc21fbf13f55bcce89e4cc9164b5ac02f527e88e767e5935b,,,,,,,,,,,,ca2-10135a96af2e104eb4a4,cases/ca2-10135a96af2e104eb4a4.json,27e91b4403e550cdc21fbf13f55bcce89e4cc9164b5ac02f527e88e767e5935b,2023-03-17T03:41:41Z,2023-03-18T03:41:41Z,8618,,,56:0x5abde8b434133c98c36f4b21476791d95d888bf5,49457bfa4fca8cbd641870bfb9d97c7e8bd90086419a2c5278a18427ff6ad8cc,,,,,af77ff8c9cb56519f003582caffe5746589316988a4cb7c1e7128ea54356704c,560303c2f34b5065c426a2c6bf480d23e18dccff851b72f6d3d0fae6e7489393,3bbccf7a000069e6e5b98682d6ea01d65e63f64f96766d7b424054c5a8447dfa,DERIVED_STRICT_SNAPSHOT,DERIVED_STRICT_SNAPSHOT,DERIVED_CONSENSUS_RUNTIME_CODE,UNRESOLVED:requires_loupe_or_historical_event_resolver,UNRESOLVED_NO_CUTOFF_SOURCE_VERIFICATION_EVIDENCE,DERIVED_EXACT_CHAIN_ADDRESS,DERIVED_METADATA_STRIPPED_BYTECODE_SHA256,UNRESOLVED_INDEPENDENT_ADJUDICATION_REQUIRED,UNRESOLVED_INDEPENDENT_ADJUDICATION_REQUIRED,UNRESOLVED_METHODS_OWNER_FREEZE_REQUIRED
sellc,defihacklabs,bsc,28092673,0x274b3e185c9c8f4ddef79cb9a8dc0d94f73a7675,shanghai,ca2-f18eddf4c9f68d58e510,2023-05-11,SellToken01,Business Logic Flaw,src/test/2023-05/SELLC_exp.sol,bsc,https://github.com/SunWeb3Sec/DeFiHackLabs/blob/main/past/2023/README.md,frozen_public_source_hashed,1b5a1d9c3166c2b9d60fefc71f8e12d2c3d2f604b259d662e38310d39db6838b,924f1e34730cb2111ed37a8a768a7ddea30ac55a29e91ab340aea3daee14fbcd,"[""https://twitter.com/AnciliaInc/status/1656337400329834496"", ""https://twitter.com/AnciliaInc/status/1656341587054702598""]",[],~$95k,exact_contract_basename,True,True,,,2023-05-11,,,,blocked_missing_onchain_and_availability_evidence,"[""missing:deployment_block"", ""missing:prediction_cutoff_block"", ""missing:source_availability_time"", ""missing:runtime_bytecode_hash_at_cutoff"", ""missing:outcome_adjudication_id""]",retained,,cases/ca2-f18eddf4c9f68d58e510.json,c6b613f077f6df2f90be9a4c259ebfcece2858e2745889695b91b4601768cda6,cases/ca2-f18eddf4c9f68d58e510.json,7fe1ebfdb72c960cefb8ba2a39ca78d7223a6448fc9a90e0234e182efa3d8e2a,,,,,,,,,,,,ca2-f18eddf4c9f68d58e510,cases/ca2-f18eddf4c9f68d58e510.json,7fe1ebfdb72c960cefb8ba2a39ca78d7223a6448fc9a90e0234e182efa3d8e2a,2023-05-08T17:04:58Z,2023-05-09T17:04:59Z,18187,,,56:0x274b3e185c9c8f4ddef79cb9a8dc0d94f73a7675,11cbb96a174bc5ee29c81b846e5de14020ae68f0402f696b594f739ce1b462c3,,,,,ee0983d873c0c965317c013d1f6b4c670084cf7b1224db039cbfffdb53b9126e,c0a89e35d7a5ded722dfe14620c65e712ab0351d7324eb376549f36e49dafc99,f87976af014a76f639be5f74969fa3a515774ce31872bc574ef1c34e3dcd2b43,DERIVED_STRICT_SNAPSHOT,DERIVED_STRICT_SNAPSHOT,DERIVED_CONSENSUS_RUNTIME_CODE,UNRESOLVED:requires_loupe_or_historical_event_resolver,UNRESOLVED_NO_CUTOFF_SOURCE_VERIFICATION_EVIDENCE,DERIVED_EXACT_CHAIN_ADDRESS,DERIVED_METADATA_STRIPPED_BYTECODE_SHA256,UNRESOLVED_INDEPENDENT_ADJUDICATION_REQUIRED,UNRESOLVED_INDEPENDENT_ADJUDICATION_REQUIRED,UNRESOLVED_METHODS_OWNER_FREEZE_REQUIRED
selltoken,defihacklabs,bsc,28168034,0x57db19127617b77c8abd9420b5a35502b59870d6,shanghai,ca2-429b8f8a4d1baf287471,2023-05-13,SellToken02,Price Manipulation,src/test/2023-05/SellToken_exp.sol,bsc,https://github.com/SunWeb3Sec/DeFiHackLabs/blob/main/past/2023/README.md,frozen_public_source_hashed,1b5a1d9c3166c2b9d60fefc71f8e12d2c3d2f604b259d662e38310d39db6838b,6852a28aadb71748b01358c5c5ecddfedfacbfff88805eab506ad83398787569,"[""https://twitter.com/BlockSecTeam/status/1657324561577435136""]",[],~$197k,exact_contract_basename,True,True,,,2023-05-13,,,,blocked_missing_onchain_and_availability_evidence,"[""missing:deployment_block"", ""missing:prediction_cutoff_block"", ""missing:source_availability_time"", ""missing:runtime_bytecode_hash_at_cutoff"", ""missing:outcome_adjudication_id""]",retained,,cases/ca2-429b8f8a4d1baf287471.json,a2040257a3fd32d8429eccae6c53608ff83fd5ffe90c487e1b351ece6aefe8ac,cases/ca2-429b8f8a4d1baf287471.json,5046ef4ebdac49233b46468b128953445039d589a13a70d05e9ad5fe1787f5fe,,,,,,,,,,,,ca2-429b8f8a4d1baf287471,cases/ca2-429b8f8a4d1baf287471.json,5046ef4ebdac49233b46468b128953445039d589a13a70d05e9ad5fe1787f5fe,2023-03-30T11:08:46Z,2023-03-31T11:08:47Z,12456,,,56:0x57db19127617b77c8abd9420b5a35502b59870d6,9c91f7485fee10a08030d681ab2c3b2dbf68893cfb23495ca5a577391c281934,,,,,352736b6b624716c2c62098be39f8e1746aff8bc06864e2dd3bc726ef1f50914,229cade4a48c62a375c9cd4d3c6815abf89f3116064e8dcecfd60f1baa13cedc,8032844670a1380e5f2b1c4d9799bd77697330bb04e28350718436ad428e927a,DERIVED_STRICT_SNAPSHOT,DERIVED_STRICT_SNAPSHOT,DERIVED_CONSENSUS_RUNTIME_CODE,UNRESOLVED:requires_loupe_or_historical_event_resolver,UNRESOLVED_NO_CUTOFF_SOURCE_VERIFICATION_EVIDENCE,DERIVED_EXACT_CHAIN_ADDRESS,DERIVED_METADATA_STRIPPED_BYTECODE_SHA256,UNRESOLVED_INDEPENDENT_ADJUDICATION_REQUIRED,UNRESOLVED_INDEPENDENT_ADJUDICATION_REQUIRED,UNRESOLVED_METHODS_OWNER_FREEZE_REQUIRED
snk,defihacklabs,bsc,27784455,0xa3f5ea945c4970f48e322f1e70f4cc08e70039ee,shanghai,ca2-f3e658093e457630a524,2023-05-10,SNK,Reward Calculation Error,src/test/2023-05/SNK_exp.sol,bsc,https://github.com/SunWeb3Sec/DeFiHackLabs/blob/main/past/2023/README.md,frozen_public_source_hashed,1b5a1d9c3166c2b9d60fefc71f8e12d2c3d2f604b259d662e38310d39db6838b,164582ee842565517c67f992eb087dbae90c1c25f531e9c0ccee407de7f74bf6,"[""https://twitter.com/Phalcon_xyz/status/1656176776425644032""]",[],~$197k,exact_contract_basename,True,True,,,2023-05-10,,,,blocked_missing_onchain_and_availability_evidence,"[""missing:deployment_block"", ""missing:prediction_cutoff_block"", ""missing:source_availability_time"", ""missing:runtime_bytecode_hash_at_cutoff"", ""missing:outcome_adjudication_id""]",retained,,cases/ca2-f3e658093e457630a524.json,afc83c08ad4352afbfa9f96f4259cdee344919fda8c95ca5f649a7d6cf366a01,cases/ca2-f3e658093e457630a524.json,7673683c84bf50799481fb7fa26bb72e8a0e585c88a6d18bbc4a2eac00dedb3a,,,,,,,,,,,,ca2-f3e658093e457630a524,cases/ca2-f3e658093e457630a524.json,7673683c84bf50799481fb7fa26bb72e8a0e585c88a6d18bbc4a2eac00dedb3a,2022-12-27T15:55:14Z,2022-12-28T15:55:15Z,8499,,,56:0xa3f5ea945c4970f48e322f1e70f4cc08e70039ee,2b19312008ce63bcb1a8bf23069c4fa93c867c3bd412f56c2684563762d21d76,,,,,a6269877e42945f056e03026f12eb7005ae0aadaba132f44cbd8920ac71f4c71,c355581bd375a49fee603b7ad636e34126335193b92357469239e076e6e0ae24,a6fed52f7323192aae03605fa10ef4fcf126c965f73e9b147ebd68a07f23f4e9,DERIVED_STRICT_SNAPSHOT,DERIVED_STRICT_SNAPSHOT,DERIVED_CONSENSUS_RUNTIME_CODE,UNRESOLVED:requires_loupe_or_historical_event_resolver,UNRESOLVED_NO_CUTOFF_SOURCE_VERIFICATION_EVIDENCE,DERIVED_EXACT_CHAIN_ADDRESS,DERIVED_METADATA_STRIPPED_BYTECODE_SHA256,UNRESOLVED_INDEPENDENT_ADJUDICATION_REQUIRED,UNRESOLVED_INDEPENDENT_ADJUDICATION_REQUIRED,UNRESOLVED_METHODS_OWNER_FREEZE_REQUIRED
bunn,defihacklabs,bsc,29304627,0xc54aaecf5fa1b6c007d019a9d14dfb4a77cc3039,shanghai,ca2-fa0880968324b82371e6,2023-06-21,BUNN,Reflection tokens,src/test/2023-06//BUNN_exp.sol,bsc,https://github.com/SunWeb3Sec/DeFiHackLabs/blob/main/past/2023/README.md,frozen_public_source_hashed,1b5a1d9c3166c2b9d60fefc71f8e12d2c3d2f604b259d662e38310d39db6838b,a1bf8e860d6d88279b97d92e86cc3dd50fada2f0a5420c604e4257c427ca6a6a,"[""https://twitter.com/DecurityHQ/status/1671803688996806656""]",[],~52BNB,exact_contract_basename,True,True,,,2023-06-21,,,,blocked_missing_onchain_and_availability_evidence,"[""missing:deployment_block"", ""missing:prediction_cutoff_block"", ""missing:source_availability_time"", ""missing:runtime_bytecode_hash_at_cutoff"", ""missing:outcome_adjudication_id""]",retained,,cases/ca2-fa0880968324b82371e6.json,ad584b291e1badbd07e0a06ea0d4c0574fc980ce594dd5f94db419e5c6415375,cases/ca2-fa0880968324b82371e6.json,b95214d6f094db20d716e577f788b11510425b98a50847a7e6d7248215069aff,,,,,,,,,,,,ca2-fa0880968324b82371e6,cases/ca2-fa0880968324b82371e6.json,b95214d6f094db20d716e577f788b11510425b98a50847a7e6d7248215069aff,2021-04-20T23:10:44Z,2021-04-21T23:10:46Z,15310,,,56:0xc54aaecf5fa1b6c007d019a9d14dfb4a77cc3039,ef7921bd4e57c48df7f5df6f51624bf737fcb24ac7163f1cbce816af8adc9f9c,,,,,77839513694b5c20030f95e7fed52ed403855a7ad164603f6930321784aa3f70,d3f609119ebec98190cbfcc1dbe39a0769990cd8d2702bae289eb01eefaae7cd,9117b3d190b4ca4dc8777cbe791815085a751b65015ac89db2d92a27bad8d725,DERIVED_STRICT_SNAPSHOT,DERIVED_STRICT_SNAPSHOT,DERIVED_CONSENSUS_RUNTIME_CODE,UNRESOLVED:requires_loupe_or_historical_event_resolver,UNRESOLVED_NO_CUTOFF_SOURCE_VERIFICATION_EVIDENCE,DERIVED_EXACT_CHAIN_ADDRESS,DERIVED_METADATA_STRIPPED_BYTECODE_SHA256,UNRESOLVED_INDEPENDENT_ADJUDICATION_REQUIRED,UNRESOLVED_INDEPENDENT_ADJUDICATION_REQUIRED,UNRESOLVED_METHODS_OWNER_FREEZE_REQUIRED
babydogecoin02,defihacklabs,bsc,29295010,0xc748673057861a797275cd8a068abb95a902e8de,shanghai,ca2-26661d7a70b3c3c3ab9e,2023-06-21,BabyDogeCoin02,Lack Slippage Protection,src/test/2023-06/BabyDogeCoin02_exp.sol,bsc,https://github.com/SunWeb3Sec/DeFiHackLabs/blob/main/past/2023/README.md,frozen_public_source_hashed,1b5a1d9c3166c2b9d60fefc71f8e12d2c3d2f604b259d662e38310d39db6838b,3274443c97c0b04665c742a6dc2e8931686164c4c17094d6d6ce92e4b318746f,"[""https://twitter.com/hexagate_/status/1671517819840745475""]",[],~ 441 BNB,exact_contract_basename,True,True,,,2023-06-21,,,,blocked_missing_onchain_and_availability_evidence,"[""missing:deployment_block"", ""missing:prediction_cutoff_block"", ""missing:source_availability_time"", ""missing:runtime_bytecode_hash_at_cutoff"", ""missing:outcome_adjudication_id""]",retained,,cases/ca2-26661d7a70b3c3c3ab9e.json,cedda25a9f0f3d1baceabfd616b4d0b4d880f36d41bd388a5ebd8667c2008de6,cases/ca2-26661d7a70b3c3c3ab9e.json,5c0378fa83f7df65b4df26982bafc428cdc429a20fff1cfdd0617d9ac667920a,,,,,,,,,,,,ca2-26661d7a70b3c3c3ab9e,cases/ca2-26661d7a70b3c3c3ab9e.json,5c0378fa83f7df65b4df26982bafc428cdc429a20fff1cfdd0617d9ac667920a,2021-05-21T17:21:16Z,2021-05-22T17:21:17Z,11178,,,56:0xc748673057861a797275cd8a068abb95a902e8de,4b8927c14b8b295951c77d8f99d831f2f43e98ed1d1ef74fc699a36cbfdd2825,,,,,7f3d9242f944b5ca80f756657f646ae3f1552a7dd2be70f35d96f8b440ef51b5,dbb9f78b6929f3dbb9a3c241538c3f401d9f3fcd30b928c9122ac03f9603a7e0,8a20a50990867534d16f7f217d1044546b84ccca8300b76e716fa700e305df84,DERIVED_STRICT_SNAPSHOT,DERIVED_STRICT_SNAPSHOT,DERIVED_CONSENSUS_RUNTIME_CODE,UNRESOLVED:requires_loupe_or_historical_event_resolver,UNRESOLVED_NO_CUTOFF_SOURCE_VERIFICATION_EVIDENCE,DERIVED_EXACT_CHAIN_ADDRESS,DERIVED_METADATA_STRIPPED_BYTECODE_SHA256,UNRESOLVED_INDEPENDENT_ADJUDICATION_REQUIRED,UNRESOLVED_INDEPENDENT_ADJUDICATION_REQUIRED,UNRESOLVED_METHODS_OWNER_FREEZE_REQUIRED
compounderfinance,defihacklabs,ethereum,17426064,0xaf274e912243b19b882f02d731dacd7cd13072d0,shanghai,ca2-8920d085a4a666414df5,2023-06-07,CompounderFinance,Manipulation of funds through fluctuations in the amount of exchangeable assets,src/test/2023-06/CompounderFinance_exp.sol,mainnet,https://github.com/SunWeb3Sec/DeFiHackLabs/blob/main/past/2023/README.md,frozen_public_source_hashed,1b5a1d9c3166c2b9d60fefc71f8e12d2c3d2f604b259d662e38310d39db6838b,7b7f23fad9d05da732c442a167795dff9925e20fb9fd35a7e51ceee315284d01,"[""https://twitter.com/numencyber/status/1666346419702362112""]",[],"~$27,174",exact_contract_basename,True,True,,,2023-06-07,,,,blocked_missing_onchain_and_availability_evidence,"[""missing:deployment_block"", ""missing:prediction_cutoff_block"", ""missing:source_availability_time"", ""missing:runtime_bytecode_hash_at_cutoff"", ""missing:outcome_adjudication_id""]",retained,,cases/ca2-8920d085a4a666414df5.json,bc48d0c92cea81a3724512c697bfa9599bb8601a2176c4304e321533ff6a907d,cases/ca2-8920d085a4a666414df5.json,1b5d8206b1cc8f682c3c908b78635ee8f195317954224fc9e3033af28efc8bb9,,,,,,,,,,,,ca2-8920d085a4a666414df5,cases/ca2-8920d085a4a666414df5.json,1b5d8206b1cc8f682c3c908b78635ee8f195317954224fc9e3033af28efc8bb9,2020-11-08T02:00:49Z,2020-11-09T02:00:56Z,11064,,,1:0xaf274e912243b19b882f02d731dacd7cd13072d0,ed1537b6430a613254af7c7459132739120806373578c475e5506b43a4b46813,,,,,2e3ce12265773b244e8cc92e8bc3283ac1a64169e202544c751dc62fecccaf1a,0015d7109a5e8aa24bbcbdd13c8c0ffc3e0b2a0ac518bed46406fc2e017df702,41b4190e51fe1486f977a2df29a30059acfc172f4994e28368536a1f03a238c0,DERIVED_STRICT_SNAPSHOT,DERIVED_STRICT_SNAPSHOT,DERIVED_CONSENSUS_RUNTIME_CODE,UNRESOLVED:requires_loupe_or_historical_event_resolver,UNRESOLVED_NO_CUTOFF_SOURCE_VERIFICATION_EVIDENCE,DERIVED_EXACT_CHAIN_ADDRESS,DERIVED_METADATA_STRIPPED_BYTECODE_SHA256,UNRESOLVED_INDEPENDENT_ADJUDICATION_REQUIRED,UNRESOLVED_INDEPENDENT_ADJUDICATION_REQUIRED,UNRESOLVED_METHODS_OWNER_FREEZE_REQUIRED
cellframe,defihacklabs,bsc,28708273,0xb4e47c13db187d54839cd1e08422af57e5348fc1,shanghai,ca2-0fab25d3b5b764c482c5,2023-06-01,Cellframenet,Calculation issues during liquidity migration,src/test/2023-06/Cellframe_exp.sol,bsc,https://github.com/SunWeb3Sec/DeFiHackLabs/blob/main/past/2023/README.md,frozen_public_source_hashed,1b5a1d9c3166c2b9d60fefc71f8e12d2c3d2f604b259d662e38310d39db6838b,22ee8da702b8ec402db2753585e434341c06afac1d5137b85dd787333536c903,"[""https://twitter.com/numencyber/status/1664132985883615235?cxt=HHwWhoDTqceImJguAAAA""]",[],~$76k,exact_contract_basename,True,True,,,2023-06-01,,,,blocked_missing_onchain_and_availability_evidence,"[""missing:deployment_block"", ""missing:prediction_cutoff_block"", ""missing:source_availability_time"", ""missing:runtime_bytecode_hash_at_cutoff"", ""missing:outcome_adjudication_id""]",retained,,cases/ca2-0fab25d3b5b764c482c5.json,f47e021127e9897701de837b9087870f0f4ec453fc8755145d6cabb17fa8a22b,cases/ca2-0fab25d3b5b764c482c5.json,887b3c9fd211ff1950fdc867ac78bf4d788c99bc510c7851f102a2acb02f6cfe,,,,,,,,,,,,ca2-0fab25d3b5b764c482c5,cases/ca2-0fab25d3b5b764c482c5.json,887b3c9fd211ff1950fdc867ac78bf4d788c99bc510c7851f102a2acb02f6cfe,2022-11-14T12:24:22Z,2022-11-15T12:24:22Z,2965,,,56:0xb4e47c13db187d54839cd1e08422af57e5348fc1,fe16067bb65c4fde5e8731043def08ed84e366882571cad50d3b587b647ab52a,,,,,5a8b585fc5bca47331fd1a32863b32db5006105961262853b21965edbcfc2c65,7f9478fe482f4e939e926b4d4e56cf087f79e5d9c709ddb1be6aa5269f371c40,25b1cc1a3a68e0c1132fa9182325d9143996b234fa822adc10357e6f76e922d5,DERIVED_STRICT_SNAPSHOT,DERIVED_STRICT_SNAPSHOT,DERIVED_CONSENSUS_RUNTIME_CODE,UNRESOLVED:requires_loupe_or_historical_event_resolver,UNRESOLVED_NO_CUTOFF_SOURCE_VERIFICATION_EVIDENCE,DERIVED_EXACT_CHAIN_ADDRESS,DERIVED_METADATA_STRIPPED_BYTECODE_SHA256,UNRESOLVED_INDEPENDENT_ADJUDICATION_REQUIRED,UNRESOLVED_INDEPENDENT_ADJUDICATION_REQUIRED,UNRESOLVED_METHODS_OWNER_FREEZE_REQUIRED
HORS,defihacklabs-temporal-replacement-finalization,bsc,45587949,0x6f3390c6c200e9be81b32110ce191a293dc0eaba,,ca2-d6090a50e7b7e86d2afd,2025-01-08,HORS,replacement_candidate,,bsc,,replacement_candidate_historical_snapshot_verified,a2e53da1afb97ddf17a127c7e3cd0da7babc9a23990158884855bbd85ce38cce,613367626686a0287f735fb80661619118bba57b24ae8f5f3a513eff7c808ae0,[],"[""0xc8572846ed313b12bf835e2748ff37dacf6b8ee1bab36972dc4ace5e9f25fed7""]",,frozen_chain_global_order_finalization,True,True,7336500,7363243,45587949,,588501aed61d09b9591e0839d26f45fc7532d5c6399205eae97b3b8454fe8622,,replacement_candidate_selected,[],replacement,ca2-41967b2b5f0bb253dcc3,cases/ca2-41967b2b5f0bb253dcc3.json,e6c3793918a87f5800c92f97ad5f532afa1166aa7c06f7168d3dec9b29090b29,,,cases/ca2r-8426b54765c9d7889888.json,c5096cefde9dbb4d11aaf82f6871d3e6ec84e68c329ee38334bc46f5089bddc3,historical_cases/ca2r-8426b54765c9d7889888/ca2r-8426b54765c9d7889888.json,a11f901e5bb7e57038c8a350cbff5bf3ef1ba1eac2a78da1860273fa078bab53,12,first_eligible_unique_from_frozen_chain_global_order,a2e53da1afb97ddf17a127c7e3cd0da7babc9a23990158884855bbd85ce38cce,d3b80fe4ed7198fc900616b269408c1d0485ef8f000f46d37adb75be862a4a9c,45587949,0xc8572846ed313b12bf835e2748ff37dacf6b8ee1bab36972dc4ace5e9f25fed7,ca2r-8426b54765c9d7889888,ca2r-8426b54765c9d7889888,historical_cases/ca2r-8426b54765c9d7889888/ca2r-8426b54765c9d7889888.json,a11f901e5bb7e57038c8a350cbff5bf3ef1ba1eac2a78da1860273fa078bab53,2021-05-12T02:56:01Z,2021-05-13T02:56:01Z,1688,,,56:0x6f3390c6c200e9be81b32110ce191a293dc0eaba,5351b63db6b4280c2c7b2843dba18ed8853cb91448609e9fce3cda110b5a5bbd,,,,,30b7cc594e6a84d1e17a2b59e70e6e1f6f8c153c59acfc852da19a6a4d114b22,89050baa9ee0a0cfebe266d2e09053ab8c7e9dfb2cc4f93746967eaf7b38ce34,742a5a547e457246c17e329271f45c2c1781c45c61db0804aa085e7fa181b47f,DERIVED_STRICT_SNAPSHOT,DERIVED_STRICT_SNAPSHOT,DERIVED_CONSENSUS_RUNTIME_CODE,UNRESOLVED:requires_loupe_or_historical_event_resolver,UNRESOLVED_NO_CUTOFF_SOURCE_VERIFICATION_EVIDENCE,DERIVED_EXACT_CHAIN_ADDRESS,DERIVED_METADATA_STRIPPED_BYTECODE_SHA256,UNRESOLVED_INDEPENDENT_ADJUDICATION_REQUIRED,UNRESOLVED_INDEPENDENT_ADJUDICATION_REQUIRED,UNRESOLVED_METHODS_OWNER_FREEZE_REQUIRED
ddcoin,defihacklabs,bsc,28714107,0xb3a636ac4c271e6cd962cad98eae9cf71f5a49c8,shanghai,ca2-0d94b0dee68d0b41352e,2023-06-01,DDCoin,Flashloan attack and smart contract vulnerability,src/test/2023-06/DDCoin_exp.sol,bsc,https://github.com/SunWeb3Sec/DeFiHackLabs/blob/main/past/2023/README.md,frozen_public_source_hashed,1b5a1d9c3166c2b9d60fefc71f8e12d2c3d2f604b259d662e38310d39db6838b,f54389af142259a1d51bfe6d43dee6fc3e2630eb614f674bffa8e09b53d529d4,"[""https://twitter.com/ChainAegis/status/1664192344726581255?cxt=HHwWjsDRldmHs5guAAAA"", ""https://twitter.com/ImmuneBytes/status/1664239580210495489""]",[],~$300k,exact_contract_basename,True,True,,,2023-06-01,,,,blocked_missing_onchain_and_availability_evidence,"[""missing:deployment_block"", ""missing:prediction_cutoff_block"", ""missing:source_availability_time"", ""missing:runtime_bytecode_hash_at_cutoff"", ""missing:outcome_adjudication_id""]",retained,,cases/ca2-0d94b0dee68d0b41352e.json,182a9872c4a2ba1ef2e59473de353484a040b40f6ac5041001a8e36afc57b8d2,cases/ca2-0d94b0dee68d0b41352e.json,502709a4fd2e214c67cd3265e80112c3d5b3935a8de54421445e3b9b9ac4ab98,,,,,,,,,,,,ca2-0d94b0dee68d0b41352e,cases/ca2-0d94b0dee68d0b41352e.json,502709a4fd2e214c67cd3265e80112c3d5b3935a8de54421445e3b9b9ac4ab98,2023-05-30T14:50:28Z,2023-05-31T14:50:29Z,10706,,,56:0xb3a636ac4c271e6cd962cad98eae9cf71f5a49c8,de1bc08391adf60aa79c881f472ab4a984da09f02b2bb468ab397cf1cbac01ad,,,,,26b867114a7a42ad13476fe2a48c61d21519a457021644f414fa8d0047d28907,5127775b5bc92371dd39a6e0eff41118bc2ad4e86202e150fbdf173b424dd297,7666762f7f6ed92c0e699b5e06a64084b416931afa287c19cd4f326fa3620bdf,DERIVED_STRICT_SNAPSHOT,DERIVED_STRICT_SNAPSHOT,DERIVED_CONSENSUS_RUNTIME_CODE,UNRESOLVED:requires_loupe_or_historical_event_resolver,UNRESOLVED_NO_CUTOFF_SOURCE_VERIFICATION_EVIDENCE,DERIVED_EXACT_CHAIN_ADDRESS,DERIVED_METADATA_STRIPPED_BYTECODE_SHA256,UNRESOLVED_INDEPENDENT_ADJUDICATION_REQUIRED,UNRESOLVED_INDEPENDENT_ADJUDICATION_REQUIRED,UNRESOLVED_METHODS_OWNER_FREEZE_REQUIRED
mimspell,defihacklabs,ethereum,17521638,0xa5564a2d1190a141cac438c9fde686ac48a18a79,shanghai,ca2-21ac1c8056ff7df162a8,2023-06-20,MIMSpell,Arbitrary External Call Vulnerability,src/test/2023-06/MIMSpell_exp.sol,mainnet,https://github.com/SunWeb3Sec/DeFiHackLabs/blob/main/past/2023/README.md,frozen_public_source_hashed,1b5a1d9c3166c2b9d60fefc71f8e12d2c3d2f604b259d662e38310d39db6838b,5588b17b13b02b52ec1d5dc496ee8f513ab1a96a29e0aa08fef4e1f025460eba,"[""https://twitter.com/hexagate_/status/1671188024607100928?cxt=HHwWgMC--e2poLEuAAAA""]",[],~$17k,exact_contract_basename,True,True,,,2023-06-20,,,,blocked_missing_onchain_and_availability_evidence,"[""missing:deployment_block"", ""missing:prediction_cutoff_block"", ""missing:source_availability_time"", ""missing:runtime_bytecode_hash_at_cutoff"", ""missing:outcome_adjudication_id""]",retained,,cases/ca2-21ac1c8056ff7df162a8.json,19fffcaa7ca63dd3450378691fbd129fb3ffecbf93e61dcd0049e252fd6e14b8,cases/ca2-21ac1c8056ff7df162a8.json,3e3f9f25878e55360c3f1118142eaf64ecf1647c8b7f5483668c03a6661b3aa9,,,,,,,,,,,,ca2-21ac1c8056ff7df162a8,cases/ca2-21ac1c8056ff7df162a8.json,3e3f9f25878e55360c3f1118142eaf64ecf1647c8b7f5483668c03a6661b3aa9,2023-01-24T19:02:11Z,2023-01-25T19:02:11Z,2557,,,1:0xa5564a2d1190a141cac438c9fde686ac48a18a79,5cbc577653c8693adb1fc7b72fab8fefc1927f03a1482e9c18a9f1e54099c500,,,,,70e0ec3820f7020156136d04f03c9145424838c0e3d561a75b73fe4bff7e52af,0caa823e42bb0efad5d313a9b7403600d53a5498e1da144de0ee3cda2b140c8f,429c23fbda6c768b6cb4ec96229275340b7ee1451e2f8e45ec4ca93eabfa37b2,DERIVED_STRICT_SNAPSHOT,DERIVED_STRICT_SNAPSHOT,DERIVED_CONSENSUS_RUNTIME_CODE,UNRESOLVED:requires_loupe_or_historical_event_resolver,UNRESOLVED_NO_CUTOFF_SOURCE_VERIFICATION_EVIDENCE,DERIVED_EXACT_CHAIN_ADDRESS,DERIVED_METADATA_STRIPPED_BYTECODE_SHA256,UNRESOLVED_INDEPENDENT_ADJUDICATION_REQUIRED,UNRESOLVED_INDEPENDENT_ADJUDICATION_REQUIRED,UNRESOLVED_METHODS_OWNER_FREEZE_REQUIRED
myai,defihacklabs,bsc,29554343,0xdb103fd28ca4b18115f5ce908baaeed7e0f1f101,shanghai,ca2-522ebe1e13a3ab2c2fe8,2023-06-30,MyAi,Business Logic,src/test/2023-06/MyAi_exp.sol,bsc,https://github.com/SunWeb3Sec/DeFiHackLabs/blob/main/past/2023/README.md,frozen_public_source_hashed,1b5a1d9c3166c2b9d60fefc71f8e12d2c3d2f604b259d662e38310d39db6838b,26ab177fd8aa6159d63dc2dcf177a33812dc1f463cddc89c7e193751bce4ab6c,"[""https://x.com/DecurityHQ/status/1674781372182048776""]",[],~2 $BNB,exact_contract_basename,True,True,,,2023-06-30,,,,blocked_missing_onchain_and_availability_evidence,"[""missing:deployment_block"", ""missing:prediction_cutoff_block"", ""missing:source_availability_time"", ""missing:runtime_bytecode_hash_at_cutoff"", ""missing:outcome_adjudication_id""]",retained,,cases/ca2-522ebe1e13a3ab2c2fe8.json,9745e4cae3d53414d6bee629072745aa4ce8840983d9ec386b7e30fd00769834,cases/ca2-522ebe1e13a3ab2c2fe8.json,7c5383a9ecced882ea184329784251df52f893c67ae27cbfd01e3fe1fb60d75e,,,,,,,,,,,,ca2-522ebe1e13a3ab2c2fe8,cases/ca2-522ebe1e13a3ab2c2fe8.json,7c5383a9ecced882ea184329784251df52f893c67ae27cbfd01e3fe1fb60d75e,2023-06-07T07:57:56Z,2023-06-08T07:57:56Z,7583,,,56:0xdb103fd28ca4b18115f5ce908baaeed7e0f1f101,a1163760025a90bb135dc93303b59c917ab3f71fd132ad47ac0b72e3a5b427cc,,,,,0c9c23d9ea4b6809d520678ec1372f598f00d1d9c6c35557e407c66eff4a5197,3b609bbc778daa02b6de7b2982273decc8e52c4f2540685175d41b06f4bc3e5d,2ce874f95ff2cf9ade25f4906ec8fc0809a0191d3d51a9f0b242455d27111fab,DERIVED_STRICT_SNAPSHOT,DERIVED_STRICT_SNAPSHOT,DERIVED_CONSENSUS_RUNTIME_CODE,UNRESOLVED:requires_loupe_or_historical_event_resolver,UNRESOLVED_NO_CUTOFF_SOURCE_VERIFICATION_EVIDENCE,DERIVED_EXACT_CHAIN_ADDRESS,DERIVED_METADATA_STRIPPED_BYTECODE_SHA256,UNRESOLVED_INDEPENDENT_ADJUDICATION_REQUIRED,UNRESOLVED_INDEPENDENT_ADJUDICATION_REQUIRED,UNRESOLVED_METHODS_OWNER_FREEZE_REQUIRED
pawnfi,defihacklabs,ethereum,17496619,0x85018cf6f53c8bbd03c3137e71f4fca226cda92c,shanghai,ca2-6af08ae1ba1d426949bb,2023-06-17,Pawnfi,Business Logic Flaw,src/test/2023-06/Pawnfi_exp.sol,mainnet,https://github.com/SunWeb3Sec/DeFiHackLabs/blob/main/past/2023/README.md,frozen_public_source_hashed,1b5a1d9c3166c2b9d60fefc71f8e12d2c3d2f604b259d662e38310d39db6838b,abd97bbc4468d7f191f15759d29ba60c3e6de6f4fe1b1321caa6f89e54871295,"[""https://blog.solidityscan.com/pawnfi-hack-analysis-38ac9160cbb4""]",[],~$820K,exact_contract_basename,True,True,,,2023-06-17,,,,blocked_missing_onchain_and_availability_evidence,"[""missing:deployment_block"", ""missing:prediction_cutoff_block"", ""missing:source_availability_time"", ""missing:runtime_bytecode_hash_at_cutoff"", ""missing:outcome_adjudication_id""]",retained,,cases/ca2-6af08ae1ba1d426949bb.json,6d032b2133fea8d1adb2c7a834b0478159933209f7480bf22d642b66bbaafe0f,cases/ca2-6af08ae1ba1d426949bb.json,5586c2f0d1d1113ea8671d659fcf8532521a3ee9c266d96f7a73e07d4e59f917,,,,,,,,,,,,ca2-6af08ae1ba1d426949bb,cases/ca2-6af08ae1ba1d426949bb.json,5586c2f0d1d1113ea8671d659fcf8532521a3ee9c266d96f7a73e07d4e59f917,2023-06-04T05:03:35Z,2023-06-05T05:03:35Z,24224,,,1:0x85018cf6f53c8bbd03c3137e71f4fca226cda92c,8dde27c822e473b0d7b25525df6d4fe55c7b6c2d5877add7cb3e48a3a890a75a,,,,,6e788284768d79c7e956a87593f70b2f8cbada612ba4d01d62f99ead6701352c,433f45bdc2bcceb901816d72d3d7dc20fc9f1d87c3d69081a12598133cbb8ef9,4a03f207b40d566754dd9fde8d2ffac0c7b9a49d0fbfa3929d11c1890de50e57,DERIVED_STRICT_SNAPSHOT,DERIVED_STRICT_SNAPSHOT,DERIVED_CONSENSUS_RUNTIME_CODE,UNRESOLVED:requires_loupe_or_historical_event_resolver,UNRESOLVED_NO_CUTOFF_SOURCE_VERIFICATION_EVIDENCE,DERIVED_EXACT_CHAIN_ADDRESS,DERIVED_METADATA_STRIPPED_BYTECODE_SHA256,UNRESOLVED_INDEPENDENT_ADJUDICATION_REQUIRED,UNRESOLVED_INDEPENDENT_ADJUDICATION_REQUIRED,UNRESOLVED_METHODS_OWNER_FREEZE_REQUIRED
sellc03,defihacklabs,bsc,29005754,0x84be9475051a08ee5364fba44de7fe83a5ecc4f1,shanghai,ca2-b15231d961b437b62264,2023-06-11,SellToken04,Price Manipulation,src/test/2023-06/SELLC03_exp.sol,bsc,https://github.com/SunWeb3Sec/DeFiHackLabs/blob/main/past/2023/README.md,frozen_public_source_hashed,1b5a1d9c3166c2b9d60fefc71f8e12d2c3d2f604b259d662e38310d39db6838b,839b537d4aa211c9efda4aff91e88a02372dac45f571e651571af2b7155e80f4,"[""https://twitter.com/EoceneSecurity/status/1668468933723328513""]",[],~$109k,exact_contract_basename,True,True,,,2023-06-11,,,,blocked_missing_onchain_and_availability_evidence,"[""missing:deployment_block"", ""missing:prediction_cutoff_block"", ""missing:source_availability_time"", ""missing:runtime_bytecode_hash_at_cutoff"", ""missing:outcome_adjudication_id""]",retained,,cases/ca2-b15231d961b437b62264.json,fea934966720723e9daf5e7e456f003660d4b237457095d197c428f0e3eb8bd0,cases/ca2-b15231d961b437b62264.json,a2491bfbeb1280281de1339a252a36e866c76d40202bb6e3fb9818048fbf7138,,,,,,,,,,,,ca2-b15231d961b437b62264,cases/ca2-b15231d961b437b62264.json,a2491bfbeb1280281de1339a252a36e866c76d40202bb6e3fb9818048fbf7138,2023-03-23T12:46:48Z,2023-03-24T12:46:50Z,23543,,,56:0x84be9475051a08ee5364fba44de7fe83a5ecc4f1,dd11d5255249ef7a593764fbddfe3e5b45d0855db11d23c71ce4ee90a157f7f5,,,,,d469713d4ef02f5197a6cedf90297ddcbf84200cb4a212df5033270f93009dbd,c7ab14c1e1a79352c5a9d55060dd74cc9bee3991ca6f6f6e7f5c0a534090e5c1,7640a7fdeeafb5e445feab1caee722aabaf8ba974a0ca5f0c55caeafdea838c2,DERIVED_STRICT_SNAPSHOT,DERIVED_STRICT_SNAPSHOT,DERIVED_CONSENSUS_RUNTIME_CODE,UNRESOLVED:requires_loupe_or_historical_event_resolver,UNRESOLVED_NO_CUTOFF_SOURCE_VERIFICATION_EVIDENCE,DERIVED_EXACT_CHAIN_ADDRESS,DERIVED_METADATA_STRIPPED_BYTECODE_SHA256,UNRESOLVED_INDEPENDENT_ADJUDICATION_REQUIRED,UNRESOLVED_INDEPENDENT_ADJUDICATION_REQUIRED,UNRESOLVED_METHODS_OWNER_FREEZE_REQUIRED
depusdt_levusdc,defihacklabs,ethereum,17484161,0x7b190a928aa76eece5cb3e0f6b3bdb24fcdd9b4f,shanghai,ca2-c7f02a40db88500f3ae5,2023-06-15,DEPUSDT_LEVUSDC,Incorrect access control,src/test/2023-06/DEPUSDT_LEVUSDC_exp.sol,mainnet,https://github.com/SunWeb3Sec/DeFiHackLabs/blob/main/past/2023/README.md,frozen_public_source_hashed,1b5a1d9c3166c2b9d60fefc71f8e12d2c3d2f604b259d662e38310d39db6838b,6a971e7ce95ebc37b0bcb21a660b18ac4e244428132e8656d35c7d71996b6aaf,"[""https://twitter.com/numencyber/status/1669278694744150016?cxt=HHwWgMDS9Z2IvKouAAAA""]",[],~$105k,exact_contract_basename,True,True,,,2023-06-15,,,,blocked_missing_onchain_and_availability_evidence,"[""missing:deployment_block"", ""missing:prediction_cutoff_block"", ""missing:source_availability_time"", ""missing:runtime_bytecode_hash_at_cutoff"", ""missing:outcome_adjudication_id""]",retained,,cases/ca2-c7f02a40db88500f3ae5.json,08a0d0034370cb6a485a313bb46a5cf6235c7fb952cf80c49642c0bd8b44c789,cases/ca2-c7f02a40db88500f3ae5.json,954d1a472f96ad09fa3e9534d5880ff96da2b9f53c00a046a6f3bd21907bd943,,,,,,,,,,,,ca2-c7f02a40db88500f3ae5,cases/ca2-c7f02a40db88500f3ae5.json,954d1a472f96ad09fa3e9534d5880ff96da2b9f53c00a046a6f3bd21907bd943,2023-05-20T12:03:23Z,2023-05-21T12:03:23Z,2112,EIP1967_PROXY,,1:0x7b190a928aa76eece5cb3e0f6b3bdb24fcdd9b4f,6f4cd91554d949a8ad8047da7543a1ed35a94f9b9b1e6c2159563c05819ba95c,eip1967:0x94290106d2a32bc89be9f1c3a3f3394f64578aa6,,,,96dd0776361509bc8a661ec7e5f099811d536e62a6cc5262d048a61b08d78de0,d083b42b649736fea0c12439e75cbf45cd56e864216e51a83db8eb1223f9ecec,c409f538f630b73367d5ab167635066bbe48bee11e76dd93503ec3e5d706e2ad,DERIVED_STRICT_SNAPSHOT,DERIVED_STRICT_SNAPSHOT,DERIVED_CONSENSUS_RUNTIME_CODE,VERIFIED_STANDARD_PROXY,UNRESOLVED_NO_CUTOFF_SOURCE_VERIFICATION_EVIDENCE,DERIVED_EXACT_CHAIN_ADDRESS,DERIVED_METADATA_STRIPPED_BYTECODE_SHA256,UNRESOLVED_INDEPENDENT_ADJUDICATION_REQUIRED,UNRESOLVED_INDEPENDENT_ADJUDICATION_REQUIRED,UNRESOLVED_METHODS_OWNER_FREEZE_REQUIRED
LBP,defihacklabs-temporal-replacement-finalization,bsc,104727183,0x88886f0fd371dff856291badced45922bc888888,,ca2-698cd40308a0d9b400f7,2026-06-17,LBP,replacement_candidate,,bsc,,replacement_candidate_historical_snapshot_verified,95c55e89b16398251fcfbd6109de104783fcd4a18b31de3e92a872ce53875f6c,78bc5e7b3ef0fd6125f8cfe0cc41d22429003f3ea8df2a144db1b0acc03e3d29,[],"[""0x55856d9fda4c5be5193561c7d775e823c3d6e499da44aab9da963daf61c50b0c""]",,frozen_chain_global_order_finalization,True,True,96812381,97004126,104727184,,8483a3998f4c6cab2dbd4d53ca2b09253057ee3c29cf078b5551273d011d22f6,,replacement_candidate_selected,[],replacement,ca2-fff564d4ebd90a3fa837,cases/ca2-fff564d4ebd90a3fa837.json,2700214da15281d277143fbfb6096818591391b44e2b078b0343ed8b8147cc0c,,,cases/ca2r-f5416837282fcac56f59.json,c7404daea0bcb68efd8cd42cbe6209e12295857fa00d04344e6627ce0fc284d5,historical_cases/ca2r-f5416837282fcac56f59/ca2r-f5416837282fcac56f59.json,cce0ae2b82ed00b7fdfdfc81478c10dbc62c4830bccd5d65b181d1c7ccf3858f,38,first_eligible_unique_from_frozen_chain_global_order,95c55e89b16398251fcfbd6109de104783fcd4a18b31de3e92a872ce53875f6c,a18c0040510cddc88d59e602bac53bbcafbe5dfbc978cff0134cb513de79fc53,104727183,0x55856d9fda4c5be5193561c7d775e823c3d6e499da44aab9da963daf61c50b0c,ca2r-f5416837282fcac56f59,ca2r-f5416837282fcac56f59,historical_cases/ca2r-f5416837282fcac56f59/ca2r-f5416837282fcac56f59.json,cce0ae2b82ed00b7fdfdfc81478c10dbc62c4830bccd5d65b181d1c7ccf3858f,2026-05-07T01:57:51Z,2026-05-08T01:57:51Z,18569,,,56:0x88886f0fd371dff856291badced45922bc888888,8483a3998f4c6cab2dbd4d53ca2b09253057ee3c29cf078b5551273d011d22f6,,,,,20a66a1b2c8b714879f5f06f6114ced2026e9e218e34403b84f453d5965019a3,56139a5cc7103d14598c570c1bcf8763f28dd892e87add1836453846c5d9e5af,21ad9844be4d5c824edeaf2f67e48d58b0dd6b285adf3fe26f1ba3b52cd66549,DERIVED_STRICT_SNAPSHOT,DERIVED_STRICT_SNAPSHOT,DERIVED_CONSENSUS_RUNTIME_CODE,UNRESOLVED:requires_loupe_or_historical_event_resolver,UNRESOLVED_NO_CUTOFF_SOURCE_VERIFICATION_EVIDENCE,DERIVED_EXACT_CHAIN_ADDRESS,DERIVED_METADATA_STRIPPED_BYTECODE_SHA256,UNRESOLVED_INDEPENDENT_ADJUDICATION_REQUIRED,UNRESOLVED_INDEPENDENT_ADJUDICATION_REQUIRED,UNRESOLVED_METHODS_OWNER_FREEZE_REQUIRED
un,defihacklabs,bsc,28864173,0xfeafe253802b77456b4627f8c2306a9cebb5d681,shanghai,ca2-cfb8cf251b553eed2196,2023-06-06,UN,Price Manipulation,src/test/2023-06/UN_exp.sol,bsc,https://github.com/SunWeb3Sec/DeFiHackLabs/blob/main/past/2023/README.md,frozen_public_source_hashed,1b5a1d9c3166c2b9d60fefc71f8e12d2c3d2f604b259d662e38310d39db6838b,5e59953a48ff30c9425ea46eecccba2a7b34bea95cb1c670419d299b8e284700,"[""https://twitter.com/MetaTrustAlert/status/1667041877428932608""]",[],~$26k,exact_contract_basename,True,True,,,2023-06-06,,,,blocked_missing_onchain_and_availability_evidence,"[""missing:deployment_block"", ""missing:prediction_cutoff_block"", ""missing:source_availability_time"", ""missing:runtime_bytecode_hash_at_cutoff"", ""missing:outcome_adjudication_id""]",retained,,cases/ca2-cfb8cf251b553eed2196.json,a80eb8c2c44c29dc7025080f78118820ae83e43e60b77c252b8d83eea2983513,cases/ca2-cfb8cf251b553eed2196.json,bef8271002eb1dc76d4290d7b80aae39d2383673008b4cc5a2809b26e32bad22,,,,,,,,,,,,ca2-cfb8cf251b553eed2196,cases/ca2-cfb8cf251b553eed2196.json,bef8271002eb1dc76d4290d7b80aae39d2383673008b4cc5a2809b26e32bad22,2022-07-20T00:55:47Z,2022-07-21T00:55:49Z,16576,,,56:0xfeafe253802b77456b4627f8c2306a9cebb5d681,8617380a2c4dd3186bd7094e675057b0ecba00f7ec18be1b2d9ce83eb47d5936,,,,,db9a16042702a3db25b3a7714176e3b2daa5749a8befb17f215af996201a03ff,fc1753d7cf9f65565eaa7e427a5f3360b834a20f4392d8c825e90fa24fa5fd06,404cf078d15a43d7619522dcef59cfc1ed6d5bd3d536b78a8ad85bca5c50d28c,DERIVED_STRICT_SNAPSHOT,DERIVED_STRICT_SNAPSHOT,DERIVED_CONSENSUS_RUNTIME_CODE,UNRESOLVED:requires_loupe_or_historical_event_resolver,UNRESOLVED_NO_CUTOFF_SOURCE_VERIFICATION_EVIDENCE,DERIVED_EXACT_CHAIN_ADDRESS,DERIVED_METADATA_STRIPPED_BYTECODE_SHA256,UNRESOLVED_INDEPENDENT_ADJUDICATION_REQUIRED,UNRESOLVED_INDEPENDENT_ADJUDICATION_REQUIRED,UNRESOLVED_METHODS_OWNER_FREEZE_REQUIRED
Scorch,defihacklabs-temporal-replacement-finalization,ethereum,21822423,0xa3d0e72c8a2fe9127a77412bf34bee5e4945bd49,,ca2-ba570d8f796dcaeae5f2,2025-02-11,Scorch,replacement_candidate,,ethereum,,replacement_candidate_historical_snapshot_verified,1fe5394fc6f76be61548c4a1c03d76d7bf1563938cd7e7ec52e0b3c097c325ce,29a393b4593c2009985d5e2b2d2dc4cb33f1fd77070d96162033c485551ccab9,[],"[""0x02dc4409af99de400b2427dad525c31467a8fd2ac6cb251f885d33c073510ba2""]",,frozen_chain_global_order_finalization,True,True,18050657,18057798,21822424,,50a9e3ddae3d125128c8689a9c8811c2722d846c1412c627f7d07b08c10ead72,,replacement_candidate_selected,[],replacement,ca2-59a4716d84aaff033fae,cases/ca2-59a4716d84aaff033fae.json,813a059ef1338d87af7a454bbaf46b0034f6276916dcabf61f50479d30f18541,,,cases/ca2r-84069bad8e1b044be32b.json,c7302b5ac18ce8d34b006a4beca45ed9f22a2a9003e5bb2ecc3693162fbc414c,historical_cases/ca2r-84069bad8e1b044be32b/ca2r-84069bad8e1b044be32b.json,ac636cbfb61bfe643899644190951f27be59651dc1228dc06e95cdd07b16d459,7,first_eligible_unique_from_frozen_chain_global_order,1fe5394fc6f76be61548c4a1c03d76d7bf1563938cd7e7ec52e0b3c097c325ce,d3b80fe4ed7198fc900616b269408c1d0485ef8f000f46d37adb75be862a4a9c,21822423,0x02dc4409af99de400b2427dad525c31467a8fd2ac6cb251f885d33c073510ba2,ca2r-84069bad8e1b044be32b,ca2r-84069bad8e1b044be32b,historical_cases/ca2r-84069bad8e1b044be32b/ca2r-84069bad8e1b044be32b.json,ac636cbfb61bfe643899644190951f27be59651dc1228dc06e95cdd07b16d459,2023-09-02T18:37:35Z,2023-09-03T18:37:35Z,9954,,,1:0xa3d0e72c8a2fe9127a77412bf34bee5e4945bd49,b0b709b9327cec3270682dc89241794957a8e0ae3d56535bcd79a2f4aa250efc,,,,,ab84538f2dc364d902d02a395249dbd5fc179f38934b9ce8c4d0d2025eb7be04,c73c2284537b16de180d66488c28cb2e801b37de0eb5768b1e650772cff1f821,1d1b56457acc3aa7c41526639d2f5369af2db693293e24269d7ee7202b0a1627,DERIVED_STRICT_SNAPSHOT,DERIVED_STRICT_SNAPSHOT,DERIVED_CONSENSUS_RUNTIME_CODE,UNRESOLVED:requires_loupe_or_historical_event_resolver,UNRESOLVED_NO_CUTOFF_SOURCE_VERIFICATION_EVIDENCE,DERIVED_EXACT_CHAIN_ADDRESS,DERIVED_METADATA_STRIPPED_BYTECODE_SHA256,UNRESOLVED_INDEPENDENT_ADJUDICATION_REQUIRED,UNRESOLVED_INDEPENDENT_ADJUDICATION_REQUIRED,UNRESOLVED_METHODS_OWNER_FREEZE_REQUIRED
sturdy,defihacklabs,ethereum,17460609,0x9f72dc67cec672bb99e3d02cbea0a21536a2b657,shanghai,ca2-7f64659ac37a0996268b,2023-06-12,Sturdy Finance,Read-Only-Reentrancy,src/test/2023-06/Sturdy_exp.sol,mainnet,https://github.com/SunWeb3Sec/DeFiHackLabs/blob/main/past/2023/README.md,frozen_public_source_hashed,1b5a1d9c3166c2b9d60fefc71f8e12d2c3d2f604b259d662e38310d39db6838b,08c49ad305591fa542ed64d287a0e685ac6065855a132ac2e3fe4e641f762e94,"[""https://sturdyfinance.medium.com/exploit-post-mortem-49261493307a"", ""https://twitter.com/AnciliaInc/status/1668081008615325698"", ""https://twitter.com/BlockSecTeam/status/1668084629654638592""]",[],~$800k,exact_contract_basename,True,True,,,2023-06-12,,,,blocked_missing_onchain_and_availability_evidence,"[""missing:deployment_block"", ""missing:prediction_cutoff_block"", ""missing:source_availability_time"", ""missing:runtime_bytecode_hash_at_cutoff"", ""missing:outcome_adjudication_id""]",retained,,cases/ca2-7f64659ac37a0996268b.json,6448705dbb93e651ad5c5d7098613d03dd70c867e12c556114f568552c56501e,cases/ca2-7f64659ac37a0996268b.json,dd102e09da06956b274915e5a754fddf9359e66c60ca4399122744f519823c18,,,,,,,,,,,,ca2-7f64659ac37a0996268b,cases/ca2-7f64659ac37a0996268b.json,dd102e09da06956b274915e5a754fddf9359e66c60ca4399122744f519823c18,2022-12-01T17:24:47Z,2022-12-02T17:24:47Z,2015,EIP1967_PROXY,,1:0x9f72dc67cec672bb99e3d02cbea0a21536a2b657,b69e7bed5bbc40140d9b5da36eca3aa9330db6ad2b2fbeef9a6b922330b29387,eip1967:0x6b75a3b072369bee8f873477266ac168beb73dab,,,,436a083b4fb5ae8c4288342166425d9125f713d262a6a8e8421cb72d317638a2,a68a6eb6805da6c2c50c3640e33d5d5b0fbf7f9765a8c889bf31aadca0b0fe9f,949bf5f179a38a7de6bdc66fad4c7eed9b1d25eb718cdfe1342797356c39dff0,DERIVED_STRICT_SNAPSHOT,DERIVED_STRICT_SNAPSHOT,DERIVED_CONSENSUS_RUNTIME_CODE,VERIFIED_STANDARD_PROXY,UNRESOLVED_NO_CUTOFF_SOURCE_VERIFICATION_EVIDENCE,DERIVED_EXACT_CHAIN_ADDRESS,DERIVED_METADATA_STRIPPED_BYTECODE_SHA256,UNRESOLVED_INDEPENDENT_ADJUDICATION_REQUIRED,UNRESOLVED_INDEPENDENT_ADJUDICATION_REQUIRED,UNRESOLVED_METHODS_OWNER_FREEZE_REQUIRED
bno,defihacklabs,bsc,30056629,0xdca503449899d5649d32175a255a8835a03e4006,shanghai,ca2-5011063427fa6a95c108,2023-07-18,BNO,Invalid emergency withdraw mechanism,src/test/2023-07/BNO_exp.sol,bsc,https://github.com/SunWeb3Sec/DeFiHackLabs/blob/main/past/2023/README.md,frozen_public_source_hashed,1b5a1d9c3166c2b9d60fefc71f8e12d2c3d2f604b259d662e38310d39db6838b,2d18e200f289b7d72ff413afe5f914eedde0485a4acf79e2c6764c2247ac413f,"[""https://twitter.com/BeosinAlert/status/1681116206663876610""]",[],~$505K,exact_contract_basename,True,True,,,2023-07-18,,,,blocked_missing_onchain_and_availability_evidence,"[""missing:deployment_block"", ""missing:prediction_cutoff_block"", ""missing:source_availability_time"", ""missing:runtime_bytecode_hash_at_cutoff"", ""missing:outcome_adjudication_id""]",retained,,cases/ca2-5011063427fa6a95c108.json,ca8c46b8d14e1d7b1cdf7e65a27ea2cd5c9d74294c2107bb4e83c67f39489428,cases/ca2-5011063427fa6a95c108.json,5fa2c3adcdbc3dfee4018c95990c1091fea7386f0b800e480d9c4f6c38480e8d,,,,,,,,,,,,ca2-5011063427fa6a95c108,cases/ca2-5011063427fa6a95c108.json,5fa2c3adcdbc3dfee4018c95990c1091fea7386f0b800e480d9c4f6c38480e8d,2023-05-25T15:12:32Z,2023-05-26T15:12:33Z,13327,,,56:0xdca503449899d5649d32175a255a8835a03e4006,5699a4d53620808b0671964ef10122d7af862c3823bad68fb81a34d300253ae8,,,,,e56eea37ac9da8caa639e85eff15e09137e604b903c15607e9973eadf038ee24,37faa9490e75c502939babb28ebdd35cb00fa70289e873178ed453e4387e56a7,a90c78e8ab4e4f77a348948bcb111af8271bd66bfab036a3afdddaa82f2d81a4,DERIVED_STRICT_SNAPSHOT,DERIVED_STRICT_SNAPSHOT,DERIVED_CONSENSUS_RUNTIME_CODE,UNRESOLVED:requires_loupe_or_historical_event_resolver,UNRESOLVED_NO_CUTOFF_SOURCE_VERIFICATION_EVIDENCE,DERIVED_EXACT_CHAIN_ADDRESS,DERIVED_METADATA_STRIPPED_BYTECODE_SHA256,UNRESOLVED_INDEPENDENT_ADJUDICATION_REQUIRED,UNRESOLVED_INDEPENDENT_ADJUDICATION_REQUIRED,UNRESOLVED_METHODS_OWNER_FREEZE_REQUIRED
apedao,defihacklabs,bsc,30072293,0xb47955b5b7eaf49c815ebc389850eb576c460092,shanghai,ca2-7e2e4e06ad319c9c87c0,2023-07-18,APEDAO,Business Logic Flaw,src/test/2023-07/ApeDAO_exp.sol,bsc,https://github.com/SunWeb3Sec/DeFiHackLabs/blob/main/past/2023/README.md,frozen_public_source_hashed,1b5a1d9c3166c2b9d60fefc71f8e12d2c3d2f604b259d662e38310d39db6838b,c99bb520e3259748253f1c1e9e009d9c6768476d9c079b38ca973243badbcfa8,"[""https://twitter.com/BeosinAlert/status/1681316257034035201""]",[],~$7K,exact_contract_basename,True,True,,,2023-07-18,,,,blocked_missing_onchain_and_availability_evidence,"[""missing:deployment_block"", ""missing:prediction_cutoff_block"", ""missing:source_availability_time"", ""missing:runtime_bytecode_hash_at_cutoff"", ""missing:outcome_adjudication_id""]",retained,,cases/ca2-7e2e4e06ad319c9c87c0.json,f0ccc1d8cda2cfc12334edfd36b87b554b2cd67fde9f5cef61d996619d822cc6,cases/ca2-7e2e4e06ad319c9c87c0.json,673eb4ab2e082cd629603f883863b2e21b1f6a57e446d6a67f8a7a3cd9a50054,,,,,,,,,,,,ca2-7e2e4e06ad319c9c87c0,cases/ca2-7e2e4e06ad319c9c87c0.json,673eb4ab2e082cd629603f883863b2e21b1f6a57e446d6a67f8a7a3cd9a50054,2023-07-15T00:40:59Z,2023-07-16T00:41:01Z,16762,,,56:0xb47955b5b7eaf49c815ebc389850eb576c460092,79214c4f079297819e6a1981ccbbc2428be995f35de277e8c1f080b8dbda8360,,,,,3b0adeb0ee264dc37426f3d5f8c94ab1d1ef4441a5b2b84246cbd6592bc51e92,0b80c54fbdec3c3f6f53498aac58e69346ec5d7d58887c8ebaa703f15ee7c6f9,110a4bd6de1c19f3de69328448399e717f4b7dd2f139c52443dc3502c48b2446,DERIVED_STRICT_SNAPSHOT,DERIVED_STRICT_SNAPSHOT,DERIVED_CONSENSUS_RUNTIME_CODE,UNRESOLVED:requires_loupe_or_historical_event_resolver,UNRESOLVED_NO_CUTOFF_SOURCE_VERIFICATION_EVIDENCE,DERIVED_EXACT_CHAIN_ADDRESS,DERIVED_METADATA_STRIPPED_BYTECODE_SHA256,UNRESOLVED_INDEPENDENT_ADJUDICATION_REQUIRED,UNRESOLVED_INDEPENDENT_ADJUDICATION_REQUIRED,UNRESOLVED_METHODS_OWNER_FREEZE_REQUIRED
bamboo,defihacklabs,bsc,29668034,0xed56784bc8f2c036f6b0d8e04cb83c253e4a6a94,shanghai,ca2-3ea99bf48860cd3d90e9,2023-07-04,BambooIA,Price manipulation attack,src/test/2023-07/Bamboo_exp.sol,bsc,https://github.com/SunWeb3Sec/DeFiHackLabs/blob/main/past/2023/README.md,frozen_public_source_hashed,1b5a1d9c3166c2b9d60fefc71f8e12d2c3d2f604b259d662e38310d39db6838b,c71d97c2735917906643a53564faea9d5a5805ca719ba7903fd7d4fb38be65d1,"[""https://twitter.com/Phalcon_xyz/status/1676220090142916611"", ""https://twitter.com/eugenioclrc""]",[],~200BNB,exact_contract_basename,True,True,,,2023-07-04,,,,blocked_missing_onchain_and_availability_evidence,"[""missing:deployment_block"", ""missing:prediction_cutoff_block"", ""missing:source_availability_time"", ""missing:runtime_bytecode_hash_at_cutoff"", ""missing:outcome_adjudication_id""]",retained,,cases/ca2-3ea99bf48860cd3d90e9.json,d4cff82cb4f42fbb2da952cac856dd513aae6b8ae1b2053bb5eb82c76ffbceff,cases/ca2-3ea99bf48860cd3d90e9.json,637270b32321a94fac847755c3b4986075394a598af24800faf2d6611870ffba,,,,,,,,,,,,ca2-3ea99bf48860cd3d90e9,cases/ca2-3ea99bf48860cd3d90e9.json,637270b32321a94fac847755c3b4986075394a598af24800faf2d6611870ffba,2023-06-17T14:36:39Z,2023-06-18T14:36:40Z,11337,,,56:0xed56784bc8f2c036f6b0d8e04cb83c253e4a6a94,3a6d33c083fcdb37f3698b98a62b70d06fcc64a455432fe62089a8880a64fbb1,,,,,fa7e3c7a825b9524a172cd0a7bf97265e88ceff3aa479c180ea1e81dae2c4b17,e4c2562582267e7130fbfb5e14f2b234b0ba1b3b205c60c2669256a14ffd3364,ca0f84d0f2f8e069b36c234a52074c3b10ba0f7900bb2f2f132bdeea40aa2114,DERIVED_STRICT_SNAPSHOT,DERIVED_STRICT_SNAPSHOT,DERIVED_CONSENSUS_RUNTIME_CODE,UNRESOLVED:requires_loupe_or_historical_event_resolver,UNRESOLVED_NO_CUTOFF_SOURCE_VERIFICATION_EVIDENCE,DERIVED_EXACT_CHAIN_ADDRESS,DERIVED_METADATA_STRIPPED_BYTECODE_SHA256,UNRESOLVED_INDEPENDENT_ADJUDICATION_REQUIRED,UNRESOLVED_INDEPENDENT_ADJUDICATION_REQUIRED,UNRESOLVED_METHODS_OWNER_FREEZE_REQUIRED
conic02,defihacklabs,ethereum,17743470,0x369cbc5c6f139b1132d3b91b87241b37fc5b971f,shanghai,ca2-22667ec3b73bf4e3f29e,2023-07-22,Conic Finance 02,Price Manipulation,src/test/2023-07/Conic02_exp.sol,mainnet,https://github.com/SunWeb3Sec/DeFiHackLabs/blob/main/past/2023/README.md,frozen_public_source_hashed,1b5a1d9c3166c2b9d60fefc71f8e12d2c3d2f604b259d662e38310d39db6838b,cf3764f4bf28c89963a6b607dff63415f068aa0793595862d68f9bbfefe5d86f,"[""https://medium.com/@ConicFinance/post-mortem-eth-and-crvusd-omnipool-exploits-c9c7fa213a3d"", ""https://twitter.com/spreekaway/status/1682467603518726144""]",[],~$934K,exact_contract_basename,True,True,,,2023-07-22,,,,blocked_missing_onchain_and_availability_evidence,"[""missing:deployment_block"", ""missing:prediction_cutoff_block"", ""missing:source_availability_time"", ""missing:runtime_bytecode_hash_at_cutoff"", ""missing:outcome_adjudication_id""]",retained,,cases/ca2-22667ec3b73bf4e3f29e.json,40ba192f04ec13ade5fd7f1cb28c7d76dc8ad99c3bf0b384f33debff24086933,cases/ca2-22667ec3b73bf4e3f29e.json,eb0c6824d63a571fa710ca8e0c0fa23a98d85530003c53b6547d5974dd648b35,,,,,,,,,,,,ca2-22667ec3b73bf4e3f29e,cases/ca2-22667ec3b73bf4e3f29e.json,eb0c6824d63a571fa710ca8e0c0fa23a98d85530003c53b6547d5974dd648b35,2023-06-08T20:40:59Z,2023-06-09T20:40:59Z,24444,,,1:0x369cbc5c6f139b1132d3b91b87241b37fc5b971f,0191fc1f8d748609c23a837f1b9414814bed5ee7fc3de8c2fdfd556ce3154a53,,,,,1997a21f15f63cc24eefef8d2108526354d48bb265aecc0d7aea6797c3ff266c,79b75d1d796a67349e70d1e59d65a1334d8d0117c0bc96da37ee53ce54f73236,1cda4f54062dd685110090621214d4f710e1c125e37fa08de61a5cd67e68b0ca,DERIVED_STRICT_SNAPSHOT,DERIVED_STRICT_SNAPSHOT,DERIVED_CONSENSUS_RUNTIME_CODE,UNRESOLVED:requires_loupe_or_historical_event_resolver,UNRESOLVED_NO_CUTOFF_SOURCE_VERIFICATION_EVIDENCE,DERIVED_EXACT_CHAIN_ADDRESS,DERIVED_METADATA_STRIPPED_BYTECODE_SHA256,UNRESOLVED_INDEPENDENT_ADJUDICATION_REQUIRED,UNRESOLVED_INDEPENDENT_ADJUDICATION_REQUIRED,UNRESOLVED_METHODS_OWNER_FREEZE_REQUIRED
bao,defihacklabs,ethereum,17620870,0xb0f8fe96b4880adbdede0ddf446bd1e7ef122c4e,shanghai,ca2-47d01daca3ef9c1ed2f1,2023-07-04,BaoCommunity,Donate Inflation ExchangeRate && Rounding Error,src/test/2023-07/Bao_exp.sol,mainnet,https://github.com/SunWeb3Sec/DeFiHackLabs/blob/main/past/2023/README.md,frozen_public_source_hashed,1b5a1d9c3166c2b9d60fefc71f8e12d2c3d2f604b259d662e38310d39db6838b,cb83300719c4e75f585516f21ddcd63ac49f1639611a086e0b6c78ee3dd65350,"[""https://twitter.com/PeckShieldAlert/status/1676224397248454657""]",[],~$46k,exact_contract_basename,True,True,,,2023-07-04,,,,blocked_missing_onchain_and_availability_evidence,"[""missing:deployment_block"", ""missing:prediction_cutoff_block"", ""missing:source_availability_time"", ""missing:runtime_bytecode_hash_at_cutoff"", ""missing:outcome_adjudication_id""]",retained,,cases/ca2-47d01daca3ef9c1ed2f1.json,6bfed71f9988eb8b7f56dabc0cf597cdd1c337e0f5bbbff2c7fb9b6ffd113f40,cases/ca2-47d01daca3ef9c1ed2f1.json,15cbe8f4e1d3f38a658237e61bb5aa0e3c4f6836e61cf421139eda3843dd568d,,,,,,,,,,,,ca2-47d01daca3ef9c1ed2f1,cases/ca2-47d01daca3ef9c1ed2f1.json,15cbe8f4e1d3f38a658237e61bb5aa0e3c4f6836e61cf421139eda3843dd568d,2023-02-21T01:28:35Z,2023-02-22T01:28:35Z,7821,,,1:0xb0f8fe96b4880adbdede0ddf446bd1e7ef122c4e,4f47976685d829cc48b82178e98b704ffcface6ac48fbdcb13fe36a8b049d0fd,,,,,0536acd57fde826340c6160f617c97d8889fe9ca6713a5bc834a907158a7f4b1,bd8f71c636ef3fadec7ace88b26706cfaed22e91e305ed574a81019cb82a922f,167d2c7be80ae26175def058aeb52acfbb0f2a9d5bb31d636347b9fa80f5954c,DERIVED_STRICT_SNAPSHOT,DERIVED_STRICT_SNAPSHOT,DERIVED_CONSENSUS_RUNTIME_CODE,UNRESOLVED:requires_loupe_or_historical_event_resolver,UNRESOLVED_NO_CUTOFF_SOURCE_VERIFICATION_EVIDENCE,DERIVED_EXACT_CHAIN_ADDRESS,DERIVED_METADATA_STRIPPED_BYTECODE_SHA256,UNRESOLVED_INDEPENDENT_ADJUDICATION_REQUIRED,UNRESOLVED_INDEPENDENT_ADJUDICATION_REQUIRED,UNRESOLVED_METHODS_OWNER_FREEZE_REQUIRED
conic,defihacklabs,ethereum,17740954,0xbb787d6243a8d450659e09ea6fd82f1c859691e9,shanghai,ca2-ed5ea743787aecff1e56,2023-07-21,Conic Finance,Read-Only-Reentrancy && MisConfiguration,src/test/2023-07/Conic_exp.sol,mainnet,https://github.com/SunWeb3Sec/DeFiHackLabs/blob/main/past/2023/README.md,frozen_public_source_hashed,1b5a1d9c3166c2b9d60fefc71f8e12d2c3d2f604b259d662e38310d39db6838b,92faf7fca921c724faa4765490b269435efa0f219fc65bf10a8a8a0df73679b0,"[""https://medium.com/@ConicFinance/post-mortem-eth-and-crvusd-omnipool-exploits-c9c7fa213a3d"", ""https://twitter.com/BlockSecTeam/status/1682356244299010049""]",[],~$3.25M,exact_contract_basename,True,True,,,2023-07-21,,,,blocked_missing_onchain_and_availability_evidence,"[""missing:deployment_block"", ""missing:prediction_cutoff_block"", ""missing:source_availability_time"", ""missing:runtime_bytecode_hash_at_cutoff"", ""missing:outcome_adjudication_id""]",retained,,cases/ca2-ed5ea743787aecff1e56.json,86fdc9949a7423a46381380f99cecde5d111cf58f389685570ee78c269699a72,cases/ca2-ed5ea743787aecff1e56.json,ed4fc47139c83cccbc31b51d8a18ac4e5d58dd788b77914b95a981caa35256bb,,,,,,,,,,,,ca2-ed5ea743787aecff1e56,cases/ca2-ed5ea743787aecff1e56.json,ed4fc47139c83cccbc31b51d8a18ac4e5d58dd788b77914b95a981caa35256bb,2023-06-30T12:32:23Z,2023-07-01T12:32:23Z,24491,,,1:0xbb787d6243a8d450659e09ea6fd82f1c859691e9,b4bad90d2ffb912f38083f8d0c274baee054ed4e16d62cc4a889e1c325693166,,,,,a3396854f6aed5e53a7d5383baa534d31221cd596013549adce3ee749eb659dc,5139ad5737f88b2e87be73617996e3c5572feed9e3cb5f52e29c70cbacf5837e,d7632e9a575fb5326c5993062768441328215f6f05b255a7781b97f922ea0918,DERIVED_STRICT_SNAPSHOT,DERIVED_STRICT_SNAPSHOT,DERIVED_CONSENSUS_RUNTIME_CODE,UNRESOLVED:requires_loupe_or_historical_event_resolver,UNRESOLVED_NO_CUTOFF_SOURCE_VERIFICATION_EVIDENCE,DERIVED_EXACT_CHAIN_ADDRESS,DERIVED_METADATA_STRIPPED_BYTECODE_SHA256,UNRESOLVED_INDEPENDENT_ADJUDICATION_REQUIRED,UNRESOLVED_INDEPENDENT_ADJUDICATION_REQUIRED,UNRESOLVED_METHODS_OWNER_FREEZE_REQUIRED
conic_2,defihacklabs,ethereum,17740954,0xbb787d6243a8d450659e09ea6fd82f1c859691e9,shanghai,ca2-4b9009f78d24b677e07e,2023-07-21,Conic Finance,Read-Only-Reentrancy && MisConfiguration,src/test/2023-07/Conic_exp.sol,mainnet,https://github.com/SunWeb3Sec/DeFiHackLabs/blob/main/past/2023/README.md,frozen_public_source_hashed,1b5a1d9c3166c2b9d60fefc71f8e12d2c3d2f604b259d662e38310d39db6838b,92faf7fca921c724faa4765490b269435efa0f219fc65bf10a8a8a0df73679b0,"[""https://medium.com/@ConicFinance/post-mortem-eth-and-crvusd-omnipool-exploits-c9c7fa213a3d"", ""https://twitter.com/BlockSecTeam/status/1682356244299010049""]",[],~$3.25M,frozen_date_override,True,True,,,2023-07-21,,,,blocked_missing_onchain_and_availability_evidence,"[""missing:deployment_block"", ""missing:prediction_cutoff_block"", ""missing:source_availability_time"", ""missing:runtime_bytecode_hash_at_cutoff"", ""missing:outcome_adjudication_id""]",retained,,cases/ca2-4b9009f78d24b677e07e.json,7a7f40f93459e00e87951e7eb85ae3dfe3f865da3dd836f898805a47ace4beea,cases/ca2-4b9009f78d24b677e07e.json,d10783df5995dd68f4b53e3f167c66614100414ec16a5a461252ef447be1eb8d,,,,,,,,,,,,ca2-4b9009f78d24b677e07e,cases/ca2-4b9009f78d24b677e07e.json,d10783df5995dd68f4b53e3f167c66614100414ec16a5a461252ef447be1eb8d,2023-06-30T12:32:23Z,2023-07-01T12:32:23Z,24491,,,1:0xbb787d6243a8d450659e09ea6fd82f1c859691e9,b4bad90d2ffb912f38083f8d0c274baee054ed4e16d62cc4a889e1c325693166,,,,,e3fef6c6de77e1e99d2e3da8f7a03a45fa0f7594220c8351afe817c035db8465,4428a77c88227a246f09ea47478a5b9e384116e5eeb0e5fb0e9fcca838b06014,2deceee14e9cf586d3c7a2ec6d12dde0384b0fd55cfb305c6c151d1f501b568a,DERIVED_STRICT_SNAPSHOT,DERIVED_STRICT_SNAPSHOT,DERIVED_CONSENSUS_RUNTIME_CODE,UNRESOLVED:requires_loupe_or_historical_event_resolver,UNRESOLVED_NO_CUTOFF_SOURCE_VERIFICATION_EVIDENCE,DERIVED_EXACT_CHAIN_ADDRESS,DERIVED_METADATA_STRIPPED_BYTECODE_SHA256,UNRESOLVED_INDEPENDENT_ADJUDICATION_REQUIRED,UNRESOLVED_INDEPENDENT_ADJUDICATION_REQUIRED,UNRESOLVED_METHODS_OWNER_FREEZE_REQUIRED
gymnet,defihacklabs,bsc,30448986,0x6b869795937dd2b6f4e03d5a0ffd07a8ad8c095b,shanghai,ca2-62fc7b9b9ac57e1b7351,2023-07-31,GYMNET,Insufficient validation,src/test/2023-07/GYMNET_exp.sol,bsc,https://github.com/SunWeb3Sec/DeFiHackLabs/blob/main/past/2023/README.md,frozen_public_source_hashed,1b5a1d9c3166c2b9d60fefc71f8e12d2c3d2f604b259d662e38310d39db6838b,d83705236c566e6d4bc746c7d9ec9e70e95fba4e11fdc324176dbd03d9522540,"[""https://twitter.com/AnciliaInc/status/1686605510655811584""]",[],Unclear,exact_contract_basename,True,True,,,2023-07-31,,,,blocked_missing_onchain_and_availability_evidence,"[""missing:deployment_block"", ""missing:prediction_cutoff_block"", ""missing:source_availability_time"", ""missing:runtime_bytecode_hash_at_cutoff"", ""missing:outcome_adjudication_id""]",retained,,cases/ca2-62fc7b9b9ac57e1b7351.json,aa028492e5237a5d0a4fb84732149b1f6383cbfdd3a6cca6d21eb9defbeb3855,cases/ca2-62fc7b9b9ac57e1b7351.json,6fdc2d69247f425ef6d38b5742290c038d5627780baa620e202cc165a78c9ae5,,,,,,,,,,,,ca2-62fc7b9b9ac57e1b7351,cases/ca2-62fc7b9b9ac57e1b7351.json,6fdc2d69247f425ef6d38b5742290c038d5627780baa620e202cc165a78c9ae5,2023-04-10T10:24:48Z,2023-04-11T10:24:48Z,2141,EIP1967_PROXY,,56:0x6b869795937dd2b6f4e03d5a0ffd07a8ad8c095b,a9e9f47e85bce0571f5933d7bee02de9201c3766c8d14409c13c54e7092e7816,eip1967:0xa15f6044660735914b3740f76be8f5573944d0ca,,,,e919ae25ad1656b127b38ae611494fb70537d8162514c787241b74ce4b08b88b,1d99867d1c155ac98645142d6439bd4ecd04d1ca122298107b659a64163299a1,0bb872fed5169b6f4f213203d0393c28474acde995255a54e438f521da975594,DERIVED_STRICT_SNAPSHOT,DERIVED_STRICT_SNAPSHOT,DERIVED_CONSENSUS_RUNTIME_CODE,VERIFIED_STANDARD_PROXY,UNRESOLVED_NO_CUTOFF_SOURCE_VERIFICATION_EVIDENCE,DERIVED_EXACT_CHAIN_ADDRESS,DERIVED_METADATA_STRIPPED_BYTECODE_SHA256,UNRESOLVED_INDEPENDENT_ADJUDICATION_REQUIRED,UNRESOLVED_INDEPENDENT_ADJUDICATION_REQUIRED,UNRESOLVED_METHODS_OWNER_FREEZE_REQUIRED
ffist,defihacklabs,bsc,30113117,0x80121da952a74c06adc1d7f85a237089b57af347,shanghai,ca2-5d29f9c5eb314dcba612,2023-07-20,FFIST,Business Logic Flaw,src/test/2023-07/FFIST_exp.sol,bsc,https://github.com/SunWeb3Sec/DeFiHackLabs/blob/main/past/2023/README.md,frozen_public_source_hashed,1b5a1d9c3166c2b9d60fefc71f8e12d2c3d2f604b259d662e38310d39db6838b,91117a056e2e76070a468985f0b482382a42f791ead704211d1644b8b87194b2,"[""https://twitter.com/AnciliaInc/status/1681901107940065280"", ""https://twitter.com/Phalcon_xyz/status/1681869807698984961""]",[],~$110k,exact_contract_basename,True,True,,,2023-07-20,,,,blocked_missing_onchain_and_availability_evidence,"[""missing:deployment_block"", ""missing:prediction_cutoff_block"", ""missing:source_availability_time"", ""missing:runtime_bytecode_hash_at_cutoff"", ""missing:outcome_adjudication_id""]",retained,,cases/ca2-5d29f9c5eb314dcba612.json,a94e06bba49637a5690248e5e57b751a9df800b7e495a3a1732691ee9ccbe35b,cases/ca2-5d29f9c5eb314dcba612.json,f8134f0c04a0350c4f99015db607397cebf63cc650a3702f35a80f4d6c739192,,,,,,,,,,,,ca2-5d29f9c5eb314dcba612,cases/ca2-5d29f9c5eb314dcba612.json,f8134f0c04a0350c4f99015db607397cebf63cc650a3702f35a80f4d6c739192,2023-05-27T04:36:01Z,2023-05-28T04:36:01Z,13314,,,56:0x80121da952a74c06adc1d7f85a237089b57af347,e78c434786f1962bef9c2a92eca769c33b00f2fefef9856122276d40f6bda5b0,,,,,48625eebc2de7bebdca15941d30e1e0f54100f059b8221dc59313599fb9da248,6cb835c96eb5e500ee033c1b267aaecf8913c709430a2fa206032c7b6d9cdd28,d35faade56e5b50569761545f93ac215b7d1c507e02c173637e5fbff5e45302c,DERIVED_STRICT_SNAPSHOT,DERIVED_STRICT_SNAPSHOT,DERIVED_CONSENSUS_RUNTIME_CODE,UNRESOLVED:requires_loupe_or_historical_event_resolver,UNRESOLVED_NO_CUTOFF_SOURCE_VERIFICATION_EVIDENCE,DERIVED_EXACT_CHAIN_ADDRESS,DERIVED_METADATA_STRIPPED_BYTECODE_SHA256,UNRESOLVED_INDEPENDENT_ADJUDICATION_REQUIRED,UNRESOLVED_INDEPENDENT_ADJUDICATION_REQUIRED,UNRESOLVED_METHODS_OWNER_FREEZE_REQUIRED
mintofinance,defihacklabs,bsc,30214253,0xdbf1c56b2ad121fe705f9b68225378aa6784f3e5,shanghai,ca2-02e1298629b75e4dec93,2023-07-23,MintoFinance,Signature Replay,src/test/2023-07/MintoFinance_exp.sol,bsc,https://github.com/SunWeb3Sec/DeFiHackLabs/blob/main/past/2023/README.md,frozen_public_source_hashed,1b5a1d9c3166c2b9d60fefc71f8e12d2c3d2f604b259d662e38310d39db6838b,aba56dfc99b4e2a2467bd75f35a51d9efd2dd0eeb478472eadac1d73a8e4eaee,"[""https://twitter.com/bbbb/status/1683180340548890631""]",[],~$9K,exact_contract_basename,True,True,,,2023-07-23,,,,blocked_missing_onchain_and_availability_evidence,"[""missing:deployment_block"", ""missing:prediction_cutoff_block"", ""missing:source_availability_time"", ""missing:runtime_bytecode_hash_at_cutoff"", ""missing:outcome_adjudication_id""]",retained,,cases/ca2-02e1298629b75e4dec93.json,38b3d9e5d847f52bfac6476ea92c6cfe3a28b1130c84c923b1401555ff60c254,cases/ca2-02e1298629b75e4dec93.json,c0049abec1b76d42592198659a3e85d8549d59521d303ddcd613b2c9bd33e8e8,,,,,,,,,,,,ca2-02e1298629b75e4dec93,cases/ca2-02e1298629b75e4dec93.json,c0049abec1b76d42592198659a3e85d8549d59521d303ddcd613b2c9bd33e8e8,2023-02-20T10:15:38Z,2023-02-21T10:15:38Z,2112,EIP1967_PROXY,,56:0xdbf1c56b2ad121fe705f9b68225378aa6784f3e5,6f4cd91554d949a8ad8047da7543a1ed35a94f9b9b1e6c2159563c05819ba95c,eip1967:0x0d116ed40831fef8e21ece57c8455ae3b1e4041b,,,,2eefb368231122b5762ec2e2b7209c92ad326cc8ff6d3b98019d91b35f9ed328,8ffc37604fc949f3779a3334aa58164e9a0d20d78536b215f926b58d68be59d6,984ca974630e4a48f9be8c745cee9992a4e2bf365fcb7e7fdbdef68cf9c49ee3,DERIVED_STRICT_SNAPSHOT,DERIVED_STRICT_SNAPSHOT,DERIVED_CONSENSUS_RUNTIME_CODE,VERIFIED_STANDARD_PROXY,UNRESOLVED_NO_CUTOFF_SOURCE_VERIFICATION_EVIDENCE,DERIVED_EXACT_CHAIN_ADDRESS,DERIVED_METADATA_STRIPPED_BYTECODE_SHA256,UNRESOLVED_INDEPENDENT_ADJUDICATION_REQUIRED,UNRESOLVED_INDEPENDENT_ADJUDICATION_REQUIRED,UNRESOLVED_METHODS_OWNER_FREEZE_REQUIRED
newfi,defihacklabs,bsc,30043573,0xb8dc09eec82cab2e86c7edc8dd5882dd92d22411,shanghai,ca2-23403cb09827b5b8f43e,2023-07-17,NewFi,Lack Slippage Protection,src/test/2023-07/NewFi_exp.sol,bsc,https://github.com/SunWeb3Sec/DeFiHackLabs/blob/main/past/2023/README.md,frozen_public_source_hashed,1b5a1d9c3166c2b9d60fefc71f8e12d2c3d2f604b259d662e38310d39db6838b,cb1487b55e66a8cc6f1141f460c6d0b2ef847804fe15fc2f69802176b33b80ba,"[""https://twitter.com/Phalcon_xyz/status/1680961588323557376""]",[],~$31K,exact_contract_basename,True,True,,,2023-07-17,,,,blocked_missing_onchain_and_availability_evidence,"[""missing:deployment_block"", ""missing:prediction_cutoff_block"", ""missing:source_availability_time"", ""missing:runtime_bytecode_hash_at_cutoff"", ""missing:outcome_adjudication_id""]",retained,,cases/ca2-23403cb09827b5b8f43e.json,bb13c7e3942dcd4ee5e98a59fe038e0419f695b36b314fa14279a9fae2d407cc,cases/ca2-23403cb09827b5b8f43e.json,5db7a62e3df13e61da6cb654c7a9ea5af0f6f72df4fc5069fb9af95d3296024d,,,,,,,,,,,,ca2-23403cb09827b5b8f43e,cases/ca2-23403cb09827b5b8f43e.json,5db7a62e3df13e61da6cb654c7a9ea5af0f6f72df4fc5069fb9af95d3296024d,2023-05-30T06:10:17Z,2023-05-31T06:10:17Z,23297,,,56:0xb8dc09eec82cab2e86c7edc8dd5882dd92d22411,64dc658c20ec78831b7c17550993bbca61b656922dbf24f28895220a62bf0191,,,,,2f4eeeca343c375d7cf5215f4780136b8225b6fc74c9c2378c8ccc3ea2a83b94,620d779596150ad4b18e941f7bdea9f1afda3aadac919b04de3443a94a27d632,f1d3b85ea5c77fa9d8de7dae963daf0479ce26426da1e0839127c213b51af722,DERIVED_STRICT_SNAPSHOT,DERIVED_STRICT_SNAPSHOT,DERIVED_CONSENSUS_RUNTIME_CODE,UNRESOLVED:requires_loupe_or_historical_event_resolver,UNRESOLVED_NO_CUTOFF_SOURCE_VERIFICATION_EVIDENCE,DERIVED_EXACT_CHAIN_ADDRESS,DERIVED_METADATA_STRIPPED_BYTECODE_SHA256,UNRESOLVED_INDEPENDENT_ADJUDICATION_REQUIRED,UNRESOLVED_INDEPENDENT_ADJUDICATION_REQUIRED,UNRESOLVED_METHODS_OWNER_FREEZE_REQUIRED
usdtstakingcontract28,defihacklabs,ethereum,17696562,0x800cfd4a2ba8ce93ea2cc814fce26c3635169017,shanghai,ca2-8f2514150efc980c9183,2023-07-15,USDTStakingContract28,Lack of access control,src/test/2023-07/USDTStakingContract28_exp.sol,mainnet,https://github.com/SunWeb3Sec/DeFiHackLabs/blob/main/past/2023/README.md,frozen_public_source_hashed,1b5a1d9c3166c2b9d60fefc71f8e12d2c3d2f604b259d662e38310d39db6838b,161cf06028a9979f51a35374287d6d6933d27c92fd9433282f7373f6636d32e0,"[""https://x.com/DecurityHQ/status/1680117291013267456""]",[],~20999 USD,exact_contract_basename,True,True,,,2023-07-15,,,,blocked_missing_onchain_and_availability_evidence,"[""missing:deployment_block"", ""missing:prediction_cutoff_block"", ""missing:source_availability_time"", ""missing:runtime_bytecode_hash_at_cutoff"", ""missing:outcome_adjudication_id""]",retained,,cases/ca2-8f2514150efc980c9183.json,f76d23df28531610128b519aa7b7c00520fcf63ec14eeb5526fab3413aa371a7,cases/ca2-8f2514150efc980c9183.json,92342f85f2f7a3dbd1b672e784926a83de145c5909590676c2da47652341e870,,,,,,,,,,,,ca2-8f2514150efc980c9183,cases/ca2-8f2514150efc980c9183.json,92342f85f2f7a3dbd1b672e784926a83de145c5909590676c2da47652341e870,2023-07-11T12:53:59Z,2023-07-12T12:53:59Z,11493,,,1:0x800cfd4a2ba8ce93ea2cc814fce26c3635169017,e1747372888fc5785acfcee3631e533c08196bb1efe8f21b1ba9183a14c573be,,,,,bc8acb970730b3b660298d87efe5a4d285c7ab7c488f7b01c629f61f0a43135d,01c97b0fb934ae0fb49a6797d05d6607a134ade43c71a20ab76a4006ec5786e9,ee16e20fb9b9ce8ed008f92b4d7f592e3a61ce7e88c2479149c138a9dcfba168,DERIVED_STRICT_SNAPSHOT,DERIVED_STRICT_SNAPSHOT,DERIVED_CONSENSUS_RUNTIME_CODE,UNRESOLVED:requires_loupe_or_historical_event_resolver,UNRESOLVED_NO_CUTOFF_SOURCE_VERIFICATION_EVIDENCE,DERIVED_EXACT_CHAIN_ADDRESS,DERIVED_METADATA_STRIPPED_BYTECODE_SHA256,UNRESOLVED_INDEPENDENT_ADJUDICATION_REQUIRED,UNRESOLVED_INDEPENDENT_ADJUDICATION_REQUIRED,UNRESOLVED_METHODS_OWNER_FREEZE_REQUIRED
utopia,defihacklabs,bsc,30119396,0xb1da08c472567eb0ec19639b1822f578d39f3333,shanghai,ca2-59c27a09402366528ab6,2023-07-20,Utopia,Business Logic Flaw,src/test/2023-07/Utopia_exp.sol,bsc,https://github.com/SunWeb3Sec/DeFiHackLabs/blob/main/past/2023/README.md,frozen_public_source_hashed,1b5a1d9c3166c2b9d60fefc71f8e12d2c3d2f604b259d662e38310d39db6838b,47783ad47bdd3130ee1173942685b908e13fc6969fcc99f6bef4f5a79a3022f1,"[""https://twitter.com/DeDotFiSecurity/status/1681923729645871104"", ""https://twitter.com/bulu4477/status/1682380542564769793""]",[],~$119k,exact_contract_basename,True,True,,,2023-07-20,,,,blocked_missing_onchain_and_availability_evidence,"[""missing:deployment_block"", ""missing:prediction_cutoff_block"", ""missing:source_availability_time"", ""missing:runtime_bytecode_hash_at_cutoff"", ""missing:outcome_adjudication_id""]",retained,,cases/ca2-59c27a09402366528ab6.json,ee133b6117862ffda7741e7cc2ffbcf21e79717e3694715ed1109f0fc9627d4a,cases/ca2-59c27a09402366528ab6.json,5f2e06d90dffacbdfba2b6bff3c56798457ed5dceba220fc2372b7a4ee3f72ba,,,,,,,,,,,,ca2-59c27a09402366528ab6,cases/ca2-59c27a09402366528ab6.json,5f2e06d90dffacbdfba2b6bff3c56798457ed5dceba220fc2372b7a4ee3f72ba,2023-02-24T12:24:14Z,2023-02-25T12:24:16Z,12806,,,56:0xb1da08c472567eb0ec19639b1822f578d39f3333,ca0e3ce1c35bdf2985e74217bdd1189264128213c2ca4b5a8b7b1dc43f0749d2,,,,,47c3925dd307f790c2c7b4334a4d97642078e13b9392afda83164b250d290d34,9c732858ba59401d916e6242c5d30030cb67c5249ee0683c14360de6ae5a7755,5961098a7673b26a19ca7a451a57e1922066d65e34d7c28b7444bff8fea41743,DERIVED_STRICT_SNAPSHOT,DERIVED_STRICT_SNAPSHOT,DERIVED_CONSENSUS_RUNTIME_CODE,UNRESOLVED:requires_loupe_or_historical_event_resolver,UNRESOLVED_NO_CUTOFF_SOURCE_VERIFICATION_EVIDENCE,DERIVED_EXACT_CHAIN_ADDRESS,DERIVED_METADATA_STRIPPED_BYTECODE_SHA256,UNRESOLVED_INDEPENDENT_ADJUDICATION_REQUIRED,UNRESOLVED_INDEPENDENT_ADJUDICATION_REQUIRED,UNRESOLVED_METHODS_OWNER_FREEZE_REQUIRED
palmswap,defihacklabs,bsc,30248637,0xd990094a611c3de34664dd3664ebf979a1230fc1,shanghai,ca2-0bc1321f2d440dbae4b1,2023-07-24,Palmswap,Business Logic Flaw,src/test/2023-07/Palmswap_exp.sol,bsc,https://github.com/SunWeb3Sec/DeFiHackLabs/blob/main/past/2023/README.md,frozen_public_source_hashed,1b5a1d9c3166c2b9d60fefc71f8e12d2c3d2f604b259d662e38310d39db6838b,f39a223dc58ce3fcffccdff63277c149a9b83e2401ebbd06b0dabc2683133178,"[""https://twitter.com/BlockSecTeam/status/1683680026766737408""]",[],~$900K,exact_contract_basename,True,True,,,2023-07-24,,,,blocked_missing_onchain_and_availability_evidence,"[""missing:deployment_block"", ""missing:prediction_cutoff_block"", ""missing:source_availability_time"", ""missing:runtime_bytecode_hash_at_cutoff"", ""missing:outcome_adjudication_id""]",retained,,cases/ca2-0bc1321f2d440dbae4b1.json,fbe4a9355d97cb30777bfb0db28ad031bd3215ebbd928b068d116e98745ea950,cases/ca2-0bc1321f2d440dbae4b1.json,1389e23c98040f404376f739a6b4cfddccfd59aa928ca5af974ee87354b43d30,,,,,,,,,,,,ca2-0bc1321f2d440dbae4b1,cases/ca2-0bc1321f2d440dbae4b1.json,1389e23c98040f404376f739a6b4cfddccfd59aa928ca5af974ee87354b43d30,2023-07-12T11:27:40Z,2023-07-13T11:27:41Z,2739,EIP1967_PROXY,,56:0xd990094a611c3de34664dd3664ebf979a1230fc1,f922178e326381c2faadb0743d237fb36394cb4a88343f750c6dfc0333c4d313,eip1967:0x02a4b53926bad267df700ff8e9f5d4a2516bb1fc,,,,dd41c73ff20b5a0d9a96522217e2fef40aff689c08e9e4b553375fa793272c2f,0e23d875d5975b61311c2da705ea6ba2ff6e23277e48b51372ffe157d83bc77b,c05c522b04ed31f87f640b0a44246246e66d390d10b4ffe7e1e2af61be7fa856,DERIVED_STRICT_SNAPSHOT,DERIVED_STRICT_SNAPSHOT,DERIVED_CONSENSUS_RUNTIME_CODE,VERIFIED_STANDARD_PROXY,UNRESOLVED_NO_CUTOFF_SOURCE_VERIFICATION_EVIDENCE,DERIVED_EXACT_CHAIN_ADDRESS,DERIVED_METADATA_STRIPPED_BYTECODE_SHA256,UNRESOLVED_INDEPENDENT_ADJUDICATION_REQUIRED,UNRESOLVED_INDEPENDENT_ADJUDICATION_REQUIRED,UNRESOLVED_METHODS_OWNER_FREEZE_REQUIRED
sut,defihacklabs,bsc,30165901,0xf075c5c7ba59208c0b9c41afccd1f60da9ec9c37,shanghai,ca2-7887a4e3ed471d877a90,2023-07-21,SUT,Business Logic Flaw,src/test/2023-07/SUT_exp.sol,bsc,https://github.com/SunWeb3Sec/DeFiHackLabs/blob/main/past/2023/README.md,frozen_public_source_hashed,1b5a1d9c3166c2b9d60fefc71f8e12d2c3d2f604b259d662e38310d39db6838b,379dfcd9ba9b4c5d2a7b0887728c275c714ac9bece967d28d754d6f50894a17a,"[""https://twitter.com/bulu4477/status/1682983956080377857""]",[],~$8k,exact_contract_basename,True,True,,,2023-07-21,,,,blocked_missing_onchain_and_availability_evidence,"[""missing:deployment_block"", ""missing:prediction_cutoff_block"", ""missing:source_availability_time"", ""missing:runtime_bytecode_hash_at_cutoff"", ""missing:outcome_adjudication_id""]",retained,,cases/ca2-7887a4e3ed471d877a90.json,ef6cde7754e164cbd0f4449b965adb44b16fc98e8af48c0b152322c966257f0a,cases/ca2-7887a4e3ed471d877a90.json,dfc60f9ee1e95e0c7252260cc209dc26c1ed9df7bdab78529cc903bcc564b577,,,,,,,,,,,,ca2-7887a4e3ed471d877a90,cases/ca2-7887a4e3ed471d877a90.json,dfc60f9ee1e95e0c7252260cc209dc26c1ed9df7bdab78529cc903bcc564b577,2023-06-07T16:57:56Z,2023-06-08T16:57:56Z,4775,,,56:0xf075c5c7ba59208c0b9c41afccd1f60da9ec9c37,0254f0ca9f8f16cf89ac16e5c1f8febcbab04dd76eadbd3535361ae93a47d2e8,,,,,46a13fc9b3f2927a6a8ca3b6f04fa66313903230e2f0aea0f079ae6d00ed6159,c6c920c693b54d1426660466d3a9d754529cdaed363d1eba08baa04abd2353bc,e10ee5ce1c95c62a2817d60450f1f288b50b436bf9fc5b0d9c349314e6b00b48,DERIVED_STRICT_SNAPSHOT,DERIVED_STRICT_SNAPSHOT,DERIVED_CONSENSUS_RUNTIME_CODE,UNRESOLVED:requires_loupe_or_historical_event_resolver,UNRESOLVED_NO_CUTOFF_SOURCE_VERIFICATION_EVIDENCE,DERIVED_EXACT_CHAIN_ADDRESS,DERIVED_METADATA_STRIPPED_BYTECODE_SHA256,UNRESOLVED_INDEPENDENT_ADJUDICATION_REQUIRED,UNRESOLVED_INDEPENDENT_ADJUDICATION_REQUIRED,UNRESOLVED_METHODS_OWNER_FREEZE_REQUIRED
wgpt,defihacklabs,bsc,29891709,0x1f415255f7e2a8546559a553e962de7bc60d7942,shanghai,ca2-3ceb352e665fb61f7402,2023-07-12,WGPT,Business Logic Flaw,src/test/2023-07/WGPT_exp.sol,bsc,https://github.com/SunWeb3Sec/DeFiHackLabs/blob/main/past/2023/README.md,frozen_public_source_hashed,1b5a1d9c3166c2b9d60fefc71f8e12d2c3d2f604b259d662e38310d39db6838b,aa3190bfdfa1fadc9310c4995070c4d31c2c4c651a3ecbaf779cda51492c7b3c,"[""https://twitter.com/BeosinAlert/status/1679028240982368261"", ""https://twitter.com/Phalcon_xyz/status/1679042549946933248""]",[],~$80k,exact_contract_basename,True,True,,,2023-07-12,,,,blocked_missing_onchain_and_availability_evidence,"[""missing:deployment_block"", ""missing:prediction_cutoff_block"", ""missing:source_availability_time"", ""missing:runtime_bytecode_hash_at_cutoff"", ""missing:outcome_adjudication_id""]",retained,,cases/ca2-3ceb352e665fb61f7402.json,5cceb9606aad0af495e5416e214818a3f8b2710756d44bd865483c42f46864ef,cases/ca2-3ceb352e665fb61f7402.json,dea47d4e1da25efe5079b0ab199ea5e719400c17d99fa451a500b61bfd0f249c,,,,,,,,,,,,ca2-3ceb352e665fb61f7402,cases/ca2-3ceb352e665fb61f7402.json,dea47d4e1da25efe5079b0ab199ea5e719400c17d99fa451a500b61bfd0f249c,2023-06-19T07:27:28Z,2023-06-20T07:27:30Z,12507,,,56:0x1f415255f7e2a8546559a553e962de7bc60d7942,526e0b173511de67a632bffda5a7a5dc4d34771ff44531db03c39971498e6d32,,,,,e16e75ba99f88fcbb7cb5b8ff907070e7e6ddbcd83d5a85ded1309d45feeea13,f0d39f6ee168a5c1877f925854cc000654f14e7e5284ac81bb05f7267ff68f03,1621abbf085d257f5b283a937e282bb33fc5d804216ed37078a563be066d55ef,DERIVED_STRICT_SNAPSHOT,DERIVED_STRICT_SNAPSHOT,DERIVED_CONSENSUS_RUNTIME_CODE,UNRESOLVED:requires_loupe_or_historical_event_resolver,UNRESOLVED_NO_CUTOFF_SOURCE_VERIFICATION_EVIDENCE,DERIVED_EXACT_CHAIN_ADDRESS,DERIVED_METADATA_STRIPPED_BYTECODE_SHA256,UNRESOLVED_INDEPENDENT_ADJUDICATION_REQUIRED,UNRESOLVED_INDEPENDENT_ADJUDICATION_REQUIRED,UNRESOLVED_METHODS_OWNER_FREEZE_REQUIRED
btc20,defihacklabs,ethereum,17949214,0x1f006f43f57c45ceb3659e543352b4fae4662df7,shanghai,ca2-9035062d2e632d8ca752,2023-08-19,BTC20,Price Manipulation,src/test/2023-08/BTC20_exp.sol,mainnet,https://github.com/SunWeb3Sec/DeFiHackLabs/blob/main/past/2023/README.md,frozen_public_source_hashed,1b5a1d9c3166c2b9d60fefc71f8e12d2c3d2f604b259d662e38310d39db6838b,22b121acbfcc40154c0f0b48bf818e2f4561667799dd1d2dfb0320f73d3655ca,"[""https://twitter.com/DecurityHQ/status/1692924369662513472""]",[],~$18ETH,exact_contract_basename,True,True,,,2023-08-19,,,,blocked_missing_onchain_and_availability_evidence,"[""missing:deployment_block"", ""missing:prediction_cutoff_block"", ""missing:source_availability_time"", ""missing:runtime_bytecode_hash_at_cutoff"", ""missing:outcome_adjudication_id""]",retained,,cases/ca2-9035062d2e632d8ca752.json,ee3e647f25d982fd6a2111ba9002b40b7192d9b01b2e83f8d1e12b072614674d,cases/ca2-9035062d2e632d8ca752.json,a6da4dbd21e0e0902e4d214f9aad96921c0bacf3b6a00fe4f5363ded2e51232c,,,,,,,,,,,,ca2-9035062d2e632d8ca752,cases/ca2-9035062d2e632d8ca752.json,a6da4dbd21e0e0902e4d214f9aad96921c0bacf3b6a00fe4f5363ded2e51232c,2023-06-15T10:19:11Z,2023-06-16T10:19:11Z,2112,EIP1967_PROXY,,1:0x1f006f43f57c45ceb3659e543352b4fae4662df7,6f4cd91554d949a8ad8047da7543a1ed35a94f9b9b1e6c2159563c05819ba95c,eip1967:0x678fd96fd3d057a30ab1569bfe72e51446d8dfc1,,,,8b37598462bee4fdb1b3952deec82a5a1657ac5e85b9c22e0adf864a82349cd2,4ef61203d7e3e12950aeb4ada027d736028a8305b80db58ab909676b66b13751,8cac14b532de2b9fdd5f89fabf95493189d0132bd1de051de9072a97ec9abe29,DERIVED_STRICT_SNAPSHOT,DERIVED_STRICT_SNAPSHOT,DERIVED_CONSENSUS_RUNTIME_CODE,VERIFIED_STANDARD_PROXY,UNRESOLVED_NO_CUTOFF_SOURCE_VERIFICATION_EVIDENCE,DERIVED_EXACT_CHAIN_ADDRESS,DERIVED_METADATA_STRIPPED_BYTECODE_SHA256,UNRESOLVED_INDEPENDENT_ADJUDICATION_REQUIRED,UNRESOLVED_INDEPENDENT_ADJUDICATION_REQUIRED,UNRESOLVED_METHODS_OWNER_FREEZE_REQUIRED
ehive,defihacklabs,ethereum,17690497,0x4ae2cd1f5b8806a973953b76f9ce6d5fab9cdcfd,shanghai,ca2-82c63f4f3f31559be9a8,2023-08-21,EHIVE,Business Logic Flaw,src/test/2023-08/EHIVE_exp.sol,mainnet,https://github.com/SunWeb3Sec/DeFiHackLabs/blob/main/past/2023/README.md,frozen_public_source_hashed,1b5a1d9c3166c2b9d60fefc71f8e12d2c3d2f604b259d662e38310d39db6838b,b90f303b9792c571423fdf6fa220a018f3664860d2b524f62b39f6b38fefc56b,"[""https://twitter.com/bulu4477/status/1693636187485872583""]",[],~$15K,exact_contract_basename,True,True,,,2023-08-21,,,,blocked_missing_onchain_and_availability_evidence,"[""missing:deployment_block"", ""missing:prediction_cutoff_block"", ""missing:source_availability_time"", ""missing:runtime_bytecode_hash_at_cutoff"", ""missing:outcome_adjudication_id""]",retained,,cases/ca2-82c63f4f3f31559be9a8.json,5406fc26d2e9924a7d58ebc5c8311d540a58b54e3b7b244b469a65cae0e1e885,cases/ca2-82c63f4f3f31559be9a8.json,3ebad889a6bb6307cc7f37c1bd18c136760ebce980428421fd8a984e5f42c9b5,,,,,,,,,,,,ca2-82c63f4f3f31559be9a8,cases/ca2-82c63f4f3f31559be9a8.json,3ebad889a6bb6307cc7f37c1bd18c136760ebce980428421fd8a984e5f42c9b5,2022-09-08T16:56:46Z,2022-09-09T16:56:51Z,24152,,,1:0x4ae2cd1f5b8806a973953b76f9ce6d5fab9cdcfd,8a06dccb478e67b5c03d25f6cc69b97dee2071ca8ff9698f5caa858bc641627e,,,,,1b10935be6dcf914d04f8fba42b7f273a8b7e2495afe6ad8bcb3e27442921319,c9f8b12f393a766df8183a575f06bb6764215e1211b443069b8c18ef029c3e10,359a33e089c3b58c8c9f199d54cb7707275a34b67f26f1b994e103adf8fcc735,DERIVED_STRICT_SNAPSHOT,DERIVED_STRICT_SNAPSHOT,DERIVED_CONSENSUS_RUNTIME_CODE,UNRESOLVED:requires_loupe_or_historical_event_resolver,UNRESOLVED_NO_CUTOFF_SOURCE_VERIFICATION_EVIDENCE,DERIVED_EXACT_CHAIN_ADDRESS,DERIVED_METADATA_STRIPPED_BYTECODE_SHA256,UNRESOLVED_INDEPENDENT_ADJUDICATION_REQUIRED,UNRESOLVED_INDEPENDENT_ADJUDICATION_REQUIRED,UNRESOLVED_METHODS_OWNER_FREEZE_REQUIRED
balancer,defihacklabs,ethereum,18004651,0x9210f1204b5a24742eba12f710636d76240df3d0,shanghai,ca2-3049d2889726467cfdcb,2023-08-27,Balancer,Rounding Error && Business Logic Flaw,src/test/2023-08/Balancer_exp.sol,mainnet,https://github.com/SunWeb3Sec/DeFiHackLabs/blob/main/past/2023/README.md,frozen_public_source_hashed,1b5a1d9c3166c2b9d60fefc71f8e12d2c3d2f604b259d662e38310d39db6838b,2874efeac1f3c130d422c24d482bf435af39a7b71926151d92f622c65c415660,"[""https://blocksecteam.medium.com/yet-another-risk-posed-by-precision-loss-an-in-depth-analysis-of-the-recent-balancer-incident-fad93a3c75d4"", ""https://medium.com/balancer-protocol/rate-manipulation-in-balancer-boosted-pools-technical-postmortem-53db4b642492""]",[],~$2M,exact_contract_basename,True,True,,,2023-08-27,,,,blocked_missing_onchain_and_availability_evidence,"[""missing:deployment_block"", ""missing:prediction_cutoff_block"", ""missing:source_availability_time"", ""missing:runtime_bytecode_hash_at_cutoff"", ""missing:outcome_adjudication_id""]",retained,,cases/ca2-3049d2889726467cfdcb.json,728f8f5d34a2f7d6e670dc5df59836d79aad7f212148f4ca6d8d70fee00d7dd7,cases/ca2-3049d2889726467cfdcb.json,0a34ae88c5cac224c962b0e1bde946fb43177bfe69e46063d0a442f39322797f,,,,,,,,,,,,ca2-3049d2889726467cfdcb,cases/ca2-3049d2889726467cfdcb.json,0a34ae88c5cac224c962b0e1bde946fb43177bfe69e46063d0a442f39322797f,2021-12-13T22:35:27Z,2021-12-14T22:35:38Z,17465,,,1:0x9210f1204b5a24742eba12f710636d76240df3d0,dc1c36a93acb2342d73d0e8cdd10a923dd5e746786ca9264eaf28bb9b7d8e377,,,,,c8197535d14ab337f2519b6afcd2bd324bf0a7eb22c54613102498da3afb2caa,fd615d6959be711df4bf35801e2123f2411b38f10574ff5939082676b83a275f,48960c3465b04dea7ea7b0a9d7f2e85c7fad02a501509e0ceab7ca2f2111102d,DERIVED_STRICT_SNAPSHOT,DERIVED_STRICT_SNAPSHOT,DERIVED_CONSENSUS_RUNTIME_CODE,UNRESOLVED:requires_loupe_or_historical_event_resolver,UNRESOLVED_NO_CUTOFF_SOURCE_VERIFICATION_EVIDENCE,DERIVED_EXACT_CHAIN_ADDRESS,DERIVED_METADATA_STRIPPED_BYTECODE_SHA256,UNRESOLVED_INDEPENDENT_ADJUDICATION_REQUIRED,UNRESOLVED_INDEPENDENT_ADJUDICATION_REQUIRED,UNRESOLVED_METHODS_OWNER_FREEZE_REQUIRED
eac,defihacklabs,bsc,31273018,0x64f291de10ecd36d5f7b64aaebc70943cface28e,shanghai,ca2-e017525389c5fba3ce28,2023-08-29,EAC,Price Manipulation,src/test/2023-08/EAC_exp.sol,bsc,https://github.com/SunWeb3Sec/DeFiHackLabs/blob/main/past/2023/README.md,frozen_public_source_hashed,1b5a1d9c3166c2b9d60fefc71f8e12d2c3d2f604b259d662e38310d39db6838b,bc218962d9ef63f3067269968d51defc1f4697fe5b8bf49c19452d3c3506e6ef,"[""https://twitter.com/bbbb/status/1696520866564350157""]",[],~$29BNB,exact_contract_basename,True,True,,,2023-08-29,,,,blocked_missing_onchain_and_availability_evidence,"[""missing:deployment_block"", ""missing:prediction_cutoff_block"", ""missing:source_availability_time"", ""missing:runtime_bytecode_hash_at_cutoff"", ""missing:outcome_adjudication_id""]",retained,,cases/ca2-e017525389c5fba3ce28.json,7b2eb29b629b3b37a88c17c113bfd502612a99b03b4f4eca21648964fe58824f,cases/ca2-e017525389c5fba3ce28.json,67755ab456c1f0b2cab46fb3cbbd1f5baab7b4cc65a03467da6d1c12d4d5e24f,,,,,,,,,,,,ca2-e017525389c5fba3ce28,cases/ca2-e017525389c5fba3ce28.json,67755ab456c1f0b2cab46fb3cbbd1f5baab7b4cc65a03467da6d1c12d4d5e24f,2023-01-16T16:24:03Z,2023-01-17T16:24:05Z,11117,,,56:0x64f291de10ecd36d5f7b64aaebc70943cface28e,c61b37783fdf1d7cfd2cb26c657243fdc226db6e3beabc1637a35787eea17048,,,,,d6f72a9ef03da80a5e02208b50ce6c75171eb2843d1789f62820172e8dbc0cd0,e9d39bcf28d3d0330e5b6383290ddef171d8d9c982aa9c230803b929b1c0e443,abcad81ac11a5f8e7a0ac899d5ca0356cd4254e7ed811a75f3ac46a2b299c8a6,DERIVED_STRICT_SNAPSHOT,DERIVED_STRICT_SNAPSHOT,DERIVED_CONSENSUS_RUNTIME_CODE,UNRESOLVED:requires_loupe_or_historical_event_resolver,UNRESOLVED_NO_CUTOFF_SOURCE_VERIFICATION_EVIDENCE,DERIVED_EXACT_CHAIN_ADDRESS,DERIVED_METADATA_STRIPPED_BYTECODE_SHA256,UNRESOLVED_INDEPENDENT_ADJUDICATION_REQUIRED,UNRESOLVED_INDEPENDENT_ADJUDICATION_REQUIRED,UNRESOLVED_METHODS_OWNER_FREEZE_REQUIRED
earningfram,defihacklabs,ethereum,17875885,0x863e572b215fd67c855d973f870266cf827aea5e,shanghai,ca2-a21e3c90faf447e22997,2023-08-09,EarningFram,Reentrancy,src/test/2023-08/EarningFram_exp.sol,mainnet,https://github.com/SunWeb3Sec/DeFiHackLabs/blob/main/past/2023/README.md,frozen_public_source_hashed,1b5a1d9c3166c2b9d60fefc71f8e12d2c3d2f604b259d662e38310d39db6838b,a3fcad17a2ae54c366de182933eab1c3d9da6f56c4e43f54fcfcae5b1549da60,"[""https://twitter.com/Phalcon_xyz/status/1689182459269644288""]",[],~$286k,exact_contract_basename,True,True,,,2023-08-09,,,,blocked_missing_onchain_and_availability_evidence,"[""missing:deployment_block"", ""missing:prediction_cutoff_block"", ""missing:source_availability_time"", ""missing:runtime_bytecode_hash_at_cutoff"", ""missing:outcome_adjudication_id""]",retained,,cases/ca2-a21e3c90faf447e22997.json,0abf23dbde3cf304577979607654c7929597ffe5244f63cce3d6bbc32a4c6c48,cases/ca2-a21e3c90faf447e22997.json,11473ca808ee3fe33f53b4b0268537b57ee1b3a69d86f32e7e0ebdf93487e4e9,,,,,,,,,,,,ca2-a21e3c90faf447e22997,cases/ca2-a21e3c90faf447e22997.json,11473ca808ee3fe33f53b4b0268537b57ee1b3a69d86f32e7e0ebdf93487e4e9,2022-11-10T07:25:23Z,2022-11-11T07:25:23Z,8959,,,1:0x863e572b215fd67c855d973f870266cf827aea5e,728cd62c95e6df1ff9b13b023d4011d49d54dd508647e8eba4771c38c2bde524,,,,,bd18adcca6d99d5b1a34cb260a6b8d52b7f0c22281a201485c358dedfb53bf23,f452e2756245629f0f26ab47b500c0ea62950c772d620c545255f9512f70f10a,bc769693439a4258c4873d01f5d13d80663a617285624d7c992a78ba851ac931,DERIVED_STRICT_SNAPSHOT,DERIVED_STRICT_SNAPSHOT,DERIVED_CONSENSUS_RUNTIME_CODE,UNRESOLVED:requires_loupe_or_historical_event_resolver,UNRESOLVED_NO_CUTOFF_SOURCE_VERIFICATION_EVIDENCE,DERIVED_EXACT_CHAIN_ADDRESS,DERIVED_METADATA_STRIPPED_BYTECODE_SHA256,UNRESOLVED_INDEPENDENT_ADJUDICATION_REQUIRED,UNRESOLVED_INDEPENDENT_ADJUDICATION_REQUIRED,UNRESOLVED_METHODS_OWNER_FREEZE_REQUIRED
ODOS,defihacklabs-temporal-replacement-finalization,base,25431001,0xb6333e994fd02a9255e794c177efbdeb1fe779c7,,ca2-b40a4160faf772fbf6c8,2025-01-23,ODOS,replacement_candidate,,base,,replacement_candidate_historical_snapshot_verified,d323862e91c280ec18756d3e166b695f72565076702cacb5fd81d064b1dcc5c0,e717a12b474b4343ad4074e5bef6de45dd1ce063bacf999cf06f2d1574c451a0,[],"[""0xd10faa5b33ddb501b1dc6430896c966048271f2510ff9ed681dd6d510c5df9f6""]",,frozen_chain_global_order_finalization,True,True,24367565,24410765,25431001,,7b424f7928b6a4f38f2648100878bbe8be83f0afd727a84e165fdfb3b48846fa,,replacement_candidate_selected,[],replacement,ca2-d5e2d826f6d08f10011e,cases/ca2-d5e2d826f6d08f10011e.json,6e99c6dd0d4d2a9e7e9eedf3fcdab7fa73c6c70e92accfa03510ec791ed80ce2,,,cases/ca2r-a888af28bf0d219d083d.json,71162f47dab093e516171a6b27440e91240c4d19b5adfb0d277a93da0860aa89,historical_cases/ca2r-a888af28bf0d219d083d/ca2r-a888af28bf0d219d083d.json,d01415fe4a92a42d34c2050cc75ea4221ed268cead28ecd480896b52d7f83947,3,first_eligible_unique_from_frozen_chain_global_order,d323862e91c280ec18756d3e166b695f72565076702cacb5fd81d064b1dcc5c0,d3b80fe4ed7198fc900616b269408c1d0485ef8f000f46d37adb75be862a4a9c,25431001,0xd10faa5b33ddb501b1dc6430896c966048271f2510ff9ed681dd6d510c5df9f6,ca2r-a888af28bf0d219d083d,ca2r-a888af28bf0d219d083d,historical_cases/ca2r-a888af28bf0d219d083d/ca2r-a888af28bf0d219d083d.json,d01415fe4a92a42d34c2050cc75ea4221ed268cead28ecd480896b52d7f83947,2024-12-30T02:07:57Z,2024-12-31T02:07:57Z,24562,,,8453:0xb6333e994fd02a9255e794c177efbdeb1fe779c7,4dc067701407dec4c979c681b100265ad9e2ddd9a11cdfe02beb4dc5e3d56ed1,,,,,7bb61ab16d2c595789d20cd6b6bfd4d7761e1bffe3dbee2dc1f3cfcaa1ab39d8,efc05e43311dbdd92adbfa40d51e2f645c71e25cb661a34b46e75bee72692690,70ea30ffb4a29de29dd855d0f481c38204e7f985b729d3ad1e4ff08e3624784f,DERIVED_STRICT_SNAPSHOT,DERIVED_STRICT_SNAPSHOT,DERIVED_CONSENSUS_RUNTIME_CODE,UNRESOLVED:requires_loupe_or_historical_event_resolver,UNRESOLVED_NO_CUTOFF_SOURCE_VERIFICATION_EVIDENCE,DERIVED_EXACT_CHAIN_ADDRESS,DERIVED_METADATA_STRIPPED_BYTECODE_SHA256,UNRESOLVED_INDEPENDENT_ADJUDICATION_REQUIRED,UNRESOLVED_INDEPENDENT_ADJUDICATION_REQUIRED,UNRESOLVED_METHODS_OWNER_FREEZE_REQUIRED
uwerx,defihacklabs,ethereum,17826202,0x4306b12f8e824ce1fa9604bbd88f2ad4f0fe3c54,shanghai,ca2-28984dadb4e195ff0adc,2023-08-02,Uwerx,Fault logic,src/test/2023-08/Uwerx_exp.sol,ethereum,https://github.com/SunWeb3Sec/DeFiHackLabs/blob/main/past/2023/README.md,frozen_public_source_hashed,1b5a1d9c3166c2b9d60fefc71f8e12d2c3d2f604b259d662e38310d39db6838b,543b26507e1d92c59fbbd12c55f643a672513fa1842572a45e2c7fe3007251a1,"[""https://etherscan.io/tx/0x3b19e152943f31fe0830b67315ddc89be9a066dc89174256e17bc8c2d35b5af8"", ""https://twitter.com/CertiKAlert/status/1686667720920625152"", ""https://twitter.com/deeberiroz/status/1686683788795846657""]","[""0x3b19e152943f31fe0830b67315ddc89be9a066dc89174256e17bc8c2d35b5af8""]",~$176ETH,exact_contract_basename,True,True,,,2023-08-02,,,,blocked_missing_onchain_and_availability_evidence,"[""missing:deployment_block"", ""missing:prediction_cutoff_block"", ""missing:source_availability_time"", ""missing:runtime_bytecode_hash_at_cutoff"", ""missing:outcome_adjudication_id""]",retained,,cases/ca2-28984dadb4e195ff0adc.json,4372951793e343f463e450090ab130b3272eea92a375cf32a009b8df897b57b2,cases/ca2-28984dadb4e195ff0adc.json,ecb5496138a3f8832d899023ce4005c7a4ebd6a19b349ee7dfcec9ecb89ec632,,,,,,,,,,,,ca2-28984dadb4e195ff0adc,cases/ca2-28984dadb4e195ff0adc.json,ecb5496138a3f8832d899023ce4005c7a4ebd6a19b349ee7dfcec9ecb89ec632,2023-02-07T16:19:23Z,2023-02-08T16:19:23Z,7401,,,1:0x4306b12f8e824ce1fa9604bbd88f2ad4f0fe3c54,064a7bfbca118ec992410f017681a4e656f1e5f9d244bd523c4f3f7437625917,,,,,187aecae7a455a86666722e95af46cafe799752b19f1401649fb456c0b73b38a,d6d08da0512c0b4700c60071024ff42a85fb5a303ea2ea07f050bcc686e2f59f,f02624d830b59ae64e163d9483ca27dc6befb9d5f933cc236ae76b4705717f6a,DERIVED_STRICT_SNAPSHOT,DERIVED_STRICT_SNAPSHOT,DERIVED_CONSENSUS_RUNTIME_CODE,UNRESOLVED:requires_loupe_or_historical_event_resolver,UNRESOLVED_NO_CUTOFF_SOURCE_VERIFICATION_EVIDENCE,DERIVED_EXACT_CHAIN_ADDRESS,DERIVED_METADATA_STRIPPED_BYTECODE_SHA256,UNRESOLVED_INDEPENDENT_ADJUDICATION_REQUIRED,UNRESOLVED_INDEPENDENT_ADJUDICATION_REQUIRED,UNRESOLVED_METHODS_OWNER_FREEZE_REQUIRED
bfctoken,defihacklabs,bsc,31599443,0x595eac4a0ce9b7175a99094680fbe55a774b5464,shanghai,ca2-5aa3d29494fdde461d33,2023-09-09,BFCToken,Business Logic Flaw,src/test/2023-09/BFCToken_exp.sol,bsc,https://github.com/SunWeb3Sec/DeFiHackLabs/blob/main/past/2023/README.md,frozen_public_source_hashed,1b5a1d9c3166c2b9d60fefc71f8e12d2c3d2f604b259d662e38310d39db6838b,b56ad2e3b4b45b8a6c41e0d11b45ff86503c9df226cf61725c734618e17876c6,"[""https://twitter.com/CertiKAlert/status/1700621314246017133""]",[],~$38K,exact_contract_basename,True,True,,,2023-09-09,,,,blocked_missing_onchain_and_availability_evidence,"[""missing:deployment_block"", ""missing:prediction_cutoff_block"", ""missing:source_availability_time"", ""missing:runtime_bytecode_hash_at_cutoff"", ""missing:outcome_adjudication_id""]",retained,,cases/ca2-5aa3d29494fdde461d33.json,bf6aae5b0c048164e528b50b3066b062a46542f596827a00e575b5089edfa1bb,cases/ca2-5aa3d29494fdde461d33.json,5072d6de783c03daf93d61a2dbcba23f3f96edbacccf1d7ffaa784be100a8e7b,,,,,,,,,,,,ca2-5aa3d29494fdde461d33,cases/ca2-5aa3d29494fdde461d33.json,5072d6de783c03daf93d61a2dbcba23f3f96edbacccf1d7ffaa784be100a8e7b,2023-09-07T03:39:58Z,2023-09-08T03:39:58Z,16279,,,56:0x595eac4a0ce9b7175a99094680fbe55a774b5464,07bcf6541da2b795cb03f6b395f362843142c2d578fa5c3aabbfed19d7280d79,,,,,d3150fafca8ad26fcbc1f613d19cbc97c81730b0dc10e2f006ac3050dd96235c,1d9c2b1ddf6967848615d5c308536c6033d7100217c7a95bb9d15649f655e394,d392b44b51cc347850bebeb224dfbe77987560c8f36acc604b8bf4ab9a89fe2e,DERIVED_STRICT_SNAPSHOT,DERIVED_STRICT_SNAPSHOT,DERIVED_CONSENSUS_RUNTIME_CODE,UNRESOLVED:requires_loupe_or_historical_event_resolver,UNRESOLVED_NO_CUTOFF_SOURCE_VERIFICATION_EVIDENCE,DERIVED_EXACT_CHAIN_ADDRESS,DERIVED_METADATA_STRIPPED_BYTECODE_SHA256,UNRESOLVED_INDEPENDENT_ADJUDICATION_REQUIRED,UNRESOLVED_INDEPENDENT_ADJUDICATION_REQUIRED,UNRESOLVED_METHODS_OWNER_FREEZE_REQUIRED
floordao,defihacklabs,ethereum,18068772,0x759c6de5bca9ade8a1a2719a31553c4b7de02539,shanghai,ca2-81ae1f51e833bf23db49,2023-09-05,FloorDAO,Rebasing logic issue,src/test/2023-09/FloorDAO_exp.sol,mainnet,https://github.com/SunWeb3Sec/DeFiHackLabs/blob/main/past/2023/README.md,frozen_public_source_hashed,1b5a1d9c3166c2b9d60fefc71f8e12d2c3d2f604b259d662e38310d39db6838b,f2773ef985532853a323b49018a6a4b5179f58faa0047bea333da99ede24e52b,"[""https://medium.com/floordao/floor-post-mortem-incident-summary-september-5-2023-e054a2d5afa4"", ""https://twitter.com/PeckShieldAlert/status/1698962105058361392""]",[],~$40ETH,exact_contract_basename,True,True,,,2023-09-05,,,,blocked_missing_onchain_and_availability_evidence,"[""missing:deployment_block"", ""missing:prediction_cutoff_block"", ""missing:source_availability_time"", ""missing:runtime_bytecode_hash_at_cutoff"", ""missing:outcome_adjudication_id""]",retained,,cases/ca2-81ae1f51e833bf23db49.json,c73e31eebdcadb6936c19eba66a781c3f8cdb3a6723ea644ed2b791340014f13,cases/ca2-81ae1f51e833bf23db49.json,1b017c3b1697fc4df31b5e27bfe731b2ea2ac71a6f9f7ec5af825d0c5d11df67,,,,,,,,,,,,ca2-81ae1f51e833bf23db49,cases/ca2-81ae1f51e833bf23db49.json,1b017c3b1697fc4df31b5e27bfe731b2ea2ac71a6f9f7ec5af825d0c5d11df67,2022-02-27T21:34:11Z,2022-02-28T21:34:21Z,7692,,,1:0x759c6de5bca9ade8a1a2719a31553c4b7de02539,8c89f493af608d3a74a6e26f8a1dd1ea73220ca903a47a07ff1a3c243e25fb17,,,,,8a107d063c75300edfae725a273e47f2e6384a1731f2944ef5738d3477c58c8c,f2f2fe5b7fa3001208e16d248abd93ac7eb25a576cd5edb70080e65cbebdde7f,d8225bcf15f927244c6487dd08bcf0d0995caf66a501307d147a88bf889f8a68,DERIVED_STRICT_SNAPSHOT,DERIVED_STRICT_SNAPSHOT,DERIVED_CONSENSUS_RUNTIME_CODE,UNRESOLVED:requires_loupe_or_historical_event_resolver,UNRESOLVED_NO_CUTOFF_SOURCE_VERIFICATION_EVIDENCE,DERIVED_EXACT_CHAIN_ADDRESS,DERIVED_METADATA_STRIPPED_BYTECODE_SHA256,UNRESOLVED_INDEPENDENT_ADJUDICATION_REQUIRED,UNRESOLVED_INDEPENDENT_ADJUDICATION_REQUIRED,UNRESOLVED_METHODS_OWNER_FREEZE_REQUIRED
heavensgate,defihacklabs,ethereum,18069527,0x8ebd6c7d2b79ca4dc5fbdec239a8bb0f214212b8,shanghai,ca2-0214cb74200856148943,2023-09-05,HeavensGate,Rebasing logic issue,src/test/2023-09/HeavensGate_exp.sol,mainnet,https://github.com/SunWeb3Sec/DeFiHackLabs/blob/main/past/2023/README.md,frozen_public_source_hashed,1b5a1d9c3166c2b9d60fefc71f8e12d2c3d2f604b259d662e38310d39db6838b,aa049f6cdd223fb06f152c2f09320a78f3fa35c374da4fc053a9b791699527e2,"[""https://explorer.phalcon.xyz/tx/eth/0xe28ca1f43036f4768776805fb50906f8172f75eba3bf1d9866bcd64361fda834""]","[""0xe28ca1f43036f4768776805fb50906f8172f75eba3bf1d9866bcd64361fda834""]",~$8ETH,exact_contract_basename,True,True,,,2023-09-05,,,,blocked_missing_onchain_and_availability_evidence,"[""missing:deployment_block"", ""missing:prediction_cutoff_block"", ""missing:source_availability_time"", ""missing:runtime_bytecode_hash_at_cutoff"", ""missing:outcome_adjudication_id""]",retained,,cases/ca2-0214cb74200856148943.json,1608bc7d5106174058e0c47aa8592deef2d771a6e0a9dd66411bf102b5050d4d,cases/ca2-0214cb74200856148943.json,a14bb35db272506f00d49ce6506f2fd9e80d16d8303c655ebc8995c14de94ebe,,,,,,,,,,,,ca2-0214cb74200856148943,cases/ca2-0214cb74200856148943.json,a14bb35db272506f00d49ce6506f2fd9e80d16d8303c655ebc8995c14de94ebe,2023-05-20T02:00:23Z,2023-05-21T02:00:23Z,4984,,,1:0x8ebd6c7d2b79ca4dc5fbdec239a8bb0f214212b8,c4ed492600a10339a8b536ab3ba5c93073793b2d9b03f4dbad0f860621bdc42c,,,,,efbcec5fa64a748a394715b3231bd25719586a69afbf0477e7f3938879f11250,273b59f94192df3268d906472642893f529707b719c55439435baa43c5ab2772,53ad89ba37d2342a1a9b4cc980023ba265586b75967554120bc562fb24f3a182,DERIVED_STRICT_SNAPSHOT,DERIVED_STRICT_SNAPSHOT,DERIVED_CONSENSUS_RUNTIME_CODE,UNRESOLVED:requires_loupe_or_historical_event_resolver,UNRESOLVED_NO_CUTOFF_SOURCE_VERIFICATION_EVIDENCE,DERIVED_EXACT_CHAIN_ADDRESS,DERIVED_METADATA_STRIPPED_BYTECODE_SHA256,UNRESOLVED_INDEPENDENT_ADJUDICATION_REQUIRED,UNRESOLVED_INDEPENDENT_ADJUDICATION_REQUIRED,UNRESOLVED_METHODS_OWNER_FREEZE_REQUIRED
kub_split,defihacklabs,bsc,32021099,0xc98e183d2e975f0567115cb13af893f0e3c0d0bd,shanghai,ca2-7455b4981f74c1b4c51e,2023-09-24,KubSplit,Pool manipulation,src/test/2023-09/Kub_Split_exp.sol,bsc,https://github.com/SunWeb3Sec/DeFiHackLabs/blob/main/past/2023/README.md,frozen_public_source_hashed,1b5a1d9c3166c2b9d60fefc71f8e12d2c3d2f604b259d662e38310d39db6838b,c9c6d07740584932bd2016947c05ff9461413cd000452d86872ed8c1b51c4b1e,"[""https://twitter.com/CertiKAlert/status/1705966214319612092""]",[],~$78K,exact_contract_basename,True,True,,,2023-09-24,,,,blocked_missing_onchain_and_availability_evidence,"[""missing:deployment_block"", ""missing:prediction_cutoff_block"", ""missing:source_availability_time"", ""missing:runtime_bytecode_hash_at_cutoff"", ""missing:outcome_adjudication_id""]",retained,,cases/ca2-7455b4981f74c1b4c51e.json,0410a857bd4e1084a0898a50e0601fe9c418f0ee2a3e41ed8771da7ad9b16c44,cases/ca2-7455b4981f74c1b4c51e.json,f529709ba29456163fc7271d995ce7eb7b181475efe7314a6648e9b5e173faba,,,,,,,,,,,,ca2-7455b4981f74c1b4c51e,cases/ca2-7455b4981f74c1b4c51e.json,f529709ba29456163fc7271d995ce7eb7b181475efe7314a6648e9b5e173faba,2023-09-19T07:19:53Z,2023-09-20T07:19:55Z,8075,,,56:0xc98e183d2e975f0567115cb13af893f0e3c0d0bd,af40412b5306055b4762d351703bcd5865d9e57fcf027d631df3f3bb8f5a28b9,,,,,1cd33bda34b12478d1b0ef63c6e2e2f61ffa72c7286a169f6c50e3cf6714f643,e9bc8754017e1949848f0945fdb078356cc33971c7fa522011073e122b607155,4363c152b0dc235ac29572c883e5a4657f503c20df4b7a480e33520c769a58f8,DERIVED_STRICT_SNAPSHOT,DERIVED_STRICT_SNAPSHOT,DERIVED_CONSENSUS_RUNTIME_CODE,UNRESOLVED:requires_loupe_or_historical_event_resolver,UNRESOLVED_NO_CUTOFF_SOURCE_VERIFICATION_EVIDENCE,DERIVED_EXACT_CHAIN_ADDRESS,DERIVED_METADATA_STRIPPED_BYTECODE_SHA256,UNRESOLVED_INDEPENDENT_ADJUDICATION_REQUIRED,UNRESOLVED_INDEPENDENT_ADJUDICATION_REQUIRED,UNRESOLVED_METHODS_OWNER_FREEZE_REQUIRED
jumpfarm,defihacklabs,ethereum,18070346,0x05999eb831ae28ca920ce645a5164fbdb1d74fe9,shanghai,ca2-f4910903d7134e1d631f,2023-09-05,JumpFarm,Rebasing logic issue,src/test/2023-09/JumpFarm_exp.sol,mainnet,https://github.com/SunWeb3Sec/DeFiHackLabs/blob/main/past/2023/README.md,frozen_public_source_hashed,1b5a1d9c3166c2b9d60fefc71f8e12d2c3d2f604b259d662e38310d39db6838b,0d0b062e1f0d40d4e6726d6175a56edd8cf39ac6144c15cfeea698f6448ea4c7,"[""https://twitter.com/DecurityHQ/status/1699384904218202618""]",[],~$2.4ETH,exact_contract_basename,True,True,,,2023-09-05,,,,blocked_missing_onchain_and_availability_evidence,"[""missing:deployment_block"", ""missing:prediction_cutoff_block"", ""missing:source_availability_time"", ""missing:runtime_bytecode_hash_at_cutoff"", ""missing:outcome_adjudication_id""]",retained,,cases/ca2-f4910903d7134e1d631f.json,c36f11c6f739cc73fac6db1b4e3e6af22906a6576a286c1d876aa4e2c470ddda,cases/ca2-f4910903d7134e1d631f.json,2458ca1ebc79b5b638eb495d1efb47ba79355d28912e51e65896fbdcb0ac9fa6,,,,,,,,,,,,ca2-f4910903d7134e1d631f,cases/ca2-f4910903d7134e1d631f.json,2458ca1ebc79b5b638eb495d1efb47ba79355d28912e51e65896fbdcb0ac9fa6,2023-08-08T22:39:35Z,2023-08-09T22:39:35Z,2968,,,1:0x05999eb831ae28ca920ce645a5164fbdb1d74fe9,c119ca3a47c7a854add5430f89dd93b5557280e61bdea0ad56c547ec14c5340c,,,,,c82f75cd49a0c926ea101a3f9cc1a3edd6f8ba06e82b434072aff962d4ceba89,dbaa0f1f12225f6ec4a0b05b5757931977e62ca4c4cb2f382a7aeebeba213b4e,f101cbd02a5585fd9b7984ed64dbbf3ca3af3beeae167dcafbecd0d3e9aca6fc,DERIVED_STRICT_SNAPSHOT,DERIVED_STRICT_SNAPSHOT,DERIVED_CONSENSUS_RUNTIME_CODE,UNRESOLVED:requires_loupe_or_historical_event_resolver,UNRESOLVED_NO_CUTOFF_SOURCE_VERIFICATION_EVIDENCE,DERIVED_EXACT_CHAIN_ADDRESS,DERIVED_METADATA_STRIPPED_BYTECODE_SHA256,UNRESOLVED_INDEPENDENT_ADJUDICATION_REQUIRED,UNRESOLVED_INDEPENDENT_ADJUDICATION_REQUIRED,UNRESOLVED_METHODS_OWNER_FREEZE_REQUIRED
quantumwn,defihacklabs,ethereum,18070348,0x69422c7f237d70fcd55c218568a67d00dc4ea068,shanghai,ca2-d22c4160c4fed52695d2,2023-09-05,QuantumWN,Rebasing logic issue,src/test/2023-09/QuantumWN_exp.sol,mainnet,https://github.com/SunWeb3Sec/DeFiHackLabs/blob/main/past/2023/README.md,frozen_public_source_hashed,1b5a1d9c3166c2b9d60fefc71f8e12d2c3d2f604b259d662e38310d39db6838b,9fea35e24fa664c421d81962af5106dfdcad6cd39baa4ee715401d096783263a,"[""https://twitter.com/DecurityHQ/status/1699384904218202618""]",[],~$0.5 ETH,exact_contract_basename,True,True,,,2023-09-05,,,,blocked_missing_onchain_and_availability_evidence,"[""missing:deployment_block"", ""missing:prediction_cutoff_block"", ""missing:source_availability_time"", ""missing:runtime_bytecode_hash_at_cutoff"", ""missing:outcome_adjudication_id""]",retained,,cases/ca2-d22c4160c4fed52695d2.json,97708903d880c9fab7dc78fac9028d38304740389bde1af8e943e79477c6e97c,cases/ca2-d22c4160c4fed52695d2.json,3d304d710a6e00c00aa7c90924a709b9ac736fa2348dce0ecf345238e3e5f67f,,,,,,,,,,,,ca2-d22c4160c4fed52695d2,cases/ca2-d22c4160c4fed52695d2.json,3d304d710a6e00c00aa7c90924a709b9ac736fa2348dce0ecf345238e3e5f67f,2023-08-11T22:05:23Z,2023-08-12T22:05:23Z,4722,,,1:0x69422c7f237d70fcd55c218568a67d00dc4ea068,74d8fbe78b9f6587872363ee221a85357e8e15c91f26b666bc7e46227f9ccee4,,,,,5a07475601f2d084dc7c75f14e4d1ad13b854ee7a41aeb82e613b3e820e9f644,df809b925823746eddacf6ec6d6a25d56ed9fedf26ce7199462bfa047153a17f,b08d2232c43e3c7d14e094fabda28dbd4e8800502e629f88fc6506ca68e58249,DERIVED_STRICT_SNAPSHOT,DERIVED_STRICT_SNAPSHOT,DERIVED_CONSENSUS_RUNTIME_CODE,UNRESOLVED:requires_loupe_or_historical_event_resolver,UNRESOLVED_NO_CUTOFF_SOURCE_VERIFICATION_EVIDENCE,DERIVED_EXACT_CHAIN_ADDRESS,DERIVED_METADATA_STRIPPED_BYTECODE_SHA256,UNRESOLVED_INDEPENDENT_ADJUDICATION_REQUIRED,UNRESOLVED_INDEPENDENT_ADJUDICATION_REQUIRED,UNRESOLVED_METHODS_OWNER_FREEZE_REQUIRED
uniclynft,defihacklabs,ethereum,18133171,0xd3c41c85be295607e8ea5c58487ec5894300ee67,shanghai,ca2-1579de76f9bed10399a7,2023-09-16,uniclyNFT,Reentrancy,src/test/2023-09/uniclyNFT_exp.sol,mainnet,https://github.com/SunWeb3Sec/DeFiHackLabs/blob/main/past/2023/README.md,frozen_public_source_hashed,1b5a1d9c3166c2b9d60fefc71f8e12d2c3d2f604b259d662e38310d39db6838b,0db0d6c9904687a9776a665c0520cd1a78c808142ec840b562f94e2f4cb60377,"[""https://twitter.com/DecurityHQ/status/1703096116047421863""]",[],1 NFT,exact_contract_basename,True,True,,,2023-09-16,,,,blocked_missing_onchain_and_availability_evidence,"[""missing:deployment_block"", ""missing:prediction_cutoff_block"", ""missing:source_availability_time"", ""missing:runtime_bytecode_hash_at_cutoff"", ""missing:outcome_adjudication_id""]",retained,,cases/ca2-1579de76f9bed10399a7.json,1459e05ee574b9580c45ce2cd737550bac36d5eb54476c40a8dc7b28fc5d3490,cases/ca2-1579de76f9bed10399a7.json,fab1ee97640eaf4d5fe6ac4aa51af8eec018e3e7b202ae293116979270dd4a99,,,,,,,,,,,,ca2-1579de76f9bed10399a7,cases/ca2-1579de76f9bed10399a7.json,fab1ee97640eaf4d5fe6ac4aa51af8eec018e3e7b202ae293116979270dd4a99,2021-10-30T23:20:37Z,2021-10-31T23:20:40Z,21920,,,1:0xd3c41c85be295607e8ea5c58487ec5894300ee67,cd3eb32bf489102a58b35cb1b3b21e53be4f6935198b580b89b403e62f988eb4,,,,,a57144a824712b22786a29d76c39ef865f9a66c59cc885da6352799b07bf81f3,ee87523f5067a58ee6cb3b973386457373afea7f66178b8d34d562564ef8248f,df82995d11158388ab389605512763241a34d415ed99f3a384b100029bb1dbfa,DERIVED_STRICT_SNAPSHOT,DERIVED_STRICT_SNAPSHOT,DERIVED_CONSENSUS_RUNTIME_CODE,UNRESOLVED:requires_loupe_or_historical_event_resolver,UNRESOLVED_NO_CUTOFF_SOURCE_VERIFICATION_EVIDENCE,DERIVED_EXACT_CHAIN_ADDRESS,DERIVED_METADATA_STRIPPED_BYTECODE_SHA256,UNRESOLVED_INDEPENDENT_ADJUDICATION_REQUIRED,UNRESOLVED_INDEPENDENT_ADJUDICATION_REQUIRED,UNRESOLVED_METHODS_OWNER_FREEZE_REQUIRED
bh,defihacklabs,bsc,32512073,0xcc61cc9f2632314c9d452aca79104ddf680952b5,shanghai,ca2-8827a43c9b16b94734ae,2023-10-11,BH,Price manipulation,src/test/2023-10/BH_exp.sol,bsc,https://github.com/SunWeb3Sec/DeFiHackLabs/blob/main/past/2023/README.md,frozen_public_source_hashed,1b5a1d9c3166c2b9d60fefc71f8e12d2c3d2f604b259d662e38310d39db6838b,d1106cb47b8157ac5f170d68d85ccd44b5f16f7588cf5d6e6c0dcd7c76d4fd18,"[""https://twitter.com/BeosinAlert/status/1712139760813375973"", ""https://twitter.com/DecurityHQ/status/1712118881425203350""]",[],~$1.27M,exact_contract_basename,True,True,,,2023-10-11,,,,blocked_missing_onchain_and_availability_evidence,"[""missing:deployment_block"", ""missing:prediction_cutoff_block"", ""missing:source_availability_time"", ""missing:runtime_bytecode_hash_at_cutoff"", ""missing:outcome_adjudication_id""]",retained,,cases/ca2-8827a43c9b16b94734ae.json,739f03ada6d21c8c763d9358eb04f8c6d8b596e80f8d901424b30fddc834071d,cases/ca2-8827a43c9b16b94734ae.json,912e022ef6f630ff8cce8fd9b4f182622b068a7dd7402cbe6e4e289a491f9bfb,,,,,,,,,,,,ca2-8827a43c9b16b94734ae,cases/ca2-8827a43c9b16b94734ae.json,912e022ef6f630ff8cce8fd9b4f182622b068a7dd7402cbe6e4e289a491f9bfb,2023-10-05T07:27:00Z,2023-10-06T07:27:02Z,3484,,,56:0xcc61cc9f2632314c9d452aca79104ddf680952b5,52ca1302f9e334417bf71cb18793bf3d5bbbbfd42a28f46ebb87530c1e81fd54,,,,,556c96e065f5db8ec778d5d1c7333c966758a7355ca2bf94241fb14c9966bfd8,6e88629e689a03f22aa0300bb39d83e788e8c0a26756bbd84263674f3fc7bd88,749e08d324ae75915c1d25dcf9ab3fde5f5cc826a7c2c1720ed8c457694d8851,DERIVED_STRICT_SNAPSHOT,DERIVED_STRICT_SNAPSHOT,DERIVED_CONSENSUS_RUNTIME_CODE,UNRESOLVED:requires_loupe_or_historical_event_resolver,UNRESOLVED_NO_CUTOFF_SOURCE_VERIFICATION_EVIDENCE,DERIVED_EXACT_CHAIN_ADDRESS,DERIVED_METADATA_STRIPPED_BYTECODE_SHA256,UNRESOLVED_INDEPENDENT_ADJUDICATION_REQUIRED,UNRESOLVED_INDEPENDENT_ADJUDICATION_REQUIRED,UNRESOLVED_METHODS_OWNER_FREEZE_REQUIRED
depayrouter,defihacklabs,ethereum,18281129,0xae60ac8e69414c2dc362d0e6a03af643d1d85b92,shanghai,ca2-4c0faea601ab4a95ced8,2023-10-05,DePayRouter,Business Logic Flaw,src/test/2023-10/DePayRouter_exp.sol,mainnet,https://github.com/SunWeb3Sec/DeFiHackLabs/blob/main/past/2023/README.md,frozen_public_source_hashed,1b5a1d9c3166c2b9d60fefc71f8e12d2c3d2f604b259d662e38310d39db6838b,678451b45a53f4ee384c87cc3134587e84b856c5e44a23003787abf1ad5908a3,"[""https://twitter.com/CertiKAlert/status/1709764146324009268""]",[],~$ 827 USDC,exact_contract_basename,True,True,,,2023-10-05,,,,blocked_missing_onchain_and_availability_evidence,"[""missing:deployment_block"", ""missing:prediction_cutoff_block"", ""missing:source_availability_time"", ""missing:runtime_bytecode_hash_at_cutoff"", ""missing:outcome_adjudication_id""]",retained,,cases/ca2-4c0faea601ab4a95ced8.json,55cacc7cc475700b653057272b17520d8e55a56090bff3ffc46ef56b54eaee95,cases/ca2-4c0faea601ab4a95ced8.json,87299fa00856eee63b3451fe66ab1170f58ad9b7870db2b98f7bf383e6cca989,,,,,,,,,,,,ca2-4c0faea601ab4a95ced8,cases/ca2-4c0faea601ab4a95ced8.json,87299fa00856eee63b3451fe66ab1170f58ad9b7870db2b98f7bf383e6cca989,2021-02-27T15:14:43Z,2021-02-28T15:14:45Z,4715,,,1:0xae60ac8e69414c2dc362d0e6a03af643d1d85b92,8663b98a4d0539f88094769f287a61ea74eebe5cf69614f180b42eddb65972ea,,,,,d3f98feb3de9a5183c3657f86ea8275cbffcf9533b4071f3cd6c22ec1e3659d2,795612154c9fe2063e208b9ee9e589b8062cb8f365abd9f2ee8262451201c23a,92e2bbcc8458d56f04a4691596832ad1f7ba9f3e201c968ccfe29ffce3fc06ed,DERIVED_STRICT_SNAPSHOT,DERIVED_STRICT_SNAPSHOT,DERIVED_CONSENSUS_RUNTIME_CODE,UNRESOLVED:requires_loupe_or_historical_event_resolver,UNRESOLVED_NO_CUTOFF_SOURCE_VERIFICATION_EVIDENCE,DERIVED_EXACT_CHAIN_ADDRESS,DERIVED_METADATA_STRIPPED_BYTECODE_SHA256,UNRESOLVED_INDEPENDENT_ADJUDICATION_REQUIRED,UNRESOLVED_INDEPENDENT_ADJUDICATION_REQUIRED,UNRESOLVED_METHODS_OWNER_FREEZE_REQUIRED
astrid,defihacklabs,ethereum,18448167,0xbaa87546cf87b5de1b0b52353a86792d40b8ba70,shanghai,ca2-746ec2d0566ffbda9c0f,2023-10-28,AstridProtocol,Business Logic Flaw,src/test/2023-10/Astrid_exp.sol,mainnet,https://github.com/SunWeb3Sec/DeFiHackLabs/blob/main/past/2023/README.md,frozen_public_source_hashed,1b5a1d9c3166c2b9d60fefc71f8e12d2c3d2f604b259d662e38310d39db6838b,1df4c4dc2d6d91e85e110d98993c38b3ee183c950028cddbdca2bdb4c36bc11e,"[""https://twitter.com/Phalcon_xyz/status/1718454835966775325""]",[],~$127ETH,exact_contract_basename,True,True,,,2023-10-28,,,,blocked_missing_onchain_and_availability_evidence,"[""missing:deployment_block"", ""missing:prediction_cutoff_block"", ""missing:source_availability_time"", ""missing:runtime_bytecode_hash_at_cutoff"", ""missing:outcome_adjudication_id""]",retained,,cases/ca2-746ec2d0566ffbda9c0f.json,977cf1f8695aba1308384f3746ea729732236c6af70a976e24797be5fc327931,cases/ca2-746ec2d0566ffbda9c0f.json,93fca3e15b5c5accfd8723661829aaa0854e9d6281c41c3d59d8f22260f252c8,,,,,,,,,,,,ca2-746ec2d0566ffbda9c0f,cases/ca2-746ec2d0566ffbda9c0f.json,93fca3e15b5c5accfd8723661829aaa0854e9d6281c41c3d59d8f22260f252c8,2023-10-06T12:53:23Z,2023-10-07T12:53:23Z,1101,EIP1967_PROXY,,1:0xbaa87546cf87b5de1b0b52353a86792d40b8ba70,1e136ca1a1aeed79a99142d7ebf0971701dde31b9e40e27be856a01c487c33f0,eip1967:0xa9f08c2df8e09b32eefa85f5ec459c040248b06c,,,,36e99f7db11afa6ef6193bdcbd05bca344834354559f628409d14f6a39f26375,1d37c4300d7a5a98680758d3dae7e81575ebd02ac54851c1069c29885cab01da,b9e943e3a164573e1628f4733a66f32108b26c8308ccce40b300c8d6b6f3549a,DERIVED_STRICT_SNAPSHOT,DERIVED_STRICT_SNAPSHOT,DERIVED_CONSENSUS_RUNTIME_CODE,VERIFIED_STANDARD_PROXY,UNRESOLVED_NO_CUTOFF_SOURCE_VERIFICATION_EVIDENCE,DERIVED_EXACT_CHAIN_ADDRESS,DERIVED_METADATA_STRIPPED_BYTECODE_SHA256,UNRESOLVED_INDEPENDENT_ADJUDICATION_REQUIRED,UNRESOLVED_INDEPENDENT_ADJUDICATION_REQUIRED,UNRESOLVED_METHODS_OWNER_FREEZE_REQUIRED
hopelend,defihacklabs,ethereum,18377041,0x53fbcada1201a465740f2d64ecdf6fac425f9030,shanghai,ca2-6e5acd680aa3d14315b9,2023-10-18,Hopelend,Div Precision Loss,src/test/2023-10/Hopelend_exp.sol,mainnet,https://github.com/SunWeb3Sec/DeFiHackLabs/blob/main/past/2023/README.md,frozen_public_source_hashed,1b5a1d9c3166c2b9d60fefc71f8e12d2c3d2f604b259d662e38310d39db6838b,ac3363b2ee8827a619f153f254a699bb2ff1a671a64d2945ea708e69bd5e5908,"[""https://lunaray.medium.com/deep-dive-into-hopelend-hack-5962e8b55d3f"", ""https://twitter.com/immunefi/status/1722810650387517715""]",[],~$825K,exact_contract_basename,True,True,,,2023-10-18,,,,blocked_missing_onchain_and_availability_evidence,"[""missing:deployment_block"", ""missing:prediction_cutoff_block"", ""missing:source_availability_time"", ""missing:runtime_bytecode_hash_at_cutoff"", ""missing:outcome_adjudication_id""]",retained,,cases/ca2-6e5acd680aa3d14315b9.json,9284a177fadfcbe12ebda80895305a2aebff3f2314bc84d5ed79a348f20714e8,cases/ca2-6e5acd680aa3d14315b9.json,6d1f5bffe95394c97741179be8460494b816997b7c4d65d773579be5c017253e,,,,,,,,,,,,ca2-6e5acd680aa3d14315b9,cases/ca2-6e5acd680aa3d14315b9.json,6d1f5bffe95394c97741179be8460494b816997b7c4d65d773579be5c017253e,2023-08-07T06:11:59Z,2023-08-08T06:11:59Z,2385,EIP1967_PROXY,,1:0x53fbcada1201a465740f2d64ecdf6fac425f9030,352a3fbabfe753d7dfe2c05afec8ef3c959c06adf6f5306415a311fec06f47b9,eip1967:0x3a6d9bf8286a4ada77c15ecf82d4c0c0af95be74,,,,7ca68e8c6cdf2aca9f45aebf6eadd798e2ba42adbbb8b10a2cb48415e206a705,a1511683691e80c9753c78b01e1352cbd417f6d2b2e3404379bf0a1e1cb8ec10,1e0e219ed2023a133aa00305477c42a4dcc79554bc7120834759d071eb355c8b,DERIVED_STRICT_SNAPSHOT,DERIVED_STRICT_SNAPSHOT,DERIVED_CONSENSUS_RUNTIME_CODE,VERIFIED_STANDARD_PROXY,UNRESOLVED_NO_CUTOFF_SOURCE_VERIFICATION_EVIDENCE,DERIVED_EXACT_CHAIN_ADDRESS,DERIVED_METADATA_STRIPPED_BYTECODE_SHA256,UNRESOLVED_INDEPENDENT_ADJUDICATION_REQUIRED,UNRESOLVED_INDEPENDENT_ADJUDICATION_REQUIRED,UNRESOLVED_METHODS_OWNER_FREEZE_REQUIRED
openleverage,defihacklabs,bsc,32820951,0x7bacb1c805cbbf7c4f74556a4b34fde7793d0887,shanghai,ca2-ca180b9c5c90165fb523,2023-10-22,OpenLeverage,Business Logic Flaw,src/test/2023-10/OpenLeverage_exp.sol,bsc,https://github.com/SunWeb3Sec/DeFiHackLabs/blob/main/past/2023/README.md,frozen_public_source_hashed,1b5a1d9c3166c2b9d60fefc71f8e12d2c3d2f604b259d662e38310d39db6838b,654f68a7a2afa70319c628bab97c627cb470f2f69b7a6e866b13a5689fc30f3d,"[""https://defimon.xyz/exploit/bsc/0x5366c6ba729d9cf8d472500afc1a2976ac2fe9ff""]",[],~$8K,exact_contract_basename,True,True,,,2023-10-22,,,,blocked_missing_onchain_and_availability_evidence,"[""missing:deployment_block"", ""missing:prediction_cutoff_block"", ""missing:source_availability_time"", ""missing:runtime_bytecode_hash_at_cutoff"", ""missing:outcome_adjudication_id""]",retained,,cases/ca2-ca180b9c5c90165fb523.json,a1152a260b8a6eaf30876f3eb9e947e44b2b68a1695d63e3f60f3a9305a72fc4,cases/ca2-ca180b9c5c90165fb523.json,8025740a69493d0427ff78e1b64dcc3774fb6bb343430296d366137373bdbbae,,,,,,,,,,,,ca2-ca180b9c5c90165fb523,cases/ca2-ca180b9c5c90165fb523.json,8025740a69493d0427ff78e1b64dcc3774fb6bb343430296d366137373bdbbae,2023-03-01T08:23:57Z,2023-03-02T08:23:58Z,2197,,,56:0x7bacb1c805cbbf7c4f74556a4b34fde7793d0887,90a19c64629dd8e4ff334e10106520452c4ddb15265d7f516bf888fee6a32514,,,,,b1ee91f59f9d1ce22d6110da38031eb3a89c9b30644cc071fa68dac02c6570e6,57b68bbdd64798f601d32681dd280163efa2189f006af7e0930ee9b5a3cd92b9,04860b4dc7c2276a04b8703ad91e1850f57d1e0adf34576a61a83e7a66f0aebb,DERIVED_STRICT_SNAPSHOT,DERIVED_STRICT_SNAPSHOT,DERIVED_CONSENSUS_RUNTIME_CODE,UNRESOLVED:requires_loupe_or_historical_event_resolver,UNRESOLVED_NO_CUTOFF_SOURCE_VERIFICATION_EVIDENCE,DERIVED_EXACT_CHAIN_ADDRESS,DERIVED_METADATA_STRIPPED_BYTECODE_SHA256,UNRESOLVED_INDEPENDENT_ADJUDICATION_REQUIRED,UNRESOLVED_INDEPENDENT_ADJUDICATION_REQUIRED,UNRESOLVED_METHODS_OWNER_FREEZE_REQUIRED
zs,defihacklabs,bsc,32429591,0x12b3b6b1055b8ad1ae8f60a0b6c79a9825bcb4bc,shanghai,ca2-2f4322a54fd6caa407fe,2023-10-08,ZS,Business Logic Flaw,src/test/2023-10/ZS_exp.sol,bsc,https://github.com/SunWeb3Sec/DeFiHackLabs/blob/main/past/2023/README.md,frozen_public_source_hashed,1b5a1d9c3166c2b9d60fefc71f8e12d2c3d2f604b259d662e38310d39db6838b,b503ee263e167bb1e9fc5c91e7df46904eb33a13d2a864d82f3035214dc0fbf4,"[""https://x.com/MetaSec_xyz/status/1711189697534513327""]",[],~$14K,exact_contract_basename,True,True,,,2023-10-08,,,,blocked_missing_onchain_and_availability_evidence,"[""missing:deployment_block"", ""missing:prediction_cutoff_block"", ""missing:source_availability_time"", ""missing:runtime_bytecode_hash_at_cutoff"", ""missing:outcome_adjudication_id""]",retained,,cases/ca2-2f4322a54fd6caa407fe.json,4d1775e8f98663fa52aee4bb909a4f79c2a780085b5a164443ac7bfd394f63cb,cases/ca2-2f4322a54fd6caa407fe.json,d6aef37d734ee2bdef3baab4b05d3ffdaca8cc46ad3f65407cfd305765829a81,,,,,,,,,,,,ca2-2f4322a54fd6caa407fe,cases/ca2-2f4322a54fd6caa407fe.json,d6aef37d734ee2bdef3baab4b05d3ffdaca8cc46ad3f65407cfd305765829a81,2023-09-26T10:35:05Z,2023-09-27T10:35:06Z,11498,,,56:0x12b3b6b1055b8ad1ae8f60a0b6c79a9825bcb4bc,08f678c3d9e42a325db4d39bb85f221d4dbb1baa424c737274d7d5ea4b64693a,,,,,d58db317fc55230d2a5d1c8cd6a6e0a914d9a823b3a6a71bd508c3e0bfc4cfd8,f8e15d398a540be17ae4073352801cad4f43ae1589befc5d90271d2045b47b27,bd6b42bbcba43d74830be879926f4fa5fb3bb634a352e9f050d375f0e8def4dd,DERIVED_STRICT_SNAPSHOT,DERIVED_STRICT_SNAPSHOT,DERIVED_CONSENSUS_RUNTIME_CODE,UNRESOLVED:requires_loupe_or_historical_event_resolver,UNRESOLVED_NO_CUTOFF_SOURCE_VERIFICATION_EVIDENCE,DERIVED_EXACT_CHAIN_ADDRESS,DERIVED_METADATA_STRIPPED_BYTECODE_SHA256,UNRESOLVED_INDEPENDENT_ADJUDICATION_REQUIRED,UNRESOLVED_INDEPENDENT_ADJUDICATION_REQUIRED,UNRESOLVED_METHODS_OWNER_FREEZE_REQUIRED
wiselending,defihacklabs,ethereum,18342120,0x84524baa1951247b3a2617a843e6ece915bb9674,shanghai,ca2-789b9d7c348037be1840,2023-10-13,WiseLending,Donate Inflation ExchangeRate && Rounding Error,src/test/2023-10/WiseLending_exp.sol,mainnet,https://github.com/SunWeb3Sec/DeFiHackLabs/blob/main/past/2023/README.md,frozen_public_source_hashed,1b5a1d9c3166c2b9d60fefc71f8e12d2c3d2f604b259d662e38310d39db6838b,fe4ed68a0d11da3971450e0fc0bfe4d199e0e390deb63e1df86381c1747e3f10,"[""https://twitter.com/BlockSecTeam/status/1712871304993689709"", ""https://twitter.com/bbbb/status/1712841315522638034""]",[],~$260K,exact_contract_basename,True,True,,,2023-10-13,,,,blocked_missing_onchain_and_availability_evidence,"[""missing:deployment_block"", ""missing:prediction_cutoff_block"", ""missing:source_availability_time"", ""missing:runtime_bytecode_hash_at_cutoff"", ""missing:outcome_adjudication_id""]",retained,,cases/ca2-789b9d7c348037be1840.json,f5e05e01f401097d64b76838555a9d4edfa0d0dc103bbe6fb5aef9c7471431dd,cases/ca2-789b9d7c348037be1840.json,6fa145157bcb1441cf1113cbf8876a430d98f11be9bc35111ef9d2792567c29e,,,,,,,,,,,,ca2-789b9d7c348037be1840,cases/ca2-789b9d7c348037be1840.json,6fa145157bcb1441cf1113cbf8876a430d98f11be9bc35111ef9d2792567c29e,2023-08-07T19:13:59Z,2023-08-08T19:13:59Z,24178,,,1:0x84524baa1951247b3a2617a843e6ece915bb9674,1cf27df31a3e3408befed20dfee15dc2bee2e969b2596ea0d34c44a4efb20c59,,,,,a0a7bf92699f6233daf8e39c12c46456b418088c2fae84cbacdf1da6a096cffa,ac67233440b18cfe02d090f7941b9522ea09633ad90fab13ea01a571ed186e73,384f4c62172cfe2b88bf91941c84a8663dd495eebfdcd329a70a762251d95492,DERIVED_STRICT_SNAPSHOT,DERIVED_STRICT_SNAPSHOT,DERIVED_CONSENSUS_RUNTIME_CODE,UNRESOLVED:requires_loupe_or_historical_event_resolver,UNRESOLVED_NO_CUTOFF_SOURCE_VERIFICATION_EVIDENCE,DERIVED_EXACT_CHAIN_ADDRESS,DERIVED_METADATA_STRIPPED_BYTECODE_SHA256,UNRESOLVED_INDEPENDENT_ADJUDICATION_REQUIRED,UNRESOLVED_INDEPENDENT_ADJUDICATION_REQUIRED,UNRESOLVED_METHODS_OWNER_FREEZE_REQUIRED
pseudoeth,defihacklabs,ethereum,18305131,0x2033b54b6789a963a02bfcbd40a46816770f1161,shanghai,ca2-6f8a2ab5c968b3eaaf69,2023-10-08,pSeudoEth,Pool manipulation,src/test/2023-10/pSeudoEth_exp.sol,mainnet,https://github.com/SunWeb3Sec/DeFiHackLabs/blob/main/past/2023/README.md,frozen_public_source_hashed,1b5a1d9c3166c2b9d60fefc71f8e12d2c3d2f604b259d662e38310d39db6838b,7367a892fb5af9fd9f54b20be34fbf9f07f2c20629b7196b40d75f65936feb46,"[""https://twitter.com/CertiKAlert/status/1710979615164944729""]",[],~$2.3K,exact_contract_basename,True,True,,,2023-10-08,,,,blocked_missing_onchain_and_availability_evidence,"[""missing:deployment_block"", ""missing:prediction_cutoff_block"", ""missing:source_availability_time"", ""missing:runtime_bytecode_hash_at_cutoff"", ""missing:outcome_adjudication_id""]",retained,,cases/ca2-6f8a2ab5c968b3eaaf69.json,deb92e3ee757811a40a089685205df231a018c55f2c932a545de857a3baff9bb,cases/ca2-6f8a2ab5c968b3eaaf69.json,9e4983ff1686e88d31b4d0e3ec2866b18b527cb839aa0ef32cae502e3162dee6,,,,,,,,,,,,ca2-6f8a2ab5c968b3eaaf69,cases/ca2-6f8a2ab5c968b3eaaf69.json,9e4983ff1686e88d31b4d0e3ec2866b18b527cb839aa0ef32cae502e3162dee6,2023-06-10T00:15:35Z,2023-06-11T00:15:35Z,11293,,,1:0x2033b54b6789a963a02bfcbd40a46816770f1161,0b09ff20a879ebffb4348851a7a95117d3482e44a6791f8da3d72f91af3e9915,,,,,fd3bbb32ca5d106cdccabd067276ced96bbd00f071b4c267680db6725c298b0a,c08da710e2c1d3ea1aa9c4a0705f90f09ba588101556e8c67cf253cd82f410bf,40336f70bba7764fc05a901dcde9bfb6891054adb055eed77da6a66705152761,DERIVED_STRICT_SNAPSHOT,DERIVED_STRICT_SNAPSHOT,DERIVED_CONSENSUS_RUNTIME_CODE,UNRESOLVED:requires_loupe_or_historical_event_resolver,UNRESOLVED_NO_CUTOFF_SOURCE_VERIFICATION_EVIDENCE,DERIVED_EXACT_CHAIN_ADDRESS,DERIVED_METADATA_STRIPPED_BYTECODE_SHA256,UNRESOLVED_INDEPENDENT_ADJUDICATION_REQUIRED,UNRESOLVED_INDEPENDENT_ADJUDICATION_REQUIRED,UNRESOLVED_METHODS_OWNER_FREEZE_REQUIRED
ktaf,defihacklabs,ethereum,18385885,0xf5140fc35c6f94d02d7466f793feb0216082d7e5,shanghai,ca2-5c6b3bca3311000683b6,2023-10-19,kTAF,CompoundV2 Inflation Attack,src/test/2023-10/kTAF_exp.sol,mainnet,https://github.com/SunWeb3Sec/DeFiHackLabs/blob/main/past/2023/README.md,frozen_public_source_hashed,1b5a1d9c3166c2b9d60fefc71f8e12d2c3d2f604b259d662e38310d39db6838b,91ed447eedeac861483bcb32fe39cf0f028a35e3a80b97590af5d896965fb3b4,"[""https://defimon.xyz/attack/mainnet/0x325999373f1aae98db2d89662ff1afbe0c842736f7564d16a7b52bf5c777d3a4""]",[],~$8K,exact_contract_basename,True,True,,,2023-10-19,,,,blocked_missing_onchain_and_availability_evidence,"[""missing:deployment_block"", ""missing:prediction_cutoff_block"", ""missing:source_availability_time"", ""missing:runtime_bytecode_hash_at_cutoff"", ""missing:outcome_adjudication_id""]",retained,,cases/ca2-5c6b3bca3311000683b6.json,25d5b8b47e7db21ed16ae4d2d8ff0fbd9fed8cf78a01ba0a3ee2855db6ab2495,cases/ca2-5c6b3bca3311000683b6.json,222710727854c8c09ca8f4e5f3f05dda8688bf69adf1f1a840480a62fa6bf987,,,,,,,,,,,,ca2-5c6b3bca3311000683b6,cases/ca2-5c6b3bca3311000683b6.json,222710727854c8c09ca8f4e5f3f05dda8688bf69adf1f1a840480a62fa6bf987,2020-07-24T00:02:01Z,2020-07-25T00:02:02Z,21094,,,1:0xf5140fc35c6f94d02d7466f793feb0216082d7e5,a76dfb768a8208eb3c8a4e33d24c5d16d65c7465b0c20e9692611203ec69c96e,,,,,be5f2eca6e5bfc5e7079cbe5d318f6338db885422a7aa07ffbffcf1c54530fb6,7fbe75117d68925d8b6255b8340c732aaa2dafb3f2054d7d42e460c28080d8c2,ce633397d9122d5a7a7c8dde90bc1c9b3f157b9dd7a2903911b5aa4f2bf50440,DERIVED_STRICT_SNAPSHOT,DERIVED_STRICT_SNAPSHOT,DERIVED_CONSENSUS_RUNTIME_CODE,UNRESOLVED:requires_loupe_or_historical_event_resolver,UNRESOLVED_NO_CUTOFF_SOURCE_VERIFICATION_EVIDENCE,DERIVED_EXACT_CHAIN_ADDRESS,DERIVED_METADATA_STRIPPED_BYTECODE_SHA256,UNRESOLVED_INDEPENDENT_ADJUDICATION_REQUIRED,UNRESOLVED_INDEPENDENT_ADJUDICATION_REQUIRED,UNRESOLVED_METHODS_OWNER_FREEZE_REQUIRED
BitCrown,defihacklabs-temporal-replacement-finalization,bsc,51131921,0x93b621a9f8f1821a6a693a29672ca3d6612a2a7e,,ca2-5d15ea73c6fd71a4407d,2025-06-09,BitCrown,replacement_candidate,,bsc,,replacement_candidate_historical_snapshot_verified,027b2c5a607e9cd461730ed816e8c806fc0121f58cc801550463fed42fd287f5,80deb40c3331deece2fd211578c82b52683c15c302a59c12e6663a910179c993,[],"[""0x442ce0af4d10b23968a66b0b53d7b95f5bb611d55f19dc5a1963c763f65128f0""]",,frozen_chain_global_order_finalization,True,True,51051014,51108603,51131922,,16c9876738cdd037924a9e0a5678f176b70e1519eeec70bb87eddd64c26246eb,,replacement_candidate_selected,[],replacement,ca2-a315156294181711e836,cases/ca2-a315156294181711e836.json,f69fa542eb46be62f32058112c5c29cac9c1dd4eb4fb3bbac3602e9461ef5aea,,,cases/ca2r-afc2255d4280cce6776a.json,24ad7709c5ccf78296070bd4942e04c500da330966019ecb3d0a7a1d6f0b3b8c,historical_cases/ca2r-afc2255d4280cce6776a/ca2r-afc2255d4280cce6776a.json,e9bca5793a76962358c349818d7c2f9b67b720e14946fd0def5ea14001897afc,29,first_eligible_unique_from_frozen_chain_global_order,027b2c5a607e9cd461730ed816e8c806fc0121f58cc801550463fed42fd287f5,d3b80fe4ed7198fc900616b269408c1d0485ef8f000f46d37adb75be862a4a9c,51131921,0x442ce0af4d10b23968a66b0b53d7b95f5bb611d55f19dc5a1963c763f65128f0,ca2r-afc2255d4280cce6776a,ca2r-afc2255d4280cce6776a,historical_cases/ca2r-afc2255d4280cce6776a/ca2r-afc2255d4280cce6776a.json,e9bca5793a76962358c349818d7c2f9b67b720e14946fd0def5ea14001897afc,2025-06-07T18:22:23Z,2025-06-08T18:22:23Z,1394,,,56:0x93b621a9f8f1821a6a693a29672ca3d6612a2a7e,47645dfce1db46b08101bf25ae1cab478f7fe01aae1fc5f320c834b4f691ef69,,,,,ebc7555ba7b4efe56b82ae2bd5616115764fd7026c9e7693f16eba318f336759,ebf2bea34471f90d0b9633d8436d015b5867fa4f8b3484d57be65035b38d6291,c1092bb09682ffdbd42c68cfa86ba1f6a53384466be98cf04da720783c00126b,DERIVED_STRICT_SNAPSHOT,DERIVED_STRICT_SNAPSHOT,DERIVED_CONSENSUS_RUNTIME_CODE,UNRESOLVED:requires_loupe_or_historical_event_resolver,UNRESOLVED_NO_CUTOFF_SOURCE_VERIFICATION_EVIDENCE,DERIVED_EXACT_CHAIN_ADDRESS,DERIVED_METADATA_STRIPPED_BYTECODE_SHA256,UNRESOLVED_INDEPENDENT_ADJUDICATION_REQUIRED,UNRESOLVED_INDEPENDENT_ADJUDICATION_REQUIRED,UNRESOLVED_METHODS_OWNER_FREEZE_REQUIRED
burntbubba,defihacklabs,ethereum,18680254,0xa44e79a2c9a8965e7a6fa77bf0ca8faf50e6c73e,shanghai,ca2-87c7a2d034157234fe09,2023-11-29,Burntbubba,Price Manipulation,src/test/2023-11/Burntbubba_exp.sol,mainnet,https://github.com/SunWeb3Sec/DeFiHackLabs/blob/main/past/2023/README.md,frozen_public_source_hashed,1b5a1d9c3166c2b9d60fefc71f8e12d2c3d2f604b259d662e38310d39db6838b,366337a679c5ba2ed9ef400c4d32ebc352b5fe185180f081b8914db6a7eada2b,"[""https://x.com/MetaSec_xyz/status/1730044259087315046""]",[],~$3K,exact_contract_basename,True,True,,,2023-11-29,,,,blocked_missing_onchain_and_availability_evidence,"[""missing:deployment_block"", ""missing:prediction_cutoff_block"", ""missing:source_availability_time"", ""missing:runtime_bytecode_hash_at_cutoff"", ""missing:outcome_adjudication_id""]",retained,,cases/ca2-87c7a2d034157234fe09.json,fe1aae48492bd31beb00612e038308c21946be4911ef47508a34a316551b7af4,cases/ca2-87c7a2d034157234fe09.json,68f0763b18be55554796ad3413b33f7a7adfdfe3c6ab3017e5b10e9ad08b9dd8,,,,,,,,,,,,ca2-87c7a2d034157234fe09,cases/ca2-87c7a2d034157234fe09.json,68f0763b18be55554796ad3413b33f7a7adfdfe3c6ab3017e5b10e9ad08b9dd8,2023-01-10T15:25:11Z,2023-01-11T15:25:11Z,45,EIP1167_PROXY,,1:0xa44e79a2c9a8965e7a6fa77bf0ca8faf50e6c73e,eff47174a9d8fee3fc9e1627e79bb9206d4e8ab1136859eac65c74c7bb2e6b10,eip1167:0x44d1c6b94b282c678c95b7f4b18de5a53ea4fa9f,,,,5fcf1e88d5a06742f1387b2784aa6dba5a1b8af0d4d452fd15da61763b1c0c15,6469780068827ef6f922c532521b692ed65f01d0b83f34ffeb50bfce9a4de455,c4038b18afa4d3c7c675d9859ec1538db7479b27ba1a541b428a39cdec9f0641,DERIVED_STRICT_SNAPSHOT,DERIVED_STRICT_SNAPSHOT,DERIVED_CONSENSUS_RUNTIME_CODE,VERIFIED_STANDARD_PROXY,UNRESOLVED_NO_CUTOFF_SOURCE_VERIFICATION_EVIDENCE,DERIVED_EXACT_CHAIN_ADDRESS,DERIVED_METADATA_STRIPPED_BYTECODE_SHA256,UNRESOLVED_INDEPENDENT_ADJUDICATION_REQUIRED,UNRESOLVED_INDEPENDENT_ADJUDICATION_REQUIRED,UNRESOLVED_METHODS_OWNER_FREEZE_REQUIRED
Bitallx,defihacklabs-temporal-replacement-finalization,bsc,49758338,0xa5f3728767f834c591ee99c8c5854b752f39c385,,ca2-2fce7b426138574319d9,2025-05-16,Bitallx,replacement_candidate,,bsc,,replacement_candidate_historical_snapshot_verified,df91fb0c1cd127c834a94b41bd19add57e8a9b3b7b77821f3a4941d78f65eeb4,1526445aff053710d83df52df51c3cccefc8d4e78cfe910ca11c8faf173bd94e,[],"[""0x1fe893e4d8370a8d6da590b32f66bd032217bac2e56bd2bf0de2a9df9c7117dd""]",,frozen_chain_global_order_finalization,True,True,49639488,49697011,49758339,,07f29aabd3c3474268167e88545513a6807ae1a6902fc7831a1ea11a03eec0ca,,replacement_candidate_selected,[],replacement,ca2-efd162261d7f42c2343b,cases/ca2-efd162261d7f42c2343b.json,80df4835f9932520b3011d5f6077c8c4cbf22b9d7d9a7da7fc6f46e045acb536,,,cases/ca2r-0a3059d0a1060001da97.json,e97ac155a484309c1e56a137384cf438b2989b05121f15d257a5530d3172c60c,historical_cases/ca2r-0a3059d0a1060001da97/ca2r-0a3059d0a1060001da97.json,7df23ffa3efa0d2208b85db8a7daf49a568c033b805e537c2b0f8e298e33f0f7,36,first_eligible_unique_from_frozen_chain_global_order,df91fb0c1cd127c834a94b41bd19add57e8a9b3b7b77821f3a4941d78f65eeb4,d3b80fe4ed7198fc900616b269408c1d0485ef8f000f46d37adb75be862a4a9c,49758338,0x1fe893e4d8370a8d6da590b32f66bd032217bac2e56bd2bf0de2a9df9c7117dd,ca2r-0a3059d0a1060001da97,ca2r-0a3059d0a1060001da97,historical_cases/ca2r-0a3059d0a1060001da97/ca2r-0a3059d0a1060001da97.json,7df23ffa3efa0d2208b85db8a7daf49a568c033b805e537c2b0f8e298e33f0f7,2025-05-14T06:01:07Z,2025-05-15T06:01:07Z,3004,,,56:0xa5f3728767f834c591ee99c8c5854b752f39c385,360797863f75e3511655db4fbee1bbdc2ffe5b4cfca5197865552729a169facf,,,,,30d6b4463de7caae42243bec4fbcc8a3fefa0aa34d3ebae5235b784af1564d7c,d8fcbe9ee676d3bf17ce563992432d28481b22f17e5953c860ce0e4638c578c1,aa42f02fead911c1b337166e852ea7c85be9e58be212ef99fc875cecae72cdf8,DERIVED_STRICT_SNAPSHOT,DERIVED_STRICT_SNAPSHOT,DERIVED_CONSENSUS_RUNTIME_CODE,UNRESOLVED:requires_loupe_or_historical_event_resolver,UNRESOLVED_NO_CUTOFF_SOURCE_VERIFICATION_EVIDENCE,DERIVED_EXACT_CHAIN_ADDRESS,DERIVED_METADATA_STRIPPED_BYTECODE_SHA256,UNRESOLVED_INDEPENDENT_ADJUDICATION_REQUIRED,UNRESOLVED_INDEPENDENT_ADJUDICATION_REQUIRED,UNRESOLVED_METHODS_OWNER_FREEZE_REQUIRED
carolprotocol,defihacklabs,base,7246080,0x26fe408bbd7a490feb056da8e2d1e007938e5685,shanghai,ca2-e726d15fcadb675a6a84,2023-11-30,CAROLProtocol,Price Manipulation Via Reentrancy,src/test/2023-11/CAROLProtocol_exp.sol,base,https://github.com/SunWeb3Sec/DeFiHackLabs/blob/main/past/2023/README.md,frozen_public_source_hashed,1b5a1d9c3166c2b9d60fefc71f8e12d2c3d2f604b259d662e38310d39db6838b,9033a03fb8b67fb19794406d2629035a33362c3189cedc26dc77bdb8cb78c188,"[""https://x.com/MetaSec_xyz/status/1730496513359647167""]",[],~$53k,exact_contract_basename,True,True,,,2023-11-30,,,,blocked_missing_onchain_and_availability_evidence,"[""missing:deployment_block"", ""missing:prediction_cutoff_block"", ""missing:source_availability_time"", ""missing:runtime_bytecode_hash_at_cutoff"", ""missing:outcome_adjudication_id""]",retained,,cases/ca2-e726d15fcadb675a6a84.json,b75fbe6a56e7d65940352a6dff787265efe5be2cd67d68563eb8826e6897ea17,cases/ca2-e726d15fcadb675a6a84.json,16aea24064a231ee5786492c5accdcaa58c2f8be5549e0bd042a86aade9f65b8,,,,,,,,,,,,ca2-e726d15fcadb675a6a84,cases/ca2-e726d15fcadb675a6a84.json,16aea24064a231ee5786492c5accdcaa58c2f8be5549e0bd042a86aade9f65b8,2023-09-07T13:32:03Z,2023-09-08T13:32:03Z,17227,,,8453:0x26fe408bbd7a490feb056da8e2d1e007938e5685,4c276a0d5f655c1f1552e5fa588303764bf2426e8ebbd50d2780236ada347a3e,,,,,7df55b80c7942d167aa2b280946a7247fc81bb7175a3c02126df6c8b2cfd8a76,e2c79f25491e2a3b874f8f45dd6a6957df31392c8a29eed7216b8bd6aa05d3e5,fbac66d9dbfdd55b58b1eb9e64fee88e1eb3ad48ef9b79aba82faf92403abbcf,DERIVED_STRICT_SNAPSHOT,DERIVED_STRICT_SNAPSHOT,DERIVED_CONSENSUS_RUNTIME_CODE,UNRESOLVED:requires_loupe_or_historical_event_resolver,UNRESOLVED_NO_CUTOFF_SOURCE_VERIFICATION_EVIDENCE,DERIVED_EXACT_CHAIN_ADDRESS,DERIVED_METADATA_STRIPPED_BYTECODE_SHA256,UNRESOLVED_INDEPENDENT_ADJUDICATION_REQUIRED,UNRESOLVED_INDEPENDENT_ADJUDICATION_REQUIRED,UNRESOLVED_METHODS_OWNER_FREEZE_REQUIRED
ehx,defihacklabs,bsc,33503911,0xe1747a23c44f445062078e3c528c9f4c28c50a51,shanghai,ca2-14bd5d42e2f704e2cc65,2023-11-15,EHX,Lack of Slippage Control,src/test/2023-11/EHX_exp.sol,bsc,https://github.com/SunWeb3Sec/DeFiHackLabs/blob/main/past/2023/README.md,frozen_public_source_hashed,1b5a1d9c3166c2b9d60fefc71f8e12d2c3d2f604b259d662e38310d39db6838b,a18c1d9fe7bf05d142752c8e0f8f37630c645e3812628dd1b9fefbc27a7b7fbf,"[""https://x.com/MetaSec_xyz/status/1724691996638618086""]",[],Unclear,exact_contract_basename,True,True,,,2023-11-15,,,,blocked_missing_onchain_and_availability_evidence,"[""missing:deployment_block"", ""missing:prediction_cutoff_block"", ""missing:source_availability_time"", ""missing:runtime_bytecode_hash_at_cutoff"", ""missing:outcome_adjudication_id""]",retained,,cases/ca2-14bd5d42e2f704e2cc65.json,b980f03a0f50eae44134f12360f8104c3773fa8ab54414c1c18ec759d4b82569,cases/ca2-14bd5d42e2f704e2cc65.json,33bdca99e0e55d6d6151079b12ffe6b28fb332fe38d901b4c559ec158389337a,,,,,,,,,,,,ca2-14bd5d42e2f704e2cc65,cases/ca2-14bd5d42e2f704e2cc65.json,33bdca99e0e55d6d6151079b12ffe6b28fb332fe38d901b4c559ec158389337a,2022-03-07T13:47:47Z,2022-03-08T13:47:48Z,10284,,,56:0xe1747a23c44f445062078e3c528c9f4c28c50a51,69e8532d67c36a1fcebc172123ac09edaf445ddc589be7a0273ea0cfd18ea4cf,,,,,123557f8b36998332a546d8f01b36f843d3049d1b9635bf307ac685895bd7263,2e417d8d883f33a5476d331907ec6bcea5daf42b6857e52dd75a5130dc4bb1e6,dca74df774a44bd15624c8e00f830c362646300216ff78e526ced1fc43467186,DERIVED_STRICT_SNAPSHOT,DERIVED_STRICT_SNAPSHOT,DERIVED_CONSENSUS_RUNTIME_CODE,UNRESOLVED:requires_loupe_or_historical_event_resolver,UNRESOLVED_NO_CUTOFF_SOURCE_VERIFICATION_EVIDENCE,DERIVED_EXACT_CHAIN_ADDRESS,DERIVED_METADATA_STRIPPED_BYTECODE_SHA256,UNRESOLVED_INDEPENDENT_ADJUDICATION_REQUIRED,UNRESOLVED_INDEPENDENT_ADJUDICATION_REQUIRED,UNRESOLVED_METHODS_OWNER_FREEZE_REQUIRED
mahalend,defihacklabs,ethereum,18544604,0xfd11aba71c06061f446ade4eec057179f19c23c4,shanghai,ca2-af464f834697310f7d30,2023-11-11,MahaLend,Donate Inflation ExchangeRate & Rounding Error,src/test/2023-11/MahaLend_exp.sol,mainnet,https://github.com/SunWeb3Sec/DeFiHackLabs/blob/main/past/2023/README.md,frozen_public_source_hashed,1b5a1d9c3166c2b9d60fefc71f8e12d2c3d2f604b259d662e38310d39db6838b,06a6d113019acfeb5d11061532075f5f388fa6e5707881f5ed656071edc3ced3,"[""https://twitter.com/Phalcon_xyz/status/1723223766350832071""]",[],~$20 K,exact_contract_basename,True,True,,,2023-11-11,,,,blocked_missing_onchain_and_availability_evidence,"[""missing:deployment_block"", ""missing:prediction_cutoff_block"", ""missing:source_availability_time"", ""missing:runtime_bytecode_hash_at_cutoff"", ""missing:outcome_adjudication_id""]",retained,,cases/ca2-af464f834697310f7d30.json,00afd1b8889503fad13416ff081c9043cfbca7aa2d352ed12b65ebdfc1948810,cases/ca2-af464f834697310f7d30.json,60ddfab4b66eac5a183b84a5e6a4627a5ee0cf780ab1aa671dd5377ce300ae2c,,,,,,,,,,,,ca2-af464f834697310f7d30,cases/ca2-af464f834697310f7d30.json,60ddfab4b66eac5a183b84a5e6a4627a5ee0cf780ab1aa671dd5377ce300ae2c,2022-12-12T07:14:35Z,2022-12-13T07:14:35Z,20065,,,1:0xfd11aba71c06061f446ade4eec057179f19c23c4,7f5839260458b68a9cad21c5a2ae726945c41ef9d183ce68ea5ce52ae6f4fdf1,,,,,41b069439fbff15b01a8d0cae10af5fd6b5e3fbfe8fa3233fde62160c5dcee04,998acaac03f6be63c71571e96199cd8e1bd56b0f31998b1391545791c411cc8d,63daf849d4d1c24c433556cfc1fd50c469b6690d207fa19dc7a8ef474d06ca2f,DERIVED_STRICT_SNAPSHOT,DERIVED_STRICT_SNAPSHOT,DERIVED_CONSENSUS_RUNTIME_CODE,UNRESOLVED:requires_loupe_or_historical_event_resolver,UNRESOLVED_NO_CUTOFF_SOURCE_VERIFICATION_EVIDENCE,DERIVED_EXACT_CHAIN_ADDRESS,DERIVED_METADATA_STRIPPED_BYTECODE_SHA256,UNRESOLVED_INDEPENDENT_ADJUDICATION_REQUIRED,UNRESOLVED_INDEPENDENT_ADJUDICATION_REQUIRED,UNRESOLVED_METHODS_OWNER_FREEZE_REQUIRED
swampfinance,defihacklabs,bsc,33112358,0x33adbf5f1ec364a4ea3a5ca8f310b597b8afdee3,shanghai,ca2-7cd2beaa007600ae46b4,2023-11-01,SwampFinance,Business Logic Flaw,src/test/2023-11/SwampFinance_exp.sol,bsc,https://github.com/SunWeb3Sec/DeFiHackLabs/blob/main/past/2023/README.md,frozen_public_source_hashed,1b5a1d9c3166c2b9d60fefc71f8e12d2c3d2f604b259d662e38310d39db6838b,eb471c333ebe8db5610ae95946d94aed50d9c24c5cffc4db6f38a5d78fde763c,"[""https://x.com/MetaSec_xyz/status/1720373044517208261""]",[],Unclear,exact_contract_basename,True,True,,,2023-11-01,,,,blocked_missing_onchain_and_availability_evidence,"[""missing:deployment_block"", ""missing:prediction_cutoff_block"", ""missing:source_availability_time"", ""missing:runtime_bytecode_hash_at_cutoff"", ""missing:outcome_adjudication_id""]",retained,,cases/ca2-7cd2beaa007600ae46b4.json,262119c4ffce67593fe6f724b2dfb056c65d691d4351c46fcfe09d763ed867f2,cases/ca2-7cd2beaa007600ae46b4.json,53fe4ffc2bdcdfe19fb71901f0250887d64225825248cc8cf8aab9f029337f8a,,,,,,,,,,,,ca2-7cd2beaa007600ae46b4,cases/ca2-7cd2beaa007600ae46b4.json,53fe4ffc2bdcdfe19fb71901f0250887d64225825248cc8cf8aab9f029337f8a,2021-03-09T12:15:15Z,2021-03-10T12:15:17Z,13863,,,56:0x33adbf5f1ec364a4ea3a5ca8f310b597b8afdee3,0f7ea616aca91925ed96af5db0f4dfc56e3909d586c2354bf3028acac532ee95,,,,,f1d4492319f107517494da62ff822e420703c80387ee78d7ce9ba83a73f75d1b,f6efb212e81a338347e0c0f1dace2fc53b2679d67b692ca6215652afcac3d9bc,2e5d9e764513ced7924321648057c1f628a327ff00f25508fa26d484074e13c6,DERIVED_STRICT_SNAPSHOT,DERIVED_STRICT_SNAPSHOT,DERIVED_CONSENSUS_RUNTIME_CODE,UNRESOLVED:requires_loupe_or_historical_event_resolver,UNRESOLVED_NO_CUTOFF_SOURCE_VERIFICATION_EVIDENCE,DERIVED_EXACT_CHAIN_ADDRESS,DERIVED_METADATA_STRIPPED_BYTECODE_SHA256,UNRESOLVED_INDEPENDENT_ADJUDICATION_REQUIRED,UNRESOLVED_INDEPENDENT_ADJUDICATION_REQUIRED,UNRESOLVED_METHODS_OWNER_FREEZE_REQUIRED
raft,defihacklabs,ethereum,18543485,0x9ab6b21cdf116f611110b048987e58894786c244,shanghai,ca2-c7586710b826b2f08a35,2023-11-10,Raft_fi,Donate Inflation ExchangeRate & Rounding Error,src/test/2023-11/Raft_exp.sol,mainnet,https://github.com/SunWeb3Sec/DeFiHackLabs/blob/main/past/2023/README.md,frozen_public_source_hashed,1b5a1d9c3166c2b9d60fefc71f8e12d2c3d2f604b259d662e38310d39db6838b,cd2bdd74e5aee1be8cba6a272c1b7db7894120764fc783c363fdac039aff50fe,"[""https://twitter.com/BlockSecTeam/status/1723229393529835972""]",[],~$3.2 M,exact_contract_basename,True,True,,,2023-11-10,,,,blocked_missing_onchain_and_availability_evidence,"[""missing:deployment_block"", ""missing:prediction_cutoff_block"", ""missing:source_availability_time"", ""missing:runtime_bytecode_hash_at_cutoff"", ""missing:outcome_adjudication_id""]",retained,,cases/ca2-c7586710b826b2f08a35.json,2f093ad174ca19da796657747a0496fc963a48aa7edf07b523641bc96b0fa3fe,cases/ca2-c7586710b826b2f08a35.json,f3aab2af62216c1c2c9124a3d4ea5d3f0ce3b4df4445f7daf4ba3eedc09e4c54,,,,,,,,,,,,ca2-c7586710b826b2f08a35,cases/ca2-c7586710b826b2f08a35.json,f3aab2af62216c1c2c9124a3d4ea5d3f0ce3b4df4445f7daf4ba3eedc09e4c54,2023-09-13T12:58:59Z,2023-09-14T12:58:59Z,22615,,,1:0x9ab6b21cdf116f611110b048987e58894786c244,9ada68798dafdb5cf6c9e3941b253fc02aefd22ad289fbd0b6e148d509ca3e23,,,,,4b9ba1a394d4ff86efdb77752fbe42acd804d6e813a965a551caffb2e99be125,cf9915d707c2e2ce3188c03908946be0a2a187d0223e983d4facb570ac600abd,aec5a96328bc2ca4fd8be06497b4a410950c2881b13a5aa185d8ff1d460e8ad9,DERIVED_STRICT_SNAPSHOT,DERIVED_STRICT_SNAPSHOT,DERIVED_CONSENSUS_RUNTIME_CODE,UNRESOLVED:requires_loupe_or_historical_event_resolver,UNRESOLVED_NO_CUTOFF_SOURCE_VERIFICATION_EVIDENCE,DERIVED_EXACT_CHAIN_ADDRESS,DERIVED_METADATA_STRIPPED_BYTECODE_SHA256,UNRESOLVED_INDEPENDENT_ADJUDICATION_REQUIRED,UNRESOLVED_INDEPENDENT_ADJUDICATION_REQUIRED,UNRESOLVED_METHODS_OWNER_FREEZE_REQUIRED
rbalancer,defihacklabs,ethereum,18523440,0xa62f9c5af106feee069f38de51098d9d81b90572,shanghai,ca2-511b838cc3ae7420a912,2023-11-07,RBalancer,Business Logic Flaw,src/test/2023-11/RBalancer_exp.sol,mainnet,https://github.com/SunWeb3Sec/DeFiHackLabs/blob/main/past/2023/README.md,frozen_public_source_hashed,1b5a1d9c3166c2b9d60fefc71f8e12d2c3d2f604b259d662e38310d39db6838b,f98b66442523d7382a3a7b7768fa85a68ce5e95cf5aa81f7e5e42c6e811bd5f2,"[""https://x.com/AnciliaInc/status/1722121056083943909""]",[],~17 ETH,exact_contract_basename,True,True,,,2023-11-07,,,,blocked_missing_onchain_and_availability_evidence,"[""missing:deployment_block"", ""missing:prediction_cutoff_block"", ""missing:source_availability_time"", ""missing:runtime_bytecode_hash_at_cutoff"", ""missing:outcome_adjudication_id""]",retained,,cases/ca2-511b838cc3ae7420a912.json,3d9ddef032b9070aec7c099491887157a34b10f1b0021ae7b727585685e166da,cases/ca2-511b838cc3ae7420a912.json,9fcbb0841b727e6d489a67ea6078048c20be2b1aab37b6a772f76dd23e733cf1,,,,,,,,,,,,ca2-511b838cc3ae7420a912,cases/ca2-511b838cc3ae7420a912.json,9fcbb0841b727e6d489a67ea6078048c20be2b1aab37b6a772f76dd23e733cf1,2023-09-24T06:20:23Z,2023-09-25T06:20:23Z,10584,,,1:0xa62f9c5af106feee069f38de51098d9d81b90572,da57b27644dbbc089a8d6b16a814af8c0d53bd42ea4e561fc0e4785084ddd46a,,,,,dff3fe1c9647e0743dfecd512132805884d3d50ed03bf6347c0df52b4b698a77,83da6ea8bcc58b50e5c817affdebfc01e4e067c6aa2e585acfead13fd2ac2276,67539741281a1ee2e590cf4e43fd26c78583e6be80cdf26d4ed6492bab219145,DERIVED_STRICT_SNAPSHOT,DERIVED_STRICT_SNAPSHOT,DERIVED_CONSENSUS_RUNTIME_CODE,UNRESOLVED:requires_loupe_or_historical_event_resolver,UNRESOLVED_NO_CUTOFF_SOURCE_VERIFICATION_EVIDENCE,DERIVED_EXACT_CHAIN_ADDRESS,DERIVED_METADATA_STRIPPED_BYTECODE_SHA256,UNRESOLVED_INDEPENDENT_ADJUDICATION_REQUIRED,UNRESOLVED_INDEPENDENT_ADJUDICATION_REQUIRED,UNRESOLVED_METHODS_OWNER_FREEZE_REQUIRED
shibatoken,defihacklabs,bsc,33528882,0x13b1f2e227ca6f8e08ac80368fd637f5084f10a5,shanghai,ca2-db4133161e8ad967d9de,2023-11-17,ShibaToken,Business Logic Flaw,src/test/2023-11/ShibaToken_exp.sol,bsc,https://github.com/SunWeb3Sec/DeFiHackLabs/blob/main/past/2023/README.md,frozen_public_source_hashed,1b5a1d9c3166c2b9d60fefc71f8e12d2c3d2f604b259d662e38310d39db6838b,b7cada09b59c506a4279b6085113710972cd4b2e987982fdf0cf8f66a2f23e9e,[],[],~$31K,exact_contract_basename,True,True,,,2023-11-17,,,,blocked_missing_onchain_and_availability_evidence,"[""missing:deployment_block"", ""missing:prediction_cutoff_block"", ""missing:source_availability_time"", ""missing:runtime_bytecode_hash_at_cutoff"", ""missing:outcome_adjudication_id""]",retained,,cases/ca2-db4133161e8ad967d9de.json,6ddea6e51e1c0ee845ca5e4fe79ab0777179e6874f3bf5e83c923148d114b201,cases/ca2-db4133161e8ad967d9de.json,4b5bf3a80d55884870e5246c781f5c4fe228e3c6c2416cab419e5f991332b37a,,,,,,,,,,,,ca2-db4133161e8ad967d9de,cases/ca2-db4133161e8ad967d9de.json,4b5bf3a80d55884870e5246c781f5c4fe228e3c6c2416cab419e5f991332b37a,2023-11-06T15:06:40Z,2023-11-07T15:06:41Z,17632,,,56:0x13b1f2e227ca6f8e08ac80368fd637f5084f10a5,7d0fb0703060c2533d50d305e82e5e7631e04a0810483c47787925a1f98534b4,,,,,d5f1094ecaa926e425f19fb81f38431d68880bffb8cc6dac78440c56b39462ec,bc593f8ef3bad1bdbea8a4fe6cf372aaab360e7f147970833bac1b34f428bd43,a6262c1ec5e7a9002a567c41f7f740e16ab21b0b1499ae001d7d0903b690e82d,DERIVED_STRICT_SNAPSHOT,DERIVED_STRICT_SNAPSHOT,DERIVED_CONSENSUS_RUNTIME_CODE,UNRESOLVED:requires_loupe_or_historical_event_resolver,UNRESOLVED_NO_CUTOFF_SOURCE_VERIFICATION_EVIDENCE,DERIVED_EXACT_CHAIN_ADDRESS,DERIVED_METADATA_STRIPPED_BYTECODE_SHA256,UNRESOLVED_INDEPENDENT_ADJUDICATION_REQUIRED,UNRESOLVED_INDEPENDENT_ADJUDICATION_REQUIRED,UNRESOLVED_METHODS_OWNER_FREEZE_REQUIRED
weco,defihacklabs,bsc,33549937,0xd672b766d66662f5c6fd798a999e1193a7945451,shanghai,ca2-c8f07b57035de6f92dd6,2023-11-16,WECO,Business Logic Flaw,src/test/2023-11/WECO_exp.sol,bsc,https://github.com/SunWeb3Sec/DeFiHackLabs/blob/main/past/2023/README.md,frozen_public_source_hashed,1b5a1d9c3166c2b9d60fefc71f8e12d2c3d2f604b259d662e38310d39db6838b,14401dcdb399156770a4d9b4ffb98d2e2a6944a63b11fa8b97a631fe80020e24,"[""https://x.com/MetaSec_xyz/status/1725311048625041887""]",[],~$18K,exact_contract_basename,True,True,,,2023-11-16,,,,blocked_missing_onchain_and_availability_evidence,"[""missing:deployment_block"", ""missing:prediction_cutoff_block"", ""missing:source_availability_time"", ""missing:runtime_bytecode_hash_at_cutoff"", ""missing:outcome_adjudication_id""]",retained,,cases/ca2-c8f07b57035de6f92dd6.json,c6bfd2deddfe99e89cb74fa320fc1510c948678315847dfdf8a8ee1fac868d09,cases/ca2-c8f07b57035de6f92dd6.json,fbf2e1867c45a6489b493589b20b3be7d5e5040c597f4a9ae841b49b41ada504,,,,,,,,,,,,ca2-c8f07b57035de6f92dd6,cases/ca2-c8f07b57035de6f92dd6.json,fbf2e1867c45a6489b493589b20b3be7d5e5040c597f4a9ae841b49b41ada504,2023-08-11T20:33:33Z,2023-08-12T20:33:34Z,6860,,,56:0xd672b766d66662f5c6fd798a999e1193a7945451,0d896fd63278f9890e0be5613a1d2491d74d7c70ca1d824006b820d3b3f1e8f0,,,,,2a5b674b26ab7cac3e71db334d715302c1f42c3d25ddd5b6ec528601cb143843,8743a7c4f54dc795174f077d03b36ed92601e44ad74e7a654131fc8afe468b81,217689efc9c91df97864c958a87494157dae81f901adc5686645e7a3e6417197,DERIVED_STRICT_SNAPSHOT,DERIVED_STRICT_SNAPSHOT,DERIVED_CONSENSUS_RUNTIME_CODE,UNRESOLVED:requires_loupe_or_historical_event_resolver,UNRESOLVED_NO_CUTOFF_SOURCE_VERIFICATION_EVIDENCE,DERIVED_EXACT_CHAIN_ADDRESS,DERIVED_METADATA_STRIPPED_BYTECODE_SHA256,UNRESOLVED_INDEPENDENT_ADJUDICATION_REQUIRED,UNRESOLVED_INDEPENDENT_ADJUDICATION_REQUIRED,UNRESOLVED_METHODS_OWNER_FREEZE_REQUIRED
thenftv2,defihacklabs,ethereum,18647450,0x79a7d3559d73ea032120a69e59223d4375deb595,shanghai,ca2-ca903ea09549202fecb9,2023-11-25,TheNFTV2,logic flaw,src/test/2023-11/TheNFTV2_exp.sol,mainnet,https://github.com/SunWeb3Sec/DeFiHackLabs/blob/main/past/2023/README.md,frozen_public_source_hashed,1b5a1d9c3166c2b9d60fefc71f8e12d2c3d2f604b259d662e38310d39db6838b,19f81547a90b10e10774cc280d2fe983bd9e783d44d5a7e1c549a539e3c657de,"[""https://x.com/MetaTrustAlert/status/1728616715825848377""]",[],~$19K,exact_contract_basename,True,True,,,2023-11-25,,,,blocked_missing_onchain_and_availability_evidence,"[""missing:deployment_block"", ""missing:prediction_cutoff_block"", ""missing:source_availability_time"", ""missing:runtime_bytecode_hash_at_cutoff"", ""missing:outcome_adjudication_id""]",retained,,cases/ca2-ca903ea09549202fecb9.json,4435219fc2b26cb4cfd26f96de21569d166030533d73997ce1c1acf0edd78e5d,cases/ca2-ca903ea09549202fecb9.json,8c0be88302dc55d55bc881664e948b68ef44bec1af4a5f1d5b4398866eee63de,,,,,,,,,,,,ca2-ca903ea09549202fecb9,cases/ca2-ca903ea09549202fecb9.json,8c0be88302dc55d55bc881664e948b68ef44bec1af4a5f1d5b4398866eee63de,2022-01-19T06:45:15Z,2022-01-20T06:45:29Z,16021,,,1:0x79a7d3559d73ea032120a69e59223d4375deb595,5877d61c796e55386bde2ecacf57cccc43c6b73979a2b9dcdc8ceee23541d29b,,,,,290bf003ec41ba174681924a8a871c63d56bae8a8595c40901a1f66d9f3a1d71,fc97ba31e29f9b4cbc22e28bbfd84097926da893f49b5cf003ccd18331a09922,0b4c8428c8257e116fca3fa5542adcd5bf8d0549293862c4671d8254e9ca65c2,DERIVED_STRICT_SNAPSHOT,DERIVED_STRICT_SNAPSHOT,DERIVED_CONSENSUS_RUNTIME_CODE,UNRESOLVED:requires_loupe_or_historical_event_resolver,UNRESOLVED_NO_CUTOFF_SOURCE_VERIFICATION_EVIDENCE,DERIVED_EXACT_CHAIN_ADDRESS,DERIVED_METADATA_STRIPPED_BYTECODE_SHA256,UNRESOLVED_INDEPENDENT_ADJUDICATION_REQUIRED,UNRESOLVED_INDEPENDENT_ADJUDICATION_REQUIRED,UNRESOLVED_METHODS_OWNER_FREEZE_REQUIRED
onyxprotocol,defihacklabs,ethereum,18476512,0x5fdbcd61bc9bd4b6d3fd1f49a5d253165ea11750,shanghai,ca2-252276d076fbf17cb546,2023-11-01,OnyxProtocol,Precission Loss Vulnerability,src/test/2023-11/OnyxProtocol_exp.sol,mainnet,https://github.com/SunWeb3Sec/DeFiHackLabs/blob/main/past/2023/README.md,frozen_public_source_hashed,1b5a1d9c3166c2b9d60fefc71f8e12d2c3d2f604b259d662e38310d39db6838b,7116148618bbe8823ac7a52bfaf220ce1b34c08acf031c7c8981600fbd92b5a2,"[""https://defimon.xyz/attack/mainnet/0xf7c21600452939a81b599017ee24ee0dfd92aaaccd0a55d02819a7658a6ef635"", ""https://twitter.com/DecurityHQ/status/1719657969925677161"", ""https://twitter.com/Phalcon_xyz/status/1719697319824851051""]",[],~$2M,exact_contract_basename,True,True,,,2023-11-01,,,,blocked_missing_onchain_and_availability_evidence,"[""missing:deployment_block"", ""missing:prediction_cutoff_block"", ""missing:source_availability_time"", ""missing:runtime_bytecode_hash_at_cutoff"", ""missing:outcome_adjudication_id""]",retained,,cases/ca2-252276d076fbf17cb546.json,58fd3e0e4277b06ec4ace5ea1f1ca88196fd60b5338149df816749c8e996dfab,cases/ca2-252276d076fbf17cb546.json,f88307a8c31f6bcd8edd4047e29ebc6874a973c5dcd8f8a1e859ffe8fa2489ab,,,,,,,,,,,,ca2-252276d076fbf17cb546,cases/ca2-252276d076fbf17cb546.json,f88307a8c31f6bcd8edd4047e29ebc6874a973c5dcd8f8a1e859ffe8fa2489ab,2023-10-26T15:58:11Z,2023-10-27T15:58:11Z,15974,,,1:0x5fdbcd61bc9bd4b6d3fd1f49a5d253165ea11750,c95568e8171a687c72d8824c183f51b2f628f3ac051389bf2e4ff16bbb736229,,,,,32b08cd55316c097e8978482fedf50d5ac0fe5bb2a2fc06bc5fabef32601df2e,a248fe6f75ec226b6801811b5df34d3f9898e01dbaeef29a57ce51d92b8a3951,b4d258be24d3105a31029e4e503daa348c1260b73fb1b04d80f17e803f99182b,DERIVED_STRICT_SNAPSHOT,DERIVED_STRICT_SNAPSHOT,DERIVED_CONSENSUS_RUNTIME_CODE,UNRESOLVED:requires_loupe_or_historical_event_resolver,UNRESOLVED_NO_CUTOFF_SOURCE_VERIFICATION_EVIDENCE,DERIVED_EXACT_CHAIN_ADDRESS,DERIVED_METADATA_STRIPPED_BYTECODE_SHA256,UNRESOLVED_INDEPENDENT_ADJUDICATION_REQUIRED,UNRESOLVED_INDEPENDENT_ADJUDICATION_REQUIRED,UNRESOLVED_METHODS_OWNER_FREEZE_REQUIRED
bct,defihacklabs,bsc,34204709,0x88b3eb62e363d9f153beab49c5c2ef2e785a375a,shanghai,ca2-6673e21002a8af6f4d12,2023-12-09,BCT,Price Manipulation,src/test/2023-12/BCT_exp.sol,bsc,https://github.com/SunWeb3Sec/DeFiHackLabs/blob/main/past/2023/README.md,frozen_public_source_hashed,1b5a1d9c3166c2b9d60fefc71f8e12d2c3d2f604b259d662e38310d39db6838b,d383d3e9c327db3e9d2a87f0fc215949e69191db48a244738eb1159f162ba6e7,"[""https://bscscan.com/tx/0xdae0b85e01670e6b6b317657a72fb560fc388664cf8bfdd9e1b0ae88e0679103""]","[""0xdae0b85e01670e6b6b317657a72fb560fc388664cf8bfdd9e1b0ae88e0679103""]",~10.2BNB,exact_contract_basename,True,True,,,2023-12-09,,,,blocked_missing_onchain_and_availability_evidence,"[""missing:deployment_block"", ""missing:prediction_cutoff_block"", ""missing:source_availability_time"", ""missing:runtime_bytecode_hash_at_cutoff"", ""missing:outcome_adjudication_id""]",retained,,cases/ca2-6673e21002a8af6f4d12.json,cadd4f04a8c44798c0deaec903dd3d7d5c3d098782f24d2af29628b2a6176814,cases/ca2-6673e21002a8af6f4d12.json,600b725f5725b3074eadf93d02a64c4ba40beae8ecedf8833eab2e9bba247c99,,,,,,,,,,,,ca2-6673e21002a8af6f4d12,cases/ca2-6673e21002a8af6f4d12.json,600b725f5725b3074eadf93d02a64c4ba40beae8ecedf8833eab2e9bba247c99,2023-12-07T09:27:07Z,2023-12-08T09:27:08Z,14981,,,56:0x88b3eb62e363d9f153beab49c5c2ef2e785a375a,21aaaee65b8888b84b3233f12dea4e2077bf5c8c5e51ae3e1a0e9da53308f44a,,,,,e3fa57273d8f35513a0d494dad395d3ec73b191adca10f8275271317cd4f89f1,e67876cd3d2588509c87122b366007e37a9e2ae97149f7b35241c1549b7605d5,cf07621fef9e268526ee028428b8ea6bdaa800f1b9ead989f7b2102846758a93,DERIVED_STRICT_SNAPSHOT,DERIVED_STRICT_SNAPSHOT,DERIVED_CONSENSUS_RUNTIME_CODE,UNRESOLVED:requires_loupe_or_historical_event_resolver,UNRESOLVED_NO_CUTOFF_SOURCE_VERIFICATION_EVIDENCE,DERIVED_EXACT_CHAIN_ADDRESS,DERIVED_METADATA_STRIPPED_BYTECODE_SHA256,UNRESOLVED_INDEPENDENT_ADJUDICATION_REQUIRED,UNRESOLVED_INDEPENDENT_ADJUDICATION_REQUIRED,UNRESOLVED_METHODS_OWNER_FREEZE_REQUIRED
trustpad,defihacklabs,bsc,33260104,0xe613c058701c768e0d04d1bf8e6a6dc1a0c6d48a,shanghai,ca2-55d26359a2d08ac915c0,2023-11-06,TrustPad,Lack of msg.sender address verification,src/test/2023-11/TrustPad_exp.sol,bsc,https://github.com/SunWeb3Sec/DeFiHackLabs/blob/main/past/2023/README.md,frozen_public_source_hashed,1b5a1d9c3166c2b9d60fefc71f8e12d2c3d2f604b259d662e38310d39db6838b,4d6b4d45d86c9c069ff296c83604a785dfcc737cd3d9b51d7a8bc3506f41a170,"[""https://twitter.com/BeosinAlert/status/1721800306101793188""]",[],~$155K,exact_contract_basename,True,True,,,2023-11-06,,,,blocked_missing_onchain_and_availability_evidence,"[""missing:deployment_block"", ""missing:prediction_cutoff_block"", ""missing:source_availability_time"", ""missing:runtime_bytecode_hash_at_cutoff"", ""missing:outcome_adjudication_id""]",retained,,cases/ca2-55d26359a2d08ac915c0.json,41776bd5657710db708c6121e053285c7be78d981b168b17f9895976fe41a4ea,cases/ca2-55d26359a2d08ac915c0.json,bd079763db5823200e56bfc1061d6c8c77e5eb1cb24712848f86aa97fffc3a78,,,,,,,,,,,,ca2-55d26359a2d08ac915c0,cases/ca2-55d26359a2d08ac915c0.json,bd079763db5823200e56bfc1061d6c8c77e5eb1cb24712848f86aa97fffc3a78,2022-07-18T16:52:20Z,2022-07-19T16:52:20Z,2141,EIP1967_PROXY,,56:0xe613c058701c768e0d04d1bf8e6a6dc1a0c6d48a,a9e9f47e85bce0571f5933d7bee02de9201c3766c8d14409c13c54e7092e7816,eip1967:0x084646db9177f19913462c388ee5b18bb135229f,,,,b044573bb92d6a21ebeb6d647dd83ff494ee9bd1103987e64de5bbaf7c8917c0,5d8578c383d2f7828c01e134127c5f594331df6861852f2e2b1efa2ce9702b37,2ab58f1e616d8fb48755ffbf986a68672e6c915d151a14fcfb4267ccd583a744,DERIVED_STRICT_SNAPSHOT,DERIVED_STRICT_SNAPSHOT,DERIVED_CONSENSUS_RUNTIME_CODE,VERIFIED_STANDARD_PROXY,UNRESOLVED_NO_CUTOFF_SOURCE_VERIFICATION_EVIDENCE,DERIVED_EXACT_CHAIN_ADDRESS,DERIVED_METADATA_STRIPPED_BYTECODE_SHA256,UNRESOLVED_INDEPENDENT_ADJUDICATION_REQUIRED,UNRESOLVED_INDEPENDENT_ADJUDICATION_REQUIRED,UNRESOLVED_METHODS_OWNER_FREEZE_REQUIRED
grok,defihacklabs,ethereum,18538678,0x8390a1da07e376ef7add4be859ba74fb83aa02d5,shanghai,ca2-e095e5dbb9687595e5ee,2023-11-10,grok,Lack of slippage protection,src/test/2023-11/grok_exp.sol,mainnet,https://github.com/SunWeb3Sec/DeFiHackLabs/blob/main/past/2023/README.md,frozen_public_source_hashed,1b5a1d9c3166c2b9d60fefc71f8e12d2c3d2f604b259d662e38310d39db6838b,e6dfdd6d17f539627a862d0a82813a66ea958dab84e88a02b14a2b1ac525fd46,"[""https://twitter.com/Phalcon_xyz/status/1722841076120130020""]",[],~26 ETH,exact_contract_basename,True,True,,,2023-11-10,,,,blocked_missing_onchain_and_availability_evidence,"[""missing:deployment_block"", ""missing:prediction_cutoff_block"", ""missing:source_availability_time"", ""missing:runtime_bytecode_hash_at_cutoff"", ""missing:outcome_adjudication_id""]",retained,,cases/ca2-e095e5dbb9687595e5ee.json,d59543894b524b5b0fb18e8b078a6c10ea07f8f6f53d2f6207c7a1437f7795a5,cases/ca2-e095e5dbb9687595e5ee.json,d6b293f3cb09135b3aaf9a8c6b234e12e1a5d1663ec0caed013c088a0858abb5,,,,,,,,,,,,ca2-e095e5dbb9687595e5ee,cases/ca2-e095e5dbb9687595e5ee.json,d6b293f3cb09135b3aaf9a8c6b234e12e1a5d1663ec0caed013c088a0858abb5,2023-11-04T04:19:11Z,2023-11-05T04:19:23Z,6646,,,1:0x8390a1da07e376ef7add4be859ba74fb83aa02d5,d4fede722e8ddab1b5b76f594f380dc0813919e04362e99ee5c699d83474fed4,,,,,af48f749d8ef30afb6ae7a16b17a2661f9dc27ed0d796d5220f774dbd8f33a84,5989eceeaece34faa694e5e6fccde53330e4778fe66d9bf4d411acb1574291d7,2f058224cc86a1d677042cc01f4071a669bd5aad3ffa437b7705577d502323e5,DERIVED_STRICT_SNAPSHOT,DERIVED_STRICT_SNAPSHOT,DERIVED_CONSENSUS_RUNTIME_CODE,UNRESOLVED:requires_loupe_or_historical_event_resolver,UNRESOLVED_NO_CUTOFF_SOURCE_VERIFICATION_EVIDENCE,DERIVED_EXACT_CHAIN_ADDRESS,DERIVED_METADATA_STRIPPED_BYTECODE_SHA256,UNRESOLVED_INDEPENDENT_ADJUDICATION_REQUIRED,UNRESOLVED_INDEPENDENT_ADJUDICATION_REQUIRED,UNRESOLVED_METHODS_OWNER_FREEZE_REQUIRED
goodcompound,defihacklabs,ethereum,18759540,0x3d9819210a31b4961b30ef54be2aed79b9c9cd3b,shanghai,ca2-40ac2c3e107d3d88709a,2023-12-11,GoodCompound,Price Manipulation,src/test/2023-12/GoodCompound_exp.sol,ethereum,https://github.com/SunWeb3Sec/DeFiHackLabs/blob/main/past/2023/README.md,frozen_public_source_hashed,1b5a1d9c3166c2b9d60fefc71f8e12d2c3d2f604b259d662e38310d39db6838b,7dc5d204b5cb5a34028972db2983f76e1a720919fabdf794e811acb9d09a6488,"[""https://getherscan.io/tx/0x1106418384414ed56cd7cbb9fedc66a02d39b663d580abc618f2d387348354ab""]","[""0x1106418384414ed56cd7cbb9fedc66a02d39b663d580abc618f2d387348354ab""]",~$13K (~250 COMP Token),exact_contract_basename,True,True,,,2023-12-11,,,,blocked_missing_onchain_and_availability_evidence,"[""missing:deployment_block"", ""missing:prediction_cutoff_block"", ""missing:source_availability_time"", ""missing:runtime_bytecode_hash_at_cutoff"", ""missing:outcome_adjudication_id""]",retained,,cases/ca2-40ac2c3e107d3d88709a.json,781eee5e20093a3ad7db7e7608fc6e3105bcbfdc33b8e57f96b032e156c0bc7b,cases/ca2-40ac2c3e107d3d88709a.json,372f92da102a8bd4a41f10bdf19fcc82dd8702f89a3710ac42a9c93f6fd847b9,,,,,,,,,,,,ca2-40ac2c3e107d3d88709a,cases/ca2-40ac2c3e107d3d88709a.json,372f92da102a8bd4a41f10bdf19fcc82dd8702f89a3710ac42a9c93f6fd847b9,2019-05-07T01:07:17Z,2019-05-08T01:07:17Z,1499,,,1:0x3d9819210a31b4961b30ef54be2aed79b9c9cd3b,4b08cf57647d484f520467ab9f871509e430180753360b7fa9439a8f8fc4efb4,,,,,81057434cae723a8b96af3685cffe3a9585394edbec8ca3a720a3e3c37d7dc5a,dd15364f8abf69484fdb29e2f767db4c8687e3df3402e2f0589988d8f422517b,27ae026fdb8b6649dac15eea27490000fede1bf2933669d86e0745cde6aeccd5,DERIVED_STRICT_SNAPSHOT,DERIVED_STRICT_SNAPSHOT,DERIVED_CONSENSUS_RUNTIME_CODE,UNRESOLVED:requires_loupe_or_historical_event_resolver,UNRESOLVED_NO_CUTOFF_SOURCE_VERIFICATION_EVIDENCE,DERIVED_EXACT_CHAIN_ADDRESS,DERIVED_METADATA_STRIPPED_BYTECODE_SHA256,UNRESOLVED_INDEPENDENT_ADJUDICATION_REQUIRED,UNRESOLVED_INDEPENDENT_ADJUDICATION_REQUIRED,UNRESOLVED_METHODS_OWNER_FREEZE_REQUIRED
bearndao,defihacklabs,bsc,34099688,0x21125d94cfe886e7179c8d2fe8c1ea8d57c73e0e,shanghai,ca2-56bcc5cdf2d34dd9c4fb,2023-12-05,BEARNDAO,Business Logic Flaw,src/test/2023-12/BEARNDAO_exp.sol,bsc,https://github.com/SunWeb3Sec/DeFiHackLabs/blob/main/past/2023/README.md,frozen_public_source_hashed,1b5a1d9c3166c2b9d60fefc71f8e12d2c3d2f604b259d662e38310d39db6838b,5dee561336da19644235b4f8c44cb6d54b8c7dde9d4fe0591286868da1ec2627,"[""https://twitter.com/AnciliaInc/status/1732159377749180646""]",[],~$769k,exact_contract_basename,True,True,,,2023-12-05,,,,blocked_missing_onchain_and_availability_evidence,"[""missing:deployment_block"", ""missing:prediction_cutoff_block"", ""missing:source_availability_time"", ""missing:runtime_bytecode_hash_at_cutoff"", ""missing:outcome_adjudication_id""]",retained,,cases/ca2-56bcc5cdf2d34dd9c4fb.json,632ea0928dcf40579f7d9b96535bb14907d1c17accd83a59330b4a873b9bcec6,cases/ca2-56bcc5cdf2d34dd9c4fb.json,70842a3a32f773f7f7470cd58f1c1a00470e40f454f9c5d7bb51f80f2b468686,,,,,,,,,,,,ca2-56bcc5cdf2d34dd9c4fb,cases/ca2-56bcc5cdf2d34dd9c4fb.json,70842a3a32f773f7f7470cd58f1c1a00470e40f454f9c5d7bb51f80f2b468686,2021-03-02T08:33:22Z,2021-03-03T08:33:22Z,23127,,,56:0x21125d94cfe886e7179c8d2fe8c1ea8d57c73e0e,e5c94cb0e80bb00adac4ef42af882d01c9e0f28c75fc80e333072519f7fe52a4,,,,,dea6269bf654062547dc9cd7a40c00e89b4f37621bef006d6e5e9ef3df70d254,0f9e84ab9d77216359e0c531955d7b9f4a7983244b4237fc72bb34a31388a417,9e7a14f7422ccf97be85f9c01a7ab346c7f34eb83181bc06e6d0c9ffeabf1c78,DERIVED_STRICT_SNAPSHOT,DERIVED_STRICT_SNAPSHOT,DERIVED_CONSENSUS_RUNTIME_CODE,UNRESOLVED:requires_loupe_or_historical_event_resolver,UNRESOLVED_NO_CUTOFF_SOURCE_VERIFICATION_EVIDENCE,DERIVED_EXACT_CHAIN_ADDRESS,DERIVED_METADATA_STRIPPED_BYTECODE_SHA256,UNRESOLVED_INDEPENDENT_ADJUDICATION_REQUIRED,UNRESOLVED_INDEPENDENT_ADJUDICATION_REQUIRED,UNRESOLVED_METHODS_OWNER_FREEZE_REQUIRED
hypr,defihacklabs,ethereum,18774584,0x40c31236b228935b0329eff066b1ad96e319595e,shanghai,ca2-f52d9b4393b86654cabd,2023-12-13,HYPR,Business Logic Flaw,src/test/2023-12/HYPR_exp.sol,mainnet,https://github.com/SunWeb3Sec/DeFiHackLabs/blob/main/past/2023/README.md,frozen_public_source_hashed,1b5a1d9c3166c2b9d60fefc71f8e12d2c3d2f604b259d662e38310d39db6838b,e3739679326c6468745c0daeac1cce1d40126fb342045cebba0b2f68c218a8c9,"[""https://twitter.com/BlockSecTeam/status/1735197818883588574""]",[],~$200k,exact_contract_basename,True,True,,,2023-12-13,,,,blocked_missing_onchain_and_availability_evidence,"[""missing:deployment_block"", ""missing:prediction_cutoff_block"", ""missing:source_availability_time"", ""missing:runtime_bytecode_hash_at_cutoff"", ""missing:outcome_adjudication_id""]",retained,,cases/ca2-f52d9b4393b86654cabd.json,56a461db165ced55ba8320f81fc8ecd8435420c16d8b21b9c4928f6d08efc2bd,cases/ca2-f52d9b4393b86654cabd.json,31faac47ec4cb6d5f40517b22d210cca1c3a02fbf38e4051627da20eb871337e,,,,,,,,,,,,ca2-f52d9b4393b86654cabd,cases/ca2-f52d9b4393b86654cabd.json,31faac47ec4cb6d5f40517b22d210cca1c3a02fbf38e4051627da20eb871337e,2023-11-14T17:39:11Z,2023-11-15T17:39:11Z,2472,EIP1967_PROXY,,1:0x40c31236b228935b0329eff066b1ad96e319595e,e8111f4f258ca7d3d7796a705719f331477e8c0ff28b8da9e072d56d2c301d51,eip1967:0xe468b43b4ae4d750cd6a5d7edacc1a751302c99c,,,,f4e69a6129311907acb99cc19bffa1c49b5200ac2d03486b588b35a3039d0bc4,26f04e030da945a229a968a79250050adb884c374e20970900de335375ca78cb,c833e07ffedaf05a01462f509eae2ac0f1e902694307967f4c7b08b526a2ef0c,DERIVED_STRICT_SNAPSHOT,DERIVED_STRICT_SNAPSHOT,DERIVED_CONSENSUS_RUNTIME_CODE,VERIFIED_STANDARD_PROXY,UNRESOLVED_NO_CUTOFF_SOURCE_VERIFICATION_EVIDENCE,DERIVED_EXACT_CHAIN_ADDRESS,DERIVED_METADATA_STRIPPED_BYTECODE_SHA256,UNRESOLVED_INDEPENDENT_ADJUDICATION_REQUIRED,UNRESOLVED_INDEPENDENT_ADJUDICATION_REQUIRED,UNRESOLVED_METHODS_OWNER_FREEZE_REQUIRED
floorprotocol,defihacklabs,ethereum,18802287,0x49ad262c49c7aa708cc2df262ed53b64a17dd5ee,shanghai,ca2-a03b0bc9fabb86e707cb,2023-12-17,FloorProtocol,Business Logic Flaw,src/test/2023-12/FloorProtocol_exp.sol,mainnet,https://github.com/SunWeb3Sec/DeFiHackLabs/blob/main/past/2023/README.md,frozen_public_source_hashed,1b5a1d9c3166c2b9d60fefc71f8e12d2c3d2f604b259d662e38310d39db6838b,d552f58095a5c1b67278afdd5a9f1346ae00d63ce1b4de551a6e1b351e2523ad,"[""https://defimon.xyz/exploit/mainnet/0x7e5433f02f4bf07c4f2a2d341c450e07d7531428"", ""https://protos.com/floor-protocol-exploited-bored-apes-and-pudgy-penguins-gone/"", ""https://twitter.com/0xfoobar/status/1736190355257627064""]",[],"~$1,6M",exact_contract_basename,True,True,,,2023-12-17,,,,blocked_missing_onchain_and_availability_evidence,"[""missing:deployment_block"", ""missing:prediction_cutoff_block"", ""missing:source_availability_time"", ""missing:runtime_bytecode_hash_at_cutoff"", ""missing:outcome_adjudication_id""]",retained,,cases/ca2-a03b0bc9fabb86e707cb.json,0004a922b8ab0dee32229dfb1305763d4ddfdaf2ea736c6458e53f8ee5d1c171,cases/ca2-a03b0bc9fabb86e707cb.json,02977b2d1f87736d078b481a152bc3a82afafe116dacde3fc5051d9e34127133,,,,,,,,,,,,ca2-a03b0bc9fabb86e707cb,cases/ca2-a03b0bc9fabb86e707cb.json,02977b2d1f87736d078b481a152bc3a82afafe116dacde3fc5051d9e34127133,2023-10-13T14:03:47Z,2023-10-14T14:03:47Z,855,EIP1967_PROXY,,1:0x49ad262c49c7aa708cc2df262ed53b64a17dd5ee,074c8cb14e46e504f56f89df5b33d1889292bac2d3b026818c7246a36a7cf22c,eip1967:0x36b05531e42231956793faa42541923a056bdfaa,,,,a95ad83ccd3ddd895ecc375ccade61d34ead8eacc22053a0490f578c8443f3d8,d8cbae632f370a884f3e6bcbbb5eb93a46d596ca583da3e25c45b3ade64594cc,ddb9d292492ee61ae7ee4d3c7b2fb0ab720c683dd580f1407ab9c52e84adafb6,DERIVED_STRICT_SNAPSHOT,DERIVED_STRICT_SNAPSHOT,DERIVED_CONSENSUS_RUNTIME_CODE,VERIFIED_STANDARD_PROXY,UNRESOLVED_NO_CUTOFF_SOURCE_VERIFICATION_EVIDENCE,DERIVED_EXACT_CHAIN_ADDRESS,DERIVED_METADATA_STRIPPED_BYTECODE_SHA256,UNRESOLVED_INDEPENDENT_ADJUDICATION_REQUIRED,UNRESOLVED_INDEPENDENT_ADJUDICATION_REQUIRED,UNRESOLVED_METHODS_OWNER_FREEZE_REQUIRED
Dumbo,defihacklabs-temporal-replacement-finalization,bsc,50277887,0x495670e5a43ce393597952b2fe944036e6785baf,,ca2-5015a9e901810cc6c613,2025-05-25,Dumbo,replacement_candidate,,bsc,,replacement_candidate_historical_snapshot_verified,78200b895bfeb154f8d66078af3d27efc22120c47e7fb323337bc28c77cb6130,d50e00f601c4846b87215c7f6a1ebafb8afeacf98b5a1c92dedbe99a10ad2f5c,[],"[""0xbfd59a18d4500649c6a15e578fdd0a05fdef5b932f3e3d51b8e2a5640cd4fb6c""]",,frozen_chain_global_order_finalization,True,True,14530570,14559327,50277888,,02dcd29deec2da369b0c5d9aeb7614cf40877998f2e301957ef5ad44856f3315,,replacement_candidate_selected,[],replacement,ca2-8cfe2ca57c523f31600e,cases/ca2-8cfe2ca57c523f31600e.json,9548182da9f7c44675d6018f415ab05db37f3929b9f5d8a54a47efc866cdacc6,,,cases/ca2r-e9f556db91d7398a8565.json,1dd8dc09f085d3aa58b393d389ccd6ebdfaaafd0e2705d1070534d533189af92,historical_cases/ca2r-e9f556db91d7398a8565/ca2r-e9f556db91d7398a8565.json,a898a1f14bad4845c904667119a3dea2d00387065354b44270f319b602ab9d82,22,first_eligible_unique_from_frozen_chain_global_order,78200b895bfeb154f8d66078af3d27efc22120c47e7fb323337bc28c77cb6130,d3b80fe4ed7198fc900616b269408c1d0485ef8f000f46d37adb75be862a4a9c,50277887,0xbfd59a18d4500649c6a15e578fdd0a05fdef5b932f3e3d51b8e2a5640cd4fb6c,ca2r-e9f556db91d7398a8565,ca2r-e9f556db91d7398a8565,historical_cases/ca2r-e9f556db91d7398a8565/ca2r-e9f556db91d7398a8565.json,a898a1f14bad4845c904667119a3dea2d00387065354b44270f319b602ab9d82,2022-01-20T12:58:07Z,2022-01-21T12:58:09Z,3988,,,56:0x495670e5a43ce393597952b2fe944036e6785baf,dd5fd29a1a40da1005a9f26caed56d8896f1341bb776781d792e8441ef4ec1f0,,,,,5cfb02362fdb4a974a62bddd6cee6a527df6c648ae9f03834fa00e4574a28d46,66a2a547ebee9c5219c1766f51de4bffca04f19e9f3e249a7615d7377aa52159,bc0d0f6b6b506930656a0368deadf33f5dddc831ad25f995ca1a0578ab26a4ec,DERIVED_STRICT_SNAPSHOT,DERIVED_STRICT_SNAPSHOT,DERIVED_CONSENSUS_RUNTIME_CODE,UNRESOLVED:requires_loupe_or_historical_event_resolver,UNRESOLVED_NO_CUTOFF_SOURCE_VERIFICATION_EVIDENCE,DERIVED_EXACT_CHAIN_ADDRESS,DERIVED_METADATA_STRIPPED_BYTECODE_SHA256,UNRESOLVED_INDEPENDENT_ADJUDICATION_REQUIRED,UNRESOLVED_INDEPENDENT_ADJUDICATION_REQUIRED,UNRESOLVED_METHODS_OWNER_FREEZE_REQUIRED
mamo,defihacklabs,bsc,34083188,0x5813d7818c9d8f29a9a96b00031ef576e892def4,shanghai,ca2-6bc7737cc67404ed8f62,2023-12-05,MAMO,Price Manipulation,src/test/2023-12/MAMO_exp.sol,bsc,https://github.com/SunWeb3Sec/DeFiHackLabs/blob/main/past/2023/README.md,frozen_public_source_hashed,1b5a1d9c3166c2b9d60fefc71f8e12d2c3d2f604b259d662e38310d39db6838b,b179fe0d475faa52efde723526c07cfa6d03e48171fb2fddb5afc889107b6a26,"[""https://bscscan.com/tx/0x189a8dc1e0fea34fd7f5fa78c6e9bdf099a8d575ff5c557fa30d90c6acd0b29f""]","[""0x189a8dc1e0fea34fd7f5fa78c6e9bdf099a8d575ff5c557fa30d90c6acd0b29f""]",~$3.3K,exact_contract_basename,True,True,,,2023-12-05,,,,blocked_missing_onchain_and_availability_evidence,"[""missing:deployment_block"", ""missing:prediction_cutoff_block"", ""missing:source_availability_time"", ""missing:runtime_bytecode_hash_at_cutoff"", ""missing:outcome_adjudication_id""]",retained,,cases/ca2-6bc7737cc67404ed8f62.json,9e3adace49fafcb9562ab6a31e01de1f15733f03199a81f5da4111efaee5bfc9,cases/ca2-6bc7737cc67404ed8f62.json,1eae0f0939080a85aad549f283951bdcad52ed69ea4d041870a6c4a56925f7f3,,,,,,,,,,,,ca2-6bc7737cc67404ed8f62,cases/ca2-6bc7737cc67404ed8f62.json,1eae0f0939080a85aad549f283951bdcad52ed69ea4d041870a6c4a56925f7f3,2023-11-22T06:13:52Z,2023-11-23T06:13:54Z,14981,,,56:0x5813d7818c9d8f29a9a96b00031ef576e892def4,21aaaee65b8888b84b3233f12dea4e2077bf5c8c5e51ae3e1a0e9da53308f44a,,,,,ddede71057b5a0f4c8fb8eb5ece5dbec6a956028005dab856030f9aea2b549ed,3cca7b2d342ce9f486a059e7b6a8e5ea2cd6cfae1fac3506355ad87c3f6158fa,5a11d4d87ccb098cadac3f0bfd9233d86e32ce9c01f8d99f7825b6d1eee94bdd,DERIVED_STRICT_SNAPSHOT,DERIVED_STRICT_SNAPSHOT,DERIVED_CONSENSUS_RUNTIME_CODE,UNRESOLVED:requires_loupe_or_historical_event_resolver,UNRESOLVED_NO_CUTOFF_SOURCE_VERIFICATION_EVIDENCE,DERIVED_EXACT_CHAIN_ADDRESS,DERIVED_METADATA_STRIPPED_BYTECODE_SHA256,UNRESOLVED_INDEPENDENT_ADJUDICATION_REQUIRED,UNRESOLVED_INDEPENDENT_ADJUDICATION_REQUIRED,UNRESOLVED_METHODS_OWNER_FREEZE_REQUIRED
gooddollar,defihacklabs,ethereum,18802014,0x0c6c80d2061afa35e160f3799411d83bdeea0a5a,shanghai,ca2-77cd38b96a68c54afe71,2023-12-16,GoodDollar,Lack of Input Validation & Reentrancy,src/test/2023-12/GoodDollar_exp.sol,mainnet,https://github.com/SunWeb3Sec/DeFiHackLabs/blob/main/past/2023/README.md,frozen_public_source_hashed,1b5a1d9c3166c2b9d60fefc71f8e12d2c3d2f604b259d662e38310d39db6838b,6a95eea8103582c2f5632f1537abceaed8eff172c0887c3cc15a60354a1fd7d3,"[""https://twitter.com/MetaSec_xyz/status/1736428284756607386""]",[],~$2M,exact_contract_basename,True,True,,,2023-12-16,,,,blocked_missing_onchain_and_availability_evidence,"[""missing:deployment_block"", ""missing:prediction_cutoff_block"", ""missing:source_availability_time"", ""missing:runtime_bytecode_hash_at_cutoff"", ""missing:outcome_adjudication_id""]",retained,,cases/ca2-77cd38b96a68c54afe71.json,631bb858c98495fa9cea05e35ecf659a5e2f19f889d3409967f76b42548aa134,cases/ca2-77cd38b96a68c54afe71.json,127f64693d113e9ab92194c9905e4c358b9806a0f70a93e7d6eecd4cffeb3104,,,,,,,,,,,,ca2-77cd38b96a68c54afe71,cases/ca2-77cd38b96a68c54afe71.json,127f64693d113e9ab92194c9905e4c358b9806a0f70a93e7d6eecd4cffeb3104,2022-03-07T08:26:15Z,2022-03-08T08:26:39Z,1414,EIP1967_PROXY,,1:0x0c6c80d2061afa35e160f3799411d83bdeea0a5a,43e18445b61895a0d3020bcd6abde8181ea92db0f9c0944ba1bdfa5e9994dde8,eip1967:0x4a10354b8e1928c38cc6a738cd2748fa1c818cea,,,,a6dde7fb18ad29701c78796aa73ad3e3cd7f5a9a3622b86ed843de89fff5fa7c,571a3ddb0655545eab868a0f26940f1c781903abfb70a215eb1107daf94b01cf,6122d3b24ad28c3a504502f30dac0c8173a9a2997c969d3d6fc40c90c60c8053,DERIVED_STRICT_SNAPSHOT,DERIVED_STRICT_SNAPSHOT,DERIVED_CONSENSUS_RUNTIME_CODE,VERIFIED_STANDARD_PROXY,UNRESOLVED_NO_CUTOFF_SOURCE_VERIFICATION_EVIDENCE,DERIVED_EXACT_CHAIN_ADDRESS,DERIVED_METADATA_STRIPPED_BYTECODE_SHA256,UNRESOLVED_INDEPENDENT_ADJUDICATION_REQUIRED,UNRESOLVED_INDEPENDENT_ADJUDICATION_REQUIRED,UNRESOLVED_METHODS_OWNER_FREEZE_REQUIRED
kest,defihacklabs,bsc,34402343,0x7dda132dd57b773a94e27c5caa97834a73510429,shanghai,ca2-1769b603523b156d5e27,2023-12-16,KEST,Business Logic Flaw,src/test/2023-12/KEST_exp.sol,bsc,https://github.com/SunWeb3Sec/DeFiHackLabs/blob/main/past/2023/README.md,frozen_public_source_hashed,1b5a1d9c3166c2b9d60fefc71f8e12d2c3d2f604b259d662e38310d39db6838b,99d06bdb5b484c933c76644cf093265b2be4def011b3434388bdd1481f20e471,"[""https://x.com/MetaSec_xyz/status/1736077719849623718""]",[],~$2.3K,exact_contract_basename,True,True,,,2023-12-16,,,,blocked_missing_onchain_and_availability_evidence,"[""missing:deployment_block"", ""missing:prediction_cutoff_block"", ""missing:source_availability_time"", ""missing:runtime_bytecode_hash_at_cutoff"", ""missing:outcome_adjudication_id""]",retained,,cases/ca2-1769b603523b156d5e27.json,eb7c9e1817b30c33ec8fd1be7f3fc8f2246b7644a12597c6074c0701a0385f23,cases/ca2-1769b603523b156d5e27.json,db97f7b7b811408832994db17fb0827cd01360c43f9366a7351dcf714be7a11f,,,,,,,,,,,,ca2-1769b603523b156d5e27,cases/ca2-1769b603523b156d5e27.json,db97f7b7b811408832994db17fb0827cd01360c43f9366a7351dcf714be7a11f,2023-12-10T11:42:32Z,2023-12-11T11:42:32Z,11271,,,56:0x7dda132dd57b773a94e27c5caa97834a73510429,240c3df31850ae066ce4aef677d036cfbe4473cb272ff7b81030435947970345,,,,,e6b222dff120ac278457f4e2822e3b521dbe9a0ee3e01eeb6a614ee5833627e6,c420b4727bca36d50b5ccea644a44a5fed5958d58fb39af7d723f20bf8136689,12d453da6d9bc1f6dda9dc370ca5624478e8200c69d5bf486e147ef7a97edeb6,DERIVED_STRICT_SNAPSHOT,DERIVED_STRICT_SNAPSHOT,DERIVED_CONSENSUS_RUNTIME_CODE,UNRESOLVED:requires_loupe_or_historical_event_resolver,UNRESOLVED_NO_CUTOFF_SOURCE_VERIFICATION_EVIDENCE,DERIVED_EXACT_CHAIN_ADDRESS,DERIVED_METADATA_STRIPPED_BYTECODE_SHA256,UNRESOLVED_INDEPENDENT_ADJUDICATION_REQUIRED,UNRESOLVED_INDEPENDENT_ADJUDICATION_REQUIRED,UNRESOLVED_METHODS_OWNER_FREEZE_REQUIRED
nfttrader,defihacklabs,ethereum,18799414,0xc310e760778ecbca4c65b6c559874757a4c4ece0,shanghai,ca2-a9052dd43a76ce42a994,2023-12-16,NFTTrader,Reentrancy,src/test/2023-12/NFTTrader_exp.sol,mainnet,https://github.com/SunWeb3Sec/DeFiHackLabs/blob/main/past/2023/README.md,frozen_public_source_hashed,1b5a1d9c3166c2b9d60fefc71f8e12d2c3d2f604b259d662e38310d39db6838b,55ef990ada51be5cab3dba4ee4608c297453af35b523388f7a3290b3bc02400f,"[""https://twitter.com/0xArhat/status/1736038250190651467"", ""https://twitter.com/AnciliaInc/status/1736263884217139333"", ""https://twitter.com/SlowMist_Team/status/1736005523550646535""]",[],~$3M,exact_contract_basename,True,True,,,2023-12-16,,,,blocked_missing_onchain_and_availability_evidence,"[""missing:deployment_block"", ""missing:prediction_cutoff_block"", ""missing:source_availability_time"", ""missing:runtime_bytecode_hash_at_cutoff"", ""missing:outcome_adjudication_id""]",retained,,cases/ca2-a9052dd43a76ce42a994.json,73f18d3148157f4b32c218717ca6d4a9c6ef5ff65ef63edb4da283ad9fd0257c,cases/ca2-a9052dd43a76ce42a994.json,6fcd44e04afcbde688af56ce1dd8c71a310b9508d0a0e001dd4bda606d54c3d6,,,,,,,,,,,,ca2-a9052dd43a76ce42a994,cases/ca2-a9052dd43a76ce42a994.json,6fcd44e04afcbde688af56ce1dd8c71a310b9508d0a0e001dd4bda606d54c3d6,2021-05-25T19:48:09Z,2021-05-26T19:48:11Z,24544,,,1:0xc310e760778ecbca4c65b6c559874757a4c4ece0,e3042c195fd3bfd6c5ce2190f924d5e874e96f9aeb45eadba2e820fbe71003f3,,,,,6428125ca812c8607533820d2b0e470351ad27805f0ecfb61bc97fab0c0f14ad,66a754476e7b4b3e8ca8b61181f0aecd60310bb589240db2f27014b0a494af2a,8505ca3acae202283fa21b5458cb0ea3afd99ef1502c1deac8630899ac3bc745,DERIVED_STRICT_SNAPSHOT,DERIVED_STRICT_SNAPSHOT,DERIVED_CONSENSUS_RUNTIME_CODE,UNRESOLVED:requires_loupe_or_historical_event_resolver,UNRESOLVED_NO_CUTOFF_SOURCE_VERIFICATION_EVIDENCE,DERIVED_EXACT_CHAIN_ADDRESS,DERIVED_METADATA_STRIPPED_BYTECODE_SHA256,UNRESOLVED_INDEPENDENT_ADJUDICATION_REQUIRED,UNRESOLVED_INDEPENDENT_ADJUDICATION_REQUIRED,UNRESOLVED_METHODS_OWNER_FREEZE_REQUIRED
pineprotocol,defihacklabs,ethereum,18835344,0x2405913d54fc46eeaf3fb092bfb099f46803872f,shanghai,ca2-9653ab400e10fa0c044d,2023-12-22,PineProtocol,Business Logic Flaw,src/test/2023-12/PineProtocol_exp.sol,mainnet,https://github.com/SunWeb3Sec/DeFiHackLabs/blob/main/past/2023/README.md,frozen_public_source_hashed,1b5a1d9c3166c2b9d60fefc71f8e12d2c3d2f604b259d662e38310d39db6838b,88724faa3deeba2c694b22a6f2b8f554d6a452e55f7d5866e7fb67bbe517c669,"[""https://medium.com/neptune-mutual/analysis-of-the-pine-protocol-exploit-e09dbcb80ca0"", ""https://twitter.com/MistTrack_io/status/1738131780459430338""]",[],~90k,exact_contract_basename,True,True,,,2023-12-22,,,,blocked_missing_onchain_and_availability_evidence,"[""missing:deployment_block"", ""missing:prediction_cutoff_block"", ""missing:source_availability_time"", ""missing:runtime_bytecode_hash_at_cutoff"", ""missing:outcome_adjudication_id""]",retained,,cases/ca2-9653ab400e10fa0c044d.json,72b5e078f81d3aece9ca7b477479e2d12f56b80f446e4972e4a2027c664aa765,cases/ca2-9653ab400e10fa0c044d.json,137b90d9af9b1068d522c09f68ab3a1a6a52b3da35fbd1c9c48e55b00a919ef4,,,,,,,,,,,,ca2-9653ab400e10fa0c044d,cases/ca2-9653ab400e10fa0c044d.json,137b90d9af9b1068d522c09f68ab3a1a6a52b3da35fbd1c9c48e55b00a919ef4,2023-01-11T19:59:23Z,2023-01-12T19:59:23Z,45,EIP1167_PROXY,,1:0x2405913d54fc46eeaf3fb092bfb099f46803872f,e2a9a383f0d237595ab261e1deca56ab305225bccfc091f8b6a87c0ca1eba86f,eip1167:0x4cb4e3d9e2032e4561ae93ec4815126371bbd0ce,,,,c8cada9acd7d9e57af4f383491004ec03e367d4f9bb82db347304a078013f996,fe728a0ad096b6407138099fd7f92023e9630f39a7e4f60531a5fa7a0d0a452e,ed744043234d482617e98bd8ce1fda7d0d3c7e9e485e9f484caee890e7d43812,DERIVED_STRICT_SNAPSHOT,DERIVED_STRICT_SNAPSHOT,DERIVED_CONSENSUS_RUNTIME_CODE,VERIFIED_STANDARD_PROXY,UNRESOLVED_NO_CUTOFF_SOURCE_VERIFICATION_EVIDENCE,DERIVED_EXACT_CHAIN_ADDRESS,DERIVED_METADATA_STRIPPED_BYTECODE_SHA256,UNRESOLVED_INDEPENDENT_ADJUDICATION_REQUIRED,UNRESOLVED_INDEPENDENT_ADJUDICATION_REQUIRED,UNRESOLVED_METHODS_OWNER_FREEZE_REQUIRED
cfc,defihacklabs,bsc,29116478,0xdd9b223aec6ea56567a62f21ff89585ff125632c,shanghai,ca2-d08064284319f9724001,2023-06-15,CFC,Uniswap Skim() token balance attack,src/test/2023-06/CFC_exp.sol,bsc,https://github.com/SunWeb3Sec/DeFiHackLabs/blob/main/past/2023/README.md,frozen_public_source_hashed,1b5a1d9c3166c2b9d60fefc71f8e12d2c3d2f604b259d662e38310d39db6838b,77b3284608b7251b4ae0b068d00f1561974249a2e86071fcc807e3196eb56a83,"[""https://twitter.com/hexagate_/status/1669280632738906113""]",[],~$16k,exact_contract_basename,True,True,,,2023-06-15,,,,blocked_missing_onchain_and_availability_evidence,"[""missing:deployment_block"", ""missing:prediction_cutoff_block"", ""missing:source_availability_time"", ""missing:runtime_bytecode_hash_at_cutoff"", ""missing:outcome_adjudication_id""]",retained,,cases/ca2-d08064284319f9724001.json,d2e071abbf089a2b0cf4e356feb57c545df2ac264dfe65d37388e78ec17d2899,cases/ca2-d08064284319f9724001.json,07f5961164fc3ce2b3c2399e00e57dce55557995cbfc30f1ad6fb6af89f053eb,,,,,,,,,,,,ca2-d08064284319f9724001,cases/ca2-d08064284319f9724001.json,07f5961164fc3ce2b3c2399e00e57dce55557995cbfc30f1ad6fb6af89f053eb,2023-05-29T13:12:14Z,2023-05-30T13:12:14Z,22248,,,56:0xdd9b223aec6ea56567a62f21ff89585ff125632c,b3665b95b76953c29786c6286b95594547973f447be710f3d39a360eb154b7b7,,,,,11ae303715658a5fe75fb4a5f86c94235a6186316498b33433d03cb900a1bac6,846765601abe5f3db42ffcd53c27218eac4fd875c276bcf95b37686ceabcdeef,e1066d0cbbd22285b5b58eae7f50f6ff556f2ac4638e18d1ec6e2af14aac7285,DERIVED_STRICT_SNAPSHOT,DERIVED_STRICT_SNAPSHOT,DERIVED_CONSENSUS_RUNTIME_CODE,UNRESOLVED:requires_loupe_or_historical_event_resolver,UNRESOLVED_NO_CUTOFF_SOURCE_VERIFICATION_EVIDENCE,DERIVED_EXACT_CHAIN_ADDRESS,DERIVED_METADATA_STRIPPED_BYTECODE_SHA256,UNRESOLVED_INDEPENDENT_ADJUDICATION_REQUIRED,UNRESOLVED_INDEPENDENT_ADJUDICATION_REQUIRED,UNRESOLVED_METHODS_OWNER_FREEZE_REQUIRED
Transit Swap,defihacklabs-temporal-replacement-finalization,bsc,21816545,0x8785bb8deae13783b24d7afe250d42ea7d7e9d72,,ca2-4565d5902877fc12ffa7,2022-10-02,Transit Swap,replacement_candidate,,bsc,,replacement_candidate_historical_snapshot_verified,bc6fbd0441dfaa80bb4703e1428fc54109b9dc8de10a3e8d9af0331bdd48b99d,33ad78d5bad6647574d39bb003e2f7c39f2601766a735a5184d2c6fdc7a1154a,[],"[""0x181a7882aac0eab1036eedba25bc95a16e10f61b5df2e99d240a16c334b9b189""]",,frozen_chain_global_order_finalization,True,True,11986204,12014636,21816546,,992159ec60bbaacd797ed967cf19947c190d56b8214134d6d3fc3da66785ba97,,replacement_candidate_selected,[],replacement,ca2-998d669aa57d9c873e3e,cases/ca2-998d669aa57d9c873e3e.json,2cc72120a1b70f74acd0c3a07c372955569189763018c2bf6e6413fef801edde,,,cases/ca2r-7b25633e7957bf6c7f6d.json,08c3a9d501b9074e5a932da315ece75bf0faf2a8f4cebce1cf73362cd4f732be,historical_cases/ca2r-7b25633e7957bf6c7f6d/ca2r-7b25633e7957bf6c7f6d.json,f621039a0974bf458dbdb52d057d5b736425622c91e19888e6e90843db16cc25,25,first_eligible_unique_from_frozen_chain_global_order,bc6fbd0441dfaa80bb4703e1428fc54109b9dc8de10a3e8d9af0331bdd48b99d,e7668ddd37e305db9052d4f208bb3b87d1e75956950739d5e9f1fd66f4c26267,21816545,0x181a7882aac0eab1036eedba25bc95a16e10f61b5df2e99d240a16c334b9b189,ca2r-7b25633e7957bf6c7f6d,ca2r-7b25633e7957bf6c7f6d,historical_cases/ca2r-7b25633e7957bf6c7f6d/ca2r-7b25633e7957bf6c7f6d.json,f621039a0974bf458dbdb52d057d5b736425622c91e19888e6e90843db16cc25,2021-10-22T06:54:44Z,2021-10-23T06:54:46Z,13208,,,56:0x8785bb8deae13783b24d7afe250d42ea7d7e9d72,af96106595c9196b723190024c454537aed232ed32d81e5c5437868435990b3b,,,,,b02fe3e929f830eafa0b3a95be0fa3b733e0c39eea2449e2610b255b32eec06e,15d8d1b1312798b2b0308f3fa9cb7a3e2db5df7051d6e5c2d639a95e3eb42b4a,1c22fdc02602ff0b00cf317c2464fb1a54c11afdb52c33ffba3992cbc3a4a2b7,DERIVED_STRICT_SNAPSHOT,DERIVED_STRICT_SNAPSHOT,DERIVED_CONSENSUS_RUNTIME_CODE,UNRESOLVED:requires_loupe_or_historical_event_resolver,UNRESOLVED_NO_CUTOFF_SOURCE_VERIFICATION_EVIDENCE,DERIVED_EXACT_CHAIN_ADDRESS,DERIVED_METADATA_STRIPPED_BYTECODE_SHA256,UNRESOLVED_INDEPENDENT_ADJUDICATION_REQUIRED,UNRESOLVED_INDEPENDENT_ADJUDICATION_REQUIRED,UNRESOLVED_METHODS_OWNER_FREEZE_REQUIRED
paraspace,defihacklabs,ethereum,16845558,0x638a98bbb92a7582d07c52ff407d49664dc8b3ee,shanghai,ca2-a86a6b86d343ba9e3bdb,2023-03-17,ParaSpace NFT,Flashloan + scaledBalanceOf Manipulation,src/test/2023-03/Paraspace_exp_2.sol,mainnet,https://github.com/SunWeb3Sec/DeFiHackLabs/blob/main/past/2023/README.md,frozen_public_source_hashed,1b5a1d9c3166c2b9d60fefc71f8e12d2c3d2f604b259d662e38310d39db6838b,f76325e990b992d20458c0d86b7fa77bba088347856fc8cd9d4bb12e33b3dfc0,"[""https://twitter.com/BlockSecTeam/status/1636650252844294144""]",[],,exact_contract_basename,True,True,,,2023-03-17,,,,blocked_missing_onchain_and_availability_evidence,"[""missing:deployment_block"", ""missing:prediction_cutoff_block"", ""missing:source_availability_time"", ""missing:runtime_bytecode_hash_at_cutoff"", ""missing:outcome_adjudication_id""]",retained,,cases/ca2-a86a6b86d343ba9e3bdb.json,82d9aee7f4b79827672aa2cf0fabbd4e8cbb555d779fb9dfc955f619ad7802a2,cases/ca2-a86a6b86d343ba9e3bdb.json,a44a3abb7029519f67c2d686df47e6543f5b26f9e5285edd05b704d8f9246493,,,,,,,,,,,,ca2-a86a6b86d343ba9e3bdb,cases/ca2-a86a6b86d343ba9e3bdb.json,a44a3abb7029519f67c2d686df47e6543f5b26f9e5285edd05b704d8f9246493,2022-12-01T07:27:11Z,2022-12-02T07:27:11Z,6674,,,1:0x638a98bbb92a7582d07c52ff407d49664dc8b3ee,768f31fb6ba6da32c41d59484305f1782d2767bbf3f63be1b4b070b36137840a,,,,,e5e90a230c1d08219790a5b989e4360e07a4f0037096aaeee8f4bf8a5d63a637,a292ee9d289a4f23c79003a5ceff026484c10861776583b8b562ea7fb449fc55,9e4f565fa465113c603482441e2a1811247d4c62c31d8f605fa4f52601021871,DERIVED_STRICT_SNAPSHOT,DERIVED_STRICT_SNAPSHOT,DERIVED_CONSENSUS_RUNTIME_CODE,UNRESOLVED:requires_loupe_or_historical_event_resolver,UNRESOLVED_NO_CUTOFF_SOURCE_VERIFICATION_EVIDENCE,DERIVED_EXACT_CHAIN_ADDRESS,DERIVED_METADATA_STRIPPED_BYTECODE_SHA256,UNRESOLVED_INDEPENDENT_ADJUDICATION_REQUIRED,UNRESOLVED_INDEPENDENT_ADJUDICATION_REQUIRED,UNRESOLVED_METHODS_OWNER_FREEZE_REQUIRED
allbridge_2,defihacklabs,bsc,26982067,0x179aad597399b9ae078acfe2b746c09117799ca0,shanghai,ca2-3ef6014a26a0b205a68e,2023-04-02,Allbridge,FlashLoan price manipulation,src/test/2023-04/Allbridge_exp.sol,bsc,https://github.com/SunWeb3Sec/DeFiHackLabs/blob/main/past/2023/README.md,frozen_public_source_hashed,1b5a1d9c3166c2b9d60fefc71f8e12d2c3d2f604b259d662e38310d39db6838b,9e6ba73f3f619cf65fc515389a80b649a51aa891855bd02aaed3938aad6973b1,"[""https://twitter.com/BeosinAlert/status/1642372700726505473"", ""https://twitter.com/peckshield/status/1642356701100916736""]",[],$550k,normalized_title_fallback,True,True,,,2023-04-02,,,,blocked_missing_onchain_and_availability_evidence,"[""missing:deployment_block"", ""missing:prediction_cutoff_block"", ""missing:source_availability_time"", ""missing:runtime_bytecode_hash_at_cutoff"", ""missing:outcome_adjudication_id""]",retained,,cases/ca2-3ef6014a26a0b205a68e.json,026342b160839e9cc501e235e9612cfa5c35d437191276e2dc0ef227a50373e1,cases/ca2-3ef6014a26a0b205a68e.json,e560b10130738b5851616f26f3a9fc81febd165b26a04f128f80ffe7a76ecb58,,,,,,,,,,,,ca2-3ef6014a26a0b205a68e,cases/ca2-3ef6014a26a0b205a68e.json,e560b10130738b5851616f26f3a9fc81febd165b26a04f128f80ffe7a76ecb58,2022-09-04T09:26:43Z,2022-09-05T09:26:45Z,7502,,,56:0x179aad597399b9ae078acfe2b746c09117799ca0,46d3e480039700ca791effbe4f598a99781a9031c0ae5c3cdb307c780627fe08,,,,,94cc4f1dca8ff74515e2b8308ff71b71463a7b7f61edb10a55ac860c00145ae7,3ab02aa11614e3fdd0d47f43664bba4061ace7ed800a5a561d126e55c2891102,82c8fd1a46751813e6dda191a537393715b6d3dab4d5b551b0a6eac5c6c6b6a5,DERIVED_STRICT_SNAPSHOT,DERIVED_STRICT_SNAPSHOT,DERIVED_CONSENSUS_RUNTIME_CODE,UNRESOLVED:requires_loupe_or_historical_event_resolver,UNRESOLVED_NO_CUTOFF_SOURCE_VERIFICATION_EVIDENCE,DERIVED_EXACT_CHAIN_ADDRESS,DERIVED_METADATA_STRIPPED_BYTECODE_SHA256,UNRESOLVED_INDEPENDENT_ADJUDICATION_REQUIRED,UNRESOLVED_INDEPENDENT_ADJUDICATION_REQUIRED,UNRESOLVED_METHODS_OWNER_FREEZE_REQUIRED
lusd,defihacklabs,bsc,29756866,0xdec12a1dcbc1f741ccd02dfd862ab226f6383003,shanghai,ca2-eafba3ad227d4a51d107,2023-07-07,LUSD,Price manipulation attack,src/test/2023-07/LUSD_exp.sol,bsc,https://github.com/SunWeb3Sec/DeFiHackLabs/blob/main/past/2023/README.md,frozen_public_source_hashed,1b5a1d9c3166c2b9d60fefc71f8e12d2c3d2f604b259d662e38310d39db6838b,548fa2554a015e3e4ac4533680e800fbfed217cea5fb939376b2e620239adfc3,"[""https://twitter.com/AnciliaInc/status/1677391242878140417""]",[],~9464USDT,exact_contract_basename,True,True,,,2023-07-07,,,,blocked_missing_onchain_and_availability_evidence,"[""missing:deployment_block"", ""missing:prediction_cutoff_block"", ""missing:source_availability_time"", ""missing:runtime_bytecode_hash_at_cutoff"", ""missing:outcome_adjudication_id""]",retained,,cases/ca2-eafba3ad227d4a51d107.json,a3c47b208f768398132a026b566beeb10b428a50a67e3deb97b5b4b86da8c216,cases/ca2-eafba3ad227d4a51d107.json,e87d122a5470c09b1ed50d60cd59572bb7d1bc1297c23b2e35b2206708844ae0,,,,,,,,,,,,ca2-eafba3ad227d4a51d107,cases/ca2-eafba3ad227d4a51d107.json,e87d122a5470c09b1ed50d60cd59572bb7d1bc1297c23b2e35b2206708844ae0,2023-06-12T09:35:18Z,2023-06-13T09:35:18Z,8392,,,56:0xdec12a1dcbc1f741ccd02dfd862ab226f6383003,12a7778fa53e12e8b3e1b7caf8d7a39c68b98bece9c626ac3d9aeb3e2d13b263,,,,,4bd799d0483c3e67a5f09cba5355cdf6ea1a1f797e269a39849c9f8f0dd9cc6d,70b22f4c5e8c05a6294ef606de361a02ac407060b26c85ba1745bc8fe3835e04,0e6659ba73b9e44aa52f5ec95faffd8854b07aea9b0cb8653ef2c3a51b5426ad,DERIVED_STRICT_SNAPSHOT,DERIVED_STRICT_SNAPSHOT,DERIVED_CONSENSUS_RUNTIME_CODE,UNRESOLVED:requires_loupe_or_historical_event_resolver,UNRESOLVED_NO_CUTOFF_SOURCE_VERIFICATION_EVIDENCE,DERIVED_EXACT_CHAIN_ADDRESS,DERIVED_METADATA_STRIPPED_BYTECODE_SHA256,UNRESOLVED_INDEPENDENT_ADJUDICATION_REQUIRED,UNRESOLVED_INDEPENDENT_ADJUDICATION_REQUIRED,UNRESOLVED_METHODS_OWNER_FREEZE_REQUIRED
FlyLong,defihacklabs-temporal-replacement-finalization,bsc,48768031,0x9ca66a67dc3d77beb59dc11caf96677843797c08,,ca2-30b42ce7f2f4b08cf742,2025-04-29,FlyLong,replacement_candidate,,bsc,,replacement_candidate_historical_snapshot_verified,bf64b60be62ae0444ecb6d417b53cd00af486ea73d63482811c1e88682dc0387,3ba6690176f6f20e8ce7b13d129e5afca76bc492e6f7ae70543a990c44a445c9,[],"[""0x45f6a7df540933b3d2b1a275fcbfc146bbd48934ffb6635c4839d8590a9efc88""]",,frozen_chain_global_order_finalization,True,True,33895538,33924248,48768032,,5a0220cb5b3f8029c61543962ec6a92bd5d0e712cec83c1292d552bdd4b86eb0,,replacement_candidate_selected,[],replacement,ca2-0b66d50e994cba1798e2,cases/ca2-0b66d50e994cba1798e2.json,fe3964339f37c726ffa96229c709a3e4238935f5a6c15d8d172c5e304c0d0b49,,,cases/ca2r-26dba834d99618c7908c.json,d2b61c3f5d8027dc115a9ddb15d61432df47768f66e0a437e5711a8b59ceee7c,historical_cases/ca2r-26dba834d99618c7908c/ca2r-26dba834d99618c7908c.json,d591571701c645571947d8ca3b236f79945fcef073f0582d16171dd0374a09d6,4,first_eligible_unique_from_frozen_chain_global_order,bf64b60be62ae0444ecb6d417b53cd00af486ea73d63482811c1e88682dc0387,d3b80fe4ed7198fc900616b269408c1d0485ef8f000f46d37adb75be862a4a9c,48768031,0x45f6a7df540933b3d2b1a275fcbfc146bbd48934ffb6635c4839d8590a9efc88,ca2r-26dba834d99618c7908c,ca2r-26dba834d99618c7908c,historical_cases/ca2r-26dba834d99618c7908c/ca2r-26dba834d99618c7908c.json,d591571701c645571947d8ca3b236f79945fcef073f0582d16171dd0374a09d6,2023-11-28T19:17:34Z,2023-11-29T19:17:34Z,2775,,,56:0x9ca66a67dc3d77beb59dc11caf96677843797c08,68e3f9a4249a4dcf7c98b5c714115c29d9a6cb5ee78b59bbccdb07b81f14602f,,,,,183ad10d95bba0e43a39bce45c4cf288e8ef1a830d201a6df0002988523dd6a1,e1dd660a2379b6d3647e1658892651a8a146077f02b3dc77eb9b805966b853fe,8a1a9d1d5816f324a5479195cc0d1d27affac277dbc175fa1ff0af2ab9a1af0f,DERIVED_STRICT_SNAPSHOT,DERIVED_STRICT_SNAPSHOT,DERIVED_CONSENSUS_RUNTIME_CODE,UNRESOLVED:requires_loupe_or_historical_event_resolver,UNRESOLVED_NO_CUTOFF_SOURCE_VERIFICATION_EVIDENCE,DERIVED_EXACT_CHAIN_ADDRESS,DERIVED_METADATA_STRIPPED_BYTECODE_SHA256,UNRESOLVED_INDEPENDENT_ADJUDICATION_REQUIRED,UNRESOLVED_INDEPENDENT_ADJUDICATION_REQUIRED,UNRESOLVED_METHODS_OWNER_FREEZE_REQUIRED
xsdwethpool,defihacklabs,bsc,32086900,0xfadda925e10d07430f5d7461689fd90d3d81bb48,shanghai,ca2-4cd0e024b3073b041691,2023-09-26,XSDWETHpool,Reentrancy,src/test/2023-09/XSDWETHpool_exp.sol,bsc,https://github.com/SunWeb3Sec/DeFiHackLabs/blob/main/past/2023/README.md,frozen_public_source_hashed,1b5a1d9c3166c2b9d60fefc71f8e12d2c3d2f604b259d662e38310d39db6838b,5171a72c631a0930c60cf394ca3b8b53732efe7023d737f87503743b37eb8dc8,"[""https://twitter.com/CertiKAlert/status/1706765042916450781""]",[],~$56.9BNB,exact_contract_basename,True,True,,,2023-09-26,,,,blocked_missing_onchain_and_availability_evidence,"[""missing:deployment_block"", ""missing:prediction_cutoff_block"", ""missing:source_availability_time"", ""missing:runtime_bytecode_hash_at_cutoff"", ""missing:outcome_adjudication_id""]",retained,,cases/ca2-4cd0e024b3073b041691.json,236f91eb02460eb799b19a4f52319f30f5c8e1f77bcf3a73bc7734d33f47a397,cases/ca2-4cd0e024b3073b041691.json,46941ef5379c8edd827f8cc1dda04fe9b0ef909a46dab7ffd3990e28849a01d1,,,,,,,,,,,,ca2-4cd0e024b3073b041691,cases/ca2-4cd0e024b3073b041691.json,46941ef5379c8edd827f8cc1dda04fe9b0ef909a46dab7ffd3990e28849a01d1,2023-06-24T13:03:45Z,2023-06-25T13:03:45Z,23340,,,56:0xfadda925e10d07430f5d7461689fd90d3d81bb48,ba31e22e0f509d958eccb86a1c4cd1ffe909d5f4de5796ec4bc9be08978d45b6,,,,,d94b603b84c51f571000d62237b6654739477c91ae0ea6eb5af632e1a0cc16c0,006274cbd3c2ead85614eb1a9bedaceac5732206be68955ab86d8dc40355c710,b3676cdd8fec6a257955d64831afb012ddb1f37aef30cf16d16322eb69bc1a25,DERIVED_STRICT_SNAPSHOT,DERIVED_STRICT_SNAPSHOT,DERIVED_CONSENSUS_RUNTIME_CODE,UNRESOLVED:requires_loupe_or_historical_event_resolver,UNRESOLVED_NO_CUTOFF_SOURCE_VERIFICATION_EVIDENCE,DERIVED_EXACT_CHAIN_ADDRESS,DERIVED_METADATA_STRIPPED_BYTECODE_SHA256,UNRESOLVED_INDEPENDENT_ADJUDICATION_REQUIRED,UNRESOLVED_INDEPENDENT_ADJUDICATION_REQUIRED,UNRESOLVED_METHODS_OWNER_FREEZE_REQUIRED
laeeb,defihacklabs,bsc,33053187,0xa2b8a15a07385ea933088c6bcbb38b84c1051a58,shanghai,ca2-99439e8d086734a4e7a2,2023-10-30,LaEeb,Lack Slippage Protection,src/test/2023-10/LaEeb_exp.sol,bsc,https://github.com/SunWeb3Sec/DeFiHackLabs/blob/main/past/2023/README.md,frozen_public_source_hashed,1b5a1d9c3166c2b9d60fefc71f8e12d2c3d2f604b259d662e38310d39db6838b,5d8182089bda62f6d5bf44380c6d651479cecf5301f21a488a6128e18fef824e,"[""https://x.com/MetaSec_xyz/status/1718964562165420076""]",[],~1.8 WBNB,exact_contract_basename,True,True,,,2023-10-30,,,,blocked_missing_onchain_and_availability_evidence,"[""missing:deployment_block"", ""missing:prediction_cutoff_block"", ""missing:source_availability_time"", ""missing:runtime_bytecode_hash_at_cutoff"", ""missing:outcome_adjudication_id""]",retained,,cases/ca2-99439e8d086734a4e7a2.json,37068c9912426b5489c0fc7ba111fedf24228bf7d2c6ac7b8b2ef2c76103cf00,cases/ca2-99439e8d086734a4e7a2.json,caf965c5eee0b61af874ed3a3ee3a58a5b79500980b10777c062ccb12e4104a3,,,,,,,,,,,,ca2-99439e8d086734a4e7a2,cases/ca2-99439e8d086734a4e7a2.json,caf965c5eee0b61af874ed3a3ee3a58a5b79500980b10777c062ccb12e4104a3,2022-05-26T03:37:32Z,2022-05-27T03:37:33Z,16095,,,56:0xa2b8a15a07385ea933088c6bcbb38b84c1051a58,30e80cc516ad0d043081da40702af0252a699757145e19bed84422f6cbdfee4d,,,,,731d75963bcd7d5d753460158363689adbbd0469f99051a8b08dfcf8056b667c,84e911d2f30bd225987c72b18301d770ea886fbba0533d4273e12423e59a144d,c7e8b35992632e70126fca7f5076b40c0e3f951d61aaca815cfbc94f68f14f94,DERIVED_STRICT_SNAPSHOT,DERIVED_STRICT_SNAPSHOT,DERIVED_CONSENSUS_RUNTIME_CODE,UNRESOLVED:requires_loupe_or_historical_event_resolver,UNRESOLVED_NO_CUTOFF_SOURCE_VERIFICATION_EVIDENCE,DERIVED_EXACT_CHAIN_ADDRESS,DERIVED_METADATA_STRIPPED_BYTECODE_SHA256,UNRESOLVED_INDEPENDENT_ADJUDICATION_REQUIRED,UNRESOLVED_INDEPENDENT_ADJUDICATION_REQUIRED,UNRESOLVED_METHODS_OWNER_FREEZE_REQUIRED
ais,defihacklabs,bsc,33916687,0x6844ef18012a383c14e9a76a93602616ee9d6132,shanghai,ca2-c5f49d371d24304e62b2,2023-11-29,AIS,Insufficient validation,src/test/2023-11/AIS_exp.sol,bsc,https://github.com/SunWeb3Sec/DeFiHackLabs/blob/main/past/2023/README.md,frozen_public_source_hashed,1b5a1d9c3166c2b9d60fefc71f8e12d2c3d2f604b259d662e38310d39db6838b,201fb0e192b801dcf1d6a5bd5cb66779a4a53d0312239f571733153ff40c12c6,"[""https://twitter.com/Phalcon_xyz/status/1729861048004391306""]",[],~$61k,exact_contract_basename,True,True,,,2023-11-29,,,,blocked_missing_onchain_and_availability_evidence,"[""missing:deployment_block"", ""missing:prediction_cutoff_block"", ""missing:source_availability_time"", ""missing:runtime_bytecode_hash_at_cutoff"", ""missing:outcome_adjudication_id""]",retained,,cases/ca2-c5f49d371d24304e62b2.json,0168e01365c852f1297d6e0f76e4055f62b20524d237faec6f84f206ccb311f4,cases/ca2-c5f49d371d24304e62b2.json,53b33d02099e56014a255d3b775c72661964ae1e5f77ec4dcbb2ec71cc98d8ff,,,,,,,,,,,,ca2-c5f49d371d24304e62b2,cases/ca2-c5f49d371d24304e62b2.json,53b33d02099e56014a255d3b775c72661964ae1e5f77ec4dcbb2ec71cc98d8ff,2023-11-22T07:09:58Z,2023-11-23T07:10:00Z,4030,,,56:0x6844ef18012a383c14e9a76a93602616ee9d6132,8d486cfa8687870f3c9f3983f691ffab635eeb558ebb779d76d8c77ad604f163,,,,,b57534a13751b9535bc85e64f2cd0525955316639efdcabc58fa8b34b5b391f2,1385cbbd44cceba076989e8afce24667252a1d23b8f944ef5d8bb7470114401d,26599a60874ac110222f2df4cce082a9d67cd09e8d23d6a6475c2df8b28391a0,DERIVED_STRICT_SNAPSHOT,DERIVED_STRICT_SNAPSHOT,DERIVED_CONSENSUS_RUNTIME_CODE,UNRESOLVED:requires_loupe_or_historical_event_resolver,UNRESOLVED_NO_CUTOFF_SOURCE_VERIFICATION_EVIDENCE,DERIVED_EXACT_CHAIN_ADDRESS,DERIVED_METADATA_STRIPPED_BYTECODE_SHA256,UNRESOLVED_INDEPENDENT_ADJUDICATION_REQUIRED,UNRESOLVED_INDEPENDENT_ADJUDICATION_REQUIRED,UNRESOLVED_METHODS_OWNER_FREEZE_REQUIRED
hct,defihacklabs,bsc,31528197,0x0fdfcfc398ccc90124a0a41d920d6e2d0bd8ccf5,shanghai,ca2-573d346bb7ac970e759a,2023-09-07,HCT,Price Manipulation,src/test/2023-09/HCT_exp.sol,bsc,https://github.com/SunWeb3Sec/DeFiHackLabs/blob/main/past/2023/README.md,frozen_public_source_hashed,1b5a1d9c3166c2b9d60fefc71f8e12d2c3d2f604b259d662e38310d39db6838b,9f533b702a0b779e816436d168cac8002a4e871939e3c2589b2e6b0e106533dc,"[""https://twitter.com/leovctech/status/1699775506785198499""]",[],~$30.5BNB,exact_contract_basename,True,True,,,2023-09-07,,,,blocked_missing_onchain_and_availability_evidence,"[""missing:deployment_block"", ""missing:prediction_cutoff_block"", ""missing:source_availability_time"", ""missing:runtime_bytecode_hash_at_cutoff"", ""missing:outcome_adjudication_id""]",retained,,cases/ca2-573d346bb7ac970e759a.json,afad6ac02b6760d502f554cbe033d82a90a810aa33b07c0b63ec447fe7fc72cc,cases/ca2-573d346bb7ac970e759a.json,3b9e3834aca23dbe9c8c044dd8e8679cd04f76ba2be26681037126385555f1f0,,,,,,,,,,,,ca2-573d346bb7ac970e759a,cases/ca2-573d346bb7ac970e759a.json,3b9e3834aca23dbe9c8c044dd8e8679cd04f76ba2be26681037126385555f1f0,2023-09-03T23:16:15Z,2023-09-04T23:16:17Z,10399,,,56:0x0fdfcfc398ccc90124a0a41d920d6e2d0bd8ccf5,5a41d20bbf99bd0ca4d6c71b8e667879b33cc1ac54a6814b558d46e083166520,,,,,af073e041e935e4136d0f32abe3db0282abe0663206194724b27c66b8b4a4863,0b3a7c79c9aa0e949e22c31a6abcbcf238bb9b8331fd3e4640a981d8baee6c8e,bcd68972d3c4e27bd63a8c28f3c4980b7dcbcb85661db2e02264db8f3a07392e,DERIVED_STRICT_SNAPSHOT,DERIVED_STRICT_SNAPSHOT,DERIVED_CONSENSUS_RUNTIME_CODE,UNRESOLVED:requires_loupe_or_historical_event_resolver,UNRESOLVED_NO_CUTOFF_SOURCE_VERIFICATION_EVIDENCE,DERIVED_EXACT_CHAIN_ADDRESS,DERIVED_METADATA_STRIPPED_BYTECODE_SHA256,UNRESOLVED_INDEPENDENT_ADJUDICATION_REQUIRED,UNRESOLVED_INDEPENDENT_ADJUDICATION_REQUIRED,UNRESOLVED_METHODS_OWNER_FREEZE_REQUIRED
lqdx_alert,defihacklabs,ethereum,19165893,0x364f17a23ae4350319b7491224d10df5796190bc,shanghai,ca2-dcbeec1a974442a079de,2024-01-10,LQDX,Unauthorized TransferFrom,src/test/2024-01/LQDX_alert_exp.sol,mainnet,https://github.com/SunWeb3Sec/DeFiHackLabs/blob/main/past/2024/README.md,frozen_public_source_hashed,db3b13fa1cbf75bffec4662240ebd762c5af6c92d2608b9aecde80a8d7802b08,d30061a939fbd172dd528982a413b74d964553eaf8a2aa841dbf758a368fee8e,"[""https://twitter.com/SlowMist_Team/status/1744972012865671452""]",[],unknown,exact_contract_basename,True,True,,,2024-01-10,,,,blocked_missing_onchain_and_availability_evidence,"[""missing:deployment_block"", ""missing:prediction_cutoff_block"", ""missing:source_availability_time"", ""missing:runtime_bytecode_hash_at_cutoff"", ""missing:outcome_adjudication_id""]",retained,,cases/ca2-dcbeec1a974442a079de.json,7a074a0ad4a710e0a823aee5c6d0d26801287a47d8c21b4cc3aa599956146494,cases/ca2-dcbeec1a974442a079de.json,b94ef3728be1b72b80e935da4f2e96adce8713b62de631ed029edbf5c024975f,,,,,,,,,,,,ca2-dcbeec1a974442a079de,cases/ca2-dcbeec1a974442a079de.json,b94ef3728be1b72b80e935da4f2e96adce8713b62de631ed029edbf5c024975f,2023-12-29T12:49:59Z,2023-12-30T12:49:59Z,10688,,,1:0x364f17a23ae4350319b7491224d10df5796190bc,e52d1dd3cb29f0a2abfdac020e44a88a4cae7f0eccb15d45855fb368b448be8a,,,,,5730395609b936969840cd586aa1d8005bd6efa0e27e66fd1d745d69d360e5f2,33cbeafc5f29825f853eaf38df7c87938387b1fb620a8df18bf8a7c73612f328,93c6934adbbf0a493d4936c1a9ee7c8beaf0c1e5e50d661911dcd2b82c8eaccf,DERIVED_STRICT_SNAPSHOT,DERIVED_STRICT_SNAPSHOT,DERIVED_CONSENSUS_RUNTIME_CODE,UNRESOLVED:requires_loupe_or_historical_event_resolver,UNRESOLVED_NO_CUTOFF_SOURCE_VERIFICATION_EVIDENCE,DERIVED_EXACT_CHAIN_ADDRESS,DERIVED_METADATA_STRIPPED_BYTECODE_SHA256,UNRESOLVED_INDEPENDENT_ADJUDICATION_REQUIRED,UNRESOLVED_INDEPENDENT_ADJUDICATION_REQUIRED,UNRESOLVED_METHODS_OWNER_FREEZE_REQUIRED
bmizapper,defihacklabs,ethereum,19029289,0x4622aff8e521a444c9301da0efd05f6b482221b8,shanghai,ca2-5a019aa2bc528c73de90,2024-01-17,BmiZapper,Arbitrary external call vulnerability,src/test/2024-01/Bmizapper_exp.sol,mainnet,https://github.com/SunWeb3Sec/DeFiHackLabs/blob/main/past/2024/README.md,frozen_public_source_hashed,db3b13fa1cbf75bffec4662240ebd762c5af6c92d2608b9aecde80a8d7802b08,3639359f34a51931ad664ca625decddd72117909a07861077bb648ff94277c3c,"[""https://x.com/0xmstore/status/1747756898172952725""]",[],~114K,exact_contract_basename,True,True,,,2024-01-17,,,,blocked_missing_onchain_and_availability_evidence,"[""missing:deployment_block"", ""missing:prediction_cutoff_block"", ""missing:source_availability_time"", ""missing:runtime_bytecode_hash_at_cutoff"", ""missing:outcome_adjudication_id""]",retained,,cases/ca2-5a019aa2bc528c73de90.json,405198703e62f1582155611c3496d3fbbad5e25c4a8a74cb9b6064a6de870673,cases/ca2-5a019aa2bc528c73de90.json,ef14f79465f571e91a8dbf0fe1d82f12b32efb3792ed54eec9bdd2e2ab62c780,,,,,,,,,,,,ca2-5a019aa2bc528c73de90,cases/ca2-5a019aa2bc528c73de90.json,ef14f79465f571e91a8dbf0fe1d82f12b32efb3792ed54eec9bdd2e2ab62c780,2021-07-06T05:48:09Z,2021-07-07T05:48:25Z,17369,,,1:0x4622aff8e521a444c9301da0efd05f6b482221b8,bec38091647b73980405d6330564da5dec82211fbaa7b6c160d3a5d2eefe1632,,,,,beeef6a30992216a9275cc4a86b74a99a5b3bafdcb2cfb86c847c826ceef56d1,fac56343134c7fce3530b882795837152508bd9ead83507eeb5abe1b39538cec,cb51975e4da24e65eb5a38d54f909f9075436b38a425675b107928f2499a044c,DERIVED_STRICT_SNAPSHOT,DERIVED_STRICT_SNAPSHOT,DERIVED_CONSENSUS_RUNTIME_CODE,UNRESOLVED:requires_loupe_or_historical_event_resolver,UNRESOLVED_NO_CUTOFF_SOURCE_VERIFICATION_EVIDENCE,DERIVED_EXACT_CHAIN_ADDRESS,DERIVED_METADATA_STRIPPED_BYTECODE_SHA256,UNRESOLVED_INDEPENDENT_ADJUDICATION_REQUIRED,UNRESOLVED_INDEPENDENT_ADJUDICATION_REQUIRED,UNRESOLVED_METHODS_OWNER_FREEZE_REQUIRED
mic,defihacklabs,bsc,34905161,0xb38c2d2d6a168d41aa8eb4cead47e01badbdcf57,shanghai,ca2-a17aa054e6a4e68a65d6,2024-01-02,MIC,Business Logic Flaw,src/test/2024-01/MIC_exp.sol,bsc,https://github.com/SunWeb3Sec/DeFiHackLabs/blob/main/past/2024/README.md,frozen_public_source_hashed,db3b13fa1cbf75bffec4662240ebd762c5af6c92d2608b9aecde80a8d7802b08,949c8d012eb705b561f67c12fe8ae383cc1da5479537f8f136bc7ad1b38971ff,"[""https://x.com/MetaSec_xyz/status/1742484748239536173""]",[],~500K,exact_contract_basename,True,True,,,2024-01-02,,,,blocked_missing_onchain_and_availability_evidence,"[""missing:deployment_block"", ""missing:prediction_cutoff_block"", ""missing:source_availability_time"", ""missing:runtime_bytecode_hash_at_cutoff"", ""missing:outcome_adjudication_id""]",retained,,cases/ca2-a17aa054e6a4e68a65d6.json,1953de8870364731b4e84d11005d4312039f982bab46149b65099e2727fa4d04,cases/ca2-a17aa054e6a4e68a65d6.json,445aba22d53bd18f67abda3d1c834566eff59553d561196f9342cfe93fd9140a,,,,,,,,,,,,ca2-a17aa054e6a4e68a65d6,cases/ca2-a17aa054e6a4e68a65d6.json,445aba22d53bd18f67abda3d1c834566eff59553d561196f9342cfe93fd9140a,2023-12-28T12:54:14Z,2023-12-29T12:54:15Z,11017,,,56:0xb38c2d2d6a168d41aa8eb4cead47e01badbdcf57,46c4a9ba98801948ee5e9a391d8ec70903dc5f79412c54a20ff4fd8c6b22233c,,,,,fadfd746ada7fc5c117bad5627d04c5ef37d580d08936dfe7e3c6ed498690df8,9f4521493ebae8f988f6bbfc20344e7fe844c648e25c5c0aa350736e82f650c5,8dff60523d7de8665b7e52f0f43e10ac863ea5672d2ae8bea60342369c836738,DERIVED_STRICT_SNAPSHOT,DERIVED_STRICT_SNAPSHOT,DERIVED_CONSENSUS_RUNTIME_CODE,UNRESOLVED:requires_loupe_or_historical_event_resolver,UNRESOLVED_NO_CUTOFF_SOURCE_VERIFICATION_EVIDENCE,DERIVED_EXACT_CHAIN_ADDRESS,DERIVED_METADATA_STRIPPED_BYTECODE_SHA256,UNRESOLVED_INDEPENDENT_ADJUDICATION_REQUIRED,UNRESOLVED_INDEPENDENT_ADJUDICATION_REQUIRED,UNRESOLVED_METHODS_OWNER_FREEZE_REQUIRED
barleyfinance,defihacklabs,ethereum,19106654,0x04c80bb477890f3021f03b068238836ee20aa0b8,shanghai,ca2-4f5a0a76d69326e4c2cd,2024-01-28,BarleyFinance,Reentrancy,src/test/2024-01/BarleyFinance_exp.sol,mainnet,https://github.com/SunWeb3Sec/DeFiHackLabs/blob/main/past/2024/README.md,frozen_public_source_hashed,db3b13fa1cbf75bffec4662240ebd762c5af6c92d2608b9aecde80a8d7802b08,db29e517b67f809a29faeda998ccaf52c5c2cdbf28690ee42a52da070f9c0dbb,"[""https://app.blocksec.com/explorer/security-incidents"", ""https://twitter.com/Phalcon_xyz/status/1751788389139992824"", ""https://www.bitget.com/news/detail/12560603890246""]",[],~130K,exact_contract_basename,True,True,,,2024-01-28,,,,blocked_missing_onchain_and_availability_evidence,"[""missing:deployment_block"", ""missing:prediction_cutoff_block"", ""missing:source_availability_time"", ""missing:runtime_bytecode_hash_at_cutoff"", ""missing:outcome_adjudication_id""]",retained,,cases/ca2-4f5a0a76d69326e4c2cd.json,77c492316e272c3b6c4912173e564cdf70d8c7211a9e704aa11d2856637c116c,cases/ca2-4f5a0a76d69326e4c2cd.json,a5859fe6c129e996576b529b8476783e8762850f2aacb096636973033a02f2a5,,,,,,,,,,,,ca2-4f5a0a76d69326e4c2cd,cases/ca2-4f5a0a76d69326e4c2cd.json,a5859fe6c129e996576b529b8476783e8762850f2aacb096636973033a02f2a5,2024-01-26T12:54:35Z,2024-01-27T12:54:35Z,16571,,,1:0x04c80bb477890f3021f03b068238836ee20aa0b8,f710d73f4c63a24dbad8f6adc16aed15566f205fcc1c12dc057b537f25536e5b,,,,,fdfce8a14779d7330bfcba4909979a584843db958023aad8d616bb7901551088,954a758aff5a64563c672026462c97bc710be827bbbcded60cdfed8d9af744a0,aaa95418de6ab4a5bc87ba30015797360fe7f96945fb15c3f8342ee159b81cec,DERIVED_STRICT_SNAPSHOT,DERIVED_STRICT_SNAPSHOT,DERIVED_CONSENSUS_RUNTIME_CODE,UNRESOLVED:requires_loupe_or_historical_event_resolver,UNRESOLVED_NO_CUTOFF_SOURCE_VERIFICATION_EVIDENCE,DERIVED_EXACT_CHAIN_ADDRESS,DERIVED_METADATA_STRIPPED_BYTECODE_SHA256,UNRESOLVED_INDEPENDENT_ADJUDICATION_REQUIRED,UNRESOLVED_INDEPENDENT_ADJUDICATION_REQUIRED,UNRESOLVED_METHODS_OWNER_FREEZE_REQUIRED
mimspell2,defihacklabs,ethereum,19118659,0x7259e152103756e1616a77ae982353c3751a6a90,shanghai,ca2-be2ba09219e40ecb6cb2,2024-01-30,MIMSpell,Precission Loss,src/test/2024-01/MIMSpell2_exp.sol,mainnet,https://github.com/SunWeb3Sec/DeFiHackLabs/blob/main/past/2024/README.md,frozen_public_source_hashed,db3b13fa1cbf75bffec4662240ebd762c5af6c92d2608b9aecde80a8d7802b08,7d204cc7ae208880f66356502374e7a7f0f35543be63f2bbaca9a9a8da3c9dd3,"[""https://app.blocksec.com/explorer/security-incidents"", ""https://twitter.com/Phalcon_xyz/status/1752278614551216494"", ""https://twitter.com/kankodu/status/1752581744803680680"", ""https://twitter.com/peckshield/status/1752279373779194011""]",[],"~6,5M",exact_contract_basename,True,True,,,2024-01-30,,,,blocked_missing_onchain_and_availability_evidence,"[""missing:deployment_block"", ""missing:prediction_cutoff_block"", ""missing:source_availability_time"", ""missing:runtime_bytecode_hash_at_cutoff"", ""missing:outcome_adjudication_id""]",retained,,cases/ca2-be2ba09219e40ecb6cb2.json,a951494b074d1c146dd3ffbdf6bf2fe11aedd8f27e128301d48f5c6a6ea2e0f3,cases/ca2-be2ba09219e40ecb6cb2.json,fbbdb0b19160211c73ecdc539911d476ffe868b0720505da84edd671803c2fde,,,,,,,,,,,,ca2-be2ba09219e40ecb6cb2,cases/ca2-be2ba09219e40ecb6cb2.json,fbbdb0b19160211c73ecdc539911d476ffe868b0720505da84edd671803c2fde,2023-01-30T15:28:47Z,2023-01-31T15:28:47Z,45,EIP1167_PROXY,,1:0x7259e152103756e1616a77ae982353c3751a6a90,47079181df3c7716ffc94a29df31020bf9be2ed5d81602c009a89eec032bfe4c,eip1167:0xc4113ae18e0d3213c6a06947a2ffc70ad3517c77,,,,65ebd271a6a4842387d21d5747e7940d26737848e2de027bede7473a829e155d,364c71a197644785ba4a2f59fa46355e751a3dc0ed8f203b59d04f8f7633de4a,bafe40252ea354b135823bcfc375cece56e5bc5352c2817f4b266093249847c1,DERIVED_STRICT_SNAPSHOT,DERIVED_STRICT_SNAPSHOT,DERIVED_CONSENSUS_RUNTIME_CODE,VERIFIED_STANDARD_PROXY,UNRESOLVED_NO_CUTOFF_SOURCE_VERIFICATION_EVIDENCE,DERIVED_EXACT_CHAIN_ADDRESS,DERIVED_METADATA_STRIPPED_BYTECODE_SHA256,UNRESOLVED_INDEPENDENT_ADJUDICATION_REQUIRED,UNRESOLVED_INDEPENDENT_ADJUDICATION_REQUIRED,UNRESOLVED_METHODS_OWNER_FREEZE_REQUIRED
peapodsfinance,defihacklabs,ethereum,19109652,0xdbb20a979a92cccce15229e41c9b082d5b5d7e31,shanghai,ca2-8af0ea955100349da941,2024-01-29,PeapodsFinance,Reentrancy,src/test/2024-01/PeapodsFinance_exp.sol,mainnet,https://github.com/SunWeb3Sec/DeFiHackLabs/blob/main/past/2024/README.md,frozen_public_source_hashed,db3b13fa1cbf75bffec4662240ebd762c5af6c92d2608b9aecde80a8d7802b08,c5deade4aaa511c50cb8d90d1504dd401639fdb69b10edcef3754925cfa6f6cf,"[""https://app.blocksec.com/explorer/tx/eth/0x95c1604789c93f41940a7fd9eca11276975a9a65d250b89a247736287dbd2b7e""]","[""0x95c1604789c93f41940a7fd9eca11276975a9a65d250b89a247736287dbd2b7e""]",~1K $DAI,frozen_date_override,True,True,,,2024-01-29,,,,blocked_missing_onchain_and_availability_evidence,"[""missing:deployment_block"", ""missing:prediction_cutoff_block"", ""missing:source_availability_time"", ""missing:runtime_bytecode_hash_at_cutoff"", ""missing:outcome_adjudication_id""]",retained,,cases/ca2-8af0ea955100349da941.json,a224ea31d9752258ecf72efa82ea62b97612aef8ad8b1e1322506473ca3f4640,cases/ca2-8af0ea955100349da941.json,27d58591ac3ebdd03ab7eb9d8f6562cb195b8efd0065580033cc818c736b4c39,,,,,,,,,,,,ca2-8af0ea955100349da941,cases/ca2-8af0ea955100349da941.json,27d58591ac3ebdd03ab7eb9d8f6562cb195b8efd0065580033cc818c736b4c39,2023-12-12T21:17:47Z,2023-12-13T21:17:47Z,16530,,,1:0xdbb20a979a92cccce15229e41c9b082d5b5d7e31,10f5be3d883cb528029a0defa548a56bc538f4edd0562af7d0fa6627ccbefe35,,,,,0e4db7ab97e0f09108fcd840b47c026f762dc475358622c2645915301e44de70,081c61b64238f0c36d32730ed6f0784d6f32c0f3288e8456fe58a3456c96d3cc,c4f6e5e8f1075f6019e0fc0c3d4f6bca1291cf75d55de776865cb3a34d7fde12,DERIVED_STRICT_SNAPSHOT,DERIVED_STRICT_SNAPSHOT,DERIVED_CONSENSUS_RUNTIME_CODE,UNRESOLVED:requires_loupe_or_historical_event_resolver,UNRESOLVED_NO_CUTOFF_SOURCE_VERIFICATION_EVIDENCE,DERIVED_EXACT_CHAIN_ADDRESS,DERIVED_METADATA_STRIPPED_BYTECODE_SHA256,UNRESOLVED_INDEPENDENT_ADJUDICATION_REQUIRED,UNRESOLVED_INDEPENDENT_ADJUDICATION_REQUIRED,UNRESOLVED_METHODS_OWNER_FREEZE_REQUIRED
wiselending02,defihacklabs,ethereum,18983652,0x37e49bf3749513a02fa535f0cbc383796e8107e4,shanghai,ca2-a8ad072cb3fd37a5cfca,2024-01-12,WiseLending,Bad HealthFactor Check,src/test/2024-01/WiseLending02_exp.sol,mainnet,https://github.com/SunWeb3Sec/DeFiHackLabs/blob/main/past/2024/README.md,frozen_public_source_hashed,db3b13fa1cbf75bffec4662240ebd762c5af6c92d2608b9aecde80a8d7802b08,50b2a0eee9425c4ead1268ef12814a6a8221bd166b4753b3889b49cacf3d3f14,"[""https://twitter.com/danielvf/status/1746303616778981402""]",[],~464K,exact_contract_basename,True,True,,,2024-01-12,,,,blocked_missing_onchain_and_availability_evidence,"[""missing:deployment_block"", ""missing:prediction_cutoff_block"", ""missing:source_availability_time"", ""missing:runtime_bytecode_hash_at_cutoff"", ""missing:outcome_adjudication_id""]",retained,,cases/ca2-a8ad072cb3fd37a5cfca.json,9802efab038d2522f0861539703c879975a5897ec0fd7d77384c4f4be5b3cf56,cases/ca2-a8ad072cb3fd37a5cfca.json,817a341df76000e7348cba42ae5740091b1de718c356139d7c6578d60417bbfd,,,,,,,,,,,,ca2-a8ad072cb3fd37a5cfca,cases/ca2-a8ad072cb3fd37a5cfca.json,817a341df76000e7348cba42ae5740091b1de718c356139d7c6578d60417bbfd,2023-12-03T20:28:35Z,2023-12-04T20:28:35Z,24515,,,1:0x37e49bf3749513a02fa535f0cbc383796e8107e4,cc8e3afdfa2f07d19656ead5787424953d523ab1ebd18af1140c2e4e34fab3e7,,,,,5e1c17d39460fac39476e6d8a5876bca44c1f23a9ad0d52f95a6b5d49056a79c,51d0312828b6a80d3048dd66e41822642a3f2d53f4f0fbe4557b5420428e85d5,4f0d9d27570893e06d2ab94efcc5828e1f88a1218bc022a0c74a8b2021310a70,DERIVED_STRICT_SNAPSHOT,DERIVED_STRICT_SNAPSHOT,DERIVED_CONSENSUS_RUNTIME_CODE,UNRESOLVED:requires_loupe_or_historical_event_resolver,UNRESOLVED_NO_CUTOFF_SOURCE_VERIFICATION_EVIDENCE,DERIVED_EXACT_CHAIN_ADDRESS,DERIVED_METADATA_STRIPPED_BYTECODE_SHA256,UNRESOLVED_INDEPENDENT_ADJUDICATION_REQUIRED,UNRESOLVED_INDEPENDENT_ADJUDICATION_REQUIRED,UNRESOLVED_METHODS_OWNER_FREEZE_REQUIRED
socketgateway,defihacklabs,ethereum,19021453,0xcc5fda5e3ca925bd0bb428c8b2669496ee43067e,shanghai,ca2-220124d062a8c71c63c5,2024-01-12,SocketGateway,Lack of calldata validation,src/test/2024-01/SocketGateway_exp.sol,mainnet,https://github.com/SunWeb3Sec/DeFiHackLabs/blob/main/past/2024/README.md,frozen_public_source_hashed,db3b13fa1cbf75bffec4662240ebd762c5af6c92d2608b9aecde80a8d7802b08,2b4ce27886dead1cc4ae34b1a0a69a1ea6dd8104f38a47c8116ef22a96daefe4,"[""https://twitter.com/BeosinAlert/status/1747450173675196674"", ""https://twitter.com/peckshield/status/1747353782004900274""]",[],~3.3Million $,exact_contract_basename,True,True,,,2024-01-12,,,,blocked_missing_onchain_and_availability_evidence,"[""missing:deployment_block"", ""missing:prediction_cutoff_block"", ""missing:source_availability_time"", ""missing:runtime_bytecode_hash_at_cutoff"", ""missing:outcome_adjudication_id""]",retained,,cases/ca2-220124d062a8c71c63c5.json,a3269266f53d0601f6312c8ece9cc0679c787a6a154ed1b45b51eff965ec54e8,cases/ca2-220124d062a8c71c63c5.json,e11e8f5390d5ed313339d8e1142f045b846e7a68c11f4ab791223814bb0b2124,,,,,,,,,,,,ca2-220124d062a8c71c63c5,cases/ca2-220124d062a8c71c63c5.json,e11e8f5390d5ed313339d8e1142f045b846e7a68c11f4ab791223814bb0b2124,2024-01-13T05:16:59Z,2024-01-14T05:16:59Z,5580,,,1:0xcc5fda5e3ca925bd0bb428c8b2669496ee43067e,e13c48c098e5673bb235b456b806ae4b0c59952377821393c380211cbd7c35fc,,,,,592e42e8d2e63322604e6f30cd767e4e9a8add2a0cdb124c29fe07cad387983d,d744aab94fb8a79fb0b64d554e983eed0a12488721c428a308d1bbdb74d1939d,4503334525fef907fd7022f7f41d49a9b7606d640b7cad2aabf81c4f104408b9,DERIVED_STRICT_SNAPSHOT,DERIVED_STRICT_SNAPSHOT,DERIVED_CONSENSUS_RUNTIME_CODE,UNRESOLVED:requires_loupe_or_historical_event_resolver,UNRESOLVED_NO_CUTOFF_SOURCE_VERIFICATION_EVIDENCE,DERIVED_EXACT_CHAIN_ADDRESS,DERIVED_METADATA_STRIPPED_BYTECODE_SHA256,UNRESOLVED_INDEPENDENT_ADJUDICATION_REQUIRED,UNRESOLVED_INDEPENDENT_ADJUDICATION_REQUIRED,UNRESOLVED_METHODS_OWNER_FREEZE_REQUIRED
wiselending03,defihacklabs,ethereum,18992907,0x37e49bf3749513a02fa535f0cbc383796e8107e4,shanghai,ca2-fb44a0ed0d7b6f375c60,2024-01-12,WiseLending,Bad HealthFactor Check,src/test/2024-01/WiseLending02_exp.sol,mainnet,https://github.com/SunWeb3Sec/DeFiHackLabs/blob/main/past/2024/README.md,frozen_public_source_hashed,db3b13fa1cbf75bffec4662240ebd762c5af6c92d2608b9aecde80a8d7802b08,50b2a0eee9425c4ead1268ef12814a6a8221bd166b4753b3889b49cacf3d3f14,"[""https://twitter.com/danielvf/status/1746303616778981402""]",[],~464K,frozen_date_override,True,True,,,2024-01-12,,,,blocked_missing_onchain_and_availability_evidence,"[""missing:deployment_block"", ""missing:prediction_cutoff_block"", ""missing:source_availability_time"", ""missing:runtime_bytecode_hash_at_cutoff"", ""missing:outcome_adjudication_id""]",retained,,cases/ca2-fb44a0ed0d7b6f375c60.json,09962129d876fb84acf9c1e50008e8b488e221b056371c99ca5bff9286b9e414,cases/ca2-fb44a0ed0d7b6f375c60.json,c98c21abba89ecf629ae250523adbb850869724f928927a959d99b71e02cc8ca,,,,,,,,,,,,ca2-fb44a0ed0d7b6f375c60,cases/ca2-fb44a0ed0d7b6f375c60.json,c98c21abba89ecf629ae250523adbb850869724f928927a959d99b71e02cc8ca,2023-12-03T20:28:35Z,2023-12-04T20:28:35Z,24515,,,1:0x37e49bf3749513a02fa535f0cbc383796e8107e4,cc8e3afdfa2f07d19656ead5787424953d523ab1ebd18af1140c2e4e34fab3e7,,,,,dea64f22a52811f42fb3de4043f82b44dac9424748d8fe0637b4feb1c96ea765,8272be845c40c2ed18abc4abad909661efb0e63347759edda86fd4804ade9a81,cf280d01623bdbc6604f7ccf0b83fdcdcd03e3d7142d7a0dd7d5d141fcecad0f,DERIVED_STRICT_SNAPSHOT,DERIVED_STRICT_SNAPSHOT,DERIVED_CONSENSUS_RUNTIME_CODE,UNRESOLVED:requires_loupe_or_historical_event_resolver,UNRESOLVED_NO_CUTOFF_SOURCE_VERIFICATION_EVIDENCE,DERIVED_EXACT_CHAIN_ADDRESS,DERIVED_METADATA_STRIPPED_BYTECODE_SHA256,UNRESOLVED_INDEPENDENT_ADJUDICATION_REQUIRED,UNRESOLVED_INDEPENDENT_ADJUDICATION_REQUIRED,UNRESOLVED_METHODS_OWNER_FREEZE_REQUIRED
xsij,defihacklabs,bsc,35702095,0x31bfa137c76561ef848c2af9ca301b60451caac0,shanghai,ca2-5616b56d8b8cbc0a3ebe,2024-01-30,XSIJ,Business Logic Flaw,src/test/2024-01/XSIJ_exp.sol,bsc,https://github.com/SunWeb3Sec/DeFiHackLabs/blob/main/past/2024/README.md,frozen_public_source_hashed,db3b13fa1cbf75bffec4662240ebd762c5af6c92d2608b9aecde80a8d7802b08,c97b25d36a3fef48ca7bc8103e8c1d6e579339f997e43c74bb817ab44d6c87e4,"[""https://x.com/CertiKAlert/status/1752384801535918264""]",[],~51K USD,exact_contract_basename,True,True,,,2024-01-30,,,,blocked_missing_onchain_and_availability_evidence,"[""missing:deployment_block"", ""missing:prediction_cutoff_block"", ""missing:source_availability_time"", ""missing:runtime_bytecode_hash_at_cutoff"", ""missing:outcome_adjudication_id""]",retained,,cases/ca2-5616b56d8b8cbc0a3ebe.json,31aa67ebe75f23c0a49ad1afffe0e45bc5d63c10312de7487e2213f381b6dce8,cases/ca2-5616b56d8b8cbc0a3ebe.json,8fd299cb1de94b5e56d7ac88a7bfdf7635ff7d946e352b387ab4f21fa5683fe2,,,,,,,,,,,,ca2-5616b56d8b8cbc0a3ebe,cases/ca2-5616b56d8b8cbc0a3ebe.json,8fd299cb1de94b5e56d7ac88a7bfdf7635ff7d946e352b387ab4f21fa5683fe2,2024-01-25T12:33:31Z,2024-01-26T12:33:31Z,19779,,,56:0x31bfa137c76561ef848c2af9ca301b60451caac0,5a173efa63a59b8024d76b0275cbae143096e6f8bf5bbf3ec0f06ac7451709ba,,,,,c8f0cd9781f628cd7a219d0dfc58ab06a7568ccf4f8354d347c0b7c3c3ede825,29112630db782d0ed40a6cb4a00d5cfa16e853b6727dfa9e264c8354dc3249d1,6cd1449eb632bf90feed86c9ab07a19ca556cef77a5d0f1e1edd19a2539653ad,DERIVED_STRICT_SNAPSHOT,DERIVED_STRICT_SNAPSHOT,DERIVED_CONSENSUS_RUNTIME_CODE,UNRESOLVED:requires_loupe_or_historical_event_resolver,UNRESOLVED_NO_CUTOFF_SOURCE_VERIFICATION_EVIDENCE,DERIVED_EXACT_CHAIN_ADDRESS,DERIVED_METADATA_STRIPPED_BYTECODE_SHA256,UNRESOLVED_INDEPENDENT_ADJUDICATION_REQUIRED,UNRESOLVED_INDEPENDENT_ADJUDICATION_REQUIRED,UNRESOLVED_METHODS_OWNER_FREEZE_REQUIRED
adc,defihacklabs,ethereum,19138640,0xde46fcf6ab7559e4355b8ee3d7fba0f2730cddd8,shanghai,ca2-bd6decf7c8f8dfbaca40,2024-02-02,ADC,incorrect-access-control,src/test/2024-02/ADC_exp.sol,mainnet,https://github.com/SunWeb3Sec/DeFiHackLabs/blob/main/past/2024/README.md,frozen_public_source_hashed,db3b13fa1cbf75bffec4662240ebd762c5af6c92d2608b9aecde80a8d7802b08,a6aa25024b5c3c0ca953e7b98316fd7bea7461755f9dd2af8526f13f007c4aa3,"[""https://x.com/EXVULSEC/status/1753294675971313790""]",[],~20 eth,exact_contract_basename,True,True,,,2024-02-02,,,,blocked_missing_onchain_and_availability_evidence,"[""missing:deployment_block"", ""missing:prediction_cutoff_block"", ""missing:source_availability_time"", ""missing:runtime_bytecode_hash_at_cutoff"", ""missing:outcome_adjudication_id""]",retained,,cases/ca2-bd6decf7c8f8dfbaca40.json,0430fb6575bf75224ffe00d67af373d6b8c68d78229383886cf477615446a810,cases/ca2-bd6decf7c8f8dfbaca40.json,9d076393c2786c19ee271b0eb10aaaff3dfdd2536957a15c54edcdb42baa90aa,,,,,,,,,,,,ca2-bd6decf7c8f8dfbaca40,cases/ca2-bd6decf7c8f8dfbaca40.json,9d076393c2786c19ee271b0eb10aaaff3dfdd2536957a15c54edcdb42baa90aa,2020-05-16T01:31:35Z,2020-05-17T01:31:41Z,23151,,,1:0xde46fcf6ab7559e4355b8ee3d7fba0f2730cddd8,e7a7acd60eb7e65cad644807ded009fbfbcf6f91b13bf81ac7eef28fca0ca1b4,,,,,8be7667507f8ddfc44cc5be5dc0540fbbe6ac6d7f3ea9987cfb60b94ce73740e,c09e316b892f34113ad160b7cac050ed577e0b2f11971317943a2d90d7e08a57,daee999bee923309287bb61b24e0973e4dec44510a843fc3b0361eea4091fcc1,DERIVED_STRICT_SNAPSHOT,DERIVED_STRICT_SNAPSHOT,DERIVED_CONSENSUS_RUNTIME_CODE,UNRESOLVED:requires_loupe_or_historical_event_resolver,UNRESOLVED_NO_CUTOFF_SOURCE_VERIFICATION_EVIDENCE,DERIVED_EXACT_CHAIN_ADDRESS,DERIVED_METADATA_STRIPPED_BYTECODE_SHA256,UNRESOLVED_INDEPENDENT_ADJUDICATION_REQUIRED,UNRESOLVED_INDEPENDENT_ADJUDICATION_REQUIRED,UNRESOLVED_METHODS_OWNER_FREEZE_REQUIRED
affinedefi,defihacklabs,ethereum,19132934,0xcd6ca2f0d0c182c5049d9a1f65cde51a706ae142,shanghai,ca2-3f7bb52435313429cfa7,2024-02-01,AffineDeFi,lack of validation userData,src/test/2024-02/AffineDeFi_exp.sol,mainnet,https://github.com/SunWeb3Sec/DeFiHackLabs/blob/main/past/2024/README.md,frozen_public_source_hashed,db3b13fa1cbf75bffec4662240ebd762c5af6c92d2608b9aecde80a8d7802b08,eb180fbd5bee6ef5019e8e555a2c17119054757202ebb0bf4a43a0dacaf00618,"[""https://twitter.com/CyversAlerts/status/1753040754287513655"", ""https://twitter.com/Phalcon_xyz/status/1753020812284809440""]",[],~88K,exact_contract_basename,True,True,,,2024-02-01,,,,blocked_missing_onchain_and_availability_evidence,"[""missing:deployment_block"", ""missing:prediction_cutoff_block"", ""missing:source_availability_time"", ""missing:runtime_bytecode_hash_at_cutoff"", ""missing:outcome_adjudication_id""]",retained,,cases/ca2-3f7bb52435313429cfa7.json,f7c56d73689a84ab06ee96dd9366e37b5c6d3069b5d39e1359839f60b83e2128,cases/ca2-3f7bb52435313429cfa7.json,28475cb62c81a597113961002aab84e8e087b65c740b310b150d74cc3436811c,,,,,,,,,,,,ca2-3f7bb52435313429cfa7,cases/ca2-3f7bb52435313429cfa7.json,28475cb62c81a597113961002aab84e8e087b65c740b310b150d74cc3436811c,2023-12-02T10:04:11Z,2023-12-03T10:04:11Z,12023,,,1:0xcd6ca2f0d0c182c5049d9a1f65cde51a706ae142,6667967001edab8aaa8c459a068c2f19eb07591b80d5a53502222333f0600513,,,,,d895c49a72d7b3950bc33703983772f8ca88df7e9203878339dbf981e90fd460,fe375fcd3167c2cb3b3866e73e4deed4bb6f3cc29e4e38185f18915f58f1a0cf,a536799dc6287b7908340994516930d3c9df0fdad698d5c0cb82caa18ab5082b,DERIVED_STRICT_SNAPSHOT,DERIVED_STRICT_SNAPSHOT,DERIVED_CONSENSUS_RUNTIME_CODE,UNRESOLVED:requires_loupe_or_historical_event_resolver,UNRESOLVED_NO_CUTOFF_SOURCE_VERIFICATION_EVIDENCE,DERIVED_EXACT_CHAIN_ADDRESS,DERIVED_METADATA_STRIPPED_BYTECODE_SHA256,UNRESOLVED_INDEPENDENT_ADJUDICATION_REQUIRED,UNRESOLVED_INDEPENDENT_ADJUDICATION_REQUIRED,UNRESOLVED_METHODS_OWNER_FREEZE_REQUIRED
compounduni,defihacklabs,ethereum,19290920,0x50ce56a3239671ab62f185704caedf626352741e,shanghai,ca2-14b9ffae56e7c9bfb04e,2024-02-23,CompoundUni,Oracle bad price,src/test/2024-02/CompoundUni_exp.sol,mainnet,https://github.com/SunWeb3Sec/DeFiHackLabs/blob/main/past/2024/README.md,frozen_public_source_hashed,db3b13fa1cbf75bffec4662240ebd762c5af6c92d2608b9aecde80a8d7802b08,ffcee63a14befeae862132a30476945ce2fde227a46721041038e0787bacfa20,"[""https://twitter.com/0xLEVI104/status/1762092203894276481""]",[],"~439,537 USD",exact_contract_basename,True,True,,,2024-02-23,,,,blocked_missing_onchain_and_availability_evidence,"[""missing:deployment_block"", ""missing:prediction_cutoff_block"", ""missing:source_availability_time"", ""missing:runtime_bytecode_hash_at_cutoff"", ""missing:outcome_adjudication_id""]",retained,,cases/ca2-14b9ffae56e7c9bfb04e.json,341d1ab3d1d74bfe1bdbb65dac1967c157d1a31065d7dc7c729d5c3ffe72d85b,cases/ca2-14b9ffae56e7c9bfb04e.json,5291ed4b93b43fab6ddd20fe532838529c11de0ebd54167e6188900b9e96586b,,,,,,,,,,,,ca2-14b9ffae56e7c9bfb04e,cases/ca2-14b9ffae56e7c9bfb04e.json,5291ed4b93b43fab6ddd20fe532838529c11de0ebd54167e6188900b9e96586b,2022-09-29T18:51:47Z,2022-09-30T18:51:47Z,24348,,,1:0x50ce56a3239671ab62f185704caedf626352741e,1920b517a3860b6785df25128b573a7a2b703a76c2af9da07ddb2f5f1efb14eb,,,,,a580413575dadf919d6b07bba3e51c8052a8d55da04e46691f8885324d5f654b,8877bbee6f5a0f55c510e84a7ed0cb827f1d04f956803e0d3bc64d3f3012b2e4,047065a917c72ca7bc1c226bc28c5a22090aa56e0b2c9e294a72910cf866a21a,DERIVED_STRICT_SNAPSHOT,DERIVED_STRICT_SNAPSHOT,DERIVED_CONSENSUS_RUNTIME_CODE,UNRESOLVED:requires_loupe_or_historical_event_resolver,UNRESOLVED_NO_CUTOFF_SOURCE_VERIFICATION_EVIDENCE,DERIVED_EXACT_CHAIN_ADDRESS,DERIVED_METADATA_STRIPPED_BYTECODE_SHA256,UNRESOLVED_INDEPENDENT_ADJUDICATION_REQUIRED,UNRESOLVED_INDEPENDENT_ADJUDICATION_REQUIRED,UNRESOLVED_METHODS_OWNER_FREEZE_REQUIRED
Crosswise,defihacklabs-temporal-replacement-finalization,bsc,49186830,0x70873211cb64c1d4ec027ea63a399a7d07c4085b,,ca2-549aa2c44edd65acedb7,2025-05-06,Crosswise,replacement_candidate,,bsc,,replacement_candidate_historical_snapshot_verified,bce72bd02be98d23ea1ee7acb002a35c90fea2ce5e4a7912c5b5c267480b1bca,c391d8a84cc73df12d8d1f6b2ec0891bfcc2f12ba122b4a776b3ac2f2d453eaf,[],"[""0xfe88443d73e8ae6d4799c4d3cc42488730c084624fd2daa5f035c1ad2927ea0f""]",,frozen_chain_global_order_finalization,True,True,14280384,14309108,49186831,,2f93014eac9aa12e70b18b8a7b223cf2c52173d63f2c0dac111550692283947d,,replacement_candidate_selected,[],replacement,ca2-9afe6d86753053b06534,cases/ca2-9afe6d86753053b06534.json,15025e0797bedc56daef35d693b6c789616b50c2aceb68d9a5540d302c26baea,,,cases/ca2r-6619e8b9582785ce3f40.json,3c6ff25c12758eae0e6a86315e027d62feef6f5b0c2bc76495bcedbbd9d57e6c,historical_cases/ca2r-6619e8b9582785ce3f40/ca2r-6619e8b9582785ce3f40.json,e4278da138dd87634804018f9e3c43c638ffebecc8a9d5982d635eec5eb6dcce,26,first_eligible_unique_from_frozen_chain_global_order,bce72bd02be98d23ea1ee7acb002a35c90fea2ce5e4a7912c5b5c267480b1bca,d3b80fe4ed7198fc900616b269408c1d0485ef8f000f46d37adb75be862a4a9c,49186830,0xfe88443d73e8ae6d4799c4d3cc42488730c084624fd2daa5f035c1ad2927ea0f,ca2r-6619e8b9582785ce3f40,ca2r-6619e8b9582785ce3f40,historical_cases/ca2r-6619e8b9582785ce3f40/ca2r-6619e8b9582785ce3f40.json,e4278da138dd87634804018f9e3c43c638ffebecc8a9d5982d635eec5eb6dcce,2022-01-11T19:27:02Z,2022-01-12T19:27:02Z,21766,,,56:0x70873211cb64c1d4ec027ea63a399a7d07c4085b,b3b56045472bbe19cc37db83c5bbd61a7fd3326f0cb1b8922453a4d49ac6aca0,,,,,ddb3ffcf89afcc6c50ee1ac07e9f2bbfa8971a95217fb5f5c4bdb1f8463c7cf2,ffe5f5f1e7e1234bb8daaa410b524f704293b4c493e36d48d970d7341e538d5d,d264538f7d0e459effce613887c9f18e4e9a9ae59ff780e07537d6c9060353d8,DERIVED_STRICT_SNAPSHOT,DERIVED_STRICT_SNAPSHOT,DERIVED_CONSENSUS_RUNTIME_CODE,UNRESOLVED:requires_loupe_or_historical_event_resolver,UNRESOLVED_NO_CUTOFF_SOURCE_VERIFICATION_EVIDENCE,DERIVED_EXACT_CHAIN_ADDRESS,DERIVED_METADATA_STRIPPED_BYTECODE_SHA256,UNRESOLVED_INDEPENDENT_ADJUDICATION_REQUIRED,UNRESOLVED_INDEPENDENT_ADJUDICATION_REQUIRED,UNRESOLVED_METHODS_OWNER_FREEZE_REQUIRED
bob,defihacklabs,bsc,34428627,0x700ee24c350739e323dcf6a50ae3e7a3329c86ae,shanghai,ca2-0119280f82385cf56670,2023-12-17,Bob,Price Manipulation,src/test/2023-12/Bob_exp.sol,bsc,https://github.com/SunWeb3Sec/DeFiHackLabs/blob/main/past/2023/README.md,frozen_public_source_hashed,1b5a1d9c3166c2b9d60fefc71f8e12d2c3d2f604b259d662e38310d39db6838b,17f5d16399b99744915e61ff799b26570429e1006f523638a7966750b038ecb5,"[""https://bscscan.com/tx/0xfb14292a531411f852993e5a3ba4e7eb63ed548220267b9b3f4aacc5572d3a58""]","[""0xfb14292a531411f852993e5a3ba4e7eb63ed548220267b9b3f4aacc5572d3a58""]",~3BNB,exact_contract_basename,True,True,,,2023-12-17,,,,blocked_missing_onchain_and_availability_evidence,"[""missing:deployment_block"", ""missing:prediction_cutoff_block"", ""missing:source_availability_time"", ""missing:runtime_bytecode_hash_at_cutoff"", ""missing:outcome_adjudication_id""]",retained,,cases/ca2-0119280f82385cf56670.json,540c43f8f0dfb84f4f0ccb72f3e8ecc80af87ed34925672a662ef3e08e0238f8,cases/ca2-0119280f82385cf56670.json,cf259c1c608e7c017a6ffa3330344fc83743ff9b3b424d2a1a26028222603ddb,,,,,,,,,,,,ca2-0119280f82385cf56670,cases/ca2-0119280f82385cf56670.json,cf259c1c608e7c017a6ffa3330344fc83743ff9b3b424d2a1a26028222603ddb,2023-05-29T18:54:19Z,2023-05-30T18:54:19Z,11271,,,56:0x700ee24c350739e323dcf6a50ae3e7a3329c86ae,240c3df31850ae066ce4aef677d036cfbe4473cb272ff7b81030435947970345,,,,,064bac3ab5a8fa8831ca6bc852a693e5f5599eff460cef86859b986bcd9aa1e9,341bb8d2ef0510a939899a81fc319e066a103e778a0afdd9517b2c490d4e5501,dfed11f0f70f04bee4d6252576a525433377ca5b2b9f019c9098955893c5aabc,DERIVED_STRICT_SNAPSHOT,DERIVED_STRICT_SNAPSHOT,DERIVED_CONSENSUS_RUNTIME_CODE,UNRESOLVED:requires_loupe_or_historical_event_resolver,UNRESOLVED_NO_CUTOFF_SOURCE_VERIFICATION_EVIDENCE,DERIVED_EXACT_CHAIN_ADDRESS,DERIVED_METADATA_STRIPPED_BYTECODE_SHA256,UNRESOLVED_INDEPENDENT_ADJUDICATION_REQUIRED,UNRESOLVED_INDEPENDENT_ADJUDICATION_REQUIRED,UNRESOLVED_METHODS_OWNER_FREEZE_REQUIRED
blueberryprotocol,defihacklabs,ethereum,19287288,0xffadb0bba4379dfabfb20ca6823f6ec439429ec2,shanghai,ca2-608fc098c08911f51783,2024-02-23,BlueberryProtocol,logic flaw,src/test/2024-02/BlueberryProtocol_exp.sol,mainnet,https://github.com/SunWeb3Sec/DeFiHackLabs/blob/main/past/2024/README.md,frozen_public_source_hashed,db3b13fa1cbf75bffec4662240ebd762c5af6c92d2608b9aecde80a8d7802b08,60aabd122c2d8b0061099f513c14957a2e5da4068f4db46d6a27ca467556cc05,"[""https://twitter.com/blueberryFDN/status/1760865357236211964""]",[],"~1,400,000 USD",exact_contract_basename,True,True,,,2024-02-23,,,,blocked_missing_onchain_and_availability_evidence,"[""missing:deployment_block"", ""missing:prediction_cutoff_block"", ""missing:source_availability_time"", ""missing:runtime_bytecode_hash_at_cutoff"", ""missing:outcome_adjudication_id""]",retained,,cases/ca2-608fc098c08911f51783.json,a63a01025ef4fac6816008476c61dd7b19e9023180f7a5ca50008c550d874641,cases/ca2-608fc098c08911f51783.json,a0f1d430ca1fac3e317e0aa9e5eb0133eed310091b5ab3afdac0e9a30c9ad809,,,,,,,,,,,,ca2-608fc098c08911f51783,cases/ca2-608fc098c08911f51783.json,a0f1d430ca1fac3e317e0aa9e5eb0133eed310091b5ab3afdac0e9a30c9ad809,2024-01-23T04:16:11Z,2024-01-24T04:16:11Z,22054,,,1:0xffadb0bba4379dfabfb20ca6823f6ec439429ec2,17e429d9333319280d26b5b26d25bb213aa80136ec92912adaca7980cd211465,,,,,eebda2ac885847898672fc35faef828efacc56e2157a61f9ce0d31bef863bc3c,b79c790aa228e3f2743100854878ae7439bac46539543c5dfd61bb1a619eede0,31c03b252eeca8ac3a0268e483b7e19ff217427714688f3524b50a4e73565a44,DERIVED_STRICT_SNAPSHOT,DERIVED_STRICT_SNAPSHOT,DERIVED_CONSENSUS_RUNTIME_CODE,UNRESOLVED:requires_loupe_or_historical_event_resolver,UNRESOLVED_NO_CUTOFF_SOURCE_VERIFICATION_EVIDENCE,DERIVED_EXACT_CHAIN_ADDRESS,DERIVED_METADATA_STRIPPED_BYTECODE_SHA256,UNRESOLVED_INDEPENDENT_ADJUDICATION_REQUIRED,UNRESOLVED_INDEPENDENT_ADJUDICATION_REQUIRED,UNRESOLVED_METHODS_OWNER_FREEZE_REQUIRED
ActivePoolUrgentRedemption,defihacklabs-temporal-replacement-finalization,ethereum,22834887,0xdee8a9ac2c2819fe6a3bae45a12bff70c604805a,,ca2-ea9f778a9d9aef43fc02,2025-07-02,ActivePoolUrgentRedemption,replacement_candidate,,ethereum,,replacement_candidate_historical_snapshot_verified,55a79a981a0326e1e5a140f489e58ac265b44181b5e5ce03b8193db26d8db279,905a1b7d0c8c82614cced7d449a62b9b1612d448884cb2a9b6a98b8fef8b58e9,[],"[""0xc8ac54bdab9a2ce670a6ac2540e07dc88b5eeb7e0306e86d1d66f584428b3e0d""]",,frozen_chain_global_order_finalization,True,True,22549138,22556277,22834888,,bc13677c46f7fa6e3b31b9e1a815ff0a3a8e5a3a156bb5432da23c39538e38a3,,replacement_candidate_selected,[],replacement,ca2-5c37ff6ef20c8e1183dd,cases/ca2-5c37ff6ef20c8e1183dd.json,017d766022e3d981fd85cd096f6dad8ff25bca51b95075b7d3cb58ddbc1a6f87,,,cases/ca2r-8b1891d813e93e9a4d43.json,2da3f73d6145bc913d5cc5eefce282347caa7c844716d9bdc3985fcafa6f2cf4,historical_cases/ca2r-8b1891d813e93e9a4d43/ca2r-8b1891d813e93e9a4d43.json,82201fda3726d8039bbd2e18f00b2d25cab10e743202fc47a5a8cafe0a7ae44f,8,first_eligible_unique_from_frozen_chain_global_order,55a79a981a0326e1e5a140f489e58ac265b44181b5e5ce03b8193db26d8db279,d3b80fe4ed7198fc900616b269408c1d0485ef8f000f46d37adb75be862a4a9c,22834887,0xc8ac54bdab9a2ce670a6ac2540e07dc88b5eeb7e0306e86d1d66f584428b3e0d,ca2r-8b1891d813e93e9a4d43,ca2r-8b1891d813e93e9a4d43,historical_cases/ca2r-8b1891d813e93e9a4d43/ca2r-8b1891d813e93e9a4d43.json,82201fda3726d8039bbd2e18f00b2d25cab10e743202fc47a5a8cafe0a7ae44f,2025-05-24T00:29:11Z,2025-05-25T00:29:11Z,5555,,,1:0xdee8a9ac2c2819fe6a3bae45a12bff70c604805a,64a2d6dd12fff90e2acf43ac17d119412b74569a0dcc210c044c305b74bceb0f,,,,,abd25540a97ecd8821a31924cdc75d6bf7726ec4d77830b61ffada53ce291a48,e9ea4625f27fe7880ce1645ae43c26ee4917e2573020ba63b61a9011d8bd94f9,fb859890d4c1f3427be9eb88241815ac8a90481a350b0b2f526e87cd17ca7797,DERIVED_STRICT_SNAPSHOT,DERIVED_STRICT_SNAPSHOT,DERIVED_CONSENSUS_RUNTIME_CODE,UNRESOLVED:requires_loupe_or_historical_event_resolver,UNRESOLVED_NO_CUTOFF_SOURCE_VERIFICATION_EVIDENCE,DERIVED_EXACT_CHAIN_ADDRESS,DERIVED_METADATA_STRIPPED_BYTECODE_SHA256,UNRESOLVED_INDEPENDENT_ADJUDICATION_REQUIRED,UNRESOLVED_INDEPENDENT_ADJUDICATION_REQUIRED,UNRESOLVED_METHODS_OWNER_FREEZE_REQUIRED
bzx2,defihacklabs,ethereum,18695728,0x7f3fe9d492a9a60aebb06d82cba23c6f32cad10b,shanghai,ca2-9f2e70a7938c45f70a82,2023-12-02,bZxProtocol,Inflation Attack,src/test/2023-12/bZx_exp.sol,mainnet,https://github.com/SunWeb3Sec/DeFiHackLabs/blob/main/past/2023/README.md,frozen_public_source_hashed,1b5a1d9c3166c2b9d60fefc71f8e12d2c3d2f604b259d662e38310d39db6838b,9fc1c25f3ca0e8392d8d191c970f073b19918428eb969b4ed2297cb5018c42bf,"[""https://x.com/MetaSec_xyz/status/1730811240942088263""]",[],~$208k,frozen_date_override,True,True,,,2023-12-02,,,,blocked_missing_onchain_and_availability_evidence,"[""missing:deployment_block"", ""missing:prediction_cutoff_block"", ""missing:source_availability_time"", ""missing:runtime_bytecode_hash_at_cutoff"", ""missing:outcome_adjudication_id""]",retained,,cases/ca2-9f2e70a7938c45f70a82.json,15fb9c2501b9c4f708a5fcab2f9bca6acd4b000962569acd198e9cb9de3046e4,cases/ca2-9f2e70a7938c45f70a82.json,7eb659b18f8fc1498dff706b06d6cd93e181a399532c97bdb08d438979d9dc8f,,,,,,,,,,,,ca2-9f2e70a7938c45f70a82,cases/ca2-9f2e70a7938c45f70a82.json,7eb659b18f8fc1498dff706b06d6cd93e181a399532c97bdb08d438979d9dc8f,2020-09-03T00:36:30Z,2020-09-04T00:36:41Z,2276,,,1:0x7f3fe9d492a9a60aebb06d82cba23c6f32cad10b,a183d9ec920409137bd5684a1adeaa02fcd6e941b96e22cb574fe07d2c07d266,,,,,d6bf4fbe95bbbe26d2971a87db60ff28ca63e11d121c40f1fb4e9da852f55a04,500f4b854e40c6858db7cbad86b69e889d3ddad40ee51c66f9828e6850fa83ae,7b0cf080b1fc5045648123b456e78d873f2774edd167310d985bf26cd8158f73,DERIVED_STRICT_SNAPSHOT,DERIVED_STRICT_SNAPSHOT,DERIVED_CONSENSUS_RUNTIME_CODE,UNRESOLVED:requires_loupe_or_historical_event_resolver,UNRESOLVED_NO_CUTOFF_SOURCE_VERIFICATION_EVIDENCE,DERIVED_EXACT_CHAIN_ADDRESS,DERIVED_METADATA_STRIPPED_BYTECODE_SHA256,UNRESOLVED_INDEPENDENT_ADJUDICATION_REQUIRED,UNRESOLVED_INDEPENDENT_ADJUDICATION_REQUIRED,UNRESOLVED_METHODS_OWNER_FREEZE_REQUIRED
XLootStaking,defihacklabs-temporal-replacement-finalization,ethereum,24885767,0xf3a3648bb1da9d3aea107da77e6f5ba9cf313127,,ca2-efe411bc9d7f06b1ba73,2026-04-15,XLootStaking,replacement_candidate,,ethereum,,replacement_candidate_historical_snapshot_verified,0ac56471d91aeeeccc840c5203771e6eeff0b0bf6a40358fb54a10cf2f793742,7100b0960aa8b3da915d59b9de514853579af9e02d691cd0ed61c9198f2ec927,[],"[""0xab19752a450a205ccaca9afb8505e2d8b79593ee2edab1f67bdec27a4f14871f""]",,frozen_chain_global_order_finalization,True,True,18834093,18841237,24885768,,cbee289ce56a0ae62f5a9b4b445ff411a3d58a2b5b9f421ddfa94f4dec37b190,,replacement_candidate_selected,[],replacement,ca2-d5c35ace73f1e0970aba,cases/ca2-d5c35ace73f1e0970aba.json,99170fd930a43e336a2469bf16995ae9a21163464ba5dc82570a3156f8e5ee5e,,,cases/ca2r-dd7f35603441e3e88cbe.json,68c46cad79bf2d9e9a8cd3d19224cef3c4f6d57d9318498bdad326468e4124a5,historical_cases/ca2r-dd7f35603441e3e88cbe/ca2r-dd7f35603441e3e88cbe.json,57b870975bc96cbeabe9258e079675c53d86a70698338ec3b265d164fb54c35c,15,first_eligible_unique_from_frozen_chain_global_order,0ac56471d91aeeeccc840c5203771e6eeff0b0bf6a40358fb54a10cf2f793742,a18c0040510cddc88d59e602bac53bbcafbe5dfbc978cff0134cb513de79fc53,24885767,0xab19752a450a205ccaca9afb8505e2d8b79593ee2edab1f67bdec27a4f14871f,ca2r-dd7f35603441e3e88cbe,ca2r-dd7f35603441e3e88cbe,historical_cases/ca2r-dd7f35603441e3e88cbe/ca2r-dd7f35603441e3e88cbe.json,57b870975bc96cbeabe9258e079675c53d86a70698338ec3b265d164fb54c35c,2023-12-21T11:58:47Z,2023-12-22T11:58:47Z,12610,,,1:0xf3a3648bb1da9d3aea107da77e6f5ba9cf313127,8b5691741e7f5bb875b952da82ddb06a465a06216004de009f1c67a08ee87654,,,,,3b298016551a590da1209c9236f4b5b92f1aac23d72a59551fe000fd7a9c5646,6b80e16e18df8b5dbdb4403a5f669352e606a992a5f86f5aa84dffa7f8669f77,7fa8b5f6f802e10f55f7e55df1cdf4f126eb072a20c55e018c8a7315a19f5ecb,DERIVED_STRICT_SNAPSHOT,DERIVED_STRICT_SNAPSHOT,DERIVED_CONSENSUS_RUNTIME_CODE,UNRESOLVED:requires_loupe_or_historical_event_resolver,UNRESOLVED_NO_CUTOFF_SOURCE_VERIFICATION_EVIDENCE,DERIVED_EXACT_CHAIN_ADDRESS,DERIVED_METADATA_STRIPPED_BYTECODE_SHA256,UNRESOLVED_INDEPENDENT_ADJUDICATION_REQUIRED,UNRESOLVED_INDEPENDENT_ADJUDICATION_REQUIRED,UNRESOLVED_METHODS_OWNER_FREEZE_REQUIRED
dualpools,defihacklabs,bsc,36145771,0x5e5e28029ef37fc97ffb763c4ac1f532bbd4c7a2,shanghai,ca2-9b3232b290b3e5a209ad,2024-02-15,DualPools,precision truncation,src/test/2024-02/DualPools_exp.sol,bsc,https://github.com/SunWeb3Sec/DeFiHackLabs/blob/main/past/2024/README.md,frozen_public_source_hashed,db3b13fa1cbf75bffec4662240ebd762c5af6c92d2608b9aecde80a8d7802b08,bcaaf111f622e5eeae5e08b76b369ca38ef7be3bee6d3114848f7104456432d9,"[""https://medium.com/@lunaray/dualpools-hack-analysis-5209233801fa""]",[],~42k,exact_contract_basename,True,True,,,2024-02-15,,,,blocked_missing_onchain_and_availability_evidence,"[""missing:deployment_block"", ""missing:prediction_cutoff_block"", ""missing:source_availability_time"", ""missing:runtime_bytecode_hash_at_cutoff"", ""missing:outcome_adjudication_id""]",retained,,cases/ca2-9b3232b290b3e5a209ad.json,f9551277cb56cebab0168d8c48cb8f45d8b843a61e5a6857c9b32704f2fce1f1,cases/ca2-9b3232b290b3e5a209ad.json,7db047bbc24023856012c04ba5a2aaf7e191c180824b3a5001fa8b2a06718c50,,,,,,,,,,,,ca2-9b3232b290b3e5a209ad,cases/ca2-9b3232b290b3e5a209ad.json,7db047bbc24023856012c04ba5a2aaf7e191c180824b3a5001fa8b2a06718c50,2023-02-05T01:21:17Z,2023-02-06T01:21:18Z,1497,,,56:0x5e5e28029ef37fc97ffb763c4ac1f532bbd4c7a2,bc47d839fa04dce40b26a28f9cf89809f047d0b225e167206d2f11eaafc6d49a,,,,,08dbea47b7a9f991ef00c048dd04e40f7409e3367abd5e44823d83ecf42248ca,7631df5bd68347701f55d066a42e1b23067fc1b9cd77caab84f2807d03341234,2221f80e53fd9fa645d6e160a8cecd25a0824d696ea93a63b98d5eb88687d20a,DERIVED_STRICT_SNAPSHOT,DERIVED_STRICT_SNAPSHOT,DERIVED_CONSENSUS_RUNTIME_CODE,UNRESOLVED:requires_loupe_or_historical_event_resolver,UNRESOLVED_NO_CUTOFF_SOURCE_VERIFICATION_EVIDENCE,DERIVED_EXACT_CHAIN_ADDRESS,DERIVED_METADATA_STRIPPED_BYTECODE_SHA256,UNRESOLVED_INDEPENDENT_ADJUDICATION_REQUIRED,UNRESOLVED_INDEPENDENT_ADJUDICATION_REQUIRED,UNRESOLVED_METHODS_OWNER_FREEZE_REQUIRED
miner_bsc,defihacklabs,bsc,36111182,0x2ba9d4a8c41c60b71ff7df2c3f54b008644b954e,shanghai,ca2-98f2e78eb7b0c6b2a380,2024-02-13,MINER,Price Manipulation,src/test/2024-02/MINER_bsc_exp.sol,bsc,https://github.com/SunWeb3Sec/DeFiHackLabs/blob/main/past/2024/README.md,frozen_public_source_hashed,db3b13fa1cbf75bffec4662240ebd762c5af6c92d2608b9aecde80a8d7802b08,27d1222a244c0e8696cf08e8ac3f932d4a07a63c654a26fa0b5ea764e5747c47,"[""https://app.blocksec.com/explorer/tx/bsc/0x15ab671c9bf918fa4b6a9eed9ccb527f32aca40e926ede2aec2c84dfa9c30512?line=6""]","[""0x15ab671c9bf918fa4b6a9eed9ccb527f32aca40e926ede2aec2c84dfa9c30512""]",~3.5 WBNB,exact_contract_basename,True,True,,,2024-02-13,,,,blocked_missing_onchain_and_availability_evidence,"[""missing:deployment_block"", ""missing:prediction_cutoff_block"", ""missing:source_availability_time"", ""missing:runtime_bytecode_hash_at_cutoff"", ""missing:outcome_adjudication_id""]",retained,,cases/ca2-98f2e78eb7b0c6b2a380.json,ac56c60f5eb882338344a4c57c3565e3b5ae87a0dfd971a9fa4bbfaf54f35060,cases/ca2-98f2e78eb7b0c6b2a380.json,2f37b4c873ac6b7430fe70dc65fce44453ecf16cbe3a2e389ac018de48f5270f,,,,,,,,,,,,ca2-98f2e78eb7b0c6b2a380,cases/ca2-98f2e78eb7b0c6b2a380.json,2f37b4c873ac6b7430fe70dc65fce44453ecf16cbe3a2e389ac018de48f5270f,2024-02-12T11:23:40Z,2024-02-13T11:23:41Z,14981,,,56:0x2ba9d4a8c41c60b71ff7df2c3f54b008644b954e,21aaaee65b8888b84b3233f12dea4e2077bf5c8c5e51ae3e1a0e9da53308f44a,,,,,9d8c1b8e86e444362adc4c7097c72c39915a589f4f38ecbb6cd8da2da593f6f1,e31f0ba31f4ceb236ac7324229d01b447c74ff405b2d4c99c71dd0e5179c994d,aa7ef8fe28f7eafe8c1701b8953978a7168f57553af19030d91808f445e0487a,DERIVED_STRICT_SNAPSHOT,DERIVED_STRICT_SNAPSHOT,DERIVED_CONSENSUS_RUNTIME_CODE,UNRESOLVED:requires_loupe_or_historical_event_resolver,UNRESOLVED_NO_CUTOFF_SOURCE_VERIFICATION_EVIDENCE,DERIVED_EXACT_CHAIN_ADDRESS,DERIVED_METADATA_STRIPPED_BYTECODE_SHA256,UNRESOLVED_INDEPENDENT_ADJUDICATION_REQUIRED,UNRESOLVED_INDEPENDENT_ADJUDICATION_REQUIRED,UNRESOLVED_METHODS_OWNER_FREEZE_REQUIRED
particletrade,defihacklabs,ethereum,19231445,0xe4764f9cd8ecc9659d3abf35259638b20ac536e4,shanghai,ca2-aa99cf4dbaf4c7bb8459,2024-02-16,ParticleTrade,lack of validation data,src/test/2024-02/ParticleTrade_exp.sol,mainnet,https://github.com/SunWeb3Sec/DeFiHackLabs/blob/main/past/2024/README.md,frozen_public_source_hashed,db3b13fa1cbf75bffec4662240ebd762c5af6c92d2608b9aecde80a8d7802b08,c17093906d9fddeb7232d9d0103a9478c8297d0a7f3a7cbcc76ce13c9f834755,"[""https://twitter.com/Phalcon_xyz/status/1758028270770250134""]",[],~50k,exact_contract_basename,True,True,,,2024-02-16,,,,blocked_missing_onchain_and_availability_evidence,"[""missing:deployment_block"", ""missing:prediction_cutoff_block"", ""missing:source_availability_time"", ""missing:runtime_bytecode_hash_at_cutoff"", ""missing:outcome_adjudication_id""]",retained,,cases/ca2-aa99cf4dbaf4c7bb8459.json,d45ee2777a0410076d1e40e82b14e300ee7f1e9a9370807ff35836d6f513895c,cases/ca2-aa99cf4dbaf4c7bb8459.json,ff221c2abd21cd31f42210d3cb6a93506a3990a08413638df1b159e98fe20bd3,,,,,,,,,,,,ca2-aa99cf4dbaf4c7bb8459,cases/ca2-aa99cf4dbaf4c7bb8459.json,ff221c2abd21cd31f42210d3cb6a93506a3990a08413638df1b159e98fe20bd3,2023-10-02T23:57:35Z,2023-10-03T23:57:35Z,22311,,,1:0xe4764f9cd8ecc9659d3abf35259638b20ac536e4,c0def68cc0195dc9ddc3904c194d32fd4154e9834be52560f8f184668a9ae5ae,,,,,e35c62d8eff484d52bdbe6f13bab931dd517759b33850983b0008954f2675c25,82eca54327142d41e274717bede13b400516ab1de009cfd1614f41082d2e16b9,3a3d0a4e29fd3bd2469483820990266bff5bd25a39769f2853aa64df67373bbd,DERIVED_STRICT_SNAPSHOT,DERIVED_STRICT_SNAPSHOT,DERIVED_CONSENSUS_RUNTIME_CODE,UNRESOLVED:requires_loupe_or_historical_event_resolver,UNRESOLVED_NO_CUTOFF_SOURCE_VERIFICATION_EVIDENCE,DERIVED_EXACT_CHAIN_ADDRESS,DERIVED_METADATA_STRIPPED_BYTECODE_SHA256,UNRESOLVED_INDEPENDENT_ADJUDICATION_REQUIRED,UNRESOLVED_INDEPENDENT_ADJUDICATION_REQUIRED,UNRESOLVED_METHODS_OWNER_FREEZE_REQUIRED
SmartMesh,defihacklabs-temporal-replacement-finalization,ethereum,5499034,0x55f93985431fc9304077687a35a1ba103dc1e081,,ca2-c15651f1b54afa97c39e,2018-04-24,SmartMesh,replacement_candidate,,ethereum,,replacement_candidate_historical_snapshot_verified,dc006fab9fca668bb31ff1fc8d70bf5ed4c936742cf6270629b241f761273be9,d672aeeed6606c4c875afdd081caf5cb16053f9b0e0cd0c1496b3e083690ddde,[],"[""0x1abab4c8db9a30e703114528e31dee129a3a758f7f8abc3b6494aad3d304e43f""]",,frozen_chain_global_order_finalization,True,True,4701488,4707243,5499035,,080f525e171fb2366b673bce714ca5f5f527b238ef34441b8778c56d8e5e543d,,replacement_candidate_selected,[],replacement,ca2-45e513227d9f7b4e1381,cases/ca2-45e513227d9f7b4e1381.json,f8f8f418123b69ccc15738365be52b7df0f70b162b73790cce4954bfa8b567ea,,,cases/ca2r-41177cdba4ea41d36160.json,718960632d40603bb00a46a603acd2710e8d7f4700352b2ad09cf871fad8a689,historical_cases/ca2r-41177cdba4ea41d36160/ca2r-41177cdba4ea41d36160.json,d80b5dc3767a69b9b494287fd950c8c2355070584314966fc69ffbefe327353d,4,first_eligible_unique_from_frozen_chain_global_order,dc006fab9fca668bb31ff1fc8d70bf5ed4c936742cf6270629b241f761273be9,93b19197192b409cf7360b9bfa564d474da5a115f9bf279a5b8cc61093dadab6,5499034,0x1abab4c8db9a30e703114528e31dee129a3a758f7f8abc3b6494aad3d304e43f,ca2r-41177cdba4ea41d36160,ca2r-41177cdba4ea41d36160,historical_cases/ca2r-41177cdba4ea41d36160/ca2r-41177cdba4ea41d36160.json,d80b5dc3767a69b9b494287fd950c8c2355070584314966fc69ffbefe327353d,2017-12-09T08:21:53Z,2017-12-10T08:22:08Z,11059,,,1:0x55f93985431fc9304077687a35a1ba103dc1e081,5dc53eb16292d4a4787023332ec8aab8f31dd358cd5902a8427a50befb7f6512,,,,,1bc27cebfddc920028b1b3705e848c1ebc252829898dcc9eb43d418b160483b2,014ccd755ee56a09797693f147f5935a6c3cd03acad36e4b30a4c8bd1e37fc8b,b6ecba60986d84588b18cf0290baa814300e6c54d3b80da9a78f810b806888bb,DERIVED_STRICT_SNAPSHOT,DERIVED_STRICT_SNAPSHOT,DERIVED_CONSENSUS_RUNTIME_CODE,UNRESOLVED:requires_loupe_or_historical_event_resolver,UNRESOLVED_NO_CUTOFF_SOURCE_VERIFICATION_EVIDENCE,DERIVED_EXACT_CHAIN_ADDRESS,DERIVED_METADATA_STRIPPED_BYTECODE_SHA256,UNRESOLVED_INDEPENDENT_ADJUDICATION_REQUIRED,UNRESOLVED_INDEPENDENT_ADJUDICATION_REQUIRED,UNRESOLVED_METHODS_OWNER_FREEZE_REQUIRED
ruggedart,defihacklabs,ethereum,19262233,0xfe380fe1db07e531e3519b9ae3ea9f7888ce20c6,shanghai,ca2-c76c240f897354a45770,2024-02-19,RuggedArt,reentrancy,src/test/2024-02/RuggedArt_exp.sol,mainnet,https://github.com/SunWeb3Sec/DeFiHackLabs/blob/main/past/2024/README.md,frozen_public_source_hashed,db3b13fa1cbf75bffec4662240ebd762c5af6c92d2608b9aecde80a8d7802b08,b96e4beae540039d7e5eb0ee288ff680aeccac877eb67d614b67e34f9a989e54,"[""https://twitter.com/EXVULSEC/status/1759822545875025953""]",[],~10k,exact_contract_basename,True,True,,,2024-02-19,,,,blocked_missing_onchain_and_availability_evidence,"[""missing:deployment_block"", ""missing:prediction_cutoff_block"", ""missing:source_availability_time"", ""missing:runtime_bytecode_hash_at_cutoff"", ""missing:outcome_adjudication_id""]",retained,,cases/ca2-c76c240f897354a45770.json,14dc700cb1a5db223942d513d4c543f01f4246ccaaa3419e1fbb3734d0077b67,cases/ca2-c76c240f897354a45770.json,6bf0d8563d29c6f62d8c3fb3f3d4e5f36554b20ffcb46e6a0f029f8b02cb8191,,,,,,,,,,,,ca2-c76c240f897354a45770,cases/ca2-c76c240f897354a45770.json,6bf0d8563d29c6f62d8c3fb3f3d4e5f36554b20ffcb46e6a0f029f8b02cb8191,2024-02-17T00:23:47Z,2024-02-18T00:23:47Z,8561,,,1:0xfe380fe1db07e531e3519b9ae3ea9f7888ce20c6,22a9444cc55cca06bf02d3e0b1890cfed1b1f64ed18b427a85c013aa9ec641d6,,,,,6b577a09fa1f20bf3e27276f565f3ceb1fbaadb615ea00f98da9ad467ddcc393,490265420d296c7bbfab0bc6cb89fa71c264878f637c9093a9806c28aadc96fc,fdaf9a2486aa520437a58bc59847bc9d88ddbde1d05811b9e1c6d82efccf1b69,DERIVED_STRICT_SNAPSHOT,DERIVED_STRICT_SNAPSHOT,DERIVED_CONSENSUS_RUNTIME_CODE,UNRESOLVED:requires_loupe_or_historical_event_resolver,UNRESOLVED_NO_CUTOFF_SOURCE_VERIFICATION_EVIDENCE,DERIVED_EXACT_CHAIN_ADDRESS,DERIVED_METADATA_STRIPPED_BYTECODE_SHA256,UNRESOLVED_INDEPENDENT_ADJUDICATION_REQUIRED,UNRESOLVED_INDEPENDENT_ADJUDICATION_REQUIRED,UNRESOLVED_METHODS_OWNER_FREEZE_REQUIRED
miner,defihacklabs,ethereum,19226507,0xe77ec1bf3a5c95bfe3be7bdbacfe3ac1c7e454cd,shanghai,ca2-122f147da75159901ea0,2024-02-15,Miner,lack of validation dst address,src/test/2024-02/Miner_exp.sol,mainnet,https://github.com/SunWeb3Sec/DeFiHackLabs/blob/main/past/2024/README.md,frozen_public_source_hashed,db3b13fa1cbf75bffec4662240ebd762c5af6c92d2608b9aecde80a8d7802b08,0775a94dcf7643f9030636f2a55469244d0a21be30cdce0696e51ed46424a1bd,"[""https://twitter.com/Phalcon_xyz/status/1757777340002681326""]",[],~150k,frozen_date_override,True,True,,,2024-02-15,,,,blocked_missing_onchain_and_availability_evidence,"[""missing:deployment_block"", ""missing:prediction_cutoff_block"", ""missing:source_availability_time"", ""missing:runtime_bytecode_hash_at_cutoff"", ""missing:outcome_adjudication_id""]",retained,,cases/ca2-122f147da75159901ea0.json,b14f8fc5eb82d48d36d95a78a9d0b0bbd37e7452e9229a9b28d1fa0faf26f5ad,cases/ca2-122f147da75159901ea0.json,a90fb6432463c0f4d5a8d28174dd709f2f574c61b1d236cca2b9d7a32ae94769,,,,,,,,,,,,ca2-122f147da75159901ea0,cases/ca2-122f147da75159901ea0.json,a90fb6432463c0f4d5a8d28174dd709f2f574c61b1d236cca2b9d7a32ae94769,2024-02-11T19:40:23Z,2024-02-12T19:40:23Z,18569,,,1:0xe77ec1bf3a5c95bfe3be7bdbacfe3ac1c7e454cd,c9f476393f12a8fd7f3d4b62c958bc82676a398df421f32bf03c74937d8f3b50,,,,,69aa401c08ffeca96e190c50c2eb8f63cc48423085f5024ba2c5f4e49f2afe36,0f36ab23d094b574b7903ab05b9a9720731e93c06c6088dba0dc1d5a5bf2adf8,7b147942cb3a104f0882fe5358bd7fa00718482f57f83b030163483accb292a0,DERIVED_STRICT_SNAPSHOT,DERIVED_STRICT_SNAPSHOT,DERIVED_CONSENSUS_RUNTIME_CODE,UNRESOLVED:requires_loupe_or_historical_event_resolver,UNRESOLVED_NO_CUTOFF_SOURCE_VERIFICATION_EVIDENCE,DERIVED_EXACT_CHAIN_ADDRESS,DERIVED_METADATA_STRIPPED_BYTECODE_SHA256,UNRESOLVED_INDEPENDENT_ADJUDICATION_REQUIRED,UNRESOLVED_INDEPENDENT_ADJUDICATION_REQUIRED,UNRESOLVED_METHODS_OWNER_FREEZE_REQUIRED
seneca,defihacklabs,ethereum,19325936,0x65c210c59b43eb68112b7a4f75c8393c36491f06,shanghai,ca2-e7cd16bb64166a6efe64,2024-02-28,Seneca,Arbitrary External Call Vulnerability,src/test/2024-02/Seneca_exp.sol,mainnet,https://github.com/SunWeb3Sec/DeFiHackLabs/blob/main/past/2024/README.md,frozen_public_source_hashed,db3b13fa1cbf75bffec4662240ebd762c5af6c92d2608b9aecde80a8d7802b08,b05abcad1d388f6ff123057d5f2c3487ce8e1eec7726cd59dbbee28367ebe03c,"[""https://twitter.com/Phalcon_xyz/status/1763045563040411876""]",[],~6M,exact_contract_basename,True,True,,,2024-02-28,,,,blocked_missing_onchain_and_availability_evidence,"[""missing:deployment_block"", ""missing:prediction_cutoff_block"", ""missing:source_availability_time"", ""missing:runtime_bytecode_hash_at_cutoff"", ""missing:outcome_adjudication_id""]",retained,,cases/ca2-e7cd16bb64166a6efe64.json,884118d338e2f01052c62666a4c5f97c85ae501d4b4b8cf32fcd55fad7b22ebf,cases/ca2-e7cd16bb64166a6efe64.json,1ab292715831a34e890a2eaddb54d671c265074c8061a9000a4b6edfbb2a4e6c,,,,,,,,,,,,ca2-e7cd16bb64166a6efe64,cases/ca2-e7cd16bb64166a6efe64.json,1ab292715831a34e890a2eaddb54d671c265074c8061a9000a4b6edfbb2a4e6c,2024-02-19T21:18:47Z,2024-02-20T21:18:47Z,45,EIP1167_PROXY,,1:0x65c210c59b43eb68112b7a4f75c8393c36491f06,7075b1d9a6e82589d2ff7421d4cbce6a326a4e28230c42167adfead7e3cfa8fb,eip1167:0x45e15d1e4f92f28a916f4f2971ad9adc278e148b,,,,9978d9d11941ff01a7308a2a66b958ddcbb6b3719980eeb318a26c9345ab9ff6,6d9245a955b84b956f7c0b18baa72a4ae8f69968af637742554437e208355abc,370ae4ae20477dd852731f94bc1e5a4ceb62ae63e7b1f6223bd8e10dd405cf35,DERIVED_STRICT_SNAPSHOT,DERIVED_STRICT_SNAPSHOT,DERIVED_CONSENSUS_RUNTIME_CODE,VERIFIED_STANDARD_PROXY,UNRESOLVED_NO_CUTOFF_SOURCE_VERIFICATION_EVIDENCE,DERIVED_EXACT_CHAIN_ADDRESS,DERIVED_METADATA_STRIPPED_BYTECODE_SHA256,UNRESOLVED_INDEPENDENT_ADJUDICATION_REQUIRED,UNRESOLVED_INDEPENDENT_ADJUDICATION_REQUIRED,UNRESOLVED_METHODS_OWNER_FREEZE_REQUIRED
alp,defihacklabs,bsc,36727073,0xd188492217f09d18f2b0ece3f8948015981e961a,shanghai,ca2-b5a8e682aba465a7a0f6,2024-03-06,ALP,Public internal function,src/test/2024-03/ALP_exp.sol,bsc,https://github.com/SunWeb3Sec/DeFiHackLabs/blob/main/past/2024/README.md,frozen_public_source_hashed,db3b13fa1cbf75bffec4662240ebd762c5af6c92d2608b9aecde80a8d7802b08,0de79cc11a059ace9aefeb2886e4c5ffb713f2bb9621c23cb169bbba910783bd,[],[],~10K,exact_contract_basename,True,True,,,2024-03-06,,,,blocked_missing_onchain_and_availability_evidence,"[""missing:deployment_block"", ""missing:prediction_cutoff_block"", ""missing:source_availability_time"", ""missing:runtime_bytecode_hash_at_cutoff"", ""missing:outcome_adjudication_id""]",retained,,cases/ca2-b5a8e682aba465a7a0f6.json,b4d5c4dd8e1443cc2add7261287bfce23a0796944f2916e909dd6ef7584adc77,cases/ca2-b5a8e682aba465a7a0f6.json,ceb88cf0e6f7c6fc6d6499c8802f7593459df231b69a46f5125cfc81a4579b1e,,,,,,,,,,,,ca2-b5a8e682aba465a7a0f6,cases/ca2-b5a8e682aba465a7a0f6.json,ceb88cf0e6f7c6fc6d6499c8802f7593459df231b69a46f5125cfc81a4579b1e,2023-12-19T03:01:30Z,2023-12-20T03:01:30Z,708,EIP1967_PROXY,,56:0xd188492217f09d18f2b0ece3f8948015981e961a,4a3efcda36022b8aa1ab0a72b5466df88687e3e619be105f109432b549c54d19,eip1967:0x1eabb7b90fac3b4143c551a02b41e741f7457efa,,,,5381c461c509b378dc4ed9cc87ed4e70248dc39687ad74af5bf5fb7bc6f844df,4b7bf769e682078281792638809bec41871d9f6cf3ff121f20dc4077a5166f23,3102f8fbc9016296778f718a20a114e4268490dee6387260425bfbc8c994397c,DERIVED_STRICT_SNAPSHOT,DERIVED_STRICT_SNAPSHOT,DERIVED_CONSENSUS_RUNTIME_CODE,VERIFIED_STANDARD_PROXY,UNRESOLVED_NO_CUTOFF_SOURCE_VERIFICATION_EVIDENCE,DERIVED_EXACT_CHAIN_ADDRESS,DERIVED_METADATA_STRIPPED_BYTECODE_SHA256,UNRESOLVED_INDEPENDENT_ADJUDICATION_REQUIRED,UNRESOLVED_INDEPENDENT_ADJUDICATION_REQUIRED,UNRESOLVED_METHODS_OWNER_FREEZE_REQUIRED
ethfin,defihacklabs,bsc,37400484,0x17bd2e09fa4585c15749f40bb32a6e3db58522ba,shanghai,ca2-9b437de06c56cc873e8a,2024-03-29,ETHFIN,lack of access control,src/test/2024-03/ETHFIN_exp.sol,bsc,https://github.com/SunWeb3Sec/DeFiHackLabs/blob/main/past/2024/README.md,frozen_public_source_hashed,db3b13fa1cbf75bffec4662240ebd762c5af6c92d2608b9aecde80a8d7802b08,f01386ab0de755e57cfd0f723a643a2e766247e7fcafcb7f81cb5b11143c8a61,"[""https://app.blocksec.com/explorer/tx/bsc/0xfe031685d84f3bae1785f5b2bd0ed480b87815c3f23ce6ced73b8573b7e367c6""]","[""0xfe031685d84f3bae1785f5b2bd0ed480b87815c3f23ce6ced73b8573b7e367c6""]",~$1.24K (2.13 BNB),exact_contract_basename,True,True,,,2024-03-29,,,,blocked_missing_onchain_and_availability_evidence,"[""missing:deployment_block"", ""missing:prediction_cutoff_block"", ""missing:source_availability_time"", ""missing:runtime_bytecode_hash_at_cutoff"", ""missing:outcome_adjudication_id""]",retained,,cases/ca2-9b437de06c56cc873e8a.json,0bc375fbcfc42779d8822ced5b512cda887f9e1745d1ed83848c65593aa9daed,cases/ca2-9b437de06c56cc873e8a.json,835365fc86fb896c066cfeb6ac9395c0aadd501200ecc8976d27cff9759809e8,,,,,,,,,,,,ca2-9b437de06c56cc873e8a,cases/ca2-9b437de06c56cc873e8a.json,835365fc86fb896c066cfeb6ac9395c0aadd501200ecc8976d27cff9759809e8,2021-10-27T06:21:02Z,2021-10-28T06:21:03Z,24471,,,56:0x17bd2e09fa4585c15749f40bb32a6e3db58522ba,973987be52bbdb0531429568e6678e8fe13745e92bc13c593a5fe27d49b09ac9,,,,,6f77241a10320b4565948c2ff139d0a0b303b0398cd28a9216313fb0c681eac4,e15859c38a99c15d373a75776f7575d69e887ceee8eb631fdd3c1de6df48aec7,22a907e25085e0d0bd0c096f48d1c3a8156b749f790a0d95f8351ecae2cd75fa,DERIVED_STRICT_SNAPSHOT,DERIVED_STRICT_SNAPSHOT,DERIVED_CONSENSUS_RUNTIME_CODE,UNRESOLVED:requires_loupe_or_historical_event_resolver,UNRESOLVED_NO_CUTOFF_SOURCE_VERIFICATION_EVIDENCE,DERIVED_EXACT_CHAIN_ADDRESS,DERIVED_METADATA_STRIPPED_BYTECODE_SHA256,UNRESOLVED_INDEPENDENT_ADJUDICATION_REQUIRED,UNRESOLVED_INDEPENDENT_ADJUDICATION_REQUIRED,UNRESOLVED_METHODS_OWNER_FREEZE_REQUIRED
ark,defihacklabs,bsc,37221235,0xde698b5bbb4a12ddf2261bbdf8e034af34399999,shanghai,ca2-eaff56dcacef885f96a2,2024-03-24,ARK,business logic flaw,src/test/2024-03/ARK_exp.sol,bsc,https://github.com/SunWeb3Sec/DeFiHackLabs/blob/main/past/2024/README.md,frozen_public_source_hashed,db3b13fa1cbf75bffec4662240ebd762c5af6c92d2608b9aecde80a8d7802b08,e50a7bb3c2733107603adfed5372d02745bd5174cb3fdd84c7e6353a471e22c9,"[""https://twitter.com/Phalcon_xyz/status/1771728823534375249""]",[],~348BNB,exact_contract_basename,True,True,,,2024-03-24,,,,blocked_missing_onchain_and_availability_evidence,"[""missing:deployment_block"", ""missing:prediction_cutoff_block"", ""missing:source_availability_time"", ""missing:runtime_bytecode_hash_at_cutoff"", ""missing:outcome_adjudication_id""]",retained,,cases/ca2-eaff56dcacef885f96a2.json,c3c417cfcaa726d85668c1c92a867bf6ce5c2257098e986b270f6402540fcf07,cases/ca2-eaff56dcacef885f96a2.json,7d886a07e5e518ddb6eaa06feaeb7c1177418a0820aed0d115406ce74dc91051,,,,,,,,,,,,ca2-eaff56dcacef885f96a2,cases/ca2-eaff56dcacef885f96a2.json,7d886a07e5e518ddb6eaa06feaeb7c1177418a0820aed0d115406ce74dc91051,2024-03-11T16:12:47Z,2024-03-12T16:12:49Z,12035,,,56:0xde698b5bbb4a12ddf2261bbdf8e034af34399999,658f1f38bfc8ba9c16800c95fce12818140d30bc7cb9f7470636888da46c2e28,,,,,8d442e37aba0ba474913b0445d83c48a04c39c22572a3d432962b00e44ecdd4b,ab961c4f589081a40bef291355d04f34d71a4192b336489b27f61a7b744828af,5261f2a78795f393b29d03b410e96b630e9104957d4faa58c9e825801b31485e,DERIVED_STRICT_SNAPSHOT,DERIVED_STRICT_SNAPSHOT,DERIVED_CONSENSUS_RUNTIME_CODE,UNRESOLVED:requires_loupe_or_historical_event_resolver,UNRESOLVED_NO_CUTOFF_SOURCE_VERIFICATION_EVIDENCE,DERIVED_EXACT_CHAIN_ADDRESS,DERIVED_METADATA_STRIPPED_BYTECODE_SHA256,UNRESOLVED_INDEPENDENT_ADJUDICATION_REQUIRED,UNRESOLVED_INDEPENDENT_ADJUDICATION_REQUIRED,UNRESOLVED_METHODS_OWNER_FREEZE_REQUIRED
bbt,defihacklabs,ethereum,19417822,0x3541499cda8ca51b24724bb8e7ce569727406e04,shanghai,ca2-ba0418d74fad65f2483c,2024-03-12,BBT,business logic flaw,src/test/2024-03/BBT_exp.sol,mainnet,https://github.com/SunWeb3Sec/DeFiHackLabs/blob/main/past/2024/README.md,frozen_public_source_hashed,db3b13fa1cbf75bffec4662240ebd762c5af6c92d2608b9aecde80a8d7802b08,9f2f49493c72fe8ff43d79ef586532411912c67d0983cfb540131258f49b21da,"[""https://x.com/8olidity/status/1767470002566058088""]",[],~5.06 ETH,exact_contract_basename,True,True,,,2024-03-12,,,,blocked_missing_onchain_and_availability_evidence,"[""missing:deployment_block"", ""missing:prediction_cutoff_block"", ""missing:source_availability_time"", ""missing:runtime_bytecode_hash_at_cutoff"", ""missing:outcome_adjudication_id""]",retained,,cases/ca2-ba0418d74fad65f2483c.json,7e9907669f80176d566fc3ebd7f319331de1e6b2943379cb7d9933f65b3e9a7f,cases/ca2-ba0418d74fad65f2483c.json,a0e0d476a4e1595555e751a381cf25180bc291b0e9be4489c9856df01f9f63b3,,,,,,,,,,,,ca2-ba0418d74fad65f2483c,cases/ca2-ba0418d74fad65f2483c.json,a0e0d476a4e1595555e751a381cf25180bc291b0e9be4489c9856df01f9f63b3,2024-01-18T17:09:23Z,2024-01-19T17:09:23Z,1159,EIP1967_PROXY,,1:0x3541499cda8ca51b24724bb8e7ce569727406e04,81a5c482cc7930721c5b9b6edd20b6cb3b5d8ae7ffce92e1ae2f59093911a42c,eip1967:0x464120b7104a99c8fec863e8643bbaca93e7ac64,,,,42f280e9bb0bff333215417771d27f80042569bb323de51e476faa3dc2cb7ff6,9f6ce760d2f2910b43fb2d9f16723b801ee263c547c98c42426929c39f5ecb51,9a3d329c05832e78d519d0190f9bd1338f303952cc06972fe383aa5a3661f1da,DERIVED_STRICT_SNAPSHOT,DERIVED_STRICT_SNAPSHOT,DERIVED_CONSENSUS_RUNTIME_CODE,VERIFIED_STANDARD_PROXY,UNRESOLVED_NO_CUTOFF_SOURCE_VERIFICATION_EVIDENCE,DERIVED_EXACT_CHAIN_ADDRESS,DERIVED_METADATA_STRIPPED_BYTECODE_SHA256,UNRESOLVED_INDEPENDENT_ADJUDICATION_REQUIRED,UNRESOLVED_INDEPENDENT_ADJUDICATION_REQUIRED,UNRESOLVED_METHODS_OWNER_FREEZE_REQUIRED
binemon,defihacklabs,bsc,36864394,0xe56842ed550ff2794f010738554db45e60730371,shanghai,ca2-adacb53105e39eebae4d,2024-03-11,Binemon,precission-loss,src/test/2024-03/Binemon_exp.sol,bsc,https://github.com/SunWeb3Sec/DeFiHackLabs/blob/main/past/2024/README.md,frozen_public_source_hashed,db3b13fa1cbf75bffec4662240ebd762c5af6c92d2608b9aecde80a8d7802b08,e8a887a999b4b3b770c4e49747a6390331349d4a954b8ab626726e5a4c9039a1,"[""https://app.blocksec.com/explorer/tx/bsc/0x1999bb5c11a8d8bfa7620fc5cc37f5bc59c1a99d7a9250a8d6076c93bbdbeb5f""]","[""0x1999bb5c11a8d8bfa7620fc5cc37f5bc59c1a99d7a9250a8d6076c93bbdbeb5f""]",~0.2 BNB,exact_contract_basename,True,True,,,2024-03-11,,,,blocked_missing_onchain_and_availability_evidence,"[""missing:deployment_block"", ""missing:prediction_cutoff_block"", ""missing:source_availability_time"", ""missing:runtime_bytecode_hash_at_cutoff"", ""missing:outcome_adjudication_id""]",retained,,cases/ca2-adacb53105e39eebae4d.json,8be8e6aed60b7bd5c2435e1f4845dbc8e066b3f0f52b9b8bd8509d39c5348b5d,cases/ca2-adacb53105e39eebae4d.json,576da64447707bf9cdd45961685c5f2769d9845d65363d0c28e2fc3f5572449e,,,,,,,,,,,,ca2-adacb53105e39eebae4d,cases/ca2-adacb53105e39eebae4d.json,576da64447707bf9cdd45961685c5f2769d9845d65363d0c28e2fc3f5572449e,2021-08-24T05:03:57Z,2021-08-25T05:03:58Z,6661,,,56:0xe56842ed550ff2794f010738554db45e60730371,65cd9a2d9b614f7502f70c02a5a2d5f0e88ffdfcba1a0902beea5c2dca4ff695,,,,,fe7aac8bef79c688b5546e4e9c91e3a44d4e5401bfc50502a7e084d6dded8e43,a6f89cc2b46b0ce98a803446c825e529961b52a6515e2ccdb44213d1fb9459b1,ef31293a902a4359d85650f0617ddbb09c9df00168a3e2157b1af1d3168e6dbd,DERIVED_STRICT_SNAPSHOT,DERIVED_STRICT_SNAPSHOT,DERIVED_CONSENSUS_RUNTIME_CODE,UNRESOLVED:requires_loupe_or_historical_event_resolver,UNRESOLVED_NO_CUTOFF_SOURCE_VERIFICATION_EVIDENCE,DERIVED_EXACT_CHAIN_ADDRESS,DERIVED_METADATA_STRIPPED_BYTECODE_SHA256,UNRESOLVED_INDEPENDENT_ADJUDICATION_REQUIRED,UNRESOLVED_INDEPENDENT_ADJUDICATION_REQUIRED,UNRESOLVED_METHODS_OWNER_FREEZE_REQUIRED
AutoPooledTradingBot,defihacklabs-temporal-replacement-finalization,ethereum,23160803,0x879e993e2e37de3b47f38c13858e1f337d51448b,,ca2-5600aac7a0790bee4d8c,2025-08-17,AutoPooledTradingBot,replacement_candidate,,ethereum,,replacement_candidate_historical_snapshot_verified,2b9ef3c4d9b5c01f5b80dcf074c3eda16ea28ca987e46139f050574020ebeddf,3386f895b915c911793fc39fc392ed9547cfb5ea73685e7176c9df366e972c8a,[],"[""0x9ec3fb4ac39e179c6a4f5323f2f757faca7b71718fc9f752153387c9204cee3d""]",,frozen_chain_global_order_finalization,True,True,23047232,23054375,23160804,,e09fe01b4f1bfb64fee412779611065a9c66275f545aeef247cca7da25fe75bc,,replacement_candidate_selected,[],replacement,ca2-d5a550e862cee1efa2a8,cases/ca2-d5a550e862cee1efa2a8.json,222a7128f77a507c62e5fc97936a1888ebcc3744af9d94c2b2e798c613ff73fd,,,cases/ca2r-971b334afcda0571a76b.json,50a45c1d13e4500a77cee0b7f6eea28be2077d7e60e9f715b17d0ab2bf100589,historical_cases/ca2r-971b334afcda0571a76b/ca2r-971b334afcda0571a76b.json,d68465bcba51188f741c427a522b613902d1317c79e3e71c767a67381a9b0ea3,14,first_eligible_unique_from_frozen_chain_global_order,2b9ef3c4d9b5c01f5b80dcf074c3eda16ea28ca987e46139f050574020ebeddf,d3b80fe4ed7198fc900616b269408c1d0485ef8f000f46d37adb75be862a4a9c,23160803,0x9ec3fb4ac39e179c6a4f5323f2f757faca7b71718fc9f752153387c9204cee3d,ca2r-971b334afcda0571a76b,ca2r-971b334afcda0571a76b,historical_cases/ca2r-971b334afcda0571a76b/ca2r-971b334afcda0571a76b.json,d68465bcba51188f741c427a522b613902d1317c79e3e71c767a67381a9b0ea3,2025-08-01T15:49:35Z,2025-08-02T15:49:35Z,10909,,,1:0x879e993e2e37de3b47f38c13858e1f337d51448b,cb5f85c1ac37b31ab8b532957f57ffabbe093a66744298b7a7a99f5ee1af7109,,,,,e3ab881333d3652114392f43a6735153a72fb6ca7bde71da91738114361235a4,d09c7682507aa114fa4c8b2c347ba7f657dd3aa47235d2e88020a6d7b8140059,15ca11221ce8ed26bd8e5e55f5537cd1f98829fa4f966e5c5fa8929f93490c9f,DERIVED_STRICT_SNAPSHOT,DERIVED_STRICT_SNAPSHOT,DERIVED_CONSENSUS_RUNTIME_CODE,UNRESOLVED:requires_loupe_or_historical_event_resolver,UNRESOLVED_NO_CUTOFF_SOURCE_VERIFICATION_EVIDENCE,DERIVED_EXACT_CHAIN_ADDRESS,DERIVED_METADATA_STRIPPED_BYTECODE_SHA256,UNRESOLVED_INDEPENDENT_ADJUDICATION_REQUIRED,UNRESOLVED_INDEPENDENT_ADJUDICATION_REQUIRED,UNRESOLVED_METHODS_OWNER_FREEZE_REQUIRED
tgbs,defihacklabs,bsc,36725819,0xedecfa18cae067b2489a2287784a543069f950f4,shanghai,ca2-ffeb7afe408bddf67264,2024-03-06,TGBS,Business Logic Flaw,src/test/2024-03/TGBS_exp.sol,bsc,https://github.com/SunWeb3Sec/DeFiHackLabs/blob/main/past/2024/README.md,frozen_public_source_hashed,db3b13fa1cbf75bffec4662240ebd762c5af6c92d2608b9aecde80a8d7802b08,dada65ea568337224ab95364259cae8ae28d0a3c01c7af53d4e10f0632ab8863,"[""https://twitter.com/Phalcon_xyz/status/1765285257949974747""]",[],~150K,exact_contract_basename,True,True,,,2024-03-06,,,,blocked_missing_onchain_and_availability_evidence,"[""missing:deployment_block"", ""missing:prediction_cutoff_block"", ""missing:source_availability_time"", ""missing:runtime_bytecode_hash_at_cutoff"", ""missing:outcome_adjudication_id""]",retained,,cases/ca2-ffeb7afe408bddf67264.json,a865a86ff8e2a90564efbd80b4f1be83884f101174447f0dbbbb72c9eef1d556,cases/ca2-ffeb7afe408bddf67264.json,ea0817c4db68ea3553ba46043cf9b3f514330e6ac91e0ff6059916e05c06ead0,,,,,,,,,,,,ca2-ffeb7afe408bddf67264,cases/ca2-ffeb7afe408bddf67264.json,ea0817c4db68ea3553ba46043cf9b3f514330e6ac91e0ff6059916e05c06ead0,2024-02-09T12:25:55Z,2024-02-10T12:25:57Z,16737,,,56:0xedecfa18cae067b2489a2287784a543069f950f4,6dbb94fb8eb05bda30aa431ae3178c0d513a19dbe10980f433b5c8719c6b8344,,,,,c5edb118c2aa264b68ae8ee35fc2e8b8e891f062c1f35be5bc3747d873956cbe,7db436c0419b099e307d123412f263217bf18a38c5e960703c94b0b53fe56788,749c000a285dd53d830c37bf9f17e6fbf9a098fe136ad7ec61d641d8760d1603,DERIVED_STRICT_SNAPSHOT,DERIVED_STRICT_SNAPSHOT,DERIVED_CONSENSUS_RUNTIME_CODE,UNRESOLVED:requires_loupe_or_historical_event_resolver,UNRESOLVED_NO_CUTOFF_SOURCE_VERIFICATION_EVIDENCE,DERIVED_EXACT_CHAIN_ADDRESS,DERIVED_METADATA_STRIPPED_BYTECODE_SHA256,UNRESOLVED_INDEPENDENT_ADJUDICATION_REQUIRED,UNRESOLVED_INDEPENDENT_ADJUDICATION_REQUIRED,UNRESOLVED_METHODS_OWNER_FREEZE_REQUIRED
atm,defihacklabs,bsc,37483300,0xa5957e0e2565dc93880da7be32abcbdf55788888,shanghai,ca2-d6ba3397ed249bc3a420,2024-04-01,ATM,business logic flaw,src/test/2024-04/ATM_exp.sol,bsc,https://github.com/SunWeb3Sec/DeFiHackLabs/blob/main/past/2024/README.md,frozen_public_source_hashed,db3b13fa1cbf75bffec4662240ebd762c5af6c92d2608b9aecde80a8d7802b08,95cee1d24d8650f9da0c59a2a9aff8afbd3fdd0f132af668b75a59c276d78c2e,[],[],$~182K USD,frozen_date_override,True,True,,,2024-04-01,,,,blocked_missing_onchain_and_availability_evidence,"[""missing:deployment_block"", ""missing:prediction_cutoff_block"", ""missing:source_availability_time"", ""missing:runtime_bytecode_hash_at_cutoff"", ""missing:outcome_adjudication_id""]",retained,,cases/ca2-d6ba3397ed249bc3a420.json,1d65b103af61680006db7a8922ed9f031dd86e2ec3be5a68f8c211146cfce146,cases/ca2-d6ba3397ed249bc3a420.json,bc6a987b2e207fbd622a2bd0f18268512c101a2684f213e178980c004692d33c,,,,,,,,,,,,ca2-d6ba3397ed249bc3a420,cases/ca2-d6ba3397ed249bc3a420.json,bc6a987b2e207fbd622a2bd0f18268512c101a2684f213e178980c004692d33c,2024-03-23T07:42:57Z,2024-03-24T07:42:57Z,16034,,,56:0xa5957e0e2565dc93880da7be32abcbdf55788888,91893eee4d29a49392cad5e2e97af5ba39897854b75d33fbac9bb44f17e15b1c,,,,,14f1306e1bdc8e6263b6426fb4d31b991b8070d5d51f1fc976904f6aee3f27ba,9eeedf296a90f9eb80709c6b5f9a578794945b2e02c757c77ee055f2cdb798ce,86339cbb3882c29f1920cdab673dfbf1f1ac3aeb0e646a5b4fdc015142f5cbcf,DERIVED_STRICT_SNAPSHOT,DERIVED_STRICT_SNAPSHOT,DERIVED_CONSENSUS_RUNTIME_CODE,UNRESOLVED:requires_loupe_or_historical_event_resolver,UNRESOLVED_NO_CUTOFF_SOURCE_VERIFICATION_EVIDENCE,DERIVED_EXACT_CHAIN_ADDRESS,DERIVED_METADATA_STRIPPED_BYTECODE_SHA256,UNRESOLVED_INDEPENDENT_ADJUDICATION_REQUIRED,UNRESOLVED_INDEPENDENT_ADJUDICATION_REQUIRED,UNRESOLVED_METHODS_OWNER_FREEZE_REQUIRED
chaingefinance,defihacklabs,bsc,37880387,0x80a0d7a6fd2a22982ce282933b384568e5c852bf,shanghai,ca2-c5a01f6581922c612fa6,2024-04-15,ChaingeFinance,Arbitrary External Call,src/test/2024-04/ChaingeFinance_exp.sol,bsc,https://github.com/SunWeb3Sec/DeFiHackLabs/blob/main/past/2024/README.md,frozen_public_source_hashed,db3b13fa1cbf75bffec4662240ebd762c5af6c92d2608b9aecde80a8d7802b08,7177e57a26a75280777bdd502119c6fb1d38129c8dcb82e0eadb355285b1e5da,"[""https://twitter.com/CyversAlerts/status/1779875922381860920""]",[],~560K,exact_contract_basename,True,True,,,2024-04-15,,,,blocked_missing_onchain_and_availability_evidence,"[""missing:deployment_block"", ""missing:prediction_cutoff_block"", ""missing:source_availability_time"", ""missing:runtime_bytecode_hash_at_cutoff"", ""missing:outcome_adjudication_id""]",retained,,cases/ca2-c5a01f6581922c612fa6.json,af96d4728b65d37d32f7234457a10f3605a8ab4f844cb83e79d3a0e75b0a76ef,cases/ca2-c5a01f6581922c612fa6.json,208235b81710d8feec4d7c79c30941e61e821d09b96c8ff97d2ce64301f669b9,,,,,,,,,,,,ca2-c5a01f6581922c612fa6,cases/ca2-c5a01f6581922c612fa6.json,208235b81710d8feec4d7c79c30941e61e821d09b96c8ff97d2ce64301f669b9,2024-04-11T08:16:00Z,2024-04-12T08:16:02Z,16759,,,56:0x80a0d7a6fd2a22982ce282933b384568e5c852bf,6de5af02dc83a06e34aa261c21d5fcbda797bd21c52c63ba83357ca7eddeba06,,,,,5cf205c66bb38f8407cb18fc5102edebab3754bdca82276aacb1a8325633664e,7f841f7596cc84cb69a596ccf23c9564faf476b029198bcf3cc32d5820a724f3,12c6d2d64ae86c7379754801728fbf7f42bec85348405ec9eb807d824af03f68,DERIVED_STRICT_SNAPSHOT,DERIVED_STRICT_SNAPSHOT,DERIVED_CONSENSUS_RUNTIME_CODE,UNRESOLVED:requires_loupe_or_historical_event_resolver,UNRESOLVED_NO_CUTOFF_SOURCE_VERIFICATION_EVIDENCE,DERIVED_EXACT_CHAIN_ADDRESS,DERIVED_METADATA_STRIPPED_BYTECODE_SHA256,UNRESOLVED_INDEPENDENT_ADJUDICATION_REQUIRED,UNRESOLVED_INDEPENDENT_ADJUDICATION_REQUIRED,UNRESOLVED_METHODS_OWNER_FREEZE_REQUIRED
Proxy_b7e1,defihacklabs-temporal-replacement-finalization,bsc,44294726,0xb7e1d1372f2880373d7c5a931cdbaa73c38663c6,,ca2-a40aff558c4a5d19fdb1,2024-11-24,Proxy_b7e1,replacement_candidate,,bsc,,replacement_candidate_historical_snapshot_verified,5fe9d6a4581205bb3c0be32a73f3e3c2cba1b6ce7e83cc91bba58ff1b99fcfc7,52d0e6769257a78261460a6b3c4e9cc08894cb9b26baaff378f5744aaacb0042,[],"[""0x864d33d006e5c39c9ee8b35be5ae05a2013e556be3e078e2881b0cc6281bb265""]",,frozen_chain_global_order_finalization,True,True,43951623,43980420,44294727,,ec9c737dafc40dfe31c9d46ac0f6cb1f40180d31428a9a4e96453b036170fc2a,,replacement_candidate_selected,[],replacement,ca2-bef5f7af9a50d2f1687c,cases/ca2-bef5f7af9a50d2f1687c.json,5892a350183163d77e240960c002d444e35aa65dfd2d872139280fa3d4d4eddd,,,cases/ca2r-a7eede03122760827180.json,91f3d5e4b9d843e80a69cbdc2888eb62cd48899dd27327b46ba62a99a4e79693,historical_cases/ca2r-a7eede03122760827180/ca2r-a7eede03122760827180.json,62c3e728ee9ee0c4e9ce36dab474ebfa0bd220eb810132eef0f8de802733874a,32,first_eligible_unique_from_frozen_chain_global_order,5fe9d6a4581205bb3c0be32a73f3e3c2cba1b6ce7e83cc91bba58ff1b99fcfc7,db3b13fa1cbf75bffec4662240ebd762c5af6c92d2608b9aecde80a8d7802b08,44294726,0x864d33d006e5c39c9ee8b35be5ae05a2013e556be3e078e2881b0cc6281bb265,ca2r-a7eede03122760827180,ca2r-a7eede03122760827180,historical_cases/ca2r-a7eede03122760827180/ca2r-a7eede03122760827180.json,62c3e728ee9ee0c4e9ce36dab474ebfa0bd220eb810132eef0f8de802733874a,2024-11-12T18:19:55Z,2024-11-13T18:19:56Z,170,EIP1967_PROXY,,56:0xb7e1d1372f2880373d7c5a931cdbaa73c38663c6,d5e73ae065b83b7b9cbac221036539be63438bddf79fba6147a1fc66fd6b95fd,eip1967:0x0df9d225ccfaa21ceb0b2ab6855b13dffa78d253,,,,43b6c286345753b5e09eb676dd91db05863fab37acff18044235b04e36664591,2e8c4842f725464b2a191ae1f6a790f31a39725517d9714ae9eee7176da448a7,9daed70495f0dfe51152191a0b780e417db5bcec44a166f752cbb9681f5ad4a0,DERIVED_STRICT_SNAPSHOT,DERIVED_STRICT_SNAPSHOT,DERIVED_CONSENSUS_RUNTIME_CODE,VERIFIED_STANDARD_PROXY,UNRESOLVED_NO_CUTOFF_SOURCE_VERIFICATION_EVIDENCE,DERIVED_EXACT_CHAIN_ADDRESS,DERIVED_METADATA_STRIPPED_BYTECODE_SHA256,UNRESOLVED_INDEPENDENT_ADJUDICATION_REQUIRED,UNRESOLVED_INDEPENDENT_ADJUDICATION_REQUIRED,UNRESOLVED_METHODS_OWNER_FREEZE_REQUIRED
DogeAlliance,defihacklabs-temporal-replacement-finalization,bsc,50638349,0x04df78093e2b66a0387f8c052c8d344d84ca49af,,ca2-0fd406d4a5d581dc9171,2025-05-31,DogeAlliance,replacement_candidate,,bsc,,replacement_candidate_historical_snapshot_verified,2b1997b2166f5781e3bfc917592db9aa5e01a23b98444a88b6efd1cc9d964ce4,dcb73b472dd764c19c8a00ed97a026ffac11c2f879e59e14f8e23ee7e19a33c3,[],"[""0xcf2b8c46e5f6f761a716619800de6754058921cbde0cd5ff12cd2ce4ea6a818d""]",,frozen_chain_global_order_finalization,True,True,12299048,12327269,50638350,,116045d4eda7fc3d5855bc8f01f0307a72ed13f3f96237311790039c9f385663,,replacement_candidate_selected,[],replacement,ca2-a04834244778519abaa1,cases/ca2-a04834244778519abaa1.json,8706525f21d38da0e388a91b31fbfbd7693c2504805b70a403eaa30834219cf3,,,cases/ca2r-2d7002c3d03e4977a6c2.json,f1cad8e6426831739c30518b2d9d1a5cfded3a52d054c563b7e66444c5d1970d,historical_cases/ca2r-2d7002c3d03e4977a6c2/ca2r-2d7002c3d03e4977a6c2.json,def7590193ec6777dde91dd76954af35561fefea139164572b93b61fff2c3d41,27,first_eligible_unique_from_frozen_chain_global_order,2b1997b2166f5781e3bfc917592db9aa5e01a23b98444a88b6efd1cc9d964ce4,d3b80fe4ed7198fc900616b269408c1d0485ef8f000f46d37adb75be862a4a9c,50638349,0xcf2b8c46e5f6f761a716619800de6754058921cbde0cd5ff12cd2ce4ea6a818d,ca2r-2d7002c3d03e4977a6c2,ca2r-2d7002c3d03e4977a6c2,historical_cases/ca2r-2d7002c3d03e4977a6c2/ca2r-2d7002c3d03e4977a6c2.json,def7590193ec6777dde91dd76954af35561fefea139164572b93b61fff2c3d41,2021-11-02T07:41:46Z,2021-11-03T07:41:46Z,8802,,,56:0x04df78093e2b66a0387f8c052c8d344d84ca49af,7b177f025a5a6ee2af13a49829255d01725a49353d5f0b7c23eecf233c4a00a8,,,,,08d999ddbcb67ad857d2306ec6db7d6e1ee062a3b3c550dab33c7a7e234add48,3281809ebf07bb8af3c907426202074fb38ccac6b33cb4332450a4104c26f6a0,c13eb4257e474af281665717ddbbbce91f3ecb356655b54eae7d4978cc18dd14,DERIVED_STRICT_SNAPSHOT,DERIVED_STRICT_SNAPSHOT,DERIVED_CONSENSUS_RUNTIME_CODE,UNRESOLVED:requires_loupe_or_historical_event_resolver,UNRESOLVED_NO_CUTOFF_SOURCE_VERIFICATION_EVIDENCE,DERIVED_EXACT_CHAIN_ADDRESS,DERIVED_METADATA_STRIPPED_BYTECODE_SHA256,UNRESOLVED_INDEPENDENT_ADJUDICATION_REQUIRED,UNRESOLVED_INDEPENDENT_ADJUDICATION_REQUIRED,UNRESOLVED_METHODS_OWNER_FREEZE_REQUIRED
MicDao,defihacklabs-temporal-replacement-finalization,bsc,32711747,0xf6876f6ab2637774804b85aecc17b434a2b57168,,ca2-b9bec467ee94f3fb52c2,2023-10-18,MicDao,replacement_candidate,,bsc,,replacement_candidate_historical_snapshot_verified,d58494f2a470081cddfaf69a4078bdbdc1214a92786966a3bd9b56063accc05c,fa4570a595d03a09535814f56ea880439f11bfddf168e457666650d5f14733d4,[],"[""0x24a2fbb27d433d91372525954f0d7d1af7509547b9ada29cc6c078e732c6d075""]",,frozen_chain_global_order_finalization,True,True,32383342,32411992,32711748,,51c2d99c45acf3049429ed5847d73aeb155b088c8f13eea92b0fcf71f2c193db,,replacement_candidate_selected,[],replacement,ca2-63262288a02b8ba46129,cases/ca2-63262288a02b8ba46129.json,a771ac2430395b84301097e97bce338e4fd67286ec99ef79c97be021bc105ae6,,,cases/ca2r-fa3009b447f82845b037.json,d7ae41539844b2d68123ffa2cfd4a3a45672b4161e808facf8ce697efd5c1c00,historical_cases/ca2r-fa3009b447f82845b037/ca2r-fa3009b447f82845b037.json,ee4d2b5ad6c87dff778871d2ae6d6496bb5110928ca47bf17a0ff2abb4699830,14,first_eligible_unique_from_frozen_chain_global_order,d58494f2a470081cddfaf69a4078bdbdc1214a92786966a3bd9b56063accc05c,1b5a1d9c3166c2b9d60fefc71f8e12d2c3d2f604b259d662e38310d39db6838b,32711747,0x24a2fbb27d433d91372525954f0d7d1af7509547b9ada29cc6c078e732c6d075,ca2r-fa3009b447f82845b037,ca2r-fa3009b447f82845b037,historical_cases/ca2r-fa3009b447f82845b037/ca2r-fa3009b447f82845b037.json,ee4d2b5ad6c87dff778871d2ae6d6496bb5110928ca47bf17a0ff2abb4699830,2023-10-07T02:28:33Z,2023-10-08T02:28:34Z,8598,,,56:0xf6876f6ab2637774804b85aecc17b434a2b57168,9c8461c481fd04d8ab0bac0603f1b2a36ebdd8f15585005c09d531257a6b94ec,,,,,4008f85e84c68de3fcd917467fafb06274b9c8b47787e74daade81e474423daa,1a726cf3b09e3346ef06ef9768398b5e8e6d41de4b279308c1bd19571e4d4e3c,17d7eeb215c084c680398abf59e77fdf105d6864c445c05c7b931d3eb12fa176,DERIVED_STRICT_SNAPSHOT,DERIVED_STRICT_SNAPSHOT,DERIVED_CONSENSUS_RUNTIME_CODE,UNRESOLVED:requires_loupe_or_historical_event_resolver,UNRESOLVED_NO_CUTOFF_SOURCE_VERIFICATION_EVIDENCE,DERIVED_EXACT_CHAIN_ADDRESS,DERIVED_METADATA_STRIPPED_BYTECODE_SHA256,UNRESOLVED_INDEPENDENT_ADJUDICATION_REQUIRED,UNRESOLVED_INDEPENDENT_ADJUDICATION_REQUIRED,UNRESOLVED_METHODS_OWNER_FREEZE_REQUIRED
StakeOnMe,defihacklabs-temporal-replacement-finalization,ethereum,24664322,0x237d59bf98ec4f4f013bc35d66f22d2bc9504b3f,,ca2-38de662649bc5f386b3b,2026-03-15,StakeOnMe,replacement_candidate,,ethereum,,replacement_candidate_historical_snapshot_verified,970dc95b93fd579b9615b2e37fc71d25e8fed8bf6e6b8a76023d8f7af5c8c406,7a9f9da49f65914743854563331e0e10a7e90f41f4c1b2a2daaf770accb715b8,[],"[""0xed71e72ba1be2cff06438fab558a79936414d24dd1f6d3e58ecadc2a8f673fe5""]",,frozen_chain_global_order_finalization,True,True,9952337,9958770,24664323,,1904055fa1b6982a26fbef7f020c988f788e84e3e61bbe75439b0f3d8b85b37a,,replacement_candidate_selected,[],replacement,ca2-d52c28a988ebe002c21b,cases/ca2-d52c28a988ebe002c21b.json,3fe4e07165e8a997a4045990f27bb8d01a555dd4237e4ae53e4c257441579820,,,cases/ca2r-8b568c5a45a75d104376.json,fb4b0a48f6dca9d8f5deccbc358c172e4a38800860c33ba7d96711f32f463b0d,historical_cases/ca2r-8b568c5a45a75d104376/ca2r-8b568c5a45a75d104376.json,474f6e2ee58b4766629af5e0ee704d385b573b982dfc8833460c49fa54880c16,13,first_eligible_unique_from_frozen_chain_global_order,970dc95b93fd579b9615b2e37fc71d25e8fed8bf6e6b8a76023d8f7af5c8c406,a18c0040510cddc88d59e602bac53bbcafbe5dfbc978cff0134cb513de79fc53,24664322,0xed71e72ba1be2cff06438fab558a79936414d24dd1f6d3e58ecadc2a8f673fe5,ca2r-8b568c5a45a75d104376,ca2r-8b568c5a45a75d104376,historical_cases/ca2r-8b568c5a45a75d104376/ca2r-8b568c5a45a75d104376.json,474f6e2ee58b4766629af5e0ee704d385b573b982dfc8833460c49fa54880c16,2020-04-27T04:21:48Z,2020-04-28T04:21:58Z,13158,,,1:0x237d59bf98ec4f4f013bc35d66f22d2bc9504b3f,2358f70d449827551602e7c321fda4fd7d2f1b328be547b71f998b12f4d98e66,,,,,bbab4891e5b8b390c9250d9351aa257d6d014a0a467c8b4a1f3897f335136a93,a7fb2d3c8f25f8e928f42ea57d286d1f1cd3a981b5566aadf04ebfee359fcf43,985f905d62a586614f6b705eca096cbf8393f403f8c7deed827aaf387c4a171a,DERIVED_STRICT_SNAPSHOT,DERIVED_STRICT_SNAPSHOT,DERIVED_CONSENSUS_RUNTIME_CODE,UNRESOLVED:requires_loupe_or_historical_event_resolver,UNRESOLVED_NO_CUTOFF_SOURCE_VERIFICATION_EVIDENCE,DERIVED_EXACT_CHAIN_ADDRESS,DERIVED_METADATA_STRIPPED_BYTECODE_SHA256,UNRESOLVED_INDEPENDENT_ADJUDICATION_REQUIRED,UNRESOLVED_INDEPENDENT_ADJUDICATION_REQUIRED,UNRESOLVED_METHODS_OWNER_FREEZE_REQUIRED
hedgeyfinance,defihacklabs,ethereum,19687889,0xbc452fdc8f851d7c5b72e1fe74dfb63bb793d511,shanghai,ca2-4e64c62c912196653625,2024-04-19,HedgeyFinance,Logic Flaw,src/test/2024-04/HedgeyFinance_exp.sol,mainnet,https://github.com/SunWeb3Sec/DeFiHackLabs/blob/main/past/2024/README.md,frozen_public_source_hashed,db3b13fa1cbf75bffec4662240ebd762c5af6c92d2608b9aecde80a8d7802b08,da054823043fabcbaea1af2633f5fbfd808347c1eed7abc0810e4f2d10ddff04,"[""https://twitter.com/Cube3AI/status/1781294512716820918""]",[],48M USD,exact_contract_basename,True,True,,,2024-04-19,,,,blocked_missing_onchain_and_availability_evidence,"[""missing:deployment_block"", ""missing:prediction_cutoff_block"", ""missing:source_availability_time"", ""missing:runtime_bytecode_hash_at_cutoff"", ""missing:outcome_adjudication_id""]",retained,,cases/ca2-4e64c62c912196653625.json,4c80feea037934c7636a9e7f4adf48d2e831b7d708ee3e1a433433b60331c5d7,cases/ca2-4e64c62c912196653625.json,bfdc9e35c7fad63e21eb8a77a5caaf5e1b9482b9061eaa2c5f23afa56396cfef,,,,,,,,,,,,ca2-4e64c62c912196653625,cases/ca2-4e64c62c912196653625.json,bfdc9e35c7fad63e21eb8a77a5caaf5e1b9482b9061eaa2c5f23afa56396cfef,2023-11-22T16:04:11Z,2023-11-23T16:04:11Z,7555,,,1:0xbc452fdc8f851d7c5b72e1fe74dfb63bb793d511,7a9ab2e34717270ac389e2fd7e95f814d5ae5fceb7c70a5e33a6160e730ee1b6,,,,,f2563bd35e6876326cf1c3f6bde7e82b74f05248de076bd9112ded87eb51552a,c64b5fd12e95b9a0fa44ec240fb1274281ff4b24699cd445b30fc12ebc7122ff,704beddf8d5d018e3f2d506c9fd4081a7faee38cee20e5332716655afa4f8662,DERIVED_STRICT_SNAPSHOT,DERIVED_STRICT_SNAPSHOT,DERIVED_CONSENSUS_RUNTIME_CODE,UNRESOLVED:requires_loupe_or_historical_event_resolver,UNRESOLVED_NO_CUTOFF_SOURCE_VERIFICATION_EVIDENCE,DERIVED_EXACT_CHAIN_ADDRESS,DERIVED_METADATA_STRIPPED_BYTECODE_SHA256,UNRESOLVED_INDEPENDENT_ADJUDICATION_REQUIRED,UNRESOLVED_INDEPENDENT_ADJUDICATION_REQUIRED,UNRESOLVED_METHODS_OWNER_FREEZE_REQUIRED
ngfs,defihacklabs,bsc,38167372,0xa608985f5b40cdf6862bec775207f84280a91e3a,shanghai,ca2-b76182b1e2e51faa9428,2024-04-25,NGFS,Bad Access Control,src/test/2024-04/NGFS_exp.sol,bsc,https://github.com/SunWeb3Sec/DeFiHackLabs/blob/main/past/2024/README.md,frozen_public_source_hashed,db3b13fa1cbf75bffec4662240ebd762c5af6c92d2608b9aecde80a8d7802b08,cdc98e342b5f20196760b8f3f3fa386d8ace8de704cd4376f967a19581aea5ff,"[""https://twitter.com/CertiKAlert/status/1783476515331616847""]",[],~190K,exact_contract_basename,True,True,,,2024-04-25,,,,blocked_missing_onchain_and_availability_evidence,"[""missing:deployment_block"", ""missing:prediction_cutoff_block"", ""missing:source_availability_time"", ""missing:runtime_bytecode_hash_at_cutoff"", ""missing:outcome_adjudication_id""]",retained,,cases/ca2-b76182b1e2e51faa9428.json,596aa01faec9180dee9be1fd5de104173a9bf854e4e6f99f72d4e3fd19b189e0,cases/ca2-b76182b1e2e51faa9428.json,c397fad313a4ccea71683cef283954bd87915bfcd172e5035f1a37103e93e3e4,,,,,,,,,,,,ca2-b76182b1e2e51faa9428,cases/ca2-b76182b1e2e51faa9428.json,c397fad313a4ccea71683cef283954bd87915bfcd172e5035f1a37103e93e3e4,2024-04-23T09:45:54Z,2024-04-24T09:45:56Z,12120,,,56:0xa608985f5b40cdf6862bec775207f84280a91e3a,f31aaa5cd1af940ea3cdcdfc31120b0b8ed67bc1075bc6d79455f5021f8a6325,,,,,95489e97afc8b325de3cc8fa5a72b5d4fdc4aaa64640ff4600eea4e4e3d07933,95ad18a40c835b120b3e0bc7d5e52effa8f62049f4f5c233d55219bc6b938bb0,3168ec507e8c27f0f3ad9db72f338bc360f42c0e8fb58d327459effb5c2d8c3e,DERIVED_STRICT_SNAPSHOT,DERIVED_STRICT_SNAPSHOT,DERIVED_CONSENSUS_RUNTIME_CODE,UNRESOLVED:requires_loupe_or_historical_event_resolver,UNRESOLVED_NO_CUTOFF_SOURCE_VERIFICATION_EVIDENCE,DERIVED_EXACT_CHAIN_ADDRESS,DERIVED_METADATA_STRIPPED_BYTECODE_SHA256,UNRESOLVED_INDEPENDENT_ADJUDICATION_REQUIRED,UNRESOLVED_INDEPENDENT_ADJUDICATION_REQUIRED,UNRESOLVED_METHODS_OWNER_FREEZE_REQUIRED
satx,defihacklabs,bsc,37914433,0xfd80a436da2f4f4c42a5dbfa397064cfeb7d9508,shanghai,ca2-170efb900eb90211eaa2,2024-04-16,SATX,Logic Flaw,src/test/2024-04/SATX_exp.sol,bsc,https://github.com/SunWeb3Sec/DeFiHackLabs/blob/main/past/2024/README.md,frozen_public_source_hashed,db3b13fa1cbf75bffec4662240ebd762c5af6c92d2608b9aecde80a8d7802b08,175d3783beef60cdcf7797db25f9faa90f4ff8539e9df558f3bb259ec23aa21a,"[""https://x.com/bbbb/status/1780341239801393479""]",[],~ 50 BNB,exact_contract_basename,True,True,,,2024-04-16,,,,blocked_missing_onchain_and_availability_evidence,"[""missing:deployment_block"", ""missing:prediction_cutoff_block"", ""missing:source_availability_time"", ""missing:runtime_bytecode_hash_at_cutoff"", ""missing:outcome_adjudication_id""]",retained,,cases/ca2-170efb900eb90211eaa2.json,5f730eec9450976f4164b4f89ff6768ff7effac49237c1d8ec0757fce2f87340,cases/ca2-170efb900eb90211eaa2.json,ba76a6461941795bc7369d18336590f6945c283b5fb0347dcb6ef00cce6dd7f1,,,,,,,,,,,,ca2-170efb900eb90211eaa2,cases/ca2-170efb900eb90211eaa2.json,ba76a6461941795bc7369d18336590f6945c283b5fb0347dcb6ef00cce6dd7f1,2024-01-24T14:38:05Z,2024-01-25T14:38:06Z,9451,,,56:0xfd80a436da2f4f4c42a5dbfa397064cfeb7d9508,4dd430f7d548673f510bdbde365665877961c9191b3222163efcd430284a642b,,,,,29e23cd255e00253234d09d6fcda9a084403adc877ee10f165cffef49ccabdaf,85f519667e5ade1c418670c656b40ce94899644ff38e69b0bbbf863e96d81026,685faa9313395bb2fc69b17eecf6b772711cba5f02eeca5b134a40640887114b,DERIVED_STRICT_SNAPSHOT,DERIVED_STRICT_SNAPSHOT,DERIVED_CONSENSUS_RUNTIME_CODE,UNRESOLVED:requires_loupe_or_historical_event_resolver,UNRESOLVED_NO_CUTOFF_SOURCE_VERIFICATION_EVIDENCE,DERIVED_EXACT_CHAIN_ADDRESS,DERIVED_METADATA_STRIPPED_BYTECODE_SHA256,UNRESOLVED_INDEPENDENT_ADJUDICATION_REQUIRED,UNRESOLVED_INDEPENDENT_ADJUDICATION_REQUIRED,UNRESOLVED_METHODS_OWNER_FREEZE_REQUIRED
squid,defihacklabs,bsc,37672969,0xd309f0fd5c3b90ecfb7024ede7d329d9582492c5,shanghai,ca2-b7fe5ed86edfbd9edb3a,2024-04-08,SQUID,sandwich attack,src/test/2024-04/SQUID_exp.sol,bsc,https://github.com/SunWeb3Sec/DeFiHackLabs/blob/main/past/2024/README.md,frozen_public_source_hashed,db3b13fa1cbf75bffec4662240ebd762c5af6c92d2608b9aecde80a8d7802b08,9aeb0332c8dd2dcc094ae6b2e1d3d8e3ea2429456e4b640a45aea0a323a2fc94,"[""https://twitter.com/bbbb/status/1777228277415039304""]",[],$~87K USD,exact_contract_basename,True,True,,,2024-04-08,,,,blocked_missing_onchain_and_availability_evidence,"[""missing:deployment_block"", ""missing:prediction_cutoff_block"", ""missing:source_availability_time"", ""missing:runtime_bytecode_hash_at_cutoff"", ""missing:outcome_adjudication_id""]",retained,,cases/ca2-b7fe5ed86edfbd9edb3a.json,5bbdfd32ff574670d1b0bf0531835ea0114c6bfbe78b2e09297e5303bcac5113,cases/ca2-b7fe5ed86edfbd9edb3a.json,4238a22b740f0b6e09a3bfa71003c421762e67aa6570d9c69ab834378db87688,,,,,,,,,,,,ca2-b7fe5ed86edfbd9edb3a,cases/ca2-b7fe5ed86edfbd9edb3a.json,4238a22b740f0b6e09a3bfa71003c421762e67aa6570d9c69ab834378db87688,2024-03-10T10:33:06Z,2024-03-11T10:33:06Z,6965,,,56:0xd309f0fd5c3b90ecfb7024ede7d329d9582492c5,a279512e0068a4826947c4534c2c865f8043d9e84c66686a9591c46b5ec888a0,,,,,1b6cb01b981d5258f1d80bf328a0cad4478c1a21cbdb46f9f7147993faf1c088,9e75c18a5e201b7bd7db47fc288a8b440cd7e4bd976195ed488828f1ee6b2d4b,8e0cfb0db8390dcada8c343fcaa46a89e861f8eca009c22a3bc92dcce88e3cf8,DERIVED_STRICT_SNAPSHOT,DERIVED_STRICT_SNAPSHOT,DERIVED_CONSENSUS_RUNTIME_CODE,UNRESOLVED:requires_loupe_or_historical_event_resolver,UNRESOLVED_NO_CUTOFF_SOURCE_VERIFICATION_EVIDENCE,DERIVED_EXACT_CHAIN_ADDRESS,DERIVED_METADATA_STRIPPED_BYTECODE_SHA256,UNRESOLVED_INDEPENDENT_ADJUDICATION_REQUIRED,UNRESOLVED_INDEPENDENT_ADJUDICATION_REQUIRED,UNRESOLVED_METHODS_OWNER_FREEZE_REQUIRED
DEXRouter,defihacklabs-temporal-replacement-finalization,bsc,32161325,0x1f7cf218b46e613d1ba54cac11dc1b5368d94fb7,,ca2-f7368dc0ef887de15bf4,2023-09-29,DEXRouter,replacement_candidate,,bsc,,replacement_candidate_historical_snapshot_verified,5ab908f0cf524f36d155e21c21cada8e95504b0313f275afc860eb3b17f57885,3a8c73ce36a38c84dbd9219a7313da2945fb1f450dd3eed55d97bf25eb38aed0,[],"[""0xf77c5904da98d3d4a6e651d0846d35545ef5ca0b969132ae81a9c63e1efc2113""]",,frozen_chain_global_order_finalization,True,True,9179432,9208219,32161326,,2ad800233ad15684c39f64824824cb7174f1c7d24b83cb49349798cd09691c20,,replacement_candidate_selected,[],replacement,ca2-70b6e2354548bbf8e66c,cases/ca2-70b6e2354548bbf8e66c.json,7a236ca561c267a12c9b50c605ce0c086f3d537fb37ea121d86bb24551648781,,,cases/ca2r-78aa47e4d635df3fecbd.json,866f0a6c39a745dda3ac9c2d8e19c2da1345ea17f1ceba43941037bf9d070c16,historical_cases/ca2r-78aa47e4d635df3fecbd/ca2r-78aa47e4d635df3fecbd.json,5d0ea9d09c02fbf4d577b1a59280f85ec6c978bf32edb3447e04dd47a75c0dd0,17,first_eligible_unique_from_frozen_chain_global_order,5ab908f0cf524f36d155e21c21cada8e95504b0313f275afc860eb3b17f57885,1b5a1d9c3166c2b9d60fefc71f8e12d2c3d2f604b259d662e38310d39db6838b,32161325,0xf77c5904da98d3d4a6e651d0846d35545ef5ca0b969132ae81a9c63e1efc2113,ca2r-78aa47e4d635df3fecbd,ca2r-78aa47e4d635df3fecbd,historical_cases/ca2r-78aa47e4d635df3fecbd/ca2r-78aa47e4d635df3fecbd.json,5d0ea9d09c02fbf4d577b1a59280f85ec6c978bf32edb3447e04dd47a75c0dd0,2021-07-15T13:36:57Z,2021-07-16T13:36:58Z,20218,,,56:0x1f7cf218b46e613d1ba54cac11dc1b5368d94fb7,3cb78c74a317feefe49322945ed73343f353cf3c7bfa9788977d0523a42e0810,,,,,48ad2d5312ed9f6fdd72e85ebb695782651a1ceaddda708dd4196cd78a8d56c5,708ab44905d935d62b395dc31d8f0088be8e6ef623a66ee092025dcd2362998e,c6019aa3eea5ad733f7ec8d7992f72a82dc1763eeee11399c8e3b591592f8f62,DERIVED_STRICT_SNAPSHOT,DERIVED_STRICT_SNAPSHOT,DERIVED_CONSENSUS_RUNTIME_CODE,UNRESOLVED:requires_loupe_or_historical_event_resolver,UNRESOLVED_NO_CUTOFF_SOURCE_VERIFICATION_EVIDENCE,DERIVED_EXACT_CHAIN_ADDRESS,DERIVED_METADATA_STRIPPED_BYTECODE_SHA256,UNRESOLVED_INDEPENDENT_ADJUDICATION_REQUIRED,UNRESOLVED_INDEPENDENT_ADJUDICATION_REQUIRED,UNRESOLVED_METHODS_OWNER_FREEZE_REQUIRED
openleverage2,defihacklabs,bsc,37470328,0xf436f8fe7b26d87eb74e5446acec2e8ad4075e47,shanghai,ca2-35c4477f5ae385f13b96,2024-04-01,OpenLeverage,business logic flaw,src/test/2024-04/OpenLeverage2_exp.sol,bsc,https://github.com/SunWeb3Sec/DeFiHackLabs/blob/main/past/2024/README.md,frozen_public_source_hashed,db3b13fa1cbf75bffec4662240ebd762c5af6c92d2608b9aecde80a8d7802b08,8928afa376159d465de3d9059561b81929a7a6678a01ddfd9373bddab7bfc12a,[],[],~234K,exact_contract_basename,True,True,,,2024-04-01,,,,blocked_missing_onchain_and_availability_evidence,"[""missing:deployment_block"", ""missing:prediction_cutoff_block"", ""missing:source_availability_time"", ""missing:runtime_bytecode_hash_at_cutoff"", ""missing:outcome_adjudication_id""]",retained,,cases/ca2-35c4477f5ae385f13b96.json,586bc10d7c5dbd84045e181980456e8a2444ccb35154883fa4697677cbfe16fe,cases/ca2-35c4477f5ae385f13b96.json,ec6a594ef48448e86c70fe6e388cab237a0e654578b952b6fae03c6cfe60b5c9,,,,,,,,,,,,ca2-35c4477f5ae385f13b96,cases/ca2-35c4477f5ae385f13b96.json,ec6a594ef48448e86c70fe6e388cab237a0e654578b952b6fae03c6cfe60b5c9,2023-03-22T09:10:44Z,2023-03-23T09:10:44Z,2097,,,56:0xf436f8fe7b26d87eb74e5446acec2e8ad4075e47,a9c0941861056920e909b3ae803584e1688ee04edb4c8de75e6691b2e0967b2b,,,,,c3d49b801f9c94dc3eb19e2807e81dd6ad95647f30758f5862226853e275de11,a09e2732fd9253b7b9718423c8b25666e1368a9c9540f4a9160572c8322a0428,547eb803e7783b64922aa52a83e811e5057d76f04d223054094e36ddf00855bf,DERIVED_STRICT_SNAPSHOT,DERIVED_STRICT_SNAPSHOT,DERIVED_CONSENSUS_RUNTIME_CODE,UNRESOLVED:requires_loupe_or_historical_event_resolver,UNRESOLVED_NO_CUTOFF_SOURCE_VERIFICATION_EVIDENCE,DERIVED_EXACT_CHAIN_ADDRESS,DERIVED_METADATA_STRIPPED_BYTECODE_SHA256,UNRESOLVED_INDEPENDENT_ADJUDICATION_REQUIRED,UNRESOLVED_INDEPENDENT_ADJUDICATION_REQUIRED,UNRESOLVED_METHODS_OWNER_FREEZE_REQUIRED
wsm,defihacklabs,bsc,37569860,0xc0afd0e40bb3dcaebd9451aa5c319b745bf792b4,shanghai,ca2-72ea322ccc16e3e5cbe0,2024-04-04,wsm,manipulating price,src/test/2024-04/WSM_exp.sol,bsc,https://github.com/SunWeb3Sec/DeFiHackLabs/blob/main/past/2024/README.md,frozen_public_source_hashed,db3b13fa1cbf75bffec4662240ebd762c5af6c92d2608b9aecde80a8d7802b08,6ebf183070e1711164de4a9e5441d20d49ab6642ebfb907bbad78b3ab459f279,"[""https://hacked.slowmist.io/#:~:text=Hacked%20target%3A%20Wall%20Street%20Memes""]",[],$~18K USD,exact_contract_basename,True,True,,,2024-04-04,,,,blocked_missing_onchain_and_availability_evidence,"[""missing:deployment_block"", ""missing:prediction_cutoff_block"", ""missing:source_availability_time"", ""missing:runtime_bytecode_hash_at_cutoff"", ""missing:outcome_adjudication_id""]",retained,,cases/ca2-72ea322ccc16e3e5cbe0.json,a244d3991c947458ccb28a4a1e23b1c67b38fa10dcc2fd02932e6ffd90526854,cases/ca2-72ea322ccc16e3e5cbe0.json,aeebadeaa1d1054e0bd024bfbd2059429e1e887b3fe105af540650a79f6806a1,,,,,,,,,,,,ca2-72ea322ccc16e3e5cbe0,cases/ca2-72ea322ccc16e3e5cbe0.json,aeebadeaa1d1054e0bd024bfbd2059429e1e887b3fe105af540650a79f6806a1,2024-02-08T13:58:57Z,2024-02-09T13:58:58Z,22195,,,56:0xc0afd0e40bb3dcaebd9451aa5c319b745bf792b4,27fb672018685260cddb8eebefd98c1390c42a3ff2271e7a38c24b5304f1c98a,,,,,e615ff21b7a5509d97227c698ce1bef3b2099a92f461462ec2caae81dd88c6a4,d080df0ccf90278393ecdf066b8b87be3895eb79b8cab9ec72e2411cf3dc8b83,c734e9ced4ad5102a52e10e1f09bed421b4989e6c6d77d8cfbf780d265c4f1a9,DERIVED_STRICT_SNAPSHOT,DERIVED_STRICT_SNAPSHOT,DERIVED_CONSENSUS_RUNTIME_CODE,UNRESOLVED:requires_loupe_or_historical_event_resolver,UNRESOLVED_NO_CUTOFF_SOURCE_VERIFICATION_EVIDENCE,DERIVED_EXACT_CHAIN_ADDRESS,DERIVED_METADATA_STRIPPED_BYTECODE_SHA256,UNRESOLVED_INDEPENDENT_ADJUDICATION_REQUIRED,UNRESOLVED_INDEPENDENT_ADJUDICATION_REQUIRED,UNRESOLVED_METHODS_OWNER_FREEZE_REQUIRED
z123,defihacklabs,bsc,38077210,0xb000f121a173d7dd638bb080fee669a2f3af9760,shanghai,ca2-a5caf2554c14b71cf9ef,2024-04-22,Z123,price manipulation,src/test/2024-04/Z123_exp.sol,bsc,https://github.com/SunWeb3Sec/DeFiHackLabs/blob/main/past/2024/README.md,frozen_public_source_hashed,db3b13fa1cbf75bffec4662240ebd762c5af6c92d2608b9aecde80a8d7802b08,e6a272d372505fb0eb121b5577cad10ae7ee0fe1346ec4cc2ff01c9d29be86b5,"[""https://twitter.com/PeckShieldAlert/status/1782322484911784385""]",[],136k USD,exact_contract_basename,True,True,,,2024-04-22,,,,blocked_missing_onchain_and_availability_evidence,"[""missing:deployment_block"", ""missing:prediction_cutoff_block"", ""missing:source_availability_time"", ""missing:runtime_bytecode_hash_at_cutoff"", ""missing:outcome_adjudication_id""]",retained,,cases/ca2-a5caf2554c14b71cf9ef.json,4feaf98b5028db2d91cd2baa010e7d5f39092f0813f53e85e548b625c0d61dfb,cases/ca2-a5caf2554c14b71cf9ef.json,dd4814b1b9077b36a7665ddec75da0079b7951a0c5e70bbd5c9b24dceef5a2f7,,,,,,,,,,,,ca2-a5caf2554c14b71cf9ef,cases/ca2-a5caf2554c14b71cf9ef.json,dd4814b1b9077b36a7665ddec75da0079b7951a0c5e70bbd5c9b24dceef5a2f7,2023-09-18T06:09:30Z,2023-09-19T06:09:32Z,8163,,,56:0xb000f121a173d7dd638bb080fee669a2f3af9760,f394625ff33d4e1f285b78711104b428e744c06a30d4527eb62bc0c1a8f21dec,,,,,bc499a80b8b2d73b27cf007cb224a7b03812a2879cb3197843446274cdc0f44d,3cbd2a93c70728b029b8ebf56593422b319cef4bd88c1c525543edf90b3495b3,499398d67003fafb2453c73a1e6e04d36bcc483af70dea29c85b0f2cb2f3c9ac,DERIVED_STRICT_SNAPSHOT,DERIVED_STRICT_SNAPSHOT,DERIVED_CONSENSUS_RUNTIME_CODE,UNRESOLVED:requires_loupe_or_historical_event_resolver,UNRESOLVED_NO_CUTOFF_SOURCE_VERIFICATION_EVIDENCE,DERIVED_EXACT_CHAIN_ADDRESS,DERIVED_METADATA_STRIPPED_BYTECODE_SHA256,UNRESOLVED_INDEPENDENT_ADJUDICATION_REQUIRED,UNRESOLVED_INDEPENDENT_ADJUDICATION_REQUIRED,UNRESOLVED_METHODS_OWNER_FREEZE_REQUIRED
TSAggregatorGeneric,defihacklabs-temporal-replacement-finalization,bsc,51426887,0xb6fa6f1dcd686f4a573fd243a6fabb4ba36ba98c,,ca2-7d57548f67767829ee9a,2025-06-14,TSAggregatorGeneric,replacement_candidate,,bsc,,replacement_candidate_historical_snapshot_verified,891f39e758712507f7ecf6590f6f195232cbd296a759141227cdcd4c6228b1aa,6f154fe0c6d876621aa1d0f3b69728a6aef4dca872aaea496a14cedb6d039cf1,[],"[""0x077ea419bd5f0a20dc8f3da1281fbc96d6893201ebfd237742d01ae00a78e610""]",,frozen_chain_global_order_finalization,True,True,28812432,28841163,51426888,,14dc8a45de50c0f923ee17bcb89f6bbbfd61b00894046d75947e8d545ceaf824,,replacement_candidate_selected,[],replacement,ca2-5844befdcedaeb2de0d2,cases/ca2-5844befdcedaeb2de0d2.json,9f65bef2d46082a4968b1c50c56c2677ecde274ea38ef1ae0c7e08079456ec9b,,,cases/ca2r-9c92a7be5fd1d6be88ab.json,460df95768d297a3d55002ecaf271d9a17c09c1638aa130b700170d68a74cdd9,historical_cases/ca2r-9c92a7be5fd1d6be88ab/ca2r-9c92a7be5fd1d6be88ab.json,f2f13f04f252b5f4fefd9ac077cf5d1b5e41976f2589a8f7c0ab44dc20c6ad6e,13,first_eligible_unique_from_frozen_chain_global_order,891f39e758712507f7ecf6590f6f195232cbd296a759141227cdcd4c6228b1aa,d3b80fe4ed7198fc900616b269408c1d0485ef8f000f46d37adb75be862a4a9c,51426887,0x077ea419bd5f0a20dc8f3da1281fbc96d6893201ebfd237742d01ae00a78e610,ca2r-9c92a7be5fd1d6be88ab,ca2r-9c92a7be5fd1d6be88ab,historical_cases/ca2r-9c92a7be5fd1d6be88ab/ca2r-9c92a7be5fd1d6be88ab.json,f2f13f04f252b5f4fefd9ac077cf5d1b5e41976f2589a8f7c0ab44dc20c6ad6e,2023-06-04T17:07:57Z,2023-06-05T17:07:58Z,3583,,,56:0xb6fa6f1dcd686f4a573fd243a6fabb4ba36ba98c,918a3e8d76d4c602b94b3d31d2ac12ce2f5ccf8aa1d3280d220e171adda5fb66,,,,,0bbcdca621211de36fa0d3eef216cd82b148da5ad9ed3f02eb9dcd47e3ec533e,595fb06c47a782ca47b6ed954ee208ac5b2ec02465ef8a0ade47a10e58c4163c,174a9f231f21b1acea201d28c10b1ca0c6dd3a685280fac74a894e52564cbdff,DERIVED_STRICT_SNAPSHOT,DERIVED_STRICT_SNAPSHOT,DERIVED_CONSENSUS_RUNTIME_CODE,UNRESOLVED:requires_loupe_or_historical_event_resolver,UNRESOLVED_NO_CUTOFF_SOURCE_VERIFICATION_EVIDENCE,DERIVED_EXACT_CHAIN_ADDRESS,DERIVED_METADATA_STRIPPED_BYTECODE_SHA256,UNRESOLVED_INDEPENDENT_ADJUDICATION_REQUIRED,UNRESOLVED_INDEPENDENT_ADJUDICATION_REQUIRED,UNRESOLVED_METHODS_OWNER_FREEZE_REQUIRED
burner,defihacklabs,ethereum,19917290,0x4d4d05e1205e3a412ae1469c99e0d954113aa76f,shanghai,ca2-8521e5ce73f00a1df2b0,2024-05-22,Burner,sandwich ack,src/test/2024-05/Burner_exp.sol,mainnet,https://github.com/SunWeb3Sec/DeFiHackLabs/blob/main/past/2024/README.md,frozen_public_source_hashed,db3b13fa1cbf75bffec4662240ebd762c5af6c92d2608b9aecde80a8d7802b08,9dd327b708361039ad9eae2dc3d7fcf60cbf785ebdb2c4212f6a6a3c93a1493a,[],[],1.7 eth,exact_contract_basename,True,True,,,2024-05-22,,,,blocked_missing_onchain_and_availability_evidence,"[""missing:deployment_block"", ""missing:prediction_cutoff_block"", ""missing:source_availability_time"", ""missing:runtime_bytecode_hash_at_cutoff"", ""missing:outcome_adjudication_id""]",retained,,cases/ca2-8521e5ce73f00a1df2b0.json,ef16a5d5f0de9071b3b141d3a0ca5c6d63a6432ff41f65c5a7f697fa58d0a481,cases/ca2-8521e5ce73f00a1df2b0.json,9bebd64dd8a58110fbc1d782eb204bf4a7cbd3d817aea8de77be77245073b7f8,,,,,,,,,,,,ca2-8521e5ce73f00a1df2b0,cases/ca2-8521e5ce73f00a1df2b0.json,9bebd64dd8a58110fbc1d782eb204bf4a7cbd3d817aea8de77be77245073b7f8,2020-07-27T09:39:05Z,2020-07-28T09:39:06Z,4973,,,1:0x4d4d05e1205e3a412ae1469c99e0d954113aa76f,a0c2ef4ba4c9ee3da50c1e32f2eef50189188f44aa8ec5fc0fd9bd5d4a679f84,,,,,f468c7cb1b827e499a8f47ed43d1efba1245492831246fb1fba3fef90ea88528,3ee675ad3e6e38af39f931de70e07893622a976df06ee6c21b73705813528b60,4936612a37b9a4ecc7bc524574a73f6e0370a4c7696d3cf33989ced7029d623c,DERIVED_STRICT_SNAPSHOT,DERIVED_STRICT_SNAPSHOT,DERIVED_CONSENSUS_RUNTIME_CODE,UNRESOLVED:requires_loupe_or_historical_event_resolver,UNRESOLVED_NO_CUTOFF_SOURCE_VERIFICATION_EVIDENCE,DERIVED_EXACT_CHAIN_ADDRESS,DERIVED_METADATA_STRIPPED_BYTECODE_SHA256,UNRESOLVED_INDEPENDENT_ADJUDICATION_REQUIRED,UNRESOLVED_INDEPENDENT_ADJUDICATION_REQUIRED,UNRESOLVED_METHODS_OWNER_FREEZE_REQUIRED
excommunity,defihacklabs,bsc,39123756,0xdf4895cd8247284ae3a7b3e28cf6c03113fada5f,shanghai,ca2-3503e03a9a7fd4a87fe3,2024-05-28,EXcommunity,Business Logic Flaw,src/test/2024-05/EXcommunity_exp.sol,bsc,https://github.com/SunWeb3Sec/DeFiHackLabs/blob/main/past/2024/README.md,frozen_public_source_hashed,db3b13fa1cbf75bffec4662240ebd762c5af6c92d2608b9aecde80a8d7802b08,26d6230ac9333918e343cfd541228c24d7433528e51810166077f16609a20473,"[""https://x.com/SlowMist_Team/status/1795648617530995130""]",[],33BNB,exact_contract_basename,True,True,,,2024-05-28,,,,blocked_missing_onchain_and_availability_evidence,"[""missing:deployment_block"", ""missing:prediction_cutoff_block"", ""missing:source_availability_time"", ""missing:runtime_bytecode_hash_at_cutoff"", ""missing:outcome_adjudication_id""]",retained,,cases/ca2-3503e03a9a7fd4a87fe3.json,6b74d8b07b906bc261f276b328d962c4cc663c178ac24020fe896b863df84892,cases/ca2-3503e03a9a7fd4a87fe3.json,fe3390fea3184dfdda412b6e525202ba5ba21c1ad35c57a5426d5bd27ed7534b,,,,,,,,,,,,ca2-3503e03a9a7fd4a87fe3,cases/ca2-3503e03a9a7fd4a87fe3.json,fe3390fea3184dfdda412b6e525202ba5ba21c1ad35c57a5426d5bd27ed7534b,2024-05-15T08:19:02Z,2024-05-16T08:19:02Z,8502,,,56:0xdf4895cd8247284ae3a7b3e28cf6c03113fada5f,474e691f223fc1d095f4fb6e0f85f7240684006e6b76fabb97215943e351c4e7,,,,,ed7c46a03f0c53ab07b6d3298b02fedd54b66a3a0fa0dfbdc587699fbeb0efd9,99492fd88480fac055c54939f8705c1b6ce9ddb1136a60b10b140f6b478e94a7,e401c63f5e59450f55d21721b5a617a02a7428e4be29f6dcfd4defa0f66a9582,DERIVED_STRICT_SNAPSHOT,DERIVED_STRICT_SNAPSHOT,DERIVED_CONSENSUS_RUNTIME_CODE,UNRESOLVED:requires_loupe_or_historical_event_resolver,UNRESOLVED_NO_CUTOFF_SOURCE_VERIFICATION_EVIDENCE,DERIVED_EXACT_CHAIN_ADDRESS,DERIVED_METADATA_STRIPPED_BYTECODE_SHA256,UNRESOLVED_INDEPENDENT_ADJUDICATION_REQUIRED,UNRESOLVED_INDEPENDENT_ADJUDICATION_REQUIRED,UNRESOLVED_METHODS_OWNER_FREEZE_REQUIRED
sumermoney,defihacklabs,base,13076768,0x7b5969bb51fa3b002579d7ee41a454ac691716dc,shanghai,ca2-0583d91c7785bb31ad8f,2024-04-12,SumerMoney,Reentrancy,src/test/2024-04/SumerMoney_exp.sol,base,https://github.com/SunWeb3Sec/DeFiHackLabs/blob/main/past/2024/README.md,frozen_public_source_hashed,db3b13fa1cbf75bffec4662240ebd762c5af6c92d2608b9aecde80a8d7802b08,6cc89722848c536bcd753f43891230e7b3a988e74cdc7d55656ff1fc0078e409,[],[],350K,exact_contract_basename,True,True,,,2024-04-12,,,,blocked_missing_onchain_and_availability_evidence,"[""missing:deployment_block"", ""missing:prediction_cutoff_block"", ""missing:source_availability_time"", ""missing:runtime_bytecode_hash_at_cutoff"", ""missing:outcome_adjudication_id""]",retained,,cases/ca2-0583d91c7785bb31ad8f.json,0352299a1e98ef66784416deac34c342828437daaaa123c6786b0af74885af60,cases/ca2-0583d91c7785bb31ad8f.json,df8eed1dd4bd5fbe69772d7d2bb0b11ece7343aca052bba27f78d3715fa075f3,,,,,,,,,,,,ca2-0583d91c7785bb31ad8f,cases/ca2-0583d91c7785bb31ad8f.json,df8eed1dd4bd5fbe69772d7d2bb0b11ece7343aca052bba27f78d3715fa075f3,2024-01-08T22:03:11Z,2024-01-09T22:03:11Z,2048,EIP1967_PROXY,,8453:0x7b5969bb51fa3b002579d7ee41a454ac691716dc,9633721a880b82802a478507ca988ca5b9e52aa2fd794be9a19d21f490a4b4a4,eip1967:0x574027c70abd7b25953b2cd060ed7827fd2c7b03,,,,944753142891046349f4bd0529160edd43a9f0a487d1612594769aa2647a81cd,d07326bd7b24708b4d7c601ab86863c214e78b6bd9a55ffb3e5879bf41505da1,ba091a52b693a89e6e308c4b1a068e9d9fc99c923dbd821a57af1040e2228d12,DERIVED_STRICT_SNAPSHOT,DERIVED_STRICT_SNAPSHOT,DERIVED_CONSENSUS_RUNTIME_CODE,VERIFIED_STANDARD_PROXY,UNRESOLVED_NO_CUTOFF_SOURCE_VERIFICATION_EVIDENCE,DERIVED_EXACT_CHAIN_ADDRESS,DERIVED_METADATA_STRIPPED_BYTECODE_SHA256,UNRESOLVED_INDEPENDENT_ADJUDICATION_REQUIRED,UNRESOLVED_INDEPENDENT_ADJUDICATION_REQUIRED,UNRESOLVED_METHODS_OWNER_FREEZE_REQUIRED
metadragon,defihacklabs,bsc,39141426,0xef1f39d8391cddcaee62b8b383cb992f46a6ce4f,shanghai,ca2-9896be8cb2fd2c2b336c,2024-05-29,MetaDragon,Lack of Access Control,src/test/2024-05/MetaDragon_exp.sol,bsc,https://github.com/SunWeb3Sec/DeFiHackLabs/blob/main/past/2024/README.md,frozen_public_source_hashed,db3b13fa1cbf75bffec4662240ebd762c5af6c92d2608b9aecde80a8d7802b08,1e9b3302b8ae889be71e7956627b95c3c1ab4311ce3571bab3ad4d931b13ebd2,"[""https://x.com/Phalcon_xyz/status/1795746828064854497""]",[],~ $180k,exact_contract_basename,True,True,,,2024-05-29,,,,blocked_missing_onchain_and_availability_evidence,"[""missing:deployment_block"", ""missing:prediction_cutoff_block"", ""missing:source_availability_time"", ""missing:runtime_bytecode_hash_at_cutoff"", ""missing:outcome_adjudication_id""]",retained,,cases/ca2-9896be8cb2fd2c2b336c.json,c0e8ab28f6eaf9c569f78faaf3bc41d658b1c0f99c072374dba46a2f6b884e45,cases/ca2-9896be8cb2fd2c2b336c.json,7ef328c6457e40636985483a499e69d27969292088b5bde084b104261f75e044,,,,,,,,,,,,ca2-9896be8cb2fd2c2b336c,cases/ca2-9896be8cb2fd2c2b336c.json,7ef328c6457e40636985483a499e69d27969292088b5bde084b104261f75e044,2024-05-03T06:22:10Z,2024-05-04T06:22:10Z,8715,,,56:0xef1f39d8391cddcaee62b8b383cb992f46a6ce4f,3ed1c08e5e8e9ff51dadca886dafc5640ceb37ce7e082058136ccac1e4b3dbbe,,,,,9df36fe6400eb360f089b37fa932a2c3f7208a46612067041160dfdfe425564d,741694b5555eabf36280bc82de224346612716268ac04c71770f0f596ea6438f,81dfc56bd538dfd60f81d5b11a5915b94e99483581565d4cb74ba806550542db,DERIVED_STRICT_SNAPSHOT,DERIVED_STRICT_SNAPSHOT,DERIVED_CONSENSUS_RUNTIME_CODE,UNRESOLVED:requires_loupe_or_historical_event_resolver,UNRESOLVED_NO_CUTOFF_SOURCE_VERIFICATION_EVIDENCE,DERIVED_EXACT_CHAIN_ADDRESS,DERIVED_METADATA_STRIPPED_BYTECODE_SHA256,UNRESOLVED_INDEPENDENT_ADJUDICATION_REQUIRED,UNRESOLVED_INDEPENDENT_ADJUDICATION_REQUIRED,UNRESOLVED_METHODS_OWNER_FREEZE_REQUIRED
ATMBlindBox,defihacklabs-temporal-replacement-finalization,bsc,87517071,0x1f8336aef584795e282fece8de356babd7734c59,,ca2-6330139e9160d6464fd9,2026-03-19,ATMBlindBox,replacement_candidate,,bsc,,replacement_candidate_historical_snapshot_verified,8e77729a00d8c3e151b419c26eb4e8240e2df5b5d87ae861c60a4b1175f6f269,1e7dae9bfcc87b96d16137146aced6e6b81830b2e6e10f97a4b6d7b92fce0879,[],"[""0xb74a572967ce997afa5920811e6a9dc8b82a6e41ee31fa4d1a24a85aec89e342""]",,frozen_chain_global_order_finalization,True,True,87295347,87487254,87517892,,0ee03d1342eceb7d280794e8bd249776b144e76f54560bed824a1b36c629abfd,,replacement_candidate_selected,[],replacement,ca2-197017d8b5918b4ce2c0,cases/ca2-197017d8b5918b4ce2c0.json,fafd16f54b98e719b3a52c7fb99d3b5621f5ecef6c1908ef57f23e60e6937c6b,,,cases/ca2r-e22bc2bae94b6b863002.json,e0f279a89a2950f49f6d405a8a32b03b2d9b3755f6d66a0e69d95b6ae361f605,historical_cases/ca2r-e22bc2bae94b6b863002/ca2r-e22bc2bae94b6b863002.json,1b13d55bf68cf2d937a709004ea328cc9724ab3ba7724a2a5b208f9d1d25564d,6,first_eligible_unique_from_frozen_chain_global_order,8e77729a00d8c3e151b419c26eb4e8240e2df5b5d87ae861c60a4b1175f6f269,a18c0040510cddc88d59e602bac53bbcafbe5dfbc978cff0134cb513de79fc53,87517071,0xb74a572967ce997afa5920811e6a9dc8b82a6e41ee31fa4d1a24a85aec89e342,ca2r-e22bc2bae94b6b863002,ca2r-e22bc2bae94b6b863002,historical_cases/ca2r-e22bc2bae94b6b863002/ca2r-e22bc2bae94b6b863002.json,1b13d55bf68cf2d937a709004ea328cc9724ab3ba7724a2a5b208f9d1d25564d,2026-03-18T10:56:43Z,2026-03-19T10:56:43Z,2758,,,56:0x1f8336aef584795e282fece8de356babd7734c59,8af7cbf877ec39c991e0abad028862f2aa9ee0939c8db35d5c53b7cc457695c3,,,,,d8d5967d5608e5c8e2a53aab265ac0ec1e9d64f4efa7b4e72d542c0f9e339009,63abcb0c985695d5a638a054ba7ca091cf7ceff07447aea35f0a2b8f477f0931,b396a5b33fd0656d783105fd9abf335e888ef39650b0ff9d67c8d8a9f34f6342,DERIVED_STRICT_SNAPSHOT,DERIVED_STRICT_SNAPSHOT,DERIVED_CONSENSUS_RUNTIME_CODE,UNRESOLVED:requires_loupe_or_historical_event_resolver,UNRESOLVED_NO_CUTOFF_SOURCE_VERIFICATION_EVIDENCE,DERIVED_EXACT_CHAIN_ADDRESS,DERIVED_METADATA_STRIPPED_BYTECODE_SHA256,UNRESOLVED_INDEPENDENT_ADJUDICATION_REQUIRED,UNRESOLVED_INDEPENDENT_ADJUDICATION_REQUIRED,UNRESOLVED_METHODS_OWNER_FREEZE_REQUIRED
liquiditytokens,defihacklabs,bsc,39198657,0x028c911c10c9e346158206991e02d09bd0a8a35b,shanghai,ca2-33876c68131f30cf0f4a,2024-05-31,Liquiditytokens,Business Logic Flaw,src/test/2024-05/Liquiditytokens_exp.sol,bsc,https://github.com/SunWeb3Sec/DeFiHackLabs/blob/main/past/2024/README.md,frozen_public_source_hashed,db3b13fa1cbf75bffec4662240ebd762c5af6c92d2608b9aecde80a8d7802b08,a4cea0dac6a525cc4a4cce0b03ddd11e80fcb5432ec49be30d50c2300f1584ae,"[""https://x.com/EXVULSEC/status/1796499069583724638""]",[],~200K USD,exact_contract_basename,True,True,,,2024-05-31,,,,blocked_missing_onchain_and_availability_evidence,"[""missing:deployment_block"", ""missing:prediction_cutoff_block"", ""missing:source_availability_time"", ""missing:runtime_bytecode_hash_at_cutoff"", ""missing:outcome_adjudication_id""]",retained,,cases/ca2-33876c68131f30cf0f4a.json,18b113e734f1711e45fbde0e4095b197dd1994a66cda84263d7c9535ed8e3e43,cases/ca2-33876c68131f30cf0f4a.json,86f450df67e1cd0ff410ce763c4747fd0606b988615f54518eac0aba4d740655,,,,,,,,,,,,ca2-33876c68131f30cf0f4a,cases/ca2-33876c68131f30cf0f4a.json,86f450df67e1cd0ff410ce763c4747fd0606b988615f54518eac0aba4d740655,2023-03-24T17:38:36Z,2023-03-25T17:38:38Z,3948,,,56:0x028c911c10c9e346158206991e02d09bd0a8a35b,a67ad085b3bcb435c19c9f39d9ec5e1fb0c2145ed22cb26bead86e93940bb4f8,,,,,9216647b2ef84761276d16b9493f9d51614cbcb9c37540ea261b47258f373ace,69aa5d0fdd793799084e05a5221b1d341e385cc93c982140d62d462287028721,c2f5d7c3dbf1aee0b626afe61cdc24f351b2e5e993a152e052b2db7229d30f30,DERIVED_STRICT_SNAPSHOT,DERIVED_STRICT_SNAPSHOT,DERIVED_CONSENSUS_RUNTIME_CODE,UNRESOLVED:requires_loupe_or_historical_event_resolver,UNRESOLVED_NO_CUTOFF_SOURCE_VERIFICATION_EVIDENCE,DERIVED_EXACT_CHAIN_ADDRESS,DERIVED_METADATA_STRIPPED_BYTECODE_SHA256,UNRESOLVED_INDEPENDENT_ADJUDICATION_REQUIRED,UNRESOLVED_INDEPENDENT_ADJUDICATION_REQUIRED,UNRESOLVED_METHODS_OWNER_FREEZE_REQUIRED
SlurpyCoin,defihacklabs-temporal-replacement-finalization,bsc,44990635,0x72c114a1a4abc65be2be3e356eede296dbb8ba4c,,ca2-a2f6f3e29675d1bc32f6,2024-12-18,SlurpyCoin,replacement_candidate,,bsc,,replacement_candidate_historical_snapshot_verified,c9a528c2977ab011daf56aef16ec86251587ad593d2e773ac8445891d069ee51,9f38d5ba169d7d031af398c42962cda502f12fc0371d54eac7a9a5cc0cbd36b0,[],"[""0x6c729ee778332244de099ba0cb68808fcd7be4a667303fcdf2f54dd4b3d29051""]",,frozen_chain_global_order_finalization,True,True,8591829,8620554,44990635,,389951f4cbde2312a9348e9b8a8224ab29c9a4c9312f665b5e212c8f5b2b35c8,,replacement_candidate_selected,[],replacement,ca2-645b4941b3f47a925ccb,cases/ca2-645b4941b3f47a925ccb.json,69a97960c8b88f51f705f19de14cd2ccc885097d8e0aa9d64611ecfabbcf4ae8,,,cases/ca2r-b974d5d0842cce12a330.json,fa07c4fe1c5b76c6341e896bc27cf05f781e970f3f72c08ac701e9daeb986ec8,historical_cases/ca2r-b974d5d0842cce12a330/ca2r-b974d5d0842cce12a330.json,361ea3b66e0eaf795e56688aaef7298622619c03922de75e178621612f988d5b,15,first_eligible_unique_from_frozen_chain_global_order,c9a528c2977ab011daf56aef16ec86251587ad593d2e773ac8445891d069ee51,db3b13fa1cbf75bffec4662240ebd762c5af6c92d2608b9aecde80a8d7802b08,44990635,0x6c729ee778332244de099ba0cb68808fcd7be4a667303fcdf2f54dd4b3d29051,ca2r-b974d5d0842cce12a330,ca2r-b974d5d0842cce12a330,historical_cases/ca2r-b974d5d0842cce12a330/ca2r-b974d5d0842cce12a330.json,361ea3b66e0eaf795e56688aaef7298622619c03922de75e178621612f988d5b,2021-06-25T01:52:38Z,2021-06-26T01:52:39Z,11412,,,56:0x72c114a1a4abc65be2be3e356eede296dbb8ba4c,b73f41a7cc568691dfcaf245a5d1364492bc439223d4b4c386d16c0cdb9755c9,,,,,a1e9edee762eb0ca2d022aaef1026eecad1ee04fdef33204ace3d73b27d55909,2e83340e7159e1477e1f8793f3b0272f45667b1a0968edad556d23f224ba8add,b0851c282eb784759b4148bd985efccf37eff0438763d228d7017e5e3fe693c4,DERIVED_STRICT_SNAPSHOT,DERIVED_STRICT_SNAPSHOT,DERIVED_CONSENSUS_RUNTIME_CODE,UNRESOLVED:requires_loupe_or_historical_event_resolver,UNRESOLVED_NO_CUTOFF_SOURCE_VERIFICATION_EVIDENCE,DERIVED_EXACT_CHAIN_ADDRESS,DERIVED_METADATA_STRIPPED_BYTECODE_SHA256,UNRESOLVED_INDEPENDENT_ADJUDICATION_REQUIRED,UNRESOLVED_INDEPENDENT_ADJUDICATION_REQUIRED,UNRESOLVED_METHODS_OWNER_FREEZE_REQUIRED
normie,defihacklabs,base,14952782,0x7f12d13b34f5f4f0a9449c16bcd42f0da47af200,shanghai,ca2-470ed35ca97a31cab7dd,2024-05-26,NORMIE,Business Logic Flaw,src/test/2024-05/NORMIE_exp.sol,base,https://github.com/SunWeb3Sec/DeFiHackLabs/blob/main/past/2024/README.md,frozen_public_source_hashed,db3b13fa1cbf75bffec4662240ebd762c5af6c92d2608b9aecde80a8d7802b08,1668476350face84c4047a54866f1d20196edb0343f825c46251fd24fff24262,"[""https://x.com/lookonchain/status/1794680612399542672""]",[],$490K,exact_contract_basename,True,True,,,2024-05-26,,,,blocked_missing_onchain_and_availability_evidence,"[""missing:deployment_block"", ""missing:prediction_cutoff_block"", ""missing:source_availability_time"", ""missing:runtime_bytecode_hash_at_cutoff"", ""missing:outcome_adjudication_id""]",retained,,cases/ca2-470ed35ca97a31cab7dd.json,1374523e94fb6666eaf16674a7a56aaef76fcd63db678e9a360e6e13588e274c,cases/ca2-470ed35ca97a31cab7dd.json,5f37156719a943706e0e275ccec2cc7802fd3e5bc55c82a17c1bd5f4fbf4dd7a,,,,,,,,,,,,ca2-470ed35ca97a31cab7dd,cases/ca2-470ed35ca97a31cab7dd.json,5f37156719a943706e0e275ccec2cc7802fd3e5bc55c82a17c1bd5f4fbf4dd7a,2024-03-06T22:10:17Z,2024-03-07T22:10:17Z,9505,,,8453:0x7f12d13b34f5f4f0a9449c16bcd42f0da47af200,86d17aaebc43c2481c6650147b6a9d384e5558fb56120dbc67e559ab8477ac86,,,,,df7c7696ee6fd066c421a01da6563bb4ae1c7f3c40c9be5690f7dddc04f34ad8,4f3268982a105dc7c1efe852a177da950cebc9b77b031d109fd846e1b5bf2dba,b2677d0ea5179ed9fd5d5bc8a9752da49deef31f40b891c6dc4759b58ce884af,DERIVED_STRICT_SNAPSHOT,DERIVED_STRICT_SNAPSHOT,DERIVED_CONSENSUS_RUNTIME_CODE,UNRESOLVED:requires_loupe_or_historical_event_resolver,UNRESOLVED_NO_CUTOFF_SOURCE_VERIFICATION_EVIDENCE,DERIVED_EXACT_CHAIN_ADDRESS,DERIVED_METADATA_STRIPPED_BYTECODE_SHA256,UNRESOLVED_INDEPENDENT_ADJUDICATION_REQUIRED,UNRESOLVED_INDEPENDENT_ADJUDICATION_REQUIRED,UNRESOLVED_METHODS_OWNER_FREEZE_REQUIRED
osn,defihacklabs,bsc,38474365,0x810f4c6ae97bcc66da5ae6383cc31bd3670f6d13,shanghai,ca2-351de4f0c9d0919d5212,2024-05-06,OSN,Reward Distribution Problem,src/test/2024-05/OSN_exp.sol,bsc,https://github.com/SunWeb3Sec/DeFiHackLabs/blob/main/past/2024/README.md,frozen_public_source_hashed,db3b13fa1cbf75bffec4662240ebd762c5af6c92d2608b9aecde80a8d7802b08,878a5450867bc251fd18574d2e3f1a024904b760638fb6c3d600f58ca029b29e,"[""https://twitter.com/SlowMist_Team/status/1787330586857861564""]",[],~109K USD,exact_contract_basename,True,True,,,2024-05-06,,,,blocked_missing_onchain_and_availability_evidence,"[""missing:deployment_block"", ""missing:prediction_cutoff_block"", ""missing:source_availability_time"", ""missing:runtime_bytecode_hash_at_cutoff"", ""missing:outcome_adjudication_id""]",retained,,cases/ca2-351de4f0c9d0919d5212.json,73c9d12a023b4155aa464ea79fc60bebdae5376f78b2975731566a1075f94548,cases/ca2-351de4f0c9d0919d5212.json,a4d28253cf018bd0092121f8aeda97547d49a395cc033e95a7b7c82c499924b8,,,,,,,,,,,,ca2-351de4f0c9d0919d5212,cases/ca2-351de4f0c9d0919d5212.json,a4d28253cf018bd0092121f8aeda97547d49a395cc033e95a7b7c82c499924b8,2024-04-15T06:43:46Z,2024-04-16T06:43:46Z,11861,,,56:0x810f4c6ae97bcc66da5ae6383cc31bd3670f6d13,41c50ff2a3c1c5da796c57840ed2c5697953fe223fb048069fd50dcb95cc1ed2,,,,,41cd41b5806ddac36652de0c8b3b0edb99d8bacb4c66877cdd0a57fa0bf295c1,5d5f5d9a11e4c21bec9bc6a4f14afe9bb7f6bb7ebff70f3d83b7612aaf6eeac0,4a289fd241b1a2184a85a4cc66e5f7e77bda225d6d8b3d2075b458bb0f09a223,DERIVED_STRICT_SNAPSHOT,DERIVED_STRICT_SNAPSHOT,DERIVED_CONSENSUS_RUNTIME_CODE,UNRESOLVED:requires_loupe_or_historical_event_resolver,UNRESOLVED_NO_CUTOFF_SOURCE_VERIFICATION_EVIDENCE,DERIVED_EXACT_CHAIN_ADDRESS,DERIVED_METADATA_STRIPPED_BYTECODE_SHA256,UNRESOLVED_INDEPENDENT_ADJUDICATION_REQUIRED,UNRESOLVED_INDEPENDENT_ADJUDICATION_REQUIRED,UNRESOLVED_METHODS_OWNER_FREEZE_REQUIRED
BaseBebopSettlement,defihacklabs-temporal-replacement-finalization,base,34100255,0xbeb0b0623f66be8ce162ebdfa2ec543a522f4ea6,,ca2-5e2c8b988ed2dd09b840,2025-08-12,BaseBebopSettlement,replacement_candidate,,base,,replacement_candidate_historical_snapshot_verified,1984f28b3064a50ef433f777791bb794c39415d67e4468f943e4ed88062d3e5e,574d8a5c10e3be7b15c654d42207a9b176ff80e10ab80511561ac29cc0636dd0,[],"[""0x9099383a0731fcd40550f6443c935f579085251d34b7c7285603f68b7c12f678""]",,frozen_chain_global_order_finalization,True,True,23918822,23962022,34100256,,a2c7be5685f8de086905746b76692601d8590d6b88afa8e2c402e07a3fceb8a2,,replacement_candidate_selected,[],replacement,ca2-8fc93c5fa8fffa0c5fa4,cases/ca2-8fc93c5fa8fffa0c5fa4.json,cb762bab9c99dad419615a49340d6cf3da3d0de153837127e77dc6dbcdca480c,,,cases/ca2r-d88870d32e6a33a7cd53.json,b7222f7b4c5646c1f15c5e2769a543f6baec92749c587ed5e095f781e15751a4,historical_cases/ca2r-d88870d32e6a33a7cd53/ca2r-d88870d32e6a33a7cd53.json,0a317212b1b36021957c0b3220bf621b68b44535ae98fb65e1d1f3b44dda7ab8,2,first_eligible_unique_from_frozen_chain_global_order,1984f28b3064a50ef433f777791bb794c39415d67e4468f943e4ed88062d3e5e,d3b80fe4ed7198fc900616b269408c1d0485ef8f000f46d37adb75be862a4a9c,34100255,0x9099383a0731fcd40550f6443c935f579085251d34b7c7285603f68b7c12f678,ca2r-d88870d32e6a33a7cd53,ca2r-d88870d32e6a33a7cd53,historical_cases/ca2r-d88870d32e6a33a7cd53/ca2r-d88870d32e6a33a7cd53.json,0a317212b1b36021957c0b3220bf621b68b44535ae98fb65e1d1f3b44dda7ab8,2024-12-19T16:49:51Z,2024-12-20T16:49:51Z,24433,,,8453:0xbeb0b0623f66be8ce162ebdfa2ec543a522f4ea6,04d47b48b571e32f155aebc4505fc8b58a64d5cd46f57cc170cd2772bf9d1978,,,,,c70e1d9ef20130fc5eba1ec028347a70f6b160976d0bb9066b68862c6b657805,caea9e0d36dfd8015610a47b0739674a273dd5ef2b0a04e34884202892c5f251,e743ff28f2e88750ff912a38b0587157d1d21bafe54bd5b8f5a9d85f46d418ac,DERIVED_STRICT_SNAPSHOT,DERIVED_STRICT_SNAPSHOT,DERIVED_CONSENSUS_RUNTIME_CODE,UNRESOLVED:requires_loupe_or_historical_event_resolver,UNRESOLVED_NO_CUTOFF_SOURCE_VERIFICATION_EVIDENCE,DERIVED_EXACT_CHAIN_ADDRESS,DERIVED_METADATA_STRIPPED_BYTECODE_SHA256,UNRESOLVED_INDEPENDENT_ADJUDICATION_REQUIRED,UNRESOLVED_INDEPENDENT_ADJUDICATION_REQUIRED,UNRESOLVED_METHODS_OWNER_FREEZE_REQUIRED
LeverageSIR,defihacklabs-temporal-replacement-finalization,ethereum,22157900,0xb91ae2c8365fd45030aba84a4666c4db074e53e7,,ca2-c18bc2a1d0fa9e55db58,2025-03-30,LeverageSIR,replacement_candidate,,ethereum,,replacement_candidate_historical_snapshot_verified,b6a86d04c18800cdb49c39670bba9851281ca9c99ee4f7de6d9982ed9cd11860,f697a6cd93e8c24448ce3576ddf9004205fcfbcd8f61440f9eb903f3a40c0d6d,[],"[""0xa05f047ddfdad9126624c4496b5d4a59f961ee7c091e7b4e38cee86f1335736f""]",,frozen_chain_global_order_finalization,True,True,21888482,21895632,22157900,,a648e0a2c951675aa934fe7b1c7f6d79e16d260091689a8fbb3cd686c0e3fb9f,,replacement_candidate_selected,[],replacement,ca2-1d880dd41ec2f04c67b7,cases/ca2-1d880dd41ec2f04c67b7.json,e568c296470b542ce40727e16380632645938ebe319dfa3e820e295f5a385bd2,,,cases/ca2r-ba5125556e042805b88d.json,a6a9d4e551f2ff803c2841348869be448e70eedfb6d7ecd91ed94fc822235974,historical_cases/ca2r-ba5125556e042805b88d/ca2r-ba5125556e042805b88d.json,8d247daf14e012af4b221dd411a112f86759458f66e5a96f64a00d1225ee8ab8,2,first_eligible_unique_from_frozen_chain_global_order,b6a86d04c18800cdb49c39670bba9851281ca9c99ee4f7de6d9982ed9cd11860,d3b80fe4ed7198fc900616b269408c1d0485ef8f000f46d37adb75be862a4a9c,22157900,0xa05f047ddfdad9126624c4496b5d4a59f961ee7c091e7b4e38cee86f1335736f,ca2r-ba5125556e042805b88d,ca2r-ba5125556e042805b88d,historical_cases/ca2r-ba5125556e042805b88d/ca2r-ba5125556e042805b88d.json,8d247daf14e012af4b221dd411a112f86759458f66e5a96f64a00d1225ee8ab8,2025-02-20T15:32:59Z,2025-02-21T15:32:59Z,23475,,,1:0xb91ae2c8365fd45030aba84a4666c4db074e53e7,cdd49111fc3990de4e1dce8b0309e131e91286b6383e5e4c7d44f1861ac84f79,,,,,0f542ebcf037052e08eb65cf03fe5dd93333c897336477a9fdecd74d4dc3cfd0,c39db555285b4bc447dc1716f48bdd77ba1a8b6eee8e0c71c57acd07f310deea,1a2924abdd31335f7cb43accedc0e98aef0646b22d6f6b194281fce48fa22772,DERIVED_STRICT_SNAPSHOT,DERIVED_STRICT_SNAPSHOT,DERIVED_CONSENSUS_RUNTIME_CODE,UNRESOLVED:requires_loupe_or_historical_event_resolver,UNRESOLVED_NO_CUTOFF_SOURCE_VERIFICATION_EVIDENCE,DERIVED_EXACT_CHAIN_ADDRESS,DERIVED_METADATA_STRIPPED_BYTECODE_SHA256,UNRESOLVED_INDEPENDENT_ADJUDICATION_REQUIRED,UNRESOLVED_INDEPENDENT_ADJUDICATION_REQUIRED,UNRESOLVED_METHODS_OWNER_FREEZE_REQUIRED
crb2,defihacklabs,bsc,39651175,0xee6de822159765daf0fd72d71529d7ab026ec2f2,shanghai,ca2-9a214e9ce45a57c562e3,2024-06-16,Crb2,business logic flaw,src/test/2024-06/Crb2_exp.sol,bsc,https://github.com/SunWeb3Sec/DeFiHackLabs/blob/main/past/2024/README.md,frozen_public_source_hashed,db3b13fa1cbf75bffec4662240ebd762c5af6c92d2608b9aecde80a8d7802b08,d4776b2c0dd3e41c587fb086e813a82db68119563fed2cb7d67be2fad17ea62b,[],[],~15K,exact_contract_basename,True,True,,,2024-06-16,,,,blocked_missing_onchain_and_availability_evidence,"[""missing:deployment_block"", ""missing:prediction_cutoff_block"", ""missing:source_availability_time"", ""missing:runtime_bytecode_hash_at_cutoff"", ""missing:outcome_adjudication_id""]",retained,,cases/ca2-9a214e9ce45a57c562e3.json,cf7f098d2782ce95fa97d5ff62a620d89e2efe6087042a22b95fb358f1f2c638,cases/ca2-9a214e9ce45a57c562e3.json,6d7e8009d1ad523cd2aeae0b523e8650fea4aaa2c26c45970ca191d182977706,,,,,,,,,,,,ca2-9a214e9ce45a57c562e3,cases/ca2-9a214e9ce45a57c562e3.json,6d7e8009d1ad523cd2aeae0b523e8650fea4aaa2c26c45970ca191d182977706,2024-04-11T09:15:16Z,2024-04-12T09:15:16Z,17422,,,56:0xee6de822159765daf0fd72d71529d7ab026ec2f2,ca7817e4e76f5e48e6d9c7a296dd1a1c1c328e927b5a2a02042b10ccee41416e,,,,,73853219ffcbf5f884072282bd4f8f56ef2db46f637d7865ed421ad768871101,e61e322b70e89633b5f99cfc7ff2b9b5bfd8ce915a6de19d3dbb0794108b2207,c46b729adf8f35b3acb2228dd814cf0f5c351b65f7e5b29a44d54991b43a6d2d,DERIVED_STRICT_SNAPSHOT,DERIVED_STRICT_SNAPSHOT,DERIVED_CONSENSUS_RUNTIME_CODE,UNRESOLVED:requires_loupe_or_historical_event_resolver,UNRESOLVED_NO_CUTOFF_SOURCE_VERIFICATION_EVIDENCE,DERIVED_EXACT_CHAIN_ADDRESS,DERIVED_METADATA_STRIPPED_BYTECODE_SHA256,UNRESOLVED_INDEPENDENT_ADJUDICATION_REQUIRED,UNRESOLVED_INDEPENDENT_ADJUDICATION_REQUIRED,UNRESOLVED_METHODS_OWNER_FREEZE_REQUIRED
incufi,defihacklabs,bsc,39729927,0x80df77b2ae5828ff499a735ee823d6cd7cf95f5a,shanghai,ca2-42413804b9b826875275,2024-06-18,INcufi,business logic flaw,src/test/2024-06/INcufi_exp.sol,bsc,https://github.com/SunWeb3Sec/DeFiHackLabs/blob/main/past/2024/README.md,frozen_public_source_hashed,db3b13fa1cbf75bffec4662240ebd762c5af6c92d2608b9aecde80a8d7802b08,6250ecba3d8bd005ba1e2ac25a675355ca4c85f81f40c89b9498b2ba1c9d56fb,[],[],~59K USD,exact_contract_basename,True,True,,,2024-06-18,,,,blocked_missing_onchain_and_availability_evidence,"[""missing:deployment_block"", ""missing:prediction_cutoff_block"", ""missing:source_availability_time"", ""missing:runtime_bytecode_hash_at_cutoff"", ""missing:outcome_adjudication_id""]",retained,,cases/ca2-42413804b9b826875275.json,5587bf5f0481b67de96b8818ba5ead71dd64328a01f67bb732822f6836158376,cases/ca2-42413804b9b826875275.json,86d5a781da4e9229d0a66fce02b79c8e07cf877a1fe66a4f260a1f08277a4353,,,,,,,,,,,,ca2-42413804b9b826875275,cases/ca2-42413804b9b826875275.json,86d5a781da4e9229d0a66fce02b79c8e07cf877a1fe66a4f260a1f08277a4353,2024-05-16T16:10:05Z,2024-05-17T16:10:07Z,12385,,,56:0x80df77b2ae5828ff499a735ee823d6cd7cf95f5a,d1bfeb2f10bd9f3e873ae7a0f0bb64c1f6fd984f583ef00ae293b872bd511bb9,,,,,c63f795c75cec38c4778854d41729ad9a87e9f3d961a415775c5b329d011c89c,9c36ea9a4f04d0748bd58c05270a7a148a615bbe3163b4ed3b4d38281b72e2ba,690f3f06046d7b0af5e2d19f989db7c438fd82c86a90bfb32a9efd752f8ff3aa,DERIVED_STRICT_SNAPSHOT,DERIVED_STRICT_SNAPSHOT,DERIVED_CONSENSUS_RUNTIME_CODE,UNRESOLVED:requires_loupe_or_historical_event_resolver,UNRESOLVED_NO_CUTOFF_SOURCE_VERIFICATION_EVIDENCE,DERIVED_EXACT_CHAIN_ADDRESS,DERIVED_METADATA_STRIPPED_BYTECODE_SHA256,UNRESOLVED_INDEPENDENT_ADJUDICATION_REQUIRED,UNRESOLVED_INDEPENDENT_ADJUDICATION_REQUIRED,UNRESOLVED_METHODS_OWNER_FREEZE_REQUIRED
BetaPresale,defihacklabs-temporal-replacement-finalization,bsc,49951833,0x760c2aaa22220f24b9343b2a91a62dd664953853,,ca2-324926ca92042b3a084e,2025-05-19,BetaPresale,replacement_candidate,,bsc,,replacement_candidate_historical_snapshot_verified,f2b26c74f3aee6b96849d5f8f30d5d0826c95554e240583ca57350855c9e64ed,1aebb59feee7c856567b5bea7113e3d2415925d6283491a0a61f775d629c4a35,[],"[""0x47670c20325924e89aa87fcdd41df88c21246bd972056736e7964799831abf12""]",,frozen_chain_global_order_finalization,True,True,6554481,6583241,49951834,,a178b12c486692e2ca5f861f748f6aa8fff63935b3467ea5911d8b8eb3f2a584,,replacement_candidate_selected,[],replacement,ca2-0727c8432700660b91c2,cases/ca2-0727c8432700660b91c2.json,1e7710039037ca5e3e048b53a17f58ed5fff5382a35e74ce67a7c67a0182b322,,,cases/ca2r-13900db60de0d818c3a8.json,88295977c8e5670584292a8054843822ee5f9cc5607e4a5ae41b0e36bedc2497,historical_cases/ca2r-13900db60de0d818c3a8/ca2r-13900db60de0d818c3a8.json,b319c848e212702596b8a347c3b03da99e7a341c63cdc3d3b386791f22983bf4,3,first_eligible_unique_from_frozen_chain_global_order,f2b26c74f3aee6b96849d5f8f30d5d0826c95554e240583ca57350855c9e64ed,d3b80fe4ed7198fc900616b269408c1d0485ef8f000f46d37adb75be862a4a9c,49951833,0x47670c20325924e89aa87fcdd41df88c21246bd972056736e7964799831abf12,ca2r-13900db60de0d818c3a8,ca2r-13900db60de0d818c3a8,historical_cases/ca2r-13900db60de0d818c3a8/ca2r-13900db60de0d818c3a8.json,b319c848e212702596b8a347c3b03da99e7a341c63cdc3d3b386791f22983bf4,2021-04-14T09:12:04Z,2021-04-15T09:12:04Z,4734,,,56:0x760c2aaa22220f24b9343b2a91a62dd664953853,79f7138bb1dd3a87b0d69b194d859653f421df6143af9d810af166bc0f138950,,,,,0cbae76831286ed087ea802f65d13ca181e3513049dc728599e9974501d4d9c3,b51554a268b1f016620b2a356bb3a15167ba3f757c7318bbdf38490a61ea1247,f0ae505df043a70c6d1a36c9acf9dc286614dc3f8e5eb47bbdc0b2c5a2a46bee,DERIVED_STRICT_SNAPSHOT,DERIVED_STRICT_SNAPSHOT,DERIVED_CONSENSUS_RUNTIME_CODE,UNRESOLVED:requires_loupe_or_historical_event_resolver,UNRESOLVED_NO_CUTOFF_SOURCE_VERIFICATION_EVIDENCE,DERIVED_EXACT_CHAIN_ADDRESS,DERIVED_METADATA_STRIPPED_BYTECODE_SHA256,UNRESOLVED_INDEPENDENT_ADJUDICATION_REQUIRED,UNRESOLVED_INDEPENDENT_ADJUDICATION_REQUIRED,UNRESOLVED_METHODS_OWNER_FREEZE_REQUIRED
tradeonorion,defihacklabs,bsc,39104878,0xe9d1d2a27458378dd6c6f0b2c390807aed2217ca,shanghai,ca2-7d8bff5c879f84e09ee4,2024-05-28,Tradeonorion,Business Logic Flaw,src/test/2024-05/Tradeonorion_exp.sol,bsc,https://github.com/SunWeb3Sec/DeFiHackLabs/blob/main/past/2024/README.md,frozen_public_source_hashed,db3b13fa1cbf75bffec4662240ebd762c5af6c92d2608b9aecde80a8d7802b08,ee395b7b8664604d26884bba4950beb883014e652e33621ab703f2e428213d69,"[""https://x.com/MetaSec_xyz/status/1796008961302258001""]",[],~645K,exact_contract_basename,True,True,,,2024-05-28,,,,blocked_missing_onchain_and_availability_evidence,"[""missing:deployment_block"", ""missing:prediction_cutoff_block"", ""missing:source_availability_time"", ""missing:runtime_bytecode_hash_at_cutoff"", ""missing:outcome_adjudication_id""]",retained,,cases/ca2-7d8bff5c879f84e09ee4.json,ff7aef74a79b3a016c190f21197d8c0035f69342b0f8da083f05a7043607e098,cases/ca2-7d8bff5c879f84e09ee4.json,9f8375bf31cbc6e374bae49e9d2f20079a11c4a7b9c51515cdfe2e27923e2b0c,,,,,,,,,,,,ca2-7d8bff5c879f84e09ee4,cases/ca2-7d8bff5c879f84e09ee4.json,9f8375bf31cbc6e374bae49e9d2f20079a11c4a7b9c51515cdfe2e27923e2b0c,2021-02-28T16:31:45Z,2021-03-01T16:31:46Z,1581,EIP1967_PROXY,,56:0xe9d1d2a27458378dd6c6f0b2c390807aed2217ca,ef7ac5d67ee3cbeca495bd816fdc6e0754b30b3f3a829c177db213ef5c95bebc,eip1967:0x2bcc7bf861eced9c64d0ea239bbf00036babf7b3,,,,d005b1cca1ea27467582b5ef49d1eaaf8ab05b0985d6db4526d2d9399a2d00d6,5e5bfc82d8fac230433ad5493b792b6cf55490d44389a71803c834c5f32482e1,1b94a526f12924b1c84388f7fc26cdc463bcbee7f0cc0c58eb789fafb44eac90,DERIVED_STRICT_SNAPSHOT,DERIVED_STRICT_SNAPSHOT,DERIVED_CONSENSUS_RUNTIME_CODE,VERIFIED_STANDARD_PROXY,UNRESOLVED_NO_CUTOFF_SOURCE_VERIFICATION_EVIDENCE,DERIVED_EXACT_CHAIN_ADDRESS,DERIVED_METADATA_STRIPPED_BYTECODE_SHA256,UNRESOLVED_INDEPENDENT_ADJUDICATION_REQUIRED,UNRESOLVED_INDEPENDENT_ADJUDICATION_REQUIRED,UNRESOLVED_METHODS_OWNER_FREEZE_REQUIRED
dyson_money,defihacklabs,bsc,39684702,0x2b9bda587ee04fe51c5431709afbafb295f94bb4,shanghai,ca2-5e2d8f30a0d9b1dc548d,2024-06-17,Dyson_money,business logic flaw,src/test/2024-06/Dyson_money_exp.sol,bsc,https://github.com/SunWeb3Sec/DeFiHackLabs/blob/main/past/2024/README.md,frozen_public_source_hashed,db3b13fa1cbf75bffec4662240ebd762c5af6c92d2608b9aecde80a8d7802b08,6b70b83131463d105ba87674979eb794bf78d0434383b305cfcdbc206f5f160a,[],[],52 BNB,exact_contract_basename,True,True,,,2024-06-17,,,,blocked_missing_onchain_and_availability_evidence,"[""missing:deployment_block"", ""missing:prediction_cutoff_block"", ""missing:source_availability_time"", ""missing:runtime_bytecode_hash_at_cutoff"", ""missing:outcome_adjudication_id""]",retained,,cases/ca2-5e2d8f30a0d9b1dc548d.json,a5f09061af0ec7f015147e9e946c09057afd3d231992f51d8b563a8dfac6f7a0,cases/ca2-5e2d8f30a0d9b1dc548d.json,4909dde9839ca9f1026c27a03af295a52197e842bbfa58121181f47002519079,,,,,,,,,,,,ca2-5e2d8f30a0d9b1dc548d,cases/ca2-5e2d8f30a0d9b1dc548d.json,4909dde9839ca9f1026c27a03af295a52197e842bbfa58121181f47002519079,2023-06-27T19:54:37Z,2023-06-28T19:54:38Z,2112,EIP1967_PROXY,,56:0x2b9bda587ee04fe51c5431709afbafb295f94bb4,6f4cd91554d949a8ad8047da7543a1ed35a94f9b9b1e6c2159563c05819ba95c,eip1967:0xaff18b43dfb44d9b56c2b88e8569b3b0880c2a56,,,,38b9092bc40c2893c59dd197c5da05fbc176326b1ed6d7ac41a4b3bd4a1c1ff5,54cae6859a845b3d0ffb59ac96ac4cbddae5a9a57fa730b5a2496f5946dc2261,78ae75977bbf606b65d3df5497addbf18526ac32d0c8e98f29cab58db08da8c5,DERIVED_STRICT_SNAPSHOT,DERIVED_STRICT_SNAPSHOT,DERIVED_CONSENSUS_RUNTIME_CODE,VERIFIED_STANDARD_PROXY,UNRESOLVED_NO_CUTOFF_SOURCE_VERIFICATION_EVIDENCE,DERIVED_EXACT_CHAIN_ADDRESS,DERIVED_METADATA_STRIPPED_BYTECODE_SHA256,UNRESOLVED_INDEPENDENT_ADJUDICATION_REQUIRED,UNRESOLVED_INDEPENDENT_ADJUDICATION_REQUIRED,UNRESOLVED_METHODS_OWNER_FREEZE_REQUIRED
P719Token,defihacklabs-temporal-replacement-finalization,bsc,43023423,0x6beee2b57b064eac5f432fc19009e3e78734eabc,,ca2-9c986971a7cb2a1d5317,2024-10-11,P719Token,replacement_candidate,,bsc,,replacement_candidate_historical_snapshot_verified,5a463ec6bc9261a2be63e8ba721121642c3eaade81aabbf81c6ebfbde25fcb4b,34967930cab2d04caf24c6e46e74d42e4dc9afbb5020d2255dbf34a628b39137,[],"[""0x9afcac8e82180fa5b2f346ca66cf6eb343cd1da5a2cd1b5117eb7eaaebe953b3""]",,frozen_chain_global_order_finalization,True,True,42965424,42994224,43023423,,e3f04d60afc1fd04377efac38f19a9ca6f6d4d0cb73f67ca77faa936869b33dd,,replacement_candidate_selected,[],replacement,ca2-30fa2f4b25bbff890f55,cases/ca2-30fa2f4b25bbff890f55.json,1cff9dbbd99b0262d76352d2656eb1469839552a7758aa0b2230b8747850f9d0,,,cases/ca2r-04d28cc672bd269a3cf0.json,608f779c5b16d9ed4395034a3fcccec526b6378ab3247cb686c5b971f61a0ece,historical_cases/ca2r-04d28cc672bd269a3cf0/ca2r-04d28cc672bd269a3cf0.json,11b397f58dc1bea7dd034b33263b3fca8984a59922474b780143911a018d18b1,9,first_eligible_unique_from_frozen_chain_global_order,5a463ec6bc9261a2be63e8ba721121642c3eaade81aabbf81c6ebfbde25fcb4b,db3b13fa1cbf75bffec4662240ebd762c5af6c92d2608b9aecde80a8d7802b08,43023423,0x9afcac8e82180fa5b2f346ca66cf6eb343cd1da5a2cd1b5117eb7eaaebe953b3,ca2r-04d28cc672bd269a3cf0,ca2r-04d28cc672bd269a3cf0,historical_cases/ca2r-04d28cc672bd269a3cf0/ca2r-04d28cc672bd269a3cf0.json,11b397f58dc1bea7dd034b33263b3fca8984a59922474b780143911a018d18b1,2024-10-09T12:15:26Z,2024-10-10T12:15:26Z,16374,,,56:0x6beee2b57b064eac5f432fc19009e3e78734eabc,36307880fabb433baaea0121ff90098ae12cdd4bae8cf3d891d2adcbd0808bbd,,,,,24caf01fe1b831cfb8015fd00d0b30b6e9dedb9afd227644d28589acc32ddad1,907724323e427a323833788bfde5c483bad03e52736865b39cfb22c2ba6091ec,6b3ffd38b07b844a24dc0238eada1045f447c3f3c696b1e40c0a57c991142ebb,DERIVED_STRICT_SNAPSHOT,DERIVED_STRICT_SNAPSHOT,DERIVED_CONSENSUS_RUNTIME_CODE,UNRESOLVED:requires_loupe_or_historical_event_resolver,UNRESOLVED_NO_CUTOFF_SOURCE_VERIFICATION_EVIDENCE,DERIVED_EXACT_CHAIN_ADDRESS,DERIVED_METADATA_STRIPPED_BYTECODE_SHA256,UNRESOLVED_INDEPENDENT_ADJUDICATION_REQUIRED,UNRESOLVED_INDEPENDENT_ADJUDICATION_REQUIRED,UNRESOLVED_METHODS_OWNER_FREEZE_REQUIRED
wifcoin_eth,defihacklabs,ethereum,20103189,0xa1ce40702e15d0417a6c74d0bab96772f36f4e99,shanghai,ca2-616b55afdd61c6ca8b12,2024-06-16,WIFCOIN_ETH,business logic flaw,src/test/2024-06/WIFCOIN_ETH_exp.sol,mainnet,https://github.com/SunWeb3Sec/DeFiHackLabs/blob/main/past/2024/README.md,frozen_public_source_hashed,db3b13fa1cbf75bffec4662240ebd762c5af6c92d2608b9aecde80a8d7802b08,02e5f7cd9678ba36d0bafc211d04a7af173bf52b2902e344ab64554d4d14f45d,"[""https://x.com/ChainAegis/status/1802550962977964139""]",[],~3.4 ETH (WIF token),exact_contract_basename,True,True,,,2024-06-16,,,,blocked_missing_onchain_and_availability_evidence,"[""missing:deployment_block"", ""missing:prediction_cutoff_block"", ""missing:source_availability_time"", ""missing:runtime_bytecode_hash_at_cutoff"", ""missing:outcome_adjudication_id""]",retained,,cases/ca2-616b55afdd61c6ca8b12.json,ab56f0b21644b948d0e65efc9c4e816f3ce4fbe381c57e960fdeb0ba9a4a196e,cases/ca2-616b55afdd61c6ca8b12.json,1b0cce1fab57a30cf406679190c7a678d0e180322237a8b7e08d4ec9a0c78603,,,,,,,,,,,,ca2-616b55afdd61c6ca8b12,cases/ca2-616b55afdd61c6ca8b12.json,1b0cce1fab57a30cf406679190c7a678d0e180322237a8b7e08d4ec9a0c78603,2024-06-10T00:26:59Z,2024-06-11T00:26:59Z,8390,,,1:0xa1ce40702e15d0417a6c74d0bab96772f36f4e99,822f67cd6dd3c1d75a81c782d40bcab8588da6c820f47ffedfa28523cd67ad98,,,,,3dba3a1fbdf3ea57ec546bc59b164837441e3979dfab45f83454c7118a4fee69,042721c445d46afb602ddb2b60fb40b58e7f3ca9e6ad4748fc52abbd77d3c50f,da3ce89aff2f894106d63731e82f90f31fa683b515f6ae66a6619b4df341c24e,DERIVED_STRICT_SNAPSHOT,DERIVED_STRICT_SNAPSHOT,DERIVED_CONSENSUS_RUNTIME_CODE,UNRESOLVED:requires_loupe_or_historical_event_resolver,UNRESOLVED_NO_CUTOFF_SOURCE_VERIFICATION_EVIDENCE,DERIVED_EXACT_CHAIN_ADDRESS,DERIVED_METADATA_STRIPPED_BYTECODE_SHA256,UNRESOLVED_INDEPENDENT_ADJUDICATION_REQUIRED,UNRESOLVED_INDEPENDENT_ADJUDICATION_REQUIRED,UNRESOLVED_METHODS_OWNER_FREEZE_REQUIRED
jokinthebox,defihacklabs,ethereum,20054628,0xa6447f6156effd23ec3b57d5edd978349e4e192d,cancun,ca2-eaf1e84be2ca5fa8830a,2024-06-11,JokInTheBox,business logic flaw,src/test/2024-06/JokInTheBox_exp.sol,mainnet,https://github.com/SunWeb3Sec/DeFiHackLabs/blob/main/past/2024/README.md,frozen_public_source_hashed,db3b13fa1cbf75bffec4662240ebd762c5af6c92d2608b9aecde80a8d7802b08,5f333e23531dbcee19db71cc3769d32f1c42dd82ba38dbf97100e7a86fe6bf61,[],[],~9.2 ETH,exact_contract_basename,True,True,,,2024-06-11,,,,blocked_missing_onchain_and_availability_evidence,"[""missing:deployment_block"", ""missing:prediction_cutoff_block"", ""missing:source_availability_time"", ""missing:runtime_bytecode_hash_at_cutoff"", ""missing:outcome_adjudication_id""]",retained,,cases/ca2-eaf1e84be2ca5fa8830a.json,7317a16ed7df59650dd7acd86a6a0c6ad2d8f70cfd2513ab426496d400ab2a6b,cases/ca2-eaf1e84be2ca5fa8830a.json,6e58644616e5444e2961c4150e7b6ddbbb1549b8bf5c6a29b2ce5a1f309fdecd,,,,,,,,,,,,ca2-eaf1e84be2ca5fa8830a,cases/ca2-eaf1e84be2ca5fa8830a.json,6e58644616e5444e2961c4150e7b6ddbbb1549b8bf5c6a29b2ce5a1f309fdecd,2024-05-15T10:26:35Z,2024-05-16T10:26:35Z,12607,,,1:0xa6447f6156effd23ec3b57d5edd978349e4e192d,57a0c3cfef7d5a5e6de7498508b0c88c6360c070579d8921eaac5255a6ea651a,,,,,36adabd793eb8eb19033e070c6615c87c4a6fed315ccc6748498d7050d71262c,6e9e9840aa063038393eab73ac2dcecbeb2c6d5b9fba1ed9b66de1b4f5624541,3ce72dead31b655c97dd4d0b5bc62b15a70ad3864da4e96ed541b05b5b6fb162,DERIVED_STRICT_SNAPSHOT,DERIVED_STRICT_SNAPSHOT,DERIVED_CONSENSUS_RUNTIME_CODE,UNRESOLVED:requires_loupe_or_historical_event_resolver,UNRESOLVED_NO_CUTOFF_SOURCE_VERIFICATION_EVIDENCE,DERIVED_EXACT_CHAIN_ADDRESS,DERIVED_METADATA_STRIPPED_BYTECODE_SHA256,UNRESOLVED_INDEPENDENT_ADJUDICATION_REQUIRED,UNRESOLVED_INDEPENDENT_ADJUDICATION_REQUIRED,UNRESOLVED_METHODS_OWNER_FREEZE_REQUIRED
StepHeroNFTs,defihacklabs-temporal-replacement-finalization,bsc,46843424,0x9823e10a0bf6f64f59964be1a7f83090bf5728ab,,ca2-c066d2de3bfd20c10ce0,2025-02-21,StepHeroNFTs,replacement_candidate,,bsc,,replacement_candidate_historical_snapshot_verified,31612644bcaa626257d793ba78bc60877b0f52620e65d51122495382d609b36e,aead808e027906ab12f5b0c5c9025abe82be145a56dbb37e4e7f2261ae5485df,[],"[""0xef386a69ca6a147c374258a1bf40221b0b6bd9bc449a7016dbe5240644581877""]",,frozen_chain_global_order_finalization,True,True,10502132,10530465,46843424,,501a8c0591bbe1d244711e85145406767347d0825c48a8db8193657acd8f8ab4,,replacement_candidate_selected,[],replacement,ca2-04c30f824141f500c195,cases/ca2-04c30f824141f500c195.json,b5035b04ca8ceb3a0ec12cbfce9a38418baf6fba18d573688b965a953e5b26df,,,cases/ca2r-ae46a532dce783daeeab.json,cdf5a21b742826edb06fb6c6ee030605f1920532f8890210f9ba50c1ffa3fff2,historical_cases/ca2r-ae46a532dce783daeeab/ca2r-ae46a532dce783daeeab.json,1407783ecc22f769f9eaea8b7702622d6242330573ef9c9cffb783e6ff0169c9,2,first_eligible_unique_from_frozen_chain_global_order,31612644bcaa626257d793ba78bc60877b0f52620e65d51122495382d609b36e,d3b80fe4ed7198fc900616b269408c1d0485ef8f000f46d37adb75be862a4a9c,46843424,0xef386a69ca6a147c374258a1bf40221b0b6bd9bc449a7016dbe5240644581877,ca2r-ae46a532dce783daeeab,ca2r-ae46a532dce783daeeab,historical_cases/ca2r-ae46a532dce783daeeab/ca2r-ae46a532dce783daeeab.json,1407783ecc22f769f9eaea8b7702622d6242330573ef9c9cffb783e6ff0169c9,2021-08-31T08:03:50Z,2021-09-01T08:03:50Z,15099,,,56:0x9823e10a0bf6f64f59964be1a7f83090bf5728ab,91869542eaedac01050b308527fde4d2b9a6a85c0dfc7b64ebf093a227343720,,,,,f508bbe7bd3ea80368a5d92385f6c6d4679e1de6adb0a7b05954d11e96be0bb6,a8082841cbe3e1075607fdd1a4cf6adc47ded85f5050906e86983dbb72053b59,c50da1d7c79e806de88b9e63a0baa32f05ffb10727f83b442aaf91ffa11b52ce,DERIVED_STRICT_SNAPSHOT,DERIVED_STRICT_SNAPSHOT,DERIVED_CONSENSUS_RUNTIME_CODE,UNRESOLVED:requires_loupe_or_historical_event_resolver,UNRESOLVED_NO_CUTOFF_SOURCE_VERIFICATION_EVIDENCE,DERIVED_EXACT_CHAIN_ADDRESS,DERIVED_METADATA_STRIPPED_BYTECODE_SHA256,UNRESOLVED_INDEPENDENT_ADJUDICATION_REQUIRED,UNRESOLVED_INDEPENDENT_ADJUDICATION_REQUIRED,UNRESOLVED_METHODS_OWNER_FREEZE_REQUIRED
will,defihacklabs,bsc,39979796,0x566777ed780dbbe17c130ae97b9fbc0a3ab829df,shanghai,ca2-94a8114b86699da44092,2024-06-28,Will,business logic flaw,src/test/2024-06/Will_exp.sol,bsc,https://github.com/SunWeb3Sec/DeFiHackLabs/blob/main/past/2024/README.md,frozen_public_source_hashed,db3b13fa1cbf75bffec4662240ebd762c5af6c92d2608b9aecde80a8d7802b08,16d88ba48c4ac6c996656b8ca27e6b2073306268e38ddfcc41f9d4646377261a,[],[],$52K,exact_contract_basename,True,True,,,2024-06-28,,,,blocked_missing_onchain_and_availability_evidence,"[""missing:deployment_block"", ""missing:prediction_cutoff_block"", ""missing:source_availability_time"", ""missing:runtime_bytecode_hash_at_cutoff"", ""missing:outcome_adjudication_id""]",retained,,cases/ca2-94a8114b86699da44092.json,73f6988a4794a2d700c65a8b9ec0285912e944d281cc82b2c7fb16f4c34eaf9a,cases/ca2-94a8114b86699da44092.json,3c18f7be16ab94cc9f124c2190909c0eea9393402fe3e60382eb6798949ac462,,,,,,,,,,,,ca2-94a8114b86699da44092,cases/ca2-94a8114b86699da44092.json,3c18f7be16ab94cc9f124c2190909c0eea9393402fe3e60382eb6798949ac462,2024-06-25T10:52:51Z,2024-06-26T10:52:52Z,14238,,,56:0x566777ed780dbbe17c130ae97b9fbc0a3ab829df,270bb755764633c4bb2c0901be904f5e9bbe55cfdf960f4a6c49c4e354b48c23,,,,,09bd64cd915b561e3552f4677f096e304fe8963abad40efb7825050fce6a1607,94c3568f8840c9d58dfab0caeba69a013618b23972004e537b23c9fd24587b9c,51825c13524ca37643b1dd9e9f35fd2c38c6e1acc3ec62b8a5ae412ceed19ed4,DERIVED_STRICT_SNAPSHOT,DERIVED_STRICT_SNAPSHOT,DERIVED_CONSENSUS_RUNTIME_CODE,UNRESOLVED:requires_loupe_or_historical_event_resolver,UNRESOLVED_NO_CUTOFF_SOURCE_VERIFICATION_EVIDENCE,DERIVED_EXACT_CHAIN_ADDRESS,DERIVED_METADATA_STRIPPED_BYTECODE_SHA256,UNRESOLVED_INDEPENDENT_ADJUDICATION_REQUIRED,UNRESOLVED_INDEPENDENT_ADJUDICATION_REQUIRED,UNRESOLVED_METHODS_OWNER_FREEZE_REQUIRED
lifiprotocol,defihacklabs,ethereum,20318962,0x1231deb6f5749ef6ce6943a275a1d3e7486f4eae,shanghai,ca2-deb8f1653a1510fb4c48,2024-07-16,Lifiprotocol,Incorrect input validation,src/test/2024-07/Lifiprotocol_exp.sol,mainnet,https://github.com/SunWeb3Sec/DeFiHackLabs/blob/main/past/2024/README.md,frozen_public_source_hashed,db3b13fa1cbf75bffec4662240ebd762c5af6c92d2608b9aecde80a8d7802b08,e8e121d5de7030d1d274a4972ebd892379d40c8837495806c74495f2a9274b4d,"[""https://x.com/danielvf/status/1505689981385334784""]",[],~10M USD,exact_contract_basename,True,True,,,2024-07-16,,,,blocked_missing_onchain_and_availability_evidence,"[""missing:deployment_block"", ""missing:prediction_cutoff_block"", ""missing:source_availability_time"", ""missing:runtime_bytecode_hash_at_cutoff"", ""missing:outcome_adjudication_id""]",retained,,cases/ca2-deb8f1653a1510fb4c48.json,2f6e3bfdfdd7648046b644ffc8f39d9b3599113d2a1d8fce6fbcd3a647f174ce,cases/ca2-deb8f1653a1510fb4c48.json,d18027a4b637415f80867ede52b1973684969477d68d02ad1502b59c48b10014,,,,,,,,,,,,ca2-deb8f1653a1510fb4c48,cases/ca2-deb8f1653a1510fb4c48.json,d18027a4b637415f80867ede52b1973684969477d68d02ad1502b59c48b10014,2022-10-20T10:23:47Z,2022-10-21T10:23:47Z,5176,,,1:0x1231deb6f5749ef6ce6943a275a1d3e7486f4eae,f245f01ad78a2e8130468281126caaa20ae727d13d5b4c128260b24700e96042,,,,,45aa5061e7b38fb640d1dc74bc870b900350f14bc490325bcd68e0418fcfc2d2,41bcad8654b91186e6d22e7b725c3cead61a49515652d2fc83b43b11b2d5974b,a4d313e60ed9cb545b4379294af0e883c2cbdfccdab5f4b7bd2f80e320c8d0b8,DERIVED_STRICT_SNAPSHOT,DERIVED_STRICT_SNAPSHOT,DERIVED_CONSENSUS_RUNTIME_CODE,UNRESOLVED:requires_loupe_or_historical_event_resolver,UNRESOLVED_NO_CUTOFF_SOURCE_VERIFICATION_EVIDENCE,DERIVED_EXACT_CHAIN_ADDRESS,DERIVED_METADATA_STRIPPED_BYTECODE_SHA256,UNRESOLVED_INDEPENDENT_ADJUDICATION_REQUIRED,UNRESOLVED_INDEPENDENT_ADJUDICATION_REQUIRED,UNRESOLVED_METHODS_OWNER_FREEZE_REQUIRED
uwulend_first,defihacklabs,ethereum,20061318,0x2409af0251dcb89ee3dee572629291f9b087c668,shanghai,ca2-0687f6e05dc58457935a,2024-06-10,UwULend,Price Manipulation,src/test/2024-06/UwuLend_First_exp.sol,mainnet,https://github.com/SunWeb3Sec/DeFiHackLabs/blob/main/past/2024/README.md,frozen_public_source_hashed,db3b13fa1cbf75bffec4662240ebd762c5af6c92d2608b9aecde80a8d7802b08,7e27bb03655f190748615cafa04070180604951c35d0f02142118ca72f5ed9d1,"[""https://x.com/peckshield/status/1800176089316163831""]",[],19.3M,exact_contract_basename,True,True,,,2024-06-10,,,,blocked_missing_onchain_and_availability_evidence,"[""missing:deployment_block"", ""missing:prediction_cutoff_block"", ""missing:source_availability_time"", ""missing:runtime_bytecode_hash_at_cutoff"", ""missing:outcome_adjudication_id""]",retained,,cases/ca2-0687f6e05dc58457935a.json,6d1e8f40bad5070f49205676c5a8fe1ab3dbc7ad3916ae7b79587c201df576e2,cases/ca2-0687f6e05dc58457935a.json,0c925a166e06c267d900edb39e1e954c7b4d5658e9695e4705984379aa76593a,,,,,,,,,,,,ca2-0687f6e05dc58457935a,cases/ca2-0687f6e05dc58457935a.json,0c925a166e06c267d900edb39e1e954c7b4d5658e9695e4705984379aa76593a,2022-09-19T16:55:47Z,2022-09-20T16:55:47Z,1779,EIP1967_PROXY,,1:0x2409af0251dcb89ee3dee572629291f9b087c668,67fc7feb4d616ccab68a57c5c3d7d6754418903841f3a210e5029ac6550d2290,eip1967:0x05bfa9157e92690b179033ca2f6dd1e86b25ea4d,,,,8cc2f288359cc05250d05d8532315f797d943665e2a6c45c4fdf4df0447e8117,6e287f12a7f6bd7158c69370591fba44666883a3a0ffe87b66f4a5a820d5c0ae,07ac10318bd651ac757d3b35734da69bacac2d4e2e37d7607c25d4d826e22434,DERIVED_STRICT_SNAPSHOT,DERIVED_STRICT_SNAPSHOT,DERIVED_CONSENSUS_RUNTIME_CODE,VERIFIED_STANDARD_PROXY,UNRESOLVED_NO_CUTOFF_SOURCE_VERIFICATION_EVIDENCE,DERIVED_EXACT_CHAIN_ADDRESS,DERIVED_METADATA_STRIPPED_BYTECODE_SHA256,UNRESOLVED_INDEPENDENT_ADJUDICATION_REQUIRED,UNRESOLVED_INDEPENDENT_ADJUDICATION_REQUIRED,UNRESOLVED_METHODS_OWNER_FREEZE_REQUIRED
WHALE,defihacklabs-temporal-replacement-finalization,bsc,104744230,0xabc79b7c5a0f1fe0ac55fcb7e659d5817e530123,,ca2-c362836e579418bb08b8,2026-06-17,WHALE,replacement_candidate,,bsc,,replacement_candidate_historical_snapshot_verified,b59f29806ce0254378746e1cc6e2eaeac5e5fca7e50650b3516e698b32009e4e,166f0899456c6d6cea5b4c8c0069e9706edeb8fa73f69e42549efbb6debb0eef,[],"[""0xf8f431b392a50eb997ecae2e35668d6dd4dc8568d002057600d2532e18f36d86""]",,frozen_chain_global_order_finalization,True,True,100570491,100761858,104744231,,5c46c2a5df9700cbb8725dba83b81390e192ad89192e702ac4b3554c52e9305a,,replacement_candidate_selected,[],replacement,ca2-c68ae49271ecb40a17be,cases/ca2-c68ae49271ecb40a17be.json,7daa28d57ce5c014ea9238f5262b7e12570405f33000b447695597c8f571aff7,,,cases/ca2r-9022409faa3cf5abff6e.json,cf0f9f82084e05889ccc14ee1cf1161c56eb3e22e9d151f970fce36d70a538ae,historical_cases/ca2r-9022409faa3cf5abff6e/ca2r-9022409faa3cf5abff6e.json,e979a1550a945ad3ec2d123ea9d94d7cf6b2866d9cb819a767d5a9bb9a269f6a,34,first_eligible_unique_from_frozen_chain_global_order,b59f29806ce0254378746e1cc6e2eaeac5e5fca7e50650b3516e698b32009e4e,a18c0040510cddc88d59e602bac53bbcafbe5dfbc978cff0134cb513de79fc53,104744230,0xf8f431b392a50eb997ecae2e35668d6dd4dc8568d002057600d2532e18f36d86,ca2r-9022409faa3cf5abff6e,ca2r-9022409faa3cf5abff6e,historical_cases/ca2r-9022409faa3cf5abff6e/ca2r-9022409faa3cf5abff6e.json,e979a1550a945ad3ec2d123ea9d94d7cf6b2866d9cb819a767d5a9bb9a269f6a,2026-05-26T16:20:45Z,2026-05-27T16:20:45Z,19848,,,56:0xabc79b7c5a0f1fe0ac55fcb7e659d5817e530123,5c46c2a5df9700cbb8725dba83b81390e192ad89192e702ac4b3554c52e9305a,,,,,8d9063f6c8a003665372ace597c2ba6fa7710bbe920eb1699960a86f75b3449a,c37fa0f1c3cd09f4f8ec07947d9959d70e98b783fd944f1b4f876ffba21467ea,3ef562a3376d31bc31bf91368746fde9dc83eb2467581f91501510dc6ba19c90,DERIVED_STRICT_SNAPSHOT,DERIVED_STRICT_SNAPSHOT,DERIVED_CONSENSUS_RUNTIME_CODE,UNRESOLVED:requires_loupe_or_historical_event_resolver,UNRESOLVED_NO_CUTOFF_SOURCE_VERIFICATION_EVIDENCE,DERIVED_EXACT_CHAIN_ADDRESS,DERIVED_METADATA_STRIPPED_BYTECODE_SHA256,UNRESOLVED_INDEPENDENT_ADJUDICATION_REQUIRED,UNRESOLVED_INDEPENDENT_ADJUDICATION_REQUIRED,UNRESOLVED_METHODS_OWNER_FREEZE_REQUIRED
uwulend_second,defihacklabs,ethereum,20081503,0x2409af0251dcb89ee3dee572629291f9b087c668,shanghai,ca2-93739b94fa0816bd6234,2024-06-10,UwULend,Price Manipulation,src/test/2024-06/UwuLend_First_exp.sol,mainnet,https://github.com/SunWeb3Sec/DeFiHackLabs/blob/main/past/2024/README.md,frozen_public_source_hashed,db3b13fa1cbf75bffec4662240ebd762c5af6c92d2608b9aecde80a8d7802b08,7e27bb03655f190748615cafa04070180604951c35d0f02142118ca72f5ed9d1,"[""https://x.com/peckshield/status/1800176089316163831""]",[],19.3M,exact_contract_basename,True,True,,,2024-06-10,,,,blocked_missing_onchain_and_availability_evidence,"[""missing:deployment_block"", ""missing:prediction_cutoff_block"", ""missing:source_availability_time"", ""missing:runtime_bytecode_hash_at_cutoff"", ""missing:outcome_adjudication_id""]",retained,,cases/ca2-93739b94fa0816bd6234.json,b7b149825ecdf576ee9ef5d063d58bd20a71c4089ce307c8390284d3616fa058,cases/ca2-93739b94fa0816bd6234.json,b186143ada6e862f0b2d7a34066f81e8e5dc9d584f72e69c8d6407b81f2f9c74,,,,,,,,,,,,ca2-93739b94fa0816bd6234,cases/ca2-93739b94fa0816bd6234.json,b186143ada6e862f0b2d7a34066f81e8e5dc9d584f72e69c8d6407b81f2f9c74,2022-09-19T16:55:47Z,2022-09-20T16:55:47Z,1779,EIP1967_PROXY,,1:0x2409af0251dcb89ee3dee572629291f9b087c668,67fc7feb4d616ccab68a57c5c3d7d6754418903841f3a210e5029ac6550d2290,eip1967:0x05bfa9157e92690b179033ca2f6dd1e86b25ea4d,,,,b78cb2be100a104c20ddb747a60c0cefcdd9c543d901e5b799ab0ed3f75f17d9,fda34f03723e81469761bb9aa1ccef8ba9340d51f3c21914dd1567f1354f6a2d,b178eaec0d3c413e462c9b1c231e2d2044e642164d713597846ad6e615952291,DERIVED_STRICT_SNAPSHOT,DERIVED_STRICT_SNAPSHOT,DERIVED_CONSENSUS_RUNTIME_CODE,VERIFIED_STANDARD_PROXY,UNRESOLVED_NO_CUTOFF_SOURCE_VERIFICATION_EVIDENCE,DERIVED_EXACT_CHAIN_ADDRESS,DERIVED_METADATA_STRIPPED_BYTECODE_SHA256,UNRESOLVED_INDEPENDENT_ADJUDICATION_REQUIRED,UNRESOLVED_INDEPENDENT_ADJUDICATION_REQUIRED,UNRESOLVED_METHODS_OWNER_FREEZE_REQUIRED
doughfina,defihacklabs,ethereum,20288622,0x9f54e8eaa9658316bb8006e03fff1cb191aafbe6,shanghai,ca2-0d308a16f604ed495788,2024-07-12,DoughFina,Incorrect input validation,src/test/2024-07/DoughFina_exp.sol,mainnet,https://github.com/SunWeb3Sec/DeFiHackLabs/blob/main/past/2024/README.md,frozen_public_source_hashed,db3b13fa1cbf75bffec4662240ebd762c5af6c92d2608b9aecde80a8d7802b08,2335acf0887a379586c363fec975ab864083cce6a7c2c3a8ad7fbedb715b8130,"[""https://x.com/CertiKAlert/status/1811668992882307478""]",[],~1.8M USD,exact_contract_basename,True,True,,,2024-07-12,,,,blocked_missing_onchain_and_availability_evidence,"[""missing:deployment_block"", ""missing:prediction_cutoff_block"", ""missing:source_availability_time"", ""missing:runtime_bytecode_hash_at_cutoff"", ""missing:outcome_adjudication_id""]",retained,,cases/ca2-0d308a16f604ed495788.json,1b91864f0c7f526baf17165ad700f4a2190d6c618c3c784a8dbedc16c5721e46,cases/ca2-0d308a16f604ed495788.json,f3277e4b8690b78ec244813180e77f9d6e55a63d46b69da1c301c2d9f07734e0,,,,,,,,,,,,ca2-0d308a16f604ed495788,cases/ca2-0d308a16f604ed495788.json,f3277e4b8690b78ec244813180e77f9d6e55a63d46b69da1c301c2d9f07734e0,2024-06-13T16:22:23Z,2024-06-14T16:22:23Z,12625,,,1:0x9f54e8eaa9658316bb8006e03fff1cb191aafbe6,5c057d4a78ad366836f11b3a19adc8f05ba42acf9ab29e3599c8f14d00a1d017,,,,,26364ff8f85001f56f1a167da871c12f4c2ff7e95b411de7ad91ff8f64fba98f,3e86056d1e54d752654c6b97a06898d934e468960f772db52c049fdd6bd0f57b,6a0bcc9711f425bbef07bdcc337d9f1bd35c2f9cb09f4b24dc67a2166dfd1591,DERIVED_STRICT_SNAPSHOT,DERIVED_STRICT_SNAPSHOT,DERIVED_CONSENSUS_RUNTIME_CODE,UNRESOLVED:requires_loupe_or_historical_event_resolver,UNRESOLVED_NO_CUTOFF_SOURCE_VERIFICATION_EVIDENCE,DERIVED_EXACT_CHAIN_ADDRESS,DERIVED_METADATA_STRIPPED_BYTECODE_SHA256,UNRESOLVED_INDEPENDENT_ADJUDICATION_REQUIRED,UNRESOLVED_INDEPENDENT_ADJUDICATION_REQUIRED,UNRESOLVED_METHODS_OWNER_FREEZE_REQUIRED
mrp,defihacklabs,bsc,40122169,0x35f5cef517317694df8c50c894080caa8c92af7d,shanghai,ca2-17240c1cdca17b758810,2024-07-02,MRP,Reentrancy,src/test/2024-07/MRP_exp.sol,bsc,https://github.com/SunWeb3Sec/DeFiHackLabs/blob/main/past/2024/README.md,frozen_public_source_hashed,db3b13fa1cbf75bffec4662240ebd762c5af6c92d2608b9aecde80a8d7802b08,e060c2a1d41dd6c4682fc33ab0cb9e7939af9badf6cc1d0f328cda0621ffa293,[],[],17 BNB,exact_contract_basename,True,True,,,2024-07-02,,,,blocked_missing_onchain_and_availability_evidence,"[""missing:deployment_block"", ""missing:prediction_cutoff_block"", ""missing:source_availability_time"", ""missing:runtime_bytecode_hash_at_cutoff"", ""missing:outcome_adjudication_id""]",retained,,cases/ca2-17240c1cdca17b758810.json,96a09914c0c4db4a160ade90c8b5ac23cce5804a81a39bb0ae2b82809ccad5ff,cases/ca2-17240c1cdca17b758810.json,9510368a59b92b8543fd8092e1854a84da5a83d22a798d57e21e10a85d8b210b,,,,,,,,,,,,ca2-17240c1cdca17b758810,cases/ca2-17240c1cdca17b758810.json,9510368a59b92b8543fd8092e1854a84da5a83d22a798d57e21e10a85d8b210b,2024-06-29T01:52:33Z,2024-06-30T01:52:35Z,8011,,,56:0x35f5cef517317694df8c50c894080caa8c92af7d,0a3c4f757184b71f9aa05775ca99a0cbd0c0bacff7f27d4dcff209e46d3d97f7,,,,,158dfa816c79bc3913126096fade03ae314642f2785891fff668771c0f35362c,243255dcecade392feb19b8c300a02a78d8522c0a41d27920fe7ca01cfe307b6,1530d7798fbaba6b0f41343cf6f4525397501d13be2cceec3e76e0dbe3d3d004,DERIVED_STRICT_SNAPSHOT,DERIVED_STRICT_SNAPSHOT,DERIVED_CONSENSUS_RUNTIME_CODE,UNRESOLVED:requires_loupe_or_historical_event_resolver,UNRESOLVED_NO_CUTOFF_SOURCE_VERIFICATION_EVIDENCE,DERIVED_EXACT_CHAIN_ADDRESS,DERIVED_METADATA_STRIPPED_BYTECODE_SHA256,UNRESOLVED_INDEPENDENT_ADJUDICATION_REQUIRED,UNRESOLVED_INDEPENDENT_ADJUDICATION_REQUIRED,UNRESOLVED_METHODS_OWNER_FREEZE_REQUIRED
defiplaza,defihacklabs,ethereum,20240538,0xe68c1d72340aeefe5be76eda63ae2f4bc7514110,shanghai,ca2-0998fb22a8fcd705afbc,2024-07-05,DeFiPlaza,loss of precision,src/test/2024-07/DeFiPlaza_exp.sol,mainnet,https://github.com/SunWeb3Sec/DeFiHackLabs/blob/main/past/2024/README.md,frozen_public_source_hashed,db3b13fa1cbf75bffec4662240ebd762c5af6c92d2608b9aecde80a8d7802b08,2d8afd77adac1ebdad1aeb4157172d3a0f28b5d2d79d1dfe49808a1b97d6b8f5,"[""https://x.com/DecurityHQ/status/1809222922998808760""]",[],~200K USD,exact_contract_basename,True,True,,,2024-07-05,,,,blocked_missing_onchain_and_availability_evidence,"[""missing:deployment_block"", ""missing:prediction_cutoff_block"", ""missing:source_availability_time"", ""missing:runtime_bytecode_hash_at_cutoff"", ""missing:outcome_adjudication_id""]",retained,,cases/ca2-0998fb22a8fcd705afbc.json,85ede1d1372ded9a9c819ba396e0a4d696edc39b84dd757eddfe43131e177efe,cases/ca2-0998fb22a8fcd705afbc.json,d58631ad8f22c8112b96679b83a607a9d1bda7e46636396da58cd16faeb62fd0,,,,,,,,,,,,ca2-0998fb22a8fcd705afbc,cases/ca2-0998fb22a8fcd705afbc.json,d58631ad8f22c8112b96679b83a607a9d1bda7e46636396da58cd16faeb62fd0,2021-10-03T13:55:06Z,2021-10-04T13:55:26Z,19064,,,1:0xe68c1d72340aeefe5be76eda63ae2f4bc7514110,0cca443179034fc1d741651fd97b76907b089aa25cdc8f47803bc85cd81d546e,,,,,281bcc9270086c6778ad123e27502aeaa5069efbc144af23dce89b8d70e8d7b2,56f0b2288090ea512f0d59c9911630c9b60c84d542443182b7ea0f0ccb10718f,6bcc4db441a5e04dd8197a8885bde206d4d011328621d5900dbad56a2407a307,DERIVED_STRICT_SNAPSHOT,DERIVED_STRICT_SNAPSHOT,DERIVED_CONSENSUS_RUNTIME_CODE,UNRESOLVED:requires_loupe_or_historical_event_resolver,UNRESOLVED_NO_CUTOFF_SOURCE_VERIFICATION_EVIDENCE,DERIVED_EXACT_CHAIN_ADDRESS,DERIVED_METADATA_STRIPPED_BYTECODE_SHA256,UNRESOLVED_INDEPENDENT_ADJUDICATION_REQUIRED,UNRESOLVED_INDEPENDENT_ADJUDICATION_REQUIRED,UNRESOLVED_METHODS_OWNER_FREEZE_REQUIRED
sbt,defihacklabs,bsc,40378159,0x2b45dd1d909c01aad96fa6b67108d691b432f351,shanghai,ca2-92eeb1ebc356ab25288f,2024-07-11,SBT,business logic flaw,src/test/2024-07/SBT_exp.sol,bsc,https://github.com/SunWeb3Sec/DeFiHackLabs/blob/main/past/2024/README.md,frozen_public_source_hashed,db3b13fa1cbf75bffec4662240ebd762c5af6c92d2608b9aecde80a8d7802b08,17405e0bf5a7276d789d4514a7423a4b31e180f06ff259581982046810c6efc3,[],[],~56K USD,exact_contract_basename,True,True,,,2024-07-11,,,,blocked_missing_onchain_and_availability_evidence,"[""missing:deployment_block"", ""missing:prediction_cutoff_block"", ""missing:source_availability_time"", ""missing:runtime_bytecode_hash_at_cutoff"", ""missing:outcome_adjudication_id""]",retained,,cases/ca2-92eeb1ebc356ab25288f.json,adb7a1620891094f6e75d192b35ed3b915be3cb656444224893cbb9506a486a5,cases/ca2-92eeb1ebc356ab25288f.json,75f15f156c55628fd84fbdbc639f1ef05663661a1cc13304a38255e7b5bfca34,,,,,,,,,,,,ca2-92eeb1ebc356ab25288f,cases/ca2-92eeb1ebc356ab25288f.json,75f15f156c55628fd84fbdbc639f1ef05663661a1cc13304a38255e7b5bfca34,2024-06-22T04:06:49Z,2024-06-23T04:06:50Z,15538,,,56:0x2b45dd1d909c01aad96fa6b67108d691b432f351,40e5df2ad24644381db323377a71dc270b29c1271ca0369a0f0d570fa74a9683,,,,,3af5222df4e3e35f784aab9b81f4a4ca8f783126558de5721cd9b4fdc2786a74,ef371e27fc03c9a9ed17568cfee4fcc1c2e52d13bd3d67342427be2b4bb95b54,c9913c955c53ded1c09faeb06bd2ee6c2420ec8e2dfa1f702ad75b351afcb57f,DERIVED_STRICT_SNAPSHOT,DERIVED_STRICT_SNAPSHOT,DERIVED_CONSENSUS_RUNTIME_CODE,UNRESOLVED:requires_loupe_or_historical_event_resolver,UNRESOLVED_NO_CUTOFF_SOURCE_VERIFICATION_EVIDENCE,DERIVED_EXACT_CHAIN_ADDRESS,DERIVED_METADATA_STRIPPED_BYTECODE_SHA256,UNRESOLVED_INDEPENDENT_ADJUDICATION_REQUIRED,UNRESOLVED_INDEPENDENT_ADJUDICATION_REQUIRED,UNRESOLVED_METHODS_OWNER_FREEZE_REQUIRED
yodlrouter,defihacklabs,ethereum,20520368,0xe3a0bc3483ae5a04db7ef2954315133a6f7d228e,shanghai,ca2-b9b0485322ceb6ce33a3,2024-08-14,YodlRouter,Arbitrary Call,src/test/2024-08/YodlRouter_exp.sol,mainnet,https://github.com/SunWeb3Sec/DeFiHackLabs/blob/main/past/2024/README.md,frozen_public_source_hashed,db3b13fa1cbf75bffec4662240ebd762c5af6c92d2608b9aecde80a8d7802b08,36acc17e9643c2cee1d7676b67516a6e87845f34933179f859fcd4b5de32b665,[],[],~5k,exact_contract_basename,True,True,,,2024-08-14,,,,blocked_missing_onchain_and_availability_evidence,"[""missing:deployment_block"", ""missing:prediction_cutoff_block"", ""missing:source_availability_time"", ""missing:runtime_bytecode_hash_at_cutoff"", ""missing:outcome_adjudication_id""]",retained,,cases/ca2-b9b0485322ceb6ce33a3.json,a578a59475635c7680332ad592472e75b627e4519f889882da3c8c0e01034228,cases/ca2-b9b0485322ceb6ce33a3.json,92ec0f69c5c4516c5b74f2eea9d84647ae57382b9522c133f82161419b12422d,,,,,,,,,,,,ca2-b9b0485322ceb6ce33a3,cases/ca2-b9b0485322ceb6ce33a3.json,92ec0f69c5c4516c5b74f2eea9d84647ae57382b9522c133f82161419b12422d,2024-07-29T13:29:47Z,2024-07-30T13:29:47Z,12535,,,1:0xe3a0bc3483ae5a04db7ef2954315133a6f7d228e,12b9e4167b1d3a12d6f07bdeb8d87b54779683893c7830e45b57916bf1897616,,,,,6bdb7fdd704d3d5195b27e6e861d7a607ba7bc0edace77b444869c2eece3323a,3c65296d7bae31ea88089cc749650311cca19a2944987d4c29b4aafac5b5c516,216ba2351022a7357d8ff166d31705896872d3a81e36249fff3357fe9e7052c7,DERIVED_STRICT_SNAPSHOT,DERIVED_STRICT_SNAPSHOT,DERIVED_CONSENSUS_RUNTIME_CODE,UNRESOLVED:requires_loupe_or_historical_event_resolver,UNRESOLVED_NO_CUTOFF_SOURCE_VERIFICATION_EVIDENCE,DERIVED_EXACT_CHAIN_ADDRESS,DERIVED_METADATA_STRIPPED_BYTECODE_SHA256,UNRESOLVED_INDEPENDENT_ADJUDICATION_REQUIRED,UNRESOLVED_INDEPENDENT_ADJUDICATION_REQUIRED,UNRESOLVED_METHODS_OWNER_FREEZE_REQUIRED
ompxcontract,defihacklabs,ethereum,20468779,0x09a80172ed7335660327cd664876b5df6fe06108,shanghai,ca2-1fe777829f28c3e02e1c,2024-08-16,OMPx Contract,FlashLoan,src/test/2024-08/OMPxContract_exp.sol,mainnet,https://github.com/SunWeb3Sec/DeFiHackLabs/blob/main/past/2024/README.md,frozen_public_source_hashed,db3b13fa1cbf75bffec4662240ebd762c5af6c92d2608b9aecde80a8d7802b08,ad9ffb6dea1f9d35dbdc975d55d68981e8b91afebeb3862781d6042c530da459,[],[],4.37 ETH (~11527 USD),exact_contract_basename,True,True,,,2024-08-16,,,,blocked_missing_onchain_and_availability_evidence,"[""missing:deployment_block"", ""missing:prediction_cutoff_block"", ""missing:source_availability_time"", ""missing:runtime_bytecode_hash_at_cutoff"", ""missing:outcome_adjudication_id""]",retained,,cases/ca2-1fe777829f28c3e02e1c.json,a6dda09a145bc49f0aa2a0cac74a9b6d5469e6441c87b3afa7845fff3ac175d1,cases/ca2-1fe777829f28c3e02e1c.json,14cb3f9417f5eea9a444e2a05c53da1c287fbbfaadf4473dad27cf2aed250791,,,,,,,,,,,,ca2-1fe777829f28c3e02e1c,cases/ca2-1fe777829f28c3e02e1c.json,14cb3f9417f5eea9a444e2a05c53da1c287fbbfaadf4473dad27cf2aed250791,2018-04-10T19:42:23Z,2018-04-11T19:42:27Z,5446,,,1:0x09a80172ed7335660327cd664876b5df6fe06108,7f63b7cbdc36cd0057617569b71a7accb9553d1cacc700939800335c98a47366,,,,,86e5ee844900b62c9c1928740aea49686e3b5ab4b9a4c5ec1f2ed5d50b3922ea,4c1fdd437ea7bb21a09420c6bc7c3f9f5a072d1ad3d6f07791b69a64ee52977e,4725cfc2238c0e8c6aeddf902cc665fc9424bdc3e220ff00477f5a9335e65bd5,DERIVED_STRICT_SNAPSHOT,DERIVED_STRICT_SNAPSHOT,DERIVED_CONSENSUS_RUNTIME_CODE,UNRESOLVED:requires_loupe_or_historical_event_resolver,UNRESOLVED_NO_CUTOFF_SOURCE_VERIFICATION_EVIDENCE,DERIVED_EXACT_CHAIN_ADDRESS,DERIVED_METADATA_STRIPPED_BYTECODE_SHA256,UNRESOLVED_INDEPENDENT_ADJUDICATION_REQUIRED,UNRESOLVED_INDEPENDENT_ADJUDICATION_REQUIRED,UNRESOLVED_METHODS_OWNER_FREEZE_REQUIRED
ivestdao,defihacklabs,bsc,41289497,0x2607118d363789f841d952f02e359bfa483955f9,shanghai,ca2-00003c2c7afe8e9ef32d,2024-08-12,iVest,Business logic flaw,src/test/2024-08/IvestDao_exp.sol,bsc,https://github.com/SunWeb3Sec/DeFiHackLabs/blob/main/past/2024/README.md,frozen_public_source_hashed,db3b13fa1cbf75bffec4662240ebd762c5af6c92d2608b9aecde80a8d7802b08,3e9d05606143ba2e59f912faca07eac1de876f180a999935f818fd4d5588d987,"[""https://x.com/AnciliaInc/status/1822870201698050064""]",[],~338 WBNB,exact_contract_basename,True,True,,,2024-08-12,,,,blocked_missing_onchain_and_availability_evidence,"[""missing:deployment_block"", ""missing:prediction_cutoff_block"", ""missing:source_availability_time"", ""missing:runtime_bytecode_hash_at_cutoff"", ""missing:outcome_adjudication_id""]",retained,,cases/ca2-00003c2c7afe8e9ef32d.json,cceb578aa1be8395c451135b99885bc6959270b2593d4700a6f7a140a1a55833,cases/ca2-00003c2c7afe8e9ef32d.json,d643c14c5296dd3aba1c0fe1fbc91c6d2e49e2d2c76538b9e6e11cd65192f646,,,,,,,,,,,,ca2-00003c2c7afe8e9ef32d,cases/ca2-00003c2c7afe8e9ef32d.json,d643c14c5296dd3aba1c0fe1fbc91c6d2e49e2d2c76538b9e6e11cd65192f646,2024-06-15T22:16:41Z,2024-06-16T22:16:43Z,14981,,,56:0x2607118d363789f841d952f02e359bfa483955f9,21aaaee65b8888b84b3233f12dea4e2077bf5c8c5e51ae3e1a0e9da53308f44a,,,,,2e1c0b139f5922e7fd5aa028d69f08a6d445fb85321cdc7269ed2528a1f6f143,f3fa7bad89b12cc2cfb1255ef347a02b1ac250d343428c998308dad638b54cb4,1dc04b62ce38c91f5d6882a9ad8a9d13d21ae203a53e1ed031065778a001e72c,DERIVED_STRICT_SNAPSHOT,DERIVED_STRICT_SNAPSHOT,DERIVED_CONSENSUS_RUNTIME_CODE,UNRESOLVED:requires_loupe_or_historical_event_resolver,UNRESOLVED_NO_CUTOFF_SOURCE_VERIFICATION_EVIDENCE,DERIVED_EXACT_CHAIN_ADDRESS,DERIVED_METADATA_STRIPPED_BYTECODE_SHA256,UNRESOLVED_INDEPENDENT_ADJUDICATION_REQUIRED,UNRESOLVED_INDEPENDENT_ADJUDICATION_REQUIRED,UNRESOLVED_METHODS_OWNER_FREEZE_REQUIRED
spectra_finance,defihacklabs,ethereum,20369956,0x3d20601ac0ba9cae4564ddf7870825c505b69f1a,shanghai,ca2-6996a5993263d8986598,2024-07-24,Spectra_finance,Incorrect input validation,src/test/2024-07/Spectra_finance_exp.sol,mainnet,https://github.com/SunWeb3Sec/DeFiHackLabs/blob/main/past/2024/README.md,frozen_public_source_hashed,db3b13fa1cbf75bffec4662240ebd762c5af6c92d2608b9aecde80a8d7802b08,87023fdb4a96cd88d008c1da77ba300aff39d330f447d3aaa157166628821278,"[""https://x.com/shoucccc/status/1815981585637990899""]",[],~73K USD,exact_contract_basename,True,True,,,2024-07-24,,,,blocked_missing_onchain_and_availability_evidence,"[""missing:deployment_block"", ""missing:prediction_cutoff_block"", ""missing:source_availability_time"", ""missing:runtime_bytecode_hash_at_cutoff"", ""missing:outcome_adjudication_id""]",retained,,cases/ca2-6996a5993263d8986598.json,76d542b08947d1579ad3cfcaa4613710184c8143c93416fa413a03b21ff223f9,cases/ca2-6996a5993263d8986598.json,9bb88c2a7105311b63bece5b39691bbe75a667b351fa8a22b7e4c8e7bf97786e,,,,,,,,,,,,ca2-6996a5993263d8986598,cases/ca2-6996a5993263d8986598.json,9bb88c2a7105311b63bece5b39691bbe75a667b351fa8a22b7e4c8e7bf97786e,2024-06-28T16:56:23Z,2024-06-29T16:56:23Z,1159,EIP1967_PROXY,,1:0x3d20601ac0ba9cae4564ddf7870825c505b69f1a,76cd9953534e3e5a9be56210e8a545c60d537d079e21d3b3650b57b8bb70412a,eip1967:0x51bdbfcd7656e2c25ad1bc8037f70572b7142ecc,,,,040d531b7371ca461f448779895925c53d9ef820bb1f41720c9621f0ae2883df,aae4254a11d5d216e4a4f6453ed4fcefb6a7bbde38893ded97c8a866b03f2a03,87eca559f900350b12f5eb75b17863a14d9fe3a7c089de451dc8953ce82382a9,DERIVED_STRICT_SNAPSHOT,DERIVED_STRICT_SNAPSHOT,DERIVED_CONSENSUS_RUNTIME_CODE,VERIFIED_STANDARD_PROXY,UNRESOLVED_NO_CUTOFF_SOURCE_VERIFICATION_EVIDENCE,DERIVED_EXACT_CHAIN_ADDRESS,DERIVED_METADATA_STRIPPED_BYTECODE_SHA256,UNRESOLVED_INDEPENDENT_ADJUDICATION_REQUIRED,UNRESOLVED_INDEPENDENT_ADJUDICATION_REQUIRED,UNRESOLVED_METHODS_OWNER_FREEZE_REQUIRED
zenterest,defihacklabs,ethereum,20541639,0xe3334e66634acf17b2b97ab560ec92d6861b25fa,shanghai,ca2-50a6237be75e1de28124,2024-08-16,Zenterest,Price Out Of Date,src/test/2024-08/Zenterest_exp.sol,mainnet,https://github.com/SunWeb3Sec/DeFiHackLabs/blob/main/past/2024/README.md,frozen_public_source_hashed,db3b13fa1cbf75bffec4662240ebd762c5af6c92d2608b9aecde80a8d7802b08,2a448a612293c9d84ff9cbe27ad819a7d38ad525d20b1906a248715619aed9ad,[],[],~21000 USD,exact_contract_basename,True,True,,,2024-08-16,,,,blocked_missing_onchain_and_availability_evidence,"[""missing:deployment_block"", ""missing:prediction_cutoff_block"", ""missing:source_availability_time"", ""missing:runtime_bytecode_hash_at_cutoff"", ""missing:outcome_adjudication_id""]",retained,,cases/ca2-50a6237be75e1de28124.json,a3e7de26acdcb42edf9d3456222894778b93e74e305408165f6a2fdbf36bf855,cases/ca2-50a6237be75e1de28124.json,6480946aa11b69000afffe7b886f097a88b2e30feae67ddaa96609790aa83953,,,,,,,,,,,,ca2-50a6237be75e1de28124,cases/ca2-50a6237be75e1de28124.json,6480946aa11b69000afffe7b886f097a88b2e30feae67ddaa96609790aa83953,2021-01-21T13:36:36Z,2021-01-22T13:36:48Z,20277,,,1:0xe3334e66634acf17b2b97ab560ec92d6861b25fa,de29825107356eda0575b2bd60465eb36add96c9e676c0cdcf8d6682c35d37c3,,,,,b845d8a6b7a7715a60ac60fe981bc363da42f08c470eb613635d22f52f67be1e,50bd3fb5f1743f51a55df863ba30c8338d6553c5e49e4f42a89d46e28fc3d521,ab00c64ca4260ecd63ba1e3d874515f9c347c09884f53abf44e4dab6de166010,DERIVED_STRICT_SNAPSHOT,DERIVED_STRICT_SNAPSHOT,DERIVED_CONSENSUS_RUNTIME_CODE,UNRESOLVED:requires_loupe_or_historical_event_resolver,UNRESOLVED_NO_CUTOFF_SOURCE_VERIFICATION_EVIDENCE,DERIVED_EXACT_CHAIN_ADDRESS,DERIVED_METADATA_STRIPPED_BYTECODE_SHA256,UNRESOLVED_INDEPENDENT_ADJUDICATION_REQUIRED,UNRESOLVED_INDEPENDENT_ADJUDICATION_REQUIRED,UNRESOLVED_METHODS_OWNER_FREEZE_REQUIRED
convergence,defihacklabs,ethereum,20434449,0x2b083beaac310cc5e190b1d2507038ccb03e7606,cancun,ca2-5c90f11e08cf22426454,2024-08-01,Convergence,Incorrect input validation,src/test/2024-08/Convergence_exp.sol,mainnet,https://github.com/SunWeb3Sec/DeFiHackLabs/blob/main/past/2024/README.md,frozen_public_source_hashed,db3b13fa1cbf75bffec4662240ebd762c5af6c92d2608b9aecde80a8d7802b08,b8311c732b7cebbbb253467cc6bdb4cc1cbc33dedae240f24d6305d42124358e,"[""https://x.com/DecurityHQ/status/1819030089012527510""]",[],~200K USD,exact_contract_basename,True,True,,,2024-08-01,,,,blocked_missing_onchain_and_availability_evidence,"[""missing:deployment_block"", ""missing:prediction_cutoff_block"", ""missing:source_availability_time"", ""missing:runtime_bytecode_hash_at_cutoff"", ""missing:outcome_adjudication_id""]",retained,,cases/ca2-5c90f11e08cf22426454.json,0dd32c19ba47d70dc03e60c1deba8e3e0dbd55b3d9943c3e8fe70ad0c201f360,cases/ca2-5c90f11e08cf22426454.json,c9687ddec38025f5aa52616f215b1f12848bf1e1a5804bce2b3ec47ce81e9fcf,,,,,,,,,,,,ca2-5c90f11e08cf22426454,cases/ca2-5c90f11e08cf22426454.json,c9687ddec38025f5aa52616f215b1f12848bf1e1a5804bce2b3ec47ce81e9fcf,2024-07-14T16:36:11Z,2024-07-15T16:36:11Z,2054,EIP1967_PROXY,,1:0x2b083beaac310cc5e190b1d2507038ccb03e7606,bfefea1e6374d83db5d99e551da3d8a052abc1912c8f18bb1273d1910dec9d10,eip1967:0x47c69e8c909ce626af73c955a5e34a20b7c71f19,,,,6d0bf8c5a276e60e009cd6a0eeedec304075f1bb8ca84d65b4e5c6b8b65f410c,06b06e847975fb1510eb13ed976b4e3dbc2179d25955e1bb0363de7eb284915f,a49881ac169a5028e7971f6e7f19260769fa007f7a237a77e44a6fd5dbd3867e,DERIVED_STRICT_SNAPSHOT,DERIVED_STRICT_SNAPSHOT,DERIVED_CONSENSUS_RUNTIME_CODE,VERIFIED_STANDARD_PROXY,UNRESOLVED_NO_CUTOFF_SOURCE_VERIFICATION_EVIDENCE,DERIVED_EXACT_CHAIN_ADDRESS,DERIVED_METADATA_STRIPPED_BYTECODE_SHA256,UNRESOLVED_INDEPENDENT_ADJUDICATION_REQUIRED,UNRESOLVED_INDEPENDENT_ADJUDICATION_REQUIRED,UNRESOLVED_METHODS_OWNER_FREEZE_REQUIRED
bankroll,defihacklabs,bsc,42481610,0x564d4126af2b195ffaa7fb470ed658b1d9d07a54,shanghai,ca2-003bb3e01f9c7c13410b,2024-09-23,Bankroll_Network,Incorrect input validation,src/test/2024-09/Bankroll_exp.sol,bsc,https://github.com/SunWeb3Sec/DeFiHackLabs/blob/main/past/2024/README.md,frozen_public_source_hashed,db3b13fa1cbf75bffec4662240ebd762c5af6c92d2608b9aecde80a8d7802b08,3c39a86665ecc26c9982889d59c366c58a1bdf8a29ae0c6b4be700b22fbc8666,"[""https://x.com/Phalcon_xyz/status/1838042368018137547""]",[],~404 WBNB (~234.8K USD),exact_contract_basename,True,True,,,2024-09-23,,,,blocked_missing_onchain_and_availability_evidence,"[""missing:deployment_block"", ""missing:prediction_cutoff_block"", ""missing:source_availability_time"", ""missing:runtime_bytecode_hash_at_cutoff"", ""missing:outcome_adjudication_id""]",retained,,cases/ca2-003bb3e01f9c7c13410b.json,fae72592b171c202b9c1e3d7db37bf4a445c27b850b556407c31c54d87a8337a,cases/ca2-003bb3e01f9c7c13410b.json,f341f4af641eb0c81c2debbd6027448ee275199c78ba88b05182a411502c254d,,,,,,,,,,,,ca2-003bb3e01f9c7c13410b,cases/ca2-003bb3e01f9c7c13410b.json,f341f4af641eb0c81c2debbd6027448ee275199c78ba88b05182a411502c254d,2021-03-10T02:53:55Z,2021-03-11T02:53:55Z,5676,,,56:0x564d4126af2b195ffaa7fb470ed658b1d9d07a54,c77592aac15a0cbc9817dae4496968f1469474dd65c6a46caf790c0880b959b4,,,,,d74028adb625b4fb5ea6d8fb953d1e64577ca78d319edd65f43e805db8081cc8,07d0ecd430be2ff1e31dca248933cc10212feb5dc236936ec92a779b1d58846e,1bba90220e0e861b1be055258f9ba8c8e34499ae92f49eabb3c51e8311209efe,DERIVED_STRICT_SNAPSHOT,DERIVED_STRICT_SNAPSHOT,DERIVED_CONSENSUS_RUNTIME_CODE,UNRESOLVED:requires_loupe_or_historical_event_resolver,UNRESOLVED_NO_CUTOFF_SOURCE_VERIFICATION_EVIDENCE,DERIVED_EXACT_CHAIN_ADDRESS,DERIVED_METADATA_STRIPPED_BYTECODE_SHA256,UNRESOLVED_INDEPENDENT_ADJUDICATION_REQUIRED,UNRESOLVED_INDEPENDENT_ADJUDICATION_REQUIRED,UNRESOLVED_METHODS_OWNER_FREEZE_REQUIRED
caterpillar_coin_cut,defihacklabs,bsc,42131696,0x7057f3b0f4d0649b428f0d8378a8a0e7d21d36a7,shanghai,ca2-9aabe02b00ee6b15427c,2024-09-10,Caterpillar_Coin_CUT,Price Manipulation,src/test/2024-09/Caterpillar_Coin_CUT_exp.sol,bsc,https://github.com/SunWeb3Sec/DeFiHackLabs/blob/main/past/2024/README.md,frozen_public_source_hashed,db3b13fa1cbf75bffec4662240ebd762c5af6c92d2608b9aecde80a8d7802b08,cf32cd5a5a6b4da42050cc415153314d929909395b95937ca1248f0c79b71774,"[""https://www.certik.com/zh-CN/resources/blog/caterpillar-coin-cut-token-incident-analysis""]",[],~1.4M USD,exact_contract_basename,True,True,,,2024-09-10,,,,blocked_missing_onchain_and_availability_evidence,"[""missing:deployment_block"", ""missing:prediction_cutoff_block"", ""missing:source_availability_time"", ""missing:runtime_bytecode_hash_at_cutoff"", ""missing:outcome_adjudication_id""]",retained,,cases/ca2-9aabe02b00ee6b15427c.json,8f0f0fa2a578e503536c9f1b002e45dad478f6aeacda2ffde0cf3ac5833c877d,cases/ca2-9aabe02b00ee6b15427c.json,e77ae11bc1cfa4b53ba207f53636e3bac1dff2da21fb4a21dc1ee8563e2952d2,,,,,,,,,,,,ca2-9aabe02b00ee6b15427c,cases/ca2-9aabe02b00ee6b15427c.json,e77ae11bc1cfa4b53ba207f53636e3bac1dff2da21fb4a21dc1ee8563e2952d2,2024-07-26T10:14:56Z,2024-07-27T10:14:58Z,14332,,,56:0x7057f3b0f4d0649b428f0d8378a8a0e7d21d36a7,fd38c658f0388bcedf2d5f873c1d3290216c80584dae14290cc3f16b2fb5b16f,,,,,966e84380d88d0446e048a9652e394b40146a0ffe64872009f162510453ba8ca,bbcd12fa7886d48c16240a33972be97b29110fcf8d85e841e35c46feaa98bd5e,b86e401a211b7c1d8cf1ecab787145e4f4abfde2ff238265b091e307a6d94af3,DERIVED_STRICT_SNAPSHOT,DERIVED_STRICT_SNAPSHOT,DERIVED_CONSENSUS_RUNTIME_CODE,UNRESOLVED:requires_loupe_or_historical_event_resolver,UNRESOLVED_NO_CUTOFF_SOURCE_VERIFICATION_EVIDENCE,DERIVED_EXACT_CHAIN_ADDRESS,DERIVED_METADATA_STRIPPED_BYTECODE_SHA256,UNRESOLVED_INDEPENDENT_ADJUDICATION_REQUIRED,UNRESOLVED_INDEPENDENT_ADJUDICATION_REQUIRED,UNRESOLVED_METHODS_OWNER_FREEZE_REQUIRED
otseastaking,defihacklabs,ethereum,20738190,0xf2c8e860ca12cde3f3195423ecf54427a4f30916,shanghai,ca2-a21d0869309e8d547595,2024-09-13,OTSeaStaking,Logic Flaw,src/test/2024-09/OTSeaStaking_exp.sol,mainnet,https://github.com/SunWeb3Sec/DeFiHackLabs/blob/main/past/2024/README.md,frozen_public_source_hashed,db3b13fa1cbf75bffec4662240ebd762c5af6c92d2608b9aecde80a8d7802b08,658f99af8543e5f9c74db757b63c9621b283f8d91aed1805b3a1f953901553e9,[],[],26k,exact_contract_basename,True,True,,,2024-09-13,,,,blocked_missing_onchain_and_availability_evidence,"[""missing:deployment_block"", ""missing:prediction_cutoff_block"", ""missing:source_availability_time"", ""missing:runtime_bytecode_hash_at_cutoff"", ""missing:outcome_adjudication_id""]",retained,,cases/ca2-a21d0869309e8d547595.json,735c761799e51c177d3ace132a55dfe8773b85f17b70576507c395fdc6322529,cases/ca2-a21d0869309e8d547595.json,1c5119600a7ff9f46fa17d8c9722eba706b97573dd26332e9c83a3e59d82b05e,,,,,,,,,,,,ca2-a21d0869309e8d547595,cases/ca2-a21d0869309e8d547595.json,1c5119600a7ff9f46fa17d8c9722eba706b97573dd26332e9c83a3e59d82b05e,2024-01-30T07:00:59Z,2024-01-31T07:00:59Z,10466,,,1:0xf2c8e860ca12cde3f3195423ecf54427a4f30916,c2bdb1e460450dd09d3054e006022c29aae95aa6ca2f6b5664b3cb8f3c568b7c,,,,,5f70e3dd662ce304295f66aecd0b3ba29503be8f3636ad8145400f913653569f,1675b67db503bd105c1c5ac80e8e31fb6024ee71001f66166218f1b8f70f25cb,10f374cad9c37e3c7c18b89fed517ec6718820e6884de36487c928ba37b4f47d,DERIVED_STRICT_SNAPSHOT,DERIVED_STRICT_SNAPSHOT,DERIVED_CONSENSUS_RUNTIME_CODE,UNRESOLVED:requires_loupe_or_historical_event_resolver,UNRESOLVED_NO_CUTOFF_SOURCE_VERIFICATION_EVIDENCE,DERIVED_EXACT_CHAIN_ADDRESS,DERIVED_METADATA_STRIPPED_BYTECODE_SHA256,UNRESOLVED_INDEPENDENT_ADJUDICATION_REQUIRED,UNRESOLVED_INDEPENDENT_ADJUDICATION_REQUIRED,UNRESOLVED_METHODS_OWNER_FREEZE_REQUIRED
bedrock_defi,defihacklabs,ethereum,20836583,0x047d41f2544b7f63a8e991af2068a363d210d6da,shanghai,ca2-297229c8f057f9088676,2024-09-26,Bedrock_DeFi,Swap ETH/BTC 1/1 in mint function,src/test/2024-09/Bedrock_DeFi_exp.sol,bsc,https://github.com/SunWeb3Sec/DeFiHackLabs/blob/main/past/2024/README.md,frozen_public_source_hashed,db3b13fa1cbf75bffec4662240ebd762c5af6c92d2608b9aecde80a8d7802b08,9aa197eace1fcf522dfd1ee2eebc75a566d3b810cb51e7b136536c595df81301,"[""https://bscscan.com/tx/0x0fe3716431f8c2e43217c3ca6d25eed87e14d0fbfa9c9ee8ce4cef2e5ec4583c"", ""https://x.com/certikalert/status/1839403126694326374""]","[""0x0fe3716431f8c2e43217c3ca6d25eed87e14d0fbfa9c9ee8ce4cef2e5ec4583c""]",27.83925883 BTC (~$1.7M USD),exact_contract_basename,True,True,,,2024-09-26,,,,blocked_missing_onchain_and_availability_evidence,"[""missing:deployment_block"", ""missing:prediction_cutoff_block"", ""missing:source_availability_time"", ""missing:runtime_bytecode_hash_at_cutoff"", ""missing:outcome_adjudication_id""]",retained,,cases/ca2-297229c8f057f9088676.json,e46fe29e640f2a4ce518317324e48b9edb1ef9c017c5b6dfc795f003f8f03854,cases/ca2-297229c8f057f9088676.json,ea8ddac7fb2a28002262ca85dfbf257cb70db48fdd94351e02d2454f8c2f31a6,,,,,,,,,,,,ca2-297229c8f057f9088676,cases/ca2-297229c8f057f9088676.json,ea8ddac7fb2a28002262ca85dfbf257cb70db48fdd94351e02d2454f8c2f31a6,2024-04-13T08:55:47Z,2024-04-14T08:55:47Z,2227,EIP1967_PROXY,,1:0x047d41f2544b7f63a8e991af2068a363d210d6da,12487716809e31b6703ad3c3701d7188dfe813e4e04c5ba3968c4261bc8c1a7f,eip1967:0x317b8e2739616c9ea30c4f7e51c1d48c47876ef6,,,,4226688a012aeafde311d343f2b063ac8ee76afb0d5e61afad02beaf6d446e4d,20d08f5f9396ba0d52a049ae810b8c2dddf0ab9edb7a91076f8184de0491c356,60340754e65e91399271d393465c8cd36ac60312b32521c80fbe48a105d3f4be,DERIVED_STRICT_SNAPSHOT,DERIVED_STRICT_SNAPSHOT,DERIVED_CONSENSUS_RUNTIME_CODE,VERIFIED_STANDARD_PROXY,UNRESOLVED_NO_CUTOFF_SOURCE_VERIFICATION_EVIDENCE,DERIVED_EXACT_CHAIN_ADDRESS,DERIVED_METADATA_STRIPPED_BYTECODE_SHA256,UNRESOLVED_INDEPENDENT_ADJUDICATION_REQUIRED,UNRESOLVED_INDEPENDENT_ADJUDICATION_REQUIRED,UNRESOLVED_METHODS_OWNER_FREEZE_REQUIRED
aizpttoken,defihacklabs,bsc,42846997,0xbe779d420b7d573c08eee226b9958737b6218888,shanghai,ca2-9ccf44443a293b02fdd3,2024-10-05,AIZPTToken,Wrong Price Calculation,src/test/2024-10/AIZPTToken_exp.sol,bsc,https://github.com/SunWeb3Sec/DeFiHackLabs/blob/main/past/2024/README.md,frozen_public_source_hashed,db3b13fa1cbf75bffec4662240ebd762c5af6c92d2608b9aecde80a8d7802b08,72807c8cebe2203904864485f9f63f2014d9c4a22a65b77ffbae3fd31b5786ac,[],[],,exact_contract_basename,True,True,,,2024-10-05,,,,blocked_missing_onchain_and_availability_evidence,"[""missing:deployment_block"", ""missing:prediction_cutoff_block"", ""missing:source_availability_time"", ""missing:runtime_bytecode_hash_at_cutoff"", ""missing:outcome_adjudication_id""]",retained,,cases/ca2-9ccf44443a293b02fdd3.json,e96e388eecce9a73f0900e4cabc1565881dabfa6dcb95b2eeaa912d2933c92fb,cases/ca2-9ccf44443a293b02fdd3.json,38c57111b2b739dca38bdb46476234311cfe8b3f9efd2d384df79dcaeadc65d8,,,,,,,,,,,,ca2-9ccf44443a293b02fdd3,cases/ca2-9ccf44443a293b02fdd3.json,38c57111b2b739dca38bdb46476234311cfe8b3f9efd2d384df79dcaeadc65d8,2024-07-28T14:46:36Z,2024-07-29T14:46:37Z,4360,,,56:0xbe779d420b7d573c08eee226b9958737b6218888,a1ee11ade351b6674d8ccb7ffa98ddc9967d9a191737081cb4f8d0b48ee974e7,,,,,fc2e5668df997f7de97e83375ab2a455bf7fef69ac95cc64fcce752fca61a8d3,7ca2785f4be095a5d2cc9258900c1d990042e4cfdfb6cac7b2cf5f000892cd75,47aa7fe483f68a139e9cb2fe94b0302624ea9634e144537c43cc667246624d72,DERIVED_STRICT_SNAPSHOT,DERIVED_STRICT_SNAPSHOT,DERIVED_CONSENSUS_RUNTIME_CODE,UNRESOLVED:requires_loupe_or_historical_event_resolver,UNRESOLVED_NO_CUTOFF_SOURCE_VERIFICATION_EVIDENCE,DERIVED_EXACT_CHAIN_ADDRESS,DERIVED_METADATA_STRIPPED_BYTECODE_SHA256,UNRESOLVED_INDEPENDENT_ADJUDICATION_REQUIRED,UNRESOLVED_INDEPENDENT_ADJUDICATION_REQUIRED,UNRESOLVED_METHODS_OWNER_FREEZE_REQUIRED
onyxdao,defihacklabs,ethereum,20834657,0xf10bc5be84640236c71173d1809038af4ee19002,shanghai,ca2-194c50c55dd95140a294,2024-09-26,OnyxDAO,Fake Market,src/test/2024-09/OnyxDAO_exp.sol,mainnet,https://github.com/SunWeb3Sec/DeFiHackLabs/blob/main/past/2024/README.md,frozen_public_source_hashed,db3b13fa1cbf75bffec4662240ebd762c5af6c92d2608b9aecde80a8d7802b08,9313f6a01a70788eb7e77125e1eb2cf6cd2391d272fec34298301bd064e99f73,"[""https://x.com/peckshield/status/1839302663680438342""]",[],"4.1M VUSD, 7.35M XCN, 5K DAI, 0.23 WBTC, 50K USDT (>$3.8M USD)",exact_contract_basename,True,True,,,2024-09-26,,,,blocked_missing_onchain_and_availability_evidence,"[""missing:deployment_block"", ""missing:prediction_cutoff_block"", ""missing:source_availability_time"", ""missing:runtime_bytecode_hash_at_cutoff"", ""missing:outcome_adjudication_id""]",retained,,cases/ca2-194c50c55dd95140a294.json,5c9771e8f92ea3fc97e30fea82e93d3eda6a242d1f928b1469f9cf6d73c70da6,cases/ca2-194c50c55dd95140a294.json,2de19cc9b487bd5e8fbcfa6e5fdda56fa114d9b5d8462d27df8a09aa283724bd,,,,,,,,,,,,ca2-194c50c55dd95140a294,cases/ca2-194c50c55dd95140a294.json,2de19cc9b487bd5e8fbcfa6e5fdda56fa114d9b5d8462d27df8a09aa283724bd,2023-02-28T15:32:59Z,2023-03-01T15:32:59Z,13006,,,1:0xf10bc5be84640236c71173d1809038af4ee19002,a22504e00edec29e771e0541f538d26dee4c82ef403a66af8c84b6e0705eae49,,,,,5b9f0fe6eccf5fc5fc59099c54f8ffa9254dd2877e1e8bb69b2cd13cc9fc42e2,f4d1aa5ccfddcaec466232c04c04fe79a864052dfef8a41517ada905bd321d13,93c43b18beebdb365f5433323de9fd161b08f44bd7b149f6b4fd3160f38f3640,DERIVED_STRICT_SNAPSHOT,DERIVED_STRICT_SNAPSHOT,DERIVED_CONSENSUS_RUNTIME_CODE,UNRESOLVED:requires_loupe_or_historical_event_resolver,UNRESOLVED_NO_CUTOFF_SOURCE_VERIFICATION_EVIDENCE,DERIVED_EXACT_CHAIN_ADDRESS,DERIVED_METADATA_STRIPPED_BYTECODE_SHA256,UNRESOLVED_INDEPENDENT_ADJUDICATION_REQUIRED,UNRESOLVED_INDEPENDENT_ADJUDICATION_REQUIRED,UNRESOLVED_METHODS_OWNER_FREEZE_REQUIRED
StrategyLlamaLendConvex,defihacklabs-temporal-replacement-finalization,ethereum,22929492,0x75b7db3e11138134fe4744553b5e5e3d6546d289,,ca2-6f776e614c2662f41a7a,2025-07-16,StrategyLlamaLendConvex,replacement_candidate,,ethereum,,replacement_candidate_historical_snapshot_verified,26c513373c13671c6d695a5ddc824a6db08a7322dbd6d75a9c80de929aa23533,71c3c5ab73ae5a6d145231493a8dfa90f3615f479ed06859b498bb84fcbd02c3,[],"[""0x2ff7c23dca7e9a86c70004696802cbd37d6a77fc4f3e02522b16617045b764f6""]",,frozen_chain_global_order_finalization,True,True,22433695,22440760,22929493,,0a948e6804bf4b2f930ee929925ab56084446f0f2f726914ef8c0d35747f3ebb,,replacement_candidate_selected,[],replacement,ca2-0fa9395ce4552eadc7fb,cases/ca2-0fa9395ce4552eadc7fb.json,66f1faac27de0d893ecea57b527a3c7a0a7b68856968a32a3e9bf21bc0c3f3ee,,,cases/ca2r-c5000b611e63dc8b50ad.json,79ca0d006f639fd9fc987004d975cd2adec20f11d5e7aa81dad52c926ead4220,historical_cases/ca2r-c5000b611e63dc8b50ad/ca2r-c5000b611e63dc8b50ad.json,d42d395e0bba3c370389dd583e91fa8837190036ae808bc9d1f242e89ed877a8,1,first_eligible_unique_from_frozen_chain_global_order,26c513373c13671c6d695a5ddc824a6db08a7322dbd6d75a9c80de929aa23533,d3b80fe4ed7198fc900616b269408c1d0485ef8f000f46d37adb75be862a4a9c,22929492,0x2ff7c23dca7e9a86c70004696802cbd37d6a77fc4f3e02522b16617045b764f6,ca2r-c5000b611e63dc8b50ad,ca2r-c5000b611e63dc8b50ad,historical_cases/ca2r-c5000b611e63dc8b50ad/ca2r-c5000b611e63dc8b50ad.json,d42d395e0bba3c370389dd583e91fa8837190036ae808bc9d1f242e89ed877a8,2025-05-07T19:04:47Z,2025-05-08T19:04:47Z,11777,EIP1967_PROXY,,1:0x75b7db3e11138134fe4744553b5e5e3d6546d289,317873154f2d4dada1a53f26449f70dafe7056090dd4b0ed673b2335dce09fb4,eip1967:0xd377919fa87120584b21279a491f82d5265a139c,,,,898226a388914458e6ebc798e9174cbc534f6c724df949889edb7eccf13b1674,ae7f0673f1f99bfc8d3f4d8ae2c37cbcfa5cd663fd0b321727fcd02eb61825ad,2a775cf9f251b502f516eebcdfca12446bda063a814a1b4fc87f0b06af4701d1,DERIVED_STRICT_SNAPSHOT,DERIVED_STRICT_SNAPSHOT,DERIVED_CONSENSUS_RUNTIME_CODE,VERIFIED_STANDARD_PROXY,UNRESOLVED_NO_CUTOFF_SOURCE_VERIFICATION_EVIDENCE,DERIVED_EXACT_CHAIN_ADDRESS,DERIVED_METADATA_STRIPPED_BYTECODE_SHA256,UNRESOLVED_INDEPENDENT_ADJUDICATION_REQUIRED,UNRESOLVED_INDEPENDENT_ADJUDICATION_REQUIRED,UNRESOLVED_METHODS_OWNER_FREEZE_REQUIRED
hydt,defihacklabs,bsc,42985310,0xa2268fcc2fe7a2bb755fbe5a7b3ac346ddfedb9b,cancun,ca2-196bde1bc084a841e794,2024-10-10,HYDT,Oracle Price Manipulation,src/test/2024-10/HYDT_exp.sol,bsc,https://github.com/SunWeb3Sec/DeFiHackLabs/blob/main/past/2024/README.md,frozen_public_source_hashed,db3b13fa1cbf75bffec4662240ebd762c5af6c92d2608b9aecde80a8d7802b08,d03b733d95e5e35cab9dba563e3ecb4185c482f5b3b124ebcce29958df36e9fa,"[""https://x.com/TenArmorAlert/status/1844241843518951451""]",[],,exact_contract_basename,True,True,,,2024-10-10,,,,blocked_missing_onchain_and_availability_evidence,"[""missing:deployment_block"", ""missing:prediction_cutoff_block"", ""missing:source_availability_time"", ""missing:runtime_bytecode_hash_at_cutoff"", ""missing:outcome_adjudication_id""]",retained,,cases/ca2-196bde1bc084a841e794.json,beca3dacd937457c562a92905261795296a68278f53cd01c14f6262cbd55e2b3,cases/ca2-196bde1bc084a841e794.json,b93a1a0a71fe0bb4d0a701d8bbfcea037e40a7a3519c1139627d8722895fb9c4,,,,,,,,,,,,ca2-196bde1bc084a841e794,cases/ca2-196bde1bc084a841e794.json,b93a1a0a71fe0bb4d0a701d8bbfcea037e40a7a3519c1139627d8722895fb9c4,2024-01-05T10:22:36Z,2024-01-06T10:22:37Z,4978,,,56:0xa2268fcc2fe7a2bb755fbe5a7b3ac346ddfedb9b,e75ae6cdfd0b4e688605c1d0f512f0708f5ad816342c59ddcca1a90b3a22c251,,,,,5321f28a900538520a5237a896b8f06eaa2e1e5db31256118ab2f0e6b3c3b175,de8bca3c0e3b04bf79bb2adaef9c254c4eb72aa26ae18ff2da786b784257fe81,3ba0aa6a7626144362bda31f59e9f16652dcbd96f3a229820891985bdb544c9d,DERIVED_STRICT_SNAPSHOT,DERIVED_STRICT_SNAPSHOT,DERIVED_CONSENSUS_RUNTIME_CODE,UNRESOLVED:requires_loupe_or_historical_event_resolver,UNRESOLVED_NO_CUTOFF_SOURCE_VERIFICATION_EVIDENCE,DERIVED_EXACT_CHAIN_ADDRESS,DERIVED_METADATA_STRIPPED_BYTECODE_SHA256,UNRESOLVED_INDEPENDENT_ADJUDICATION_REQUIRED,UNRESOLVED_INDEPENDENT_ADJUDICATION_REQUIRED,UNRESOLVED_METHODS_OWNER_FREEZE_REQUIRED
PegaBall,defihacklabs-temporal-replacement-finalization,ethereum,22626977,0x29003dd6b9970ad658314fffb61e42f352c41630,,ca2-1bee07e4cd2ee7c6892c,2025-06-03,PegaBall,replacement_candidate,,ethereum,,replacement_candidate_historical_snapshot_verified,484cd5860334b3288da48da8bff6506bdda0ef553ab53c8018170ecdfc07d4f8,3c7abe5b4c115ff7578c78968007578750dcbaf1bac69cbd0623769773cb2471,[],"[""0x3cecc3f347edff1d27a0c929f2e7a4c04522afb3a74e24db94684cb6b51b1d65""]",,frozen_chain_global_order_finalization,True,True,19003242,19010400,22626978,,699b20c9b03269b66d70b4ddc25d24cd0a23730e0f7c3c7010d295c6d9667b46,,replacement_candidate_selected,[],replacement,ca2-a4270f1ffef2f72b2237,cases/ca2-a4270f1ffef2f72b2237.json,e6a4212eb9c1234392882f3da0f1e88417b8d65cb399185e76a569b4fbc4910c,,,cases/ca2r-b2a222e969681c109367.json,dfbf3fa0e9fafff57b22088a1c55ab6530290dde060d822a6af8a5315a974cab,historical_cases/ca2r-b2a222e969681c109367/ca2r-b2a222e969681c109367.json,bfed423f9a4bf51fbee1e5c5d955638bbf32e4076bd7b4fb7b6eb06803a017c5,11,first_eligible_unique_from_frozen_chain_global_order,484cd5860334b3288da48da8bff6506bdda0ef553ab53c8018170ecdfc07d4f8,d3b80fe4ed7198fc900616b269408c1d0485ef8f000f46d37adb75be862a4a9c,22626977,0x3cecc3f347edff1d27a0c929f2e7a4c04522afb3a74e24db94684cb6b51b1d65,ca2r-b2a222e969681c109367,ca2r-b2a222e969681c109367,historical_cases/ca2r-b2a222e969681c109367/ca2r-b2a222e969681c109367.json,bfed423f9a4bf51fbee1e5c5d955638bbf32e4076bd7b4fb7b6eb06803a017c5,2024-01-14T06:09:11Z,2024-01-15T06:09:11Z,24562,,,1:0x29003dd6b9970ad658314fffb61e42f352c41630,69ac7c60d00665d0af614add342a47921584fe719ff55521ac8d920055c7a043,,,,,c3b10ce68f04b7f0ae44afbf7f9ebe99b04310fd93ad58db36f16f4a61103ed1,ca2c4aec387d4b147b86856c0242e0390db96924b0951b3c87432b60459a6664,fcbad31cdf789105141854e7e588efa8fe8344b3017f202ee552a35bd9104a54,DERIVED_STRICT_SNAPSHOT,DERIVED_STRICT_SNAPSHOT,DERIVED_CONSENSUS_RUNTIME_CODE,UNRESOLVED:requires_loupe_or_historical_event_resolver,UNRESOLVED_NO_CUTOFF_SOURCE_VERIFICATION_EVIDENCE,DERIVED_EXACT_CHAIN_ADDRESS,DERIVED_METADATA_STRIPPED_BYTECODE_SHA256,UNRESOLVED_INDEPENDENT_ADJUDICATION_REQUIRED,UNRESOLVED_INDEPENDENT_ADJUDICATION_REQUIRED,UNRESOLVED_METHODS_OWNER_FREEZE_REQUIRED
morphoblue,defihacklabs,ethereum,20956051,0xbbbbbbbbbb9cc5e90e3b3af64bdaf62c37eeffcb,shanghai,ca2-2656a778ab34f3a823cd,2024-10-13,MorphoBlue,Overpriced Asset in Oracle,src/test/2024-10/MorphoBlue_exp.sol,mainnet,https://github.com/SunWeb3Sec/DeFiHackLabs/blob/main/past/2024/README.md,frozen_public_source_hashed,db3b13fa1cbf75bffec4662240ebd762c5af6c92d2608b9aecde80a8d7802b08,d183dfa70752be760bff13a307b62b2dd981f393011e68cb3abffe1f99a43fa8,"[""https://x.com/omeragoldberg/status/1845515843787960661""]",[],"$230,000",exact_contract_basename,True,True,,,2024-10-13,,,,blocked_missing_onchain_and_availability_evidence,"[""missing:deployment_block"", ""missing:prediction_cutoff_block"", ""missing:source_availability_time"", ""missing:runtime_bytecode_hash_at_cutoff"", ""missing:outcome_adjudication_id""]",retained,,cases/ca2-2656a778ab34f3a823cd.json,b002e00e7f2231b45e4ee9db348f379c9a81f25c34cfdbed962acafe25bee85f,cases/ca2-2656a778ab34f3a823cd.json,e516713d08eb6888ed0c9d412021047fc809d391ca2df7292a80cd9278997ff2,,,,,,,,,,,,ca2-2656a778ab34f3a823cd,cases/ca2-2656a778ab34f3a823cd.json,e516713d08eb6888ed0c9d412021047fc809d391ca2df7292a80cd9278997ff2,2023-12-28T09:09:23Z,2023-12-29T09:09:23Z,15623,,,1:0xbbbbbbbbbb9cc5e90e3b3af64bdaf62c37eeffcb,8b9139d8dc22eff6182d03794e0ed3ba8da75fc7c6fdf13aeb1c76d1b7cbc286,,,,,dd890458092ef602d8a2c90bb27b6dc2488ea2daf2d4fb5aa80f51e9b61e3490,df13d5b707b1d0d57bc169da4b20d9f5c0a185ec51c54cbcd5d127ba73c72a06,bd5949d834b32440cc4fc25adc4d307cdab88c201ea6eb27614bfcfa1af4b586,DERIVED_STRICT_SNAPSHOT,DERIVED_STRICT_SNAPSHOT,DERIVED_CONSENSUS_RUNTIME_CODE,UNRESOLVED:requires_loupe_or_historical_event_resolver,UNRESOLVED_NO_CUTOFF_SOURCE_VERIFICATION_EVIDENCE,DERIVED_EXACT_CHAIN_ADDRESS,DERIVED_METADATA_STRIPPED_BYTECODE_SHA256,UNRESOLVED_INDEPENDENT_ADJUDICATION_REQUIRED,UNRESOLVED_INDEPENDENT_ADJUDICATION_REQUIRED,UNRESOLVED_METHODS_OWNER_FREEZE_REQUIRED
penpiexyzio,defihacklabs,ethereum,20671877,0x6e799758cee75dae3d84e09d40dc416ecf713652,shanghai,ca2-8b19d47d1a3d23da742b,2024-09-03,Penpiexyz_io,Reentrancy and Reward Manipulation,src/test/2024-09/Penpiexyzio_exp.sol,mainnet,https://github.com/SunWeb3Sec/DeFiHackLabs/blob/main/past/2024/README.md,frozen_public_source_hashed,db3b13fa1cbf75bffec4662240ebd762c5af6c92d2608b9aecde80a8d7802b08,718b51fd914b292ad81f374f7b05f598beb46923d3d6438ea5bf80ed0aa91bac,"[""https://x.com/AnciliaInc/status/1831080555292856476"", ""https://x.com/Penpiexyz_io/status/1831462760787452240"", ""https://x.com/hackenclub/status/1831383106554573099"", ""https://x.com/peckshield/status/1831072098669953388""]",[],"11,113.6 ETH (~$27,348,259 USD)",exact_contract_basename,True,True,,,2024-09-03,,,,blocked_missing_onchain_and_availability_evidence,"[""missing:deployment_block"", ""missing:prediction_cutoff_block"", ""missing:source_availability_time"", ""missing:runtime_bytecode_hash_at_cutoff"", ""missing:outcome_adjudication_id""]",retained,,cases/ca2-8b19d47d1a3d23da742b.json,409c8f5af95cc612d4d05dee14971dbf1e40a277fdcd0a156aa268282bb64e05,cases/ca2-8b19d47d1a3d23da742b.json,c89d98842adc7d8394493d919d90ee9f1772956639eb0f63d5af81aee901f5b8,,,,,,,,,,,,ca2-8b19d47d1a3d23da742b,cases/ca2-8b19d47d1a3d23da742b.json,c89d98842adc7d8394493d919d90ee9f1772956639eb0f63d5af81aee901f5b8,2023-06-04T10:50:59Z,2023-06-05T10:50:59Z,2068,EIP1967_PROXY,,1:0x6e799758cee75dae3d84e09d40dc416ecf713652,1b8deb61ac7fe1be1ef877ab60e676e6c26da31c8c8de2dbc6f51a8d06b1bf44,eip1967:0x72469eb66de133f2a39573867809ed64b9b1739f,,,,c2d7c363a7d66317896ac7fda72823bf74024a31804ca60bcb79bedcf6ffb38d,a4c79b4327e212b3e15f8a587626c67e3620e9b988799c18efd1b76e1fb88311,df2c0a02c07811bf5e81a62d5c33711be20a30b956cb992a01f4e4941508e149,DERIVED_STRICT_SNAPSHOT,DERIVED_STRICT_SNAPSHOT,DERIVED_CONSENSUS_RUNTIME_CODE,VERIFIED_STANDARD_PROXY,UNRESOLVED_NO_CUTOFF_SOURCE_VERIFICATION_EVIDENCE,DERIVED_EXACT_CHAIN_ADDRESS,DERIVED_METADATA_STRIPPED_BYTECODE_SHA256,UNRESOLVED_INDEPENDENT_ADJUDICATION_REQUIRED,UNRESOLVED_INDEPENDENT_ADJUDICATION_REQUIRED,UNRESOLVED_METHODS_OWNER_FREEZE_REQUIRED
vista,defihacklabs,bsc,43305237,0x493361d6164093936c86dcb35ad03b4c0d032076,cancun,ca2-7efff287d58605a4cc72,2024-10-22,Vista,flashmint receive error,src/test/2024-10/VISTA_exp.sol,bsc,https://github.com/SunWeb3Sec/DeFiHackLabs/blob/main/past/2024/README.md,frozen_public_source_hashed,db3b13fa1cbf75bffec4662240ebd762c5af6c92d2608b9aecde80a8d7802b08,f7ec459e7280d79f1fa7ab6dd7bc9ad362da13664762a503ad3aec7309b64cd9,"[""https://x.com/TenArmorAlert/status/1848403791881900130""]",[],"$28,000",exact_contract_basename,True,True,,,2024-10-22,,,,blocked_missing_onchain_and_availability_evidence,"[""missing:deployment_block"", ""missing:prediction_cutoff_block"", ""missing:source_availability_time"", ""missing:runtime_bytecode_hash_at_cutoff"", ""missing:outcome_adjudication_id""]",retained,,cases/ca2-7efff287d58605a4cc72.json,46b74eb2935582c950a10bc9958ffbd929e58a76c60fa422790f34637055af02,cases/ca2-7efff287d58605a4cc72.json,91edab5f1d6a1a5dff7c2254afe75b10a23d7079004caa1b852b518b929d048b,,,,,,,,,,,,ca2-7efff287d58605a4cc72,cases/ca2-7efff287d58605a4cc72.json,91edab5f1d6a1a5dff7c2254afe75b10a23d7079004caa1b852b518b929d048b,2023-07-19T08:36:38Z,2023-07-20T08:36:40Z,13095,,,56:0x493361d6164093936c86dcb35ad03b4c0d032076,9e0fe73f4ead523f96d2f0c273c53a5d89ba8d614bfb11ee033446383fb02db4,,,,,fa298eae46c8ca491b4013229c8ae703f5608c400ce80070837b94ae34373fa2,d1b3e6adb6f08d002e1552993b9e1f0d24f5871a78f0e77886a600803102caea,c6cf878b3ad609c2743b2fd9628fece53669078a86dc3356ff9d0293f0b4ebb5,DERIVED_STRICT_SNAPSHOT,DERIVED_STRICT_SNAPSHOT,DERIVED_CONSENSUS_RUNTIME_CODE,UNRESOLVED:requires_loupe_or_historical_event_resolver,UNRESOLVED_NO_CUTOFF_SOURCE_VERIFICATION_EVIDENCE,DERIVED_EXACT_CHAIN_ADDRESS,DERIVED_METADATA_STRIPPED_BYTECODE_SHA256,UNRESOLVED_INDEPENDENT_ADJUDICATION_REQUIRED,UNRESOLVED_INDEPENDENT_ADJUDICATION_REQUIRED,UNRESOLVED_METHODS_OWNER_FREEZE_REQUIRED
WXC,defihacklabs-temporal-replacement-finalization,bsc,57177438,0x8087720eeea59f9f04787065447d52150c09643e,,ca2-15ae4c22b54f390dc4fe,2025-08-11,WXC,replacement_candidate,,bsc,,replacement_candidate_historical_snapshot_verified,98d42e0e05f702f3f45e72ec6f6b079cd8d08705b3ac47fe304da7e7e7ce4bf1,dae8ec57f38ec248a2eb63ab09ebf1da8cb1837a67ed2a4a69df204c705b9ffc,[],"[""0x1397bc7f0d284f8e2e30d0a9edd0db1f3eb0dd284c75e30d226b02bf09ad068f""]",,frozen_chain_global_order_finalization,True,True,56030356,56145552,57177438,,65f9db61df14109ff165eb5b6ba869b3cd2194b5d536bfed7ca77524e8aefe59,,replacement_candidate_selected,[],replacement,ca2-8dd7451bbe256eb45bfb,cases/ca2-8dd7451bbe256eb45bfb.json,a8037b567d198e908bfca29b2fac82af37c8fdbf6629097c585ca997021dd2b1,,,cases/ca2r-90eb561aa424bfd69e9c.json,4e625f611a3e72330a6c1145f302173dae2948455fb2c89e0020872e17619294,historical_cases/ca2r-90eb561aa424bfd69e9c/ca2r-90eb561aa424bfd69e9c.json,b0a8568890fcb0dd8a115c3282a9cdcb56f83130ecb965c93f907636cfae07af,23,first_eligible_unique_from_frozen_chain_global_order,98d42e0e05f702f3f45e72ec6f6b079cd8d08705b3ac47fe304da7e7e7ce4bf1,d3b80fe4ed7198fc900616b269408c1d0485ef8f000f46d37adb75be862a4a9c,57177438,0x1397bc7f0d284f8e2e30d0a9edd0db1f3eb0dd284c75e30d226b02bf09ad068f,ca2r-90eb561aa424bfd69e9c,ca2r-90eb561aa424bfd69e9c,historical_cases/ca2r-90eb561aa424bfd69e9c/ca2r-90eb561aa424bfd69e9c.json,b0a8568890fcb0dd8a115c3282a9cdcb56f83130ecb965c93f907636cfae07af,2025-08-01T03:59:53Z,2025-08-02T03:59:53Z,708,EIP1967_PROXY,,56:0x8087720eeea59f9f04787065447d52150c09643e,4a3efcda36022b8aa1ab0a72b5466df88687e3e619be105f109432b549c54d19,eip1967:0x13dc7f825e5b97be1f53b7db4253a7c73b5068d6,,,,aea88dba760c58af7e67d384253b780bb25848c6398d93e4cc67dec5bfa2b04c,1b9e33a71d8b338598bde4c78a657b1f11dc8e8dff8be090eb5bddced99d9375,f8885c43ab00573e397125af664a4ef45c4e8a39fa4457543dc7fc3f5a963886,DERIVED_STRICT_SNAPSHOT,DERIVED_STRICT_SNAPSHOT,DERIVED_CONSENSUS_RUNTIME_CODE,VERIFIED_STANDARD_PROXY,UNRESOLVED_NO_CUTOFF_SOURCE_VERIFICATION_EVIDENCE,DERIVED_EXACT_CHAIN_ADDRESS,DERIVED_METADATA_STRIPPED_BYTECODE_SHA256,UNRESOLVED_INDEPENDENT_ADJUDICATION_REQUIRED,UNRESOLVED_INDEPENDENT_ADJUDICATION_REQUIRED,UNRESOLVED_METHODS_OWNER_FREEZE_REQUIRED
pledge,defihacklabs,bsc,44555337,0x061944c0f3c2d7dabafb50813efb05c4e0c952e1,shanghai,ca2-382283494db3462edcb4,2024-12-03,Pledge,Access Control,src/test/2024-12/Pledge_exp.sol,bsc,https://github.com/SunWeb3Sec/DeFiHackLabs/blob/main/past/2024/README.md,frozen_public_source_hashed,db3b13fa1cbf75bffec4662240ebd762c5af6c92d2608b9aecde80a8d7802b08,bbd7857a04b61866f20b3ae8c1b80afc2339103d3359a42af7253db0c510a94b,"[""https://x.com/TenArmorAlert/status/1864126176848965810""]",[],15K,exact_contract_basename,True,True,,,2024-12-03,,,,blocked_missing_onchain_and_availability_evidence,"[""missing:deployment_block"", ""missing:prediction_cutoff_block"", ""missing:source_availability_time"", ""missing:runtime_bytecode_hash_at_cutoff"", ""missing:outcome_adjudication_id""]",retained,,cases/ca2-382283494db3462edcb4.json,267ae92ec68317466f9be9eee0c95cc786ef5c19ef26a241bab8362601ac6996,cases/ca2-382283494db3462edcb4.json,5019f7990cb72c06687eb0b4797fec6415adfd1c4eec86261f84359351b9edab,,,,,,,,,,,,ca2-382283494db3462edcb4,cases/ca2-382283494db3462edcb4.json,5019f7990cb72c06687eb0b4797fec6415adfd1c4eec86261f84359351b9edab,2024-11-23T16:01:47Z,2024-11-24T16:01:47Z,12954,,,56:0x061944c0f3c2d7dabafb50813efb05c4e0c952e1,d31ee3b15ff62d88acc5a151dd3bca84fb8ac470a3013bd89c5b22348bd440c6,,,,,eb60341dba5ab3624e0bea621f6a1af09645ad6a4b8cdf10b6f84459e2a0cf80,6ba32c261b20e9ab8e99a3b387100d949499157e879e9767f164c84e75873373,dabfa698961ea1ed9dece6a47d796ea20d23e53b183beaf6a41db1a8fc17516a,DERIVED_STRICT_SNAPSHOT,DERIVED_STRICT_SNAPSHOT,DERIVED_CONSENSUS_RUNTIME_CODE,UNRESOLVED:requires_loupe_or_historical_event_resolver,UNRESOLVED_NO_CUTOFF_SOURCE_VERIFICATION_EVIDENCE,DERIVED_EXACT_CHAIN_ADDRESS,DERIVED_METADATA_STRIPPED_BYTECODE_SHA256,UNRESOLVED_INDEPENDENT_ADJUDICATION_REQUIRED,UNRESOLVED_INDEPENDENT_ADJUDICATION_REQUIRED,UNRESOLVED_METHODS_OWNER_FREEZE_REQUIRED
veth,defihacklabs,ethereum,21184777,0x280a8955a11fcd81d72ba1f99d265a48ce39ac2e,shanghai,ca2-a7021cd43eafc6f1fd33,2024-11-14,vETH,Vulnerable Price Dependency,src/test/2024-11/vETH_exp.sol,mainnet,https://github.com/SunWeb3Sec/DeFiHackLabs/blob/main/past/2024/README.md,frozen_public_source_hashed,db3b13fa1cbf75bffec4662240ebd762c5af6c92d2608b9aecde80a8d7802b08,fc813b43840d85f7d8d31498638a4b8e2ab8afb5d76cd912d0b9d119fb604418,"[""https://x.com/TenArmorAlert/status/1856984299905716645""]",[],447k,exact_contract_basename,True,True,,,2024-11-14,,,,blocked_missing_onchain_and_availability_evidence,"[""missing:deployment_block"", ""missing:prediction_cutoff_block"", ""missing:source_availability_time"", ""missing:runtime_bytecode_hash_at_cutoff"", ""missing:outcome_adjudication_id""]",retained,,cases/ca2-a7021cd43eafc6f1fd33.json,be505f36c181cc4dde63a3dd2decd9f7394d23ec4d9986ce39c2c45436dded35,cases/ca2-a7021cd43eafc6f1fd33.json,c2377acab02e8966979df73a9f34c675f14b6a24bc91c7cfc662fe438ce3f019,,,,,,,,,,,,ca2-a7021cd43eafc6f1fd33,cases/ca2-a7021cd43eafc6f1fd33.json,c2377acab02e8966979df73a9f34c675f14b6a24bc91c7cfc662fe438ce3f019,2024-10-27T09:08:11Z,2024-10-28T09:08:11Z,5238,,,1:0x280a8955a11fcd81d72ba1f99d265a48ce39ac2e,c45afdc4bc9a95584fc797e2dc81f1f317072b26f38f2e18f7b9bd1b8aa74b8d,,,,,542361f7d6aceea9f8ba4ff401730aee2476cf4e8386d2005650acf2d99f97b0,6c186c7170fb45e8bfe819d2c924404c2afa44a91f3378f647059b9ca9c0d890,3960d87e57d4ee6708982319a6084a980752b1604a6b509346649c9d626869ac,DERIVED_STRICT_SNAPSHOT,DERIVED_STRICT_SNAPSHOT,DERIVED_CONSENSUS_RUNTIME_CODE,UNRESOLVED:requires_loupe_or_historical_event_resolver,UNRESOLVED_NO_CUTOFF_SOURCE_VERIFICATION_EVIDENCE,DERIVED_EXACT_CHAIN_ADDRESS,DERIVED_METADATA_STRIPPED_BYTECODE_SHA256,UNRESOLVED_INDEPENDENT_ADJUDICATION_REQUIRED,UNRESOLVED_INDEPENDENT_ADJUDICATION_REQUIRED,UNRESOLVED_METHODS_OWNER_FREEZE_REQUIRED
gain,defihacklabs,ethereum,19277619,0xde59b88abefa5e6c8aa6d742eee0f887dab136ac,shanghai,ca2-7a01249aabcf9ab600cc,2024-02-21,GAIN,bad function implementation,src/test/2024-02/GAIN_exp.sol,mainnet,https://github.com/SunWeb3Sec/DeFiHackLabs/blob/main/past/2024/README.md,frozen_public_source_hashed,db3b13fa1cbf75bffec4662240ebd762c5af6c92d2608b9aecde80a8d7802b08,8481bf88380d95cfcd6dd0107aceb38157f92251d744f439b8d8322b5a858b82,[],[],~6.4 ETH,exact_contract_basename,True,True,,,2024-02-21,,,,blocked_missing_onchain_and_availability_evidence,"[""missing:deployment_block"", ""missing:prediction_cutoff_block"", ""missing:source_availability_time"", ""missing:runtime_bytecode_hash_at_cutoff"", ""missing:outcome_adjudication_id""]",retained,,cases/ca2-7a01249aabcf9ab600cc.json,3a1dabc72f061775daef9aec5eb82c2cbdf54e65a0871487317a9a37ff0aa99e,cases/ca2-7a01249aabcf9ab600cc.json,ad732fc5fd0a5f98e6a99da19110af2a169149f21c11f0508e781719904b8679,,,,,,,,,,,,ca2-7a01249aabcf9ab600cc,cases/ca2-7a01249aabcf9ab600cc.json,ad732fc5fd0a5f98e6a99da19110af2a169149f21c11f0508e781719904b8679,2022-07-21T12:33:28Z,2022-07-22T12:33:30Z,15869,,,1:0xde59b88abefa5e6c8aa6d742eee0f887dab136ac,11cc6fc24b1affb702945c5e71e740fa2f5f5ca3a337b3cfef6ea5cc3c86ab76,,,,,a8d80dafb6714f66b6448ee3dd00e7bdbef0d3b35a193e5e58a0d00ce4a70735,e39ca56ff8091aca61de9288b0ee1797f179441900e9650c0ac4ca8e7b4d42c8,6d74ef5b8ec8f7043a0ce9b906df52ca8d7faa6ecae95307f7382b2cb33863a3,DERIVED_STRICT_SNAPSHOT,DERIVED_STRICT_SNAPSHOT,DERIVED_CONSENSUS_RUNTIME_CODE,UNRESOLVED:requires_loupe_or_historical_event_resolver,UNRESOLVED_NO_CUTOFF_SOURCE_VERIFICATION_EVIDENCE,DERIVED_EXACT_CHAIN_ADDRESS,DERIVED_METADATA_STRIPPED_BYTECODE_SHA256,UNRESOLVED_INDEPENDENT_ADJUDICATION_REQUIRED,UNRESOLVED_INDEPENDENT_ADJUDICATION_REQUIRED,UNRESOLVED_METHODS_OWNER_FREEZE_REQUIRED
it,defihacklabs,bsc,36934258,0x1ac5fac863c0a026e029b173f2ae4d33938ab473,shanghai,ca2-5293bf48f2bcc29baaff,2024-03-13,IT,business logic flaw,src/test/2024-03/IT_exp.sol,bsc,https://github.com/SunWeb3Sec/DeFiHackLabs/blob/main/past/2024/README.md,frozen_public_source_hashed,db3b13fa1cbf75bffec4662240ebd762c5af6c92d2608b9aecde80a8d7802b08,24b3ff5aa8ea66c76b0175a2eb51abdd7641c659bb0e57687f8f765b165ca5bc,[],[],~13k USDT,exact_contract_basename,True,True,,,2024-03-13,,,,blocked_missing_onchain_and_availability_evidence,"[""missing:deployment_block"", ""missing:prediction_cutoff_block"", ""missing:source_availability_time"", ""missing:runtime_bytecode_hash_at_cutoff"", ""missing:outcome_adjudication_id""]",retained,,cases/ca2-5293bf48f2bcc29baaff.json,7acb24f95d4e25199d2f0859a18cf3ce20fa060e1681705a6684279ef0f6e036,cases/ca2-5293bf48f2bcc29baaff.json,2ea14c934fc1e8e1ee8bdbc66ee4d781e0a156cde776c9165b03821d31479543,,,,,,,,,,,,ca2-5293bf48f2bcc29baaff,cases/ca2-5293bf48f2bcc29baaff.json,2ea14c934fc1e8e1ee8bdbc66ee4d781e0a156cde776c9165b03821d31479543,2024-03-09T20:56:42Z,2024-03-10T20:56:42Z,17132,,,56:0x1ac5fac863c0a026e029b173f2ae4d33938ab473,eb4f5b219dd3bf4e28d92ab999e1e65d065f3f14e6dbcd04a275398d6b6f3216,,,,,d031cc01ef0087d7842ada36ace73f0742ab206ef104a2448c2d2a9ba22b632d,615c89921888356c26e2fc8767be8ca3471c1458e4041ec1bb22f27aed902178,87df3d57e7d9d5767026619dbf6bedbd29dfafeef86225b2e902590222b0b61a,DERIVED_STRICT_SNAPSHOT,DERIVED_STRICT_SNAPSHOT,DERIVED_CONSENSUS_RUNTIME_CODE,UNRESOLVED:requires_loupe_or_historical_event_resolver,UNRESOLVED_NO_CUTOFF_SOURCE_VERIFICATION_EVIDENCE,DERIVED_EXACT_CHAIN_ADDRESS,DERIVED_METADATA_STRIPPED_BYTECODE_SHA256,UNRESOLVED_INDEPENDENT_ADJUDICATION_REQUIRED,UNRESOLVED_INDEPENDENT_ADJUDICATION_REQUIRED,UNRESOLVED_METHODS_OWNER_FREEZE_REQUIRED
cloberdex,defihacklabs,base,23514450,0x6a0b87d6b74f7d5c92722f6a11714dbeda9f3895,cancun,ca2-5b927b3791414bdc410e,2024-12-10,CloberDEX,Reentrancy,src/test/2024-12/CloberDEX_exp.sol,base,https://github.com/SunWeb3Sec/DeFiHackLabs/blob/main/past/2024/README.md,frozen_public_source_hashed,db3b13fa1cbf75bffec4662240ebd762c5af6c92d2608b9aecde80a8d7802b08,30394d79e505bad575a4eab456ad11a0e72a8b0db7dbae41a6053522f0f35850,"[""https://x.com/peckshield/status/1866443215186088048""]",[],~501K US$ (133.7 WETH),exact_contract_basename,True,True,,,2024-12-10,,,,blocked_missing_onchain_and_availability_evidence,"[""missing:deployment_block"", ""missing:prediction_cutoff_block"", ""missing:source_availability_time"", ""missing:runtime_bytecode_hash_at_cutoff"", ""missing:outcome_adjudication_id""]",retained,,cases/ca2-5b927b3791414bdc410e.json,3cda1e736a25c7ea015384a2b9f93abf98cdb5add548cb8f0e959ab5918e8c79,cases/ca2-5b927b3791414bdc410e.json,85eb4653923609ba1686f3b96d29ac5f9b01a755fe5124a2659497cde64fc29b,,,,,,,,,,,,ca2-5b927b3791414bdc410e,cases/ca2-5b927b3791414bdc410e.json,85eb4653923609ba1686f3b96d29ac5f9b01a755fe5124a2659497cde64fc29b,2024-11-29T08:56:53Z,2024-11-30T08:56:53Z,17841,,,8453:0x6a0b87d6b74f7d5c92722f6a11714dbeda9f3895,f8d09a3b080898ef37d0b29b034a2264a4d812379034aafe71e4c2fa3c7a13bd,,,,,ef30a70ea5e025c826f40dfe0576a0dc62fcf195ca10f8bd41d7896d9a1fb4f5,17958a731734943c5c324a2fdcd8eb69ba303cba9b8cb81f7ce11a9434c6bd97,f55abe985d49adf3c7cdecb376254854ea8bb10c84289002e03019bf0c058436,DERIVED_STRICT_SNAPSHOT,DERIVED_STRICT_SNAPSHOT,DERIVED_CONSENSUS_RUNTIME_CODE,UNRESOLVED:requires_loupe_or_historical_event_resolver,UNRESOLVED_NO_CUTOFF_SOURCE_VERIFICATION_EVIDENCE,DERIVED_EXACT_CHAIN_ADDRESS,DERIVED_METADATA_STRIPPED_BYTECODE_SHA256,UNRESOLVED_INDEPENDENT_ADJUDICATION_REQUIRED,UNRESOLVED_INDEPENDENT_ADJUDICATION_REQUIRED,UNRESOLVED_METHODS_OWNER_FREEZE_REQUIRED
unverified,defihacklabs-temporal-replacement-finalization,bsc,54350435,0x8fd3d01cc65ea0e4dfffde7ec8159dc99a177f0a,,ca2-95b35bd7c797a707a0fe,2025-07-17,unverified,replacement_candidate,,bsc,,replacement_candidate_historical_snapshot_verified,fc37769ddee29951d96caf3ecda361f6fa95200699b1a4a87c380742e1d0f17d,8d2b7a1d0de79fed84c623c43597b1ac0415b4d3c91059847a7bbb6725201687,[],"[""0xf2eeaa87a049fb914dfe8c9f1a878fa9a3aab78688107844794dacd5ada99563""]",,frozen_chain_global_order_finalization,True,True,20346294,20375094,54350436,,eb2252b0e2ab02560f962bd4ff4546075166bdf9f1bfff57ec30137fef97ecf4,,replacement_candidate_selected,[],replacement,ca2-399010b287f06a594153,cases/ca2-399010b287f06a594153.json,26a1af537159fa8cc656b17a2e22c18193edc5f289cb89155c1a3decf6d6a1df,,,cases/ca2r-5c2f397092821899808b.json,a06799c77c97688f7322a40d04c6571f04668d3c168cd46f6a94dbc744e84982,historical_cases/ca2r-5c2f397092821899808b/ca2r-5c2f397092821899808b.json,69646fbbd82e33f7f45cd42514bb996235b07ccd6ac7e4bfea10f82d82a24183,10,first_eligible_unique_from_frozen_chain_global_order,fc37769ddee29951d96caf3ecda361f6fa95200699b1a4a87c380742e1d0f17d,d3b80fe4ed7198fc900616b269408c1d0485ef8f000f46d37adb75be862a4a9c,54350435,0xf2eeaa87a049fb914dfe8c9f1a878fa9a3aab78688107844794dacd5ada99563,ca2r-5c2f397092821899808b,ca2r-5c2f397092821899808b,historical_cases/ca2r-5c2f397092821899808b/ca2r-5c2f397092821899808b.json,69646fbbd82e33f7f45cd42514bb996235b07ccd6ac7e4bfea10f82d82a24183,2022-08-11T11:19:30Z,2022-08-12T11:19:30Z,10289,,,56:0x8fd3d01cc65ea0e4dfffde7ec8159dc99a177f0a,ea7f9def11a87f16e60b2678d6e61475ba9f7a630d855dce73fa84f83bb5c154,,,,,40410fe89c9c12a48f7bd16d8a0abd7f73dcb33cc60e55425f160c13d96c01c3,1d46370755fd9195255429dd0147e35b4015cc3fc0053b87dded5e74a1e420c7,37e4ab1a6e877865074f28a2d624e0e540bfa64cc07612c18160d7e9415fbdfd,DERIVED_STRICT_SNAPSHOT,DERIVED_STRICT_SNAPSHOT,DERIVED_CONSENSUS_RUNTIME_CODE,UNRESOLVED:requires_loupe_or_historical_event_resolver,UNRESOLVED_NO_CUTOFF_SOURCE_VERIFICATION_EVIDENCE,DERIVED_EXACT_CHAIN_ADDRESS,DERIVED_METADATA_STRIPPED_BYTECODE_SHA256,UNRESOLVED_INDEPENDENT_ADJUDICATION_REQUIRED,UNRESOLVED_INDEPENDENT_ADJUDICATION_REQUIRED,UNRESOLVED_METHODS_OWNER_FREEZE_REQUIRED
ast,defihacklabs,bsc,45964639,0xc10e0319337c7f83342424df72e73a70a29579b2,shanghai,ca2-f869139a8dcac0542bd9,2025-01-21,Ast,Price-Manipulation,src/test/2025-01/Ast_exp.sol,bsc,https://github.com/SunWeb3Sec/DeFiHackLabs/blob/main/past/2025/README.md,frozen_public_source_hashed,d3b80fe4ed7198fc900616b269408c1d0485ef8f000f46d37adb75be862a4a9c,7b7a89fd412d9b417ccc04f2de16350b219139c4e166ff7202a34b4a7e9aae50,"[""https://medium.com/@joichiro.sai/ast-token-hack-how-a-faulty-transfer-logic-led-to-a-65k-exploit-da75aed59a43""]",[],~65K,exact_contract_basename,True,True,,,2025-01-21,,,,blocked_missing_onchain_and_availability_evidence,"[""missing:deployment_block"", ""missing:prediction_cutoff_block"", ""missing:source_availability_time"", ""missing:runtime_bytecode_hash_at_cutoff"", ""missing:outcome_adjudication_id""]",retained,,cases/ca2-f869139a8dcac0542bd9.json,2f586651c2a00acb10d435a4b85d3a7f302adca7d368dc98783c4b69db312d2d,cases/ca2-f869139a8dcac0542bd9.json,1da3f79049d7283e7b329f1abf5e930dc01604e0bcd266f1be3ee57b300f677d,,,,,,,,,,,,ca2-f869139a8dcac0542bd9,cases/ca2-f869139a8dcac0542bd9.json,1da3f79049d7283e7b329f1abf5e930dc01604e0bcd266f1be3ee57b300f677d,2025-01-17T11:31:22Z,2025-01-18T11:31:22Z,6905,,,56:0xc10e0319337c7f83342424df72e73a70a29579b2,c45f14e90190214cc736164ae3907c0447fdfaa23a87ff0cff608172c0dd9c9a,,,,,c9ce8336a979821c5502d37c1790abe519a8247cc08dc70c7ac2fac825a7ee68,6a9d84a74dfcb0ab84eee8908bc61182d67e4ed7a0a60402711b6b336b453162,598d031970bc1e1c03c9774200fa0e0665b4fe9a37a2213962baa77793770bac,DERIVED_STRICT_SNAPSHOT,DERIVED_STRICT_SNAPSHOT,DERIVED_CONSENSUS_RUNTIME_CODE,UNRESOLVED:requires_loupe_or_historical_event_resolver,UNRESOLVED_NO_CUTOFF_SOURCE_VERIFICATION_EVIDENCE,DERIVED_EXACT_CHAIN_ADDRESS,DERIVED_METADATA_STRIPPED_BYTECODE_SHA256,UNRESOLVED_INDEPENDENT_ADJUDICATION_REQUIRED,UNRESOLVED_INDEPENDENT_ADJUDICATION_REQUIRED,UNRESOLVED_METHODS_OWNER_FREEZE_REQUIRED
ipc,defihacklabs,bsc,45561315,0xeab0d46682ac707a06aefb0ac72a91a3fd6fe5d1,shanghai,ca2-dc0f5864cf0c7c7db3d8,2025-01-07,IPC Incorrect burn pairs,Logic Flaw,src/test/2025-01/IPC_exp.sol,bsc,https://github.com/SunWeb3Sec/DeFiHackLabs/blob/main/past/2025/README.md,frozen_public_source_hashed,d3b80fe4ed7198fc900616b269408c1d0485ef8f000f46d37adb75be862a4a9c,ddc79cd55c305763b5718c12d1e60770fa5b11982bab363fd06156b14c7cb62a,"[""https://x.com/TenArmorAlert/status/1876663900663370056""]",[],～590k USDT,exact_contract_basename,True,True,,,2025-01-07,,,,blocked_missing_onchain_and_availability_evidence,"[""missing:deployment_block"", ""missing:prediction_cutoff_block"", ""missing:source_availability_time"", ""missing:runtime_bytecode_hash_at_cutoff"", ""missing:outcome_adjudication_id""]",retained,,cases/ca2-dc0f5864cf0c7c7db3d8.json,f866d8aecd4c8e55f9e2da8ad7bc2aaf00129778c62a976b6136f0be384c35f1,cases/ca2-dc0f5864cf0c7c7db3d8.json,f49f5eb8d2903073b7b562df4d29ce0909fc69d5a71bcb50127012ec937df30a,,,,,,,,,,,,ca2-dc0f5864cf0c7c7db3d8,cases/ca2-dc0f5864cf0c7c7db3d8.json,f49f5eb8d2903073b7b562df4d29ce0909fc69d5a71bcb50127012ec937df30a,2024-12-31T05:17:04Z,2025-01-01T05:17:05Z,6685,,,56:0xeab0d46682ac707a06aefb0ac72a91a3fd6fe5d1,1f648b042291a738dfa67ffa49776bb75143bade7c2e8fe4fed4c46c07aaee3f,,,,,cdb3f31225c3f585c2418f22fb09dcef204e2cac9b20a6ef97a5a98437ef91a8,ae84cc7b871bbefbac15d6d12bf913ac2f4a30e03066afcc200bcd510d2af50b,c88175a737d60a5155ae6ae2662731eb6ac8f75c6f5e90692bdc58c829c33619,DERIVED_STRICT_SNAPSHOT,DERIVED_STRICT_SNAPSHOT,DERIVED_CONSENSUS_RUNTIME_CODE,UNRESOLVED:requires_loupe_or_historical_event_resolver,UNRESOLVED_NO_CUTOFF_SOURCE_VERIFICATION_EVIDENCE,DERIVED_EXACT_CHAIN_ADDRESS,DERIVED_METADATA_STRIPPED_BYTECODE_SHA256,UNRESOLVED_INDEPENDENT_ADJUDICATION_REQUIRED,UNRESOLVED_INDEPENDENT_ADJUDICATION_REQUIRED,UNRESOLVED_METHODS_OWNER_FREEZE_REQUIRED
xbridge,defihacklabs,ethereum,19723700,0x47ddb6a433b76117a98fbeab5320d8b67d468e31,shanghai,ca2-ed09542f8921c91cd3ec,2024-04-24,XBridge,Logic Flaw,src/test/2024-04/XBridge_exp.sol,mainnet,https://github.com/SunWeb3Sec/DeFiHackLabs/blob/main/past/2024/README.md,frozen_public_source_hashed,db3b13fa1cbf75bffec4662240ebd762c5af6c92d2608b9aecde80a8d7802b08,70e2ab58742aaf9a4e662227327ef2ae7b16b5e08895955bd63d80b4c12066b9,[],[],">200k USD(plus a lot of STC, SRLTY, Mazi tokens)",exact_contract_basename,True,True,,,2024-04-24,,,,blocked_missing_onchain_and_availability_evidence,"[""missing:deployment_block"", ""missing:prediction_cutoff_block"", ""missing:source_availability_time"", ""missing:runtime_bytecode_hash_at_cutoff"", ""missing:outcome_adjudication_id""]",retained,,cases/ca2-ed09542f8921c91cd3ec.json,f26e43db86e8c92acf4082ba88c3b51b3e6e1afb6f3378f4e7df2558c8d5d388,cases/ca2-ed09542f8921c91cd3ec.json,65e96981b71f55eefed092f1ad54ea05db8e7a3626017ad2aaaad7f786eb09f8,,,,,,,,,,,,ca2-ed09542f8921c91cd3ec,cases/ca2-ed09542f8921c91cd3ec.json,65e96981b71f55eefed092f1ad54ea05db8e7a3626017ad2aaaad7f786eb09f8,2023-10-20T11:41:35Z,2023-10-21T11:41:35Z,1516,,,1:0x47ddb6a433b76117a98fbeab5320d8b67d468e31,7e5cf86f068b0cf4182924d5fe1313ddfc4075633fe9c3b4758430321f66556c,,,,,eaba42ad23e049993848885aafadb6e14b59a512250f09a4666c015b4ce7a6b0,217796f890550b8508534a363cb4b76d7c816ed2a5ee8bac7ae59066b6dbfceb,4fe819ac6afdca45cc6a2d9c3a7f97cc7bbb84ef305cfba880e1649f90078330,DERIVED_STRICT_SNAPSHOT,DERIVED_STRICT_SNAPSHOT,DERIVED_CONSENSUS_RUNTIME_CODE,UNRESOLVED:requires_loupe_or_historical_event_resolver,UNRESOLVED_NO_CUTOFF_SOURCE_VERIFICATION_EVIDENCE,DERIVED_EXACT_CHAIN_ADDRESS,DERIVED_METADATA_STRIPPED_BYTECODE_SHA256,UNRESOLVED_INDEPENDENT_ADJUDICATION_REQUIRED,UNRESOLVED_INDEPENDENT_ADJUDICATION_REQUIRED,UNRESOLVED_METHODS_OWNER_FREEZE_REQUIRED
idols_nft,defihacklabs,ethereum,21624138,0x439cac149b935ae1d726569800972e1669d17094,shanghai,ca2-5675dfa92c14429a4b9f,2025-01-14,IdolsNFT,Logic Flaw,src/test/2025-01/IdolsNFT_exp.sol,mainnet,https://github.com/SunWeb3Sec/DeFiHackLabs/blob/main/past/2025/README.md,frozen_public_source_hashed,d3b80fe4ed7198fc900616b269408c1d0485ef8f000f46d37adb75be862a4a9c,868b9be18a0789554d921c0844e28292c78530ef4c77e73c58e41c2895ef3742,"[""https://x.com/TenArmorAlert/status/1879376744161132981""]",[],97 stETH,exact_contract_basename,True,True,,,2025-01-14,,,,blocked_missing_onchain_and_availability_evidence,"[""missing:deployment_block"", ""missing:prediction_cutoff_block"", ""missing:source_availability_time"", ""missing:runtime_bytecode_hash_at_cutoff"", ""missing:outcome_adjudication_id""]",retained,,cases/ca2-5675dfa92c14429a4b9f.json,d4366f7b5ba23b7a465a44d4c0bbdb6ac4e0306aba1a1fc4b18cf7a409baa294,cases/ca2-5675dfa92c14429a4b9f.json,a94c10a3a6ab6bb2d358fa7b4abed61e79d5fbfa655a02b6054659dabf429543,,,,,,,,,,,,ca2-5675dfa92c14429a4b9f,cases/ca2-5675dfa92c14429a4b9f.json,a94c10a3a6ab6bb2d358fa7b4abed61e79d5fbfa655a02b6054659dabf429543,2022-03-02T00:24:23Z,2022-03-03T00:24:26Z,24062,,,1:0x439cac149b935ae1d726569800972e1669d17094,ca1284b272c9223d4cc1f976ca4b5ff19df662c6d8e64428a12b69fadb66e14b,,,,,314dde7cdaa5753ea0cef98f23d40259d4f216197f2eafca721585a6c7b3a7f9,ccd3df45a86736d9973fd62f0dc2359279759c0b5547b50633d1ee1dff1eddc1,d7dbd11722e9a2951be23634d6d3c6444d23f4cde496c121ee763769e1906e4e,DERIVED_STRICT_SNAPSHOT,DERIVED_STRICT_SNAPSHOT,DERIVED_CONSENSUS_RUNTIME_CODE,UNRESOLVED:requires_loupe_or_historical_event_resolver,UNRESOLVED_NO_CUTOFF_SOURCE_VERIFICATION_EVIDENCE,DERIVED_EXACT_CHAIN_ADDRESS,DERIVED_METADATA_STRIPPED_BYTECODE_SHA256,UNRESOLVED_INDEPENDENT_ADJUDICATION_REQUIRED,UNRESOLVED_INDEPENDENT_ADJUDICATION_REQUIRED,UNRESOLVED_METHODS_OWNER_FREEZE_REQUIRED
j_pulsepot,defihacklabs,bsc,45640245,0x384b9fb6e42dab87f3023d87ea1575499a69998e,shanghai,ca2-bc3880c8e3766b6a9ca4,2025-01-10,JPulsepot,Logic Flaw,src/test/2025-01/JPulsepot_exp.sol,bsc,https://github.com/SunWeb3Sec/DeFiHackLabs/blob/main/past/2025/README.md,frozen_public_source_hashed,d3b80fe4ed7198fc900616b269408c1d0485ef8f000f46d37adb75be862a4a9c,3ee5050bda4d0e1f19bba7164803941d3b2da80284574919148fa049305d9bf3,"[""https://x.com/CertiKAlert/status/1877662352834793639""]",[],21.5K,exact_contract_basename,True,True,,,2025-01-10,,,,blocked_missing_onchain_and_availability_evidence,"[""missing:deployment_block"", ""missing:prediction_cutoff_block"", ""missing:source_availability_time"", ""missing:runtime_bytecode_hash_at_cutoff"", ""missing:outcome_adjudication_id""]",retained,,cases/ca2-bc3880c8e3766b6a9ca4.json,fd340b7d8f5d3525b801243245e45107d18d706597f448fbee33ed2c32f98cfd,cases/ca2-bc3880c8e3766b6a9ca4.json,edd17969e901994206b6bba677ae4804e9fd04d3b85f71671b7a418989a562c7,,,,,,,,,,,,ca2-bc3880c8e3766b6a9ca4,cases/ca2-bc3880c8e3766b6a9ca4.json,edd17969e901994206b6bba677ae4804e9fd04d3b85f71671b7a418989a562c7,2023-06-17T02:08:38Z,2023-06-18T02:08:38Z,21515,,,56:0x384b9fb6e42dab87f3023d87ea1575499a69998e,850bb95628d34db38a128cc5a4377ab5e86a841c9c27bf13b541a35541a05058,,,,,80167c578f8abf84a4fb1a2648f8b7422cd62fb234859b7d95dfa4f4108b2d8a,34664401a0b87d226ca03b39a4f4290d56ed364e1d1714c0606a0cc2bf118ad6,2472c9376d63afa1453585704551979d416d59d528f143db706c3e1d454d7235,DERIVED_STRICT_SNAPSHOT,DERIVED_STRICT_SNAPSHOT,DERIVED_CONSENSUS_RUNTIME_CODE,UNRESOLVED:requires_loupe_or_historical_event_resolver,UNRESOLVED_NO_CUTOFF_SOURCE_VERIFICATION_EVIDENCE,DERIVED_EXACT_CHAIN_ADDRESS,DERIVED_METADATA_STRIPPED_BYTECODE_SHA256,UNRESOLVED_INDEPENDENT_ADJUDICATION_REQUIRED,UNRESOLVED_INDEPENDENT_ADJUDICATION_REQUIRED,UNRESOLVED_METHODS_OWNER_FREEZE_REQUIRED
lp_mine,defihacklabs,bsc,45583892,0x6bbef6df8db12667ae88519090984e4f871e5feb,shanghai,ca2-969e97a830e1fdab4f58,2025-01-08,LPMine,Incorrect reward calculation,src/test/2025-01/LPMine.sol,bsc,https://github.com/SunWeb3Sec/DeFiHackLabs/blob/main/past/2025/README.md,frozen_public_source_hashed,d3b80fe4ed7198fc900616b269408c1d0485ef8f000f46d37adb75be862a4a9c,ec6abfb622ba7cade51ab49c3950a4d05f635e22cd6da425fb166d0a96b3ba0b,"[""https://x.com/TenArmorAlert/status/1877030261067571234""]",[],~24k USDT,exact_contract_basename,True,True,,,2025-01-08,,,,blocked_missing_onchain_and_availability_evidence,"[""missing:deployment_block"", ""missing:prediction_cutoff_block"", ""missing:source_availability_time"", ""missing:runtime_bytecode_hash_at_cutoff"", ""missing:outcome_adjudication_id""]",retained,,cases/ca2-969e97a830e1fdab4f58.json,97da3ef176314013286de46ecfc6f5ed3fa3d405cc21345c765516ba3310a1dd,cases/ca2-969e97a830e1fdab4f58.json,fee7c329eb00edd159ba48d50b3cc9168925e9d7f4a20f781c98a81254b30627,,,,,,,,,,,,ca2-969e97a830e1fdab4f58,cases/ca2-969e97a830e1fdab4f58.json,fee7c329eb00edd159ba48d50b3cc9168925e9d7f4a20f781c98a81254b30627,2025-01-02T05:35:10Z,2025-01-03T05:35:11Z,16486,,,56:0x6bbef6df8db12667ae88519090984e4f871e5feb,4f579b10306228bfc69ff6ea129be3f38b0b8289482776782357bbf3cfd7f101,,,,,58674d0ea58b64b36806640a6f363295f5546c0c8f2d9ea2032c6e1730323f46,5b93431a5c41a942c12df9826d1b10526dc77d3b737d783454c6b091cee257a6,be561eb6065278a03b26a532143eeb151555c2f9483e23530ebe383ac151bc5a,DERIVED_STRICT_SNAPSHOT,DERIVED_STRICT_SNAPSHOT,DERIVED_CONSENSUS_RUNTIME_CODE,UNRESOLVED:requires_loupe_or_historical_event_resolver,UNRESOLVED_NO_CUTOFF_SOURCE_VERIFICATION_EVIDENCE,DERIVED_EXACT_CHAIN_ADDRESS,DERIVED_METADATA_STRIPPED_BYTECODE_SHA256,UNRESOLVED_INDEPENDENT_ADJUDICATION_REQUIRED,UNRESOLVED_INDEPENDENT_ADJUDICATION_REQUIRED,UNRESOLVED_METHODS_OWNER_FREEZE_REQUIRED
laura_token,defihacklabs,ethereum,21529887,0x05641e33fd15baf819729df55500b07b82eb8e89,shanghai,ca2-b47e7dc1b2b6c8992cce,2025-01-01,LAURAToken,Pair Balance Manipulation,src/test/2025-01/LAURAToken_exp.sol,mainnet,https://github.com/SunWeb3Sec/DeFiHackLabs/blob/main/past/2025/README.md,frozen_public_source_hashed,d3b80fe4ed7198fc900616b269408c1d0485ef8f000f46d37adb75be862a4a9c,72269dc14a594a1f4452e72d8ea001033d3f1be142f70f99b4027eafc10a0124,"[""https://x.com/TenArmorAlert/status/1874455664187023752""]",[],12.34 ETH (~$41.2K USD),exact_contract_basename,True,True,,,2025-01-01,,,,blocked_missing_onchain_and_availability_evidence,"[""missing:deployment_block"", ""missing:prediction_cutoff_block"", ""missing:source_availability_time"", ""missing:runtime_bytecode_hash_at_cutoff"", ""missing:outcome_adjudication_id""]",retained,,cases/ca2-b47e7dc1b2b6c8992cce.json,c5094950fa3e3dc7d64eaf55ec32c53b0e42e634a7dae917a95c441fe36b339f,cases/ca2-b47e7dc1b2b6c8992cce.json,de54c8b3f92ee1e0efcfd01240a447d7b628b6ff10c09b0f0fa97cde640ace4d,,,,,,,,,,,,ca2-b47e7dc1b2b6c8992cce,cases/ca2-b47e7dc1b2b6c8992cce.json,de54c8b3f92ee1e0efcfd01240a447d7b628b6ff10c09b0f0fa97cde640ace4d,2024-12-30T17:13:23Z,2024-12-31T17:13:23Z,45,EIP1167_PROXY,,1:0x05641e33fd15baf819729df55500b07b82eb8e89,caf0475926248ff4f6d3edfe51c1832397c25c5be73be2db52d627d1c8bd43f2,eip1167:0x539d54074e052ae82de4936ae6bb213ab773559e,,,,26b79968270a7ca98d5e35a74229992ce5dc9c56d76e2474ba2fca50bc29d1df,2a9b4e17bc5fbd8c6c3565fae5aecec5a5db009a0a179eb100880c6a4f420e97,72ef5bc1efaa6a18bcac04f08a2a5e09e94e346f8861eff0da424d216d9ac50d,DERIVED_STRICT_SNAPSHOT,DERIVED_STRICT_SNAPSHOT,DERIVED_CONSENSUS_RUNTIME_CODE,VERIFIED_STANDARD_PROXY,UNRESOLVED_NO_CUTOFF_SOURCE_VERIFICATION_EVIDENCE,DERIVED_EXACT_CHAIN_ADDRESS,DERIVED_METADATA_STRIPPED_BYTECODE_SHA256,UNRESOLVED_INDEPENDENT_ADJUDICATION_REQUIRED,UNRESOLVED_INDEPENDENT_ADJUDICATION_REQUIRED,UNRESOLVED_METHODS_OWNER_FREEZE_REQUIRED
VDS,defihacklabs-temporal-replacement-finalization,bsc,54252254,0x6ce69d7146dbaae18c11c36d8d94428623b29d5a,,ca2-b54a80c704cbcc128875,2025-07-16,VDS,replacement_candidate,,bsc,,replacement_candidate_historical_snapshot_verified,6f816a4c12ceb88f7a4ff882a9e001e0d4443b11cf36bac165568af41913b4ad,05389c181f967672c731e71693fc3911710b69832494e2baa63eec6cbb4a3b40,[],"[""0x0e01fd8798f970fd689014cb215e622aca8b7c8c243176c5b504e0043402e31f""]",,frozen_chain_global_order_finalization,True,True,52614868,52730057,54252254,,5300e689362f834700cd7223108a096abf37a906be93208a7019c97678543ae2,,replacement_candidate_selected,[],replacement,ca2-b6847d12944e5dba551b,cases/ca2-b6847d12944e5dba551b.json,df043d806404c148741b8557bcac204930c1fedae680c2846681879f1da9cec1,,,cases/ca2r-b4e0d64ff67197d3308f.json,6b84a674f42fa41ea7ed8b6ca0c71197e7d69c2fc976a2a956c9caedd06149d2,historical_cases/ca2r-b4e0d64ff67197d3308f/ca2r-b4e0d64ff67197d3308f.json,3f5e6397e2273a82336bca9f267fabbeb9a1ca9be64706c14fe87e5b28a2a284,30,first_eligible_unique_from_frozen_chain_global_order,6f816a4c12ceb88f7a4ff882a9e001e0d4443b11cf36bac165568af41913b4ad,d3b80fe4ed7198fc900616b269408c1d0485ef8f000f46d37adb75be862a4a9c,54252254,0x0e01fd8798f970fd689014cb215e622aca8b7c8c243176c5b504e0043402e31f,ca2r-b4e0d64ff67197d3308f,ca2r-b4e0d64ff67197d3308f,historical_cases/ca2r-b4e0d64ff67197d3308f/ca2r-b4e0d64ff67197d3308f.json,3f5e6397e2273a82336bca9f267fabbeb9a1ca9be64706c14fe87e5b28a2a284,2025-07-02T12:22:23Z,2025-07-03T12:22:23Z,24053,,,56:0x6ce69d7146dbaae18c11c36d8d94428623b29d5a,a6f9c4d4cc70e18ec377b23dc33b76ed7d0ba923e3204b9af5555f3b41afa9b3,,,,,a5154c9209ef128172f73b7fc426cd2462c45f6f63fe0749f52f4309d2324f2c,8672701a6253a99f3feee04bce6b86bc678ca60fab8d70839f6874520249b2f3,237e42eee4ec548353a099609345a5d8a4e5bf9cf1702b4ca72e69d76a00fcf7,DERIVED_STRICT_SNAPSHOT,DERIVED_STRICT_SNAPSHOT,DERIVED_CONSENSUS_RUNTIME_CODE,UNRESOLVED:requires_loupe_or_historical_event_resolver,UNRESOLVED_NO_CUTOFF_SOURCE_VERIFICATION_EVIDENCE,DERIVED_EXACT_CHAIN_ADDRESS,DERIVED_METADATA_STRIPPED_BYTECODE_SHA256,UNRESOLVED_INDEPENDENT_ADJUDICATION_REQUIRED,UNRESOLVED_INDEPENDENT_ADJUDICATION_REQUIRED,UNRESOLVED_METHODS_OWNER_FREEZE_REQUIRED
roulette_pot_v2,defihacklabs,bsc,45668285,0xf573748637e0576387289f1914627d716927f90f,shanghai,ca2-53f0c0893c96da4fd077,2025-01-11,RoulettePotV2,Price Manipulation,src/test/2025-01/RoulettePotV2_exp.sol,bsc,https://github.com/SunWeb3Sec/DeFiHackLabs/blob/main/past/2025/README.md,frozen_public_source_hashed,d3b80fe4ed7198fc900616b269408c1d0485ef8f000f46d37adb75be862a4a9c,310131f5e2fe880e77c795bd5b8dd0eaf979778a71f68e90b67e1720c300dcb4,"[""https://x.com/TenArmorAlert/status/1878008055717376068""]",[],~28K,exact_contract_basename,True,True,,,2025-01-11,,,,blocked_missing_onchain_and_availability_evidence,"[""missing:deployment_block"", ""missing:prediction_cutoff_block"", ""missing:source_availability_time"", ""missing:runtime_bytecode_hash_at_cutoff"", ""missing:outcome_adjudication_id""]",retained,,cases/ca2-53f0c0893c96da4fd077.json,9d778847087cf8d265cfb5fbd89f4c5403b719877f5d404af4842b67b9bb880f,cases/ca2-53f0c0893c96da4fd077.json,5a6c35cce75fa6e96e867196f2eaf92660abe7bc4b06ea52b1c156b67a2eda40,,,,,,,,,,,,ca2-53f0c0893c96da4fd077,cases/ca2-53f0c0893c96da4fd077.json,5a6c35cce75fa6e96e867196f2eaf92660abe7bc4b06ea52b1c156b67a2eda40,2023-03-16T00:46:42Z,2023-03-17T00:46:44Z,23199,,,56:0xf573748637e0576387289f1914627d716927f90f,51c2da52c8378ffd786ea714a4051a417ddb13504b76c56da1ae12e14b0d39e6,,,,,309994ff475d9ff31a735932162eee6998dde558bf8e8c1b70e76a5fd87224b0,41343a1beb6a4f66426cd1daf5442e4d507b37003b1924dd3dcedc45d362954d,e29c27d2c8bf976fea45b8328280885fcf936e69a0e1bc1c153f9f82e71f6e4e,DERIVED_STRICT_SNAPSHOT,DERIVED_STRICT_SNAPSHOT,DERIVED_CONSENSUS_RUNTIME_CODE,UNRESOLVED:requires_loupe_or_historical_event_resolver,UNRESOLVED_NO_CUTOFF_SOURCE_VERIFICATION_EVIDENCE,DERIVED_EXACT_CHAIN_ADDRESS,DERIVED_METADATA_STRIPPED_BYTECODE_SHA256,UNRESOLVED_INDEPENDENT_ADJUDICATION_REQUIRED,UNRESOLVED_INDEPENDENT_ADJUDICATION_REQUIRED,UNRESOLVED_METHODS_OWNER_FREEZE_REQUIRED
mosca,defihacklabs,bsc,45519929,0x1962b3356122d6a56f978e112d14f5e23a25037d,shanghai,ca2-786342530794b2d0e951,2025-01-06,Mosca,Logic Flaw,src/test/2025-01/Mosca_exp.sol,bsc,https://github.com/SunWeb3Sec/DeFiHackLabs/blob/main/past/2025/README.md,frozen_public_source_hashed,d3b80fe4ed7198fc900616b269408c1d0485ef8f000f46d37adb75be862a4a9c,031f9fa4dfe59c92fb254ee28043c78e1b726a847fbdbb7eb3339c96b1e6a2b5,[],[],19K,exact_contract_basename,True,True,,,2025-01-06,,,,blocked_missing_onchain_and_availability_evidence,"[""missing:deployment_block"", ""missing:prediction_cutoff_block"", ""missing:source_availability_time"", ""missing:runtime_bytecode_hash_at_cutoff"", ""missing:outcome_adjudication_id""]",retained,,cases/ca2-786342530794b2d0e951.json,0f0414acd04bf415457cbb8963a9904c42902f15f7cbf044fe1cbd738aca69b5,cases/ca2-786342530794b2d0e951.json,92693b9fe2726846ba1eac1b406ad518dac2ba203c522f1d0757eddd0acbd3d6,,,,,,,,,,,,ca2-786342530794b2d0e951,cases/ca2-786342530794b2d0e951.json,92693b9fe2726846ba1eac1b406ad518dac2ba203c522f1d0757eddd0acbd3d6,2025-01-04T20:41:11Z,2025-01-05T20:41:11Z,20373,,,56:0x1962b3356122d6a56f978e112d14f5e23a25037d,791dcb2d53620ed95048890ebeccbc431266be1d3d369c74d49de1cedbc76468,,,,,fc021d82d511727c207996e1ff79500ad0f9e9567212b07cf8ab6b012750057d,68e1740a789b68791691a012ea1bd263e8e2ffaec031dd249496b6e404bfe9a6,fdf7771488c428f8b405e786e197a4116835645bdf6de123ed843ee14ee1c68d,DERIVED_STRICT_SNAPSHOT,DERIVED_STRICT_SNAPSHOT,DERIVED_CONSENSUS_RUNTIME_CODE,UNRESOLVED:requires_loupe_or_historical_event_resolver,UNRESOLVED_NO_CUTOFF_SOURCE_VERIFICATION_EVIDENCE,DERIVED_EXACT_CHAIN_ADDRESS,DERIVED_METADATA_STRIPPED_BYTECODE_SHA256,UNRESOLVED_INDEPENDENT_ADJUDICATION_REQUIRED,UNRESOLVED_INDEPENDENT_ADJUDICATION_REQUIRED,UNRESOLVED_METHODS_OWNER_FREEZE_REQUIRED
unilend,defihacklabs,ethereum,21608003,0x4e34dd25dbd367b1bf82e1b5527dbbe799fad0d0,shanghai,ca2-f2fdba3be5c566aed586,2025-01-12,Unilend,Logic Flaw,src/test/2025-01/Unilend_exp.sol,mainnet,https://github.com/SunWeb3Sec/DeFiHackLabs/blob/main/past/2025/README.md,frozen_public_source_hashed,d3b80fe4ed7198fc900616b269408c1d0485ef8f000f46d37adb75be862a4a9c,8b1235715702a6ae2a395a08d4488b218dabd360ec651856bf11719a1229d1e6,"[""https://slowmist.medium.com/analysis-of-the-unilend-hack-90022fa35a54""]",[],60 stETH,exact_contract_basename,True,True,,,2025-01-12,,,,blocked_missing_onchain_and_availability_evidence,"[""missing:deployment_block"", ""missing:prediction_cutoff_block"", ""missing:source_availability_time"", ""missing:runtime_bytecode_hash_at_cutoff"", ""missing:outcome_adjudication_id""]",retained,,cases/ca2-f2fdba3be5c566aed586.json,1447d9b0ee5eac107b4a75c84eb0ac8b32376e019fe2896ca9bdc6cbf810a67f,cases/ca2-f2fdba3be5c566aed586.json,54fcbe0730afc2642e033d6b4070b41cc0cd0d559d0401a4a785c8cec4baf412,,,,,,,,,,,,ca2-f2fdba3be5c566aed586,cases/ca2-f2fdba3be5c566aed586.json,54fcbe0730afc2642e033d6b4070b41cc0cd0d559d0401a4a785c8cec4baf412,2024-02-12T18:14:11Z,2024-02-13T18:14:11Z,45,EIP1167_PROXY,,1:0x4e34dd25dbd367b1bf82e1b5527dbbe799fad0d0,2a041e3acd0818c9c75b1d5114c8bdec11cf4bc1e87d8a13f3e5018a6df00da4,eip1167:0xc86d2555f8c360d3c5e8e4364f42c1f2d169330e,,,,083e823b05dd16d3badfcddd21a656ada4ddfdab5fb06bb0768cc74f47b9a766,8a3f6603e6d7ea6ccb99b244ef5541d71a93e500fe441221106c482449ce52a3,574daa4f5168151d2f751112fc37747b6121eeeeffa4c6646880560bee9bf08d,DERIVED_STRICT_SNAPSHOT,DERIVED_STRICT_SNAPSHOT,DERIVED_CONSENSUS_RUNTIME_CODE,VERIFIED_STANDARD_PROXY,UNRESOLVED_NO_CUTOFF_SOURCE_VERIFICATION_EVIDENCE,DERIVED_EXACT_CHAIN_ADDRESS,DERIVED_METADATA_STRIPPED_BYTECODE_SHA256,UNRESOLVED_INDEPENDENT_ADJUDICATION_REQUIRED,UNRESOLVED_INDEPENDENT_ADJUDICATION_REQUIRED,UNRESOLVED_METHODS_OWNER_FREEZE_REQUIRED
sorra_staking,defihacklabs,ethereum,21450734,0x5d16b8ba2a9a4eca6126635a6ffbf05b52727d50,shanghai,ca2-fdd7dce161154c375fb2,2025-01-04,SorStaking,Incorrect reward calculation,src/test/2025-01/sorraStaking.sol,mainnet,https://github.com/SunWeb3Sec/DeFiHackLabs/blob/main/past/2025/README.md,frozen_public_source_hashed,d3b80fe4ed7198fc900616b269408c1d0485ef8f000f46d37adb75be862a4a9c,72a50ee9c275149333cffe99d7b140ed1c513f1e9e1e6e6dbf77a36c06971c18,"[""https://x.com/TenArmorAlert/status/1875582709512188394""]",[],～8 ETH,exact_contract_basename,True,True,,,2025-01-04,,,,blocked_missing_onchain_and_availability_evidence,"[""missing:deployment_block"", ""missing:prediction_cutoff_block"", ""missing:source_availability_time"", ""missing:runtime_bytecode_hash_at_cutoff"", ""missing:outcome_adjudication_id""]",retained,,cases/ca2-fdd7dce161154c375fb2.json,7f4d860b26d1deefdcb479b6ef4c8a5f2fb73d7f2084fb3e5765d942f2e4591c,cases/ca2-fdd7dce161154c375fb2.json,7fd3045a5f8080f0641290f19c07a1fbaf0957748e05463028b8d1a2e10fc544,,,,,,,,,,,,ca2-fdd7dce161154c375fb2,cases/ca2-fdd7dce161154c375fb2.json,7fd3045a5f8080f0641290f19c07a1fbaf0957748e05463028b8d1a2e10fc544,2024-12-19T18:18:47Z,2024-12-20T18:18:47Z,6175,,,1:0x5d16b8ba2a9a4eca6126635a6ffbf05b52727d50,e8f94bcb6222ea5a3f9da37216fc93bfb828ed9e94309dd07e40dd0b88285180,,,,,b4fc65550efe1d5b42b9e378c61165c0cd3f161f9b05c5b39ca6d112181917ae,f7b3ef01c7856bc8d49a01fc9698c11d2faea6e7966dd72f3a22a333afb2dae7,70cc229e20abb31efc09e40a783b859bcde95ccd6452e99af4df52b03d48e259,DERIVED_STRICT_SNAPSHOT,DERIVED_STRICT_SNAPSHOT,DERIVED_CONSENSUS_RUNTIME_CODE,UNRESOLVED:requires_loupe_or_historical_event_resolver,UNRESOLVED_NO_CUTOFF_SOURCE_VERIFICATION_EVIDENCE,DERIVED_EXACT_CHAIN_ADDRESS,DERIVED_METADATA_STRIPPED_BYTECODE_SHA256,UNRESOLVED_INDEPENDENT_ADJUDICATION_REQUIRED,UNRESOLVED_INDEPENDENT_ADJUDICATION_REQUIRED,UNRESOLVED_METHODS_OWNER_FREEZE_REQUIRED
hegic_options,defihacklabs,ethereum,21912408,0x7094e706e75e13d1e0ea237f71a7c4511e9d270b,shanghai,ca2-4d6568a7691d786971d0,2025-02-23,HegicOptions,Business Logic Flaw,src/test/2025-02/HegicOptions_exp.sol,mainnet,https://github.com/SunWeb3Sec/DeFiHackLabs/blob/main/past/2025/README.md,frozen_public_source_hashed,d3b80fe4ed7198fc900616b269408c1d0485ef8f000f46d37adb75be862a4a9c,3c5be337e658080d19945815a4acf5adce8c404702901f9e3a3c48f7a173333c,[],[],~104M,exact_contract_basename,True,True,,,2025-02-23,,,,blocked_missing_onchain_and_availability_evidence,"[""missing:deployment_block"", ""missing:prediction_cutoff_block"", ""missing:source_availability_time"", ""missing:runtime_bytecode_hash_at_cutoff"", ""missing:outcome_adjudication_id""]",retained,,cases/ca2-4d6568a7691d786971d0.json,85d7cbfa1028a00f22d3056b7c75959b2fa93d3cddc8d8814d723560211073e5,cases/ca2-4d6568a7691d786971d0.json,e3fa6ce1914a75f01fbe560d231b1d5dd28faac0219ee35800573b745e79831b,,,,,,,,,,,,ca2-4d6568a7691d786971d0,cases/ca2-4d6568a7691d786971d0.json,e3fa6ce1914a75f01fbe560d231b1d5dd28faac0219ee35800573b745e79831b,2022-01-04T04:25:44Z,2022-01-05T04:26:07Z,15081,,,1:0x7094e706e75e13d1e0ea237f71a7c4511e9d270b,755058c70db595df92dafe834d78d5c9c7a26b3e6f8f08afcc4f34d302c97b79,,,,,34e17e6ba71def13fdb501bbe00d040f96ccc58396914a6074e2d6d3af77f6f4,5c6f257c424c01094f0fa43e82df13ee4b84ebb69caf610bab83f7423cef0b18,6219d0a5a7c3ff2c59727d1efde1e85e50c45ed182dd3bb1ae5c06c5abc2a2ee,DERIVED_STRICT_SNAPSHOT,DERIVED_STRICT_SNAPSHOT,DERIVED_CONSENSUS_RUNTIME_CODE,UNRESOLVED:requires_loupe_or_historical_event_resolver,UNRESOLVED_NO_CUTOFF_SOURCE_VERIFICATION_EVIDENCE,DERIVED_EXACT_CHAIN_ADDRESS,DERIVED_METADATA_STRIPPED_BYTECODE_SHA256,UNRESOLVED_INDEPENDENT_ADJUDICATION_REQUIRED,UNRESOLVED_INDEPENDENT_ADJUDICATION_REQUIRED,UNRESOLVED_METHODS_OWNER_FREEZE_REQUIRED
MyCoinMaster,defihacklabs-temporal-replacement-finalization,bsc,56555696,0xef9a10d6abfd5d3aa345a008c0f9132ce4b23e70,,ca2-9d4246988ce873fd7f25,2025-08-05,MyCoinMaster,replacement_candidate,,bsc,,replacement_candidate_historical_snapshot_verified,dc48cca25af59858c4cfa7a9d2a4f6722b165f4de8748238fc886fcccfb26163,08b14bb596c4975ecc86df4d06f464be7bdb177e91b0507a0b5e00c111689d24,[],"[""0x57865009e1cfb7516240eb901342f3b434c2a2754e14604c838024ffe2e191a7""]",,frozen_chain_global_order_finalization,True,True,55254992,55370182,56555697,,cbd134ac8d285892d5d33ec1bf94dcdf1102a990b1046d1594cb286e9239697b,,replacement_candidate_selected,[],replacement,ca2-10778b0afde298700715,cases/ca2-10778b0afde298700715.json,71a3ef6be2f612b7ffeb6e2bdcc4ef87d7aa55a5e97c99d64c34a158be8063c3,,,cases/ca2r-df644d704ca7d12c2f8f.json,14ef45da1835374e4b50b945d5067128a7f10da1c1aff69edbc34d80313614bc,historical_cases/ca2r-df644d704ca7d12c2f8f/ca2r-df644d704ca7d12c2f8f.json,764df0b3486ffcc7a504f7cd49bfb1785bf0a54359e6c1dec6cc4ad3537db3b0,5,first_eligible_unique_from_frozen_chain_global_order,dc48cca25af59858c4cfa7a9d2a4f6722b165f4de8748238fc886fcccfb26163,d3b80fe4ed7198fc900616b269408c1d0485ef8f000f46d37adb75be862a4a9c,56555696,0x57865009e1cfb7516240eb901342f3b434c2a2754e14604c838024ffe2e191a7,ca2r-df644d704ca7d12c2f8f,ca2r-df644d704ca7d12c2f8f,historical_cases/ca2r-df644d704ca7d12c2f8f/ca2r-df644d704ca7d12c2f8f.json,764df0b3486ffcc7a504f7cd49bfb1785bf0a54359e6c1dec6cc4ad3537db3b0,2025-07-25T10:26:41Z,2025-07-26T10:26:41Z,2112,EIP1967_PROXY,,56:0xef9a10d6abfd5d3aa345a008c0f9132ce4b23e70,6f4cd91554d949a8ad8047da7543a1ed35a94f9b9b1e6c2159563c05819ba95c,eip1967:0x683280fe34c4f99c63c8c779867a1d67a572fb23,,,,d7318be3b99447ab2609b19de402197cc9805c55a716e6300d652a2866a1cb07,2397a48dc5c82609f854ec7cafeb521422beda729d51021dbd2ce08bf0d15b36,55f87476fa6ee22b1ab6709a47d6df2b3c6c9ef7b165dce2717b8b0cfbc143cf,DERIVED_STRICT_SNAPSHOT,DERIVED_STRICT_SNAPSHOT,DERIVED_CONSENSUS_RUNTIME_CODE,VERIFIED_STANDARD_PROXY,UNRESOLVED_NO_CUTOFF_SOURCE_VERIFICATION_EVIDENCE,DERIVED_EXACT_CHAIN_ADDRESS,DERIVED_METADATA_STRIPPED_BYTECODE_SHA256,UNRESOLVED_INDEPENDENT_ADJUDICATION_REQUIRED,UNRESOLVED_INDEPENDENT_ADJUDICATION_REQUIRED,UNRESOLVED_METHODS_OWNER_FREEZE_REQUIRED
alkimiya_io,defihacklabs,ethereum,22146339,0xf3f84ce038442ae4c4dcb6a8ca8bacd7f28c9bde,shanghai,ca2-feebcd26919bea5b0014,2025-03-28,Alkimiya_IO,unsafecast,src/test/2025-03/Alkimiya_io_exp.sol,mainnet,https://github.com/SunWeb3Sec/DeFiHackLabs/blob/main/past/2025/README.md,frozen_public_source_hashed,d3b80fe4ed7198fc900616b269408c1d0485ef8f000f46d37adb75be862a4a9c,3fae7e8ac1496e86223530df97c7bc816a2095404217ea01bd2e6db853d4db42,"[""https://x.com/TenArmorAlert/status/1906371419807568119""]",[],~ 95.5 K (1.14015390 WBTC),exact_contract_basename,True,True,,,2025-03-28,,,,blocked_missing_onchain_and_availability_evidence,"[""missing:deployment_block"", ""missing:prediction_cutoff_block"", ""missing:source_availability_time"", ""missing:runtime_bytecode_hash_at_cutoff"", ""missing:outcome_adjudication_id""]",retained,,cases/ca2-feebcd26919bea5b0014.json,0322fc0e43516733f0e0dedb88d6cf6df9448a19e40896b6b95af332750112f0,cases/ca2-feebcd26919bea5b0014.json,96f1bcf543979af861dec4bef1484a80d5c586fbd14b65f7e11dc945861e84b7,,,,,,,,,,,,ca2-feebcd26919bea5b0014,cases/ca2-feebcd26919bea5b0014.json,96f1bcf543979af861dec4bef1484a80d5c586fbd14b65f7e11dc945861e84b7,2024-07-14T20:09:23Z,2024-07-15T20:09:23Z,19196,,,1:0xf3f84ce038442ae4c4dcb6a8ca8bacd7f28c9bde,4a4c5d490bdd6e729a5f7423d25a1f7e2171cbfd9a08e54759699aef71073d54,,,,,b4e32f6d9de42af32f5fc5fd42bdfe1461cbb833b2302d1e4f97de2b40b8feb9,2803fd8f1f88a64771c0d1da01fed36dd68107d3ccbe4364ba0ffda1d0cad6eb,bef6d919de0e8f73e816619c97b3b2e73906d799591f93931a89cc1d97c28cd9,DERIVED_STRICT_SNAPSHOT,DERIVED_STRICT_SNAPSHOT,DERIVED_CONSENSUS_RUNTIME_CODE,UNRESOLVED:requires_loupe_or_historical_event_resolver,UNRESOLVED_NO_CUTOFF_SOURCE_VERIFICATION_EVIDENCE,DERIVED_EXACT_CHAIN_ADDRESS,DERIVED_METADATA_STRIPPED_BYTECODE_SHA256,UNRESOLVED_INDEPENDENT_ADJUDICATION_REQUIRED,UNRESOLVED_INDEPENDENT_ADJUDICATION_REQUIRED,UNRESOLVED_METHODS_OWNER_FREEZE_REQUIRED
dcf_token,defihacklabs,bsc,44290969,0xa7e92345ddf541aa5cf60fee2a0e721c50ca1adb,shanghai,ca2-e92eb18ffd5cb5150b66,2025-03-18,DCFToken,Lack of Slippage Protection,src/test/2025-03/DCFToken_exp.sol,bsc,https://github.com/SunWeb3Sec/DeFiHackLabs/blob/main/past/2025/README.md,frozen_public_source_hashed,d3b80fe4ed7198fc900616b269408c1d0485ef8f000f46d37adb75be862a4a9c,2cceae84d4d22dec183db761411df55b7c469d510ece8fcd3fd55973d0b0a91b,"[""https://x.com/Phalcon_xyz/status/1860890801909190664""]",[],~442k,exact_contract_basename,True,True,,,2025-03-18,,,,blocked_missing_onchain_and_availability_evidence,"[""missing:deployment_block"", ""missing:prediction_cutoff_block"", ""missing:source_availability_time"", ""missing:runtime_bytecode_hash_at_cutoff"", ""missing:outcome_adjudication_id""]",retained,,cases/ca2-e92eb18ffd5cb5150b66.json,94037605e0ce3a21e8bac9ec060309fc45e2eac9a22bec9513050d3ea33f68c2,cases/ca2-e92eb18ffd5cb5150b66.json,516709b978ee6efb2a1663e5382688fef15c8afdbeedffd83f766f4b3ef162d4,,,,,,,,,,,,ca2-e92eb18ffd5cb5150b66,cases/ca2-e92eb18ffd5cb5150b66.json,516709b978ee6efb2a1663e5382688fef15c8afdbeedffd83f766f4b3ef162d4,2024-11-22T09:08:33Z,2024-11-23T09:08:35Z,14593,,,56:0xa7e92345ddf541aa5cf60fee2a0e721c50ca1adb,1d66e730af5938cd5229367a8141468bb4ca21414c48b84afb546a364bec4186,,,,,8323f9b4f7d8165e04a0347aa787887bd79a166485d3222c68d4a36f33e6829a,1f281eabcf71478d6dd9e625cc541c7214440f324e4845d7c6c33e43bbc5718a,4229e35b4acf71b2300cf71f9ccb4985b3f8e4f668140585b2eb1c65dd87eb80,DERIVED_STRICT_SNAPSHOT,DERIVED_STRICT_SNAPSHOT,DERIVED_CONSENSUS_RUNTIME_CODE,UNRESOLVED:requires_loupe_or_historical_event_resolver,UNRESOLVED_NO_CUTOFF_SOURCE_VERIFICATION_EVIDENCE,DERIVED_EXACT_CHAIN_ADDRESS,DERIVED_METADATA_STRIPPED_BYTECODE_SHA256,UNRESOLVED_INDEPENDENT_ADJUDICATION_REQUIRED,UNRESOLVED_INDEPENDENT_ADJUDICATION_REQUIRED,UNRESOLVED_METHODS_OWNER_FREEZE_REQUIRED
HoldSafe,defihacklabs-temporal-replacement-finalization,bsc,51758376,0x2496b87189d5ae18d4d83b8a7039b0c8a07d98d4,,ca2-421dd5bf165b069c74f3,2025-06-20,HoldSafe,replacement_candidate,,bsc,,replacement_candidate_historical_snapshot_verified,8ee7efb58440d017d46f65f02b0203c6acaab60702f8fdd3fad5f64e78bfb59e,cc7f04d61261e3a72198eb74b24fb2ee6db7a9ce139f247c56106b805184f4b2,[],"[""0xa9b4cead820eaa750d72cd4ba4ba4d926c2db867746c637a1642ea4ab9721399""]",,frozen_chain_global_order_finalization,True,True,47462444,47491244,51758377,,17871e765877f4c4913eb244f684b3f5fdb948eff9ef5567c5b95d27539c33c0,,replacement_candidate_selected,[],replacement,ca2-3e63d905e3ed3178d5fb,cases/ca2-3e63d905e3ed3178d5fb.json,874d82c1e01da14be08886d141f652a0f95e4a2be5a5482fc72a0918e3d17a09,,,cases/ca2r-8648cd24a3c3d24eeba3.json,1350098b1c0bee688ca1a7e6b12fa63b5a26fc6a41db949e8bf89d5813b24772,historical_cases/ca2r-8648cd24a3c3d24eeba3/ca2r-8648cd24a3c3d24eeba3.json,d08b49ed99c46fde3abfa42c9086a0a6b82de1b035c00617670ba8c3eefa7c25,11,first_eligible_unique_from_frozen_chain_global_order,8ee7efb58440d017d46f65f02b0203c6acaab60702f8fdd3fad5f64e78bfb59e,d3b80fe4ed7198fc900616b269408c1d0485ef8f000f46d37adb75be862a4a9c,51758376,0xa9b4cead820eaa750d72cd4ba4ba4d926c2db867746c637a1642ea4ab9721399,ca2r-8648cd24a3c3d24eeba3,ca2r-8648cd24a3c3d24eeba3,historical_cases/ca2r-8648cd24a3c3d24eeba3/ca2r-8648cd24a3c3d24eeba3.json,d08b49ed99c46fde3abfa42c9086a0a6b82de1b035c00617670ba8c3eefa7c25,2025-03-14T16:16:22Z,2025-03-15T16:16:22Z,10160,,,56:0x2496b87189d5ae18d4d83b8a7039b0c8a07d98d4,23b1182d0642bd87e6ab01514a1fc72b07bb0699e43e6c1a3103714c5a2b9459,,,,,787b1b93ea90662135e33f33fce86b1e0eb3ff99698c01f615ebe62d7db09a68,8871abc96bd3a7c0f5c3e955a25eb3af59de09a0a572b7eb0b260c8b47d5a7c5,387831ad0f6a028fcaf42a62e7a89bde62b2eac30d679dd741ff89280cce54e5,DERIVED_STRICT_SNAPSHOT,DERIVED_STRICT_SNAPSHOT,DERIVED_CONSENSUS_RUNTIME_CODE,UNRESOLVED:requires_loupe_or_historical_event_resolver,UNRESOLVED_NO_CUTOFF_SOURCE_VERIFICATION_EVIDENCE,DERIVED_EXACT_CHAIN_ADDRESS,DERIVED_METADATA_STRIPPED_BYTECODE_SHA256,UNRESOLVED_INDEPENDENT_ADJUDICATION_REQUIRED,UNRESOLVED_INDEPENDENT_ADJUDICATION_REQUIRED,UNRESOLVED_METHODS_OWNER_FREEZE_REQUIRED
one_inch_fusion_v1_settlement_hack,defihacklabs,ethereum,21982110,0xa88800cd213da5ae406ce248380802bd53b47647,shanghai,ca2-8e3ab047548dade505e8,2025-03-05,1inch FusionV1 Settlement,Arbitrary Yul Calldata,src/test/2025-03/OneInchFusionV1SettlementHack.sol,mainnet,https://github.com/SunWeb3Sec/DeFiHackLabs/blob/main/past/2025/README.md,frozen_public_source_hashed,d3b80fe4ed7198fc900616b269408c1d0485ef8f000f46d37adb75be862a4a9c,c0e73fc9ba355b62bc560d2500f911f82ebe98ec7f52c7207c5ac3be26e252b2,"[""https://blog.decurity.io/yul-calldata-corruption-1inch-postmortem-a7ea7a53bfd9""]",[],4.5M,exact_contract_basename,True,True,,,2025-03-05,,,,blocked_missing_onchain_and_availability_evidence,"[""missing:deployment_block"", ""missing:prediction_cutoff_block"", ""missing:source_availability_time"", ""missing:runtime_bytecode_hash_at_cutoff"", ""missing:outcome_adjudication_id""]",retained,,cases/ca2-8e3ab047548dade505e8.json,3882803de452cbdb778d61748f356ad32565ec1ff4a2a7ba550717f7cedf23fb,cases/ca2-8e3ab047548dade505e8.json,7520eb42cda0134493ce98fbbbe7b65a1ab7bcac0523449db94d6bed18bc59eb,,,,,,,,,,,,ca2-8e3ab047548dade505e8,cases/ca2-8e3ab047548dade505e8.json,7520eb42cda0134493ce98fbbbe7b65a1ab7bcac0523449db94d6bed18bc59eb,2022-12-22T15:47:59Z,2022-12-23T15:47:59Z,4419,,,1:0xa88800cd213da5ae406ce248380802bd53b47647,28e513c736c6202c8c2cd29c2a91ecfb2883c468c69da34c2961b4406cb6cdd6,,,,,36abd8478a92fbd1700fc61b95230708c72f0d44c612ebebdaa85897d5bc6292,3ca58fa6c0e114a2e2fd7274190ed3bae84e94e8597d15b6463be3e455d6d9ac,e44bb021287a8b7fbcd2fafe3759122209377610d41e78080f80deb221b51e1d,DERIVED_STRICT_SNAPSHOT,DERIVED_STRICT_SNAPSHOT,DERIVED_CONSENSUS_RUNTIME_CODE,UNRESOLVED:requires_loupe_or_historical_event_resolver,UNRESOLVED_NO_CUTOFF_SOURCE_VERIFICATION_EVIDENCE,DERIVED_EXACT_CHAIN_ADDRESS,DERIVED_METADATA_STRIPPED_BYTECODE_SHA256,UNRESOLVED_INDEPENDENT_ADJUDICATION_REQUIRED,UNRESOLVED_INDEPENDENT_ADJUDICATION_REQUIRED,UNRESOLVED_METHODS_OWNER_FREEZE_REQUIRED
MEV_0ad8,defihacklabs-temporal-replacement-finalization,ethereum,15926096,0x0ad8229d4bc84135786ae752b9a9d53392a8afd4,,ca2-93a5245378ac7422b320,2022-11-08,MEV_0ad8,replacement_candidate,,ethereum,,replacement_candidate_historical_snapshot_verified,3d130f973e36c04b2043a51a848bc1603b107d2655151b09051a42e26dadb3c3,470b1ac442f03b6cb88e3d0b2546320f09f3d05552667aaf1756f6a4c64bab0a,[],"[""0x674f74b30a3d7bdf15fa60a7c29d96a402ea894a055f624164a8009df98386a0""]",,frozen_chain_global_order_finalization,True,True,10016963,10023446,15926097,,78e81553e885f6dc44fd303a21aa11bdcfde39566fec9d16727d70fa024ddf08,,replacement_candidate_selected,[],replacement,ca2-55172a38bf64b74d8fd2,cases/ca2-55172a38bf64b74d8fd2.json,fb40812cf29c01e6e68c00ac42e37582769d4f202d6bcfece12c3b7b9384049b,,,cases/ca2r-b6d111fdecac176c80c6.json,5d0bf23cb9f62ab50dd91a22de01d9fa48147dabb559cb4ab3d4964d5d005a5e,historical_cases/ca2r-b6d111fdecac176c80c6/ca2r-b6d111fdecac176c80c6.json,97d0591db45c85e762bc01d11218b51ec9314a3f80274fa6ea6b4225db0815f9,6,first_eligible_unique_from_frozen_chain_global_order,3d130f973e36c04b2043a51a848bc1603b107d2655151b09051a42e26dadb3c3,e7668ddd37e305db9052d4f208bb3b87d1e75956950739d5e9f1fd66f4c26267,15926096,0x674f74b30a3d7bdf15fa60a7c29d96a402ea894a055f624164a8009df98386a0,ca2r-b6d111fdecac176c80c6,ca2r-b6d111fdecac176c80c6,historical_cases/ca2r-b6d111fdecac176c80c6/ca2r-b6d111fdecac176c80c6.json,97d0591db45c85e762bc01d11218b51ec9314a3f80274fa6ea6b4225db0815f9,2020-05-07T04:25:30Z,2020-05-08T04:25:53Z,1924,,,1:0x0ad8229d4bc84135786ae752b9a9d53392a8afd4,6d7324162386a2314afa33035a61dd106f13e4b7f8f8d9d2d5527fe3639a0bde,,,,,b466f693c43ce601afcabdf3e36cfc20ccca5634264a2689863ec67636127b89,6c892caa327830a16936a382c4beeaaab5cd22d7d49b356af414a51c178213da,c0973cbb07aeb24d84d951b70e7cc7a0abf98bdfb42fdfd6ea02f255f97b404f,DERIVED_STRICT_SNAPSHOT,DERIVED_STRICT_SNAPSHOT,DERIVED_CONSENSUS_RUNTIME_CODE,UNRESOLVED:requires_loupe_or_historical_event_resolver,UNRESOLVED_NO_CUTOFF_SOURCE_VERIFICATION_EVIDENCE,DERIVED_EXACT_CHAIN_ADDRESS,DERIVED_METADATA_STRIPPED_BYTECODE_SHA256,UNRESOLVED_INDEPENDENT_ADJUDICATION_REQUIRED,UNRESOLVED_INDEPENDENT_ADJUDICATION_REQUIRED,UNRESOLVED_METHODS_OWNER_FREEZE_REQUIRED
TokenFactory,defihacklabs-temporal-replacement-finalization,bsc,51101790,0xe4997f98e84c1891e7b57069e177fccf5f4f6094,,ca2-37b12c1f2e2b7af31377,2025-06-08,TokenFactory,replacement_candidate,,bsc,,replacement_candidate_historical_snapshot_verified,b4d60edce9237d0857e511e611326aa02a0aaa88570ba576de811370a28102f8,ff17595b0031b2dd9a60aa94f468ffd4ef0623737c5b9434ea30a79d42a7500d,[],"[""0xf74bf7f41c8ca380d439dd94eab95d1bbb1f6fc934e69f2e42eb3325def8514a""]",,frozen_chain_global_order_finalization,True,True,42558376,42587122,51101791,,ed965bf5dbd3b23d2345c0d8aa0bb1c729fbcbea3484a42890a20378c84d7c06,,replacement_candidate_selected,[],replacement,ca2-c0d0113d3c9a4aa47402,cases/ca2-c0d0113d3c9a4aa47402.json,5aa9e0559988730510a219fa48cc6832c2987db283fdfd5ce2b6ccbd81a8805b,,,cases/ca2r-c9acdaf52fc98f4159f7.json,56ee1e5db4a54b3b20b99394491d0b126073fd18adb8b93e0126b3e6d5ffdb8c,historical_cases/ca2r-c9acdaf52fc98f4159f7/ca2r-c9acdaf52fc98f4159f7.json,e68901b71274a88e4eedaace1328fb1d2b38a5e659257540bb8ad53a8b1ff65d,33,first_eligible_unique_from_frozen_chain_global_order,b4d60edce9237d0857e511e611326aa02a0aaa88570ba576de811370a28102f8,d3b80fe4ed7198fc900616b269408c1d0485ef8f000f46d37adb75be862a4a9c,51101790,0xf74bf7f41c8ca380d439dd94eab95d1bbb1f6fc934e69f2e42eb3325def8514a,ca2r-c9acdaf52fc98f4159f7,ca2r-c9acdaf52fc98f4159f7,historical_cases/ca2r-c9acdaf52fc98f4159f7/ca2r-c9acdaf52fc98f4159f7.json,e68901b71274a88e4eedaace1328fb1d2b38a5e659257540bb8ad53a8b1ff65d,2024-09-25T08:58:50Z,2024-09-26T08:58:52Z,12393,,,56:0xe4997f98e84c1891e7b57069e177fccf5f4f6094,c0feea81dde2f7c7ff83970f42690051177ae29adfc15e1ac810e03b4ffa81c9,,,,,41876c86cb0e7b1bd8c835e9808bddbc890745f812de5849eb04cbbfef6c1275,ffbd9d5bea051ca98c2d7aa3638f87d505d527ee78aaa1ae53fa30b5a960d0cb,fa95d23bcfc2ed9b0fde52075263e2fdcb700745517aac6a529ddc6eb37dfad5,DERIVED_STRICT_SNAPSHOT,DERIVED_STRICT_SNAPSHOT,DERIVED_CONSENSUS_RUNTIME_CODE,UNRESOLVED:requires_loupe_or_historical_event_resolver,UNRESOLVED_NO_CUTOFF_SOURCE_VERIFICATION_EVIDENCE,DERIVED_EXACT_CHAIN_ADDRESS,DERIVED_METADATA_STRIPPED_BYTECODE_SHA256,UNRESOLVED_INDEPENDENT_ADJUDICATION_REQUIRED,UNRESOLVED_INDEPENDENT_ADJUDICATION_REQUIRED,UNRESOLVED_METHODS_OWNER_FREEZE_REQUIRED
yzi_ai_token,defihacklabs,bsc,47838544,0x7fdff64bf87bad52e6430bda30239bd182389ee3,shanghai,ca2-3ae6d0e93f222f7571b2,2025-03-27,YziAI,Rug Pull,src/test/2025-03/YziAIToken_exp.sol,bsc,https://github.com/SunWeb3Sec/DeFiHackLabs/blob/main/past/2025/README.md,frozen_public_source_hashed,d3b80fe4ed7198fc900616b269408c1d0485ef8f000f46d37adb75be862a4a9c,40b9f5217525ed17be6ee0941c1345c8f752f4d1dbf543b943c3d22018b74ecb,"[""https://x.com/TenArmorAlert/status/1905528525785805027""]",[],~ $239.4K,exact_contract_basename,True,True,,,2025-03-27,,,,blocked_missing_onchain_and_availability_evidence,"[""missing:deployment_block"", ""missing:prediction_cutoff_block"", ""missing:source_availability_time"", ""missing:runtime_bytecode_hash_at_cutoff"", ""missing:outcome_adjudication_id""]",retained,,cases/ca2-3ae6d0e93f222f7571b2.json,252197e28b42260c713ca188aeeb713a3b92fc568901659f41e654bd77c4311f,cases/ca2-3ae6d0e93f222f7571b2.json,5ce8fd18dce45d1cd7251c3212d93c8ef0a6f05424fc91858ef5f021a170233c,,,,,,,,,,,,ca2-3ae6d0e93f222f7571b2,cases/ca2-3ae6d0e93f222f7571b2.json,5ce8fd18dce45d1cd7251c3212d93c8ef0a6f05424fc91858ef5f021a170233c,2025-03-26T13:49:54Z,2025-03-27T13:49:54Z,10447,,,56:0x7fdff64bf87bad52e6430bda30239bd182389ee3,1d589480bf07e0bba4d8d5fc6243e69b428efdf4efc1fadbe9a03dca9b90be15,,,,,eee38fb79c057175b8f79be0492fddf18d8bbf94588229d8a8883c66808fbcc4,7f5097517bf328d0c94328d7a98ee048c89a13fe31dcfa18e04c405327825648,07fac6558bc0c15a0e230720980b696ed6d9b3c03364a3935537296c545898e2,DERIVED_STRICT_SNAPSHOT,DERIVED_STRICT_SNAPSHOT,DERIVED_CONSENSUS_RUNTIME_CODE,UNRESOLVED:requires_loupe_or_historical_event_resolver,UNRESOLVED_NO_CUTOFF_SOURCE_VERIFICATION_EVIDENCE,DERIVED_EXACT_CHAIN_ADDRESS,DERIVED_METADATA_STRIPPED_BYTECODE_SHA256,UNRESOLVED_INDEPENDENT_ADJUDICATION_REQUIRED,UNRESOLVED_INDEPENDENT_ADJUDICATION_REQUIRED,UNRESOLVED_METHODS_OWNER_FREEZE_REQUIRED
btnft,defihacklabs,bsc,48472355,0x0fc91b6fea2e7a827a8c99c91101ed36c638521b,shanghai,ca2-c5014cea82de5130aa96,2025-04-18,BTNFT,Claim Rewards Without Protection,src/test/2025-04/BTNFT_exp.sol,bsc,https://github.com/SunWeb3Sec/DeFiHackLabs/blob/main/past/2025/README.md,frozen_public_source_hashed,d3b80fe4ed7198fc900616b269408c1d0485ef8f000f46d37adb75be862a4a9c,fa981b293f7e9d358d5a6f8216bfbd98bfe1b7ebf616d72d04b5e4e0fa161273,"[""https://x.com/TenArmorAlert/status/1913500336301502542""]",[],19025.9193312786235214 BUSD,exact_contract_basename,True,True,,,2025-04-18,,,,blocked_missing_onchain_and_availability_evidence,"[""missing:deployment_block"", ""missing:prediction_cutoff_block"", ""missing:source_availability_time"", ""missing:runtime_bytecode_hash_at_cutoff"", ""missing:outcome_adjudication_id""]",retained,,cases/ca2-c5014cea82de5130aa96.json,7f701a620fdd18e7ff5f49d0f4dcfab41f93ca0c6fcb699b36dcc0d6d7c319b1,cases/ca2-c5014cea82de5130aa96.json,3a67271b111cb837831189db1f0f51ff1f4904b3ec1dcabc9cbd870b79735bca,,,,,,,,,,,,ca2-c5014cea82de5130aa96,cases/ca2-c5014cea82de5130aa96.json,3a67271b111cb837831189db1f0f51ff1f4904b3ec1dcabc9cbd870b79735bca,2025-01-03T11:19:22Z,2025-01-04T11:19:22Z,10307,,,56:0x0fc91b6fea2e7a827a8c99c91101ed36c638521b,d0af6f64e4e19fc4bb580800988885aed019c5aac18915dbff3eb91147a4c205,,,,,12e9cfadca928b153c320db55880a23c351e9331b8c0542588a67004caf3a339,cf1576f5f0820d8af8ae73caced6633a250eff6218e60a86357c663bead653df,0b9db91cd513f7c835b761020eb31cbdbc27cc94465bb825dd776cdc7ec0329a,DERIVED_STRICT_SNAPSHOT,DERIVED_STRICT_SNAPSHOT,DERIVED_CONSENSUS_RUNTIME_CODE,UNRESOLVED:requires_loupe_or_historical_event_resolver,UNRESOLVED_NO_CUTOFF_SOURCE_VERIFICATION_EVIDENCE,DERIVED_EXACT_CHAIN_ADDRESS,DERIVED_METADATA_STRIPPED_BYTECODE_SHA256,UNRESOLVED_INDEPENDENT_ADJUDICATION_REQUIRED,UNRESOLVED_INDEPENDENT_ADJUDICATION_REQUIRED,UNRESOLVED_METHODS_OWNER_FREEZE_REQUIRED
lifeprotocol,defihacklabs,bsc,48703545,0x42e2773508e2ae8ff9434bea599812e28449e2cd,shanghai,ca2-b917178685db1ed39d90,2025-04-26,Lifeprotocol,Price Manipulation,src/test/2025-04/Lifeprotocol_exp.sol,bsc,https://github.com/SunWeb3Sec/DeFiHackLabs/blob/main/past/2025/README.md,frozen_public_source_hashed,d3b80fe4ed7198fc900616b269408c1d0485ef8f000f46d37adb75be862a4a9c,e1faccda5bff74461c84c1bfde7a75781382f17ee9699a67d98ca046abda2277,"[""https://x.com/TenArmorAlert/status/1916312483792408688""]",[],15114 BUSD,exact_contract_basename,True,True,,,2025-04-26,,,,blocked_missing_onchain_and_availability_evidence,"[""missing:deployment_block"", ""missing:prediction_cutoff_block"", ""missing:source_availability_time"", ""missing:runtime_bytecode_hash_at_cutoff"", ""missing:outcome_adjudication_id""]",retained,,cases/ca2-b917178685db1ed39d90.json,87ef3715b065534437b5ea54e6d9af5c37460855e2a3a34bbfa154fcb80afed0,cases/ca2-b917178685db1ed39d90.json,bd89dcd9d63cb2e635fb9f02ebcae88da17ac07dbd8b597844b094bf61fd013a,,,,,,,,,,,,ca2-b917178685db1ed39d90,cases/ca2-b917178685db1ed39d90.json,bd89dcd9d63cb2e635fb9f02ebcae88da17ac07dbd8b597844b094bf61fd013a,2025-01-16T16:06:15Z,2025-01-17T16:06:16Z,10155,,,56:0x42e2773508e2ae8ff9434bea599812e28449e2cd,7a05bd89967854437052a1b9fc0d4454dd51a52622367a5debd17992d9b8c6d7,,,,,b5317e39000542220d5e4d7b93fd222cb4ed03c16daf310b4bd9c274b6ea8a9d,31289e88529782a2a960be6ddc6641c03b509c0305188c90a39d72161dda27a9,1dcd66cb7e4b8d9712dfd5cecb015456eb9210567f1876f784bf1691a1de37eb,DERIVED_STRICT_SNAPSHOT,DERIVED_STRICT_SNAPSHOT,DERIVED_CONSENSUS_RUNTIME_CODE,UNRESOLVED:requires_loupe_or_historical_event_resolver,UNRESOLVED_NO_CUTOFF_SOURCE_VERIFICATION_EVIDENCE,DERIVED_EXACT_CHAIN_ADDRESS,DERIVED_METADATA_STRIPPED_BYTECODE_SHA256,UNRESOLVED_INDEPENDENT_ADJUDICATION_REQUIRED,UNRESOLVED_INDEPENDENT_ADJUDICATION_REQUIRED,UNRESOLVED_METHODS_OWNER_FREEZE_REQUIRED
w_key_dao,defihacklabs,bsc,47469059,0xd511096a73292a7419a94354d4c1c73e8a3cd851,shanghai,ca2-f359ea85ce584fc54da1,2025-03-16,wKeyDAO,unprotected function,src/test/2025-03/wKeyDAO_exp.sol,bsc,https://github.com/SunWeb3Sec/DeFiHackLabs/blob/main/past/2025/README.md,frozen_public_source_hashed,d3b80fe4ed7198fc900616b269408c1d0485ef8f000f46d37adb75be862a4a9c,08b9cc6c8bbb81a82d7e3a613773bb8c5d1e9753e406079010d28524e7504c0d,"[""https://x.com/Phalcon_xyz/status/1900809936906711549""]",[],"737,000",exact_contract_basename,True,True,,,2025-03-16,,,,blocked_missing_onchain_and_availability_evidence,"[""missing:deployment_block"", ""missing:prediction_cutoff_block"", ""missing:source_availability_time"", ""missing:runtime_bytecode_hash_at_cutoff"", ""missing:outcome_adjudication_id""]",retained,,cases/ca2-f359ea85ce584fc54da1.json,2bd448081885eccb793a6c0257740197db32ec09da59a55a7c1d2f75bbb6b782,cases/ca2-f359ea85ce584fc54da1.json,2298965897da93707f34aaff00e6ed9b55bfc1189bf8671f327c0c5670a47258,,,,,,,,,,,,ca2-f359ea85ce584fc54da1,cases/ca2-f359ea85ce584fc54da1.json,2298965897da93707f34aaff00e6ed9b55bfc1189bf8671f327c0c5670a47258,2024-11-07T11:47:50Z,2024-11-08T11:47:51Z,2227,EIP1967_PROXY,,56:0xd511096a73292a7419a94354d4c1c73e8a3cd851,12487716809e31b6703ad3c3701d7188dfe813e4e04c5ba3968c4261bc8c1a7f,eip1967:0xc39c54868a4f842b02a99339f4a57a44efc310b8,,,,e9526c30c277bc0af23e489dcd7ff7415b4c4414189f68d02cb768c427e83993,6f673e382b6289dc23abe0ed6afb4ce81929f5d649f45e68678064e18e8cc0ba,4ead581bff95cc4fa97b634864350f20860005cc686a55c626cd4cb7bf873857,DERIVED_STRICT_SNAPSHOT,DERIVED_STRICT_SNAPSHOT,DERIVED_CONSENSUS_RUNTIME_CODE,VERIFIED_STANDARD_PROXY,UNRESOLVED_NO_CUTOFF_SOURCE_VERIFICATION_EVIDENCE,DERIVED_EXACT_CHAIN_ADDRESS,DERIVED_METADATA_STRIPPED_BYTECODE_SHA256,UNRESOLVED_INDEPENDENT_ADJUDICATION_REQUIRED,UNRESOLVED_INDEPENDENT_ADJUDICATION_REQUIRED,UNRESOLVED_METHODS_OWNER_FREEZE_REQUIRED
GMT7,defihacklabs-temporal-replacement-finalization,bsc,46497384,0x9ad90eeab3caff64a762cb40387ee1bb18bd31e3,,ca2-ba9bcac83757e0db9b90,2025-02-08,GMT7,replacement_candidate,,bsc,,replacement_candidate_historical_snapshot_verified,d63b9a847bba28047c2cf7d14f3f937f6ecaf0642fce22958a3fecacfa2f669d,05ebdceb0757c682cc45bdbc7ed30f0e332bfe1dcb1c7bbf10d087402ee42a87,[],"[""0x5eb225ce9fb2c7a169e1736eb3b2bf2b6a5843839dd84cdcf6fe2ab0577ae21f""]",,frozen_chain_global_order_finalization,True,True,46450308,46479107,46497385,,da9a62a2e444280f486053aa2308b79b72543cd5a3219219a340d0b0833a1b61,,replacement_candidate_selected,[],replacement,ca2-f1d9fe96345245fcc08f,cases/ca2-f1d9fe96345245fcc08f.json,3268093fd699cf424aabae7e72911c25fda473f94bfe1d971a0d61645dd7e5be,,,cases/ca2r-abdf718c43ec37a0dab9.json,25ecd47d180932189ec7918ff909e8c7c91e2634aeda66f9fa1a0f2df2a2f3bb,historical_cases/ca2r-abdf718c43ec37a0dab9/ca2r-abdf718c43ec37a0dab9.json,2ceab7df26bd685a1f1bd11d9f122ee0af457a2487a058b55268de64e667bf0a,37,first_eligible_unique_from_frozen_chain_global_order,d63b9a847bba28047c2cf7d14f3f937f6ecaf0642fce22958a3fecacfa2f669d,d3b80fe4ed7198fc900616b269408c1d0485ef8f000f46d37adb75be862a4a9c,46497384,0x5eb225ce9fb2c7a169e1736eb3b2bf2b6a5843839dd84cdcf6fe2ab0577ae21f,ca2r-abdf718c43ec37a0dab9,ca2r-abdf718c43ec37a0dab9,historical_cases/ca2r-abdf718c43ec37a0dab9/ca2r-abdf718c43ec37a0dab9.json,2ceab7df26bd685a1f1bd11d9f122ee0af457a2487a058b55268de64e667bf0a,2025-02-07T12:45:18Z,2025-02-08T12:45:18Z,9550,,,56:0x9ad90eeab3caff64a762cb40387ee1bb18bd31e3,6c2d3660f11e88e9b67d632fb52c129065a0920ab4371d7ebc37f7f05ad211bb,,,,,9ffb7fd94a47df6fca54d3cab65a625a61c230ea31c2c316e06c68229de494c6,6908085c9b1444d435173055250a1f7be88d21df32dfa955bf06cb6540c9b1dd,89ea9e55dcf1b7c28d525460b6a50186b1b9e65cbac0b2c3e4e25c0c3062b892,DERIVED_STRICT_SNAPSHOT,DERIVED_STRICT_SNAPSHOT,DERIVED_CONSENSUS_RUNTIME_CODE,UNRESOLVED:requires_loupe_or_historical_event_resolver,UNRESOLVED_NO_CUTOFF_SOURCE_VERIFICATION_EVIDENCE,DERIVED_EXACT_CHAIN_ADDRESS,DERIVED_METADATA_STRIPPED_BYTECODE_SHA256,UNRESOLVED_INDEPENDENT_ADJUDICATION_REQUIRED,UNRESOLVED_INDEPENDENT_ADJUDICATION_REQUIRED,UNRESOLVED_METHODS_OWNER_FREEZE_REQUIRED
bitdog,defihacklabs-temporal-replacement-finalization,bsc,48728493,0x4bbb53252b0cee84e6824e85989ea2eddeec25f1,,ca2-a1560cfd50c54f038ab4,2025-04-27,bitdog,replacement_candidate,,bsc,,replacement_candidate_historical_snapshot_verified,f945f50f597dda2431eee63b7d00ff3b462d9309b84dac33171b8ecf749888dc,2eab0f212fb5a194be89d619a749e65c8f2f8fe5fb4b269b0aa441152c36aa35,[],"[""0xc0dcad5927446b9fa560be74a76efa0805e67d4c4cd486a48e9e4248287d777e""]",,frozen_chain_global_order_finalization,True,True,16785763,16814522,48728494,,d305f03a0fcaf9a607019615210b6c7560a05ce798cf321d2f5add222592da37,,replacement_candidate_selected,[],replacement,ca2-30c70897da96155884e4,cases/ca2-30c70897da96155884e4.json,76b765ec3275ce3a0d84c3fef951a7f9539e882cbf4a1ece55b1dbabd0d6b93c,,,cases/ca2r-2e49a393c3be739e3708.json,e5d12e4b8c6cb3a71d905dd2c1fc122259c238d0e913086c4a786b0a2adb7bb8,historical_cases/ca2r-2e49a393c3be739e3708/ca2r-2e49a393c3be739e3708.json,7ff0f66d8a2d598053ea4798bc4d525171c85f66df61766be1bb5bea92432fd7,8,first_eligible_unique_from_frozen_chain_global_order,f945f50f597dda2431eee63b7d00ff3b462d9309b84dac33171b8ecf749888dc,d3b80fe4ed7198fc900616b269408c1d0485ef8f000f46d37adb75be862a4a9c,48728493,0xc0dcad5927446b9fa560be74a76efa0805e67d4c4cd486a48e9e4248287d777e,ca2r-2e49a393c3be739e3708,ca2r-2e49a393c3be739e3708,historical_cases/ca2r-2e49a393c3be739e3708/ca2r-2e49a393c3be739e3708.json,7ff0f66d8a2d598053ea4798bc4d525171c85f66df61766be1bb5bea92432fd7,2022-04-09T04:45:52Z,2022-04-10T04:45:52Z,19381,,,56:0x4bbb53252b0cee84e6824e85989ea2eddeec25f1,b0229762ad29a197497e046f245eb8b437d67e6cb860ca992acac6452e378ae7,,,,,0ba0f7842ec97d108901308a1e66e0f4ca61b057d90c8678b11d0d1964c84c41,f833f96f33cbd2e2db22d7722e0929638b5ef440868bb9151ef81feec56013a9,84dc5058bdee8eded22b22ae357ccae819a3a65b6b4a5b8c76d4c96627e80287,DERIVED_STRICT_SNAPSHOT,DERIVED_STRICT_SNAPSHOT,DERIVED_CONSENSUS_RUNTIME_CODE,UNRESOLVED:requires_loupe_or_historical_event_resolver,UNRESOLVED_NO_CUTOFF_SOURCE_VERIFICATION_EVIDENCE,DERIVED_EXACT_CHAIN_ADDRESS,DERIVED_METADATA_STRIPPED_BYTECODE_SHA256,UNRESOLVED_INDEPENDENT_ADJUDICATION_REQUIRED,UNRESOLVED_INDEPENDENT_ADJUDICATION_REQUIRED,UNRESOLVED_METHODS_OWNER_FREEZE_REQUIRED
MFT,defihacklabs-temporal-replacement-finalization,bsc,44097964,0x29ee4526e3a4078ce37762dc864424a089ebba11,,ca2-fdb8417e3a94f2d5fc68,2024-11-17,MFT,replacement_candidate,,bsc,,replacement_candidate_historical_snapshot_verified,100630baaec17732cc5380b722c8ffde5db42e5037e64b628b5c7605775fa067,6e8fdf0b765262fcad4163c8a6be367f7167774ffffb6daabcb4e6f7bec266f6,[],"[""0xe24ee2af7ceee6d6fad1cacda26004adfe0f44d397a17d2aca56c9a01d759142""]",,frozen_chain_global_order_finalization,True,True,43878949,43907746,44097964,,45f26ecedd8159c168d3a10799e0286d81b65267d481c6be25b490e33b2b0b75,,replacement_candidate_selected,[],replacement,ca2-8025fde6af4409634631,cases/ca2-8025fde6af4409634631.json,2db5d5804544db82e14e57ec7725772e97ad985500bcae2f9473ba50d02f0798,,,cases/ca2r-6698a749069349aab0a8.json,e5396aeeddd918b46d963d175a90302cfc3be3cfa408c2b95eb4da6570f9f887,historical_cases/ca2r-6698a749069349aab0a8/ca2r-6698a749069349aab0a8.json,d3a91ef5f0e4a87f03d9d43e9d71efb07f162639db23ce77c101d919455e071d,20,first_eligible_unique_from_frozen_chain_global_order,100630baaec17732cc5380b722c8ffde5db42e5037e64b628b5c7605775fa067,db3b13fa1cbf75bffec4662240ebd762c5af6c92d2608b9aecde80a8d7802b08,44097964,0xe24ee2af7ceee6d6fad1cacda26004adfe0f44d397a17d2aca56c9a01d759142,ca2r-6698a749069349aab0a8,ca2r-6698a749069349aab0a8,historical_cases/ca2r-6698a749069349aab0a8/ca2r-6698a749069349aab0a8.json,d3a91ef5f0e4a87f03d9d43e9d71efb07f162639db23ce77c101d919455e071d,2024-11-10T05:45:59Z,2024-11-11T05:46:00Z,7759,,,56:0x29ee4526e3a4078ce37762dc864424a089ebba11,c055429b94fd927769a008dbf280207e2d10170bce9ed638cec3eea858e2f1fa,,,,,035a5ad4c06e35e009d600e1896f341cc263e6ef3fc1ca6e40a9b098fbd4e174,7f2d958afa28fe61fd78a89214001479def6e2fa16cb1b5964ade260c8302db9,4b23eb179bcb75169ba05d3d608742d040ec4b65d6b9ff942e7d2cfc96c106bc,DERIVED_STRICT_SNAPSHOT,DERIVED_STRICT_SNAPSHOT,DERIVED_CONSENSUS_RUNTIME_CODE,UNRESOLVED:requires_loupe_or_historical_event_resolver,UNRESOLVED_NO_CUTOFF_SOURCE_VERIFICATION_EVIDENCE,DERIVED_EXACT_CHAIN_ADDRESS,DERIVED_METADATA_STRIPPED_BYTECODE_SHA256,UNRESOLVED_INDEPENDENT_ADJUDICATION_REQUIRED,UNRESOLVED_INDEPENDENT_ADJUDICATION_REQUIRED,UNRESOLVED_METHODS_OWNER_FREEZE_REQUIRED
aave_boost,defihacklabs,ethereum,22685443,0xd2933c86216dc0c938ffafeca3c8a2d6e633e2ca,shanghai,ca2-3c88785c0f3b4867d7f4,2025-06-12,AAVEBoost,Logic Flaw,src/test/2025-06/AAVEBoost_exp.sol,mainnet,https://github.com/SunWeb3Sec/DeFiHackLabs/blob/main/past/2025/README.md,frozen_public_source_hashed,d3b80fe4ed7198fc900616b269408c1d0485ef8f000f46d37adb75be862a4a9c,74d7d330347502a2dbcdfaaddd850f3ae98c9dc9429a81679f2c8c859b27dd69,"[""https://x.com/CertiKAlert/status/1933011428157563188""]",[],14.8K USD,exact_contract_basename,True,True,,,2025-06-12,,,,blocked_missing_onchain_and_availability_evidence,"[""missing:deployment_block"", ""missing:prediction_cutoff_block"", ""missing:source_availability_time"", ""missing:runtime_bytecode_hash_at_cutoff"", ""missing:outcome_adjudication_id""]",retained,,cases/ca2-3c88785c0f3b4867d7f4.json,7fcbe8200807282f8f024ab0acae530d0c798b198e61b80f6a65c47b66529dd3,cases/ca2-3c88785c0f3b4867d7f4.json,a907213d5b11e71d47ca5c2919b48d2a2c4944a8d10dff0bdc05fb3678d6fbfe,,,,,,,,,,,,ca2-3c88785c0f3b4867d7f4,cases/ca2-3c88785c0f3b4867d7f4.json,a907213d5b11e71d47ca5c2919b48d2a2c4944a8d10dff0bdc05fb3678d6fbfe,2022-02-15T10:49:38Z,2022-02-16T10:49:51Z,2652,,,1:0xd2933c86216dc0c938ffafeca3c8a2d6e633e2ca,32308ae6d7ff87f02ff2eeb0cc48fc6c7347bf3f5fde0855ee4d88a6b7188cb0,,,,,108da55c855bd37e1c9d8fb3abb32e6162175ca8534a4a40dfd4b1e9a1de4225,19fa2578aacaa077a36388126a86213b0f9542e6dbf5325e3d23db43ecab24f0,31374be6b046b22235397aa972d6eb4dcaf4f710ee01ee01c2447afb400cd9a6,DERIVED_STRICT_SNAPSHOT,DERIVED_STRICT_SNAPSHOT,DERIVED_CONSENSUS_RUNTIME_CODE,UNRESOLVED:requires_loupe_or_historical_event_resolver,UNRESOLVED_NO_CUTOFF_SOURCE_VERIFICATION_EVIDENCE,DERIVED_EXACT_CHAIN_ADDRESS,DERIVED_METADATA_STRIPPED_BYTECODE_SHA256,UNRESOLVED_INDEPENDENT_ADJUDICATION_REQUIRED,UNRESOLVED_INDEPENDENT_ADJUDICATION_REQUIRED,UNRESOLVED_METHODS_OWNER_FREEZE_REQUIRED
usual_money,defihacklabs,ethereum,22575929,0x35d8949372d46b7a3d5a56006ae77b215fc69bc0,shanghai,ca2-5168eea9714e081f78ad,2025-05-27,UsualMoney,Arbitrage,src/test/2025-05/UsualMoney_exp.sol,mainnet,https://github.com/SunWeb3Sec/DeFiHackLabs/blob/main/past/2025/README.md,frozen_public_source_hashed,d3b80fe4ed7198fc900616b269408c1d0485ef8f000f46d37adb75be862a4a9c,34ef2701e724d343ca2baba110514c4767a6eed9978461500dde7c8d7f3f17b7,"[""https://x.com/BlockSecTeam/status/1927601457815040283""]",[],43k USD,exact_contract_basename,True,True,,,2025-05-27,,,,blocked_missing_onchain_and_availability_evidence,"[""missing:deployment_block"", ""missing:prediction_cutoff_block"", ""missing:source_availability_time"", ""missing:runtime_bytecode_hash_at_cutoff"", ""missing:outcome_adjudication_id""]",retained,,cases/ca2-5168eea9714e081f78ad.json,3d584a62facf6707f52cc732c1a956d1696dde59975fd3853cdbe56cc9f88b6c,cases/ca2-5168eea9714e081f78ad.json,1e927e792f9919ca6cd1757a98631d3e501f1ae75742a112a674cc1082bfa25a,,,,,,,,,,,,ca2-5168eea9714e081f78ad,cases/ca2-5168eea9714e081f78ad.json,1e927e792f9919ca6cd1757a98631d3e501f1ae75742a112a674cc1082bfa25a,2024-06-05T12:56:35Z,2024-06-06T12:56:35Z,1129,EIP1967_PROXY,,1:0x35d8949372d46b7a3d5a56006ae77b215fc69bc0,6fe2efc551cd0b878ae6616b437ab4d254decfe9b737bfd8ea570507abe2434c,eip1967:0x3bbd5136122818c7a6dc2022e014e426dbf16f09,,,,226e97eca71e6805f47e2be6fb2a3a8850c676ebd9ee29967ef430b09b720c70,20619b8a1b8c5b4d5f8aca5a610302306454da40377a4f3f372b47481afb93ea,f7ddc869f058206151e84ccfd55c5b6935d12db190988eec8b9e7d8fd89203ef,DERIVED_STRICT_SNAPSHOT,DERIVED_STRICT_SNAPSHOT,DERIVED_CONSENSUS_RUNTIME_CODE,VERIFIED_STANDARD_PROXY,UNRESOLVED_NO_CUTOFF_SOURCE_VERIFICATION_EVIDENCE,DERIVED_EXACT_CHAIN_ADDRESS,DERIVED_METADATA_STRIPPED_BYTECODE_SHA256,UNRESOLVED_INDEPENDENT_ADJUDICATION_REQUIRED,UNRESOLVED_INDEPENDENT_ADJUDICATION_REQUIRED,UNRESOLVED_METHODS_OWNER_FREEZE_REQUIRED
bankroll_network,defihacklabs,bsc,51715417,0xadefb902cab716b8043c5231ae9a50b8b4ee7c4e,shanghai,ca2-98b03a49b7d20591238a,2025-06-19,BankrollNetwork,Incorrect dividends calculation,src/test/2025-06/BankrollNetwork_exp.sol,bsc,https://github.com/SunWeb3Sec/DeFiHackLabs/blob/main/past/2025/README.md,frozen_public_source_hashed,d3b80fe4ed7198fc900616b269408c1d0485ef8f000f46d37adb75be862a4a9c,327bf3cd443ea430ba68422dbd8cc422628addaca9efbdca3694a975b09c4cd1,"[""https://x.com/TenArmorAlert/status/1935618109802459464""]",[],24.5 WBNB,frozen_date_override,True,True,,,2025-06-19,,,,blocked_missing_onchain_and_availability_evidence,"[""missing:deployment_block"", ""missing:prediction_cutoff_block"", ""missing:source_availability_time"", ""missing:runtime_bytecode_hash_at_cutoff"", ""missing:outcome_adjudication_id""]",retained,,cases/ca2-98b03a49b7d20591238a.json,0af02e67a9bc2d2659c53120a8e13cb3f0ef702cfc2f6c219ce75eca02ef62e3,cases/ca2-98b03a49b7d20591238a.json,9ffd24e8d12cecfacd3804c899da8600e444bbc04097e137a36450d3df64983d,,,,,,,,,,,,ca2-98b03a49b7d20591238a,cases/ca2-98b03a49b7d20591238a.json,9ffd24e8d12cecfacd3804c899da8600e444bbc04097e137a36450d3df64983d,2021-07-07T22:51:29Z,2021-07-08T22:51:30Z,16784,,,56:0xadefb902cab716b8043c5231ae9a50b8b4ee7c4e,870c67e313ce015a4f073ba7a7be674015ae8b6ef8a6cd01c7e4bf726e16d26e,,,,,54fec484c03627fe00fbb15bc59c8c09965717b3c0ae947a1908075fafc36165,d83f989c8b3fb1239110ca0c6ce26e2c9f4abb2e20457a9b665f9e3a8b942528,ff3e281c29488aef9099eeab5acfa98fea33ee2f107614646cb3a905ac7bb374,DERIVED_STRICT_SNAPSHOT,DERIVED_STRICT_SNAPSHOT,DERIVED_CONSENSUS_RUNTIME_CODE,UNRESOLVED:requires_loupe_or_historical_event_resolver,UNRESOLVED_NO_CUTOFF_SOURCE_VERIFICATION_EVIDENCE,DERIVED_EXACT_CHAIN_ADDRESS,DERIVED_METADATA_STRIPPED_BYTECODE_SHA256,UNRESOLVED_INDEPENDENT_ADJUDICATION_REQUIRED,UNRESOLVED_INDEPENDENT_ADJUDICATION_REQUIRED,UNRESOLVED_METHODS_OWNER_FREEZE_REQUIRED
bankroll_stack,defihacklabs,bsc,51698203,0x16d0a151297a0393915239373897bcc955882110,shanghai,ca2-76efd7743f4d9234ff8d,2025-06-19,BankrollStack,Incorrect dividends calculation,src/test/2025-06/BankrollStack_exp.sol,bsc,https://github.com/SunWeb3Sec/DeFiHackLabs/blob/main/past/2025/README.md,frozen_public_source_hashed,d3b80fe4ed7198fc900616b269408c1d0485ef8f000f46d37adb75be862a4a9c,e91a6652ba97314bbdc6d92f2eccd85dd7bf20be172d47ca45491c3c72d2e58c,[],[],5k USD,exact_contract_basename,True,True,,,2025-06-19,,,,blocked_missing_onchain_and_availability_evidence,"[""missing:deployment_block"", ""missing:prediction_cutoff_block"", ""missing:source_availability_time"", ""missing:runtime_bytecode_hash_at_cutoff"", ""missing:outcome_adjudication_id""]",retained,,cases/ca2-76efd7743f4d9234ff8d.json,844d8eef8e013c416f66782417336f191a4e73169ff9bd5bb7ff531e4d4a39e1,cases/ca2-76efd7743f4d9234ff8d.json,7cbdd000e3e4a8262faafc28142541fd0d61eb6c3c9fa4ed4414942646e98dc1,,,,,,,,,,,,ca2-76efd7743f4d9234ff8d,cases/ca2-76efd7743f4d9234ff8d.json,7cbdd000e3e4a8262faafc28142541fd0d61eb6c3c9fa4ed4414942646e98dc1,2021-07-03T20:29:45Z,2021-07-04T20:29:46Z,16784,,,56:0x16d0a151297a0393915239373897bcc955882110,870c67e313ce015a4f073ba7a7be674015ae8b6ef8a6cd01c7e4bf726e16d26e,,,,,24672df053aca08ffdd1f0af77fcea886b80cd2aa8ebc875e506703bf8c1a645,9dcba942026483690d0a4ffc412cad3ca4d49aee3b0ada57e8d0af03152952b0,07d1ac34bf1659a63880abfe1816729b6277acf81f328c60408f85fc48f92c26,DERIVED_STRICT_SNAPSHOT,DERIVED_STRICT_SNAPSHOT,DERIVED_CONSENSUS_RUNTIME_CODE,UNRESOLVED:requires_loupe_or_historical_event_resolver,UNRESOLVED_NO_CUTOFF_SOURCE_VERIFICATION_EVIDENCE,DERIVED_EXACT_CHAIN_ADDRESS,DERIVED_METADATA_STRIPPED_BYTECODE_SHA256,UNRESOLVED_INDEPENDENT_ADJUDICATION_REQUIRED,UNRESOLVED_INDEPENDENT_ADJUDICATION_REQUIRED,UNRESOLVED_METHODS_OWNER_FREEZE_REQUIRED
gangsterfinance,defihacklabs,bsc,51782712,0xe968d2e4adc89609773571301abec3399d163c3b,shanghai,ca2-a5e7a267cfa0aa860481,2025-06-20,Gangsterfinance,Incorrect dividends,src/test/2025-06/Gangsterfinance.sol,bsc,https://github.com/SunWeb3Sec/DeFiHackLabs/blob/main/past/2025/README.md,frozen_public_source_hashed,d3b80fe4ed7198fc900616b269408c1d0485ef8f000f46d37adb75be862a4a9c,baa0f2c2134ef6738578bf18ceb471d7dd9687170ab7de7fa6f360562b45ea6e,"[""https://t.me/defimon_alerts/1323""]",[],16.5k USD,exact_contract_basename,True,True,,,2025-06-20,,,,blocked_missing_onchain_and_availability_evidence,"[""missing:deployment_block"", ""missing:prediction_cutoff_block"", ""missing:source_availability_time"", ""missing:runtime_bytecode_hash_at_cutoff"", ""missing:outcome_adjudication_id""]",retained,,cases/ca2-a5e7a267cfa0aa860481.json,433ed9290fea5c212ae98d7ac583bafb0ffbb02ccc66e56f90393dfe89cf176c,cases/ca2-a5e7a267cfa0aa860481.json,a56d2949c9ad69dc777b5eeaf6ff01ceb2401db2b4c5f56f56fbdae8fcb3fdef,,,,,,,,,,,,ca2-a5e7a267cfa0aa860481,cases/ca2-a5e7a267cfa0aa860481.json,a56d2949c9ad69dc777b5eeaf6ff01ceb2401db2b4c5f56f56fbdae8fcb3fdef,2021-06-30T00:03:42Z,2021-07-01T00:03:43Z,11957,,,56:0xe968d2e4adc89609773571301abec3399d163c3b,20a434d6f1f0301447ebe02d0dd2557bbb4c91f111cbfa5ea3ef3284646bbe12,,,,,7d327975c657b3ae86cb2059792787cdf7d1e8d3a6f0b9c467a504d04126dea3,68db287478e1a62d0aee61deab8dbbdd2d1d7a0872125382071e0856fb67df0f,6b8f129f98428db9e2882fd79ae069b04dbba1e8f30077dafd960245fd5ae064,DERIVED_STRICT_SNAPSHOT,DERIVED_STRICT_SNAPSHOT,DERIVED_CONSENSUS_RUNTIME_CODE,UNRESOLVED:requires_loupe_or_historical_event_resolver,UNRESOLVED_NO_CUTOFF_SOURCE_VERIFICATION_EVIDENCE,DERIVED_EXACT_CHAIN_ADDRESS,DERIVED_METADATA_STRIPPED_BYTECODE_SHA256,UNRESOLVED_INDEPENDENT_ADJUDICATION_REQUIRED,UNRESOLVED_INDEPENDENT_ADJUDICATION_REQUIRED,UNRESOLVED_METHODS_OWNER_FREEZE_REQUIRED
ZeroExSettler,defihacklabs-temporal-replacement-finalization,ethereum,22022764,0x0d0e364aa7852291883c162b22d6d81f6355428f,,ca2-5033d73f3cec5063c5f5,2025-03-11,ZeroExSettler,replacement_candidate,,ethereum,,replacement_candidate_historical_snapshot_verified,8062894f21f36947462610aabf0445cda1e9ec1fca9c041d2a626822849fde3f,44799f7590d41b55ea378946248b1f35e7673944547e17b2542609798138d67a,[],"[""0x4e2f5bccc5d428c39cd93c64dcd2502d5cf05fb30892c753475155d498ef5887""]",,frozen_chain_global_order_finalization,True,True,21741521,21748676,22022765,,5e0d9f714fae37f165a7b20eac322110648a4afd0b6d4a0c9ec79550c273b94f,,replacement_candidate_selected,[],replacement,ca2-7a492e8008e940fab9d5,cases/ca2-7a492e8008e940fab9d5.json,4b3918407104ed01f1a7334a6a6a86200efd9e5f14d62ec773523b49c5d52810,,,cases/ca2r-fe3bfa9fe63a233f5747.json,85f4c58a5c9ad97d1b9b1a27ac8d69f7244558b1c46db54fa4e414b71b01e0f1,historical_cases/ca2r-fe3bfa9fe63a233f5747/ca2r-fe3bfa9fe63a233f5747.json,c78789c4d4ef6e773ec0305098a67e25494155e16605431a772d01bd0e456092,9,first_eligible_unique_from_frozen_chain_global_order,8062894f21f36947462610aabf0445cda1e9ec1fca9c041d2a626822849fde3f,d3b80fe4ed7198fc900616b269408c1d0485ef8f000f46d37adb75be862a4a9c,22022764,0x4e2f5bccc5d428c39cd93c64dcd2502d5cf05fb30892c753475155d498ef5887,ca2r-fe3bfa9fe63a233f5747,ca2r-fe3bfa9fe63a233f5747,historical_cases/ca2r-fe3bfa9fe63a233f5747/ca2r-fe3bfa9fe63a233f5747.json,c78789c4d4ef6e773ec0305098a67e25494155e16605431a772d01bd0e456092,2025-01-31T02:26:23Z,2025-02-01T02:26:23Z,24024,,,1:0x0d0e364aa7852291883c162b22d6d81f6355428f,5e0d9f714fae37f165a7b20eac322110648a4afd0b6d4a0c9ec79550c273b94f,,,,,696fa8e29b2d1cef0edad69bda84017a4563c646b5c81e8a81620300c09b32fb,4a9f178e23dcc084afdc49f0c7ad37270f0bff44b6a21eb75f6f92d6d07b9e07,ee11e42932b0d9548ba04993f5d85a6309a682fe9a7638d6b518a31ec8bb123b,DERIVED_STRICT_SNAPSHOT,DERIVED_STRICT_SNAPSHOT,DERIVED_CONSENSUS_RUNTIME_CODE,UNRESOLVED:requires_loupe_or_historical_event_resolver,UNRESOLVED_NO_CUTOFF_SOURCE_VERIFICATION_EVIDENCE,DERIVED_EXACT_CHAIN_ADDRESS,DERIVED_METADATA_STRIPPED_BYTECODE_SHA256,UNRESOLVED_INDEPENDENT_ADJUDICATION_REQUIRED,UNRESOLVED_INDEPENDENT_ADJUDICATION_REQUIRED,UNRESOLVED_METHODS_OWNER_FREEZE_REQUIRED
MEVBOTa47b,defihacklabs-temporal-replacement-finalization,ethereum,15741332,0x00000000000a47b1298f18cf67de547bbe0d723f,,ca2-8bd96b9bd5ce07a9bc18,2022-10-14,MEVBOTa47b,replacement_candidate,,ethereum,,replacement_candidate_historical_snapshot_verified,7a80787511256b1e2a229a6d55879e027108f7389fbbb79d28a3997d82b8bd34,526bba89317b138942d6498b0625c63929dca8e61fcacd45696391c367be1965,[],"[""0x35ecf595864400696853c53edf3e3d60096639b6071cadea6076c9c6ceb921c1""]",,frozen_chain_global_order_finalization,True,True,14499949,14506342,15741333,,1bd2b551e9d5f023c7d4d476d0e4d4b13a5f824c4ccf72b90389c08fed737a3d,,replacement_candidate_selected,[],replacement,ca2-f85fa30e6947a150b2f8,cases/ca2-f85fa30e6947a150b2f8.json,10d5e6163564814c59e150b676775ec0cc16b4bb9965f43bfe31fb43fb1ba173,,,cases/ca2r-6e609f3614c863b93d77.json,e69afdf61caa685bb2c0a3b989f7906ea53071feacf8265793c194ca721b1812,historical_cases/ca2r-6e609f3614c863b93d77/ca2r-6e609f3614c863b93d77.json,b9506822619ab86b0dc3502750e6887d95e4f0452bd67ada519811b93b3a7253,16,first_eligible_unique_from_frozen_chain_global_order,7a80787511256b1e2a229a6d55879e027108f7389fbbb79d28a3997d82b8bd34,e7668ddd37e305db9052d4f208bb3b87d1e75956950739d5e9f1fd66f4c26267,15741332,0x35ecf595864400696853c53edf3e3d60096639b6071cadea6076c9c6ceb921c1,ca2r-6e609f3614c863b93d77,ca2r-6e609f3614c863b93d77,historical_cases/ca2r-6e609f3614c863b93d77/ca2r-6e609f3614c863b93d77.json,b9506822619ab86b0dc3502750e6887d95e4f0452bd67ada519811b93b3a7253,2022-04-01T10:59:44Z,2022-04-02T10:59:44Z,556,,,1:0x00000000000a47b1298f18cf67de547bbe0d723f,8614903ec37933eb4a2ef5976313ac69d278eb09636cb9e50b517f133676b4f7,,,,,c565bd157bd7a51498b337bd32c27d4e1315105be27e3fb1e5b6dc5bdf3c5945,69e8958c7f693dd9778f3d2472dbd6428a4f3be3063eceee7ffe70fdad233193,d314577660ebe4ec1fbc968b295d7bb29662aba45f95bd2e53345342cd05fad3,DERIVED_STRICT_SNAPSHOT,DERIVED_STRICT_SNAPSHOT,DERIVED_CONSENSUS_RUNTIME_CODE,UNRESOLVED:requires_loupe_or_historical_event_resolver,UNRESOLVED_NO_CUTOFF_SOURCE_VERIFICATION_EVIDENCE,DERIVED_EXACT_CHAIN_ADDRESS,DERIVED_METADATA_STRIPPED_BYTECODE_SHA256,UNRESOLVED_INDEPENDENT_ADJUDICATION_REQUIRED,UNRESOLVED_INDEPENDENT_ADJUDICATION_REQUIRED,UNRESOLVED_METHODS_OWNER_FREEZE_REQUIRED
fpc,defihacklabs,bsc,52624700,0xb192d4a737430aa61cea4ce9bfb6432f7d42592f,shanghai,ca2-8a1aed9c839187cc890c,2025-07-02,FPC,Logic Flaw,src/test/2025-07/FPC_exp.sol,bsc,https://github.com/SunWeb3Sec/DeFiHackLabs/blob/main/past/2025/README.md,frozen_public_source_hashed,d3b80fe4ed7198fc900616b269408c1d0485ef8f000f46d37adb75be862a4a9c,faab9558aca606fac98dead93ef37b59a55acdf63bf0fe991966e4fd88cfc60e,"[""https://x.com/TenArmorAlert/status/1940423393880244327""]",[],4.7M USDT,exact_contract_basename,True,True,,,2025-07-02,,,,blocked_missing_onchain_and_availability_evidence,"[""missing:deployment_block"", ""missing:prediction_cutoff_block"", ""missing:source_availability_time"", ""missing:runtime_bytecode_hash_at_cutoff"", ""missing:outcome_adjudication_id""]",retained,,cases/ca2-8a1aed9c839187cc890c.json,f27cde18a2403bfbe23db5274a47151774f0020739c5a472bb15e8c928c92d57,cases/ca2-8a1aed9c839187cc890c.json,acfe3078f3ed00b962538f50b2b59f63fbeb297454e6d04f6fabd0fc4c375143,,,,,,,,,,,,ca2-8a1aed9c839187cc890c,cases/ca2-8a1aed9c839187cc890c.json,acfe3078f3ed00b962538f50b2b59f63fbeb297454e6d04f6fabd0fc4c375143,2025-06-30T14:56:21Z,2025-07-01T14:56:21Z,6801,,,56:0xb192d4a737430aa61cea4ce9bfb6432f7d42592f,e0875b266e906378eb77616457b4d314ed854dc4199a642b97c2585fe053f9ab,,,,,b69fc03f430387ebc910176c23262e5e69b2bc8de37551b434531a6569415389,30a29849ba4e4190146e771b17ba13974d909ba67ab0773055b5ce598a256a23,4d650642253bc43844ca6035484e9a9c4884aa0b595166a4e9696b1bab84fd35,DERIVED_STRICT_SNAPSHOT,DERIVED_STRICT_SNAPSHOT,DERIVED_CONSENSUS_RUNTIME_CODE,UNRESOLVED:requires_loupe_or_historical_event_resolver,UNRESOLVED_NO_CUTOFF_SOURCE_VERIFICATION_EVIDENCE,DERIVED_EXACT_CHAIN_ADDRESS,DERIVED_METADATA_STRIPPED_BYTECODE_SHA256,UNRESOLVED_INDEPENDENT_ADJUDICATION_REQUIRED,UNRESOLVED_INDEPENDENT_ADJUDICATION_REQUIRED,UNRESOLVED_METHODS_OWNER_FREEZE_REQUIRED
meta_pool,defihacklabs,ethereum,22722910,0x48afbbd342f64ef8a9ab1c143719b63c2ad81710,shanghai,ca2-aa4fa44d86c046a9915f,2025-06-17,MetaPool,Access Control,src/test/2025-06/MetaPool_exp.sol,mainnet,https://github.com/SunWeb3Sec/DeFiHackLabs/blob/main/past/2025/README.md,frozen_public_source_hashed,d3b80fe4ed7198fc900616b269408c1d0485ef8f000f46d37adb75be862a4a9c,6488e54ab448d35c1cc6772ca8b9c354721cba5273631dc569eed1b1c0d9e0f2,"[""https://x.com/peckshield/status/1934895187102454206""]",[],25k USD,exact_contract_basename,True,True,,,2025-06-17,,,,blocked_missing_onchain_and_availability_evidence,"[""missing:deployment_block"", ""missing:prediction_cutoff_block"", ""missing:source_availability_time"", ""missing:runtime_bytecode_hash_at_cutoff"", ""missing:outcome_adjudication_id""]",retained,,cases/ca2-aa4fa44d86c046a9915f.json,5e0348716f921f132317db05c6f630da279c4b4d7f251c36e2de7bbc12fc1baa,cases/ca2-aa4fa44d86c046a9915f.json,d9bf7078772e592c574c0e7b763ca9e9cd94380a6e16a63bf704c9388102f032,,,,,,,,,,,,ca2-aa4fa44d86c046a9915f,cases/ca2-aa4fa44d86c046a9915f.json,d9bf7078772e592c574c0e7b763ca9e9cd94380a6e16a63bf704c9388102f032,2023-07-13T22:17:11Z,2023-07-14T22:17:11Z,2227,EIP1967_PROXY,,1:0x48afbbd342f64ef8a9ab1c143719b63c2ad81710,12487716809e31b6703ad3c3701d7188dfe813e4e04c5ba3968c4261bc8c1a7f,eip1967:0xb112841c67d94d9536d356631224340e2ef27b39,,,,9c90bed3d30c006b1a6ed37f2474688dda5d26748e61d4cdee53b1f3a7d062bf,cad93eec9afbb37ecdfd15d2b4fd9a345aded77a52fa69174be0e67ba0fa526a,431bb77ce5f1805e2d7b7debc89c44aa0499b0387c1aa731aac698381585d93c,DERIVED_STRICT_SNAPSHOT,DERIVED_STRICT_SNAPSHOT,DERIVED_CONSENSUS_RUNTIME_CODE,VERIFIED_STANDARD_PROXY,UNRESOLVED_NO_CUTOFF_SOURCE_VERIFICATION_EVIDENCE,DERIVED_EXACT_CHAIN_ADDRESS,DERIVED_METADATA_STRIPPED_BYTECODE_SHA256,UNRESOLVED_INDEPENDENT_ADJUDICATION_REQUIRED,UNRESOLVED_INDEPENDENT_ADJUDICATION_REQUIRED,UNRESOLVED_METHODS_OWNER_FREEZE_REQUIRED
multicall_with_eth,defihacklabs,bsc,55371342,0x3da0f00d5c4e544924bc7282e18497c4a4c92046,shanghai,ca2-c6f760eb216df807a29b,2025-07-26,MulticallWithETH,arbitrary-call,src/test/2025-07/MulticallWithETH_exp.sol,bsc,https://github.com/SunWeb3Sec/DeFiHackLabs/blob/main/past/2025/README.md,frozen_public_source_hashed,d3b80fe4ed7198fc900616b269408c1d0485ef8f000f46d37adb75be862a4a9c,22e73698911b6cd456118a566e0b5ddece2b9e7defebea99680701d9070d7e2b,[],[],10K USD,exact_contract_basename,True,True,,,2025-07-26,,,,blocked_missing_onchain_and_availability_evidence,"[""missing:deployment_block"", ""missing:prediction_cutoff_block"", ""missing:source_availability_time"", ""missing:runtime_bytecode_hash_at_cutoff"", ""missing:outcome_adjudication_id""]",retained,,cases/ca2-c6f760eb216df807a29b.json,6ca8449ed518a65bad4f581ea6e9d399836521a9f844d0de8b5157119c787eff,cases/ca2-c6f760eb216df807a29b.json,c58ab87be4cb68300e665ed03ab05465602ab63a9ddbf8d9a955aca38acb478e,,,,,,,,,,,,ca2-c6f760eb216df807a29b,cases/ca2-c6f760eb216df807a29b.json,c58ab87be4cb68300e665ed03ab05465602ab63a9ddbf8d9a955aca38acb478e,2025-06-24T17:23:14Z,2025-06-25T17:23:15Z,2674,,,56:0x3da0f00d5c4e544924bc7282e18497c4a4c92046,8daee751b05b26da5f191c790f10ab688822fded828ba7dd435fe5c0fcf4dc05,,,,,9abd347e7c5d7a42d4d1b67db3a4738d86aefd6f4b29dd4b6072a82df847dc18,ebb1456463763852c4ab947359695a36f7c2f6e45d3a8df35a744f3a429e8b75,c24ee7de442e63c0da3e87bef1e82bc8c0097a9c890754e441c3c507cd478574,DERIVED_STRICT_SNAPSHOT,DERIVED_STRICT_SNAPSHOT,DERIVED_CONSENSUS_RUNTIME_CODE,UNRESOLVED:requires_loupe_or_historical_event_resolver,UNRESOLVED_NO_CUTOFF_SOURCE_VERIFICATION_EVIDENCE,DERIVED_EXACT_CHAIN_ADDRESS,DERIVED_METADATA_STRIPPED_BYTECODE_SHA256,UNRESOLVED_INDEPENDENT_ADJUDICATION_REQUIRED,UNRESOLVED_INDEPENDENT_ADJUDICATION_REQUIRED,UNRESOLVED_METHODS_OWNER_FREEZE_REQUIRED
rant_token,defihacklabs,bsc,52974381,0xc321ac21a07b3d593b269acdace69c3762ca2dd0,shanghai,ca2-b89108fafba359a9828c,2025-07-05,RANT,Logic Flaw,src/test/2025-07/RANTToken_exp.sol,bsc,https://github.com/SunWeb3Sec/DeFiHackLabs/blob/main/past/2025/README.md,frozen_public_source_hashed,d3b80fe4ed7198fc900616b269408c1d0485ef8f000f46d37adb75be862a4a9c,42c9dfc3539948eff7d589cd59d879163020e3d8462343776b80b42f9329b4cc,"[""https://x.com/AgentLISA_ai/status/1942162643437203531"", ""https://x.com/Phalcon_xyz/status/1941788315549946225""]",[],~ $204K,exact_contract_basename,True,True,,,2025-07-05,,,,blocked_missing_onchain_and_availability_evidence,"[""missing:deployment_block"", ""missing:prediction_cutoff_block"", ""missing:source_availability_time"", ""missing:runtime_bytecode_hash_at_cutoff"", ""missing:outcome_adjudication_id""]",retained,,cases/ca2-b89108fafba359a9828c.json,edb9315f4d7320d27a3c16d364c4a931965eff3e01dd010ded5ee51eb2cf1e74,cases/ca2-b89108fafba359a9828c.json,0ad51fc5362676b95c18e331b393272dd89c7126dddc2763fc3f19b12126c3c7,,,,,,,,,,,,ca2-b89108fafba359a9828c,cases/ca2-b89108fafba359a9828c.json,0ad51fc5362676b95c18e331b393272dd89c7126dddc2763fc3f19b12126c3c7,2025-07-03T11:47:40Z,2025-07-04T11:47:40Z,9335,,,56:0xc321ac21a07b3d593b269acdace69c3762ca2dd0,bad41c17403a1c7be3156399b3e89bf931c3611623815840a999d7c7c945906c,,,,,ddc1acb972ad64c31b18110c8bb38dcc48780e55f606f2927fce5dd60cffe69f,553f90162eaa87c7d57cf6356e1abf7356391b38bac91da7d9705493cab8117e,a4413b1de4c8cd99f920c5ad7984317257896caf5aae0d79561e869d1d4181ef,DERIVED_STRICT_SNAPSHOT,DERIVED_STRICT_SNAPSHOT,DERIVED_CONSENSUS_RUNTIME_CODE,UNRESOLVED:requires_loupe_or_historical_event_resolver,UNRESOLVED_NO_CUTOFF_SOURCE_VERIFICATION_EVIDENCE,DERIVED_EXACT_CHAIN_ADDRESS,DERIVED_METADATA_STRIPPED_BYTECODE_SHA256,UNRESOLVED_INDEPENDENT_ADJUDICATION_REQUIRED,UNRESOLVED_INDEPENDENT_ADJUDICATION_REQUIRED,UNRESOLVED_METHODS_OWNER_FREEZE_REQUIRED
swapp_staking,defihacklabs,ethereum,22957532,0x245a551ee0f55005e510b239c917fa34b41b3461,shanghai,ca2-01398b37f50bcbb8adc6,2025-07-24,SWAPPStaking,Incorrect Reward calculation,src/test/2025-07/SWAPPStaking_exp.sol,mainnet,https://github.com/SunWeb3Sec/DeFiHackLabs/blob/main/past/2025/README.md,frozen_public_source_hashed,d3b80fe4ed7198fc900616b269408c1d0485ef8f000f46d37adb75be862a4a9c,e97c7209a78e10c67dc32776dab9db5078811a1918f43419341b3bb935852e2c,"[""https://x.com/deeberiroz/status/1947213692220710950""]",[],"$32,196.28",exact_contract_basename,True,True,,,2025-07-24,,,,blocked_missing_onchain_and_availability_evidence,"[""missing:deployment_block"", ""missing:prediction_cutoff_block"", ""missing:source_availability_time"", ""missing:runtime_bytecode_hash_at_cutoff"", ""missing:outcome_adjudication_id""]",retained,,cases/ca2-01398b37f50bcbb8adc6.json,bc4e7f04be71dbbb0c739ca66b21d7f28e5a0b5e749fd94e3a7c8d1803b59cf0,cases/ca2-01398b37f50bcbb8adc6.json,d0913151b201ecb8c0dd484e44ff78f6ed4852aced8d75c26323be326992c33d,,,,,,,,,,,,ca2-01398b37f50bcbb8adc6,cases/ca2-01398b37f50bcbb8adc6.json,d0913151b201ecb8c0dd484e44ff78f6ed4852aced8d75c26323be326992c33d,2021-06-20T18:06:58Z,2021-06-21T18:07:01Z,16494,,,1:0x245a551ee0f55005e510b239c917fa34b41b3461,045e03cfc33569c62b43e0ac0fd7ab6a05f6246d63e11d7077225701c3d78533,,,,,fff680dd6cb209f6a0731f6af459f5956e363d65414b72e2b8e40ab3d9402b81,099d08bc9540e9d03363eb1b7b3fa22185c629123b8c30b94e4362cd39323c50,e30bf4491c51b282a3cea2ee0af4b12f0d2f792b46b897e04138689f1f3aae5f,DERIVED_STRICT_SNAPSHOT,DERIVED_STRICT_SNAPSHOT,DERIVED_CONSENSUS_RUNTIME_CODE,UNRESOLVED:requires_loupe_or_historical_event_resolver,UNRESOLVED_NO_CUTOFF_SOURCE_VERIFICATION_EVIDENCE,DERIVED_EXACT_CHAIN_ADDRESS,DERIVED_METADATA_STRIPPED_BYTECODE_SHA256,UNRESOLVED_INDEPENDENT_ADJUDICATION_REQUIRED,UNRESOLVED_INDEPENDENT_ADJUDICATION_REQUIRED,UNRESOLVED_METHODS_OWNER_FREEZE_REQUIRED
stepp2p,defihacklabs,bsc,54653986,0x99855380e5f48db0a6babeae312b80885a816dce,shanghai,ca2-ca16a95de7b24c723e35,2025-07-20,Stepp2p,Logic Flaw,src/test/2025-07/Stepp2p_exp.sol,bsc,https://github.com/SunWeb3Sec/DeFiHackLabs/blob/main/past/2025/README.md,frozen_public_source_hashed,d3b80fe4ed7198fc900616b269408c1d0485ef8f000f46d37adb75be862a4a9c,85cc9dd27d13f97d2ca212b7c15e4cabaf13a6c77ae2e6c65ddda9ffdc2668f2,"[""https://x.com/TenArmorAlert/status/1946887946877149520""]",[],43k USD,exact_contract_basename,True,True,,,2025-07-20,,,,blocked_missing_onchain_and_availability_evidence,"[""missing:deployment_block"", ""missing:prediction_cutoff_block"", ""missing:source_availability_time"", ""missing:runtime_bytecode_hash_at_cutoff"", ""missing:outcome_adjudication_id""]",retained,,cases/ca2-ca16a95de7b24c723e35.json,8b6c339d75eb40ef1cd9444ebd0bdb4b122f82975214ce7d707c507bf1d08e65,cases/ca2-ca16a95de7b24c723e35.json,0f25ed81796b37e46a780fc3cb46d32383130d3f835e5f87a4198ae6a2a4f95f,,,,,,,,,,,,ca2-ca16a95de7b24c723e35,cases/ca2-ca16a95de7b24c723e35.json,0f25ed81796b37e46a780fc3cb46d32383130d3f835e5f87a4198ae6a2a4f95f,2025-05-07T13:03:54Z,2025-05-08T13:03:54Z,13331,,,56:0x99855380e5f48db0a6babeae312b80885a816dce,bbce36187d94ddc18fb016a9adfd0382d1e80f71ddd476bdb0e7b28911a04ee2,,,,,17649b946f1546455b9863dd5b7bbe156289ea7756027e976a5845223a879f1a,791ecfc8659274dc78cd6fbdc5c0a3ac1fafb1681a17149c42525addcdf806e7,ca99504c7e326f48bb2aaa1db910501f52a842f4319170b088e4d7dc83ad0f80,DERIVED_STRICT_SNAPSHOT,DERIVED_STRICT_SNAPSHOT,DERIVED_CONSENSUS_RUNTIME_CODE,UNRESOLVED:requires_loupe_or_historical_event_resolver,UNRESOLVED_NO_CUTOFF_SOURCE_VERIFICATION_EVIDENCE,DERIVED_EXACT_CHAIN_ADDRESS,DERIVED_METADATA_STRIPPED_BYTECODE_SHA256,UNRESOLVED_INDEPENDENT_ADJUDICATION_REQUIRED,UNRESOLVED_INDEPENDENT_ADJUDICATION_REQUIRED,UNRESOLVED_METHODS_OWNER_FREEZE_REQUIRED
Unverified_0000,defihacklabs-temporal-replacement-finalization,bsc,50311055,0x000004a70f92f1b22de1201af76c48365d5d0000,,ca2-68bcc7d0d70c9f4db91a,2025-05-25,Unverified_0000,replacement_candidate,,bsc,,replacement_candidate_historical_snapshot_verified,50cca8c3e7a9ea05a803d77b9dc5ed069c71c3e259556c9253da02a33842ccc1,d93614d426b5b78139fde5f2eef7226e7edf29c19693c723e6e73a9d0a4be485,[],"[""0x7ca804d016be67c570a10a620b9ae3027fd6b03d0965da3ec78912be067af024""]",,frozen_chain_global_order_finalization,True,True,49557639,49615217,50311056,,1ac0118aa7fc87f42c75124204a5262ed0133322e501c00d972c513dd617d71a,,replacement_candidate_selected,[],replacement,ca2-7727ada64ae1e882eaac,cases/ca2-7727ada64ae1e882eaac.json,f92dcf13d847884e46ced2726b9c8d3ac7df079911c158d6ed02f14855672a29,,,cases/ca2r-51ce7cb9c10cf1ea2cc8.json,a240aff98878e89139ff22e5340091941d5ef7c8c79a58d55c0c4dcdf48c63ea,historical_cases/ca2r-51ce7cb9c10cf1ea2cc8/ca2r-51ce7cb9c10cf1ea2cc8.json,bb89f1769f597d226ce7deed9f25371a9f57ffe518bd6b5bba3c64f1478efb22,18,first_eligible_unique_from_frozen_chain_global_order,50cca8c3e7a9ea05a803d77b9dc5ed069c71c3e259556c9253da02a33842ccc1,d3b80fe4ed7198fc900616b269408c1d0485ef8f000f46d37adb75be862a4a9c,50311055,0x7ca804d016be67c570a10a620b9ae3027fd6b03d0965da3ec78912be067af024,ca2r-51ce7cb9c10cf1ea2cc8,ca2r-51ce7cb9c10cf1ea2cc8,historical_cases/ca2r-51ce7cb9c10cf1ea2cc8/ca2r-51ce7cb9c10cf1ea2cc8.json,bb89f1769f597d226ce7deed9f25371a9f57ffe518bd6b5bba3c64f1478efb22,2025-05-12T19:54:09Z,2025-05-13T19:54:09Z,6707,,,56:0x000004a70f92f1b22de1201af76c48365d5d0000,0eb0044dcc5ecbf558badcc2349b62ec373a2aee3fdf4987b2806f1cec33b92c,,,,,1e7ad5eef6b6850930584bbc0af3eae6bfcb92aa6d22c7427ca1ccec48b0c7d8,2d8841a07ff0c19ec69800e78365fe57f2c399e8d673823f0347324a2a25f8a4,bad34739a506353d1c9edcd31b51bfa094a71346dbc4d1715676f0eb384e6db6,DERIVED_STRICT_SNAPSHOT,DERIVED_STRICT_SNAPSHOT,DERIVED_CONSENSUS_RUNTIME_CODE,UNRESOLVED:requires_loupe_or_historical_event_resolver,UNRESOLVED_NO_CUTOFF_SOURCE_VERIFICATION_EVIDENCE,DERIVED_EXACT_CHAIN_ADDRESS,DERIVED_METADATA_STRIPPED_BYTECODE_SHA256,UNRESOLVED_INDEPENDENT_ADJUDICATION_REQUIRED,UNRESOLVED_INDEPENDENT_ADJUDICATION_REQUIRED,UNRESOLVED_METHODS_OWNER_FREEZE_REQUIRED
grizzifi,defihacklabs,bsc,57478533,0x21ab8943380b752306abf4d49c203b011a89266b,shanghai,ca2-ce552f38ab8199ed551d,2025-08-13,Grizzifi,Logic Flaw,src/test/2025-08/Grizzifi_exp.sol,bsc,https://github.com/SunWeb3Sec/DeFiHackLabs/blob/main/past/2025/README.md,frozen_public_source_hashed,d3b80fe4ed7198fc900616b269408c1d0485ef8f000f46d37adb75be862a4a9c,a4ea865cb526c45e99f892fe9bc81a317a3e5ac8f59714be222a1511c830cd2a,"[""https://x.com/MetaTrustAlert/status/1955967862276829375""]",[],61k USD,exact_contract_basename,True,True,,,2025-08-13,,,,blocked_missing_onchain_and_availability_evidence,"[""missing:deployment_block"", ""missing:prediction_cutoff_block"", ""missing:source_availability_time"", ""missing:runtime_bytecode_hash_at_cutoff"", ""missing:outcome_adjudication_id""]",retained,,cases/ca2-ce552f38ab8199ed551d.json,ab2732c1414243b4ace175c82008969719092f3c7f5e4a8ad364e2e4233996d4,cases/ca2-ce552f38ab8199ed551d.json,63c0714c17e5bf65ca9c7e65af0b5cf4f1148aacfd94b49210d0200903416e43,,,,,,,,,,,,ca2-ce552f38ab8199ed551d,cases/ca2-ce552f38ab8199ed551d.json,63c0714c17e5bf65ca9c7e65af0b5cf4f1148aacfd94b49210d0200903416e43,2025-08-12T06:24:07Z,2025-08-13T06:24:07Z,12183,,,56:0x21ab8943380b752306abf4d49c203b011a89266b,90866a2b6c86b793d841bbb196e63d3f21d597062697b940fcd732345c22f1e6,,,,,a587e7f1ccc8061fc3fc456744f13d159791af3aa1c1c7005f80f6ecb23556cc,1826a7ad906883486c78a9c6ac1d76e954504c74f8273873010c2b1c8aad8eff,26b20459592cbd3d2e6ffe18a2b5680c5f7f9f00ef332b9967051c871cc23208,DERIVED_STRICT_SNAPSHOT,DERIVED_STRICT_SNAPSHOT,DERIVED_CONSENSUS_RUNTIME_CODE,UNRESOLVED:requires_loupe_or_historical_event_resolver,UNRESOLVED_NO_CUTOFF_SOURCE_VERIFICATION_EVIDENCE,DERIVED_EXACT_CHAIN_ADDRESS,DERIVED_METADATA_STRIPPED_BYTECODE_SHA256,UNRESOLVED_INDEPENDENT_ADJUDICATION_REQUIRED,UNRESOLVED_INDEPENDENT_ADJUDICATION_REQUIRED,UNRESOLVED_METHODS_OWNER_FREEZE_REQUIRED
hexotic,defihacklabs,ethereum,23260640,0x204b937feaec333e9e6d72d35f1d131f187ecea1,shanghai,ca2-ba88d4267adf9e3ccd48,2025-08-31,Hexotic,Incorrect Input Validation,src/test/2025-08/Hexotic_exp.sol,mainnet,https://github.com/SunWeb3Sec/DeFiHackLabs/blob/main/past/2025/README.md,frozen_public_source_hashed,d3b80fe4ed7198fc900616b269408c1d0485ef8f000f46d37adb75be862a4a9c,03be5bc6713f79673187842cfba7e4e83a030915ca5a31d8ab02bc52cfc8fe6f,"[""https://t.me/defimon_alerts/1757""]",[],500 USD,exact_contract_basename,True,True,,,2025-08-31,,,,blocked_missing_onchain_and_availability_evidence,"[""missing:deployment_block"", ""missing:prediction_cutoff_block"", ""missing:source_availability_time"", ""missing:runtime_bytecode_hash_at_cutoff"", ""missing:outcome_adjudication_id""]",retained,,cases/ca2-ba88d4267adf9e3ccd48.json,4ccb9e4727ee02599836795bc59d01e69ce52bddcd90c18b04c16feac05d2187,cases/ca2-ba88d4267adf9e3ccd48.json,28bd3fe456748876ac45eca450c04852271cc9fda2789755e3b6ad6758f0f049,,,,,,,,,,,,ca2-ba88d4267adf9e3ccd48,cases/ca2-ba88d4267adf9e3ccd48.json,28bd3fe456748876ac45eca450c04852271cc9fda2789755e3b6ad6758f0f049,2020-01-06T04:56:47Z,2020-01-07T04:56:51Z,6221,,,1:0x204b937feaec333e9e6d72d35f1d131f187ecea1,49f68acf585a70eb31cc32f7db67e43e94e2e3e90e5d0f94295bea415f73006c,,,,,5c3eda04bde15733c14de3ef09de345d288bfb3fc06d707da452947a1103e9a2,bf741d266e10305d9348278ec3d80dd642458218de5589b7abc254ddde206a18,8de141afd3829d9d0ce783a58e129f67b6caa356bc887cfe94e08d77460a9343,DERIVED_STRICT_SNAPSHOT,DERIVED_STRICT_SNAPSHOT,DERIVED_CONSENSUS_RUNTIME_CODE,UNRESOLVED:requires_loupe_or_historical_event_resolver,UNRESOLVED_NO_CUTOFF_SOURCE_VERIFICATION_EVIDENCE,DERIVED_EXACT_CHAIN_ADDRESS,DERIVED_METADATA_STRIPPED_BYTECODE_SHA256,UNRESOLVED_INDEPENDENT_ADJUDICATION_REQUIRED,UNRESOLVED_INDEPENDENT_ADJUDICATION_REQUIRED,UNRESOLVED_METHODS_OWNER_FREEZE_REQUIRED
multicall_with_xera,defihacklabs,bsc,58269337,0xca11bde05977b3631167028862be2a173976ca11,shanghai,ca2-3b5e98c9b74a83f683a0,2025-08-20,MulticallWithXera,Access Control,src/test/2025-08/MulticallWithXera_exp.sol,bsc,https://github.com/SunWeb3Sec/DeFiHackLabs/blob/main/past/2025/README.md,frozen_public_source_hashed,d3b80fe4ed7198fc900616b269408c1d0485ef8f000f46d37adb75be862a4a9c,287791b78eeddaf68d34134a19dbe1ed0aa6b70e77643c02c89aaef1b44370a4,"[""https://x.com/TenArmorAlert/status/1958354933247590450""]",[],17k USD,exact_contract_basename,True,True,,,2025-08-20,,,,blocked_missing_onchain_and_availability_evidence,"[""missing:deployment_block"", ""missing:prediction_cutoff_block"", ""missing:source_availability_time"", ""missing:runtime_bytecode_hash_at_cutoff"", ""missing:outcome_adjudication_id""]",retained,,cases/ca2-3b5e98c9b74a83f683a0.json,e48d21a9c07313576a86f929a7af48b204d8abd4d977eed09b61d4ab0dac072a,cases/ca2-3b5e98c9b74a83f683a0.json,5dcbf74a52222713ee0d10b835133157319d7941f8a8085c35ef1273b32a3d1a,,,,,,,,,,,,ca2-3b5e98c9b74a83f683a0,cases/ca2-3b5e98c9b74a83f683a0.json,5dcbf74a52222713ee0d10b835133157319d7941f8a8085c35ef1273b32a3d1a,2022-03-09T23:17:54Z,2022-03-10T23:17:54Z,3808,,,56:0xca11bde05977b3631167028862be2a173976ca11,adedd3b42c412842999739844a78c8689e7496eecfef420c00e3f85aac4523d4,,,,,1e935e8c7f66e0a19a3217d170beb5d95c369bbe761a504ed53930db82330bd5,2bd2f78deb04752249aec80f191faf6e80c56a6929d936ea3b1bc444c5e2e3ee,9be56ad69de84b2b26c74d7d59650b40e39afb073a2d96718879f562c10209d6,DERIVED_STRICT_SNAPSHOT,DERIVED_STRICT_SNAPSHOT,DERIVED_CONSENSUS_RUNTIME_CODE,UNRESOLVED:requires_loupe_or_historical_event_resolver,UNRESOLVED_NO_CUTOFF_SOURCE_VERIFICATION_EVIDENCE,DERIVED_EXACT_CHAIN_ADDRESS,DERIVED_METADATA_STRIPPED_BYTECODE_SHA256,UNRESOLVED_INDEPENDENT_ADJUDICATION_REQUIRED,UNRESOLVED_INDEPENDENT_ADJUDICATION_REQUIRED,UNRESOLVED_METHODS_OWNER_FREEZE_REQUIRED
pdz,defihacklabs,bsc,57744490,0x664201579057f50d23820d20558f4b61bd80bdda,shanghai,ca2-fe0426b19503c34e1f18,2025-08-15,PDZ,Price Manipulation,src/test/2025-08/PDZ_exp.sol,bsc,https://github.com/SunWeb3Sec/DeFiHackLabs/blob/main/past/2025/README.md,frozen_public_source_hashed,d3b80fe4ed7198fc900616b269408c1d0485ef8f000f46d37adb75be862a4a9c,14d7899b0f759905857996a3f567b9eeb968588de7966661cd6cd811fcda2087,"[""https://x.com/tikkalaresearch/status/1957500585965678828""]",[],3.3 BNB,exact_contract_basename,True,True,,,2025-08-15,,,,blocked_missing_onchain_and_availability_evidence,"[""missing:deployment_block"", ""missing:prediction_cutoff_block"", ""missing:source_availability_time"", ""missing:runtime_bytecode_hash_at_cutoff"", ""missing:outcome_adjudication_id""]",retained,,cases/ca2-fe0426b19503c34e1f18.json,20ac2242202c9fa06ab8da37ea325dcef79bb7de7986c938eb8d4777ad92235a,cases/ca2-fe0426b19503c34e1f18.json,361609a448eec9ba8118877720e038b9863e4e18ae5ace0335d18cac474675be,,,,,,,,,,,,ca2-fe0426b19503c34e1f18,cases/ca2-fe0426b19503c34e1f18.json,361609a448eec9ba8118877720e038b9863e4e18ae5ace0335d18cac474675be,2024-01-25T19:19:37Z,2024-01-26T19:19:39Z,13962,,,56:0x664201579057f50d23820d20558f4b61bd80bdda,f9ff7ce56cdd21d72eaf487860b896c247b1d846b92e55c40376c8b5478ded5d,,,,,2106d746205348241d16dece4b2959b55814bdd937651bdb122b917a5a31a0c8,4e6294192bb74c352dea72bd582be59ca7f82b1e1b4fbf1744a015981acbed15,0024d857433bb6d9ebb7388c64f588ffe9a4260c8d380011ba761e4cd4d6d118,DERIVED_STRICT_SNAPSHOT,DERIVED_STRICT_SNAPSHOT,DERIVED_CONSENSUS_RUNTIME_CODE,UNRESOLVED:requires_loupe_or_historical_event_resolver,UNRESOLVED_NO_CUTOFF_SOURCE_VERIFICATION_EVIDENCE,DERIVED_EXACT_CHAIN_ADDRESS,DERIVED_METADATA_STRIPPED_BYTECODE_SHA256,UNRESOLVED_INDEPENDENT_ADJUDICATION_REQUIRED,UNRESOLVED_INDEPENDENT_ADJUDICATION_REQUIRED,UNRESOLVED_METHODS_OWNER_FREEZE_REQUIRED
size_credit,defihacklabs,ethereum,23145763,0xf4a21ac7e51d17a0e1c8b59f7a98bb7a97806f14,shanghai,ca2-92a135a9bdbd676ee494,2025-08-15,SizeCredit,Access Control,src/test/2025-08/SizeCredit_exp.sol,mainnet,https://github.com/SunWeb3Sec/DeFiHackLabs/blob/main/past/2025/README.md,frozen_public_source_hashed,d3b80fe4ed7198fc900616b269408c1d0485ef8f000f46d37adb75be862a4a9c,a0697c79c1d7b372a44805a85ce7b120686e946caca56e5748b803be2c328244,"[""https://x.com/SuplabsYi/status/1956306748073230785""]",[],19.7k USD,exact_contract_basename,True,True,,,2025-08-15,,,,blocked_missing_onchain_and_availability_evidence,"[""missing:deployment_block"", ""missing:prediction_cutoff_block"", ""missing:source_availability_time"", ""missing:runtime_bytecode_hash_at_cutoff"", ""missing:outcome_adjudication_id""]",retained,,cases/ca2-92a135a9bdbd676ee494.json,b026f4e9dc4d5e7e39cd11bd703530f2e0ff1245804a0d56ab4f7fea7642b162,cases/ca2-92a135a9bdbd676ee494.json,9cacecf3d520f67c5eae695470db9ecd78c3514d6761dd4abd91307456f0aa40,,,,,,,,,,,,ca2-92a135a9bdbd676ee494,cases/ca2-92a135a9bdbd676ee494.json,9cacecf3d520f67c5eae695470db9ecd78c3514d6761dd4abd91307456f0aa40,2025-06-05T13:32:47Z,2025-06-06T13:32:47Z,13408,,,1:0xf4a21ac7e51d17a0e1c8b59f7a98bb7a97806f14,8feea4a2624f7cc551bf45e4b024a5db5091bb8018e98d2bca301f9a0f219ba5,,,,,faa9c526e4229369978e91010b3fe3d54e8fe239e86d0ebc49f71fcfef91bad8,dc68137e96dd719bb5d7cc5b1901713d9f5dbd9e64a07fd711e8b2a07c69e791,f4078658544c8556653fb5818b6357f529021f84a8ff97607430736e4b0304bd,DERIVED_STRICT_SNAPSHOT,DERIVED_STRICT_SNAPSHOT,DERIVED_CONSENSUS_RUNTIME_CODE,UNRESOLVED:requires_loupe_or_historical_event_resolver,UNRESOLVED_NO_CUTOFF_SOURCE_VERIFICATION_EVIDENCE,DERIVED_EXACT_CHAIN_ADDRESS,DERIVED_METADATA_STRIPPED_BYTECODE_SHA256,UNRESOLVED_INDEPENDENT_ADJUDICATION_REQUIRED,UNRESOLVED_INDEPENDENT_ADJUDICATION_REQUIRED,UNRESOLVED_METHODS_OWNER_FREEZE_REQUIRED
mim_spell3,defihacklabs,ethereum,23504544,0x46f54d434063e5f1a2b2cc6d9aaa657b1b9ff82c,shanghai,ca2-e24739584c716694ba60,2025-10-04,MIMSpell3,Bypassed Insolvency Check,src/test/2025-10/MIMSpell3_exp.sol,mainnet,https://github.com/SunWeb3Sec/DeFiHackLabs/blob/main/past/2025/README.md,frozen_public_source_hashed,d3b80fe4ed7198fc900616b269408c1d0485ef8f000f46d37adb75be862a4a9c,9350c2c30f8f0aeeb3861f0101447586179cc71daacffb0b5af0b336f6a0918b,"[""https://x.com/Phalcon_xyz/status/1974532815208485102""]",[],1.7M USD,exact_contract_basename,True,True,,,2025-10-04,,,,blocked_missing_onchain_and_availability_evidence,"[""missing:deployment_block"", ""missing:prediction_cutoff_block"", ""missing:source_availability_time"", ""missing:runtime_bytecode_hash_at_cutoff"", ""missing:outcome_adjudication_id""]",retained,,cases/ca2-e24739584c716694ba60.json,2d417276c2f1394c2a309b68e7f06bde51db28ad59003245e415fa4967a9d3eb,cases/ca2-e24739584c716694ba60.json,d91fe9e3ea4a88edd9963c3c88e6f0447a57089adbc0d439a3811d2263d3d715,,,,,,,,,,,,ca2-e24739584c716694ba60,cases/ca2-e24739584c716694ba60.json,d91fe9e3ea4a88edd9963c3c88e6f0447a57089adbc0d439a3811d2263d3d715,2024-03-20T16:22:11Z,2024-03-21T16:22:11Z,45,EIP1167_PROXY,,1:0x46f54d434063e5f1a2b2cc6d9aaa657b1b9ff82c,0b720c16eddc5cc697f8f0dd60a7d17c94b99038208a65604c9ddc3e8db818fe,eip1167:0x5e70f7acb8ec0231c00220d11c74dc2b23187103,,,,4dff2e58d1ce0d9f12a0ce37806c5c7ee79e959c41c5d1b46690a4645040ef75,4c5fceb10a59b5c3284b1e64ba36185182c67bc75869ce76ee655feada6b57ab,896ee3115be9852285bfa538c8f5d2e79ae56f21931971bd8b1479452935d874,DERIVED_STRICT_SNAPSHOT,DERIVED_STRICT_SNAPSHOT,DERIVED_CONSENSUS_RUNTIME_CODE,VERIFIED_STANDARD_PROXY,UNRESOLVED_NO_CUTOFF_SOURCE_VERIFICATION_EVIDENCE,DERIVED_EXACT_CHAIN_ADDRESS,DERIVED_METADATA_STRIPPED_BYTECODE_SHA256,UNRESOLVED_INDEPENDENT_ADJUDICATION_REQUIRED,UNRESOLVED_INDEPENDENT_ADJUDICATION_REQUIRED,UNRESOLVED_METHODS_OWNER_FREEZE_REQUIRED
RICE,defihacklabs-temporal-replacement-finalization,base,30655996,0xcfe0de4a50c80b434092f87e106dfa40b71a5563,,ca2-73f336f589a36742aed4,2025-05-24,RICE,replacement_candidate,,base,,replacement_candidate_historical_snapshot_verified,ae2a8c003c7ed777ab4094fee07fc1f80b816eb1ec173d7e464395e44ff2868a,646331db9c98e5b2f5b38e9f307adc71d5ac02f503fc85f77c507157974a05d7,[],"[""0x8421c96c1cafa451e025c00706599ef82780bdc0db7d17b6263511a420e0cf20""]",,frozen_chain_global_order_finalization,True,True,27527342,27570542,30655996,,39132fd290b014319189fbf48bc5a2bbce70ada46b6db845c0bd54a214eff2b8,,replacement_candidate_selected,[],replacement,ca2-5283fda6a42b6b876dbb,cases/ca2-5283fda6a42b6b876dbb.json,d172125fc175686d249a8bb6eaacf000da4695ca4ba9da3cd2367ec8e050b366,,,cases/ca2r-8fe204813ba2bc5d94e9.json,cbbcd86a7d4f183d74509c165e2f84d3b2fa0f6db89324bdae8eb62a9e363033,historical_cases/ca2r-8fe204813ba2bc5d94e9/ca2r-8fe204813ba2bc5d94e9.json,aedcc8c5e511850381aa580ac3c840c1986bd147d7561a6797e345b2550198e2,1,first_eligible_unique_from_frozen_chain_global_order,ae2a8c003c7ed777ab4094fee07fc1f80b816eb1ec173d7e464395e44ff2868a,d3b80fe4ed7198fc900616b269408c1d0485ef8f000f46d37adb75be862a4a9c,30655996,0x8421c96c1cafa451e025c00706599ef82780bdc0db7d17b6263511a420e0cf20,ca2r-8fe204813ba2bc5d94e9,ca2r-8fe204813ba2bc5d94e9,historical_cases/ca2r-8fe204813ba2bc5d94e9/ca2r-8fe204813ba2bc5d94e9.json,aedcc8c5e511850381aa580ac3c840c1986bd147d7561a6797e345b2550198e2,2025-03-13T05:33:51Z,2025-03-14T05:33:51Z,16758,,,8453:0xcfe0de4a50c80b434092f87e106dfa40b71a5563,e905a3c17c60f89f6bd64e4d0b5c24a9fa724dd30256ed130d1bb4f5a454c3a0,,,,,70a04a6da54c501501ba51b860b7b87334a174fb676b51d38f158f1eaef3f578,036c0c13b8da245582e7743169090b697c208e660851213f4f63e673ea4663de,023ccbe4c98355df2ac7410bf69b1d91d9b6e85bdf730fee35861941dc233f9c,DERIVED_STRICT_SNAPSHOT,DERIVED_STRICT_SNAPSHOT,DERIVED_CONSENSUS_RUNTIME_CODE,UNRESOLVED:requires_loupe_or_historical_event_resolver,UNRESOLVED_NO_CUTOFF_SOURCE_VERIFICATION_EVIDENCE,DERIVED_EXACT_CHAIN_ADDRESS,DERIVED_METADATA_STRIPPED_BYTECODE_SHA256,UNRESOLVED_INDEPENDENT_ADJUDICATION_REQUIRED,UNRESOLVED_INDEPENDENT_ADJUDICATION_REQUIRED,UNRESOLVED_METHODS_OWNER_FREEZE_REQUIRED
truebit,defihacklabs,ethereum,24191018,0x764c64b2a09b09acb100b80d8c505aa6a0302ef2,cancun,ca2-610c56fd6c594f9c9f90,2026-01-09,Truebit,OverFlow,src/test/2026-01/Truebit_exp.sol,mainnet,https://github.com/SunWeb3Sec/DeFiHackLabs/blob/main/README.md,frozen_public_source_hashed,295e8ad6c3709d47a0489069bf9c7b1da50ff4d5b0e5c255dab0127f208db5c3,669c6b7030c49f285a5bb75c3e322a01c790aefa74c7227262a115eff585e049,"[""https://www.certik.com/zh-CN/resources/blog/truebit-incident-analysis""]",[],8540ETH,exact_contract_basename,True,True,,,2026-01-09,,,,blocked_missing_onchain_and_availability_evidence,"[""missing:deployment_block"", ""missing:prediction_cutoff_block"", ""missing:source_availability_time"", ""missing:runtime_bytecode_hash_at_cutoff"", ""missing:outcome_adjudication_id""]",retained,,cases/ca2-610c56fd6c594f9c9f90.json,a525cf167c55e2c49dbb5e803cd6427ea9b477a65bfdc13e31d6bce02e47fbf3,cases/ca2-610c56fd6c594f9c9f90.json,f5d00d6948766dd924240d2f09231a2bcb5f71ba83dc9aaaff4e6d392098a2fb,,,,,,,,,,,,ca2-610c56fd6c594f9c9f90,cases/ca2-610c56fd6c594f9c9f90.json,f5d00d6948766dd924240d2f09231a2bcb5f71ba83dc9aaaff4e6d392098a2fb,2021-04-11T10:54:54Z,2021-04-12T10:56:15Z,2240,EIP1967_PROXY,,1:0x764c64b2a09b09acb100b80d8c505aa6a0302ef2,1d829175021139ea9eb11b51baa7ed3000585ab0cf51a236630a9492de3dd45a,eip1967:0xc186e6f0163e21be057e95aa135edd52508d14d3,,,,0b7410b57a75201624cdb45e830383e1e6581a6b2e3438eb52c5b6ba955a8654,9bce8bc334d5fa058ac5cf387f7db53349aeb7fe6175b53aef82255275aaa769,27541f790e31e5773e893d0dc95c1561f1eb552ccce09c3e495ff0bb96a774df,DERIVED_STRICT_SNAPSHOT,DERIVED_STRICT_SNAPSHOT,DERIVED_CONSENSUS_RUNTIME_CODE,VERIFIED_STANDARD_PROXY,UNRESOLVED_NO_CUTOFF_SOURCE_VERIFICATION_EVIDENCE,DERIVED_EXACT_CHAIN_ADDRESS,DERIVED_METADATA_STRIPPED_BYTECODE_SHA256,UNRESOLVED_INDEPENDENT_ADJUDICATION_REQUIRED,UNRESOLVED_INDEPENDENT_ADJUDICATION_REQUIRED,UNRESOLVED_METHODS_OWNER_FREEZE_REQUIRED
mttoken,defihacklabs,bsc,74937079,0x2f3f25046ea518d1e524b8fb6147c656d6722ced,cancun,ca2-0a80356999aee511c6c7,2026-01-12,MTToken,Incorrect Fee Logic,src/test/2026-01/MTToken_exp.sol,bsc,https://github.com/SunWeb3Sec/DeFiHackLabs/blob/main/README.md,frozen_public_source_hashed,295e8ad6c3709d47a0489069bf9c7b1da50ff4d5b0e5c255dab0127f208db5c3,8b426ae0f356aa0cf3a92e974c64cd9e0e5ab0c4f7d085c257c4fde313396aa4,"[""https://x.com/TenArmorAlert/status/2010630024274010460?s=20"", ""https://x.com/nn0b0dyyy/status/2010638145155661942?s=20""]",[],37K USD,exact_contract_basename,True,True,,,2026-01-12,,,,blocked_missing_onchain_and_availability_evidence,"[""missing:deployment_block"", ""missing:prediction_cutoff_block"", ""missing:source_availability_time"", ""missing:runtime_bytecode_hash_at_cutoff"", ""missing:outcome_adjudication_id""]",retained,,cases/ca2-0a80356999aee511c6c7.json,bba4dd03cac174f762459d1b744dff8b58a4154648eb1132e5f0a2740e6fb34d,cases/ca2-0a80356999aee511c6c7.json,71e23ba794deac1e745435fbcd172e1fd445ea8420bd7b7dc8facf7e77ad59a3,,,,,,,,,,,,ca2-0a80356999aee511c6c7,cases/ca2-0a80356999aee511c6c7.json,71e23ba794deac1e745435fbcd172e1fd445ea8420bd7b7dc8facf7e77ad59a3,2022-08-16T08:11:58Z,2022-08-17T08:11:58Z,11719,,,56:0x2f3f25046ea518d1e524b8fb6147c656d6722ced,2295bc657da9828ce35b619c5db69800c0dafddd6576e3a30262706f9ac04fdc,,,,,d1f9c924f23461f143a56ca62c2271c162f60f6a4df8cde7b96791227432bfd3,a4db773ead134de32c33b35f6c3cfb63a21ec7e22e21d1883abf623fc685a76c,5e76d1746fb0cbabfe24b35db8184347ca130ff6d668674f0ccb583df708fe4d,DERIVED_STRICT_SNAPSHOT,DERIVED_STRICT_SNAPSHOT,DERIVED_CONSENSUS_RUNTIME_CODE,UNRESOLVED:requires_loupe_or_historical_event_resolver,UNRESOLVED_NO_CUTOFF_SOURCE_VERIFICATION_EVIDENCE,DERIVED_EXACT_CHAIN_ADDRESS,DERIVED_METADATA_STRIPPED_BYTECODE_SHA256,UNRESOLVED_INDEPENDENT_ADJUDICATION_REQUIRED,UNRESOLVED_INDEPENDENT_ADJUDICATION_REQUIRED,UNRESOLVED_METHODS_OWNER_FREEZE_REQUIRED
synaplogic,defihacklabs,base,41038633,0xc859ac8429fb4a5e24f24a7bed3fe3a8db4fb371,cancun,ca2-f459648a3f9405d0f148,2026-01-20,SynapLogic,Business Logic Flaw,src/test/2026-01/SynapLogic_exp.sol,base,https://github.com/SunWeb3Sec/DeFiHackLabs/blob/main/README.md,frozen_public_source_hashed,295e8ad6c3709d47a0489069bf9c7b1da50ff4d5b0e5c255dab0127f208db5c3,095cfb4d88c5fd72946d211ac489afaca9274134fda74d7ece0dbf2825bb5e55,"[""https://x.com/CertiKAlert/status/2013440963851755610?s=20"", ""https://x.com/TenArmorAlert/status/2013432861366292520?s=20"", ""https://x.com/hklst4r/status/2013440353844461979?s=20"", ""https://x.com/nn0b0dyyy/status/2013445844394279260?s=20""]",[],27.6 ETH & 3450 USDC,exact_contract_basename,True,True,,,2026-01-20,,,,blocked_missing_onchain_and_availability_evidence,"[""missing:deployment_block"", ""missing:prediction_cutoff_block"", ""missing:source_availability_time"", ""missing:runtime_bytecode_hash_at_cutoff"", ""missing:outcome_adjudication_id""]",retained,,cases/ca2-f459648a3f9405d0f148.json,734b690482a003c06748764c4e76a6a9f59d27b15adc0afcd24978da72a4ded2,cases/ca2-f459648a3f9405d0f148.json,d030a7768e2ef7dac9248e56f13d01aa06ba0672cb537aef2f02df2520d7bc6b,,,,,,,,,,,,ca2-f459648a3f9405d0f148,cases/ca2-f459648a3f9405d0f148.json,d030a7768e2ef7dac9248e56f13d01aa06ba0672cb537aef2f02df2520d7bc6b,2025-10-12T07:35:09Z,2025-10-13T07:35:09Z,8489,,,8453:0xc859ac8429fb4a5e24f24a7bed3fe3a8db4fb371,369cc3256a3d37ef0053553efe9fe7f4661fc2718d6b9938443ecd78f4e14e7f,,,,,b846dc0fd33febd7c8cf110d34f84f8854a265e787a5ba6bc45de2a55b336ace,b762ac277618555eb467304d58178ddb012e1c0e2159caf4febcc65cc39eb57e,db80fbf2cffa049061becc9d9d067239ebd8551856391800d5485d7aef5ea0f9,DERIVED_STRICT_SNAPSHOT,DERIVED_STRICT_SNAPSHOT,DERIVED_CONSENSUS_RUNTIME_CODE,UNRESOLVED:requires_loupe_or_historical_event_resolver,UNRESOLVED_NO_CUTOFF_SOURCE_VERIFICATION_EVIDENCE,DERIVED_EXACT_CHAIN_ADDRESS,DERIVED_METADATA_STRIPPED_BYTECODE_SHA256,UNRESOLVED_INDEPENDENT_ADJUDICATION_REQUIRED,UNRESOLVED_INDEPENDENT_ADJUDICATION_REQUIRED,UNRESOLVED_METHODS_OWNER_FREEZE_REQUIRED
makina,defihacklabs,ethereum,24273361,0xd1a1c248b253f1fc60eacd90777b9a63f8c8c1bc,cancun,ca2-f39ef961ac91c6d34016,2026-01-20,Makina,Price Oracle Manipulation,src/test/2026-01/makina_exp.sol,mainnet,https://github.com/SunWeb3Sec/DeFiHackLabs/blob/main/README.md,frozen_public_source_hashed,295e8ad6c3709d47a0489069bf9c7b1da50ff4d5b0e5c255dab0127f208db5c3,b7451113225462d8efc9dad7190e230e03838e0717cd85888a2657d480916ac2,"[""https://x.com/CertiKAlert/status/2013473512116363734"", ""https://x.com/TenArmorAlert/status/2013460083078836342"", ""https://x.com/nn0b0dyyy/status/2013472538832314630""]",[],5.1M USD,exact_contract_basename,True,True,,,2026-01-20,,,,blocked_missing_onchain_and_availability_evidence,"[""missing:deployment_block"", ""missing:prediction_cutoff_block"", ""missing:source_availability_time"", ""missing:runtime_bytecode_hash_at_cutoff"", ""missing:outcome_adjudication_id""]",retained,,cases/ca2-f39ef961ac91c6d34016.json,e1adddcc01623e1fd1911bcc939a290cbcdbf53c7c79e724b8d49160584aa46a,cases/ca2-f39ef961ac91c6d34016.json,6c325fabf4af63ec2db4608c609fdfa1e680a554fa0808515b05939dd9a4fd6a,,,,,,,,,,,,ca2-f39ef961ac91c6d34016,cases/ca2-f39ef961ac91c6d34016.json,6c325fabf4af63ec2db4608c609fdfa1e680a554fa0808515b05939dd9a4fd6a,2025-10-25T14:13:47Z,2025-10-26T14:13:47Z,283,BEACON_PROXY,,1:0xd1a1c248b253f1fc60eacd90777b9a63f8c8c1bc,80ee2da67eb8e10f4fd53d8d948b8b3647360d75efe873bcea5b52888033555e,beacon:0x06147e073b854521c7b778280e7d7dbafb2d4898,,,,e25aea42c1b095b0df64e508a3e09a8b30b69b004e6741da6ea4a9bcf36ac578,45efcadc75ea9ab22711c03a74b5756563ce52a94bb5425baa3a7e9bc8344227,72582d90a9050b93d571bf85ee1270dc8ca258c24d545003a103131d1e6b46eb,DERIVED_STRICT_SNAPSHOT,DERIVED_STRICT_SNAPSHOT,DERIVED_CONSENSUS_RUNTIME_CODE,VERIFIED_STANDARD_PROXY,UNRESOLVED_NO_CUTOFF_SOURCE_VERIFICATION_EVIDENCE,DERIVED_EXACT_CHAIN_ADDRESS,DERIVED_METADATA_STRIPPED_BYTECODE_SHA256,UNRESOLVED_INDEPENDENT_ADJUDICATION_REQUIRED,UNRESOLVED_INDEPENDENT_ADJUDICATION_REQUIRED,UNRESOLVED_METHODS_OWNER_FREEZE_REQUIRED
moonwell,defihacklabs,base,42194663,0xec942be8a8114bfd0396a5052c36027f2ca6a9d0,cancun,ca2-b4208a8c5bb1d965b99f,2025-11-04,Moonwell,Faulty Oracle,src/test/2025-11/Moonwell_exp.sol,base,https://github.com/SunWeb3Sec/DeFiHackLabs/blob/main/past/2025/README.md,frozen_public_source_hashed,d3b80fe4ed7198fc900616b269408c1d0485ef8f000f46d37adb75be862a4a9c,c8cd6b62d65e95dc4652d82b503ef54b45fe3ce22eb9cf23b0725d44cd090be5,"[""https://www.halborn.com/blog/post/explained-the-moonwell-hack-november-2025"", ""https://x.com/CertiKAlert/status/1985620452992253973""]",[],1M USD,frozen_date_override,True,True,,,2025-11-04,,,,blocked_missing_onchain_and_availability_evidence,"[""missing:deployment_block"", ""missing:prediction_cutoff_block"", ""missing:source_availability_time"", ""missing:runtime_bytecode_hash_at_cutoff"", ""missing:outcome_adjudication_id""]",retained,,cases/ca2-b4208a8c5bb1d965b99f.json,e41fe102b939d89d9a844b9d36abe2ad1b9faff8ac531a4a5359607da7367c37,cases/ca2-b4208a8c5bb1d965b99f.json,cf267fb1e8154004968d52d8dc262e128a385b171174529b6a3498a1fa0ac4d6,,,,,,,,,,,,ca2-b4208a8c5bb1d965b99f,cases/ca2-b4208a8c5bb1d965b99f.json,cf267fb1e8154004968d52d8dc262e128a385b171174529b6a3498a1fa0ac4d6,2023-08-04T01:58:49Z,2023-08-05T01:58:49Z,4025,,,8453:0xec942be8a8114bfd0396a5052c36027f2ca6a9d0,cf552930f71b1fd768bbb7cb256f13016632a8df239689c3ff8ea0195896ad64,,,,,1158b8b1f5a69aa769e362d8cdbca4366673de1251171a9e9c2d81c7b519f267,8f6d10ce422fbfc98a2d63109fb0bca4d21bd3467b497932aae4c9de1a1fd710,3c8d7468312837496aa968b755e443c24ef9861e94c13fa856a811015d36c261,DERIVED_STRICT_SNAPSHOT,DERIVED_STRICT_SNAPSHOT,DERIVED_CONSENSUS_RUNTIME_CODE,UNRESOLVED:requires_loupe_or_historical_event_resolver,UNRESOLVED_NO_CUTOFF_SOURCE_VERIFICATION_EVIDENCE,DERIVED_EXACT_CHAIN_ADDRESS,DERIVED_METADATA_STRIPPED_BYTECODE_SHA256,UNRESOLVED_INDEPENDENT_ADJUDICATION_REQUIRED,UNRESOLVED_INDEPENDENT_ADJUDICATION_REQUIRED,UNRESOLVED_METHODS_OWNER_FREEZE_REQUIRED
laxo_token,defihacklabs,bsc,82730141,0x62951cad7659393bf07fbe790cf898a3b6d317cb,cancun,ca2-f4a91ff1efea083dedab,2026-02-22,LAXO Token,Incorrect Burn Logic,src/test/2026-02/LAXO_Token_exp.sol,bsc,https://github.com/SunWeb3Sec/DeFiHackLabs/blob/main/README.md,frozen_public_source_hashed,295e8ad6c3709d47a0489069bf9c7b1da50ff4d5b0e5c255dab0127f208db5c3,94135b68846d6daebe6329c49a8008f89f9a1e0d4d6dd866073cc807f1cb743b,"[""https://x.com/CertiKAlert/status/2027317095420072317""]",[],"~137,000 US$",exact_contract_basename,True,True,,,2026-02-22,,,,blocked_missing_onchain_and_availability_evidence,"[""missing:deployment_block"", ""missing:prediction_cutoff_block"", ""missing:source_availability_time"", ""missing:runtime_bytecode_hash_at_cutoff"", ""missing:outcome_adjudication_id""]",retained,,cases/ca2-f4a91ff1efea083dedab.json,da42d6d5e4d36bf2b2419655f490e834b9bdf0d31e1b6d7c0ee8056fa51162ab,cases/ca2-f4a91ff1efea083dedab.json,28f802ef5a43e57ee4746c5c24bc5bb927af62053231975e8b2cf0ea91abfbf5,,,,,,,,,,,,ca2-f4a91ff1efea083dedab,cases/ca2-f4a91ff1efea083dedab.json,28f802ef5a43e57ee4746c5c24bc5bb927af62053231975e8b2cf0ea91abfbf5,2026-02-12T17:23:21Z,2026-02-13T17:23:21Z,8484,,,56:0x62951cad7659393bf07fbe790cf898a3b6d317cb,d98cabdeec2c2ed001c1a4f97211e8bce6a99b5dd374c3e6b736e5cb40c412b9,,,,,5948588259f958f3f03f38dc6a3eaa4fd9089bc13d6b0e1e82397f860def9029,51e8770a34134a8460f64512087c52e0a1bb99ba3ca5dddacf08c8586547a4b3,1c9e48defe3a1921d5c2633a4d0cf59241226a9d20a2ea520219bd25bda6d260,DERIVED_STRICT_SNAPSHOT,DERIVED_STRICT_SNAPSHOT,DERIVED_CONSENSUS_RUNTIME_CODE,UNRESOLVED:requires_loupe_or_historical_event_resolver,UNRESOLVED_NO_CUTOFF_SOURCE_VERIFICATION_EVIDENCE,DERIVED_EXACT_CHAIN_ADDRESS,DERIVED_METADATA_STRIPPED_BYTECODE_SHA256,UNRESOLVED_INDEPENDENT_ADJUDICATION_REQUIRED,UNRESOLVED_INDEPENDENT_ADJUDICATION_REQUIRED,UNRESOLVED_METHODS_OWNER_FREEZE_REQUIRED
curve_llamalend,defihacklabs,ethereum,24566937,0xad444663c6c92b497225c6ce65fee2e7f78bfb86,cancun,ca2-aa939f9f7f959ce19c8f,2026-03-02,Curve LlamaLend,Share price manipulation,src/test/2026-03/Curve_LlamaLend_exp.sol,mainnet,https://github.com/SunWeb3Sec/DeFiHackLabs/blob/main/README.md,frozen_public_source_hashed,295e8ad6c3709d47a0489069bf9c7b1da50ff4d5b0e5c255dab0127f208db5c3,a9d92e0a4e28ff120c0f4565e6993a44b3e4da3ddf44bb0bdd442630ca6fede9,"[""https://x.com/yieldsandmore/status/2028368378457362629""]",[],"~240,000 US$",exact_contract_basename,True,True,,,2026-03-02,,,,blocked_missing_onchain_and_availability_evidence,"[""missing:deployment_block"", ""missing:prediction_cutoff_block"", ""missing:source_availability_time"", ""missing:runtime_bytecode_hash_at_cutoff"", ""missing:outcome_adjudication_id""]",retained,,cases/ca2-aa939f9f7f959ce19c8f.json,6cb6027fae5b40ca2e146583d638d3e404dcc99f4fc9d8a9a2340ba73f4699c8,cases/ca2-aa939f9f7f959ce19c8f.json,97def5850208a529ffcb78583dcc9bfff69458691e27cc52597feec2b82a170f,,,,,,,,,,,,ca2-aa939f9f7f959ce19c8f,cases/ca2-aa939f9f7f959ce19c8f.json,97def5850208a529ffcb78583dcc9bfff69458691e27cc52597feec2b82a170f,2025-03-19T21:57:47Z,2025-03-20T21:57:47Z,22709,,,1:0xad444663c6c92b497225c6ce65fee2e7f78bfb86,b8697de3d5fde7c207e34833e6e1cf567e7c032ce09ecbd37bcfa6565a44e2ce,,,,,acf203e949c23a9053666775d5914b8a4edc7a57afe3a35cdc6f00929804bcf1,9a528c89c6241dcb166f1ae4d1ccba083bada9e06e3e28d5fdafac8e5b6ceea4,2ecee0c644f4d36a60809eff617431decbe69f23257f6b00aece960e285d3a7c,DERIVED_STRICT_SNAPSHOT,DERIVED_STRICT_SNAPSHOT,DERIVED_CONSENSUS_RUNTIME_CODE,UNRESOLVED:requires_loupe_or_historical_event_resolver,UNRESOLVED_NO_CUTOFF_SOURCE_VERIFICATION_EVIDENCE,DERIVED_EXACT_CHAIN_ADDRESS,DERIVED_METADATA_STRIPPED_BYTECODE_SHA256,UNRESOLVED_INDEPENDENT_ADJUDICATION_REQUIRED,UNRESOLVED_INDEPENDENT_ADJUDICATION_REQUIRED,UNRESOLVED_METHODS_OWNER_FREEZE_REQUIRED
alkemi_earn,defihacklabs,ethereum,24626978,0x4822d9172e5b76b9db37b75f5552f9988f98a888,cancun,ca2-ad9d57e62841ea9096b7,2026-03-10,AlkemiEarn,Business Logic,src/test/2026-03/AlkemiEarn_exp.sol,mainnet,https://github.com/SunWeb3Sec/DeFiHackLabs/blob/main/README.md,frozen_public_source_hashed,295e8ad6c3709d47a0489069bf9c7b1da50ff4d5b0e5c255dab0127f208db5c3,aaa1d6e33055c30a099f54a19913a83dbc55e9ea6dcea9a910b72c7b37fa373c,"[""https://x.com/blockaid_/status/2031351881029546194""]",[],43.45 ETH,exact_contract_basename,True,True,,,2026-03-10,,,,blocked_missing_onchain_and_availability_evidence,"[""missing:deployment_block"", ""missing:prediction_cutoff_block"", ""missing:source_availability_time"", ""missing:runtime_bytecode_hash_at_cutoff"", ""missing:outcome_adjudication_id""]",retained,,cases/ca2-ad9d57e62841ea9096b7.json,665d62f8bed009aef8a4b32434065d5ca583de4e957f98adbfa93bb7e5c23ccd,cases/ca2-ad9d57e62841ea9096b7.json,e4c56f2ff4f3566678bf773cebacfef3da82411e672e3e4083deb1a1125dedc9,,,,,,,,,,,,ca2-ad9d57e62841ea9096b7,cases/ca2-ad9d57e62841ea9096b7.json,e4c56f2ff4f3566678bf773cebacfef3da82411e672e3e4083deb1a1125dedc9,2021-09-07T18:41:12Z,2021-09-08T18:41:12Z,2261,EIP1967_PROXY,,1:0x4822d9172e5b76b9db37b75f5552f9988f98a888,6388a9f65d500cab629cbfbc74ee137442cd97ffbf80a39bf1235b250dea8011,eip1967:0x1d591ba6ae10a6eb4050e1acbbb2d0be899e61f2,,,,399b07ebedf4b1d53bc6c4b45a74ab88d1a5bd908b897dcea52013ec87976ebe,eafb160584abe9bda307a92cd46cb376c1c0d7c7ea20f023b97df277f9e930b5,337eda7be21986c76336d80a70bb15fa7ee742938ad98f421a55a4cfa2b8d8a6,DERIVED_STRICT_SNAPSHOT,DERIVED_STRICT_SNAPSHOT,DERIVED_CONSENSUS_RUNTIME_CODE,VERIFIED_STANDARD_PROXY,UNRESOLVED_NO_CUTOFF_SOURCE_VERIFICATION_EVIDENCE,DERIVED_EXACT_CHAIN_ADDRESS,DERIVED_METADATA_STRIPPED_BYTECODE_SHA256,UNRESOLVED_INDEPENDENT_ADJUDICATION_REQUIRED,UNRESOLVED_INDEPENDENT_ADJUDICATION_REQUIRED,UNRESOLVED_METHODS_OWNER_FREEZE_REQUIRED
venus_the,defihacklabs,bsc,86731940,0x86e06eafa6a1ea631eab51de500e3d474933739f,cancun,ca2-b742b64a4c493234640e,2026-03-15,Venus THE,BorrowBehalf + Donation Attack,src/test/2026-03/Venus_THE_exp.sol,bsc,https://github.com/SunWeb3Sec/DeFiHackLabs/blob/main/README.md,frozen_public_source_hashed,295e8ad6c3709d47a0489069bf9c7b1da50ff4d5b0e5c255dab0127f208db5c3,0c2a3805ebc0bad3c52911cdd15bffc0384f339dcd7c7d2708ab7b5f411e7b26,"[""https://bscscan.com/tx/0x4f477e941c12bbf32a58dc12db7bb0cb4d31d41ff25b2457e6af3c15d7f5663f""]","[""0x4f477e941c12bbf32a58dc12db7bb0cb4d31d41ff25b2457e6af3c15d7f5663f""]","913,858.263360521396654198 CAKE + 1,972.530910582753621682 WBNB",exact_contract_basename,True,True,,,2026-03-15,,,,blocked_missing_onchain_and_availability_evidence,"[""missing:deployment_block"", ""missing:prediction_cutoff_block"", ""missing:source_availability_time"", ""missing:runtime_bytecode_hash_at_cutoff"", ""missing:outcome_adjudication_id""]",retained,,cases/ca2-b742b64a4c493234640e.json,6e3a34b6f68a0a10e19316a7221657d80af3475dd815fcc4aa7d371ab002ee35,cases/ca2-b742b64a4c493234640e.json,9769e015b3df2c831f30f5e363b81aaa0485733887b7122ba613e061667c3cce,,,,,,,,,,,,ca2-b742b64a4c493234640e,cases/ca2-b742b64a4c493234640e.json,9769e015b3df2c831f30f5e363b81aaa0485733887b7122ba613e061667c3cce,2025-01-27T15:33:23Z,2025-01-28T15:33:23Z,8012,,,56:0x86e06eafa6a1ea631eab51de500e3d474933739f,e0197e8d96a3b8b32120aedd14315e74d71cfac0c06fd41a7edb03dd12ba0e8d,,,,,467ee7f13c332c5207ce7369bd897253d037a04710c145e1006b1ed8e74433e9,58b436dd664a8a442d7dfeccf4f36ebb20ddcdd7504ec0796667ee228dc96b19,3990f62cc4334c003eb9b413e7cf01841d56687895662d83e90935c711332a6e,DERIVED_STRICT_SNAPSHOT,DERIVED_STRICT_SNAPSHOT,DERIVED_CONSENSUS_RUNTIME_CODE,UNRESOLVED:requires_loupe_or_historical_event_resolver,UNRESOLVED_NO_CUTOFF_SOURCE_VERIFICATION_EVIDENCE,DERIVED_EXACT_CHAIN_ADDRESS,DERIVED_METADATA_STRIPPED_BYTECODE_SHA256,UNRESOLVED_INDEPENDENT_ADJUDICATION_REQUIRED,UNRESOLVED_INDEPENDENT_ADJUDICATION_REQUIRED,UNRESOLVED_METHODS_OWNER_FREEZE_REQUIRED
futureswap,defihacklabs,arbitrum,419829770,0xf7ca7384cc6619866749955065f17bedd3ed80bc,cancun,ca2-40ca8a9aca77ecfbfe71,2026-01-10,FutureSwap,Unit Mismatch,src/test/2026-01/futureswap_exp.sol,arbi,https://github.com/SunWeb3Sec/DeFiHackLabs/blob/main/README.md,frozen_public_source_hashed,295e8ad6c3709d47a0489069bf9c7b1da50ff4d5b0e5c255dab0127f208db5c3,861b38b464ba5520b3ac5295c4763b0a5f3a477bc63f6e32f82b60a533d5a9f4,"[""https://x.com/nn0b0dyyy/status/2009922304927731717?s=20""]",[],433K USD,exact_contract_basename,True,True,,,2026-01-10,,,,blocked_missing_onchain_and_availability_evidence,"[""missing:deployment_block"", ""missing:prediction_cutoff_block"", ""missing:source_availability_time"", ""missing:runtime_bytecode_hash_at_cutoff"", ""missing:outcome_adjudication_id""]",retained,,cases/ca2-40ca8a9aca77ecfbfe71.json,90e27fd746074582d030888a62d5118791db69bcde5706ba03eccb15922f620a,cases/ca2-40ca8a9aca77ecfbfe71.json,0f176767e082ae0d3e1013804a0aeb27f47b10567a200a1a16c2d828b241c86e,,,,,,,,,,,,ca2-40ca8a9aca77ecfbfe71,cases/ca2-40ca8a9aca77ecfbfe71.json,0f176767e082ae0d3e1013804a0aeb27f47b10567a200a1a16c2d828b241c86e,2021-10-13T17:26:24Z,2021-10-14T17:26:40Z,2124,EIP1967_PROXY,,42161:0xf7ca7384cc6619866749955065f17bedd3ed80bc,d20783f15f1c955f43d8505d2018712f608166ed47219286cef2278b3f318367,eip1967:0x9bbc2890239bd144dd6f6f0b65cda56c597fb88b,,,,3b916c9056b2bf6382c014941149c3172fabaeb5b4a065cfcd86776019740654,b40977a6619deb4692c96bc7382fd27af87ce3e7597c9f530c04c565c32d3ac8,62188d77342583cc548f3985bc3d1695f7218245ab7ab8a26e5a5c8b1aa59acd,DERIVED_STRICT_SNAPSHOT,DERIVED_STRICT_SNAPSHOT,DERIVED_CONSENSUS_RUNTIME_CODE,VERIFIED_STANDARD_PROXY,UNRESOLVED_NO_CUTOFF_SOURCE_VERIFICATION_EVIDENCE,DERIVED_EXACT_CHAIN_ADDRESS,DERIVED_METADATA_STRIPPED_BYTECODE_SHA256,UNRESOLVED_INDEPENDENT_ADJUDICATION_REQUIRED,UNRESOLVED_INDEPENDENT_ADJUDICATION_REQUIRED,UNRESOLVED_METHODS_OWNER_FREEZE_REQUIRED
est,defihacklabs,bsc,89060336,0xd4524be41cd452576ab9ff7b68a0b89af8498a91,cancun,ca2-6829820c6abb9fe3a566,2026-03-27,EST Token,Incorrect Token Burn Mechanism,src/test/2026-03/EST_exp.sol,bsc,https://github.com/SunWeb3Sec/DeFiHackLabs/blob/main/README.md,frozen_public_source_hashed,295e8ad6c3709d47a0489069bf9c7b1da50ff4d5b0e5c255dab0127f208db5c3,cdca6d55c31db9b4fb2eaa5e627cd2b80177fb3488d3cf59357bd48bdd4ccdeb,"[""https://bscscan.com/address/0xD4524Be41cd452576aB9FF7b68a0b89aF8498a91""]",[],150.2 WBNB,exact_contract_basename,True,True,,,2026-03-27,,,,blocked_missing_onchain_and_availability_evidence,"[""missing:deployment_block"", ""missing:prediction_cutoff_block"", ""missing:source_availability_time"", ""missing:runtime_bytecode_hash_at_cutoff"", ""missing:outcome_adjudication_id""]",retained,,cases/ca2-6829820c6abb9fe3a566.json,0a5a94c4e4eb3254b1f3c62b9644b05c50b4ac72fbc2b8e74a0bd786ef15fa65,cases/ca2-6829820c6abb9fe3a566.json,a33b3ef36f4cb5e66656d939b0dfb59af64f57f118190e1e565ae8a6362c865d,,,,,,,,,,,,ca2-6829820c6abb9fe3a566,cases/ca2-6829820c6abb9fe3a566.json,a33b3ef36f4cb5e66656d939b0dfb59af64f57f118190e1e565ae8a6362c865d,2026-03-20T12:57:01Z,2026-03-21T12:57:01Z,10331,,,56:0xd4524be41cd452576ab9ff7b68a0b89af8498a91,1abc9a9378417c33b9f193c97677cd6e6e1032c5de47726493b6cfc5d7f819c7,,,,,68927c8ad17fec3491888fd6c55908116133920be939d90d4a55879de4d2b8ea,d33f8b4de8cdbf207e4146d7a00b472bd05535180e47682b98d5c03fef928d77,3466c41d97f2430ec9e9e1039caaa26908e4b97565a4346f0e2aa42cecb5e328,DERIVED_STRICT_SNAPSHOT,DERIVED_STRICT_SNAPSHOT,DERIVED_CONSENSUS_RUNTIME_CODE,UNRESOLVED:requires_loupe_or_historical_event_resolver,UNRESOLVED_NO_CUTOFF_SOURCE_VERIFICATION_EVIDENCE,DERIVED_EXACT_CHAIN_ADDRESS,DERIVED_METADATA_STRIPPED_BYTECODE_SHA256,UNRESOLVED_INDEPENDENT_ADJUDICATION_REQUIRED,UNRESOLVED_INDEPENDENT_ADJUDICATION_REQUIRED,UNRESOLVED_METHODS_OWNER_FREEZE_REQUIRED
