case_name,chain,chain_id,positive_prediction_cutoff_time,minimum_additional_distinct_slots,reserve_target,control_address,control_identity,control_deployment_time,deployment_distance_seconds,creation_tx_hash,deployment_block,creation_type,trace_proof,source_object_key,source_object_sha256,source_record_sha256,edge_rank_sha256,reserve_assignment_sha256,queue_status,rpc_authorized,selection_authorized,stage_promotion_authorized,recovery3_mutation_authorized
paraspace,ethereum,1,2022-12-02T07:27:11Z,10,100,0x3142d57cecc86ea0ffdb5d6580b77aa7d02b0502,1:0x3142d57cecc86ea0ffdb5d6580b77aa7d02b0502,UNKNOWN_REQUIRES_RPC,-1,0x93669cb8e75a7972c4b880b142a2e540679e22101297c1864f4217b7f8980332,16088741,UNKNOWN_REQUIRES_RPC,False,v2/contract_deployments/contract_deployments_13000000_14000000.parquet,8885bd5034eff92607b7ffb297b079b222764c22e24fbd5bdf3f3d689c1a839b,0dfce09c8b8f27336550a2909af0c1e5ca4d47c4447b6c28de5daf547a7cd151,000ec985d5f98e25d01710e31e612379a9121d403727d7cff06e92a7bfe090da,e1d6bda4e4b49dd3fcb60834d5b8b46e9ecc8e6b45c4ceebcc212b7df523e5d3,RESERVE_CANDIDATE_REQUIRES_RPC_AND_PAIR_EVIDENCE,False,False,False,False
particletrade,ethereum,1,2023-10-03T23:57:35Z,10,100,0xe34c643b02d35cff0695f5924d9a7ed3be9b4baa,1:0xe34c643b02d35cff0695f5924d9a7ed3be9b4baa,UNKNOWN_REQUIRES_RPC,-1,0x0d842768d1832d4cca046cb19c2c017cdb954f278d3ad994dcd33bd4ec985f4e,18110520,UNKNOWN_REQUIRES_RPC,False,v2/contract_deployments/contract_deployments_5000000_6000000.parquet,eb8d1ad9c414a2cf0a36d3fe5aa0b10e20823399807f3e5cfb6815af4b301cd7,dc4d75ff83c527067ebd2ec3a8c4e4e88836d8a6393c10eedb559f2736295006,000e859374f4395581d2d047a99a67df0473012e1b22013795d2f77bf0e178d7,aa1893cdcc440f174b8864636a5904dceb7d149d584daa8f22f40baaa59512ea,RESERVE_CANDIDATE_REQUIRES_RPC_AND_PAIR_EVIDENCE,False,False,False,False
pawnfi,ethereum,1,2023-06-05T05:03:35Z,10,100,0x76bb457883d7a9d435829b6a788ca49be2b2245c,1:0x76bb457883d7a9d435829b6a788ca49be2b2245c,UNKNOWN_REQUIRES_RPC,-1,0x1aa0fcaf4b320184efb973de0b9924409fadd2b15c4c9532400d5912cf343a66,17310510,UNKNOWN_REQUIRES_RPC,False,v2/contract_deployments/contract_deployments_14000000_15000000.parquet,6176cf26c5e071de572e4fa584e8e6126dbdb3267e5f347910a581b7d8a944c6,a0beae7ceb0b4b7bca1feddd0e6266999353f332bbf0cca464381e83d61e83bb,00093b8b0c89ab2947311207a05b5bbbd19b131f525dadea0a722ea0fb511899,9d9218bb75653fccb2e397e59e8ec754d70edf429d74724db2b67d822064f413,RESERVE_CANDIDATE_REQUIRES_RPC_AND_PAIR_EVIDENCE,False,False,False,False
pdz,bsc,56,2024-01-26T19:19:39Z,6,60,0x47254f76303ac3421a46045d82fb46b559ac8a51,56:0x47254f76303ac3421a46045d82fb46b559ac8a51,UNKNOWN_REQUIRES_RPC,-1,0x359eebec8dae3672cd32c73393790aedddb1762b8beee2ef6fdac4c2d91dc9fc,35060858,UNKNOWN_REQUIRES_RPC,False,v2/contract_deployments/contract_deployments_31000000_32000000.parquet,1096c453513646713a3b6185edd15651bf3a9599e2e334ecd82bcf3c939ca722,bb0d1638538518246381a12e4a83331b63edec5053dc03c9cf2c0a18cc5bfac4,000f4aa7e397442b77110f761440bf2b8719e024b3c65c0104188d50bb293c4a,bb538d4b20a45bc0ca2eadc7c0c9303b10e977b5301c637e4b8732273e4db9c1,RESERVE_CANDIDATE_REQUIRES_RPC_AND_PAIR_EVIDENCE,False,False,False,False
peapodsfinance,ethereum,1,2023-12-13T21:17:47Z,10,100,0x74716c8428c45529cefd3dee77d10b7c486f5bba,1:0x74716c8428c45529cefd3dee77d10b7c486f5bba,UNKNOWN_REQUIRES_RPC,-1,0xe3b5c413c6d59b12358d8e0a1e72db29aed0b09ba9fd6ee25d6fb7dca4bb607e,18683920,UNKNOWN_REQUIRES_RPC,False,v2/contract_deployments/contract_deployments_2000000_3000000.parquet,6d562e88df03827bfbf01c2b88d473f0dece6ca3dcd2b0c76188bf3236dcdaae,5564ebdfdd47367354f3e48774ff249e30ca02e3e4cd99ce5ec087938d2a5068,0019dbe353b0a22eb0a815777e480b7aa2a4321c228b7ac977221d41fe7644a8,86c0889a648a28fbe9b7b8148a5fc62665649be0dc28ed54ec2bf6354552c555,RESERVE_CANDIDATE_REQUIRES_RPC_AND_PAIR_EVIDENCE,False,False,False,False
penpiexyzio,ethereum,1,2023-06-05T10:50:59Z,10,100,0x490235f784f770e64972e8afcb89dc54fd836315,1:0x490235f784f770e64972e8afcb89dc54fd836315,UNKNOWN_REQUIRES_RPC,-1,0xc85e8ddff95cdf81f22bb30f90940d102334849c9b03c31bdc7352316337909b,17288983,UNKNOWN_REQUIRES_RPC,False,v2/contract_deployments/contract_deployments_14000000_15000000.parquet,6176cf26c5e071de572e4fa584e8e6126dbdb3267e5f347910a581b7d8a944c6,532be20e7376c7bfdf39f2861754ceb084fac112173ad9b6dcb7ecde41a7dc98,0012c8a1f563b607fdd7e5e15f4076d2d2fc18a18a4b2af10a7a14960c05ee26,02e91358eef707ad30c15452750a720fd0769fee7082f75fc86714ec7d57c8a2,RESERVE_CANDIDATE_REQUIRES_RPC_AND_PAIR_EVIDENCE,False,False,False,False
pickle,ethereum,1,2020-10-24T00:04:17Z,10,100,0xcc19c1439659b3255c75c352d70fc188b0be76d9,1:0xcc19c1439659b3255c75c352d70fc188b0be76d9,UNKNOWN_REQUIRES_RPC,-1,0x63e07646a1aa09f7d1c87ab0d954a4e519266f77cc046bb3bf6aecd18e056358,10952901,UNKNOWN_REQUIRES_RPC,False,v2/contract_deployments/contract_deployments_14000000_15000000.parquet,6176cf26c5e071de572e4fa584e8e6126dbdb3267e5f347910a581b7d8a944c6,f37b7e3a3123a5135e917e0f43e982a38c15e92205ca33cd0e02d6132598a01e,0010ca4bfb55e8dda799f4e8c3eaf163123f19d2d75a00c6e9b7fc5547b9b273,95c6749dc53deb02b89a77d0e5cd9d17649ed3feaf7ebfc2823e832e9ed1f8a9,RESERVE_CANDIDATE_REQUIRES_RPC_AND_PAIR_EVIDENCE,False,False,False,False
pineprotocol,ethereum,1,2023-01-12T19:59:23Z,10,100,0xab31ee035bd58407ba55d55da402a82f45ce2f7c,1:0xab31ee035bd58407ba55d55da402a82f45ce2f7c,UNKNOWN_REQUIRES_RPC,-1,0xddf4a3be33dc5aec12c8e694a3cc5bfc60e64551bf0b7ad4fe362b32b3d611c1,16185490,UNKNOWN_REQUIRES_RPC,False,v2/contract_deployments/contract_deployments_5000000_6000000.parquet,eb8d1ad9c414a2cf0a36d3fe5aa0b10e20823399807f3e5cfb6815af4b301cd7,ada2c6cec31f1411637919ea98d2b06cbf8b3d456a247fa3f0d357cd78dd703a,001484ebd2113aed89967aa65a18fee714bb7f6e2e0481cac8b47a74e4708cb1,52b50e8b283c435b5160c36a1bc133eb8aa4153264eb1a4da250e9d58d4ea44f,RESERVE_CANDIDATE_REQUIRES_RPC_AND_PAIR_EVIDENCE,False,False,False,False
pledge,bsc,56,2024-11-24T16:01:47Z,10,100,0xdf80d9cebd14e56de0d7c5729fdd2400ff5fff9f,56:0xdf80d9cebd14e56de0d7c5729fdd2400ff5fff9f,UNKNOWN_REQUIRES_RPC,-1,0x5fcae5d965bfbcf2c55ed6dbdff46407b50ba57c4ee2247133b69cc5d3632a85,43614733,UNKNOWN_REQUIRES_RPC,False,v2/contract_deployments/contract_deployments_5000000_6000000.parquet,eb8d1ad9c414a2cf0a36d3fe5aa0b10e20823399807f3e5cfb6815af4b301cd7,abf9860d477f423b8ec8276ec93b8db1a7c0e7f96d8832fcb872f3aa17176fdb,002f7224c4287bf8121921808c80d4bdfe451d3cabcac3f644199525ffdec2f9,35469bd36d911d7c51eaa3f60645a2c5cfb340008ffaabd5fb11e7c548f4d7e0,RESERVE_CANDIDATE_REQUIRES_RPC_AND_PAIR_EVIDENCE,False,False,False,False
ploutoz,bsc,56,2021-03-26T12:26:53Z,10,100,0x0e9a174735d094348984de823d95cb8669b4d8a1,56:0x0e9a174735d094348984de823d95cb8669b4d8a1,UNKNOWN_REQUIRES_RPC,-1,0x5c6086ca9814d44e9435384981fc42824be7103bf9dc980ebb461b37ee20717e,5965198,UNKNOWN_REQUIRES_RPC,False,v2/contract_deployments/contract_deployments_9000000_10000000.parquet,6777e0b50be1d60a845e1be0313473c99fb8675967b51e4530577f82391cd3cf,911151d31060d916d12955ab31ba9139745de88fc778efaf5e08f09d940b1f3d,002c9a081ab0435988b14ab80c98b5b6bedf6fadea3a49629b5901c2eaf00463,26d1053ab4f4c2232620d0afac59e784dd106426671159316121de6cd2488391,RESERVE_CANDIDATE_REQUIRES_RPC_AND_PAIR_EVIDENCE,False,False,False,False
pltd,bsc,56,2022-09-18T07:34:03Z,10,100,0x5e075d1477552e4d4a59568bf38d857c10c1b21e,56:0x5e075d1477552e4d4a59568bf38d857c10c1b21e,UNKNOWN_REQUIRES_RPC,-1,0xb420726ac1ef4bfc1db23ca9006728f05522906f3c0e864062be06b6fc45059c,20742153,UNKNOWN_REQUIRES_RPC,False,v2/contract_deployments/contract_deployments_6000000_7000000.parquet,408541b1fff35d9d72eb413a63bd7e1ecdfd299daa7ca67b3c7185856aa6aef7,d55f2a1b5cf4983b21e649658e5d411bc7986aaff11dcfe39d9b093656cdded1,00197fa434631057c1fadbb473379d4aed46708acd4a70798208c8acf91c9c95,a4801aef25073d547523f95f2be5aa4342e77a2e27a95c82e9b74e6b012310ef,RESERVE_CANDIDATE_REQUIRES_RPC_AND_PAIR_EVIDENCE,False,False,False,False
poolz,bsc,56,2021-07-30T11:05:08Z,4,40,0xa04ddaf21d31d22d5fabe7e771519677a16ad26b,56:0xa04ddaf21d31d22d5fabe7e771519677a16ad26b,UNKNOWN_REQUIRES_RPC,-1,0xde007bdb456c1bbe42d53151696b62808607c6d556ff94d375440e902bb20d8c,8911429,UNKNOWN_REQUIRES_RPC,False,v2/contract_deployments/contract_deployments_31000000_32000000.parquet,1096c453513646713a3b6185edd15651bf3a9599e2e334ecd82bcf3c939ca722,7fda201291871638c7c2c212f3a106e11f34ef598e28fe26500db78618aea118,0010f74ae8e616f66926ef6aa2938aedc24a99661b873fdb6e6f41c78de8d54d,4a648b256437826ff39a6e051aa5316f406ff13fc38a4e927b98ea03007a8adc,RESERVE_CANDIDATE_REQUIRES_RPC_AND_PAIR_EVIDENCE,False,False,False,False
pseudoeth,ethereum,1,2023-06-11T00:15:35Z,10,100,0x99eca12e217c8d587cb712a9d977eed57b0bdc28,1:0x99eca12e217c8d587cb712a9d977eed57b0bdc28,UNKNOWN_REQUIRES_RPC,-1,0x3fdec86d97d8e1912cedc0cd9e99dcb9c6cb1b048943c9aa80f912df41d9ac9b,17374305,UNKNOWN_REQUIRES_RPC,False,v2/contract_deployments/contract_deployments_6000000_7000000.parquet,408541b1fff35d9d72eb413a63bd7e1ecdfd299daa7ca67b3c7185856aa6aef7,6a9fd0738f0c92ac3fee94254d6850562665b7fa389162c6767cfa0a78d4fdec,000ce07db16dac2dfe7eb7010ef157d52cd0806380af16ae697ea58e74697882,5ea74e9ab2f7b8ad3757f5496f5056f907cd0be50489f7d839c8a9402a1ffa80,RESERVE_CANDIDATE_REQUIRES_RPC_AND_PAIR_EVIDENCE,False,False,False,False
qtn,ethereum,1,2021-07-27T02:30:03Z,10,100,0x535c3fd6ad60ac167006555b8a6f4bfcd78056f2,1:0x535c3fd6ad60ac167006555b8a6f4bfcd78056f2,UNKNOWN_REQUIRES_RPC,-1,0x3aeee855788545eadbc8904b04b2b94e45973826c9d6653dac50b2160e8c73a4,12766648,UNKNOWN_REQUIRES_RPC,False,v2/contract_deployments/contract_deployments_6000000_7000000.parquet,408541b1fff35d9d72eb413a63bd7e1ecdfd299daa7ca67b3c7185856aa6aef7,8f23ca2e8e0a724c7dc68dee8a3ce47a56909290a5af914cd06929fd7ca33651,000a292f91c9d860ab1650416e210e1765e539ad98446801785998903453431f,aa320fe099490e93209f92947882366d31b37b80e7795bf09989e1330867c164,RESERVE_CANDIDATE_REQUIRES_RPC_AND_PAIR_EVIDENCE,False,False,False,False
quantumwn,ethereum,1,2023-08-12T22:05:23Z,10,100,0xaf7bfbc6c5535836ab6ad123409e97af0f9f119a,1:0xaf7bfbc6c5535836ab6ad123409e97af0f9f119a,UNKNOWN_REQUIRES_RPC,-1,0x93d478130cd8bd0768a1ad92055f325f9bf281af7eddf6b37ed1190cc2e9f7bf,17798661,UNKNOWN_REQUIRES_RPC,False,v2/contract_deployments/contract_deployments_0_1000000.parquet,d5e23a08a88dabb08e4eb326b1c042e55165b1fd682650ab9ed73f136e287d31,3afb4aa31e216a2cc0da6569bc46f0fb28377f84e698e3671659d452c03c70c0,000c81791e55b51f982a2b907d06f78cbda7dcc7a0359e4d9e984171cf026b7c,e7fdc57f22ac595fddf425a73abdb522727aa273fea3a821b67bc7d95f67819c,RESERVE_CANDIDATE_REQUIRES_RPC_AND_PAIR_EVIDENCE,False,False,False,False
qubit,ethereum,1,2021-11-30T09:02:57Z,10,100,0x75baf042857fb3a0934c9eeaacebbbbb3d2832b1,1:0x75baf042857fb3a0934c9eeaacebbbbb3d2832b1,UNKNOWN_REQUIRES_RPC,-1,0x9c44c6135a6b1ea53041b861734f670c09c4396c861d184bcf081065d8d3c19e,13634171,UNKNOWN_REQUIRES_RPC,False,v2/contract_deployments/contract_deployments_14000000_15000000.parquet,6176cf26c5e071de572e4fa584e8e6126dbdb3267e5f347910a581b7d8a944c6,8701518886aee6c5e2ed7bb4ab5922cff8bb580ca9323106f892ecb4daa2626e,00069df72c47c90709e11ae1bcf1d1ba30cef38e1c3fb05a32e0693d0c840b87,8df192824fac1b327f98013c13c10db8a66b6f1be9ed6adcfafc6ab9eb287764,RESERVE_CANDIDATE_REQUIRES_RPC_AND_PAIR_EVIDENCE,False,False,False,False
raft,ethereum,1,2023-09-14T12:58:59Z,10,100,0xf619685c4a11c1c47d92b953b68fcbcde689dbf6,1:0xf619685c4a11c1c47d92b953b68fcbcde689dbf6,UNKNOWN_REQUIRES_RPC,-1,0x4634a8adf72377a5d953bd333bba1022390b4f52b02ca2f4309cb6877bd0e659,18084299,UNKNOWN_REQUIRES_RPC,False,v2/contract_deployments/contract_deployments_19000000_20000000.parquet,204b7f381daf9d8017d4efd97183633a94c1c646efa22b219290c725f63c79d8,9742c8c9960d708466c907c7e14d94085119bd8ffb90af06dd37061eb90245a0,000ab14e431e7a8a25f843729e00e6934db97b981268eb68c2f05e1ae397f46e,8af4ce9bf29326f894c09e88feabbd4e3b102468f2be879a766710075baca3a8,RESERVE_CANDIDATE_REQUIRES_RPC_AND_PAIR_EVIDENCE,False,False,False,False
rant_token,bsc,56,2025-07-04T11:47:40Z,10,100,0x056c8f0ae47b5484254b53182e7d5d3dffd9de5c,56:0x056c8f0ae47b5484254b53182e7d5d3dffd9de5c,UNKNOWN_REQUIRES_RPC,-1,0xb5e3055bc2d38c113e58b5071608f6b5248eef7c8d9bf722815591e53180c8a2,51271165,UNKNOWN_REQUIRES_RPC,False,v2/contract_deployments/contract_deployments_9000000_10000000.parquet,6777e0b50be1d60a845e1be0313473c99fb8675967b51e4530577f82391cd3cf,126ece2e14d6fcf9f0516f1306f71af64256d8efa2dd1edeaa75f0f200e4601f,001b6b461dc0d6a211d9e71abc286356d0153d056de60c4c3a813802d5fa72d9,299e05a9028dce34f38653c72c7f47866b74074868866445c3dae6bb5f9f737e,RESERVE_CANDIDATE_REQUIRES_RPC_AND_PAIR_EVIDENCE,False,False,False,False
rari,ethereum,1,2021-11-24T22:31:41Z,10,100,0x81d9577d7b323f527c4cc94ab9f2ca0aca6a1346,1:0x81d9577d7b323f527c4cc94ab9f2ca0aca6a1346,UNKNOWN_REQUIRES_RPC,-1,0xeaeab007736b45e03484e7e9aadef75904209b65e5af74ac45a3a93d33911aae,13597984,UNKNOWN_REQUIRES_RPC,False,v2/contract_deployments/contract_deployments_21000000_22000000.parquet,6951c22b6f2732efb0772f657e597c5cdd89f8d4c3b5d2d0c7e8d53bc240b602,5801bed0b4c1c97fb15c72a0d99b6d7ea6df1209134332c7279d5ee16fe24c56,00062abad8f761c14131493e08760f90ef121b87101546aa58443068e438eebe,a05d2129922dea27d4cbd30fa8935c1eae0e487585e25dd13d5958602f86ef67,RESERVE_CANDIDATE_REQUIRES_RPC_AND_PAIR_EVIDENCE,False,False,False,False
rbalancer,ethereum,1,2023-09-25T06:20:23Z,10,100,0x3ee6de1da9ac9bf4f00da9b32d6a22b7cf6af599,1:0x3ee6de1da9ac9bf4f00da9b32d6a22b7cf6af599,UNKNOWN_REQUIRES_RPC,-1,0xa35b574d134cd48dbc58913c4fd4f8c1b79dc1aa8f9b1932a9c16cc418e0f386,18187437,UNKNOWN_REQUIRES_RPC,False,v2/contract_deployments/contract_deployments_1000000_2000000.parquet,7529540c96f11e4fc0d376fd36b2953644bebebe317a864615e2d14403a341fe,7d4c7cd7991bc30a200f167722eb095f7b6eeb6e3f9aaafe03fae778c572cca0,001012c038c7d1160979c7420bc86ba38df1f6c768dd8f18c508c74cbf82e755,28d93f7951a610146842c2100f323aecd2e21ad777c760917ed5117b72a623bd,RESERVE_CANDIDATE_REQUIRES_RPC_AND_PAIR_EVIDENCE,False,False,False,False
res,bsc,56,2022-07-21T13:06:04Z,10,100,0xabdfde1ebd8eb99779e6abcbb2f85962158345c3,56:0xabdfde1ebd8eb99779e6abcbb2f85962158345c3,UNKNOWN_REQUIRES_RPC,-1,0xad323af8015b3c96ebf51607067a618df732ed1c7a91cdb689cbef87207582a9,18942114,UNKNOWN_REQUIRES_RPC,False,v2/contract_deployments/contract_deployments_29000000_30000000.parquet,3255e78e345aff80bfd6dfc7d760f4bda3a96fce4225cc3e128ce3d21ff32822,6306c2783debcd89c590a7a9599c73af075b3553590a41c52ac9dc7f38652bae,000a784f3788d58b5d72752d515902348e8b6d1d918a2e117f129ea7ba7a88c0,69cc3e0b73cb6a9c8e20d179a559afe71530ef63a284cf31378f294a249190f2,RESERVE_CANDIDATE_REQUIRES_RPC_AND_PAIR_EVIDENCE,False,False,False,False
res_2,bsc,56,2022-07-21T13:06:04Z,10,100,0x09d791123c557150180090440fe16c4fc4dde09f,56:0x09d791123c557150180090440fe16c4fc4dde09f,UNKNOWN_REQUIRES_RPC,-1,0x8492fcce617c477eca59cdad220cb4425ccbc881937e9c73ce022f4af01deb1d,19284576,UNKNOWN_REQUIRES_RPC,False,v2/contract_deployments/contract_deployments_6000000_7000000.parquet,408541b1fff35d9d72eb413a63bd7e1ecdfd299daa7ca67b3c7185856aa6aef7,ba21373be6393a7d6a17c78cb5bc1afd105dd3162107e54ef2a251eb9605c3a2,001085cd372b641350d0df4f47fe040abbdd10b002eb811e006811928b24011b,ce711be5640251a14d9b63d41488bc592ed0dfb88e5453b888544defe020f4dc,RESERVE_CANDIDATE_REQUIRES_RPC_AND_PAIR_EVIDENCE,False,False,False,False
revertfinance,ethereum,1,2023-02-04T18:41:11Z,10,100,0xb4b8b1bf8772dc6814f9f075d50712ffae431151,1:0xb4b8b1bf8772dc6814f9f075d50712ffae431151,UNKNOWN_REQUIRES_RPC,-1,0x676f1e539575a80391fb9ee0a226fe680870a3ec2c12c0cb377bd1ce9a53c119,16434140,UNKNOWN_REQUIRES_RPC,False,v2/contract_deployments/contract_deployments_6000000_7000000.parquet,408541b1fff35d9d72eb413a63bd7e1ecdfd299daa7ca67b3c7185856aa6aef7,b6fcc8afdbbc74f3c7b2bc9971d2f309c88f23ebdd16319303560a9fc8121afc,0013c846dd7e60ac8d66d44ed0497c207bca3db44792a1aac87c7ec547baba6e,5e54f9332545a7b15ff3acb86bde473d30403a025a39c2f47ad8737d08a36139,RESERVE_CANDIDATE_REQUIRES_RPC_AND_PAIR_EVIDENCE,False,False,False,False
revest,ethereum,1,2021-09-25T20:17:46Z,10,100,0xb9801597abf80e9b2ab311fe0887ac58577aa393,1:0xb9801597abf80e9b2ab311fe0887ac58577aa393,UNKNOWN_REQUIRES_RPC,-1,0x610bb063ee4ee6dae572d54e101e04009540d6041940d5da30c851165edcae75,13242999,UNKNOWN_REQUIRES_RPC,False,v2/contract_deployments/contract_deployments_14000000_15000000.parquet,6176cf26c5e071de572e4fa584e8e6126dbdb3267e5f347910a581b7d8a944c6,1670478abaa49b1469a73c3513fdf56391dc905d70f7ea27243411a68dfee857,0003bf9ae9c6e99eec4389b305447d5d845c778094e28c8b3bf1d1f95fa8506c,eb372cb8c1f96dc99d1f32e5bc5796daebaaf16daf3b799d3f5670c5fa295aa0,RESERVE_CANDIDATE_REQUIRES_RPC_AND_PAIR_EVIDENCE,False,False,False,False
rfb,bsc,56,2022-12-04T15:45:55Z,10,100,0xe6d8a3b424e2a5ee9782aaf3a2bd9943da431217,56:0xe6d8a3b424e2a5ee9782aaf3a2bd9943da431217,UNKNOWN_REQUIRES_RPC,-1,0x07c04aa5b779c5cac75fb4e4207426c201c1a82d0e4c347058becb341907aa10,23508406,UNKNOWN_REQUIRES_RPC,False,v2/contract_deployments/contract_deployments_31000000_32000000.parquet,1096c453513646713a3b6185edd15651bf3a9599e2e334ecd82bcf3c939ca722,50ffd82a3108aea6b6aed5bcb679fed8e082dbfaf6825b2ef118582424abbb81,000e28b37406b5bc761ecbf2d705e0a888b852234811b68e6b489f6680fed0f8,a1e9b5883761a64c0d87696e34f258fe1382d61b7bed7cbc18120e32cff21deb,RESERVE_CANDIDATE_REQUIRES_RPC_AND_PAIR_EVIDENCE,False,False,False,False
rl,bsc,56,2022-07-25T14:15:52Z,10,100,0x43dda277df1983a8bd73a3a175ad871e979cc0eb,56:0x43dda277df1983a8bd73a3a175ad871e979cc0eb,UNKNOWN_REQUIRES_RPC,-1,0x36a485e140862bb03b4a220977d507d2c41aa52532948aba9f91e735e4f1aa25,19416425,UNKNOWN_REQUIRES_RPC,False,v2/contract_deployments/contract_deployments_29000000_30000000.parquet,3255e78e345aff80bfd6dfc7d760f4bda3a96fce4225cc3e128ce3d21ff32822,4e307b8e189f9ef7055754a851d6ddbef4c3a4c74cb3b2c12c2d2317d50dba5c,00198ecfeec948b76ddda691f392edc9c1df17fb82c5f5f3a3f91eb8c2b66f2f,1d24bc502041a055d03d0f79077feaec5694324643e038725efe13d5be15a63b,RESERVE_CANDIDATE_REQUIRES_RPC_AND_PAIR_EVIDENCE,False,False,False,False
roefinance,ethereum,1,2022-08-11T11:50:00Z,10,100,0xedb1a5aa02e34165efd36668f2d50a1c478432c8,1:0xedb1a5aa02e34165efd36668f2d50a1c478432c8,UNKNOWN_REQUIRES_RPC,-1,0x14e249b2672bc3759a95297f118f7b80c64bef901c7b4df449ca7c1a18b1fb23,15203828,UNKNOWN_REQUIRES_RPC,False,v2/contract_deployments/contract_deployments_6000000_7000000.parquet,408541b1fff35d9d72eb413a63bd7e1ecdfd299daa7ca67b3c7185856aa6aef7,a09410f96f08ecf0613a379436690221c6b848539947facf918873b31c35998a,000bc6c200d7e776b8a177a16339ca46106a132d2187cc33fcefa5e06722d281,2cae7595efb81ef5fbd4adcd9ecac207130dc2457286c7ad3d29c2ebef7feb33,RESERVE_CANDIDATE_REQUIRES_RPC_AND_PAIR_EVIDENCE,False,False,False,False
roi,bsc,56,2022-05-11T19:18:59Z,2,20,0xfb3f2a45e99d059b7579aa10cc48374b59db407c,56:0xfb3f2a45e99d059b7579aa10cc48374b59db407c,UNKNOWN_REQUIRES_RPC,-1,0xbfc0401397f7c644e18ed5c3a893b308340cb7592f09520e477f8c406025df2e,17007300,UNKNOWN_REQUIRES_RPC,False,v2/contract_deployments/contract_deployments_29000000_30000000.parquet,3255e78e345aff80bfd6dfc7d760f4bda3a96fce4225cc3e128ce3d21ff32822,85c0a62791917ffc56d9470d8a1cbbffe8b13ef0b5a84823375866a88d298c49,000a180ed2b18ec50a1d4ea6e8b3a2a3b07dc8031a88487d39ada4c6fc3fdbf8,0cc86d61109b53aa7969df4a27d76ee29cda1a01f69347fb2f52eabe14ed8017,RESERVE_CANDIDATE_REQUIRES_RPC_AND_PAIR_EVIDENCE,False,False,False,False
roulette_pot_v2,bsc,56,2023-03-17T00:46:44Z,10,100,0x40407e9d17d9e9574bfa0574d3e90e50601c40c3,56:0x40407e9d17d9e9574bfa0574d3e90e50601c40c3,UNKNOWN_REQUIRES_RPC,-1,0x7e568ec16cd144c664b38f9f4b90d4af5fa6444d75a883f86a936c650c821a89,26239292,UNKNOWN_REQUIRES_RPC,False,v2/contract_deployments/contract_deployments_31000000_32000000.parquet,1096c453513646713a3b6185edd15651bf3a9599e2e334ecd82bcf3c939ca722,a985830068b6328cf19876fcd3bd9624c67c6b67c4db1f82fad04d671e525fd8,0013d0fb9c66ac0ec99c8b5c2b023be4c01d9e5740afdfa9fdffd213c855a349,b1199a4c03972bc3fe11d28195b666c85f5232fc049a897c28be28ba2e183e0c,RESERVE_CANDIDATE_REQUIRES_RPC_AND_PAIR_EVIDENCE,False,False,False,False
rubic,ethereum,1,2022-08-24T09:45:25Z,10,100,0x1b79c50eff8f7d5a3831c11f27e120db62231a5f,1:0x1b79c50eff8f7d5a3831c11f27e120db62231a5f,UNKNOWN_REQUIRES_RPC,-1,0xf3a91a4705d418830070bf520d787dbde3b75593ed2493f7c330285b9cc3af36,15227424,UNKNOWN_REQUIRES_RPC,False,v2/contract_deployments/contract_deployments_13000000_14000000.parquet,8885bd5034eff92607b7ffb297b079b222764c22e24fbd5bdf3f3d689c1a839b,a8306fd9eca2362f74e2e21b65186c239cabd2126abd09ff5e25cd04702acace,000cb6a692b7ecc24157e5dea8eb751c6de285e6e670432415e72c470f5e127a,17c98e21eca19fe2cef54d007256291ce3cab8aacd3b11c299af3ca6989a3e50,RESERVE_CANDIDATE_REQUIRES_RPC_AND_PAIR_EVIDENCE,False,False,False,False
ruggedart,ethereum,1,2024-02-18T00:23:47Z,10,100,0xc85bcb370c7aaa4361622eba3d3a73a2e9f87f3b,1:0xc85bcb370c7aaa4361622eba3d3a73a2e9f87f3b,UNKNOWN_REQUIRES_RPC,-1,0x7ebd7e053fa9bd23926672bcdadf8ac8dd0bfe01de9a8292472f4fe265769489,19148135,UNKNOWN_REQUIRES_RPC,False,v2/contract_deployments/contract_deployments_2000000_3000000.parquet,6d562e88df03827bfbf01c2b88d473f0dece6ca3dcd2b0c76188bf3236dcdaae,5034155a722643d600f715e794034016a30370be86bb10cff63262925307db92,00084d68e84fae1d22065fc0ad47e6bb1090964aada65c6738d5018455808067,d9a762b47af38c80b865833c745e8a175695b8b9b59ddc1427448db0b4c92d4b,RESERVE_CANDIDATE_REQUIRES_RPC_AND_PAIR_EVIDENCE,False,False,False,False
saddle,ethereum,1,2021-12-16T00:58:40Z,10,100,0xc5644e6bb4fe58148ea960f7a8404c7bfa73c070,1:0xc5644e6bb4fe58148ea960f7a8404c7bfa73c070,UNKNOWN_REQUIRES_RPC,-1,0x9f7a0f32639f21447b6f005fad9351a6007abe16be34fc1ef1890fb37b43e837,13711786,UNKNOWN_REQUIRES_RPC,False,v2/contract_deployments/contract_deployments_18000000_19000000.parquet,2dcd3c6c46c1f5489efaf97a7571ebbe6353d25a2f649f3933fab9345109debf,e6bb95468ce05fd4ebb00f797b06eba28556864e2d147d77c6055ffcb6f7d646,00057d7ab2b628ba0882e6580ca5aaf48234f9f24c905f6e72c6d93863f2a7b6,90ec709a71ba2a486bbc306ea2b10f23cdd059a1d84d63017b0cd9c8d25397d6,RESERVE_CANDIDATE_REQUIRES_RPC_AND_PAIR_EVIDENCE,False,False,False,False
sandbox,ethereum,1,2019-12-05T07:52:17Z,10,100,0x91f46dd6ee5f3f8ce83287897938f7858f5761e4,1:0x91f46dd6ee5f3f8ce83287897938f7858f5761e4,UNKNOWN_REQUIRES_RPC,-1,0xbd73f956aa337eb27e658ba74fda1f0b40c8d59a371eb6b8369ca87d108d7930,8972401,UNKNOWN_REQUIRES_RPC,False,v2/contract_deployments/contract_deployments_18000000_19000000.parquet,2dcd3c6c46c1f5489efaf97a7571ebbe6353d25a2f649f3933fab9345109debf,48de11e0f608b1e297ad1959c7985b54f2967486b371af6b78766ed0e82010fb,001a109dbdfc696e7097ba9bf1aecea045ad7c559574704a6faf60e3e3ec70f2,0d04c413fd5e4df31c5b78fb1b3ae8dfdbba4ff27a2465ccd1142dd21c7fc6d1,RESERVE_CANDIDATE_REQUIRES_RPC_AND_PAIR_EVIDENCE,False,False,False,False
satx,bsc,56,2024-01-25T14:38:06Z,10,100,0xd338934f799367d2c257e3b28bde1fa61acecb31,56:0xd338934f799367d2c257e3b28bde1fa61acecb31,UNKNOWN_REQUIRES_RPC,-1,0xaf38a4fef6ef49e1b7c74c348a702c935b3e4a87d1d8683dbc3119aac7944cf0,34872852,UNKNOWN_REQUIRES_RPC,False,v2/contract_deployments/contract_deployments_29000000_30000000.parquet,3255e78e345aff80bfd6dfc7d760f4bda3a96fce4225cc3e128ce3d21ff32822,99f9cea11624416e32432cb00c669ff294ab601d247ff6f8a2b34eeb70e29d2d,00184325619167b5090274b6c5fed0c41db48182e23f2a03b6d0851280617fbf,9c7a6811d0520a3657c311bcb5e3b0bb4e0019456f7367aec492e0484b8db42a,RESERVE_CANDIDATE_REQUIRES_RPC_AND_PAIR_EVIDENCE,False,False,False,False
sbt,bsc,56,2024-06-23T04:06:50Z,10,100,0xdebf8a7d966411ed68fe2c1c8e65d06faf9da7cd,56:0xdebf8a7d966411ed68fe2c1c8e65d06faf9da7cd,UNKNOWN_REQUIRES_RPC,-1,0xce0af786b4a19c3c02fca0426fedb1ade72dee8c612ae0b2e12c1e8b1838306a,39520909,UNKNOWN_REQUIRES_RPC,False,v2/contract_deployments/contract_deployments_31000000_32000000.parquet,1096c453513646713a3b6185edd15651bf3a9599e2e334ecd82bcf3c939ca722,e6dfb6f92f1b12eb04641083bdf74135cf8580ac5b288d90409eebc94829f4f8,001fc9adf1fbad4718b3c8a3a0609b622435b4825349347d3f4df025f60c2f44,48d7d14a2ea6200ab74f7650480b7e5a2fee0f476d21c1b573188a3a5b5d7601,RESERVE_CANDIDATE_REQUIRES_RPC_AND_PAIR_EVIDENCE,False,False,False,False
sdao,bsc,56,2022-06-07T04:03:35Z,9,90,0xa9d90e5b1d79e1db67fc825523faa2760cd25f59,56:0xa9d90e5b1d79e1db67fc825523faa2760cd25f59,UNKNOWN_REQUIRES_RPC,-1,0x0a6e3cdef9d06adea658a444010bb0b0a68110dc3359d2b4e171dc87c67daa9d,17680245,UNKNOWN_REQUIRES_RPC,False,v2/contract_deployments/contract_deployments_30000000_31000000.parquet,0d12ca90369256d040cf542c85f6ffcf446e4e3e8d19fd878d446ff8ed9337b7,2be6d292800781f70417c2104441feb59481601d97c119e362ec356ee072e081,000b62cd0af1e033d6ba8b03ad10ef60cd13b55a63c49efb6e16506610a2b118,0995271cb6fad42a74cb51447b796e0c51953ace2ae599045373aa52ae5ca66c,RESERVE_CANDIDATE_REQUIRES_RPC_AND_PAIR_EVIDENCE,False,False,False,False
seaman,bsc,56,2022-06-30T04:08:06Z,8,80,0x99771f945552ba12ff1caea92180bb1bfdf13473,56:0x99771f945552ba12ff1caea92180bb1bfdf13473,UNKNOWN_REQUIRES_RPC,-1,0xfde2f0efa4e87087d6900e07a0030e3f0698faf8c4e81aa0b303cc8994f2d0bc,18290061,UNKNOWN_REQUIRES_RPC,False,v2/contract_deployments/contract_deployments_7000000_8000000.parquet,54cb1c23725d5765da58c76ee4eb73bb326370e440cb6baab9e8463544906967,a3e1cda0aaf793eda3ec81fc2029e53c347b46e2d8e867754717b639125a7388,000d5b3021a753d89255e4166d52ef26d3e84a1d62356f79e5989d9294791b49,792ebcd15c54dce0be798c36fd755f3db3e2c8468ce5df11796668536dc2e14a,RESERVE_CANDIDATE_REQUIRES_RPC_AND_PAIR_EVIDENCE,False,False,False,False
sellc,bsc,56,2023-05-09T17:04:59Z,10,100,0xa3304ad42c7a763d8d6d900b2f4b23d25f665ad8,56:0xa3304ad42c7a763d8d6d900b2f4b23d25f665ad8,UNKNOWN_REQUIRES_RPC,-1,0x338da0557cb695c02c2289d1496d012e4673c3400bc448e5f7574c4e73110eb3,27971647,UNKNOWN_REQUIRES_RPC,False,v2/contract_deployments/contract_deployments_7000000_8000000.parquet,54cb1c23725d5765da58c76ee4eb73bb326370e440cb6baab9e8463544906967,35bf2f895573e443bab52682573388d2cbcc6fbf7c9ed7f8c0d2c71d9e6a7c6f,001439f394bf2bd20e56c0074fc1bb9eb2fa9d0d1af9e5add3cc00e01d545289,763a51c1939b07baccc2134407ff13c64ddeb4a1b8233c77850db9fa0e4b067d,RESERVE_CANDIDATE_REQUIRES_RPC_AND_PAIR_EVIDENCE,False,False,False,False
sellc03,bsc,56,2023-03-24T12:46:50Z,10,100,0xe110c4a0e9130ef8d26ffcb3eb9ad1a35a606ab5,56:0xe110c4a0e9130ef8d26ffcb3eb9ad1a35a606ab5,UNKNOWN_REQUIRES_RPC,-1,0x73390be950d37dc22bb1724865bfccd39976f4f6851f0a1a7d2ec24df161a1b7,26486930,UNKNOWN_REQUIRES_RPC,False,v2/contract_deployments/contract_deployments_7000000_8000000.parquet,54cb1c23725d5765da58c76ee4eb73bb326370e440cb6baab9e8463544906967,570091bb91bbe90b5613b0993c36b31ac04f67523e2a1e423172f2c355a5c5a6,001a4444a15e4e201ef379e38288af43d348eb40c2ef4a7ad5a8c8ad50f74abb,98841c808df14002961bb425a058b8e3bd2a86db3b8a9e41461cf468657da1b3,RESERVE_CANDIDATE_REQUIRES_RPC_AND_PAIR_EVIDENCE,False,False,False,False
selltoken,bsc,56,2023-03-31T11:08:47Z,10,100,0x9c6a11c8c2d713592c505ae6cda7b64d9e8e105b,56:0x9c6a11c8c2d713592c505ae6cda7b64d9e8e105b,UNKNOWN_REQUIRES_RPC,-1,0x2e9c4cfb6bf4d5976d774bc29cc660184f625feb1be3643e934519bd7be99526,26319200,UNKNOWN_REQUIRES_RPC,False,v2/contract_deployments/contract_deployments_29000000_30000000.parquet,3255e78e345aff80bfd6dfc7d760f4bda3a96fce4225cc3e128ce3d21ff32822,00dae4ddbbcb18bce6323bf6656c210a944a1164916777f8f57bddfbbd200e80,001606fb4248ddacbcdca820094317b7fae0809bc58716574dab71b5afcd49c2,ec9b1b8402be8726ec334d237506330387f25fe05382eed1ffa39f8ba3eb0862,RESERVE_CANDIDATE_REQUIRES_RPC_AND_PAIR_EVIDENCE,False,False,False,False
seneca,ethereum,1,2024-02-20T21:18:47Z,10,100,0xbedafbb96a4b31e58a4dbd19bb5df78bd775aae7,1:0xbedafbb96a4b31e58a4dbd19bb5df78bd775aae7,UNKNOWN_REQUIRES_RPC,-1,0xfb4b3ffe248e15e6afadd21e37974155d163a3ff2a43d95a7e72c619b337262d,19147757,UNKNOWN_REQUIRES_RPC,False,v2/contract_deployments/contract_deployments_2000000_3000000.parquet,6d562e88df03827bfbf01c2b88d473f0dece6ca3dcd2b0c76188bf3236dcdaae,69cf3bc01937f1e411954d98acdb698f1471f937e2b68f03f9275d9386903ee6,0008f8288b4bb43e1c1675dfa8c494f8f12254a32dd92fc4c26a509fc93957e1,c0b6b2ceab2afc28c30fdff801ac0a2516144daeb49c2be92e2d7e5f3d3237bc,RESERVE_CANDIDATE_REQUIRES_RPC_AND_PAIR_EVIDENCE,False,False,False,False
shadowfi,bsc,56,2022-08-27T06:20:18Z,10,100,0x0390fc4e46d9f81904c41f5cece5a4cfa1d324b6,56:0x0390fc4e46d9f81904c41f5cece5a4cfa1d324b6,UNKNOWN_REQUIRES_RPC,-1,0x028da70c926e37ebb49cecf33b8b51d49a4a09cfae69b6c41ccdb478a4c123d6,19912737,UNKNOWN_REQUIRES_RPC,False,v2/contract_deployments/contract_deployments_31000000_32000000.parquet,1096c453513646713a3b6185edd15651bf3a9599e2e334ecd82bcf3c939ca722,b0d0b24f71a0a4edd64712d74a5cb6f302e90ca3b130bc299f7a8cacea0c6fd0,000fcccb4a16af5bcfd72209ca26ed50a5e58a6c59dbf99f26579ae3223a079b,c16c02a91174b5f8d6c1019325377bab0d070b45aa116f91ee9f39bda53a1885,RESERVE_CANDIDATE_REQUIRES_RPC_AND_PAIR_EVIDENCE,False,False,False,False
sheep,bsc,56,2021-04-30T04:13:51Z,10,100,0x8b502d5708b52d92805a919cefd87dfe0f577be5,56:0x8b502d5708b52d92805a919cefd87dfe0f577be5,UNKNOWN_REQUIRES_RPC,-1,0x319afc40b23820f3f512d67a5914e6f3271570532956c4c6a4bc343411abb172,6954717,UNKNOWN_REQUIRES_RPC,False,v2/contract_deployments/contract_deployments_30000000_31000000.parquet,0d12ca90369256d040cf542c85f6ffcf446e4e3e8d19fd878d446ff8ed9337b7,e9cecd0b59f1dfa1baa92f2c3bfa166ac1cd4127062e55dda04261ecea50e8a7,001579ba6ad8b9a27d5e0b6fb75768283f09ffbe0f3c8320981e712dae13f0b4,32431755411391a785c17596195855e44134dfb97f596bc941545faa498d28fa,RESERVE_CANDIDATE_REQUIRES_RPC_AND_PAIR_EVIDENCE,False,False,False,False
sheepfarm,bsc,56,2022-11-10T10:38:07Z,10,100,0xb84dfc80c738e1bf25f6559309b767bfd3e0520b,56:0xb84dfc80c738e1bf25f6559309b767bfd3e0520b,UNKNOWN_REQUIRES_RPC,-1,0xa802021385626a0e6bb721274d5710a04e948566c9b265e43c38959e5aea257d,22714887,UNKNOWN_REQUIRES_RPC,False,v2/contract_deployments/contract_deployments_7000000_8000000.parquet,54cb1c23725d5765da58c76ee4eb73bb326370e440cb6baab9e8463544906967,01bb8302e2449bb25fc3a5a56b87d122036162fd41b04064b90eb8d67dbedc8f,00210115ad813c0d2d3c6028a1b3b5d2e78948bfa4ab98be09db45a129442561,326c15d1737f110dd160058ad2f97f67daeec36a1af1928cbb64e7e650149258,RESERVE_CANDIDATE_REQUIRES_RPC_AND_PAIR_EVIDENCE,False,False,False,False
sheepfarm2,bsc,56,2022-11-10T10:38:07Z,10,100,0x7cb77c19ce6890c2cf3274be638e88ada264ee97,56:0x7cb77c19ce6890c2cf3274be638e88ada264ee97,UNKNOWN_REQUIRES_RPC,-1,0x498e3e7f16d1045d7c208784e7518d4c3b54599023921443aaca76efbef1bc70,22812096,UNKNOWN_REQUIRES_RPC,False,v2/contract_deployments/contract_deployments_29000000_30000000.parquet,3255e78e345aff80bfd6dfc7d760f4bda3a96fce4225cc3e128ce3d21ff32822,cf279ff21396ade4072f946ae3b00fa947d940b506118b4a14ac4c89bbd2983d,001bd0450d2110d47d77e0195a81132d2f8393dcc465c34af634a772c5c747f8,5dc2afeedbd2d501b87234bb049827924746f2794dd67ad4e29eb622f03a5ffa,RESERVE_CANDIDATE_REQUIRES_RPC_AND_PAIR_EVIDENCE,False,False,False,False
shibatoken,bsc,56,2023-11-07T15:06:41Z,9,90,0x0f2d143d40603b3fb53e4a5354e08fef04036abb,56:0x0f2d143d40603b3fb53e4a5354e08fef04036abb,UNKNOWN_REQUIRES_RPC,-1,0x6c1276a9d3565802a9ca9cfd14c8a2e7b5b0b552b60e5aec118d587ba89dd101,32767316,UNKNOWN_REQUIRES_RPC,False,v2/contract_deployments/contract_deployments_30000000_31000000.parquet,0d12ca90369256d040cf542c85f6ffcf446e4e3e8d19fd878d446ff8ed9337b7,87fd1fa80f91f77a11cf0313c516435939896ff8f88908f4c2bee17f562d47d2,002a5e169659e4440547a1cfd62a1829ed9421e66b0e516a31609b41ff3521b0,14ffb6f92e48436270871d7190bd372acda5cb53df58a7b66352f6d1bb03ac82,RESERVE_CANDIDATE_REQUIRES_RPC_AND_PAIR_EVIDENCE,False,False,False,False
shoco,ethereum,1,2021-06-06T00:36:56Z,10,100,0x8450cfb5b846d329b47223d8553f8444846eb8d8,1:0x8450cfb5b846d329b47223d8553f8444846eb8d8,UNKNOWN_REQUIRES_RPC,-1,0x2255fb28ad6eeaa622fdd6fd15c868976f332a1a302829d92266b1207f974f42,12559077,UNKNOWN_REQUIRES_RPC,False,v2/contract_deployments/contract_deployments_20000000_21000000.parquet,5408f43ed5a3cd3b27216a3df0904e4053ec650ebb80c9c1c2ede9026839c3b5,91827be2e705e3b8426b7b969b82e6b041a08954a9ee0443fc90c23f4c2089fe,00089d83f0b2f8fd4e4b25af6e1206517bf108cc52929c9844b26c36175da152,5cda6169493a17058f85af86935e97cdf94d48cb20acebdbf171809ed04a5457,RESERVE_CANDIDATE_REQUIRES_RPC_AND_PAIR_EVIDENCE,False,False,False,False
silo_finance,ethereum,1,2022-10-26T05:58:59Z,10,100,0x67317a98505f5597c52ceab8acf4d1342d466a34,1:0x67317a98505f5597c52ceab8acf4d1342d466a34,UNKNOWN_REQUIRES_RPC,-1,0x927a24b3c7e9336f6778994d1293d72ea6f4bfe0a328e0b72ef856e7849ce637,15797004,UNKNOWN_REQUIRES_RPC,False,v2/contract_deployments/contract_deployments_6000000_7000000.parquet,408541b1fff35d9d72eb413a63bd7e1ecdfd299daa7ca67b3c7185856aa6aef7,9e2487580de70b199fb2f3e897b84c9ab2ca185c133dac37b0b42254cf89a1dc,0016a610869c27e7c4402f58f0f84e9bd3ed27ccbc299e2312cd989cc355cbe4,6586809e89c3520780f393c7626b229999772bf63afd2d45bd504b2e1547fc24,RESERVE_CANDIDATE_REQUIRES_RPC_AND_PAIR_EVIDENCE,False,False,False,False
snk,bsc,56,2022-12-28T15:55:15Z,9,90,0xb5679eedd0dead7be9db3a68ed5818794c743c20,56:0xb5679eedd0dead7be9db3a68ed5818794c743c20,UNKNOWN_REQUIRES_RPC,-1,0x6ef8d15ede5896b3adcb9f12166367891a5a0f45e8947124701c1a5e1195a811,23813111,UNKNOWN_REQUIRES_RPC,False,v2/contract_deployments/contract_deployments_7000000_8000000.parquet,54cb1c23725d5765da58c76ee4eb73bb326370e440cb6baab9e8463544906967,79f1fc2ae3decc97003c731c9776fa27120f62dac727c4a099ea264ef95c33b4,001a26e88c83488e6d6248838f318d976cc2d8799f2aad147845f5ca0d6c657f,bad61167217655d41035e65813d45f759fd00a78dac20c4341ce7fa1e5a6a60b,RESERVE_CANDIDATE_REQUIRES_RPC_AND_PAIR_EVIDENCE,False,False,False,False
snood,ethereum,1,2021-07-28T01:16:45Z,10,100,0xdaf843423e46a8c68e7d3f7fc73d3d5aed7e1175,1:0xdaf843423e46a8c68e7d3f7fc73d3d5aed7e1175,UNKNOWN_REQUIRES_RPC,-1,0x256ffd7a59af44f6142a9bc2798c294a28b83e5ccf3a64479193837d342e3062,12820278,UNKNOWN_REQUIRES_RPC,False,v2/contract_deployments/contract_deployments_14000000_15000000.parquet,6176cf26c5e071de572e4fa584e8e6126dbdb3267e5f347910a581b7d8a944c6,b9a0e3c649b0fad9c0049eb2898889664756934a6d3dd886c20bdc8f21e34e6b,0007a76dc2d18021d71ac951db23079aa09366b687af9f1c0edc4e3966ff5898,7648b2892089b002ad2f96726cb19d5df35c4f87251e3dc5e472ab6db5c3ca48,RESERVE_CANDIDATE_REQUIRES_RPC_AND_PAIR_EVIDENCE,False,False,False,False
socketgateway,ethereum,1,2024-01-14T05:16:59Z,10,100,0x67e14ee0d63aea69869699671d097ff889a9f99a,1:0x67e14ee0d63aea69869699671d097ff889a9f99a,UNKNOWN_REQUIRES_RPC,-1,0x1856b044d5c6b1d5fc7f6ff9d1acb4da4b9ceeb9d916643239b96d88161ff9bc,18900053,UNKNOWN_REQUIRES_RPC,False,v2/contract_deployments/contract_deployments_2000000_3000000.parquet,6d562e88df03827bfbf01c2b88d473f0dece6ca3dcd2b0c76188bf3236dcdaae,9255a333008389fdd32ca82caea6fafb5a0ace4ddb8243245ac4570330506e80,000c7d15db90f6c2d1f7bfa261f905009c1ace181dbae9f4c09fa1fbec2c99b7,9eb1b315a26e8d154b1ff815e8b296eebe3caf5f45511f7014401f30ca2cb1d4,RESERVE_CANDIDATE_REQUIRES_RPC_AND_PAIR_EVIDENCE,False,False,False,False
sorra_staking,ethereum,1,2024-12-20T18:18:47Z,10,100,0xd0597a6047d6dd5451d20f4de74781eca49f1778,1:0xd0597a6047d6dd5451d20f4de74781eca49f1778,UNKNOWN_REQUIRES_RPC,-1,0x5a7ae36e9f8f58eb01f8c790b8b98a48bc76b43eada3b884568a39ad1e36d29e,21404372,UNKNOWN_REQUIRES_RPC,False,v2/contract_deployments/contract_deployments_20000000_21000000.parquet,5408f43ed5a3cd3b27216a3df0904e4053ec650ebb80c9c1c2ede9026839c3b5,90176c234510df31700f83952695cff28ac37eaac62cb15430c8b54d0789329a,0010eacb5a6a2fd70c299b2d91e4d4cee2ba509d94f064d50afeb65b6270fd0d,45ad7301549959f46ddeaba1722133f7c1df2e7e4bc300c80ca50b6ba9f4a0bd,RESERVE_CANDIDATE_REQUIRES_RPC_AND_PAIR_EVIDENCE,False,False,False,False
spacegodzilla,bsc,56,2022-07-12T06:55:55Z,10,100,0xd9aebaa27f2a34ea01e52962ef4f6b452da24c88,56:0xd9aebaa27f2a34ea01e52962ef4f6b452da24c88,UNKNOWN_REQUIRES_RPC,-1,0xd5af2b6c5d2b3eb2fc4c9ba385c98c9a1d22dbb0fa04e0313c4f568b882b6a39,18726700,UNKNOWN_REQUIRES_RPC,False,v2/contract_deployments/contract_deployments_7000000_8000000.parquet,54cb1c23725d5765da58c76ee4eb73bb326370e440cb6baab9e8463544906967,ab727af25d0b5ffd7236c1deb4f92dc889f3e0c3bb883247019c568064052c9a,00161eac816abb4c343fe4b54876df3d9dea8ae20c6d5aa457d1bbae362424eb,e0c5475e37d216d888614cba68279e3abda2ad1db6d4ff5571ff8697c084cf12,RESERVE_CANDIDATE_REQUIRES_RPC_AND_PAIR_EVIDENCE,False,False,False,False
spartan,bsc,56,2020-09-28T13:47:55Z,10,100,0xc34db0c4aed36157bdcb28928f7e2a90ebdd8fa2,56:0xc34db0c4aed36157bdcb28928f7e2a90ebdd8fa2,UNKNOWN_REQUIRES_RPC,-1,0xc8151358a3841c219aa52b899d5c845e5a48e2c271a5a47154a7b86c2823b10d,873315,UNKNOWN_REQUIRES_RPC,False,v2/contract_deployments/contract_deployments_29000000_30000000.parquet,3255e78e345aff80bfd6dfc7d760f4bda3a96fce4225cc3e128ce3d21ff32822,7d369fc235c1abc6bc188523daaa4d2fda456caa78f3f7ac9039cfff07f7ca54,07f032cd204b74ffea4abe5b6b184395c64e1f2ac2dfbf76b4e78665c62bfcb8,1b8cdbadd704fc0a8681534e6b5f1c3e77bfb5dd4c822f7b8c6a4b5774df36d2,RESERVE_CANDIDATE_REQUIRES_RPC_AND_PAIR_EVIDENCE,False,False,False,False
spectra_finance,ethereum,1,2024-06-29T16:56:23Z,10,100,0x349deb0a2346e0f05767933c728651a1fd60f38b,1:0x349deb0a2346e0f05767933c728651a1fd60f38b,UNKNOWN_REQUIRES_RPC,-1,0x11717bd44b77bad623476682beba5f6e387153515fa917da3d74e495b31e010b,20136552,UNKNOWN_REQUIRES_RPC,False,v2/contract_deployments/contract_deployments_13000000_14000000.parquet,8885bd5034eff92607b7ffb297b079b222764c22e24fbd5bdf3f3d689c1a839b,07017d4cc6aebe85532dfd97eebdaeb3160049d335a782a6720508ddccd39744,001943f4f261be9f9489dfa9801466477e3d7ae60c2271344f73dcadb525255f,39a7a8272fc8901179cfb73ea7d958dfa18e62e3899f156d7a146f2d48ec7a53,RESERVE_CANDIDATE_REQUIRES_RPC_AND_PAIR_EVIDENCE,False,False,False,False
squid,bsc,56,2024-03-11T10:33:06Z,10,100,0x152ed87a0aec3967f9a33d23840f82b10e1aaea9,56:0x152ed87a0aec3967f9a33d23840f82b10e1aaea9,UNKNOWN_REQUIRES_RPC,-1,0x08bbaf8c5002b7aef013d835a57a21b6eea83a23524e3268626f610b12a8677d,36066686,UNKNOWN_REQUIRES_RPC,False,v2/contract_deployments/contract_deployments_31000000_32000000.parquet,1096c453513646713a3b6185edd15651bf3a9599e2e334ecd82bcf3c939ca722,0c76723868306f5a415cf2b1f69ad655a44dabfc6c5e55c22e4161a84867e4e7,002933c792cafa5b9ff96183f7863709bbcfbfc8a2810a6d9a793f51c3f679cd,e0d20353220f5a87c4fae71d6a6d7bab3ab68da84a2b1a17bff172e93b0d00bc,RESERVE_CANDIDATE_REQUIRES_RPC_AND_PAIR_EVIDENCE,False,False,False,False
starlink,bsc,56,2022-02-23T13:21:22Z,3,30,0x096d47c054e102d972884665a85abd7c5e9510c3,56:0x096d47c054e102d972884665a85abd7c5e9510c3,UNKNOWN_REQUIRES_RPC,-1,0x7f5db6725165860a2ed3a7428955236b9dffd09d431f6b2cfb1fc7d0ca478f55,15123422,UNKNOWN_REQUIRES_RPC,False,v2/contract_deployments/contract_deployments_30000000_31000000.parquet,0d12ca90369256d040cf542c85f6ffcf446e4e3e8d19fd878d446ff8ed9337b7,56fddd89c0f241a84aa95aa594eb4594a185597b64be879bb2077238e1dd4afe,000c095ad5941ce50dabeee69396afbf298edc29feee05c53aad0180454a11d5,a556f0f450f0ab7fffe0f2c050900cae3a69c4823f9ed1b4b4f5bd518f3b5dd4,RESERVE_CANDIDATE_REQUIRES_RPC_AND_PAIR_EVIDENCE,False,False,False,False
stepp2p,bsc,56,2025-05-08T13:03:54Z,10,100,0x8905671c81dfd0fd978284a74a5660147fc05bc9,56:0x8905671c81dfd0fd978284a74a5660147fc05bc9,UNKNOWN_REQUIRES_RPC,-1,0xbf33d4c5245f886208651f2a9ff4fff9b9ad966b2bdd8280df7adb5e13619108,48349079,UNKNOWN_REQUIRES_RPC,False,v2/contract_deployments/contract_deployments_30000000_31000000.parquet,0d12ca90369256d040cf542c85f6ffcf446e4e3e8d19fd878d446ff8ed9337b7,637eeb18dcf0f1cf3ee11c607fd8877a43f77ea5a66782edcac4db877101291b,00304b1cf2a063747bf7cb42d506669600a667aa939948fef7ca5517b08481dd,073129cc54de5b9eddbea4924b6d198b3c91c0563e6aaf3477d66740cc75a168,RESERVE_CANDIDATE_REQUIRES_RPC_AND_PAIR_EVIDENCE,False,False,False,False
sturdy,ethereum,1,2022-12-02T17:24:47Z,10,100,0x897dfb2e5cf6585dc50bd8b66d4077dc8065ea28,1:0x897dfb2e5cf6585dc50bd8b66d4077dc8065ea28,UNKNOWN_REQUIRES_RPC,-1,0x834390a408bb15c5e685ee29b072462b66be9a20cff8469735b5e5b96ae628e2,16011213,UNKNOWN_REQUIRES_RPC,False,v2/contract_deployments/contract_deployments_6000000_7000000.parquet,408541b1fff35d9d72eb413a63bd7e1ecdfd299daa7ca67b3c7185856aa6aef7,2ccada2debca690a553b2f98f36d39213dc4ebca35f7893989b49f325d6ced69,001c33f6c8459fd8b54741db71dd687eebf8d12486b6e546373d6e59b959d6fe,7bf33b3baa75f126886cc5e4e8991a684e1890dfa8fdb1fd3fae0ec9e5d25904,RESERVE_CANDIDATE_REQUIRES_RPC_AND_PAIR_EVIDENCE,False,False,False,False
sumermoney,base,8453,2024-01-09T22:03:11Z,10,100,0x11e26bbd1a5547895a50fc39a2d4c0025dec0bda,8453:0x11e26bbd1a5547895a50fc39a2d4c0025dec0bda,UNKNOWN_REQUIRES_RPC,-1,0x202efe4aef7919fd2bdbf9d0512f958bbead91a149e348c30e63f5a12b0a3c9f,7984973,UNKNOWN_REQUIRES_RPC,False,v2/contract_deployments/contract_deployments_2000000_3000000.parquet,6d562e88df03827bfbf01c2b88d473f0dece6ca3dcd2b0c76188bf3236dcdaae,a9be24ee3864d5dafb94338f077f9183109d4a4c40e0f082ba84f6d2620c5c0a,0026ca03c54e37ca1a5afc0275541d722b43d366a74587388be099363c876a6e,62de81c614a478fa8a2a8734c2aa8dbf25647fc30a2de1641a6be695a31cac60,RESERVE_CANDIDATE_REQUIRES_RPC_AND_PAIR_EVIDENCE,False,False,False,False
sushi_badger_digg,ethereum,1,2021-01-11T11:57:26Z,9,90,0xfa336bc6607b0730f0916269db186274afb3f6b4,1:0xfa336bc6607b0730f0916269db186274afb3f6b4,UNKNOWN_REQUIRES_RPC,-1,0x6d190be25660ddeca59379d6df088c53faa707dfff11f9e665805d134e918349,11574850,UNKNOWN_REQUIRES_RPC,False,v2/contract_deployments/contract_deployments_19000000_20000000.parquet,204b7f381daf9d8017d4efd97183633a94c1c646efa22b219290c725f63c79d8,216969732f2be5654cc822fb8e1880651d305c7e3eb0aa9ca5397de839913fae,0008fe3a2fde9b58b3dc88a84868a5b4f0718ca1b712d3589454ffa43a3b66e4,27cd633a069a6cd83f0869a76e9f5567ab5d506385220f04572e6efb8ef69f4c,RESERVE_CANDIDATE_REQUIRES_RPC_AND_PAIR_EVIDENCE,False,False,False,False
sushi_router,ethereum,1,2023-04-06T06:46:59Z,10,100,0x6d15ec55003470eeb7ca62b2c44bbc5bce68ea08,1:0x6d15ec55003470eeb7ca62b2c44bbc5bce68ea08,UNKNOWN_REQUIRES_RPC,-1,0x9542ec7dbca9caaac00f955961f73152d9c1187a65bca25b28e2dc1269a03a69,16852960,UNKNOWN_REQUIRES_RPC,False,v2/contract_deployments/contract_deployments_14000000_15000000.parquet,6176cf26c5e071de572e4fa584e8e6126dbdb3267e5f347910a581b7d8a944c6,1975aeb3db0575fc89fedf31df31d89c80747396f1382b62ff9dd36230e0cf07,000ddcddab495adacb1efc8d0c7319e9f588c298f5b3dd449a543b5cc1662a78,a145103639df6076b3e96dd3b5dc9989cfb25c0eeec1129d6710fdcd684b291d,RESERVE_CANDIDATE_REQUIRES_RPC_AND_PAIR_EVIDENCE,False,False,False,False
sushimiso,ethereum,1,2021-08-10T17:54:50Z,10,100,0xb116ac4284486575419187ed81e815810a6cb3c4,1:0xb116ac4284486575419187ed81e815810a6cb3c4,UNKNOWN_REQUIRES_RPC,-1,0xaeaee84b5bdb9956cc9f2d3d4ccc228dbe289a590480688d50d2389ec566e78a,12988211,UNKNOWN_REQUIRES_RPC,False,v2/contract_deployments/contract_deployments_26000000_27000000.parquet,b147065f7b552edac873049f8fd5f0289db132a0bd7d6b046d3576028093197d,67e94aa135a7b2ff4692541ba5e781fb92cf9d2b4ed8f6f0695667888e3bab93,000823a164a5e6f89c82faa1c47e3bf541f24ef731b16ec9bcb9580d0bb4b8a9,45ab05bb061734a1272c5e06d3860bac8b0cce9776d94fe5960679aaed664498,RESERVE_CANDIDATE_REQUIRES_RPC_AND_PAIR_EVIDENCE,False,False,False,False
sut,bsc,56,2023-06-08T16:57:56Z,10,100,0x27f480e94c9b512f269f3f7e266dccdc2878891c,56:0x27f480e94c9b512f269f3f7e266dccdc2878891c,UNKNOWN_REQUIRES_RPC,-1,0x2011f628938316a55058e02e4851ec65e5a1537a6bd7c298a98ceee5e1f20921,28511674,UNKNOWN_REQUIRES_RPC,False,v2/contract_deployments/contract_deployments_31000000_32000000.parquet,1096c453513646713a3b6185edd15651bf3a9599e2e334ecd82bcf3c939ca722,663aeee2bb8dfeafae043ab80c5dd8b392da7e13e0af84954478a248c27e8227,0007bc6cf160dac577ddec442a0d9ab738d89dfe90209116f8a77379e8395d19,44754a5cb0e7f0518e7c07a5138e79d137ed866c76e3ca865e64661a4e6348a1,RESERVE_CANDIDATE_REQUIRES_RPC_AND_PAIR_EVIDENCE,False,False,False,False
swampfinance,bsc,56,2021-03-10T12:15:17Z,10,100,0x1b2f3030814f2e03703365754a1c32884c10065d,56:0x1b2f3030814f2e03703365754a1c32884c10065d,UNKNOWN_REQUIRES_RPC,-1,0xf2f0b9e1ccf6bc9b01126d086a89eb861cca137449f2d6d498753b3c62f86af5,5396288,UNKNOWN_REQUIRES_RPC,False,v2/contract_deployments/contract_deployments_1000000_2000000.parquet,7529540c96f11e4fc0d376fd36b2953644bebebe317a864615e2d14403a341fe,aba168906a7ae85f6fd0f7d26a040828c361213488588323eb1f8066148316d1,005d8344c636cc1ce61c63b3aa4ec49cfa731aa0458c904e2d0687ec6e659305,3d1cab64b830a1afc915d40e260cfd6f65309812d01d390c80e0cd3568e88534,RESERVE_CANDIDATE_REQUIRES_RPC_AND_PAIR_EVIDENCE,False,False,False,False
swapp_staking,ethereum,1,2021-06-21T18:07:01Z,10,100,0x8cfc186ef3db371974ce9abcc71c63fdf31a7ecb,1:0x8cfc186ef3db371974ce9abcc71c63fdf31a7ecb,UNKNOWN_REQUIRES_RPC,-1,0x40daa08dc38f703fdf053b4be7d65862ec55e30ac672312f61d9d59fa65059f5,12642144,UNKNOWN_REQUIRES_RPC,False,v2/contract_deployments/contract_deployments_14000000_15000000.parquet,6176cf26c5e071de572e4fa584e8e6126dbdb3267e5f347910a581b7d8a944c6,758c6ff3cf196bad8a6ec124c300436bda6b17da6349c20852a84f6432787d91,0006621c8cf050b5a586cc6ccbd12764ea3351466ebec2e3f74463f8e0268934,b8ea879444e0c00e976158a5b6850e17b44bb482583bfc21bf22adb142d44eef,RESERVE_CANDIDATE_REQUIRES_RPC_AND_PAIR_EVIDENCE,False,False,False,False
synaplogic,base,8453,2025-10-13T07:35:09Z,10,100,0x0ac154128acaf112c5c7edf6fe6f5641b3362b07,8453:0x0ac154128acaf112c5c7edf6fe6f5641b3362b07,UNKNOWN_REQUIRES_RPC,-1,0xae76316b1ac220d924dfc67a39afb53a2aa8cdbe48ef62ffd39dd25f6e58643f,36189604,UNKNOWN_REQUIRES_RPC,False,v2/contract_deployments/contract_deployments_39000000_40000000.parquet,a11257745b60ffb71acab350a841cc14b63681d2ca43c81429e970df4bf88f4e,4921bdbe42d4391fe556327d1fcb8e5403e2a312f2a34acc8ead14367a05b197,00029c44806ade3042cbd7ff1bb6eb06ef6fd5f7f4fbee3771081645a5397dc9,0781a8d1fa0a9bf22cd5ce1ecf1b9df864f48b62cc60366291968cc49c5fe501,RESERVE_CANDIDATE_REQUIRES_RPC_AND_PAIR_EVIDENCE,False,False,False,False
teamfinance,ethereum,1,2021-07-29T12:36:55Z,10,100,0x6ab3963bf7809f5a2b3e2a50fb026d9e76fbb2e6,1:0x6ab3963bf7809f5a2b3e2a50fb026d9e76fbb2e6,UNKNOWN_REQUIRES_RPC,-1,0x82661762ce8b8d96f321865341185e7f0bb511349e4b9207d4b1d8b2c325a9a7,12751260,UNKNOWN_REQUIRES_RPC,False,v2/contract_deployments/contract_deployments_18000000_19000000.parquet,2dcd3c6c46c1f5489efaf97a7571ebbe6353d25a2f649f3933fab9345109debf,af2ba013a0a51305977af7dc592647398fc52b845d42db0e2d90f0ad95576d6d,000f62c2f36e28aacb1ca997497f784b3a847cb8afd699b300229387db096053,01daa176ac4d48e0b80c1c10df2cfac91a059049d48247a227d39469c68e508d,RESERVE_CANDIDATE_REQUIRES_RPC_AND_PAIR_EVIDENCE,False,False,False,False
tecraspace,ethereum,1,2021-04-14T12:34:44Z,10,100,0x9bd672c9287baf010f45952af1eacfbb1e5759f5,1:0x9bd672c9287baf010f45952af1eacfbb1e5759f5,UNKNOWN_REQUIRES_RPC,-1,0x7dca089bc5f98bcfdf1b7c72abe6d4983a4da9ed07a0f813b13e870766dc5ba2,12079162,UNKNOWN_REQUIRES_RPC,False,v2/contract_deployments/contract_deployments_19000000_20000000.parquet,204b7f381daf9d8017d4efd97183633a94c1c646efa22b219290c725f63c79d8,ae7390609d26ef789f5648f2a3705c589873ff2fe2ce2c450a2a016f215a5d8e,0009aa7b578338b9a365e02063456bd855e0d545372a80478c7abc11654215a9,7441339da6379b9b63ac008458f56a4b96cde45a937d88f92f73efa3bed29e7b,RESERVE_CANDIDATE_REQUIRES_RPC_AND_PAIR_EVIDENCE,False,False,False,False
templedao,ethereum,1,2022-06-03T00:36:30Z,10,100,0xd6b1c6d0b83fa80da47282d168005b7c3fa513cd,1:0xd6b1c6d0b83fa80da47282d168005b7c3fa513cd,UNKNOWN_REQUIRES_RPC,-1,0x15fc27983ab935acc06d20956f489b9fb1863a6a82262931ba0f6e776b9bd800,14722728,UNKNOWN_REQUIRES_RPC,False,v2/contract_deployments/contract_deployments_14000000_15000000.parquet,6176cf26c5e071de572e4fa584e8e6126dbdb3267e5f347910a581b7d8a944c6,57ca215f8010b6af13aca02f4a6b1c927f01a5f4dc90058faa83ce8353558b70,0003cba79b912fcafeae8a442c575c729a7d3abbe5b9df424eb4365ea8672dc3,1cba44e51543ed51c31e04c6628c33af7be3a080aef6a5a9a9b0d503db7d6cfc,RESERVE_CANDIDATE_REQUIRES_RPC_AND_PAIR_EVIDENCE,False,False,False,False
tgbs,bsc,56,2024-02-10T12:25:57Z,10,100,0x3cedce032a88458bfc93c3d7b987f02689462155,56:0x3cedce032a88458bfc93c3d7b987f02689462155,UNKNOWN_REQUIRES_RPC,-1,0x99d082bba0f1152422e467361246bafa1e5b942f2acf87e98eae86306986f1ab,35443022,UNKNOWN_REQUIRES_RPC,False,v2/contract_deployments/contract_deployments_29000000_30000000.parquet,3255e78e345aff80bfd6dfc7d760f4bda3a96fce4225cc3e128ce3d21ff32822,6b78a4142340cc2a84aa3b09e47be7c66202e26e6ee5750166d5c575d8092c20,000f49412d269ab26e6b03924343940207e0934d66802ae825797e4b80b8c1b1,1e721a3da7219c207684d77bdf6aef302c6ee5ff319a809b8235dad397d36f38,RESERVE_CANDIDATE_REQUIRES_RPC_AND_PAIR_EVIDENCE,False,False,False,False
thenftv2,ethereum,1,2022-01-20T06:45:29Z,10,100,0x21d085222dc5e1dd8b576beb97e7b277b61cbe1b,1:0x21d085222dc5e1dd8b576beb97e7b277b61cbe1b,UNKNOWN_REQUIRES_RPC,-1,0xfb1a18fdaae3b7ea3b34dee9cf32e6523e26a4c4f8834fcd756ba10fe94a2597,14003702,UNKNOWN_REQUIRES_RPC,False,v2/contract_deployments/contract_deployments_13000000_14000000.parquet,8885bd5034eff92607b7ffb297b079b222764c22e24fbd5bdf3f3d689c1a839b,bea47741902e2256bb4128493539481189608ac85e60f5cb973543a963f3cad4,000539c672f1af775668bd1d5ba7027f099ed9b8c00e1b330e2ed4ae12f51a9e,248b9b41f97480933454a404bbad834080d1b749da78e6c7629185bafaac8ab1,RESERVE_CANDIDATE_REQUIRES_RPC_AND_PAIR_EVIDENCE,False,False,False,False
tifi,bsc,56,2022-11-13T06:02:57Z,10,100,0x8f62d06bbd81fc33ab70de40252cefa50487dd37,56:0x8f62d06bbd81fc33ab70de40252cefa50487dd37,UNKNOWN_REQUIRES_RPC,-1,0x33a4a78d94c67c7ef5dfd3b5e3d720cbd0c7e8d2841aa0f24bf8454ef21be538,22600612,UNKNOWN_REQUIRES_RPC,False,v2/contract_deployments/contract_deployments_29000000_30000000.parquet,3255e78e345aff80bfd6dfc7d760f4bda3a96fce4225cc3e128ce3d21ff32822,581b4c46ccca361bd92767fcefac2f91b119d18139a222c837aa5770994cd28a,0006645267e7705a2c30b012b5b14b0ccb1fe09a72e4f9aa4fc52eefdfe6d9cb,a1d201efff8dfe756e888c7dbf873d1eb747bb4abc4d13e1678de6ea38930086,RESERVE_CANDIDATE_REQUIRES_RPC_AND_PAIR_EVIDENCE,False,False,False,False
tinu,ethereum,1,2021-06-20T18:45:47Z,10,100,0xec672016254390b04f40daea43ee21fad1d728a2,1:0xec672016254390b04f40daea43ee21fad1d728a2,UNKNOWN_REQUIRES_RPC,-1,0xcd8d816e5f8918b1709345d1d45d777a6ac4445a0c53684c5ec6d3e94da27281,12598830,UNKNOWN_REQUIRES_RPC,False,v2/contract_deployments/contract_deployments_20000000_21000000.parquet,5408f43ed5a3cd3b27216a3df0904e4053ec650ebb80c9c1c2ede9026839c3b5,a252aea765ded7a642877128cf5eb0c207fc0ea503062314990f957551e6d7df,000561625bf8321f8b995155a8d8b37753258c6a5faa647bef76825d19e70e18,2d817ef96e6203e32a896540c15dca4ca5bfa6430a4243fe2a4df591765a3e75,RESERVE_CANDIDATE_REQUIRES_RPC_AND_PAIR_EVIDENCE,False,False,False,False
tradeonorion,bsc,56,2021-03-01T16:31:46Z,10,100,0x4c3880a9f47b1eabbf51b70e015402f181151301,56:0x4c3880a9f47b1eabbf51b70e015402f181151301,UNKNOWN_REQUIRES_RPC,-1,0x3642dad089b6d99dd772e5b7a50db202506b1b538c68b99450490e4f2c32e2f0,5181441,UNKNOWN_REQUIRES_RPC,False,v2/contract_deployments/contract_deployments_9000000_10000000.parquet,6777e0b50be1d60a845e1be0313473c99fb8675967b51e4530577f82391cd3cf,b37f3f0d35d9d808ce39dd68bda8da391ec8df42ec614c7643bd8ca1e1a7b1d5,00480b977e6a4a1313b876c5040756791bde4b3a31fe0e0015ce98fe40772876,fbcac082b41d26c0a1767e3748b2eb8d5fa9cb3c5dc4406a4d6c0d2946f55f7f,RESERVE_CANDIDATE_REQUIRES_RPC_AND_PAIR_EVIDENCE,False,False,False,False
truebit,ethereum,1,2021-04-12T10:56:15Z,10,100,0xe156389b7a231db0ceabfebfaa80ea1ffb77a1ff,1:0xe156389b7a231db0ceabfebfaa80ea1ffb77a1ff,UNKNOWN_REQUIRES_RPC,-1,0x1a6b451b8c77ffb27fc33cd89517207e32d5729a63643373b7b583454d861a3c,12070571,UNKNOWN_REQUIRES_RPC,False,v2/contract_deployments/contract_deployments_14000000_15000000.parquet,6176cf26c5e071de572e4fa584e8e6126dbdb3267e5f347910a581b7d8a944c6,d6b9c3ecfec0eb3dbde70b510ebd6b6ac94c344a93a9152515e23972e40eec74,000ba5db68fe420053cdc68c5a8c1c84b36b468873be2c744e823c630f2340eb,de4a7b3f1fa9a1bcafd1612b69ce1b41bd830b9fc7c9ecd8177d8735dafc282a,RESERVE_CANDIDATE_REQUIRES_RPC_AND_PAIR_EVIDENCE,False,False,False,False
trustpad,bsc,56,2022-07-19T16:52:20Z,10,100,0xeba79c508d840f9fdca468eb669446353a74bd6f,56:0xeba79c508d840f9fdca468eb669446353a74bd6f,UNKNOWN_REQUIRES_RPC,-1,0x2e156a92c9a6c927a03de38b40c354f650d25efeae203a7d3959a213f63fed6b,18854620,UNKNOWN_REQUIRES_RPC,False,v2/contract_deployments/contract_deployments_7000000_8000000.parquet,54cb1c23725d5765da58c76ee4eb73bb326370e440cb6baab9e8463544906967,ec8f3817066d75d8692c9d069e4df90df14995eeeaf8d68eba2ef53c6d259e2d,000adb755a2857a7f343d2a22b5a5e2b379185ae99b43b1dfdbd15a5093961ff,01115b183d8f46ca4e5c20ded18c06bbe0f0074a8959f6bb57be552302006733,RESERVE_CANDIDATE_REQUIRES_RPC_AND_PAIR_EVIDENCE,False,False,False,False
uearnpool,bsc,56,2022-09-18T03:28:47Z,10,100,0x20b608e98e7fec9d61c04c5101ebf32dfc4fc024,56:0x20b608e98e7fec9d61c04c5101ebf32dfc4fc024,UNKNOWN_REQUIRES_RPC,-1,0x87ee0cfdcc793f115fd9a1ddcd8fb8729103e9fdd9b83d3712157fe89c4dced0,20973782,UNKNOWN_REQUIRES_RPC,False,v2/contract_deployments/contract_deployments_30000000_31000000.parquet,0d12ca90369256d040cf542c85f6ffcf446e4e3e8d19fd878d446ff8ed9337b7,44bd786e31f0595efa815673fd905324fcdadd38306ddb4294f3d01c115b4949,000a5ad662b7fcf6394ec8b3493cbc9097a1afd109fec6055dacbfe4482767d4,6229ab30aad8f5662a9adc07fb84c2a1d9d1141f6fbd058bbd7438d36a46f696,RESERVE_CANDIDATE_REQUIRES_RPC_AND_PAIR_EVIDENCE,False,False,False,False
uerii,ethereum,1,2021-11-16T01:25:50Z,10,100,0x77324c9f7a8e23d3663091d57930b857955cedd9,1:0x77324c9f7a8e23d3663091d57930b857955cedd9,UNKNOWN_REQUIRES_RPC,-1,0xa6b8a82bc5df56d18a3007bdf0b18b88a2da7135161f5e7866a4c9fde3d9a620,13561412,UNKNOWN_REQUIRES_RPC,False,v2/contract_deployments/contract_deployments_25000000_26000000.parquet,89a76fc2ecf09bbb46861991e8a584829f6ee9a274cd187b9a10a702b04f50fe,9bad546bc1ac1dff8d386940e3dee551f76e764db72c3934b5abbdfd545e5617,0007c8af59551045fc7fa3c54d5c0de84372c89612aff70f92202218dad49dd3,207f0a79ecb89e5aceb8bf21abe30fb3e913e574f096d4dd7a6e36e88b0a0969,RESERVE_CANDIDATE_REQUIRES_RPC_AND_PAIR_EVIDENCE,False,False,False,False
ulme,bsc,56,2022-10-20T14:46:15Z,10,100,0x70cdaf97046da63232c595de2bbabeec139a4d49,56:0x70cdaf97046da63232c595de2bbabeec139a4d49,UNKNOWN_REQUIRES_RPC,-1,0x696a7775a8a0edf4d678f7e909ce5de4944e21bbc3aa7e24ea0558e9adba67d8,21934485,UNKNOWN_REQUIRES_RPC,False,v2/contract_deployments/contract_deployments_29000000_30000000.parquet,3255e78e345aff80bfd6dfc7d760f4bda3a96fce4225cc3e128ce3d21ff32822,6675d642256d7709bb293a577a6b4aaaddfc89129a713a9fc53c4a2c71bdffd3,00120f21281df06ecbb2f2a0cdd2b7a405febe78deed59a847c16275ff098f4e,195f98ef9094a195ec6c266fc01a9be69525ffa77e0acbebf5696222032dbd27,RESERVE_CANDIDATE_REQUIRES_RPC_AND_PAIR_EVIDENCE,False,False,False,False
ulme_2,bsc,56,2022-10-20T14:46:15Z,10,100,0x38d08c6edae220ee46f00b70452328160de624b3,56:0x38d08c6edae220ee46f00b70452328160de624b3,UNKNOWN_REQUIRES_RPC,-1,0xcbc15b8a22b7285670e416994cece44168ec7d2f7feaeae7175b2caeb8684a72,21973902,UNKNOWN_REQUIRES_RPC,False,v2/contract_deployments/contract_deployments_30000000_31000000.parquet,0d12ca90369256d040cf542c85f6ffcf446e4e3e8d19fd878d446ff8ed9337b7,df067abad9c694ca94ea15071e505d2fd7d66b4cef89380c76202e08c8411ced,000deace4211a370e8e2ee6df628ec340bc12de0417821cc8bc84a4366c7fc07,8bc1a2a710dfcbd4b7f483806ed09f13821a07740d46b15de86b00a4c8d57d16,RESERVE_CANDIDATE_REQUIRES_RPC_AND_PAIR_EVIDENCE,False,False,False,False
umbrella,ethereum,1,2022-03-15T17:05:56Z,10,100,0xc0661c9d792cebb5ef06b326ffdc47a542cdc530,1:0xc0661c9d792cebb5ef06b326ffdc47a542cdc530,UNKNOWN_REQUIRES_RPC,-1,0x948be1fcee315ac16cb9dfe902ec774d2bfe7d8657da57d6e7f669fbcbfabdb8,14220723,UNKNOWN_REQUIRES_RPC,False,v2/contract_deployments/contract_deployments_17000000_18000000.parquet,8a63eb54bb198d66bb4daa82d14922009830abddc204e948292b7e4942358c8a,0d0c43fb743b25984f94d55904b2d1dafff14d55344beb17b268849d38637ecc,00044d004d6cf165c40c2f18f8535df79cb10a77e0414b211935ca1b97122445,b6acc09c88a2b16d0f6ed98f981b7a915452acc6f742d1ec79fc1b0c8469f65d,RESERVE_CANDIDATE_REQUIRES_RPC_AND_PAIR_EVIDENCE,False,False,False,False
un,bsc,56,2022-07-21T00:55:49Z,10,100,0x36bd6b4a47c6bc017fae9b85dfdfc5a939571861,56:0x36bd6b4a47c6bc017fae9b85dfdfc5a939571861,UNKNOWN_REQUIRES_RPC,-1,0x768611f1704947e6c0a72b332dc6865b0710af8b40c06c09cf5979fa71a0278a,19282761,UNKNOWN_REQUIRES_RPC,False,v2/contract_deployments/contract_deployments_29000000_30000000.parquet,3255e78e345aff80bfd6dfc7d760f4bda3a96fce4225cc3e128ce3d21ff32822,078b980a88bfaa3005515d6dd711278512c0931dc144487e08fb7250d881911e,0011b682065cb0f5d52ef1d6cb8090c27e52328526c0f29b29e2c9378e450be8,594abe45430d87085c2962acfbfa1d6d2480537654749f796c61886fea445e9f,RESERVE_CANDIDATE_REQUIRES_RPC_AND_PAIR_EVIDENCE,False,False,False,False
uniclynft,ethereum,1,2021-10-31T23:20:40Z,10,100,0x87f7def0e1e7df8c8062978c510dea1c1660833c,1:0x87f7def0e1e7df8c8062978c510dea1c1660833c,UNKNOWN_REQUIRES_RPC,-1,0xee0279c904be650bfaeaebcd3731f5ec7535cbb1702137e617cf36e0141a41f3,13366266,UNKNOWN_REQUIRES_RPC,False,v2/contract_deployments/contract_deployments_18000000_19000000.parquet,2dcd3c6c46c1f5489efaf97a7571ebbe6353d25a2f649f3933fab9345109debf,33b2f0daf16b6ec3f6167d9bb516938a28b8946ef30a4e04aa53a7584805fd48,00081e14a6f2212dbe2d8b9b4358cfd43a59aabd157c4dd67b97f1c23824ca31,28e620c1cec1a6232d36c88a18719871da7c3014e709f030392c4dbb7f2d322d,RESERVE_CANDIDATE_REQUIRES_RPC_AND_PAIR_EVIDENCE,False,False,False,False
unilend,ethereum,1,2024-02-13T18:14:11Z,10,100,0x4bc1a799ba3348e66632321a43e9dcc1730e0a0e,1:0x4bc1a799ba3348e66632321a43e9dcc1730e0a0e,UNKNOWN_REQUIRES_RPC,-1,0x21b642e3befadae6214dac62aef958d9c769172d55b940ace69d64aec8e02ff6,19180870,UNKNOWN_REQUIRES_RPC,False,v2/contract_deployments/contract_deployments_9000000_10000000.parquet,6777e0b50be1d60a845e1be0313473c99fb8675967b51e4530577f82391cd3cf,b6a05b72c3544a1d11c5c0fbaae1615ede2cc87e21af1b913b67fa47af6ff8b0,000c5607557493fa10bcb1edb6ddf713efdbd081a4581b59449e6ff1b6221f4e,dcd8f7eebe0ac1f559868605d49f636c2066de5aebc6a58a5290912150474bc6,RESERVE_CANDIDATE_REQUIRES_RPC_AND_PAIR_EVIDENCE,False,False,False,False
unverified,bsc,56,2022-08-12T11:19:30Z,10,100,0x28119b0853d5c2bd3d887fff668800e71374f993,56:0x28119b0853d5c2bd3d887fff668800e71374f993,UNKNOWN_REQUIRES_RPC,-1,0xc07a5ce47bc047d4cd9a9887409c2570c66eed6383fac808eaa08b65589ca57d,19894497,UNKNOWN_REQUIRES_RPC,False,v2/contract_deployments/contract_deployments_7000000_8000000.parquet,54cb1c23725d5765da58c76ee4eb73bb326370e440cb6baab9e8463544906967,93606bafd40ac24c7a47ac3b0e2f7339c00f90f03e5599150c1709159172db60,000c25340a657e968472d926f5b43b85d2fac8e42c6501ba9a1251a072ed59b2,1746db91b79c75d730b53bb62659a2ea2029d80afff7d2a0302a3da43ac3f10f,RESERVE_CANDIDATE_REQUIRES_RPC_AND_PAIR_EVIDENCE,False,False,False,False
upswing,ethereum,1,2020-09-29T18:04:56Z,10,100,0xcc3b6e42e4a3538d08de7fb201a3543b815a4e3e,1:0xcc3b6e42e4a3538d08de7fb201a3543b815a4e3e,UNKNOWN_REQUIRES_RPC,-1,0x90dd27a659d6c9b7e08468f9b8e1b43cacb2bd4c62d0dd7429ae1af1af02780b,10765062,UNKNOWN_REQUIRES_RPC,False,v2/contract_deployments/contract_deployments_19000000_20000000.parquet,204b7f381daf9d8017d4efd97183633a94c1c646efa22b219290c725f63c79d8,20d5131551a039bb6d9762ecd7e34e2022daffa0dd52c840785db02bcd55af7c,000ee80b7c2d8845a77b4e778e48d8d3f62ec8604dffc79c0fb95c474c23e5c6,65d2e904484dd67352bcaa922df4a93bc99188d2f2754f144c76f863e2dae251,RESERVE_CANDIDATE_REQUIRES_RPC_AND_PAIR_EVIDENCE,False,False,False,False
uranium,bsc,56,2021-04-17T06:34:05Z,10,100,0x7b0c7fa3b9d5df966e7ffb3416a88f8935bcb6b4,56:0x7b0c7fa3b9d5df966e7ffb3416a88f8935bcb6b4,UNKNOWN_REQUIRES_RPC,-1,0xfcee7c67f96d119d2ef44b6b3ffe7ff2619a7eb469db482177c1f6240e5adcb9,5792869,UNKNOWN_REQUIRES_RPC,False,v2/contract_deployments/contract_deployments_9000000_10000000.parquet,6777e0b50be1d60a845e1be0313473c99fb8675967b51e4530577f82391cd3cf,9a5bbf121320a535caa13e7938d86f59b42fb5f5757d97220dfe50b90a94fc02,000fb8e02cc110accbf9e769445ffb775bf2c41bc720d50ee059c18e6bf0355d,3d6765e4dc9841dc2734aaa63f59da23d0e658cf43e77ce319d20cfdbe939f8a,RESERVE_CANDIDATE_REQUIRES_RPC_AND_PAIR_EVIDENCE,False,False,False,False
usdtstakingcontract28,ethereum,1,2023-07-12T12:53:59Z,10,100,0xda14302ef3ca1ff3b6b43291f3cc61e5e3682069,1:0xda14302ef3ca1ff3b6b43291f3cc61e5e3682069,UNKNOWN_REQUIRES_RPC,-1,0x9e43d673b925d8ba2d940b15d6d3905c5de2749ecc4470e4a5f31206fdb48036,17526871,UNKNOWN_REQUIRES_RPC,False,v2/contract_deployments/contract_deployments_1000000_2000000.parquet,7529540c96f11e4fc0d376fd36b2953644bebebe317a864615e2d14403a341fe,236df775d7271a9e9d59ef19fd66e757f0ece3e17ed25fb6991c2524deddb9ff,0009d2f38634d052cca64c785cad306e375bd4ec6e56397e52a45f7c3d4b72a8,408acb353d2a0837379e022ca7b3ab2ed51b5a682142a46a2861161ab30097ac,RESERVE_CANDIDATE_REQUIRES_RPC_AND_PAIR_EVIDENCE,False,False,False,False
usual_money,ethereum,1,2024-06-06T12:56:35Z,10,100,0x84bc502c9f9b19b01bbcae5eb12f84d0e9cafb12,1:0x84bc502c9f9b19b01bbcae5eb12f84d0e9cafb12,UNKNOWN_REQUIRES_RPC,-1,0x73c7b651b171aafd7e7fe42a93f0356a15c85e56a90381c824051a4dbedcb6a5,19896231,UNKNOWN_REQUIRES_RPC,False,v2/contract_deployments/contract_deployments_25000000_26000000.parquet,89a76fc2ecf09bbb46861991e8a584829f6ee9a274cd187b9a10a702b04f50fe,5df02be4957420c8258b57bc8fa63162228453ad2713f6d789816a6c038c2fc0,00104261c4a087dda1178517f026ef73dec1e4536445ef7e451475081fef7af7,09cc766e29d9d17ede934e0c5e0d857a3cb1fa4833c806d4c799cd7ef6e1248a,RESERVE_CANDIDATE_REQUIRES_RPC_AND_PAIR_EVIDENCE,False,False,False,False
utopia,bsc,56,2023-02-25T12:24:16Z,10,100,0xdeff7717c01bb3c4474e69d5ef1520e02512b9d3,56:0xdeff7717c01bb3c4474e69d5ef1520e02512b9d3,UNKNOWN_REQUIRES_RPC,-1,0xd68fbe20a345a2c4e377ad0024a23574b6af293db05ad353acbf5c88f46020ab,25162426,UNKNOWN_REQUIRES_RPC,False,v2/contract_deployments/contract_deployments_31000000_32000000.parquet,1096c453513646713a3b6185edd15651bf3a9599e2e334ecd82bcf3c939ca722,18273a8d371f16c262d2381b149a3342c95a90cee6795dc6029ba069488538a6,001329d62b3a03e783110c967a8c382d2e905dd5d84987477bfd686f065b25f7,fa8184b1b9856e5c30b2383acd4b785735178e6070249fe01d6dc349de7a6a4d,RESERVE_CANDIDATE_REQUIRES_RPC_AND_PAIR_EVIDENCE,False,False,False,False
uwerx,ethereum,1,2023-02-08T16:19:23Z,10,100,0x3cf8725907b8ecd8ac421d438461dc4927272ed1,1:0x3cf8725907b8ecd8ac421d438461dc4927272ed1,UNKNOWN_REQUIRES_RPC,-1,0x5b8046781dc0d1f61cc43ee11fb3016ae0f06a19670899d4081f5f757ccaba90,16384141,UNKNOWN_REQUIRES_RPC,False,v2/contract_deployments/contract_deployments_14000000_15000000.parquet,6176cf26c5e071de572e4fa584e8e6126dbdb3267e5f347910a581b7d8a944c6,70c0056a9cdf57f9478349b99dc5d8ae97a6bdd894cfd64d2fd06442e7eb6363,0022c4fcdc9d3a5933a5deedfe56bbdfc7343554bedd0718fa7612aa761ca92a,ca00a48b54a5fd3d54cd8d1a7eba25432af1e4aad2c61ae3c96eea31f3ea9dfb,RESERVE_CANDIDATE_REQUIRES_RPC_AND_PAIR_EVIDENCE,False,False,False,False
uwulend_first,ethereum,1,2022-09-20T16:55:47Z,10,100,0xda04d22edb6a8c92f4e6e3f54ebc74113237402c,1:0xda04d22edb6a8c92f4e6e3f54ebc74113237402c,UNKNOWN_REQUIRES_RPC,-1,0xed6139825abd414f04b59f5c22a1b5b63d8a3d191489d095e4729bf778bb9e26,15384557,UNKNOWN_REQUIRES_RPC,False,v2/contract_deployments/contract_deployments_19000000_20000000.parquet,204b7f381daf9d8017d4efd97183633a94c1c646efa22b219290c725f63c79d8,3aec66f6bb84f99df2b0023fc45e599f0c05490b9747c739df6148c17b3960b4,00171776d641e89a4d3e31e9e3db4f345066cd285a16f893b670fc9b53a61097,5a963aa75395d35dec4020f6fef0e18d7c063c45fcefa83a97046702171fb7dd,RESERVE_CANDIDATE_REQUIRES_RPC_AND_PAIR_EVIDENCE,False,False,False,False
uwulend_second,ethereum,1,2022-09-20T16:55:47Z,10,100,0xeec9703f3fbb3674f1c7e08f191960edd71941d5,1:0xeec9703f3fbb3674f1c7e08f191960edd71941d5,UNKNOWN_REQUIRES_RPC,-1,0x327aef41081cb5cba8dac2b4e933b86307f12fad4e8c5eff032343a82529edba,15532419,UNKNOWN_REQUIRES_RPC,False,v2/contract_deployments/contract_deployments_1000000_2000000.parquet,7529540c96f11e4fc0d376fd36b2953644bebebe317a864615e2d14403a341fe,dd760e2a4bdce8d60c8f1607479a9bbb2504440dda7833f65cd5d888087a7361,000ac7f6291a6b6f49244cb8f208b40b33f4481e4c2b3adefd3c96f86d4fcf70,7915853161d198bbaf28ca1b2d94d59aa066c9624691b648053fc3bfac1c7a0d,RESERVE_CANDIDATE_REQUIRES_RPC_AND_PAIR_EVIDENCE,False,False,False,False
valuedefi,bsc,56,2021-03-06T07:52:08Z,10,100,0x94c7ae97772c1435db0739d7fcf3d74c074a9c97,56:0x94c7ae97772c1435db0739d7fcf3d74c074a9c97,UNKNOWN_REQUIRES_RPC,-1,0xc618a01a5acb43710bc16fcd7bad07169aa70fa8683d30f04b6274481d022e2f,5255323,UNKNOWN_REQUIRES_RPC,False,v2/contract_deployments/contract_deployments_1000000_2000000.parquet,7529540c96f11e4fc0d376fd36b2953644bebebe317a864615e2d14403a341fe,af9574be34942c11c1947fb6d41f6a949d7d41f52a4db492887a5df72b26c328,006f0c694fd096175b440f79bbbb5a15b2b983e3a678b13e3d79c76bed7297e5,b96b825c9e10b99d9bc05d1a48c6374b1b5d96c69056e7215123337c79f5d41a,RESERVE_CANDIDATE_REQUIRES_RPC_AND_PAIR_EVIDENCE,False,False,False,False
venus_the,bsc,56,2025-01-28T15:33:23Z,10,100,0x17505a55da080d717281f21cefcf5aa32bfd1dd9,56:0x17505a55da080d717281f21cefcf5aa32bfd1dd9,UNKNOWN_REQUIRES_RPC,-1,0x98566bc8ef042affe66e5ad47e4113a0a7dff2f20f8ed5a94e979734e8b0be3a,45456870,UNKNOWN_REQUIRES_RPC,False,v2/contract_deployments/contract_deployments_30000000_31000000.parquet,0d12ca90369256d040cf542c85f6ffcf446e4e3e8d19fd878d446ff8ed9337b7,a06a7e521e51913d10f65a76270a26ea40fa52c2579e2fcfc368d626074c6cc7,002ab1465422735351f2b5380923bcfc7600bd085e45dbdfd782d4e883203def,ba97e0b4998b49a2c241befc420cdabe121b5148c01b5fc4ae28aaff89522a9c,RESERVE_CANDIDATE_REQUIRES_RPC_AND_PAIR_EVIDENCE,False,False,False,False
veth,ethereum,1,2024-10-28T09:08:11Z,10,100,0xcab39d7d8c3a2139d6b22e998f4b768bb16d2adc,1:0xcab39d7d8c3a2139d6b22e998f4b768bb16d2adc,UNKNOWN_REQUIRES_RPC,-1,0xb1588b210a75d66c80dfb84fa8e6daab4b10ceca3ec320a7f26e44818651efcb,20942125,UNKNOWN_REQUIRES_RPC,False,v2/contract_deployments/contract_deployments_5000000_6000000.parquet,eb8d1ad9c414a2cf0a36d3fe5aa0b10e20823399807f3e5cfb6815af4b301cd7,eb1dd4903b4dca827067cfa5ed45a1134940d57c6ba276aeebe9e1eb22aae1a3,0014874b8e3e6917a77be27fab67e8cf029765729943fdb89792c864420bec57,40208a4de65d01759df17fb10e42fc92f9af4418dc073ebe6e45bca5290183bf,RESERVE_CANDIDATE_REQUIRES_RPC_AND_PAIR_EVIDENCE,False,False,False,False
visor,ethereum,1,2021-09-03T21:12:29Z,10,100,0xcbba590e447e110698c1683d795ca31743569338,1:0xcbba590e447e110698c1683d795ca31743569338,UNKNOWN_REQUIRES_RPC,-1,0xa64833bebd78ea0a2e81f3025c4b944cb16bcdb6cb9672d9330ac9a301a7f50b,13050131,UNKNOWN_REQUIRES_RPC,False,v2/contract_deployments/contract_deployments_16000000_17000000.parquet,8884633f88684708a066a90c98dc23b2402b90a69bfb3608fd643f3ebde0af44,3887d87613c92ed9f0e890949f3d59c967b4b27e8bbbd22c53360978fc6faae4,00071cdea73131a2e91b52395e071204df20c5ce8e89bc99441f66754da6ce57,55dfb1133d0e6e61b39b1c1279bf6ff1d6bed864457737b7cb20851284898bd7,RESERVE_CANDIDATE_REQUIRES_RPC_AND_PAIR_EVIDENCE,False,False,False,False
vista,bsc,56,2023-07-20T08:36:40Z,8,80,0x566662940523467585de0874e15656207a825f5e,56:0x566662940523467585de0874e15656207a825f5e,UNKNOWN_REQUIRES_RPC,-1,0xc6560a26f3b561f58e923a327b92e955b45a525704774e8207d7f2e313231b81,29730526,UNKNOWN_REQUIRES_RPC,False,v2/contract_deployments/contract_deployments_6000000_7000000.parquet,408541b1fff35d9d72eb413a63bd7e1ecdfd299daa7ca67b3c7185856aa6aef7,686a458cbfd7e5dd9cdc13ad3261187970bf0b1c729959d528abcaa3fe956410,001a1f227388929275c4a283106cb933075419b8b9221e0e81a8135e5e420ca6,3c9059ae27188a44fe8a6b97b7e58d8f3c216e3ca183c14f493c51dd84e04e8b,RESERVE_CANDIDATE_REQUIRES_RPC_AND_PAIR_EVIDENCE,False,False,False,False
vtf,bsc,56,2022-10-10T13:43:10Z,10,100,0x163fa4c7458bca8963ae9a94b12fc8556fd9ed76,56:0x163fa4c7458bca8963ae9a94b12fc8556fd9ed76,UNKNOWN_REQUIRES_RPC,-1,0xaebd7043e35b618991b969ad6c355f8a449fab7c2f6335de8a86b760c0c0b465,21407482,UNKNOWN_REQUIRES_RPC,False,v2/contract_deployments/contract_deployments_6000000_7000000.parquet,408541b1fff35d9d72eb413a63bd7e1ecdfd299daa7ca67b3c7185856aa6aef7,1143f327addc7cf944e988e92361468d1f7c91017d54c72cfbe70fdb7ada4156,001670988348d546954232da5add2618678e5650d2b046219014b4339067de99,e4c4a03f39b7a69f8dfcf93057da0d018883f42f7c5fc4027f9a77d090c4ba9a,RESERVE_CANDIDATE_REQUIRES_RPC_AND_PAIR_EVIDENCE,False,False,False,False
w_key_dao,bsc,56,2024-11-08T11:47:51Z,10,100,0x49e0b24be783e2a558adaa0c68460f34fcf82d16,56:0x49e0b24be783e2a558adaa0c68460f34fcf82d16,UNKNOWN_REQUIRES_RPC,-1,0xdee4308432878ed1e991216ecfb7d34def53af3e0074e5124fce3dcc161d9c41,43207217,UNKNOWN_REQUIRES_RPC,False,v2/contract_deployments/contract_deployments_29000000_30000000.parquet,3255e78e345aff80bfd6dfc7d760f4bda3a96fce4225cc3e128ce3d21ff32822,a449b555cbcbddfff887a8ad7b3730d2f66118786bc079cc588117515180c425,001fc24962b1d82ec2ec2b2b4b035dfc102a0734fe5021acbd18b3a1de900d2e,a3245225639c51f218162b9af0b1a76b81b8a70af5433ea2f1f19f0d07054595,RESERVE_CANDIDATE_REQUIRES_RPC_AND_PAIR_EVIDENCE,False,False,False,False
wdoge,bsc,56,2021-06-04T02:12:45Z,10,100,0x183097f0cf3f85ab754f7e8b7602ee587285e865,56:0x183097f0cf3f85ab754f7e8b7602ee587285e865,UNKNOWN_REQUIRES_RPC,-1,0x8f5f65d4adca702bfe6803d50d3dcb1e502a971e78a20691f5677a23b4a000cc,7330143,UNKNOWN_REQUIRES_RPC,False,v2/contract_deployments/contract_deployments_30000000_31000000.parquet,0d12ca90369256d040cf542c85f6ffcf446e4e3e8d19fd878d446ff8ed9337b7,dc0b939be04a7bf6f9bafb8f34f93e148ef45c0c0355b0c060059ffabe3b457d,00065abfee8b3ccf5137bc0b9934e54cfc241d5c0a05835bf9d6ac5f8c8a2069,aa401f7a28c899da96e07107161cc553762a68fe1c72c7adbec81f55fa5cd6f0,RESERVE_CANDIDATE_REQUIRES_RPC_AND_PAIR_EVIDENCE,False,False,False,False
weco,bsc,56,2023-08-12T20:33:34Z,5,50,0x3b5cf5bb476e9b3bdf86335fa9c1986394a8253d,56:0x3b5cf5bb476e9b3bdf86335fa9c1986394a8253d,UNKNOWN_REQUIRES_RPC,-1,0x5d727028df61420f1941eaebe6fe71cbe855ddf0bb63639f85ace21f8f89a7e4,30192687,UNKNOWN_REQUIRES_RPC,False,v2/contract_deployments/contract_deployments_29000000_30000000.parquet,3255e78e345aff80bfd6dfc7d760f4bda3a96fce4225cc3e128ce3d21ff32822,1b37b543fde9518d0c0bd8772504c5da06fcf2d4fdc311c7cb86a2d40d8cbe9e,001c89dce0b49a1e36b049b21a8de0abbd40a8587cc21710bbebace120823125,683c67c73463d0c0abe9cd9a7e1e7e67227aeb60861472860616e42bca3870a5,RESERVE_CANDIDATE_REQUIRES_RPC_AND_PAIR_EVIDENCE,False,False,False,False
wgpt,bsc,56,2023-06-20T07:27:30Z,10,100,0x7c0431b3ebbef47a8e0b031164d36a4daa9d7d5c,56:0x7c0431b3ebbef47a8e0b031164d36a4daa9d7d5c,UNKNOWN_REQUIRES_RPC,-1,0xde728f1f5b0b5077f1d93295adf2ae2b6c9ea38d1251d4810f59dfb588512452,28466887,UNKNOWN_REQUIRES_RPC,False,v2/contract_deployments/contract_deployments_6000000_7000000.parquet,408541b1fff35d9d72eb413a63bd7e1ecdfd299daa7ca67b3c7185856aa6aef7,3d0af4f5c3a4f70ce747b7a7d7f3ccf91375ed85b8ed058df0b62b02097d0a01,000a8ce078300f500b3cbedc7f8b00fdcc8361bbbf875f8e38ed1b4fb46e24ef,aa0cfe61f6e74a39756588b1664a2163621e9ca8d37d972b961ecf04415eca47,RESERVE_CANDIDATE_REQUIRES_RPC_AND_PAIR_EVIDENCE,False,False,False,False
wifcoin_eth,ethereum,1,2024-06-11T00:26:59Z,10,100,0x24fee15bc11ff617c042283b58a3bda6441da145,1:0x24fee15bc11ff617c042283b58a3bda6441da145,UNKNOWN_REQUIRES_RPC,-1,0xc54a89ded85c9ccd8f043b4c0d6b337571ae0e430f53ca55f14da8b21a48d287,20046039,UNKNOWN_REQUIRES_RPC,False,v2/contract_deployments/contract_deployments_1000000_2000000.parquet,7529540c96f11e4fc0d376fd36b2953644bebebe317a864615e2d14403a341fe,389877316651f9d1d4f2c4da2b1b6e3fb319092d6fc62aacf85499b79d6d01ab,00136fb7f920a4e4af8f50b2136ebb0fa199be630b88b85f00ebd14804fd6890,afffe309b93bcf244f6fb1d91bc21b2e54a8b7edb1acf28f965c600cdbe51a00,RESERVE_CANDIDATE_REQUIRES_RPC_AND_PAIR_EVIDENCE,False,False,False,False
will,bsc,56,2024-06-26T10:52:52Z,10,100,0x2ab23c46a9d80a748d7eeeed1541a134bc523b63,56:0x2ab23c46a9d80a748d7eeeed1541a134bc523b63,UNKNOWN_REQUIRES_RPC,-1,0xb406a874329b3d3d3a667f1f50f122cbf566574f454455a39ef3b518f1caae81,39581776,UNKNOWN_REQUIRES_RPC,False,v2/contract_deployments/contract_deployments_29000000_30000000.parquet,3255e78e345aff80bfd6dfc7d760f4bda3a96fce4225cc3e128ce3d21ff32822,52306ecd679e346a10467a08f430394e8b3dacf4f99ba0e24d6c68d737eee8cc,002d81851cb791c6d8ad28e5d90679924684a4fa83c7a7622f59ebb5099783bd,42403cdee03400913e08c23e17ff786db3c89b0b88c27ff9cfa6dac11953c118,RESERVE_CANDIDATE_REQUIRES_RPC_AND_PAIR_EVIDENCE,False,False,False,False
wiselending,ethereum,1,2023-08-08T19:13:59Z,10,100,0xd25a6f86c600fcc45348113c9b70a3a082deae07,1:0xd25a6f86c600fcc45348113c9b70a3a082deae07,UNKNOWN_REQUIRES_RPC,-1,0x68779fdd5c6eccfdb19b8f1f21a2468fa119c498fd0582b612077b234ba644ef,17653040,UNKNOWN_REQUIRES_RPC,False,v2/contract_deployments/contract_deployments_1000000_2000000.parquet,7529540c96f11e4fc0d376fd36b2953644bebebe317a864615e2d14403a341fe,0c4c726f4d6745c4705803ceaf394021e14fb49c557d999f5dc0bbc362c32079,00085db4a35262772238bf8a7886cfde043231dbcfbee0e3cfc1a0f1c8334909,4cb155eb225290b2532c5b4afb6d8a862c626ee0904692eb0cb025b191d99f26,RESERVE_CANDIDATE_REQUIRES_RPC_AND_PAIR_EVIDENCE,False,False,False,False
wiselending02,ethereum,1,2023-12-04T20:28:35Z,10,100,0x2804ca999f6ddfb2e6f1d8571f2df9ea93f7f9d1,1:0x2804ca999f6ddfb2e6f1d8571f2df9ea93f7f9d1,UNKNOWN_REQUIRES_RPC,-1,0xa953d2e2ca7a2e44f5f6627c30d79e705f0a2270641d83c1cbd920f19c62cbeb,18601706,UNKNOWN_REQUIRES_RPC,False,v2/contract_deployments/contract_deployments_2000000_3000000.parquet,6d562e88df03827bfbf01c2b88d473f0dece6ca3dcd2b0c76188bf3236dcdaae,d1c254927def74d4d5ccaf02ae764d688b8c2b7cfbfab126baa5da3acfe50977,00119885fe10f82d16a9a86e5f43008ed425a895950027e2cb9f8886bf9e6654,98d25e2e6733b48e26cb0ff7f45945a75c011bf421188cc5d0304d2e46fbbe58,RESERVE_CANDIDATE_REQUIRES_RPC_AND_PAIR_EVIDENCE,False,False,False,False
wiselending03,ethereum,1,2023-12-04T20:28:35Z,10,100,0x938307035672c8d2db41e029e6a8292521fdc57f,1:0x938307035672c8d2db41e029e6a8292521fdc57f,UNKNOWN_REQUIRES_RPC,-1,0x8757f53bdfb5d940454153301cd8be3390a2afa21f85c7ce52f690c9fc2fb386,18561514,UNKNOWN_REQUIRES_RPC,False,v2/contract_deployments/contract_deployments_14000000_15000000.parquet,6176cf26c5e071de572e4fa584e8e6126dbdb3267e5f347910a581b7d8a944c6,39bc8f41802e81276484f20af71845f5f119c43e60d6e2b10d187e2b4f00a24c,000d5e61b68e028137312dc7b22952e9e8d6389c5f75b534bd41e35de3945802,b3da6b9c21e1ec3a4aacebb831aa26a4459f6ccf189a8e34c1e731532eda3721,RESERVE_CANDIDATE_REQUIRES_RPC_AND_PAIR_EVIDENCE,False,False,False,False
wsm,bsc,56,2024-02-09T13:58:58Z,10,100,0xc0b00c881ed6d3320e865cdc958bbb026d4a5a33,56:0xc0b00c881ed6d3320e865cdc958bbb026d4a5a33,UNKNOWN_REQUIRES_RPC,-1,0x731cbcec5a78efbb0595638ccfac249d00bc958d4e79f86b0008a2257a564c85,35760689,UNKNOWN_REQUIRES_RPC,False,v2/contract_deployments/contract_deployments_31000000_32000000.parquet,1096c453513646713a3b6185edd15651bf3a9599e2e334ecd82bcf3c939ca722,b4637d90233e4a93ab01d2522e544b3044dd0216d0f91d695908baa7b85e5757,0015589ea3fd02dd3c3532c4de3f54bdf83483f824276151cb17ee7378380dec,522c82da9534c0268e0a3098a33f5026a4518e0b49fde6a446a9a9ea38842948,RESERVE_CANDIDATE_REQUIRES_RPC_AND_PAIR_EVIDENCE,False,False,False,False
xavefinance,ethereum,1,2021-06-25T18:41:21Z,10,100,0x2397a175841e8e34c828de816322617cc13ea58d,1:0x2397a175841e8e34c828de816322617cc13ea58d,UNKNOWN_REQUIRES_RPC,-1,0xa3439663b982714fd66819644df127ee7237777336522ec9f18f99a80e6b96ec,12515008,UNKNOWN_REQUIRES_RPC,False,v2/contract_deployments/contract_deployments_13000000_14000000.parquet,8885bd5034eff92607b7ffb297b079b222764c22e24fbd5bdf3f3d689c1a839b,675247bcb6450cb263cb01b8478a8572eced50f580a29c25fc3951d430d408c8,0009565473c5ad83fd2288ce968f8f56015d1ebd5c4cbdd05bb9305044d4ced5,c56f024b03a498e6d5e55ea455c42fa08e121710e813e872175ff26e78f03be1,RESERVE_CANDIDATE_REQUIRES_RPC_AND_PAIR_EVIDENCE,False,False,False,False
xbridge,ethereum,1,2023-10-21T11:41:35Z,10,100,0xa6eb3dfa3e42d28d43e0fb243e2f6d94491bb626,1:0xa6eb3dfa3e42d28d43e0fb243e2f6d94491bb626,UNKNOWN_REQUIRES_RPC,-1,0x5ab4dc573385214b48373d56eb88da833c44996cabf43bfd522e98fac474ff0f,18245135,UNKNOWN_REQUIRES_RPC,False,v2/contract_deployments/contract_deployments_15000000_16000000.parquet,fb048ce929cf0d541c7dfe8c10ffb84dba33d093f3718146318d7b12073d7d12,38de2abd7a1f22f51e6ba7fbdefd5ff030695d0de7010679ddfe70a7f55b1208,000bc2ae913486b7629441b162bf4919a36c0a95fcaed6f0d821728cce8637dc,24192dabf9c1bf8aa2a599db555ff8f2e7ec986ca66a7e5bc8c76428518ea43b,RESERVE_CANDIDATE_REQUIRES_RPC_AND_PAIR_EVIDENCE,False,False,False,False
xcarnival,ethereum,1,2022-06-06T12:43:57Z,10,100,0x39e3d5a5fc3194bf076a46c8e6483310b0ebfe5e,1:0x39e3d5a5fc3194bf076a46c8e6483310b0ebfe5e,UNKNOWN_REQUIRES_RPC,-1,0x70e5f6ad030e97fd2b9926b13202657274e15439061dd230ae3587b0562dcca6,14890121,UNKNOWN_REQUIRES_RPC,False,v2/contract_deployments/contract_deployments_14000000_15000000.parquet,6176cf26c5e071de572e4fa584e8e6126dbdb3267e5f347910a581b7d8a944c6,c68e810b3014b985a998ba02f2905c4405861eb2ce19ae0c038f10d46a1001af,0003d3723fda3bb26800cc889558f3347dae3dc09e9b3883fdc4ef08c97a26b5,3f300c6f8bc8f820b4602a039c813dbee019f575a3b9ac6234ee468387a9d624,RESERVE_CANDIDATE_REQUIRES_RPC_AND_PAIR_EVIDENCE,False,False,False,False
xsdwethpool,bsc,56,2023-06-25T13:03:45Z,10,100,0x058d8a51129b0f9836d961af70f4a6ea9feebcf4,56:0x058d8a51129b0f9836d961af70f4a6ea9feebcf4,UNKNOWN_REQUIRES_RPC,-1,0xa509e6daa7e51eb8d199ef93992c32251d291a0e7c7abca8a71dc90b355dfae5,29289865,UNKNOWN_REQUIRES_RPC,False,v2/contract_deployments/contract_deployments_31000000_32000000.parquet,1096c453513646713a3b6185edd15651bf3a9599e2e334ecd82bcf3c939ca722,fc921f45088ebf8e670b0a85cd1e56d2c293486483a1040959228b5562ce63d2,00198f05125ceb323a3713384019bd60ae1a44b78f66350b3b9854e406c88e94,0c1414f1675abd340c6dafe26e067c80e5f08437cac2bd2e6561d9e47bc4d001,RESERVE_CANDIDATE_REQUIRES_RPC_AND_PAIR_EVIDENCE,False,False,False,False
xsij,bsc,56,2024-01-26T12:33:31Z,10,100,0x63af4cd115b6349a48338b51d6229aa460f9d790,56:0x63af4cd115b6349a48338b51d6229aa460f9d790,UNKNOWN_REQUIRES_RPC,-1,0x81736361bcef66bb925581a97ddb8378a3aad319acf6ce881654cebd91646b60,35078951,UNKNOWN_REQUIRES_RPC,False,v2/contract_deployments/contract_deployments_29000000_30000000.parquet,3255e78e345aff80bfd6dfc7d760f4bda3a96fce4225cc3e128ce3d21ff32822,d2c94de48fb6eb2f14d71b963feb8aa07302f6f88b522c1d39da3a102401456b,0010549ac2cb31755afdac364f8497815a42f1c532d739aeeef091d49a22ba92,057b398a0d8ba361996ec9033870801e7237334c0383ac0ee8903760a10f0ff7,RESERVE_CANDIDATE_REQUIRES_RPC_AND_PAIR_EVIDENCE,False,False,False,False
xst,ethereum,1,2021-02-07T03:17:05Z,10,100,0x3ec8686a5a8da252b07d9240de9b96409050f38c,1:0x3ec8686a5a8da252b07d9240de9b96409050f38c,UNKNOWN_REQUIRES_RPC,-1,0xcbf82b170e3c0dd7d8462ad897cd51ff5c8317e525ec0a4941e11ceb08b78fc4,11670886,UNKNOWN_REQUIRES_RPC,False,v2/contract_deployments/contract_deployments_20000000_21000000.parquet,5408f43ed5a3cd3b27216a3df0904e4053ec650ebb80c9c1c2ede9026839c3b5,a7f5bdad9d07ba389355b5c3174046a231655e1da6d3ddb3825118c094347d7c,000bb21139059c4333d21f2f626db25f8689577c342c76f66cb899fc7c18a3c3,7a8657a617cf389f45fed54aa4f3e0be018ebe7177e6a08d9b4a7ce1feafeacd,RESERVE_CANDIDATE_REQUIRES_RPC_AND_PAIR_EVIDENCE,False,False,False,False
xst_2,ethereum,1,2021-01-25T05:02:44Z,10,100,0xb6ca65c2305f782f4e84493a24ecfdd2fe594302,1:0xb6ca65c2305f782f4e84493a24ecfdd2fe594302,UNKNOWN_REQUIRES_RPC,-1,0xaab15ba0a91ae60fa507185dd94787138c0405bb3bf4aa5cc7d4d105ab15752e,11689373,UNKNOWN_REQUIRES_RPC,False,v2/contract_deployments/contract_deployments_20000000_21000000.parquet,5408f43ed5a3cd3b27216a3df0904e4053ec650ebb80c9c1c2ede9026839c3b5,3864ed8bf3769c9f05fffea79d0fee74f6fa1c89ce10257fb4adf7916ce9487c,000ac08568c54cbf94b0d0f85d2bc34c168d668af487530618ba4b5628b8487b,bbf0e7d3320f92cb08102e8a73f71f5dc381c0b7dcc3203844f23932350a0cee,RESERVE_CANDIDATE_REQUIRES_RPC_AND_PAIR_EVIDENCE,False,False,False,False
xsurge,bsc,56,2021-07-31T07:47:45Z,10,100,0x4fbf92891c37107fde381821ae83f3d88ce6d792,56:0x4fbf92891c37107fde381821ae83f3d88ce6d792,UNKNOWN_REQUIRES_RPC,-1,0xd535935141e7a71306c1d3edf35243b0edb2df1889685c28d8f7807ec01b175e,9595990,UNKNOWN_REQUIRES_RPC,False,v2/contract_deployments/contract_deployments_30000000_31000000.parquet,0d12ca90369256d040cf542c85f6ffcf446e4e3e8d19fd878d446ff8ed9337b7,31cf7aa0ce44f06487ff5676af3d1244a3a8bafc9e68bf2570ef88ae9f733597,000d3b3f306c82321fdfb157c60ba59e70c7b2dc84db45482ce4392d90efa39b,d83a6fe52b50f2337db68e7410f027b9be8315e82d145b6600c9c0afdfe34d93,RESERVE_CANDIDATE_REQUIRES_RPC_AND_PAIR_EVIDENCE,False,False,False,False
xwin,bsc,56,2021-02-16T12:22:25Z,10,100,0x1767102dc35b1593f39564a96aabbbd31fd302c2,56:0x1767102dc35b1593f39564a96aabbbd31fd302c2,UNKNOWN_REQUIRES_RPC,-1,0x737f07f5c0deb1b5f31ffee8896908d24d699fa39c2d7292a4e28492b8ebd174,4896328,UNKNOWN_REQUIRES_RPC,False,v2/contract_deployments/contract_deployments_1000000_2000000.parquet,7529540c96f11e4fc0d376fd36b2953644bebebe317a864615e2d14403a341fe,55887d930919355ff5167eb1d719386cc4bba82bbc4f7380cbd1079c474ea7be,00b278fef84a2b015c439a3addb0d8db68bc3b1a689ea142d5c8fb59e638f157,9bd59518d3d9f596433dd3dab64d1023c2e27e99a48783d93f87fd795bce598b,RESERVE_CANDIDATE_REQUIRES_RPC_AND_PAIR_EVIDENCE,False,False,False,False
yearn_ydai,ethereum,1,2020-08-14T06:56:58Z,10,100,0xc623fcddccc150ff9f4fe12836396fc33d57cd59,1:0xc623fcddccc150ff9f4fe12836396fc33d57cd59,UNKNOWN_REQUIRES_RPC,-1,0xacdc2ccfaeceba027afde908d4b245c040cc2fed4e6a9d8a7dae3f08aee80333,10521000,UNKNOWN_REQUIRES_RPC,False,v2/contract_deployments/contract_deployments_20000000_21000000.parquet,5408f43ed5a3cd3b27216a3df0904e4053ec650ebb80c9c1c2ede9026839c3b5,a7df734ea1953eeb208449301ec7f7048e1b0c62ca3fb0c9f93b30bf8dd16b81,0008fbd196eae5f90786f26e093b05182e76ec51697a80441c106af8a8b5338b,8c6056a232b17bc4fc0525fb9dc3a7f1ff473ef9521a1bd5cb461fe98afdd07b,RESERVE_CANDIDATE_REQUIRES_RPC_AND_PAIR_EVIDENCE,False,False,False,False
yearnfinance,ethereum,1,2020-02-13T01:21:56Z,10,100,0x594d83c74fdf3a475a085939dd945f13a0450099,1:0x594d83c74fdf3a475a085939dd945f13a0450099,UNKNOWN_REQUIRES_RPC,-1,0x6bf60756967e3c09ab9ddc4dde1b8d13a4764e880bc5d7f03a6facdf479d4b68,9388931,UNKNOWN_REQUIRES_RPC,False,v2/contract_deployments/contract_deployments_15000000_16000000.parquet,fb048ce929cf0d541c7dfe8c10ffb84dba33d093f3718146318d7b12073d7d12,23904c36559101be24db58687fd35bd6e01a9f420912bb193148129c86f04156,000fc65132275fc419cb15bb9770a321a82aa7f9d5ef33996c2065d37a9d63fd,3a2944aa5a07f747aa43aa12bf15296deba988b0df85c6c1ccf563e06edafee0,RESERVE_CANDIDATE_REQUIRES_RPC_AND_PAIR_EVIDENCE,False,False,False,False
yodlrouter,ethereum,1,2024-07-30T13:29:47Z,10,100,0xe39051650b1d0a464ca03f9eedbce1b76b109376,1:0xe39051650b1d0a464ca03f9eedbce1b76b109376,UNKNOWN_REQUIRES_RPC,-1,0x81345b3a211fd0d416876d556cb9aa5e6d902f2d225da5266e69488fc7b83d79,20401095,UNKNOWN_REQUIRES_RPC,False,v2/contract_deployments/contract_deployments_16000000_17000000.parquet,8884633f88684708a066a90c98dc23b2402b90a69bfb3608fd643f3ebde0af44,9feacd7262e26618b389e02b3de3134f90994df094e54e55b4301eead1f8faef,001d5ca04af79f32430b016dacbb6395211f5d07c4d027dc40f5b177e46f798a,da0ed401d3eaf9c2807e9d3abc4a4454ac26a68bfc85e0439442ecd27c220f4a,RESERVE_CANDIDATE_REQUIRES_RPC_AND_PAIR_EVIDENCE,False,False,False,False
yzi_ai_token,bsc,56,2025-03-27T13:49:54Z,8,80,0x774bd47694b9c7fa79a649ac2d23a082e4eb9029,56:0x774bd47694b9c7fa79a649ac2d23a082e4eb9029,UNKNOWN_REQUIRES_RPC,-1,0xb4ab02fa28deb9cd67692d420ccf42650d69abb51e07d7b422c830e898412056,47544898,UNKNOWN_REQUIRES_RPC,False,v2/contract_deployments/contract_deployments_30000000_31000000.parquet,0d12ca90369256d040cf542c85f6ffcf446e4e3e8d19fd878d446ff8ed9337b7,e6c8a2a0063ebd9934248f9e01375ed7a3b1384d9b1ebea14bfd2bac8aa14b6a,00256ba0d274829fcec9233a155309b129b2396413a9df38caace04dc9a4d8b4,21def335dba0593dd21ea0d980fd6b0c6975bf891b94bb0bc7f19f336e3ef9a7,RESERVE_CANDIDATE_REQUIRES_RPC_AND_PAIR_EVIDENCE,False,False,False,False
z123,bsc,56,2023-09-19T06:09:32Z,10,100,0xf13c9ea911fbac8e60739b85b32ff5b66df91a15,56:0xf13c9ea911fbac8e60739b85b32ff5b66df91a15,UNKNOWN_REQUIRES_RPC,-1,0x8537e9f1831c24c8899b68052da391a11b2b40b52342c1401d0857c3fd4cc9e9,31574247,UNKNOWN_REQUIRES_RPC,False,v2/contract_deployments/contract_deployments_29000000_30000000.parquet,3255e78e345aff80bfd6dfc7d760f4bda3a96fce4225cc3e128ce3d21ff32822,8ec2a17fff873b19374a6c6663c844df98aac0d2977bb96d20a54fb100b43843,00210c34ce5a4d559fb97f6130332d7035412f1adac6fccae0b7c8aa81cbc5a0,759a15e677854e5c6e7a5125aa235977e9fffb45379feaa999d3d1897fcf8ab2,RESERVE_CANDIDATE_REQUIRES_RPC_AND_PAIR_EVIDENCE,False,False,False,False
zeed,bsc,56,2022-04-21T05:46:14Z,9,90,0xa3400e2a7f70c704c36ba4cd35b0dd429609e8c0,56:0xa3400e2a7f70c704c36ba4cd35b0dd429609e8c0,UNKNOWN_REQUIRES_RPC,-1,0xbdcbd50d4fa8fdc42714a1bac107567527a21688b1d2b4238af14ceeff060c63,17043401,UNKNOWN_REQUIRES_RPC,False,v2/contract_deployments/contract_deployments_30000000_31000000.parquet,0d12ca90369256d040cf542c85f6ffcf446e4e3e8d19fd878d446ff8ed9337b7,7dbd342d86af0fa9cb4ef53397394ead1eca5c037d39fb620b05a4d9ea7f65a4,0013941ca40209683366987bc3a1966da950916ece0ee1e03c032dabba4e1d2c,f467f01df139fda3371849624a786737c824470729b1a684634a5c713e6ad6df,RESERVE_CANDIDATE_REQUIRES_RPC_AND_PAIR_EVIDENCE,False,False,False,False
zenterest,ethereum,1,2021-01-22T13:36:48Z,10,100,0x0fcbfb1895d24d9e27a392ab3bf709880345affc,1:0x0fcbfb1895d24d9e27a392ab3bf709880345affc,UNKNOWN_REQUIRES_RPC,-1,0x09276a9e5135ce7c640e9f7511d99ddb7157c67c78a976da964a045ed038251f,11657466,UNKNOWN_REQUIRES_RPC,False,v2/contract_deployments/contract_deployments_12000000_13000000.parquet,f15d5aeb7e3fcb63cca93eb03fa583594412966874735914078f617ae9c9b2ea,549d045d66993685eb4ec29aec85501673d4607d3ffe142a17ac59de6cbaec41,00089a9d0605724b42cd0c90208d48ca20b59d28c79d4455f98e5bb663dcd635,a9e5431b3e46632b50ebe527c030e48256cf89e975f3dc4db8658ce76ab57e23,RESERVE_CANDIDATE_REQUIRES_RPC_AND_PAIR_EVIDENCE,False,False,False,False
zs,bsc,56,2023-09-27T10:35:06Z,10,100,0xafad76bd0d201133865ab125918f86990cbf0c4d,56:0xafad76bd0d201133865ab125918f86990cbf0c4d,UNKNOWN_REQUIRES_RPC,-1,0x7f40c384bfa4af6572752980e2af7c281cd8e15c8db46204421646f241222482,31735217,UNKNOWN_REQUIRES_RPC,False,v2/contract_deployments/contract_deployments_31000000_32000000.parquet,1096c453513646713a3b6185edd15651bf3a9599e2e334ecd82bcf3c939ca722,2d7fd25e852eaae0d75669c2d7c2a82722efe05c9ab4aa43a9cd1ec032c5e5c8,001ad2b23ef056271340daa6802efdca94810d061ae5feb54b0d750d6b1d9f75,61722f2077cafe269c993364c9509403f4ef05ee0b58ef6802719b48459e0cfc,RESERVE_CANDIDATE_REQUIRES_RPC_AND_PAIR_EVIDENCE,False,False,False,False
BitCrown,bsc,56,2025-06-08T18:22:23Z,7,70,0x1b8bb720eaa22c41348358928f663c4e9aa245fb,56:0x1b8bb720eaa22c41348358928f663c4e9aa245fb,UNKNOWN_REQUIRES_RPC,-1,0x0fb9f107ccf177ab92d8f78414d282f91ed25e46ace995e932ac976a56a4dfb1,50988484,UNKNOWN_REQUIRES_RPC,False,v2/contract_deployments/contract_deployments_29000000_30000000.parquet,3255e78e345aff80bfd6dfc7d760f4bda3a96fce4225cc3e128ce3d21ff32822,4c0ac503c47b56337881d9832860af21f4056a4abe378e072057640d1aa53df7,0026662e3b5a8a22fddb12d8c47e6ac10f129bdd650367af765a1a24f860e289,2aa5e83ffbf48c01b0266c284805c1cf7640e0d2744e3a0f15f4cd76ac7e5a60,RESERVE_CANDIDATE_REQUIRES_RPC_AND_PAIR_EVIDENCE,False,False,False,False
Bitallx,bsc,56,2025-05-15T06:01:07Z,9,90,0x2a230e768cefa7e605d0b2b224a65e20c8615c0b,56:0x2a230e768cefa7e605d0b2b224a65e20c8615c0b,UNKNOWN_REQUIRES_RPC,-1,0xb0dfd8ea34faa5425068d3ac7fb4a2dc59e68ee2f4b2f0fc70150472d36b2f89,49258694,UNKNOWN_REQUIRES_RPC,False,v2/contract_deployments/contract_deployments_29000000_30000000.parquet,3255e78e345aff80bfd6dfc7d760f4bda3a96fce4225cc3e128ce3d21ff32822,a108a5c932bfe7865deae351ad2e2a6d86f866df85b1d9e826da2d7f1de5cc3b,0055e5585cd56ff9a05e63420e861d64daf8bd734137157e98f1a45cd415923a,c20c647fc02291ce078cf5b0e91f2958db3a025edb31fe1fe58e0e81b3b62e6f,RESERVE_CANDIDATE_REQUIRES_RPC_AND_PAIR_EVIDENCE,False,False,False,False
DLMC,bsc,56,2026-04-28T13:18:52Z,3,30,0x6d2bbfb5690b92557ba6fef05f965a2cef72a976,56:0x6d2bbfb5690b92557ba6fef05f965a2cef72a976,UNKNOWN_REQUIRES_RPC,-1,0x866989b30cbb9301b8ae57fd8ede7c2a8ae3948921bd3c71afcf37873efdc5f2,94055921,UNKNOWN_REQUIRES_RPC,False,v2/contract_deployments/contract_deployments_30000000_31000000.parquet,0d12ca90369256d040cf542c85f6ffcf446e4e3e8d19fd878d446ff8ed9337b7,e1be11c61098c63afb809a7e1476e8eeac23ec695b4e669a05e3eacab16c5adf,00211e8752b1172df06edfef8250dbfd8411c63eb1892df3a32b458cf2269f4e,edd82128a125d071f8d96bf56b4cb738556d194d3b81146fb6b048f3317e8d6c,RESERVE_CANDIDATE_REQUIRES_RPC_AND_PAIR_EVIDENCE,False,False,False,False
GMT7,bsc,56,2025-02-08T12:45:18Z,7,70,0x65e3025c4b82f35918dedd57f2058e7de7f92c33,56:0x65e3025c4b82f35918dedd57f2058e7de7f92c33,UNKNOWN_REQUIRES_RPC,-1,0x4d8fafc0f95b2663d91ed476e8f77e37d12868cd4664d024d644c65f92b9b9ff,46416897,UNKNOWN_REQUIRES_RPC,False,v2/contract_deployments/contract_deployments_30000000_31000000.parquet,0d12ca90369256d040cf542c85f6ffcf446e4e3e8d19fd878d446ff8ed9337b7,67932aa7f16a39d50dc486d2ac00f44492ad5bc92cf2ba9dbbf0a9024f9cc2dd,00387baa1443f7a0efffb628f86671feda8c38218aef178fa73111ced0955fb3,7e052a6006f8747dd70cf3171ab12616b1ba87dd45ebc245e0e2e7c120d8958d,RESERVE_CANDIDATE_REQUIRES_RPC_AND_PAIR_EVIDENCE,False,False,False,False
GoldReserve,bsc,56,2024-12-28T15:13:07Z,9,90,0x0eceacad04fca90d526f6509a6d179969611151b,56:0x0eceacad04fca90d526f6509a6d179969611151b,UNKNOWN_REQUIRES_RPC,-1,0x485388f43f05909b6b4840c34862d7835038f7b21bb582f3a3c4af062ec51727,44782439,UNKNOWN_REQUIRES_RPC,False,v2/contract_deployments/contract_deployments_30000000_31000000.parquet,0d12ca90369256d040cf542c85f6ffcf446e4e3e8d19fd878d446ff8ed9337b7,f783f0b227bc58324f0c053cdf195de8b6d1d74905786f4cdb6c613069c22865,0066fe5a445476b41bca693115288c8969d055bfed66e3f423475037d4478228,89a1f6381ad4fff6f0807aed1e69e89d2477117841c24c5ca3bc2ce6f8c4bb46,RESERVE_CANDIDATE_REQUIRES_RPC_AND_PAIR_EVIDENCE,False,False,False,False
HORS,bsc,56,2021-05-13T02:56:01Z,4,40,0xd0148d20adf72c9d65c9b5defa42ef697fd66e05,56:0xd0148d20adf72c9d65c9b5defa42ef697fd66e05,UNKNOWN_REQUIRES_RPC,-1,0x3f5d4dc6f611fb76b6e2a45bdce3ce2244856e4c7e2ab2aaa08e270d87389ec0,6848529,UNKNOWN_REQUIRES_RPC,False,v2/contract_deployments/contract_deployments_30000000_31000000.parquet,0d12ca90369256d040cf542c85f6ffcf446e4e3e8d19fd878d446ff8ed9337b7,feef070e9cb870d6a2f55c41c3659b3f56cb312bc2fc2f38f5b7584d1e7344ce,000cfb71d7d42824867bbf0562e3c26bcf6114a9f279739c099dc65d3ad71418,18f39e97a2ab0e02d9bc639f4995665dc8cc4cf5b9cab16ce5b470cb01869c1d,RESERVE_CANDIDATE_REQUIRES_RPC_AND_PAIR_EVIDENCE,False,False,False,False
HoldSafe,bsc,56,2025-03-15T16:16:22Z,8,80,0x2406164da4442c2b6675ced64f2e0330f650c548,56:0x2406164da4442c2b6675ced64f2e0330f650c548,UNKNOWN_REQUIRES_RPC,-1,0x7d0092ba82fdda60004fa43c6f89fc68cee50d1c5da0e0ab29afc9552118f478,47310065,UNKNOWN_REQUIRES_RPC,False,v2/contract_deployments/contract_deployments_31000000_32000000.parquet,1096c453513646713a3b6185edd15651bf3a9599e2e334ecd82bcf3c939ca722,1faebfde5f25206431e46a6dc9f7b3416830423e7200f9b2ea55a353e4abf3e7,0035645f6884112e26b074a4cdb9359a65073d4cf3d50e3a8b9cb28010bf432b,b94bb74da0b01d4c68d01ccc481a1edbe8d9c5cb327619aeaad1520754ee5b51,RESERVE_CANDIDATE_REQUIRES_RPC_AND_PAIR_EVIDENCE,False,False,False,False
JUDAO,bsc,56,2026-01-18T00:52:05Z,2,20,0x63dcefd310d89a4c47f2f2ec2b1580656e99b1e6,56:0x63dcefd310d89a4c47f2f2ec2b1580656e99b1e6,UNKNOWN_REQUIRES_RPC,-1,0xe61d90d12c461d2c6df8dfd6474e5108d4fd108dcd3d4a103ff89e4e641dd08d,73490261,UNKNOWN_REQUIRES_RPC,False,v2/contract_deployments/contract_deployments_29000000_30000000.parquet,3255e78e345aff80bfd6dfc7d760f4bda3a96fce4225cc3e128ce3d21ff32822,3690977e56e4fe24cfe58e8c3080edf5ce96c5e4a8715686723ae97454121f3b,00101dc6d2dc196e9569c3701e645f4a07b3a11dfba974170e3ab0f78ab24aa3,462a70f0e532d8e11075554def0cb2a576f555499e2bd840ba559ea29434b546,RESERVE_CANDIDATE_REQUIRES_RPC_AND_PAIR_EVIDENCE,False,False,False,False
MEVBOTa47b,ethereum,1,2022-04-02T10:59:44Z,10,100,0xb51e602603422eb11f0bee28cc80d8fdb9076400,1:0xb51e602603422eb11f0bee28cc80d8fdb9076400,UNKNOWN_REQUIRES_RPC,-1,0x7c7d218fb3a5e35d87b8068ff195f8d5d1b389799a7214a92c012cad98c7b1b7,14390560,UNKNOWN_REQUIRES_RPC,False,v2/contract_deployments/contract_deployments_20000000_21000000.parquet,5408f43ed5a3cd3b27216a3df0904e4053ec650ebb80c9c1c2ede9026839c3b5,0c71ae49a176321751fc531fbdd034cdf675802305a5e91c79850c83fddc1b7d,000e1466d34abb330b06078e3fc6be0c592dac270ae8886cab4af44d20e2b422,566952dae3656889661680450dba1aad185b6fced710ce4d3913c578147abaec,RESERVE_CANDIDATE_REQUIRES_RPC_AND_PAIR_EVIDENCE,False,False,False,False
MEV_0ad8,ethereum,1,2020-05-08T04:25:53Z,10,100,0x75720495c0f4e4c14bdf22a361538de1e4b18761,1:0x75720495c0f4e4c14bdf22a361538de1e4b18761,UNKNOWN_REQUIRES_RPC,-1,0xc178981e9c28a5b670cb4910ce0f54182bd21cf0778391d336449320aea62dc6,9946443,UNKNOWN_REQUIRES_RPC,False,v2/contract_deployments/contract_deployments_15000000_16000000.parquet,fb048ce929cf0d541c7dfe8c10ffb84dba33d093f3718146318d7b12073d7d12,64d1a58d04c15bb6e07789dc2e36017ed95488839fcc1025411b29a9fd45abf7,001c7d04b91778bbbd154c8d352cb232fdf4f7556b85f48fdb6806e16810973a,dd6ff1d67ce7657b8e1363dcca4ef25c07eff601776c4b0d84f67bd5ba4924c2,RESERVE_CANDIDATE_REQUIRES_RPC_AND_PAIR_EVIDENCE,False,False,False,False
MicDao,bsc,56,2023-10-08T02:28:34Z,7,70,0x09d886072eacb6f79dbc2a2c0714cdca5ed4351f,56:0x09d886072eacb6f79dbc2a2c0714cdca5ed4351f,UNKNOWN_REQUIRES_RPC,-1,0xb73cbf39a0bc2d246b0b91a05120afdd5088adc7bd8b3740a0f5eff98db9caea,31649436,UNKNOWN_REQUIRES_RPC,False,v2/contract_deployments/contract_deployments_30000000_31000000.parquet,0d12ca90369256d040cf542c85f6ffcf446e4e3e8d19fd878d446ff8ed9337b7,524de80a7ad86d5cdd6431765f9f42cd9b2b572a978ba97b9fe935a5e5751549,00396cf3a0bfece48c6dbe6fdc57ee9e51d87f5f5a1ace8ab4e70f24ba32e3b9,3c0cfefbeaa20b1b446641b1e62c0e06ea9492250c44203e57f862c613906ee2,RESERVE_CANDIDATE_REQUIRES_RPC_AND_PAIR_EVIDENCE,False,False,False,False
MyCoinMaster,bsc,56,2025-07-26T10:26:41Z,6,60,0x9641b90dd5c23011fe8ee73c4472c16b5b6ed2c8,56:0x9641b90dd5c23011fe8ee73c4472c16b5b6ed2c8,UNKNOWN_REQUIRES_RPC,-1,0xda94baed01e2dc9eedfd55a411b875cf22c9c28c8f20d65bd1df4cd6f757a063,53135342,UNKNOWN_REQUIRES_RPC,False,v2/contract_deployments/contract_deployments_29000000_30000000.parquet,3255e78e345aff80bfd6dfc7d760f4bda3a96fce4225cc3e128ce3d21ff32822,af9e53359034d95eaf8292e06aff9dd8b7ce83985e0b941ad0d63897cf4479b3,00380f2eebf56eb34e85dfd513eedb0f1bc0ea6dd1643beab3b6c5cb7c52198c,36e8358de3f22eb1bfe3eef6c99c050062d2e350ed51d9da723ceace4a24a992,RESERVE_CANDIDATE_REQUIRES_RPC_AND_PAIR_EVIDENCE,False,False,False,False
NFTG,bsc,56,2024-06-24T10:25:42Z,7,70,0x0c0d7e8fbbfc38fad7d1113c2e070ac416774185,56:0x0c0d7e8fbbfc38fad7d1113c2e070ac416774185,UNKNOWN_REQUIRES_RPC,-1,0x9c85ecca86081d472a7f81b416f812d81b104abc7e4322fe872fb96c4f5d12ab,39752287,UNKNOWN_REQUIRES_RPC,False,v2/contract_deployments/contract_deployments_29000000_30000000.parquet,3255e78e345aff80bfd6dfc7d760f4bda3a96fce4225cc3e128ce3d21ff32822,8e2b6bf4cce2f548fd2918161d155806a51f0a820cd867bdf1075ed4ff14fa01,0026ec9fae4039919624ba1a0de541315792633b42c02b8b0191d779d27d29c3,f75b40ba12cf477618a959677c1c6026adccce88299dd5490dcafca775d22dbf,RESERVE_CANDIDATE_REQUIRES_RPC_AND_PAIR_EVIDENCE,False,False,False,False
NGP,bsc,56,2025-09-09T01:47:01Z,4,40,0xa37b469f236917c0a7515ea560ffeb447246f752,56:0xa37b469f236917c0a7515ea560ffeb447246f752,UNKNOWN_REQUIRES_RPC,-1,0xf50a1a8b3b9ba21e3f42d99013c6a67b63dc8d818fdd79233a82b3f2ca6ba1e4,57961670,UNKNOWN_REQUIRES_RPC,False,v2/contract_deployments/contract_deployments_29000000_30000000.parquet,3255e78e345aff80bfd6dfc7d760f4bda3a96fce4225cc3e128ce3d21ff32822,fccd6a2af5f4084f1b5af198bee29458bed167dd3d018fdd5cca4769e154742a,001ec5ee44fd31dbf2fe3a7426c9d59aee0900a6234de701b299d47731c87bb4,c0197adf568b0b62a4cc3ce469244e50934c43d2eefe6cc4f79a4c48ba263f52,RESERVE_CANDIDATE_REQUIRES_RPC_AND_PAIR_EVIDENCE,False,False,False,False
ODOS,base,8453,2024-12-31T02:07:57Z,10,100,0xfe6d8caa24193f821323a0391ebabfa22737185d,8453:0xfe6d8caa24193f821323a0391ebabfa22737185d,UNKNOWN_REQUIRES_RPC,-1,0x1b5d2a46157facdf981b79bece740f731df3f0c08ca8c3bd2e33b7cc348f3ff2,23616360,UNKNOWN_REQUIRES_RPC,False,v2/contract_deployments/contract_deployments_10000000_11000000.parquet,dc224a34690e621a034e308c5ab0ca0606654984ac1d2d10d1a2daa31cda8ec9,530e1c4e120b072bc92399af29eaffc4e9d20dde6aa1e223a3f365c7d1467ca2,00079fe9dbef4317cd7ba556a4ead641b43abd75f83d5272ebc799ad38c31e3f,4549a91ecd3d4a8bbb667d5dbf20ce5b68bad5172a7689a1e380314e66d2e9c5,RESERVE_CANDIDATE_REQUIRES_RPC_AND_PAIR_EVIDENCE,False,False,False,False
PegaBall,ethereum,1,2024-01-15T06:09:11Z,10,100,0x255c7705e8bb334dfcae438197f7c4297988085a,1:0x255c7705e8bb334dfcae438197f7c4297988085a,UNKNOWN_REQUIRES_RPC,-1,0x7acf0b52b5b1823dd3dd717450e82a4e94c74d169af984d318de033b842b5cd6,18926572,UNKNOWN_REQUIRES_RPC,False,v2/contract_deployments/contract_deployments_2000000_3000000.parquet,6d562e88df03827bfbf01c2b88d473f0dece6ca3dcd2b0c76188bf3236dcdaae,b4aff47b55785fce91b9c8ecada01149ebb086f75be4487dcb4bf5a3624bb98c,001d70abad9e37c8030b28964ab625437dd434107713d9109b00b6a9b1fde355,9c0c1a2bb49268c76d633b045b782692adc5d29d82905328c1a71df6e431b418,RESERVE_CANDIDATE_REQUIRES_RPC_AND_PAIR_EVIDENCE,False,False,False,False
Proxy_b7e1,bsc,56,2024-11-13T18:19:56Z,9,90,0x6a148f8eb179a99f6e335470989275d1ce6545aa,56:0x6a148f8eb179a99f6e335470989275d1ce6545aa,UNKNOWN_REQUIRES_RPC,-1,0x5649fb99d18121ddc1741f2a2e84fe73e9406cade6195a072bfd97fcb8aaa867,43729993,UNKNOWN_REQUIRES_RPC,False,v2/contract_deployments/contract_deployments_30000000_31000000.parquet,0d12ca90369256d040cf542c85f6ffcf446e4e3e8d19fd878d446ff8ed9337b7,4c80faeebe20c79914b01c8d694f7cb666c9dc3b2a7267bd5530ab7ef8e35032,004c341d7f6f3dfbe52541ee313d5fc1cc451a43aa1c5a14375f867f90687cc7,49753e0640f8b807b2e6525ff3b16a9316ce951c24b517345db6e222e7c7180c,RESERVE_CANDIDATE_REQUIRES_RPC_AND_PAIR_EVIDENCE,False,False,False,False
RICE,base,8453,2025-03-14T05:33:51Z,8,80,0xb98f1057ce78a90b2379970bc4db03bcbdeb87bb,8453:0xb98f1057ce78a90b2379970bc4db03bcbdeb87bb,UNKNOWN_REQUIRES_RPC,-1,0xebbe612b24d4fe1e97ab5a0cf21d6542907e6f5b73e9360b7b4e754d3b75ddfb,27500646,UNKNOWN_REQUIRES_RPC,False,v2/contract_deployments/contract_deployments_37000000_38000000.parquet,913bba10d8e1de979697f9de4c9273b913e5b1ab9c3f6b08baac9286700a1cf7,7d493111a35f1f2aad0378d0372e8b72555d67d478a2c750c010c7f5ce147d64,000340606aaf013164e571f196f7c0bb4e1b5bc293f4f05a90f0db2e5d6994e5,33c47520c6f97a385f9695aac64ca7425671aeecb5dd1a870cd2e7213bb8a108,RESERVE_CANDIDATE_REQUIRES_RPC_AND_PAIR_EVIDENCE,False,False,False,False
Scorch,ethereum,1,2023-09-03T18:37:35Z,10,100,0x36dbd7bdc83988055c5de29117c799380126991e,1:0x36dbd7bdc83988055c5de29117c799380126991e,UNKNOWN_REQUIRES_RPC,-1,0xf0de76615e04f3b8d6a035c8f864676eaafa8ae681e89dc50dc02cbd750fd0a6,18019345,UNKNOWN_REQUIRES_RPC,False,v2/contract_deployments/contract_deployments_6000000_7000000.parquet,408541b1fff35d9d72eb413a63bd7e1ecdfd299daa7ca67b3c7185856aa6aef7,e56f8e194db0295cdfa4ddb47f2125c4251313b83bdb15f0789a9f8acebe627b,000e89d44356e6a52a395cdc6e6730de2bc5a2051fd14e96fc66493ce29b9109,d87b830f0e2278db8dbefd76c5a1ce5f677363bef50147e74017a59f12c7d15d,RESERVE_CANDIDATE_REQUIRES_RPC_AND_PAIR_EVIDENCE,False,False,False,False
SmartMesh,ethereum,1,2017-12-10T08:22:08Z,10,100,0x1574f042c5075151e9e3a7081e3083bacbeb05a8,1:0x1574f042c5075151e9e3a7081e3083bacbeb05a8,UNKNOWN_REQUIRES_RPC,-1,0xdcbb08cbc60dfbff18a5fe62aa767f5cd2ed2604f4e80ae430d603a32f7b6f59,4659514,UNKNOWN_REQUIRES_RPC,False,v2/contract_deployments/contract_deployments_12000000_13000000.parquet,f15d5aeb7e3fcb63cca93eb03fa583594412966874735914078f617ae9c9b2ea,914d924236dc1119904447530bda95bf69cea8dfd4300d8177236c0140a3e037,00039e239928eb5110b943ef1c8a75fcbab20d2c92b7b9988f0af4c944fe0123,d7bd0d884d62dc5de4bc6c72577a132be420dda12fc3317192afeb140797a9e6,RESERVE_CANDIDATE_REQUIRES_RPC_AND_PAIR_EVIDENCE,False,False,False,False
StakeOnMe,ethereum,1,2020-04-28T04:21:58Z,10,100,0x1aaf9755815d383a76aae10f4c36c637b2d7410c,1:0x1aaf9755815d383a76aae10f4c36c637b2d7410c,UNKNOWN_REQUIRES_RPC,-1,0x72a243e43c426a525068bf7511bcaeca9990e3d78627ab7c6c3d9ad29d38b935,9759767,UNKNOWN_REQUIRES_RPC,False,v2/contract_deployments/contract_deployments_13000000_14000000.parquet,8885bd5034eff92607b7ffb297b079b222764c22e24fbd5bdf3f3d689c1a839b,d0843188485db6d12f18ae92ae5143c997128ce24378dd54270917b5b26c24e6,000b2f47434726c63eeb818348709db7efe62f11d1cd5ca8640a61169df3eda1,6e145dc4aef319cb2a0017da64e238143a707f3064cb6e8de60b282ba402e684,RESERVE_CANDIDATE_REQUIRES_RPC_AND_PAIR_EVIDENCE,False,False,False,False
TokenFactory,bsc,56,2024-09-26T08:58:52Z,8,80,0xf762e7ee243b010e4ca79f37c5592b88d9d7d8b5,56:0xf762e7ee243b010e4ca79f37c5592b88d9d7d8b5,UNKNOWN_REQUIRES_RPC,-1,0x0f18f8c896c506e10f0c7856b28765190a24e44edb90aa1ff0f58d145b5ccdb1,42331456,UNKNOWN_REQUIRES_RPC,False,v2/contract_deployments/contract_deployments_30000000_31000000.parquet,0d12ca90369256d040cf542c85f6ffcf446e4e3e8d19fd878d446ff8ed9337b7,80acfd035ceddf9363458d6644658dad493fd542ee227465f4be308475f886b3,003488668390d0c4432fead1710c3e4d91c457a4a6ea2c82dea55b78ff31bf0e,6b604052f583db6f34b85b864f94e2541cbd8e57012a997f41a4265381b18d4e,RESERVE_CANDIDATE_REQUIRES_RPC_AND_PAIR_EVIDENCE,False,False,False,False
Unverified6883,ethereum,1,2022-09-15T08:54:23Z,10,100,0x518565e945e695e4d9e84d0a2561a0c7b3251ba2,1:0x518565e945e695e4d9e84d0a2561a0c7b3251ba2,UNKNOWN_REQUIRES_RPC,-1,0x5501c7da429c5e5a3d78fd2c0e997f9cacf64fbf2198d410f73ece4b902d4538,15424055,UNKNOWN_REQUIRES_RPC,False,v2/contract_deployments/contract_deployments_6000000_7000000.parquet,408541b1fff35d9d72eb413a63bd7e1ecdfd299daa7ca67b3c7185856aa6aef7,0a60bf3d329c2a4a4926165de35290adb96b5a7dfc5f262b0c7f4fd091652121,0017794f21ff75b43f2341e031137566e37f8c22dbb685998b5d4ee422a59ff0,6ee898189329c4e9a1feb132adf08a3dace66460f384cac5af3045f62c25bc18,RESERVE_CANDIDATE_REQUIRES_RPC_AND_PAIR_EVIDENCE,False,False,False,False
Unverified_0000,bsc,56,2025-05-13T19:54:09Z,10,100,0xa3c9ff4a3c92be2d6d7aa6c7e81762fa3aa6c8c9,56:0xa3c9ff4a3c92be2d6d7aa6c7e81762fa3aa6c8c9,UNKNOWN_REQUIRES_RPC,-1,0xe65196744d5afdb036eef60a206871c0337dfaa73e451166028ee3ffcb258b65,48511740,UNKNOWN_REQUIRES_RPC,False,v2/contract_deployments/contract_deployments_29000000_30000000.parquet,3255e78e345aff80bfd6dfc7d760f4bda3a96fce4225cc3e128ce3d21ff32822,8f495089deb6b5b0cf86ddf89d85e1f24eb74f29f128b275d88911d5bc6e99a5,0026a30fb96b2eda4afce4255993853dbdd3a95b03f99ce86cd3801340c2e7ae,9233365fe6b8c7f049bd402f92cf8f0336b5f3692c97943d0f0e50709433e156,RESERVE_CANDIDATE_REQUIRES_RPC_AND_PAIR_EVIDENCE,False,False,False,False
VDS,bsc,56,2025-07-03T12:22:23Z,9,90,0x1fe9b9f03f9e61ece21adeef3ff4c3ff87ad4444,56:0x1fe9b9f03f9e61ece21adeef3ff4c3ff87ad4444,UNKNOWN_REQUIRES_RPC,-1,0xfbfa196ae860232b720f30ac10795d76da8898153d0370d321ad8d260059c96c,51213467,UNKNOWN_REQUIRES_RPC,False,v2/contract_deployments/contract_deployments_29000000_30000000.parquet,3255e78e345aff80bfd6dfc7d760f4bda3a96fce4225cc3e128ce3d21ff32822,44351dea3edadfd674cf6108c75145e25cd3f8b5eff19da33608029cf6407ee2,001c59c3c6b61fb0b40e7a6f1e25aacf5d002a84c0904aefb51f06f5f392a757,27a747d680ce3e1711b18d1a7911c8300ac3375c99a8021eec31c8a01f1f4b41,RESERVE_CANDIDATE_REQUIRES_RPC_AND_PAIR_EVIDENCE,False,False,False,False
WXC,bsc,56,2025-08-02T03:59:53Z,7,70,0x0c41600a8b16b86afd8d70e3d0c463758b44cf37,56:0x0c41600a8b16b86afd8d70e3d0c463758b44cf37,UNKNOWN_REQUIRES_RPC,-1,0x6e3e348699ef5d4789827d1082c73f3e8ce57141eca1d43059f6a8d4685f9e65,53212367,UNKNOWN_REQUIRES_RPC,False,v2/contract_deployments/contract_deployments_30000000_31000000.parquet,0d12ca90369256d040cf542c85f6ffcf446e4e3e8d19fd878d446ff8ed9337b7,ce812fa05e8c2938e34548b353e4652b01f96e69a980e532e8d013f39b05893e,00348d13a6cf81e5ff7e5410628a9237e1260c6061a7075d37c53aa96246de6c,246689a3a6e609d8f4dee05f83c1ebdb86e7564ed2b5d8e1a808ee01ce02cfff,RESERVE_CANDIDATE_REQUIRES_RPC_AND_PAIR_EVIDENCE,False,False,False,False
WXETA,bsc,56,2024-03-14T00:21:56Z,7,70,0xa37d0dbac1b8faf93595661ea7fa98bda90c6c19,56:0xa37d0dbac1b8faf93595661ea7fa98bda90c6c19,UNKNOWN_REQUIRES_RPC,-1,0x40206a36d7c1148c68ca989ad2b563506e48082c08b895bea3a7587048f12d83,36466856,UNKNOWN_REQUIRES_RPC,False,v2/contract_deployments/contract_deployments_30000000_31000000.parquet,0d12ca90369256d040cf542c85f6ffcf446e4e3e8d19fd878d446ff8ed9337b7,944728d25c9070194c40db558a4123f820c6d6222f0fda8e1465a5639f7d03c3,0015a5b5cbd4db31f7c8014d74274b9f86830ec68b39df9fc72b96a8d0b8d39f,d6ab8d9e498ce5e974252b6cf454cd74ac46600fad312813b95b545ce8a21901,RESERVE_CANDIDATE_REQUIRES_RPC_AND_PAIR_EVIDENCE,False,False,False,False
XLootStaking,ethereum,1,2023-12-22T11:58:47Z,10,100,0xee2d60752176858bf033cd2d9f582346f542a54f,1:0xee2d60752176858bf033cd2d9f582346f542a54f,UNKNOWN_REQUIRES_RPC,-1,0xcac2a800c7c91ceb3690727d46099592638aea3f15c53523591474d8f58106b4,18817746,UNKNOWN_REQUIRES_RPC,False,v2/contract_deployments/contract_deployments_9000000_10000000.parquet,6777e0b50be1d60a845e1be0313473c99fb8675967b51e4530577f82391cd3cf,2ff778f5baef3f1d65ea79f883b5581fddb09d2c5257dd94196269eb2c76f028,00399ea002cf9806f5ac143773579f56bb046a263bdb6e6e5eb8f91f943d3e3d,561927e4137b940d139477a78d037afbcf3851e7e4d80cdafc5b9cffd38e188b,RESERVE_CANDIDATE_REQUIRES_RPC_AND_PAIR_EVIDENCE,False,False,False,False
ZeroExSettler,ethereum,1,2025-02-01T02:26:23Z,9,90,0x508bf9546f91ce91214798adbfdee6c70afdec7d,1:0x508bf9546f91ce91214798adbfdee6c70afdec7d,UNKNOWN_REQUIRES_RPC,-1,0xf9f39a0a9c1e7e11853f069aff8428b133e47b2d94737cebd31b79037b96bda9,21576965,UNKNOWN_REQUIRES_RPC,False,v2/contract_deployments/contract_deployments_15000000_16000000.parquet,fb048ce929cf0d541c7dfe8c10ffb84dba33d093f3718146318d7b12073d7d12,c80187fd15f19a392cf43e4acc5f44f53067843226e1796a6cc08ff3aac51ab9,002cd0bad33b974500c63bb34f842a4f4676c48424c91376601efd2e6c6351f6,68654c20c40276426e53b15da7e7a3bf88e96a1cabbc099e16f21f242a400fe1,RESERVE_CANDIDATE_REQUIRES_RPC_AND_PAIR_EVIDENCE,False,False,False,False
aave_boost,ethereum,1,2022-02-16T10:49:51Z,9,90,0xdb931f8e357c6ac3a70cfc9e4c7691b585181d28,1:0xdb931f8e357c6ac3a70cfc9e4c7691b585181d28,UNKNOWN_REQUIRES_RPC,-1,0x6a1d7e07e00b822aeb225a8077320d06fcd26238d141229a888a01147789f3b8,14176833,UNKNOWN_REQUIRES_RPC,False,v2/contract_deployments/contract_deployments_14000000_15000000.parquet,6176cf26c5e071de572e4fa584e8e6126dbdb3267e5f347910a581b7d8a944c6,ee9fee6a2780805309e10dad7219b4b0ae18c57796b136a9bcd6353e61ca1ec2,0003121ad10045323688cdaf15550bc5868c9f90b2c66be9023366894a92faac,659848ed42dc3b6202b6fc094f95493ec70456dd242b3b26ec93991c2dac06fa,RESERVE_CANDIDATE_REQUIRES_RPC_AND_PAIR_EVIDENCE,False,False,False,False
adc,ethereum,1,2020-05-17T01:31:41Z,10,100,0xe1de0f340996909075278447d45338cd69a32648,1:0xe1de0f340996909075278447d45338cd69a32648,UNKNOWN_REQUIRES_RPC,-1,0x1a671b4b14e8e7de1f1a77a71c7e3b15f35cbd9942d43c111be072bd535eb129,9978788,UNKNOWN_REQUIRES_RPC,False,v2/contract_deployments/contract_deployments_15000000_16000000.parquet,fb048ce929cf0d541c7dfe8c10ffb84dba33d093f3718146318d7b12073d7d12,bf668adf92dbfdd50deb20d740d8c2905db3382b26bad4157507e487e5c2daa3,0012878787f1b20ec8f22fb1576938d461bafbf89dfc16629a2d58c52b4c4da5,8158279ec21d68fed23648cada42c9a548cbb2809e4c4088055db044afed49b9,RESERVE_CANDIDATE_REQUIRES_RPC_AND_PAIR_EVIDENCE,False,False,False,False
affinedefi,ethereum,1,2023-12-03T10:04:11Z,10,100,0xaebcfc612b001aa710893b7723e618089b953a54,1:0xaebcfc612b001aa710893b7723e618089b953a54,UNKNOWN_REQUIRES_RPC,-1,0xfa7e0cb8b205b3cc7e599948569b70d527a707ce7747e26f456a865b13a9d725,18567150,UNKNOWN_REQUIRES_RPC,False,v2/contract_deployments/contract_deployments_2000000_3000000.parquet,6d562e88df03827bfbf01c2b88d473f0dece6ca3dcd2b0c76188bf3236dcdaae,dc9d4c1fe443854cf5560c3dcc3ff0d1070d163dcd075fb6babd82f154a4132a,00110d247867701bc7d64131a90c35acb462131e1366f11197b8ede1ac5a16be,e340d79b3a196d958702915d7284b3c157587eb2e080e301030ab35fb9a28527,RESERVE_CANDIDATE_REQUIRES_RPC_AND_PAIR_EVIDENCE,False,False,False,False
ais,bsc,56,2023-11-23T07:10:00Z,10,100,0x0f99fe047babb43e94d5eefde61f1537c0e341be,56:0x0f99fe047babb43e94d5eefde61f1537c0e341be,UNKNOWN_REQUIRES_RPC,-1,0xbab812edfb4b1a7bf5a1d4ded79543c94762daa590bbd57ec78b4683fa70ff87,33066743,UNKNOWN_REQUIRES_RPC,False,v2/contract_deployments/contract_deployments_30000000_31000000.parquet,0d12ca90369256d040cf542c85f6ffcf446e4e3e8d19fd878d446ff8ed9337b7,695c0793ac8050f98a3fb3dbab2efe3e9f9ebee3bb02e38dee736b237bfb8eea,001625a639202648366184b2a61c8fef7b0e236da08b6aed4966992346561806,106e93cd4d8556cd6cc911043ab5820a480880a503da33ed22edcd4fff89ff6d,RESERVE_CANDIDATE_REQUIRES_RPC_AND_PAIR_EVIDENCE,False,False,False,False
aizpttoken,bsc,56,2024-07-29T14:46:37Z,5,50,0x2cbeeded8e18c6eb4877d911628e5777a90d10cb,56:0x2cbeeded8e18c6eb4877d911628e5777a90d10cb,UNKNOWN_REQUIRES_RPC,-1,0xd0a74c464b5bfecc163b8a5b7e456481968897eb6f3da8f71712e92b19eb6a83,40464836,UNKNOWN_REQUIRES_RPC,False,v2/contract_deployments/contract_deployments_31000000_32000000.parquet,1096c453513646713a3b6185edd15651bf3a9599e2e334ecd82bcf3c939ca722,dee374a79239b1e7ab68cec9afaa956b47df37dd6a2e5481b9f15683124edc00,004fac0facb15474bc8add22248cfaa6e56e85f9adfb01ae8a52179683b4dac8,c0bf81d07801d1f8f36195a0b878239c7bdba13123c000afe31b260e3ea3d671,RESERVE_CANDIDATE_REQUIRES_RPC_AND_PAIR_EVIDENCE,False,False,False,False
alkemi_earn,ethereum,1,2021-09-08T18:41:12Z,10,100,0x6d50d53b3a30ffe5eafa6fc9f2e0f36684d927ce,1:0x6d50d53b3a30ffe5eafa6fc9f2e0f36684d927ce,UNKNOWN_REQUIRES_RPC,-1,0xd65f2740a541354bdf66ef1684f0889e2b76bd10ba6833d0cbce7768bd8aabbd,13064614,UNKNOWN_REQUIRES_RPC,False,v2/contract_deployments/contract_deployments_18000000_19000000.parquet,2dcd3c6c46c1f5489efaf97a7571ebbe6353d25a2f649f3933fab9345109debf,5fca44d83394fbe1013a89ef1fa97964f67f8e10a22b8ea5be958d55275d87c6,00050691627f9c46c99b3765449a34e2dde9fd59af90790e2f006ae63ce1241e,3190d12591e57d96cc3e66b3eab3780682c3fd701b9f70cb50fd9cd6b8690981,RESERVE_CANDIDATE_REQUIRES_RPC_AND_PAIR_EVIDENCE,False,False,False,False
alkimiya_io,ethereum,1,2024-07-15T20:09:23Z,10,100,0x24d1c13ccdb6ffc69dbbb63ef55638ad902b4ab5,1:0x24d1c13ccdb6ffc69dbbb63ef55638ad902b4ab5,UNKNOWN_REQUIRES_RPC,-1,0x1e6b1399bcf4e3eb1f7804586bcec50ae319866792d0911ed5a8205cbf6cc913,20290599,UNKNOWN_REQUIRES_RPC,False,v2/contract_deployments/contract_deployments_2000000_3000000.parquet,6d562e88df03827bfbf01c2b88d473f0dece6ca3dcd2b0c76188bf3236dcdaae,7f2f1af1989c4a5e6ab732f907f440135643282bfc413cb5cbe4fcfe180de011,0010384cae5b1dfb39e50660175a64b4e566c0d5985fe2347cb1310b536c7cbd,3d8f55dd86eede61993cf92c541dfcbf95ce1ed8a22c39fa8e0d2041af104be1,RESERVE_CANDIDATE_REQUIRES_RPC_AND_PAIR_EVIDENCE,False,False,False,False
allbridge,bsc,56,2022-08-26T14:11:05Z,3,30,0x1fedf395ae53f56072e911e9ba534056925e76c1,56:0x1fedf395ae53f56072e911e9ba534056925e76c1,UNKNOWN_REQUIRES_RPC,-1,0x9e98004ceac0236cf81a27a432c89278322e3df9bc08cdd62694595d797fc3e8,20257695,UNKNOWN_REQUIRES_RPC,False,v2/contract_deployments/contract_deployments_30000000_31000000.parquet,0d12ca90369256d040cf542c85f6ffcf446e4e3e8d19fd878d446ff8ed9337b7,ffdbe01394b9fa63771d278764c109a4701041be55229281b225dfc0100d6a96,000fa6ed8250e097353dee829880c2401b4e9dcec3353f6662905bc4b353f78b,6beb5fbeb0b757d760c42b4c5ba5944bd3a392e0d5adef698d27f1bbc32dab62,RESERVE_CANDIDATE_REQUIRES_RPC_AND_PAIR_EVIDENCE,False,False,False,False
allbridge_2,bsc,56,2022-09-05T09:26:45Z,7,70,0xa4edccaed2fa84b8747eb54fa3b907fad6ffdee0,56:0xa4edccaed2fa84b8747eb54fa3b907fad6ffdee0,UNKNOWN_REQUIRES_RPC,-1,0x96653d499f4ba891357768745b995aebb64b2c68cf69eab4803f9e89d36be580,20865554,UNKNOWN_REQUIRES_RPC,False,v2/contract_deployments/contract_deployments_29000000_30000000.parquet,3255e78e345aff80bfd6dfc7d760f4bda3a96fce4225cc3e128ce3d21ff32822,4da04b3542f4a56bc0d7d5b41654a4290d55a7e583e1682e2a13aa7ae43ec23b,001052e4917d4e02f0afa6ee4110e611c27116f662b55749d104ca346cd5c035,4f14097720b9bee737c7c8d65a9ef604bf7358cd93694da10b79602491945af0,RESERVE_CANDIDATE_REQUIRES_RPC_AND_PAIR_EVIDENCE,False,False,False,False
alp,bsc,56,2023-12-20T03:01:30Z,7,70,0x0483e2d974dde2e529761efb3942e954cd0ebb56,56:0x0483e2d974dde2e529761efb3942e954cd0ebb56,UNKNOWN_REQUIRES_RPC,-1,0xbf4c1df9a36d2f334a780a6df4072cc6404ca8adf7c572c012dcfdd85a33fc8a,34379558,UNKNOWN_REQUIRES_RPC,False,v2/contract_deployments/contract_deployments_30000000_31000000.parquet,0d12ca90369256d040cf542c85f6ffcf446e4e3e8d19fd878d446ff8ed9337b7,a47f742f8fd32cb0ac2c165667639c7897eacb51a14e14aab747e0de4245a374,000b3ee5371d02618d2bce0144f2486ffd3ded0af867ae2568cc95f6859201c4,239b62c420bc90f245147aa0ff6f9d1762a2a04e62cc4d86126ca0e655537f1e,RESERVE_CANDIDATE_REQUIRES_RPC_AND_PAIR_EVIDENCE,False,False,False,False
annex,bsc,56,2022-11-18T07:31:46Z,2,20,0x6f4ce3d07f43e1b25c4489780245449063e47da6,56:0x6f4ce3d07f43e1b25c4489780245449063e47da6,UNKNOWN_REQUIRES_RPC,-1,0xb1a3ead76f8db26cffc1b37f3dd9ef7776587efa42c88cbcc1831de3162a3e33,22993345,UNKNOWN_REQUIRES_RPC,False,v2/contract_deployments/contract_deployments_30000000_31000000.parquet,0d12ca90369256d040cf542c85f6ffcf446e4e3e8d19fd878d446ff8ed9337b7,73c0f1236412ea150ffe503aa9228eb3d652c160aa5b2541006bf62b9b87783f,001da4779d1f12ab06845b50a651df133f00950d646b866039d23daa64fcfa93,d7b8b7cc57b974998b62be44fde6391ca2c6a0fac1db90eb4ad90cbc1fd78936,RESERVE_CANDIDATE_REQUIRES_RPC_AND_PAIR_EVIDENCE,False,False,False,False
anyswap,ethereum,1,2021-06-19T10:44:14Z,10,100,0x63850a8fad125e81496d201cbe597894b330c7ee,1:0x63850a8fad125e81496d201cbe597894b330c7ee,UNKNOWN_REQUIRES_RPC,-1,0xd9921526f69a999ec7808ef3308475fd8875983d8beab8f46bc7acbf315dd582,12509805,UNKNOWN_REQUIRES_RPC,False,v2/contract_deployments/contract_deployments_18000000_19000000.parquet,2dcd3c6c46c1f5489efaf97a7571ebbe6353d25a2f649f3933fab9345109debf,c8edcdc139ea972095f083ac90fc41e8af968ca10dc2a44cc50bca8bdef74fb5,000ba693d3fe9449fc8af79c5f239fb402bc94033ff3b7908dd53cb42c32a985,fc575ee8c0e98a9743d5d943941863e940a6df001da1aaf4564620749fcbf0f1,RESERVE_CANDIDATE_REQUIRES_RPC_AND_PAIR_EVIDENCE,False,False,False,False
apedao,bsc,56,2023-07-16T00:41:01Z,6,60,0x515e62a3ac560fd5df08536d08336e63aed3b182,56:0x515e62a3ac560fd5df08536d08336e63aed3b182,UNKNOWN_REQUIRES_RPC,-1,0x77dfe8ca3d497ee6c8e393da7d77dc02a4a255f4e5c8550bb55b90053d3375e5,29239088,UNKNOWN_REQUIRES_RPC,False,v2/contract_deployments/contract_deployments_30000000_31000000.parquet,0d12ca90369256d040cf542c85f6ffcf446e4e3e8d19fd878d446ff8ed9337b7,a9091b7bb5bbdf8f993c5f5113e0af430b6de96325dafaddef437b2106af1843,0023da64ed93f5442070c35d6b5ab5cfa2d2f3f160a5e1b90328ce8fb687dd5e,521ef276320f3d79cdd8ec3953eac2b26a901258b60120f0266cc283f41a43e5,RESERVE_CANDIDATE_REQUIRES_RPC_AND_PAIR_EVIDENCE,False,False,False,False
ark,bsc,56,2024-03-12T16:12:49Z,10,100,0xd22a2a6fd7c4dbd37884eb4bafb304519eb41b7d,56:0xd22a2a6fd7c4dbd37884eb4bafb304519eb41b7d,UNKNOWN_REQUIRES_RPC,-1,0xe0b2d28adc5bb719ce97ced0ab00222a80c5cdb25e31833cbfbc03e2aafd94f4,36106349,UNKNOWN_REQUIRES_RPC,False,v2/contract_deployments/contract_deployments_30000000_31000000.parquet,0d12ca90369256d040cf542c85f6ffcf446e4e3e8d19fd878d446ff8ed9337b7,068d132f6002fb0c936661fed639cd18d98ca801571a6989460da780c8da87e2,001509591b763af23ae10de8300997dade616dc25ca1cc9a5ba29ee2e1614d08,0920c4493bdc8fe26818c219d7cf47e0c8ecd2c1ca355cd8e520a9b333e01415,RESERVE_CANDIDATE_REQUIRES_RPC_AND_PAIR_EVIDENCE,False,False,False,False
ast,bsc,56,2025-01-18T11:31:22Z,9,90,0x16629b37d5da1a16d0e7d39f8678d83a035da284,56:0x16629b37d5da1a16d0e7d39f8678d83a035da284,UNKNOWN_REQUIRES_RPC,-1,0x11f9ddfb282986deb36df9a96a81deb1c1f169fb333296f30082ba3134d3c084,45527367,UNKNOWN_REQUIRES_RPC,False,v2/contract_deployments/contract_deployments_29000000_30000000.parquet,3255e78e345aff80bfd6dfc7d760f4bda3a96fce4225cc3e128ce3d21ff32822,f000433cdaed98eb7017515b38cad15f03575844b48334df7f53079d3ca1d2f5,003283c970ee6092dee85d989b3ce769ac088c1751a5147a0669618e2cdd6f11,e32dc2fcef50946284d2681085e1e99adf45c86b689f46b79dbc421a8d03fce6,RESERVE_CANDIDATE_REQUIRES_RPC_AND_PAIR_EVIDENCE,False,False,False,False
astrid,ethereum,1,2023-10-07T12:53:23Z,10,100,0xf9385eb1650ac474e9014f2b4eb003957da0bcab,1:0xf9385eb1650ac474e9014f2b4eb003957da0bcab,UNKNOWN_REQUIRES_RPC,-1,0x7fa950ca121539415d72bd542cb1e8dda76344105c3eafa9e557b05f53bd3ae6,18271061,UNKNOWN_REQUIRES_RPC,False,v2/contract_deployments/contract_deployments_2000000_3000000.parquet,6d562e88df03827bfbf01c2b88d473f0dece6ca3dcd2b0c76188bf3236dcdaae,1d0fd3d871f15be534311944f799b9b4f505cfe42a51e6327c8b3c285e09da53,000d814e7865f806800a73cca18f28bac523c59bc4c5334f3ffd739acdb140ab,70a2e85b284b04ad4086285cc5dad130da4006583566d8bab146f77f6e80915d,RESERVE_CANDIDATE_REQUIRES_RPC_AND_PAIR_EVIDENCE,False,False,False,False
atk,bsc,56,2022-10-05T05:15:28Z,8,80,0xc8d6377d55bb426dd165a5132f893beef593e06a,56:0xc8d6377d55bb426dd165a5132f893beef593e06a,UNKNOWN_REQUIRES_RPC,-1,0xe87928fcc579a29f2ab8c1d34274d8d4b0fe7095b4098baa4b6403b48fa6fbdc,21227288,UNKNOWN_REQUIRES_RPC,False,v2/contract_deployments/contract_deployments_7000000_8000000.parquet,54cb1c23725d5765da58c76ee4eb73bb326370e440cb6baab9e8463544906967,b66ddf1f1c02580549f73c9695f88468a97723b7515812e4b917c6f6cac257b2,00157f159c42c55833dfabb8e04b573702ddf1086f0c8df5cfc68876e93253a6,8008c25aead4820c831a56c370306a1c515dd60750359596364b5fb1a4a13215,RESERVE_CANDIDATE_REQUIRES_RPC_AND_PAIR_EVIDENCE,False,False,False,False
atm,bsc,56,2024-03-24T07:42:57Z,10,100,0x817398ce66833f82a579713f74a5a93512a5c603,56:0x817398ce66833f82a579713f74a5a93512a5c603,UNKNOWN_REQUIRES_RPC,-1,0x45ce5d02439967d0d8612e77bb6630e9fe401947162d2eab4ee5b20e16cf86fb,36576611,UNKNOWN_REQUIRES_RPC,False,v2/contract_deployments/contract_deployments_30000000_31000000.parquet,0d12ca90369256d040cf542c85f6ffcf446e4e3e8d19fd878d446ff8ed9337b7,a35cf8c1c43b8a1a555d707b8db0ba5ccc00b9f69cf00eeffdfa41f9124833d8,0016db7d4f6143901f74c0d44dee1613311605e1e330194409aaa77e52b126a7,422355fc260790cbb8c20b65a3dac776e7120e0d5caf10437d9287cad2c36dd5,RESERVE_CANDIDATE_REQUIRES_RPC_AND_PAIR_EVIDENCE,False,False,False,False
auctus,ethereum,1,2020-06-26T17:58:03Z,10,100,0x53fcab2b996bf6d165ea98208e8c55bf3885d2e0,1:0x53fcab2b996bf6d165ea98208e8c55bf3885d2e0,UNKNOWN_REQUIRES_RPC,-1,0x232d814021485e188d8144b3402b805ac379570509b5c8db175b5e9ecaf30816,10337114,UNKNOWN_REQUIRES_RPC,False,v2/contract_deployments/contract_deployments_21000000_22000000.parquet,6951c22b6f2732efb0772f657e597c5cdd89f8d4c3b5d2d0c7e8d53bc240b602,64eba77d82f62cca258980be8d5b72c9a4462ef3cb982679bade418eb97617b2,0011ffd182f9758d39267aaba4b272fa202e2e65ae9813411b3abd64394ff8a0,5f750799711911118947713df94fb88760f3bffa02d30416e444e9da42dc17fa,RESERVE_CANDIDATE_REQUIRES_RPC_AND_PAIR_EVIDENCE,False,False,False,False
audius,ethereum,1,2020-10-23T02:26:11Z,7,70,0x87d8eb760f604937441394ed10e846899dd9d8d1,1:0x87d8eb760f604937441394ed10e846899dd9d8d1,UNKNOWN_REQUIRES_RPC,-1,0x04f06aee7faa4c706453ea45d4c93ec0fa95e2c0d386a45b8eedcf454314d35e,11027756,UNKNOWN_REQUIRES_RPC,False,v2/contract_deployments/contract_deployments_17000000_18000000.parquet,8a63eb54bb198d66bb4daa82d14922009830abddc204e948292b7e4942358c8a,b3e9b4213b7ff09e05bf4c1e3903dc7c0804fe15cbc6b0ba26ed120de01448e0,0010088ef5463fb2be0775056c786fd99589f73b4f8f7b85a05ab80d63321f3d,594dd6fde26b1fd874b9693d9c1e9b7da2d036210b5c9c50ee211510f7c530f6,RESERVE_CANDIDATE_REQUIRES_RPC_AND_PAIR_EVIDENCE,False,False,False,False
axioma,bsc,56,2023-02-02T17:54:51Z,3,30,0x9ca79280a02f1bc280658dffb629cbfd3db3ba95,56:0x9ca79280a02f1bc280658dffb629cbfd3db3ba95,UNKNOWN_REQUIRES_RPC,-1,0xbe0d978f6313ee03e48cbb8a6e292c9b06fde41c77b9761e01ba3982f553abf0,25063756,UNKNOWN_REQUIRES_RPC,False,v2/contract_deployments/contract_deployments_31000000_32000000.parquet,1096c453513646713a3b6185edd15651bf3a9599e2e334ecd82bcf3c939ca722,c3cde5c2d2260b8336eed882a3808966ddfbafd2f12aca468a75a744cb914050,0036b954aca0f82017a05076f3caa51df51e74285ef1c0862e7590a4090802dc,2bbc375d59d0af3e984909dd7e410a1b9062f55574e9f6da6c443ea2f1b723e9,RESERVE_CANDIDATE_REQUIRES_RPC_AND_PAIR_EVIDENCE,False,False,False,False
babydogecoin,bsc,56,2021-05-22T17:21:17Z,8,80,0x48e0ee8dcacd46b73e4e2253896c77ed60b293c2,56:0x48e0ee8dcacd46b73e4e2253896c77ed60b293c2,UNKNOWN_REQUIRES_RPC,-1,0x69c1c137537c2a668ee4b57a05e32b0272809d14fcdb70719627d60b2b9a72d5,6805062,UNKNOWN_REQUIRES_RPC,False,v2/contract_deployments/contract_deployments_9000000_10000000.parquet,6777e0b50be1d60a845e1be0313473c99fb8675967b51e4530577f82391cd3cf,14dae7ef4525e05dfc7c57e4e12e0b53873e627795dc7e96b1590ba33f3be7c3,000ae69649c618f1ccfba0f8248827b5a2dbfbe812552e705556766f262977f3,0099b994ff1cbbefa9e79ccc6d4b5e4d7efd9ab07951217aca5db238e9b93540,RESERVE_CANDIDATE_REQUIRES_RPC_AND_PAIR_EVIDENCE,False,False,False,False
babydogecoin02,bsc,56,2021-05-22T17:21:17Z,10,100,0xc344d34c6dd5a435440503b9ffcf2c7f069fc4ef,56:0xc344d34c6dd5a435440503b9ffcf2c7f069fc4ef,UNKNOWN_REQUIRES_RPC,-1,0xee6fdaffaf9cd7d8f1fcd95686650ade1b24746059f3baa9a5d3106ee1f38278,7611520,UNKNOWN_REQUIRES_RPC,False,v2/contract_deployments/contract_deployments_29000000_30000000.parquet,3255e78e345aff80bfd6dfc7d760f4bda3a96fce4225cc3e128ce3d21ff32822,2ee53ba22f6869e16e929c61dfb917045847b4ab8648cdebbedb41531e13b329,0009655bbb09561ce7f2f0f9f9ee9613a248beac3387dbbd60e3e56837c0d047,7ee03d73a6b377ccc9eab842a3d5c391ddefa69a28e195c44c18afd28158c5d3,RESERVE_CANDIDATE_REQUIRES_RPC_AND_PAIR_EVIDENCE,False,False,False,False
babyswap,bsc,56,2021-06-03T06:44:05Z,9,90,0xbda64497c24fa3b0e87248ef41f69e2a7522e2a5,56:0xbda64497c24fa3b0e87248ef41f69e2a7522e2a5,UNKNOWN_REQUIRES_RPC,-1,0xbef3f971fdde80ea625e96453df77f10c644b23b6a44dcd47124a8f5f6d40e98,7792866,UNKNOWN_REQUIRES_RPC,False,v2/contract_deployments/contract_deployments_10000000_11000000.parquet,dc224a34690e621a034e308c5ab0ca0606654984ac1d2d10d1a2daa31cda8ec9,95302d92c39a4daf282aeae5f9fc0b679376069a8cf52d1c386e4e501e6eb3ac,0006ec063eded17e03fb16f7753cd487cba6ec2e3994b52b1207f3971985f024,7b7e29fc6f439fa55f1757a99de2254ac71a3b11fbe9f53364b9d4c3b0da157c,RESERVE_CANDIDATE_REQUIRES_RPC_AND_PAIR_EVIDENCE,False,False,False,False
badguysbyrpf,ethereum,1,2022-09-01T18:27:44Z,10,100,0xab7c592acbdd6bdf6e51c55d313d0ccd0f59b503,1:0xab7c592acbdd6bdf6e51c55d313d0ccd0f59b503,UNKNOWN_REQUIRES_RPC,-1,0x72e931cb2175a31982b0eb222b5ed624d31c33dd78f195e191f9d2bc7d3e68b7,15314244,UNKNOWN_REQUIRES_RPC,False,v2/contract_deployments/contract_deployments_1000000_2000000.parquet,7529540c96f11e4fc0d376fd36b2953644bebebe317a864615e2d14403a341fe,ae2818a1903ead8255849c9d5b2681f2e281b66ae8ef65298656484d5c0c55e5,0012025e8d3a1293d8e63f38b0aa799eebfa8ae4ec07e5bb9bf06329fe65c466,ca51de04f7463874a668cb461aff24e95ac37ba6fe03f7dbe3b35c3863129f47,RESERVE_CANDIDATE_REQUIRES_RPC_AND_PAIR_EVIDENCE,False,False,False,False
balancer,ethereum,1,2021-12-14T22:35:38Z,10,100,0x9cf59a2cfaf6ebe622d84d6abb23fa2c0f882440,1:0x9cf59a2cfaf6ebe622d84d6abb23fa2c0f882440,UNKNOWN_REQUIRES_RPC,-1,0xeb9fc84a04583c01e652edc1b835466bcca6b81eefe834eaeca72046d432ded9,13788662,UNKNOWN_REQUIRES_RPC,False,v2/contract_deployments/contract_deployments_18000000_19000000.parquet,2dcd3c6c46c1f5489efaf97a7571ebbe6353d25a2f649f3933fab9345109debf,1fe4019673d1d4026cfc98bb558885f7e47649b24c78fa8f64b613c6a117e274,000723c594976e353f7364047ea677e0737d2c3c620cc52a083a5e0e36455228,c46f9a67bef08d9efd5293d2bc994c0fabc5c98e1f0b26a8c485c6721877993b,RESERVE_CANDIDATE_REQUIRES_RPC_AND_PAIR_EVIDENCE,False,False,False,False
balancer_20200628,ethereum,1,2020-05-30T12:37:41Z,10,100,0x183896cdf3a39571cba0831a4116bc20aa515e6c,1:0x183896cdf3a39571cba0831a4116bc20aa515e6c,UNKNOWN_REQUIRES_RPC,-1,0xe1550d992240b17519ac2169c75d737596ccc00f677d83dc84631ca7059d3843,10020610,UNKNOWN_REQUIRES_RPC,False,v2/contract_deployments/contract_deployments_13000000_14000000.parquet,8885bd5034eff92607b7ffb297b079b222764c22e24fbd5bdf3f3d689c1a839b,8cab6699f9f5f7e4d4575716941bb585761d657b4ec3b4ea6d88768dba80e805,001b0adc6c8c09a79b49ffbd550331ce75d225730c8cb8cf917d35ca761f77b9,b59bb873152b2c6b663e90ccb3e934f9e8b5663b9c80b7cd96aec6854e81a70d,RESERVE_CANDIDATE_REQUIRES_RPC_AND_PAIR_EVIDENCE,False,False,False,False
bamboo,bsc,56,2023-06-18T14:36:40Z,2,20,0xa744430a98760d28c5173302ffd66a128d35992b,56:0xa744430a98760d28c5173302ffd66a128d35992b,UNKNOWN_REQUIRES_RPC,-1,0x5ced736093399129aae55cc372616900aec80cdb2b004c42a4b7b8b437262861,28687719,UNKNOWN_REQUIRES_RPC,False,v2/contract_deployments/contract_deployments_30000000_31000000.parquet,0d12ca90369256d040cf542c85f6ffcf446e4e3e8d19fd878d446ff8ed9337b7,7c6f9374bcdaf9f186a5be55707e75dcf48d7ad2bd4c4041bfeaff3ad362b1bb,001347ac6dc7a3a8c8bc82c8e2a8807080c007e7e23f9c15be1a458d49ee6d9a,3a35e9b43639abf37ba5ad66692cda5dfa63a0e11294b3757d806b36a2e912ff,RESERVE_CANDIDATE_REQUIRES_RPC_AND_PAIR_EVIDENCE,False,False,False,False
bancor,ethereum,1,2020-06-17T13:11:57Z,10,100,0x20ddb77247c11a382f6f4f01d78922bdab7e12eb,1:0x20ddb77247c11a382f6f4f01d78922bdab7e12eb,UNKNOWN_REQUIRES_RPC,-1,0x38a52d07184f770edf445f4822adbb5d5d3772f13f0fb09be8b7bc2b1019c839,10270197,UNKNOWN_REQUIRES_RPC,False,v2/contract_deployments/contract_deployments_13000000_14000000.parquet,8885bd5034eff92607b7ffb297b079b222764c22e24fbd5bdf3f3d689c1a839b,77f7fee92dda70cab673e375f21f446984f82bc2099f216cb56169b7d755055d,000dae701a183878fd8e9d46909a890f5c9aae32379da32ff24cd52de5039f98,d46ff170798bce7d5ee3f863473dc04e24ff983fbfd9c2485bcd9115b3ef82c5,RESERVE_CANDIDATE_REQUIRES_RPC_AND_PAIR_EVIDENCE,False,False,False,False
bankroll,bsc,56,2021-03-11T02:53:55Z,8,80,0x886f3077a5ddc12474e96b29df6e0701fe78cca2,56:0x886f3077a5ddc12474e96b29df6e0701fe78cca2,UNKNOWN_REQUIRES_RPC,-1,0xf67ca04d7c8eaeffe6eda1506d63ce9e57ce2b166f6e60d3065ce91478609996,5384300,UNKNOWN_REQUIRES_RPC,False,v2/contract_deployments/contract_deployments_31000000_32000000.parquet,1096c453513646713a3b6185edd15651bf3a9599e2e334ecd82bcf3c939ca722,3650f1303c37b583868dbbee7c8772c9a87357e357bedd6351338c34412aec5b,00520df716e82bb91f8fdb07969a4988f4ae7063068ec56a317562c14dcccc9b,e5dea39b85c13aa782f5e3934c89183b45322800fda39ace38db95eb07ab1b47,RESERVE_CANDIDATE_REQUIRES_RPC_AND_PAIR_EVIDENCE,False,False,False,False
bankroll_network,bsc,56,2021-07-08T22:51:30Z,4,40,0xb140ddba4861a45e4a1428ee3a9d09ce8c96ae93,56:0xb140ddba4861a45e4a1428ee3a9d09ce8c96ae93,UNKNOWN_REQUIRES_RPC,-1,0x6d044d6101f4bb7ca58696d54962782ad4a3dd70f339a98afdeab09a85ac14c6,8860990,UNKNOWN_REQUIRES_RPC,False,v2/contract_deployments/contract_deployments_29000000_30000000.parquet,3255e78e345aff80bfd6dfc7d760f4bda3a96fce4225cc3e128ce3d21ff32822,05e3798f8fb814a83766a2a3b7426dd03b5a44d797898cdedbb6e51bada0b15b,0006fd85c9cfcbf4200d8971a3e9a126c64fe38620a88d34993561dcb3c16ff0,a70da35cfa7101999b3872cae5250670359272ed924fdaeccb268cf837a4c495,RESERVE_CANDIDATE_REQUIRES_RPC_AND_PAIR_EVIDENCE,False,False,False,False
bankroll_stack,bsc,56,2021-07-04T20:29:46Z,9,90,0xad3571368bd1c76d9dfe7070fdd44032210eaebe,56:0xad3571368bd1c76d9dfe7070fdd44032210eaebe,UNKNOWN_REQUIRES_RPC,-1,0xec3f90c010c985dea11b64a88bc34e63a8e7836a7fdb07d3b1d971a4bc631892,8808747,UNKNOWN_REQUIRES_RPC,False,v2/contract_deployments/contract_deployments_30000000_31000000.parquet,0d12ca90369256d040cf542c85f6ffcf446e4e3e8d19fd878d446ff8ed9337b7,13be6e0169fcce5c09884cf587f0f3e59b77ff9f4a9cc3708dc34e05b04ff104,000918370bed3936a584149e5660713b830e5f8ffaad0ee02928be5d76fb4f7a,7c1ad63d8d68ce3999020c8e68866c2523fe496a74f3942367b92326bcb7c9da,RESERVE_CANDIDATE_REQUIRES_RPC_AND_PAIR_EVIDENCE,False,False,False,False
bao,ethereum,1,2023-02-22T01:28:35Z,10,100,0x6255a19d76c7cd5aee0ad60bfbda4c8a1def0b89,1:0x6255a19d76c7cd5aee0ad60bfbda4c8a1def0b89,UNKNOWN_REQUIRES_RPC,-1,0x22b3544e177281f5971f7dd4d3096fd5c3658e49ea28d8531a1ab4c51a0dd5f9,16544551,UNKNOWN_REQUIRES_RPC,False,v2/contract_deployments/contract_deployments_6000000_7000000.parquet,408541b1fff35d9d72eb413a63bd7e1ecdfd299daa7ca67b3c7185856aa6aef7,0ca637d904dfe0834fdcc3be458fe1ad51f74ef30f0c8e241423ae900eb9a593,00103a63cff4bb9cec93b48cf640bef722a4e322623f19f3ef077a1bc808a94c,484f71833ab9b6e41c01a005d12a351511eaba19b106ba6de61e7b3d600eea0b,RESERVE_CANDIDATE_REQUIRES_RPC_AND_PAIR_EVIDENCE,False,False,False,False
barleyfinance,ethereum,1,2024-01-27T12:54:35Z,10,100,0x64ae3866a2a37a8a4246e348f5d2fe9c63e1a4e8,1:0x64ae3866a2a37a8a4246e348f5d2fe9c63e1a4e8,UNKNOWN_REQUIRES_RPC,-1,0xab8bbe1b834296f8ebee491e7256066416bc5eb254a3285e7bce9830a5289c52,19024438,UNKNOWN_REQUIRES_RPC,False,v2/contract_deployments/contract_deployments_2000000_3000000.parquet,6d562e88df03827bfbf01c2b88d473f0dece6ca3dcd2b0c76188bf3236dcdaae,d0efc0589c733e2c45670283fd7aedba170a08badd8b4e661a9f1b44ef9aca07,0014cea18e9e240310ce6bc908bf1c55f85f788da1238cce6e309e02addaeda2,352e85fb5c0287c13f2eeb19ee900f9355a60ad74593cecfe0c5be9737473500,RESERVE_CANDIDATE_REQUIRES_RPC_AND_PAIR_EVIDENCE,False,False,False,False
bbt,ethereum,1,2024-01-19T17:09:23Z,10,100,0x6e8a2d5d96d04ea6f478da7f2635cb39e36d021f,1:0x6e8a2d5d96d04ea6f478da7f2635cb39e36d021f,UNKNOWN_REQUIRES_RPC,-1,0x3c33f8c92be9afaf19c88e7641603ad2bf7281113c019b129748bb390cd8d304,18901146,UNKNOWN_REQUIRES_RPC,False,v2/contract_deployments/contract_deployments_9000000_10000000.parquet,6777e0b50be1d60a845e1be0313473c99fb8675967b51e4530577f82391cd3cf,78508414ffe042a7c0f0f082b65ccc9ada18ba19906e3fa0f84cd6dec2d9ba67,0025387d0a2dd08a211da72632f929d225455c9711aff16a878e6d68088d6291,52b64b9fc727f7d8a93b83cc09acbf616820c55f36ce2aeb6d59f03cbd754379,RESERVE_CANDIDATE_REQUIRES_RPC_AND_PAIR_EVIDENCE,False,False,False,False
bct,bsc,56,2023-12-08T09:27:08Z,10,100,0x7ae2633f988878de873d643ef20e17332a5d3ad2,56:0x7ae2633f988878de873d643ef20e17332a5d3ad2,UNKNOWN_REQUIRES_RPC,-1,0x69a7f204cff53ddfa8d1ba7ff2616414c4abe918c987ca4ee1b23974b1eb7d0f,34018745,UNKNOWN_REQUIRES_RPC,False,v2/contract_deployments/contract_deployments_31000000_32000000.parquet,1096c453513646713a3b6185edd15651bf3a9599e2e334ecd82bcf3c939ca722,121be30865eb785d31ac6816e3592cd251ac14ae6ba3e53a539abdc1fd805502,000ec6757c76e22303490b8ed73156bbaa4161a5a941ed86f8e457a70e9461ed,5c9efb64b881a3b28aab7701d5fffe0030eb8b9ad3bcd6c6138c8c10a99ba4d1,RESERVE_CANDIDATE_REQUIRES_RPC_AND_PAIR_EVIDENCE,False,False,False,False
bdex,bsc,56,2021-05-12T06:52:17Z,10,100,0xc98291f0675decf96336ea5a3257023802636dcd,56:0xc98291f0675decf96336ea5a3257023802636dcd,UNKNOWN_REQUIRES_RPC,-1,0x62d7bfd70d70ace73fbafee536ca5e8671747faf3e63becf6a97b2e809487af7,6924917,UNKNOWN_REQUIRES_RPC,False,v2/contract_deployments/contract_deployments_9000000_10000000.parquet,6777e0b50be1d60a845e1be0313473c99fb8675967b51e4530577f82391cd3cf,eaebb323f881fa47770aaf0b6e6f87085d18d61c544545d458d3b2bcdfb9d366,000d6a7005e079ba923f0edeecd990db61daaeb8c4dd3b48f70e5377a40c21ec,d30ce4eb773254557d7aa0145ce23bf21a1c15108779280c437aa6d3c7ba862f,RESERVE_CANDIDATE_REQUIRES_RPC_AND_PAIR_EVIDENCE,False,False,False,False
bearn,bsc,56,2021-02-14T02:52:08Z,9,90,0x77dfb1dafc92c5df29996f5528ba1829941cd3bb,56:0x77dfb1dafc92c5df29996f5528ba1829941cd3bb,UNKNOWN_REQUIRES_RPC,-1,0x9b59950f52318af1aea508fb0498f55563d05227fe52fc17269e22059dbfc283,4782729,UNKNOWN_REQUIRES_RPC,False,v2/contract_deployments/contract_deployments_1000000_2000000.parquet,7529540c96f11e4fc0d376fd36b2953644bebebe317a864615e2d14403a341fe,07813dcc5cea47fc92b6fb69270128b3f0f138ee336ddc3fb4e4a0330604ac7c,00ff10b31e8d6642d54bbd0254662dc829187e723610a11c2fcbf4cd9cdc8e4e,b28e5d87c583e30ca19eaaaacdf52ee446d176403c0e1dbdde18fb9ad39900df,RESERVE_CANDIDATE_REQUIRES_RPC_AND_PAIR_EVIDENCE,False,False,False,False
bearndao,bsc,56,2021-03-03T08:33:22Z,10,100,0x6b097688b0743da67515594b1462b71350372051,56:0x6b097688b0743da67515594b1462b71350372051,UNKNOWN_REQUIRES_RPC,-1,0xa8c7c9db4d6b024ce49e2f833988841a745572db22d1176ccdde2b53971f839e,4493091,UNKNOWN_REQUIRES_RPC,False,v2/contract_deployments/contract_deployments_1000000_2000000.parquet,7529540c96f11e4fc0d376fd36b2953644bebebe317a864615e2d14403a341fe,62450f284008f7418a437fac2c815c30bddcba76cf7f93477d532a74b8e50add,005910daf8680cdcffe03a9112e5836b9f6fc66728aab3871209ecc6fdc11941,eb13d4ce107db30b6e15ea1964cd6c93686613a6bd268610eedc30c0603281b3,RESERVE_CANDIDATE_REQUIRES_RPC_AND_PAIR_EVIDENCE,False,False,False,False
bedrock_defi,ethereum,1,2024-04-14T08:55:47Z,10,100,0xc2c7a824e519cec57353c3121f6f6754e7a68139,1:0xc2c7a824e519cec57353c3121f6f6754e7a68139,UNKNOWN_REQUIRES_RPC,-1,0xd03e0d3a8417d0930204f3af336532d99728d80d639918acc8e15f8a5299c976,19595548,UNKNOWN_REQUIRES_RPC,False,v2/contract_deployments/contract_deployments_1000000_2000000.parquet,7529540c96f11e4fc0d376fd36b2953644bebebe317a864615e2d14403a341fe,c6e3be7dc6d922589c495bd4cb6502fc7bcf94bb2bdfc43b37dbde99f2be9129,002743b9dec818e0ebd1f0de59fae33b92ebdeb23ea92487cad10453430b596e,040cac09bc1a3d82cc476668e764901023270a3b2b477dcdb59342de73c0c345,RESERVE_CANDIDATE_REQUIRES_RPC_AND_PAIR_EVIDENCE,False,False,False,False
bego,bsc,56,2021-03-11T13:53:56Z,10,100,0x373f17bf868b9f0084359b49aeecafb95416e466,56:0x373f17bf868b9f0084359b49aeecafb95416e466,UNKNOWN_REQUIRES_RPC,-1,0xadde797fd8f8d3ab5bbb4075d053582ca35c9e1ce0e7d3d2d37ec03a9687ff3c,5180404,UNKNOWN_REQUIRES_RPC,False,v2/contract_deployments/contract_deployments_1000000_2000000.parquet,7529540c96f11e4fc0d376fd36b2953644bebebe317a864615e2d14403a341fe,bb2916d47b47f375f53deadfba3de841866b2ba2104aac54362563c367f38aad,003bffbdf5054ec9a7434d5d0fa02b68cfd149756a5cbf9e3e58232264791220,1498dc7844bc39020324c4064028fe1a3d99af6b57018e2a28c18c691d5c68ae,RESERVE_CANDIDATE_REQUIRES_RPC_AND_PAIR_EVIDENCE,False,False,False,False
bevo,bsc,56,2021-05-22T20:15:56Z,10,100,0x09b518491ef226b790fa2b6076cd444aeb621275,56:0x09b518491ef226b790fa2b6076cd444aeb621275,UNKNOWN_REQUIRES_RPC,-1,0x79efcf66654507cb39b49d8733149489917b1c1344fe5e89986e192d78febdd0,7228507,UNKNOWN_REQUIRES_RPC,False,v2/contract_deployments/contract_deployments_31000000_32000000.parquet,1096c453513646713a3b6185edd15651bf3a9599e2e334ecd82bcf3c939ca722,aa08a7402dd4e0db99f14c0030e5de5e99c7d68b2558778b4f671c9b182c41c2,000d8a7129c86534dc30f6225ccec457278dbcf3191b9ff50e0e720d7fe22dfb,751974d1477aebbed666c4e25d1036d93c74b548aeadc2ce968c422ed2a5e904,RESERVE_CANDIDATE_REQUIRES_RPC_AND_PAIR_EVIDENCE,False,False,False,False
bfctoken,bsc,56,2023-09-08T03:39:58Z,4,40,0x0657b9a3e76cb5c2d060bdc1e5f00effc01e4b82,56:0x0657b9a3e76cb5c2d060bdc1e5f00effc01e4b82,UNKNOWN_REQUIRES_RPC,-1,0x3ca0fabc50427258d1ad8d0d3a21ffb64c92528d6adcfbcc98985f04d50d384b,30834820,UNKNOWN_REQUIRES_RPC,False,v2/contract_deployments/contract_deployments_30000000_31000000.parquet,0d12ca90369256d040cf542c85f6ffcf446e4e3e8d19fd878d446ff8ed9337b7,2ddb1f58645220cb102d6e6514e0204546067ca87937145b52b86d2139761713,0020a18703f241aed283191613f4c1c3f4aafb2e32c6a73a8c414d2ab3d3ea0d,62051cca8968fca86bee97f2d21c8aaf1558aa4cfed7de83924008822188698e,RESERVE_CANDIDATE_REQUIRES_RPC_AND_PAIR_EVIDENCE,False,False,False,False
bgld,bsc,56,2022-11-24T23:02:59Z,7,70,0x00f456b690e4f0f9471dd42a70a90207786c4981,56:0x00f456b690e4f0f9471dd42a70a90207786c4981,UNKNOWN_REQUIRES_RPC,-1,0xf1fe671ad95c4f0f0938e90c9a8c9ec0911977ce7e7bac3491f2eb48ab0aee7d,23321590,UNKNOWN_REQUIRES_RPC,False,v2/contract_deployments/contract_deployments_29000000_30000000.parquet,3255e78e345aff80bfd6dfc7d760f4bda3a96fce4225cc3e128ce3d21ff32822,cfb50ded6e17239747e81ae1dbfda89d31df8d118f6e8ebb3991aeef1dc5e31f,001bcb47b09673fd7c1a690efa28f22770cc1e9217397285fd4418060ba17b21,1256d26082e35a3bc7abfe9176973f715b3819b7d39762d54ad4aa254852941e,RESERVE_CANDIDATE_REQUIRES_RPC_AND_PAIR_EVIDENCE,False,False,False,False
bh,bsc,56,2023-10-06T07:27:02Z,10,100,0x569779baf88e755e5373742b54389049bf3b6eec,56:0x569779baf88e755e5373742b54389049bf3b6eec,UNKNOWN_REQUIRES_RPC,-1,0xa7e6fbb5e0d5bc96ca59f0b7034ce580b40ab2cd8d2511e1ee0477b839653ddb,32196724,UNKNOWN_REQUIRES_RPC,False,v2/contract_deployments/contract_deployments_31000000_32000000.parquet,1096c453513646713a3b6185edd15651bf3a9599e2e334ecd82bcf3c939ca722,3aeb3f17dbcbb901e8fb0da43d3bb51b08c240316cc13a59d40a4a16ad10424e,0032793c05a4f652f31a83abcedf220612ed40143ce9bfc30cad2d2aa641c061,a9e85a67087f67cc7457a40c972d939eb19b764ccaaae087f27bccc6f42f02fa,RESERVE_CANDIDATE_REQUIRES_RPC_AND_PAIR_EVIDENCE,False,False,False,False
bigfi,bsc,56,2023-03-08T21:16:45Z,6,60,0xbedc62dee6a83268b98bfd63c552a358163f3374,56:0xbedc62dee6a83268b98bfd63c552a358163f3374,UNKNOWN_REQUIRES_RPC,-1,0xd7f7a5af8a25d1272bafa24ca9e677c1523085892bc90df3bb32071a86eb407f,26196870,UNKNOWN_REQUIRES_RPC,False,v2/contract_deployments/contract_deployments_30000000_31000000.parquet,0d12ca90369256d040cf542c85f6ffcf446e4e3e8d19fd878d446ff8ed9337b7,9f466bfa2182645f9ae1195c62d39b5888e6d4e4bc0d74da50a703c1c32fa971,00155c87e14bbd1caa33186ddeb51ce25938d0871c5376bb4cff272c55636c24,f24411ca244046824857f6dec4baf1a732733f9a839a8fcf74f6cc1396a267e5,RESERVE_CANDIDATE_REQUIRES_RPC_AND_PAIR_EVIDENCE,False,False,False,False
blueberryprotocol,ethereum,1,2024-01-24T04:16:11Z,10,100,0x119db10538e96c75dc8e6a8c2ec1b944eaddb856,1:0x119db10538e96c75dc8e6a8c2ec1b944eaddb856,UNKNOWN_REQUIRES_RPC,-1,0x0ce8e2ae6bb058ea60448c94e2d99e856ea6cdf8749275ef1a69c97c098ebc8b,18930227,UNKNOWN_REQUIRES_RPC,False,v2/contract_deployments/contract_deployments_2000000_3000000.parquet,6d562e88df03827bfbf01c2b88d473f0dece6ca3dcd2b0c76188bf3236dcdaae,e9ab12ba0f66e92809ab535bb0e069075d30fda76c684a9443261f21c6b2a0fd,001ae42703dd5c6dca6b7a6e36e362cedc3f0056331112ee58e9143f05ddebbe,d1adde4e7e8f1843c865894162fc0da9b440cf757b358d1bb07b9d2898742a8d,RESERVE_CANDIDATE_REQUIRES_RPC_AND_PAIR_EVIDENCE,False,False,False,False
bmizapper,ethereum,1,2021-07-07T05:48:25Z,10,100,0x7cfcd2cb3f5153d565f14a83b90e8397ca61b1a2,1:0x7cfcd2cb3f5153d565f14a83b90e8397ca61b1a2,UNKNOWN_REQUIRES_RPC,-1,0x6fe0d7d5755b557ecec2999346a9b415c2863f4d49cf7b96186f15a80180bb94,12630574,UNKNOWN_REQUIRES_RPC,False,v2/contract_deployments/contract_deployments_20000000_21000000.parquet,5408f43ed5a3cd3b27216a3df0904e4053ec650ebb80c9c1c2ede9026839c3b5,39cd15801602853f4fbdf5e719a7e7d6835abc57b7557e4b09252265cb8a2da7,00045693f342f17fbe9be27dfca6abb2a2468435c9ad720cdaf106374d92906e,ee42a820690b23b97d68e1cb902c7508a920b717464b082d6c0c097642076a30,RESERVE_CANDIDATE_REQUIRES_RPC_AND_PAIR_EVIDENCE,False,False,False,False
bno,bsc,56,2023-05-26T15:12:33Z,5,50,0x6978099135311b7d0eeaee01d2a442dc83ab2ba0,56:0x6978099135311b7d0eeaee01d2a442dc83ab2ba0,UNKNOWN_REQUIRES_RPC,-1,0xf8d4319a365c89ad6e06b770d96527c4445e7b4a0b642d54a5945c592e6d6444,28344668,UNKNOWN_REQUIRES_RPC,False,v2/contract_deployments/contract_deployments_31000000_32000000.parquet,1096c453513646713a3b6185edd15651bf3a9599e2e334ecd82bcf3c939ca722,f20bf6c54ad1e00a11995341ef2424ec2202ac772fb7e434a551ef4697e8daf9,00129e469f7e1279ad55dd35aa0f5484987120b50df4c13f584a41604f74cbb5,dadafdb59ac6f06860a87f99289a4940c9a03034ffd12b0fd56ee6337a5d778e,RESERVE_CANDIDATE_REQUIRES_RPC_AND_PAIR_EVIDENCE,False,False,False,False
bob,bsc,56,2023-05-30T18:54:19Z,10,100,0xcbc094a243595df8ee35302dbe395f1780065e85,56:0xcbc094a243595df8ee35302dbe395f1780065e85,UNKNOWN_REQUIRES_RPC,-1,0x2f9d0d8a0387444663466d5718a38530fd88028786e9746ede782ea8f73bfccc,28617237,UNKNOWN_REQUIRES_RPC,False,v2/contract_deployments/contract_deployments_30000000_31000000.parquet,0d12ca90369256d040cf542c85f6ffcf446e4e3e8d19fd878d446ff8ed9337b7,37a38686cd73babaf9baf56ad7f507c37a6ae16307fb1093c92cadf1cc326691,0009622037f10851efaa184e4c3761633de13dc40b87da74de575d870ec4f195,6ce9e6f44d3cf8defb4e507745224dc334787a8321969e78c17447256dffbc78,RESERVE_CANDIDATE_REQUIRES_RPC_AND_PAIR_EVIDENCE,False,False,False,False
bra,bsc,56,2022-10-13T11:39:39Z,10,100,0xbef4a854b51f8122b8a10a5d368a43894c201cf1,56:0xbef4a854b51f8122b8a10a5d368a43894c201cf1,UNKNOWN_REQUIRES_RPC,-1,0x752f89f5dc844b3fb2c3be2135ef24fd7a55ebd5704c957eef466e2f8bb75a2e,22131216,UNKNOWN_REQUIRES_RPC,False,v2/contract_deployments/contract_deployments_7000000_8000000.parquet,54cb1c23725d5765da58c76ee4eb73bb326370e440cb6baab9e8463544906967,28997ee2c9f4944fd72b17d686ef79939c6da0c895acee3741637ba81a917913,00170b3be123d86954494f77422248f3af0b3b736e3f318d4166711e685a7f1a,df7acb918e4f49f18cd026382f9c79779d7c229afa941a76ad85f4c7d5e81d7c,RESERVE_CANDIDATE_REQUIRES_RPC_AND_PAIR_EVIDENCE,False,False,False,False
brahtopg,ethereum,1,2022-11-08T15:45:35Z,10,100,0xbfd3548c4a5d904164c1344ad18e577b10830a47,1:0xbfd3548c4a5d904164c1344ad18e577b10830a47,UNKNOWN_REQUIRES_RPC,-1,0x85b1448f10ffbae5513869d002c3800ef8e2c3ff38913c8af61775c6185747a5,15761597,UNKNOWN_REQUIRES_RPC,False,v2/contract_deployments/contract_deployments_6000000_7000000.parquet,408541b1fff35d9d72eb413a63bd7e1ecdfd299daa7ca67b3c7185856aa6aef7,4f2c541f1e6da756ab76d97f03db8e55ac16b8418a10d2f0246cf6996c5cefb1,00163ab69493a938ae9a3cc7f4bd472098318f7f4319c30b6d6cb7620eaeb703,ed3da3ce829549d51a4d70c8bfc216020ce6440eb992030c7ecaa9548d4eb21b,RESERVE_CANDIDATE_REQUIRES_RPC_AND_PAIR_EVIDENCE,False,False,False,False
btc20,ethereum,1,2023-06-16T10:19:11Z,10,100,0x1d9dd25e987ec6aac63f064407b99563ba10fea9,1:0x1d9dd25e987ec6aac63f064407b99563ba10fea9,UNKNOWN_REQUIRES_RPC,-1,0x78f892fa517ca0e754986ff792f3e77f156d27aad4bc9e1c6fb5a3490268df86,17473052,UNKNOWN_REQUIRES_RPC,False,v2/contract_deployments/contract_deployments_0_1000000.parquet,d5e23a08a88dabb08e4eb326b1c042e55165b1fd682650ab9ed73f136e287d31,b7a29d59b3b94ecbc126ea4616bfc637556dcbaf21d5881541162fb683ae0efd,0009bf55bc847799f2bbc29331c5267799937ab21a14ef30c8c08edb945904e2,a54ff2cbb711e2533dd67987231dff3bd462cb3597728d0f1f238801ca6bdad1,RESERVE_CANDIDATE_REQUIRES_RPC_AND_PAIR_EVIDENCE,False,False,False,False
btnft,bsc,56,2025-01-04T11:19:22Z,10,100,0x6f3958a4e1861126c4cf6e122bce7b4475174f32,56:0x6f3958a4e1861126c4cf6e122bce7b4475174f32,UNKNOWN_REQUIRES_RPC,-1,0x5ea6b2d4e4b7b80130b1f38220db293e95669cc995c11931db0188431d2c819b,45034047,UNKNOWN_REQUIRES_RPC,False,v2/contract_deployments/contract_deployments_30000000_31000000.parquet,0d12ca90369256d040cf542c85f6ffcf446e4e3e8d19fd878d446ff8ed9337b7,969297010a763a6153666ec675bee4b2eb8591edae7ed1711d14dd42345b37c2,0032fe8a67902442c2985e50589af39a94fa046e353a874a1cd712ebdd1764df,be2737ff2fcbf908287bdfdaebef9e957222f1f707d6e5feea0ac8328c32b62e,RESERVE_CANDIDATE_REQUIRES_RPC_AND_PAIR_EVIDENCE,False,False,False,False
bunn,bsc,56,2021-04-21T23:10:46Z,10,100,0x9fe388d03398fbcc8fafc0d58e139231fb5da26c,56:0x9fe388d03398fbcc8fafc0d58e139231fb5da26c,UNKNOWN_REQUIRES_RPC,-1,0x5eb760dcde16138fc5283e20b463a2efefc7a0e3ef6c35d9387b62a64b27ba6e,6723456,UNKNOWN_REQUIRES_RPC,False,v2/contract_deployments/contract_deployments_9000000_10000000.parquet,6777e0b50be1d60a845e1be0313473c99fb8675967b51e4530577f82391cd3cf,6f385d6a5991ff0af938f67fb25258a6ad3871e504b8861f89704990152b3842,0016f5c11b5f8f296d56b8a81a137bbf344c36fedd3daff18801c18945910de3,aca4208807a0b32ab91129950de85b84d4a00520786d57b6e3d326ce889dd015,RESERVE_CANDIDATE_REQUIRES_RPC_AND_PAIR_EVIDENCE,False,False,False,False
burgerswap,bsc,56,2020-09-20T01:26:49Z,10,100,0x174401b11def1c6ade9a04016207c2d5b1695d62,56:0x174401b11def1c6ade9a04016207c2d5b1695d62,UNKNOWN_REQUIRES_RPC,-1,0x4614a365d9b320f202c679ade4139ffae4aea53424122531d9b77a19393033a6,201741,UNKNOWN_REQUIRES_RPC,False,v2/contract_deployments/contract_deployments_29000000_30000000.parquet,3255e78e345aff80bfd6dfc7d760f4bda3a96fce4225cc3e128ce3d21ff32822,2106fd1d252ee266197c42eb0995f8be92e91fc35bf43ef793fced1ab0efc162,09083d9cfd4f3909972e3edaf4ff40fedd0ecb9b9f829a14829001a7f881df88,26eb582592b731243e290b02d874721d671a0f1dc4c549ad120eb2ace290822e,RESERVE_CANDIDATE_REQUIRES_RPC_AND_PAIR_EVIDENCE,False,False,False,False
burner,ethereum,1,2020-07-28T09:39:06Z,10,100,0xf5e311e4f2a0f90dbd6ce5f87d500182b179c875,1:0xf5e311e4f2a0f90dbd6ce5f87d500182b179c875,UNKNOWN_REQUIRES_RPC,-1,0xa66542c179b602a83beb46185f8d223101d0eece2629c92dc83a922d84925a83,10389233,UNKNOWN_REQUIRES_RPC,False,v2/contract_deployments/contract_deployments_18000000_19000000.parquet,2dcd3c6c46c1f5489efaf97a7571ebbe6353d25a2f649f3933fab9345109debf,49b168d16a9789c49fc80d729178dfb6a9be9b4ce1a2096bbba280010f1cce20,00088db3e44982aa333d87b1f02d3aa800a3cf42e41c39314dba28adc06df069,046d5dce2898615b322a3941f9f6afb147183d5a1a1b55ecc2aee31c111becc3,RESERVE_CANDIDATE_REQUIRES_RPC_AND_PAIR_EVIDENCE,False,False,False,False
burntbubba,ethereum,1,2023-01-11T15:25:11Z,10,100,0xef7102de4ae45dd36525fd9a394b161e2a1655c7,1:0xef7102de4ae45dd36525fd9a394b161e2a1655c7,UNKNOWN_REQUIRES_RPC,-1,0x5783073d4c48d1fa2752c56522d0d26d4bba57729979e63bd4fa654e9f20bca4,16205901,UNKNOWN_REQUIRES_RPC,False,v2/contract_deployments/contract_deployments_0_1000000.parquet,d5e23a08a88dabb08e4eb326b1c042e55165b1fd682650ab9ed73f136e287d31,adcc106bb4707f69d40343ae0ebf9b0475164b37376b5b7186679a2c94cb7167,0015389d0b762e17d99fce34f0f86d2cf7c3d5f328ef46699008847165d4cb2c,f74895d766d6a7f07efdc8e55d63c52e8f93bdf3e7deaa9301d9ee98f735288c,RESERVE_CANDIDATE_REQUIRES_RPC_AND_PAIR_EVIDENCE,False,False,False,False
bxh,bsc,56,2022-09-23T03:22:20Z,10,100,0x4bf63875c83b1597866c8623acfb0c86ec6054d9,56:0x4bf63875c83b1597866c8623acfb0c86ec6054d9,UNKNOWN_REQUIRES_RPC,-1,0xa05c663b8a33d5e5e8b258e6e8b171b38116dce3b9eb0b020f42e5965a2b4640,20988635,UNKNOWN_REQUIRES_RPC,False,v2/contract_deployments/contract_deployments_30000000_31000000.parquet,0d12ca90369256d040cf542c85f6ffcf446e4e3e8d19fd878d446ff8ed9337b7,b2dd57513f88a581bcba186b72cd3edf61f87e2c8b7f2c88ee1946aedd79570d,000f1ebdb8116509ad99291c6c3bb2b046a0e2715ad8790c5718ef82a366006c,42150a0cee5b055db35a448ab2150067dbad2cd780793982cb6d0f7111f7f396,RESERVE_CANDIDATE_REQUIRES_RPC_AND_PAIR_EVIDENCE,False,False,False,False
bzx,ethereum,1,2020-09-04T00:35:16Z,7,70,0x88817585d528947d28f7377c7fb7cf304c42cf90,1:0x88817585d528947d28f7377c7fb7cf304c42cf90,UNKNOWN_REQUIRES_RPC,-1,0x09e745dbbb7ea9e679d998da81c3cc96a0be1dc982aab5f23621aa08d08e89ce,10681943,UNKNOWN_REQUIRES_RPC,False,v2/contract_deployments/contract_deployments_19000000_20000000.parquet,204b7f381daf9d8017d4efd97183633a94c1c646efa22b219290c725f63c79d8,45128b51a7d86c889a861a8a366d4024a2eec1eb79be8a05e392a24272d85638,0009e78cff0ced5a7e5d1351330fd36eaedcce42b0ea6a64bb8d84706de21358,549e0504994d81213265a337eecefce4ec202dbb52f5cec9da83970e6d9726df,RESERVE_CANDIDATE_REQUIRES_RPC_AND_PAIR_EVIDENCE,False,False,False,False
bzx2,ethereum,1,2020-09-04T00:36:41Z,10,100,0x252c51ec9d8524cdc91d6348cfee65267b0ec3bb,1:0x252c51ec9d8524cdc91d6348cfee65267b0ec3bb,UNKNOWN_REQUIRES_RPC,-1,0x71b92ee1b8006596cbbd242d18d943ccca4de235f41bf40eeb24f51dd0cdbf4d,10732341,UNKNOWN_REQUIRES_RPC,False,v2/contract_deployments/contract_deployments_13000000_14000000.parquet,8885bd5034eff92607b7ffb297b079b222764c22e24fbd5bdf3f3d689c1a839b,b8e9693112bb1c615952c64b3d9c5a24da81faa1f51ec419ce2fc4d853fb8bd2,0006be527b97b2699244d9686d6840818746e565bfa576e369c1a711c6b52d8a,0873eed31aebe6e733034d57441f7ec0b8d7019bc85a33126433082b4ce118ad,RESERVE_CANDIDATE_REQUIRES_RPC_AND_PAIR_EVIDENCE,False,False,False,False
carolprotocol,base,8453,2023-09-08T13:32:03Z,10,100,0xd5260979a9c55f3c36c9f222436dde0c235c9a61,8453:0xd5260979a9c55f3c36c9f222436dde0c235c9a61,UNKNOWN_REQUIRES_RPC,-1,0x7f72141b6bd6a2537bb1ea922c768e38494711b4d4491ce21e6892cfd995331c,3076538,UNKNOWN_REQUIRES_RPC,False,v2/contract_deployments/contract_deployments_4000000_5000000.parquet,406a31270f695d2ae9b4e4bad98a30b07b5eaadb7304d7956aee8a1b1f9474b3,d3025c34fb04815a3d3cb22e53cb91ca47386519aa4c179ae577e1bc13311aaa,000df1b8bd3de91fa5813604285e843e586258cc328567d3bec82cefa2422cce,1b4f8993e6013e92506d27400aa08404390727850a90efd83aabab410566eb36,RESERVE_CANDIDATE_REQUIRES_RPC_AND_PAIR_EVIDENCE,False,False,False,False
carrot,bsc,56,2022-09-29T16:26:33Z,10,100,0x4b8423b767de0a61cd0d9d4b8f1e86062e57354f,56:0x4b8423b767de0a61cd0d9d4b8f1e86062e57354f,UNKNOWN_REQUIRES_RPC,-1,0x6838dcb6632f8604f1f52037ccf0839a40f62026d9d853c4449fae1e7b9ce9d9,21571488,UNKNOWN_REQUIRES_RPC,False,v2/contract_deployments/contract_deployments_6000000_7000000.parquet,408541b1fff35d9d72eb413a63bd7e1ecdfd299daa7ca67b3c7185856aa6aef7,0b33716031a378811ff7599eec6606edc880f6c9bdcc5e74e228372937a7181b,0012839c7c555746eae4363e3c27320e87f6ce381e95e710653a156a8cacddce,991144ce5f09ac39a196a40db6ad46fdfd46c78a2ba2bb00d75edd940850ebd7,RESERVE_CANDIDATE_REQUIRES_RPC_AND_PAIR_EVIDENCE,False,False,False,False
caterpillar_coin_cut,bsc,56,2024-07-27T10:14:58Z,10,100,0x8f95c74385fd2dc035bb277944634479a6fd8531,56:0x8f95c74385fd2dc035bb277944634479a6fd8531,UNKNOWN_REQUIRES_RPC,-1,0x48c11a159c4b9dfc82b76850c98a89d070c4525ada7ab5a27dbad707402a4234,40545733,UNKNOWN_REQUIRES_RPC,False,v2/contract_deployments/contract_deployments_29000000_30000000.parquet,3255e78e345aff80bfd6dfc7d760f4bda3a96fce4225cc3e128ce3d21ff32822,47b61cfc9d5a778a65f1a5cd3bbcfb362827ebaa4c46c0d699ead823603ac3ea,0028795f230696ee6d7b1fdf0f46512cd0aec28087446a4b16eec53497f35e8a,3f854f9f30b1b88093836d3cc9a2cc94a4ab4ef1ae91431e481c54bd7b3790a1,RESERVE_CANDIDATE_REQUIRES_RPC_AND_PAIR_EVIDENCE,False,False,False,False
cellframe,bsc,56,2022-11-15T12:24:22Z,10,100,0x6444427699f7fa29195189833b1cfc31c7be4dd0,56:0x6444427699f7fa29195189833b1cfc31c7be4dd0,UNKNOWN_REQUIRES_RPC,-1,0xa8600987ca5a655ad2af88caf4ca1d53f1113c03b0812f5eb84f6fe3756a545d,22282356,UNKNOWN_REQUIRES_RPC,False,v2/contract_deployments/contract_deployments_30000000_31000000.parquet,0d12ca90369256d040cf542c85f6ffcf446e4e3e8d19fd878d446ff8ed9337b7,56e3ece509e7bee8268721503ca8e2910863dc1dd7ad25b1817995573c9bef88,000ff39ae120b548734d680b5e36bcdf337c35eb7d2599656604147f0fe92d8f,3ec00e1ef88ed96180811740050e9a67feb800cb90506c8822fa668070fde93e,RESERVE_CANDIDATE_REQUIRES_RPC_AND_PAIR_EVIDENCE,False,False,False,False
cfc,bsc,56,2023-05-30T13:12:14Z,10,100,0x31584955759211b9b3ba908a486faafdf7970e0a,56:0x31584955759211b9b3ba908a486faafdf7970e0a,UNKNOWN_REQUIRES_RPC,-1,0x78fb309f84cd9fad678771b3abe285c342f9558d82fcba1e8e9d0c56b3227513,28497894,UNKNOWN_REQUIRES_RPC,False,v2/contract_deployments/contract_deployments_31000000_32000000.parquet,1096c453513646713a3b6185edd15651bf3a9599e2e334ecd82bcf3c939ca722,662d8d5a414082fb01d7edaf05d264449b24da7bc34c17c829988c258b5f712c,0006f71a779f437fe7cbf4aa969d5644761483230b021e6f65e934fbf4d679e6,7314f321ff85b9681685fc58461782d819bf741f4e4e901572b73e0f4c5d02a0,RESERVE_CANDIDATE_REQUIRES_RPC_AND_PAIR_EVIDENCE,False,False,False,False
chaingefinance,bsc,56,2024-04-12T08:16:02Z,7,70,0x01311285f55bca6ff88851f347d5ca4d16d2db84,56:0x01311285f55bca6ff88851f347d5ca4d16d2db84,UNKNOWN_REQUIRES_RPC,-1,0x95cca7ee85a91185a93c1df19e444d908a0b6fb205fdf42e4a6e39c648c3cd8e,37686158,UNKNOWN_REQUIRES_RPC,False,v2/contract_deployments/contract_deployments_31000000_32000000.parquet,1096c453513646713a3b6185edd15651bf3a9599e2e334ecd82bcf3c939ca722,49949f1c8792c4a1873586cd8e9224aef0087641e73e9d709315c9727d6d9d48,0015db501015cd4f23bffa758528a28d698df294350f0f9f4dc1e7027e58e7db,9609dff0386e1e37812b75ab0dd868e40d159ae21233d9bdbaa573e6ec32fdb6,RESERVE_CANDIDATE_REQUIRES_RPC_AND_PAIR_EVIDENCE,False,False,False,False
cloberdex,base,8453,2024-11-30T08:56:53Z,9,90,0xb377409ca07171725b59d25d8ae3562722c37852,8453:0xb377409ca07171725b59d25d8ae3562722c37852,UNKNOWN_REQUIRES_RPC,-1,0x7d358e5216bab04dd77e813c16b548adbdf447fc4147ae9a19228e728dbe198f,22939162,UNKNOWN_REQUIRES_RPC,False,v2/contract_deployments/contract_deployments_37000000_38000000.parquet,913bba10d8e1de979697f9de4c9273b913e5b1ab9c3f6b08baac9286700a1cf7,c562528a87ca4d44a6d7250c8eddb073db5f5e07bc286f027503db72bcdc8dad,000424a5c98a1b0d171d2ce37bf6c9f5bb1c8dbfc590e390076ad93d59164344,1f3c3929386be8c29deb56f4d186a1eedcc343b497a86f993ab870f9f49a39d7,RESERVE_CANDIDATE_REQUIRES_RPC_AND_PAIR_EVIDENCE,False,False,False,False
compounderfinance,ethereum,1,2020-11-09T02:00:56Z,9,90,0xf7dde178fabe8386ade62d584019326a203b5394,1:0xf7dde178fabe8386ade62d584019326a203b5394,UNKNOWN_REQUIRES_RPC,-1,0x58a31952eef3ce451fc7c04c58dd296bf8083350e3a5b0f87838c02ff4d3faab,11066841,UNKNOWN_REQUIRES_RPC,False,v2/contract_deployments/contract_deployments_2000000_3000000.parquet,6d562e88df03827bfbf01c2b88d473f0dece6ca3dcd2b0c76188bf3236dcdaae,8498ad8236de6296bbddf5e69dfbba222a42346a0dcb8c9fb5c389eae981c1a3,001654fc67060a633906235208b8c81273d8f644ef1168daab40a50016f02d93,632e8f64cbf9e87ddfb6404ab181609301d83e77decc37ebcbdc2b8879ad6c06,RESERVE_CANDIDATE_REQUIRES_RPC_AND_PAIR_EVIDENCE,False,False,False,False
compoundtusd,ethereum,1,2020-10-08T11:45:32Z,10,100,0x765effba0b32e13e53404cf18ce4a697908270e1,1:0x765effba0b32e13e53404cf18ce4a697908270e1,UNKNOWN_REQUIRES_RPC,-1,0xc271dafd9410faa18051e41c73de937ecb029fa67f72d2f3f1efc7de11f69bbe,10823042,UNKNOWN_REQUIRES_RPC,False,v2/contract_deployments/contract_deployments_17000000_18000000.parquet,8a63eb54bb198d66bb4daa82d14922009830abddc204e948292b7e4942358c8a,6119a1de85e0f9e2cbadaeb4d7ecd9c8d681b089022c2bbf126d227d7122fa94,000cdfe9d641e7716603d604f46dcf4710c8f4e1e05baba40017ff0dbb3cceda,e2339c247b6447d55437d7e9c6e36a7219e2e6dbbfaad6dcf1ee8dd0d514975b,RESERVE_CANDIDATE_REQUIRES_RPC_AND_PAIR_EVIDENCE,False,False,False,False
compounduni,ethereum,1,2022-09-30T18:51:47Z,10,100,0xe0afc388c55d3a1d8a102398936680d53d3bf09d,1:0xe0afc388c55d3a1d8a102398936680d53d3bf09d,UNKNOWN_REQUIRES_RPC,-1,0x41967ed325da9b17e7faed3e9635b4588ff2e6fbff2bcfae47285c37496ad972,15585721,UNKNOWN_REQUIRES_RPC,False,v2/contract_deployments/contract_deployments_19000000_20000000.parquet,204b7f381daf9d8017d4efd97183633a94c1c646efa22b219290c725f63c79d8,b9dc24f318970891cd4833963745ce37410297e483e807649e4aab06c6e6ea5c,0018a160b91367641a0a90f687d7f096245cedaaf74b5ffcfc60b06208334c2d,9166b4c88fcc8a088757b1c3896ce9953403e7f801b1a44ae696a4c64bc04528,RESERVE_CANDIDATE_REQUIRES_RPC_AND_PAIR_EVIDENCE,False,False,False,False
conic,ethereum,1,2023-07-01T12:32:23Z,10,100,0xa1e85d90b3762ca48db2af46203cd50fabc94901,1:0xa1e85d90b3762ca48db2af46203cd50fabc94901,UNKNOWN_REQUIRES_RPC,-1,0x87f67c021bb5825274d000b38c60af4670aceb506b55bb346bd2873370d1f568,17549815,UNKNOWN_REQUIRES_RPC,False,v2/contract_deployments/contract_deployments_1000000_2000000.parquet,7529540c96f11e4fc0d376fd36b2953644bebebe317a864615e2d14403a341fe,08213788b96f87c7e7faadc0db251231b349e3617c5005a4a370092806752e12,000a318c9d907e47e052c64392fd24294c0a0502b0029bdd9c79167d074d358f,ffd8357226b08b0e8aee664cbb50415811bcec322750e18b29818c54749c3208,RESERVE_CANDIDATE_REQUIRES_RPC_AND_PAIR_EVIDENCE,False,False,False,False
conic02,ethereum,1,2023-06-09T20:40:59Z,10,100,0x53ec91c972fb2fc4e4626df0ecb72926002cef96,1:0x53ec91c972fb2fc4e4626df0ecb72926002cef96,UNKNOWN_REQUIRES_RPC,-1,0x931066c55779306f4f8d9f7404dcc540010a3e04b58fc6fc3ae23a773a50fdd8,17289199,UNKNOWN_REQUIRES_RPC,False,v2/contract_deployments/contract_deployments_14000000_15000000.parquet,6176cf26c5e071de572e4fa584e8e6126dbdb3267e5f347910a581b7d8a944c6,945f454b8a50aec56f6962b526c05a5a7cec18365f36fd01342194f237b702cf,000f41279bfe7ab26c57ca828075ad3220d9e16412fc949edf64131ec8b5a7e5,e89a495cd22635ea27ddf1947871753585d90403d9513091bbf80a5ee22fdfbe,RESERVE_CANDIDATE_REQUIRES_RPC_AND_PAIR_EVIDENCE,False,False,False,False
conic_2,ethereum,1,2023-07-01T12:32:23Z,10,100,0x38bc598d5be26b97f2ba608585afcd90ea3bd149,1:0x38bc598d5be26b97f2ba608585afcd90ea3bd149,UNKNOWN_REQUIRES_RPC,-1,0x1fe068977360d64f6a3d5a86d00323f9abe2c5e6a3e861fd385d4b5c8f5f9893,17526651,UNKNOWN_REQUIRES_RPC,False,v2/contract_deployments/contract_deployments_0_1000000.parquet,d5e23a08a88dabb08e4eb326b1c042e55165b1fd682650ab9ed73f136e287d31,bb817c2c6e8270be06d608efb345ac0c6737590c0bc01e033f79dabd0bda4637,001258e64c9a1c11b2112613e14a800264ca4a1eda65a43addc2d71c3fdb8dfd,7df1470eba8b75f228a25cec2d087b703678e73f811333d17c2d40f088ac83dd,RESERVE_CANDIDATE_REQUIRES_RPC_AND_PAIR_EVIDENCE,False,False,False,False
convergence,ethereum,1,2024-07-15T16:36:11Z,10,100,0x674affe83da837ed5353ff2b37afe12bed05e38e,1:0x674affe83da837ed5353ff2b37afe12bed05e38e,UNKNOWN_REQUIRES_RPC,-1,0x3415c4f8b838b917240e77638c8ce2537c0cd7bdc64020af1d064245f28ff252,20198408,UNKNOWN_REQUIRES_RPC,False,v2/contract_deployments/contract_deployments_2000000_3000000.parquet,6d562e88df03827bfbf01c2b88d473f0dece6ca3dcd2b0c76188bf3236dcdaae,782503967f872151b1f1d558b5df9d26bf5533a17b8c5522e2372a8ef41c06ed,001b17cdcfeea22bcd010d8f28731cc368b2a77770eaab9efcee02c6756f2f11,86064fadbc5e9419947a96415f373a2932b78be749e2aeb9e3270172a672428b,RESERVE_CANDIDATE_REQUIRES_RPC_AND_PAIR_EVIDENCE,False,False,False,False
cover,ethereum,1,2020-11-20T23:49:56Z,10,100,0x16d92720af93dfda67064e4a8da86bb9a1c02758,1:0x16d92720af93dfda67064e4a8da86bb9a1c02758,UNKNOWN_REQUIRES_RPC,-1,0x00740e2fdb107d018c27299c9c35b4fc69e3488a5d227d00387bffc5df1525b8,11214471,UNKNOWN_REQUIRES_RPC,False,v2/contract_deployments/contract_deployments_13000000_14000000.parquet,8885bd5034eff92607b7ffb297b079b222764c22e24fbd5bdf3f3d689c1a839b,091d9ae7afdccf7c79083bb25cb44a19fdbceb4ba83af68483a0f61b68d9db0e,000aa36eec0652c6b953c1b61e72d6d650d620c1eeb5f5839909f7f93dc18a96,a4e205627622ab7cdc861a1cbd1b3b582b26785dc528512a835cf7e8a4cf8d92,RESERVE_CANDIDATE_REQUIRES_RPC_AND_PAIR_EVIDENCE,False,False,False,False
crb2,bsc,56,2024-04-12T09:15:16Z,10,100,0xd8607f388c0a2fd2f3c806b65879fddb5eabace2,56:0xd8607f388c0a2fd2f3c806b65879fddb5eabace2,UNKNOWN_REQUIRES_RPC,-1,0x003e8604742371d1588731e594dd9176c837988f55e85d523afb453c46f7f437,37619215,UNKNOWN_REQUIRES_RPC,False,v2/contract_deployments/contract_deployments_30000000_31000000.parquet,0d12ca90369256d040cf542c85f6ffcf446e4e3e8d19fd878d446ff8ed9337b7,f3dd3ea542d2b2caecffa56a18052db304252bf0319a3f737255cc6a50e1826e,0014771e02a33be043fd480e183603ce4cc6b84b4f92153998d5f2d258984b93,beb149bbf1d21da8340bb50186ba962fc05986a2e9b7d3cd1bbfa031bf5eb086,RESERVE_CANDIDATE_REQUIRES_RPC_AND_PAIR_EVIDENCE,False,False,False,False
cream,ethereum,1,2021-02-10T05:55:00Z,10,100,0x020c3dba224b8c3c179bef56aaff3b4e863b3136,1:0x020c3dba224b8c3c179bef56aaff3b4e863b3136,UNKNOWN_REQUIRES_RPC,-1,0x3c70e9ab93aa4a82652358d0fc506233a35c3ea46fd4587a29ed1f534c88a615,11634861,UNKNOWN_REQUIRES_RPC,False,v2/contract_deployments/contract_deployments_12000000_13000000.parquet,f15d5aeb7e3fcb63cca93eb03fa583594412966874735914078f617ae9c9b2ea,00a00b57424c7b9e49613bc2cb4354f35e16620928593c4c7f9b47456d0c8613,00087cf6b79068e4d46d911508718a431e19a2049b88e17e23aaa3b412d7e2bf,93a1eaaae7a035919492e484ad970d943361500bba1ef500e759c3b992c3bc2d,RESERVE_CANDIDATE_REQUIRES_RPC_AND_PAIR_EVIDENCE,False,False,False,False
cream_2,ethereum,1,2020-08-03T10:18:37Z,10,100,0x2c43cd7fe4f312e7c1f47d961a6b88181fa28f1c,1:0x2c43cd7fe4f312e7c1f47d961a6b88181fa28f1c,UNKNOWN_REQUIRES_RPC,-1,0xa68190ba4768bc226811dee86ebfe9700cd668c66a196082e3643f640d34ef5d,10492542,UNKNOWN_REQUIRES_RPC,False,v2/contract_deployments/contract_deployments_13000000_14000000.parquet,8885bd5034eff92607b7ffb297b079b222764c22e24fbd5bdf3f3d689c1a839b,797e39b53be0fefbbe1bdacada1e9d9dacf33f573604468cb3b927d61a88586a,000898e7153ec3b3afea0b9a072bb6e61e795b2070f1431bba9cc97d7970c412,1ebd93fb9fff953455d383a3e731a7f811c60958da6440c7955bfb2610d1f972,RESERVE_CANDIDATE_REQUIRES_RPC_AND_PAIR_EVIDENCE,False,False,False,False
cs,bsc,56,2023-05-23T11:13:18Z,8,80,0xc1eda9212a6bbe82cd268f96f2db09d52e54df9d,56:0xc1eda9212a6bbe82cd268f96f2db09d52e54df9d,UNKNOWN_REQUIRES_RPC,-1,0xa4083584f6149e98fa589b79b9eb6ef423224ff457b3b547b5eb78f9519084fa,28105375,UNKNOWN_REQUIRES_RPC,False,v2/contract_deployments/contract_deployments_30000000_31000000.parquet,0d12ca90369256d040cf542c85f6ffcf446e4e3e8d19fd878d446ff8ed9337b7,b9a337c2eddb675ac7a1818d666fe4e7e3185a5d54c02de1db986f2111bf73ab,000bb5be159afab12cdcfad66b7a2212c5f0b70d690d2e19791de55a560c8f22,7cc30683dff163e768074ce7a7188563fc9d43277ac2ed5cc5ef0e41deffd143,RESERVE_CANDIDATE_REQUIRES_RPC_AND_PAIR_EVIDENCE,False,False,False,False
dbw,bsc,56,2022-10-01T13:59:48Z,10,100,0xf18a6a240f0d00f91f0b08d3f034d1a92d37fb5e,56:0xf18a6a240f0d00f91f0b08d3f034d1a92d37fb5e,UNKNOWN_REQUIRES_RPC,-1,0x7e5e35d8cdcbe12f5a06e91b9e2efebeb414446bf5d8cb16b357bfc075c63499,21746814,UNKNOWN_REQUIRES_RPC,False,v2/contract_deployments/contract_deployments_30000000_31000000.parquet,0d12ca90369256d040cf542c85f6ffcf446e4e3e8d19fd878d446ff8ed9337b7,af1e30df4ae219a313ba94336997d396e095e5d65440c5302125c6b92448a175,0013deb8cb5b9cf37c2bb39a52563f7e66d4c053b4f51f0a39e806c5d7812fe2,5655f2a448c3a34b7a33aac0e86df402860378da68a62b9d15ff463af148cbca,RESERVE_CANDIDATE_REQUIRES_RPC_AND_PAIR_EVIDENCE,False,False,False,False
dcf_token,bsc,56,2024-11-23T09:08:35Z,7,70,0x168913b9608ba99a82cb63d9d323fcae41667392,56:0x168913b9608ba99a82cb63d9d323fcae41667392,UNKNOWN_REQUIRES_RPC,-1,0xafbed91ad1f6a670dd439df24db3e844d852c0f59e2edc01906790cf9963ea5f,43534692,UNKNOWN_REQUIRES_RPC,False,v2/contract_deployments/contract_deployments_30000000_31000000.parquet,0d12ca90369256d040cf542c85f6ffcf446e4e3e8d19fd878d446ff8ed9337b7,0aed7a57156fad25812d95385f96494c42b698fa1a3571b83b042d97e31a53c2,0040b478bbb4465d5f82cd098d4985317784faf77129a4b57e9a07d6b52a5aae,53e841708257a84d964de7a8a888cdbfd6db396aea2ffb0826289c0be449eed2,RESERVE_CANDIDATE_REQUIRES_RPC_AND_PAIR_EVIDENCE,False,False,False,False
ddcoin,bsc,56,2023-05-31T14:50:29Z,10,100,0x9cb86278b7be902a1a26fb7a7887993802198f8d,56:0x9cb86278b7be902a1a26fb7a7887993802198f8d,UNKNOWN_REQUIRES_RPC,-1,0xd8985e64780389eb021c0a02b3df848c1d254b76db039391424b7fcf3bbffe33,27970733,UNKNOWN_REQUIRES_RPC,False,v2/contract_deployments/contract_deployments_29000000_30000000.parquet,3255e78e345aff80bfd6dfc7d760f4bda3a96fce4225cc3e128ce3d21ff32822,5494ee9ad30df9b5e9941529ceb0c46c3f3168aef0d1815c8abf427e9e9b90e6,0008ceb7ef5805e265878d42a8ea92396c256f5025d0a6c5d4164508524002e9,a5eb11a14fed4ad068926dfb30c1a8b06a81f3c240ba264dc9c1391433543fb4,RESERVE_CANDIDATE_REQUIRES_RPC_AND_PAIR_EVIDENCE,False,False,False,False
defiplaza,ethereum,1,2021-10-04T13:55:26Z,10,100,0x77178e7e480a78b863fb78c707faf57e3a3622b7,1:0x77178e7e480a78b863fb78c707faf57e3a3622b7,UNKNOWN_REQUIRES_RPC,-1,0x193d4147767c4de25b62034277fde2cb5f1291d5591a339e9c8774f4ef5db2a8,13251789,UNKNOWN_REQUIRES_RPC,False,v2/contract_deployments/contract_deployments_14000000_15000000.parquet,6176cf26c5e071de572e4fa584e8e6126dbdb3267e5f347910a581b7d8a944c6,53cfe944fc36317ddadf927c74702b5f0ef1e2d37cd250c3feda30bfc79bde4e,000443e41618bd83430d31ff8711e42c9e4868b927839efc4708883bd709b913,3e4041f971598cdf25d26d5cdb84004cfea96916b6d06ea015d459a444bec862,RESERVE_CANDIDATE_REQUIRES_RPC_AND_PAIR_EVIDENCE,False,False,False,False
depayrouter,ethereum,1,2021-02-28T15:14:45Z,10,100,0x81fab74d3c00467c2cd3b9281ee87d2d9d2e8fb2,1:0x81fab74d3c00467c2cd3b9281ee87d2d9d2e8fb2,UNKNOWN_REQUIRES_RPC,-1,0x4185c0f4689dd8a7edce9999b4f6f1f2759278404bc9c519847018e12ac6ab88,11833264,UNKNOWN_REQUIRES_RPC,False,v2/contract_deployments/contract_deployments_19000000_20000000.parquet,204b7f381daf9d8017d4efd97183633a94c1c646efa22b219290c725f63c79d8,78f5a85bd5a239e28a4ff731b8c9894263c5c52f905edb78908d9b46466059dc,0008582802615aa07b9418c48ab9ea8be2e5b4d2280bee42dd5ed020f021f93a,134bf8b1c7889abc5a26e62a2cbf6ef60cc9aa3ec0f2e57f94dc046bd1305796,RESERVE_CANDIDATE_REQUIRES_RPC_AND_PAIR_EVIDENCE,False,False,False,False
depusdt_levusdc,ethereum,1,2023-05-21T12:03:23Z,10,100,0xea9db754525ae50ef7bbfa1b41e59fce87142fac,1:0xea9db754525ae50ef7bbfa1b41e59fce87142fac,UNKNOWN_REQUIRES_RPC,-1,0x43a00a9fc3a50f06fe00789b033a060112911f193ba211c249e187f6b3b0df4c,17118713,UNKNOWN_REQUIRES_RPC,False,v2/contract_deployments/contract_deployments_14000000_15000000.parquet,6176cf26c5e071de572e4fa584e8e6126dbdb3267e5f347910a581b7d8a944c6,9f97e108e434cceb50b88b5a2e2a3974f8d91722caa32fcfec405630398ba7d5,000e757a88f9bf3a4d3bbbf4c0ccd8bb8db14d249ee89d4bb8d0ccb27270bf87,f82b8555680cb985c22f8aa81637271cf8026b40d2bebc40527697dbb0683f04,RESERVE_CANDIDATE_REQUIRES_RPC_AND_PAIR_EVIDENCE,False,False,False,False
dexible,ethereum,1,2023-02-16T17:31:47Z,10,100,0x14e1f4eb3cc1cd372693376c18e64a54e69b9885,1:0x14e1f4eb3cc1cd372693376c18e64a54e69b9885,UNKNOWN_REQUIRES_RPC,-1,0x8fc06965ccf533a82e5345c3e90364dfd3ccb497ebb78e698fec234f619b6590,16513292,UNKNOWN_REQUIRES_RPC,False,v2/contract_deployments/contract_deployments_12000000_13000000.parquet,f15d5aeb7e3fcb63cca93eb03fa583594412966874735914078f617ae9c9b2ea,feb68ecf6632f13d736d506404fd5e6ca4445246e442d8246f00e9bb2e43880d,00188143368707f60119150611a61e9e2ceb0abbef227e452a08e5d0a96ae182,b88a5528f9805999d08d3f6c03386d4a443e6295ea8c648dc25857137de2bd0a,RESERVE_CANDIDATE_REQUIRES_RPC_AND_PAIR_EVIDENCE,False,False,False,False
dfs,bsc,56,2022-12-10T12:31:23Z,9,90,0xd7871eb0647fa93875d8b3fa2d0194dd8ecd31cf,56:0xd7871eb0647fa93875d8b3fa2d0194dd8ecd31cf,UNKNOWN_REQUIRES_RPC,-1,0xcf324544a5a50c6cd62a4be5a3d5cf9710276e2971f4dbec40e12f8f76fbfbc3,23332444,UNKNOWN_REQUIRES_RPC,False,v2/contract_deployments/contract_deployments_29000000_30000000.parquet,3255e78e345aff80bfd6dfc7d760f4bda3a96fce4225cc3e128ce3d21ff32822,4b235553b8b87dfc44e56106a1005b49d85950c3143551fb99c0030f3b463a76,001a8fa61fd12cedb5e494207f0909e95a716d278ffac534845681b10476db95,c7341b7f3db8499334bda16daf2f7f4cf7b2bc27472aa23192bbb6ba1283226b,RESERVE_CANDIDATE_REQUIRES_RPC_AND_PAIR_EVIDENCE,False,False,False,False
dfx,ethereum,1,2022-10-15T16:44:47Z,10,100,0xb09e591bdf6d06cd135ead6381c022e0f53bbb2b,1:0xb09e591bdf6d06cd135ead6381c022e0f53bbb2b,UNKNOWN_REQUIRES_RPC,-1,0xbb328bcbb981b7e9b49a017f97f395687bbb20b858ec753c509d921982b7160d,15725569,UNKNOWN_REQUIRES_RPC,False,v2/contract_deployments/contract_deployments_2000000_3000000.parquet,6d562e88df03827bfbf01c2b88d473f0dece6ca3dcd2b0c76188bf3236dcdaae,7136d1de4c2501f84b91432232cec95ae473fbf973adf635d3efda77a716cdb5,0009010fce759865b878e320c11ab8c7205331b1374916841e6b8748c8443f3f,2bf85b1ee10562b53a5a5e8f06fff7b967fb0e524f8720f76ebc3e2f17d503b0,RESERVE_CANDIDATE_REQUIRES_RPC_AND_PAIR_EVIDENCE,False,False,False,False
discover,bsc,56,2022-05-31T05:35:58Z,6,60,0x80b67c14404cfd43c95bd7cf19938c0504d99c43,56:0x80b67c14404cfd43c95bd7cf19938c0504d99c43,UNKNOWN_REQUIRES_RPC,-1,0x436506b2bb55a86b16b78644c5e211723e924c2ebeb42c2593dfeded0b27842c,18047505,UNKNOWN_REQUIRES_RPC,False,v2/contract_deployments/contract_deployments_30000000_31000000.parquet,0d12ca90369256d040cf542c85f6ffcf446e4e3e8d19fd878d446ff8ed9337b7,94a4b361918195e1bd6119e8d35238faa94c19d227c648d910ff26fb24ede901,000f639267b831637ad0216d15f26a1ee6f8982e9781546e27e3cfa8b7ab3a6d,03e65d08479a3e2cc0a68a8ef085bf875be64bd7216e7f2594668ea7c0a0b985,RESERVE_CANDIDATE_REQUIRES_RPC_AND_PAIR_EVIDENCE,False,False,False,False
dodo_flashloan,ethereum,1,2021-02-27T12:07:58Z,10,100,0xe0e5470e2afc58f6e8d54c7a4952d029175271ab,1:0xe0e5470e2afc58f6e8d54c7a4952d029175271ab,UNKNOWN_REQUIRES_RPC,-1,0x4a20f96376a10d8977d236960d9aaed4d24572cd31d36f8efe1b285b101d2df7,11784375,UNKNOWN_REQUIRES_RPC,False,v2/contract_deployments/contract_deployments_2000000_3000000.parquet,6d562e88df03827bfbf01c2b88d473f0dece6ca3dcd2b0c76188bf3236dcdaae,422d52a38b5c859675ae6a446b533bf2b2154990566fbfc8480731594b408666,000807dd3983d8d10fec94729f63a32ac64770b6cf3681d42a24d046989de76c,e10a9abddea5e1d357626dfc1e5f2189896c2dde3aab30e8a58ae00d8996a90e,RESERVE_CANDIDATE_REQUIRES_RPC_AND_PAIR_EVIDENCE,False,False,False,False
doughfina,ethereum,1,2024-06-14T16:22:23Z,9,90,0x702254617b22e97d823656774b4af5a261e5b5e6,1:0x702254617b22e97d823656774b4af5a261e5b5e6,UNKNOWN_REQUIRES_RPC,-1,0x00aa6e9c404015c6907d5a5600b036fdc74c95e2f3405bad7588f38ea112ca2d,19945378,UNKNOWN_REQUIRES_RPC,False,v2/contract_deployments/contract_deployments_22000000_23000000.parquet,a1a8c72cce1fe224b93b96844ae747785fcf2fe710f05d75b354ef366070990a,e0939eca54dcc1b70d6760be2c754f610f9cccfe48ed38cbaad5bee6130ddcfc,0012a8c30e491effc6363169c2dfa25267da3533812da44881daeba78583a692,aa52cf564f9ed983f1882db485fe52822abcba5779b8fbf1e79b47d75c24e4cf,RESERVE_CANDIDATE_REQUIRES_RPC_AND_PAIR_EVIDENCE,False,False,False,False
dpc,bsc,56,2022-09-08T09:14:56Z,10,100,0xe600d0836641e95a964728239f18c69c45bfd886,56:0xe600d0836641e95a964728239f18c69c45bfd886,UNKNOWN_REQUIRES_RPC,-1,0x066b471a1503fc5af6680cf0fa80ae201ba59eaff073243bd0d26876ed9b18c6,20977242,UNKNOWN_REQUIRES_RPC,False,v2/contract_deployments/contract_deployments_7000000_8000000.parquet,54cb1c23725d5765da58c76ee4eb73bb326370e440cb6baab9e8463544906967,84c9aacc39b692e5eba05a55921bfe83b8fa868c953f2a3a591f390f1db9463f,001069ccc038438d2f1ce999b875a3559c8590b2e8eb3713c79d694e8f1f8b3c,fdd288aa98eec9665cc274a4c71b43f175c130c60b2b15d99f0c72872edf14da,RESERVE_CANDIDATE_REQUIRES_RPC_AND_PAIR_EVIDENCE,False,False,False,False
dualpools,bsc,56,2023-02-06T01:21:18Z,9,90,0xc80c3aa684717b34acc4afad26ce637bbaa3d5a0,56:0xc80c3aa684717b34acc4afad26ce637bbaa3d5a0,UNKNOWN_REQUIRES_RPC,-1,0x2a054514c524ba89de7e52b260b861dbb4d1fe91d70de35e042fd08bcb98129d,25100103,UNKNOWN_REQUIRES_RPC,False,v2/contract_deployments/contract_deployments_30000000_31000000.parquet,0d12ca90369256d040cf542c85f6ffcf446e4e3e8d19fd878d446ff8ed9337b7,5e2106550f06900d09375395f2a2ea4ab09649fe4a3187c7dc42a7e999692c8c,002666d51e876dac75817d8fb3b04eefbe705ae16016a36808547c9a1e8c379c,26b548b687dbe4ca0e8f5a2478cc2a8c21f80b6efe67410c91234f1defce4d26,RESERVE_CANDIDATE_REQUIRES_RPC_AND_PAIR_EVIDENCE,False,False,False,False
dyna,bsc,56,2023-02-02T12:23:49Z,10,100,0x28749cfd716c5594d68c6d3feb43af097855cf9a,56:0x28749cfd716c5594d68c6d3feb43af097855cf9a,UNKNOWN_REQUIRES_RPC,-1,0x6f74e5d3210ae6f16a9513541c6de6ffc1d9b3c9c4d472a48b8baf36e855d1cd,24921501,UNKNOWN_REQUIRES_RPC,False,v2/contract_deployments/contract_deployments_7000000_8000000.parquet,54cb1c23725d5765da58c76ee4eb73bb326370e440cb6baab9e8463544906967,9a6cc2f5a0b576e1a73be21a94cb5fa0d718a3c99a8bf12685153ef3f2b69f4d,0032bc0177db497c104c72accaa68cd10db938eaaeaa20cddd96a9c591327bf8,2fb201db156ac3382a05fe9e2d271d9d7f0bc8faecb55ff42654737e0fe141bd,RESERVE_CANDIDATE_REQUIRES_RPC_AND_PAIR_EVIDENCE,False,False,False,False
dyson_money,bsc,56,2023-06-28T19:54:38Z,10,100,0xfda598a243244711322fc09f06dac52ea58aedce,56:0xfda598a243244711322fc09f06dac52ea58aedce,UNKNOWN_REQUIRES_RPC,-1,0xd29fb3e2f60f4a0d38c9641a9ba5454ad8a14b806e92a935fd592e9e1f58d420,28624536,UNKNOWN_REQUIRES_RPC,False,v2/contract_deployments/contract_deployments_30000000_31000000.parquet,0d12ca90369256d040cf542c85f6ffcf446e4e3e8d19fd878d446ff8ed9337b7,793c46c6ffb9096aabdad50f1dfc61642f5f3ee227db7a143dde1c9621e0cec9,0012a4b5267bd27e5ca0f85813dbf1f62e88307b0cd515be6555ef6405528b52,aacc0413e2f0d9a8acab81825d68ec9ea7bc031848af45b76c3e964464834ac6,RESERVE_CANDIDATE_REQUIRES_RPC_AND_PAIR_EVIDENCE,False,False,False,False
eac,bsc,56,2023-01-17T16:24:05Z,9,90,0x85f70d1a5c35b13a1e680704d9705253c27f4e78,56:0x85f70d1a5c35b13a1e680704d9705253c27f4e78,UNKNOWN_REQUIRES_RPC,-1,0xecb68b3c50989c927965aae01c33a1c7222cb798567d493ba459b46e75282ddb,24583070,UNKNOWN_REQUIRES_RPC,False,v2/contract_deployments/contract_deployments_30000000_31000000.parquet,0d12ca90369256d040cf542c85f6ffcf446e4e3e8d19fd878d446ff8ed9337b7,1943498071429da31b6760d41f3a31bbba00eaeb3d347e829dda73f40024386c,000fb95e0b2186b773f5c9e2b74a86659369039d4587f8b5369d56db827356de,c74be60b32d7873036b3a79740dcf8890923496da869166e473faf919686712c,RESERVE_CANDIDATE_REQUIRES_RPC_AND_PAIR_EVIDENCE,False,False,False,False
earningfram,ethereum,1,2022-11-11T07:25:23Z,10,100,0x1747dcd8c314be3089f9fd0e7e809fa68d50a2ac,1:0x1747dcd8c314be3089f9fd0e7e809fa68d50a2ac,UNKNOWN_REQUIRES_RPC,-1,0xf1e70670bc74866ec74ca890dc1312b7e5184d31d605a397623eed5b76937337,15901377,UNKNOWN_REQUIRES_RPC,False,v2/contract_deployments/contract_deployments_13000000_14000000.parquet,8885bd5034eff92607b7ffb297b079b222764c22e24fbd5bdf3f3d689c1a839b,85db541b2d3fbd7577cc6a4045586f55f1ec61eb8692fd6330c2ba073da0a362,000b474316245c466c0d6a3fe21f02604227537bbfc33894ed51df68433e9d6d,bc095ba7b96620f1b4d7a34b9f4e8a961e8d93e28d360ba371ef35b009592754,RESERVE_CANDIDATE_REQUIRES_RPC_AND_PAIR_EVIDENCE,False,False,False,False
eflevervault,ethereum,1,2022-05-28T05:12:39Z,10,100,0x082be1262137fbe1f8e0fb2c152ae00420a7f356,1:0x082be1262137fbe1f8e0fb2c152ae00420a7f356,UNKNOWN_REQUIRES_RPC,-1,0x13b3019219ef730aa92cff0d97bcc5aa859f1cc710395b5cbcec4115dcde9dcd,14748632,UNKNOWN_REQUIRES_RPC,False,v2/contract_deployments/contract_deployments_12000000_13000000.parquet,f15d5aeb7e3fcb63cca93eb03fa583594412966874735914078f617ae9c9b2ea,fc5ecbf0d59725885f7716d584d91bf01e838ad7e946addf45dedeebd82e291b,0002c00d77798aff7dfa1a738cdd3ed836b64a93b7be89d43a51c7ba09c7c1d0,d8b38fbebd7c5d2ea1d780bf843defd1bf4e137ee3dc15f7b393ecff18bac2cf,RESERVE_CANDIDATE_REQUIRES_RPC_AND_PAIR_EVIDENCE,False,False,False,False
efvault,ethereum,1,2022-10-08T19:02:35Z,10,100,0xa2c33cc551ca70205686486f45022dcf7c9ec5aa,1:0xa2c33cc551ca70205686486f45022dcf7c9ec5aa,UNKNOWN_REQUIRES_RPC,-1,0x348bbfd472e24fc9e9ecbe86531626c0637506e2c4e0f080f75f336c13e58e63,15615512,UNKNOWN_REQUIRES_RPC,False,v2/contract_deployments/contract_deployments_6000000_7000000.parquet,408541b1fff35d9d72eb413a63bd7e1ecdfd299daa7ca67b3c7185856aa6aef7,d20e10bba833a394496595e64029ee777e2bbc486c6e121d4d83c3f7c8be7a36,000e4ac169fb89b71220a3833dead187d3c542bc6291b172027a7af1ce983d09,0660a43211833714c78562ceadd1a3bedb006faa6c676a6b6577b40cae0a0919,RESERVE_CANDIDATE_REQUIRES_RPC_AND_PAIR_EVIDENCE,False,False,False,False
egd_finance,bsc,56,2022-07-29T06:50:26Z,9,90,0xc8bf2b35fed132a5c2156b3b40993cc6b33d5883,56:0xc8bf2b35fed132a5c2156b3b40993cc6b33d5883,UNKNOWN_REQUIRES_RPC,-1,0xe229f7d7e58ed2cb07445ab8b43cf0b3e6da694f74836382a041feca11e82e0c,19866030,UNKNOWN_REQUIRES_RPC,False,v2/contract_deployments/contract_deployments_7000000_8000000.parquet,54cb1c23725d5765da58c76ee4eb73bb326370e440cb6baab9e8463544906967,2d90c00378a57f176926b3a8ac34d3a49fa1c951e4fa67e417c854cbee4557c2,0017862b18f0661d6c443cea938df16d3814429976ab728aa0141420441abccc,dbce2822620237c42d21784a4d5a222d162c76f090655f707fce3c75d8ff0ef7,RESERVE_CANDIDATE_REQUIRES_RPC_AND_PAIR_EVIDENCE,False,False,False,False
ehive,ethereum,1,2022-09-09T16:56:51Z,10,100,0x3aee253fb4b21ad4f42c05414e05aa04238df372,1:0x3aee253fb4b21ad4f42c05414e05aa04238df372,UNKNOWN_REQUIRES_RPC,-1,0x460351707e0be3fbd21fe26ac8362bd497d4d40c0fb1ccf5649261a0fabdb820,15408349,UNKNOWN_REQUIRES_RPC,False,v2/contract_deployments/contract_deployments_6000000_7000000.parquet,408541b1fff35d9d72eb413a63bd7e1ecdfd299daa7ca67b3c7185856aa6aef7,039d82791e6b0790f0bc85fce588296dcf5ed06e4fc8127f61ab8d9e7ae4d584,00121bd0016880924b6cf5a08611f2d1ff2a7e1b7428330d547d86d67f29d099,f7c4811da8b9dfcc5a59a7cf69a0773559ac2c1d246f7f77df52229b5f739b81,RESERVE_CANDIDATE_REQUIRES_RPC_AND_PAIR_EVIDENCE,False,False,False,False
eleven,bsc,56,2021-04-26T02:52:04Z,10,100,0xf6fe97719041b64c274ac4e1966a954798840250,56:0xf6fe97719041b64c274ac4e1966a954798840250,UNKNOWN_REQUIRES_RPC,-1,0x8c821f2f757800b75a3245f69f515940bc6a9a55d99a9aed67420e1a5e1be764,6079520,UNKNOWN_REQUIRES_RPC,False,v2/contract_deployments/contract_deployments_31000000_32000000.parquet,1096c453513646713a3b6185edd15651bf3a9599e2e334ecd82bcf3c939ca722,bb0950d6e2c70910d0fb9d3a55bb93a2ada0b0929173dea97787a3bf38ed029f,0016881e7a75426a1b57d9dda112ad6b476cec4acb51b880d1847fb33df8bd50,dae2b463ac4eb7ff14177c1e1a543538de60566a8a559c633d85d64e841372fc,RESERVE_CANDIDATE_REQUIRES_RPC_AND_PAIR_EVIDENCE,False,False,False,False
erc20tokenbank,ethereum,1,2021-01-28T09:45:09Z,10,100,0x7ad5928960076bb2e91f7414ac2632413cc27c8a,1:0x7ad5928960076bb2e91f7414ac2632413cc27c8a,UNKNOWN_REQUIRES_RPC,-1,0xd4b3ae7eaa737ae344280f392f27524924e5d39e581bc5c95890a11a6dd1df95,11718903,UNKNOWN_REQUIRES_RPC,False,v2/contract_deployments/contract_deployments_20000000_21000000.parquet,5408f43ed5a3cd3b27216a3df0904e4053ec650ebb80c9c1c2ede9026839c3b5,7f1861b05104ba13ae197e8d27e57dc8b6ef4f6391f176b16982f4d92f1da32a,000624ba8a7921e4f8f5402b602e815bfe861ff9c4448134608b89102030559f,71995b63d3001ecb40b51f566ba69c1e027cdd163e9635fe4385b65fcd84259e,RESERVE_CANDIDATE_REQUIRES_RPC_AND_PAIR_EVIDENCE,False,False,False,False
est,bsc,56,2026-03-21T12:57:01Z,10,100,0xf2042f3bc774df890a6e7f6b1a5f1ba3ecaee7ee,56:0xf2042f3bc774df890a6e7f6b1a5f1ba3ecaee7ee,UNKNOWN_REQUIRES_RPC,-1,0x49d340176e6ec2d671faa4bf73d09519764b9380120d9109c53d7c6b42d9ec80,85617851,UNKNOWN_REQUIRES_RPC,False,v2/contract_deployments/contract_deployments_30000000_31000000.parquet,0d12ca90369256d040cf542c85f6ffcf446e4e3e8d19fd878d446ff8ed9337b7,2ce1d2436c551365a96a46cd25e793537b58c5b08a0de43b7f5ad6b1fbd326ff,001af198756a04c7d1c673e9ce46b05852a2bead21ae3ac1037bd45d0c0d3b6e,5d0c1fd69cf7a4705c05463fd9a6cb05d3de121ff9756549c99819c7348add52,RESERVE_CANDIDATE_REQUIRES_RPC_AND_PAIR_EVIDENCE,False,False,False,False
ethfin,bsc,56,2021-10-28T06:21:03Z,3,30,0x22501e8d4f766351cb63545bbfcba1dfe3bac6e5,56:0x22501e8d4f766351cb63545bbfcba1dfe3bac6e5,UNKNOWN_REQUIRES_RPC,-1,0xfaeb344116541a4acc4bb58065a61094c64c7202da1d8488eefde5e92d98378a,12056758,UNKNOWN_REQUIRES_RPC,False,v2/contract_deployments/contract_deployments_6000000_7000000.parquet,408541b1fff35d9d72eb413a63bd7e1ecdfd299daa7ca67b3c7185856aa6aef7,7953bb25d53719077e89d2a9143fee4a275ea443cf5ed1ddfa80351ebb265d5b,001b14275f7b2e0646c745925d4a9e8cd7b76975d8ee13cc406a1415b46c58b5,32dd6a26f1fdc4c0243b3aa942244fe561e910a468d0702d1cfbdbed601d2212,RESERVE_CANDIDATE_REQUIRES_RPC_AND_PAIR_EVIDENCE,False,False,False,False
etnproduct,bsc,56,2022-08-03T17:03:19Z,10,100,0xcf5704c91d4ea9a0c3190387d27a86231b342f64,56:0xcf5704c91d4ea9a0c3190387d27a86231b342f64,UNKNOWN_REQUIRES_RPC,-1,0xd7c4123709ad1db7becebeeeba4df8b3e776a2b052166b5d5542e39ee34439fa,19661466,UNKNOWN_REQUIRES_RPC,False,v2/contract_deployments/contract_deployments_30000000_31000000.parquet,0d12ca90369256d040cf542c85f6ffcf446e4e3e8d19fd878d446ff8ed9337b7,2cd73e3a8806468fd28680d50f4d01715d373c30773464934d6673e7eafd8cb2,0019eaa46696c4b64099ed0047d988a2bd6606362bf53a69551e3618cb3fcea0,ac5247df68366622ee5341ccf2a08f139886cef160899eef8bf7a883e5638dec,RESERVE_CANDIDATE_REQUIRES_RPC_AND_PAIR_EVIDENCE,False,False,False,False
excommunity,bsc,56,2024-05-16T08:19:02Z,5,50,0x4774f2afee877c1c52a1271b0626d7aa30993502,56:0x4774f2afee877c1c52a1271b0626d7aa30993502,UNKNOWN_REQUIRES_RPC,-1,0xc30288db1b2114407cfa78e8770293cdde847185df63237c95485660d48494e2,38275446,UNKNOWN_REQUIRES_RPC,False,v2/contract_deployments/contract_deployments_29000000_30000000.parquet,3255e78e345aff80bfd6dfc7d760f4bda3a96fce4225cc3e128ce3d21ff32822,fbe7bde18439c039bd01ecc7049f6a03e99fa99b1bef988a66bfc017f840d728,001cf5a1ee5d79fc00a059b1d39ef242471e17ce7d45df82d2f1800ba1be333c,1ebd7bb6998cef2448284c6a5b204f1c2b1bdced1fadbf76ddbc5d0e730c3fdb,RESERVE_CANDIDATE_REQUIRES_RPC_AND_PAIR_EVIDENCE,False,False,False,False
fdp,bsc,56,2021-06-06T15:32:33Z,10,100,0xb6c663e3b405aafce43ba6260acb21fcf9b869d0,56:0xb6c663e3b405aafce43ba6260acb21fcf9b869d0,UNKNOWN_REQUIRES_RPC,-1,0x3a1de7d1ac0bd42e04eb10fa5ca140209a704f4ca6d95e9db5f82d3c03a615df,7464213,UNKNOWN_REQUIRES_RPC,False,v2/contract_deployments/contract_deployments_10000000_11000000.parquet,dc224a34690e621a034e308c5ab0ca0606654984ac1d2d10d1a2daa31cda8ec9,cd2e614aa04bde7dae29c49e0f73413c3c6f4a9188f2bcc35ecf23b971f9cf71,0006c0cae890cadd8c86ca238b2ffc252255f871a8c220d0b8e3ff434d485859,0750d84a262ad75ffacdef5204a114a2915e0ba5d10b954fa36ad47f4dbdf3ad,RESERVE_CANDIDATE_REQUIRES_RPC_AND_PAIR_EVIDENCE,False,False,False,False
ffist,bsc,56,2023-05-28T04:36:01Z,10,100,0x93e55303c084731fa1abadb8ef14ee819eecec9d,56:0x93e55303c084731fa1abadb8ef14ee819eecec9d,UNKNOWN_REQUIRES_RPC,-1,0x0438e5f08dc58908343bd0329747c75dcf4864bed74aab98bf6943205b51e08b,27829668,UNKNOWN_REQUIRES_RPC,False,v2/contract_deployments/contract_deployments_7000000_8000000.parquet,54cb1c23725d5765da58c76ee4eb73bb326370e440cb6baab9e8463544906967,a65a66711cd744c257f6bf6507f5fff263dd95ff6edf7d5b8cfc2349543327a5,00123f02ea324b9a5717beefb1eb16e246627b18e1e53ca39cfa0fc2c29ef1cf,6be759bf1918ec9357c0d1e9d82447b7c2cafd3697429ace84b3ffbb633c57f9,RESERVE_CANDIDATE_REQUIRES_RPC_AND_PAIR_EVIDENCE,False,False,False,False
floordao,ethereum,1,2022-02-28T21:34:21Z,10,100,0x67ecb03d5ff1609e07dcdddb8d912c550b8d2e30,1:0x67ecb03d5ff1609e07dcdddb8d912c550b8d2e30,UNKNOWN_REQUIRES_RPC,-1,0x744cb6adf6551f4fd2ca895c1d531b31b0103082a8098489f0667846c4ec6048,14279467,UNKNOWN_REQUIRES_RPC,False,v2/contract_deployments/contract_deployments_18000000_19000000.parquet,2dcd3c6c46c1f5489efaf97a7571ebbe6353d25a2f649f3933fab9345109debf,a3983f1560b10207234a9903bbb363cdd728b366198454ca8c4d6d2673d8ebbe,000302bfa8fda3dde149a48ce69a7982894657d1862241a24bf9171ccef5927f,88d90f5b7a4cae6397ae4ea7267c1a647eedb94efe2b1244a153c1751f23bb5c,RESERVE_CANDIDATE_REQUIRES_RPC_AND_PAIR_EVIDENCE,False,False,False,False
floorprotocol,ethereum,1,2023-10-14T14:03:47Z,10,100,0xb82346ea47d2436a5bff62ac32ceccba4397627b,1:0xb82346ea47d2436a5bff62ac32ceccba4397627b,UNKNOWN_REQUIRES_RPC,-1,0x33ae6c80eb1b0ee54e5c00fe9207509ffa9ec1a5b0c19032069baf8ff3f06bf5,18302465,UNKNOWN_REQUIRES_RPC,False,v2/contract_deployments/contract_deployments_2000000_3000000.parquet,6d562e88df03827bfbf01c2b88d473f0dece6ca3dcd2b0c76188bf3236dcdaae,b6b8f54ceb24a27cea04be2bf3da1877f289dbf0aac20da03041dea827af71a8,00148b803eb07d01985e98897aedbed3de27bc90b93b9d5beb2de747ff02490c,069be45c0a7c7b9559401c88d4764f7c2d6e9ed090274ba81ecac2e9b2395c9a,RESERVE_CANDIDATE_REQUIRES_RPC_AND_PAIR_EVIDENCE,False,False,False,False
fpc,bsc,56,2025-07-01T14:56:21Z,10,100,0x060ab5ac95844355b19608ebeb69070a1d610031,56:0x060ab5ac95844355b19608ebeb69070a1d610031,UNKNOWN_REQUIRES_RPC,-1,0x0c23702d305bbdfce7ec73ddd13c6ebbf90452fa08360ae84b4ef1472529de0b,51435623,UNKNOWN_REQUIRES_RPC,False,v2/contract_deployments/contract_deployments_31000000_32000000.parquet,1096c453513646713a3b6185edd15651bf3a9599e2e334ecd82bcf3c939ca722,1a85c282fddfa8def3e1ff8be8c3b191db1406fe408349da4d80ff2d11908148,001f9346706c237697b1c64760dc2e0e97343997e47a07351822bf7631daa214,bf8674de3e1561cbfc0eb3acfeace2f83da3167a7163dfb2a246b69c492c0991,RESERVE_CANDIDATE_REQUIRES_RPC_AND_PAIR_EVIDENCE,False,False,False,False
futureswap,arbitrum,42161,2021-10-14T17:26:40Z,5,50,0x08ad169d23b4e33e517777e9fed5163f643bac47,42161:0x08ad169d23b4e33e517777e9fed5163f643bac47,UNKNOWN_REQUIRES_RPC,-1,0xf2219a892c0ba043890f01e46bf8b3d2f3fae22ef09f6ea8ad97f001bfae3ac4,1467691,UNKNOWN_REQUIRES_RPC,False,v2/contract_deployments/contract_deployments_0_1000000.parquet,d5e23a08a88dabb08e4eb326b1c042e55165b1fd682650ab9ed73f136e287d31,d40636405f4e3b811eb3d40fea6eda1f905a50c78d16d146f7295b96d803bc39,021ccf83bcb2cc70f40208548d94690903efb738741e4898636be71bf2720f8f,697f0e4a733bc680cf94204d7ef6ad3f4b741843d28a45863b50b0c3451de501,RESERVE_CANDIDATE_REQUIRES_RPC_AND_PAIR_EVIDENCE,False,False,False,False
gain,ethereum,1,2022-07-22T12:33:30Z,10,100,0x11db6634588a39f1471c2cb4110f81c6883f5271,1:0x11db6634588a39f1471c2cb4110f81c6883f5271,UNKNOWN_REQUIRES_RPC,-1,0xf242fd35d86295598f707fdd1d112df26ef81738c736bf4ef950ad2593269911,15029851,UNKNOWN_REQUIRES_RPC,False,v2/contract_deployments/contract_deployments_12000000_13000000.parquet,f15d5aeb7e3fcb63cca93eb03fa583594412966874735914078f617ae9c9b2ea,ba947598e293bd7d6b5e3b4a525c59a3c07eae1e59f3b71d43b62b4560acc6f2,000f02da76498aefa415d0a735cfe8949f04aa37b18c2d68ee5e536d2dcbdace,5c647219fd1c3cff0b68c11e57d9743f8d5f6e7e7b836c4d9672a351029b8c69,RESERVE_CANDIDATE_REQUIRES_RPC_AND_PAIR_EVIDENCE,False,False,False,False
gangsterfinance,bsc,56,2021-07-01T00:03:43Z,10,100,0xc134febdda5bd9cc0f968c0ec7ada4cd38d8abb0,56:0xc134febdda5bd9cc0f968c0ec7ada4cd38d8abb0,UNKNOWN_REQUIRES_RPC,-1,0x6401f5bdb5b16187b08ee840dd9f1450a7fc1cb1eba7f6a295b838a416113d9b,8157442,UNKNOWN_REQUIRES_RPC,False,v2/contract_deployments/contract_deployments_10000000_11000000.parquet,dc224a34690e621a034e308c5ab0ca0606654984ac1d2d10d1a2daa31cda8ec9,887b4defb87626491b79e5dda1d7ae42bfbdd4db4d4f0591747f595e15dad0cb,0009ad5062fb0c107e114e5227972dc7e70a85d15c3f350fb62fe27416bbd483,5041a40259bdf4360b05dadb9da14b8a68a5e933512d459a2f960654dc8b7414,RESERVE_CANDIDATE_REQUIRES_RPC_AND_PAIR_EVIDENCE,False,False,False,False
gds,bsc,56,2022-12-05T06:21:07Z,10,100,0x69dde3a83e05cb41bcd4ce7e1b9711713c6c85b2,56:0x69dde3a83e05cb41bcd4ce7e1b9711713c6c85b2,UNKNOWN_REQUIRES_RPC,-1,0xdafcfd3850aa694b83ded37e7f9fff4ed7da3bc84b29e1d8b3a4de7c8ce73050,23099284,UNKNOWN_REQUIRES_RPC,False,v2/contract_deployments/contract_deployments_30000000_31000000.parquet,0d12ca90369256d040cf542c85f6ffcf446e4e3e8d19fd878d446ff8ed9337b7,e21d053cdea793b57cb0b3a3a5df8d4eb424b01f83b83896ee453acc943b9b95,000f0bf68e33713bb2df18a4251705e5ff9baff01d01930552476095c4da79b3,916169ed1e0d01c24e0cef981e760e416f11c7de618e4f59e2a77a7281abe307,RESERVE_CANDIDATE_REQUIRES_RPC_AND_PAIR_EVIDENCE,False,False,False,False
goodcompound,ethereum,1,2019-05-08T01:07:17Z,10,100,0x19a7a61e98fe69601e6beedb8a1068e622a14c64,1:0x19a7a61e98fe69601e6beedb8a1068e622a14c64,UNKNOWN_REQUIRES_RPC,-1,0xbb16e316f35e0d59fc1120870b92fb55beca3eeb9f38105cdff1c2fb7c99c2e6,7586780,UNKNOWN_REQUIRES_RPC,False,v2/contract_deployments/contract_deployments_13000000_14000000.parquet,8885bd5034eff92607b7ffb297b079b222764c22e24fbd5bdf3f3d689c1a839b,d7574669a4135a03c263a919465ad0a836c91f584184fb3bb9617826d708c839,001b8641ea8b6c61ca5676da84c1e5eeaf496101d941e40b1813cd43ff01dff2,16ffcafc0cf6d2a46f47ea4846b794e4431b31fff47568af6330b58299735949,RESERVE_CANDIDATE_REQUIRES_RPC_AND_PAIR_EVIDENCE,False,False,False,False
gooddollar,ethereum,1,2022-03-08T08:26:39Z,10,100,0xb9f25dce16c1962a6adf1ae4715332419cd012d0,1:0xb9f25dce16c1962a6adf1ae4715332419cd012d0,UNKNOWN_REQUIRES_RPC,-1,0xadaa33fb4ba5d7c9129aaa7ac538e4a05482b01eda3d5697c79daeb716ec0029,14274304,UNKNOWN_REQUIRES_RPC,False,v2/contract_deployments/contract_deployments_14000000_15000000.parquet,6176cf26c5e071de572e4fa584e8e6126dbdb3267e5f347910a581b7d8a944c6,ce4d0a9d4aaa14aa31a00d06d8be0c71f229ec77abef84600f91ff07263c7b17,0002a9fb7760dba5f9dfa936bcf779f1a553c24d5f08c3f6156989a09ea3e777,d61e9996feba0be7f3f7ea96dd99dae20a4a8deed29660d73287c01472d8154e,RESERVE_CANDIDATE_REQUIRES_RPC_AND_PAIR_EVIDENCE,False,False,False,False
grizzifi,bsc,56,2025-08-13T06:24:07Z,10,100,0xf8039b78ce51bb0611d568fbdd7195e66f851a49,56:0xf8039b78ce51bb0611d568fbdd7195e66f851a49,UNKNOWN_REQUIRES_RPC,-1,0x63557092a6ef554e5b14b63f349e0d3be7d0e86cde997a35411f2177f30e347b,54353830,UNKNOWN_REQUIRES_RPC,False,v2/contract_deployments/contract_deployments_7000000_8000000.parquet,54cb1c23725d5765da58c76ee4eb73bb326370e440cb6baab9e8463544906967,0913ce02033ba919d410c9af042017606bb037c9ab4b31c42564f312bdd561e4,00291fcc05230feedf1b7a232125b9bd23a28acf8c920dcce94ff4e0e086c20e,d79c6e55973967c60f49f5c673544dfe208915b19871f96543891b28ce7b8d3a,RESERVE_CANDIDATE_REQUIRES_RPC_AND_PAIR_EVIDENCE,False,False,False,False
grok,ethereum,1,2023-11-05T04:19:23Z,10,100,0x03f4112c48d71adf87bbe0159c04c565d9401523,1:0x03f4112c48d71adf87bbe0159c04c565d9401523,UNKNOWN_REQUIRES_RPC,-1,0x9bad35e9b5e3c78bbe9961153f37bf67de7984e87ea2ac0be8d7741d0e08bf3b,18367374,UNKNOWN_REQUIRES_RPC,False,v2/contract_deployments/contract_deployments_2000000_3000000.parquet,6d562e88df03827bfbf01c2b88d473f0dece6ca3dcd2b0c76188bf3236dcdaae,f57c1924bc28a1404360fe64d19db2a9e453509f1553d6a1b101792ca26c21fa,0009cc82fa7de0ed1e519f806ec0e50c36e83e59249c188159022d1931a83b92,881c51c6c3058d13d3a02f33a30dc55308991c0b03a553b9bdac37c1fe71348f,RESERVE_CANDIDATE_REQUIRES_RPC_AND_PAIR_EVIDENCE,False,False,False,False
gym_1,bsc,56,2022-03-25T11:11:01Z,8,80,0xd922d9bf0f4131c7adf02fd652b76c6edc19ca46,56:0xd922d9bf0f4131c7adf02fd652b76c6edc19ca46,UNKNOWN_REQUIRES_RPC,-1,0x06a9d1ebde18ae596de4699b84958ba19cc5b115bf112f89eb4fe726e59f789d,16060247,UNKNOWN_REQUIRES_RPC,False,v2/contract_deployments/contract_deployments_30000000_31000000.parquet,0d12ca90369256d040cf542c85f6ffcf446e4e3e8d19fd878d446ff8ed9337b7,2d6fa508b964d7b856b93d0661bbefc9cc2f71ae3870c26b561fb997ebf22e1b,0014460dc9ab24a341689fe724241164bc11c0fcdcbed79bb287761d2269070e,af42995e52f4b31a1379215281384480864ec53d561c22a0b3e4af50cc05289e,RESERVE_CANDIDATE_REQUIRES_RPC_AND_PAIR_EVIDENCE,False,False,False,False
harvestfinance,ethereum,1,2020-10-20T14:02:35Z,10,100,0x57b3c790934ac0e0749c9401e94bf17699ace3db,1:0x57b3c790934ac0e0749c9401e94bf17699ace3db,UNKNOWN_REQUIRES_RPC,-1,0x4dbe871a6bb34dff1e8613c656f109b255f4b8648c04c7cbc85ad23c1dfb0320,11012831,UNKNOWN_REQUIRES_RPC,False,v2/contract_deployments/contract_deployments_17000000_18000000.parquet,8a63eb54bb198d66bb4daa82d14922009830abddc204e948292b7e4942358c8a,a72e0cb2ad82c71ad86a5275777a10b7b322ecc5f48393648ae3a99e3b4ce36a,0016b5f76ccee7aaf3d4d72198567acdc7889e8fcd89147e9483801219461e2b,0287e5de5da772e1beac9e8929e3a9ec9469019d17fc042d398a03a6f2d47288,RESERVE_CANDIDATE_REQUIRES_RPC_AND_PAIR_EVIDENCE,False,False,False,False
hct,bsc,56,2023-09-04T23:16:17Z,10,100,0xae7c9c9de035876b282bb91aa12d792e9f7c899e,56:0xae7c9c9de035876b282bb91aa12d792e9f7c899e,UNKNOWN_REQUIRES_RPC,-1,0xcba311666d9aa5a7e5f1b35b056e58269acf4ab4631dd448a841215726aa680e,30863673,UNKNOWN_REQUIRES_RPC,False,v2/contract_deployments/contract_deployments_29000000_30000000.parquet,3255e78e345aff80bfd6dfc7d760f4bda3a96fce4225cc3e128ce3d21ff32822,b6f20747566a613ff0c7bbb8ab8cfcab1348858e01cd3f0abcc9eb40df6ae02a,00245d929bb686a1e644cd453cb59d060e3dc40147de69972cdc2d07cc1fe5cf,3e39faabbfafeeca0b9c483bca4cba9d51cc6b59fbfaa9e34cabbb04481d70d1,RESERVE_CANDIDATE_REQUIRES_RPC_AND_PAIR_EVIDENCE,False,False,False,False
health,bsc,56,2022-09-04T14:53:04Z,10,100,0x46ed9825218061b07bbe06b990049a470d2d286b,56:0x46ed9825218061b07bbe06b990049a470d2d286b,UNKNOWN_REQUIRES_RPC,-1,0xe53c0f34d2bb5a190a0bf9600161ed7f8577d0a2f42f10d5facf4f6864bd5abc,20982941,UNKNOWN_REQUIRES_RPC,False,v2/contract_deployments/contract_deployments_6000000_7000000.parquet,408541b1fff35d9d72eb413a63bd7e1ecdfd299daa7ca67b3c7185856aa6aef7,fe7eb1d0d76fb99a03c6a08c358f4fadb73119eb3ca9602525ee68ecf81bfe43,001930ed52ba85aa9172ee5e487378487ca827a0c8ff405507f1c6247fbc4c62,d2dafae4d3a08db88150038a59880fd29bb30bc5bffe52d8f0f6694d714be640,RESERVE_CANDIDATE_REQUIRES_RPC_AND_PAIR_EVIDENCE,False,False,False,False
heavensgate,ethereum,1,2023-05-21T02:00:23Z,10,100,0xd033b2b403f03ee2d8b86b71819b00df24dfadd1,1:0xd033b2b403f03ee2d8b86b71819b00df24dfadd1,UNKNOWN_REQUIRES_RPC,-1,0xe68716c08e8b8be2f5abe52c4ec3cc1e277c4e7fcb237972a2941d5b6271fdda,17226204,UNKNOWN_REQUIRES_RPC,False,v2/contract_deployments/contract_deployments_14000000_15000000.parquet,6176cf26c5e071de572e4fa584e8e6126dbdb3267e5f347910a581b7d8a944c6,f24c3ad020266a16668bb05855c60ff9614057d94868ec193e8672331a354b46,0010a02495af44bd36a834ea3ab6f0c11b6f6d259aeec5e7e07309abfc0b1705,a061de5bc97546a1a6c769d661e5c3ee4a05686879023dde1c8eaabd16dbfac9,RESERVE_CANDIDATE_REQUIRES_RPC_AND_PAIR_EVIDENCE,False,False,False,False
hedgeyfinance,ethereum,1,2023-11-23T16:04:11Z,10,100,0x3782e5922daecc7841f465682ea81d449b16a624,1:0x3782e5922daecc7841f465682ea81d449b16a624,UNKNOWN_REQUIRES_RPC,-1,0x18d44c26cec2d59a48f4895e92e2cf2760988ce75a2d9beaaef7a9e6356dd9bd,18449458,UNKNOWN_REQUIRES_RPC,False,v2/contract_deployments/contract_deployments_13000000_14000000.parquet,8885bd5034eff92607b7ffb297b079b222764c22e24fbd5bdf3f3d689c1a839b,31d6055d46a7c359dca87b2de2ae30927bd57bba0092a245441ba396ed39e9b3,0013ebfc36b97c101852c9ef578daa60d325bdb29354cbf7cf53f64c681d15be,c2f038aa7c1b5ccf1aa76516bcd14583db402915a9b6543da716fe8337cbf435,RESERVE_CANDIDATE_REQUIRES_RPC_AND_PAIR_EVIDENCE,False,False,False,False
hegic_options,ethereum,1,2022-01-05T04:26:07Z,10,100,0xd95ff2c4ed52ed2d1073f666b25001f3a68ef834,1:0xd95ff2c4ed52ed2d1073f666b25001f3a68ef834,UNKNOWN_REQUIRES_RPC,-1,0x658f9fa1b0ac89528576df3ee08e6c385e44b4b548eb7c2e866ecfa311e7edd2,13903520,UNKNOWN_REQUIRES_RPC,False,v2/contract_deployments/contract_deployments_14000000_15000000.parquet,6176cf26c5e071de572e4fa584e8e6126dbdb3267e5f347910a581b7d8a944c6,8ab68f7afd4b4b6df788821a948761a294946335cf12baad05198aae93f7a8e4,0004fe603f86937a1466fd67582029b7bb0e3aa00b8021ebf63379f64613ff7d,0e831bac04844501dbba96244460347184b9f32b9d8884345c433e3bbba1a78e,RESERVE_CANDIDATE_REQUIRES_RPC_AND_PAIR_EVIDENCE,False,False,False,False
hexotic,ethereum,1,2020-01-07T04:56:51Z,10,100,0x893b04a65a9cb2f52aab48119f9dcba69672a341,1:0x893b04a65a9cb2f52aab48119f9dcba69672a341,UNKNOWN_REQUIRES_RPC,-1,0xd53c9e278050dae8f5e29e6bd107f68eabcbd1db79afac05078edcbbd7843c09,9222075,UNKNOWN_REQUIRES_RPC,False,v2/contract_deployments/contract_deployments_19000000_20000000.parquet,204b7f381daf9d8017d4efd97183633a94c1c646efa22b219290c725f63c79d8,b36d665d06e43ea72940c36f910ca64b387db7aeb2d8e9cb69ca702eb1990407,002a16e290a7a568900191cf5ef76dadae9558c25e29dea84c61fb7d8cbc9626,f6ad6aff47b9a1a0ba4dddc828e9f3bd5327a9535b3580675bfd22073d898c9d,RESERVE_CANDIDATE_REQUIRES_RPC_AND_PAIR_EVIDENCE,False,False,False,False
hodlcapital,ethereum,1,2021-11-24T23:40:35Z,10,100,0x5dada3f7036e63835882995b038effbb9afc7e05,1:0x5dada3f7036e63835882995b038effbb9afc7e05,UNKNOWN_REQUIRES_RPC,-1,0x2d082d883319a34f2fad715e0e95a26072fe69ec4cd082124bb8c76d97a18e64,13601416,UNKNOWN_REQUIRES_RPC,False,v2/contract_deployments/contract_deployments_20000000_21000000.parquet,5408f43ed5a3cd3b27216a3df0904e4053ec650ebb80c9c1c2ede9026839c3b5,ada2516bda054d85a3b852d0a98ab5ac2b21fa26b903d2efb4d2f9e04d900227,00093214dc8c42ab36082f7f98e3180c1d03027ef82b657c360778f0882d309d,4e2c38b208c5995c1608ecb6603d127feb83344d691a1f6e90ecbf77e6194e11,RESERVE_CANDIDATE_REQUIRES_RPC_AND_PAIR_EVIDENCE,False,False,False,False
hopelend,ethereum,1,2023-08-08T06:11:59Z,10,100,0xf75c704f00a8ddbbec1951fe3880a771716c0e3c,1:0xf75c704f00a8ddbbec1951fe3880a771716c0e3c,UNKNOWN_REQUIRES_RPC,-1,0x2e9efdbcfcb5c6efc0a7a1988677a43e0cee395481533c6a86cedb51cfecee89,17665703,UNKNOWN_REQUIRES_RPC,False,v2/contract_deployments/contract_deployments_6000000_7000000.parquet,408541b1fff35d9d72eb413a63bd7e1ecdfd299daa7ca67b3c7185856aa6aef7,760889ae4083331e4d8fe37fab0055a6d63b174bfd024e3bf5795ab5ecdaefdc,000fa58de00fb77f9ead8c61e096e63d5cfd2e90de3b40cbb08eaba885010fdc,1e547967edc030843bb8ff9d7689fd7cbf07fd9df1588f882177d6960a2f7497,RESERVE_CANDIDATE_REQUIRES_RPC_AND_PAIR_EVIDENCE,False,False,False,False
hydt,bsc,56,2024-01-06T10:22:37Z,7,70,0x5ff884ac74dbbf39c589c14006d3661cac8809b1,56:0x5ff884ac74dbbf39c589c14006d3661cac8809b1,UNKNOWN_REQUIRES_RPC,-1,0xc5a104d550ca4d608ef059afe2e1df2a8ec773087efe303d72018bf3a459345b,34840153,UNKNOWN_REQUIRES_RPC,False,v2/contract_deployments/contract_deployments_30000000_31000000.parquet,0d12ca90369256d040cf542c85f6ffcf446e4e3e8d19fd878d446ff8ed9337b7,2a5c35b3c257ffa3322d7f0bdc8b154c1331f21bb980ff8e8b92ba13b6950fa1,000f11d382c6e13f02d158def696bde0aa3605765cbcf397cdfe08245c3a0f60,9c15347ed945e3df425d0bd699bea886fcc4af3841557d524f4ab2550f00b450,RESERVE_CANDIDATE_REQUIRES_RPC_AND_PAIR_EVIDENCE,False,False,False,False
hypr,ethereum,1,2023-11-15T17:39:11Z,10,100,0x05a1ca1e13640eee36b9d1e62dc8d6cb631cb34c,1:0x05a1ca1e13640eee36b9d1e62dc8d6cb631cb34c,UNKNOWN_REQUIRES_RPC,-1,0xcbfa134ef6d2eaa7ff591d67099e4ae8424ecd285d7aa7a160c8161576b3dc3e,18443707,UNKNOWN_REQUIRES_RPC,False,v2/contract_deployments/contract_deployments_2000000_3000000.parquet,6d562e88df03827bfbf01c2b88d473f0dece6ca3dcd2b0c76188bf3236dcdaae,0ca25d0810a12da9bc8ad3191f9cfffb90d45dc37377e5c0353bd2f13a97ecb5,00118019e8cc04204854f724e2b48546ac870932cfcf2ae492985b21cf232715,9de023fd8b844f1084c7869e8884f402a00b7b32c86fba6ff44d321f285bc32d,RESERVE_CANDIDATE_REQUIRES_RPC_AND_PAIR_EVIDENCE,False,False,False,False
idols_nft,ethereum,1,2022-03-03T00:24:26Z,10,100,0xf277e3dc80863e0ec1fcd479c23cac77a592f995,1:0xf277e3dc80863e0ec1fcd479c23cac77a592f995,UNKNOWN_REQUIRES_RPC,-1,0xe23c0d370cbb5c0ed98f89a3d1c5bca180c2d328c9057d2f8e014eb40df94f81,14205168,UNKNOWN_REQUIRES_RPC,False,v2/contract_deployments/contract_deployments_14000000_15000000.parquet,6176cf26c5e071de572e4fa584e8e6126dbdb3267e5f347910a581b7d8a944c6,f9d2c4b5c86fbf768153072a55d3df52e4a5bfbbf222c29c5e2ab7742d5c2a0b,000229d4921b7fdb09492bb6daff0ac097cfdb5e807ec280cbc685c24163e5e0,b86685dc3db5aa4a55957a55c917ddd32eb8a91e067dca8c43e79d40f92a6782,RESERVE_CANDIDATE_REQUIRES_RPC_AND_PAIR_EVIDENCE,False,False,False,False
incufi,bsc,56,2024-05-17T16:10:07Z,10,100,0xd8a5e30feac1d95733512851ade95e5d7093e308,56:0xd8a5e30feac1d95733512851ade95e5d7093e308,UNKNOWN_REQUIRES_RPC,-1,0xbb41410861a27913fab53c77d4d3798e95afde71cf4ffff07b6fec9ac67c2527,38400795,UNKNOWN_REQUIRES_RPC,False,v2/contract_deployments/contract_deployments_31000000_32000000.parquet,1096c453513646713a3b6185edd15651bf3a9599e2e334ecd82bcf3c939ca722,3e0b53c014f6777229f440f40f9445c78ce0489b75e0a8aad6f0397f5fc69e9a,00206358270b7108201844dfe041985bdff834df9826919cc847da879fa89c51,6a1e8faa4efc9aecfc2873427b36b142c3f37b66757e192affc393f7af8e64db,RESERVE_CANDIDATE_REQUIRES_RPC_AND_PAIR_EVIDENCE,False,False,False,False
indexedfinance,ethereum,1,2020-12-03T08:39:19Z,10,100,0x16e3ff0170222ffab4203a373a5744ccd9579950,1:0x16e3ff0170222ffab4203a373a5744ccd9579950,UNKNOWN_REQUIRES_RPC,-1,0xbec4e3fe0dbde8ab0b9848e7ad48ce931da5a8f6754309b746042d2119c05ef4,11255229,UNKNOWN_REQUIRES_RPC,False,v2/contract_deployments/contract_deployments_13000000_14000000.parquet,8885bd5034eff92607b7ffb297b079b222764c22e24fbd5bdf3f3d689c1a839b,a01114f15c450f4c7d4b7f01880dd37bcbd64f3180d46dd5b50971efeeaebaf6,0007522ebb3a8b60494eb486bf73af64474a2dc2280fd61b1be1f860a9149298,90e1d773ca4c6ddbce36685061972da65f61a677f4ab9dc6eed7c8403cc912fc,RESERVE_CANDIDATE_REQUIRES_RPC_AND_PAIR_EVIDENCE,False,False,False,False
inuko,bsc,56,2022-10-04T07:15:49Z,10,100,0xaadfa8098f468a52010152cfa449200c5422403c,56:0xaadfa8098f468a52010152cfa449200c5422403c,UNKNOWN_REQUIRES_RPC,-1,0x98aa88d507d2786ea356fde97c69c51567af489f99ac55bafaa7f8b481b095d6,21759531,UNKNOWN_REQUIRES_RPC,False,v2/contract_deployments/contract_deployments_29000000_30000000.parquet,3255e78e345aff80bfd6dfc7d760f4bda3a96fce4225cc3e128ce3d21ff32822,2c31572ff38919b858a286f63bf4962c8cbf82b3d325a2c59c40f4d38489bb66,001dc35088f0b85df9775f7c0d0f5c044cc7ad5e1db37f7bda1b1e04aa915fd3,fa5a0c0f2fc3ec076c1ed11ac8d4132814618c3824d1521844f32580fc02232e,RESERVE_CANDIDATE_REQUIRES_RPC_AND_PAIR_EVIDENCE,False,False,False,False
inversefinance,ethereum,1,2021-02-24T21:41:12Z,10,100,0x186219bee2daee7eac3ac7c907982592439ed791,1:0x186219bee2daee7eac3ac7c907982592439ed791,UNKNOWN_REQUIRES_RPC,-1,0xb4ef28b0844b2864addbad4832c1464aaae2af260ac05978aafb88f0118a60e4,11817005,UNKNOWN_REQUIRES_RPC,False,v2/contract_deployments/contract_deployments_13000000_14000000.parquet,8885bd5034eff92607b7ffb297b079b222764c22e24fbd5bdf3f3d689c1a839b,c1a97daa1978372ba5f6fefd21af523466acb6b9e7305f774883fb8a2114b10e,000d98e04430d69a7df853ef2b236b19943eb14bca1512823f30625d1f14d073,b2c3212ed9b6d1cd412fc0d50e3d3e378fdb801658c8d7adc37961860224ea31,RESERVE_CANDIDATE_REQUIRES_RPC_AND_PAIR_EVIDENCE,False,False,False,False
ipc,bsc,56,2025-01-01T05:17:05Z,10,100,0xd5f771d89637e1fba53ca70fffa197c1e967c3d4,56:0xd5f771d89637e1fba53ca70fffa197c1e967c3d4,UNKNOWN_REQUIRES_RPC,-1,0xed8673b38e3dc66ae6a412f3eebf3c98cbd539d61fd04159f39b3b8c43958ce1,45352187,UNKNOWN_REQUIRES_RPC,False,v2/contract_deployments/contract_deployments_31000000_32000000.parquet,1096c453513646713a3b6185edd15651bf3a9599e2e334ecd82bcf3c939ca722,473084ded5d5ec2b0de19c99186e87c7d73b9818ca4d5333fd1767720093b914,001c39ad9fc33d461162449e2968f5218194f1544e3ba5b4adaaa197557e479c,3bde1a9ad3125ae9a6e0f174ee7684e1212b0e32e519cd0b219d77d9614be110,RESERVE_CANDIDATE_REQUIRES_RPC_AND_PAIR_EVIDENCE,False,False,False,False
it,bsc,56,2024-03-10T20:56:42Z,10,100,0x51143a7b2e06bf07952e8cc60ed2940162668e58,56:0x51143a7b2e06bf07952e8cc60ed2940162668e58,UNKNOWN_REQUIRES_RPC,-1,0x8433c70cf5faa25382b838f7ab72b424b090b317aeb13c31e97bf9e7c156f76c,36826093,UNKNOWN_REQUIRES_RPC,False,v2/contract_deployments/contract_deployments_29000000_30000000.parquet,3255e78e345aff80bfd6dfc7d760f4bda3a96fce4225cc3e128ce3d21ff32822,9147e7755ff15757b9cd569742c9a7b64c4d484d629b6da880d9478868d440c9,0016c4b5bb292049a7aac24210b9b4f27d8068644579a18ea275d01f4fc38be8,8a0fbab8eaeb14ea2e786b09ceac15cfce03fa7697b10de3c8b11b36ab9c497c,RESERVE_CANDIDATE_REQUIRES_RPC_AND_PAIR_EVIDENCE,False,False,False,False
ivestdao,bsc,56,2024-06-16T22:16:43Z,10,100,0x560fadc735b004e897c8acd28b5bdd6d6ec5e540,56:0x560fadc735b004e897c8acd28b5bdd6d6ec5e540,UNKNOWN_REQUIRES_RPC,-1,0x7ae6e047b3f3797e4745d026a2099b17c8eb4071f981171ea554a976bb740f89,39485000,UNKNOWN_REQUIRES_RPC,False,v2/contract_deployments/contract_deployments_31000000_32000000.parquet,1096c453513646713a3b6185edd15651bf3a9599e2e334ecd82bcf3c939ca722,f8c9769850f43c507968fa5a5c269cffea9290bd4d489604d14e8265de45aa7e,00372944c29c71dc5c70cbdfa67f889d2e79272098d5c8e67db298d3d76a901f,6570971f495dcf6aa553ca60093fe0a3068741b20ae8d7fb6381601880e379f4,RESERVE_CANDIDATE_REQUIRES_RPC_AND_PAIR_EVIDENCE,False,False,False,False
j_pulsepot,bsc,56,2023-06-18T02:08:38Z,10,100,0x4563d5e1d8d0ac0a45d48dc5a467efb308d442ae,56:0x4563d5e1d8d0ac0a45d48dc5a467efb308d442ae,UNKNOWN_REQUIRES_RPC,-1,0x2a2939b136cde6b32fa6f37d8bba58616e942b02c90b0ab150a0664951d6f38d,28756178,UNKNOWN_REQUIRES_RPC,False,v2/contract_deployments/contract_deployments_29000000_30000000.parquet,3255e78e345aff80bfd6dfc7d760f4bda3a96fce4225cc3e128ce3d21ff32822,7e087ad5c074e69d0d04d8841cd5a1cbe7d0936b7e26363f874afce5afc74815,000fde1acb524689e9376b36046107323a5dd9e93e1d80eec9fa0c5bd973f349,e23fb5509f17afe0e42620628c3854b582d3e62f7b1554a5fbfa4c87688c47fd,RESERVE_CANDIDATE_REQUIRES_RPC_AND_PAIR_EVIDENCE,False,False,False,False
jay,ethereum,1,2022-07-19T23:48:00Z,10,100,0x55dbe92c2d71d78ef0db10ed3eea02f8a6154cc7,1:0x55dbe92c2d71d78ef0db10ed3eea02f8a6154cc7,UNKNOWN_REQUIRES_RPC,-1,0x7237ace56ae3201676e60c33ef6d2399b8f62d0726f4321625ec1db102e4ad38,15150049,UNKNOWN_REQUIRES_RPC,False,v2/contract_deployments/contract_deployments_22000000_23000000.parquet,a1a8c72cce1fe224b93b96844ae747785fcf2fe710f05d75b354ef366070990a,6b24c91dfa078fb584b7b36a92607fe38c0f8140dd1988a91647021e852aa8fd,00095410152fa576504c27bf61d3efa1a6440f251f43aeadf95cff1a8df0c319,8cd1524b0cbf93cc51f613a446d8db770d25fa929a126b623a1fbe35c450c3e4,RESERVE_CANDIDATE_REQUIRES_RPC_AND_PAIR_EVIDENCE,False,False,False,False
jokinthebox,ethereum,1,2024-05-16T10:26:35Z,10,100,0xc5550a7dd3e1b75f689fec3d0b16759df019ae58,1:0xc5550a7dd3e1b75f689fec3d0b16759df019ae58,UNKNOWN_REQUIRES_RPC,-1,0x8f2a2107619337a470531400032ddb2ad2edb1f45affe2782303d181b6606c10,19703139,UNKNOWN_REQUIRES_RPC,False,v2/contract_deployments/contract_deployments_4000000_5000000.parquet,406a31270f695d2ae9b4e4bad98a30b07b5eaadb7304d7956aee8a1b1f9474b3,7c0e4dab541a6ed02d581080a8952748af358e6bfca737407e857ede45e0356a,001d05ef0a38daef5f6d32bab4dbb1144bd90a388bb32a0192e3e5897c7696a8,25071724f2729dba1585b9966fcbd38be01610eaab7c430ad37ba69738038091,RESERVE_CANDIDATE_REQUIRES_RPC_AND_PAIR_EVIDENCE,False,False,False,False
julswap,bsc,56,2020-09-21T19:01:43Z,10,100,0x27b1c3ba4808330d93a5248ecfb7ec0dcec6c4c2,56:0x27b1c3ba4808330d93a5248ecfb7ec0dcec6c4c2,UNKNOWN_REQUIRES_RPC,-1,0x7b89735ac55a3031b06dd6e433611b3e57874740306d17405286421e6f046000,360801,UNKNOWN_REQUIRES_RPC,False,v2/contract_deployments/contract_deployments_30000000_31000000.parquet,0d12ca90369256d040cf542c85f6ffcf446e4e3e8d19fd878d446ff8ed9337b7,ab8708b9bedff802d680c4bbff46e53056a6278c75edd5142735c4cf90e5fc76,1aaf9a3dc3ddcfc90c7b4fbfaf034d9b99875a9c602380466822a5369bf4d76e,d93e13f199f2c60a469c3de43e8fa2786b8648d1f1bf0010e8d13907af054c1b,RESERVE_CANDIDATE_REQUIRES_RPC_AND_PAIR_EVIDENCE,False,False,False,False
jumpfarm,ethereum,1,2023-08-09T22:39:35Z,10,100,0x669fdfd5ef067e0f19385d403cd946f65d00d163,1:0x669fdfd5ef067e0f19385d403cd946f65d00d163,UNKNOWN_REQUIRES_RPC,-1,0x3282c5896d2cc2560bd6054abd695da55d9e3a21ce5cf0b274b5c42511c1994f,17663793,UNKNOWN_REQUIRES_RPC,False,v2/contract_deployments/contract_deployments_1000000_2000000.parquet,7529540c96f11e4fc0d376fd36b2953644bebebe317a864615e2d14403a341fe,6b1d74b16686a5fdcf3593797180de8eb5f1633e891743dccc5a208e670f3137,000e57b87f08f9db7acd8e08995fa9130f0ca395e02ae66ea35feb43d83acd22,d98eec93c795aa27e47a07c53d64c41a980c307fcb1e5df8f457d0794d928196,RESERVE_CANDIDATE_REQUIRES_RPC_AND_PAIR_EVIDENCE,False,False,False,False
kashi,ethereum,1,2021-06-04T02:51:42Z,10,100,0x2549f5e67d1c8b6016a78808ac992d0834b2351b,1:0x2549f5e67d1c8b6016a78808ac992d0834b2351b,UNKNOWN_REQUIRES_RPC,-1,0x0cadb34c3e0b91c2ce2168dea1f748e98994abbb0aa84f5b4a5b020c3d76f4c8,12416702,UNKNOWN_REQUIRES_RPC,False,v2/contract_deployments/contract_deployments_13000000_14000000.parquet,8885bd5034eff92607b7ffb297b079b222764c22e24fbd5bdf3f3d689c1a839b,2bfe6cbd5fab6484928bb6f57e19f65c9a33cb1db75cee734d9544b97166b83c,000b8ed9fb601e5d282c4211b083cb2d198d102158da533aa349378924c5acbf,4a9863073e28107e43f27d785a74964d2c0ac1f750c9b560dbbd72bb62868184,RESERVE_CANDIDATE_REQUIRES_RPC_AND_PAIR_EVIDENCE,False,False,False,False
kest,bsc,56,2023-12-11T11:42:32Z,10,100,0x0dee376e1dcb4dae68837de8ee5abe27e629acd0,56:0x0dee376e1dcb4dae68837de8ee5abe27e629acd0,UNKNOWN_REQUIRES_RPC,-1,0xc80b5ab7d64508778eb8d756090f903ec7bb7ee012542cd1a3abd17ce56c126b,33856776,UNKNOWN_REQUIRES_RPC,False,v2/contract_deployments/contract_deployments_29000000_30000000.parquet,3255e78e345aff80bfd6dfc7d760f4bda3a96fce4225cc3e128ce3d21ff32822,9f295b76843ab16f634cfc1d6a51e9ce2635e10fdf0167b57bb2ae60dec2f282,000ad4fcf2fa977fc243a7f42f2fefebfa417df679406bd94584ddfd553f0381,7dea9f6552e76f9ffdb0b07ddb90662fd1de458c8f46ad9f9f2f5662c4b2afac,RESERVE_CANDIDATE_REQUIRES_RPC_AND_PAIR_EVIDENCE,False,False,False,False
ktaf,ethereum,1,2020-07-25T00:02:02Z,10,100,0x15938bd636dc7e04ac304a561b2f732a4241eaf2,1:0x15938bd636dc7e04ac304a561b2f732a4241eaf2,UNKNOWN_REQUIRES_RPC,-1,0x8a97ab98481249bf81e5bbe56049f62c7e43822ed0d3ed63227d70b6f6af8e7c,10438292,UNKNOWN_REQUIRES_RPC,False,v2/contract_deployments/contract_deployments_13000000_14000000.parquet,8885bd5034eff92607b7ffb297b079b222764c22e24fbd5bdf3f3d689c1a839b,f8436a5f3e3ccd739b9d926b470cfbd5be26adb420296e1df921c315b97fab1d,0007eba80f614f3064a1f3c22298e855a6755fa8a37b3a57d9eeedb6c600835d,59600b7063629386dcb449c7c88ee487c05773d8b36cfa015ed6f2f2a9492c02,RESERVE_CANDIDATE_REQUIRES_RPC_AND_PAIR_EVIDENCE,False,False,False,False
kub_split,bsc,56,2023-09-20T07:19:55Z,10,100,0xc710e6f50866f38c2c95c3922ecd7c927bd3c468,56:0xc710e6f50866f38c2c95c3922ecd7c927bd3c468,UNKNOWN_REQUIRES_RPC,-1,0xe5cbe742ac0d47815ef8c32c07ff29e18d8bdb35d89d24ab993469f39bb51b09,31059667,UNKNOWN_REQUIRES_RPC,False,v2/contract_deployments/contract_deployments_31000000_32000000.parquet,1096c453513646713a3b6185edd15651bf3a9599e2e334ecd82bcf3c939ca722,bf52a7a8602658136d497979a21f119fd277860dd660cffa3dc055706684925d,002281e588bc2f9524a0c9f6bdc07a64b07b048b76619a421a85da52d7c064fb,4a6bc371bc579a269fcf91cc1a3b5a8cf22de21ba92158a783ea3a00008e73a9,RESERVE_CANDIDATE_REQUIRES_RPC_AND_PAIR_EVIDENCE,False,False,False,False
laeeb,bsc,56,2022-05-27T03:37:33Z,8,80,0xd5c9b7db172bdfb55e33c9bdffe7ca1f8df5de21,56:0xd5c9b7db172bdfb55e33c9bdffe7ca1f8df5de21,UNKNOWN_REQUIRES_RPC,-1,0xfe573bebb4ca403178dddeb1330ee7150e8f255b7578e478cc7d2264beda6ea3,17563582,UNKNOWN_REQUIRES_RPC,False,v2/contract_deployments/contract_deployments_30000000_31000000.parquet,0d12ca90369256d040cf542c85f6ffcf446e4e3e8d19fd878d446ff8ed9337b7,745e1a3aa1175a5068848fe6c31871b96505688cba1bdbfad02b49a1849e405f,00149eb8956390463f4641e96a5125ca2dd787b010111938ce98addc9d202648,e26d8fca4306eded95326d93f81350ef1a0f4c0258daf41c99cb6ad4946dee87,RESERVE_CANDIDATE_REQUIRES_RPC_AND_PAIR_EVIDENCE,False,False,False,False
laura_token,ethereum,1,2024-12-31T17:13:23Z,10,100,0xb29d9c47e90b07f2ff4c152f931c6e61887a08f5,1:0xb29d9c47e90b07f2ff4c152f931c6e61887a08f5,UNKNOWN_REQUIRES_RPC,-1,0x565f4d83ef75770d1acb2b6bf8845f7f55d9e38fa90f74ddbb87a53d809ee999,21430880,UNKNOWN_REQUIRES_RPC,False,v2/contract_deployments/contract_deployments_11000000_12000000.parquet,272528f90fb16f9169b99f6481b75aa0526c2f14141ef655a2087f63288c75f3,4d198326f1f4c7859f7de310da55f9454e4fd7dac9b2ddeae7079c5b28ac28b6,001d31cbffc3ae1d79b241dc9d2c845c29bc28f4cc5c51e41f7dff87a2bb0a0b,c443d7f74805773768bf4e25faae176fc265dedce9189a30c3b0ffdd8803d8f1,RESERVE_CANDIDATE_REQUIRES_RPC_AND_PAIR_EVIDENCE,False,False,False,False
laxo_token,bsc,56,2026-02-13T17:23:21Z,6,60,0x012be09c59b804275dc11294f59cf856234f352f,56:0x012be09c59b804275dc11294f59cf856234f352f,UNKNOWN_REQUIRES_RPC,-1,0x1ba26678fef10caed7f027eadad08c02bebae4a8c7db7c761773fd8dd91c6498,78718075,UNKNOWN_REQUIRES_RPC,False,v2/contract_deployments/contract_deployments_29000000_30000000.parquet,3255e78e345aff80bfd6dfc7d760f4bda3a96fce4225cc3e128ce3d21ff32822,a03fcdf4dc31d5421c5e8061d00cc8e4a64dd19925c34a500d1e894cfd91a5ca,0018d04bd138f5d1e5e42c7ec08b22ab7b4d8a783426b1d550e05f33c835b8a0,795627178f856bdb2d46a004e7d40a5da5c1c33eb61147173e84f41432d05c29,RESERVE_CANDIDATE_REQUIRES_RPC_AND_PAIR_EVIDENCE,False,False,False,False
lendfme,ethereum,1,2019-08-07T06:17:15Z,10,100,0x0dad6fdc4e8a73b35b67ea85831051ca4cf4c9a7,1:0x0dad6fdc4e8a73b35b67ea85831051ca4cf4c9a7,UNKNOWN_REQUIRES_RPC,-1,0x23a4961a662d76b18d92e75c9092b26673a49ccf6c71deb3fe4dbaf2a8d91688,8135864,UNKNOWN_REQUIRES_RPC,False,v2/contract_deployments/contract_deployments_0_1000000.parquet,d5e23a08a88dabb08e4eb326b1c042e55165b1fd682650ab9ed73f136e287d31,c4237e1b898f32e2e9ee622af521276b9ab1622e37c2bf514e76d15516eece33,0005317dcd515ccc5f3f34864af10510b095ec9e742589c4bd85e624daa5cb7d,786e56f4e4d71f3c87ddb5cd2eaaf441d6281454ed5568ad81991eadbfb182cd,RESERVE_CANDIDATE_REQUIRES_RPC_AND_PAIR_EVIDENCE,False,False,False,False
level,bsc,56,2023-02-20T14:52:54Z,10,100,0x4da36ca88f9fc234cf14ec26fd0b6ee68118b55e,56:0x4da36ca88f9fc234cf14ec26fd0b6ee68118b55e,UNKNOWN_REQUIRES_RPC,-1,0x3e3dacc22673ab44fd40c2dd93d0c775f3fe54a5a712f32c7b1b6f1062a7f97c,25002863,UNKNOWN_REQUIRES_RPC,False,v2/contract_deployments/contract_deployments_6000000_7000000.parquet,408541b1fff35d9d72eb413a63bd7e1ecdfd299daa7ca67b3c7185856aa6aef7,c66b647766edcb70e92c7f5f2ccd14c82407cb7947ffebc83685c974fe43bef7,001ed499c2d7a21cdf4e5976cb096ae78177bb51ceaa0325d75e48aef7cbcd8b,c84aceb97cec0f0f73d33df72cdcafd9c614a2e1487c3dc130826328b4dff27e,RESERVE_CANDIDATE_REQUIRES_RPC_AND_PAIR_EVIDENCE,False,False,False,False
lifeprotocol,bsc,56,2025-01-17T16:06:16Z,10,100,0xce1fb9af02a873073cf52f4b70b404963066cdbc,56:0xce1fb9af02a873073cf52f4b70b404963066cdbc,UNKNOWN_REQUIRES_RPC,-1,0x6eaf63a7c167d3f6fcc6f926c684703c6c68e4c0c33dc49ecf241310cdd5d6a1,44980497,UNKNOWN_REQUIRES_RPC,False,v2/contract_deployments/contract_deployments_29000000_30000000.parquet,3255e78e345aff80bfd6dfc7d760f4bda3a96fce4225cc3e128ce3d21ff32822,1120a090c49b21f62bfdaa46a65d582a63d11f321c5a75772c7e7cdc15881966,0038ac52b1e393c431ccf708f702f6f01abcd084b9fdda664c17887ab8fcb232,422418a03cfdc3e7939b22788037276c662ba902bc29e69e35a3f948e2aa20e4,RESERVE_CANDIDATE_REQUIRES_RPC_AND_PAIR_EVIDENCE,False,False,False,False
lifiprotocol,ethereum,1,2022-10-21T10:23:47Z,10,100,0xd4d9737026a005bf8b067bd989d7ab7f30a59ab7,1:0xd4d9737026a005bf8b067bd989d7ab7f30a59ab7,UNKNOWN_REQUIRES_RPC,-1,0x2582b1b52190e111246e1ee6dc12d8deb0f7b90d1ea7f53b5ff61915f2deb94b,15620279,UNKNOWN_REQUIRES_RPC,False,v2/contract_deployments/contract_deployments_19000000_20000000.parquet,204b7f381daf9d8017d4efd97183633a94c1c646efa22b219290c725f63c79d8,f3d308b86b668c1fca3ba5d0c78518be5e8c8459a5be78b94a84bed46ce6ddab,00121859aa496db3918be443b435a9bdb64a2fb6af7242b913a5e5870224b861,954fad83be286ffe5bcf272212287bf5634dca9420094c19924c118e72610476,RESERVE_CANDIDATE_REQUIRES_RPC_AND_PAIR_EVIDENCE,False,False,False,False
liquiditytokens,bsc,56,2023-03-25T17:38:38Z,9,90,0x556e70087f26cf3cacb838189991bffbcd5d8f1b,56:0x556e70087f26cf3cacb838189991bffbcd5d8f1b,UNKNOWN_REQUIRES_RPC,-1,0x16c5688813767379f79c1af689d93cadba7ef295c544aa35f056c2fb1aff62c2,26388481,UNKNOWN_REQUIRES_RPC,False,v2/contract_deployments/contract_deployments_7000000_8000000.parquet,54cb1c23725d5765da58c76ee4eb73bb326370e440cb6baab9e8463544906967,bd6c0df127ee01fc3a79d31bd879b150ca0ab3bb2700482eb1eb068b2cea0fd0,003728356a3af2afc425cdc4abc535393cf6af38809b8adec821941899d7184b,822a12db5d76e279cafdfb74920d266c4c6d5981da511658ccc7919c7b7c075d,RESERVE_CANDIDATE_REQUIRES_RPC_AND_PAIR_EVIDENCE,False,False,False,False
lp_mine,bsc,56,2025-01-03T05:35:11Z,10,100,0x0f3c770f1fd7cfa407d7634f3fa2b3c5cdda8102,56:0x0f3c770f1fd7cfa407d7634f3fa2b3c5cdda8102,UNKNOWN_REQUIRES_RPC,-1,0x9ac03041751d424052d4239a04764e8cd6d0cf0f69114172b6b5ee9a128dc7b4,45041464,UNKNOWN_REQUIRES_RPC,False,v2/contract_deployments/contract_deployments_30000000_31000000.parquet,0d12ca90369256d040cf542c85f6ffcf446e4e3e8d19fd878d446ff8ed9337b7,3fd7a0881fbc509ae45e5d69e2e61e878f88a3cdc9962d378efe4c29103a5f62,00276af631c3d722d0b50f27355544202314b68565e041b446dc1f3015f7cca5,a44c1fc0e7eb545e3941035be5336a01078e1fd7d117cb62aea13e945af7dcd4,RESERVE_CANDIDATE_REQUIRES_RPC_AND_PAIR_EVIDENCE,False,False,False,False
lpc,bsc,56,2022-03-15T12:41:22Z,4,40,0xaad0e1c20b174594e50c7777b0bdf4ae458a9ee6,56:0xaad0e1c20b174594e50c7777b0bdf4ae458a9ee6,UNKNOWN_REQUIRES_RPC,-1,0xd3af7e666e7106828a48cd1d225c55f431ac1dc18309fe7d931e48b5e1af3567,15590609,UNKNOWN_REQUIRES_RPC,False,v2/contract_deployments/contract_deployments_30000000_31000000.parquet,0d12ca90369256d040cf542c85f6ffcf446e4e3e8d19fd878d446ff8ed9337b7,bb1a8c7570b3ea341ebb04fc5e50dbf5edafd1df47157117e45962cfb43121ac,0012e59e293c720b49629fdb7ad1e85d443e6a308654333c98a89c924dfe2e28,f21b2264df60675a2f35719d960b1001c009f52f742843af62730958ac9c582e,RESERVE_CANDIDATE_REQUIRES_RPC_AND_PAIR_EVIDENCE,False,False,False,False
lqdx_alert,ethereum,1,2023-12-30T12:49:59Z,10,100,0xaa0eeb4e701ca61e4aec53a293aa013861ecbf00,1:0xaa0eeb4e701ca61e4aec53a293aa013861ecbf00,UNKNOWN_REQUIRES_RPC,-1,0xbb59d34cad17cbeed3a0a47bd93f4a6e0501530faba772fd9d8145f82ed1e9aa,18775879,UNKNOWN_REQUIRES_RPC,False,v2/contract_deployments/contract_deployments_2000000_3000000.parquet,6d562e88df03827bfbf01c2b88d473f0dece6ca3dcd2b0c76188bf3236dcdaae,b8cb9f8756d4ef46493a440435ac02b5258066914fbda49a30b99ed427d95a37,0015bddef3e783c3847c94ad0c1af90965a300cc0323d495806c3212a57623d8,c4e2be47c9154c937d4164e3d43347447a8c0d55da563a9d169bf92523997341,RESERVE_CANDIDATE_REQUIRES_RPC_AND_PAIR_EVIDENCE,False,False,False,False
luckytiger,ethereum,1,2022-08-23T06:00:04Z,10,100,0x0b1cdbef9a43100aebec240b8a6f11ad75553381,1:0x0b1cdbef9a43100aebec240b8a6f11ad75553381,UNKNOWN_REQUIRES_RPC,-1,0x6e37fe0f9dbd262a839f6d5759c5185bf26e844bdd59df7770a0afef572d6d3f,15363464,UNKNOWN_REQUIRES_RPC,False,v2/contract_deployments/contract_deployments_12000000_13000000.parquet,f15d5aeb7e3fcb63cca93eb03fa583594412966874735914078f617ae9c9b2ea,8f5facc31b1cf144ce5615a28c7fc5b4f74b2c782d2747f3e0d676584f49064a,000b9dc253ec456901d0516c975255999bf8221153a2f9f706851a183b454cc4,c504c8b8c091cf6877ed32437ac671eeeb5068be0ddc4743a9e95c9c0ac97b14,RESERVE_CANDIDATE_REQUIRES_RPC_AND_PAIR_EVIDENCE,False,False,False,False
lusd,bsc,56,2023-06-13T09:35:18Z,10,100,0x250d27ff0386830490947e4084c7282b4a03acb0,56:0x250d27ff0386830490947e4084c7282b4a03acb0,UNKNOWN_REQUIRES_RPC,-1,0x5d705fe265c9911e442e70817e984ce62d8c3d97cc6682d0460e82f33dca626a,28631386,UNKNOWN_REQUIRES_RPC,False,v2/contract_deployments/contract_deployments_31000000_32000000.parquet,1096c453513646713a3b6185edd15651bf3a9599e2e334ecd82bcf3c939ca722,73c79f29ac98ff50875e3d03140201f9225d9786c9520506fc719becbcaeb023,00158ca94f0771810d7b33bfe0dc6f6abb3ce34f8ec103c0fc1e65878cbd4212,bb4b2990b906736f7462a9a6ee7e00cc90ed1b9c0c84d85467b99664a33bb2e6,RESERVE_CANDIDATE_REQUIRES_RPC_AND_PAIR_EVIDENCE,False,False,False,False
lw,bsc,56,2023-05-04T05:20:17Z,7,70,0x6c9e228cddc6449ec6d83dc3460bd049e4e0e2c8,56:0x6c9e228cddc6449ec6d83dc3460bd049e4e0e2c8,UNKNOWN_REQUIRES_RPC,-1,0x2dd6cf4bd6c0947af9033ccf4539a40432adfb95ba1bc290919030246307847c,27399066,UNKNOWN_REQUIRES_RPC,False,v2/contract_deployments/contract_deployments_31000000_32000000.parquet,1096c453513646713a3b6185edd15651bf3a9599e2e334ecd82bcf3c939ca722,9bc33704edf80ba3ae6cce61cb9ed7624b36c88a6df0990e76f8e4b69e94e5ec,00145e018fa6cc9557d0b66a5dd725f094a41b54d6d1dba49e5accba975d1894,e3b14b6232d8e32661116988840c6b57badef508b91cef5b8194be308ef0b848,RESERVE_CANDIDATE_REQUIRES_RPC_AND_PAIR_EVIDENCE,False,False,False,False
mahalend,ethereum,1,2022-12-13T07:14:35Z,8,80,0xc5f38cb743115a78a3f6000a95ed372e3b56f9d5,1:0xc5f38cb743115a78a3f6000a95ed372e3b56f9d5,UNKNOWN_REQUIRES_RPC,-1,0xd0331d94ac8019aec7bc768edcc3cc2f083d5ad0aa69f40ae1f44f075430f216,16099559,UNKNOWN_REQUIRES_RPC,False,v2/contract_deployments/contract_deployments_6000000_7000000.parquet,408541b1fff35d9d72eb413a63bd7e1ecdfd299daa7ca67b3c7185856aa6aef7,fae259e2f22e3c29332b8c4b0a116830c4f7e48702f47cb7a571e10afccd3612,000c08066ed2c26258a30e0b3aa597d9512879d273897c3824a611156b111cd6,c657eb6f4edbe7dbea3dd4d65dce17f2760761307603ab4f44a751747f66cca6,RESERVE_CANDIDATE_REQUIRES_RPC_AND_PAIR_EVIDENCE,False,False,False,False
mamo,bsc,56,2023-11-23T06:13:54Z,10,100,0xb29d0b98864e80fab16d6a4a1b265f79d349bb57,56:0xb29d0b98864e80fab16d6a4a1b265f79d349bb57,UNKNOWN_REQUIRES_RPC,-1,0x9f2d7f8dfa08ef7de9f7670dd1c5bab9afa31b6b5edb91d2b4646f3733f6124b,33733901,UNKNOWN_REQUIRES_RPC,False,v2/contract_deployments/contract_deployments_29000000_30000000.parquet,3255e78e345aff80bfd6dfc7d760f4bda3a96fce4225cc3e128ce3d21ff32822,7f0643ca204a7c4ab06c39e99c4556ede0ff20ce1865e1ef1bdb148c84a1619b,001d4a230d4b55c99f13bae506165386f2d3dabca8e61c7722f8ab3645e05169,dd9ecbcab9b5b7feb685b0863d88ce3a3d03c7df3edabba0d5a5dad1a5ec6952,RESERVE_CANDIDATE_REQUIRES_RPC_AND_PAIR_EVIDENCE,False,False,False,False
mbc_zzsh,bsc,56,2022-07-31T14:14:34Z,10,100,0x67dea3cb31429a4d74783512bbb1908a233f4dd9,56:0x67dea3cb31429a4d74783512bbb1908a233f4dd9,UNKNOWN_REQUIRES_RPC,-1,0x381bf1298472cf98ffc09248a40f0eca586fd2dad70f5501f15d871382aae490,19550698,UNKNOWN_REQUIRES_RPC,False,v2/contract_deployments/contract_deployments_30000000_31000000.parquet,0d12ca90369256d040cf542c85f6ffcf446e4e3e8d19fd878d446ff8ed9337b7,7b1c7ab927e9f00fab2db4ad13bfa54b9b35b157f5ada510add3032d4c8d23df,001316cf509d47a84a6c644d3b5298e1e41271f55dd2d9348265a5d4e1d28fe4,59d3b21b955c4ade58367e5bbe26a6b631941a8f4693184d993f0d6ac8e0762e,RESERVE_CANDIDATE_REQUIRES_RPC_AND_PAIR_EVIDENCE,False,False,False,False
meta_pool,ethereum,1,2023-07-14T22:17:11Z,10,100,0x89711740be9ac7eb25def718ebf986767af46f5c,1:0x89711740be9ac7eb25def718ebf986767af46f5c,UNKNOWN_REQUIRES_RPC,-1,0xe0a2a8a60f0e9f15db3a027dcdc484d5550ab2948e8a470ee01248e7517ca1f9,17543874,UNKNOWN_REQUIRES_RPC,False,v2/contract_deployments/contract_deployments_1000000_2000000.parquet,7529540c96f11e4fc0d376fd36b2953644bebebe317a864615e2d14403a341fe,d0ebfdc419aa9d12e72778cb7099719e821714e2816b0484729dd7ab5a481175,0014d712e21cf5dc32ba1acc585b85f518ed400a82cd7acf7f489d0429e8bbb1,83bd2b3590511f5afc4b50b41c00234bdd7c44dc50246eaa3a379d9287d283fc,RESERVE_CANDIDATE_REQUIRES_RPC_AND_PAIR_EVIDENCE,False,False,False,False
metadragon,bsc,56,2024-05-04T06:22:10Z,10,100,0x500d625c0b3f11d47cead75fe984a0ae84117795,56:0x500d625c0b3f11d47cead75fe984a0ae84117795,UNKNOWN_REQUIRES_RPC,-1,0x5d5299adf914016cc67a1ebacf5270c1cf8f762313f048ff23267b0bcdf2518d,38205892,UNKNOWN_REQUIRES_RPC,False,v2/contract_deployments/contract_deployments_30000000_31000000.parquet,0d12ca90369256d040cf542c85f6ffcf446e4e3e8d19fd878d446ff8ed9337b7,5e9725797758e308dd5f3ee24520456a833a763fe02d990ba322f403fcb5f2d9,001930d55222cef25b47d2f99797be73302f8e3ef027f990ff15aa68ccf25d0a,5020489fcf4b54286d09cabb16e3365631bb21bc8ced00e455b811f09eb7ebea,RESERVE_CANDIDATE_REQUIRES_RPC_AND_PAIR_EVIDENCE,False,False,False,False
mic,bsc,56,2023-12-29T12:54:15Z,10,100,0xf2d8abcccadc447a3fa877591186fc38a7a4a9da,56:0xf2d8abcccadc447a3fa877591186fc38a7a4a9da,UNKNOWN_REQUIRES_RPC,-1,0x4a25a542249a2946ca9296a787176e707e0ff89871865361c3547a1eb0f9a253,34003603,UNKNOWN_REQUIRES_RPC,False,v2/contract_deployments/contract_deployments_29000000_30000000.parquet,3255e78e345aff80bfd6dfc7d760f4bda3a96fce4225cc3e128ce3d21ff32822,39532099a2f42bbc0338c66acf442950b067c0c283aa8936b255d86f357c18a2,000545fb36d7feabc77fc1b7519e2d6f4c02128335e2a3300477327664b3c731,62a8dfd7c6f157781851ad933ec0ccccbe88f54edab8e888ca65f57e4f98930f,RESERVE_CANDIDATE_REQUIRES_RPC_AND_PAIR_EVIDENCE,False,False,False,False
mim_spell3,ethereum,1,2024-03-21T16:22:11Z,10,100,0x0a669cb381543876380d6bea02b9995fcf6270d8,1:0x0a669cb381543876380d6bea02b9995fcf6270d8,UNKNOWN_REQUIRES_RPC,-1,0x9702d35f48e5718f8f5e474cf2a1445c3e4251ab851f9a5af82d82eeded4d8e4,19369252,UNKNOWN_REQUIRES_RPC,False,v2/contract_deployments/contract_deployments_12000000_13000000.parquet,f15d5aeb7e3fcb63cca93eb03fa583594412966874735914078f617ae9c9b2ea,ff988ca1c73ecc33d09f8bf1d452660a7714bc4318745640395d6c6819b5e3e9,0011be3ac75641913d25d06bcf576cc8882875311dc9a3a3abe721d99ed19496,cd3a41e279d95aa111f3dc7f23d3a900b2659ff754b120b9b1d59807dbb23e04,RESERVE_CANDIDATE_REQUIRES_RPC_AND_PAIR_EVIDENCE,False,False,False,False
mimspell,ethereum,1,2023-01-25T19:02:11Z,10,100,0xfb726774d8d4a32d20355bd8437b2426b3de04ec,1:0xfb726774d8d4a32d20355bd8437b2426b3de04ec,UNKNOWN_REQUIRES_RPC,-1,0x9fdbab38e83f86f4e11e02d2f3419047d2b309bcadfcd23338c6e2fcc8890c94,16386820,UNKNOWN_REQUIRES_RPC,False,v2/contract_deployments/contract_deployments_15000000_16000000.parquet,fb048ce929cf0d541c7dfe8c10ffb84dba33d093f3718146318d7b12073d7d12,7ab0b1ef01d1685402056b69b77e6ab3ccd99945f3369ac65cd5dc970a09a28e,00142ebd678e7b221aa73a2ffc66dfc03864f274e2820616f475a9ddfc228402,95a2c40b658a4852233638e3a565801e8e603caa6f6882cb052188971887bc3c,RESERVE_CANDIDATE_REQUIRES_RPC_AND_PAIR_EVIDENCE,False,False,False,False
mimspell2,ethereum,1,2023-01-31T15:28:47Z,10,100,0x6684c29bf789f8ff67dbe08386b4006ddfee2f9f,1:0x6684c29bf789f8ff67dbe08386b4006ddfee2f9f,UNKNOWN_REQUIRES_RPC,-1,0xb5051c64bf5ae46fd185af6ad1d7f6bec31de374eeb837bed7bb1241b2b3584e,16440744,UNKNOWN_REQUIRES_RPC,False,v2/contract_deployments/contract_deployments_19000000_20000000.parquet,204b7f381daf9d8017d4efd97183633a94c1c646efa22b219290c725f63c79d8,a2561b064e4083bdede299e9e98d932ef024543a93767317149a2fba98b047ba,00151c8237c427fce18bb4500d3078ff293c218cddcacd317dec8b81ba89e7f2,e4245916b8df383733fb24012ad4d6801caaec166d84c52be3a037010a7f5480,RESERVE_CANDIDATE_REQUIRES_RPC_AND_PAIR_EVIDENCE,False,False,False,False
miner,ethereum,1,2024-02-12T19:40:23Z,10,100,0x7ea622eaa894384e411ae6aff64506352cd16a1e,1:0x7ea622eaa894384e411ae6aff64506352cd16a1e,UNKNOWN_REQUIRES_RPC,-1,0xe4134652b9f32645eb1cae4b893e85cf109a6ebdc7e504cb5a7a459083174b3a,19132434,UNKNOWN_REQUIRES_RPC,False,v2/contract_deployments/contract_deployments_9000000_10000000.parquet,6777e0b50be1d60a845e1be0313473c99fb8675967b51e4530577f82391cd3cf,1d003e44f76a64782e1083a6ebb48d6e16d4c69798ee8e2e9e7388a280c7f027,0013b8a09a2caf8376470fb46797d6634f2f4d0172e950c374308135a88b1bdb,47ba39223a548408822e354db7d2e44c13b9d098abe1f7f4854653067b6575ee,RESERVE_CANDIDATE_REQUIRES_RPC_AND_PAIR_EVIDENCE,False,False,False,False
miner_bsc,bsc,56,2024-02-13T11:23:41Z,4,40,0x94c626ad28d2e8464a0d57de062c21ef93ab9acf,56:0x94c626ad28d2e8464a0d57de062c21ef93ab9acf,UNKNOWN_REQUIRES_RPC,-1,0x213ec80aa5cf6f845aaa03f9c3a4dba52bc7c9bf84291f2952428e82cd192fac,35981799,UNKNOWN_REQUIRES_RPC,False,v2/contract_deployments/contract_deployments_29000000_30000000.parquet,3255e78e345aff80bfd6dfc7d760f4bda3a96fce4225cc3e128ce3d21ff32822,01be7eb66ef4c2063064d8987fc4c692cc41f50e8eec266a66f3a72c21b693fd,00190b27b92bb17fa23b21343f2b9fddd4d58c171cf3d36b0da2fde227aea1ed,313615aecc51e208bdf726f89cbc06a4fbc572839d8887788ead044b9ac64fa0,RESERVE_CANDIDATE_REQUIRES_RPC_AND_PAIR_EVIDENCE,False,False,False,False
mintofinance,bsc,56,2023-02-21T10:15:38Z,10,100,0x1cb7ac9c1af8e15463eb98de96cb70926c85beb0,56:0x1cb7ac9c1af8e15463eb98de96cb70926c85beb0,UNKNOWN_REQUIRES_RPC,-1,0xde0172b2f43ad49f2ce51ffd74acc1fd5d165fdd1db9f41b7196c8ee19cf7398,25548009,UNKNOWN_REQUIRES_RPC,False,v2/contract_deployments/contract_deployments_6000000_7000000.parquet,408541b1fff35d9d72eb413a63bd7e1ecdfd299daa7ca67b3c7185856aa6aef7,593313513cd80dbde358d71c2085cfb2321b040d6098b315bd4d0b8c59a24f27,00297e283d14d17c69632625e59a794c68cbd93c862e05071a93677cae752c61,09d4dd45799e46093a8a1cc94477fe3ea650c6bbe32a5f2391f54c9d0df87bb4,RESERVE_CANDIDATE_REQUIRES_RPC_AND_PAIR_EVIDENCE,False,False,False,False
mono,ethereum,1,2021-10-17T03:36:29Z,10,100,0xda4dc368d87fcb7c5fedaa0629e72fae959897b0,1:0xda4dc368d87fcb7c5fedaa0629e72fae959897b0,UNKNOWN_REQUIRES_RPC,-1,0x42fbc11a54604a206fb6703391c9464eef2fcd31e1fea69f65be2f92149860bd,13350811,UNKNOWN_REQUIRES_RPC,False,v2/contract_deployments/contract_deployments_19000000_20000000.parquet,204b7f381daf9d8017d4efd97183633a94c1c646efa22b219290c725f63c79d8,110b5c27e4692ce2851b571343ac5a111d39768894baa70cbc6e52fea58bf03d,0004e0b3afc55a99095eebafa5b1adeec54bc64af546f5887e567b500b540331,c6cd293c7e4ba7d1a46fa5ed29fc554f39ddecfcd468225eee1d60cc8cc2e303,RESERVE_CANDIDATE_REQUIRES_RPC_AND_PAIR_EVIDENCE,False,False,False,False
moocakectx,bsc,56,2020-10-28T18:44:49Z,10,100,0x605229e93b33f654408b5b94efad1c718b3cc68e,56:0x605229e93b33f654408b5b94efad1c718b3cc68e,UNKNOWN_REQUIRES_RPC,-1,0xf7e5b1156a9f90eb777642b175b0dc081ded9b9fb19a737cf4402b88d79c2959,1704845,UNKNOWN_REQUIRES_RPC,False,v2/contract_deployments/contract_deployments_30000000_31000000.parquet,0d12ca90369256d040cf542c85f6ffcf446e4e3e8d19fd878d446ff8ed9337b7,21f5bc9e31f79ebc1f367d5eb5d097e556002f55be709ef757b55e8be5a298a8,024a30c8b4e9ae8f2bbe47f93c763905c0af5dd934a94a29eb380443e35ea618,e77ac7bc97e1e4167e96ecddf7ea78ca543de1ba30bc6a674c17752c9d7db5b9,RESERVE_CANDIDATE_REQUIRES_RPC_AND_PAIR_EVIDENCE,False,False,False,False
moonwell,base,8453,2023-08-05T01:58:49Z,10,100,0x4a6da2c127b74c06b8c2e2dc1c959b64dc5282a0,8453:0x4a6da2c127b74c06b8c2e2dc1c959b64dc5282a0,UNKNOWN_REQUIRES_RPC,-1,0xc311d1753626863f14f8ea68bbaf85a3495f38c9798120c195ae31fe6726cb98,1709758,UNKNOWN_REQUIRES_RPC,False,v2/contract_deployments/contract_deployments_0_1000000.parquet,d5e23a08a88dabb08e4eb326b1c042e55165b1fd682650ab9ed73f136e287d31,5f54152cd5ef33f2c83a778be58df0656a144fe135703fdbe3f3d3cf2bf195e2,00344f77582fface74c5aebcd8c6afaf030f1e40620dcba59075c14e17b2b011,5435ccf49ad4361f4a5c3c6a586cce22dede394851102e2905aa027993759bf3,RESERVE_CANDIDATE_REQUIRES_RPC_AND_PAIR_EVIDENCE,False,False,False,False
morphoblue,ethereum,1,2023-12-29T09:09:23Z,10,100,0x5bb005429e22b3509220025d435397e157dc3a6f,1:0x5bb005429e22b3509220025d435397e157dc3a6f,UNKNOWN_REQUIRES_RPC,-1,0xb4b004fd728b27237e37da410aaaf4548c552a73aae63771dbef397ab1ff7190,18834020,UNKNOWN_REQUIRES_RPC,False,v2/contract_deployments/contract_deployments_1000000_2000000.parquet,7529540c96f11e4fc0d376fd36b2953644bebebe317a864615e2d14403a341fe,a2a151baa5f6126f872182a9b8c7a16e11a5eaa38b5c53f039eab41e964c816b,00136d82bdcaacac98191f6f045f785013d58868f984c85f40d0a0a39cd4b5e3,ed92d7dba0a382c6a9bfa8a779e82b81f506ff655a3dd9315d691bd3f2bf2bf3,RESERVE_CANDIDATE_REQUIRES_RPC_AND_PAIR_EVIDENCE,False,False,False,False
mosca,bsc,56,2025-01-05T20:41:11Z,10,100,0x3c7b3302ad15eba7db908c46af83f30ce07975d1,56:0x3c7b3302ad15eba7db908c46af83f30ce07975d1,UNKNOWN_REQUIRES_RPC,-1,0x732a1eb885c8292781352ea6882b3f9ed28bfed82563776a0a32e6037a42f574,45221758,UNKNOWN_REQUIRES_RPC,False,v2/contract_deployments/contract_deployments_29000000_30000000.parquet,3255e78e345aff80bfd6dfc7d760f4bda3a96fce4225cc3e128ce3d21ff32822,4c16401c44087c4e5ca78db696e65d644a4ba1383a26d8d71f109b2d5d6a8753,0054bb5de0e1d6bb03c6f9b49b684a0f0419856a398b881f47129c8c9d872815,ea6d8ea94257d6eff20357bf2c6db6ec7930ed734b57b91fd858382e7cd00b27,RESERVE_CANDIDATE_REQUIRES_RPC_AND_PAIR_EVIDENCE,False,False,False,False
mrp,bsc,56,2024-06-30T01:52:35Z,10,100,0xe7768b764f9d4e3178c35ccbe42a136b66133e65,56:0xe7768b764f9d4e3178c35ccbe42a136b66133e65,UNKNOWN_REQUIRES_RPC,-1,0x92c22113113e1b87322822115611b91137cfa58241d012574c516702e0712006,39273402,UNKNOWN_REQUIRES_RPC,False,v2/contract_deployments/contract_deployments_30000000_31000000.parquet,0d12ca90369256d040cf542c85f6ffcf446e4e3e8d19fd878d446ff8ed9337b7,b3e5673146434505dee5af4180f2ba341a30f553d7ca57172c9493996ffb9ac5,001a01fc9537b95c457c162f99b0f2af39ff92ca7748225f1396a2ad78fc45b6,4d88d205ba6d07be6c9e0a36e01a64e4ac8ed2dd91f38ab4150afc2e0720ae38,RESERVE_CANDIDATE_REQUIRES_RPC_AND_PAIR_EVIDENCE,False,False,False,False
mttoken,bsc,56,2022-08-17T08:11:58Z,10,100,0x30c97c0ad96f039b132bdab47b2a1c326178b5a5,56:0x30c97c0ad96f039b132bdab47b2a1c326178b5a5,UNKNOWN_REQUIRES_RPC,-1,0x00a1517512c519b5334083c951b0a7a6fab21bc1575c1c58cb51af1934610df4,20364129,UNKNOWN_REQUIRES_RPC,False,v2/contract_deployments/contract_deployments_6000000_7000000.parquet,408541b1fff35d9d72eb413a63bd7e1ecdfd299daa7ca67b3c7185856aa6aef7,b14e334ef84f023c1f203657cacdeda15f6b57430ea1ac1c165dd3944da6fe1a,0015ee548c3fd1c4988742ff26b37efcf70d8fe2c87d7c67d24a7012503c01a6,fd4028243f6a13aced13e283f9934c4e8c806d04c2fbb2a35ed8bf5decca9718,RESERVE_CANDIDATE_REQUIRES_RPC_AND_PAIR_EVIDENCE,False,False,False,False
multicall_with_eth,bsc,56,2025-06-25T17:23:15Z,10,100,0x5d74ceca5b7f8fc40c28a7cca9ea084bc0604444,56:0x5d74ceca5b7f8fc40c28a7cca9ea084bc0604444,UNKNOWN_REQUIRES_RPC,-1,0xbd497fd0d939ae7845e433a293b539e696e87c1674558d96ed35d81e71607e6d,50447178,UNKNOWN_REQUIRES_RPC,False,v2/contract_deployments/contract_deployments_30000000_31000000.parquet,0d12ca90369256d040cf542c85f6ffcf446e4e3e8d19fd878d446ff8ed9337b7,63c63ee8d9460a428add4d3ba20d46117e63b9f4c58d5ac6b38f82e3d87896f5,0025daa7f35d490c3ed40eb2c9799a2a43c347f359b14761473dca9c09f0bbaf,9d1db2471c1b7b08391fab3e60f7b8128250e8f20c17e20436a835de7aaad4da,RESERVE_CANDIDATE_REQUIRES_RPC_AND_PAIR_EVIDENCE,False,False,False,False
multicall_with_xera,bsc,56,2022-03-10T23:17:54Z,7,70,0x189110ab5f4bb852243f1816fbda521ee7dd5601,56:0x189110ab5f4bb852243f1816fbda521ee7dd5601,UNKNOWN_REQUIRES_RPC,-1,0x85cbb9be67d42ca75791109c024414226668002bc36056e73f232bef51a59271,15189479,UNKNOWN_REQUIRES_RPC,False,v2/contract_deployments/contract_deployments_30000000_31000000.parquet,0d12ca90369256d040cf542c85f6ffcf446e4e3e8d19fd878d446ff8ed9337b7,7bf10d5650a0675e6b56d520eb0e0090f8f9d3eb931876bbae343615631602ec,000f7fbd28548dfac62cd5309c50c90b5110cdeb454b1ebb6cb3024a8afd68a4,6b798481f6f83fee82c58057372f8a2344536bf29a92bd02602f8db94a0a3cf7,RESERVE_CANDIDATE_REQUIRES_RPC_AND_PAIR_EVIDENCE,False,False,False,False
multichaincapital,ethereum,1,2021-11-20T16:23:10Z,10,100,0xee899a6007c46c28205e8760ddbd81ccbb30d8e3,1:0xee899a6007c46c28205e8760ddbd81ccbb30d8e3,UNKNOWN_REQUIRES_RPC,-1,0x3ecae773823bed1a2118c579058aea318bee44fa48f4e228694a972c1e46e346,13642232,UNKNOWN_REQUIRES_RPC,False,v2/contract_deployments/contract_deployments_2000000_3000000.parquet,6d562e88df03827bfbf01c2b88d473f0dece6ca3dcd2b0c76188bf3236dcdaae,09ce266b3c20d1848e5534b791e2d2cddaa1784d86a0c668ddbf1c460429eded,000805d22b40de8b4ea125cffc25463c9cb36959538406915af485908f39b5d7,f368ee4f3de6a7df58b55614f8acf835169ca3067af2158b9a442e4d8694bc0f,RESERVE_CANDIDATE_REQUIRES_RPC_AND_PAIR_EVIDENCE,False,False,False,False
myai,bsc,56,2023-06-08T07:57:56Z,10,100,0xfbb842fa5841262fd0d87f90d4d2aa99edecb8b0,56:0xfbb842fa5841262fd0d87f90d4d2aa99edecb8b0,UNKNOWN_REQUIRES_RPC,-1,0x17c35c7b18b5ddccec27e9b4269196475476de203026831c9210ae8f9c816a15,28560717,UNKNOWN_REQUIRES_RPC,False,v2/contract_deployments/contract_deployments_1000000_2000000.parquet,7529540c96f11e4fc0d376fd36b2953644bebebe317a864615e2d14403a341fe,5a2d4dea5ad4c0fda06090f093935618db99bf45f96dbffa2c1620e74186871c,001b26748d38ea36e1943fc3a6f4898e71f5fe879b8ea985685714abebb30571,6eedb61bd65dc38ebd436936380dccf53b7ff45fb932bbe9ef501a6e1b574b2f,RESERVE_CANDIDATE_REQUIRES_RPC_AND_PAIR_EVIDENCE,False,False,False,False
n00d,ethereum,1,2022-09-08T22:14:24Z,10,100,0x7b4845707632cb4ba177566358e00c15e103e8ee,1:0x7b4845707632cb4ba177566358e00c15e103e8ee,UNKNOWN_REQUIRES_RPC,-1,0xe9039d87ce3e67ca0f9ec5214e6eb334804b6e30624d24f5a697aa6a897f97e2,15427247,UNKNOWN_REQUIRES_RPC,False,v2/contract_deployments/contract_deployments_6000000_7000000.parquet,408541b1fff35d9d72eb413a63bd7e1ecdfd299daa7ca67b3c7185856aa6aef7,fdbb502a5005a3d7819ddaddd24c70a02f2025fde0304b3cd2d61cbf65fd97cc,0017d0c984a4b67c7e1dc5acb8cea1cce575ed2ec2139416c049d8af208e8e5f,ce427643d9530e270115abed9e09c3c12f64549f6347e7101a43a36d0ef5a607,RESERVE_CANDIDATE_REQUIRES_RPC_AND_PAIR_EVIDENCE,False,False,False,False
nervebridge,bsc,56,2021-05-10T23:02:38Z,10,100,0xeff342569fec085552285651b03b486ce1ec8bbd,56:0xeff342569fec085552285651b03b486ce1ec8bbd,UNKNOWN_REQUIRES_RPC,-1,0x29d85cc5f9a3ac3c3c65161b68078dd70b666b3e20af1afbff4fa5215d3e08f6,6793646,UNKNOWN_REQUIRES_RPC,False,v2/contract_deployments/contract_deployments_9000000_10000000.parquet,6777e0b50be1d60a845e1be0313473c99fb8675967b51e4530577f82391cd3cf,c4d4cf25768f7eecc685f1d47d52fa3e159256a8ee2ae65050391dd69ecf0b4d,000dae8c02ad917cfb2fe5d5f3f00066a4161227349a5c6dd6114d7a19896757,6da7b22195c26526ffe0125b2dca7c01f3f208945a6c6c1b32f8614feacc698e,RESERVE_CANDIDATE_REQUIRES_RPC_AND_PAIR_EVIDENCE,False,False,False,False
neverfall,bsc,56,2023-03-18T03:41:41Z,10,100,0x53fd380154a8a4246916505ac7cb820bb2fecc08,56:0x53fd380154a8a4246916505ac7cb820bb2fecc08,UNKNOWN_REQUIRES_RPC,-1,0xb0c645856a327ed8b6a52516b57702c5736195d4bb9c7493e1084509e483b89d,26330743,UNKNOWN_REQUIRES_RPC,False,v2/contract_deployments/contract_deployments_29000000_30000000.parquet,3255e78e345aff80bfd6dfc7d760f4bda3a96fce4225cc3e128ce3d21ff32822,70ea93a5e14aa2408adf24091bf25982d5cf5814f0631d5e36a1ab148af4a431,002848afeadbdf74750db102399fa13ee28e5facc346ada9d4094dcda7552394,dda51860c834388e65058ca6a21f39f2f49cc5148316615fc4464ac20a1614fd,RESERVE_CANDIDATE_REQUIRES_RPC_AND_PAIR_EVIDENCE,False,False,False,False
newfi,bsc,56,2023-05-31T06:10:17Z,10,100,0x4054e06967a964145f8badde1d57274867892316,56:0x4054e06967a964145f8badde1d57274867892316,UNKNOWN_REQUIRES_RPC,-1,0x8700454bee6a3aea30ed1be2e615d3481bcbecd87465039d976b1ae75b162bf7,28074387,UNKNOWN_REQUIRES_RPC,False,v2/contract_deployments/contract_deployments_6000000_7000000.parquet,408541b1fff35d9d72eb413a63bd7e1ecdfd299daa7ca67b3c7185856aa6aef7,8fd4cddd28025ee84da121fd2ab68cd9c1d0c1db458ace5bf0dab5f74c17736e,0011fe7475fa15519984ea3564e32e06432fb07409288792d4102e0c25718d46,d89e9e4a9b19de8184dba658ce30516996bbbb4182374bbec798e616eff1ec74,RESERVE_CANDIDATE_REQUIRES_RPC_AND_PAIR_EVIDENCE,False,False,False,False
nfttrader,ethereum,1,2021-05-26T19:48:11Z,10,100,0xf59b843a1e98003ca52e0fbd039bf925f1f4fd8c,1:0xf59b843a1e98003ca52e0fbd039bf925f1f4fd8c,UNKNOWN_REQUIRES_RPC,-1,0x69f83dd5a4866b58271225fd4f5385ffd66c7712bc2358e9b284f85d30b5b776,12429267,UNKNOWN_REQUIRES_RPC,False,v2/contract_deployments/contract_deployments_18000000_19000000.parquet,2dcd3c6c46c1f5489efaf97a7571ebbe6353d25a2f649f3933fab9345109debf,23ed1971f20c6857a4c2c6d11bdf4f7735dc81354659845f4b7ad5bdd9a56553,0009d66d4fb8c626ff822040c9619d86a4824d4c035f040f815e6aa201905435,b4e75a292cd152a95240d30976b5aea5e7eb5b3f6f96d67468864d024eac6531,RESERVE_CANDIDATE_REQUIRES_RPC_AND_PAIR_EVIDENCE,False,False,False,False
ngfs,bsc,56,2024-04-24T09:45:56Z,10,100,0x83b20b58d4ef1f1c0d498711cf8a0f2112c4e7fd,56:0x83b20b58d4ef1f1c0d498711cf8a0f2112c4e7fd,UNKNOWN_REQUIRES_RPC,-1,0xcc081647ab16da17a25e5cf0e5695fe2ebf4b9828ed9622f17613e27afe95ab8,37310126,UNKNOWN_REQUIRES_RPC,False,v2/contract_deployments/contract_deployments_31000000_32000000.parquet,1096c453513646713a3b6185edd15651bf3a9599e2e334ecd82bcf3c939ca722,ddd7d4113e647fbb760ffda89953012490142d0d03d66312ba99ceb3f658328b,00124e48400bd4389fe3af6d4c03857998e8cd80b5ba1821cfc8b93fe83c15ed,f02570bdfe3f2ac971ed9338f11acd6a8d1950e6fe84878303abdc9b2a7ef8d3,RESERVE_CANDIDATE_REQUIRES_RPC_AND_PAIR_EVIDENCE,False,False,False,False
nimbus,ethereum,1,2021-02-01T19:50:29Z,10,100,0x0ea45bd444714afcf79ddb5e4757ae50f6d53e34,1:0x0ea45bd444714afcf79ddb5e4757ae50f6d53e34,UNKNOWN_REQUIRES_RPC,-1,0x22f95cffdd949496f15c26e26cdb4094033dd37f3f73f6a6d76f88fb4b2bca03,11648217,UNKNOWN_REQUIRES_RPC,False,v2/contract_deployments/contract_deployments_12000000_13000000.parquet,f15d5aeb7e3fcb63cca93eb03fa583594412966874735914078f617ae9c9b2ea,250bccd9972d251e15c50f8d4488057821b96fd0b036fe097830206f80083b81,000d048f64363584dfad342c8c0f8451984e0179c0a013104c498fac4be4c58c,f0a8e528120dfef33047134092470248d63667b32e25a7d170d524b77104fb85,RESERVE_CANDIDATE_REQUIRES_RPC_AND_PAIR_EVIDENCE,False,False,False,False
nmbplatform,bsc,56,2022-11-15T09:39:03Z,10,100,0x0eb091337c90e14891195925f675d608b6a9dbe1,56:0x0eb091337c90e14891195925f675d608b6a9dbe1,UNKNOWN_REQUIRES_RPC,-1,0xa4fbe947f3e3d531b410c7f63b73c4d14c893235e2b3b5da7bcd7959f83edd8a,22928884,UNKNOWN_REQUIRES_RPC,False,v2/contract_deployments/contract_deployments_29000000_30000000.parquet,3255e78e345aff80bfd6dfc7d760f4bda3a96fce4225cc3e128ce3d21ff32822,b5b9f7c4b57791c07a24c6285e747747274d20fe47cd39ab1e2761dab90a5769,001b5e4661fa248307f6c32c6a36764fc9e09aa4cb535d75d3d58df88835bc89,a22e738484ffd38672481ddee5aa571dd03747ceddcc061fd50de4bd1436d7f1,RESERVE_CANDIDATE_REQUIRES_RPC_AND_PAIR_EVIDENCE,False,False,False,False
nomadbridge,ethereum,1,2022-04-22T18:00:06Z,10,100,0xfb357e02cf2ff46cc8953adf8cce319b1625d071,1:0xfb357e02cf2ff46cc8953adf8cce319b1625d071,UNKNOWN_REQUIRES_RPC,-1,0x38b900b72bf57f769897609e4a189a18bd07a9ebd296cb8938f82de54679e624,14564464,UNKNOWN_REQUIRES_RPC,False,v2/contract_deployments/contract_deployments_6000000_7000000.parquet,408541b1fff35d9d72eb413a63bd7e1ecdfd299daa7ca67b3c7185856aa6aef7,c74b01f90c55723b37fc99769d49b63ef4787e071c521ba4fe706523a5c55718,0005443b132c179cb97012b92f4cb1298e9b97d1d49d095d560415e91b6a7ba6,177484ed7f6e30a01da6998e9fb6a979f66aac1e1b4f6fddab6cbcbee2714f07,RESERVE_CANDIDATE_REQUIRES_RPC_AND_PAIR_EVIDENCE,False,False,False,False
normie,base,8453,2024-03-07T22:10:17Z,10,100,0xffe28112eb05bff5e3f92ad58f6905b22ae8f689,8453:0xffe28112eb05bff5e3f92ad58f6905b22ae8f689,UNKNOWN_REQUIRES_RPC,-1,0x1ab9186eb1e45619214542d6799420be9f767cf43698fe3c1e1d216a146df152,10338381,UNKNOWN_REQUIRES_RPC,False,v2/contract_deployments/contract_deployments_4000000_5000000.parquet,406a31270f695d2ae9b4e4bad98a30b07b5eaadb7304d7956aee8a1b1f9474b3,1533f59541d7ada29fb361fc6406a3f3a296401cff379598b58c361e229ea2dc,0007f89775995e658e096dd229f0020b0f5e4030b80f196091d78e7e291de35b,405382cf3c7551f3513f990d3408f3b9919c3682193e7b0bf58eb06eee0a4910,RESERVE_CANDIDATE_REQUIRES_RPC_AND_PAIR_EVIDENCE,False,False,False,False
nowswap,ethereum,1,2021-01-21T05:23:37Z,10,100,0xb6b62e7eb2e5cb11672e4b4ed3f78dd930cb1ebb,1:0xb6b62e7eb2e5cb11672e4b4ed3f78dd930cb1ebb,UNKNOWN_REQUIRES_RPC,-1,0x69bca9ddd12d39133658d004a826ca16f3dca2f1acd87b20b029f052080817b0,11630473,UNKNOWN_REQUIRES_RPC,False,v2/contract_deployments/contract_deployments_14000000_15000000.parquet,6176cf26c5e071de572e4fa584e8e6126dbdb3267e5f347910a581b7d8a944c6,54197eaacd08c7a25c84af291242ea35fbf7cca14f3533b532b28bcdb861815c,0009d17fd7cb04205e078ecd2315649f26b7af4907e5ace079f79b2ce89b9a51,9c2dad3b9cc4ddf181eb2b2b11a57dace83f0e8d34d34c28bb54c881db0ea223,RESERVE_CANDIDATE_REQUIRES_RPC_AND_PAIR_EVIDENCE,False,False,False,False
num,ethereum,1,2021-04-16T04:55:14Z,9,90,0xedf4054d49959a82e1c362e7d9b9277914627eec,1:0xedf4054d49959a82e1c362e7d9b9277914627eec,UNKNOWN_REQUIRES_RPC,-1,0x173a20fccb2bdb7ee65ffd05b96beedea9c1ea862dda096efe4e8121293d8268,12188949,UNKNOWN_REQUIRES_RPC,False,v2/contract_deployments/contract_deployments_19000000_20000000.parquet,204b7f381daf9d8017d4efd97183633a94c1c646efa22b219290c725f63c79d8,6901f402ebfd5897db53bc861e67fe225c71a9b2c2b4c47259148cb8eec3e90d,000bdc46f0a18a9259d338c142d3cbe501cfd3d63cf5f42759d0fef9b17a4021,9a04aadcd8d1911288b2e93927652e48e2406210c62fa95ec327f5232c9ae6c2,RESERVE_CANDIDATE_REQUIRES_RPC_AND_PAIR_EVIDENCE,False,False,False,False
olife,bsc,56,2021-06-05T16:54:30Z,10,100,0x2c16bbe78915474025cb08e9a34f662c51ad2811,56:0x2c16bbe78915474025cb08e9a34f662c51ad2811,UNKNOWN_REQUIRES_RPC,-1,0x669e2a3d8bfac95c5705872523d3b675941ae12f58c35bf29a44738f7efaf4e2,7812892,UNKNOWN_REQUIRES_RPC,False,v2/contract_deployments/contract_deployments_29000000_30000000.parquet,3255e78e345aff80bfd6dfc7d760f4bda3a96fce4225cc3e128ce3d21ff32822,169db2eb93f0b51084fbbe5fb566da195b896c4ffd5d2a0c28d650438947f462,00084be878e6e41e5db1365722e114097e9ffba26bd3e2b3b49b427d82a5dccb,f79201bf5a1c0a0d277f51f14b5f0fd4834fdc31ec3bb1b0025c95a5ac046a11,RESERVE_CANDIDATE_REQUIRES_RPC_AND_PAIR_EVIDENCE,False,False,False,False
olympusdao,ethereum,1,2022-09-17T14:20:11Z,10,100,0xd380a72b5c56ebfda962a3578cc836d75d62ec60,1:0xd380a72b5c56ebfda962a3578cc836d75d62ec60,UNKNOWN_REQUIRES_RPC,-1,0x8370115d7d1b1d2083bedaa1bc2458c41dcff3d0def504bc3342ca669e0d678d,15435203,UNKNOWN_REQUIRES_RPC,False,v2/contract_deployments/contract_deployments_17000000_18000000.parquet,8a63eb54bb198d66bb4daa82d14922009830abddc204e948292b7e4942358c8a,857f4f790d5ab573ba7e363abdc25620b9c04f7aeebf064e4e908c6826f5678e,000fcd237cb104e5a66b4fd2dd40962eecaf94486ef9dd7b1acb0bcdf9babfa0,f5faef395262fc14735ad662740d54b3ca14a05b5e1b308200be6c94043f5cd8,RESERVE_CANDIDATE_REQUIRES_RPC_AND_PAIR_EVIDENCE,False,False,False,False
ompxcontract,ethereum,1,2018-04-11T19:42:27Z,10,100,0x3286072f220c3b131739c44d1e852f65bba403da,1:0x3286072f220c3b131739c44d1e852f65bba403da,UNKNOWN_REQUIRES_RPC,-1,0xefb3eda6d0463d69f87a7065222acce5f046b2d0b16821f01eb094ef15c2fe62,5293276,UNKNOWN_REQUIRES_RPC,False,v2/contract_deployments/contract_deployments_13000000_14000000.parquet,8885bd5034eff92607b7ffb297b079b222764c22e24fbd5bdf3f3d689c1a839b,28495d7e61d0817e877fa3be8f9524cd3722917487385645c5838327cae7e6be,000262b29ad123e7318ada4db5872801848ceaadaaedf423c39473baf4514d33,ab6abf7a7eac8cfcd772f5c6c695cd5e4ac352b29cc799ad74a5412c5ba65e11,RESERVE_CANDIDATE_REQUIRES_RPC_AND_PAIR_EVIDENCE,False,False,False,False
one_inch_fusion_v1_settlement_hack,ethereum,1,2022-12-23T15:47:59Z,10,100,0x13ecb725561c2bb1229d0157d534526880c3c76b,1:0x13ecb725561c2bb1229d0157d534526880c3c76b,UNKNOWN_REQUIRES_RPC,-1,0x93a986e441429ccbb434e78aad5e985a819099216473322532e17f7209e51d15,16131778,UNKNOWN_REQUIRES_RPC,False,v2/contract_deployments/contract_deployments_12000000_13000000.parquet,f15d5aeb7e3fcb63cca93eb03fa583594412966874735914078f617ae9c9b2ea,1f0e2cffcf6e8386122cce868edbf9f6533e98c0d751949977673366aa0d4f0a,0024a1e506d432ce86cacaa902a9977798e4ae14214f01885ab61a683e656d0b,c47b2f976364fc6a811c99f87897fb87bbea686172e5b43d965f2f089e6f923f,RESERVE_CANDIDATE_REQUIRES_RPC_AND_PAIR_EVIDENCE,False,False,False,False
onyxdao,ethereum,1,2023-03-01T15:32:59Z,10,100,0xf46f88bf7d7e1a4bca6bae664b04ae01234903f3,1:0xf46f88bf7d7e1a4bca6bae664b04ae01234903f3,UNKNOWN_REQUIRES_RPC,-1,0x0c4a720c43ee9453e340ae2b746b2fde62736316ccfa900d7baeb2a8753bedb7,16652859,UNKNOWN_REQUIRES_RPC,False,v2/contract_deployments/contract_deployments_21000000_22000000.parquet,6951c22b6f2732efb0772f657e597c5cdd89f8d4c3b5d2d0c7e8d53bc240b602,b9ca688e424133c434f7b93265e087631a258893e00efa0803b857933b7fccf0,00095a7cf04b7221e409c3c9faadf2b4b0632db01067b9f0c01a7e43b2b44c55,9d4cc66b5c6daa5b3e27afe1e8ff687c20954ade7e72cadb6b3f42c66d55577e,RESERVE_CANDIDATE_REQUIRES_RPC_AND_PAIR_EVIDENCE,False,False,False,False
onyxprotocol,ethereum,1,2023-10-27T15:58:11Z,10,100,0xb4469e1bb943ec0bc3fbacaf31eb7388d32a1011,1:0xb4469e1bb943ec0bc3fbacaf31eb7388d32a1011,UNKNOWN_REQUIRES_RPC,-1,0x1defd84272f5a7689d17220c06958c5394137613060721c66b99a80502754a9e,18238971,UNKNOWN_REQUIRES_RPC,False,v2/contract_deployments/contract_deployments_14000000_15000000.parquet,6176cf26c5e071de572e4fa584e8e6126dbdb3267e5f347910a581b7d8a944c6,6366e09604ba7dfdf15471846c600c38c31a1f36dcf932875c5ba6ce264e5892,00081990f854d773ad61504ed240abf77e694f6d01b9597ca345b0738bd9e910,436f3377304b0546f1ef163df5ca56963bbb37acf217db069cfee264a77b4a73,RESERVE_CANDIDATE_REQUIRES_RPC_AND_PAIR_EVIDENCE,False,False,False,False
openleverage,bsc,56,2023-03-02T08:23:58Z,10,100,0xc6225f1125f863844f2caab54af9e87077b181a4,56:0xc6225f1125f863844f2caab54af9e87077b181a4,UNKNOWN_REQUIRES_RPC,-1,0xba8e9dd60e7fb40eca57fef56856b7c164a670838473df831134cbb88df39815,25344750,UNKNOWN_REQUIRES_RPC,False,v2/contract_deployments/contract_deployments_7000000_8000000.parquet,54cb1c23725d5765da58c76ee4eb73bb326370e440cb6baab9e8463544906967,d26db6000036ea511ed6d72a0a654b9b91c43dfa7e1e12479645bf20b5b46870,000b93f8e9415ad700d1c115b6280691493be8e9349b191752fcb053a21aec63,6475eacae7d845c29a7213bd9a9b23b6522ff2598eb93866cfb9e8ceebbebb1c,RESERVE_CANDIDATE_REQUIRES_RPC_AND_PAIR_EVIDENCE,False,False,False,False
openleverage2,bsc,56,2023-03-23T09:10:44Z,10,100,0xe228487c97d26e34d8154e9f253535349cdb325e,56:0xe228487c97d26e34d8154e9f253535349cdb325e,UNKNOWN_REQUIRES_RPC,-1,0x70876bcdc2d4d2055a977b5d94b9b8ddfe9e47e2616ef18f1890f9f182ab1958,26072623,UNKNOWN_REQUIRES_RPC,False,v2/contract_deployments/contract_deployments_30000000_31000000.parquet,0d12ca90369256d040cf542c85f6ffcf446e4e3e8d19fd878d446ff8ed9337b7,f2766d8e8d6cc74be02468af38018b4e0bfe0021b2716083b891428c0fb7bb8f,0017bd9dc56a8797143f27a774c8f5dc06eeef9b5e0e57a4425d5c02ccb224ef,d64cca01f7c67e81a0b2e3f137d109732d94a64b5332accf888e34cbe30dbf7d,RESERVE_CANDIDATE_REQUIRES_RPC_AND_PAIR_EVIDENCE,False,False,False,False
opyn,ethereum,1,2020-07-31T22:07:34Z,10,100,0x99eab95aca50c0c61c08d55cde42cd51b4d6a79f,1:0x99eab95aca50c0c61c08d55cde42cd51b4d6a79f,UNKNOWN_REQUIRES_RPC,-1,0xd16ba13b456f356b8ae582cc542d1f60b4e6eed34b868af9a19acd63c46138d0,10546051,UNKNOWN_REQUIRES_RPC,False,v2/contract_deployments/contract_deployments_21000000_22000000.parquet,6951c22b6f2732efb0772f657e597c5cdd89f8d4c3b5d2d0c7e8d53bc240b602,7bd6f054676b454e2ee5771a6a8ce7a7dfb02bae49e071418884991829516419,000c414e868627ee826803aa578a0afe47119dae6a4cbdff8df472ea12feb5fa,725434ff7bacad78eac04b21503861223a6ad08af227eb032948f7d68aebc15d,RESERVE_CANDIDATE_REQUIRES_RPC_AND_PAIR_EVIDENCE,False,False,False,False
orion,ethereum,1,2020-12-07T17:12:11Z,10,100,0xd7774a3bb7ae00e25229b32bfdfa89e6f0104778,1:0xd7774a3bb7ae00e25229b32bfdfa89e6f0104778,UNKNOWN_REQUIRES_RPC,-1,0x42429a73ae4c4496b747a711342e06212cf71f12848a87c5e53f4d33b17bf89b,11372919,UNKNOWN_REQUIRES_RPC,False,v2/contract_deployments/contract_deployments_0_1000000.parquet,d5e23a08a88dabb08e4eb326b1c042e55165b1fd682650ab9ed73f136e287d31,1ab842f36faed008ad78a13fae562aacb327a03d8ce6a6c89b003df995a85a01,00060bbd4d203cb4aca2309d01b41bfa0746ef08cb583474176e4a830284e075,346034ee7ba672e8a6e4e8a41c516934b3af1499a6ba2d7c40cef63a7f2a453e,RESERVE_CANDIDATE_REQUIRES_RPC_AND_PAIR_EVIDENCE,False,False,False,False
osn,bsc,56,2024-04-16T06:43:46Z,10,100,0xf35ae59bc6fe561fb307a390dc08fb411b1d304f,56:0xf35ae59bc6fe561fb307a390dc08fb411b1d304f,UNKNOWN_REQUIRES_RPC,-1,0xb200d4c45f854e322391a61d146e3f0d145204dc268ed37fbf8c7312626ee142,37856140,UNKNOWN_REQUIRES_RPC,False,v2/contract_deployments/contract_deployments_31000000_32000000.parquet,1096c453513646713a3b6185edd15651bf3a9599e2e334ecd82bcf3c939ca722,2efbaf05b06557d26eaf43125a76c599ef3672de3a8b5ead3cac830831d04f64,0015695e78a4da8e075d2b727e12ac5fa04b3d4f86ea03b774b0260579289e5e,09736745b1fc1f5e8b7f22d684b180fd1cbadb73094dbf5c3165d0ad37cd3c46,RESERVE_CANDIDATE_REQUIRES_RPC_AND_PAIR_EVIDENCE,False,False,False,False
otseastaking,ethereum,1,2024-01-31T07:00:59Z,10,100,0x55426574318c6eba211bc450aca072208b377e4c,1:0x55426574318c6eba211bc450aca072208b377e4c,UNKNOWN_REQUIRES_RPC,-1,0x3e34347c9d9675866dd325ff065ea007d7bf39c5d3c95d35ef2f57600bcf7193,18944385,UNKNOWN_REQUIRES_RPC,False,v2/contract_deployments/contract_deployments_9000000_10000000.parquet,6777e0b50be1d60a845e1be0313473c99fb8675967b51e4530577f82391cd3cf,d9d39274c9d5145a31b8158bdd850b671889133d824333c2f679baaf5e90b57e,00141f8832e92c90b948a7449a5d1696cb2a6e895b6c308264cf914086c6bd7f,190e52326097b9136a8dd764f7141041432e685da910d5ff2f4e8b3c45a4817c,RESERVE_CANDIDATE_REQUIRES_RPC_AND_PAIR_EVIDENCE,False,False,False,False
palmswap,bsc,56,2023-07-13T11:27:41Z,10,100,0xaf9dd7d1a1fb25e4498c33a825f22a2ada548689,56:0xaf9dd7d1a1fb25e4498c33a825f22a2ada548689,UNKNOWN_REQUIRES_RPC,-1,0x8906c66235541adc710de9613df33f4e8e5104ed8dc1cf48335883fa3656d4d7,29507497,UNKNOWN_REQUIRES_RPC,False,v2/contract_deployments/contract_deployments_30000000_31000000.parquet,0d12ca90369256d040cf542c85f6ffcf446e4e3e8d19fd878d446ff8ed9337b7,ed40f878fbe3b6faaca66f88a3883a18bc3324c9fa97c49bb9aa0a638eab669e,001ca679f438e1f0d9b1c87847375ed3c10213d47aefa5e1b58f58dc191d6c47,78a848843afdf7755080a49f1a91801fc1c1c8710166a7b7164ae95d9fc21e0f,RESERVE_CANDIDATE_REQUIRES_RPC_AND_PAIR_EVIDENCE,False,False,False,False
pancakebunny,bsc,56,2021-04-23T11:45:09Z,10,100,0xb3d205ee1b414efd856e51847e19823fbdee9ccc,56:0xb3d205ee1b414efd856e51847e19823fbdee9ccc,UNKNOWN_REQUIRES_RPC,-1,0x0de35ca21d7a1b1a6ed791e5ee5539aec5527eb19cbe5a98168b597904ea8be1,6399228,UNKNOWN_REQUIRES_RPC,False,v2/contract_deployments/contract_deployments_30000000_31000000.parquet,0d12ca90369256d040cf542c85f6ffcf446e4e3e8d19fd878d446ff8ed9337b7,50218365c3c9d4cd673be07ea10f6c9f3dddc1ead0608b841ac9a6935491de9f,0028ab187b2a5a3f6230f35d4c55c70d8bc2721910737f2bb55cb70eacba9974,9dce672527e5a118941105d4fcb89fa00055cc81b1be27ef0bf1e03ea82daf15,RESERVE_CANDIDATE_REQUIRES_RPC_AND_PAIR_EVIDENCE,False,False,False,False
pancakehunny,bsc,56,2021-06-02T03:31:01Z,10,100,0x12e55f7bd0aa181e6d1d726dfda551f5b9143497,56:0x12e55f7bd0aa181e6d1d726dfda551f5b9143497,UNKNOWN_REQUIRES_RPC,-1,0x31a1b6e7c89c35516a530ecd9559a1b73b1cc8b14bba6abcf37bd1bf060cb9d0,7632680,UNKNOWN_REQUIRES_RPC,False,v2/contract_deployments/contract_deployments_30000000_31000000.parquet,0d12ca90369256d040cf542c85f6ffcf446e4e3e8d19fd878d446ff8ed9337b7,299e5f50750b9930ca283dceb99ca2d9b202540117b23fdca490ef90c4608cb4,00081e527832c2e22af2a9dc4a250d44e41af77535c90563f6e36caaeb2103a4,990ba87b3f221745b74af134c12328e312b541174f3b9505e989f9fe4e0a2a93,RESERVE_CANDIDATE_REQUIRES_RPC_AND_PAIR_EVIDENCE,False,False,False,False
paraspace,ethereum,1,2022-12-02T07:27:11Z,10,100,0xbda401f5bc762d9b9913a9b5bd69a2b9360d385d,1:0xbda401f5bc762d9b9913a9b5bd69a2b9360d385d,UNKNOWN_REQUIRES_RPC,-1,0xba6b9ef0a6ec29488bc8e93add5935e9d0998d9ce45afe58c66b3b5a11d9e2b7,16011420,UNKNOWN_REQUIRES_RPC,False,v2/contract_deployments/contract_deployments_20000000_21000000.parquet,5408f43ed5a3cd3b27216a3df0904e4053ec650ebb80c9c1c2ede9026839c3b5,396aae0666475639e8d217a2415327771d8490d78d65ce8bbbf1c9ac6e856ae8,00111267cd3a8c183921c70aec58772c66b230f68d152c0cda515a8d8d42b2fa,a4d66654b044e82e0c7bb48e1ed45d3af71ceab975909f7a8ce14057e9d87193,RESERVE_CANDIDATE_REQUIRES_RPC_AND_PAIR_EVIDENCE,False,False,False,False
particletrade,ethereum,1,2023-10-03T23:57:35Z,10,100,0xb87f117290a4bbbeebd6b8ed3095bfe6789c4e56,1:0xb87f117290a4bbbeebd6b8ed3095bfe6789c4e56,UNKNOWN_REQUIRES_RPC,-1,0x3ff42e412a44598e11857344d0fc681235886c2f6d0781b10bc5d5ce80a6d21c,18199974,UNKNOWN_REQUIRES_RPC,False,v2/contract_deployments/contract_deployments_2000000_3000000.parquet,6d562e88df03827bfbf01c2b88d473f0dece6ca3dcd2b0c76188bf3236dcdaae,e97650f3b5e75131c5f150fac8d1b02b2c5d8cd3720dc5427af820e3d2385c3f,000fc30074c0b5d62b17493d229cd45bd6a02efe01ec87b27cb36f4282947435,69882c54b02fccc4bf7649cfea8e53c85b176ca6dc2234c0c0039b214d8f7041,RESERVE_CANDIDATE_REQUIRES_RPC_AND_PAIR_EVIDENCE,False,False,False,False
pawnfi,ethereum,1,2023-06-05T05:03:35Z,10,100,0x52a81293ad140087c09823c3542547adccf744ba,1:0x52a81293ad140087c09823c3542547adccf744ba,UNKNOWN_REQUIRES_RPC,-1,0x0343210470bc6d6682752d06b928ff6261842da6a0ce48e163a76d3f8e4356ab,17261709,UNKNOWN_REQUIRES_RPC,False,v2/contract_deployments/contract_deployments_14000000_15000000.parquet,6176cf26c5e071de572e4fa584e8e6126dbdb3267e5f347910a581b7d8a944c6,7591a541656ee32df4a24a165916100e3128f11e8c722fa92501c7aba23b81b7,000ae37ef7fe89dc2bd4e6419494b471b31028cf54acbd86ce04b6d40351cbe4,f4df5c0583b21a596a3ebbb6467cae68a6550198eecc4b06cfbc5fddb57977ea,RESERVE_CANDIDATE_REQUIRES_RPC_AND_PAIR_EVIDENCE,False,False,False,False
pdz,bsc,56,2024-01-26T19:19:39Z,6,60,0x38f0674d253f52754611e85e969686fdc220f588,56:0x38f0674d253f52754611e85e969686fdc220f588,UNKNOWN_REQUIRES_RPC,-1,0x0662007ae8d799f276caccf2a8df0bf9d938134d8e0865273536536212624107,35169209,UNKNOWN_REQUIRES_RPC,False,v2/contract_deployments/contract_deployments_31000000_32000000.parquet,1096c453513646713a3b6185edd15651bf3a9599e2e334ecd82bcf3c939ca722,4f414dc4272ea2e8ab62dd5f92d05f9609e3dce4d94f48890b2262fd56dc7afb,0011976f84aafc356a66714e0f99e3e81516b30e0313766f9977ea0f8bd652ab,aef6cb8c32f88aaf53d385cdef6779b926ff2bcbd386743b88229912c613e9b1,RESERVE_CANDIDATE_REQUIRES_RPC_AND_PAIR_EVIDENCE,False,False,False,False
peapodsfinance,ethereum,1,2023-12-13T21:17:47Z,10,100,0xce3bc16118c6bb08747618ec08b0d5367f900a4b,1:0xce3bc16118c6bb08747618ec08b0d5367f900a4b,UNKNOWN_REQUIRES_RPC,-1,0x10e83c00c642a94acc0fa7b59b60fc8bfe4a2537a9ca31a3a25d4377d05316ba,18724742,UNKNOWN_REQUIRES_RPC,False,v2/contract_deployments/contract_deployments_2000000_3000000.parquet,6d562e88df03827bfbf01c2b88d473f0dece6ca3dcd2b0c76188bf3236dcdaae,721ce0831f74394fe91d4648f84d7a2d53b054dfffe818b7306f2a7bec50da71,0022cb7e6b43ca7ad8fa8061548989ea5387ac1e579ef362fcda1a11ac43a512,d493f65b209497f34b2da723dff49964b0b16a4cf17b0f6ba9db2d764827c616,RESERVE_CANDIDATE_REQUIRES_RPC_AND_PAIR_EVIDENCE,False,False,False,False
penpiexyzio,ethereum,1,2023-06-05T10:50:59Z,10,100,0xeaac119aac03f7df84320e621f69943196f56734,1:0xeaac119aac03f7df84320e621f69943196f56734,UNKNOWN_REQUIRES_RPC,-1,0x72f2c3ea3a3e8194e779994b3c6e20a61127e371f9c8e83fe0a95b32d16d4fc3,17205927,UNKNOWN_REQUIRES_RPC,False,v2/contract_deployments/contract_deployments_2000000_3000000.parquet,6d562e88df03827bfbf01c2b88d473f0dece6ca3dcd2b0c76188bf3236dcdaae,fdc261be130b74382a5d9749db4c9b172eacbb8953b3f3dd551cfdf136b657d1,0013e1d24dd4d12635a18fd7017b16c81952fcfa11822a20b7d31e4af1c1a0b1,b75d5558226eebe543701cb46f5f39ca7993c000dadc4d3469abb0976836cd23,RESERVE_CANDIDATE_REQUIRES_RPC_AND_PAIR_EVIDENCE,False,False,False,False
pickle,ethereum,1,2020-10-24T00:04:17Z,10,100,0x02264c4c2ca3ba03526b4cece668200b4b0ec71f,1:0x02264c4c2ca3ba03526b4cece668200b4b0ec71f,UNKNOWN_REQUIRES_RPC,-1,0x9743b916b34d4c7b79a1cce5b6a8a36e43a112ed6ec7a7b7e76646337bb4f854,10955797,UNKNOWN_REQUIRES_RPC,False,v2/contract_deployments/contract_deployments_12000000_13000000.parquet,f15d5aeb7e3fcb63cca93eb03fa583594412966874735914078f617ae9c9b2ea,fbe1ed917c8e26a4cded3c2160874173356ed848e4324b0efe64514ca7bc0a39,0011fe50467985c5e8a14026c8c961bdfd916b119e2ab594871aee1feb749c0d,8ad71b2d648ab5e061b4a69cf02875738706b135bc2fbbf87120f9d54e480371,RESERVE_CANDIDATE_REQUIRES_RPC_AND_PAIR_EVIDENCE,False,False,False,False
pineprotocol,ethereum,1,2023-01-12T19:59:23Z,10,100,0x97e19e2a5458294842036404e6a05571d8bc2fa3,1:0x97e19e2a5458294842036404e6a05571d8bc2fa3,UNKNOWN_REQUIRES_RPC,-1,0x372339f0ecc978b0c834691b7ba14be26bceeb1a6f882ed1011600228c7aad86,16349786,UNKNOWN_REQUIRES_RPC,False,v2/contract_deployments/contract_deployments_2000000_3000000.parquet,6d562e88df03827bfbf01c2b88d473f0dece6ca3dcd2b0c76188bf3236dcdaae,c3975cac00e4b176eb36011f2b8892bff3cab267f691af84768fb56e209c51bd,00158fb3fd85f84d920806d9d7e88a0089c8ad9ed6ab021f883933ded5ef996e,2cdb04dd68f2b39c93581e2a23e24175c7d24dd9b6df3f97260db7d609371722,RESERVE_CANDIDATE_REQUIRES_RPC_AND_PAIR_EVIDENCE,False,False,False,False
pledge,bsc,56,2024-11-24T16:01:47Z,10,100,0x7b711f515a254991b388357fb7e76c38fa7ec4f2,56:0x7b711f515a254991b388357fb7e76c38fa7ec4f2,UNKNOWN_REQUIRES_RPC,-1,0xa684b2d2d3ce60c76100910c9bf45c58201c3179d312eb7f481be61fd7cc656f,43659371,UNKNOWN_REQUIRES_RPC,False,v2/contract_deployments/contract_deployments_29000000_30000000.parquet,3255e78e345aff80bfd6dfc7d760f4bda3a96fce4225cc3e128ce3d21ff32822,9403b43e85e0c863266deb54289bb1f2f6137b0a8a7ca0b780cd3a5ec0bf642e,00309346ca8319c09470ac5d7d9ebecc6832c458e5dc2943cef2d035eccfe60f,99db7158066cd107ec9481a5883dbcbf922224b7745d25c60f524035dc8d933c,RESERVE_CANDIDATE_REQUIRES_RPC_AND_PAIR_EVIDENCE,False,False,False,False
ploutoz,bsc,56,2021-03-26T12:26:53Z,10,100,0x31c0f05ba17fbb66762ebe406674f5ebfcc2d186,56:0x31c0f05ba17fbb66762ebe406674f5ebfcc2d186,UNKNOWN_REQUIRES_RPC,-1,0x55f183c7bf3cb28c27cf75be3d39bca21e50d830d8e7a0e23ae615bf047ea891,5723543,UNKNOWN_REQUIRES_RPC,False,v2/contract_deployments/contract_deployments_9000000_10000000.parquet,6777e0b50be1d60a845e1be0313473c99fb8675967b51e4530577f82391cd3cf,8a8dcaed22621ed4d134709fa0f104c36bfb1495a99e0bbeee7a23b12fb7076f,002ebbe80bf9b7e30d5bfaf5e1969e7e21b7dda51138a1408a5cb22d7813cf2b,8568757f441d56e3ca3768e851624a5669f0ad1689a5e70d9b0cf67ef7377b73,RESERVE_CANDIDATE_REQUIRES_RPC_AND_PAIR_EVIDENCE,False,False,False,False
pltd,bsc,56,2022-09-18T07:34:03Z,10,100,0x929a0f74c0a6c0b5c815785f354593e723d2920e,56:0x929a0f74c0a6c0b5c815785f354593e723d2920e,UNKNOWN_REQUIRES_RPC,-1,0x07dcb13c6d3ab6cd91247da3b628d6ff8d0364f5443002f1399277143bfcf186,20606753,UNKNOWN_REQUIRES_RPC,False,v2/contract_deployments/contract_deployments_30000000_31000000.parquet,0d12ca90369256d040cf542c85f6ffcf446e4e3e8d19fd878d446ff8ed9337b7,594a0bdb1e156611a604d499c591cc6846e56da39fb07981cf1f6d1de1d818b4,0019b5d7732dfd79f8ab3a2e8fdaa82f0f591d568ec6b0088a06284ab983d0ca,79f3991c5a4a156748646f3401c690cca775044070323e2e6efe009c15740c1e,RESERVE_CANDIDATE_REQUIRES_RPC_AND_PAIR_EVIDENCE,False,False,False,False
poolz,bsc,56,2021-07-30T11:05:08Z,4,40,0x3e6af7348d5b1b816d6788c66512a7ab52cddb79,56:0x3e6af7348d5b1b816d6788c66512a7ab52cddb79,UNKNOWN_REQUIRES_RPC,-1,0xb0fbee542f53e522fb60a23bf8087ff70aebe38f613be0c50a68f02cbcb8d768,9384503,UNKNOWN_REQUIRES_RPC,False,v2/contract_deployments/contract_deployments_30000000_31000000.parquet,0d12ca90369256d040cf542c85f6ffcf446e4e3e8d19fd878d446ff8ed9337b7,2cca47a3e29a86bcd9502f7bb8e61aa9f28139da85e96038f653b576e8d02059,0011be44c9f387d9212e10b825265d9c6e1cd6a3fb8b0760ef887a2561f1e740,98581e470422b5361b530ae8d5e0ab724a9b3b37ff3ed133c9b2262e9dade246,RESERVE_CANDIDATE_REQUIRES_RPC_AND_PAIR_EVIDENCE,False,False,False,False
pseudoeth,ethereum,1,2023-06-11T00:15:35Z,10,100,0x520d9a2d6116c99051eec8b213a6274493580692,1:0x520d9a2d6116c99051eec8b213a6274493580692,UNKNOWN_REQUIRES_RPC,-1,0xc2dbe99f7d2f81c10f6a426f0852ee8ae736a1d08cb40c04ba3df9cba55b426e,17393939,UNKNOWN_REQUIRES_RPC,False,v2/contract_deployments/contract_deployments_14000000_15000000.parquet,6176cf26c5e071de572e4fa584e8e6126dbdb3267e5f347910a581b7d8a944c6,df16d472f7dcf532f95d9f282f8c106cbaf1cdf8265ab99b28742c28872475c0,000e1d924ad7fdbc64fec63dca283a87b74687776321e707a90958c3affdfa6c,4dce579ae84b087445cef52cc06cc7a82097911205801ce2038f1aaa2f5546bb,RESERVE_CANDIDATE_REQUIRES_RPC_AND_PAIR_EVIDENCE,False,False,False,False
qtn,ethereum,1,2021-07-27T02:30:03Z,10,100,0x6df8ecc18839a560a9b3f4be14d9edcf2b3a1512,1:0x6df8ecc18839a560a9b3f4be14d9edcf2b3a1512,UNKNOWN_REQUIRES_RPC,-1,0x6900d0458973cdb3db86656af3a50a1e63d5a296593c6ab79802db2d0f52fbc6,12713625,UNKNOWN_REQUIRES_RPC,False,v2/contract_deployments/contract_deployments_20000000_21000000.parquet,5408f43ed5a3cd3b27216a3df0904e4053ec650ebb80c9c1c2ede9026839c3b5,f688f21ef6383a706ec23fa25ca0790ce70e1524688c2d0ad3fb7ccdfa99b7c8,000ac4fe509ee30313a31d18b98e7cc77fa762865a4d45b6b8f67779ea2be0ec,b8b7015fe6eb8ee1d8055dbd2d63528dc702e767fca240da620f86ceaac06231,RESERVE_CANDIDATE_REQUIRES_RPC_AND_PAIR_EVIDENCE,False,False,False,False
quantumwn,ethereum,1,2023-08-12T22:05:23Z,10,100,0xb67f82ff112ab69c0cb1d6550322403c2516456a,1:0xb67f82ff112ab69c0cb1d6550322403c2516456a,UNKNOWN_REQUIRES_RPC,-1,0xed450aaac1207d7366e19ccabda5ced54f6a7b06411b80f22d92005f387bab58,17840377,UNKNOWN_REQUIRES_RPC,False,v2/contract_deployments/contract_deployments_0_1000000.parquet,d5e23a08a88dabb08e4eb326b1c042e55165b1fd682650ab9ed73f136e287d31,83a6b5a22d9cfad771e04e6e946fab021a83ce5e6360d5dc09fac8fec7ade7b2,000d4142d29bab5f884799df5fd0e5ba1df352381eacd313a89ab346f597e61d,538fb5063a80a8bf763af7165b47b2ea86a6208aebc802214a1a5559a36e96bb,RESERVE_CANDIDATE_REQUIRES_RPC_AND_PAIR_EVIDENCE,False,False,False,False
qubit,ethereum,1,2021-11-30T09:02:57Z,10,100,0xfca5ac595fa783530e8f566fc2d99d8896cb29fd,1:0xfca5ac595fa783530e8f566fc2d99d8896cb29fd,UNKNOWN_REQUIRES_RPC,-1,0xec6f3a5d3b6748145d5ce1de553ace43271cb3865ccf893b17a3e67bb73a27e5,13582694,UNKNOWN_REQUIRES_RPC,False,v2/contract_deployments/contract_deployments_2000000_3000000.parquet,6d562e88df03827bfbf01c2b88d473f0dece6ca3dcd2b0c76188bf3236dcdaae,b299543f95e765de70a618f89d4fd1c9574e846d5ee0e2e63649ac81e1e05626,0009059dd618665b6d4e49450da91cb152291c9171b9d3f43f62ae2a25715403,a8dcf61bca2fee4994232ef149c055e67a0cb3ab1fcc3a5204cea53b98b8e2d1,RESERVE_CANDIDATE_REQUIRES_RPC_AND_PAIR_EVIDENCE,False,False,False,False
raft,ethereum,1,2023-09-14T12:58:59Z,10,100,0x8d681693fa5548a7c26cedc110780805bd443302,1:0x8d681693fa5548a7c26cedc110780805bd443302,UNKNOWN_REQUIRES_RPC,-1,0x7b70a8246d3e50081e44d768ba161e09cc815186b51a17264b39bec920e4eec3,18058058,UNKNOWN_REQUIRES_RPC,False,v2/contract_deployments/contract_deployments_1000000_2000000.parquet,7529540c96f11e4fc0d376fd36b2953644bebebe317a864615e2d14403a341fe,2708b7a3ae93daec0deb7b14c39c02dc1c3f49eb26b6c6bd6b3d48ec122cafa3,000f0789aa34894a92ef3eed6963e30e8e796502f21e393d4f1cb012cb991e1b,9a64fa86c320e30194f87412a543c1face24ea5673d977b816b04fe1c3d31f6c,RESERVE_CANDIDATE_REQUIRES_RPC_AND_PAIR_EVIDENCE,False,False,False,False
rant_token,bsc,56,2025-07-04T11:47:40Z,10,100,0xeff4a5b95be34840b1522d039cfabaf7900c7dea,56:0xeff4a5b95be34840b1522d039cfabaf7900c7dea,UNKNOWN_REQUIRES_RPC,-1,0x49b5f12eafd91328a53c3478ef011d2f127a15acf9356634f306151adb35c991,50841493,UNKNOWN_REQUIRES_RPC,False,v2/contract_deployments/contract_deployments_30000000_31000000.parquet,0d12ca90369256d040cf542c85f6ffcf446e4e3e8d19fd878d446ff8ed9337b7,8cbe62043971d55bc1de85d52fcc5df09fd5198cf04eeb8b2a4bbe8292fcb9d5,001bdda93ef41993c1ab18113e5edfb6f1505094c6ee0189a9a43b71ef976b98,f19f8de59d2cf4bc4094ed56e6ae2fb3093aa60592097a5aaeeb9f9326040baf,RESERVE_CANDIDATE_REQUIRES_RPC_AND_PAIR_EVIDENCE,False,False,False,False
rari,ethereum,1,2021-11-24T22:31:41Z,10,100,0x956b2d9ba64c228293e1fdd80a4d2cf6826720ab,1:0x956b2d9ba64c228293e1fdd80a4d2cf6826720ab,UNKNOWN_REQUIRES_RPC,-1,0xe736d6173c134d0e1bcf012d0e49c511fbd203a67379ca198ff884fde2da15a1,13648755,UNKNOWN_REQUIRES_RPC,False,v2/contract_deployments/contract_deployments_21000000_22000000.parquet,6951c22b6f2732efb0772f657e597c5cdd89f8d4c3b5d2d0c7e8d53bc240b602,3854ff94ac67a1402627f92e642ae104ebb88e66c2fc7e6357a4d6a23abaaa6e,0008e56ad0fefc64cda2181735603d46a8da5569914291381fc72c6c65d33c37,6ec9980a8286f6cf6637edccd65fb0672a51353b6f877b1a0de8d7637358197c,RESERVE_CANDIDATE_REQUIRES_RPC_AND_PAIR_EVIDENCE,False,False,False,False
rbalancer,ethereum,1,2023-09-25T06:20:23Z,10,100,0xda7d0bf64d238da330b48ccedf737f6431b12478,1:0xda7d0bf64d238da330b48ccedf737f6431b12478,UNKNOWN_REQUIRES_RPC,-1,0x5b25f7d0fd6b3cc82088c0caf534afc03f4947c24913f94c04f08d30f41f5d1c,18190143,UNKNOWN_REQUIRES_RPC,False,v2/contract_deployments/contract_deployments_2000000_3000000.parquet,6d562e88df03827bfbf01c2b88d473f0dece6ca3dcd2b0c76188bf3236dcdaae,501e5faf93f82bf9fb6c872d96c6fcf30adfb718a702fcdd016782e6c8623fcd,00113769cad969f353a6f0ad5091dc10bf68026e49cd0e01abe442f351b8abe5,9c0499a0816e91658f5bdb399795ccebd1200b3a7731eccaaca4670e7b77ce8e,RESERVE_CANDIDATE_REQUIRES_RPC_AND_PAIR_EVIDENCE,False,False,False,False
res,bsc,56,2022-07-21T13:06:04Z,10,100,0xb977fd4fb5a7f28ecb07e5b48a2fb0897ae3009f,56:0xb977fd4fb5a7f28ecb07e5b48a2fb0897ae3009f,UNKNOWN_REQUIRES_RPC,-1,0x637bc1c4b8c301529cc12e0bb00a83a96ddcad88a26eb558cd397e2ec352e979,19454956,UNKNOWN_REQUIRES_RPC,False,v2/contract_deployments/contract_deployments_7000000_8000000.parquet,54cb1c23725d5765da58c76ee4eb73bb326370e440cb6baab9e8463544906967,000111b4f6239c046096a008e5a8be2f8d3cf0f45636b57d214007e4ad73a87d,000bdb6fccd2457e2852c9adf4c9284b1e8c12e05c8e02eaa71b76760cbc78ca,2060461999b5edac29fa0f126af6c3aad02d48de0b9f840bbd5c37a5cd34e647,RESERVE_CANDIDATE_REQUIRES_RPC_AND_PAIR_EVIDENCE,False,False,False,False
res_2,bsc,56,2022-07-21T13:06:04Z,10,100,0x6f32d8937159c09ac8389fbc2813baa5c4585137,56:0x6f32d8937159c09ac8389fbc2813baa5c4585137,UNKNOWN_REQUIRES_RPC,-1,0x61e0650dcdf2b066ea4381b6a5cf5f9288afe48171c21ecaee3bd100b4effa39,18940219,UNKNOWN_REQUIRES_RPC,False,v2/contract_deployments/contract_deployments_29000000_30000000.parquet,3255e78e345aff80bfd6dfc7d760f4bda3a96fce4225cc3e128ce3d21ff32822,574fc76f5b3299fbdd45afe81a6d2f80731b38158590c3b51b22706ae3267f26,00137f8f5f0db1ae70101712588523942ce15f03122af3f8333431fd4a119a51,0450c1fb13ed1fc1c0878fd74d82e0301ea0e46d27833d6bc46b03eb60ad3565,RESERVE_CANDIDATE_REQUIRES_RPC_AND_PAIR_EVIDENCE,False,False,False,False
revertfinance,ethereum,1,2023-02-04T18:41:11Z,10,100,0x521d02228d0908b7a8a76a52c0bee970c18b2a79,1:0x521d02228d0908b7a8a76a52c0bee970c18b2a79,UNKNOWN_REQUIRES_RPC,-1,0x6e36de6273e29cb86c8afca7fe504f9c1ac23256b94227c7e03d88a331e49b32,16336674,UNKNOWN_REQUIRES_RPC,False,v2/contract_deployments/contract_deployments_19000000_20000000.parquet,204b7f381daf9d8017d4efd97183633a94c1c646efa22b219290c725f63c79d8,01a0021ebac294025e80679e5028b03ab238416b1cacc16a4f2ab69d7376fd64,0014e392e5c15218d5aeddabddac613de625f13dc813843640f34e87573ea30b,fd7b7f0f944ae5ed7905bb6cf1b4c45d7f4ecbd8bcbdb2a23d4144fc4c8e2c5b,RESERVE_CANDIDATE_REQUIRES_RPC_AND_PAIR_EVIDENCE,False,False,False,False
revest,ethereum,1,2021-09-25T20:17:46Z,10,100,0xae707b1136651b20d664b89b80fd10852ddb18e7,1:0xae707b1136651b20d664b89b80fd10852ddb18e7,UNKNOWN_REQUIRES_RPC,-1,0x91b18bd576a208c142def29aef19efd41303b023c2fa57695493a9378603580b,13106462,UNKNOWN_REQUIRES_RPC,False,v2/contract_deployments/contract_deployments_14000000_15000000.parquet,6176cf26c5e071de572e4fa584e8e6126dbdb3267e5f347910a581b7d8a944c6,2de83c77e205b139e7e09df9ced677f02f2d19cb5da57b6bac3bef9df7e16a54,00043df70e720b233070d7e981ddcc5369e8ab3242da2c5be5322efc46f7fb72,0cf42124933836e2a6a65444bb457c3486b3d671e2dc53b72c8e1a3b47f0b1e3,RESERVE_CANDIDATE_REQUIRES_RPC_AND_PAIR_EVIDENCE,False,False,False,False
rfb,bsc,56,2022-12-04T15:45:55Z,10,100,0xb84703d6ac001809f355d45cd5c042de12048068,56:0xb84703d6ac001809f355d45cd5c042de12048068,UNKNOWN_REQUIRES_RPC,-1,0x95218e3d78b0dcbf4383c3fdf3c4d16c4cc11b30339a41d967d131d6cd0f815e,22867766,UNKNOWN_REQUIRES_RPC,False,v2/contract_deployments/contract_deployments_29000000_30000000.parquet,3255e78e345aff80bfd6dfc7d760f4bda3a96fce4225cc3e128ce3d21ff32822,b8d4ffc4e6791a781b2dfab38daf87a11ea939113dbbedb75a302c5d8f807800,000f0b7e6caf5e99c0c87f405a4fbfe0d36ce2ba7de04028b43e70993527aa97,e7bd089c84f74ef0d8e35135e2bcc0ebde0137494aa501ad93d3d0b195c12d80,RESERVE_CANDIDATE_REQUIRES_RPC_AND_PAIR_EVIDENCE,False,False,False,False
rl,bsc,56,2022-07-25T14:15:52Z,10,100,0xbc58be2b06f0669503ec690dcdf1488e96de6cb8,56:0xbc58be2b06f0669503ec690dcdf1488e96de6cb8,UNKNOWN_REQUIRES_RPC,-1,0xea26d1f15ece5d30ff8f3f8b5f1ba704c428c580a28a179f4de24a4c367e14d9,19121848,UNKNOWN_REQUIRES_RPC,False,v2/contract_deployments/contract_deployments_30000000_31000000.parquet,0d12ca90369256d040cf542c85f6ffcf446e4e3e8d19fd878d446ff8ed9337b7,63414e16b9413c9bfd80e78eacf5598daac485508fbd4daee265afa6645b0102,001e5a7e66b18a85b8ee2bab97bdf541105954ac16bee57eda0ac09e03787840,15049d4849ace7929432fd2ad0a32401c0a349a52e412c757aa9499694b6501a,RESERVE_CANDIDATE_REQUIRES_RPC_AND_PAIR_EVIDENCE,False,False,False,False
roefinance,ethereum,1,2022-08-11T11:50:00Z,10,100,0x8542b35830b70c09fec7d8736ac0dad812226599,1:0x8542b35830b70c09fec7d8736ac0dad812226599,UNKNOWN_REQUIRES_RPC,-1,0x13835f0a83299914490ae4c4e1e2ccdeb4225bc11d6b901cfd1d0df454f5d4b3,15282579,UNKNOWN_REQUIRES_RPC,False,v2/contract_deployments/contract_deployments_6000000_7000000.parquet,408541b1fff35d9d72eb413a63bd7e1ecdfd299daa7ca67b3c7185856aa6aef7,6fc8cdcc6cb246c6f0facb70b1ac94f9119f6182282491448f1b8958e3d46241,000c1ed191f5dd8d147da262a6a751873e23899a814e6ac61bef002798a3fd6f,0660e27dcef20c13409b23bb2defedf565cd8eefed33a744747d065b1a6e9926,RESERVE_CANDIDATE_REQUIRES_RPC_AND_PAIR_EVIDENCE,False,False,False,False
roi,bsc,56,2022-05-11T19:18:59Z,2,20,0xb4439627f83e8a41084191f772585e35b774916e,56:0xb4439627f83e8a41084191f772585e35b774916e,UNKNOWN_REQUIRES_RPC,-1,0x17bb2c9f2aa3e292f0d426bc9b0e688a5e10bacd189b29197f1d69f282ae84de,17020559,UNKNOWN_REQUIRES_RPC,False,v2/contract_deployments/contract_deployments_31000000_32000000.parquet,1096c453513646713a3b6185edd15651bf3a9599e2e334ecd82bcf3c939ca722,9a28c25fd33ac81e870d91d520b3a8a5378eff10270032c581f74804dd2b24e8,000a5b093321a532a168a373c338560ab3e0a0d6b8e002d06368ac65faaa8fee,1cc1c78eadc0205205d80b37788d0392a13f3546ff9d5a61561a5fa713a7cea3,RESERVE_CANDIDATE_REQUIRES_RPC_AND_PAIR_EVIDENCE,False,False,False,False
roulette_pot_v2,bsc,56,2023-03-17T00:46:44Z,10,100,0xf7a0fd370de144dbac7da47d4fa03066fc2063cd,56:0xf7a0fd370de144dbac7da47d4fa03066fc2063cd,UNKNOWN_REQUIRES_RPC,-1,0x47863ffae1e2cde249a1eecefe1b700d0b97fec0d5ed507e000bfb6ef8e1e94d,25717381,UNKNOWN_REQUIRES_RPC,False,v2/contract_deployments/contract_deployments_30000000_31000000.parquet,0d12ca90369256d040cf542c85f6ffcf446e4e3e8d19fd878d446ff8ed9337b7,6e979228c3888c50face9e65457860305891cfa549f8b92407abd49bf700da80,00171345ff28d8e124293c037714ccdee4fc7200fe9df5e8c66c65a7bcbecb93,44310d131f9e64c5a9f22c868993d8f8d555c06eb9acb03979e6ed7657ef9241,RESERVE_CANDIDATE_REQUIRES_RPC_AND_PAIR_EVIDENCE,False,False,False,False
rubic,ethereum,1,2022-08-24T09:45:25Z,10,100,0xa6fa00f5c83b52652458bbee22bb139c42ef123d,1:0xa6fa00f5c83b52652458bbee22bb139c42ef123d,UNKNOWN_REQUIRES_RPC,-1,0x573ebcd64782a7d870131b676223d563b5bf3ab29ec8eee4d016153a3c7780d0,15238278,UNKNOWN_REQUIRES_RPC,False,v2/contract_deployments/contract_deployments_6000000_7000000.parquet,408541b1fff35d9d72eb413a63bd7e1ecdfd299daa7ca67b3c7185856aa6aef7,9058c954f28e0a93e1701fac859d7457c9606a7e7275e4febeb16e6fa7b25385,000ccb69dfabfa0105068a24c5ef55e68d65c0c328d3b8135fd0c4d8da284853,c29dd79f893f25af7abd683514c1d5fe1d16d7c3542ed2a867873de4f6559485,RESERVE_CANDIDATE_REQUIRES_RPC_AND_PAIR_EVIDENCE,False,False,False,False
ruggedart,ethereum,1,2024-02-18T00:23:47Z,10,100,0xfe86a804dae91cd54db9f4c9acfd1eff7958124d,1:0xfe86a804dae91cd54db9f4c9acfd1eff7958124d,UNKNOWN_REQUIRES_RPC,-1,0xdfd30358adc84ff1ff8954cad1beb4f68f9cdd7288ae10606a19d7e577494d22,19136529,UNKNOWN_REQUIRES_RPC,False,v2/contract_deployments/contract_deployments_9000000_10000000.parquet,6777e0b50be1d60a845e1be0313473c99fb8675967b51e4530577f82391cd3cf,9660e8b418d3758c78d343ec5e83d92fc170a5457124c0639721fae7d0131570,000871c4df75d2917e44a36ecd2d566accecae5791aa2b9bcac1502b9b1ae0d5,7c0683327643f25c1f41bf16d47a798e1f47a95c35074925def85aadff05af83,RESERVE_CANDIDATE_REQUIRES_RPC_AND_PAIR_EVIDENCE,False,False,False,False
saddle,ethereum,1,2021-12-16T00:58:40Z,10,100,0x1685ba941d97b66a19e6aae8f1468a861d889565,1:0x1685ba941d97b66a19e6aae8f1468a861d889565,UNKNOWN_REQUIRES_RPC,-1,0x2bf9de735afb7ab7a79a195bff04dabd6c2051d86e26f63b1c54b84783baf491,13696822,UNKNOWN_REQUIRES_RPC,False,v2/contract_deployments/contract_deployments_13000000_14000000.parquet,8885bd5034eff92607b7ffb297b079b222764c22e24fbd5bdf3f3d689c1a839b,4a2de1b08c86ece97d56a97ca4ab2c977070272562ccaa8db31ae5980e685fcb,0005b66110a33d3df95f0db352b23d2dead1ed991810eac6e71d9e328cf60c31,db7d3eb5e424bd6cb512d7a5268d2c55f6c1c716b900c86d87b7630baa88cb51,RESERVE_CANDIDATE_REQUIRES_RPC_AND_PAIR_EVIDENCE,False,False,False,False
sandbox,ethereum,1,2019-12-05T07:52:17Z,10,100,0x4aae5243e5332a2feb81ca7ad2295c751d1e8454,1:0x4aae5243e5332a2feb81ca7ad2295c751d1e8454,UNKNOWN_REQUIRES_RPC,-1,0x1c8efe01f27134c7ec2ce192c4e2796adbaa39792e750c26063792828db21178,8911957,UNKNOWN_REQUIRES_RPC,False,v2/contract_deployments/contract_deployments_21000000_22000000.parquet,6951c22b6f2732efb0772f657e597c5cdd89f8d4c3b5d2d0c7e8d53bc240b602,2b86cd60fb94769178088a2887d2e3307094921d3c075db1b38e6e3c467cf48f,001be313e8b19bc214638c7aedba7507e58bc15600e968b702ef77ebb9f129bf,671252f226162d39355d44a7ed657be9410a3d054057eb6fd8bae1722e1af9bf,RESERVE_CANDIDATE_REQUIRES_RPC_AND_PAIR_EVIDENCE,False,False,False,False
satx,bsc,56,2024-01-25T14:38:06Z,10,100,0xb859264d541ad7928c99cffb7327e3ed39d32177,56:0xb859264d541ad7928c99cffb7327e3ed39d32177,UNKNOWN_REQUIRES_RPC,-1,0x69373c6e3b5fc7dd30625fad45ab97a264df9c356162fbbc6769c31905490b0c,35355595,UNKNOWN_REQUIRES_RPC,False,v2/contract_deployments/contract_deployments_31000000_32000000.parquet,1096c453513646713a3b6185edd15651bf3a9599e2e334ecd82bcf3c939ca722,277f1cddf323be67904c7ffcd7688ccfdf0689734260e27a1e987776f40f209f,001888176c9b4bb283d5f1b99313a29625c551679cfac6c5a0f7c4e1124ae1ac,1a7044f083507894b5629c6c6fdd0798da5c09b82b794e91083cc7584e308a86,RESERVE_CANDIDATE_REQUIRES_RPC_AND_PAIR_EVIDENCE,False,False,False,False
sbt,bsc,56,2024-06-23T04:06:50Z,10,100,0x36daf6690b206552a91928c9af6d694e246ba333,56:0x36daf6690b206552a91928c9af6d694e246ba333,UNKNOWN_REQUIRES_RPC,-1,0xa7117071c94affcf0c59f27f3a0e651132056d7b9f42be75786f56b2e8e4af2c,39689410,UNKNOWN_REQUIRES_RPC,False,v2/contract_deployments/contract_deployments_30000000_31000000.parquet,0d12ca90369256d040cf542c85f6ffcf446e4e3e8d19fd878d446ff8ed9337b7,88a59092f8925449ef6cec7579962452f477f230e9e453852e8af7098afdacc6,002d6fe66b92546390c934039cb974c8220422996dc9989940026546b11638d7,74d378596b7f30595b1af56e088870b542e856c2aa90deb675827d4ee6601da3,RESERVE_CANDIDATE_REQUIRES_RPC_AND_PAIR_EVIDENCE,False,False,False,False
sdao,bsc,56,2022-06-07T04:03:35Z,9,90,0xad43c636cae8bf9375cf766fe6516e17eabfcdde,56:0xad43c636cae8bf9375cf766fe6516e17eabfcdde,UNKNOWN_REQUIRES_RPC,-1,0xb1426f4ba76e9ab5874c2b418ffd626eca5438fca85d59142900fc89b4db3e0d,17836330,UNKNOWN_REQUIRES_RPC,False,v2/contract_deployments/contract_deployments_30000000_31000000.parquet,0d12ca90369256d040cf542c85f6ffcf446e4e3e8d19fd878d446ff8ed9337b7,587391ecb74af1125bff1314805641a8e9e77b3367c81cd303cb68a0b597481c,000dd33858404bcfa11feb26bf0c676074c221fe872036d6610b08e04b3e540f,e148c69c23672e20a75722507cb3a626e8ce1730462a748616f1fef5a617388b,RESERVE_CANDIDATE_REQUIRES_RPC_AND_PAIR_EVIDENCE,False,False,False,False
seaman,bsc,56,2022-06-30T04:08:06Z,8,80,0x0c89292c1cd1b4f81d4682bbd6ddbc96eb86430a,56:0x0c89292c1cd1b4f81d4682bbd6ddbc96eb86430a,UNKNOWN_REQUIRES_RPC,-1,0x02a6d4d3fbb782ef2e0b48bc10b2f877922b06a2d3884181fd169412cfcbe260,18474035,UNKNOWN_REQUIRES_RPC,False,v2/contract_deployments/contract_deployments_30000000_31000000.parquet,0d12ca90369256d040cf542c85f6ffcf446e4e3e8d19fd878d446ff8ed9337b7,96ca4beae393fd0c5374624c6d60aca6cbfc08bcef7173498cdc2099d40043a4,000ebc4de69afe76c925dd69f953709174ed7d48581f34c0b510627743135548,785f8e89774a10cc67cc90163e99cb08367c6dfe6cea8458555b2b4df440427a,RESERVE_CANDIDATE_REQUIRES_RPC_AND_PAIR_EVIDENCE,False,False,False,False
sellc,bsc,56,2023-05-09T17:04:59Z,10,100,0xbeb5bc77507e3155811720327666fb9b510c49de,56:0xbeb5bc77507e3155811720327666fb9b510c49de,UNKNOWN_REQUIRES_RPC,-1,0x7ebf294ff46b4acf2112c9ad6dd533b76316c4c9253d1090da8e0294e61cb76b,27839533,UNKNOWN_REQUIRES_RPC,False,v2/contract_deployments/contract_deployments_7000000_8000000.parquet,54cb1c23725d5765da58c76ee4eb73bb326370e440cb6baab9e8463544906967,9abfef88fa47161a5d15a33850edf7f00cfefa920e03d49a00b39cf11effa90a,0018c6fc503d420fa5028b59c126ef9a16917d4dfd193793b00d90a8db0db3d0,f7b388b3a7b96cc4188a79cafcdb8e2eeb94e15e34487fe42ce53c6bc30d70be,RESERVE_CANDIDATE_REQUIRES_RPC_AND_PAIR_EVIDENCE,False,False,False,False
sellc03,bsc,56,2023-03-24T12:46:50Z,10,100,0xa98ed5eb679ce47eff1ca6fa85749348768cafcb,56:0xa98ed5eb679ce47eff1ca6fa85749348768cafcb,UNKNOWN_REQUIRES_RPC,-1,0xd5cb8d892f7bf98729ffb59afbcf2e7a539358347b5e67a02a6d263ba4994080,26300904,UNKNOWN_REQUIRES_RPC,False,v2/contract_deployments/contract_deployments_7000000_8000000.parquet,54cb1c23725d5765da58c76ee4eb73bb326370e440cb6baab9e8463544906967,64ca92caebeb7d3ef986372122a410a953f4e444df748546364deb2357df1866,001bb76fddadaae4d354ea98e4c141e6b732773b0c0b166bd1b7dc9c5ab21bed,e765491cb86e3f3a0aa769a579a1ef2bf8c7c7a5b405a698bc5ae0b4e76f1ccb,RESERVE_CANDIDATE_REQUIRES_RPC_AND_PAIR_EVIDENCE,False,False,False,False
selltoken,bsc,56,2023-03-31T11:08:47Z,10,100,0x8508d61841c15d8d9563a4b884f4d2ad6d9f6674,56:0x8508d61841c15d8d9563a4b884f4d2ad6d9f6674,UNKNOWN_REQUIRES_RPC,-1,0x43b1b1e2f2c22f5598e41823cf4b135bf2357782fb90e6747544a4a085b2c230,26110947,UNKNOWN_REQUIRES_RPC,False,v2/contract_deployments/contract_deployments_6000000_7000000.parquet,408541b1fff35d9d72eb413a63bd7e1ecdfd299daa7ca67b3c7185856aa6aef7,9b38ccbf4c6e51345c68019474d66a365e24ddef9c8e255a6b5b92822d3d2821,001894613d28459dc19c7081a5a7198eca868825d0603053c3084a827dfbf502,1058e4c4bec8d8c8a7197ff1035578c1b15bf0c70250d614ac56a5f5997bed3a,RESERVE_CANDIDATE_REQUIRES_RPC_AND_PAIR_EVIDENCE,False,False,False,False
seneca,ethereum,1,2024-02-20T21:18:47Z,10,100,0x9acfc3b031f5234d68e02b264ad9f836d9110f3a,1:0x9acfc3b031f5234d68e02b264ad9f836d9110f3a,UNKNOWN_REQUIRES_RPC,-1,0x78305c69113fa75d88502bef49c29ab8a01c1cc4875e0ba9f9eda297a8a536f9,19166331,UNKNOWN_REQUIRES_RPC,False,v2/contract_deployments/contract_deployments_19000000_20000000.parquet,204b7f381daf9d8017d4efd97183633a94c1c646efa22b219290c725f63c79d8,879890242ef1276d5c3cfdf380dcf135d016cde8e3361f77442da84050098da3,000940340e700ec7ed2abf9f83a43a713926af84f7b934d7d031230b111456ef,0fe8b1802bdb766877119fe892d88277f244e88ca3293255d4bdc3945bf5f3ff,RESERVE_CANDIDATE_REQUIRES_RPC_AND_PAIR_EVIDENCE,False,False,False,False
shadowfi,bsc,56,2022-08-27T06:20:18Z,10,100,0xdb5234a647329812ae9a5f2ad6b980ce43d4245e,56:0xdb5234a647329812ae9a5f2ad6b980ce43d4245e,UNKNOWN_REQUIRES_RPC,-1,0xf95a8df45da7e8e08aad7ccc5dc1c9254c9a75da4b14a5a04ffdd54292a5000e,20284100,UNKNOWN_REQUIRES_RPC,False,v2/contract_deployments/contract_deployments_30000000_31000000.parquet,0d12ca90369256d040cf542c85f6ffcf446e4e3e8d19fd878d446ff8ed9337b7,31fc128f6f46d5a55920dd9f2c924461c277afd8d71f15b4811cce77c0a2ccb9,001205b9bd41f4bf437b053b85fcde213451c6ef792ab81ad9b8b20d70c8a7b3,edccad451378e229dd5f0381815a1e36b6c3e90913632ddac145c32d453d3d85,RESERVE_CANDIDATE_REQUIRES_RPC_AND_PAIR_EVIDENCE,False,False,False,False
sheep,bsc,56,2021-04-30T04:13:51Z,10,100,0xfe360050b816a3974e0bda74107d6e20b2df1e92,56:0xfe360050b816a3974e0bda74107d6e20b2df1e92,UNKNOWN_REQUIRES_RPC,-1,0x46f7c5829bfc563a87aed8006c15c082527a19044d201b50a92db5ff40bcbdd3,6782483,UNKNOWN_REQUIRES_RPC,False,v2/contract_deployments/contract_deployments_9000000_10000000.parquet,6777e0b50be1d60a845e1be0313473c99fb8675967b51e4530577f82391cd3cf,9ce625ab600d5f5b4dbc521c59268bc87c84595139602ae0c5ce5e944b428bc7,00188ac7b5f04c655b880e711e5c3a35b5acf50eebe6a0e061850bd73428f441,a53f292a40e999650a1dfa12dc215a1a86c85ec9a38631e57bb391dab6e2f821,RESERVE_CANDIDATE_REQUIRES_RPC_AND_PAIR_EVIDENCE,False,False,False,False
sheepfarm,bsc,56,2022-11-10T10:38:07Z,10,100,0x4ed6a8f79336e8c3dab75ddcbe866acb4b9acfcd,56:0x4ed6a8f79336e8c3dab75ddcbe866acb4b9acfcd,UNKNOWN_REQUIRES_RPC,-1,0x331cfc5b1f60f13cc54b8896098ad6e266dd2ef938becc21eca1dfbf5f3043ab,22439613,UNKNOWN_REQUIRES_RPC,False,v2/contract_deployments/contract_deployments_31000000_32000000.parquet,1096c453513646713a3b6185edd15651bf3a9599e2e334ecd82bcf3c939ca722,51f54cbc29028d0ab239badbbfd49b1b1434fe6e0896ec25172dc90f655ab8ef,0023698431731f31f81fb7587318c639e27855fc31a8bb53971de3ca99ba3e6d,d766cbf6037afe093b64c611a1b6dc06e439492ac9f99ae2d8b92b20305bbf2e,RESERVE_CANDIDATE_REQUIRES_RPC_AND_PAIR_EVIDENCE,False,False,False,False
sheepfarm2,bsc,56,2022-11-10T10:38:07Z,10,100,0x8806b881a26ee25871e7c3251c03445bd0cc447a,56:0x8806b881a26ee25871e7c3251c03445bd0cc447a,UNKNOWN_REQUIRES_RPC,-1,0x61a03275a50dddec361646d7175ab374af55b728eb7ec61fe420e7fc9bded9a6,22915414,UNKNOWN_REQUIRES_RPC,False,v2/contract_deployments/contract_deployments_6000000_7000000.parquet,408541b1fff35d9d72eb413a63bd7e1ecdfd299daa7ca67b3c7185856aa6aef7,9794bba8156e5dc61ad2815bf82d5fbd03a2327e9317b79746d6809df1f44099,002228ca1f7a0cdda45a4d9fd14cac2974c9f5620644fa08c5c92e2ec6e15ef1,4df55462b75937ff8ffac6c3107fce8423a15671356dfe8ace51f0e1341c6c04,RESERVE_CANDIDATE_REQUIRES_RPC_AND_PAIR_EVIDENCE,False,False,False,False
shibatoken,bsc,56,2023-11-07T15:06:41Z,9,90,0x107e9bbd825e226ac383b7760a2f6bbaf19145c2,56:0x107e9bbd825e226ac383b7760a2f6bbaf19145c2,UNKNOWN_REQUIRES_RPC,-1,0x801331c29f995f49f2aa3baea06cda75a807e27b449a7349af8c8c3db5e0c514,32795100,UNKNOWN_REQUIRES_RPC,False,v2/contract_deployments/contract_deployments_31000000_32000000.parquet,1096c453513646713a3b6185edd15651bf3a9599e2e334ecd82bcf3c939ca722,863baa28f2e62a3479f354c9c75048ac203937ce5cf7868891aa118fd1de3a76,002f8027bb5f20c3315dad044e60bd95cdd965de0d8a130c4d37a8df811c702d,3587a53dd3551212f354c9f16128dc6115ae8dd698566d9a9cb1f0dee24672d7,RESERVE_CANDIDATE_REQUIRES_RPC_AND_PAIR_EVIDENCE,False,False,False,False
shoco,ethereum,1,2021-06-06T00:36:56Z,10,100,0x6902b2e65c788994cbf252bedb2fe3bdda1d45e7,1:0x6902b2e65c788994cbf252bedb2fe3bdda1d45e7,UNKNOWN_REQUIRES_RPC,-1,0xbe8ebe574782d9fe0e855949971cbc5b3dc5dc8dfd58f39242c74fa84742f58d,12464706,UNKNOWN_REQUIRES_RPC,False,v2/contract_deployments/contract_deployments_18000000_19000000.parquet,2dcd3c6c46c1f5489efaf97a7571ebbe6353d25a2f649f3933fab9345109debf,82ff4474b757f10b838218c6a26df6f02f905ce978b46288b4c1acbfba6d1e06,0008ecbade721ca9350347f9961a53710aef624bdb0a05b8fe717066162459d6,5c113144b089b075a1b4191aed3034bfc901dc2f3649ed2e5aebc4b096016e1f,RESERVE_CANDIDATE_REQUIRES_RPC_AND_PAIR_EVIDENCE,False,False,False,False
silo_finance,ethereum,1,2022-10-26T05:58:59Z,10,100,0xdf71ed514cf1b769dd6bd74c80d3ad7ca5be10f5,1:0xdf71ed514cf1b769dd6bd74c80d3ad7ca5be10f5,UNKNOWN_REQUIRES_RPC,-1,0x37fdfa47218a8f57496e7ad3917d4bde5b81667c52b78b471a3e22f38f0ca592,15825040,UNKNOWN_REQUIRES_RPC,False,v2/contract_deployments/contract_deployments_20000000_21000000.parquet,5408f43ed5a3cd3b27216a3df0904e4053ec650ebb80c9c1c2ede9026839c3b5,d100ff4eef115415186a54765c3bb8ae88828bb89103f32eb740fd577843f90b,0017bd710e934b9b5daf5cc4057393b62a15f9049318c0ba9a76980354900ad2,1a40c3aa9142233f362d7f505cccf8f834ba323628e78ead94399e0246bf66e9,RESERVE_CANDIDATE_REQUIRES_RPC_AND_PAIR_EVIDENCE,False,False,False,False
snk,bsc,56,2022-12-28T15:55:15Z,9,90,0xc65a41133bcb8241adc97fde08cb17706ad82a28,56:0xc65a41133bcb8241adc97fde08cb17706ad82a28,UNKNOWN_REQUIRES_RPC,-1,0x1a5ecb6b91485597d86f5774d53c2483d9cb82220ff6a28083ae137efd3cf521,24017073,UNKNOWN_REQUIRES_RPC,False,v2/contract_deployments/contract_deployments_30000000_31000000.parquet,0d12ca90369256d040cf542c85f6ffcf446e4e3e8d19fd878d446ff8ed9337b7,889b5358633960424477e054763514dc842c39ce40d25b934d3ab2fb615297a7,001dc0e42bb60b4aee7470af379af59b309b02bb5d837f5e08c377ff0cdcc340,79befd7cc3763589f13412a0cc97b3e2a67a44e2c9ce580ad67027f5ee8ca01b,RESERVE_CANDIDATE_REQUIRES_RPC_AND_PAIR_EVIDENCE,False,False,False,False
snood,ethereum,1,2021-07-28T01:16:45Z,10,100,0xc89eb1f691d2fa47503ac16195fdd8668a2965e8,1:0xc89eb1f691d2fa47503ac16195fdd8668a2965e8,UNKNOWN_REQUIRES_RPC,-1,0x4b4c8b55921706f56c5a03993258f55b67e990a495aca6659abaa191cff51e0d,12748640,UNKNOWN_REQUIRES_RPC,False,v2/contract_deployments/contract_deployments_6000000_7000000.parquet,408541b1fff35d9d72eb413a63bd7e1ecdfd299daa7ca67b3c7185856aa6aef7,f8910ee2f53e8232efa4989fef98e523fee14edaef3eece198dc7c1b18ba82da,000a395538aaa03253b8932f3134dffdb2711afd6df4604165e1b1a08fbe837f,add17194f65b64f143f29b85c10bbf572c3278d0bb79fad7b02408eaa1971f15,RESERVE_CANDIDATE_REQUIRES_RPC_AND_PAIR_EVIDENCE,False,False,False,False
socketgateway,ethereum,1,2024-01-14T05:16:59Z,10,100,0x73526cc604861fee0264badd1ac1d589a10291c5,1:0x73526cc604861fee0264badd1ac1d589a10291c5,UNKNOWN_REQUIRES_RPC,-1,0xb309f62ee98b03900640460bbac6a5d5df5c09a39d18af89b7702aa74bf446ca,18879032,UNKNOWN_REQUIRES_RPC,False,v2/contract_deployments/contract_deployments_2000000_3000000.parquet,6d562e88df03827bfbf01c2b88d473f0dece6ca3dcd2b0c76188bf3236dcdaae,5f3c3888c2225527c9352abab349925d29bf721a72d68d290e75da3e68236087,000d4ca378a910e4965956aa78ac5d6477fb594ea59b2a81974fdeb40d3aff22,8cc2fe892906140338ed86339af4e1075f1cc7bdce7e98d34fe19adbfff2151d,RESERVE_CANDIDATE_REQUIRES_RPC_AND_PAIR_EVIDENCE,False,False,False,False
sorra_staking,ethereum,1,2024-12-20T18:18:47Z,10,100,0x3980c8929b0909261efb5b9d0526729ab9eb81d7,1:0x3980c8929b0909261efb5b9d0526729ab9eb81d7,UNKNOWN_REQUIRES_RPC,-1,0x8ea378714c3ac360b0233e19d66f84a01243eabca553f50df20d62ad97ad3d1b,21284303,UNKNOWN_REQUIRES_RPC,False,v2/contract_deployments/contract_deployments_14000000_15000000.parquet,6176cf26c5e071de572e4fa584e8e6126dbdb3267e5f347910a581b7d8a944c6,6a064f56839a1bedfcb4723d2813a9c14fff5b73e12924c3554c5f3557471262,00171f38a4eb13b48340832c2ea1b7e48bef0a87eca90702814513a4197a628e,44062d201c205cb9bb7ccde398c623153503ad0db2377e9064f7be1a4f7f03a4,RESERVE_CANDIDATE_REQUIRES_RPC_AND_PAIR_EVIDENCE,False,False,False,False
spacegodzilla,bsc,56,2022-07-12T06:55:55Z,10,100,0xe1d9e8508b6f58cfe2cbd3160cd48fd0aba6a574,56:0xe1d9e8508b6f58cfe2cbd3160cd48fd0aba6a574,UNKNOWN_REQUIRES_RPC,-1,0xc7fae4e4fa72b86fc874af409c0685d2b32bdcc073aee4c21a5fa776e4be9de6,18969985,UNKNOWN_REQUIRES_RPC,False,v2/contract_deployments/contract_deployments_31000000_32000000.parquet,1096c453513646713a3b6185edd15651bf3a9599e2e334ecd82bcf3c939ca722,55f78f23344e87230302cafc1f2dc1d834aa12ee39d513b58ceb6a74e91ac549,0016b8677af59a7de034286a7bbb3fe3b8c829656c26b4940f6c907ee3bfe423,b55bfcfd1b94645e17fa0fd03f28a8db675b54bce981805784ca2e6213e6aeab,RESERVE_CANDIDATE_REQUIRES_RPC_AND_PAIR_EVIDENCE,False,False,False,False
spartan,bsc,56,2020-09-28T13:47:55Z,10,100,0x6064f73e93f8b5ca5d234f442c56eaf46cf3f985,56:0x6064f73e93f8b5ca5d234f442c56eaf46cf3f985,UNKNOWN_REQUIRES_RPC,-1,0x2006f8712c160eb2a76d8cc22001f86af18d41c5a0fcb41b55aff4c84a3d94a9,736727,UNKNOWN_REQUIRES_RPC,False,v2/contract_deployments/contract_deployments_30000000_31000000.parquet,0d12ca90369256d040cf542c85f6ffcf446e4e3e8d19fd878d446ff8ed9337b7,08f188acc5ada0549c942424cd4eb4cbf12b1b1aec68bfc1d34325ad66273fae,082e0208ec2c332bcba7d3c842e2ad944995a5db63f4ce18eb1b643027d084bc,72c15e5340ffe7aa7d55976d8bd79138da4ffe95b22c5ac7116673df406c6b11,RESERVE_CANDIDATE_REQUIRES_RPC_AND_PAIR_EVIDENCE,False,False,False,False
spectra_finance,ethereum,1,2024-06-29T16:56:23Z,10,100,0x77e85f862b2a32dbf7ed3d868f6fddcea2da4bee,1:0x77e85f862b2a32dbf7ed3d868f6fddcea2da4bee,UNKNOWN_REQUIRES_RPC,-1,0xe90bb41f81a654f8fff34bc12c14024fac60808207bf94bc4b5148bed6ea15da,19992119,UNKNOWN_REQUIRES_RPC,False,v2/contract_deployments/contract_deployments_20000000_21000000.parquet,5408f43ed5a3cd3b27216a3df0904e4053ec650ebb80c9c1c2ede9026839c3b5,fda0214f3a4875ce9bb1b89af98e8b9211198060973ad704e5065188950bc81e,0019ff0d7a8486d0f16fb4b0039e8016f9a4f550fa6f5a93c7f3808db451fe0d,bc1e48c5e23b7e64c9663120984e485b3fde7d42ee0a9673befb2a9467870e82,RESERVE_CANDIDATE_REQUIRES_RPC_AND_PAIR_EVIDENCE,False,False,False,False
squid,bsc,56,2024-03-11T10:33:06Z,10,100,0x3e4e3a0d971a70e21fe7dabc638ffb1a35b58ea2,56:0x3e4e3a0d971a70e21fe7dabc638ffb1a35b58ea2,UNKNOWN_REQUIRES_RPC,-1,0x738a49640fde0ac0ab1211dbf5b7030995873f3ca3fd366292c36c8ad74c449b,36831037,UNKNOWN_REQUIRES_RPC,False,v2/contract_deployments/contract_deployments_30000000_31000000.parquet,0d12ca90369256d040cf542c85f6ffcf446e4e3e8d19fd878d446ff8ed9337b7,39bd41f3ff44dbf42e5e385396e6e609e6325f9330dfa33367c3f1d4d129d044,00298573ae8562f2809c47bc9294361c1bdc24e22eafdfc27d0086cea0a4e6b7,989f405f74511ed181a04594453d7252f32af489dc26853d91f9f7799580b976,RESERVE_CANDIDATE_REQUIRES_RPC_AND_PAIR_EVIDENCE,False,False,False,False
starlink,bsc,56,2022-02-23T13:21:22Z,3,30,0x70580ac4a35c0e02e1f7f2eed02cd353fe7ea537,56:0x70580ac4a35c0e02e1f7f2eed02cd353fe7ea537,UNKNOWN_REQUIRES_RPC,-1,0x119bd9ecd6008810ed7365fe4d16e08a84ef7a52e4b6b3d8621076bd2729da39,15286338,UNKNOWN_REQUIRES_RPC,False,v2/contract_deployments/contract_deployments_31000000_32000000.parquet,1096c453513646713a3b6185edd15651bf3a9599e2e334ecd82bcf3c939ca722,99192e5e4bb019122754039f980a4bca80fc345000c3232b558df48837870d77,000c2110b5d6bd9996af8851f64ce52038087af0b60b56de964761dbac29669e,fec9342535576430d1bbefc3101c359aab0b61db6f1f9bb16d5ee90d9f4f116b,RESERVE_CANDIDATE_REQUIRES_RPC_AND_PAIR_EVIDENCE,False,False,False,False
stepp2p,bsc,56,2025-05-08T13:03:54Z,10,100,0xec1f9e7cdf42598d0b0d00710502e88c234880de,56:0xec1f9e7cdf42598d0b0d00710502e88c234880de,UNKNOWN_REQUIRES_RPC,-1,0x56d6dc88dd8d21c82d3b45d3e6f29850d830541e441d596eb83d98d99504edb5,49132849,UNKNOWN_REQUIRES_RPC,False,v2/contract_deployments/contract_deployments_31000000_32000000.parquet,1096c453513646713a3b6185edd15651bf3a9599e2e334ecd82bcf3c939ca722,da4202e28b15f5b09575ba8ba5b1ce8243051c2d5cf141e0a61980d4a523e4de,00307f93c8286da35dd8bed6c2527462bf08b941e1d9552202700b36501b90ea,fea73b525e6d026d40ad3d8d3fa3d3823c8c5a3d78d0116e9c1f7f289a6c338c,RESERVE_CANDIDATE_REQUIRES_RPC_AND_PAIR_EVIDENCE,False,False,False,False
sturdy,ethereum,1,2022-12-02T17:24:47Z,10,100,0x802d4b6683b14ba0e1091f2cab72b5a9da5c32f9,1:0x802d4b6683b14ba0e1091f2cab72b5a9da5c32f9,UNKNOWN_REQUIRES_RPC,-1,0x0b8caa73a519675c9db4c2465d1f300bc929e1d5beff066db78a41a7f33dae55,16041269,UNKNOWN_REQUIRES_RPC,False,v2/contract_deployments/contract_deployments_20000000_21000000.parquet,5408f43ed5a3cd3b27216a3df0904e4053ec650ebb80c9c1c2ede9026839c3b5,f93918d342a7ecd21104eb8151241615fc455159a2fe486661e1fd0ab32d4b26,001efc6e439a60c688db2eeb5f8e9ffa393ae04c17bca523a934330335925fd0,53251e7adb816fcfcda78d5c86702bfa7c2c78772647d294ff8ce7a486ff872f,RESERVE_CANDIDATE_REQUIRES_RPC_AND_PAIR_EVIDENCE,False,False,False,False
sumermoney,base,8453,2024-01-09T22:03:11Z,10,100,0x41d4c067b82da8357dfc38e3f24f6033368af4bb,8453:0x41d4c067b82da8357dfc38e3f24f6033368af4bb,UNKNOWN_REQUIRES_RPC,-1,0x78936c38adf897c106d7b4f072d16a7f4fc4b2252b9f0a78bd97a26dbd15453c,7919308,UNKNOWN_REQUIRES_RPC,False,v2/contract_deployments/contract_deployments_4000000_5000000.parquet,406a31270f695d2ae9b4e4bad98a30b07b5eaadb7304d7956aee8a1b1f9474b3,b0ca6b51c7c511abf889637a18fab92b859517ae19f23984d7f44c00b6eba1b0,00294c7612de775f99e74d5afad5e930c4f568298b9d514088b37921e9dbdd6a,7822431b5eabc28ad24d13264e282615fe66cf3763fe9e526566b601757c26a7,RESERVE_CANDIDATE_REQUIRES_RPC_AND_PAIR_EVIDENCE,False,False,False,False
sushi_badger_digg,ethereum,1,2021-01-11T11:57:26Z,9,90,0x2082e6b97af032d20d2618a82c6d77f39c64cf15,1:0x2082e6b97af032d20d2618a82c6d77f39c64cf15,UNKNOWN_REQUIRES_RPC,-1,0xf18b2c5900dd4be6cc80de1996003ade2cbee3917e71b32aebf6b0ed2c006a2d,11580670,UNKNOWN_REQUIRES_RPC,False,v2/contract_deployments/contract_deployments_13000000_14000000.parquet,8885bd5034eff92607b7ffb297b079b222764c22e24fbd5bdf3f3d689c1a839b,57da8b465df0d337339a5ed4fb3b23ba5271e2ca6fca99e225c414a581cccf99,000941304d6b5d37049669c075b073f9d9d87bfe827e57713a7436a920f2b7ad,9c98bc100002cc0d18f1504517a94d82634d37cdac786081ddaedfc5ae66747a,RESERVE_CANDIDATE_REQUIRES_RPC_AND_PAIR_EVIDENCE,False,False,False,False
sushi_router,ethereum,1,2023-04-06T06:46:59Z,10,100,0x658aec5391cbfa1ef10345572b07e7bd5c65f3c5,1:0x658aec5391cbfa1ef10345572b07e7bd5c65f3c5,UNKNOWN_REQUIRES_RPC,-1,0x86e2a48e7c0d32521f1d2562d33b8fc5a68dd2ca60abfd109fce82fb5b7b213f,16861180,UNKNOWN_REQUIRES_RPC,False,v2/contract_deployments/contract_deployments_20000000_21000000.parquet,5408f43ed5a3cd3b27216a3df0904e4053ec650ebb80c9c1c2ede9026839c3b5,e7b728eea174ced4245907119d21e8f1f7820130cfd023836aa30bf4d1408b80,000f364178a1e3e7d4b569949da2b2975d90bd5da8c25660d4738ae3bdd20f41,0d079bbea94cfc924bd21ff84076b619eab49c2796be09563c0cc6f78faff491,RESERVE_CANDIDATE_REQUIRES_RPC_AND_PAIR_EVIDENCE,False,False,False,False
sushimiso,ethereum,1,2021-08-10T17:54:50Z,10,100,0xb7ba9c50aeae2585cdfcc140af62e67e662eccea,1:0xb7ba9c50aeae2585cdfcc140af62e67e662eccea,UNKNOWN_REQUIRES_RPC,-1,0x400d0e09f28327db84286547bd3e78a3018d170af0c3a2e2a7648b6626ceefe3,12841845,UNKNOWN_REQUIRES_RPC,False,v2/contract_deployments/contract_deployments_19000000_20000000.parquet,204b7f381daf9d8017d4efd97183633a94c1c646efa22b219290c725f63c79d8,4811757ed8654615b679341825357f6254395be1a3c71fbe06caed8f38dbfa9e,000891d78ccdb4b546ea6fcd937017c22a8614dd6255e3b0bd8e1a7443d0cf13,bdf078c043551b0a10412ea540f36f37ac7bc561c9006d87da07effadb6b7964,RESERVE_CANDIDATE_REQUIRES_RPC_AND_PAIR_EVIDENCE,False,False,False,False
sut,bsc,56,2023-06-08T16:57:56Z,10,100,0xdfc30808b5b2afd5a2eed89f13b21aec3e2475b3,56:0xdfc30808b5b2afd5a2eed89f13b21aec3e2475b3,UNKNOWN_REQUIRES_RPC,-1,0x4795d0d40c120efb13fc7a2bfb92fb07fcb1e11546ca54446fb6b6fcff64c3f3,28644220,UNKNOWN_REQUIRES_RPC,False,v2/contract_deployments/contract_deployments_30000000_31000000.parquet,0d12ca90369256d040cf542c85f6ffcf446e4e3e8d19fd878d446ff8ed9337b7,9b1fea86fa4cb348d03f401a90ec86b16e4909ee10827d7907492a526f1bba77,0007e23700b86740d432eed4a22abe7408aaae1f701d3747a50f063c0dffaec9,f210886944d6ddbcd703eaff72202c243dc39d0b9b3de027c3f6b86398a4c236,RESERVE_CANDIDATE_REQUIRES_RPC_AND_PAIR_EVIDENCE,False,False,False,False
swampfinance,bsc,56,2021-03-10T12:15:17Z,10,100,0x9887820120d1ed8fd139477dbd148be27ccb3a8b,56:0x9887820120d1ed8fd139477dbd148be27ccb3a8b,UNKNOWN_REQUIRES_RPC,-1,0x4b170bc24bc0f85a0565cb06c754d013a0a53012e2d38aa47dc8b5de4336bbbb,4909685,UNKNOWN_REQUIRES_RPC,False,v2/contract_deployments/contract_deployments_1000000_2000000.parquet,7529540c96f11e4fc0d376fd36b2953644bebebe317a864615e2d14403a341fe,02bcae8b5b00a753bfddec76ba0cd06a4f96725983dc8d0a8c965174ae6ed5c1,006532f2a9b0692532a3b93c3831f73ddc15e807fe07169b39151c65b230ce35,66385f849bd821061e4acb16380aa6979fdcf4d055e814b9e002048c14d31e7a,RESERVE_CANDIDATE_REQUIRES_RPC_AND_PAIR_EVIDENCE,False,False,False,False
swapp_staking,ethereum,1,2021-06-21T18:07:01Z,10,100,0xb2612229c2e6652e1dc2aeea51752a2e08fb79f2,1:0xb2612229c2e6652e1dc2aeea51752a2e08fb79f2,UNKNOWN_REQUIRES_RPC,-1,0xe1358264d11fa41b474d503cd3ea02d479f80cac7ff42e28facaf26e0d5dde58,12595930,UNKNOWN_REQUIRES_RPC,False,v2/contract_deployments/contract_deployments_0_1000000.parquet,d5e23a08a88dabb08e4eb326b1c042e55165b1fd682650ab9ed73f136e287d31,ea64dccebb48419f5a4b42fc194b635b6775a40465bb16cbe32385b0570080dc,0006a3a712e7ed30bd6939123666b16af4b214865aab4169f2913e1328f5f1ae,0e16282b8327e7abef0614abadbad357453f269d5eb8fcdf08fcd191845ab779,RESERVE_CANDIDATE_REQUIRES_RPC_AND_PAIR_EVIDENCE,False,False,False,False
synaplogic,base,8453,2025-10-13T07:35:09Z,10,100,0x378a8f2a6fc38cb1dffb0b62581e78230ec0b279,8453:0x378a8f2a6fc38cb1dffb0b62581e78230ec0b279,UNKNOWN_REQUIRES_RPC,-1,0x357295f8c801ae37e1da053fe2c50669d05added4cbf7b7d8e295090fd30f002,36127540,UNKNOWN_REQUIRES_RPC,False,v2/contract_deployments/contract_deployments_10000000_11000000.parquet,dc224a34690e621a034e308c5ab0ca0606654984ac1d2d10d1a2daa31cda8ec9,9abed39a57b33a3e36b93eeef05e85961a7040a5875aad872a29874aca9418b3,0002bbd586f7723a2932bf34cf433f0b69a5a2fde786af245c6823f1b44c8286,087d3416ebc93913ef0eeb5fdae2097d1c5f05f95a0613c0b43310f69c5efb0f,RESERVE_CANDIDATE_REQUIRES_RPC_AND_PAIR_EVIDENCE,False,False,False,False
teamfinance,ethereum,1,2021-07-29T12:36:55Z,10,100,0x363bf347c529f6ef5bc899ce9271a42888477419,1:0x363bf347c529f6ef5bc899ce9271a42888477419,UNKNOWN_REQUIRES_RPC,-1,0xb1a19c0c9918f8211dc1a59ca46e3173b4782f2c81773cc52246f14afc628f3b,12752858,UNKNOWN_REQUIRES_RPC,False,v2/contract_deployments/contract_deployments_13000000_14000000.parquet,8885bd5034eff92607b7ffb297b079b222764c22e24fbd5bdf3f3d689c1a839b,1b915071d81ef7f8018fbeddc35355747b8193010128d6fa054332d36e23b6da,00124e16b67b18d9627e6121a3ad453f0ee3b2e906a8f1aa8d68210ea3b2f1d7,a52a8c1a79e63d1ffe07cb5be0a6f006d5bb47491ce2b2784f5bc73c357a9052,RESERVE_CANDIDATE_REQUIRES_RPC_AND_PAIR_EVIDENCE,False,False,False,False
tecraspace,ethereum,1,2021-04-14T12:34:44Z,10,100,0xf836063a828dbc6166e079813ece7716d3da4baf,1:0xf836063a828dbc6166e079813ece7716d3da4baf,UNKNOWN_REQUIRES_RPC,-1,0x8e5f8d35b75f28131307e83dbd44e112673989b4191aa285a2c2ed959db4a50b,12037217,UNKNOWN_REQUIRES_RPC,False,v2/contract_deployments/contract_deployments_14000000_15000000.parquet,6176cf26c5e071de572e4fa584e8e6126dbdb3267e5f347910a581b7d8a944c6,7d60eed32be700ac6ae7154465fc2f38a80432ccfa2a29e2c8338abbc7c3e37d,0009b722e80c3afb7f15ddcead0511d9bd80d57f59d9b40a868f019635b5451b,a0e49384725926658979e11588b6a5d592e226cdbbb17527f6da42119500542c,RESERVE_CANDIDATE_REQUIRES_RPC_AND_PAIR_EVIDENCE,False,False,False,False
templedao,ethereum,1,2022-06-03T00:36:30Z,10,100,0xc66899476270bf148a7ac6094a94170af4a3f1f9,1:0xc66899476270bf148a7ac6094a94170af4a3f1f9,UNKNOWN_REQUIRES_RPC,-1,0xc58e75b142f95592c1e9bb89d52b6af3b41e740006f1fae474fc5f2ade618e3c,14848742,UNKNOWN_REQUIRES_RPC,False,v2/contract_deployments/contract_deployments_18000000_19000000.parquet,2dcd3c6c46c1f5489efaf97a7571ebbe6353d25a2f649f3933fab9345109debf,3d0ac0464f4b783fa01b42bc58d3cc04fd30aafe9fb731b7108fe3c987db66ec,00043f7e98a7c00c0c053ad6486bfddf6b008cb077257925ee5bee158ba969fa,930244ba4c4d48785e32486e681d90b4ae7c897d5f37abb8eab5504cedc8ccac,RESERVE_CANDIDATE_REQUIRES_RPC_AND_PAIR_EVIDENCE,False,False,False,False
tgbs,bsc,56,2024-02-10T12:25:57Z,10,100,0x61c60c7fbe12b3ecd16e96dbe20c668ea4cd4813,56:0x61c60c7fbe12b3ecd16e96dbe20c668ea4cd4813,UNKNOWN_REQUIRES_RPC,-1,0x8bb14a3ae556370ff71adb34bfbc3b93c9bedeb107b56cc3c6343ee82e10a970,35479576,UNKNOWN_REQUIRES_RPC,False,v2/contract_deployments/contract_deployments_30000000_31000000.parquet,0d12ca90369256d040cf542c85f6ffcf446e4e3e8d19fd878d446ff8ed9337b7,7a21d82cb61e688843746e46a69698d39fc38f0d6c190833b2d8fb480e634e83,001104a86175ba89ddf6392c6ba8c6dc1d5f1b1d14242e2591d0d848f90b8b77,45c650dc7cba37cbbb51ed7475cbbb7944cf1f909c95de05631d4a9442374873,RESERVE_CANDIDATE_REQUIRES_RPC_AND_PAIR_EVIDENCE,False,False,False,False
thenftv2,ethereum,1,2022-01-20T06:45:29Z,10,100,0xd21f97bbdd9ff7801506337192e24a4a9f1495bf,1:0xd21f97bbdd9ff7801506337192e24a4a9f1495bf,UNKNOWN_REQUIRES_RPC,-1,0x94117ab66b471f5f98b31e97f9191af753ab8c85fb0f55962ba09cf1c20c6205,13898960,UNKNOWN_REQUIRES_RPC,False,v2/contract_deployments/contract_deployments_2000000_3000000.parquet,6d562e88df03827bfbf01c2b88d473f0dece6ca3dcd2b0c76188bf3236dcdaae,ac49bd6306a6c13e1a943c9865791ff735f759ad53c899501cc3e73da71b4210,000549c0c6ae49dcb1ed53905322f2b01170063c4e6aee9e59cf203f8ec6f134,d309587d36d5f9eed0eb4980c80f41d9c88407267dd373222dfdca8c7d1e0365,RESERVE_CANDIDATE_REQUIRES_RPC_AND_PAIR_EVIDENCE,False,False,False,False
tifi,bsc,56,2022-11-13T06:02:57Z,10,100,0x0537edffe4547c820ccf5746be03144e9a9dbb19,56:0x0537edffe4547c820ccf5746be03144e9a9dbb19,UNKNOWN_REQUIRES_RPC,-1,0xd8706a949e931fe6515acf67b2b31cf1125ffcc97eb91d84f3ca57e033e14f0a,22589467,UNKNOWN_REQUIRES_RPC,False,v2/contract_deployments/contract_deployments_30000000_31000000.parquet,0d12ca90369256d040cf542c85f6ffcf446e4e3e8d19fd878d446ff8ed9337b7,35d54694a7413b03b1d0ec139c44665bf9806ed256f2ec4c2ae66678ce8c921a,0006c1cee64895e1ab49daed4435f9e719d3fc678f17fb075710ca59db5cc635,1c19df644b867592c66756551cb911076974fd62d1d8254b04228291fd20b608,RESERVE_CANDIDATE_REQUIRES_RPC_AND_PAIR_EVIDENCE,False,False,False,False
tinu,ethereum,1,2021-06-20T18:45:47Z,10,100,0x5422dfa96f913e35afca7d38765029eba0f50391,1:0x5422dfa96f913e35afca7d38765029eba0f50391,UNKNOWN_REQUIRES_RPC,-1,0x9cd109ef97d2873ae97c6479827cddd8a2dc0e9188cc81e4a7eb82bcfb78e1fb,12623915,UNKNOWN_REQUIRES_RPC,False,v2/contract_deployments/contract_deployments_14000000_15000000.parquet,6176cf26c5e071de572e4fa584e8e6126dbdb3267e5f347910a581b7d8a944c6,908d1bdd34091df83002ba617b495635c8b7e6e7d9aeb074b6d4eeb47ceb76b8,00068e779cb46a942896a03da72ac2222fd096dbd7326b47499837e82a275823,61d5d8bfc0a97ffd92f158008bd13bff48220f2bb0a6324073938ec3c3dae583,RESERVE_CANDIDATE_REQUIRES_RPC_AND_PAIR_EVIDENCE,False,False,False,False
tradeonorion,bsc,56,2021-03-01T16:31:46Z,10,100,0x925d67e6b2e86380833e7c950cccd3748d38baea,56:0x925d67e6b2e86380833e7c950cccd3748d38baea,UNKNOWN_REQUIRES_RPC,-1,0xb26d5f952af0456d6fcc63b8adfd9fb6a994df75805b58f35ffa0421a2f70dec,5238203,UNKNOWN_REQUIRES_RPC,False,v2/contract_deployments/contract_deployments_1000000_2000000.parquet,7529540c96f11e4fc0d376fd36b2953644bebebe317a864615e2d14403a341fe,505626f1d653d48b819091c6a0ff8efbb29ed67874a3cfc03be7159d0061c4de,00512af522a457c54389ce74e189c239af912106ddf577341d67f02d07b75c9b,68ad3a36556d87f8bc70f6a7fec0d213b6a6e9441a53bb30bcd4e785e76176d7,RESERVE_CANDIDATE_REQUIRES_RPC_AND_PAIR_EVIDENCE,False,False,False,False
truebit,ethereum,1,2021-04-12T10:56:15Z,10,100,0x50e7e682a5e45a5ab6260386f785ac113741db1d,1:0x50e7e682a5e45a5ab6260386f785ac113741db1d,UNKNOWN_REQUIRES_RPC,-1,0xb3007c0541e98a9b59d14f6b7b1d2ac03a31ba5d789af01558561048ad5aa736,12113726,UNKNOWN_REQUIRES_RPC,False,v2/contract_deployments/contract_deployments_18000000_19000000.parquet,2dcd3c6c46c1f5489efaf97a7571ebbe6353d25a2f649f3933fab9345109debf,2b52ff545d17f1cebd7b6c5e2b3c1ef2a77ce842c99eb356479734351ddffec3,000bbd17508cf2ad844f0baf2ef280e41c21a33d6e45156b408e5fc8b591a754,d8fc0112252660d570d7c5678589b557013f9a49cdc4730a62bf6065b613f5da,RESERVE_CANDIDATE_REQUIRES_RPC_AND_PAIR_EVIDENCE,False,False,False,False
trustpad,bsc,56,2022-07-19T16:52:20Z,10,100,0x3488cf2b5e772b4987c8a12640b91e2d0f1c514f,56:0x3488cf2b5e772b4987c8a12640b91e2d0f1c514f,UNKNOWN_REQUIRES_RPC,-1,0x3154719ee09b6b1cee1d6fb798e201e417ce9b2d67346595e3f48819798511af,18890978,UNKNOWN_REQUIRES_RPC,False,v2/contract_deployments/contract_deployments_29000000_30000000.parquet,3255e78e345aff80bfd6dfc7d760f4bda3a96fce4225cc3e128ce3d21ff32822,908e4f5024ef483a0c5032a96d995f6e6d48af33eb557641ae5782b2064b16de,000b3a566449fc154b7d24f8335b72515c3c4a6aa640fe5515b754985e92f909,1035ae19519d568a2afcb10f7589847f5c4cb6aebfc69810680197a855878482,RESERVE_CANDIDATE_REQUIRES_RPC_AND_PAIR_EVIDENCE,False,False,False,False
uearnpool,bsc,56,2022-09-18T03:28:47Z,10,100,0x1499d64f9a56831e7bb030b69a4c76ab589630d7,56:0x1499d64f9a56831e7bb030b69a4c76ab589630d7,UNKNOWN_REQUIRES_RPC,-1,0x28773f441274e004936d8e404abf21de726f247689d62b9cf4226072a5f2ffdc,20839850,UNKNOWN_REQUIRES_RPC,False,v2/contract_deployments/contract_deployments_29000000_30000000.parquet,3255e78e345aff80bfd6dfc7d760f4bda3a96fce4225cc3e128ce3d21ff32822,b248dd9175cd325798b441a63febeb08674e85fde093bf54795b467d67688a00,000bbdf9b29761c0f68c4bdd0844b83b77ea992ab61348aeb0d1094e9aba778c,3027ec901aa330e9e8b521b46ce66e009764e66e0bd048baaa41403ee0d43218,RESERVE_CANDIDATE_REQUIRES_RPC_AND_PAIR_EVIDENCE,False,False,False,False
uerii,ethereum,1,2021-11-16T01:25:50Z,10,100,0x911dffef0523885e84448ea1aeb8158318fbb950,1:0x911dffef0523885e84448ea1aeb8158318fbb950,UNKNOWN_REQUIRES_RPC,-1,0xb0ad0103897d7208e881c3993305492085957c1fc9b3413337f54c8dc71586fd,13623322,UNKNOWN_REQUIRES_RPC,False,v2/contract_deployments/contract_deployments_25000000_26000000.parquet,89a76fc2ecf09bbb46861991e8a584829f6ee9a274cd187b9a10a702b04f50fe,424b30ae4315b36ba1df039bf540bba21dd94ac181fea9c6625c63120f3ccb73,0007f562f58d5f11c7962965117bce57c9abffcd2945ebd87c518d157c9f17f3,8fb46b31db37d64a5b9c792f22171e0404d1766e668b9a5dde6e3abfed474b87,RESERVE_CANDIDATE_REQUIRES_RPC_AND_PAIR_EVIDENCE,False,False,False,False
ulme,bsc,56,2022-10-20T14:46:15Z,10,100,0x9d10034a8e3c970d0eed6b0cb1eb4c5875205fbf,56:0x9d10034a8e3c970d0eed6b0cb1eb4c5875205fbf,UNKNOWN_REQUIRES_RPC,-1,0x6845988950bc158c5e628a9e7376551ab353c414100a7787febb4e9670dc0459,21786730,UNKNOWN_REQUIRES_RPC,False,v2/contract_deployments/contract_deployments_7000000_8000000.parquet,54cb1c23725d5765da58c76ee4eb73bb326370e440cb6baab9e8463544906967,6f8f24893dc09f77c6be0b3e6e350361f278436b9afeb6af405ee7aa2b171bad,0012d029bfd27c4c5e335af598fce5262eced61e4f3d8461ea6e182111a0e95c,86d05c20b4c94f5fd021e047e3f1757d08ac25b197a56e7fce76cf71c927f221,RESERVE_CANDIDATE_REQUIRES_RPC_AND_PAIR_EVIDENCE,False,False,False,False
ulme_2,bsc,56,2022-10-20T14:46:15Z,10,100,0xde200a33d4c8577fd530be3f4263f9f00d848647,56:0xde200a33d4c8577fd530be3f4263f9f00d848647,UNKNOWN_REQUIRES_RPC,-1,0x777a30f2c02d02d603d323c20139f5bed20ab938dc729cd574c6b65136c26e8a,21623654,UNKNOWN_REQUIRES_RPC,False,v2/contract_deployments/contract_deployments_30000000_31000000.parquet,0d12ca90369256d040cf542c85f6ffcf446e4e3e8d19fd878d446ff8ed9337b7,e9d9a1c6eee4af549c6e8aa10994c708a2a44ad76131617b599a691ab684c23b,001229905dcc376bc8073cba95209623a6d5147661bc000b09988ba1d6ef43ab,84d0841a2038fbab5bccc4e7b748e6db02563fddc65e015965e1d9a1c00b0a21,RESERVE_CANDIDATE_REQUIRES_RPC_AND_PAIR_EVIDENCE,False,False,False,False
umbrella,ethereum,1,2022-03-15T17:05:56Z,10,100,0xe13f3d5b33d98cc8274a0af3870b0df56f3b8432,1:0xe13f3d5b33d98cc8274a0af3870b0df56f3b8432,UNKNOWN_REQUIRES_RPC,-1,0x83349b5fe403f3f7ac385fa32909fd192f2b65c63a09cc3452ed2f824163813b,14384754,UNKNOWN_REQUIRES_RPC,False,v2/contract_deployments/contract_deployments_20000000_21000000.parquet,5408f43ed5a3cd3b27216a3df0904e4053ec650ebb80c9c1c2ede9026839c3b5,8714444d2f5b5328427cbb8a2de30c0f93b217281bac4a9aa6f1326adb7d8e62,000477a4f531679138efc256c1cfaa7ff11afbff1382bb3eea9ed48998bb9c66,1873526ac2405e9df840792d3833dc1d7580ec7f5b2eb324cabd5a91ac98a444,RESERVE_CANDIDATE_REQUIRES_RPC_AND_PAIR_EVIDENCE,False,False,False,False
un,bsc,56,2022-07-21T00:55:49Z,10,100,0xae28530f5a10391b7a57a25b92e3fe8f3c52f97d,56:0xae28530f5a10391b7a57a25b92e3fe8f3c52f97d,UNKNOWN_REQUIRES_RPC,-1,0xcf1de0a3dc2184480bc5504331130c6190e3757fff828698489a34c492a6e8a1,18941722,UNKNOWN_REQUIRES_RPC,False,v2/contract_deployments/contract_deployments_31000000_32000000.parquet,1096c453513646713a3b6185edd15651bf3a9599e2e334ecd82bcf3c939ca722,5015ec4005650e7546a6099cc14e7b2d6f1551a0286da8759db6c7e385a48674,0011ff486d224560d2593cc7a6bef859235109576ad104d36f8eb4818ace76ce,769ef064a6b3f116278f2e632b07a4c1de94201b3825b4696b08943cb707fb24,RESERVE_CANDIDATE_REQUIRES_RPC_AND_PAIR_EVIDENCE,False,False,False,False
uniclynft,ethereum,1,2021-10-31T23:20:40Z,10,100,0xef67a79fdd5e6c8a512ceae777d9defd37d1a14c,1:0xef67a79fdd5e6c8a512ceae777d9defd37d1a14c,UNKNOWN_REQUIRES_RPC,-1,0x33c9a84bff57a4bd46671bc32443e8027803ea478c9b2be241e7079688af70bb,13401977,UNKNOWN_REQUIRES_RPC,False,v2/contract_deployments/contract_deployments_1000000_2000000.parquet,7529540c96f11e4fc0d376fd36b2953644bebebe317a864615e2d14403a341fe,d5ecf6a7f82312748627dc091828e08fcff8c828579162ead967cd5187db13e7,0008b591d403d5ef6214ecce0450dedce69f95bd9b5e5cd6d9d16ab9ce02ea1f,d2f04a9fbb351315db483ab38af0eeb04c3cb6e31dd3b680fadb263362e950fb,RESERVE_CANDIDATE_REQUIRES_RPC_AND_PAIR_EVIDENCE,False,False,False,False
unilend,ethereum,1,2024-02-13T18:14:11Z,10,100,0xfa7a881373b5ce3abcc13db301b7dfb328285aab,1:0xfa7a881373b5ce3abcc13db301b7dfb328285aab,UNKNOWN_REQUIRES_RPC,-1,0xf400001f368a3c31255fc4664b13eb64112f538c718c666d7f07a08898d1a304,19121849,UNKNOWN_REQUIRES_RPC,False,v2/contract_deployments/contract_deployments_2000000_3000000.parquet,6d562e88df03827bfbf01c2b88d473f0dece6ca3dcd2b0c76188bf3236dcdaae,e9f332b0d7bd63e6f610c74e5b81b96d59967f2a669fec7572ee6f873df6bdc0,000c7a4fb8c51d7db5deb8b44376c4f4dce8d84f57177e327ee83bd67301ae22,8e2a08eb714e9dd236246b0115dbab8ccec6caaaff686eeb501f74c7cec6b4df,RESERVE_CANDIDATE_REQUIRES_RPC_AND_PAIR_EVIDENCE,False,False,False,False
unverified,bsc,56,2022-08-12T11:19:30Z,10,100,0x67c892b40f881c65d98e5fcb82fd907fa15f2993,56:0x67c892b40f881c65d98e5fcb82fd907fa15f2993,UNKNOWN_REQUIRES_RPC,-1,0x889d914e8dc512347ecbb64e236cba67effec067a4b7ffd17f724086c7ec5c50,20293166,UNKNOWN_REQUIRES_RPC,False,v2/contract_deployments/contract_deployments_7000000_8000000.parquet,54cb1c23725d5765da58c76ee4eb73bb326370e440cb6baab9e8463544906967,e499401b0da045c6c74d475cea204b968a79ca4b1bf03c83785da9c968c32a8f,000dec1280d98305b27a587d82126113877c359f06478cbea089776bf6298823,6c52c8c94cb0717ba0839be032e94c93b057ba52d60918263273867066f1c0e1,RESERVE_CANDIDATE_REQUIRES_RPC_AND_PAIR_EVIDENCE,False,False,False,False
upswing,ethereum,1,2020-09-29T18:04:56Z,10,100,0x1fb6716f7cc19d430992ba3f42f4e2b33eee3f91,1:0x1fb6716f7cc19d430992ba3f42f4e2b33eee3f91,UNKNOWN_REQUIRES_RPC,-1,0x7c3bc4b3f6a3f585394faac56517b956fa926b918df8eb78af279fd093a8db21,10950158,UNKNOWN_REQUIRES_RPC,False,v2/contract_deployments/contract_deployments_13000000_14000000.parquet,8885bd5034eff92607b7ffb297b079b222764c22e24fbd5bdf3f3d689c1a839b,e2895f790b24d6004c8460eb2ecc40559735ac73e5234ac0b088418a21a679a5,000fc3bda273560816cd67497fb0ec39d9807269c6f234b8679b3d676df2d63c,deac6d312e632f8a47631ae0480bab79b233eea1fd508e5ef900f18e9d33a317,RESERVE_CANDIDATE_REQUIRES_RPC_AND_PAIR_EVIDENCE,False,False,False,False
uranium,bsc,56,2021-04-17T06:34:05Z,10,100,0xe12e2b214d26769be047df078e007c16b6004f8f,56:0xe12e2b214d26769be047df078e007c16b6004f8f,UNKNOWN_REQUIRES_RPC,-1,0xc670b4e623661a767ca492218e513536213fae32ba0cc8d760eff79c9fa9a01a,5848219,UNKNOWN_REQUIRES_RPC,False,v2/contract_deployments/contract_deployments_30000000_31000000.parquet,0d12ca90369256d040cf542c85f6ffcf446e4e3e8d19fd878d446ff8ed9337b7,65e801025e7654c4513d268b3e62f452a9c1b0658c9c5ecca3959d12d816c5ba,00127cb3ea4bea7e7453dbc166e698b6038c8af93fbc59868fcb0a4c55eedc7e,a211dd7e79720b0e361dacd4bd9ea4a17ef85514b92629acee8a187c481883ba,RESERVE_CANDIDATE_REQUIRES_RPC_AND_PAIR_EVIDENCE,False,False,False,False
usdtstakingcontract28,ethereum,1,2023-07-12T12:53:59Z,10,100,0x81ba1a16a5a17ad30c59696f31ccf8d5155f1766,1:0x81ba1a16a5a17ad30c59696f31ccf8d5155f1766,UNKNOWN_REQUIRES_RPC,-1,0xae7d968f914b4d1f1a8cae5eae2da04cb20d54de0868f0668594bd04887aadad,17583786,UNKNOWN_REQUIRES_RPC,False,v2/contract_deployments/contract_deployments_1000000_2000000.parquet,7529540c96f11e4fc0d376fd36b2953644bebebe317a864615e2d14403a341fe,a04473115fa00f36ea50ab63fff6f5c947f52cc10876eeb5b0b079c72753a2c0,000a57de20ee059a5baf083e9f963200d23812f8247e949fee28e8cb56db472d,685807e29bd2933d19d65ec77fa2b78267967c8d67a4ba9f59ad9dcf83a1fc63,RESERVE_CANDIDATE_REQUIRES_RPC_AND_PAIR_EVIDENCE,False,False,False,False
usual_money,ethereum,1,2024-06-06T12:56:35Z,10,100,0xc3b581dc1871ec04aef7988fa419b6931da06e19,1:0xc3b581dc1871ec04aef7988fa419b6931da06e19,UNKNOWN_REQUIRES_RPC,-1,0xc722c930f00d21b00135986d9323ba447ddabb9d2d948e5bdd9e92fc52cc23c0,20003004,UNKNOWN_REQUIRES_RPC,False,v2/contract_deployments/contract_deployments_2000000_3000000.parquet,6d562e88df03827bfbf01c2b88d473f0dece6ca3dcd2b0c76188bf3236dcdaae,b12a5c389429789bdd8669859f195779d7be33531c2474ce3cc5c29f18ec491c,00122f7eb2b174d607649397faa9ed8cfad641d805cec51924bafa22be4659fb,0bfd8f126ff4bbcdfadc367fc68cd3e6d478183b04300baa5ddea26814f7a5dc,RESERVE_CANDIDATE_REQUIRES_RPC_AND_PAIR_EVIDENCE,False,False,False,False
utopia,bsc,56,2023-02-25T12:24:16Z,10,100,0x6992d9ec452ce6d7f49fd43aa19da21e835b3018,56:0x6992d9ec452ce6d7f49fd43aa19da21e835b3018,UNKNOWN_REQUIRES_RPC,-1,0x36e83c707d10d326e93b5e4b43948849bfbc94a7fbdd71776acbead5d7473891,25526559,UNKNOWN_REQUIRES_RPC,False,v2/contract_deployments/contract_deployments_6000000_7000000.parquet,408541b1fff35d9d72eb413a63bd7e1ecdfd299daa7ca67b3c7185856aa6aef7,0ac66cf9d2352495e7edeb0ec999b2211812768c5ac0ab4fff9a7321e22f34a4,0013f2df63cf440fde0947a123d967c9b630df86efef8ea669a00c2c1e36d26c,22133c8789653a971131824fafdaa6cc8f235652978d75bf029ffc16892bb2bf,RESERVE_CANDIDATE_REQUIRES_RPC_AND_PAIR_EVIDENCE,False,False,False,False
uwerx,ethereum,1,2023-02-08T16:19:23Z,10,100,0x5d5092c22c5d0fd3fec42b6b2ce796d5b33421c6,1:0x5d5092c22c5d0fd3fec42b6b2ce796d5b33421c6,UNKNOWN_REQUIRES_RPC,-1,0xb60b4ce37b08d9b3cc62106c5ae560a9956cfd6efff3be3aab8d1cb77ac5451b,16488092,UNKNOWN_REQUIRES_RPC,False,v2/contract_deployments/contract_deployments_6000000_7000000.parquet,408541b1fff35d9d72eb413a63bd7e1ecdfd299daa7ca67b3c7185856aa6aef7,c4730e3902c25c40f69ee1514b8d2699afe5c3faa738d593199f460f277e6e39,00258d6bb740c5dffd1e5181bf55067ca1d065da1120606a32df628ab083dcff,813fae0c75e50b2d2c90e22b8b3ee2b4c61429f6c5451d6078a59a5e218c5026,RESERVE_CANDIDATE_REQUIRES_RPC_AND_PAIR_EVIDENCE,False,False,False,False
uwulend_first,ethereum,1,2022-09-20T16:55:47Z,10,100,0xf18a34c8e4d9e3c94d97db9856a797c993603a63,1:0xf18a34c8e4d9e3c94d97db9856a797c993603a63,UNKNOWN_REQUIRES_RPC,-1,0x460d8990557303441b7a2ee2f40394057de9c65ab4358102a4dcf521bcf3a095,15412689,UNKNOWN_REQUIRES_RPC,False,v2/contract_deployments/contract_deployments_15000000_16000000.parquet,fb048ce929cf0d541c7dfe8c10ffb84dba33d093f3718146318d7b12073d7d12,93e202ffadc124ee980b9ea32c8f6f97369807776bbaaa4c14df6813465f6efa,001867d6c7ee079960f5f53f7541fb2d8862d5d5005e0b6bb9665263f81e1276,c95e7898804f8bd1195f26eab987921945ba907e7d403fe9b6f52d60070d047a,RESERVE_CANDIDATE_REQUIRES_RPC_AND_PAIR_EVIDENCE,False,False,False,False
uwulend_second,ethereum,1,2022-09-20T16:55:47Z,10,100,0x5442e56df4a6033a70f057506fdf35387e5cc1d8,1:0x5442e56df4a6033a70f057506fdf35387e5cc1d8,UNKNOWN_REQUIRES_RPC,-1,0x9addde011acbb09a1c4fae08969004b988730ffc0f90c4bd1adf948e32e67c84,15393075,UNKNOWN_REQUIRES_RPC,False,v2/contract_deployments/contract_deployments_19000000_20000000.parquet,204b7f381daf9d8017d4efd97183633a94c1c646efa22b219290c725f63c79d8,8331de2ec3b12b9475b8ff13d952f05cd625c18211615d1b708b151454092dc7,000ad37b3fdb86baf48714371b3140c6d261c687fe2edf2c2a382129db4893f9,b18248edd8355db47536d1438824805c558474aff3680f4aca47a0b953b93289,RESERVE_CANDIDATE_REQUIRES_RPC_AND_PAIR_EVIDENCE,False,False,False,False
valuedefi,bsc,56,2021-03-06T07:52:08Z,10,100,0x1b85988801d47bec93a2b07621c6d4226343fb68,56:0x1b85988801d47bec93a2b07621c6d4226343fb68,UNKNOWN_REQUIRES_RPC,-1,0x22b695c7be13c2b21d9d5fe901fbe765a38a187bcc47be050930f9fabe4c8fc5,5309166,UNKNOWN_REQUIRES_RPC,False,v2/contract_deployments/contract_deployments_1000000_2000000.parquet,7529540c96f11e4fc0d376fd36b2953644bebebe317a864615e2d14403a341fe,b479378034d0b860ae694e74ec204aaf9eec307b2e32206891cfbfe954f536b5,007cefb0fe177cafee6eba22ab1fabc81452619ea5cbfc960f3b90f836f8e09c,f3c72191b3be72098339a53eeb1b7c87641653ab97f9b7fa79d7db749fbc36f1,RESERVE_CANDIDATE_REQUIRES_RPC_AND_PAIR_EVIDENCE,False,False,False,False
venus_the,bsc,56,2025-01-28T15:33:23Z,10,100,0xbf913d29365f2a72a995b9573edb0ce8a0f0bd8a,56:0xbf913d29365f2a72a995b9573edb0ce8a0f0bd8a,UNKNOWN_REQUIRES_RPC,-1,0xa1ef00bb10c2770c7efdf4997ecad1170e1397e671037e5cfdb6b4b96039153f,45317941,UNKNOWN_REQUIRES_RPC,False,v2/contract_deployments/contract_deployments_30000000_31000000.parquet,0d12ca90369256d040cf542c85f6ffcf446e4e3e8d19fd878d446ff8ed9337b7,d51229578ba58dbef882adfc01370ff23cc82d86a04b31d537e009716c8cbeea,002fb947b1f40d6fd6e84ae024e66b6af60810736871acb147b9680c1dbd7605,d2d1124c3b50dc3207ad650f927bdd5096a3744d134efd2b3ca9b60acaf615db,RESERVE_CANDIDATE_REQUIRES_RPC_AND_PAIR_EVIDENCE,False,False,False,False
veth,ethereum,1,2024-10-28T09:08:11Z,10,100,0x1c86b74860bde8a2b8b32e6086ad3572064c082a,1:0x1c86b74860bde8a2b8b32e6086ad3572064c082a,UNKNOWN_REQUIRES_RPC,-1,0xc318d2589c06a3906d187ddd38b5376f83c7155617ac995bfa8a0f1a1a829201,20981437,UNKNOWN_REQUIRES_RPC,False,v2/contract_deployments/contract_deployments_5000000_6000000.parquet,eb8d1ad9c414a2cf0a36d3fe5aa0b10e20823399807f3e5cfb6815af4b301cd7,98b8a2bd83092a148c22856575074e7a776e3220b57f8fe5ddd1e0b761aba3d1,001588a1273e64bf5551ed84b3f4e22e6f8c537c614e26d76e473a09bbb3ba2b,a9f382b13c4e34d9a61509cd8ecd154bbc7fe99aea5e3e2af489f360d54ab41d,RESERVE_CANDIDATE_REQUIRES_RPC_AND_PAIR_EVIDENCE,False,False,False,False
visor,ethereum,1,2021-09-03T21:12:29Z,10,100,0x9c71d43b8947ec402f496e811e165f15a4645b33,1:0x9c71d43b8947ec402f496e811e165f15a4645b33,UNKNOWN_REQUIRES_RPC,-1,0x3895c94683a90eb92e706f9128dfa906853769422607a2df419798a4a4722e20,13095037,UNKNOWN_REQUIRES_RPC,False,v2/contract_deployments/contract_deployments_16000000_17000000.parquet,8884633f88684708a066a90c98dc23b2402b90a69bfb3608fd643f3ebde0af44,ee79fb952ed55ecabe8b7784324b59b8c83bfd5c806c29395963929436ab0093,0007c19c9fd7ed9fedad84ed32e6f81894e6ce6744d7811c551833830a3e8d35,14cc06b3ab78b9e3e6680d5a23a0db9ff734e1a03331c80b8bb2c6c98bf4c91f,RESERVE_CANDIDATE_REQUIRES_RPC_AND_PAIR_EVIDENCE,False,False,False,False
vista,bsc,56,2023-07-20T08:36:40Z,8,80,0x19731235cd962973c1728eae28ecef5380c69e44,56:0x19731235cd962973c1728eae28ecef5380c69e44,UNKNOWN_REQUIRES_RPC,-1,0x31c3f26e2a6d8beab5116aefeab6ded4f04d58dc0477a76c1284c5a81c7d3839,29479624,UNKNOWN_REQUIRES_RPC,False,v2/contract_deployments/contract_deployments_31000000_32000000.parquet,1096c453513646713a3b6185edd15651bf3a9599e2e334ecd82bcf3c939ca722,36faea91d71f59c54b1e44ca520ad74af490acb67f54b6c938cdde8d9e3d6393,001b43e406009782231ab75a8ff5131612534d7910ec29eadfb3f686e51b3b64,dfc24a73a50cb30a05c1ffaa52d66cee395da44bb50dad71154e96aaa1143bb0,RESERVE_CANDIDATE_REQUIRES_RPC_AND_PAIR_EVIDENCE,False,False,False,False
vtf,bsc,56,2022-10-10T13:43:10Z,10,100,0x950fbe392e04071a4fc0bc8d874b79efc344886f,56:0x950fbe392e04071a4fc0bc8d874b79efc344886f,UNKNOWN_REQUIRES_RPC,-1,0x2496eaec8a8be015c92092b987801bf858825455cb7433412af90c7864dca16c,21558257,UNKNOWN_REQUIRES_RPC,False,v2/contract_deployments/contract_deployments_30000000_31000000.parquet,0d12ca90369256d040cf542c85f6ffcf446e4e3e8d19fd878d446ff8ed9337b7,740daf0d695383d1c3ec7cc4f20ffbc6cd23ce0fb5e046637d066acf8fa0d995,00193a44bf357cbf748037204e5aea2d20aa5124435a11c104ed6c0ba7d114b2,da4a29d11e37dd81cdbcd6f965288f238e9fc3b84296b7d7e040645ea5735221,RESERVE_CANDIDATE_REQUIRES_RPC_AND_PAIR_EVIDENCE,False,False,False,False
w_key_dao,bsc,56,2024-11-08T11:47:51Z,10,100,0xcba0c14e8909b909f0e3a4516cbf0f8930cf9a48,56:0xcba0c14e8909b909f0e3a4516cbf0f8930cf9a48,UNKNOWN_REQUIRES_RPC,-1,0x222f46ee6f280322935fdc8e58705080a735c850b8d56b117a62d4c523c18703,43821818,UNKNOWN_REQUIRES_RPC,False,v2/contract_deployments/contract_deployments_29000000_30000000.parquet,3255e78e345aff80bfd6dfc7d760f4bda3a96fce4225cc3e128ce3d21ff32822,5d3d30009db4d7e0dc7ad3f540820538794bce17b1f61877ee0b3eabf675d356,001fe6fe4611e9fc82f3a5f0ddce375fb83a318ef2b1c2bffc98eb45b44fe62d,6ed40be4c856757bd3c8bf5647a5a937439c92efc6863fccb5b196a02533abea,RESERVE_CANDIDATE_REQUIRES_RPC_AND_PAIR_EVIDENCE,False,False,False,False
wdoge,bsc,56,2021-06-04T02:12:45Z,10,100,0x526e50d817163c879ff847a5e1d7fd279086a130,56:0x526e50d817163c879ff847a5e1d7fd279086a130,UNKNOWN_REQUIRES_RPC,-1,0x0bc155368cce5523e647b6f44e313181d1e403549794ec66e55abc6a2580e52c,7152735,UNKNOWN_REQUIRES_RPC,False,v2/contract_deployments/contract_deployments_30000000_31000000.parquet,0d12ca90369256d040cf542c85f6ffcf446e4e3e8d19fd878d446ff8ed9337b7,5e4887c55d17ff36b0f2ff286ee2778da2f193e21ddb46afcacefbb7f7d7fa37,0006ffec77ed575d53a0b154b0c8521182d7bc487e90d617c639626a7548b594,29c3f6a67af89b5d1c722607178764a1ca0c17149effdbc00918a7c0ca3d566c,RESERVE_CANDIDATE_REQUIRES_RPC_AND_PAIR_EVIDENCE,False,False,False,False
weco,bsc,56,2023-08-12T20:33:34Z,5,50,0x9fbd6973f7e6e49eac8ff2eb857fdeed41d2e482,56:0x9fbd6973f7e6e49eac8ff2eb857fdeed41d2e482,UNKNOWN_REQUIRES_RPC,-1,0x70392c949ae97b6b7f21fb72284a4bb5b47744be4b43dbd475cdf0fd8468a9a9,30265928,UNKNOWN_REQUIRES_RPC,False,v2/contract_deployments/contract_deployments_31000000_32000000.parquet,1096c453513646713a3b6185edd15651bf3a9599e2e334ecd82bcf3c939ca722,9b52785f380f48d43030bd727a6dfd41e013af56dff1b460354a855835715c77,001d052e9800f47b7c7cee88069a04959674ec0497dfcb364053c1f9d5b0a2d8,25fc9c39d3345e06219a8601dab5c7af154dac3437e4eb962125240174e50288,RESERVE_CANDIDATE_REQUIRES_RPC_AND_PAIR_EVIDENCE,False,False,False,False
wgpt,bsc,56,2023-06-20T07:27:30Z,10,100,0x80ea2d577f03f13b809233508ed68aa81c97c17f,56:0x80ea2d577f03f13b809233508ed68aa81c97c17f,UNKNOWN_REQUIRES_RPC,-1,0x6abaec4e27f8aac9e6a7134e4412e25bcf095732f54ceeb9b3ed351012c0ccac,29238991,UNKNOWN_REQUIRES_RPC,False,v2/contract_deployments/contract_deployments_29000000_30000000.parquet,3255e78e345aff80bfd6dfc7d760f4bda3a96fce4225cc3e128ce3d21ff32822,2afb7e2b27e3f16b3091b2ac197b9861fff79064ccc58da034700a8b898279e8,000b2cbbd402804aa04a2e36af29f31bd4b90887d2751a76dbb620b5c44dcc04,4ba666444fda02d1ef443d95b98e893860e2e43c23efa6d266ad017fb57e5f3e,RESERVE_CANDIDATE_REQUIRES_RPC_AND_PAIR_EVIDENCE,False,False,False,False
wifcoin_eth,ethereum,1,2024-06-11T00:26:59Z,10,100,0xaeb30ff5a3a3703a02040390dd597d37ac8ff294,1:0xaeb30ff5a3a3703a02040390dd597d37ac8ff294,UNKNOWN_REQUIRES_RPC,-1,0xcdfc8c538fb504e01d054c28bc79182adcb482332476f91f7fbabd78df13d799,19872504,UNKNOWN_REQUIRES_RPC,False,v2/contract_deployments/contract_deployments_15000000_16000000.parquet,fb048ce929cf0d541c7dfe8c10ffb84dba33d093f3718146318d7b12073d7d12,07f7d6474393cee7520186bebb6ba16c43574b9797335faaab44e5dcb17f5fee,00156a0590f7ccc46444e4f6367f728bd5dbcc3dcf180dc654c6eb8a56ebbb86,e94a19676645f441669040542cd361b7fe11997545ea3128ff24712911f8a1ea,RESERVE_CANDIDATE_REQUIRES_RPC_AND_PAIR_EVIDENCE,False,False,False,False
will,bsc,56,2024-06-26T10:52:52Z,10,100,0x0000489024300724c4cefc05259006c770860000,56:0x0000489024300724c4cefc05259006c770860000,UNKNOWN_REQUIRES_RPC,-1,0x525b2faa0920041a72a8d03d95206e50642db6a5e5d0ddb5f6be7c61078f83c5,39805759,UNKNOWN_REQUIRES_RPC,False,v2/contract_deployments/contract_deployments_31000000_32000000.parquet,1096c453513646713a3b6185edd15651bf3a9599e2e334ecd82bcf3c939ca722,2afb8b7304ee793e698ebf56b4004d4b7d1330284ca7fcd466f335b1bbe97c8a,002f38de2e58831fbc93aae90e14a2a2438cc00711fc784389941e578e01ad49,7300112f1b370b1eecaa2edcf609bc6097a35a4c67a1d8e07971c4de5604eeb9,RESERVE_CANDIDATE_REQUIRES_RPC_AND_PAIR_EVIDENCE,False,False,False,False
wiselending,ethereum,1,2023-08-08T19:13:59Z,10,100,0x54053996a157ce40c7c3d0d6b21e821e68b0ce06,1:0x54053996a157ce40c7c3d0d6b21e821e68b0ce06,UNKNOWN_REQUIRES_RPC,-1,0xe5b292e0dbdbd403704b7ebf0fefe5b699159fa64b914be3c91002c65fc1425d,17841090,UNKNOWN_REQUIRES_RPC,False,v2/contract_deployments/contract_deployments_1000000_2000000.parquet,7529540c96f11e4fc0d376fd36b2953644bebebe317a864615e2d14403a341fe,8247c63eb26d9f0dd7ab7295febf988a04622a223192d4f262a820219ec2aa06,000870055ce37a28e7c5607e862a497f6cdd14f2d0585b73edb1215547b69259,5ef8a42eca4707a85a540b72dae5fbb0b474e3eaf229521d403da31bd1413e61,RESERVE_CANDIDATE_REQUIRES_RPC_AND_PAIR_EVIDENCE,False,False,False,False
wiselending02,ethereum,1,2023-12-04T20:28:35Z,10,100,0xf4cb45a9331fdc4f189cbe119e927b6fccc2175e,1:0xf4cb45a9331fdc4f189cbe119e927b6fccc2175e,UNKNOWN_REQUIRES_RPC,-1,0xb560a905b61cffb9d8116225bb2e58aeb3a81334b89507751d8f659847ef569f,18684992,UNKNOWN_REQUIRES_RPC,False,v2/contract_deployments/contract_deployments_2000000_3000000.parquet,6d562e88df03827bfbf01c2b88d473f0dece6ca3dcd2b0c76188bf3236dcdaae,a0e8d33f3d3b678c7f274740a9f747faf7c434bd637395d88b0c240ad49ca244,00130879393bb580f7a78cdb314c247220d1b33b357e5add2ea287f9c6bcfea2,694900913116cd8bfb21539091730d46e8061afc0432b59970bd6e19bb2ba768,RESERVE_CANDIDATE_REQUIRES_RPC_AND_PAIR_EVIDENCE,False,False,False,False
wiselending03,ethereum,1,2023-12-04T20:28:35Z,10,100,0x8458f2b9ec32ef0f49ed14438d3a8646ef7a175a,1:0x8458f2b9ec32ef0f49ed14438d3a8646ef7a175a,UNKNOWN_REQUIRES_RPC,-1,0x163b376d127e54fc763e78ede0e29c794420b0aa8a6c7d8d7cb919201d2fd4c5,18686471,UNKNOWN_REQUIRES_RPC,False,v2/contract_deployments/contract_deployments_14000000_15000000.parquet,6176cf26c5e071de572e4fa584e8e6126dbdb3267e5f347910a581b7d8a944c6,c083e8a1ebfe36eb13999399877e47c14ed541cd2b4e919357991299de0a7ff5,000ee8276881413263268b763bf0bbf401f84042525c2ae0ed0706df92d62152,83e0cc2920ded7d1dfc2ef492dc42018e36928f45bd9be89bc685b80b559fc11,RESERVE_CANDIDATE_REQUIRES_RPC_AND_PAIR_EVIDENCE,False,False,False,False
wsm,bsc,56,2024-02-09T13:58:58Z,10,100,0xb01abb87721be66f5d8efb2103c8cbd5358b14e5,56:0xb01abb87721be66f5d8efb2103c8cbd5358b14e5,UNKNOWN_REQUIRES_RPC,-1,0x65fb0d917184cbd5f204989748d99e722a66be2ce97cff812a35ed858a2c0e71,35123805,UNKNOWN_REQUIRES_RPC,False,v2/contract_deployments/contract_deployments_31000000_32000000.parquet,1096c453513646713a3b6185edd15651bf3a9599e2e334ecd82bcf3c939ca722,4b48ce837783009dff12c943b497267a381e7451ee9dd62474ba54ac19f4dec8,0017145ab79872e7d4909cc675bf9e7cd2b911066fc8cc95d12e358da784e2e8,44e2d5809f0bf4a67f1e30838e8cb59c4e65f1be414f5474e57e251a6e0295f3,RESERVE_CANDIDATE_REQUIRES_RPC_AND_PAIR_EVIDENCE,False,False,False,False
xavefinance,ethereum,1,2021-06-25T18:41:21Z,10,100,0xb2e1bdc3e83b7f028f8601a6a1cc06d3b87ce0ce,1:0xb2e1bdc3e83b7f028f8601a6a1cc06d3b87ce0ce,UNKNOWN_REQUIRES_RPC,-1,0xd27ed4c3e80747664b212f4bdbdec0985dd6b03f3c20363fe8e9f547cc2d0b98,12662145,UNKNOWN_REQUIRES_RPC,False,v2/contract_deployments/contract_deployments_21000000_22000000.parquet,6951c22b6f2732efb0772f657e597c5cdd89f8d4c3b5d2d0c7e8d53bc240b602,3efc13d0a6cec53bc3f41974a4f092773214400bc37cbdbbf41e08c4cd5a46a8,0009aba2c584c82021fafa37499e8cca054282234891e0193b75d5534c7100df,f5232c37a5a59dcf00b4c09c80c0fd7ae7d67d696edd8dc5722980e954cab923,RESERVE_CANDIDATE_REQUIRES_RPC_AND_PAIR_EVIDENCE,False,False,False,False
xbridge,ethereum,1,2023-10-21T11:41:35Z,10,100,0x212b97ecc4e7722ae4c816a4d6c0ca750d5c0f84,1:0x212b97ecc4e7722ae4c816a4d6c0ca750d5c0f84,UNKNOWN_REQUIRES_RPC,-1,0x8ced80cd1be405a7e2e7a41fceb5b2aab701a07dd1a6f2fc54b26db3d43e8d7d,18254834,UNKNOWN_REQUIRES_RPC,False,v2/contract_deployments/contract_deployments_13000000_14000000.parquet,8885bd5034eff92607b7ffb297b079b222764c22e24fbd5bdf3f3d689c1a839b,ffbd643dfdd45fca546518594ff0b793cb5d60256c1ed6d1eca93631d3775b29,000c8edd29929cfe93bab8b2b10d50d8758231c4ffd3da5bc0082a1473b5453b,4c7f9b3b3e7c5c2ec822f4e746d71a8eabfd098864682dedbbcb3f957cab987a,RESERVE_CANDIDATE_REQUIRES_RPC_AND_PAIR_EVIDENCE,False,False,False,False
