case_id,case_name,chain,input_row_sha256,envelope_path,envelope_sha256,counter_authority,historical_snapshot_status,historical_snapshot_source_receipt_sha256,historical_snapshot_identity_receipt_sha256,historical_snapshot_source_provider_family,historical_snapshot_identity_provider_family,historical_snapshot_schema_valid,historical_snapshot_hash_bound,case_artifact_path,case_artifact_sha256
ca2-a315156294181711e836,3913,bsc,0719471917216b1401db1b7fe750fc68921416a75bd7bf289c8fcb46044ef328,cases/ca2-a315156294181711e836.json,f69fa542eb46be62f32058112c5c29cac9c1dd4eb4fb3bbac3602e9461ef5aea,false,,,,,,false,false,,
ca2-c9c1817a98610ef26f01,88mph,ethereum,7cf631ddad3b80c72d2b8812a4d71f4850c19aa3091c9a1b0664b5332c33c079,cases/ca2-c9c1817a98610ef26f01.json,308d8b18ec18b4557ba9fc6d17fc14ce384e5a0fb86b36d7a73bf53a50226e34,true,HISTORICAL_SNAPSHOT_VERIFIED,312d5906d87bf8cb49653b13954a310009d5af0dcfaa23f06f3bcc92c6e74c46,312d5906d87bf8cb49653b13954a310009d5af0dcfaa23f06f3bcc92c6e74c46,alchemy,infura,true,true,cases/ca2-c9c1817a98610ef26f01.json,652577f470409dcb3987c14f2e7d9a26ea7689b2c33ae49e7ff5ee6205810490
ca2-399010b287f06a594153,98_token,bsc,248a223bd2f5bee51fc7f2b9ed33ce81f3e2d7c587ebc6a7a79936320480313b,cases/ca2-399010b287f06a594153.json,26a1af537159fa8cc656b17a2e22c18193edc5f289cb89155c1a3decf6d6a1df,false,,,,,,false,false,,
ca2-3c88785c0f3b4867d7f4,aave_boost,ethereum,d2a8682780592a52a280befd4266674221d3eaeb026fd2f7f3901c35d9ecb1bc,cases/ca2-3c88785c0f3b4867d7f4.json,7fcbe8200807282f8f024ab0acae530d0c798b198e61b80f6a65c47b66529dd3,true,HISTORICAL_SNAPSHOT_VERIFIED,0cfd182017fbf41b30b2399569b7f8d133b2da381106e83d23bf2dbf7296b7c7,0cfd182017fbf41b30b2399569b7f8d133b2da381106e83d23bf2dbf7296b7c7,alchemy,infura,true,true,cases/ca2-3c88785c0f3b4867d7f4.json,a907213d5b11e71d47ca5c2919b48d2a2c4944a8d10dff0bdc05fb3678d6fbfe
ca2-7727ada64ae1e882eaac,abcc_app,bsc,aa8f433fbc725528ce800424fc9b7d5dca716347229ee059897b1bef2afffbbb,cases/ca2-7727ada64ae1e882eaac.json,f92dcf13d847884e46ced2726b9c8d3ac7df079911c158d6ed02f14855672a29,false,,,,,,false,false,,
ca2-bd6decf7c8f8dfbaca40,adc,ethereum,92654fab5374f7c1d8d82cae2568891c28b688def53dfc61d7f8f11ff6780adf,cases/ca2-bd6decf7c8f8dfbaca40.json,0430fb6575bf75224ffe00d67af373d6b8c68d78229383886cf477615446a810,true,HISTORICAL_SNAPSHOT_VERIFIED,2be08b076d068fd16462f4c9295bca2802b7c50ca4ddea970b7231fb10b944ab,2be08b076d068fd16462f4c9295bca2802b7c50ca4ddea970b7231fb10b944ab,alchemy,infura,true,true,cases/ca2-bd6decf7c8f8dfbaca40.json,9d076393c2786c19ee271b0eb10aaaff3dfdd2536957a15c54edcdb42baa90aa
ca2-d936d709679fed1fbeae,aes,bsc,f0bbc63ee599f1a90b54889a3f0eb39e8ae524327b68b76d6f9b049a9566652e,cases/ca2-d936d709679fed1fbeae.json,ebb3702a8f93c75997a1851e309f354aeefb06a84275de4dd51cdac680b47c3c,false,,,,,,false,false,,
ca2-3f7bb52435313429cfa7,affinedefi,ethereum,9497d9294a499b1d104343b3716b3b6c0e181b2f134a66a1c137598e386508a6,cases/ca2-3f7bb52435313429cfa7.json,f7c56d73689a84ab06ee96dd9366e37b5c6d3069b5d39e1359839f60b83e2128,true,HISTORICAL_SNAPSHOT_VERIFIED,e2232606f5ea23dd81ff4b9b73cbb8dc387cb924b6ed63848bc4d43337ac858d,e2232606f5ea23dd81ff4b9b73cbb8dc387cb924b6ed63848bc4d43337ac858d,alchemy,infura,true,true,cases/ca2-3f7bb52435313429cfa7.json,28475cb62c81a597113961002aab84e8e087b65c740b310b150d74cc3436811c
ca2-c5f49d371d24304e62b2,ais,bsc,001ab3b037dac3a97af0cd91eb6e8ec0bafba1ae28cc41242724f643f0e74fa1,cases/ca2-c5f49d371d24304e62b2.json,0168e01365c852f1297d6e0f76e4055f62b20524d237faec6f84f206ccb311f4,true,HISTORICAL_SNAPSHOT_VERIFIED,4680f7844193f9754c9d07121f5768d4eba8175031f33bc053948d3100bda236,4680f7844193f9754c9d07121f5768d4eba8175031f33bc053948d3100bda236,alchemy,infura,true,true,cases/ca2-c5f49d371d24304e62b2.json,53b33d02099e56014a255d3b775c72661964ae1e5f77ec4dcbb2ec71cc98d8ff
ca2-9ccf44443a293b02fdd3,aizpttoken,bsc,a585ae6f3d7166a71d17aa6d13bae21eb059921d635219336b0217117ca3ea26,cases/ca2-9ccf44443a293b02fdd3.json,e96e388eecce9a73f0900e4cabc1565881dabfa6dcb95b2eeaa912d2933c92fb,true,HISTORICAL_SNAPSHOT_VERIFIED,83c588a63f39991be58cb7f80ae3d0c784ad6ec32a8b834cb35374545ac95303,83c588a63f39991be58cb7f80ae3d0c784ad6ec32a8b834cb35374545ac95303,alchemy,infura,true,true,cases/ca2-9ccf44443a293b02fdd3.json,38c57111b2b739dca38bdb46476234311cfe8b3f9efd2d384df79dcaeadc65d8
ca2-8c2839dc60456ec95380,akutarnft,ethereum,f3993adf03af0e6d8298e72dc77ff390f6a0ab81dfdd6ae5688269ebf59873a8,cases/ca2-8c2839dc60456ec95380.json,5195af1f6bdcca3f1127515fc312a028230490cab2b5bb20e9c1fc2fcf6b6f4c,false,,,,,,false,false,,
ca2-ad9d57e62841ea9096b7,alkemi_earn,ethereum,75b2289c4113f8cf4bc2b1f32ad90abda0deac450b98b29a26538374973fe068,cases/ca2-ad9d57e62841ea9096b7.json,665d62f8bed009aef8a4b32434065d5ca583de4e957f98adbfa93bb7e5c23ccd,true,HISTORICAL_SNAPSHOT_VERIFIED,f9c56cafe43c56b5ba3c5ed4b7f447a5bf2be0ccfea160b20ca606ccbbe41486,f9c56cafe43c56b5ba3c5ed4b7f447a5bf2be0ccfea160b20ca606ccbbe41486,alchemy,infura,true,true,cases/ca2-ad9d57e62841ea9096b7.json,e4c56f2ff4f3566678bf773cebacfef3da82411e672e3e4083deb1a1125dedc9
ca2-feebcd26919bea5b0014,alkimiya_io,ethereum,93657560bfeb582737de11bc95433bde49b084f07a76674955780b744df64128,cases/ca2-feebcd26919bea5b0014.json,0322fc0e43516733f0e0dedb88d6cf6df9448a19e40896b6b95af332750112f0,true,HISTORICAL_SNAPSHOT_VERIFIED,17bb30888334019949f5ccf9f764f82baacfb3959b37c87235b0a819f7431d85,17bb30888334019949f5ccf9f764f82baacfb3959b37c87235b0a819f7431d85,alchemy,infura,true,true,cases/ca2-feebcd26919bea5b0014.json,96f1bcf543979af861dec4bef1484a80d5c586fbd14b65f7e11dc945861e84b7
ca2-c3da8c67aae06b7ecce1,allbridge,bsc,d710abe7bdebb64fe9b7f286dfae4962fa1d015d5b02146edf7a9342828a0853,cases/ca2-c3da8c67aae06b7ecce1.json,e07a1b0c3c09b343d200142b4660ceba954c1344d9abad1071ede451c32a5148,true,HISTORICAL_SNAPSHOT_VERIFIED,c123caca279781aa4a6077335f713dd3e3a44e252aedab7017d7d4115c38c366,c123caca279781aa4a6077335f713dd3e3a44e252aedab7017d7d4115c38c366,alchemy,infura,true,true,cases/ca2-c3da8c67aae06b7ecce1.json,bf249bb3cda965aadd362270dc65005ff6f6a919098aa4fa6127d637072b645c
ca2-3ef6014a26a0b205a68e,allbridge_2,bsc,bc47e11218336a6d470f9c8f615941f953e0ca294e26bf7e21c213b293764768,cases/ca2-3ef6014a26a0b205a68e.json,026342b160839e9cc501e235e9612cfa5c35d437191276e2dc0ef227a50373e1,true,HISTORICAL_SNAPSHOT_VERIFIED,9ee0355fe2f62a51a38ee62bd19e73bff84bf3fd378fac45bfca8d70df3217f8,9ee0355fe2f62a51a38ee62bd19e73bff84bf3fd378fac45bfca8d70df3217f8,alchemy,infura,true,true,cases/ca2-3ef6014a26a0b205a68e.json,e560b10130738b5851616f26f3a9fc81febd165b26a04f128f80ffe7a76ecb58
ca2-b5a8e682aba465a7a0f6,alp,bsc,0aa718577648685ef90829e3aaae7ca0b3f913b229656120bbd57da8231f1d7a,cases/ca2-b5a8e682aba465a7a0f6.json,b4d5c4dd8e1443cc2add7261287bfce23a0796944f2916e909dd6ef7584adc77,true,HISTORICAL_SNAPSHOT_VERIFIED,cd7494cb4de2264a05ba792c4d160c48f5d8c90b3298177558f36ff1eacfd5b6,cd7494cb4de2264a05ba792c4d160c48f5d8c90b3298177558f36ff1eacfd5b6,alchemy,infura,true,true,cases/ca2-b5a8e682aba465a7a0f6.json,ceb88cf0e6f7c6fc6d6499c8802f7593459df231b69a46f5125cfc81a4579b1e
ca2-627fce499908ff82ad6d,anch,bsc,6e30e3a88cb576ad0d25b47f4e95a402aeb37c815eea38bc0d870360333bb075,cases/ca2-627fce499908ff82ad6d.json,e80a58da8d58795f3d06cd3331295cfd0ecdb040e538fcfbe96ae2f86df2c024,true,HISTORICAL_SNAPSHOT_VERIFIED,5f7c8bc53d33700bd0208bb2eb4a6b80ead21e5c15af297e171af52568892c3c,5f7c8bc53d33700bd0208bb2eb4a6b80ead21e5c15af297e171af52568892c3c,alchemy,infura,true,true,cases/ca2-627fce499908ff82ad6d.json,2bf562a1eae2a157d3b393fe54215138c8e2df7086e6c36a6e043414aff0614c
ca2-a13694fcc2f9f05dda72,annex,bsc,2c954b467b441b9991eebecb45b534ae3694a8e640ba3fe9b7cfb1c91ea5b019,cases/ca2-a13694fcc2f9f05dda72.json,b2426af653e0c9ec4f77fea36c5e152603813c69aa525134c8bf4666ed2f8441,true,HISTORICAL_SNAPSHOT_VERIFIED,1668bb7b297d79a73caf31e4d08acdba31d792ec12b4df24d02ae5652655b7aa,1668bb7b297d79a73caf31e4d08acdba31d792ec12b4df24d02ae5652655b7aa,alchemy,infura,true,true,cases/ca2-a13694fcc2f9f05dda72.json,ab32c2c3c095f8b04c580397fd6bac98442035ee2ae684cae259e498839d0b62
ca2-a3eb07131d27e069a3d8,anyswap,ethereum,0c52d4d5420a3850edd8f4c40e25e8335db60ddc327e8545e0ffcd8294fc9274,cases/ca2-a3eb07131d27e069a3d8.json,867470f6577abcd41fd8eaeba0923fd7c2077fa0647dc427c4c72c2322914a2d,true,HISTORICAL_SNAPSHOT_VERIFIED,699717dd6f5de27c5fec1a7a0212562f45ba0e6715fc06fe7bf184c6929aef73,699717dd6f5de27c5fec1a7a0212562f45ba0e6715fc06fe7bf184c6929aef73,alchemy,infura,true,true,cases/ca2-a3eb07131d27e069a3d8.json,e747296b559298e30d165b9f2cf7561e58fc8d540a42c2d5474c66ef773086f7
ca2-7e2e4e06ad319c9c87c0,apedao,bsc,d0eec9429543ca72e4e8a52c6c3a7d3c3bdaa09a1e10043da2560ffd185204ee,cases/ca2-7e2e4e06ad319c9c87c0.json,f0ccc1d8cda2cfc12334edfd36b87b554b2cd67fde9f5cef61d996619d822cc6,true,HISTORICAL_SNAPSHOT_VERIFIED,896c33f3d92def6b8b009f618fd3a5f770d43c7deebdc5003a6b73d7b827ac1b,896c33f3d92def6b8b009f618fd3a5f770d43c7deebdc5003a6b73d7b827ac1b,alchemy,infura,true,true,cases/ca2-7e2e4e06ad319c9c87c0.json,673eb4ab2e082cd629603f883863b2e21b1f6a57e446d6a67f8a7a3cd9a50054
ca2-1d880dd41ec2f04c67b7,apemaga,ethereum,4db785aca5f55a8f6d9eaff6e2e074e8bf48bc36cbd35164f96df6a9156dc53e,cases/ca2-1d880dd41ec2f04c67b7.json,e568c296470b542ce40727e16380632645938ebe319dfa3e820e295f5a385bd2,false,,,,,,false,false,,
ca2-eaff56dcacef885f96a2,ark,bsc,4456fab7b531128bcae9f7501383ff93e93da45ca23716a6280aca38a63a115b,cases/ca2-eaff56dcacef885f96a2.json,c3c417cfcaa726d85668c1c92a867bf6ce5c2257098e986b270f6402540fcf07,true,HISTORICAL_SNAPSHOT_VERIFIED,f12e91156d804a04e5a4b8d42a405b4c4cb4f2b908467ef9a8b6af340bca4367,f12e91156d804a04e5a4b8d42a405b4c4cb4f2b908467ef9a8b6af340bca4367,alchemy,infura,true,true,cases/ca2-eaff56dcacef885f96a2.json,7d886a07e5e518ddb6eaa06feaeb7c1177418a0820aed0d115406ce74dc91051
ca2-f869139a8dcac0542bd9,ast,bsc,959cfca3933844454d31e7a281c2e7a5c413821ec3c3f183ea5729c3ee077768,cases/ca2-f869139a8dcac0542bd9.json,2f586651c2a00acb10d435a4b85d3a7f302adca7d368dc98783c4b69db312d2d,true,HISTORICAL_SNAPSHOT_VERIFIED,871a6a327171ff25058dde5eb73fdd633be7fafcc8d9d0d739d78a241fb1d8b0,871a6a327171ff25058dde5eb73fdd633be7fafcc8d9d0d739d78a241fb1d8b0,alchemy,infura,true,true,cases/ca2-f869139a8dcac0542bd9.json,1da3f79049d7283e7b329f1abf5e930dc01604e0bcd266f1be3ee57b300f677d
ca2-746ec2d0566ffbda9c0f,astrid,ethereum,67be1ab4c686788a5373481e05ce37789e00bbe122903984e8a266a5f6a37a92,cases/ca2-746ec2d0566ffbda9c0f.json,977cf1f8695aba1308384f3746ea729732236c6af70a976e24797be5fc327931,true,HISTORICAL_SNAPSHOT_VERIFIED,d782ff25c1e0515b68c4d98742b42875de00561a1129818c77d2077b05f4eeb3,d782ff25c1e0515b68c4d98742b42875de00561a1129818c77d2077b05f4eeb3,alchemy,infura,true,true,cases/ca2-746ec2d0566ffbda9c0f.json,93fca3e15b5c5accfd8723661829aaa0854e9d6281c41c3d59d8f22260f252c8
ca2-8f02fa85c8202388bdf3,atk,bsc,297072f7a7472d97c2499c34957f5ce379ef896da38e001e26bf1d87c6dcaa48,cases/ca2-8f02fa85c8202388bdf3.json,52c4986948f2bb90162088c26f1d6175093d7e1d0bb94562c96475c5ac787a00,true,HISTORICAL_SNAPSHOT_VERIFIED,31ceac0a68102b7bf8bd9a92338b347ad22a1a63c826a0c11f4a0e68efc572b8,a8f48fac0c99c54b019af14aeb1b446b0f2fbbce803e0cdada16607001684e57,alchemy,infura,true,true,cases/ca2-8f02fa85c8202388bdf3.json,75f8647af09507c6888df3eff431c5d2bfa62d79ba4635de26ba855b9cc978ec
ca2-d6ba3397ed249bc3a420,atm,bsc,8177560fd3d13817a1ef7217de8d94cc5aa61a269838d559000b682a41fce1da,cases/ca2-d6ba3397ed249bc3a420.json,1d65b103af61680006db7a8922ed9f031dd86e2ec3be5a68f8c211146cfce146,true,HISTORICAL_SNAPSHOT_VERIFIED,22ebc20cefab3807ab59c5b909f4ed9f30dcbf512f5b053508d420f2e82d71fa,22ebc20cefab3807ab59c5b909f4ed9f30dcbf512f5b053508d420f2e82d71fa,alchemy,infura,true,true,cases/ca2-d6ba3397ed249bc3a420.json,bc6a987b2e207fbd622a2bd0f18268512c101a2684f213e178980c004692d33c
ca2-a6061f6cad3a5884d6d4,auctus,ethereum,212f71d7c8b73698c9bf658664ff321157a8b784aaa7c43bc489aae75ee0aa35,cases/ca2-a6061f6cad3a5884d6d4.json,e5dea5c2debe10ce8ddaf725d40e1f488a9b517e89e0683dd518f8db6b4d7f3d,true,HISTORICAL_SNAPSHOT_VERIFIED,8acf46ef241341a51e6b83a41ddabf60619b7b97463fed6aff81ab4fcb080178,8acf46ef241341a51e6b83a41ddabf60619b7b97463fed6aff81ab4fcb080178,alchemy,infura,true,true,cases/ca2-a6061f6cad3a5884d6d4.json,9dab61539f52a2b70f1c7e002c70538d6f5522027c869bf16e7c58f47ec795c9
ca2-96f82ac8ed9b6f3e4f14,audius,ethereum,8799f23c7892648bbbbee0f08d448cb80adff7bf188a93db0e8c6d3986959062,cases/ca2-96f82ac8ed9b6f3e4f14.json,045617d2908546109e167dbcf3db9197082ad6615d759b2c9dedbc7688eaa41b,true,HISTORICAL_SNAPSHOT_VERIFIED,47cd9598d0f9a90d0b24fdb8abd496443ebfbc73839ac6d5b97acb9f35111471,47cd9598d0f9a90d0b24fdb8abd496443ebfbc73839ac6d5b97acb9f35111471,alchemy,infura,true,true,cases/ca2-96f82ac8ed9b6f3e4f14.json,23ac0147eb8e0df475deb280a9070ac94fad1c48eb6b04af82d384c78a30549c
ca2-b141324cdd440e7feb3e,aur,bsc,6dd8f967b432bb6bbad62cd03d943dd3371d85a0578122118b42244652d56174,cases/ca2-b141324cdd440e7feb3e.json,4dd08bbd5bdcdc814a499a49b9b701ef2cede428ffb3e198f7dae8c514806404,true,HISTORICAL_SNAPSHOT_VERIFIED,3c1b1354c078b062c1af757678dbd8e16565066d35dcaa4170b9b289eb041d4e,3c1b1354c078b062c1af757678dbd8e16565066d35dcaa4170b9b289eb041d4e,alchemy,infura,true,true,cases/ca2-b141324cdd440e7feb3e.json,dd0ee39e93ac6221ce868ef3284663e01194fdd4a1753447db29772acfd178ac
ca2-31fe70569e5c85e1450b,axioma,bsc,476b10513819bc732f8c1a3aaa6679487133215fd870e8bb520df1eeb33695b1,cases/ca2-31fe70569e5c85e1450b.json,8f4f6baf7ac45710d5f8155e24066417863f5177939ae8ee4fa675e8808ba99d,true,HISTORICAL_SNAPSHOT_VERIFIED,c496d00d3e13f46759efa18659b82b7338f56503488be9620ed0a8df0a1ef8a5,c496d00d3e13f46759efa18659b82b7338f56503488be9620ed0a8df0a1ef8a5,alchemy,infura,true,true,cases/ca2-31fe70569e5c85e1450b.json,14345e30c9c456d4a071eec2b24594653e7549b36a77bab0e8b9ae3518209212
ca2-1a73db8dcf62dc8e4419,babydogecoin,bsc,b8abf9f3333f9c7eaaf5a20337902a1f060f32d25dc4841364e15574a88e7078,cases/ca2-1a73db8dcf62dc8e4419.json,c3d81422d0c157bcb416fc6c56b21fed6c43fdb31035ac0bc68f9e989f1f20aa,true,HISTORICAL_SNAPSHOT_VERIFIED,9d27cc8f29182f8596af5a85867cc5e183dc00ae3eae74191ceefa222eb153a1,fe3362ff5f3db02de33cfa04676793799428191ce0edf69cb2d814669a3027f0,alchemy,infura,true,true,cases/ca2-1a73db8dcf62dc8e4419.json,8d653fe82b9acde7779490e0a73f3a4a54c14dc19fcb4977df7f1cbcca53406f
ca2-26661d7a70b3c3c3ab9e,babydogecoin02,bsc,c9a6110d5837192c9dc7b2c3bacb348faeec5b530e916a967e29068d566ca50e,cases/ca2-26661d7a70b3c3c3ab9e.json,cedda25a9f0f3d1baceabfd616b4d0b4d880f36d41bd388a5ebd8667c2008de6,true,HISTORICAL_SNAPSHOT_VERIFIED,9d27cc8f29182f8596af5a85867cc5e183dc00ae3eae74191ceefa222eb153a1,fe3362ff5f3db02de33cfa04676793799428191ce0edf69cb2d814669a3027f0,alchemy,infura,true,true,cases/ca2-26661d7a70b3c3c3ab9e.json,5c0378fa83f7df65b4df26982bafc428cdc429a20fff1cfdd0617d9ac667920a
ca2-e5a8dccafb3c4f63fdb2,babyswap,bsc,a7ec92368bfab363181bcc556c8709f9cbba5fe90916b48e7c9ee2a3a82b95b6,cases/ca2-e5a8dccafb3c4f63fdb2.json,90800c12babeacfa7378bb9bc37593c92e141f0f93d4cf676802e2fd1992132c,true,HISTORICAL_SNAPSHOT_VERIFIED,e35389b5d91e70f9d4c657c4e02a9506c8fa890793840e9b4e3290bb273991ce,e35389b5d91e70f9d4c657c4e02a9506c8fa890793840e9b4e3290bb273991ce,alchemy,infura,true,true,cases/ca2-e5a8dccafb3c4f63fdb2.json,1987b8afc9de49d13c50572ecaed27f3a718730e4c1ac1252733980684917728
ca2-1dbdc2611cd24dc765b2,badguysbyrpf,ethereum,fde50e2f65604cc17be6a5f0d66bb3ae4be84e0a84ba609bfbe66b2f032bc8c0,cases/ca2-1dbdc2611cd24dc765b2.json,0b8270858b58752da63f97d09e4d952708b6973ee80e8125076db6cca034be28,true,HISTORICAL_SNAPSHOT_VERIFIED,5472cca27786718f5f9aebb0f37c15499e4f7fa74eabf4d30ed4bffce2d06329,5472cca27786718f5f9aebb0f37c15499e4f7fa74eabf4d30ed4bffce2d06329,alchemy,infura,true,true,cases/ca2-1dbdc2611cd24dc765b2.json,a6251a8bf3858c5f83092eb7d002f8369693b7776365a33116228116f871f197
ca2-3049d2889726467cfdcb,balancer,ethereum,4feb89bd49aa89a9f1192ed7a17cc198f7a49a7c1caa57c2b28a1f80b558576a,cases/ca2-3049d2889726467cfdcb.json,728f8f5d34a2f7d6e670dc5df59836d79aad7f212148f4ca6d8d70fee00d7dd7,true,HISTORICAL_SNAPSHOT_VERIFIED,e5ed31c667fcf8ced70ffc53d2940777c3c10b3bbd76a4ad0bd88120d323348e,e5ed31c667fcf8ced70ffc53d2940777c3c10b3bbd76a4ad0bd88120d323348e,alchemy,infura,true,true,cases/ca2-3049d2889726467cfdcb.json,0a34ae88c5cac224c962b0e1bde946fb43177bfe69e46063d0a442f39322797f
ca2-f056a955a865b551a342,balancer_20200628,ethereum,cfc5ee2a4485670ccf608212ef6f04beaeca1b00dd4279a0b3c7b0a4929b0191,cases/ca2-f056a955a865b551a342.json,828b69cdee95879f4b84dbc49e35dc51412ddaebd9838ec0b0ff043aff413bab,true,HISTORICAL_SNAPSHOT_VERIFIED,b1f489212943d54ba1410b4da64305a240baa456f82768a8c075de37aad77459,b1f489212943d54ba1410b4da64305a240baa456f82768a8c075de37aad77459,alchemy,infura,true,true,cases/ca2-f056a955a865b551a342.json,aa7cd369d19068860cf31c306d710b52e1bf73ddccbfde381ad4f62b6bde7e9e
ca2-3ea99bf48860cd3d90e9,bamboo,bsc,e968640200ffaef6322052fb548b4ee92af90570f4f788a5d3f1eff4fa4cb62d,cases/ca2-3ea99bf48860cd3d90e9.json,d4cff82cb4f42fbb2da952cac856dd513aae6b8ae1b2053bb5eb82c76ffbceff,true,HISTORICAL_SNAPSHOT_VERIFIED,fd40b89a23dd41f7d44fcc4be76749b18b3c14d49ffb2c5fac80d9581828eb6f,fd40b89a23dd41f7d44fcc4be76749b18b3c14d49ffb2c5fac80d9581828eb6f,alchemy,infura,true,true,cases/ca2-3ea99bf48860cd3d90e9.json,637270b32321a94fac847755c3b4986075394a598af24800faf2d6611870ffba
ca2-0e06e67c5c9253228751,bancor,ethereum,805067949815c296dbd5eeaf83d48050e172027a6ab71f4a059a1bd5724ef36c,cases/ca2-0e06e67c5c9253228751.json,9ed59df8e635ad4328e3a5c2d34e06b015567ea642f0881b849a2a47c1008713,true,HISTORICAL_SNAPSHOT_VERIFIED,e09ab1f42b8dcb6682b19bf2a0de31c9095a019bf0f0fc910316cb3e63fb12e4,e09ab1f42b8dcb6682b19bf2a0de31c9095a019bf0f0fc910316cb3e63fb12e4,alchemy,infura,true,true,cases/ca2-0e06e67c5c9253228751.json,e5e953ccf264c18ec2b22fdef548c87d195bb1a521cc14d4eb9c3bd358743ef1
ca2-003bb3e01f9c7c13410b,bankroll,bsc,9348a2ca0eb59d0d3e40895784afed363720dfe586027215f468deca49bec102,cases/ca2-003bb3e01f9c7c13410b.json,fae72592b171c202b9c1e3d7db37bf4a445c27b850b556407c31c54d87a8337a,true,HISTORICAL_SNAPSHOT_VERIFIED,b99e4a7c4a2c97ee3de25fe391eb91675c32a463fd5e0e3561d2761c0fef5d1c,b99e4a7c4a2c97ee3de25fe391eb91675c32a463fd5e0e3561d2761c0fef5d1c,alchemy,infura,true,true,cases/ca2-003bb3e01f9c7c13410b.json,f341f4af641eb0c81c2debbd6027448ee275199c78ba88b05182a411502c254d
ca2-98b03a49b7d20591238a,bankroll_network,bsc,f414b4af93cbd930c434c3e038ecab8f7d161417fe3bfd284ca7fedd7a36df41,cases/ca2-98b03a49b7d20591238a.json,0af02e67a9bc2d2659c53120a8e13cb3f0ef702cfc2f6c219ce75eca02ef62e3,true,HISTORICAL_SNAPSHOT_VERIFIED,21541353d8733efd21480860a5f80881e3984e5ff437281f4c4359a4d1204cda,21541353d8733efd21480860a5f80881e3984e5ff437281f4c4359a4d1204cda,alchemy,infura,true,true,cases/ca2-98b03a49b7d20591238a.json,9ffd24e8d12cecfacd3804c899da8600e444bbc04097e137a36450d3df64983d
ca2-76efd7743f4d9234ff8d,bankroll_stack,bsc,d02c6a786722605bbe65bcfce884fb1d10628a5edf59e509f31b74c16bc674dd,cases/ca2-76efd7743f4d9234ff8d.json,844d8eef8e013c416f66782417336f191a4e73169ff9bd5bb7ff531e4d4a39e1,true,HISTORICAL_SNAPSHOT_VERIFIED,21541353d8733efd21480860a5f80881e3984e5ff437281f4c4359a4d1204cda,21541353d8733efd21480860a5f80881e3984e5ff437281f4c4359a4d1204cda,alchemy,infura,true,true,cases/ca2-76efd7743f4d9234ff8d.json,7cbdd000e3e4a8262faafc28142541fd0d61eb6c3c9fa4ed4414942646e98dc1
ca2-47d01daca3ef9c1ed2f1,bao,ethereum,09d2ab75248eec71035e2cafe2ee1833b816c71014404bc37acbf28dd9bbae32,cases/ca2-47d01daca3ef9c1ed2f1.json,6bfed71f9988eb8b7f56dabc0cf597cdd1c337e0f5bbbff2c7fb9b6ffd113f40,true,HISTORICAL_SNAPSHOT_VERIFIED,0c52bb3cdea21670da3ee3a2b9906aad45074ba6a3c038e85f78dd77c5613d5b,0c52bb3cdea21670da3ee3a2b9906aad45074ba6a3c038e85f78dd77c5613d5b,alchemy,infura,true,true,cases/ca2-47d01daca3ef9c1ed2f1.json,15cbe8f4e1d3f38a658237e61bb5aa0e3c4f6836e61cf421139eda3843dd568d
ca2-4f5a0a76d69326e4c2cd,barleyfinance,ethereum,e1d954249137ad6a8562e37310fd7006c33e0f0cd693265821bf1affcb8ad1df,cases/ca2-4f5a0a76d69326e4c2cd.json,77c492316e272c3b6c4912173e564cdf70d8c7211a9e704aa11d2856637c116c,true,HISTORICAL_SNAPSHOT_VERIFIED,9a2812238d4d7cc32fa57b9b9f2da59247b5d04a8c0d200bbf2abf5c3840d786,9a2812238d4d7cc32fa57b9b9f2da59247b5d04a8c0d200bbf2abf5c3840d786,alchemy,infura,true,true,cases/ca2-4f5a0a76d69326e4c2cd.json,a5859fe6c129e996576b529b8476783e8762850f2aacb096636973033a02f2a5
ca2-3ec8cb61677cb453af73,bayc_apecoin,ethereum,1eaf7dc8d8d87cff49374fb13c4ce75efd7755d101218c2224f5937a59970726,cases/ca2-3ec8cb61677cb453af73.json,a06fa8fef87b99ccae1d5626b6563dae1920f1b54d364e91c08334980508f7ca,false,,,,,,false,false,,
ca2-7063be755a02e6e0df10,bbox,bsc,a37343cee79a42c3f288853b481777e611b318d4d84a99b8aa409918bc0599ec,cases/ca2-7063be755a02e6e0df10.json,daf8063912cd5bcccc51297b90799e416ebc30ed71f8d22021ecf1e1df90d69e,true,HISTORICAL_SNAPSHOT_VERIFIED,5200f6610dfc17906dcad36c03aa6b4246fcacc45870d8da1f1b404399afde65,5200f6610dfc17906dcad36c03aa6b4246fcacc45870d8da1f1b404399afde65,alchemy,infura,true,true,cases/ca2-7063be755a02e6e0df10.json,443d9acefe83559c3a5872da1f269e1291e606c71865f3021b5885289bf82cb4
ca2-ba0418d74fad65f2483c,bbt,ethereum,5c4ed3a5f4c3c37934acc4dda805c8ebbb7b6d1aa95c7567bd3b0beb377df0ce,cases/ca2-ba0418d74fad65f2483c.json,7e9907669f80176d566fc3ebd7f319331de1e6b2943379cb7d9933f65b3e9a7f,true,HISTORICAL_SNAPSHOT_VERIFIED,0f6bbf66bf515e102c04eff6d492e0356442a3eb0aee69ebafc5cf972f802f11,0f6bbf66bf515e102c04eff6d492e0356442a3eb0aee69ebafc5cf972f802f11,alchemy,infura,true,true,cases/ca2-ba0418d74fad65f2483c.json,a0e0d476a4e1595555e751a381cf25180bc291b0e9be4489c9856df01f9f63b3
ca2-10778b0afde298700715,bbx_token,bsc,7949477b5c6b52521259a88b0371b56327e8025e14479c68a491a866a08c6d40,cases/ca2-10778b0afde298700715.json,71a3ef6be2f612b7ffeb6e2bdcc4ef87d7aa55a5e97c99d64c34a158be8063c3,false,,,,,,false,false,,
ca2-6673e21002a8af6f4d12,bct,bsc,81c4c76dea9a9ebb5eb1af7fa6a22cf60a613326a565a0c3e5a531fc4f3fbbeb,cases/ca2-6673e21002a8af6f4d12.json,cadd4f04a8c44798c0deaec903dd3d7d5c3d098782f24d2af29628b2a6176814,true,HISTORICAL_SNAPSHOT_VERIFIED,aebfc51c036283bdbf3d3daa7e8334fcbd09906ab6083d62bf0bb1d2877c4930,aebfc51c036283bdbf3d3daa7e8334fcbd09906ab6083d62bf0bb1d2877c4930,alchemy,infura,true,true,cases/ca2-6673e21002a8af6f4d12.json,600b725f5725b3074eadf93d02a64c4ba40beae8ecedf8833eab2e9bba247c99
ca2-d21da7d9fce0924660dc,bdex,bsc,745916eee490641e6182e73936794b0d81333ce519de69f2869e849d22b1cfd7,cases/ca2-d21da7d9fce0924660dc.json,144cfec3b0e280da0b39792e2a84695efd070723d7e4a25e5584c4b15d30135c,true,HISTORICAL_SNAPSHOT_VERIFIED,312d3b1504dbe9af85a33ee44d6d20d0b1d32b6e4af358554a7a93177d9f32f1,f6ec874bf933cf84fe43af7e81ec79dfb341dab081b4c8869dccef4c1f4aea7d,alchemy,infura,true,true,cases/ca2-d21da7d9fce0924660dc.json,9ff585b4f1f14aa0d710fd417697876147bb67ae1043cf59bf5e6a56c17f4829
ca2-3d8e91015c9360a5a76f,bearn,bsc,17715443bd2e9b7a4a6081f650a942c8ade2342564ac61621719e69cd960bb1a,cases/ca2-3d8e91015c9360a5a76f.json,e3f8f28eb288c1d6d80c44bec4cfb988806b7e18851e4c0c0d13250069324f5d,true,HISTORICAL_SNAPSHOT_VERIFIED,cdf4dc2a07a33524acf9cfb20a90644509fca204c22be81b6d8ab75adcc2049c,cdf4dc2a07a33524acf9cfb20a90644509fca204c22be81b6d8ab75adcc2049c,alchemy,infura,true,true,cases/ca2-3d8e91015c9360a5a76f.json,609de721dfaabd795705d272bbfa92572497c42e01e6bab0615d94c0e769e4fd
ca2-56bcc5cdf2d34dd9c4fb,bearndao,bsc,e92502edbdaa98057000acfe2820eafda66a6aa465434a1348498f95f69866c3,cases/ca2-56bcc5cdf2d34dd9c4fb.json,632ea0928dcf40579f7d9b96535bb14907d1c17accd83a59330b4a873b9bcec6,true,HISTORICAL_SNAPSHOT_VERIFIED,90903ecb60d767f83c5b714b99b96681a3270567c7c890798f52167066e1bc29,90903ecb60d767f83c5b714b99b96681a3270567c7c890798f52167066e1bc29,alchemy,infura,true,true,cases/ca2-56bcc5cdf2d34dd9c4fb.json,70842a3a32f773f7f7470cd58f1c1a00470e40f454f9c5d7bb51f80f2b468686
ca2-297229c8f057f9088676,bedrock_defi,ethereum,4379f79ff3bda72ee1c18bd6a0582e0b7c641af1c1bc5616c7c921ab6a736a35,cases/ca2-297229c8f057f9088676.json,e46fe29e640f2a4ce518317324e48b9edb1ef9c017c5b6dfc795f003f8f03854,true,HISTORICAL_SNAPSHOT_VERIFIED,3c1389f3f0b1efb3c6869f47c580b6a31e657af01769aaefa226cef418e09d5b,3c1389f3f0b1efb3c6869f47c580b6a31e657af01769aaefa226cef418e09d5b,alchemy,infura,true,true,cases/ca2-297229c8f057f9088676.json,ea8ddac7fb2a28002262ca85dfbf257cb70db48fdd94351e02d2454f8c2f31a6
ca2-8ad0e7849cd27bf47eab,bego,bsc,16b7118f63e4ee34addddfb32b73d088570d8e7619f2b35bef210f67c919345d,cases/ca2-8ad0e7849cd27bf47eab.json,dcef07ed0b3d9a7cf15e8e1c32a31def18771207800a701c142bf7b712dd0ccc,true,HISTORICAL_SNAPSHOT_VERIFIED,f394619af00568a7e57f95cc6787547ec45b328b467f6133ca5b4d468cc3967a,f394619af00568a7e57f95cc6787547ec45b328b467f6133ca5b4d468cc3967a,alchemy,infura,true,true,cases/ca2-8ad0e7849cd27bf47eab.json,efaab371be7c4f7b5f483489cb5e89db8f43c7159f54a990e11fb43a8380d368
ca2-b9cedafde58efbfc26fe,bevo,bsc,8725c1a226d748acc38a721ec4cb381d97b6ed53d1dd6ecd51f34ebd60506f30,cases/ca2-b9cedafde58efbfc26fe.json,2af04941f0a3fbe9d2b67ca940e46f70b17716d81912b346a60c0e1e2954c819,true,HISTORICAL_SNAPSHOT_VERIFIED,c60e19b5b29396cd5435f5c21a566635b2ad6b639bcd849709f1a05e158227b2,c60e19b5b29396cd5435f5c21a566635b2ad6b639bcd849709f1a05e158227b2,alchemy,infura,true,true,cases/ca2-b9cedafde58efbfc26fe.json,b47af3ca8031a712b923ecbe2d127c5598ec326bc3c18c65d91559ddb97a8384
ca2-5aa3d29494fdde461d33,bfctoken,bsc,c923a309c01590ab0abf5423e078c286bab02bc6557a1bcded29340b93115e72,cases/ca2-5aa3d29494fdde461d33.json,bf6aae5b0c048164e528b50b3066b062a46542f596827a00e575b5089edfa1bb,true,HISTORICAL_SNAPSHOT_VERIFIED,4d94db6a378b9b048c414b32e4d04353efed001c5af7040c1cf9f4d61dfa595f,4d94db6a378b9b048c414b32e4d04353efed001c5af7040c1cf9f4d61dfa595f,alchemy,infura,true,true,cases/ca2-5aa3d29494fdde461d33.json,5072d6de783c03daf93d61a2dbcba23f3f96edbacccf1d7ffaa784be100a8e7b
ca2-d0b1ccc1d33cfcce8cbb,bgld,bsc,a981106cf5af40387fbd516e9abc933d51cfa5ee945567565c8cbfd6ca65c73b,cases/ca2-d0b1ccc1d33cfcce8cbb.json,e2d2ad53d44f0b6ce8fdc49693281662af6f61c6119a875417f13e7ebc47d1aa,true,HISTORICAL_SNAPSHOT_VERIFIED,5992a7c0645cf93d1da5dc651097f4b979ae6dcb27f5c2a04cc32f29da0792bd,5992a7c0645cf93d1da5dc651097f4b979ae6dcb27f5c2a04cc32f29da0792bd,alchemy,infura,true,true,cases/ca2-d0b1ccc1d33cfcce8cbb.json,fd4ae2a0ab9f9a8cf125345153c42de2dde6999b80c69a3157b7139c3349836f
ca2-8827a43c9b16b94734ae,bh,bsc,f6db7377e56f24f428812d3b2e09848ad20a09694b6e7a9aa347f137bebed78e,cases/ca2-8827a43c9b16b94734ae.json,739f03ada6d21c8c763d9358eb04f8c6d8b596e80f8d901424b30fddc834071d,true,HISTORICAL_SNAPSHOT_VERIFIED,d0a42e65e48ca1afcc525932a484c50699f2be460aea99b65a0b159608f71d03,d0a42e65e48ca1afcc525932a484c50699f2be460aea99b65a0b159608f71d03,alchemy,infura,true,true,cases/ca2-8827a43c9b16b94734ae.json,912e022ef6f630ff8cce8fd9b4f182622b068a7dd7402cbe6e4e289a491f9bfb
ca2-d78f4dfccb15753abb19,bigfi,bsc,32cb64377965d501f8629a5b92a89ebbf4073c4fef63ff06c2d33b71ccefb900,cases/ca2-d78f4dfccb15753abb19.json,48cb7bec554598d87e3a4c00a76a42f972bc6fba48afd2e8ce3821d51f2ff09c,true,HISTORICAL_SNAPSHOT_VERIFIED,49a2a3ac8d38dcce47c7353f5250ec0c010ec1f238c61b678d5ccb6d4eb483aa,49a2a3ac8d38dcce47c7353f5250ec0c010ec1f238c61b678d5ccb6d4eb483aa,alchemy,infura,true,true,cases/ca2-d78f4dfccb15753abb19.json,b03b13f0f910689e01b339f7cfa99feddc874c546df099c10385153930c9fa19
ca2-adacb53105e39eebae4d,binemon,bsc,f88f683f3e3250220f283f73e90f709edf75d47674a147423711461d05bd5148,cases/ca2-adacb53105e39eebae4d.json,8be8e6aed60b7bd5c2435e1f4845dbc8e066b3f0f52b9b8bd8509d39c5348b5d,true,HISTORICAL_SNAPSHOT_VERIFIED,ea52384aaeca557899042400e478f36a635e5cdaa2059ae57731dfcb3b901c4e,ea52384aaeca557899042400e478f36a635e5cdaa2059ae57731dfcb3b901c4e,alchemy,infura,true,true,cases/ca2-adacb53105e39eebae4d.json,576da64447707bf9cdd45961685c5f2769d9845d65363d0c28e2fc3f5572449e
ca2-41967b2b5f0bb253dcc3,biswap,bsc,355df05c3a16b173c8afd09e1ae16c897d6348e4d557ed4d8d7094381cfec2e2,cases/ca2-41967b2b5f0bb253dcc3.json,e6c3793918a87f5800c92f97ad5f532afa1166aa7c06f7168d3dec9b29090b29,false,,,,,,false,false,,
ca2-59a1cba91e5790395c7b,bitpaidio,bsc,5dcdb8ad92e3027ee51a00e27152fa9505a9cd29e73596a8f7e27a42db784c5c,cases/ca2-59a1cba91e5790395c7b.json,84e796a6584155ebc21d70184dc495c9a25f9f3eee3a67135eb3774785979aa7,true,HISTORICAL_SNAPSHOT_VERIFIED,6ff3f194073f049128766834da6e7cb85d67d09eebc275e10245394a33625795,6ff3f194073f049128766834da6e7cb85d67d09eebc275e10245394a33625795,alchemy,infura,true,true,cases/ca2-59a1cba91e5790395c7b.json,b6454746ac090386320b3e7eeaa7b554d6467b97380cd4d7b71fb33eb4dd0e44
ca2-608fc098c08911f51783,blueberryprotocol,ethereum,4dbb82bd940a2d546a0598ca90f97b7e960e6b75deb6737da8b698483056e866,cases/ca2-608fc098c08911f51783.json,a63a01025ef4fac6816008476c61dd7b19e9023180f7a5ca50008c550d874641,true,HISTORICAL_SNAPSHOT_VERIFIED,8c6604b7d24af46fdfd121a746f378d4012e099f0d04b0de28117cbf83d43ab5,8c6604b7d24af46fdfd121a746f378d4012e099f0d04b0de28117cbf83d43ab5,alchemy,infura,true,true,cases/ca2-608fc098c08911f51783.json,a0f1d430ca1fac3e317e0aa9e5eb0133eed310091b5ab3afdac0e9a30c9ad809
ca2-5a019aa2bc528c73de90,bmizapper,ethereum,8c038a4dc1c1142c5cc8c3f5eb8aee582e1e58bb0bd902749b0d4268ff95a75d,cases/ca2-5a019aa2bc528c73de90.json,405198703e62f1582155611c3496d3fbbad5e25c4a8a74cb9b6064a6de870673,true,HISTORICAL_SNAPSHOT_VERIFIED,cabf3e895486fb0e830bd3ff23216233f6302406a01ea27e33fffabacc2b1519,cabf3e895486fb0e830bd3ff23216233f6302406a01ea27e33fffabacc2b1519,alchemy,infura,true,true,cases/ca2-5a019aa2bc528c73de90.json,ef14f79465f571e91a8dbf0fe1d82f12b32efb3792ed54eec9bdd2e2ab62c780
ca2-5011063427fa6a95c108,bno,bsc,b1f636d50a1e5f977b14bf2ff33c3f0d5e663c5e46635ff98d6f8d8e7f9a2234,cases/ca2-5011063427fa6a95c108.json,ca8c46b8d14e1d7b1cdf7e65a27ea2cd5c9d74294c2107bb4e83c67f39489428,true,HISTORICAL_SNAPSHOT_VERIFIED,47ad6bcdf8efc67ae0bd7bc90947e28a83e2d8f92e82c302abb384bdecf56b43,47ad6bcdf8efc67ae0bd7bc90947e28a83e2d8f92e82c302abb384bdecf56b43,alchemy,infura,true,true,cases/ca2-5011063427fa6a95c108.json,5fa2c3adcdbc3dfee4018c95990c1091fea7386f0b800e480d9c4f6c38480e8d
ca2-0119280f82385cf56670,bob,bsc,f7b3391a91d4b7ebd50f9385bb91403e3670d27d80bc847564886f4430e965b0,cases/ca2-0119280f82385cf56670.json,540c43f8f0dfb84f4f0ccb72f3e8ecc80af87ed34925672a662ef3e08e0238f8,true,HISTORICAL_SNAPSHOT_VERIFIED,946d7b31da84f13e026338d296a9488f4efaa1e46da92c488609835d35ce280b,946d7b31da84f13e026338d296a9488f4efaa1e46da92c488609835d35ce280b,alchemy,infura,true,true,cases/ca2-0119280f82385cf56670.json,cf259c1c608e7c017a6ffa3330344fc83743ff9b3b424d2a1a26028222603ddb
ca2-71d01a519d5b777ca8d5,bra,bsc,118334c263af66d41acdd89d70459f6c310cade59e33de8c7dcedc0e1ba4fc7b,cases/ca2-71d01a519d5b777ca8d5.json,860b1f41d210b6d2d2d38e19290f1ce01136e9e09c06e007eef41d166a40952c,true,HISTORICAL_SNAPSHOT_VERIFIED,fdef7c7d6a486c55668d6186b09c78355d88e0c30a0dbd48ec2db403b9e96440,fdef7c7d6a486c55668d6186b09c78355d88e0c30a0dbd48ec2db403b9e96440,alchemy,infura,true,true,cases/ca2-71d01a519d5b777ca8d5.json,568277ecc2039a4046e5454de8936ed86bb60a00bcad9121bc6e36bad382c5f3
ca2-a25eb49dc8b847fae718,brahtopg,ethereum,417efd5f3bd6642dd9940a0d77a98334c8241b9e7835579202c6cd0d28c7ee7d,cases/ca2-a25eb49dc8b847fae718.json,027a09a255d473cfaeb48784ee33b81fc36d6f2ad553b9143442d413b2d32192,true,HISTORICAL_SNAPSHOT_VERIFIED,147e5996b8528fa2524d79b022013992f4541c7a70feb52576ddc2c23bdb1342,147e5996b8528fa2524d79b022013992f4541c7a70feb52576ddc2c23bdb1342,alchemy,infura,true,true,cases/ca2-a25eb49dc8b847fae718.json,c0f98201319ddb0ed75d545101b632b75cbd4071db75c3e561db0ce29aced9a1
ca2-9035062d2e632d8ca752,btc20,ethereum,853c4f01c93673362213b54eadcac8148f4bee9ea40730c27eab36d792c3cbd7,cases/ca2-9035062d2e632d8ca752.json,ee3e647f25d982fd6a2111ba9002b40b7192d9b01b2e83f8d1e12b072614674d,true,HISTORICAL_SNAPSHOT_VERIFIED,6cdd619e1804f230e156b3ad3f390a5c0e36f5c326caceb1a4b8e6b31c0ea4a9,6cdd619e1804f230e156b3ad3f390a5c0e36f5c326caceb1a4b8e6b31c0ea4a9,alchemy,infura,true,true,cases/ca2-9035062d2e632d8ca752.json,a6da4dbd21e0e0902e4d214f9aad96921c0bacf3b6a00fe4f5363ded2e51232c
ca2-c5014cea82de5130aa96,btnft,bsc,0a42dcb3435e7e9469e61675136b0ade3fbf766e28985ed6c2105c219dd725eb,cases/ca2-c5014cea82de5130aa96.json,7f701a620fdd18e7ff5f49d0f4dcfab41f93ca0c6fcb699b36dcc0d6d7c319b1,true,HISTORICAL_SNAPSHOT_VERIFIED,a2df3b7f1d2a62d51161d0cf5741385f6125f2567709fc61e6ca21244c09f841,f06f1bce489b026128a7ecf456fc985f6afe678881ebcb2a9ad6e81645077855,alchemy,infura,true,true,cases/ca2-c5014cea82de5130aa96.json,3a67271b111cb837831189db1f0f51ff1f4904b3ec1dcabc9cbd870b79735bca
ca2-fa0880968324b82371e6,bunn,bsc,c190c27d7f31b6bdef1da8adfd8cac09d0130675e87ea02d7e5b62fb2b0ba93b,cases/ca2-fa0880968324b82371e6.json,ad584b291e1badbd07e0a06ea0d4c0574fc980ce594dd5f94db419e5c6415375,true,HISTORICAL_SNAPSHOT_VERIFIED,2530c9ecffaa06512df13de47028f0c436f02cf063abfeb0858a15cd200f1e1e,4d1adad6bbdd5c9161c865e559c23678d9c4b9331cf90e4526579aa877207248,alchemy,infura,true,true,cases/ca2-fa0880968324b82371e6.json,b95214d6f094db20d716e577f788b11510425b98a50847a7e6d7248215069aff
ca2-28489e4d5123e702b7a8,burgerswap,bsc,68e9e313e03502fbe880b69af2f3ade7030a7e9fb0c5e9f6123303760f68efe3,cases/ca2-28489e4d5123e702b7a8.json,5a5c36ae7acdcbb97d7b7da7069b2a832664c5f75d71293c5d4463b853fd229a,true,HISTORICAL_SNAPSHOT_VERIFIED,50d0046eb69f9eee978d867febe1c75d465510952ef953609dc767bb43d62085,50d0046eb69f9eee978d867febe1c75d465510952ef953609dc767bb43d62085,alchemy,infura,true,true,cases/ca2-28489e4d5123e702b7a8.json,10b474ebaa25b1d2ec10b0aee8bafa0e74abd574900f28ca0de2cda47676c8a1
ca2-8521e5ce73f00a1df2b0,burner,ethereum,63325caa504de7b24160c055b1d46a6027a3443d4f93fc4cc7ba338826787ca2,cases/ca2-8521e5ce73f00a1df2b0.json,ef16a5d5f0de9071b3b141d3a0ca5c6d63a6432ff41f65c5a7f697fa58d0a481,true,HISTORICAL_SNAPSHOT_VERIFIED,699be3406531bcfb4ec9d9f184f947ab2c3984b2b11431ab2775118812abe37d,699be3406531bcfb4ec9d9f184f947ab2c3984b2b11431ab2775118812abe37d,alchemy,infura,true,true,cases/ca2-8521e5ce73f00a1df2b0.json,9bebd64dd8a58110fbc1d782eb204bf4a7cbd3d817aea8de77be77245073b7f8
ca2-9afe6d86753053b06534,burnsdefi,bsc,302d6420bca6ae46bb01e2e67ccfc598e218271b232341393c85c1bd3d880ad8,cases/ca2-9afe6d86753053b06534.json,15025e0797bedc56daef35d693b6c789616b50c2aceb68d9a5540d302c26baea,false,,,,,,false,false,,
ca2-87c7a2d034157234fe09,burntbubba,ethereum,6794c81c1f49cb6323f082ca4cff731bd03bc3319b37bf76afc06061ab8ff2b3,cases/ca2-87c7a2d034157234fe09.json,fe1aae48492bd31beb00612e038308c21946be4911ef47508a34a316551b7af4,true,HISTORICAL_SNAPSHOT_VERIFIED,535bdc2dc19031da6d4cc41b095291b46dd8e6cbf2f66807bb002605840c4657,535bdc2dc19031da6d4cc41b095291b46dd8e6cbf2f66807bb002605840c4657,alchemy,infura,true,true,cases/ca2-87c7a2d034157234fe09.json,68f0763b18be55554796ad3413b33f7a7adfdfe3c6ab3017e5b10e9ad08b9dd8
ca2-60b7a39b3acbf3ed1937,bxh,bsc,e90296a80ba65e8fb47f414d80595d336bf7765303714cc01dbcf1b44a8d90b9,cases/ca2-60b7a39b3acbf3ed1937.json,1a6f5cd45443b09a4c11d75c37a14cb837f74b2a65afa8daef60a8ac70b0422a,true,HISTORICAL_SNAPSHOT_VERIFIED,8e2491ebf7814b8ccced85f13b33f2068cc5aca26eabfe972d2ca844fbc9870e,8e2491ebf7814b8ccced85f13b33f2068cc5aca26eabfe972d2ca844fbc9870e,alchemy,infura,true,true,cases/ca2-60b7a39b3acbf3ed1937.json,5b2d6e0150b4e459be31b9ffad78251577f450b6f3d25235eedd59d6c6070dd9
ca2-22e8cd13c63b74bc9bbc,bzx,ethereum,4cd3fdf4340248aade426f2c4d6505cff01c7c6ab14452897b100bc857e912fe,cases/ca2-22e8cd13c63b74bc9bbc.json,4400ae03d69001a32bff98da4d9457186fdc2e8e5da1acb7213907e58ccfa208,true,HISTORICAL_SNAPSHOT_VERIFIED,5463d27ba639f9bde59b2a9f6c7b4d9020b84fcc8ad327824638fe98a9060625,5463d27ba639f9bde59b2a9f6c7b4d9020b84fcc8ad327824638fe98a9060625,alchemy,infura,true,true,cases/ca2-22e8cd13c63b74bc9bbc.json,99163425b5c85309954cfc5d3557f1734184e2a9fdd74c969ccdde4e7ff2c622
ca2-9f2e70a7938c45f70a82,bzx2,ethereum,a6e3c7b149bbcfe3e908572eae54723d7b7a7cdd2ce896c2ec0a1bc561ea4ddd,cases/ca2-9f2e70a7938c45f70a82.json,15fb9c2501b9c4f708a5fcab2f9bca6acd4b000962569acd198e9cb9de3046e4,true,HISTORICAL_SNAPSHOT_VERIFIED,5463d27ba639f9bde59b2a9f6c7b4d9020b84fcc8ad327824638fe98a9060625,5463d27ba639f9bde59b2a9f6c7b4d9020b84fcc8ad327824638fe98a9060625,alchemy,infura,true,true,cases/ca2-9f2e70a7938c45f70a82.json,7eb659b18f8fc1498dff706b06d6cd93e181a399532c97bdb08d438979d9dc8f
ca2-e726d15fcadb675a6a84,carolprotocol,base,1b3404ad3b574e7467827c02d06da066edb73988a4703fd0f1a181e401001c34,cases/ca2-e726d15fcadb675a6a84.json,b75fbe6a56e7d65940352a6dff787265efe5be2cd67d68563eb8826e6897ea17,true,HISTORICAL_SNAPSHOT_VERIFIED,99f4846b9ca1fc0fd1d07d726f186243b54f50deaf5ed6e619e4d88bdcd1bd5c,99f4846b9ca1fc0fd1d07d726f186243b54f50deaf5ed6e619e4d88bdcd1bd5c,alchemy,infura,true,true,cases/ca2-e726d15fcadb675a6a84.json,16aea24064a231ee5786492c5accdcaa58c2f8be5549e0bd042a86aade9f65b8
ca2-f6ff26fef2c7c8239a54,carrot,bsc,409412b9df71171f13b6cc33393ce747b5c01ecbd6deb4c99aeec9fdfd5e4df5,cases/ca2-f6ff26fef2c7c8239a54.json,eec679f42a45dbaed458d397a8b7f5022019c8b1bb87f492c547e90eb691d3dc,true,HISTORICAL_SNAPSHOT_VERIFIED,3f6697757a5a7e3fae60e17ffc71b62cb332dc1a6ccf3a8723160000f11c8b2e,3f6697757a5a7e3fae60e17ffc71b62cb332dc1a6ccf3a8723160000f11c8b2e,alchemy,infura,true,true,cases/ca2-f6ff26fef2c7c8239a54.json,965080141090dcd50212ad02b94306577637972c62f9f6bcecccbd8a40a83ff4
ca2-9aabe02b00ee6b15427c,caterpillar_coin_cut,bsc,08c95d87996616915296b909091a8015fa6f344b5e74759a5835facb2adc1c54,cases/ca2-9aabe02b00ee6b15427c.json,8f0f0fa2a578e503536c9f1b002e45dad478f6aeacda2ffde0cf3ac5833c877d,true,HISTORICAL_SNAPSHOT_VERIFIED,d45ee1ce0cb1f3978ab770cbd51c60a5a846cac4fe4853635da24608a69cfdcc,d45ee1ce0cb1f3978ab770cbd51c60a5a846cac4fe4853635da24608a69cfdcc,alchemy,infura,true,true,cases/ca2-9aabe02b00ee6b15427c.json,e77ae11bc1cfa4b53ba207f53636e3bac1dff2da21fb4a21dc1ee8563e2952d2
ca2-0fab25d3b5b764c482c5,cellframe,bsc,f2e53412218aa0e4049005b42197e085bcb911be6fb8fa5fcd15d6cf3821fc67,cases/ca2-0fab25d3b5b764c482c5.json,f47e021127e9897701de837b9087870f0f4ec453fc8755145d6cabb17fa8a22b,true,HISTORICAL_SNAPSHOT_VERIFIED,ed992d4e23a6d08fbfa73fa7bacf4a01ff1045b1247bd01bd4653a19ae40d740,ed992d4e23a6d08fbfa73fa7bacf4a01ff1045b1247bd01bd4653a19ae40d740,alchemy,infura,true,true,cases/ca2-0fab25d3b5b764c482c5.json,887b3c9fd211ff1950fdc867ac78bf4d788c99bc510c7851f102a2acb02f6cfe
ca2-d08064284319f9724001,cfc,bsc,367f29054d49b3fc28370f6e1f84b7f3f984177959214224a952c202482a16b2,cases/ca2-d08064284319f9724001.json,d2e071abbf089a2b0cf4e356feb57c545df2ac264dfe65d37388e78ec17d2899,true,HISTORICAL_SNAPSHOT_VERIFIED,a1ea8386819b76238190214f1927eb3790c18592cdc707b9d5e89539b137cd43,c06b12742d507906193b5a11c3b29dfed16c52ea70e1383f84973c713dd20534,alchemy,infura,true,true,cases/ca2-d08064284319f9724001.json,07f5961164fc3ce2b3c2399e00e57dce55557995cbfc30f1ad6fb6af89f053eb
ca2-9975357170a08c396c9a,cftoken,bsc,b90a9581a90b8c1c3ff45fb5d60c7080eecce469a13157b72c9db4fef0776a1a,cases/ca2-9975357170a08c396c9a.json,7aacd38abbcdb7d8b0435e1f3d7e53ae9134cae869197634e9f1bddeefc670ae,true,HISTORICAL_SNAPSHOT_VERIFIED,27fb9ff9a22fe3bf64637de8533b615c757138252edf45ac6d4478190b46103a,27fb9ff9a22fe3bf64637de8533b615c757138252edf45ac6d4478190b46103a,alchemy,infura,true,true,cases/ca2-9975357170a08c396c9a.json,e6ca3f7b628b74a9b6f77adfe676dbfc8c0c3a29b5e896e7a971cbbf9bac416e
ca2-c5a01f6581922c612fa6,chaingefinance,bsc,8e5ea220ff45bfacab75da0c16ea5efb2b4f554d03e8e141d510bc048bf34c16,cases/ca2-c5a01f6581922c612fa6.json,af96d4728b65d37d32f7234457a10f3605a8ab4f844cb83e79d3a0e75b0a76ef,true,HISTORICAL_SNAPSHOT_VERIFIED,9cdbe063598c048341ebaf839485859892bf9f4d183b5fade843c47ab7943ea9,9cdbe063598c048341ebaf839485859892bf9f4d183b5fade843c47ab7943ea9,alchemy,infura,true,true,cases/ca2-c5a01f6581922c612fa6.json,208235b81710d8feec4d7c79c30941e61e821d09b96c8ff97d2ce64301f669b9
ca2-5b927b3791414bdc410e,cloberdex,base,505b108ee605d9012891146b5b2ce3a4a351667a279f048ae1293a99889fdee6,cases/ca2-5b927b3791414bdc410e.json,3cda1e736a25c7ea015384a2b9f93abf98cdb5add548cb8f0e959ab5918e8c79,true,HISTORICAL_SNAPSHOT_VERIFIED,7955918403ff71eb5dbcee18d510843c349c8ad5d73a01a8775c69a3e0a57c34,7955918403ff71eb5dbcee18d510843c349c8ad5d73a01a8775c69a3e0a57c34,alchemy,infura,true,true,cases/ca2-5b927b3791414bdc410e.json,85eb4653923609ba1686f3b96d29ac5f9b01a755fe5124a2659497cde64fc29b
ca2-8920d085a4a666414df5,compounderfinance,ethereum,58ced864848212e88f19f90e1601142b5836386483780116025b41e08dc09836,cases/ca2-8920d085a4a666414df5.json,bc48d0c92cea81a3724512c697bfa9599bb8601a2176c4304e321533ff6a907d,true,HISTORICAL_SNAPSHOT_VERIFIED,9a6ad0237b53b6a2b60d33df6c3c290879f2e01aa036b31db4947576d1667810,9a6ad0237b53b6a2b60d33df6c3c290879f2e01aa036b31db4947576d1667810,alchemy,infura,true,true,cases/ca2-8920d085a4a666414df5.json,1b5d8206b1cc8f682c3c908b78635ee8f195317954224fc9e3033af28efc8bb9
ca2-5b4e3baaff7190f2f54d,compoundtusd,ethereum,f3c3d3846a098631c834e44c9208db8df68482f80079ce8ba843cd73b0b17e90,cases/ca2-5b4e3baaff7190f2f54d.json,78e9d5e4db7db54fa9c0ade5b71e2fe938a677bdfa3fa3df7f3eb58d23b77a23,true,HISTORICAL_SNAPSHOT_VERIFIED,8e4135104bdf295b1cf5a8774189296058de20be5c8ada8687eb89887df6e853,8e4135104bdf295b1cf5a8774189296058de20be5c8ada8687eb89887df6e853,alchemy,infura,true,true,cases/ca2-5b4e3baaff7190f2f54d.json,c9a2ed53cf18158ca9573911170581f8fb04c06d5cf344d78de10200e6d29f39
ca2-14b9ffae56e7c9bfb04e,compounduni,ethereum,aa6892e72b60ad0268947ecf60eac80c9c40808820df206da802f993cbf52763,cases/ca2-14b9ffae56e7c9bfb04e.json,341d1ab3d1d74bfe1bdbb65dac1967c157d1a31065d7dc7c729d5c3ffe72d85b,true,HISTORICAL_SNAPSHOT_VERIFIED,b46142ec5c53fd7103d7e6177a6f0c65ede2d2ac43123ec8316c669b2ed117b9,b46142ec5c53fd7103d7e6177a6f0c65ede2d2ac43123ec8316c669b2ed117b9,alchemy,infura,true,true,cases/ca2-14b9ffae56e7c9bfb04e.json,5291ed4b93b43fab6ddd20fe532838529c11de0ebd54167e6188900b9e96586b
ca2-ed5ea743787aecff1e56,conic,ethereum,d279582243d405eceb20468bebd4485ac846677206352968c232d56479967ee5,cases/ca2-ed5ea743787aecff1e56.json,86fdc9949a7423a46381380f99cecde5d111cf58f389685570ee78c269699a72,true,HISTORICAL_SNAPSHOT_VERIFIED,0a08d47184050cafa92a304acc6d088adc42eef450b3bded5f1555970e730140,0a08d47184050cafa92a304acc6d088adc42eef450b3bded5f1555970e730140,alchemy,infura,true,true,cases/ca2-ed5ea743787aecff1e56.json,ed4fc47139c83cccbc31b51d8a18ac4e5d58dd788b77914b95a981caa35256bb
ca2-22667ec3b73bf4e3f29e,conic02,ethereum,5fe611a9b99d50d9aea3ea358d32e2a1da7fe25cabbbfc691b2e165903bd7433,cases/ca2-22667ec3b73bf4e3f29e.json,40ba192f04ec13ade5fd7f1cb28c7d76dc8ad99c3bf0b384f33debff24086933,true,HISTORICAL_SNAPSHOT_VERIFIED,32b93b15bad33062cde4ae8290703bc8a959a93e18c038255a96b5105c09c228,32b93b15bad33062cde4ae8290703bc8a959a93e18c038255a96b5105c09c228,alchemy,infura,true,true,cases/ca2-22667ec3b73bf4e3f29e.json,eb0c6824d63a571fa710ca8e0c0fa23a98d85530003c53b6547d5974dd648b35
ca2-4b9009f78d24b677e07e,conic_2,ethereum,28d7234558bd4ab03ca3b098a7c9a3d0a7ec045fad9465058ad884d39ea54b87,cases/ca2-4b9009f78d24b677e07e.json,7a7f40f93459e00e87951e7eb85ae3dfe3f865da3dd836f898805a47ace4beea,true,HISTORICAL_SNAPSHOT_VERIFIED,0a08d47184050cafa92a304acc6d088adc42eef450b3bded5f1555970e730140,0a08d47184050cafa92a304acc6d088adc42eef450b3bded5f1555970e730140,alchemy,infura,true,true,cases/ca2-4b9009f78d24b677e07e.json,d10783df5995dd68f4b53e3f167c66614100414ec16a5a461252ef447be1eb8d
ca2-5c90f11e08cf22426454,convergence,ethereum,3e107432a785f9b13e646bd1709e74711dc78772da566909d14f82bfea9dfd90,cases/ca2-5c90f11e08cf22426454.json,0dd32c19ba47d70dc03e60c1deba8e3e0dbd55b3d9943c3e8fe70ad0c201f360,true,HISTORICAL_SNAPSHOT_VERIFIED,4257ca1b843b7619167b8e0c60070ea76d25264e40ccfaf72ae0dce7e92af02e,4257ca1b843b7619167b8e0c60070ea76d25264e40ccfaf72ae0dce7e92af02e,alchemy,infura,true,true,cases/ca2-5c90f11e08cf22426454.json,c9687ddec38025f5aa52616f215b1f12848bf1e1a5804bce2b3ec47ce81e9fcf
ca2-2d1d603841d5194ab452,cover,ethereum,27db21d5637c73ca6e1874ef05e2dcab619a56f3fc6312bcc483b565e2f8b02c,cases/ca2-2d1d603841d5194ab452.json,a4e9afb74f1113af8ec132beaa2d0b7815f76392b993f7c450ec5e22def6a42b,true,HISTORICAL_SNAPSHOT_VERIFIED,9e98acf543d217017690ff9fb8fb5b2b4d892db5022823245d3794e0ac0d7a14,9e98acf543d217017690ff9fb8fb5b2b4d892db5022823245d3794e0ac0d7a14,alchemy,infura,true,true,cases/ca2-2d1d603841d5194ab452.json,4987aea2c570bba0c28ffce8e44c0f470290f5d5ae083d8f04ca0ab5c9ddce43
ca2-9a214e9ce45a57c562e3,crb2,bsc,cf39ff72a6e2a7b1068f3811220c47a954b58ce83453def47c07f365b5cc3b03,cases/ca2-9a214e9ce45a57c562e3.json,cf7f098d2782ce95fa97d5ff62a620d89e2efe6087042a22b95fb358f1f2c638,true,HISTORICAL_SNAPSHOT_VERIFIED,ec9829299a10961f8384452210d6de55a44b0c20654099f29df9e8a07d569f01,ec9829299a10961f8384452210d6de55a44b0c20654099f29df9e8a07d569f01,alchemy,infura,true,true,cases/ca2-9a214e9ce45a57c562e3.json,6d7e8009d1ad523cd2aeae0b523e8650fea4aaa2c26c45970ca191d182977706
ca2-8c56561fae063cde5971,cream,ethereum,2f88b544dca8f6acc54b189947afde95adf86634fd3f65ddc559fbae9fad6513,cases/ca2-8c56561fae063cde5971.json,4e1f8d68899fcd31626ecde28908f7c390b6aa4f8b0af8fbdd6a188de62517c0,true,HISTORICAL_SNAPSHOT_VERIFIED,e00655c04bf85d0fa56383a0f4799648ae2cb089335dc8c581de64611d013cdf,e00655c04bf85d0fa56383a0f4799648ae2cb089335dc8c581de64611d013cdf,alchemy,infura,true,true,cases/ca2-8c56561fae063cde5971.json,0552da04955500b19bdd338c4d045d9347d0fa5e3faef96e73da19ef8810f671
ca2-2f808fc768214bcb9f7d,cream_2,ethereum,7409367ad5c6c0c2ec37ed5d882907cd255bb888f45b079a112ba79901ea14b8,cases/ca2-2f808fc768214bcb9f7d.json,d5a22c0a38ee38a1a3a71e1ba4abdf75af7cc5e43dd6bad82dba8e91ec4d5e2c,true,HISTORICAL_SNAPSHOT_VERIFIED,de3058e3229e741ec0ac10c2d96f60a7940df03da37bfee6d7db89d070253160,de3058e3229e741ec0ac10c2d96f60a7940df03da37bfee6d7db89d070253160,alchemy,infura,true,true,cases/ca2-2f808fc768214bcb9f7d.json,c5fdb9092df32cbfd4543b1105789f1cbc53be10cd95c8935bf21b96d30155f8
ca2-22ca428502dddf9f2871,cs,bsc,e241f4a1a55f9c9e0519e3941672c4ad3550893eca2fedbcbc30fa85fe029fed,cases/ca2-22ca428502dddf9f2871.json,e69acaa1029befa090db9f4e8438dd1e1c6c851a5bff47e33da5ffdb4bc31a4a,true,HISTORICAL_SNAPSHOT_VERIFIED,178e2d6e38cff3e3be19d05052463c201d7ac4fbe6d25863817a20e5a682e71b,178e2d6e38cff3e3be19d05052463c201d7ac4fbe6d25863817a20e5a682e71b,alchemy,infura,true,true,cases/ca2-22ca428502dddf9f2871.json,a248548db076251840a79e3732ddadf9f0f63794f3f58cec8aa2c65fbf660786
ca2-aa939f9f7f959ce19c8f,curve_llamalend,ethereum,83af2a6a9a81184164d374eaebd958136dfc1c81c08b7d01e9e01c502af70f6f,cases/ca2-aa939f9f7f959ce19c8f.json,6cb6027fae5b40ca2e146583d638d3e404dcc99f4fc9d8a9a2340ba73f4699c8,true,HISTORICAL_SNAPSHOT_VERIFIED,db3a2981e313c750bf081669eadf18f8f8c8064c0174a206918bd34bc56093c9,db3a2981e313c750bf081669eadf18f8f8c8064c0174a206918bd34bc56093c9,alchemy,infura,true,true,cases/ca2-aa939f9f7f959ce19c8f.json,97def5850208a529ffcb78583dcc9bfff69458691e27cc52597feec2b82a170f
ca2-33375f53486ac02fc6d2,dbw,bsc,9a802710abea3c54bf652e95fdfe66ecb6bad7103b5edfbb724ea4ae33701eb8,cases/ca2-33375f53486ac02fc6d2.json,f05782afd7a8ac627c6cc84f5d3410392ac29f1be2edcd36d33b46323e29d7ec,true,HISTORICAL_SNAPSHOT_VERIFIED,8ae3d532f1bfcf7dc6e43e642465f7ec28356edbaad534b28366e1ebfbd4d068,f67e10e331fd1cace2e633365ad4a264074212a3555b69302dfc379f43ec984c,alchemy,infura,true,true,cases/ca2-33375f53486ac02fc6d2.json,960da1d9cf84c6fc7a3d4d7203b239647f323243029d828690a6fb4c823ddb5a
ca2-e92eb18ffd5cb5150b66,dcf_token,bsc,f080a31eede86f4ae474a32f11277d4357526fbed0bfbf8be519fa70b1d33b6d,cases/ca2-e92eb18ffd5cb5150b66.json,94037605e0ce3a21e8bac9ec060309fc45e2eac9a22bec9513050d3ea33f68c2,true,HISTORICAL_SNAPSHOT_VERIFIED,58625672a6fcea286e1b755291c4c246ecbaf2cac759d9732ac8ccab3fcfa2b6,58625672a6fcea286e1b755291c4c246ecbaf2cac759d9732ac8ccab3fcfa2b6,alchemy,infura,true,true,cases/ca2-e92eb18ffd5cb5150b66.json,516709b978ee6efb2a1663e5382688fef15c8afdbeedffd83f766f4b3ef162d4
ca2-001604d480f953df5322,ddc,bsc,8c9775aee2bbeac9eff03614951ef6013f8e20ef5ff236db00885a15b7f51d1b,cases/ca2-001604d480f953df5322.json,eb5f6465d1b6403891180669f2a64ce5152b83de9dbeaf05602c02ec0da617ea,false,,,,,,false,false,,
ca2-0d94b0dee68d0b41352e,ddcoin,bsc,ddca3a4ff7c9258a8010649d0bc80e3db5819eb46cfe0215802af321fa51786c,cases/ca2-0d94b0dee68d0b41352e.json,182a9872c4a2ba1ef2e59473de353484a040b40f6ac5041001a8e36afc57b8d2,true,HISTORICAL_SNAPSHOT_VERIFIED,be00875145c74577bcc86cd34bbbff2ec8767cd6340dfc4000e5cc877b22cd16,be00875145c74577bcc86cd34bbbff2ec8767cd6340dfc4000e5cc877b22cd16,alchemy,infura,true,true,cases/ca2-0d94b0dee68d0b41352e.json,502709a4fd2e214c67cd3265e80112c3d5b3935a8de54421445e3b9b9ac4ab98
ca2-5c37ff6ef20c8e1183dd,deeznutz404,ethereum,131f067d69b599ebe2075b8353221441903ce42cbca40f9b876bcc58df7eb7ab,cases/ca2-5c37ff6ef20c8e1183dd.json,017d766022e3d981fd85cd096f6dad8ff25bca51b95075b7d3cb58ddbc1a6f87,false,,,,,,false,false,,
ca2-0998fb22a8fcd705afbc,defiplaza,ethereum,03380b8e3d7a835d2a21e81a7d05214caa0fdac6b7dc36fd5cddd183f4e3ef41,cases/ca2-0998fb22a8fcd705afbc.json,85ede1d1372ded9a9c819ba396e0a4d696edc39b84dd757eddfe43131e177efe,true,HISTORICAL_SNAPSHOT_VERIFIED,4d64ff7686ff01450ef05925cf35237c131c2dc6cc6d2278f744b28e43cc0ec5,4d64ff7686ff01450ef05925cf35237c131c2dc6cc6d2278f744b28e43cc0ec5,alchemy,infura,true,true,cases/ca2-0998fb22a8fcd705afbc.json,d58631ad8f22c8112b96679b83a607a9d1bda7e46636396da58cd16faeb62fd0
ca2-4c0faea601ab4a95ced8,depayrouter,ethereum,584105bcb690ecc60f3fb85d27b253c14b51d5163573539502f14d6d6582b440,cases/ca2-4c0faea601ab4a95ced8.json,55cacc7cc475700b653057272b17520d8e55a56090bff3ffc46ef56b54eaee95,true,HISTORICAL_SNAPSHOT_VERIFIED,8e08a1cb8c5fa9c6d08490c1ed70b10ad244b83009c78a12bfe068351e54d179,8e08a1cb8c5fa9c6d08490c1ed70b10ad244b83009c78a12bfe068351e54d179,alchemy,infura,true,true,cases/ca2-4c0faea601ab4a95ced8.json,87299fa00856eee63b3451fe66ab1170f58ad9b7870db2b98f7bf383e6cca989
ca2-c7f02a40db88500f3ae5,depusdt_levusdc,ethereum,bd95af34e8ddb99f1567bf41f315db3fb25194b1f1a3136d8ab0f80f066e4847,cases/ca2-c7f02a40db88500f3ae5.json,08a0d0034370cb6a485a313bb46a5cf6235c7fb952cf80c49642c0bd8b44c789,true,HISTORICAL_SNAPSHOT_VERIFIED,6cdd619e1804f230e156b3ad3f390a5c0e36f5c326caceb1a4b8e6b31c0ea4a9,6cdd619e1804f230e156b3ad3f390a5c0e36f5c326caceb1a4b8e6b31c0ea4a9,alchemy,infura,true,true,cases/ca2-c7f02a40db88500f3ae5.json,954d1a472f96ad09fa3e9534d5880ff96da2b9f53c00a046a6f3bd21907bd943
ca2-12f0d5e40474ef0de502,dexible,ethereum,de57a051770ef4d5ba0f00d59537c9490618594ec693aaa4639bea84ef946b03,cases/ca2-12f0d5e40474ef0de502.json,ddd62e8b1e4c060c89401efdfd50fee2f1f886c32808c12c885af303c5b84465,true,HISTORICAL_SNAPSHOT_VERIFIED,e452a7217fad92d1208c829a4a1dfd7d2c0390919ee8f51c9bfcf72bafe1ead6,e452a7217fad92d1208c829a4a1dfd7d2c0390919ee8f51c9bfcf72bafe1ead6,alchemy,infura,true,true,cases/ca2-12f0d5e40474ef0de502.json,d860671c7c8bad5f10da0fe6ef1bb100618e055a897a44814f97a1c5ff9ea335
ca2-e488b8f22881b9feaedd,dfs,bsc,8c399b130d6c8c789601c14e4bc08133e90ec97d29eb0320be28953de61e9735,cases/ca2-e488b8f22881b9feaedd.json,041aa6722eb489414498ddec2979f253c751f548ae0e5f8ed176a3fbbb693de2,true,HISTORICAL_SNAPSHOT_VERIFIED,e685290862a04e443d1522ccfbfe48eebc1758e3ffbb26ab9d5f84c3077883bf,e685290862a04e443d1522ccfbfe48eebc1758e3ffbb26ab9d5f84c3077883bf,alchemy,infura,true,true,cases/ca2-e488b8f22881b9feaedd.json,10f1b021bfacdb6d4fb41ac2ce172724c0ed54f781b570e1376cb81b050f4dbf
ca2-7ab9ecf055348c803def,dfx,ethereum,b20218773a1ea3bd133a273e44bc3618e92afe959ab6cb11516467920e10ea2a,cases/ca2-7ab9ecf055348c803def.json,663c2ffb85cb5d52f7bfb7a1a39d4ad2a09a7a6230b991032b98ca6b8f452153,true,HISTORICAL_SNAPSHOT_VERIFIED,8bfe7b0dd2cbaf19e27d9655c52419220981d95e62064c6bf48c78c883ae6e68,8bfe7b0dd2cbaf19e27d9655c52419220981d95e62064c6bf48c78c883ae6e68,alchemy,infura,true,true,cases/ca2-7ab9ecf055348c803def.json,3416981aa1916729359ba95fac2a90d33728477f9a815d0c2c3f0d361ccf752f
ca2-59b9ab9a48493aa5ebce,discover,bsc,66ce4eea94394a091e1e8c271ef2747ee0709e56d47b1bad23a0a56a9912db56,cases/ca2-59b9ab9a48493aa5ebce.json,676ce0dbab04fa2079e52cace56b76ed954891b99f2ee9c42c90174751028e13,true,HISTORICAL_SNAPSHOT_VERIFIED,1c3070a97e47e7a2149b33d200aaaba152d2bbb68dc457bbcb19dfd5b4e134a1,1c3070a97e47e7a2149b33d200aaaba152d2bbb68dc457bbcb19dfd5b4e134a1,alchemy,infura,true,true,cases/ca2-59b9ab9a48493aa5ebce.json,ed3b29382d73bbdccbd607ce2ea113558dffc24077c4f890d3562d0d3ed2a0c6
ca2-61c7c0bc0fd854fd8541,dodo_flashloan,ethereum,0b61e9c1e3e66381481e241987f96fd71c05fadce24d54e135c75318d01a4c5b,cases/ca2-61c7c0bc0fd854fd8541.json,4429af5a6e981ddbe4507743175074b514bb8a370bf487fe4db55ca226105407,true,HISTORICAL_SNAPSHOT_VERIFIED,155ebf6a7f2851739b968fba6d50a54d51575b23f929d1e43c78b406a2b0db17,155ebf6a7f2851739b968fba6d50a54d51575b23f929d1e43c78b406a2b0db17,alchemy,infura,true,true,cases/ca2-61c7c0bc0fd854fd8541.json,ae4f1239fb208c45c5fe75a81a2222193ee94e28de3683f5b7eb7b255264d2aa
ca2-0d308a16f604ed495788,doughfina,ethereum,dd2259181505bf5f9b0a9720cc5fa7dbe2988cb5babad2c9fae142c7d1e95e0a,cases/ca2-0d308a16f604ed495788.json,1b91864f0c7f526baf17165ad700f4a2190d6c618c3c784a8dbedc16c5721e46,true,HISTORICAL_SNAPSHOT_VERIFIED,10b9197247806dd6daecec2468afea72d97a36ee5c1c5eb2a84d35849582503e,10b9197247806dd6daecec2468afea72d97a36ee5c1c5eb2a84d35849582503e,alchemy,infura,true,true,cases/ca2-0d308a16f604ed495788.json,f3277e4b8690b78ec244813180e77f9d6e55a63d46b69da1c301c2d9f07734e0
ca2-0aa20008e0303e8a5201,dpc,bsc,e55777669a7a97cbfa876f621b11ab1817a8c60ec83933cfe907110ac8608804,cases/ca2-0aa20008e0303e8a5201.json,2bc79037f510e3fc3acbbd4175c832d4a52d0945cf5f2470cd11d688d569daae,true,HISTORICAL_SNAPSHOT_VERIFIED,022d592baa72452f820d7a8cc749c30bff45368ea2e791c748addb2366eb6438,022d592baa72452f820d7a8cc749c30bff45368ea2e791c748addb2366eb6438,alchemy,infura,true,true,cases/ca2-0aa20008e0303e8a5201.json,a842530245f2cfe2b65087f76f5c240b6e2efb399951e25eccd4ee4c5b09b711
ca2-9b3232b290b3e5a209ad,dualpools,bsc,4b9fdf5f5f0c298b0500f1624d5d08e105b808e5e8d8c617bff518c83a4c59fa,cases/ca2-9b3232b290b3e5a209ad.json,f9551277cb56cebab0168d8c48cb8f45d8b843a61e5a6857c9b32704f2fce1f1,true,HISTORICAL_SNAPSHOT_VERIFIED,633619c89719f3ef428dedb33d77e551ce09f0c2fcf7e4fcde26895e2df4a6b0,dc50efe1434601496cd6d00afd567a578bb6aa5cadc8a85d2c7d85d8857ec248,alchemy,infura,true,true,cases/ca2-9b3232b290b3e5a209ad.json,7db047bbc24023856012c04ba5a2aaf7e191c180824b3a5001fa8b2a06718c50
ca2-d5206e281e59cc007b02,dyna,bsc,8f2b121fb3ac1a6ecc5d35ba548b68819c61bc78871bfe1a874c891217f698fa,cases/ca2-d5206e281e59cc007b02.json,0c2f85cf510f4ac1bfd5540a19c6612d40e69f34daf784fb9146f202792d2a05,true,HISTORICAL_SNAPSHOT_VERIFIED,dd6993dc5effdcd386cb1758d5c4172f30051f3e8f174601ed852c4debcf355a,dd6993dc5effdcd386cb1758d5c4172f30051f3e8f174601ed852c4debcf355a,alchemy,infura,true,true,cases/ca2-d5206e281e59cc007b02.json,bf40b9c0ac2efe3a7c9ac93084ad6b401c536525112e74a99d0e128229478231
ca2-5e2d8f30a0d9b1dc548d,dyson_money,bsc,70d5cb57cfd614c843fb104ea3c643dc5ad7552868d25bda22725f4accf17a63,cases/ca2-5e2d8f30a0d9b1dc548d.json,a5f09061af0ec7f015147e9e946c09057afd3d231992f51d8b563a8dfac6f7a0,true,HISTORICAL_SNAPSHOT_VERIFIED,6cdd619e1804f230e156b3ad3f390a5c0e36f5c326caceb1a4b8e6b31c0ea4a9,6cdd619e1804f230e156b3ad3f390a5c0e36f5c326caceb1a4b8e6b31c0ea4a9,alchemy,infura,true,true,cases/ca2-5e2d8f30a0d9b1dc548d.json,4909dde9839ca9f1026c27a03af295a52197e842bbfa58121181f47002519079
ca2-e017525389c5fba3ce28,eac,bsc,cd8fb68f5d86d5c80479ada977e03f31f21ecda180fac701653d06313fd97f39,cases/ca2-e017525389c5fba3ce28.json,7b2eb29b629b3b37a88c17c113bfd502612a99b03b4f4eca21648964fe58824f,true,HISTORICAL_SNAPSHOT_VERIFIED,ee7c8547cbbcb7695a3d92eece37eb26da83b20d8d82d106ff505a5a67f011d9,680ec586a3e74e64565cd184042b21ac49f6e5bda4edb5eea5de5869fa3f63e3,alchemy,infura,true,true,cases/ca2-e017525389c5fba3ce28.json,67755ab456c1f0b2cab46fb3cbbd1f5baab7b4cc65a03467da6d1c12d4d5e24f
ca2-a21e3c90faf447e22997,earningfram,ethereum,27ffbb33ec659f909bb3dae864be2245d3055a8ccbd21ce889fc6a6a13644e34,cases/ca2-a21e3c90faf447e22997.json,0abf23dbde3cf304577979607654c7929597ffe5244f63cce3d6bbc32a4c6c48,true,HISTORICAL_SNAPSHOT_VERIFIED,cb59a95da70fc251a87523df57ef7bf453bb33d468211504f34330a98e01556a,cb59a95da70fc251a87523df57ef7bf453bb33d468211504f34330a98e01556a,alchemy,infura,true,true,cases/ca2-a21e3c90faf447e22997.json,11473ca808ee3fe33f53b4b0268537b57ee1b3a69d86f32e7e0ebdf93487e4e9
ca2-5c189b8bf9f7db29dd4e,eflevervault,ethereum,ee1b536756685f9038c6f7c48fa96e71bd0467779671f7a8e0c85cc6b9934919,cases/ca2-5c189b8bf9f7db29dd4e.json,ba8a4a311242424fb67b2a87ffc38b91554cd743445ada7c6577187529b086d9,true,HISTORICAL_SNAPSHOT_VERIFIED,8fe5c9d2e32eb225201c0d300560038f2fd23220fa09f81eb2b7e78e602d9882,8fe5c9d2e32eb225201c0d300560038f2fd23220fa09f81eb2b7e78e602d9882,alchemy,infura,true,true,cases/ca2-5c189b8bf9f7db29dd4e.json,023a04b02a816a00f4c469aff5018b3eb611eeb0b363e0454440009df0c58d9b
ca2-99c425ac31ee8abd76f2,efvault,ethereum,dc1914eac6fb07ca6a2acf382489790e461e41f3a17e83330b2cdb7327e09537,cases/ca2-99c425ac31ee8abd76f2.json,a180dc0a066034d84beee32863df1f0bfddfd341081f7cc3ce8a1a049f273f37,true,HISTORICAL_SNAPSHOT_VERIFIED,15dae27b6643b18af1579768467bebc24eaf98ac0bb0065a313d5be38dd83794,15dae27b6643b18af1579768467bebc24eaf98ac0bb0065a313d5be38dd83794,alchemy,infura,true,true,cases/ca2-99c425ac31ee8abd76f2.json,f60d9df0ac1d4225253df1f4e94fc82e2aa69844e3b2c7e20017bfd0cd5dc50c
ca2-29064c97bd3050d5cc0b,egd_finance,bsc,995fca57e898599afef02a14b25743cf784937da31add1f5b0ea17ff0af508c3,cases/ca2-29064c97bd3050d5cc0b.json,0e49e195104679a77e5c2c3fdad104b13d313188fbe0678cc388a403c0ea99e5,true,HISTORICAL_SNAPSHOT_VERIFIED,15dae27b6643b18af1579768467bebc24eaf98ac0bb0065a313d5be38dd83794,15dae27b6643b18af1579768467bebc24eaf98ac0bb0065a313d5be38dd83794,alchemy,infura,true,true,cases/ca2-29064c97bd3050d5cc0b.json,50763435b40764c7716fafcf2c42975b294e26dd058517557bf69d1ae21eba83
ca2-82c63f4f3f31559be9a8,ehive,ethereum,4f178443b7c46b9aa4d946d514cd5e19ccf619cded495c432f980f2df5c6e562,cases/ca2-82c63f4f3f31559be9a8.json,5406fc26d2e9924a7d58ebc5c8311d540a58b54e3b7b244b469a65cae0e1e885,true,HISTORICAL_SNAPSHOT_VERIFIED,cb1f7502660d71e4017b6982a1c88f538e6bc53a77c969da1a9f2233b7723b37,cb1f7502660d71e4017b6982a1c88f538e6bc53a77c969da1a9f2233b7723b37,alchemy,infura,true,true,cases/ca2-82c63f4f3f31559be9a8.json,3ebad889a6bb6307cc7f37c1bd18c136760ebce980428421fd8a984e5f42c9b5
ca2-14bd5d42e2f704e2cc65,ehx,bsc,84e285ca1f5b44b8d75d01cf2092cee81113e38c24ad6038c0a9816fbc4a4ba3,cases/ca2-14bd5d42e2f704e2cc65.json,b980f03a0f50eae44134f12360f8104c3773fa8ab54414c1c18ec759d4b82569,true,HISTORICAL_SNAPSHOT_VERIFIED,02de00320ebad936337f18236744fa368023aea6d6042f79f30509cac39807e7,5ef27066b4ce648bcf5b5d030588e087352d8adff1c0351b3d6b5c69131d51b7,alchemy,infura,true,true,cases/ca2-14bd5d42e2f704e2cc65.json,33bdca99e0e55d6d6151079b12ffe6b28fb332fe38d901b4c559ec158389337a
ca2-411b50fea47298d98579,eleven,bsc,62dac13e27e3297bd1a39f91a06634b092f65ecca6f94a1876c9023423e4cf0a,cases/ca2-411b50fea47298d98579.json,e610f72a0ea424b67cfdaabe6a707c2a5796f9ff1a3189f22234f4bbf6ac1e9e,true,HISTORICAL_SNAPSHOT_VERIFIED,4ffe041380fdd909895d16d15db5f12a50267a10b66646105f9dd45889a07f9c,4ffe041380fdd909895d16d15db5f12a50267a10b66646105f9dd45889a07f9c,alchemy,infura,true,true,cases/ca2-411b50fea47298d98579.json,24915f807164abae6421d57fcdedb41c080e7373c24ad08ac814076f9a9728c5
ca2-2f764ff5c7c146ad35b3,erc20tokenbank,ethereum,22794bbe3f403be385d32a69350d28de002a6466eb5ac44f0478b7a7e53ec38d,cases/ca2-2f764ff5c7c146ad35b3.json,168bc4cc5580dd0d9ced93c8d4905c61b8cc91e03eb75fd413c895afe79ac975,true,HISTORICAL_SNAPSHOT_VERIFIED,2c2580591b11d5a2d05c06ec68ca87522a11da4aecbd618dc9a122ac36861b19,2c2580591b11d5a2d05c06ec68ca87522a11da4aecbd618dc9a122ac36861b19,alchemy,infura,true,true,cases/ca2-2f764ff5c7c146ad35b3.json,f85105566bb2fed2376d5ee54369b494b316642f9f4c40b59312610fb1457ac6
ca2-6829820c6abb9fe3a566,est,bsc,6abce2b56c49520e82989d1ca2a21578319dbdff4b0f0a5743ebeba271024aa9,cases/ca2-6829820c6abb9fe3a566.json,0a5a94c4e4eb3254b1f3c62b9644b05c50b4ac72fbc2b8e74a0bd786ef15fa65,true,HISTORICAL_SNAPSHOT_VERIFIED,b8fbb01b36300627313024c277fe8a40e605bb30d2623ae8e78a0cfaaad22b45,b8fbb01b36300627313024c277fe8a40e605bb30d2623ae8e78a0cfaaad22b45,alchemy,infura,true,true,cases/ca2-6829820c6abb9fe3a566.json,a33b3ef36f4cb5e66656d939b0dfb59af64f57f118190e1e565ae8a6362c865d
ca2-9b437de06c56cc873e8a,ethfin,bsc,a06bb5dd399d9eebcd8d554af8e82973e9f0b63abf803ed5b4750f7cbb1393de,cases/ca2-9b437de06c56cc873e8a.json,0bc375fbcfc42779d8822ced5b512cda887f9e1745d1ed83848c65593aa9daed,true,HISTORICAL_SNAPSHOT_VERIFIED,a2ec4ea3e29587226d5619ba42fdca2b16bdd432f775b16df05d50797d589d18,12aa7a30557cbf45ae631c677b9e4d21346590eb2a6b12b2452f5b76091ba02c,alchemy,infura,true,true,cases/ca2-9b437de06c56cc873e8a.json,835365fc86fb896c066cfeb6ac9395c0aadd501200ecc8976d27cff9759809e8
ca2-2d415ee24d090e5e26dc,etnproduct,bsc,d30c41bf4946bb6c3aa098209b41041c23fa9d6208c372435eac34a144760410,cases/ca2-2d415ee24d090e5e26dc.json,cfe906516df9dc0055e726c94c530ecebc3107a9843c5cff66ed84af6fdc0829,true,HISTORICAL_SNAPSHOT_VERIFIED,cc128c91ac89148c5ebe030dcf7df10f06c3aa0bd80ddaae7c63f7ee66b7cd4f,cc128c91ac89148c5ebe030dcf7df10f06c3aa0bd80ddaae7c63f7ee66b7cd4f,alchemy,infura,true,true,cases/ca2-2d415ee24d090e5e26dc.json,7e43287bc7e762ea80523cb09ab75464eee0a37465fc8a8ebc761cbba72506bd
ca2-3503e03a9a7fd4a87fe3,excommunity,bsc,adc784ea40c5b7e0b61604430a3db3b8f5597989318e1da82b462b6d22ee990e,cases/ca2-3503e03a9a7fd4a87fe3.json,6b74d8b07b906bc261f276b328d962c4cc663c178ac24020fe896b863df84892,true,HISTORICAL_SNAPSHOT_VERIFIED,88533a5c23b47d88c2c5040543d35acd298e739a6fbeda86f0de27a55a1bd077,88533a5c23b47d88c2c5040543d35acd298e739a6fbeda86f0de27a55a1bd077,alchemy,infura,true,true,cases/ca2-3503e03a9a7fd4a87fe3.json,fe3390fea3184dfdda412b6e525202ba5ba21c1ad35c57a5426d5bd27ed7534b
ca2-2204bc187116e38ab9eb,fapen,bsc,cce4b12bdd97287b57492d5a6a6758185598b098cc8d420f89cd9f4e50a8b48a,cases/ca2-2204bc187116e38ab9eb.json,cc9b7c668f632b1bf520dc8abc719acf63a97edef36975d88631d81a3eddaf6e,false,,,,,,false,false,,
ca2-6d220be49d90b51ca6fd,fdp,bsc,413d305eac9715a9b2837f9320a85f20d9a971195e2bc35fca05897d5ad0dda8,cases/ca2-6d220be49d90b51ca6fd.json,e4ae9e77baa94c6dd3a6eabbe6095536beee68b63af617439d68cdf369983408,true,HISTORICAL_SNAPSHOT_VERIFIED,168146668764d733c175e0ab380d882af124b594c6288699e8f95e976000c9fd,4434c59afcc3f55a3be16b04ca46a0744ba63a2fb12febe434d34d5fc57e8f8b,alchemy,infura,true,true,cases/ca2-6d220be49d90b51ca6fd.json,d7c1b67b4cf535653e787bc2d4d87f03973daecd34610945e53345e0fb5cbb9d
ca2-5d29f9c5eb314dcba612,ffist,bsc,149ea2d33e63c0477f763e26178094ca62f8c2e4d12d6746c5d8165e900ec096,cases/ca2-5d29f9c5eb314dcba612.json,a94e06bba49637a5690248e5e57b751a9df800b7e495a3a1732691ee9ccbe35b,true,HISTORICAL_SNAPSHOT_VERIFIED,034624af5812a52278bda4be08c077f4bb82133ec125039d7a7de98a58f4a73b,034624af5812a52278bda4be08c077f4bb82133ec125039d7a7de98a58f4a73b,alchemy,infura,true,true,cases/ca2-5d29f9c5eb314dcba612.json,f8134f0c04a0350c4f99015db607397cebf63cc650a3702f35a80f4d6c739192
ca2-efd162261d7f42c2343b,fiberrouter,bsc,3d6c9c8dfe770da25996d7d3237890bfee66fa95d009d8ea8947a92781e8b7a8,cases/ca2-efd162261d7f42c2343b.json,80df4835f9932520b3011d5f6077c8c4cbf22b9d7d9a7da7fc6f46e045acb536,false,,,,,,false,false,,
ca2-bef5f7af9a50d2f1687c,fil314,bsc,508a1e25f062a858dfa11042f32669ef8d62f25487d4434da19cca325111fb3b,cases/ca2-bef5f7af9a50d2f1687c.json,5892a350183163d77e240960c002d444e35aa65dfd2d872139280fa3d4d4eddd,false,,,,,,false,false,,
ca2-0fa9395ce4552eadc7fb,firetoken,ethereum,f76b1d027a06c2a3a4881cf184457b167397e98120abb95266735861abc6b056,cases/ca2-0fa9395ce4552eadc7fb.json,66f1faac27de0d893ecea57b527a3c7a0a7b68856968a32a3e9bf21bc0c3f3ee,false,,,,,,false,false,,
ca2-a5a309e0af5cc1aa7b9b,flippazone,ethereum,9a0052e53006a5fd24900fd3485e2d6f232efe90f0e059bd5c1ac0e46c8b4a0c,cases/ca2-a5a309e0af5cc1aa7b9b.json,d942cc5dbb12efd5dfea19c035e7045c267778a082f34f54d8b67895e3d1c32b,false,,,,,,false,false,,
ca2-81ae1f51e833bf23db49,floordao,ethereum,0245840ce8c16551af7abba26e1f49bb6077987f29c380ad579370d2e9fea702,cases/ca2-81ae1f51e833bf23db49.json,c73e31eebdcadb6936c19eba66a781c3f8cdb3a6723ea644ed2b791340014f13,true,HISTORICAL_SNAPSHOT_VERIFIED,aed961b6f6ac1946c44ead953383d364c0975a2ef77da883451793c036a7a277,aed961b6f6ac1946c44ead953383d364c0975a2ef77da883451793c036a7a277,alchemy,infura,true,true,cases/ca2-81ae1f51e833bf23db49.json,1b017c3b1697fc4df31b5e27bfe731b2ea2ac71a6f9f7ec5af825d0c5d11df67
ca2-a03b0bc9fabb86e707cb,floorprotocol,ethereum,f8515e67de67ad7ff257301f6d779b9a0fe2f458bc9c405c7bc5209fa6dfd352,cases/ca2-a03b0bc9fabb86e707cb.json,0004a922b8ab0dee32229dfb1305763d4ddfdaf2ea736c6458e53f8ee5d1c171,true,HISTORICAL_SNAPSHOT_VERIFIED,24d7e930f480f068f8a3a15c84523c64720f56eab31b3deee08047aba38c9825,24d7e930f480f068f8a3a15c84523c64720f56eab31b3deee08047aba38c9825,alchemy,infura,true,true,cases/ca2-a03b0bc9fabb86e707cb.json,02977b2d1f87736d078b481a152bc3a82afafe116dacde3fc5051d9e34127133
ca2-8a1aed9c839187cc890c,fpc,bsc,62e023a5056100424ddf34e0cc6edb9e52a90278f042ebadfd429e0aaaa099e9,cases/ca2-8a1aed9c839187cc890c.json,f27cde18a2403bfbe23db5274a47151774f0020739c5a472bb15e8c928c92d57,true,HISTORICAL_SNAPSHOT_VERIFIED,097f88a5d5a5b0574425314b82c98e4932bed1f73c00d4c9aca5091d8fd32b00,097f88a5d5a5b0574425314b82c98e4932bed1f73c00d4c9aca5091d8fd32b00,alchemy,infura,true,true,cases/ca2-8a1aed9c839187cc890c.json,acfe3078f3ed00b962538f50b2b59f63fbeb297454e6d04f6fabd0fc4c375143
ca2-40ca8a9aca77ecfbfe71,futureswap,arbitrum,bfb12059fdc948f071d1bcb1b60efb486e55c40fe190a7ecbe2ae8946621eb95,cases/ca2-40ca8a9aca77ecfbfe71.json,90e27fd746074582d030888a62d5118791db69bcde5706ba03eccb15922f620a,true,HISTORICAL_SNAPSHOT_VERIFIED,0fd1f2e0934f3720d9aadc972214e05c156b36108bf306be8e5cc750c88d887e,0fd1f2e0934f3720d9aadc972214e05c156b36108bf306be8e5cc750c88d887e,alchemy,infura,true,true,cases/ca2-40ca8a9aca77ecfbfe71.json,0f176767e082ae0d3e1013804a0aeb27f47b10567a200a1a16c2d828b241c86e
ca2-7a01249aabcf9ab600cc,gain,ethereum,7781ea0d97c3acae81610cfec5267f407fba5cc31d197a0e7eddd719be07a4f3,cases/ca2-7a01249aabcf9ab600cc.json,3a1dabc72f061775daef9aec5eb82c2cbdf54e65a0871487317a9a37ff0aa99e,true,HISTORICAL_SNAPSHOT_VERIFIED,d8659637e1cc301807b99cb4a9cb725c45bfa99180c795c1343faabf754bd77b,d8659637e1cc301807b99cb4a9cb725c45bfa99180c795c1343faabf754bd77b,alchemy,infura,true,true,cases/ca2-7a01249aabcf9ab600cc.json,ad732fc5fd0a5f98e6a99da19110af2a169149f21c11f0508e781719904b8679
ca2-d5c35ace73f1e0970aba,game,ethereum,1bc15c6a18502a00faba9e1c905daf31c830f111ad2e741dad9e6e79ef1a196c,cases/ca2-d5c35ace73f1e0970aba.json,99170fd930a43e336a2469bf16995ae9a21163464ba5dc82570a3156f8e5ee5e,false,,,,,,false,false,,
ca2-a5e7a267cfa0aa860481,gangsterfinance,bsc,a70f9edb3730df038ec15e1516f18113a178cc70be876976ffd34c3afbb982a7,cases/ca2-a5e7a267cfa0aa860481.json,433ed9290fea5c212ae98d7ac583bafb0ffbb02ccc66e56f90393dfe89cf176c,true,HISTORICAL_SNAPSHOT_VERIFIED,6b8b8258e2fb5c43a6081491a4f0f8334f0aa02a944ab3fc90822e54975b7c5b,6b8b8258e2fb5c43a6081491a4f0f8334f0aa02a944ab3fc90822e54975b7c5b,alchemy,infura,true,true,cases/ca2-a5e7a267cfa0aa860481.json,a56d2949c9ad69dc777b5eeaf6ff01ceb2401db2b4c5f56f56fbdae8fcb3fdef
ca2-21e1af0751214952c72b,gds,bsc,85e04af27c1560b27b2eef348f15cfbbef4f90b7ed7e80d614afd27d07b5d5df,cases/ca2-21e1af0751214952c72b.json,d5fb4b5b9a87f9611d26809587acfe210258fddd8956d9325e993790956548c5,true,HISTORICAL_SNAPSHOT_VERIFIED,72b43706f9a79c27496b52711d1fae99a03061eccd5200c35ce1acb5868bd69f,72b43706f9a79c27496b52711d1fae99a03061eccd5200c35ce1acb5868bd69f,alchemy,infura,true,true,cases/ca2-21e1af0751214952c72b.json,cfd13475fd0708fcfb6ff436507fe7687ccd59ae0cff6c37477543d00312e6e4
ca2-a04834244778519abaa1,gfa,bsc,45a39710e6af2467b834b1bc07d605b584b67d64dc7500d39639be8016b5daf4,cases/ca2-a04834244778519abaa1.json,8706525f21d38da0e388a91b31fbfbd7693c2504805b70a403eaa30834219cf3,false,,,,,,false,false,,
ca2-40ac2c3e107d3d88709a,goodcompound,ethereum,972c82ae07ce7fbbc707eb038a999f5e34fbba2d0efe4d9596b085a6214168a0,cases/ca2-40ac2c3e107d3d88709a.json,781eee5e20093a3ad7db7e7608fc6e3105bcbfdc33b8e57f96b032e156c0bc7b,true,HISTORICAL_SNAPSHOT_VERIFIED,b7c8726ba832ba535287a4472d7314b5dbaf3530a0fd45925e0f208ee69ee702,b7c8726ba832ba535287a4472d7314b5dbaf3530a0fd45925e0f208ee69ee702,alchemy,infura,true,true,cases/ca2-40ac2c3e107d3d88709a.json,372f92da102a8bd4a41f10bdf19fcc82dd8702f89a3710ac42a9c93f6fd847b9
ca2-77cd38b96a68c54afe71,gooddollar,ethereum,7321ac450ceebbfff09b630302f7da5d915230ea5eb522d377b441551a08c1d3,cases/ca2-77cd38b96a68c54afe71.json,631bb858c98495fa9cea05e35ecf659a5e2f19f889d3409967f76b42548aa134,true,HISTORICAL_SNAPSHOT_VERIFIED,7e93e3e20a1ef8c9bed20e1334da39023f86dea8f7ffbb1ecdbceb05b9054ebd,7e93e3e20a1ef8c9bed20e1334da39023f86dea8f7ffbb1ecdbceb05b9054ebd,alchemy,infura,true,true,cases/ca2-77cd38b96a68c54afe71.json,127f64693d113e9ab92194c9905e4c358b9806a0f70a93e7d6eecd4cffeb3104
ca2-197017d8b5918b4ce2c0,gpu,bsc,5a2bc61eb73a27d752d3e34445e15c3cf4e7cb7483b5ca71389bc13104f04d3a,cases/ca2-197017d8b5918b4ce2c0.json,fafd16f54b98e719b3a52c7fb99d3b5621f5ecef6c1908ef57f23e60e6937c6b,false,,,,,,false,false,,
ca2-7a492e8008e940fab9d5,gradient_maker_pool,ethereum,91266617e0c1eb5d93019e5c38883241cba65e0c15106d5d63c25e502afecedb,cases/ca2-7a492e8008e940fab9d5.json,4b3918407104ed01f1a7334a6a6a86200efd9e5f14d62ec773523b49c5d52810,false,,,,,,false,false,,
ca2-ce552f38ab8199ed551d,grizzifi,bsc,a04f42b8707c202611b454e3e975ded9f809e498fcda79b7fa69adc23b83bb30,cases/ca2-ce552f38ab8199ed551d.json,ab2732c1414243b4ace175c82008969719092f3c7f5e4a8ad364e2e4233996d4,true,HISTORICAL_SNAPSHOT_VERIFIED,80a899980faf8c9453f0f3cc72aee5a85dff40b8cdb419e9aa6b3bc04bc08d35,05467750173b24d242adecd835303cc30802151693ce38be21aebde4a1b44713,alchemy,infura,true,true,cases/ca2-ce552f38ab8199ed551d.json,63c0714c17e5bf65ca9c7e65af0b5cf4f1148aacfd94b49210d0200903416e43
ca2-e095e5dbb9687595e5ee,grok,ethereum,6af690fd8b18a307bb35f001b7555c70aed6e9b73413c366939fe0e38b91d710,cases/ca2-e095e5dbb9687595e5ee.json,d59543894b524b5b0fb18e8b078a6c10ea07f8f6f53d2f6207c7a1437f7795a5,true,HISTORICAL_SNAPSHOT_VERIFIED,877952f435c61125b47cd6e21f9b39e08f5e51eb10ed61a9059068e71bf1c0a7,877952f435c61125b47cd6e21f9b39e08f5e51eb10ed61a9059068e71bf1c0a7,alchemy,infura,true,true,cases/ca2-e095e5dbb9687595e5ee.json,d6b293f3cb09135b3aaf9a8c6b234e12e1a5d1663ec0caed013c088a0858abb5
ca2-0b66d50e994cba1798e2,gss,bsc,f7ced2701467fcf6e4826aa6891ae1463a148993b408c1e506ab5da63d9b0231,cases/ca2-0b66d50e994cba1798e2.json,fe3964339f37c726ffa96229c709a3e4238935f5a6c15d8d172c5e304c0d0b49,false,,,,,,false,false,,
ca2-2c7f349f1a1765272f4b,gym_1,bsc,ff1a47bc38bb90b3eb3dfcc13287744bfc87cd3bf6828ddd54f3ade5d47b2d75,cases/ca2-2c7f349f1a1765272f4b.json,200432b130c92cacd1d29e2ae9f494367e23fde6394dd7e194bc1cdaea499995,true,HISTORICAL_SNAPSHOT_VERIFIED,db7390cf76ddbdc1b057dcace675d03fe272ac49ed5d6165b11582b462d7ee57,610086cff53d4dbfa09ad607bfccdf8a440e7176ff0c7c33fd50c6e70b33180e,alchemy,infura,true,true,cases/ca2-2c7f349f1a1765272f4b.json,5e518e0e30346a5f650c7388cec3441c369e164cbc10c34cbb2d7f87994ddd06
ca2-a20ccf47b4d8c4cfab79,gym_2,bsc,fbc9f63a0d5a81b371eb51ccec52a90d1a924818acddf1be85f20c0402898337,cases/ca2-a20ccf47b4d8c4cfab79.json,1a2d4e39a72c5b4d3f3f67c39025c8b77c5f47603797374449ce0b2daa5d1a8f,true,HISTORICAL_SNAPSHOT_VERIFIED,15dae27b6643b18af1579768467bebc24eaf98ac0bb0065a313d5be38dd83794,15dae27b6643b18af1579768467bebc24eaf98ac0bb0065a313d5be38dd83794,alchemy,infura,true,true,cases/ca2-a20ccf47b4d8c4cfab79.json,17c71901857949a39f0b7682cc8830a2ecfa449f0fe2cd3e52d711214115f9b6
ca2-62fc7b9b9ac57e1b7351,gymnet,bsc,28c76dae47411151ec1263ea4b673c67c89ff115470c361d07a14f1e1472312d,cases/ca2-62fc7b9b9ac57e1b7351.json,aa028492e5237a5d0a4fb84732149b1f6383cbfdd3a6cca6d21eb9defbeb3855,true,HISTORICAL_SNAPSHOT_VERIFIED,15dae27b6643b18af1579768467bebc24eaf98ac0bb0065a313d5be38dd83794,15dae27b6643b18af1579768467bebc24eaf98ac0bb0065a313d5be38dd83794,alchemy,infura,true,true,cases/ca2-62fc7b9b9ac57e1b7351.json,6fdc2d69247f425ef6d38b5742290c038d5627780baa620e202cc165a78c9ae5
ca2-3e63d905e3ed3178d5fb,h2o,bsc,3e66dade10accb0810768f99419bf29a15e8d8d9b73db74535a86c74b41371fc,cases/ca2-3e63d905e3ed3178d5fb.json,874d82c1e01da14be08886d141f652a0f95e4a2be5a5482fc72a0918e3d17a09,false,,,,,,false,false,,
ca2-63262288a02b8ba46129,hackathon,bsc,65350f6e2df2236684eaa93e795a6b2e02b85f1c76e3e9e61650b82577bab268,cases/ca2-63262288a02b8ba46129.json,a771ac2430395b84301097e97bce338e4fd67286ec99ef79c97be021bc105ae6,false,,,,,,false,false,,
ca2-36def0144d519bbc5d86,hackdao,bsc,bc2511427b307f2c51e638f9c56d267734586bb3f4c4c7439eca135aafec087a,cases/ca2-36def0144d519bbc5d86.json,6da06dca784617ba4e80db8dfce3908805e5e4d996aff3e8ba62898f17c64555,true,HISTORICAL_SNAPSHOT_VERIFIED,8f4c07f1e5f63033ce1c4b01f8b7ce2bc8a99699a3da740de825c46fb17e3440,8f4c07f1e5f63033ce1c4b01f8b7ce2bc8a99699a3da740de825c46fb17e3440,alchemy,infura,true,true,cases/ca2-36def0144d519bbc5d86.json,627a866a0874e8df4c070c3bdc7dda749e456ac1fba24c93913fdc70c0284b87
ca2-03a929a60d6ca387d4bb,harvestfinance,ethereum,aeeae38f4d34dc8b04d42b85a4a84150d25f24cb673a80eb767dca5e39f321ad,cases/ca2-03a929a60d6ca387d4bb.json,c145822d7da10d7192d56494af7b68881692f98f1754f729b97a8b3ac621927e,true,HISTORICAL_SNAPSHOT_VERIFIED,266c1d37ec41c807b4f16b5d1263495db653875ae341b9c4630096f7c5edf424,266c1d37ec41c807b4f16b5d1263495db653875ae341b9c4630096f7c5edf424,alchemy,infura,true,true,cases/ca2-03a929a60d6ca387d4bb.json,9e5d0ee58de794f6a187dc6c56538714ade04198d19777b6b3f2352b5d6f069e
ca2-573d346bb7ac970e759a,hct,bsc,82d3f54eb9a7f2b6b8f9e7590eabe2637812446b7a9797a5ed4109bfe3cd99c8,cases/ca2-573d346bb7ac970e759a.json,afad6ac02b6760d502f554cbe033d82a90a810aa33b07c0b63ec447fe7fc72cc,true,HISTORICAL_SNAPSHOT_VERIFIED,4e80e96c4422b29cf75a0599b4f96d93b5e068d1612aa2670c64729a7430ff75,4e80e96c4422b29cf75a0599b4f96d93b5e068d1612aa2670c64729a7430ff75,alchemy,infura,true,true,cases/ca2-573d346bb7ac970e759a.json,3b9e3834aca23dbe9c8c044dd8e8679cd04f76ba2be26681037126385555f1f0
ca2-024816e85dcbd941c181,health,bsc,12f9b3e8dea10bf8624ccaf6ebdf4c39220ea5121f688fc3820bd36ea306b515,cases/ca2-024816e85dcbd941c181.json,3f4d82c79646cec0e78f38bcb344d6af9362b096386f01f12c0411866b71e710,true,HISTORICAL_SNAPSHOT_VERIFIED,c2457a5665fcbb7b8a7ddb8511f39342d0d28a9b832ef2a0ead30fbed02011b1,c2457a5665fcbb7b8a7ddb8511f39342d0d28a9b832ef2a0ead30fbed02011b1,alchemy,infura,true,true,cases/ca2-024816e85dcbd941c181.json,0c05a257958ad5408ef8ae0440ae4989537a97cbc198f470834e0809b01771ef
ca2-0214cb74200856148943,heavensgate,ethereum,625cd330e432ab1a36f41d10685914dacf343c4fc7d8f1c3781c1b79aa49efb0,cases/ca2-0214cb74200856148943.json,1608bc7d5106174058e0c47aa8592deef2d771a6e0a9dd66411bf102b5050d4d,true,HISTORICAL_SNAPSHOT_VERIFIED,187fcf84c0ed855aad034fbe4953b1fb881a9fa9b8611679dfa86ce2d8a4a0d5,187fcf84c0ed855aad034fbe4953b1fb881a9fa9b8611679dfa86ce2d8a4a0d5,alchemy,infura,true,true,cases/ca2-0214cb74200856148943.json,a14bb35db272506f00d49ce6506f2fd9e80d16d8303c655ebc8995c14de94ebe
ca2-4e64c62c912196653625,hedgeyfinance,ethereum,209631f9206116e533b74d480a57c4fcbc5843fb6eb3e1a08e5f9fca53b37f63,cases/ca2-4e64c62c912196653625.json,4c80feea037934c7636a9e7f4adf48d2e831b7d708ee3e1a433433b60331c5d7,true,HISTORICAL_SNAPSHOT_VERIFIED,b0c059df712302b1b89ca0eb4eb9e8526551b0c4f26baff11802d4e856ff9808,b0c059df712302b1b89ca0eb4eb9e8526551b0c4f26baff11802d4e856ff9808,alchemy,infura,true,true,cases/ca2-4e64c62c912196653625.json,bfdc9e35c7fad63e21eb8a77a5caaf5e1b9482b9061eaa2c5f23afa56396cfef
ca2-4d6568a7691d786971d0,hegic_options,ethereum,7c59e1027194b3ecc0128f8c3167aa9d675726d319587d6b72c2d35bab11fca2,cases/ca2-4d6568a7691d786971d0.json,85d7cbfa1028a00f22d3056b7c75959b2fa93d3cddc8d8814d723560211073e5,true,HISTORICAL_SNAPSHOT_VERIFIED,2ba5779181725e9303ebf681b256ba9c7dad338c43f7aa77d44b2df511b67586,2ba5779181725e9303ebf681b256ba9c7dad338c43f7aa77d44b2df511b67586,alchemy,infura,true,true,cases/ca2-4d6568a7691d786971d0.json,e3fa6ce1914a75f01fbe560d231b1d5dd28faac0219ee35800573b745e79831b
ca2-ba88d4267adf9e3ccd48,hexotic,ethereum,6c1ee167ff16770128b5091104ae6b160681219e7a3696b1269fa898ea969804,cases/ca2-ba88d4267adf9e3ccd48.json,4ccb9e4727ee02599836795bc59d01e69ce52bddcd90c18b04c16feac05d2187,true,HISTORICAL_SNAPSHOT_VERIFIED,c5c028ec07cfa7a98ef6c1936bd743a75ab98a89b0d08a83f31a6604826f1d84,c5c028ec07cfa7a98ef6c1936bd743a75ab98a89b0d08a83f31a6604826f1d84,alchemy,infura,true,true,cases/ca2-ba88d4267adf9e3ccd48.json,28bd3fe456748876ac45eca450c04852271cc9fda2789755e3b6ad6758f0f049
ca2-347a5ac7c8586f3866c1,hodlcapital,ethereum,60468c371274147bc0f59e157fd519bd1d38ddc95aa3f362171f5bfdcd71af6e,cases/ca2-347a5ac7c8586f3866c1.json,52db9655bd68fdb3285bab4f5590341a08718fd5e0f4e85af76e0f7b4e988f62,true,HISTORICAL_SNAPSHOT_VERIFIED,0ec57748cf90b0681f8948d85cbcc3d409fc06b70594dd70cb2e412c17059615,0ec57748cf90b0681f8948d85cbcc3d409fc06b70594dd70cb2e412c17059615,alchemy,infura,true,true,cases/ca2-347a5ac7c8586f3866c1.json,10df9d2e61c49b69c11e07a24d5617b39885e2e9dfc83253ee402dab854c63cb
ca2-6e5acd680aa3d14315b9,hopelend,ethereum,af5f4c234faf050bdea812b43eb1cd098cb69ce6bfd93da8e5e8024b903298b8,cases/ca2-6e5acd680aa3d14315b9.json,9284a177fadfcbe12ebda80895305a2aebff3f2314bc84d5ed79a348f20714e8,true,HISTORICAL_SNAPSHOT_VERIFIED,42f9e4cd0f0baacbf6ba919f91798b204f03fd26738a8458a4860da067ae5115,42f9e4cd0f0baacbf6ba919f91798b204f03fd26738a8458a4860da067ae5115,alchemy,infura,true,true,cases/ca2-6e5acd680aa3d14315b9.json,6d1f5bffe95394c97741179be8460494b816997b7c4d65d773579be5c017253e
ca2-d52c28a988ebe002c21b,hoppyfrogerc,ethereum,8dd124b9482cb4862b0a2ce1c6019d280880410b713f0813ec777363580dd786,cases/ca2-d52c28a988ebe002c21b.json,3fe4e07165e8a997a4045990f27bb8d01a555dd4237e4ae53e4c257441579820,false,,,,,,false,false,,
ca2-a04b6477783c9f312b9f,hpay,bsc,cc21f3d0be8e124615282f269769ed79169c1f02d4190db43458a6acc58a7454,cases/ca2-a04b6477783c9f312b9f.json,539a328e40c98308b5e74033b03fac667f7be67457ab8d2f1e0cf968bda05178,false,,,,,,false,false,,
ca2-196bde1bc084a841e794,hydt,bsc,fd5822874daf6325b2d9681d4e3c84d229f7c6e58c8c15b7974e6b00a3e87ae0,cases/ca2-196bde1bc084a841e794.json,beca3dacd937457c562a92905261795296a68278f53cd01c14f6262cbd55e2b3,true,HISTORICAL_SNAPSHOT_VERIFIED,33da876fa1c93951f1d4890ee8ebda84e6f9e2d20b86d36f2e4bbea8eade7711,33153239757d97d81974755a0374d4fb34295f0bed0cd199a4423bd0c780f63c,alchemy,infura,true,true,cases/ca2-196bde1bc084a841e794.json,b93a1a0a71fe0bb4d0a701d8bbfcea037e40a7a3519c1139627d8722895fb9c4
ca2-f52d9b4393b86654cabd,hypr,ethereum,9ebb6284d8d4998907a8ff9aa35765b1bc31fbd43b3e0a64f50de3028f0e6ca2,cases/ca2-f52d9b4393b86654cabd.json,56a461db165ced55ba8320f81fc8ecd8435420c16d8b21b9c4928f6d08efc2bd,true,HISTORICAL_SNAPSHOT_VERIFIED,f7769911d8c1123b24999ffaf75a173a00916ddf057904267583940bd33dc61c,f7769911d8c1123b24999ffaf75a173a00916ddf057904267583940bd33dc61c,alchemy,infura,true,true,cases/ca2-f52d9b4393b86654cabd.json,31faac47ec4cb6d5f40517b22d210cca1c3a02fbf38e4051627da20eb871337e
ca2-5675dfa92c14429a4b9f,idols_nft,ethereum,c5c91e22ea594bd084613e4695ae418c13eed8f590ab0c131abe87b023b3a11a,cases/ca2-5675dfa92c14429a4b9f.json,d4366f7b5ba23b7a465a44d4c0bbdb6ac4e0306aba1a1fc4b18cf7a409baa294,true,HISTORICAL_SNAPSHOT_VERIFIED,fcd5c6e10861e138af63056ee7216772156907d4f8e1045c2fcc161bc31944ea,fcd5c6e10861e138af63056ee7216772156907d4f8e1045c2fcc161bc31944ea,alchemy,infura,true,true,cases/ca2-5675dfa92c14429a4b9f.json,a94c10a3a6ab6bb2d358fa7b4abed61e79d5fbfa655a02b6054659dabf429543
ca2-42413804b9b826875275,incufi,bsc,f0a4cfe06d238045e8c840b0ef32816fd5be60420cc77e6bea96859dd58dd9d0,cases/ca2-42413804b9b826875275.json,5587bf5f0481b67de96b8818ba5ead71dd64328a01f67bb732822f6836158376,true,HISTORICAL_SNAPSHOT_VERIFIED,04a51ead2f4ee3bfa3138a488fdc6045c04f719ed66358533836517fff31073b,76f0397d1c11cd780b397c00111d5d0bc4474c9def293fda301779c56d79af98,alchemy,infura,true,true,cases/ca2-42413804b9b826875275.json,86d5a781da4e9229d0a66fce02b79c8e07cf877a1fe66a4f260a1f08277a4353
ca2-9f5117e07b7b2d16ed22,indexedfinance,ethereum,b5870da7bc6d122cd139aac2ba6ea388e212d4aaf519857fb7074c2fd90aaea3,cases/ca2-9f5117e07b7b2d16ed22.json,8edbb8a830482b31340e36b3018b361d80028d52e6996ffb3679da325e0dc7a3,true,HISTORICAL_SNAPSHOT_VERIFIED,9cf7d13e536284caf2196b286dfb4de8143415f8fe2ca9bdd03d71ba74784f07,9cf7d13e536284caf2196b286dfb4de8143415f8fe2ca9bdd03d71ba74784f07,alchemy,infura,true,true,cases/ca2-9f5117e07b7b2d16ed22.json,dbb9f5b64ef5d16b1865d9c5800d720f8f95166bcd937242bfd3a4c8e21f2af2
ca2-7741e8a9a71601f098a4,inuko,bsc,690c7463cb9acf6cd9294e6ae8271c86465d8102407ff1a9e03c42077916d377,cases/ca2-7741e8a9a71601f098a4.json,7829506d11380c6d9d0ccbc9beb8d35566d0860c30f6a1a86440d54771c9fe1b,true,HISTORICAL_SNAPSHOT_VERIFIED,c9bdf99d5f831f008a950a161281c7f76cca236fa2a095e6bf13c9156759ff76,c9bdf99d5f831f008a950a161281c7f76cca236fa2a095e6bf13c9156759ff76,alchemy,infura,true,true,cases/ca2-7741e8a9a71601f098a4.json,d0082b3f7fc909a4fd0d436f2afda09acdd9d28d40a959b8df5d915b7d277d12
ca2-de6d0211681a69ea1f52,inversefinance,ethereum,0153bb8199d3ea37ce8ac49701eb841eb1ea421126fd295beffbd9a86e62fef4,cases/ca2-de6d0211681a69ea1f52.json,84e911a08aedbeb0adaba0f867933d299d156709d2f874428162e6344d2c8e1a,true,HISTORICAL_SNAPSHOT_VERIFIED,dab9df4f0d30b256533554274e5d97fb6635373a64ed9e4624387105364f25c1,dab9df4f0d30b256533554274e5d97fb6635373a64ed9e4624387105364f25c1,alchemy,infura,true,true,cases/ca2-de6d0211681a69ea1f52.json,1277b4e5eb456df839cad5734b248f4e687ae0daae20809aafab923e879b2d51
ca2-dc0f5864cf0c7c7db3d8,ipc,bsc,1438abbb8262bbd3024ff224899945c7cd7a5d09baa486161db6be8ab29d4388,cases/ca2-dc0f5864cf0c7c7db3d8.json,f866d8aecd4c8e55f9e2da8ad7bc2aaf00129778c62a976b6136f0be384c35f1,true,HISTORICAL_SNAPSHOT_VERIFIED,bc14f4bb992d4eff454f619d240ce6382c8154d168431b0fb3457fa3551423dc,bc14f4bb992d4eff454f619d240ce6382c8154d168431b0fb3457fa3551423dc,alchemy,infura,true,true,cases/ca2-dc0f5864cf0c7c7db3d8.json,f49f5eb8d2903073b7b562df4d29ce0909fc69d5a71bcb50127012ec937df30a
ca2-f1d9fe96345245fcc08f,irys_ai,bsc,fdf9b4259328f601ba2fd079e4bc0660027f7a2f9e4c4ba6f8e76fa48fb4243b,cases/ca2-f1d9fe96345245fcc08f.json,3268093fd699cf424aabae7e72911c25fda473f94bfe1d971a0d61645dd7e5be,false,,,,,,false,false,,
ca2-5293bf48f2bcc29baaff,it,bsc,419511ac282d94b17faffac361aedccee25648d0c669c102df3092bea9e1d51d,cases/ca2-5293bf48f2bcc29baaff.json,7acb24f95d4e25199d2f0859a18cf3ce20fa060e1681705a6684279ef0f6e036,true,HISTORICAL_SNAPSHOT_VERIFIED,053f0bb9e8b64df5a799f5c86ff879f3405c1ebcca6e6b5df7e5a2e489801927,053f0bb9e8b64df5a799f5c86ff879f3405c1ebcca6e6b5df7e5a2e489801927,alchemy,infura,true,true,cases/ca2-5293bf48f2bcc29baaff.json,2ea14c934fc1e8e1ee8bdbc66ee4d781e0a156cde776c9165b03821d31479543
ca2-00003c2c7afe8e9ef32d,ivestdao,bsc,20461079d66ebc19cc62543b704fbd2dfd100728065208b28fa87b3aad88aff6,cases/ca2-00003c2c7afe8e9ef32d.json,cceb578aa1be8395c451135b99885bc6959270b2593d4700a6f7a140a1a55833,true,HISTORICAL_SNAPSHOT_VERIFIED,aebfc51c036283bdbf3d3daa7e8334fcbd09906ab6083d62bf0bb1d2877c4930,aebfc51c036283bdbf3d3daa7e8334fcbd09906ab6083d62bf0bb1d2877c4930,alchemy,infura,true,true,cases/ca2-00003c2c7afe8e9ef32d.json,d643c14c5296dd3aba1c0fe1fbc91c6d2e49e2d2c76538b9e6e11cd65192f646
ca2-bc3880c8e3766b6a9ca4,j_pulsepot,bsc,dd9ddab6f2682fe7b015693f5a8c0635c07279f92bc6fc158a51328f293eb0f7,cases/ca2-bc3880c8e3766b6a9ca4.json,fd340b7d8f5d3525b801243245e45107d18d706597f448fbee33ed2c32f98cfd,true,HISTORICAL_SNAPSHOT_VERIFIED,c7bb88b1ccf61feef8d2aec93751a0be1267427f7d75cacc268fc04f499661af,c7bb88b1ccf61feef8d2aec93751a0be1267427f7d75cacc268fc04f499661af,alchemy,infura,true,true,cases/ca2-bc3880c8e3766b6a9ca4.json,edd17969e901994206b6bba677ae4804e9fd04d3b85f71671b7a418989a562c7
ca2-3d7964746397bc97e185,jay,ethereum,3ed79f4f1f4cbb254b75ae339b4b3052d826dd83a180a0c86288402f6f33f00f,cases/ca2-3d7964746397bc97e185.json,f77118de9c34e0c2656ebaff7d2c85d14dc381428b05becd5e2177495c767a52,true,HISTORICAL_SNAPSHOT_VERIFIED,2336cc49fc7e749facba0359bfc3da7ff5960060e55bbad5636cd8ef7ab18d41,2336cc49fc7e749facba0359bfc3da7ff5960060e55bbad5636cd8ef7ab18d41,alchemy,infura,true,true,cases/ca2-3d7964746397bc97e185.json,38daaa5a7f3cd4cc2337cf7d856576e64b0442a5a46101b0623e5ccab92283f6
ca2-eaf1e84be2ca5fa8830a,jokinthebox,ethereum,a9790ed9af353aeb965d6881dfaaea809ddbdaafa93be394e9e729d3135bdd82,cases/ca2-eaf1e84be2ca5fa8830a.json,7317a16ed7df59650dd7acd86a6a0c6ad2d8f70cfd2513ab426496d400ab2a6b,true,HISTORICAL_SNAPSHOT_VERIFIED,d1638ae79c84baadb2b1349a942288b00b3a3396b019ae9170d0bdf2cfd570a2,d1638ae79c84baadb2b1349a942288b00b3a3396b019ae9170d0bdf2cfd570a2,alchemy,infura,true,true,cases/ca2-eaf1e84be2ca5fa8830a.json,6e58644616e5444e2961c4150e7b6ddbbb1549b8bf5c6a29b2ce5a1f309fdecd
ca2-d5a550e862cee1efa2a8,juice,ethereum,26910024659538e03dc4d68fdae41eb69bf1bdc8e889a67c839a370649180401,cases/ca2-d5a550e862cee1efa2a8.json,222a7128f77a507c62e5fc97936a1888ebcc3744af9d94c2b2e798c613ff73fd,false,,,,,,false,false,,
ca2-a517ebcd851bcd0a26cd,julswap,bsc,6d7b5fec8085ac6cf96b12d6835b6d006e28c2729bd9b80e06ffff80c8f68c13,cases/ca2-a517ebcd851bcd0a26cd.json,b74b016ba9f793a7570e467a579b30ad97f27af6f50efac3504fb24467f4449e,true,HISTORICAL_SNAPSHOT_VERIFIED,9a496637643cd14095dfda71ec9ff5ef2d35a9056662e8e259118bb98ba47be1,9a496637643cd14095dfda71ec9ff5ef2d35a9056662e8e259118bb98ba47be1,alchemy,infura,true,true,cases/ca2-a517ebcd851bcd0a26cd.json,4dffdc7989235ef4e5f0114918d9d18e03ee016f9851987a346896ca2aab9535
ca2-f4910903d7134e1d631f,jumpfarm,ethereum,9572db0c5831a4025e9af19f1d059de35e00bc9a2639048dbc7e225240c2825f,cases/ca2-f4910903d7134e1d631f.json,c36f11c6f739cc73fac6db1b4e3e6af22906a6576a286c1d876aa4e2c470ddda,true,HISTORICAL_SNAPSHOT_VERIFIED,4fdc1210ca23c91be5480f8311629b4c380608cc1b4846c5a7a48a28111d8a27,4fdc1210ca23c91be5480f8311629b4c380608cc1b4846c5a7a48a28111d8a27,alchemy,infura,true,true,cases/ca2-f4910903d7134e1d631f.json,2458ca1ebc79b5b638eb495d1efb47ba79355d28912e51e65896fbdcb0ac9fa6
ca2-2ba749707a4aa17e7fd0,kashi,ethereum,8b5cda7e219a571e8f215ce2b886be708f81991b97e32b9ce5414e32fb9d59d1,cases/ca2-2ba749707a4aa17e7fd0.json,20e7c98d49cf8d217548c76b45df333ce378faf7a68664819b2cdee2fbb0844b,true,HISTORICAL_SNAPSHOT_VERIFIED,3d3635856d11bef2271d2b6f182d4ded89876875447665f9e49a1683afbfcb12,3d3635856d11bef2271d2b6f182d4ded89876875447665f9e49a1683afbfcb12,alchemy,infura,true,true,cases/ca2-2ba749707a4aa17e7fd0.json,dc0007ee22ed4954330100ab484a4fa1c92f0fbc9a46e971fb1bb1680657e014
ca2-1769b603523b156d5e27,kest,bsc,10c4853ce458f35ad9cb12ae13f14450482a0c66f24f5ced4b3f31cac18dfe58,cases/ca2-1769b603523b156d5e27.json,eb7c9e1817b30c33ec8fd1be7f3fc8f2246b7644a12597c6074c0701a0385f23,true,HISTORICAL_SNAPSHOT_VERIFIED,efbd75ba46a04f4827f7077a5782b7e3e9de6e0a183e1bd2f1942c813c47569c,efbd75ba46a04f4827f7077a5782b7e3e9de6e0a183e1bd2f1942c813c47569c,alchemy,infura,true,true,cases/ca2-1769b603523b156d5e27.json,db97f7b7b811408832994db17fb0827cd01360c43f9366a7351dcf714be7a11f
ca2-30c70897da96155884e4,krc_token_pair,bsc,98ef4d8b82c05db7ecec1a2abf01234742a99192308c4e7b26d79783c7cc3eaa,cases/ca2-30c70897da96155884e4.json,76b765ec3275ce3a0d84c3fef951a7f9539e882cbf4a1ece55b1dbabd0d6b93c,false,,,,,,false,false,,
ca2-5c6b3bca3311000683b6,ktaf,ethereum,d15bf5eca897ba6dbb3cd2d874a363ffbc263ba0dc7a949eb3e505c7c4dd592d,cases/ca2-5c6b3bca3311000683b6.json,25d5b8b47e7db21ed16ae4d2d8ff0fbd9fed8cf78a01ba0a3ee2855db6ab2495,true,HISTORICAL_SNAPSHOT_VERIFIED,6880e7d919988f4562353ef7fba7d1d9b23bb59be1585628dbc207b665255031,6880e7d919988f4562353ef7fba7d1d9b23bb59be1585628dbc207b665255031,alchemy,infura,true,true,cases/ca2-5c6b3bca3311000683b6.json,222710727854c8c09ca8f4e5f3f05dda8688bf69adf1f1a840480a62fa6bf987
ca2-7455b4981f74c1b4c51e,kub_split,bsc,441b0671dc4dfe837680e4e3fa4e2e59a010da8c410b3ef22f82c913444608c1,cases/ca2-7455b4981f74c1b4c51e.json,0410a857bd4e1084a0898a50e0601fe9c418f0ee2a3e41ed8771da7ad9b16c44,true,HISTORICAL_SNAPSHOT_VERIFIED,a2bd5902caed3d783a239ddebed77a070fc88e197f73981c3c19b4afb9d96c34,4fc3d34429245e61c0989f70331674168ead2825dda1b9b273cf87c975932566,alchemy,infura,true,true,cases/ca2-7455b4981f74c1b4c51e.json,f529709ba29456163fc7271d995ce7eb7b181475efe7314a6648e9b5e173faba
ca2-8dd7451bbe256eb45bfb,labubu,bsc,5354fd55c1c1908dda36870fcf345e2d0ae777af12044d3ff90dd0063717f653,cases/ca2-8dd7451bbe256eb45bfb.json,a8037b567d198e908bfca29b2fac82af37c8fdbf6629097c585ca997021dd2b1,false,,,,,,false,false,,
ca2-99439e8d086734a4e7a2,laeeb,bsc,e5ae4e5d7ec34362924e46e5c6fdb5f3e93cd41ea90b92f140e92730843d4572,cases/ca2-99439e8d086734a4e7a2.json,37068c9912426b5489c0fc7ba111fedf24228bf7d2c6ac7b8b2ef2c76103cf00,true,HISTORICAL_SNAPSHOT_VERIFIED,f8cff8e0da91058019234a26c82215b4eb4a5f8c2ef023cd788454e94239b594,f8cff8e0da91058019234a26c82215b4eb4a5f8c2ef023cd788454e94239b594,alchemy,infura,true,true,cases/ca2-99439e8d086734a4e7a2.json,caf965c5eee0b61af874ed3a3ee3a58a5b79500980b10777c062ccb12e4104a3
ca2-b47e7dc1b2b6c8992cce,laura_token,ethereum,63b7133501148f3eb8d921a1c40f98769b9f005d34ab8cdd61c0ba90d22b1802,cases/ca2-b47e7dc1b2b6c8992cce.json,c5094950fa3e3dc7d64eaf55ec32c53b0e42e634a7dae917a95c441fe36b339f,true,HISTORICAL_SNAPSHOT_VERIFIED,231cbe3e0d9e6743e2352adfaebee0f9c66e0975ca9fa707b9033e229b8c6df9,231cbe3e0d9e6743e2352adfaebee0f9c66e0975ca9fa707b9033e229b8c6df9,alchemy,infura,true,true,cases/ca2-b47e7dc1b2b6c8992cce.json,de54c8b3f92ee1e0efcfd01240a447d7b628b6ff10c09b0f0fa97cde640ace4d
ca2-f4a91ff1efea083dedab,laxo_token,bsc,8a66e26afb84ee3ebd4a896ce81062b210c3b277421aafae0811f7ec100cfb2d,cases/ca2-f4a91ff1efea083dedab.json,da42d6d5e4d36bf2b2419655f490e834b9bdf0d31e1b6d7c0ee8056fa51162ab,true,HISTORICAL_SNAPSHOT_VERIFIED,443ce71b6e592da17a0cfade7e508b6f2b2c6bd1c43f09814ad6b06a33d1bba7,443ce71b6e592da17a0cfade7e508b6f2b2c6bd1c43f09814ad6b06a33d1bba7,alchemy,infura,true,true,cases/ca2-f4a91ff1efea083dedab.json,28f802ef5a43e57ee4746c5c24bc5bb927af62053231975e8b2cf0ea91abfbf5
ca2-d5e2d826f6d08f10011e,leetswap,base,7281336fdd8f09cc99391be3cd0ca9c11ecd67026ffb2154c040d9b5070a6717,cases/ca2-d5e2d826f6d08f10011e.json,6e99c6dd0d4d2a9e7e9eedf3fcdab7fa73c6c70e92accfa03510ec791ed80ce2,false,,,,,,false,false,,
ca2-57582b3e77f95ed74d3f,lendfme,ethereum,8e3ad296184bd47799672c3ffb1056f1bb5e37938c7e15484c6719eef6ec881e,cases/ca2-57582b3e77f95ed74d3f.json,5b3e5f9b6cfd8fdff5e2abee1f4a1ce6c47be2e5361ca21ed31b1495e64b8561,true,HISTORICAL_SNAPSHOT_VERIFIED,11accbb9915433e78eb1dce63c78c0dc0cdc212bdcfade1adf8571734829d0c0,11accbb9915433e78eb1dce63c78c0dc0cdc212bdcfade1adf8571734829d0c0,alchemy,infura,true,true,cases/ca2-57582b3e77f95ed74d3f.json,91e4ef560f3b4f64c9d00efb9996ef86d4ce314bcb3ae23a381e3015dfbc5256
ca2-001b14467ef9b84b416a,level,bsc,8593f6ebfadd0ce4c71b05c6d4e566190089f87692ad006b415ced7c71383a53,cases/ca2-001b14467ef9b84b416a.json,3caeff8f8d79d95d518961f96be9a58b29afc2f5f38c8c10be9f76d7c9c0eedc,true,HISTORICAL_SNAPSHOT_VERIFIED,5a13b1673529cd31ed477446ccfcd0763b0861d125b90405f2deccb24fe9a63c,5a13b1673529cd31ed477446ccfcd0763b0861d125b90405f2deccb24fe9a63c,alchemy,infura,true,true,cases/ca2-001b14467ef9b84b416a.json,0b4a609eb8f282cd7661b1560eee2ffa8c0d94a7cdca7ec91065bff102200190
ca2-b917178685db1ed39d90,lifeprotocol,bsc,45671d1341e2bbd7a85abf4049d56b82dc8cac5735dcef30f0dfc901129d6d07,cases/ca2-b917178685db1ed39d90.json,87ef3715b065534437b5ea54e6d9af5c37460855e2a3a34bbfa154fcb80afed0,true,HISTORICAL_SNAPSHOT_VERIFIED,a3873737ed0df5f2050bfc696aca9c1cf04fb5298a745f0cbc1b6dd47ee368aa,a3873737ed0df5f2050bfc696aca9c1cf04fb5298a745f0cbc1b6dd47ee368aa,alchemy,infura,true,true,cases/ca2-b917178685db1ed39d90.json,bd89dcd9d63cb2e635fb9f02ebcae88da17ac07dbd8b597844b094bf61fd013a
ca2-deb8f1653a1510fb4c48,lifiprotocol,ethereum,4ae3a1d2fc97c844790a4bc2074260e8bae1c2ba782cd9f0fd36c55fa144eadb,cases/ca2-deb8f1653a1510fb4c48.json,2f6e3bfdfdd7648046b644ffc8f39d9b3599113d2a1d8fce6fbcd3a647f174ce,true,HISTORICAL_SNAPSHOT_VERIFIED,a6a5b8b89f4a80b5b8d707e261552ed9ece20345e73e5e1dce614cec69f71cd4,a6a5b8b89f4a80b5b8d707e261552ed9ece20345e73e5e1dce614cec69f71cd4,alchemy,infura,true,true,cases/ca2-deb8f1653a1510fb4c48.json,d18027a4b637415f80867ede52b1973684969477d68d02ad1502b59c48b10014
ca2-33876c68131f30cf0f4a,liquiditytokens,bsc,2132019dee582fed34c990e9b1d824e20cbcbc4cd2a364e5c1b64a5efc8ad16b,cases/ca2-33876c68131f30cf0f4a.json,18b113e734f1711e45fbde0e4095b197dd1994a66cda84263d7c9535ed8e3e43,true,HISTORICAL_SNAPSHOT_VERIFIED,03f16c995c17b4ef7227c4f8285b965ccbcfd54693a06c6bd7d9a6a69b3c7367,03f16c995c17b4ef7227c4f8285b965ccbcfd54693a06c6bd7d9a6a69b3c7367,alchemy,infura,true,true,cases/ca2-33876c68131f30cf0f4a.json,86f450df67e1cd0ff410ce763c4747fd0606b988615f54518eac0aba4d740655
ca2-969e97a830e1fdab4f58,lp_mine,bsc,7be71a3bf3b10229a6258dbc57c4177b54761e85d806da98be46c3155353cdc1,cases/ca2-969e97a830e1fdab4f58.json,97da3ef176314013286de46ecfc6f5ed3fa3d405cc21345c765516ba3310a1dd,true,HISTORICAL_SNAPSHOT_VERIFIED,f55ddb46cf2f8570b5fe0067fce3504f12a4a3109fabf63c7d4c66c94ca27528,f55ddb46cf2f8570b5fe0067fce3504f12a4a3109fabf63c7d4c66c94ca27528,alchemy,infura,true,true,cases/ca2-969e97a830e1fdab4f58.json,fee7c329eb00edd159ba48d50b3cc9168925e9d7f4a20f781c98a81254b30627
ca2-14f7f1899d2468d3cabf,lpc,bsc,e70418d703e1a3cebcd9f3b089eb7371fc6fa09433f8b1da0e08155138b988e7,cases/ca2-14f7f1899d2468d3cabf.json,ab7f08a9d6e48a729f4bf84b72b31402861fd78696acdf14407c005c50c5d2ce,true,HISTORICAL_SNAPSHOT_VERIFIED,569fe9a4c8470adb3d376cbac5158d2088e9472b1114f178ff8bf1b98e1dd557,569fe9a4c8470adb3d376cbac5158d2088e9472b1114f178ff8bf1b98e1dd557,alchemy,infura,true,true,cases/ca2-14f7f1899d2468d3cabf.json,ddf824d2eab902c5b3d8720cf46266c2dad0c138f3f298b7092b7ad8fe6c3860
ca2-dcbeec1a974442a079de,lqdx_alert,ethereum,4568a79605bf018bf6c7c7aefaccb2ad804968419a55695e9f52253733934f18,cases/ca2-dcbeec1a974442a079de.json,7a074a0ad4a710e0a823aee5c6d0d26801287a47d8c21b4cc3aa599956146494,true,HISTORICAL_SNAPSHOT_VERIFIED,b3b2785f8451f7720c799e7101d185d9747d38ea1af925ae20c1a9ffcc215d11,b3b2785f8451f7720c799e7101d185d9747d38ea1af925ae20c1a9ffcc215d11,alchemy,infura,true,true,cases/ca2-dcbeec1a974442a079de.json,b94ef3728be1b72b80e935da4f2e96adce8713b62de631ed029edbf5c024975f
ca2-da248926cc32b52fc5ad,luckytiger,ethereum,23878a940cdfea9397f3f7893e0866137d61f7253e8f59be60ac8389e141eb37,cases/ca2-da248926cc32b52fc5ad.json,7e72f98e0a542457ecd568b22629f4f10999b86c1de635894fd09c6d69cc0225,true,HISTORICAL_SNAPSHOT_VERIFIED,fa5bc2ed02f04aff336582021c1372027aca7bb5b6776d6b501a94db51064115,fa5bc2ed02f04aff336582021c1372027aca7bb5b6776d6b501a94db51064115,alchemy,infura,true,true,cases/ca2-da248926cc32b52fc5ad.json,41a8bb95c00e56f53c08ed05ebd310d84472be3a9083c22c7f29a721a96c46b0
ca2-eafba3ad227d4a51d107,lusd,bsc,cf31523acb4243d93938e66963ed126fbefaf4c20b08f94d516a2840754d4154,cases/ca2-eafba3ad227d4a51d107.json,a3c47b208f768398132a026b566beeb10b428a50a67e3deb97b5b4b86da8c216,true,HISTORICAL_SNAPSHOT_VERIFIED,0f5ea78fcff3865b902e42987d3758b16fd80286d8f31b4145d3538066028a9d,0f5ea78fcff3865b902e42987d3758b16fd80286d8f31b4145d3538066028a9d,alchemy,infura,true,true,cases/ca2-eafba3ad227d4a51d107.json,e87d122a5470c09b1ed50d60cd59572bb7d1bc1297c23b2e35b2206708844ae0
ca2-e54f2002a25549da55ac,lw,bsc,db82505db0693728a6e5745898cb9808b7eed374f895291922f08a07ae4ff058,cases/ca2-e54f2002a25549da55ac.json,16371467bfa45e5d7fb9b1c912c877283ddcd60388bfc56d907958199be09c27,true,HISTORICAL_SNAPSHOT_VERIFIED,abdcd762a55ddfa47d149376672338a4c979c49795689bfabb990035f199f333,ec39a630b02491a7de244a4452efbb523a765e428c4cac4011face7f0d08395f,alchemy,infura,true,true,cases/ca2-e54f2002a25549da55ac.json,5bce3a2afc4b37d417a2e6f13fb279e7e34e070cbdee36ab480d6ab96d5ff074
ca2-c68ae49271ecb40a17be,lw2,bsc,f7fb8071d42fb6bf73986f8cd0caf20370122be406416600348ea0869aad9e8f,cases/ca2-c68ae49271ecb40a17be.json,7daa28d57ce5c014ea9238f5262b7e12570405f33000b447695597c8f571aff7,false,,,,,,false,false,,
ca2-af464f834697310f7d30,mahalend,ethereum,2ffa5c4b6f90e6902a1170b4dfe75fac14f31d05bfab4a94def0478e554189a8,cases/ca2-af464f834697310f7d30.json,00afd1b8889503fad13416ff081c9043cfbca7aa2d352ed12b65ebdfc1948810,true,HISTORICAL_SNAPSHOT_VERIFIED,d39956ca32c5303da84941c9edfec3e6d9af19e547343638a5d413f1e263a924,d39956ca32c5303da84941c9edfec3e6d9af19e547343638a5d413f1e263a924,alchemy,infura,true,true,cases/ca2-af464f834697310f7d30.json,60ddfab4b66eac5a183b84a5e6a4627a5ee0cf780ab1aa671dd5377ce300ae2c
ca2-f39ef961ac91c6d34016,makina,ethereum,cdc1cf3609dd1724573d12c3191c856d0e818a72a2ec7997de1701f41083038b,cases/ca2-f39ef961ac91c6d34016.json,e1adddcc01623e1fd1911bcc939a290cbcdbf53c7c79e724b8d49160584aa46a,true,HISTORICAL_SNAPSHOT_VERIFIED,6c527b6a81d6b88d857fd3f7699be3d1496ba5e34dce6846f93367f0d02029ae,6c527b6a81d6b88d857fd3f7699be3d1496ba5e34dce6846f93367f0d02029ae,alchemy,infura,true,true,cases/ca2-f39ef961ac91c6d34016.json,6c325fabf4af63ec2db4608c609fdfa1e680a554fa0808515b05939dd9a4fd6a
ca2-6bc7737cc67404ed8f62,mamo,bsc,38fb3f8cdeec21c9bff60993630c18e8dce2e293606dff8749b5f571d617fc45,cases/ca2-6bc7737cc67404ed8f62.json,9e3adace49fafcb9562ab6a31e01de1f15733f03199a81f5da4111efaee5bfc9,true,HISTORICAL_SNAPSHOT_VERIFIED,aebfc51c036283bdbf3d3daa7e8334fcbd09906ab6083d62bf0bb1d2877c4930,aebfc51c036283bdbf3d3daa7e8334fcbd09906ab6083d62bf0bb1d2877c4930,alchemy,infura,true,true,cases/ca2-6bc7737cc67404ed8f62.json,1eae0f0939080a85aad549f283951bdcad52ed69ea4d041870a6c4a56925f7f3
ca2-5c60ed4125f7ab7d31ea,mbc_zzsh,bsc,6f3f619e497a8632457d6467a6840c2b505a3061f9f21a06558505dc3010a680,cases/ca2-5c60ed4125f7ab7d31ea.json,8bac56c12504bd6da49726892fa73f8be542f3fb71f45926e5cfb0860871f2c6,true,HISTORICAL_SNAPSHOT_VERIFIED,2313e4efb0d376494f0db9025d39f97ab9311f778fd2afe7b8a270ececc84252,2313e4efb0d376494f0db9025d39f97ab9311f778fd2afe7b8a270ececc84252,alchemy,infura,true,true,cases/ca2-5c60ed4125f7ab7d31ea.json,676c4d2bc611d6139ca9580d6b6ccf01a4ae66c137018c5f508d88bbb0e727b1
ca2-bdda6e92a5771cd2e1b7,melo,bsc,88eba0ce902996906112ec20505b156b6c71493200e3829039ed3afa15b01a97,cases/ca2-bdda6e92a5771cd2e1b7.json,ff9d6e086a7239089e426aaa898ea4fd2704d1b3e71913815cd23ca7d6994705,false,,,,,,false,false,,
ca2-aa4fa44d86c046a9915f,meta_pool,ethereum,b79e022efbf413b0b87ac796aebc135219d6848bd2eb427c7b4522c2bf54ddc2,cases/ca2-aa4fa44d86c046a9915f.json,5e0348716f921f132317db05c6f630da279c4b4d7f251c36e2de7bbc12fc1baa,true,HISTORICAL_SNAPSHOT_VERIFIED,3eb1a515034d6c42e749943bcf0615b40b563d9a7249137c39dcfc4b753a584c,3eb1a515034d6c42e749943bcf0615b40b563d9a7249137c39dcfc4b753a584c,alchemy,infura,true,true,cases/ca2-aa4fa44d86c046a9915f.json,d9bf7078772e592c574c0e7b763ca9e9cd94380a6e16a63bf704c9388102f032
ca2-9896be8cb2fd2c2b336c,metadragon,bsc,2dd7b3a39aa45411b1947cc583b4f836e1b37f9cbcac4e70aa64b54c7e68461d,cases/ca2-9896be8cb2fd2c2b336c.json,c0e8ab28f6eaf9c569f78faaf3bc41d658b1c0f99c072374dba46a2f6b884e45,true,HISTORICAL_SNAPSHOT_VERIFIED,2001185129a8357e3552aba5254f7d5db5d3442ba9967d132789f9129bc9caa6,2001185129a8357e3552aba5254f7d5db5d3442ba9967d132789f9129bc9caa6,alchemy,infura,true,true,cases/ca2-9896be8cb2fd2c2b336c.json,7ef328c6457e40636985483a499e69d27969292088b5bde084b104261f75e044
ca2-a17aa054e6a4e68a65d6,mic,bsc,3461310b9b0cb8ca1b4f101ad942f375b74ee04e12ecdb839109d13e320e4f40,cases/ca2-a17aa054e6a4e68a65d6.json,1953de8870364731b4e84d11005d4312039f982bab46149b65099e2727fa4d04,true,HISTORICAL_SNAPSHOT_VERIFIED,b5780b9fd93e2c5adb04fda77f7c7ed1282af73540a18f8745db47a0a2626832,b5780b9fd93e2c5adb04fda77f7c7ed1282af73540a18f8745db47a0a2626832,alchemy,infura,true,true,cases/ca2-a17aa054e6a4e68a65d6.json,445aba22d53bd18f67abda3d1c834566eff59553d561196f9342cfe93fd9140a
ca2-e24739584c716694ba60,mim_spell3,ethereum,aeb2b37ea71b0fd2340e6891fe198c4087bd8cc44c6680676f6e09bc380cd7fd,cases/ca2-e24739584c716694ba60.json,2d417276c2f1394c2a309b68e7f06bde51db28ad59003245e415fa4967a9d3eb,true,HISTORICAL_SNAPSHOT_VERIFIED,6a20fd5413ea7a8a6ebe9d31a9dfe78c4795431d772a3728410710757ae92f3a,6a20fd5413ea7a8a6ebe9d31a9dfe78c4795431d772a3728410710757ae92f3a,alchemy,infura,true,true,cases/ca2-e24739584c716694ba60.json,d91fe9e3ea4a88edd9963c3c88e6f0447a57089adbc0d439a3811d2263d3d715
ca2-21ac1c8056ff7df162a8,mimspell,ethereum,8f2bfca4ddd883330ed7ab0b75bb13f4553d49a525a2da118fba656c4e5ae127,cases/ca2-21ac1c8056ff7df162a8.json,19fffcaa7ca63dd3450378691fbd129fb3ffecbf93e61dcd0049e252fd6e14b8,true,HISTORICAL_SNAPSHOT_VERIFIED,5a532f159b3ae2cce73c6184470bbfa7df088bb391d4e4707c68de467b64c41e,5a532f159b3ae2cce73c6184470bbfa7df088bb391d4e4707c68de467b64c41e,alchemy,infura,true,true,cases/ca2-21ac1c8056ff7df162a8.json,3e3f9f25878e55360c3f1118142eaf64ecf1647c8b7f5483668c03a6661b3aa9
ca2-be2ba09219e40ecb6cb2,mimspell2,ethereum,91051f64df888985bd47b0e8bb39fc0b8bc45ace37731a5859cda59b91fa11d8,cases/ca2-be2ba09219e40ecb6cb2.json,a951494b074d1c146dd3ffbdf6bf2fe11aedd8f27e128301d48f5c6a6ea2e0f3,true,HISTORICAL_SNAPSHOT_VERIFIED,72cedb33b25bf6c3694de1fe6c1e13101bd3ad4b6f464439466f7ffb6ef39026,72cedb33b25bf6c3694de1fe6c1e13101bd3ad4b6f464439466f7ffb6ef39026,alchemy,infura,true,true,cases/ca2-be2ba09219e40ecb6cb2.json,fbbdb0b19160211c73ecdc539911d476ffe868b0720505da84edd671803c2fde
ca2-122f147da75159901ea0,miner,ethereum,09a348334e3b00bf83028ee5bda27a4f3a174dcdc6d756199fa072ac3b583563,cases/ca2-122f147da75159901ea0.json,b14f8fc5eb82d48d36d95a78a9d0b0bbd37e7452e9229a9b28d1fa0faf26f5ad,true,HISTORICAL_SNAPSHOT_VERIFIED,db222d7e3310f03961ad1874cdffa12ecb2f85cfd99b27ccecb43a816132679a,db222d7e3310f03961ad1874cdffa12ecb2f85cfd99b27ccecb43a816132679a,alchemy,infura,true,true,cases/ca2-122f147da75159901ea0.json,a90fb6432463c0f4d5a8d28174dd709f2f574c61b1d236cca2b9d7a32ae94769
ca2-98f2e78eb7b0c6b2a380,miner_bsc,bsc,3ebaf6abed0ce74fb84ae41ac8d3501d3d2d403fe41422d1b75804fbfa744101,cases/ca2-98f2e78eb7b0c6b2a380.json,ac56c60f5eb882338344a4c57c3565e3b5ae87a0dfd971a9fa4bbfaf54f35060,true,HISTORICAL_SNAPSHOT_VERIFIED,aebfc51c036283bdbf3d3daa7e8334fcbd09906ab6083d62bf0bb1d2877c4930,aebfc51c036283bdbf3d3daa7e8334fcbd09906ab6083d62bf0bb1d2877c4930,alchemy,infura,true,true,cases/ca2-98f2e78eb7b0c6b2a380.json,2f37b4c873ac6b7430fe70dc65fce44453ecf16cbe3a2e389ac018de48f5270f
ca2-04c30f824141f500c195,minestm,bsc,ea9be00f798fd99e816be2ba7693514420124b52927ae045d8455576756339ff,cases/ca2-04c30f824141f500c195.json,b5035b04ca8ceb3a0ec12cbfce9a38418baf6fba18d573688b965a953e5b26df,false,,,,,,false,false,,
ca2-02e1298629b75e4dec93,mintofinance,bsc,cacc731f14fc50d38cd33416187d5fc5108cc4407ee6aaeb722aa6aef3215079,cases/ca2-02e1298629b75e4dec93.json,38b3d9e5d847f52bfac6476ea92c6cfe3a28b1130c84c923b1401555ff60c254,true,HISTORICAL_SNAPSHOT_VERIFIED,6cdd619e1804f230e156b3ad3f390a5c0e36f5c326caceb1a4b8e6b31c0ea4a9,038b8056bd02d96e98b5fd76b37f009846fd52903178f0cb21b3b0216c9567d5,alchemy,infura,true,true,cases/ca2-02e1298629b75e4dec93.json,c0049abec1b76d42592198659a3e85d8549d59521d303ddcd613b2c9bd33e8e8
ca2-6123dfbf4db930b4d1d5,mono,ethereum,a105a7b4528981be4f959d22f1e973884cfb9819bb79427f17830fb7a8874916,cases/ca2-6123dfbf4db930b4d1d5.json,d30d7edd9a40913a99af7c8053f81662d948d2602e8c449318e427bf90a34b68,true,HISTORICAL_SNAPSHOT_VERIFIED,15dae27b6643b18af1579768467bebc24eaf98ac0bb0065a313d5be38dd83794,15dae27b6643b18af1579768467bebc24eaf98ac0bb0065a313d5be38dd83794,alchemy,infura,true,true,cases/ca2-6123dfbf4db930b4d1d5.json,eaa26628a880c5c196ec08e8e3175cc65d9e31d7ab9e737b1287515bf8ebdd44
ca2-8eea98fa7851e4eaf7d3,moocakectx,bsc,c4b336627473586fd2482b0a5603e51ada3dfa769e8e07019087d23063e01502,cases/ca2-8eea98fa7851e4eaf7d3.json,cc10a1aa8a8b2c4602069d359eba1714cfcdddb83bf05cfec4e75a2801f7edc3,true,HISTORICAL_SNAPSHOT_VERIFIED,967a613dcb94e967464f3f3e5acf501dcffdf09e62303e64a6590b86aa968e8a,967a613dcb94e967464f3f3e5acf501dcffdf09e62303e64a6590b86aa968e8a,alchemy,infura,true,true,cases/ca2-8eea98fa7851e4eaf7d3.json,d38ae1f08aa676a5366a7081aef45045cffa468e11ad4c65c2a2b67275bcf492
ca2-b4208a8c5bb1d965b99f,moonwell,base,d073dc98762eb40c32b0b44d786d746c66f00a01e009eb8e3f070976fabc5912,cases/ca2-b4208a8c5bb1d965b99f.json,e41fe102b939d89d9a844b9d36abe2ad1b9faff8ac531a4a5359607da7367c37,true,HISTORICAL_SNAPSHOT_VERIFIED,8d9292ba079bc59ac8b9c787dcdf51d6b4117d59735dbc59ad3b2f869c2a6dc5,8d9292ba079bc59ac8b9c787dcdf51d6b4117d59735dbc59ad3b2f869c2a6dc5,alchemy,infura,true,true,cases/ca2-b4208a8c5bb1d965b99f.json,cf267fb1e8154004968d52d8dc262e128a385b171174529b6a3498a1fa0ac4d6
ca2-2656a778ab34f3a823cd,morphoblue,ethereum,216221a4f3c3a67e1769748659a254c4ebdb65e23cd4838f2cef11a6817a8c88,cases/ca2-2656a778ab34f3a823cd.json,b002e00e7f2231b45e4ee9db348f379c9a81f25c34cfdbed962acafe25bee85f,true,HISTORICAL_SNAPSHOT_VERIFIED,caee6dae30f892435884ed4d284f72a8477ffbb3159731c8a10f80a530bb0124,caee6dae30f892435884ed4d284f72a8477ffbb3159731c8a10f80a530bb0124,alchemy,infura,true,true,cases/ca2-2656a778ab34f3a823cd.json,e516713d08eb6888ed0c9d412021047fc809d391ca2df7292a80cd9278997ff2
ca2-786342530794b2d0e951,mosca,bsc,6da69d254a484dad69d09db838aa9f94989c5661c928bb1c68e1fcc41ed7978c,cases/ca2-786342530794b2d0e951.json,0f0414acd04bf415457cbb8963a9904c42902f15f7cbf044fe1cbd738aca69b5,true,HISTORICAL_SNAPSHOT_VERIFIED,0171238cf3c601768c105c903ad44c483c55b7aa177490142d06777e26773582,965a09d5c5d0601da8f600ac4d3f5358b316ebdbbb8a2464ec8fb433bd77e39f,alchemy,infura,true,true,cases/ca2-786342530794b2d0e951.json,92693b9fe2726846ba1eac1b406ad518dac2ba203c522f1d0757eddd0acbd3d6
ca2-b6847d12944e5dba551b,mosca2,bsc,6c822406400925a54884c50b29655a52be0e634bff3808568d86a4555364be75,cases/ca2-b6847d12944e5dba551b.json,df043d806404c148741b8557bcac204930c1fedae680c2846681879f1da9cec1,false,,,,,,false,false,,
ca2-17240c1cdca17b758810,mrp,bsc,7cc37c4efb1124496130506dca0d2dbbd8a04b902354148923841ca3648c1dfd,cases/ca2-17240c1cdca17b758810.json,96a09914c0c4db4a160ade90c8b5ac23cce5804a81a39bb0ae2b82809ccad5ff,true,HISTORICAL_SNAPSHOT_VERIFIED,f1a498277438631580bb35fbd3c11d13cd05dc405bd3bd3c7eeb2ef3f929af1a,f1a498277438631580bb35fbd3c11d13cd05dc405bd3bd3c7eeb2ef3f929af1a,alchemy,infura,true,true,cases/ca2-17240c1cdca17b758810.json,9510368a59b92b8543fd8092e1854a84da5a83d22a798d57e21e10a85d8b210b
ca2-0a80356999aee511c6c7,mttoken,bsc,6a383c8636bbe2f617960e28f20ade988470cf1e25167b2e48208d9841d77e36,cases/ca2-0a80356999aee511c6c7.json,bba4dd03cac174f762459d1b744dff8b58a4154648eb1132e5f0a2740e6fb34d,true,HISTORICAL_SNAPSHOT_VERIFIED,529673c1fe24f6d276f7fcb0a1efc154ef578d9a279fac7c18f1f3c85a09c5e9,529673c1fe24f6d276f7fcb0a1efc154ef578d9a279fac7c18f1f3c85a09c5e9,alchemy,infura,true,true,cases/ca2-0a80356999aee511c6c7.json,71e23ba794deac1e745435fbcd172e1fd445ea8420bd7b7dc8facf7e77ad59a3
ca2-c6f760eb216df807a29b,multicall_with_eth,bsc,e3d3c5f0901f8239dc2b96dd0948f1eff434836da3fcf794128db1ebac955de8,cases/ca2-c6f760eb216df807a29b.json,6ca8449ed518a65bad4f581ea6e9d399836521a9f844d0de8b5157119c787eff,true,HISTORICAL_SNAPSHOT_VERIFIED,e0eac508b846a802a8f78835dae2c3dd28985f8f1151682ba76c31cea5231933,e0eac508b846a802a8f78835dae2c3dd28985f8f1151682ba76c31cea5231933,alchemy,infura,true,true,cases/ca2-c6f760eb216df807a29b.json,c58ab87be4cb68300e665ed03ab05465602ab63a9ddbf8d9a955aca38acb478e
ca2-3b5e98c9b74a83f683a0,multicall_with_xera,bsc,1f63172fdeb840ff0da7063653ddda0a45b184c1f2a876eb5a9538fdc28e2587,cases/ca2-3b5e98c9b74a83f683a0.json,e48d21a9c07313576a86f929a7af48b204d8abd4d977eed09b61d4ab0dac072a,true,HISTORICAL_SNAPSHOT_VERIFIED,027fcd97774e7ff1d4c9e4cb340f514282abe28d539b2ff31a79df5da78d80fb,027fcd97774e7ff1d4c9e4cb340f514282abe28d539b2ff31a79df5da78d80fb,alchemy,infura,true,true,cases/ca2-3b5e98c9b74a83f683a0.json,5dcbf74a52222713ee0d10b835133157319d7941f8a8085c35ef1273b32a3d1a
ca2-11635f2908fcc175e7c9,multichaincapital,ethereum,b051666e60d4214dc7730f5d9be03f93e54f364682a4df192f6a45b6da01e8fa,cases/ca2-11635f2908fcc175e7c9.json,6754c2cd8e95e75392628699df5d9b99b979734a6767d4e786de0bc936d0e095,true,HISTORICAL_SNAPSHOT_VERIFIED,73f07348b641e99dcfae2f844bf6e759dc8b76d6ded50a7cc494a4badddb456e,73f07348b641e99dcfae2f844bf6e759dc8b76d6ded50a7cc494a4badddb456e,alchemy,infura,true,true,cases/ca2-11635f2908fcc175e7c9.json,0b439a93a8cdf16757fad3e8a5a582225e875f748ca538fb3c96affc2972c864
ca2-522ebe1e13a3ab2c2fe8,myai,bsc,ceb601a9341f74b4c4a9e97d68425ddaeec3ed5e30275b97b43523fd5b8a19aa,cases/ca2-522ebe1e13a3ab2c2fe8.json,9745e4cae3d53414d6bee629072745aa4ce8840983d9ec386b7e30fd00769834,true,HISTORICAL_SNAPSHOT_VERIFIED,88c3f5108390977e01b77e6daacfb1085f7badca626f60aa6b3776b3a28193ea,88c3f5108390977e01b77e6daacfb1085f7badca626f60aa6b3776b3a28193ea,alchemy,infura,true,true,cases/ca2-522ebe1e13a3ab2c2fe8.json,7c5383a9ecced882ea184329784251df52f893c67ae27cbfd01e3fe1fb60d75e
ca2-702749959585da21f48a,n00d,ethereum,f790b264348b015c74b060f2f612461f230a8ce1e1048bf7825d934d8792f281,cases/ca2-702749959585da21f48a.json,3abf4a9182189ae80c2dceebd677dbd7bad2596c3bd04414d54341f998a10d97,true,HISTORICAL_SNAPSHOT_VERIFIED,9e3a8cd945c7806765772fa18086a9e6d5c0c14fd126a06759aa4c2589823566,9e3a8cd945c7806765772fa18086a9e6d5c0c14fd126a06759aa4c2589823566,alchemy,infura,true,true,cases/ca2-702749959585da21f48a.json,1911a3045ce60849e35a8dedc58ffe91707ebb5bbaff03662abb3877acf8289a
ca2-0727c8432700660b91c2,ncd,bsc,94dce5a6db02a5b887d13b4dce5e047f5f2693d97e027b19548ec4c850e2c43e,cases/ca2-0727c8432700660b91c2.json,1e7710039037ca5e3e048b53a17f58ed5fff5382a35e74ce67a7c67a0182b322,false,,,,,,false,false,,
ca2-4146cf0ae387533d1340,nervebridge,bsc,7fe47302c85fb608a9a0b436f7fb8268682cf03a2b2dbf51fc6f36822de43059,cases/ca2-4146cf0ae387533d1340.json,57c1528d3852424136dcee18b7cfe9cf6294ea351e3019281295023723175c60,true,HISTORICAL_SNAPSHOT_VERIFIED,9e25ab96feaecc5dec2233e8bc2cd16073825e43568ac229de15632c64d3989a,8c8d3f564b31166db8756f7ab34113f7afd639c3a6194045a566e87f48b5b096,alchemy,infura,true,true,cases/ca2-4146cf0ae387533d1340.json,db5503b0a8c145110b16ca6cc072301cf8299a6cd590e8ee2d927670fe005878
ca2-10135a96af2e104eb4a4,neverfall,bsc,88bca10dc167f84fba1b8d1151753430f2505c37196dbccf4347a4ccb5b6ae98,cases/ca2-10135a96af2e104eb4a4.json,fd66699260d6501b9e48563b761ee8110337f280566954465c4981286522e38b,true,HISTORICAL_SNAPSHOT_VERIFIED,3cbadbeed5fc8d7573b87e597ab17d9eb4df9a4d48d81ed2dbac622571681eb6,3cbadbeed5fc8d7573b87e597ab17d9eb4df9a4d48d81ed2dbac622571681eb6,alchemy,infura,true,true,cases/ca2-10135a96af2e104eb4a4.json,27e91b4403e550cdc21fbf13f55bcce89e4cc9164b5ac02f527e88e767e5935b
ca2-23403cb09827b5b8f43e,newfi,bsc,a1fa62e3095c2a5e10f333a384305bb6f179dcc35662ca0c4dacb90db210fb0b,cases/ca2-23403cb09827b5b8f43e.json,bb13c7e3942dcd4ee5e98a59fe038e0419f695b36b314fa14279a9fae2d407cc,true,HISTORICAL_SNAPSHOT_VERIFIED,3c18d6aa9c854ce9652d731500fadd04cb8c3428fee97fdded4972117b4eb73d,2ef371059e36305c9594e26a36e6162fab27b9a34ad3e296be3e64a1e53b5306,alchemy,infura,true,true,cases/ca2-23403cb09827b5b8f43e.json,5db7a62e3df13e61da6cb654c7a9ea5af0f6f72df4fc5069fb9af95d3296024d
ca2-a9052dd43a76ce42a994,nfttrader,ethereum,fa4eec9c291311f445b3e2bf05f61ea8eba283193a4919431dde8142f17bf1ae,cases/ca2-a9052dd43a76ce42a994.json,73f18d3148157f4b32c218717ca6d4a9c6ef5ff65ef63edb4da283ad9fd0257c,true,HISTORICAL_SNAPSHOT_VERIFIED,b98e85d91e991ac83a12ff4e5657eb05c1b5cd0d5bf8d291d03879c8f7702090,b98e85d91e991ac83a12ff4e5657eb05c1b5cd0d5bf8d291d03879c8f7702090,alchemy,infura,true,true,cases/ca2-a9052dd43a76ce42a994.json,6fcd44e04afcbde688af56ce1dd8c71a310b9508d0a0e001dd4bda606d54c3d6
ca2-b76182b1e2e51faa9428,ngfs,bsc,f676535f249bc55eb556a06c7316db1df4d0b478886fe1d9a818b868d4744779,cases/ca2-b76182b1e2e51faa9428.json,596aa01faec9180dee9be1fd5de104173a9bf854e4e6f99f72d4e3fd19b189e0,true,HISTORICAL_SNAPSHOT_VERIFIED,f8a528f47b9a61cba6eaf9c4883d81952f2d3d32bdfb3426dc848c112252cc35,f8a528f47b9a61cba6eaf9c4883d81952f2d3d32bdfb3426dc848c112252cc35,alchemy,infura,true,true,cases/ca2-b76182b1e2e51faa9428.json,c397fad313a4ccea71683cef283954bd87915bfcd172e5035f1a37103e93e3e4
ca2-54094307591338d2b28a,nimbus,ethereum,f9ced5a321102eff3ae2e2b2b669882709617856cb18015520382e59fa4d24ca,cases/ca2-54094307591338d2b28a.json,ee08a1e926aa10f672b637d14bc10c9058d8fbf15e8ba6f905d42313404db0be,true,HISTORICAL_SNAPSHOT_VERIFIED,e01fe0bfb1a5f0d861c0a1d0778212a6057ae9031e0d3b26fd4bda828d9a2d9f,e01fe0bfb1a5f0d861c0a1d0778212a6057ae9031e0d3b26fd4bda828d9a2d9f,alchemy,infura,true,true,cases/ca2-54094307591338d2b28a.json,bb72ccd71523619f996287705e8ae53c1b669be8600bd13260803dc3b3b86a4d
ca2-3a72b153af20c2c77bb7,nmbplatform,bsc,a59459d715c94c6a7ca64349e85c422787e80675d1acb8e97c630aa5fd98a007,cases/ca2-3a72b153af20c2c77bb7.json,177d753d910af964cc8fd2e7af04825a06d5333871401feb77c7bc3a7955bfd3,true,HISTORICAL_SNAPSHOT_VERIFIED,54442cfed2db8150aa9f3f869c4b8d1966c24b46b538e1592d6fa0be1398d00d,54442cfed2db8150aa9f3f869c4b8d1966c24b46b538e1592d6fa0be1398d00d,alchemy,infura,true,true,cases/ca2-3a72b153af20c2c77bb7.json,72c9d98940c36805269e75015579cf234c01d5c78833d4812ee914ce51115ae5
ca2-cf529333b32b69e4842e,nomadbridge,ethereum,f97ae143892c3979f91c4b49694dbc35764c288dade88b5a4891caa95d4436cc,cases/ca2-cf529333b32b69e4842e.json,49e5adfff10e7932bcbfafd0398d1cb0fa8456636949815890ddfb4c6842d830,true,HISTORICAL_SNAPSHOT_VERIFIED,0e6ae6c5a139bd6c039b89b526ff0b4e59a540bb7e59ed468e6be2f328dfd679,0e6ae6c5a139bd6c039b89b526ff0b4e59a540bb7e59ed468e6be2f328dfd679,alchemy,infura,true,true,cases/ca2-cf529333b32b69e4842e.json,3f0561da8e28d6e3543a2f512e7cffa9f035ff8cbbffe60a8244cbccad1499c9
ca2-470ed35ca97a31cab7dd,normie,base,9c37d81a0bf3116d83d75e0686965c85d7d6c2c3057727bf08dce7e851a11462,cases/ca2-470ed35ca97a31cab7dd.json,1374523e94fb6666eaf16674a7a56aaef76fcd63db678e9a360e6e13588e274c,true,HISTORICAL_SNAPSHOT_VERIFIED,fa3f16114b268df37fa989c207919aac008d1cd276efda58bf85eb1bb635468e,fa3f16114b268df37fa989c207919aac008d1cd276efda58bf85eb1bb635468e,alchemy,infura,true,true,cases/ca2-470ed35ca97a31cab7dd.json,5f37156719a943706e0e275ccec2cc7802fd3e5bc55c82a17c1bd5f4fbf4dd7a
ca2-441ed1a86d9edadc1707,novo,bsc,bb53d11924d9de94927bc6f8b3e80da8509279ce2cd4bc5f092aaac962befd37,cases/ca2-441ed1a86d9edadc1707.json,500d10623fb10eefaea00e64c7a9375f42be6253b1ff9f00c139659a5fec593e,true,HISTORICAL_SNAPSHOT_VERIFIED,c36557bcac7ac090b0c7dd14488658a2b9f70729c1767e81d8831cc93fe8cb9e,c36557bcac7ac090b0c7dd14488658a2b9f70729c1767e81d8831cc93fe8cb9e,alchemy,infura,true,true,cases/ca2-441ed1a86d9edadc1707.json,0eacbc5200b7896a4c8ee435752e668128c69c67d03583bc9c5b634a65980fdc
ca2-bef4fd38f1af5d45d83a,nowswap,ethereum,e3bc6de7d0720279d053cdacae0af0864201cf6b5fb7b916c9559f096f750719,cases/ca2-bef4fd38f1af5d45d83a.json,79bb5980d7668d8c5f1ccd2576e4e7e505631c7ea2092b8019bb45d2d51e3722,true,HISTORICAL_SNAPSHOT_VERIFIED,17f1ff0581555438a7c48d668be9daf13fc50d4f01799edaa0958d78f5c15a16,17f1ff0581555438a7c48d668be9daf13fc50d4f01799edaa0958d78f5c15a16,alchemy,infura,true,true,cases/ca2-bef4fd38f1af5d45d83a.json,28243ef74908cda05b19d0e290b52140fb17bdee91404b0e2efdade02133b5f5
ca2-759d84cb92c4b203c71e,num,ethereum,45f7c0767a8edeeca8bbdf6886c7bb3c62d0aad12d5f9dd56ad1647ce3b578c4,cases/ca2-759d84cb92c4b203c71e.json,7084cfccde3ed2ec96a7499fa322140e8596693c5fe2124ba6e95801f4442968,true,HISTORICAL_SNAPSHOT_VERIFIED,ec4f98b4c25aa8bbb4ae458e891d8859fb1e846706a8a5f573193bedd1757b9e,ec4f98b4c25aa8bbb4ae458e891d8859fb1e846706a8a5f573193bedd1757b9e,alchemy,infura,true,true,cases/ca2-759d84cb92c4b203c71e.json,157ecfdced64b431bbaa71acf3c573073b1c3e6cbe7a59fce6db96e12a9930bb
ca2-444479add25939f22fc7,olife,bsc,f92d35bb953de55dc6822c909f46ef75ec1ee7877878ce7d1c9dbab9b4050f38,cases/ca2-444479add25939f22fc7.json,67c7436d8a81fc0cba47955d35e40f471cb09e6f4f86747bf283b770f312bb9e,true,HISTORICAL_SNAPSHOT_VERIFIED,e48ae77b95aeb7749e8f7369d766416e8693ad22df82a0bff6178ae93dbdb240,e48ae77b95aeb7749e8f7369d766416e8693ad22df82a0bff6178ae93dbdb240,alchemy,infura,true,true,cases/ca2-444479add25939f22fc7.json,706bf9fc83c1291ea5942cca6597b1c1dee6cf399aaff5622c1a9d1120659da0
ca2-60a0988512bfa1f54c2e,olympusdao,ethereum,24e82d5c426f2e24863a8a6fd73ba2c89fde210d50933a76d6c81d55e996b1d9,cases/ca2-60a0988512bfa1f54c2e.json,9fa9171fde1e7f4d3efdd01b0008f914a43b8598a6ac6a553a1aee3dbe86e769,true,HISTORICAL_SNAPSHOT_VERIFIED,578989c6cd26176e5defb7d674f631e3654a556ae4a35d738cfaf283d2d01481,578989c6cd26176e5defb7d674f631e3654a556ae4a35d738cfaf283d2d01481,alchemy,infura,true,true,cases/ca2-60a0988512bfa1f54c2e.json,0534738e969d01d3f70f3fd9dd55bc50798b8294ed26cdd547083b3adc2b59f7
ca2-9ed4dcb42bc3e395722f,omniestate,bsc,f80d61fa31a044cd588446a65964a516898935ff8357750297ca03c2f7bb89df,cases/ca2-9ed4dcb42bc3e395722f.json,fbe850f9e2b5a0f0cc567458f4cc9a94def9be094efffb61ec8d72ff19c21c9a,true,HISTORICAL_SNAPSHOT_VERIFIED,15dae27b6643b18af1579768467bebc24eaf98ac0bb0065a313d5be38dd83794,15dae27b6643b18af1579768467bebc24eaf98ac0bb0065a313d5be38dd83794,alchemy,infura,true,true,cases/ca2-9ed4dcb42bc3e395722f.json,4f7fee30b176d013b8752a45ddf363fea2e0a9a4315689c10af74981c4b9d700
ca2-1fe777829f28c3e02e1c,ompxcontract,ethereum,71c3e4641c79ce09dd5f2466b585038412df501032d6031d214907a35f763ac1,cases/ca2-1fe777829f28c3e02e1c.json,a6dda09a145bc49f0aa2a0cac74a9b6d5469e6441c87b3afa7845fff3ac175d1,true,HISTORICAL_SNAPSHOT_VERIFIED,fe0cb49fabcf9708278978c42bc18678c2bd8593c8de970a58e1858a0a88118d,fe0cb49fabcf9708278978c42bc18678c2bd8593c8de970a58e1858a0a88118d,alchemy,infura,true,true,cases/ca2-1fe777829f28c3e02e1c.json,14cb3f9417f5eea9a444e2a05c53da1c287fbbfaadf4473dad27cf2aed250791
ca2-8e3ab047548dade505e8,one_inch_fusion_v1_settlement_hack,ethereum,c0a1900c5c2e34b689d77854c10c329e7bff35a11c210707ec9cb1f7db6fb571,cases/ca2-8e3ab047548dade505e8.json,3882803de452cbdb778d61748f356ad32565ec1ff4a2a7ba550717f7cedf23fb,true,HISTORICAL_SNAPSHOT_VERIFIED,188ef0bc509c28f2524c107cbd88f3858a338eac92a804f30cf38e2e3e3f97b7,188ef0bc509c28f2524c107cbd88f3858a338eac92a804f30cf38e2e3e3f97b7,alchemy,infura,true,true,cases/ca2-8e3ab047548dade505e8.json,7520eb42cda0134493ce98fbbbe7b65a1ab7bcac0523449db94d6bed18bc59eb
ca2-194c50c55dd95140a294,onyxdao,ethereum,7892abddf6e0beeece8d14feae100df563a5f3309843ce6ad0f945d51ae9255b,cases/ca2-194c50c55dd95140a294.json,5c9771e8f92ea3fc97e30fea82e93d3eda6a242d1f928b1469f9cf6d73c70da6,true,HISTORICAL_SNAPSHOT_VERIFIED,0a9214a97078c35c28728e3dc53ba1e1abf2f427b34d2db3ce5b039ef0b3dd3a,0a9214a97078c35c28728e3dc53ba1e1abf2f427b34d2db3ce5b039ef0b3dd3a,alchemy,infura,true,true,cases/ca2-194c50c55dd95140a294.json,2de19cc9b487bd5e8fbcfa6e5fdda56fa114d9b5d8462d27df8a09aa283724bd
ca2-252276d076fbf17cb546,onyxprotocol,ethereum,5583e145297ebee6eca4fc38690db5fcb79fba54e847b40922b288881ed84e10,cases/ca2-252276d076fbf17cb546.json,58fd3e0e4277b06ec4ace5ea1f1ca88196fd60b5338149df816749c8e996dfab,true,HISTORICAL_SNAPSHOT_VERIFIED,b37800b9c73b80161f896785ecdbda07615e144f98be82da86129f51eddb7068,b37800b9c73b80161f896785ecdbda07615e144f98be82da86129f51eddb7068,alchemy,infura,true,true,cases/ca2-252276d076fbf17cb546.json,f88307a8c31f6bcd8edd4047e29ebc6874a973c5dcd8f8a1e859ffe8fa2489ab
ca2-ca180b9c5c90165fb523,openleverage,bsc,46f4741934f93e454ce89e9b40b3978f9e207db3d6183684fa3b03e51ef9fc20,cases/ca2-ca180b9c5c90165fb523.json,a1152a260b8a6eaf30876f3eb9e947e44b2b68a1695d63e3f60f3a9305a72fc4,true,HISTORICAL_SNAPSHOT_VERIFIED,bd004fd7aaae14951efdcbbec2a69ca09be8fea398af4ee9877e16e1c22ad13b,bd004fd7aaae14951efdcbbec2a69ca09be8fea398af4ee9877e16e1c22ad13b,alchemy,infura,true,true,cases/ca2-ca180b9c5c90165fb523.json,8025740a69493d0427ff78e1b64dcc3774fb6bb343430296d366137373bdbbae
ca2-35c4477f5ae385f13b96,openleverage2,bsc,3d86293077b77e57b535a64daebdcc69f86501feb29ea3c770fe93d4ff594277,cases/ca2-35c4477f5ae385f13b96.json,586bc10d7c5dbd84045e181980456e8a2444ccb35154883fa4697677cbfe16fe,true,HISTORICAL_SNAPSHOT_VERIFIED,1206fe4327905fd98c28b8a1579e585e90576169e6888882001a28f8a5d2497e,1206fe4327905fd98c28b8a1579e585e90576169e6888882001a28f8a5d2497e,alchemy,infura,true,true,cases/ca2-35c4477f5ae385f13b96.json,ec6a594ef48448e86c70fe6e388cab237a0e654578b952b6fae03c6cfe60b5c9
ca2-b7ed9e346aa4cb6ca834,opyn,ethereum,3f4667941a17a6a0d2d14764d8221c25fb6066aab5586d375f6662981e7ca12c,cases/ca2-b7ed9e346aa4cb6ca834.json,7f74184aa48b7f46522bbf3a16d11d4ee1329c494db5e1dbdd7c4da7bb2d8614,true,HISTORICAL_SNAPSHOT_VERIFIED,75f1979471d740b2cfd3c27326a790bf60cea498554296605dadea5a82d11df1,75f1979471d740b2cfd3c27326a790bf60cea498554296605dadea5a82d11df1,alchemy,infura,true,true,cases/ca2-b7ed9e346aa4cb6ca834.json,2e0656ca7e4e36719ec8be796a884410cff926e07a714ddc829756d461692e9b
ca2-ee795333beb4dcb94cce,orion,ethereum,b7a6c67d7fbc3567279f84c8a963d945c5b5ab2a41bc2589af6a1b2e90c4c7c2,cases/ca2-ee795333beb4dcb94cce.json,c3e323fd503972d640acf9131b4ec77d30614a59bcd830bf384495f92481a6b1,true,HISTORICAL_SNAPSHOT_VERIFIED,65261d15596c9a64233c9c0548240c69aa7cc84582f0ad1a5c4b8f6ffcb19982,65261d15596c9a64233c9c0548240c69aa7cc84582f0ad1a5c4b8f6ffcb19982,alchemy,infura,true,true,cases/ca2-ee795333beb4dcb94cce.json,71363d723367e64d407a155c1b35f844d73cac2c03d707d29ac1f98464c5bb2b
ca2-351de4f0c9d0919d5212,osn,bsc,2105a6145295afd9d4d32f2a085e21a1b4c7146bba3daebe26cebc7c59adfe75,cases/ca2-351de4f0c9d0919d5212.json,73c9d12a023b4155aa464ea79fc60bebdae5376f78b2975731566a1075f94548,true,HISTORICAL_SNAPSHOT_VERIFIED,1a2e46d7fbf11690f2995b927006504cab1aeb167d5f317b004b55de3d4bc23b,1a2e46d7fbf11690f2995b927006504cab1aeb167d5f317b004b55de3d4bc23b,alchemy,infura,true,true,cases/ca2-351de4f0c9d0919d5212.json,a4d28253cf018bd0092121f8aeda97547d49a395cc033e95a7b7c82c499924b8
ca2-a21d0869309e8d547595,otseastaking,ethereum,5577045509752a09d7c823ee321d1a0377d4a1e1d507b70b59f832d5cc2a89ac,cases/ca2-a21d0869309e8d547595.json,735c761799e51c177d3ace132a55dfe8773b85f17b70576507c395fdc6322529,true,HISTORICAL_SNAPSHOT_VERIFIED,11853e070cb9b2d28a6bbe09a454f4f227cf6cd56a70d603650e353cf6eec707,11853e070cb9b2d28a6bbe09a454f4f227cf6cd56a70d603650e353cf6eec707,alchemy,infura,true,true,cases/ca2-a21d0869309e8d547595.json,1c5119600a7ff9f46fa17d8c9722eba706b97573dd26332e9c83a3e59d82b05e
ca2-0bc1321f2d440dbae4b1,palmswap,bsc,45186664778d3bfc258277da5ecf4fc0687d043ce7825b20a14a18a94bf653b4,cases/ca2-0bc1321f2d440dbae4b1.json,fbe4a9355d97cb30777bfb0db28ad031bd3215ebbd928b068d116e98745ea950,true,HISTORICAL_SNAPSHOT_VERIFIED,3f51a453d14e70d685bba3db774946ea67c798d16f7bd3d7ecf632b6af41ac86,3f51a453d14e70d685bba3db774946ea67c798d16f7bd3d7ecf632b6af41ac86,alchemy,infura,true,true,cases/ca2-0bc1321f2d440dbae4b1.json,1389e23c98040f404376f739a6b4cfddccfd59aa928ca5af974ee87354b43d30
ca2-7c6082cada48d720f171,pancakebunny,bsc,076fff7603e486bc79f8132ebc1fd54a72f53ec2eb71ae29c8063143c0c5f06f,cases/ca2-7c6082cada48d720f171.json,a7c325124b438903962e99128e55724438ef3d57381b4f6ec6f5cab26e6e26cf,true,HISTORICAL_SNAPSHOT_VERIFIED,074d318c116ec6cf27605b1fd4875cb85dab6f81bc1fb71567f8e1f766b045e2,074d318c116ec6cf27605b1fd4875cb85dab6f81bc1fb71567f8e1f766b045e2,alchemy,infura,true,true,cases/ca2-7c6082cada48d720f171.json,dff90212408b4b7601ef81515d8bc7edb76e25fe63926bd936385694d31ec9ed
ca2-275669506c0506e44e0f,pancakehunny,bsc,7b09b78b4cbb77a5cb3ed97c8054090f6e49e87ad0776cfc76a31bcdaf80c6ba,cases/ca2-275669506c0506e44e0f.json,5d2f95868d84732e9fed9deb8401811057803ad769ae96a285c49819c25ac454,true,HISTORICAL_SNAPSHOT_VERIFIED,91ff909c3c09483fde2a9e96023c6748ab7a702e255cb4afdd5876226cc65525,91ff909c3c09483fde2a9e96023c6748ab7a702e255cb4afdd5876226cc65525,alchemy,infura,true,true,cases/ca2-275669506c0506e44e0f.json,d955ba327282ee4c99f7cfb0bff20ec3ab1b6dd0bb6c408b62128d23bb87e568
ca2-45e513227d9f7b4e1381,pandora,ethereum,e698fd1f8b1feb4cc675f2ef16a3a7ea68eddb9e2032bca7954f5d065671e0ca,cases/ca2-45e513227d9f7b4e1381.json,f8f8f418123b69ccc15738365be52b7df0f70b162b73790cce4954bfa8b567ea,false,,,,,,false,false,,
ca2-ac986ab36ff83135b05f,paraluni,bsc,cbc87feab3a7588de01788e26cb856ca38f3612175a921427e9d7a5bf521de95,cases/ca2-ac986ab36ff83135b05f.json,a6e247f7b659767826138553bf89b20d8ef41683af204e40286be9a76035038b,true,HISTORICAL_SNAPSHOT_VERIFIED,098f161509466dd75dd6018fe2e56c58d02966704ec029591632b6044bd46a84,098f161509466dd75dd6018fe2e56c58d02966704ec029591632b6044bd46a84,alchemy,infura,true,true,cases/ca2-ac986ab36ff83135b05f.json,80d69d03b62c9f524073c325f4b9fc1dce690c9cc3ec9f2bfaded7c8c4ca7bee
ca2-a86a6b86d343ba9e3bdb,paraspace,ethereum,f8e5ee573e6fbdeafc9d873e90c7004cd97700dc88157b0b87234f2bbdf494c4,cases/ca2-a86a6b86d343ba9e3bdb.json,82d9aee7f4b79827672aa2cf0fabbd4e8cbb555d779fb9dfc955f619ad7802a2,true,HISTORICAL_SNAPSHOT_VERIFIED,a8c3b7f697e547339f9829c1cc594094380fcc67c8e605ff3d4caa23cc85ede5,a8c3b7f697e547339f9829c1cc594094380fcc67c8e605ff3d4caa23cc85ede5,alchemy,infura,true,true,cases/ca2-a86a6b86d343ba9e3bdb.json,a44a3abb7029519f67c2d686df47e6543f5b26f9e5285edd05b704d8f9246493
ca2-aa99cf4dbaf4c7bb8459,particletrade,ethereum,6261da7c1301e6910af219af2dbd7c063fde204a7e6eaa38413fc2bf194712a3,cases/ca2-aa99cf4dbaf4c7bb8459.json,d45ee2777a0410076d1e40e82b14e300ee7f1e9a9370807ff35836d6f513895c,true,HISTORICAL_SNAPSHOT_VERIFIED,02e5f1b40768f30cf618edeb0cbecf27b5ec0d6bb1511426477f98a913b69848,02e5f1b40768f30cf618edeb0cbecf27b5ec0d6bb1511426477f98a913b69848,alchemy,infura,true,true,cases/ca2-aa99cf4dbaf4c7bb8459.json,ff221c2abd21cd31f42210d3cb6a93506a3990a08413638df1b159e98fe20bd3
ca2-6af08ae1ba1d426949bb,pawnfi,ethereum,5b6fb63d200eb6e06fff5280af360d137e8ddde2ee770f4036f3b2a436e8a0ee,cases/ca2-6af08ae1ba1d426949bb.json,6d032b2133fea8d1adb2c7a834b0478159933209f7480bf22d642b66bbaafe0f,true,HISTORICAL_SNAPSHOT_VERIFIED,697db3368a0285258eee154ca9bd610b03efbf00e59ebd6815be601b78493e73,697db3368a0285258eee154ca9bd610b03efbf00e59ebd6815be601b78493e73,alchemy,infura,true,true,cases/ca2-6af08ae1ba1d426949bb.json,5586c2f0d1d1113ea8671d659fcf8532521a3ee9c266d96f7a73e07d4e59f917
ca2-fe0426b19503c34e1f18,pdz,bsc,a50943de1cf35038b8f5c7624ad978f8a6636f9b54d44280d4458b3e721e3c6e,cases/ca2-fe0426b19503c34e1f18.json,20ac2242202c9fa06ab8da37ea325dcef79bb7de7986c938eb8d4777ad92235a,true,HISTORICAL_SNAPSHOT_VERIFIED,f0ea7316e1e8cd455c815522dfeb98a9cf1f5f1a30a6a27d98eabfb27b9cd130,f0ea7316e1e8cd455c815522dfeb98a9cf1f5f1a30a6a27d98eabfb27b9cd130,alchemy,infura,true,true,cases/ca2-fe0426b19503c34e1f18.json,361609a448eec9ba8118877720e038b9863e4e18ae5ace0335d18cac474675be
ca2-8af0ea955100349da941,peapodsfinance,ethereum,2af49861dd6b12fd06d3f8f92a334e7ddf656d35c69b7325d515cda55fcdf643,cases/ca2-8af0ea955100349da941.json,a224ea31d9752258ecf72efa82ea62b97612aef8ad8b1e1322506473ca3f4640,true,HISTORICAL_SNAPSHOT_VERIFIED,3141fc5c423073f57b260299592b2a3c7db1b57df07fb940625fbddce39e48d7,3141fc5c423073f57b260299592b2a3c7db1b57df07fb940625fbddce39e48d7,alchemy,infura,true,true,cases/ca2-8af0ea955100349da941.json,27d58591ac3ebdd03ab7eb9d8f6562cb195b8efd0065580033cc818c736b4c39
ca2-8b19d47d1a3d23da742b,penpiexyzio,ethereum,848ec1e21ae0c97687b3033e9e5d8bb5f7102d4ae483a3d03baacef57baa5c73,cases/ca2-8b19d47d1a3d23da742b.json,409c8f5af95cc612d4d05dee14971dbf1e40a277fdcd0a156aa268282bb64e05,true,HISTORICAL_SNAPSHOT_VERIFIED,f78534ec33f6b682f86326e3c575b21e98e255420a31a715a83140b6fec0bd81,f78534ec33f6b682f86326e3c575b21e98e255420a31a715a83140b6fec0bd81,alchemy,infura,true,true,cases/ca2-8b19d47d1a3d23da742b.json,c89d98842adc7d8394493d919d90ee9f1772956639eb0f63d5af81aee901f5b8
ca2-3843aa138b13af762925,pickle,ethereum,2657fa91649ab5d0f045680d6ad647cf3831b0d2623be31dd5632d5884bd52c0,cases/ca2-3843aa138b13af762925.json,0bf09d02d547f9974aa929bc6e7f7d0bcec1e0b1ef04e46bcb535058e4e095f1,true,HISTORICAL_SNAPSHOT_VERIFIED,39fc7da1e82729f15f677ab5ed6521eb78ed9884d9e4b0c8d16f81a359aefa37,39fc7da1e82729f15f677ab5ed6521eb78ed9884d9e4b0c8d16f81a359aefa37,alchemy,infura,true,true,cases/ca2-3843aa138b13af762925.json,e40e6226c30869f062ba227424e63856f48a33f6fe1338529c219e9beebcabe9
ca2-9653ab400e10fa0c044d,pineprotocol,ethereum,6dda41427d646527f9725807cd7b922b8b736cf4f69ac049621f0a8b66052f12,cases/ca2-9653ab400e10fa0c044d.json,72b5e078f81d3aece9ca7b477479e2d12f56b80f446e4972e4a2027c664aa765,true,HISTORICAL_SNAPSHOT_VERIFIED,fcaeb15f67deaff0e400d76e7b41dca6e7c3f289d131e5d2003691a65e9e6e4f,fcaeb15f67deaff0e400d76e7b41dca6e7c3f289d131e5d2003691a65e9e6e4f,alchemy,infura,true,true,cases/ca2-9653ab400e10fa0c044d.json,137b90d9af9b1068d522c09f68ab3a1a6a52b3da35fbd1c9c48e55b00a919ef4
ca2-382283494db3462edcb4,pledge,bsc,63c24a91c455fa8cb22b0954ab3d5940da6c913da77873288717548fcaf948de,cases/ca2-382283494db3462edcb4.json,267ae92ec68317466f9be9eee0c95cc786ef5c19ef26a241bab8362601ac6996,true,HISTORICAL_SNAPSHOT_VERIFIED,960031d5c53840a4a3c5aa6e8845fb5026ddc55b66ce1b5fe3975856c55cbe9a,960031d5c53840a4a3c5aa6e8845fb5026ddc55b66ce1b5fe3975856c55cbe9a,alchemy,infura,true,true,cases/ca2-382283494db3462edcb4.json,5019f7990cb72c06687eb0b4797fec6415adfd1c4eec86261f84359351b9edab
ca2-1110a2625b12e4b110c0,ploutoz,bsc,618f9ef198f1bb094ae6c0dc77cb1fb25169043d56ecdafb99eef8f3790ebb73,cases/ca2-1110a2625b12e4b110c0.json,d63acbc5372f041af99c0a9151a126a7b36b7e630325c6a076791655332f0189,true,HISTORICAL_SNAPSHOT_VERIFIED,222d1d88ff44b1f4f9f65fbd3387c0e01b460bae42bb0b25530c258839c5d866,222d1d88ff44b1f4f9f65fbd3387c0e01b460bae42bb0b25530c258839c5d866,alchemy,infura,true,true,cases/ca2-1110a2625b12e4b110c0.json,7bc558877d8179f3a1c5b7544cd71611beabad9ab4f1d330e0c20ebf287138ea
ca2-8cf05be564db7065817c,pltd,bsc,c20c67ea0776a04de451d42b2e3057a4ceac12f1451703b0d979dc6466a967b6,cases/ca2-8cf05be564db7065817c.json,c83ee5dcbc278c9ad9d7b86d9677cb4497fbb0b49de99d29ff52f2de87c33cac,true,HISTORICAL_SNAPSHOT_VERIFIED,ff15fe47c8fe8155884d6fc58830d8599ad0b702a06401d973983ff9628578bf,93b63e7bec26284e64c524a1cb1b97debad90266dace3ab320ed0b1a508024a0,alchemy,infura,true,true,cases/ca2-8cf05be564db7065817c.json,5c54447f57373cfcc5d4d896593d80d2bd783bc9171d61671d42cd4b8adf41cd
ca2-ffbe4d4d4db010d46d01,poolz,bsc,70a100ed5fbfa82139827de94fb7b48430d903f162fc6c7c418c22f53efe9697,cases/ca2-ffbe4d4d4db010d46d01.json,b9cedab3772fd419cda00a07629072fa077c11d18d4897b9d6fac092f937797b,true,HISTORICAL_SNAPSHOT_VERIFIED,0a595bddafde8b68d75e2815a2a3d116df6b1049a3e79747fb2fc247d51b4433,0a595bddafde8b68d75e2815a2a3d116df6b1049a3e79747fb2fc247d51b4433,alchemy,infura,true,true,cases/ca2-ffbe4d4d4db010d46d01.json,2c32b2ec548d01735f11f1633b4306b031bb2168dce194c2c40320e43c6b173c
ca2-5283fda6a42b6b876dbb,prxvt,base,180f4071f3b33d7e5aad9508d38786dc04cdfdef61e110b88d37b5afbd6bc170,cases/ca2-5283fda6a42b6b876dbb.json,d172125fc175686d249a8bb6eaacf000da4695ca4ba9da3cd2367ec8e050b366,false,,,,,,false,false,,
ca2-6f8a2ab5c968b3eaaf69,pseudoeth,ethereum,e388d7f2c51291ec7a616f0deada5e73c538ec1cb70cd37d30ad6cfdb4dcc19d,cases/ca2-6f8a2ab5c968b3eaaf69.json,deb92e3ee757811a40a089685205df231a018c55f2c932a545de857a3baff9bb,true,HISTORICAL_SNAPSHOT_VERIFIED,5d506510064459464623a88a3f4dc5c6b036784d65ffd03fba2eda9cc5eebe15,5d506510064459464623a88a3f4dc5c6b036784d65ffd03fba2eda9cc5eebe15,alchemy,infura,true,true,cases/ca2-6f8a2ab5c968b3eaaf69.json,9e4983ff1686e88d31b4d0e3ec2866b18b527cb839aa0ef32cae502e3162dee6
ca2-c0d0113d3c9a4aa47402,pump,bsc,32be334985e75520287971f86b16b780fddee45fc18e0cae8be6b9f867d30d85,cases/ca2-c0d0113d3c9a4aa47402.json,5aa9e0559988730510a219fa48cc6832c2987db283fdfd5ce2b6ccbd81a8805b,false,,,,,,false,false,,
ca2-7a7cf3302259e6efdd08,qixi,bsc,adb815862f3e66aae01c9981200dbf190675cca97efab06f9b2964525ea501e8,cases/ca2-7a7cf3302259e6efdd08.json,21d4fa5d1139c744ec3ae36f682f03b50576dcadf3b93bc330266643264a06d2,false,,,,,,false,false,,
ca2-c5f9905c03ee273e260f,qtn,ethereum,b9768eb470b6bd4b3e23db26a549c5f55f8a7bbc5ea748c4bd5c92b89bd445a0,cases/ca2-c5f9905c03ee273e260f.json,5ad7b2c56eb31ecf4d420491a3ba43920592793272141bd8a72fa050da9700c7,true,HISTORICAL_SNAPSHOT_VERIFIED,861e395ca267435f37a8e644083f1cd26c976c8d35fa858a260d27b59c5219f8,861e395ca267435f37a8e644083f1cd26c976c8d35fa858a260d27b59c5219f8,alchemy,infura,true,true,cases/ca2-c5f9905c03ee273e260f.json,3ba5302da3c76084017e700ec14d04825d65441546c767041d7022e9d7f9a444
ca2-d22c4160c4fed52695d2,quantumwn,ethereum,56c719858c79c650e7dc1daa5710cd3d2b51ca60341c74918058a6f1e4783277,cases/ca2-d22c4160c4fed52695d2.json,97708903d880c9fab7dc78fac9028d38304740389bde1af8e943e79477c6e97c,true,HISTORICAL_SNAPSHOT_VERIFIED,a2a4543ea0085df61f1411eafd861bcb2e3e3126047a9f713bb838c481329717,a2a4543ea0085df61f1411eafd861bcb2e3e3126047a9f713bb838c481329717,alchemy,infura,true,true,cases/ca2-d22c4160c4fed52695d2.json,3d304d710a6e00c00aa7c90924a709b9ac736fa2348dce0ecf345238e3e5f67f
ca2-ca3ec401a279f9b471a6,qubit,ethereum,3022a598091e750cc2206ed2b2e6a75cb54b3616e535790d57c71277d847914d,cases/ca2-ca3ec401a279f9b471a6.json,3ee69f995ab6103ec3581d55b78d31f9c4c0bd7c945742d95c4b413d3d9565fe,true,HISTORICAL_SNAPSHOT_VERIFIED,15dae27b6643b18af1579768467bebc24eaf98ac0bb0065a313d5be38dd83794,15dae27b6643b18af1579768467bebc24eaf98ac0bb0065a313d5be38dd83794,alchemy,infura,true,true,cases/ca2-ca3ec401a279f9b471a6.json,c0e2fb6ab1db7d820598248fb745beb50817df25e2d7ec5663c829f07b9a3bf2
ca2-c7586710b826b2f08a35,raft,ethereum,ab50338d03b4ea096b6ba511d003afc6103185178372c2ae445ad232c26c3b20,cases/ca2-c7586710b826b2f08a35.json,2f093ad174ca19da796657747a0496fc963a48aa7edf07b523641bc96b0fa3fe,true,HISTORICAL_SNAPSHOT_VERIFIED,0bfe307bcc187619c938ea73375b0c5d30422cf5cab84ac1939699ca58ec8e9b,0bfe307bcc187619c938ea73375b0c5d30422cf5cab84ac1939699ca58ec8e9b,alchemy,infura,true,true,cases/ca2-c7586710b826b2f08a35.json,f3aab2af62216c1c2c9124a3d4ea5d3f0ce3b4df4445f7daf4ba3eedc09e4c54
ca2-b89108fafba359a9828c,rant_token,bsc,580a54496f384229c60aeb2c5ef5b9e78fc34ac3806926e78905b58f6f208f82,cases/ca2-b89108fafba359a9828c.json,edb9315f4d7320d27a3c16d364c4a931965eff3e01dd010ded5ee51eb2cf1e74,true,HISTORICAL_SNAPSHOT_VERIFIED,68f9a0c49bc0a57e137269576b76c161a65fe82f1a63c7c1e5a602b7e4465d4f,68f9a0c49bc0a57e137269576b76c161a65fe82f1a63c7c1e5a602b7e4465d4f,alchemy,infura,true,true,cases/ca2-b89108fafba359a9828c.json,0ad51fc5362676b95c18e331b393272dd89c7126dddc2763fc3f19b12126c3c7
ca2-332ccdc5e82202082265,rari,ethereum,bf9b824f62bf75f522abab7fd375e2d485139f3f5aec448e829f104e0540c17c,cases/ca2-332ccdc5e82202082265.json,95554b6b034f14342b099add8ef5e8c6c419ebebfedce63a4a20223f19c32623,true,HISTORICAL_SNAPSHOT_VERIFIED,95273a34756aa3d24aa8605d6df3d68ed1ad40a38e515b10e5f06880ff56fc49,95273a34756aa3d24aa8605d6df3d68ed1ad40a38e515b10e5f06880ff56fc49,alchemy,infura,true,true,cases/ca2-332ccdc5e82202082265.json,bba17cccca1e914fdfcbd6ec764e5ce330d3567d084a89e5bc420e26506cfb5a
ca2-511b838cc3ae7420a912,rbalancer,ethereum,86cf944880d6cbff7d2db1838a8e3abf951863f919835bb40aa9bd8218c4941a,cases/ca2-511b838cc3ae7420a912.json,3d9ddef032b9070aec7c099491887157a34b10f1b0021ae7b727585685e166da,true,HISTORICAL_SNAPSHOT_VERIFIED,0bf9a321773ee45230e11f11839d2fcfe464cd6369aaf2dfba8c5f35c6ab3388,0bf9a321773ee45230e11f11839d2fcfe464cd6369aaf2dfba8c5f35c6ab3388,alchemy,infura,true,true,cases/ca2-511b838cc3ae7420a912.json,9fcbb0841b727e6d489a67ea6078048c20be2b1aab37b6a772f76dd23e733cf1
ca2-645b4941b3f47a925ccb,redkeyscoin,bsc,a2db9970877da0c83837583912d9c103c94fa3da0af9784bb32606db9afe8c09,cases/ca2-645b4941b3f47a925ccb.json,69a97960c8b88f51f705f19de14cd2ccc885097d8e0aa9d64611ecfabbcf4ae8,false,,,,,,false,false,,
ca2-758d99036031cc6eb400,res,bsc,c314dc26fc80fb5b05458710f696cae8959cac4aeee9fb83f984e09f98e0e7aa,cases/ca2-758d99036031cc6eb400.json,88df71cd3d4a444623543300af8f44998e78c71dbf31dff4fe80e4b02ed1ab54,true,HISTORICAL_SNAPSHOT_VERIFIED,0ecde83e3536b36e3f0db5193a822662a120110bb432a7d4bc15cca56b6f4915,0ecde83e3536b36e3f0db5193a822662a120110bb432a7d4bc15cca56b6f4915,alchemy,infura,true,true,cases/ca2-758d99036031cc6eb400.json,24b7dfb1d25cf38430eded2b5ecd4cd189a5ba5063bcc0068a957164fc32754a
ca2-301863287cb1e49bdbb5,res_2,bsc,eabf9f80d8c4600906efd55c7ff64ecbe40226c1678d41f21144ecd6f5455cbd,cases/ca2-301863287cb1e49bdbb5.json,e0ed5703bc0b0c2a3b412f8de4ed570816372f5ab0e249383eb380b6250e4945,true,HISTORICAL_SNAPSHOT_VERIFIED,0ecde83e3536b36e3f0db5193a822662a120110bb432a7d4bc15cca56b6f4915,0ecde83e3536b36e3f0db5193a822662a120110bb432a7d4bc15cca56b6f4915,alchemy,infura,true,true,cases/ca2-301863287cb1e49bdbb5.json,202a83f84ab2d363fd4e95e81c54e758b1c76af82de94e13042d05d0ed6665f5
ca2-f85fa30e6947a150b2f8,resupply_fi,ethereum,056c2208655097c27c89f9167af4500f2092be88cd3a7d0104b5b3291742c70e,cases/ca2-f85fa30e6947a150b2f8.json,10d5e6163564814c59e150b676775ec0cc16b4bb9965f43bfe31fb43fb1ba173,false,,,,,,false,false,,
ca2-4de34020e1fa2eaee68a,revertfinance,ethereum,185b9119b9e8dc4ea92cab8fa79e8288377b794d97cc0d673bd4b729f68eaad5,cases/ca2-4de34020e1fa2eaee68a.json,bdafdf59f66034d107d1895915373dd053c7e45810bb39c653701b08a4a6a95d,true,HISTORICAL_SNAPSHOT_VERIFIED,7f2c31764a510940cca514365db840cd67ac526e81978a6f509665ee4196b8e5,7f2c31764a510940cca514365db840cd67ac526e81978a6f509665ee4196b8e5,alchemy,infura,true,true,cases/ca2-4de34020e1fa2eaee68a.json,6b6c325e9cb8bbaafafac019805a669feed853a5cb13e41bf1cd084b5f68c2bd
ca2-e75c05f94545176def00,revest,ethereum,30d6689298350a983cffcc8588f6123c817523bdf49005c47a659e0132e34ed8,cases/ca2-e75c05f94545176def00.json,69eae7dc5d848187d0e2175a2d1c977a5742f23aa9c9583da227357cb8a2a105,true,HISTORICAL_SNAPSHOT_VERIFIED,8993c1249b0eb0afc220264fc70a338f16ae53deb157174a7935d1ebbe9804cd,8993c1249b0eb0afc220264fc70a338f16ae53deb157174a7935d1ebbe9804cd,alchemy,infura,true,true,cases/ca2-e75c05f94545176def00.json,9367d0231c587119d103bd07ee8e93e822af166c64b587203a074d44913687af
ca2-cb9d62babfef067f9bc8,rfb,bsc,0c32029b5d02659d5d824d4963f2087b84c9d3b43160c8c525f2c57eba526772,cases/ca2-cb9d62babfef067f9bc8.json,826e366522b5be4fda483df2bd1c1578e7135157c5e7bd8e8e8d197c45701e43,true,HISTORICAL_SNAPSHOT_VERIFIED,5dd651d8998438b9b009a5725f42fb9c85931a38ad5d2b31db7d1e427fea0076,5dd651d8998438b9b009a5725f42fb9c85931a38ad5d2b31db7d1e427fea0076,alchemy,infura,true,true,cases/ca2-cb9d62babfef067f9bc8.json,4b970026bf9e1a49fc474898bdf494c457e9f8946ffd5edd423589612f857e49
ca2-cc09312220e115bde016,rikkei,bsc,600aae228c69fd082a3ad0fbe884347e50c653c4497b11fbccc3c55cc75b0c28,cases/ca2-cc09312220e115bde016.json,75ef0f92bc69ae2b9e3abdc3b9dd365e0f839979abe48a64752ec02cc2cfd9c7,true,HISTORICAL_SNAPSHOT_VERIFIED,222e84dc2d218203d2ac165592e0b62d5eca4aca2f0cba7c653abb45ba40ad47,222e84dc2d218203d2ac165592e0b62d5eca4aca2f0cba7c653abb45ba40ad47,alchemy,infura,true,true,cases/ca2-cc09312220e115bde016.json,421267b26bb1378862c0ba8f3b21a9cdb75eecd4fb8782947ba9b06bc63b8069
ca2-604ce8fc1c483067805c,rl,bsc,a5e3a30479f4d5034068015d8efbaf379cf2dd3c7e4e330c4d90fbaa8e8a0aea,cases/ca2-604ce8fc1c483067805c.json,8902fc41f236c107abe4340473ce93bf5fbd3d3d6cbd857f15fbeb4c9657887f,true,HISTORICAL_SNAPSHOT_VERIFIED,ca826f07bd24c14dca1a546f6f15d02ff4b434f52bcee43ddb112634e4dc5605,ca826f07bd24c14dca1a546f6f15d02ff4b434f52bcee43ddb112634e4dc5605,alchemy,infura,true,true,cases/ca2-604ce8fc1c483067805c.json,144ed4f6109787bcfc3d9ca328779cf8d56c3a51ac119ec5a6513ac56fe0452c
ca2-0bd28c93ecf3fec1d833,roefinance,ethereum,c63cfd5482a8160d143e4f57f1e1da8249dc85a031883038bd03aeca8761be6c,cases/ca2-0bd28c93ecf3fec1d833.json,71cd994c44930a384b3ce92e42ad7b175c29dc34fb553aab38263dc07ed5a6b0,true,HISTORICAL_SNAPSHOT_VERIFIED,0a2d393fb277f055cca4aea8c5d58b681211c3b6279dfa35abb99bfaad0fc4b9,0a2d393fb277f055cca4aea8c5d58b681211c3b6279dfa35abb99bfaad0fc4b9,alchemy,infura,true,true,cases/ca2-0bd28c93ecf3fec1d833.json,6fd6a7ce81ca16542b7d06d6012ef7e0187551e5681fa25c2c9491e161e0fe57
ca2-3b0aac1754ae5d74f870,roi,bsc,44b6df798e552caf91e55d0298a4741ab600d063f20c61e2230048ca2883f52f,cases/ca2-3b0aac1754ae5d74f870.json,33f51d25a18b6ce0a8ff61dde62f012f2b44bd472b2a51899c055b3855e59a87,true,HISTORICAL_SNAPSHOT_VERIFIED,6b8a20e1bb0b325a2dcfc06dd6854ceaa6adc9d62b92946b5a149deab02dc140,6b8a20e1bb0b325a2dcfc06dd6854ceaa6adc9d62b92946b5a149deab02dc140,alchemy,infura,true,true,cases/ca2-3b0aac1754ae5d74f870.json,9432b658b21ef2a4d6be9a2ac190d570d3981c298256d90563e90cde5577f357
ca2-53f0c0893c96da4fd077,roulette_pot_v2,bsc,dcec85b65b0b026332a0ec4168b37a9e818f653db9d6fd1aceffa210718ed135,cases/ca2-53f0c0893c96da4fd077.json,9d778847087cf8d265cfb5fbd89f4c5403b719877f5d404af4842b67b9bb880f,true,HISTORICAL_SNAPSHOT_VERIFIED,e23e818802faff39271bc8f8449396558c394443120d0179c4f7febe14328c0e,e23e818802faff39271bc8f8449396558c394443120d0179c4f7febe14328c0e,alchemy,infura,true,true,cases/ca2-53f0c0893c96da4fd077.json,5a6c35cce75fa6e96e867196f2eaf92660abe7bc4b06ea52b1c156b67a2eda40
ca2-4ab53dc147bf1894e356,rubic,ethereum,e8d29a0a1694fa21c7e7bdc69e41dd35fd1f3873690366aadf1680bfb255c883,cases/ca2-4ab53dc147bf1894e356.json,2393a2c03aa62410407fd49a0655227367dcd876e27f2ac9064a4bd03056d493,true,HISTORICAL_SNAPSHOT_VERIFIED,b2a286d33bdeb7d1387ded5560cddadb4f945d98aaeea3bb9453ba6e8ebf8716,b2a286d33bdeb7d1387ded5560cddadb4f945d98aaeea3bb9453ba6e8ebf8716,alchemy,infura,true,true,cases/ca2-4ab53dc147bf1894e356.json,c305ee1fb8fd62ed92df36af631da02961c3a78172ff9e3124d5d81c58bb9f59
ca2-c76c240f897354a45770,ruggedart,ethereum,8f36141ff95c00a3a22a2e3ab0a513691069afda0fb6f9454845ae5d3dda81b4,cases/ca2-c76c240f897354a45770.json,14dc700cb1a5db223942d513d4c543f01f4246ccaaa3419e1fbb3734d0077b67,true,HISTORICAL_SNAPSHOT_VERIFIED,c0eadc23335d1103a91a517bf13a79ca569061da0767e30b068da3998d4251ae,c0eadc23335d1103a91a517bf13a79ca569061da0767e30b068da3998d4251ae,alchemy,infura,true,true,cases/ca2-c76c240f897354a45770.json,6bf0d8563d29c6f62d8c3fb3f3d4e5f36554b20ffcb46e6a0f029f8b02cb8191
ca2-c9253cf4e2d235460157,saddle,ethereum,fc7a6c62cd6481103f6ed3ea6b0b75c989866492edc9713b6489caffbfab90a3,cases/ca2-c9253cf4e2d235460157.json,f142fc656b1454076a94712cda64f38354989cdeedef387abd2d2df0406ab6d7,true,HISTORICAL_SNAPSHOT_VERIFIED,9c780d9bb7ddd0291090932bb7878430a8131d16b24cea4db6531ce914e45a3f,9c780d9bb7ddd0291090932bb7878430a8131d16b24cea4db6531ce914e45a3f,alchemy,infura,true,true,cases/ca2-c9253cf4e2d235460157.json,6da27d9edf4d6a6f1f338d1bb4d286a86060e835f975f882ab426d7f7ca97de6
ca2-6e83ea5ad89c085e5f5b,safemoon,bsc,25fe27155a5e52c4aaeba8057d8b47cdbd4e3d396358daf0d4b271340fe41dd9,cases/ca2-6e83ea5ad89c085e5f5b.json,35c76f998632d180357ed1d2980fe7f92f7d4c0ff76a3eb203947b7f948fbc5a,true,HISTORICAL_SNAPSHOT_VERIFIED,fbbb07bedc0ae8cf6d3837b59a583d124727a3203ed5155e0c4a31e2df323999,fbbb07bedc0ae8cf6d3837b59a583d124727a3203ed5155e0c4a31e2df323999,alchemy,infura,true,true,cases/ca2-6e83ea5ad89c085e5f5b.json,24881f52836ed562d413178edf9e9452e2b1c2af8efb7f9a30da07825de1bfd9
ca2-48d4577fa72f25875ad3,sandbox,ethereum,15abf85dac7a712c83c24da263dcde907c6f74d7488bec995c1aed112bed7bcd,cases/ca2-48d4577fa72f25875ad3.json,2bee641008eaea45ebf36972f83385186dcc9115ae151c151195dde1884d504c,true,HISTORICAL_SNAPSHOT_VERIFIED,936ceb6a6b79ce9e732fa904f9d256bee6f1e1b32baa10a6d5e612fa822c1787,936ceb6a6b79ce9e732fa904f9d256bee6f1e1b32baa10a6d5e612fa822c1787,alchemy,infura,true,true,cases/ca2-48d4577fa72f25875ad3.json,780099e09b523ac41c7fca08d9ca9eaf88ced538c65e8d07c26d01fd9c45f6cd
ca2-a4270f1ffef2f72b2237,sashatoken,ethereum,26cbf9fde363094744a07103dd194e7987d3d5aeabf0760b0a879575bbf6415c,cases/ca2-a4270f1ffef2f72b2237.json,e6a4212eb9c1234392882f3da0f1e88417b8d65cb399185e76a569b4fbc4910c,false,,,,,,false,false,,
ca2-170efb900eb90211eaa2,satx,bsc,0838ef582db3c680dac24c28a39ea8a003cd3d759cd6cab4cf04f552df4b1470,cases/ca2-170efb900eb90211eaa2.json,5f730eec9450976f4164b4f89ff6768ff7effac49237c1d8ec0757fce2f87340,true,HISTORICAL_SNAPSHOT_VERIFIED,c44710682af678d9585aec9a844f7294d9833368ba4e82faae1fb1191d5d81ed,9088da6e80c1d84fb4fb17d48adb46750a35e96bd87fdf41ff7eba664afe0831,alchemy,infura,true,true,cases/ca2-170efb900eb90211eaa2.json,ba76a6461941795bc7369d18336590f6945c283b5fb0347dcb6ef00cce6dd7f1
ca2-92eeb1ebc356ab25288f,sbt,bsc,c4b8e6347eb8150c7310e0ed1e9f8faa185c602622e33aa4c5777a8c78ecb6fd,cases/ca2-92eeb1ebc356ab25288f.json,adb7a1620891094f6e75d192b35ed3b915be3cb656444224893cbb9506a486a5,true,HISTORICAL_SNAPSHOT_VERIFIED,994b67b6da31b632f082991892c036126d926a27b3c45ad7779652777f8b00b0,994b67b6da31b632f082991892c036126d926a27b3c45ad7779652777f8b00b0,alchemy,infura,true,true,cases/ca2-92eeb1ebc356ab25288f.json,75f15f156c55628fd84fbdbc639f1ef05663661a1cc13304a38255e7b5bfca34
ca2-8b0370be76c7c7e05d59,sdao,bsc,190bb7abffdbf5ebc70266a584fec80364b0ddd237ba2296a08e4a18aece5360,cases/ca2-8b0370be76c7c7e05d59.json,2aebf0d18d9d0fe4d2cfeaa473c748661482791700247a7c4891fa00ee2fd9f4,true,HISTORICAL_SNAPSHOT_VERIFIED,2c64f34c5bc01c7fbb6c85865016833d0491e4bf6e1587a54e51676b9feca12e,2c64f34c5bc01c7fbb6c85865016833d0491e4bf6e1587a54e51676b9feca12e,alchemy,infura,true,true,cases/ca2-8b0370be76c7c7e05d59.json,b11c7234930fc96640a1d968af860b11b85c59bc7b4b5d8ae84bce8e5c52df17
ca2-d3a51f08e6355a17ca20,seaman,bsc,0906eb13a4e8c0ee8bba18e7230761a8c3300d8ff676df51b94c8ca75038ccf4,cases/ca2-d3a51f08e6355a17ca20.json,043447bdeadaf448cb90db69157852481a50c88196be0a07e8f1e818a166ac95,true,HISTORICAL_SNAPSHOT_VERIFIED,57ef91186fc12b8e96c96858f9cafc68b51e9236f5fda7e1cd23fdb36aa6c1de,57ef91186fc12b8e96c96858f9cafc68b51e9236f5fda7e1cd23fdb36aa6c1de,alchemy,infura,true,true,cases/ca2-d3a51f08e6355a17ca20.json,7ae592a064f29cd1fddba812b9bb3f2dcbc402264bd145fdcd90b2c34340a0c6
ca2-f18eddf4c9f68d58e510,sellc,bsc,264169613fbe8e65a3661bb684fbe13c88550086f0c223429679becf7c63630d,cases/ca2-f18eddf4c9f68d58e510.json,c6b613f077f6df2f90be9a4c259ebfcece2858e2745889695b91b4601768cda6,true,HISTORICAL_SNAPSHOT_VERIFIED,846f88a109b8a8d4b8685e4a21c08baa244c90635a2501996396e111aede56b1,846f88a109b8a8d4b8685e4a21c08baa244c90635a2501996396e111aede56b1,alchemy,infura,true,true,cases/ca2-f18eddf4c9f68d58e510.json,7fe1ebfdb72c960cefb8ba2a39ca78d7223a6448fc9a90e0234e182efa3d8e2a
ca2-8ce9d12a815961338519,sellc02,bsc,6cb920bb1f6f216b6ef89b9e5434dd0f0ab5b0d74b6737f975f47a1c42e4d43a,cases/ca2-8ce9d12a815961338519.json,6f430be80e3b9f76b83dac2ed0b64b652676a32b2962cd2a7b809361e9a6820d,false,,,,,,false,false,,
ca2-b15231d961b437b62264,sellc03,bsc,0eb0ff1c0aefddf0474f597b850d9eaab312c8b34cf497a20d11079134f90e82,cases/ca2-b15231d961b437b62264.json,fea934966720723e9daf5e7e456f003660d4b237457095d197c428f0e3eb8bd0,true,HISTORICAL_SNAPSHOT_VERIFIED,55806dc0219eb8cf6d39d94cbfb9c65403141ec0b4097c6b578bddba599d6edb,55806dc0219eb8cf6d39d94cbfb9c65403141ec0b4097c6b578bddba599d6edb,alchemy,infura,true,true,cases/ca2-b15231d961b437b62264.json,a2491bfbeb1280281de1339a252a36e866c76d40202bb6e3fb9818048fbf7138
ca2-429b8f8a4d1baf287471,selltoken,bsc,5fb9772fd66d36a0b2cbae2aa51f9eafe3c84f39a9c1cf916f5b9ad66544867e,cases/ca2-429b8f8a4d1baf287471.json,a2040257a3fd32d8429eccae6c53608ff83fd5ffe90c487e1b351ece6aefe8ac,true,HISTORICAL_SNAPSHOT_VERIFIED,8a1c39e6af9c4c9bb293d3efb7224be7b07d1aab64f6c6e2d6aec7a9369c9742,8a1c39e6af9c4c9bb293d3efb7224be7b07d1aab64f6c6e2d6aec7a9369c9742,alchemy,infura,true,true,cases/ca2-429b8f8a4d1baf287471.json,5046ef4ebdac49233b46468b128953445039d589a13a70d05e9ad5fe1787f5fe
ca2-e7cd16bb64166a6efe64,seneca,ethereum,7eb36652f31a5d719d4adf50bb99c0ad334e59a02282814af3ef1b94c62c8ba0,cases/ca2-e7cd16bb64166a6efe64.json,884118d338e2f01052c62666a4c5f97c85ae501d4b4b8cf32fcd55fad7b22ebf,true,HISTORICAL_SNAPSHOT_VERIFIED,4973814f5d7108dcb7f914dd5ae38d9b74f4fd738cb36ba0af1052c4471fee65,4973814f5d7108dcb7f914dd5ae38d9b74f4fd738cb36ba0af1052c4471fee65,alchemy,infura,true,true,cases/ca2-e7cd16bb64166a6efe64.json,1ab292715831a34e890a2eaddb54d671c265074c8061a9000a4b6edfbb2a4e6c
ca2-742774bf4edd46ad6f87,shadowfi,bsc,943fbc02a473a09fc9d7dedb198a227e57e368b3baa4e17f671a7fc015855850,cases/ca2-742774bf4edd46ad6f87.json,f46c882fd3714cb134451cfcbbafff7c7f86cbc412dea617240b96ae03e7da3c,true,HISTORICAL_SNAPSHOT_VERIFIED,b0edfc72eb4aceeeae08c9ae82754da19b33f2a9eaffcea3a7741a69e4e43c16,b0edfc72eb4aceeeae08c9ae82754da19b33f2a9eaffcea3a7741a69e4e43c16,alchemy,infura,true,true,cases/ca2-742774bf4edd46ad6f87.json,42539fbb2b62eb8279b304d5aef3656f40d549bf81157f8539853aeb7729e411
ca2-91206b717060c4fd7b39,sheep,bsc,24805fbb4c19f1a405ec1325e048c07a530636b73ace54a72604ae9cbe2ae9b1,cases/ca2-91206b717060c4fd7b39.json,9ab6dc4f8436a543609eb2192cedaef3bc6534bdc3591a21e6b9a55ffcf54442,true,HISTORICAL_SNAPSHOT_VERIFIED,8a1b063912a1599ed137fdaf5d2337665f836d0d7dcb4d8efce73e31fcb37608,8a1b063912a1599ed137fdaf5d2337665f836d0d7dcb4d8efce73e31fcb37608,alchemy,infura,true,true,cases/ca2-91206b717060c4fd7b39.json,a1ccdd170a0a05067aed4ca24c4024973ad0433af38f898d23054420d432add6
ca2-87e3cee3e857278adb8f,sheepfarm,bsc,ff10f8105785a06e7b0d840800ed0bbfb738b21032eab1c901fa6f01573a6a1d,cases/ca2-87e3cee3e857278adb8f.json,eebdf2892c29845602f4efb678e6dacae85bb2d9efb2817548ad2ee3cd0eb001,true,HISTORICAL_SNAPSHOT_VERIFIED,5f659cac938c29949449d89d9ed7b799e942d1c8b9dbeedcb62dfa7907041f0d,5f659cac938c29949449d89d9ed7b799e942d1c8b9dbeedcb62dfa7907041f0d,alchemy,infura,true,true,cases/ca2-87e3cee3e857278adb8f.json,3c711450f019f8f82de9f869d9a4ee28e8314210886e9747a046605de30a0f6e
ca2-61379f018c08925d7ecc,sheepfarm2,bsc,6cd8ca37d4cad4ac43dc344c1ec7690f33a1a0c0a65d60427065fdf24b7e1322,cases/ca2-61379f018c08925d7ecc.json,e03925008fba90d3178a15c58815012df6df6a24fa34ee6a4ebd1386f62c1c2c,true,HISTORICAL_SNAPSHOT_VERIFIED,5f659cac938c29949449d89d9ed7b799e942d1c8b9dbeedcb62dfa7907041f0d,5f659cac938c29949449d89d9ed7b799e942d1c8b9dbeedcb62dfa7907041f0d,alchemy,infura,true,true,cases/ca2-61379f018c08925d7ecc.json,35673b449ebd6645730c68a82a11269a42d5392707b5f9b200bd4d771dcc8112
ca2-db4133161e8ad967d9de,shibatoken,bsc,6cd3af9cf3d08df66851c6a66bdd6a314ce1bbe14a2d3aa1de4f5f9ee216ad6a,cases/ca2-db4133161e8ad967d9de.json,6ddea6e51e1c0ee845ca5e4fe79ab0777179e6874f3bf5e83c923148d114b201,true,HISTORICAL_SNAPSHOT_VERIFIED,53ea8a2be13df85fec07524008f9b86dc71f284ab0020f5ea7cd1158bcbf0515,53ea8a2be13df85fec07524008f9b86dc71f284ab0020f5ea7cd1158bcbf0515,alchemy,infura,true,true,cases/ca2-db4133161e8ad967d9de.json,4b5bf3a80d55884870e5246c781f5c4fe228e3c6c2416cab419e5f991332b37a
ca2-998d669aa57d9c873e3e,shido,bsc,bb9a683b8de5c216c4524628674cca5fea33527ae2f9908e0518011912213ff4,cases/ca2-998d669aa57d9c873e3e.json,2cc72120a1b70f74acd0c3a07c372955569189763018c2bf6e6413fef801edde,false,,,,,,false,false,,
ca2-fff564d4ebd90a3fa837,shido_2,bsc,654ccbf50a8c313368b24377ff3f9368f2d37d35ee895bffad689d98ee3fb846,cases/ca2-fff564d4ebd90a3fa837.json,2700214da15281d277143fbfb6096818591391b44e2b078b0343ed8b8147cc0c,false,,,,,,false,false,,
ca2-0973b5638247f1875b62,shoco,ethereum,98f3519891f1952e34b0b5947726a014ba3f0ebf23b7c986f333a08f9f47e33e,cases/ca2-0973b5638247f1875b62.json,fa8abf12b34c5e993697099511a753c4ff2c52efa29fbd8bdef75ef943ab2b7a,true,HISTORICAL_SNAPSHOT_VERIFIED,48e257c534635a5f57d6867a36ff299b386fe0b410c69eadb45ebd2be0fcc4f1,48e257c534635a5f57d6867a36ff299b386fe0b410c69eadb45ebd2be0fcc4f1,alchemy,infura,true,true,cases/ca2-0973b5638247f1875b62.json,07a0d365a171d940c56ba05a7e44131eef4fd6fc9ba81c473e29c2c014756ad0
ca2-0f2e70bb64b6ee9426eb,silo_finance,ethereum,d7caa3192a76881692fa6f2ee58d0a456a2892871b9401c5bf31fa73267de426,cases/ca2-0f2e70bb64b6ee9426eb.json,ec25c60dcc9533b9c6e5692497130ac0d1dcdbbb1479c354de833e8999784a71,true,HISTORICAL_SNAPSHOT_VERIFIED,2d4dcef608a694a2680615e5ee913003202cf5ee430741c9b434e76b43bacd3a,2d4dcef608a694a2680615e5ee913003202cf5ee430741c9b434e76b43bacd3a,alchemy,infura,true,true,cases/ca2-0f2e70bb64b6ee9426eb.json,3d25ec8b133a9c6a4e3677f4d522bc9edde2ee55e787d9a5599a77d98bfc29de
ca2-92a135a9bdbd676ee494,size_credit,ethereum,56aadc0b3079f63d707f99dd024d88eb2165274d1ecdeb7368f0760d1191bdce,cases/ca2-92a135a9bdbd676ee494.json,b026f4e9dc4d5e7e39cd11bd703530f2e0ff1245804a0d56ab4f7fea7642b162,true,HISTORICAL_SNAPSHOT_VERIFIED,47168e619eca9631e57cd985d302c7aaa581223bc497ab54a61805764bb4be04,47168e619eca9631e57cd985d302c7aaa581223bc497ab54a61805764bb4be04,alchemy,infura,true,true,cases/ca2-92a135a9bdbd676ee494.json,9cacecf3d520f67c5eae695470db9ecd78c3514d6761dd4abd91307456f0aa40
ca2-f3e658093e457630a524,snk,bsc,b0499e76b1b54fab9443462e85cf986cdda828b86b1ac89a9386fa2b9e5be469,cases/ca2-f3e658093e457630a524.json,afc83c08ad4352afbfa9f96f4259cdee344919fda8c95ca5f649a7d6cf366a01,true,HISTORICAL_SNAPSHOT_VERIFIED,8e9b617305bec51f1ad1f8e1e740b6943b65e98df9d8e99772b5e1e3a46ea482,8e9b617305bec51f1ad1f8e1e740b6943b65e98df9d8e99772b5e1e3a46ea482,alchemy,infura,true,true,cases/ca2-f3e658093e457630a524.json,7673683c84bf50799481fb7fa26bb72e8a0e585c88a6d18bbc4a2eac00dedb3a
ca2-c6799af1babe7f32f44f,snood,ethereum,019bbb1900ba49ca6ea2fc2e0febaac49e98cb9afa81f27935286c17ba3b4e43,cases/ca2-c6799af1babe7f32f44f.json,4ec0213b4640f404c55c8dadd64fcef9105526f40d095c30111625eb673d6689,true,HISTORICAL_SNAPSHOT_VERIFIED,15dae27b6643b18af1579768467bebc24eaf98ac0bb0065a313d5be38dd83794,15dae27b6643b18af1579768467bebc24eaf98ac0bb0065a313d5be38dd83794,alchemy,infura,true,true,cases/ca2-c6799af1babe7f32f44f.json,68daac456e2291e8103d2aedc996764c83d0c77a787ee773c5bbd45c35987961
ca2-220124d062a8c71c63c5,socketgateway,ethereum,db706c871f0b2cc99036a3741e16ef2da5d9ee6a63e344741d77d921c30da7fe,cases/ca2-220124d062a8c71c63c5.json,a3269266f53d0601f6312c8ece9cc0679c787a6a154ed1b45b51eff965ec54e8,true,HISTORICAL_SNAPSHOT_VERIFIED,6727ee0d3c7b795d1d5efe374c58fd04fc1b2fe799e47d01ad9afa9781e7026e,6727ee0d3c7b795d1d5efe374c58fd04fc1b2fe799e47d01ad9afa9781e7026e,alchemy,infura,true,true,cases/ca2-220124d062a8c71c63c5.json,e11e8f5390d5ed313339d8e1142f045b846e7a68c11f4ab791223814bb0b2124
ca2-fdd7dce161154c375fb2,sorra_staking,ethereum,771e343f23e36a9ffb105f6f59212377d2c905273c45a3b20f7b2a8cf5415df5,cases/ca2-fdd7dce161154c375fb2.json,7f4d860b26d1deefdcb479b6ef4c8a5f2fb73d7f2084fb3e5765d942f2e4591c,true,HISTORICAL_SNAPSHOT_VERIFIED,c28426c6f0c6dc1d1c2913d9d5ab6d6b9c80d58676ca349aba68ddccf452fee5,c28426c6f0c6dc1d1c2913d9d5ab6d6b9c80d58676ca349aba68ddccf452fee5,alchemy,infura,true,true,cases/ca2-fdd7dce161154c375fb2.json,7fd3045a5f8080f0641290f19c07a1fbaf0957748e05463028b8d1a2e10fc544
ca2-ee23a7f09f8e25f5c7d9,spacegodzilla,bsc,f613e65c5e150c0e3c2defbeb847b84874eb664f98375cc39c84ffd40ca027cc,cases/ca2-ee23a7f09f8e25f5c7d9.json,1b55f7ae1fdff34e4af646522652609268d8b79611390a24c8f0e253a95d1f3d,true,HISTORICAL_SNAPSHOT_VERIFIED,dd22dea79ddc1fa633a86709042fd2e5ac298f4aacc99010ed7082f6243aeef1,dd22dea79ddc1fa633a86709042fd2e5ac298f4aacc99010ed7082f6243aeef1,alchemy,infura,true,true,cases/ca2-ee23a7f09f8e25f5c7d9.json,38894f6f65a37bab11df940ee1a55de506cde1db8e88468d28f7d5b43688e25d
ca2-f655d6375b3979edab38,spartan,bsc,5ece262b8a7f56509a67d5213d893d7db0b8c829750ee4c15c7d037a3f79c913,cases/ca2-f655d6375b3979edab38.json,cc7adda3ac034bcad6feec4b3c0067791c477de355435312d629c0a900d9f429,true,HISTORICAL_SNAPSHOT_VERIFIED,f666eb4bcefa4548fc67122165349b14d766bae3beee8ecd95560ffd7db98a46,4e323fd2b03ab5e5e518a2012fcd0edb635f3df82334926cab6cc183e51e4e57,alchemy,infura,true,true,cases/ca2-f655d6375b3979edab38.json,9b74019b0662b927dfb91d64d4bc7e1d562fcec0a2e6e4d352cea3af5bd58f19
ca2-6996a5993263d8986598,spectra_finance,ethereum,091a2464724ee5bd0900c9bda72baf4f5f50cfb343dec39c4ba0f377a8488803,cases/ca2-6996a5993263d8986598.json,76d542b08947d1579ad3cfcaa4613710184c8143c93416fa413a03b21ff223f9,true,HISTORICAL_SNAPSHOT_VERIFIED,c84094b0fc0ad1f35086df712f700d8915d76282a7375131eadade5f91bd3cf7,c84094b0fc0ad1f35086df712f700d8915d76282a7375131eadade5f91bd3cf7,alchemy,infura,true,true,cases/ca2-6996a5993263d8986598.json,9bb88c2a7105311b63bece5b39691bbe75a667b351fa8a22b7e4c8e7bf97786e
ca2-b7fe5ed86edfbd9edb3a,squid,bsc,b590f846e76122812f0f9c85013dd6e2b10f898841e0f7d4aa7b26f95b95a94a,cases/ca2-b7fe5ed86edfbd9edb3a.json,5bbdfd32ff574670d1b0bf0531835ea0114c6bfbe78b2e09297e5303bcac5113,true,HISTORICAL_SNAPSHOT_VERIFIED,23e2609e32a0e1684881e5cdf8c4883558dafc8ec25c8885512a263e1c4dae03,23e2609e32a0e1684881e5cdf8c4883558dafc8ec25c8885512a263e1c4dae03,alchemy,infura,true,true,cases/ca2-b7fe5ed86edfbd9edb3a.json,4238a22b740f0b6e09a3bfa71003c421762e67aa6570d9c69ab834378db87688
ca2-0062515827b6285930f2,starlink,bsc,43ff9d0d2e3ae80524aed6179f2cfc46949220b9fa71c1ba318083e64a48ce52,cases/ca2-0062515827b6285930f2.json,abab2bd4c0a17d5bc4d9a0f551144c747c8ff1e9d480537cda6d52b1173e5c76,true,HISTORICAL_SNAPSHOT_VERIFIED,d00cbafdbbccf893c418a1bd44f32b7a5717f66ae51485656ae15c3d725854c5,d00cbafdbbccf893c418a1bd44f32b7a5717f66ae51485656ae15c3d725854c5,alchemy,infura,true,true,cases/ca2-0062515827b6285930f2.json,adfd613407518f1fb72ac383e2eb61660fbce5510c8bad1da9c6be43e151d0b9
ca2-30fa2f4b25bbff890f55,steamswap,bsc,6444b5f97d79d00183552a1816ba2ef2f50ce42e94365f9bc2d7a653121bc450,cases/ca2-30fa2f4b25bbff890f55.json,1cff9dbbd99b0262d76352d2656eb1469839552a7758aa0b2230b8747850f9d0,false,,,,,,false,false,,
ca2-ca16a95de7b24c723e35,stepp2p,bsc,c9f4d9f65d46e8016bc1045031ac75f16a93864f4d0ed50965e51e58f36e16db,cases/ca2-ca16a95de7b24c723e35.json,8b6c339d75eb40ef1cd9444ebd0bdb4b122f82975214ce7d707c507bf1d08e65,true,HISTORICAL_SNAPSHOT_VERIFIED,6279a04087095941c34f3e69fc27bf05069301504be1d461f12d32444172a740,6279a04087095941c34f3e69fc27bf05069301504be1d461f12d32444172a740,alchemy,infura,true,true,cases/ca2-ca16a95de7b24c723e35.json,0f25ed81796b37e46a780fc3cb46d32383130d3f835e5f87a4198ae6a2a4f95f
ca2-7f64659ac37a0996268b,sturdy,ethereum,fd3c8f2549432cb680497310254ed1ec1857409620b9c12150bda9868aaab286,cases/ca2-7f64659ac37a0996268b.json,6448705dbb93e651ad5c5d7098613d03dd70c867e12c556114f568552c56501e,true,HISTORICAL_SNAPSHOT_VERIFIED,6f6cd78a11f60319387d29b99927be75789ae36e5bf4b9133e398d782d61872d,6f6cd78a11f60319387d29b99927be75789ae36e5bf4b9133e398d782d61872d,alchemy,infura,true,true,cases/ca2-7f64659ac37a0996268b.json,dd102e09da06956b274915e5a754fddf9359e66c60ca4399122744f519823c18
ca2-0583d91c7785bb31ad8f,sumermoney,base,7c4ea4aa8d97c228b8f5b76ac2500bbe2a86d872a540437358fa42ba258ace18,cases/ca2-0583d91c7785bb31ad8f.json,0352299a1e98ef66784416deac34c342828437daaaa123c6786b0af74885af60,true,HISTORICAL_SNAPSHOT_VERIFIED,20c82fe11682854956a558bc37a9a16d2ef005480d92a098f2194c13d41384b7,20c82fe11682854956a558bc37a9a16d2ef005480d92a098f2194c13d41384b7,alchemy,infura,true,true,cases/ca2-0583d91c7785bb31ad8f.json,df8eed1dd4bd5fbe69772d7d2bb0b11ece7343aca052bba27f78d3715fa075f3
ca2-b68f8de37da66632724d,sushi_badger_digg,ethereum,d6122a91dd1ee239d796425f2b3f3cfee89f2239305be83ff6754d772d07789d,cases/ca2-b68f8de37da66632724d.json,9ce4fe4f39fa96874832ecfea41d074d61622a7268f278fd19c2ccbd754949f0,true,HISTORICAL_SNAPSHOT_VERIFIED,c023bd42616969cd881d7f6869dff68c4a84d5b9dd76056aa3abd42ad1f9a6e4,c023bd42616969cd881d7f6869dff68c4a84d5b9dd76056aa3abd42ad1f9a6e4,alchemy,infura,true,true,cases/ca2-b68f8de37da66632724d.json,e1e1c5a99856f3d7cbf9eea130c515ee4a10242dd79923c5fdca3a84861b1aa9
ca2-59fefab120e73557ebbd,sushi_router,ethereum,9e1fdbf854b71a70eb76e82655b491b57d3f7a2f667580c2063fb06c1954c0da,cases/ca2-59fefab120e73557ebbd.json,91a2fdf051fd6e6421ce442e63d06438312d971ea19eaa06b910fe063a00974b,true,HISTORICAL_SNAPSHOT_VERIFIED,c236b368d45b1f4193ac28fa6b819584fb41d80497dfe04d2ed77852e44d9ce5,c236b368d45b1f4193ac28fa6b819584fb41d80497dfe04d2ed77852e44d9ce5,alchemy,infura,true,true,cases/ca2-59fefab120e73557ebbd.json,7ac1ce53df2553ce19d04a69cacb420bdeb49756bc1774c7dd95da6c3f373b26
ca2-cc76e9ac975f3c46bb14,sushimiso,ethereum,1f452d52e058923ec3f16a4f561c08620fb08a42487a9f257508573c6029e7ef,cases/ca2-cc76e9ac975f3c46bb14.json,0879f113ec52c7f6f9da933bb6697b7fa104c127fb75e01f334297e84acc802c,true,HISTORICAL_SNAPSHOT_VERIFIED,6f8f2ca4a127933b12236b212b3c376f48f0408541291df79b713deb19b45a3a,6f8f2ca4a127933b12236b212b3c376f48f0408541291df79b713deb19b45a3a,alchemy,infura,true,true,cases/ca2-cc76e9ac975f3c46bb14.json,5f7111aa5b93e56e5ab2cf14334431a1c7574a6377b9c38c734fa77c012ec072
ca2-7887a4e3ed471d877a90,sut,bsc,3caeb50d125145de906476ab3872eec1edd163b2f5343391f986a03ee54e29a3,cases/ca2-7887a4e3ed471d877a90.json,ef6cde7754e164cbd0f4449b965adb44b16fc98e8af48c0b152322c966257f0a,true,HISTORICAL_SNAPSHOT_VERIFIED,e6e78ce7f6bd3d7e1608f29c5836c6216dfdd80129c2a06e4188978309b00880,e6e78ce7f6bd3d7e1608f29c5836c6216dfdd80129c2a06e4188978309b00880,alchemy,infura,true,true,cases/ca2-7887a4e3ed471d877a90.json,dfc60f9ee1e95e0c7252260cc209dc26c1ed9df7bdab78529cc903bcc564b577
ca2-7cd2beaa007600ae46b4,swampfinance,bsc,f0ab6cbf08541943dc31c92c94412fc5189e71e5c3b63bc066bf47fd9679a7f4,cases/ca2-7cd2beaa007600ae46b4.json,262119c4ffce67593fe6f724b2dfb056c65d691d4351c46fcfe09d763ed867f2,true,HISTORICAL_SNAPSHOT_VERIFIED,8e7ad528a4c738d5f1ae4a9c1019b44ba75febcc0658eba9687acf405a6f280f,8e7ad528a4c738d5f1ae4a9c1019b44ba75febcc0658eba9687acf405a6f280f,alchemy,infura,true,true,cases/ca2-7cd2beaa007600ae46b4.json,53fe4ffc2bdcdfe19fb71901f0250887d64225825248cc8cf8aab9f029337f8a
ca2-4bda3ef104b3f057c7fd,swapos,ethereum,369a0161273cb9929a99db79e37d5b3ee698f47e1d54c69f0f96a2b99bf2f925,cases/ca2-4bda3ef104b3f057c7fd.json,faf7dc1ecce1c2323150126b45fe3a504599513f571d0ed12b410669ece0d309,false,,,,,,false,false,,
ca2-01398b37f50bcbb8adc6,swapp_staking,ethereum,013cfe8f423c3711343928338b6cd88927aac22e0bc2b0663a77e856fda90f7f,cases/ca2-01398b37f50bcbb8adc6.json,bc4e7f04be71dbbb0c739ca66b21d7f28e5a0b5e749fd94e3a7c8d1803b59cf0,true,HISTORICAL_SNAPSHOT_VERIFIED,7076f08442e1e2c27e60b4cdddd1707c4e4f313b1370426b5edfe1ff0f02c9fc,7076f08442e1e2c27e60b4cdddd1707c4e4f313b1370426b5edfe1ff0f02c9fc,alchemy,infura,true,true,cases/ca2-01398b37f50bcbb8adc6.json,d0913151b201ecb8c0dd484e44ff78f6ed4852aced8d75c26323be326992c33d
ca2-f459648a3f9405d0f148,synaplogic,base,17f95059732ac85c21ca905cf1bb65f42564d8d7b6fadb7473c935ac206b06df,cases/ca2-f459648a3f9405d0f148.json,734b690482a003c06748764c4e76a6a9f59d27b15adc0afcd24978da72a4ded2,true,HISTORICAL_SNAPSHOT_VERIFIED,1421a610481729249a328175ed19022e71951873d5aa53cdd4bf934da52a5cab,1421a610481729249a328175ed19022e71951873d5aa53cdd4bf934da52a5cab,alchemy,infura,true,true,cases/ca2-f459648a3f9405d0f148.json,d030a7768e2ef7dac9248e56f13d01aa06ba0672cb537aef2f02df2520d7bc6b
ca2-c2f4de8010f571d74d0d,teamfinance,ethereum,7530a6c49fa3e6ad9e2de962de98edf0c7105084d7d9ba7ceee6091aeac7ff3c,cases/ca2-c2f4de8010f571d74d0d.json,e4680de00a096595508c69cabfdec7862516aa159e7447bfe83977378b77d522,true,HISTORICAL_SNAPSHOT_VERIFIED,1a3ff623ac26ca4288d675df63afe4edcd6f68fa44371751619bc78e0b296506,1a3ff623ac26ca4288d675df63afe4edcd6f68fa44371751619bc78e0b296506,alchemy,infura,true,true,cases/ca2-c2f4de8010f571d74d0d.json,bef10d5c62e22c5d0254c02499c4bbf674c6adf0ad3bbccefb36e7ef4955708c
ca2-a675d1938359eba4234f,tecraspace,ethereum,434a20441f98e07439a5a265231d3f245b1b832085647f8d3f9902452e649a6c,cases/ca2-a675d1938359eba4234f.json,19793a5f60423019b7e96172463b77195b256e1021a12dddd80b27adb9c0d1e3,true,HISTORICAL_SNAPSHOT_VERIFIED,7d38c5320de8cee125d6032ce93ec3f77987d57d5ad5774134d81e88776cd282,7d38c5320de8cee125d6032ce93ec3f77987d57d5ad5774134d81e88776cd282,alchemy,infura,true,true,cases/ca2-a675d1938359eba4234f.json,4f3fbb7f2aee3c52c3c1d98050ae797b4b2e70e842927ebb34d4eaf1b344af82
ca2-e71c9a37159c80622f42,templedao,ethereum,f8621ef342bbe446f10e913a58e52de7cc76ebd48dac3bd4e3a9c5ac78ed357d,cases/ca2-e71c9a37159c80622f42.json,e6f12a563857fd56ab63499ab0ace81b27751fb7e8024dd70593a69ece085f01,true,HISTORICAL_SNAPSHOT_VERIFIED,e80d1f6c527aa3584d787b4a5ef29f9cedb6792f8c9ae1cc46e7296fbaf09438,e80d1f6c527aa3584d787b4a5ef29f9cedb6792f8c9ae1cc46e7296fbaf09438,alchemy,infura,true,true,cases/ca2-e71c9a37159c80622f42.json,e7caf330f287c47e26da22a78688b534b48d27ba64563e8db23b1ed09f851f67
ca2-ffeb7afe408bddf67264,tgbs,bsc,7c9c0adec5df864f26b6d2cfc9cf1036bdafa78020e6c93edcdd9f5e55c24d99,cases/ca2-ffeb7afe408bddf67264.json,a865a86ff8e2a90564efbd80b4f1be83884f101174447f0dbbbb72c9eef1d556,true,HISTORICAL_SNAPSHOT_VERIFIED,0434911e3ff597817e8bbf4da8e863e7e7e41d129981efbc74dc9d295272de8e,d3bde0e51cd5a292c49e262162dbf7bb2e11f7b98d448f6faae00adbb37ec079,alchemy,infura,true,true,cases/ca2-ffeb7afe408bddf67264.json,ea0817c4db68ea3553ba46043cf9b3f514330e6ac91e0ff6059916e05c06ead0
ca2-997649be77b639049862,thb,bsc,f9680835c13f8404f2cd892f4f7929a8aef5ebb6bbca6495d7760149ca446c75,cases/ca2-997649be77b639049862.json,a2c888e874b6108fa41a4a9df47081d20450f5b1250d4a8c0bf1abde03439756,false,,,,,,false,false,,
ca2-ca903ea09549202fecb9,thenftv2,ethereum,3e30671102228b3937f6558d042df761c30e078befb45d2d4aaa40b60b219492,cases/ca2-ca903ea09549202fecb9.json,4435219fc2b26cb4cfd26f96de21569d166030533d73997ce1c1acf0edd78e5d,true,HISTORICAL_SNAPSHOT_VERIFIED,f6fbc327bba8c0ebafee0896f71d1f88f96466390f2638b39ddbb95ba495011e,f6fbc327bba8c0ebafee0896f71d1f88f96466390f2638b39ddbb95ba495011e,alchemy,infura,true,true,cases/ca2-ca903ea09549202fecb9.json,8c0be88302dc55d55bc881664e948b68ef44bec1af4a5f1d5b4398866eee63de
ca2-11258a259a94c2ae2ec5,tifi,bsc,082df8cd2c5a8252b401d0ccd30486af3b1664dfd29c9bed1f05beb96a9675fb,cases/ca2-11258a259a94c2ae2ec5.json,777cb40c8565a0b9e684c628617a4eddf11d31e9da0865e5ec5da4fa0c5832a4,true,HISTORICAL_SNAPSHOT_VERIFIED,2001769616383e1f1ca5dabd1aa66397d3ecc47ea3fc28cca51185e2a6abda5d,2001769616383e1f1ca5dabd1aa66397d3ecc47ea3fc28cca51185e2a6abda5d,alchemy,infura,true,true,cases/ca2-11258a259a94c2ae2ec5.json,be280b049a2716be391e0eba09d52a31fa35132471001d17c4952209ee212197
ca2-acd1e6758fc18c6f0e76,tinu,ethereum,f8e19267c23721ed9c4007bc4092d2758976714bfcfc3d8fde7bef4e63edb3fa,cases/ca2-acd1e6758fc18c6f0e76.json,9f92d6371446153495087f0429352a994c7f5330ce0ea08b45265af5c9a6a650,true,HISTORICAL_SNAPSHOT_VERIFIED,ca82aa2bcef013da785b089334cc8c316fa26c9c0bdd0b23816db592191318d7,ca82aa2bcef013da785b089334cc8c316fa26c9c0bdd0b23816db592191318d7,alchemy,infura,true,true,cases/ca2-acd1e6758fc18c6f0e76.json,c6215bd8e3f85b9dc21f96b5a1a3a6e48233442339ac85b87749d9157c63da3e
ca2-7d8bff5c879f84e09ee4,tradeonorion,bsc,b34137739ebd3e3b7d6c6e8b4ba16c179333397d951ddde8a9578944de718817,cases/ca2-7d8bff5c879f84e09ee4.json,ff7aef74a79b3a016c190f21197d8c0035f69342b0f8da083f05a7043607e098,true,HISTORICAL_SNAPSHOT_VERIFIED,074d318c116ec6cf27605b1fd4875cb85dab6f81bc1fb71567f8e1f766b045e2,074d318c116ec6cf27605b1fd4875cb85dab6f81bc1fb71567f8e1f766b045e2,alchemy,infura,true,true,cases/ca2-7d8bff5c879f84e09ee4.json,9f8375bf31cbc6e374bae49e9d2f20079a11c4a7b9c51515cdfe2e27923e2b0c
ca2-610c56fd6c594f9c9f90,truebit,ethereum,b7f5aedfa2eae0a81bb1c4c74aad5f0e93f2bd668439429141196e926235b4a6,cases/ca2-610c56fd6c594f9c9f90.json,a525cf167c55e2c49dbb5e803cd6427ea9b477a65bfdc13e31d6bce02e47fbf3,true,HISTORICAL_SNAPSHOT_VERIFIED,1a3ff623ac26ca4288d675df63afe4edcd6f68fa44371751619bc78e0b296506,1a3ff623ac26ca4288d675df63afe4edcd6f68fa44371751619bc78e0b296506,alchemy,infura,true,true,cases/ca2-610c56fd6c594f9c9f90.json,f5d00d6948766dd924240d2f09231a2bcb5f71ba83dc9aaaff4e6d392098a2fb
ca2-55d26359a2d08ac915c0,trustpad,bsc,c766521b65c4974d3582615263a69b3d55b3423cfa5e2dea8ee50d09d8396310,cases/ca2-55d26359a2d08ac915c0.json,41776bd5657710db708c6121e053285c7be78d981b168b17f9895976fe41a4ea,true,HISTORICAL_SNAPSHOT_VERIFIED,15dae27b6643b18af1579768467bebc24eaf98ac0bb0065a313d5be38dd83794,15dae27b6643b18af1579768467bebc24eaf98ac0bb0065a313d5be38dd83794,alchemy,infura,true,true,cases/ca2-55d26359a2d08ac915c0.json,bd079763db5823200e56bfc1061d6c8c77e5eb1cb24712848f86aa97fffc3a78
ca2-8fc93c5fa8fffa0c5fa4,tsuru,base,abfe7b48f9861c96f2c82c6b2dfe8173bc99da07482eb41968b314edbf3879dd,cases/ca2-8fc93c5fa8fffa0c5fa4.json,cb762bab9c99dad419615a49340d6cf3da3d0de153837127e77dc6dbcdca480c,false,,,,,,false,false,,
ca2-cd8110008dfe201e0222,uearnpool,bsc,24e428ed47a9d1620389329f32076304cee464a58822f7052c4160ebe6e0e657,cases/ca2-cd8110008dfe201e0222.json,ebca022410f91523fd37354ee1ac967dfb9d504b87e17c4b85128b7acf220284,true,HISTORICAL_SNAPSHOT_VERIFIED,349f714dbeaad0c4e0a80dfb198f0e0e4ea980b2075269fa551a3fa57aa31cd1,a7a56bf49f2212431a58d7a80f4bdc138e6df3064a7ce105279a0c638d324e30,alchemy,infura,true,true,cases/ca2-cd8110008dfe201e0222.json,2c697189de0a04fa58931392f45fda0ce00be6da1e7e368a95424e7defbdf7cf
ca2-5d74bde6e71788f42085,uerii,ethereum,ffe74fc9fdb5003796ab702bfe47bd556753fb23d36a067e582eabdda4f57908,cases/ca2-5d74bde6e71788f42085.json,638aca5b26afda740dff94958c10ea2908c32caec5dc7a92be62f84e9d0a9478,true,HISTORICAL_SNAPSHOT_VERIFIED,3f6fce87eddfcc070ce83909fec5e7119372816647bd3669b5534c081c90819e,3f6fce87eddfcc070ce83909fec5e7119372816647bd3669b5534c081c90819e,alchemy,infura,true,true,cases/ca2-5d74bde6e71788f42085.json,200042d3d476ec6c179247d4da76d744b701e1c6dd8c403d36285845d145a892
ca2-9ab8788d5d7ac2a3947b,ufdao,bsc,a7f0b3a322603b8a5672fa2ffffac7313d5a6b32f37c88c871000cd28142aff5,cases/ca2-9ab8788d5d7ac2a3947b.json,0a6efa09749d843c34a0299d46b458229543baf26add79ae00aac884128b1748,true,HISTORICAL_SNAPSHOT_VERIFIED,b7e35f7dd3f894f2809677d1b14a0f1994cac8e5ead73a599f1030469bba85a4,32bc758accd25f7e81454f0e7236d0cc7973bf8f13c88d8da78b1ec131b83e54,alchemy,infura,true,true,cases/ca2-9ab8788d5d7ac2a3947b.json,5183abf7cf966f14694197ecd93764e08a41ec2105480128d0fa2bc1ffdd72e9
ca2-aa385c0e97d08a3f6364,ulme,bsc,bd1d94f3a03d99d4d06bac3c0120b92e470d9e5c29d06cdaf31ab915d00a29d2,cases/ca2-aa385c0e97d08a3f6364.json,9a4c0675e68bc9672ad397f5e487a769bddb0386982932b359c25cba8d4357e3,true,HISTORICAL_SNAPSHOT_VERIFIED,00ebf1e88abf3bd2fa8fcd798a7cc3db067a3322551c7a668ef844558bbc612e,00ebf1e88abf3bd2fa8fcd798a7cc3db067a3322551c7a668ef844558bbc612e,alchemy,infura,true,true,cases/ca2-aa385c0e97d08a3f6364.json,2831e52d90d0f7dc0854a46c72b205a5749254d3eef56297621700980a37c276
ca2-96f365accfda88170b34,ulme_2,bsc,e3950867e9b039bfaa5d2b3594fc0f882a7cf399a9bba3e5c40d959d2f33ae0e,cases/ca2-96f365accfda88170b34.json,277731b162da13730c76093a33f9fc9bf473e29f844b5006f95752d3fe5490d8,true,HISTORICAL_SNAPSHOT_VERIFIED,00ebf1e88abf3bd2fa8fcd798a7cc3db067a3322551c7a668ef844558bbc612e,00ebf1e88abf3bd2fa8fcd798a7cc3db067a3322551c7a668ef844558bbc612e,alchemy,infura,true,true,cases/ca2-96f365accfda88170b34.json,3e3ba6823c3402e95eb7828a5d6b777f043affa9d2dbadb0a96a838acc480739
ca2-e6ddbcb4d936397b6ffe,umbrella,ethereum,a56ca7b9590063001e9dc98d38f3781389cbcb08d8db266b211b0f9a984fb360,cases/ca2-e6ddbcb4d936397b6ffe.json,6f84e749defd014cb4e7b5e826e4eed16507a33eae04c4dbeb6a33bee9979661,true,HISTORICAL_SNAPSHOT_VERIFIED,177e1920c1656f86a8fc07fdd8f5394ae5f472eaea27a375504af4cd6696462b,177e1920c1656f86a8fc07fdd8f5394ae5f472eaea27a375504af4cd6696462b,alchemy,infura,true,true,cases/ca2-e6ddbcb4d936397b6ffe.json,055fbebeb4df9702a37b5ffceadafeaa364b6621e15d78ea00dbd4f22445024a
ca2-cfb8cf251b553eed2196,un,bsc,59eea7d2c0780942cfc2adc3cc768bc498459be44f48d0e183e3bd976a26da2a,cases/ca2-cfb8cf251b553eed2196.json,a80eb8c2c44c29dc7025080f78118820ae83e43e60b77c252b8d83eea2983513,true,HISTORICAL_SNAPSHOT_VERIFIED,d30a101fb8b5f39f11f650931070aacc9bd218dfd7a91cbecbe650cc9d828fbf,d30a101fb8b5f39f11f650931070aacc9bd218dfd7a91cbecbe650cc9d828fbf,alchemy,infura,true,true,cases/ca2-cfb8cf251b553eed2196.json,bef8271002eb1dc76d4290d7b80aae39d2383673008b4cc5a2809b26e32bad22
ca2-55172a38bf64b74d8fd2,uni,ethereum,ec83cdab1177e0fbff055df2d1d89fd3b71c6dde4fffeb8c2a7295e9cace69e5,cases/ca2-55172a38bf64b74d8fd2.json,fb40812cf29c01e6e68c00ac42e37582769d4f202d6bcfece12c3b7b9384049b,false,,,,,,false,false,,
ca2-1579de76f9bed10399a7,uniclynft,ethereum,420656bdb52a522f556beecfb857a1994da84c5a16bf6155ea84318776e9189a,cases/ca2-1579de76f9bed10399a7.json,1459e05ee574b9580c45ce2cd737550bac36d5eb54476c40a8dc7b28fc5d3490,true,HISTORICAL_SNAPSHOT_VERIFIED,73523ab816830e3a09929f7b5e370a631281e9ef9e8991cf632dda17a6631414,73523ab816830e3a09929f7b5e370a631281e9ef9e8991cf632dda17a6631414,alchemy,infura,true,true,cases/ca2-1579de76f9bed10399a7.json,fab1ee97640eaf4d5fe6ac4aa51af8eec018e3e7b202ae293116979270dd4a99
ca2-f2fdba3be5c566aed586,unilend,ethereum,5611a68308cf02ac640ff894895a0cf6c5815e8a62fb775ada2cd2fcfffb6f0f,cases/ca2-f2fdba3be5c566aed586.json,1447d9b0ee5eac107b4a75c84eb0ac8b32376e019fe2896ca9bdc6cbf810a67f,true,HISTORICAL_SNAPSHOT_VERIFIED,8a11968f289ba08e85bff6e770e869846b0ddabd87728881f57538d688a05724,8a11968f289ba08e85bff6e770e869846b0ddabd87728881f57538d688a05724,alchemy,infura,true,true,cases/ca2-f2fdba3be5c566aed586.json,54fcbe0730afc2642e033d6b4070b41cc0cd0d559d0401a4a785c8cec4baf412
ca2-70b6e2354548bbf8e66c,ups,bsc,d761adc8765c038cd60cc9dc26a710011785e4949029c4668016d47ad80d2ae2,cases/ca2-70b6e2354548bbf8e66c.json,7a236ca561c267a12c9b50c605ce0c086f3d537fb37ea121d86bb24551648781,false,,,,,,false,false,,
ca2-2f2a6d7666820b172f1a,upswing,ethereum,8d4ae64af2ddcee616c58709ad779af7b86c962a8dd6442f54390547c744ebe4,cases/ca2-2f2a6d7666820b172f1a.json,103a3568c48dd439cfccaeb5f4dd4841f86d5a28b321a74d397e48c222d61238,true,HISTORICAL_SNAPSHOT_VERIFIED,23f7483c885700eef53454560223e1b568e95be01ed9fae1a799b37f0b411271,23f7483c885700eef53454560223e1b568e95be01ed9fae1a799b37f0b411271,alchemy,infura,true,true,cases/ca2-2f2a6d7666820b172f1a.json,bac2572a303d2d4894ba4b7cffbcf2aab675a9601a5502bb322cf60c28f50e0b
ca2-36bcb163bd23551701cc,uranium,bsc,565ccf7c45e7c546114385df3064163058599a3d5c0a990af5f8ea064181485f,cases/ca2-36bcb163bd23551701cc.json,87eed32481c2e9e21e8a9620fe8f83e9a982aef672309089a47c98930c2dabfc,true,HISTORICAL_SNAPSHOT_VERIFIED,65626978991e3d193e8fdbc533fef778ffa3874c50233422aec6e5c0f817acac,3edaeba924fb7288f024e2eeced189499036c223f05483844e0855c24f69bb4f,alchemy,infura,true,true,cases/ca2-36bcb163bd23551701cc.json,3814dc1b5245a7485c89c109d21f1d6d28d3102c725f1278d6ef163bc585c805
ca2-8f2514150efc980c9183,usdtstakingcontract28,ethereum,d0714032acf028b6377a6dd56de924cf230cf954c5bb3cea4e5999f2ed8bf913,cases/ca2-8f2514150efc980c9183.json,f76d23df28531610128b519aa7b7c00520fcf63ec14eeb5526fab3413aa371a7,true,HISTORICAL_SNAPSHOT_VERIFIED,781c6cb2bfdfda52ac927ad32a5ce2f0d4789c0b60ab5ab9240668e5d8e93c63,781c6cb2bfdfda52ac927ad32a5ce2f0d4789c0b60ab5ab9240668e5d8e93c63,alchemy,infura,true,true,cases/ca2-8f2514150efc980c9183.json,92342f85f2f7a3dbd1b672e784926a83de145c5909590676c2da47652341e870
ca2-5168eea9714e081f78ad,usual_money,ethereum,0e14a9607a37b89aa302bc876749ab908203a4d7c8a86977cdd645aed03e6a98,cases/ca2-5168eea9714e081f78ad.json,3d584a62facf6707f52cc732c1a956d1696dde59975fd3853cdbe56cc9f88b6c,true,HISTORICAL_SNAPSHOT_VERIFIED,0cda4c849e22742b37cd06176c9b93ed6db09f3b7a1b40ebb4a63fbfeebb90f7,0cda4c849e22742b37cd06176c9b93ed6db09f3b7a1b40ebb4a63fbfeebb90f7,alchemy,infura,true,true,cases/ca2-5168eea9714e081f78ad.json,1e927e792f9919ca6cd1757a98631d3e501f1ae75742a112a674cc1082bfa25a
ca2-59c27a09402366528ab6,utopia,bsc,bc8076a48615b35add6cb20ea80f47cb8eed471e67fc6f74887cf903dc533741,cases/ca2-59c27a09402366528ab6.json,ee133b6117862ffda7741e7cc2ffbcf21e79717e3694715ed1109f0fc9627d4a,true,HISTORICAL_SNAPSHOT_VERIFIED,521b9fc2e67d835e1f9b6755224120b86c378bb5839bc4f6a99adb4040e97870,521b9fc2e67d835e1f9b6755224120b86c378bb5839bc4f6a99adb4040e97870,alchemy,infura,true,true,cases/ca2-59c27a09402366528ab6.json,5f2e06d90dffacbdfba2b6bff3c56798457ed5dceba220fc2372b7a4ee3f72ba
ca2-28984dadb4e195ff0adc,uwerx,ethereum,9efcae7fde4663ac6a51c0fad5383e6ded974597f2a7a0d5ee36f6acfd9b88ad,cases/ca2-28984dadb4e195ff0adc.json,4372951793e343f463e450090ab130b3272eea92a375cf32a009b8df897b57b2,true,HISTORICAL_SNAPSHOT_VERIFIED,f10cc2534ce606d7d7c6d650558606c37dad4c3915784d5a2ace4b8eea00b08b,f10cc2534ce606d7d7c6d650558606c37dad4c3915784d5a2ace4b8eea00b08b,alchemy,infura,true,true,cases/ca2-28984dadb4e195ff0adc.json,ecb5496138a3f8832d899023ce4005c7a4ebd6a19b349ee7dfcec9ecb89ec632
ca2-0687f6e05dc58457935a,uwulend_first,ethereum,64ae07d23fbfdf24c0065c4fef1d37a5b41f798dbb37de2b026f58c03cd9efe9,cases/ca2-0687f6e05dc58457935a.json,6d1e8f40bad5070f49205676c5a8fe1ab3dbc7ad3916ae7b79587c201df576e2,true,HISTORICAL_SNAPSHOT_VERIFIED,22c9eda9ff30848f7b18a07cfd2af2c4a00fbbb666cf636f2b35e8419d648af0,22c9eda9ff30848f7b18a07cfd2af2c4a00fbbb666cf636f2b35e8419d648af0,alchemy,infura,true,true,cases/ca2-0687f6e05dc58457935a.json,0c925a166e06c267d900edb39e1e954c7b4d5658e9695e4705984379aa76593a
ca2-93739b94fa0816bd6234,uwulend_second,ethereum,623a713e499eb6e21c539b54d09459be7628d17c0e20d62524bca927508c2a4f,cases/ca2-93739b94fa0816bd6234.json,b7b149825ecdf576ee9ef5d063d58bd20a71c4089ce307c8390284d3616fa058,true,HISTORICAL_SNAPSHOT_VERIFIED,22c9eda9ff30848f7b18a07cfd2af2c4a00fbbb666cf636f2b35e8419d648af0,22c9eda9ff30848f7b18a07cfd2af2c4a00fbbb666cf636f2b35e8419d648af0,alchemy,infura,true,true,cases/ca2-93739b94fa0816bd6234.json,b186143ada6e862f0b2d7a34066f81e8e5dc9d584f72e69c8d6407b81f2f9c74
ca2-293982257dd654edb222,valuedefi,bsc,2795a31b49b9ff6fc51fdedae856c680dd594a725e5c5f37793fc54b75d67f4e,cases/ca2-293982257dd654edb222.json,0e65b3bf42c18059a46116980539eafb221d09e561577b5f20c330addc6a2f9b,true,HISTORICAL_SNAPSHOT_VERIFIED,58587dda992c451ef882cc85e4318094c5f39544e0c2315d0e1daf377e346cb2,58587dda992c451ef882cc85e4318094c5f39544e0c2315d0e1daf377e346cb2,alchemy,infura,true,true,cases/ca2-293982257dd654edb222.json,1e38f79661cb9de2de3d6a2d9c9253adf5ec1923795e8b74cb39c7570941b3fd
ca2-b742b64a4c493234640e,venus_the,bsc,bb3d58275fe5848a0aeb5f00392676543099c4ffd9861b209d5a577c56b9a78b,cases/ca2-b742b64a4c493234640e.json,6e3a34b6f68a0a10e19316a7221657d80af3475dd815fcc4aa7d371ab002ee35,true,HISTORICAL_SNAPSHOT_VERIFIED,44e9cefafd59d6457eefda89e576e855ea37e5da0814bca220cf602cd94779c3,44e9cefafd59d6457eefda89e576e855ea37e5da0814bca220cf602cd94779c3,alchemy,infura,true,true,cases/ca2-b742b64a4c493234640e.json,9769e015b3df2c831f30f5e363b81aaa0485733887b7122ba613e061667c3cce
ca2-a7021cd43eafc6f1fd33,veth,ethereum,c10c81ffa126d5ae2115afa6f0afa167b76c267aca505eb9b1767117a86a96b0,cases/ca2-a7021cd43eafc6f1fd33.json,be505f36c181cc4dde63a3dd2decd9f7394d23ec4d9986ce39c2c45436dded35,true,HISTORICAL_SNAPSHOT_VERIFIED,85f38c8c9091d658ccb6c9aa45b32f7a19bc4a27585625b9405e55ab4b73ae5c,85f38c8c9091d658ccb6c9aa45b32f7a19bc4a27585625b9405e55ab4b73ae5c,alchemy,infura,true,true,cases/ca2-a7021cd43eafc6f1fd33.json,c2377acab02e8966979df73a9f34c675f14b6a24bc91c7cfc662fe438ce3f019
ca2-59a4716d84aaff033fae,vinu,ethereum,11596e9daa8767260ee332cf5e5cc593d3bcbe4230a82259faeb6950b839de3d,cases/ca2-59a4716d84aaff033fae.json,813a059ef1338d87af7a454bbaf46b0034f6276916dcabf61f50479d30f18541,false,,,,,,false,false,,
ca2-c5ce6bf171451010d578,visor,ethereum,c6b0261108460d03ce172c7821a5a1fa37315e8002a9cd82a982076a1394ad53,cases/ca2-c5ce6bf171451010d578.json,d6f471bcd90a984ef0b0adcc195b29fb1b222d76a81477b991aa417f5cdbd6e8,true,HISTORICAL_SNAPSHOT_VERIFIED,5a741c008984600b35f0929d7abd36f0c28ce51870f6584a3f13a5f743d22967,5a741c008984600b35f0929d7abd36f0c28ce51870f6584a3f13a5f743d22967,alchemy,infura,true,true,cases/ca2-c5ce6bf171451010d578.json,5c470d79d94af8dacfd12a3538ace84712cd5a795c359c0d2f7aa1c2fd9dd938
ca2-7efff287d58605a4cc72,vista,bsc,e0a21aa49818b903cc166a30ff2c51ada01fcca2bce158e86072a0ec07db5f9c,cases/ca2-7efff287d58605a4cc72.json,46b74eb2935582c950a10bc9958ffbd929e58a76c60fa422790f34637055af02,true,HISTORICAL_SNAPSHOT_VERIFIED,360ee28eb239f0330d049902bdef17de92ec1310953a2716ccbf3d3969f43b00,1e58036203700c016e7de445fc5df7a6a66425cfc6c1b9ba2d11df1691193331,alchemy,infura,true,true,cases/ca2-7efff287d58605a4cc72.json,91edab5f1d6a1a5dff7c2254afe75b10a23d7079004caa1b852b518b929d048b
ca2-83e922a7f39b2bc4b4b1,vtf,bsc,40961895131d437d0f3fe22d18a416b5a818f0c0951883e9a61be4e0bb5ad250,cases/ca2-83e922a7f39b2bc4b4b1.json,c23eb6e8427c1223ad18fdeb18c6259eb86a7699613e2dc254c96cd5e323c90d,true,HISTORICAL_SNAPSHOT_VERIFIED,1244094a60c1ec5ccd35033b09ea928d257c9cf98c921df65dd128a4300cf822,1244094a60c1ec5ccd35033b09ea928d257c9cf98c921df65dd128a4300cf822,alchemy,infura,true,true,cases/ca2-83e922a7f39b2bc4b4b1.json,80007c136d8d44d531411b9e8f3a27197a895a9e80444dc2dc1eca242c5c01dc
ca2-f359ea85ce584fc54da1,w_key_dao,bsc,0f8470394dbe43439e41edf018ca6975ca802a65e9516deb1c010f09ed0f4f26,cases/ca2-f359ea85ce584fc54da1.json,2bd448081885eccb793a6c0257740197db32ec09da59a55a7c1d2f75bbb6b782,true,HISTORICAL_SNAPSHOT_VERIFIED,3eb1a515034d6c42e749943bcf0615b40b563d9a7249137c39dcfc4b753a584c,2afd9c79985b830e9c9ce749a016ecfc785c3e25b2f8108cb3ec35c254735d53,alchemy,infura,true,true,cases/ca2-f359ea85ce584fc54da1.json,2298965897da93707f34aaff00e6ed9b55bfc1189bf8671f327c0c5670a47258
ca2-69618eefef4fa57c795c,waultfinance,bsc,364b353c47c839a6da013fc105813080a6d7a2cd1bd70e9f9c948878dd14b3b6,cases/ca2-69618eefef4fa57c795c.json,45791a320d9d473ac62aaa2a07f4d8d028b1050e1a584555179da6daef22af0a,false,,,,,,false,false,,
ca2-76e88e5b8b6fbabe3012,wdoge,bsc,53981877155d2999631621674cff333fe2a047e29d4c01769d9d5786038f1f86,cases/ca2-76e88e5b8b6fbabe3012.json,7fc4739a216086d3c27602606395a79f63e16f621b72480c6f45a1df1d1fe8a1,true,HISTORICAL_SNAPSHOT_VERIFIED,719449c891a314355d53c0b9c301a38de21a6236993c2c9da64bc37a706774c2,719449c891a314355d53c0b9c301a38de21a6236993c2c9da64bc37a706774c2,alchemy,infura,true,true,cases/ca2-76e88e5b8b6fbabe3012.json,a759613d7a30a413a85cdc12e67d075a20c75fa0e16cd824dd511a822f881242
ca2-c8f07b57035de6f92dd6,weco,bsc,aa0cee4cb2c74a5614e33fca6759edf11dda4768c2cbf42999b0a4d285f12495,cases/ca2-c8f07b57035de6f92dd6.json,c6bfd2deddfe99e89cb74fa320fc1510c948678315847dfdf8a8ee1fac868d09,true,HISTORICAL_SNAPSHOT_VERIFIED,dbb8287a6a9885acba35a3154bf5ea313c1d0df0aa5e4a72416945be449785e6,dbb8287a6a9885acba35a3154bf5ea313c1d0df0aa5e4a72416945be449785e6,alchemy,infura,true,true,cases/ca2-c8f07b57035de6f92dd6.json,fbf2e1867c45a6489b493589b20b3be7d5e5040c597f4a9ae841b49b41ada504
ca2-3ceb352e665fb61f7402,wgpt,bsc,c0936372b5226f46762cf4afb588d4cb716f16aa87fba610af4df42a07cf38dc,cases/ca2-3ceb352e665fb61f7402.json,5cceb9606aad0af495e5416e214818a3f8b2710756d44bd865483c42f46864ef,true,HISTORICAL_SNAPSHOT_VERIFIED,118c519c8be2fe81794c73376bd2bd1be519ced6af20324d866b57d7f8ad83d6,118c519c8be2fe81794c73376bd2bd1be519ced6af20324d866b57d7f8ad83d6,alchemy,infura,true,true,cases/ca2-3ceb352e665fb61f7402.json,dea47d4e1da25efe5079b0ab199ea5e719400c17d99fa451a500b61bfd0f249c
ca2-616b55afdd61c6ca8b12,wifcoin_eth,ethereum,639def554def38fd438757623a8b8a683c37cb75eaed29e076aeb79f5f87fc10,cases/ca2-616b55afdd61c6ca8b12.json,ab56f0b21644b948d0e65efc9c4e816f3ce4fbe381c57e960fdeb0ba9a4a196e,true,HISTORICAL_SNAPSHOT_VERIFIED,19e9bfd32dfc50dd6f4a8d4ea10e60156b3dc0c95ee1aefbfafda7190f75e7e3,19e9bfd32dfc50dd6f4a8d4ea10e60156b3dc0c95ee1aefbfafda7190f75e7e3,alchemy,infura,true,true,cases/ca2-616b55afdd61c6ca8b12.json,1b0cce1fab57a30cf406679190c7a678d0e180322237a8b7e08d4ec9a0c78603
ca2-94a8114b86699da44092,will,bsc,543ddab9a59752b16a9b2c47cac49a88832074afe85ef6d4b4e698dcccda209c,cases/ca2-94a8114b86699da44092.json,73f6988a4794a2d700c65a8b9ec0285912e944d281cc82b2c7fb16f4c34eaf9a,true,HISTORICAL_SNAPSHOT_VERIFIED,52270bb1d863d6d278fdd9f5646cba55d173a8c60afea1491f59263e4a46a2d3,52270bb1d863d6d278fdd9f5646cba55d173a8c60afea1491f59263e4a46a2d3,alchemy,infura,true,true,cases/ca2-94a8114b86699da44092.json,3c18f7be16ab94cc9f124c2190909c0eea9393402fe3e60382eb6798949ac462
ca2-789b9d7c348037be1840,wiselending,ethereum,df4986ce16955e38dbb853316d987ccfe0d10e6f90fc8bfefddb1c3a795c825f,cases/ca2-789b9d7c348037be1840.json,f5e05e01f401097d64b76838555a9d4edfa0d0dc103bbe6fb5aef9c7471431dd,true,HISTORICAL_SNAPSHOT_VERIFIED,f0d56c5c84130ad4fb6af97ed2313c42a35f64d512a2c0991ff70a71ea9d9348,f0d56c5c84130ad4fb6af97ed2313c42a35f64d512a2c0991ff70a71ea9d9348,alchemy,infura,true,true,cases/ca2-789b9d7c348037be1840.json,6fa145157bcb1441cf1113cbf8876a430d98f11be9bc35111ef9d2792567c29e
ca2-a8ad072cb3fd37a5cfca,wiselending02,ethereum,5e7f72fd2aca52ff4dcf7b115515a56e168188fe248cf6487ba2694be69cf37b,cases/ca2-a8ad072cb3fd37a5cfca.json,9802efab038d2522f0861539703c879975a5897ec0fd7d77384c4f4be5b3cf56,true,HISTORICAL_SNAPSHOT_VERIFIED,fa89b8bf4964d90ee118bcd2ada1d0120854b0c6fa6829a813784810794a5290,fa89b8bf4964d90ee118bcd2ada1d0120854b0c6fa6829a813784810794a5290,alchemy,infura,true,true,cases/ca2-a8ad072cb3fd37a5cfca.json,817a341df76000e7348cba42ae5740091b1de718c356139d7c6578d60417bbfd
ca2-fb44a0ed0d7b6f375c60,wiselending03,ethereum,405cbba92c6446ba91971c554c07164ee29cf61f3edb9173284df26fd9405a01,cases/ca2-fb44a0ed0d7b6f375c60.json,09962129d876fb84acf9c1e50008e8b488e221b056371c99ca5bff9286b9e414,true,HISTORICAL_SNAPSHOT_VERIFIED,fa89b8bf4964d90ee118bcd2ada1d0120854b0c6fa6829a813784810794a5290,fa89b8bf4964d90ee118bcd2ada1d0120854b0c6fa6829a813784810794a5290,alchemy,infura,true,true,cases/ca2-fb44a0ed0d7b6f375c60.json,c98c21abba89ecf629ae250523adbb850869724f928927a959d99b71e02cc8ca
ca2-72ea322ccc16e3e5cbe0,wsm,bsc,f23c5eeda2d8b89e58071273945283acb7e237ed516db0b012307d5e36e244eb,cases/ca2-72ea322ccc16e3e5cbe0.json,a244d3991c947458ccb28a4a1e23b1c67b38fa10dcc2fd02932e6ffd90526854,true,HISTORICAL_SNAPSHOT_VERIFIED,4581f42bf56a8b8519f111ea50b3d0564c66faa2442f2e60d60a4dc864d7f35c,4581f42bf56a8b8519f111ea50b3d0564c66faa2442f2e60d60a4dc864d7f35c,alchemy,infura,true,true,cases/ca2-72ea322ccc16e3e5cbe0.json,aeebadeaa1d1054e0bd024bfbd2059429e1e887b3fe105af540650a79f6806a1
ca2-8cfe2ca57c523f31600e,xai,bsc,be3fe364eb2ba9500754575d34d5909c23d6284e84c487e9a95ec35f26578cc9,cases/ca2-8cfe2ca57c523f31600e.json,9548182da9f7c44675d6018f415ab05db37f3929b9f5d8a54a47efc866cdacc6,false,,,,,,false,false,,
ca2-4c7dcc457e38b7cc78ee,xavefinance,ethereum,09bbdd13ecac29d20735457cbfd766781cfad8a3b0c8fdf8b4dc031a822bc76d,cases/ca2-4c7dcc457e38b7cc78ee.json,6eef4e278ea321560b95e4159e34437f006a02489a8279ec1678708fc4039c5a,true,HISTORICAL_SNAPSHOT_VERIFIED,0d5cd315908ff370c908fa6e9a0f802e6dac7955017799699693c52aa4a54516,0d5cd315908ff370c908fa6e9a0f802e6dac7955017799699693c52aa4a54516,alchemy,infura,true,true,cases/ca2-4c7dcc457e38b7cc78ee.json,69c533b05a25259364c2db046391aafd4f2611bd6d6196f36c373754fcbb6e2b
ca2-ed09542f8921c91cd3ec,xbridge,ethereum,112f53bec8f52b44d1b8246da7e754af7dcce07a75dc9e17b38c5d3446810fd9,cases/ca2-ed09542f8921c91cd3ec.json,f26e43db86e8c92acf4082ba88c3b51b3e6e1afb6f3378f4e7df2558c8d5d388,true,HISTORICAL_SNAPSHOT_VERIFIED,f5c87c04106496ae36065ca7b5570f162bef0533893e616b70371c1c822888ef,f5c87c04106496ae36065ca7b5570f162bef0533893e616b70371c1c822888ef,alchemy,infura,true,true,cases/ca2-ed09542f8921c91cd3ec.json,65e96981b71f55eefed092f1ad54ea05db8e7a3626017ad2aaaad7f786eb09f8
ca2-bf6bdd3510f2428b0575,xcarnival,ethereum,6e5d9cf134814d3ad02155e761b8ec9a24e4e5fabd380fd96759f5c7abeca01f,cases/ca2-bf6bdd3510f2428b0575.json,8ee7ae06c8bc67e1c4b7ebb8b6b4158a81d045a8f25e8cf42b12a41f12874860,true,HISTORICAL_SNAPSHOT_VERIFIED,2ec67b8001beb313c65050a9b9473623cf1bf5b52324e2030c04262dd0839e35,2ec67b8001beb313c65050a9b9473623cf1bf5b52324e2030c04262dd0839e35,alchemy,infura,true,true,cases/ca2-bf6bdd3510f2428b0575.json,8bcad8462b6fcdc25a4304d2a914328b6a6118257541b90276091b0fdbd490f4
ca2-4cd0e024b3073b041691,xsdwethpool,bsc,f4babb0fc24f52e3bca63452792ca24df41d33074be29dc9f9847d469b415958,cases/ca2-4cd0e024b3073b041691.json,236f91eb02460eb799b19a4f52319f30f5c8e1f77bcf3a73bc7734d33f47a397,true,HISTORICAL_SNAPSHOT_VERIFIED,0b7ef67f1f75e96cb0dd3935851dba9e2c7a8c6e9b9a31a35a42ef170306c7db,aca918d33512e012eaa50a80122a9b094a35be1665fe091ee58b337245378bd2,alchemy,infura,true,true,cases/ca2-4cd0e024b3073b041691.json,46941ef5379c8edd827f8cc1dda04fe9b0ef909a46dab7ffd3990e28849a01d1
ca2-5616b56d8b8cbc0a3ebe,xsij,bsc,41fb1ad571af0c02b95953dd63f94a2884963dcf9f2209a08ced651eb9b14f53,cases/ca2-5616b56d8b8cbc0a3ebe.json,31aa67ebe75f23c0a49ad1afffe0e45bc5d63c10312de7487e2213f381b6dce8,true,HISTORICAL_SNAPSHOT_VERIFIED,e0ffce0aef84edd39a9c34cb6ef378729c3807c6887e46aaeeb5ada44b88178d,e0ffce0aef84edd39a9c34cb6ef378729c3807c6887e46aaeeb5ada44b88178d,alchemy,infura,true,true,cases/ca2-5616b56d8b8cbc0a3ebe.json,8fd299cb1de94b5e56d7ac88a7bfdf7635ff7d946e352b387ab4f21fa5683fe2
ca2-3ce3786a7c84825faed0,xst,ethereum,caf67d35c38950380b0d791c36e916183f2630d7b0128e7e659d25904f6c48bf,cases/ca2-3ce3786a7c84825faed0.json,22179f1cf39330cdeae2493db718fa6b326f441f4ecb95cbdb5becccd4f47835,true,HISTORICAL_SNAPSHOT_VERIFIED,840bacd4ce56fc0b1951953df7d5dd97370bac2d346e3adf0dc395ff3c7a0217,840bacd4ce56fc0b1951953df7d5dd97370bac2d346e3adf0dc395ff3c7a0217,alchemy,infura,true,true,cases/ca2-3ce3786a7c84825faed0.json,6629156addd032db3fdde7916eba6046a8f499df31895567ce0094b13945281a
ca2-aa992d5980e00838b209,xst_2,ethereum,88ea52feb15de61dcbf10e495fd36fd5a8cc89306db56734e1d7a882e41d196b,cases/ca2-aa992d5980e00838b209.json,9e9c146aade368da21ac0e405a0b726c1fe677b619ea4030d487f77c1bd54917,true,HISTORICAL_SNAPSHOT_VERIFIED,65261d15596c9a64233c9c0548240c69aa7cc84582f0ad1a5c4b8f6ffcb19982,65261d15596c9a64233c9c0548240c69aa7cc84582f0ad1a5c4b8f6ffcb19982,alchemy,infura,true,true,cases/ca2-aa992d5980e00838b209.json,1e712824731430050ee29524dd5bf9f48ec8aae5045be9297eafdf09f901b53f
ca2-f4c153bbeb9c3fff7e54,xsurge,bsc,ce9abf899a9286aea90b625a3ef92a27bcc51c8bdcdd2064b9e6f7733ec37a89,cases/ca2-f4c153bbeb9c3fff7e54.json,8e7ec7e8dfa60841be78e88168166a54f8ed7ae3e8b013d5f050ade2dd89571a,true,HISTORICAL_SNAPSHOT_VERIFIED,20197af4d8d69530eea0f8d7ae26eace418af8c92d04adbd7cc1568e3328c289,20197af4d8d69530eea0f8d7ae26eace418af8c92d04adbd7cc1568e3328c289,alchemy,infura,true,true,cases/ca2-f4c153bbeb9c3fff7e54.json,92f0b3522874dd0a92d4847730b76a9de007d3e1f1d42ad29a11c9122894589b
ca2-42dc2e766a267767f0d8,xwin,bsc,7123ec9a0e2e128e7e999fa8d26c773c7791504e005a79ba6f74da12bac36cb1,cases/ca2-42dc2e766a267767f0d8.json,e0d3bcbf613b6b6da4ca09aeeee9c75f70708fc019516cdd2026d2351d1f3e8f,true,HISTORICAL_SNAPSHOT_VERIFIED,7760796106b13ec3cd005ebd95bbdee201c27f852a5d2939eb62b4177e32566e,7760796106b13ec3cd005ebd95bbdee201c27f852a5d2939eb62b4177e32566e,alchemy,infura,true,true,cases/ca2-42dc2e766a267767f0d8.json,e8d8834777182481ef300aa8e118af03fde5854b061b8d39220dabf4ed2f8e57
ca2-8025fde6af4409634631,ydt_token,bsc,380cef9b755e8ba0705edbf395a1fdf568d16fdccd4626727b1e6c4d544229d6,cases/ca2-8025fde6af4409634631.json,2db5d5804544db82e14e57ec7725772e97ad985500bcae2f9473ba50d02f0798,false,,,,,,false,false,,
ca2-b6eef501c6bfb6ae40e1,yearn_ydai,ethereum,e9bbcbf078d220bc8ad26e2ea153e1a372d9c8ec46af787f563d964b47b9b862,cases/ca2-b6eef501c6bfb6ae40e1.json,06b3bd05dcf71ba867faea76391d490fc13c92725f25024e89647565fa8bed55,true,HISTORICAL_SNAPSHOT_VERIFIED,619fbd31a3c8c7f034b8aaff713dbccccc3c591fbf3333e6eb3ac5f68eae7c5e,619fbd31a3c8c7f034b8aaff713dbccccc3c591fbf3333e6eb3ac5f68eae7c5e,alchemy,infura,true,true,cases/ca2-b6eef501c6bfb6ae40e1.json,3d91a93f6c5e91fe99f05aea96e1fc4277dbfc19cbb697cd7126374089594cea
ca2-6b709bd598843f9b172a,yearnfinance,ethereum,8aaeb48318b86c08d8f0fdad46836ba3753e2b9e4705831334606e56f0aa8d1a,cases/ca2-6b709bd598843f9b172a.json,6e0a769cd9737fc76efb635436c3ca978d9ec75e447040e76c224dd815ff8f3c,true,HISTORICAL_SNAPSHOT_VERIFIED,c331c635a1bde6d909ec1f4f6e52ab28228c679563180438e4ca777d1ab15b58,c331c635a1bde6d909ec1f4f6e52ab28228c679563180438e4ca777d1ab15b58,alchemy,infura,true,true,cases/ca2-6b709bd598843f9b172a.json,c16891a7645652113c3b24f5719ff4a3d0a2960fd3f78373becddad6b4cadb3d
ca2-5844befdcedaeb2de0d2,yiedl,bsc,10ba33f1c2acfcac482d97d37ccb8c79f5aef20001057767dff7a950797fa179,cases/ca2-5844befdcedaeb2de0d2.json,9f65bef2d46082a4968b1c50c56c2677ecde274ea38ef1ae0c7e08079456ec9b,false,,,,,,false,false,,
ca2-b9b0485322ceb6ce33a3,yodlrouter,ethereum,a741c0849c8869c6d349120d486f0f73754b977a2a5974c794f3a16444127132,cases/ca2-b9b0485322ceb6ce33a3.json,a578a59475635c7680332ad592472e75b627e4519f889882da3c8c0e01034228,true,HISTORICAL_SNAPSHOT_VERIFIED,6553fc597a88ac1753b42f0dbc26d06d6a31070b7dd1e85fcb4d3acbc185d3f2,6553fc597a88ac1753b42f0dbc26d06d6a31070b7dd1e85fcb4d3acbc185d3f2,alchemy,infura,true,true,cases/ca2-b9b0485322ceb6ce33a3.json,92ec0f69c5c4516c5b74f2eea9d84647ae57382b9522c133f82161419b12422d
ca2-3ae6d0e93f222f7571b2,yzi_ai_token,bsc,89da1c022a29626eafcebdb985cd49967b4d2608ec48eb50ea16ba60f18a5be5,cases/ca2-3ae6d0e93f222f7571b2.json,252197e28b42260c713ca188aeeb713a3b92fc568901659f41e654bd77c4311f,true,HISTORICAL_SNAPSHOT_VERIFIED,40d8f31f19826de82a7e8153d46fceea70e0b1ef5e3e2cfe77c6eaa0b464f318,40d8f31f19826de82a7e8153d46fceea70e0b1ef5e3e2cfe77c6eaa0b464f318,alchemy,infura,true,true,cases/ca2-3ae6d0e93f222f7571b2.json,5ce8fd18dce45d1cd7251c3212d93c8ef0a6f05424fc91858ef5f021a170233c
ca2-a5caf2554c14b71cf9ef,z123,bsc,74b178ce1a92ed513d795c723274a3259e008e30f8f8dc94099d48cedf654adc,cases/ca2-a5caf2554c14b71cf9ef.json,4feaf98b5028db2d91cd2baa010e7d5f39092f0813f53e85e548b625c0d61dfb,true,HISTORICAL_SNAPSHOT_VERIFIED,8cec096e397b36e19c6d25765ff5ca229bfd52811202ce549b4ff604c2e36cd9,8cec096e397b36e19c6d25765ff5ca229bfd52811202ce549b4ff604c2e36cd9,alchemy,infura,true,true,cases/ca2-a5caf2554c14b71cf9ef.json,dd4814b1b9077b36a7665ddec75da0079b7951a0c5e70bbd5c9b24dceef5a2f7
ca2-8accf6f062f57db1f918,zeed,bsc,9078c9e4db58ca437b6e6e546e02da3e960f0173f277eb99da43a106322dbd78,cases/ca2-8accf6f062f57db1f918.json,7fc1cb44e1debed39d92d4ba0b06b3ff71c78ee63b94117fe3bbac5a140bc2ce,true,HISTORICAL_SNAPSHOT_VERIFIED,775746ecc4175112dea621b8dec4529d6dc0709b58c8e731379b8c322ff3a230,99fe8d3f00bc61ef712050fd77a68200e8b084d18a8df4d36cf0dc4f6099cd93,alchemy,infura,true,true,cases/ca2-8accf6f062f57db1f918.json,999b666f621379186cbceb551330d31ed4c3d1859fca1a36ff8aa35a81367e80
ca2-50a6237be75e1de28124,zenterest,ethereum,3dbc3fcc1d0787b7b306768966ec904f7bc64c4b155cca19453002f57d48c033,cases/ca2-50a6237be75e1de28124.json,a3e7de26acdcb42edf9d3456222894778b93e74e305408165f6a2fdbf36bf855,true,HISTORICAL_SNAPSHOT_VERIFIED,91f02ccaad9a2ab390311d4c6402540fe03170938f3df5714178490718d7d616,91f02ccaad9a2ab390311d4c6402540fe03170938f3df5714178490718d7d616,alchemy,infura,true,true,cases/ca2-50a6237be75e1de28124.json,6480946aa11b69000afffe7b886f097a88b2e30feae67ddaa96609790aa83953
ca2-2f4322a54fd6caa407fe,zs,bsc,20effb003fac2ea5c3d300eb65a67d636e862da4a1b4404bb0a69360508a71ed,cases/ca2-2f4322a54fd6caa407fe.json,4d1775e8f98663fa52aee4bb909a4f79c2a780085b5a164443ac7bfd394f63cb,true,HISTORICAL_SNAPSHOT_VERIFIED,3f72932712748422f2903d04907e193e16ae9ed5817613cfa08dd26fc9a09b71,3f72932712748422f2903d04907e193e16ae9ed5817613cfa08dd26fc9a09b71,alchemy,infura,true,true,cases/ca2-2f4322a54fd6caa407fe.json,d6aef37d734ee2bdef3baab4b05d3ffdaca8cc46ad3f65407cfd305765829a81
