case_name,task_source,chain,fork_block_number,target_contract_address,evm_version,case_id,incident_date,incident_name,mechanism_raw,incident_contract_path,incident_chain,source_url,source_status,source_snapshot_sha256,incident_record_sha256,incident_reference_urls,incident_tx_hashes,incident_loss_text,match_method,incident_metadata_present,benchmark_fork_anchor_present,deployment_block,prediction_cutoff_block,incident_block_or_time,source_availability_time,runtime_bytecode_hash_at_cutoff,outcome_adjudication_id,temporal_certification,admissibility_reason_codes,exact_identity_key,exact_identity_group,runtime_code_group,metadata_stripped_code_group,proxy_type,implementation_at_cutoff,proxy_lineage_status
bancor,defihacklabs,ethereum,10307563,0x5f58058c0ec971492166763c8c22632b583f667f,,ca2-0e06e67c5c9253228751,2020-06-18,Bancor Protocol,Access Control,src/test/2020-06/Bancor_exp.sol,ethereum,https://github.com/SunWeb3Sec/DeFiHackLabs/blob/main/past/2021/README.md,frozen_public_source_hashed,93b19197192b409cf7360b9bfa564d474da5a115f9bf279a5b8cc61093dadab6,12e769362c1be3988caf52c51ee183a7013887915f0bf8dccff261ab8b849737,"[""https://blog.bancor.network/bancors-response-to-today-s-smart-contract-vulnerability-dc888c589fe4"", ""https://etherscan.io/address/0x5f58058c0ec971492166763c8c22632b583f667f""]",[],,exact_contract_basename,True,True,,,2020-06-18,,,,blocked_missing_onchain_and_availability_evidence,"[""missing:deployment_block"", ""missing:prediction_cutoff_block"", ""missing:source_availability_time"", ""missing:runtime_bytecode_hash_at_cutoff"", ""missing:outcome_adjudication_id""]",ethereum:0x5f58058c0ec971492166763c8c22632b583f667f,c57f7990a60d72614d81,,,,,not_resolved_requires_archive_rpc
opyn,defihacklabs,ethereum,10592516,0x951d51baefb72319d9fbe941e1615938d89abfe2,,ca2-b7ed9e346aa4cb6ca834,2020-08-04,Opyn Protocol,msgValue in loop,src/test/2020-08/Opyn_exp.sol,ethereum,https://github.com/SunWeb3Sec/DeFiHackLabs/blob/main/past/2021/README.md,frozen_public_source_hashed,93b19197192b409cf7360b9bfa564d474da5a115f9bf279a5b8cc61093dadab6,1a0143eddb168a6b6e718dd3f5a498429851eb5c198743f2b4c666b645a585ed,"[""https://etherscan.io/tx/0x56de6c4bd906ee0c067a332e64966db8b1e866c7965c044163a503de6ee6552a"", ""https://medium.com/opyn/opyn-eth-put-exploit-post-mortem-1a009e3347a8""]","[""0x56de6c4bd906ee0c067a332e64966db8b1e866c7965c044163a503de6ee6552a""]",,exact_contract_basename,True,True,,,2020-08-04,,,,blocked_missing_onchain_and_availability_evidence,"[""missing:deployment_block"", ""missing:prediction_cutoff_block"", ""missing:source_availability_time"", ""missing:runtime_bytecode_hash_at_cutoff"", ""missing:outcome_adjudication_id""]",ethereum:0x951d51baefb72319d9fbe941e1615938d89abfe2,b6991eabd59a83bee543,,,,,not_resolved_requires_archive_rpc
bzx,defihacklabs,ethereum,10852715,0xb983e01458529665007ff7e0cddecdb74b967eb6,,ca2-22e8cd13c63b74bc9bbc,2020-09-12,bzx,Incorrect transfer,src/test/2020-09/bzx_exp.sol,mainnet,https://github.com/SunWeb3Sec/DeFiHackLabs/blob/main/past/2021/README.md,frozen_public_source_hashed,93b19197192b409cf7360b9bfa564d474da5a115f9bf279a5b8cc61093dadab6,c1757886f5994b885b6fb157b5a4976ef009ba0a86633e2a73a8817e0b872a24,"[""https://twitter.com/0x000000000marc/status/1305354469354303488""]",[],```sh,frozen_date_override,True,True,,,2020-09-12,,,,blocked_missing_onchain_and_availability_evidence,"[""missing:deployment_block"", ""missing:prediction_cutoff_block"", ""missing:source_availability_time"", ""missing:runtime_bytecode_hash_at_cutoff"", ""missing:outcome_adjudication_id""]",ethereum:0xb983e01458529665007ff7e0cddecdb74b967eb6,c45b4299a4bb488c62fb,,,,,not_resolved_requires_archive_rpc
cover,defihacklabs,ethereum,11542309,0xe0b94a7bb45dd905c79bb1992c9879f40f1caed5,,ca2-2d1d603841d5194ab452,2020-12-29,Cover Protocol,Incorrect calculation via cached data,src/test/2020-12/Cover_exp.sol,mainnet,https://github.com/SunWeb3Sec/DeFiHackLabs/blob/main/past/2021/README.md,frozen_public_source_hashed,93b19197192b409cf7360b9bfa564d474da5a115f9bf279a5b8cc61093dadab6,092f869ecaf110a83300555d4e398c4f08a8e4b38f93fd479f97051f43bc0129,"[""https://mudit.blog/cover-protocol-hack-analysis-tokens-minted-exploit/"", ""https://slowmist.medium.com/a-brief-analysis-of-the-cover-protocol-hacked-event-700d747b309c""]",[],,exact_contract_basename,True,True,,,2020-12-29,,,,blocked_missing_onchain_and_availability_evidence,"[""missing:deployment_block"", ""missing:prediction_cutoff_block"", ""missing:source_availability_time"", ""missing:runtime_bytecode_hash_at_cutoff"", ""missing:outcome_adjudication_id""]",ethereum:0xe0b94a7bb45dd905c79bb1992c9879f40f1caed5,ee6a4a5f9fb9f1229e34,,,,,not_resolved_requires_archive_rpc
pickle,defihacklabs,ethereum,11303122,0x6847259b2b3a4c17e7c43c54409810af48ba5210,,ca2-3843aa138b13af762925,2020-11-21,Pickle Finance,Insufficient validation,src/test/2020-11/Pickle_exp.sol,ethereum,https://github.com/SunWeb3Sec/DeFiHackLabs/blob/main/past/2021/README.md,frozen_public_source_hashed,93b19197192b409cf7360b9bfa564d474da5a115f9bf279a5b8cc61093dadab6,a60badf8ba8b49d7a818d8faba95f5f92214542caff298ac5a90b3ccdca24be9,"[""https://etherscan.io/tx/0xe72d4e7ba9b5af0cf2a8cfb1e30fd9f388df0ab3da79790be842bfbed11087b0"", ""https://github.com/banteg/evil-jar""]","[""0xe72d4e7ba9b5af0cf2a8cfb1e30fd9f388df0ab3da79790be842bfbed11087b0""]",,exact_contract_basename,True,True,,,2020-11-21,,,,blocked_missing_onchain_and_availability_evidence,"[""missing:deployment_block"", ""missing:prediction_cutoff_block"", ""missing:source_availability_time"", ""missing:runtime_bytecode_hash_at_cutoff"", ""missing:outcome_adjudication_id""]",ethereum:0x6847259b2b3a4c17e7c43c54409810af48ba5210,7f6b7229121b69cd8203,,,,,not_resolved_requires_archive_rpc
harvestfinance,defihacklabs,ethereum,11129473,0xf0358e8c3cd5fa238a29301d0bea3d63a17bedbe,,ca2-03a929a60d6ca387d4bb,2020-10-26,Harvest Finance,Flashloan Attack,src/test/2020-10/HarvestFinance_exp.sol,ethereum,https://github.com/SunWeb3Sec/DeFiHackLabs/blob/main/past/2021/README.md,frozen_public_source_hashed,93b19197192b409cf7360b9bfa564d474da5a115f9bf279a5b8cc61093dadab6,c41b70ddd318d13aaad01c2ebd818fb9f75d6e6f8efb1b1c53810f7555c3ef9a,"[""https://etherscan.io/tx/0x35f8d2f572fceaac9288e5d462117850ef2694786992a8c3f6d02612277b0877"", ""https://rekt.news/harvest-finance-rekt/""]","[""0x35f8d2f572fceaac9288e5d462117850ef2694786992a8c3f6d02612277b0877""]",,exact_contract_basename,True,True,,,2020-10-26,,,,blocked_missing_onchain_and_availability_evidence,"[""missing:deployment_block"", ""missing:prediction_cutoff_block"", ""missing:source_availability_time"", ""missing:runtime_bytecode_hash_at_cutoff"", ""missing:outcome_adjudication_id""]",ethereum:0xf0358e8c3cd5fa238a29301d0bea3d63a17bedbe,6923fc09ab7a3f9df438,,,,,not_resolved_requires_archive_rpc
sushi_badger_digg,defihacklabs,ethereum,11720049,0xe11fc0b43ab98eb91e9836129d1ee7c3bc95df50,shanghai,ca2-b68f8de37da66632724d,2021-01-25,Sushi Badger Digg,Sandwich attack,src/test/2021-01/Sushi_Badger_Digg_exp.sol,mainnet,https://github.com/SunWeb3Sec/DeFiHackLabs/blob/main/past/2021/README.md,frozen_public_source_hashed,93b19197192b409cf7360b9bfa564d474da5a115f9bf279a5b8cc61093dadab6,6cc76f4b0a801f0f122487a783e4e2c3b59a2fb508f651b6ead428f2cfd64ad7,"[""https://cmichel.io/replaying-ethereum-hacks-sushiswap-badger-dao-digg/""]",[],,exact_contract_basename,True,True,,,2021-01-25,,,,blocked_missing_onchain_and_availability_evidence,"[""missing:deployment_block"", ""missing:prediction_cutoff_block"", ""missing:source_availability_time"", ""missing:runtime_bytecode_hash_at_cutoff"", ""missing:outcome_adjudication_id""]",ethereum:0xe11fc0b43ab98eb91e9836129d1ee7c3bc95df50,4b0a28c386fce5e952a4,,,,,not_resolved_requires_archive_rpc
lendfme,defihacklabs,ethereum,9899725,0x0eee3e3828a45f7601d5f54bf49bb01d1a9df5ea,,ca2-57582b3e77f95ed74d3f,2020-04-19,LendfMe,ERC777 Reentrancy,src/test/2020-04/LendfMe_exp.sol,mainnet,https://github.com/SunWeb3Sec/DeFiHackLabs/blob/main/past/2021/README.md,frozen_public_source_hashed,93b19197192b409cf7360b9bfa564d474da5a115f9bf279a5b8cc61093dadab6,e677aa96067ef58ffc2bfdf68f5648eb770e9cd210e39d3ed6eb2de7cb477191,"[""https://peckshield.medium.com/uniswap-lendf-me-hacks-root-cause-and-loss-analysis-50f3263dcc09""]",[],,exact_contract_basename,True,True,,,2020-04-19,,,,blocked_missing_onchain_and_availability_evidence,"[""missing:deployment_block"", ""missing:prediction_cutoff_block"", ""missing:source_availability_time"", ""missing:runtime_bytecode_hash_at_cutoff"", ""missing:outcome_adjudication_id""]",ethereum:0x0eee3e3828a45f7601d5f54bf49bb01d1a9df5ea,2015faff40e58af84657,,,,,not_resolved_requires_archive_rpc
yearn_ydai,defihacklabs,ethereum,11792183,0xacd43e627e64355f1861cec6d3a6688b31a6f952,shanghai,ca2-b6eef501c6bfb6ae40e1,2021-02-04,Yearn YDai,Slippage proection absent,src/test/2021-02/Yearn_ydai_exp.sol,ethereum,https://github.com/SunWeb3Sec/DeFiHackLabs/blob/main/past/2021/README.md,frozen_public_source_hashed,93b19197192b409cf7360b9bfa564d474da5a115f9bf279a5b8cc61093dadab6,089690c08fc86910dc446f979c46e99708d6ddce64e4303b043f4387d8cc8df8,"[""https://etherscan.io/tx/0x59faab5a1911618064f1ffa1e4649d85c99cfd9f0d64dcebbc1af7d7630da98b"", ""https://github.com/yearn/yearn-security/blob/master/disclosures/2021-02-04.md""]","[""0x59faab5a1911618064f1ffa1e4649d85c99cfd9f0d64dcebbc1af7d7630da98b""]",,exact_contract_basename,True,True,,,2021-02-04,,,,blocked_missing_onchain_and_availability_evidence,"[""missing:deployment_block"", ""missing:prediction_cutoff_block"", ""missing:source_availability_time"", ""missing:runtime_bytecode_hash_at_cutoff"", ""missing:outcome_adjudication_id""]",ethereum:0xacd43e627e64355f1861cec6d3a6688b31a6f952,58ef408921812e890538,,,,,not_resolved_requires_archive_rpc
uranium,defihacklabs,bsc,6920000,0xa943ea143cd7e79806d670f4a7cf08f8922a454f,shanghai,ca2-36bcb163bd23551701cc,2021-04-28,Uranium,Miscalculation,src/test/2021-04/Uranium_exp.sol,bsc,https://github.com/SunWeb3Sec/DeFiHackLabs/blob/main/past/2021/README.md,frozen_public_source_hashed,93b19197192b409cf7360b9bfa564d474da5a115f9bf279a5b8cc61093dadab6,9d3eb5e27031d69b5e57b9f3040bd23c3bfd10c631389c6b250f9f8f3d98d7fd,"[""https://bscscan.com/tx/0x5a504fe72ef7fc76dfeb4d979e533af4e23fe37e90b5516186d5787893c37991"", ""https://twitter.com/FrankResearcher/status/1387347025742557186""]","[""0x5a504fe72ef7fc76dfeb4d979e533af4e23fe37e90b5516186d5787893c37991""]",,exact_contract_basename,True,True,,,2021-04-28,,,,blocked_missing_onchain_and_availability_evidence,"[""missing:deployment_block"", ""missing:prediction_cutoff_block"", ""missing:source_availability_time"", ""missing:runtime_bytecode_hash_at_cutoff"", ""missing:outcome_adjudication_id""]",bsc:0xa943ea143cd7e79806d670f4a7cf08f8922a454f,7abbcd8ea7ea338bab9d,,,,,not_resolved_requires_archive_rpc
spartan,defihacklabs,bsc,7048832,0x3de669c4f1f167a8afbc9993e4753b84b576426f,shanghai,ca2-f655d6375b3979edab38,2021-05-02,Spartan,Logic Flaw,src/test/2021-05/Spartan_exp.sol,bsc,https://github.com/SunWeb3Sec/DeFiHackLabs/blob/main/past/2021/README.md,frozen_public_source_hashed,93b19197192b409cf7360b9bfa564d474da5a115f9bf279a5b8cc61093dadab6,1e131cb812e4acd651d55f9cefaae8ca2216a72785cadcbd19e7d66491a453f6,"[""https://rekt.news/spartan-rekt/""]",[],,exact_contract_basename,True,True,,,2021-05-02,,,,blocked_missing_onchain_and_availability_evidence,"[""missing:deployment_block"", ""missing:prediction_cutoff_block"", ""missing:source_availability_time"", ""missing:runtime_bytecode_hash_at_cutoff"", ""missing:outcome_adjudication_id""]",bsc:0x3de669c4f1f167a8afbc9993e4753b84b576426f,75f128ffc022170cacc3,,,,,not_resolved_requires_archive_rpc
dodo_flashloan,defihacklabs,ethereum,12000000,0x051ebd717311350f1684f89335bed4abd083a2b6,shanghai,ca2-61c7c0bc0fd854fd8541,2021-03-08,DODO,Flashloan Attack,src/test/2021-03/dodo_flashloan_exp.sol,ethereum,https://github.com/SunWeb3Sec/DeFiHackLabs/blob/main/past/2021/README.md,frozen_public_source_hashed,93b19197192b409cf7360b9bfa564d474da5a115f9bf279a5b8cc61093dadab6,e74bcf9627e666abcc1dd105229c09bd34d85b635197b7580cedb3c48eed0246,"[""https://blog.dodoex.io/dodo-pool-incident-postmortem-with-a-little-help-from-our-friends-327e66872d42"", ""https://etherscan.io/tx/0x395675b56370a9f5fe8b32badfa80043f5291443bd6c8273900476880fb5221e"", ""https://halborn.com/explained-the-dodo-dex-hack-march-2021/""]","[""0x395675b56370a9f5fe8b32badfa80043f5291443bd6c8273900476880fb5221e""]",,exact_contract_basename,True,True,,,2021-03-08,,,,blocked_missing_onchain_and_availability_evidence,"[""missing:deployment_block"", ""missing:prediction_cutoff_block"", ""missing:source_availability_time"", ""missing:runtime_bytecode_hash_at_cutoff"", ""missing:outcome_adjudication_id""]",ethereum:0x051ebd717311350f1684f89335bed4abd083a2b6,a1566e1c91a5ad98e5c4,,,,,not_resolved_requires_archive_rpc
pancakebunny,defihacklabs,bsc,7556330,0x633e538ecf0bee1a18c2edfe10c4da0d6e71e77b,shanghai,ca2-7c6082cada48d720f171,2021-05-19,PancakeBunny,Price Oracle Manipulation,src/test/2021-05/PancakeBunny_exp.sol,bsc,https://github.com/SunWeb3Sec/DeFiHackLabs/blob/main/past/2021/README.md,frozen_public_source_hashed,93b19197192b409cf7360b9bfa564d474da5a115f9bf279a5b8cc61093dadab6,baf63791a4277f87d91ddc0567f2b55ffda4a381f3294e1a8b8b6b891a7836ff,"[""https://bscscan.com/tx/0x897c2de73dd55d7701e1b69ffb3a17b0f4801ced88b0c75fe1551c5fcce6a979"", ""https://rekt.news/pancakebunny-rekt/""]","[""0x897c2de73dd55d7701e1b69ffb3a17b0f4801ced88b0c75fe1551c5fcce6a979""]",,exact_contract_basename,True,True,,,2021-05-19,,,,blocked_missing_onchain_and_availability_evidence,"[""missing:deployment_block"", ""missing:prediction_cutoff_block"", ""missing:source_availability_time"", ""missing:runtime_bytecode_hash_at_cutoff"", ""missing:outcome_adjudication_id""]",bsc:0x633e538ecf0bee1a18c2edfe10c4da0d6e71e77b,9550b904ae105f881074,,,,,not_resolved_requires_archive_rpc
burgerswap,defihacklabs,bsc,7781159,0x7ac55ac530f2c29659573bde0700c6758d69e677,shanghai,ca2-28489e4d5123e702b7a8,2021-05-27,BurgerSwap,Mathematical flaw + Reentrancy,src/test/2021-05/BurgerSwap_exp.sol,bsc,https://github.com/SunWeb3Sec/DeFiHackLabs/blob/main/past/2021/README.md,frozen_public_source_hashed,93b19197192b409cf7360b9bfa564d474da5a115f9bf279a5b8cc61093dadab6,63e826cb9881b371ac3674c38a3a8b812dbb7807ef3c75978eb8b6e3dd255630,"[""https://twitter.com/Mudit__Gupta/status/1398156036574306304""]",[],,exact_contract_basename,True,True,,,2021-05-27,,,,blocked_missing_onchain_and_availability_evidence,"[""missing:deployment_block"", ""missing:prediction_cutoff_block"", ""missing:source_availability_time"", ""missing:runtime_bytecode_hash_at_cutoff"", ""missing:outcome_adjudication_id""]",bsc:0x7ac55ac530f2c29659573bde0700c6758d69e677,302316782cc995c92ffb,,,,,not_resolved_requires_archive_rpc
88mph,defihacklabs,ethereum,12516705,0xf0b7de03134857391d8d43ed48e20edf21461097,shanghai,ca2-c9c1817a98610ef26f01,2021-06-07,88mph NFT,Access control,src/test/2021-06/88mph_exp.sol,mainnet,https://github.com/SunWeb3Sec/DeFiHackLabs/blob/main/past/2021/README.md,frozen_public_source_hashed,93b19197192b409cf7360b9bfa564d474da5a115f9bf279a5b8cc61093dadab6,4451139dfa098f690604a55207330189bd34c454b39867257c40110ef5f8f71a,"[""https://medium.com/immunefi/88mph-function-initialization-bug-fix-postmortem-c3a2282894d3""]",[],,exact_contract_basename,True,True,,,2021-06-07,,,,blocked_missing_onchain_and_availability_evidence,"[""missing:deployment_block"", ""missing:prediction_cutoff_block"", ""missing:source_availability_time"", ""missing:runtime_bytecode_hash_at_cutoff"", ""missing:outcome_adjudication_id""]",ethereum:0xf0b7de03134857391d8d43ed48e20edf21461097,33b74a7fe9340ed1f090,,,,,not_resolved_requires_archive_rpc
eleven,defihacklabs,bsc,8530973,0x27dd6e51bf715cfc0e2fe96af26fc9ded89e4be8,shanghai,ca2-411b50fea47298d98579,2021-06-22,Eleven Finance,Doesn’t burn shares,src/test/2021-06/Eleven_exp.sol,bsc,https://github.com/SunWeb3Sec/DeFiHackLabs/blob/main/past/2021/README.md,frozen_public_source_hashed,93b19197192b409cf7360b9bfa564d474da5a115f9bf279a5b8cc61093dadab6,5ffd3ed363cfbe0e373320610197f27c34e430107e5366516a6dfb3ca245b549,"[""https://bscscan.com/tx/0xeaaa8f4d33b1035a790f0d7c4eb6e38db7d6d3b580e0bbc9ba39a9d6b80dd250"", ""https://peckshield.medium.com/eleven-finance-incident-root-cause-analysis-123b5675fa76""]","[""0xeaaa8f4d33b1035a790f0d7c4eb6e38db7d6d3b580e0bbc9ba39a9d6b80dd250""]",,exact_contract_basename,True,True,,,2021-06-22,,,,blocked_missing_onchain_and_availability_evidence,"[""missing:deployment_block"", ""missing:prediction_cutoff_block"", ""missing:source_availability_time"", ""missing:runtime_bytecode_hash_at_cutoff"", ""missing:outcome_adjudication_id""]",bsc:0x27dd6e51bf715cfc0e2fe96af26fc9ded89e4be8,ef8dfedc5ab911fe01a5,,,,,not_resolved_requires_archive_rpc
xwin,defihacklabs,bsc,8589725,0x1bf7fe7568211ecff68b6bc7ccad31ecd8fe8092,shanghai,ca2-42dc2e766a267767f0d8,2021-06-25,xWin Finance,subscription-incentive-mechanism,src/test/2021-06/xWin_exp.sol,bsc,https://github.com/SunWeb3Sec/DeFiHackLabs/blob/main/past/2021/README.md,frozen_public_source_hashed,93b19197192b409cf7360b9bfa564d474da5a115f9bf279a5b8cc61093dadab6,9aa89bc4c360d07aa0711f47b8f5b59db465dc22d8f306bc5315b5977a993395,"[""https://peckshield.medium.com/xwin-finance-incident-root-cause-analysis-71d0820e6bc1""]",[],~$300k,exact_contract_basename,True,True,,,2021-06-25,,,,blocked_missing_onchain_and_availability_evidence,"[""missing:deployment_block"", ""missing:prediction_cutoff_block"", ""missing:source_availability_time"", ""missing:runtime_bytecode_hash_at_cutoff"", ""missing:outcome_adjudication_id""]",bsc:0x1bf7fe7568211ecff68b6bc7ccad31ecd8fe8092,c8c0ef4a0c3d96096454,,,,,not_resolved_requires_archive_rpc
cream,defihacklabs,ethereum,13125070,0x2db6c82ce72c8d7d770ba1b5f5ed0b6e075066d6,shanghai,ca2-8c56561fae063cde5971,2021-08-30,Cream Finance,Flashloan Attack + Reentrancy,src/test/2021-08/Cream_exp.sol,ethereum,https://github.com/SunWeb3Sec/DeFiHackLabs/blob/main/past/2021/README.md,frozen_public_source_hashed,93b19197192b409cf7360b9bfa564d474da5a115f9bf279a5b8cc61093dadab6,7eb8399ca0ec2a1f3c1f751a139eb23c890e45ed189ed42cb86f3c8e2e987194,"[""https://etherscan.io/tx/0xa9a1b8ea288eb9ad315088f17f7c7386b9989c95b4d13c81b69d5ddad7ffe61e"", ""https://twitter.com/creamdotfinance/status/1432249773575208964"", ""https://twitter.com/peckshield/status/1432249600002478081""]","[""0xa9a1b8ea288eb9ad315088f17f7c7386b9989c95b4d13c81b69d5ddad7ffe61e""]",,exact_contract_basename,True,True,,,2021-08-30,,,,blocked_missing_onchain_and_availability_evidence,"[""missing:deployment_block"", ""missing:prediction_cutoff_block"", ""missing:source_availability_time"", ""missing:runtime_bytecode_hash_at_cutoff"", ""missing:outcome_adjudication_id""]",ethereum:0x2db6c82ce72c8d7d770ba1b5f5ed0b6e075066d6,7476335bebaef9ddf437,,,,,not_resolved_requires_archive_rpc
xsurge,defihacklabs,bsc,10087723,0xe1e1aa58983f6b8ee8e4ecd206cea6578f036c21,shanghai,ca2-f4c153bbeb9c3fff7e54,2021-08-17,XSURGE,Flashloan Attack + Reentrancy,src/test/2021-08/XSURGE_exp.sol,bsc,https://github.com/SunWeb3Sec/DeFiHackLabs/blob/main/past/2021/README.md,frozen_public_source_hashed,93b19197192b409cf7360b9bfa564d474da5a115f9bf279a5b8cc61093dadab6,4f6037b245cd4ce4e5c660dce57cef491cd19921f8610fd9948f5b496bf6d1aa,"[""https://beosin.medium.com/a-sweet-blow-fb0a5e08657d"", ""https://bscscan.com/tx/0x8c93d6e5d6b3ec7478b4195123a696dbc82a3441be090e048fe4b33a242ef09d"", ""https://medium.com/@Knownsec_Blockchain_Lab/knownsec-blockchain-lab-comprehensive-analysis-of-xsurge-attacks-c83d238fbc55""]","[""0x8c93d6e5d6b3ec7478b4195123a696dbc82a3441be090e048fe4b33a242ef09d""]",,exact_contract_basename,True,True,,,2021-08-17,,,,blocked_missing_onchain_and_availability_evidence,"[""missing:deployment_block"", ""missing:prediction_cutoff_block"", ""missing:source_availability_time"", ""missing:runtime_bytecode_hash_at_cutoff"", ""missing:outcome_adjudication_id""]",bsc:0xe1e1aa58983f6b8ee8e4ecd206cea6578f036c21,470469da9a689c235dcd,,,,,not_resolved_requires_archive_rpc
nowswap,defihacklabs,ethereum,13225516,0xa0ff0e694275023f4986dc3ca12a6eb5d6056c62,shanghai,ca2-bef4fd38f1af5d45d83a,2021-09-15,NowSwap Platform,Incorrect calculation,src/test/2021-09/NowSwap_exp.sol,mainnet,https://github.com/SunWeb3Sec/DeFiHackLabs/blob/main/past/2021/README.md,frozen_public_source_hashed,93b19197192b409cf7360b9bfa564d474da5a115f9bf279a5b8cc61093dadab6,1cf9f8da8125f234890449362de85fb1b390e41dc8287302242423b36ef935f7,"[""https://twitter.com/BlockSecTeam/status/1438100688215560192""]",[],,exact_contract_basename,True,True,,,2021-09-15,,,,blocked_missing_onchain_and_availability_evidence,"[""missing:deployment_block"", ""missing:prediction_cutoff_block"", ""missing:source_availability_time"", ""missing:runtime_bytecode_hash_at_cutoff"", ""missing:outcome_adjudication_id""]",ethereum:0xa0ff0e694275023f4986dc3ca12a6eb5d6056c62,a47821aabbeb7691cec8,,,,,not_resolved_requires_archive_rpc
nimbus,defihacklabs,ethereum,13225516,0xc0a6b8c534fad86df8fa1abb17084a70f86eddc1,shanghai,ca2-54094307591338d2b28a,2021-09-15,Nimbus Platform,Incorrect calculation,src/test/2021-09/Nimbus_exp.sol,mainnet,https://github.com/SunWeb3Sec/DeFiHackLabs/blob/main/past/2021/README.md,frozen_public_source_hashed,93b19197192b409cf7360b9bfa564d474da5a115f9bf279a5b8cc61093dadab6,360fd55e367d0f5ee34eca04acb003298f83f95c9fda4d4098810ae84a16d73e,"[""https://twitter.com/BlockSecTeam/status/1438100688215560192""]",[],,exact_contract_basename,True,True,,,2021-09-15,,,,blocked_missing_onchain_and_availability_evidence,"[""missing:deployment_block"", ""missing:prediction_cutoff_block"", ""missing:source_availability_time"", ""missing:runtime_bytecode_hash_at_cutoff"", ""missing:outcome_adjudication_id""]",ethereum:0xc0a6b8c534fad86df8fa1abb17084a70f86eddc1,3b4fb2c50f38fa162893,,,,,not_resolved_requires_archive_rpc
waultfinance,defihacklabs,bsc,9728755,0xa79fe386b88fbee6e492eeb76ec48517d1ec759a,shanghai,ca2-69618eefef4fa57c795c,2021-08-04,WaultFinace,FlashLoan price manipulation,src/test/2021-08/WaultFinance_exp.sol,bsc,https://github.com/SunWeb3Sec/DeFiHackLabs/blob/main/past/2021/README.md,frozen_public_source_hashed,93b19197192b409cf7360b9bfa564d474da5a115f9bf279a5b8cc61093dadab6,320f1be574bb2e5f6bf78c522759e7164148a5238854b7e77a70674f85db1070,"[""https://inspexco.medium.com/wault-finance-incident-analysis-wex-price-manipulation-using-wusdmaster-contract-c344be3ed376"", ""https://medium.com/@Knownsec_Blockchain_Lab/wault-finance-flash-loan-security-incident-analysis-368a2e1ebb5b""]",[],,exact_contract_basename,True,True,,,2021-08-04,,,,blocked_missing_onchain_and_availability_evidence,"[""missing:deployment_block"", ""missing:prediction_cutoff_block"", ""missing:source_availability_time"", ""missing:runtime_bytecode_hash_at_cutoff"", ""missing:outcome_adjudication_id""]",bsc:0xa79fe386b88fbee6e492eeb76ec48517d1ec759a,67b43a39e2be95f98689,,,,,not_resolved_requires_archive_rpc
sushimiso,defihacklabs,ethereum,13038771,0x4c4564a1fe775d97297f9e3dc2e762e0ed5dda0e,shanghai,ca2-cc76e9ac975f3c46bb14,2021-09-16,SushiSwap Miso,Insufficient validation,src/test/2021-09/Sushimiso_exp.sol,ethereum,https://github.com/SunWeb3Sec/DeFiHackLabs/blob/main/past/2021/README.md,frozen_public_source_hashed,93b19197192b409cf7360b9bfa564d474da5a115f9bf279a5b8cc61093dadab6,4103dc779de5b388c14c86f7e5dcfef58c7ceaabecac89af2dec0cd05f5b1415,"[""https://etherscan.io/tx/0x78d6355703507f88f2090eb780d245b0ab26bf470eabdb004761cedf3b1cda44"", ""https://www.paradigm.xyz/2021/08/two-rights-might-make-a-wrong""]","[""0x78d6355703507f88f2090eb780d245b0ab26bf470eabdb004761cedf3b1cda44""]",,exact_contract_basename,True,True,,,2021-09-16,,,,blocked_missing_onchain_and_availability_evidence,"[""missing:deployment_block"", ""missing:prediction_cutoff_block"", ""missing:source_availability_time"", ""missing:runtime_bytecode_hash_at_cutoff"", ""missing:outcome_adjudication_id""]",ethereum:0x4c4564a1fe775d97297f9e3dc2e762e0ed5dda0e,6b752ea49878c37c668d,,,,,not_resolved_requires_archive_rpc
balancer_20200628,defihacklabs,ethereum,10355806,0x0e511aa1a137aad267dfe3a6bfca0b856c1a3682,,ca2-f056a955a865b551a342,2020-06-28,Balancer Protocol,Token Incompatible,src/test/2020-06/Balancer_20200628_exp.sol,ethereum,https://github.com/SunWeb3Sec/DeFiHackLabs/blob/main/past/2021/README.md,frozen_public_source_hashed,93b19197192b409cf7360b9bfa564d474da5a115f9bf279a5b8cc61093dadab6,cff6c4627717d0667b3d6ecc390f2da2c0f3c61c6ed558a40bf841b4f98fe071,"[""https://etherscan.io/tx/0x013be97768b702fe8eccef1a40544d5ecb3c1961ad5f87fee4d16fdc08c78106"", ""https://slowmist.medium.com/detailed-analysis-of-balancer-hack-de8bd86020de""]","[""0x013be97768b702fe8eccef1a40544d5ecb3c1961ad5f87fee4d16fdc08c78106""]",,exact_contract_basename,True,True,,,2020-06-28,,,,blocked_missing_onchain_and_availability_evidence,"[""missing:deployment_block"", ""missing:prediction_cutoff_block"", ""missing:source_availability_time"", ""missing:runtime_bytecode_hash_at_cutoff"", ""missing:outcome_adjudication_id""]",ethereum:0x0e511aa1a137aad267dfe3a6bfca0b856c1a3682,bb4d6fb9180792e5bc87,,,,,not_resolved_requires_archive_rpc
mono,defihacklabs,ethereum,13715025,0xc36a7887786389405ea8da0b87602ae3902b88a1,shanghai,ca2-6123dfbf4db930b4d1d5,2021-11-30,MonoX Finance,Price Manipulation,src/test/2021-11/Mono_exp.sol,ethereum,https://github.com/SunWeb3Sec/DeFiHackLabs/blob/main/past/2021/README.md,frozen_public_source_hashed,93b19197192b409cf7360b9bfa564d474da5a115f9bf279a5b8cc61093dadab6,9cd973d11f8ed1476098b090748f544d24666be4e5b92bc1afeb421b3acdd613,"[""https://etherscan.io/tx/0x9f14d093a2349de08f02fc0fb018dadb449351d0cdb7d0738ff69cc6fef5f299"", ""https://knownseclab.com/news/61a986811992da0067558749"", ""https://polygonscan.com/tx/0x5a03b9c03eedcb9ec6e70c6841eaa4976a732d050a6218969e39483bb3004d5d"", ""https://slowmist.medium.com/detailed-analysis-of-the-31-million-monox-protocol-hack-574d8c44a9c8"", ""https://www.tuoniaox.com/news/p-521076.html""]","[""0x5a03b9c03eedcb9ec6e70c6841eaa4976a732d050a6218969e39483bb3004d5d"", ""0x9f14d093a2349de08f02fc0fb018dadb449351d0cdb7d0738ff69cc6fef5f299""]",,exact_contract_basename,True,True,,,2021-11-30,,,,blocked_missing_onchain_and_availability_evidence,"[""missing:deployment_block"", ""missing:prediction_cutoff_block"", ""missing:source_availability_time"", ""missing:runtime_bytecode_hash_at_cutoff"", ""missing:outcome_adjudication_id""]",ethereum:0xc36a7887786389405ea8da0b87602ae3902b88a1,3a96214e6bfc00e647ee,,,,,not_resolved_requires_archive_rpc
ploutoz,defihacklabs,bsc,12886415,0x844fa82f1e54824655470970f7004dd90546bb28,shanghai,ca2-1110a2625b12e4b110c0,2021-11-23,Ploutoz,Flash Loan,src/test/2021-11/Ploutoz_exp.sol,bsc,https://github.com/SunWeb3Sec/DeFiHackLabs/blob/main/past/2021/README.md,frozen_public_source_hashed,93b19197192b409cf7360b9bfa564d474da5a115f9bf279a5b8cc61093dadab6,f016e278ccd20466d1c44ecf3252729611d6ed2f3adcdd5cc925aa429fbc06d5,"[""https://x.com/peckshield/status/1463113809111896065""]",[],,exact_contract_basename,True,True,,,2021-11-23,,,,blocked_missing_onchain_and_availability_evidence,"[""missing:deployment_block"", ""missing:prediction_cutoff_block"", ""missing:source_availability_time"", ""missing:runtime_bytecode_hash_at_cutoff"", ""missing:outcome_adjudication_id""]",bsc:0x844fa82f1e54824655470970f7004dd90546bb28,11b3e34e70c264dff476,,,,,not_resolved_requires_archive_rpc
nervebridge,defihacklabs,bsc,12653565,0xd0fbf0a224563d5ffc8a57e4fda6ae080ebcf3d3,shanghai,ca2-4146cf0ae387533d1340,2021-12-14,Nerve Bridge,Swap Metapool Attack,src/test/2021-12/NerveBridge_exp.sol,bsc,https://github.com/SunWeb3Sec/DeFiHackLabs/blob/main/past/2021/README.md,frozen_public_source_hashed,93b19197192b409cf7360b9bfa564d474da5a115f9bf279a5b8cc61093dadab6,dece0a59673e8a0b9d944e2fcd67cd2b5d5239e4cb05e2b2729b09227a85a2d9,"[""https://blocksecteam.medium.com/the-analysis-of-nerve-bridge-security-incident-ead361a21025""]",[],,exact_contract_basename,True,True,,,2021-12-14,,,,blocked_missing_onchain_and_availability_evidence,"[""missing:deployment_block"", ""missing:prediction_cutoff_block"", ""missing:source_availability_time"", ""missing:runtime_bytecode_hash_at_cutoff"", ""missing:outcome_adjudication_id""]",bsc:0xd0fbf0a224563d5ffc8a57e4fda6ae080ebcf3d3,b79a8f3c00b05f4ccbb1,,,,,not_resolved_requires_archive_rpc
indexedfinance,defihacklabs,ethereum,13417948,0xf00a38376c8668fc1f3cd3daeef42e0e44a7fcdb,shanghai,ca2-9f5117e07b7b2d16ed22,2021-10-15,Indexed Finance,Price Manipulation,src/test/2021-10/IndexedFinance_exp.sol,mainnet,https://github.com/SunWeb3Sec/DeFiHackLabs/blob/main/past/2021/README.md,frozen_public_source_hashed,93b19197192b409cf7360b9bfa564d474da5a115f9bf279a5b8cc61093dadab6,abff0f9940c92bfd88c9e82d7635f75ccf5764ace19a5f5e9c4cd4b956e55487,"[""https://blocksecteam.medium.com/the-analysis-of-indexed-finance-security-incident-8a62b9799836""]",[],,exact_contract_basename,True,True,,,2021-10-15,,,,blocked_missing_onchain_and_availability_evidence,"[""missing:deployment_block"", ""missing:prediction_cutoff_block"", ""missing:source_availability_time"", ""missing:runtime_bytecode_hash_at_cutoff"", ""missing:outcome_adjudication_id""]",ethereum:0xf00a38376c8668fc1f3cd3daeef42e0e44a7fcdb,25d359c316d0d82c3b93,,,,,not_resolved_requires_archive_rpc
visor,defihacklabs,ethereum,13849006,0xc9f27a50f82571c1c8423a42970613b8dbda14ef,shanghai,ca2-c5ce6bf171451010d578,2021-12-21,Visor Finance,Reentrancy,src/test/2021-12/Visor_exp.sol,ethereum,https://github.com/SunWeb3Sec/DeFiHackLabs/blob/main/past/2021/README.md,frozen_public_source_hashed,93b19197192b409cf7360b9bfa564d474da5a115f9bf279a5b8cc61093dadab6,57608208f426b1549e7143e045cdcb5c8a3b867e37bcb5efc1392972450cc86e,"[""https://beosin.medium.com/two-vulnerabilities-in-one-function-the-analysis-of-visor-finance-exploit-a15735e2492"", ""https://etherscan.io/tx/0x69272d8c84d67d1da2f6425b339192fa472898dce936f24818fda415c1c1ff3f"", ""https://twitter.com/GammaStrategies/status/1473306777131405314""]","[""0x69272d8c84d67d1da2f6425b339192fa472898dce936f24818fda415c1c1ff3f""]",,exact_contract_basename,True,True,,,2021-12-21,,,,blocked_missing_onchain_and_availability_evidence,"[""missing:deployment_block"", ""missing:prediction_cutoff_block"", ""missing:source_availability_time"", ""missing:runtime_bytecode_hash_at_cutoff"", ""missing:outcome_adjudication_id""]",ethereum:0xc9f27a50f82571c1c8423a42970613b8dbda14ef,79bd147a8ee64d451083,,,,,not_resolved_requires_archive_rpc
julswap,defihacklabs,bsc,7785586,0x32dffc3fe8e3ef3571bf8a72c0d0015c5373f41d,shanghai,ca2-a517ebcd851bcd0a26cd,2021-05-27,JulSwap,Flash Loan,src/test/2021-05/JulSwap_exp.sol,bsc,https://github.com/SunWeb3Sec/DeFiHackLabs/blob/main/past/2021/README.md,frozen_public_source_hashed,93b19197192b409cf7360b9bfa564d474da5a115f9bf279a5b8cc61093dadab6,78404b116f80b9ab51f5cb3ac92b2df41ae1cf804c432dcd98d241844b780f35,"[""https://x.com/tg_cryptos/status/1398090345368408064""]",[],1.5M,exact_contract_basename,True,True,,,2021-05-27,,,,blocked_missing_onchain_and_availability_evidence,"[""missing:deployment_block"", ""missing:prediction_cutoff_block"", ""missing:source_availability_time"", ""missing:runtime_bytecode_hash_at_cutoff"", ""missing:outcome_adjudication_id""]",bsc:0x32dffc3fe8e3ef3571bf8a72c0d0015c5373f41d,9ce2abb2152c3b9e58e0,,,,,not_resolved_requires_archive_rpc
pancakehunny,defihacklabs,bsc,7962338,0x109ea28dbdea5e6ec126fbc8c33845dfe812a300,shanghai,ca2-275669506c0506e44e0f,2021-06-03,PancakeHunny,Incorrect calculation,src/test/2021-06/PancakeHunny_exp.sol,bsc,https://github.com/SunWeb3Sec/DeFiHackLabs/blob/main/past/2021/README.md,frozen_public_source_hashed,93b19197192b409cf7360b9bfa564d474da5a115f9bf279a5b8cc61093dadab6,5cb67b48f7a41c216434ae429a489c490ed20fd197e82c07d18a19c4849ebf43,"[""https://bscscan.com/tx/0x765de8357994a206bb90af57dcf427f48a2021f2f28ca81f2c00bc3b9842be8e"", ""https://medium.com/hunnyfinance/pancakehunny-post-mortem-analysis-de78967401d8""]","[""0x765de8357994a206bb90af57dcf427f48a2021f2f28ca81f2c00bc3b9842be8e""]",,exact_contract_basename,True,True,,,2021-06-03,,,,blocked_missing_onchain_and_availability_evidence,"[""missing:deployment_block"", ""missing:prediction_cutoff_block"", ""missing:source_availability_time"", ""missing:runtime_bytecode_hash_at_cutoff"", ""missing:outcome_adjudication_id""]",bsc:0x109ea28dbdea5e6ec126fbc8c33845dfe812a300,1c699f2096cc1d26d72d,,,,,not_resolved_requires_archive_rpc
valuedefi,defihacklabs,bsc,7223029,0xd4bbf439d3eab5155ca7c0537e583088fb4cfce8,shanghai,ca2-293982257dd654edb222,2021-05-08,Value Defi,Cross Contract Reentrancy,src/test/2021-05/ValueDefi_exp.sol,bsc,https://github.com/SunWeb3Sec/DeFiHackLabs/blob/main/past/2021/README.md,frozen_public_source_hashed,93b19197192b409cf7360b9bfa564d474da5a115f9bf279a5b8cc61093dadab6,7d78083794faec03af1482a8b998008684c65c30acb511987f8185adfe9bce7a,"[""https://bscscan.com/tx/0xa00def91954ba9f1a1320ef582420d41ca886d417d996362bf3ac3fe2bfb9006"", ""https://rekt.news/rari-capital-rekt/""]","[""0xa00def91954ba9f1a1320ef582420d41ca886d417d996362bf3ac3fe2bfb9006""]",,exact_contract_basename,True,True,,,2021-05-08,,,,blocked_missing_onchain_and_availability_evidence,"[""missing:deployment_block"", ""missing:prediction_cutoff_block"", ""missing:source_availability_time"", ""missing:runtime_bytecode_hash_at_cutoff"", ""missing:outcome_adjudication_id""]",bsc:0xd4bbf439d3eab5155ca7c0537e583088fb4cfce8,f22e1f93824022796f94,,,,,not_resolved_requires_archive_rpc
tecraspace,defihacklabs,ethereum,14139081,0xe38b72d6595fd3885d1d2f770aa23e94757f91a1,,ca2-a675d1938359eba4234f,2022-02-04,TecraSpace,Any token is destroyed,src/test/2022-02/TecraSpace_exp.sol,ethereum,https://github.com/SunWeb3Sec/DeFiHackLabs/blob/main/past/2022/README.md,frozen_public_source_hashed,e7668ddd37e305db9052d4f208bb3b87d1e75956950739d5e9f1fd66f4c26267,8dcc6cf14da53d18c0dffbe05975ae19cdbb89258d900603f38bd288d7068f77,"[""https://app.blocksec.com/explorer/tx/eth/0x81e9918e248d14d78ff7b697355fd9f456c6d7881486ed14fdfb69db16631154"", ""https://etherscan.io/address/0x6653d9bcbc28fc5a2f5fb5650af8f2b2e1695a15""]","[""0x81e9918e248d14d78ff7b697355fd9f456c6d7881486ed14fdfb69db16631154""]",,exact_contract_basename,True,True,,,2022-02-04,,,,blocked_missing_onchain_and_availability_evidence,"[""missing:deployment_block"", ""missing:prediction_cutoff_block"", ""missing:source_availability_time"", ""missing:runtime_bytecode_hash_at_cutoff"", ""missing:outcome_adjudication_id""]",ethereum:0xe38b72d6595fd3885d1d2f770aa23e94757f91a1,9d4b05ad25d03df7d9a9,,,,,not_resolved_requires_archive_rpc
sandbox,defihacklabs,ethereum,14163041,0x50f5474724e0ee42d9a4e711ccfb275809fd6d4a,,ca2-48d4577fa72f25875ad3,2022-02-08,Sandbox LAND,Access control,src/test/2022-02/Sandbox_exp.sol,ethereum,https://github.com/SunWeb3Sec/DeFiHackLabs/blob/main/past/2022/README.md,frozen_public_source_hashed,e7668ddd37e305db9052d4f208bb3b87d1e75956950739d5e9f1fd66f4c26267,ea64f46e2fff8fae01b0e05861d701df420f54d3860838a780ff19c9b45cd38a,"[""https://etherscan.io/tx/0x34516ee081c221d8576939f68aee71e002dd5557180d45194209d6692241f7b1"", ""https://slowmist.medium.com/the-vulnerability-behind-the-sandbox-land-migration-2abf68933170""]","[""0x34516ee081c221d8576939f68aee71e002dd5557180d45194209d6692241f7b1""]",,exact_contract_basename,True,True,,,2022-02-08,,,,blocked_missing_onchain_and_availability_evidence,"[""missing:deployment_block"", ""missing:prediction_cutoff_block"", ""missing:source_availability_time"", ""missing:runtime_bytecode_hash_at_cutoff"", ""missing:outcome_adjudication_id""]",ethereum:0x50f5474724e0ee42d9a4e711ccfb275809fd6d4a,474ed4e0d7b705aa685f,,,,,not_resolved_requires_archive_rpc
compoundtusd,defihacklabs,ethereum,14266479,0x12392f67bdf24fae0af363c24ac620a2f67dad86,,ca2-5b4e3baaff7190f2f54d,2022-03-22,CompoundTUSDSweepTokenBypass,Insufficient validation,src/test/2022-03/CompoundTusd_exp.sol,mainnet,https://github.com/SunWeb3Sec/DeFiHackLabs/blob/main/past/2022/README.md,frozen_public_source_hashed,e7668ddd37e305db9052d4f208bb3b87d1e75956950739d5e9f1fd66f4c26267,ac5eaa0ad8052973e9e01fb663f70c77e9001defccbcbad78bbc098a269ac35e,"[""https://blog.openzeppelin.com/compound-tusd-integration-issue-retrospective/""]",[],,exact_contract_basename,True,True,,,2022-03-22,,,,blocked_missing_onchain_and_availability_evidence,"[""missing:deployment_block"", ""missing:prediction_cutoff_block"", ""missing:source_availability_time"", ""missing:runtime_bytecode_hash_at_cutoff"", ""missing:outcome_adjudication_id""]",ethereum:0x12392f67bdf24fae0af363c24ac620a2f67dad86,0182c5cccf384a9c7481,,,,,not_resolved_requires_archive_rpc
bearn,defihacklabs,bsc,7457124,0xb390b07fcf76678089cb12d8e615d5fe494b01fb,shanghai,ca2-3d8e91015c9360a5a76f,2021-05-16,bEarn,Logic Flaw,src/test/2021-05/bEarn_exp.sol,bsc,https://github.com/SunWeb3Sec/DeFiHackLabs/blob/main/past/2021/README.md,frozen_public_source_hashed,93b19197192b409cf7360b9bfa564d474da5a115f9bf279a5b8cc61093dadab6,9ed3b8cb1b7fc21c248e7e2df5c1700288d1ff0847766c32554a1ada5bb9e39e,"[""https://bearndao.medium.com/bvaults-busd-alpaca-strategy-exploit-post-mortem-and-bearn-s-compensation-plan-b0b38c3b5540""]",[],11M,exact_contract_basename,True,True,,,2021-05-16,,,,blocked_missing_onchain_and_availability_evidence,"[""missing:deployment_block"", ""missing:prediction_cutoff_block"", ""missing:source_availability_time"", ""missing:runtime_bytecode_hash_at_cutoff"", ""missing:outcome_adjudication_id""]",bsc:0xb390b07fcf76678089cb12d8e615d5fe494b01fb,c67e41029a45be4efe53,,,,,not_resolved_requires_archive_rpc
anyswap,defihacklabs,ethereum,14037236,0x6b7a87899490ece95443e979ca9485cbe7e71522,,ca2-a3eb07131d27e069a3d8,2022-01-18,Multichain (Anyswap),Insufficient Token Validation,src/test/2022-01/Anyswap_exp.sol,ethereum,https://github.com/SunWeb3Sec/DeFiHackLabs/blob/main/past/2022/README.md,frozen_public_source_hashed,e7668ddd37e305db9052d4f208bb3b87d1e75956950739d5e9f1fd66f4c26267,77860e9a02b9d1b78a1dd3749b28c3ff90bf9351a92a266d527389790e9bf2a6,"[""https://etherscan.io/tx/0xe50ed602bd916fc304d53c4fed236698b71691a95774ff0aeeb74b699c6227f7"", ""https://medium.com/zengo/without-permit-multichains-exploit-explained-8417e8c1639b"", ""https://twitter.com/PeckShieldAlert/status/1483363515411099651""]","[""0xe50ed602bd916fc304d53c4fed236698b71691a95774ff0aeeb74b699c6227f7""]",,exact_contract_basename,True,True,,,2022-01-18,,,,blocked_missing_onchain_and_availability_evidence,"[""missing:deployment_block"", ""missing:prediction_cutoff_block"", ""missing:source_availability_time"", ""missing:runtime_bytecode_hash_at_cutoff"", ""missing:outcome_adjudication_id""]",ethereum:0x6b7a87899490ece95443e979ca9485cbe7e71522,c5c372e3f8f7110c5bbd,,,,,not_resolved_requires_archive_rpc
auctus,defihacklabs,ethereum,14460635,0xe7597f774fd0a15a617894dc39d45a28b97afa4f,,ca2-a6061f6cad3a5884d6d4,2022-03-26,Auctus,Arbitrary Call,src/test/2022-03/Auctus_exp.sol,ethereum,https://github.com/SunWeb3Sec/DeFiHackLabs/blob/main/past/2022/README.md,frozen_public_source_hashed,e7668ddd37e305db9052d4f208bb3b87d1e75956950739d5e9f1fd66f4c26267,f7eac2bb75803bc24ee13d8d49f11db7ecc7b5c5f45fde7d1c6c9cd88fdda442,"[""https://etherscan.io/tx/0x2e7d7e7a6eb157b98974c8687fbd848d0158d37edc1302ea08ee5ddb376befea"", ""https://twitter.com/AuctusOptions/status/1508647849663291398?cxt=HHwWjICzpbzO5e8pAAAA""]","[""0x2e7d7e7a6eb157b98974c8687fbd848d0158d37edc1302ea08ee5ddb376befea""]",,exact_contract_basename,True,True,,,2022-03-26,,,,blocked_missing_onchain_and_availability_evidence,"[""missing:deployment_block"", ""missing:prediction_cutoff_block"", ""missing:source_availability_time"", ""missing:runtime_bytecode_hash_at_cutoff"", ""missing:outcome_adjudication_id""]",ethereum:0xe7597f774fd0a15a617894dc39d45a28b97afa4f,238556cd082f9e38d224,,,,,not_resolved_requires_archive_rpc
paraluni,defihacklabs,bsc,16008280,0x633fa755a83b015cccdc451f82c57ea0bd32b4b4,,ca2-ac986ab36ff83135b05f,2022-03-13,Paraluni,Flashloan & Reentrancy,src/test/2022-03/Paraluni_exp.sol,bsc,https://github.com/SunWeb3Sec/DeFiHackLabs/blob/main/past/2022/README.md,frozen_public_source_hashed,e7668ddd37e305db9052d4f208bb3b87d1e75956950739d5e9f1fd66f4c26267,9afc49f7b502ddc859eb73df6ad44cc8f1978b85a461bd671cda557d2a71d35d,"[""https://bscscan.com/tx/0x70f367b9420ac2654a5223cc311c7f9c361736a39fd4e7dff9ed1b85bab7ad54"", ""https://halborn.com/explained-the-paraluni-hack-march-2022/"", ""https://mobile.twitter.com/paraluni/status/1502951606202994694"", ""https://twitter.com/peckshield/status/1502815435498176514"", ""https://zhuanlan.zhihu.com/p/517535530""]","[""0x70f367b9420ac2654a5223cc311c7f9c361736a39fd4e7dff9ed1b85bab7ad54""]",,exact_contract_basename,True,True,,,2022-03-13,,,,blocked_missing_onchain_and_availability_evidence,"[""missing:deployment_block"", ""missing:prediction_cutoff_block"", ""missing:source_availability_time"", ""missing:runtime_bytecode_hash_at_cutoff"", ""missing:outcome_adjudication_id""]",bsc:0x633fa755a83b015cccdc451f82c57ea0bd32b4b4,c05903363472c5786d25,,,,,not_resolved_requires_archive_rpc
qubit,defihacklabs,ethereum,14090169,0x20e5e35ba29dc3b540a1aee781d0814d5c77bce6,,ca2-ca3ec401a279f9b471a6,2022-01-28,Qubit Finance,Bridge address(0).safeTransferFrom() does not revert,src/test/2022-01/Qubit_exp.sol,mainnet,https://github.com/SunWeb3Sec/DeFiHackLabs/blob/main/past/2022/README.md,frozen_public_source_hashed,e7668ddd37e305db9052d4f208bb3b87d1e75956950739d5e9f1fd66f4c26267,0f00e16a4a5b3ca0999697aa87fe5dca6316af20fddc2f9328ce37176b896972,"[""https://bscscan.com/tx/0x50946e3e4ccb7d39f3512b7ecb75df66e6868b9af0eee8a7e4b61ef8a459518e"", ""https://etherscan.io/address/0xd01ae1a708614948b2b5e0b7ab5be6afa01325c7"", ""https://etherscan.io/tx/0xac7292e7d0ec8ebe1c94203d190874b2aab30592327b6cc875d00f18de6f3133"", ""https://medium.com/@QubitFin/protocol-exploit-report-305c34540fa3"", ""https://rekt.news/qubit-rekt/""]","[""0x50946e3e4ccb7d39f3512b7ecb75df66e6868b9af0eee8a7e4b61ef8a459518e"", ""0xac7292e7d0ec8ebe1c94203d190874b2aab30592327b6cc875d00f18de6f3133""]",,exact_contract_basename,True,True,,,2022-01-28,,,,blocked_missing_onchain_and_availability_evidence,"[""missing:deployment_block"", ""missing:prediction_cutoff_block"", ""missing:source_availability_time"", ""missing:runtime_bytecode_hash_at_cutoff"", ""missing:outcome_adjudication_id""]",ethereum:0x20e5e35ba29dc3b540a1aee781d0814d5c77bce6,ec574eb0d85237f113fa,,,,,not_resolved_requires_archive_rpc
revest,defihacklabs,ethereum,14465356,0x2320a28f52334d62622cc2eafa15de55f9987ed9,,ca2-e75c05f94545176def00,2022-03-27,Revest Finance,Reentrancy,src/test/2022-03/Revest_exp.sol,ethereum,https://github.com/SunWeb3Sec/DeFiHackLabs/blob/main/past/2022/README.md,frozen_public_source_hashed,e7668ddd37e305db9052d4f208bb3b87d1e75956950739d5e9f1fd66f4c26267,88ae5e0c370c7e71164bf483fef14d13427ddda22572679a18b40123ff9d504d,"[""https://blocksecteam.medium.com/revest-finance-vulnerabilities-more-than-re-entrancy-1609957b742f"", ""https://etherscan.io/tx/0xe0b0c2672b760bef4e2851e91c69c8c0ad135c6987bbf1f43f5846d89e691428""]","[""0xe0b0c2672b760bef4e2851e91c69c8c0ad135c6987bbf1f43f5846d89e691428""]",,exact_contract_basename,True,True,,,2022-03-27,,,,blocked_missing_onchain_and_availability_evidence,"[""missing:deployment_block"", ""missing:prediction_cutoff_block"", ""missing:source_availability_time"", ""missing:runtime_bytecode_hash_at_cutoff"", ""missing:outcome_adjudication_id""]",ethereum:0x2320a28f52334d62622cc2eafa15de55f9987ed9,bb20bfcd08554a2975f8,,,,,not_resolved_requires_archive_rpc
umbrella,defihacklabs,ethereum,14421983,0xb3fb1d01b07a706736ca175f827e4f56021b85de,,ca2-e6ddbcb4d936397b6ffe,2022-03-20,Umbrella Network,Underflow,src/test/2022-03/Umbrella_exp.sol,ethereum,https://github.com/SunWeb3Sec/DeFiHackLabs/blob/main/past/2022/README.md,frozen_public_source_hashed,e7668ddd37e305db9052d4f208bb3b87d1e75956950739d5e9f1fd66f4c26267,d2b545485a2576c627b6163d1b888de767cc3eb51fb52f4e390490d24c8d9900,"[""https://etherscan.io/tx/0x33479bcfbc792aa0f8103ab0d7a3784788b5b0e1467c81ffbed1b7682660b4fa"", ""https://medium.com/uno-re/umbrella-network-hacked-700k-lost-97285b69e8c7""]","[""0x33479bcfbc792aa0f8103ab0d7a3784788b5b0e1467c81ffbed1b7682660b4fa""]",,exact_contract_basename,True,True,,,2022-03-20,,,,blocked_missing_onchain_and_availability_evidence,"[""missing:deployment_block"", ""missing:prediction_cutoff_block"", ""missing:source_availability_time"", ""missing:runtime_bytecode_hash_at_cutoff"", ""missing:outcome_adjudication_id""]",ethereum:0xb3fb1d01b07a706736ca175f827e4f56021b85de,a7ff75bd311126534226,,,,,not_resolved_requires_archive_rpc
cream_2,defihacklabs,ethereum,13499797,0x3d5bc3c8d13dcb8bf317092d84783c2697ae9258,shanghai,ca2-2f808fc768214bcb9f7d,2021-10-27,CreamFinance,Price Manipulation,src/test/2021-10/Cream_2_exp.sol,mainnet,https://github.com/SunWeb3Sec/DeFiHackLabs/blob/main/past/2021/README.md,frozen_public_source_hashed,93b19197192b409cf7360b9bfa564d474da5a115f9bf279a5b8cc61093dadab6,1d701117ac3bc86137daa8d8de96c3bae95c064e19be5ee80d1e5ebbfb1bb0ae,"[""https://medium.com/immunefi/hack-analysis-cream-finance-oct-2021-fc222d913fc5""]",[],,exact_contract_basename,True,True,,,2021-10-27,,,,blocked_missing_onchain_and_availability_evidence,"[""missing:deployment_block"", ""missing:prediction_cutoff_block"", ""missing:source_availability_time"", ""missing:runtime_bytecode_hash_at_cutoff"", ""missing:outcome_adjudication_id""]",ethereum:0x3d5bc3c8d13dcb8bf317092d84783c2697ae9258,5449ffd4f95c2b1818ae,,,,,not_resolved_requires_archive_rpc
akutarnft,defihacklabs,ethereum,14636844,0xf42c318dbfbaab0eee040279c6a2588fa01a961d,,ca2-8c2839dc60456ec95380,2022-04-23,Akutar NFT,Denial of Service,src/test/2022-04/AkutarNFT_exp.sol,ethereum,https://github.com/SunWeb3Sec/DeFiHackLabs/blob/main/past/2022/README.md,frozen_public_source_hashed,e7668ddd37e305db9052d4f208bb3b87d1e75956950739d5e9f1fd66f4c26267,9d1f7e9a307cec973ffd61b64f153f67af7aefa72480ca01dd85649d26d626e7,"[""https://blocksecteam.medium.com/how-akutar-nft-loses-34m-usd-60d6cb053dff"", ""https://etherscan.io/address/0xf42c318dbfbaab0eee040279c6a2588fa01a961d#code""]",[],,exact_contract_basename,True,True,,,2022-04-23,,,,blocked_missing_onchain_and_availability_evidence,"[""missing:deployment_block"", ""missing:prediction_cutoff_block"", ""missing:source_availability_time"", ""missing:runtime_bytecode_hash_at_cutoff"", ""missing:outcome_adjudication_id""]",ethereum:0xf42c318dbfbaab0eee040279c6a2588fa01a961d,192394b6ee8b38ab0bc4,,,,,not_resolved_requires_archive_rpc
rikkei,defihacklabs,bsc,16956474,0xd55f01b4b51b7f48912cd8ca3cdd8070a1a9dba5,,ca2-cc09312220e115bde016,2022-04-15,Rikkei Finance,Access control & Price Oracle Manipulation,src/test/2022-04/Rikkei_exp.sol,bsc,https://github.com/SunWeb3Sec/DeFiHackLabs/blob/main/past/2022/README.md,frozen_public_source_hashed,e7668ddd37e305db9052d4f208bb3b87d1e75956950739d5e9f1fd66f4c26267,c85629486d43f7118174c99849721d472720c1f818639919c84a8eb795cc1a25,"[""https://blockmagnates.com/rikkei-finance-hack/"", ""https://bscscan.com/tx/0x93a9b022df260f1953420cd3e18789e7d1e095459e36fe2eb534918ed1687492"", ""https://knownseclab.com/news/625e865cf1c544005a4bdaf2"", ""https://rikkeifinance.medium.com/rikkei-finance-incident-investigation-report-b5b1745b0155""]","[""0x93a9b022df260f1953420cd3e18789e7d1e095459e36fe2eb534918ed1687492""]",,exact_contract_basename,True,True,,,2022-04-15,,,,blocked_missing_onchain_and_availability_evidence,"[""missing:deployment_block"", ""missing:prediction_cutoff_block"", ""missing:source_availability_time"", ""missing:runtime_bytecode_hash_at_cutoff"", ""missing:outcome_adjudication_id""]",bsc:0xd55f01b4b51b7f48912cd8ca3cdd8070a1a9dba5,773e6a602675642c793d,,,,,not_resolved_requires_archive_rpc
gym_1,defihacklabs,bsc,16798806,0x1befe6f3f0e8edd2d4d15cae97baee01e51ea4a4,,ca2-2c7f349f1a1765272f4b,2022-04-09,GYMNetwork,Flashloan + token migrate flaw,src/test/2022-04/Gym_1_exp.sol,bsc,https://github.com/SunWeb3Sec/DeFiHackLabs/blob/main/past/2022/README.md,frozen_public_source_hashed,e7668ddd37e305db9052d4f208bb3b87d1e75956950739d5e9f1fd66f4c26267,f06c052bbed028dedfbce1e3573459fba13ecb030f95eeb27b06eaae14b9c7cb,"[""https://bscscan.com/tx/0xa5b0246f2f8d238bb56c0ddb500b04bbe0c30db650e06a41e00b6a0fff11a7e5"", ""https://medium.com/@Beosin_com/beosin-analysis-of-the-attack-on-gymdefi-e5a23bfd93fe"", ""https://twitter.com/BlockSecTeam/status/1512832398643265537""]","[""0xa5b0246f2f8d238bb56c0ddb500b04bbe0c30db650e06a41e00b6a0fff11a7e5""]",,exact_contract_basename,True,True,,,2022-04-09,,,,blocked_missing_onchain_and_availability_evidence,"[""missing:deployment_block"", ""missing:prediction_cutoff_block"", ""missing:source_availability_time"", ""missing:runtime_bytecode_hash_at_cutoff"", ""missing:outcome_adjudication_id""]",bsc:0x1befe6f3f0e8edd2d4d15cae97baee01e51ea4a4,d679531dbb25638ee1fd,,,,,not_resolved_requires_archive_rpc
cftoken,defihacklabs,bsc,16841980,0x8b7218cf6ac641382d7c723de8aa173e98a80196,,ca2-9975357170a08c396c9a,2022-04-11,Creat Future,Overflow,src/test/2022-04/cftoken_exp.sol,bsc,https://github.com/SunWeb3Sec/DeFiHackLabs/blob/main/past/2022/README.md,frozen_public_source_hashed,e7668ddd37e305db9052d4f208bb3b87d1e75956950739d5e9f1fd66f4c26267,ef7aed77f0e27a0eba086a9d55b0a8defb7987fbb448c069472426995eb8aa43,"[""https://bscscan.com/tx/0xc7647406542f8f2473a06fea142d223022370aa5722c044c2b7ea030b8965dd0"", ""https://twitter.com/BlockSecTeam/status/1556497016016228358""]","[""0xc7647406542f8f2473a06fea142d223022370aa5722c044c2b7ea030b8965dd0""]",,exact_contract_basename,True,True,,,2022-04-11,,,,blocked_missing_onchain_and_availability_evidence,"[""missing:deployment_block"", ""missing:prediction_cutoff_block"", ""missing:source_availability_time"", ""missing:runtime_bytecode_hash_at_cutoff"", ""missing:outcome_adjudication_id""]",bsc:0x8b7218cf6ac641382d7c723de8aa173e98a80196,7caf7173214377294006,,,,,not_resolved_requires_archive_rpc
rari,defihacklabs,ethereum,14684813,0x3f2d1bc6d02522dbcdb216b2e75edddafe04b16f,,ca2-332ccdc5e82202082265,2022-04-30,Rari Capital/Fei Protocol,Flashloan Attack + Reentrancy,src/test/2022-04/Rari_exp.sol,ethereum,https://github.com/SunWeb3Sec/DeFiHackLabs/blob/main/past/2022/README.md,frozen_public_source_hashed,e7668ddd37e305db9052d4f208bb3b87d1e75956950739d5e9f1fd66f4c26267,bfdd6ad4dd398e473d0b99c4932aea070edf3d71517f6371def560e0ba3e6421,"[""https://certik.medium.com/fei-protocol-incident-analysis-8527440696cc"", ""https://etherscan.io/tx/0xab486012f21be741c9e674ffda227e30518e8a1e37a5f1d58d0b0d41f6e76530"", ""https://twitter.com/peckshield/status/1520369315698016256""]","[""0xab486012f21be741c9e674ffda227e30518e8a1e37a5f1d58d0b0d41f6e76530""]",,exact_contract_basename,True,True,,,2022-04-30,,,,blocked_missing_onchain_and_availability_evidence,"[""missing:deployment_block"", ""missing:prediction_cutoff_block"", ""missing:source_availability_time"", ""missing:runtime_bytecode_hash_at_cutoff"", ""missing:outcome_adjudication_id""]",ethereum:0x3f2d1bc6d02522dbcdb216b2e75edddafe04b16f,135d2101edb76ca43bb2,,,,,not_resolved_requires_archive_rpc
wdoge,defihacklabs,bsc,17248705,0x46ba8a59f4863bd20a066fd985b163235425b5f9,,ca2-76e88e5b8b6fbabe3012,2022-04-24,Wiener DOGE,Flashloan,src/test/2022-04/Wdoge_exp.sol,bsc,https://github.com/SunWeb3Sec/DeFiHackLabs/blob/main/past/2022/README.md,frozen_public_source_hashed,e7668ddd37e305db9052d4f208bb3b87d1e75956950739d5e9f1fd66f4c26267,e3d5bf554f1f7886a068cfb63775d3ac3b2f0d2a810d5c9a10348df718f2eaaa,"[""https://bscscan.com/tx/0x4f2005e3815c15d1a9abd8588dd1464769a00414a6b7adcbfd75a5331d378e1d"", ""https://coinyuppie.com/four-combinations-of-hackers-analysis-of-attacks-on-wiener-doge-last-kilometer-medamon-and-pidao-projects/"", ""https://twitter.com/solid_group_1/status/1519034573354676224""]","[""0x4f2005e3815c15d1a9abd8588dd1464769a00414a6b7adcbfd75a5331d378e1d""]",,exact_contract_basename,True,True,,,2022-04-24,,,,blocked_missing_onchain_and_availability_evidence,"[""missing:deployment_block"", ""missing:prediction_cutoff_block"", ""missing:source_availability_time"", ""missing:runtime_bytecode_hash_at_cutoff"", ""missing:outcome_adjudication_id""]",bsc:0x46ba8a59f4863bd20a066fd985b163235425b5f9,03927f66492562825779,,,,,not_resolved_requires_archive_rpc
zeed,defihacklabs,bsc,17132514,0xe7748fce1d1e2f2fd2dddb5074bd074745dda8ea,,ca2-8accf6f062f57db1f918,2022-04-21,Zeed Finance,Incorrect calculation,src/test/2022-04/Zeed_exp.sol,bsc,https://github.com/SunWeb3Sec/DeFiHackLabs/blob/main/past/2022/README.md,frozen_public_source_hashed,e7668ddd37e305db9052d4f208bb3b87d1e75956950739d5e9f1fd66f4c26267,10d5d85a1d88c996ee2a736abc651bf9c2c782d201e43cea87beaefff942724f,"[""https://bscscan.com/tx/0x0507476234193a9a5c7ae2c47e4c4b833a7c3923cefc6fd7667b72f3ca3fa83a"", ""https://medium.com/@zeedcommunity/the-solution-for-the-yeed-lp-pool-attack-a120c53948cd"", ""https://www.cryptotimes.io/hacker-leaves-1m-to-self-destruct-after-zeed-protocol-exploit/""]","[""0x0507476234193a9a5c7ae2c47e4c4b833a7c3923cefc6fd7667b72f3ca3fa83a""]",,exact_contract_basename,True,True,,,2022-04-21,,,,blocked_missing_onchain_and_availability_evidence,"[""missing:deployment_block"", ""missing:prediction_cutoff_block"", ""missing:source_availability_time"", ""missing:runtime_bytecode_hash_at_cutoff"", ""missing:outcome_adjudication_id""]",bsc:0xe7748fce1d1e2f2fd2dddb5074bd074745dda8ea,fbfdf83fd8bfb471cb37,,,,,not_resolved_requires_archive_rpc
bayc_apecoin,defihacklabs,ethereum,14403948,0x025c6da5bd0e6a5dd1350fda9e3b6a614b205a1f,,ca2-3ec8cb61677cb453af73,2022-05-17,ApeCoin (APE),Flashloan,src/test/2022-05/Bayc_apecoin_exp.sol,ethereum,https://github.com/SunWeb3Sec/DeFiHackLabs/blob/main/past/2022/README.md,frozen_public_source_hashed,e7668ddd37e305db9052d4f208bb3b87d1e75956950739d5e9f1fd66f4c26267,5fea314c8aa1c5d6be50e46582b4cd6e7c251019ff21bba772a724bf355614ca,"[""https://etherscan.io/tx/0xeb8c3bebed11e2e4fcd30cbfc2fb3c55c4ca166003c7f7d319e78eaab9747098"", ""https://news.coincu.com/73892-the-flashloan-attack-on-the-ape-airdrop-to-claim-1-1-million-of-ape-tokens/""]","[""0xeb8c3bebed11e2e4fcd30cbfc2fb3c55c4ca166003c7f7d319e78eaab9747098""]",,exact_contract_basename,True,True,,,2022-05-17,,,,blocked_missing_onchain_and_availability_evidence,"[""missing:deployment_block"", ""missing:prediction_cutoff_block"", ""missing:source_availability_time"", ""missing:runtime_bytecode_hash_at_cutoff"", ""missing:outcome_adjudication_id""]",ethereum:0x025c6da5bd0e6a5dd1350fda9e3b6a614b205a1f,868c06ff5254daa9a471,,,,,not_resolved_requires_archive_rpc
saddle,defihacklabs,ethereum,14684306,0x824dcd7b044d60df2e89b1bb888e66d8bcf41491,,ca2-c9253cf4e2d235460157,2022-04-30,Saddle Finance,Swap Metapool Attack,src/test/2022-04/Saddle_exp.sol,mainnet,https://github.com/SunWeb3Sec/DeFiHackLabs/blob/main/past/2022/README.md,frozen_public_source_hashed,e7668ddd37e305db9052d4f208bb3b87d1e75956950739d5e9f1fd66f4c26267,cd185764b578e3785166a873b0e69b31c47f673aecf81d03316fdb06e58094be,"[""https://github.com/Hephyrius/Immuni-Saddle-POC"", ""https://medium.com/immunefi/hack-analysis-saddle-finance-april-2022-f2bcb119f38"", ""https://twitter.com/peckshield/status/1520330006710616064""]",[],$10 million,exact_contract_basename,True,True,,,2022-04-30,,,,blocked_missing_onchain_and_availability_evidence,"[""missing:deployment_block"", ""missing:prediction_cutoff_block"", ""missing:source_availability_time"", ""missing:runtime_bytecode_hash_at_cutoff"", ""missing:outcome_adjudication_id""]",ethereum:0x824dcd7b044d60df2e89b1bb888e66d8bcf41491,ee5eff5adb5c08ac3471,,,,,not_resolved_requires_archive_rpc
discover,defihacklabs,bsc,18446845,0xe732a7bd6706cbd6834b300d7c56a8d2096723a7,,ca2-59b9ab9a48493aa5ebce,2022-06-06,Discover,Flashloan & Price Oracle Manipulation,src/test/2022-06/Discover_exp.sol,bsc,https://github.com/SunWeb3Sec/DeFiHackLabs/blob/main/past/2022/README.md,frozen_public_source_hashed,e7668ddd37e305db9052d4f208bb3b87d1e75956950739d5e9f1fd66f4c26267,1bbd267da672f036dcb9cc6a5ccfd9125e402490153ded9ee9e6077892e33b65,"[""https://bscscan.com/tx/0x1dd4989052f69cd388f4dfbeb1690a3f3a323ebb73df816e5ef2466dc98fa4a4"", ""https://bscscan.com/tx/0x8a33a1f8c7af372a9c81ede9e442114f0aabb537e5c3a22c0fd7231c4820f1e9"", ""https://www.anquanke.com/post/id/274003"", ""https://www.twitter.com/BeosinAlert/status/1533734518623899648""]","[""0x1dd4989052f69cd388f4dfbeb1690a3f3a323ebb73df816e5ef2466dc98fa4a4"", ""0x8a33a1f8c7af372a9c81ede9e442114f0aabb537e5c3a22c0fd7231c4820f1e9""]",,exact_contract_basename,True,True,,,2022-06-06,,,,blocked_missing_onchain_and_availability_evidence,"[""missing:deployment_block"", ""missing:prediction_cutoff_block"", ""missing:source_availability_time"", ""missing:runtime_bytecode_hash_at_cutoff"", ""missing:outcome_adjudication_id""]",bsc:0xe732a7bd6706cbd6834b300d7c56a8d2096723a7,c4198dbcd5a37c0681fb,,,,,not_resolved_requires_archive_rpc
hackdao,defihacklabs,bsc,18073756,0x94e06c77b02ade8341489ab9a23451f68c13ec1c,,ca2-36def0144d519bbc5d86,2022-05-24,HackDao,Skim token balance,src/test/2022-05/HackDao_exp.sol,bsc,https://github.com/SunWeb3Sec/DeFiHackLabs/blob/main/past/2022/README.md,frozen_public_source_hashed,e7668ddd37e305db9052d4f208bb3b87d1e75956950739d5e9f1fd66f4c26267,7d0cc52ff2fd2f99672ff48476b9c21fa5a99820b342fed48eb46b2a5acba657,"[""https://twitter.com/BlockSecTeam/status/1529084919976034304""]",[],,exact_contract_basename,True,True,,,2022-05-24,,,,blocked_missing_onchain_and_availability_evidence,"[""missing:deployment_block"", ""missing:prediction_cutoff_block"", ""missing:source_availability_time"", ""missing:runtime_bytecode_hash_at_cutoff"", ""missing:outcome_adjudication_id""]",bsc:0x94e06c77b02ade8341489ab9a23451f68c13ec1c,ac176f085164f20f5dd4,,,,,not_resolved_requires_archive_rpc
inversefinance,defihacklabs,ethereum,14972418,0x7fcb7dac61ee35b3d4a51117a7c58d53f0a8a670,,ca2-de6d0211681a69ea1f52,2022-06-16,InverseFinance,Flashloan & Price Oracle Manipulation,src/test/2022-06/InverseFinance_exp.sol,ethereum,https://github.com/SunWeb3Sec/DeFiHackLabs/blob/main/past/2022/README.md,frozen_public_source_hashed,e7668ddd37e305db9052d4f208bb3b87d1e75956950739d5e9f1fd66f4c26267,565fe7dc83f785bb37b0d4a80b20879d5d6d810a44db5cf0bb79ed142b3743ba,"[""https://blocksecteam.medium.com/price-oracle-manipulation-attack-on-inverse-finance-a5544218ea91"", ""https://etherscan.io/tx/0x958236266991bc3fe3b77feaacea120f172c0708ad01c7a715b255f218f9313c"", ""https://twitter.com/SlowMist_Team/status/1537602909512376321"", ""https://twitter.com/peckshield/status/1537382891230883841"", ""https://www.certik.com/resources/blog/6LbL57WA3iMNm8zd7q111R-inverse-finance-incident-analysis""]","[""0x958236266991bc3fe3b77feaacea120f172c0708ad01c7a715b255f218f9313c""]",,exact_contract_basename,True,True,,,2022-06-16,,,,blocked_missing_onchain_and_availability_evidence,"[""missing:deployment_block"", ""missing:prediction_cutoff_block"", ""missing:source_availability_time"", ""missing:runtime_bytecode_hash_at_cutoff"", ""missing:outcome_adjudication_id""]",ethereum:0x7fcb7dac61ee35b3d4a51117a7c58d53f0a8a670,471ed2c80cd3323865bf,,,,,not_resolved_requires_archive_rpc
gym_2,defihacklabs,bsc,18501049,0xa8987285e100a8b557f06a7889f79e0064b359f2,,ca2-a20ccf47b4d8c4cfab79,2022-06-08,GYMNetwork,Accesscontrol,src/test/2022-06/Gym_2_exp.sol,bsc,https://github.com/SunWeb3Sec/DeFiHackLabs/blob/main/past/2022/README.md,frozen_public_source_hashed,e7668ddd37e305db9052d4f208bb3b87d1e75956950739d5e9f1fd66f4c26267,8fcc505a028f0a841ea7fbcb5965f7ef30463ae7e5022b0723605c4461c74cdf,"[""https://twitter.com/1nf0s3cpt/status/1534464698069884929"", ""https://twitter.com/peckshield/status/1534423219607719936"", ""https://www.jinse.com/news/blockchain/1658455.html""]",[],,exact_contract_basename,True,True,,,2022-06-08,,,,blocked_missing_onchain_and_availability_evidence,"[""missing:deployment_block"", ""missing:prediction_cutoff_block"", ""missing:source_availability_time"", ""missing:runtime_bytecode_hash_at_cutoff"", ""missing:outcome_adjudication_id""]",bsc:0xa8987285e100a8b557f06a7889f79e0064b359f2,3f2dffbc769906c7de4e,,,,,not_resolved_requires_archive_rpc
flippazone,defihacklabs,ethereum,15083765,0xe85a08cf316f695ebe7c13736c8cc38a7cc3e944,,ca2-a5a309e0af5cc1aa7b9b,2022-07-06,FlippazOne NFT,Accesscontrol,src/test/2022-07/FlippazOne.sol,ethereum,https://github.com/SunWeb3Sec/DeFiHackLabs/blob/main/past/2022/README.md,frozen_public_source_hashed,e7668ddd37e305db9052d4f208bb3b87d1e75956950739d5e9f1fd66f4c26267,9b76e14eedbc5e1e1bb8150fb55eb2ccd8f63a0421870d6a30c18a9bbed3b064,"[""https://etherscan.io/tx/0x8bded20c1db5a1d5f595b15e682a95ce11d3c895d6031147fa49c4ffa5729a30"", ""https://twitter.com/bertcmiller/status/1544496577338826752""]","[""0x8bded20c1db5a1d5f595b15e682a95ce11d3c895d6031147fa49c4ffa5729a30""]",,exact_contract_basename,True,True,,,2022-07-06,,,,blocked_missing_onchain_and_availability_evidence,"[""missing:deployment_block"", ""missing:prediction_cutoff_block"", ""missing:source_availability_time"", ""missing:runtime_bytecode_hash_at_cutoff"", ""missing:outcome_adjudication_id""]",ethereum:0xe85a08cf316f695ebe7c13736c8cc38a7cc3e944,424b54754b95188f46c1,,,,,not_resolved_requires_archive_rpc
lpc,defihacklabs,bsc,19852596,0x1e813fa05739bf145c1f182cb950da7af046778d,,ca2-14f7f1899d2468d3cabf,2022-07-25,LPC,"Business Logic Flaw : Incorrect recipient balance check, did not check sender!=recipient in transfer",src/test/2022-07/LPC_exp.sol,bsc,https://github.com/SunWeb3Sec/DeFiHackLabs/blob/main/past/2022/README.md,frozen_public_source_hashed,e7668ddd37e305db9052d4f208bb3b87d1e75956950739d5e9f1fd66f4c26267,965abc2879337609e714a13f9ca4dd468ede665cca9a0a0b1a678d2af876b20c,"[""https://twitter.com/BeosinAlert/status/1551535854681718784"", ""https://www.panewslab.com/zh_hk/articledetails/uwv4sma2.html""]",[],,exact_contract_basename,True,True,,,2022-07-25,,,,blocked_missing_onchain_and_availability_evidence,"[""missing:deployment_block"", ""missing:prediction_cutoff_block"", ""missing:source_availability_time"", ""missing:runtime_bytecode_hash_at_cutoff"", ""missing:outcome_adjudication_id""]",bsc:0x1e813fa05739bf145c1f182cb950da7af046778d,c64ac53283e4380a75be,,,,,not_resolved_requires_archive_rpc
spacegodzilla,defihacklabs,bsc,19523980,0x2287c04a15bb11ad1358ba5702c1c95e2d13a5e0,,ca2-ee23a7f09f8e25f5c7d9,2022-07-13,SpaceGodzilla,Flashloans & Price Manipulation,src/test/2022-07/SpaceGodzilla_exp.sol,bsc,https://github.com/SunWeb3Sec/DeFiHackLabs/blob/main/past/2022/README.md,frozen_public_source_hashed,e7668ddd37e305db9052d4f208bb3b87d1e75956950739d5e9f1fd66f4c26267,e552b812039f2df36678f729fde98abadeb3c982c781dbc0ebd563f2c12889be,"[""https://learnblockchain.cn/article/4395"", ""https://learnblockchain.cn/article/4396"", ""https://medium.com/numen-cyber-labs/spacegodzilla-attack-event-analysis-d29a061b17e1"", ""https://mobile.twitter.com/BlockSecTeam/status/1547456591900749824""]",[],,exact_contract_basename,True,True,,,2022-07-13,,,,blocked_missing_onchain_and_availability_evidence,"[""missing:deployment_block"", ""missing:prediction_cutoff_block"", ""missing:source_availability_time"", ""missing:runtime_bytecode_hash_at_cutoff"", ""missing:outcome_adjudication_id""]",bsc:0x2287c04a15bb11ad1358ba5702c1c95e2d13a5e0,7b16980ffea16736d623,,,,,not_resolved_requires_archive_rpc
snood,defihacklabs,ethereum,14983660,0xd45740ab9ec920bedbd9bab2e863519e59731941,,ca2-c6799af1babe7f32f44f,2022-06-18,SNOOD,Miscalculation on \_spendAllowance,src/test/2022-06/Snood_exp.sol,ethereum,https://github.com/SunWeb3Sec/DeFiHackLabs/blob/main/past/2022/README.md,frozen_public_source_hashed,e7668ddd37e305db9052d4f208bb3b87d1e75956950739d5e9f1fd66f4c26267,0dd39906bf8cb342ba822987ad463fcd9d4243bb6c670efe79a0943579d39811,"[""https://ethereum.stackexchange.com/questions/130472/attack-on-erc-777-smart-contract-and-uniswapv2pair-resulting-in-104-eth-liquidit"", ""https://etherscan.io/tx/0x9a6227ef97d7ce75732645bd604ef128bb5dfbc1bfbe0966ad1cd2870d45a20e"", ""https://ethtx.info/mainnet/0x9a6227ef97d7ce75732645bd604ef128bb5dfbc1bfbe0966ad1cd2870d45a20e/""]","[""0x9a6227ef97d7ce75732645bd604ef128bb5dfbc1bfbe0966ad1cd2870d45a20e""]",,exact_contract_basename,True,True,,,2022-06-18,,,,blocked_missing_onchain_and_availability_evidence,"[""missing:deployment_block"", ""missing:prediction_cutoff_block"", ""missing:source_availability_time"", ""missing:runtime_bytecode_hash_at_cutoff"", ""missing:outcome_adjudication_id""]",ethereum:0xd45740ab9ec920bedbd9bab2e863519e59731941,799fd9785e2a1aff19d1,,,,,not_resolved_requires_archive_rpc
anch,defihacklabs,bsc,20302534,0xa4f5d4afd6b9226b3004dd276a9f778eb75f2e9e,,ca2-627fce499908ff82ad6d,2022-08-09,ANCH,Skim token balance,src/test/2022-08/ANCH_exp.sol,bsc,https://github.com/SunWeb3Sec/DeFiHackLabs/blob/main/past/2022/README.md,frozen_public_source_hashed,e7668ddd37e305db9052d4f208bb3b87d1e75956950739d5e9f1fd66f4c26267,df8cb6720f717f132b0d1444a83d99966a00010c95622096eabb37d9444fc3c7,"[""https://twitter.com/AnciliaInc/status/1557527183966408706""]",[],,exact_contract_basename,True,True,,,2022-08-09,,,,blocked_missing_onchain_and_availability_evidence,"[""missing:deployment_block"", ""missing:prediction_cutoff_block"", ""missing:source_availability_time"", ""missing:runtime_bytecode_hash_at_cutoff"", ""missing:outcome_adjudication_id""]",bsc:0xa4f5d4afd6b9226b3004dd276a9f778eb75f2e9e,de01859e68e28410ce60,,,,,not_resolved_requires_archive_rpc
audius,defihacklabs,ethereum,15201793,0x4deca517d6817b6510798b7328f2314d3003abac,,ca2-96f82ac8ed9b6f3e4f14,2022-07-23,Audius,Storage Collision & Malicious Proposal,src/test/2022-07/Audius_exp.sol,mainnet,https://github.com/SunWeb3Sec/DeFiHackLabs/blob/main/past/2022/README.md,frozen_public_source_hashed,e7668ddd37e305db9052d4f208bb3b87d1e75956950739d5e9f1fd66f4c26267,c5b1301a7820658065c0a37affe24ed15dfef662bf35206cc1e82edd86b5d1a4,"[""https://blog.audius.co/article/audius-governance-takeover-post-mortem-7-23-22"", ""https://twitter.com/1nf0s3cpt/status/1551050841146400768"", ""https://twitter.com/AudiusProject/status/1551000725169180672""]",[],,frozen_date_override,True,True,,,2022-07-23,,,,blocked_missing_onchain_and_availability_evidence,"[""missing:deployment_block"", ""missing:prediction_cutoff_block"", ""missing:source_availability_time"", ""missing:runtime_bytecode_hash_at_cutoff"", ""missing:outcome_adjudication_id""]",ethereum:0x4deca517d6817b6510798b7328f2314d3003abac,4c2a4b0f8f9581c34a3d,,,,,not_resolved_requires_archive_rpc
etnproduct,defihacklabs,bsc,20147974,0x1292267f726e6f313972ec4e14578735473e1649,,ca2-2d415ee24d090e5e26dc,2022-08-04,EtnProduct,Business Logic Flaw,src/test/2022-08/EtnProduct_exp.sol,bsc,https://github.com/SunWeb3Sec/DeFiHackLabs/blob/main/past/2022/README.md,frozen_public_source_hashed,e7668ddd37e305db9052d4f208bb3b87d1e75956950739d5e9f1fd66f4c26267,7bb776604651c2fab27ed51f637376921f2fdc64f1c691854bdbf1650c2578d2,"[""https://x.com/BeosinAlert/status/1555439220474642432""]",[],,exact_contract_basename,True,True,,,2022-08-04,,,,blocked_missing_onchain_and_availability_evidence,"[""missing:deployment_block"", ""missing:prediction_cutoff_block"", ""missing:source_availability_time"", ""missing:runtime_bytecode_hash_at_cutoff"", ""missing:outcome_adjudication_id""]",bsc:0x1292267f726e6f313972ec4e14578735473e1649,a1df770414a7c5c6036c,,,,,not_resolved_requires_archive_rpc
ddc,defihacklabs,bsc,20840079,0x443195aa3a4357242a7427fc8ce5f20c1e71fcb1,,ca2-001604d480f953df5322,2022-08-28,DDC,Unchecked External Calls,src/test/2022-08/DDC_exp.sol,bsc,https://github.com/SunWeb3Sec/DeFiHackLabs/blob/main/past/2022/README.md,frozen_public_source_hashed,e7668ddd37e305db9052d4f208bb3b87d1e75956950739d5e9f1fd66f4c26267,6c34170b0b225ad4a601adeec68bbfd07c1119ed994bc793ea99e849d14eb665,"[""https://immunebytes.com/blog/ddc-token-hack-aug-28-2022-detailed-analysis/"", ""https://x.com/BeosinAlert/status/1564240190851383302""]",[],,exact_contract_basename,True,True,,,2022-08-28,,,,blocked_missing_onchain_and_availability_evidence,"[""missing:deployment_block"", ""missing:prediction_cutoff_block"", ""missing:source_availability_time"", ""missing:runtime_bytecode_hash_at_cutoff"", ""missing:outcome_adjudication_id""]",bsc:0x443195aa3a4357242a7427fc8ce5f20c1e71fcb1,e2bfc9f079ffc945d810,,,,,not_resolved_requires_archive_rpc
luckytiger,defihacklabs,ethereum,15403430,0x9c87a5726e98f2f404cdd8ac8968e9b2c80c0967,,ca2-da248926cc32b52fc5ad,2022-08-24,LuckyTiger NFT,Predicting Random Numbers,src/test/2022-08/LuckyTiger_exp.sol,ethereum,https://github.com/SunWeb3Sec/DeFiHackLabs/blob/main/past/2022/README.md,frozen_public_source_hashed,e7668ddd37e305db9052d4f208bb3b87d1e75956950739d5e9f1fd66f4c26267,3d054af4b119ee50bc2daeb0461f8a75d3605ce2c395f77fd1d9e96ee4b8b615,"[""https://etherscan.io/tx/0x804ff3801542bff435a5d733f4d8a93a535d73d0de0f843fd979756a7eab26af"", ""https://twitter.com/1nf0s3cpt/status/1576117129589317633""]","[""0x804ff3801542bff435a5d733f4d8a93a535d73d0de0f843fd979756a7eab26af""]",,exact_contract_basename,True,True,,,2022-08-24,,,,blocked_missing_onchain_and_availability_evidence,"[""missing:deployment_block"", ""missing:prediction_cutoff_block"", ""missing:source_availability_time"", ""missing:runtime_bytecode_hash_at_cutoff"", ""missing:outcome_adjudication_id""]",ethereum:0x9c87a5726e98f2f404cdd8ac8968e9b2c80c0967,99004cac101928294149,,,,,not_resolved_requires_archive_rpc
egd_finance,defihacklabs,bsc,20245522,0x34bd6dba456bc31c2b3393e499fa10bed32a9370,,ca2-29064c97bd3050d5cc0b,2022-08-07,EGD Finance,Flashloans & Price Manipulation,src/test/2022-08/EGD_Finance_exp.sol,bsc,https://github.com/SunWeb3Sec/DeFiHackLabs/blob/main/past/2022/README.md,frozen_public_source_hashed,e7668ddd37e305db9052d4f208bb3b87d1e75956950739d5e9f1fd66f4c26267,0a5382e2133b53dbb3e54f8d78724fd6d573222d192fc00b71c5e5519a84aa22,"[""https://twitter.com/BlockSecTeam/status/1556483435388350464"", ""https://twitter.com/PeckShieldAlert/status/1556486817406283776""]",[],,exact_contract_basename,True,True,,,2022-08-07,,,,blocked_missing_onchain_and_availability_evidence,"[""missing:deployment_block"", ""missing:prediction_cutoff_block"", ""missing:source_availability_time"", ""missing:runtime_bytecode_hash_at_cutoff"", ""missing:outcome_adjudication_id""]",bsc:0x34bd6dba456bc31c2b3393e499fa10bed32a9370,e7ed240b8275c133560a,,,,,not_resolved_requires_archive_rpc
badguysbyrpf,defihacklabs,ethereum,15460093,0xb84cbaf116eb90fd445dd5aeadfab3e807d2cbac,,ca2-1dbdc2611cd24dc765b2,2022-09-02,Bad Guys by RPF,Business Logic Flaw : Missing Check For Number of NFT to Mint,src/test/2022-09/BadGuysbyRPF_exp.sol,ethereum,https://github.com/SunWeb3Sec/DeFiHackLabs/blob/main/past/2022/README.md,frozen_public_source_hashed,e7668ddd37e305db9052d4f208bb3b87d1e75956950739d5e9f1fd66f4c26267,f63b98e0b885c4af1e21877846716e2bf1f4fb796d75674c929c382c0a628f82,"[""https://etherscan.io/tx/0x27e64a8215ae1528245c912bcca09883fdd7cce69249bd5d5d1c0eecf5297b96"", ""https://twitter.com/RugDoctorApe/status/1565739119606890498""]","[""0x27e64a8215ae1528245c912bcca09883fdd7cce69249bd5d5d1c0eecf5297b96""]",,exact_contract_basename,True,True,,,2022-09-02,,,,blocked_missing_onchain_and_availability_evidence,"[""missing:deployment_block"", ""missing:prediction_cutoff_block"", ""missing:source_availability_time"", ""missing:runtime_bytecode_hash_at_cutoff"", ""missing:outcome_adjudication_id""]",ethereum:0xb84cbaf116eb90fd445dd5aeadfab3e807d2cbac,a3b1138e004e675a8615,,,,,not_resolved_requires_archive_rpc
xst_2,defihacklabs,ethereum,15310016,0x91383a15c391c142b80045d8b4730c1c37ac0378,,ca2-aa992d5980e00838b209,2022-08-10,XSTABLE Protocol,Incorrect Logic Check,src/test/2022-08/XST_exp.sol,mainnet,https://github.com/SunWeb3Sec/DeFiHackLabs/blob/main/past/2022/README.md,frozen_public_source_hashed,e7668ddd37e305db9052d4f208bb3b87d1e75956950739d5e9f1fd66f4c26267,ac980aa50936e743b521836e95229deb5e03a037f3e51a56bce508ae29842a7c,"[""https://mobile.twitter.com/BlockSecTeam/status/1557195012042936320""]",[],,frozen_date_override,True,True,,,2022-08-10,,,,blocked_missing_onchain_and_availability_evidence,"[""missing:deployment_block"", ""missing:prediction_cutoff_block"", ""missing:source_availability_time"", ""missing:runtime_bytecode_hash_at_cutoff"", ""missing:outcome_adjudication_id""]",ethereum:0x91383a15c391c142b80045d8b4730c1c37ac0378,b33d35c54bcfc42db44c,,,,,not_resolved_requires_archive_rpc
nomadbridge,defihacklabs,ethereum,15259100,0x5d94309e5a0090b165fa4181519701637b6daeba,,ca2-cf529333b32b69e4842e,2022-08-02,Nomad Bridge,Business Logic Flaw : Incorrect acceptable merkle-root checks,src/test/2022-08/NomadBridge_exp.sol,mainnet,https://github.com/SunWeb3Sec/DeFiHackLabs/blob/main/past/2022/README.md,frozen_public_source_hashed,e7668ddd37e305db9052d4f208bb3b87d1e75956950739d5e9f1fd66f4c26267,f0e573be780bf95556815ae6a155d116aa4254dfcd4a7c5269af5861099aa70d,"[""https://blog.coinbase.com/nomad-bridge-incident-analysis-899b425b0f34"", ""https://twitter.com/samczsun/status/1554252024723546112"", ""https://www.certik.com/resources/blog/28fMavD63CpZJOKOjb9DX3-nomad-bridge-exploit-incident-analysis""]",[],,exact_contract_basename,True,True,,,2022-08-02,,,,blocked_missing_onchain_and_availability_evidence,"[""missing:deployment_block"", ""missing:prediction_cutoff_block"", ""missing:source_availability_time"", ""missing:runtime_bytecode_hash_at_cutoff"", ""missing:outcome_adjudication_id""]",ethereum:0x5d94309e5a0090b165fa4181519701637b6daeba,8a55bc015f26194b0b2d,,,,,not_resolved_requires_archive_rpc
bxh,defihacklabs,bsc,21727289,0x27539b1dee647b38e1b987c41c5336b1a8dce663,,ca2-60b7a39b3acbf3ed1937,2022-09-28,BXH,Flashloan & Price Oracle Manipulation,src/test/2022-09/BXH_exp.sol,bsc,https://github.com/SunWeb3Sec/DeFiHackLabs/blob/main/past/2022/README.md,frozen_public_source_hashed,e7668ddd37e305db9052d4f208bb3b87d1e75956950739d5e9f1fd66f4c26267,a1060132f6e66172264c33da043d90c8cc843f22a10c916489986b84d49d9def,"[""https://bscscan.com/tx/0xa13c8c7a0c97093dba3096c88044273c29cebeee109e23622cd412dcca8f50f4"", ""https://www.jinse.com/lives/319392.html""]","[""0xa13c8c7a0c97093dba3096c88044273c29cebeee109e23622cd412dcca8f50f4""]","$40,305",exact_contract_basename,True,True,,,2022-09-28,,,,blocked_missing_onchain_and_availability_evidence,"[""missing:deployment_block"", ""missing:prediction_cutoff_block"", ""missing:source_availability_time"", ""missing:runtime_bytecode_hash_at_cutoff"", ""missing:outcome_adjudication_id""]",bsc:0x27539b1dee647b38e1b987c41c5336b1a8dce663,30fa5163563634abb149,,,,,not_resolved_requires_archive_rpc
dpc,defihacklabs,bsc,21179209,0xb75ca3c3e99747d0e2f6e75a9fbd17f5ac03cebe,,ca2-0aa20008e0303e8a5201,2022-09-09,DPC,Incorrect Reward calculation,src/test/2022-09/DPC_exp.sol,bsc,https://github.com/SunWeb3Sec/DeFiHackLabs/blob/main/past/2022/README.md,frozen_public_source_hashed,e7668ddd37e305db9052d4f208bb3b87d1e75956950739d5e9f1fd66f4c26267,39fdd2dcab396ec29da33a0d4ccb40047cd6e46be431607901546351eb00b22b,"[""https://bscscan.com/address/0x2109bbecB0a563e204985524Dd3DB2F6254AB419"", ""https://learnblockchain.cn/article/4733"", ""https://twitter.com/BeosinAlert/status/1568429355919089664""]",[],,exact_contract_basename,True,True,,,2022-09-09,,,,blocked_missing_onchain_and_availability_evidence,"[""missing:deployment_block"", ""missing:prediction_cutoff_block"", ""missing:source_availability_time"", ""missing:runtime_bytecode_hash_at_cutoff"", ""missing:outcome_adjudication_id""]",bsc:0xb75ca3c3e99747d0e2f6e75a9fbd17f5ac03cebe,26755951ddaf12a369a1,,,,,not_resolved_requires_archive_rpc
shadowfi,defihacklabs,bsc,20969095,0x10bc28d2810dd462e16facff18f78783e859351b,,ca2-742774bf4edd46ad6f87,2022-09-02,ShadowFi,Access Control,src/test/2022-09/Shadowfi_exp.sol,bsc,https://github.com/SunWeb3Sec/DeFiHackLabs/blob/main/past/2022/README.md,frozen_public_source_hashed,e7668ddd37e305db9052d4f208bb3b87d1e75956950739d5e9f1fd66f4c26267,2674bd359af18771b2693c9eb18c461d64e49e1bff2cb37031a9c1f7353fce91,"[""https://bscscan.com/tx/0xe30dc75253eecec3377e03c532aa41bae1c26909bc8618f21fb83d4330a01018"", ""https://twitter.com/PeckShieldAlert/status/1565549688509861888""]","[""0xe30dc75253eecec3377e03c532aa41bae1c26909bc8618f21fb83d4330a01018""]",,exact_contract_basename,True,True,,,2022-09-02,,,,blocked_missing_onchain_and_availability_evidence,"[""missing:deployment_block"", ""missing:prediction_cutoff_block"", ""missing:source_availability_time"", ""missing:runtime_bytecode_hash_at_cutoff"", ""missing:outcome_adjudication_id""]",bsc:0x10bc28d2810dd462e16facff18f78783e859351b,66a0191fa73775a943c7,,,,,not_resolved_requires_archive_rpc
atk,defihacklabs,bsc,22102838,0x9cb928bf50ed220ac8f703bce35be5ce7f56c99c,,ca2-8f02fa85c8202388bdf3,2022-10-12,ATK,FlashLoan manipulate price,src/test/2022-10/ATK_exp.sol,bsc,https://github.com/SunWeb3Sec/DeFiHackLabs/blob/main/past/2022/README.md,frozen_public_source_hashed,e7668ddd37e305db9052d4f208bb3b87d1e75956950739d5e9f1fd66f4c26267,c060298c8207aea642918805b16e34a6388f1cdff91137616c2376ab65aefa7f,"[""https://twitter.com/BlockSecTeam/status/1580095325200474112""]",[],~127K BUSD,exact_contract_basename,True,True,,,2022-10-12,,,,blocked_missing_onchain_and_availability_evidence,"[""missing:deployment_block"", ""missing:prediction_cutoff_block"", ""missing:source_availability_time"", ""missing:runtime_bytecode_hash_at_cutoff"", ""missing:outcome_adjudication_id""]",bsc:0x9cb928bf50ed220ac8f703bce35be5ce7f56c99c,4ebeb90046a9a890e3a9,,,,,not_resolved_requires_archive_rpc
bego,defihacklabs,bsc,22315679,0xc342774492b54ce5f8ac662113ed702fc1b34972,,ca2-8ad0e7849cd27bf47eab,2022-10-20,BEGO,Incorrect signature verification,src/test/2022-10/BEGO_exp.sol,bsc,https://github.com/SunWeb3Sec/DeFiHackLabs/blob/main/past/2022/README.md,frozen_public_source_hashed,e7668ddd37e305db9052d4f208bb3b87d1e75956950739d5e9f1fd66f4c26267,58e9a445670a0e0c48d6d59284a10a8d17e71910bd1fb01d740c18be48ca6e61,"[""https://twitter.com/AnciliaInc/status/1582828751250784256"", ""https://twitter.com/peckshield/status/1582892058800685058""]",[],,exact_contract_basename,True,True,,,2022-10-20,,,,blocked_missing_onchain_and_availability_evidence,"[""missing:deployment_block"", ""missing:prediction_cutoff_block"", ""missing:source_availability_time"", ""missing:runtime_bytecode_hash_at_cutoff"", ""missing:outcome_adjudication_id""]",bsc:0xc342774492b54ce5f8ac662113ed702fc1b34972,31d54bf77584d1791940,,,,,not_resolved_requires_archive_rpc
babyswap,defihacklabs,bsc,21811979,0x5c9f1a9ced41ccc5dcecda5afc317b72f1e49636,,ca2-e5a8dccafb3c4f63fdb2,2022-10-01,BabySwap,Parameter Access Control,src/test/2022-10/BabySwap_exp.sol,bsc,https://github.com/SunWeb3Sec/DeFiHackLabs/blob/main/past/2022/README.md,frozen_public_source_hashed,e7668ddd37e305db9052d4f208bb3b87d1e75956950739d5e9f1fd66f4c26267,648b0e42186edd74db255dcbf89e94b86ef3204992ab4ef6515281ec8cb35351,"[""https://twitter.com/BlockSecTeam/status/1576441612812836865""]",[],,exact_contract_basename,True,True,,,2022-10-01,,,,blocked_missing_onchain_and_availability_evidence,"[""missing:deployment_block"", ""missing:prediction_cutoff_block"", ""missing:source_availability_time"", ""missing:runtime_bytecode_hash_at_cutoff"", ""missing:outcome_adjudication_id""]",bsc:0x5c9f1a9ced41ccc5dcecda5afc317b72f1e49636,f3e83517d2df63b38988,,,,,not_resolved_requires_archive_rpc
roi,defihacklabs,bsc,21143795,0xe48b75dc1b131fd3a8364b0580f76efd04cf6e9c,,ca2-3b0aac1754ae5d74f870,2022-09-08,Ragnarok Online Invasion,Broken Access Control,src/test/2022-09/ROI_exp.sol,bsc,https://github.com/SunWeb3Sec/DeFiHackLabs/blob/main/past/2022/README.md,frozen_public_source_hashed,e7668ddd37e305db9052d4f208bb3b87d1e75956950739d5e9f1fd66f4c26267,bccbb202669b05e37194493de31af6ac45210bb1e2e41b89b2e016ed27d84076,"[""https://medium.com/quillhash/decoding-ragnarok-online-invasion-44k-exploit-quillaudits-261b7e23b55"", ""https://twitter.com/BlockSecTeam/status/1567746825616236544"", ""https://twitter.com/CertiKAlert/status/1567754904663429123"", ""https://www.panewslab.com/zh_hk/articledetails/mbzalpdi.html""]",[],,exact_contract_basename,True,True,,,2022-09-08,,,,blocked_missing_onchain_and_availability_evidence,"[""missing:deployment_block"", ""missing:prediction_cutoff_block"", ""missing:source_availability_time"", ""missing:runtime_bytecode_hash_at_cutoff"", ""missing:outcome_adjudication_id""]",bsc:0xe48b75dc1b131fd3a8364b0580f76efd04cf6e9c,98a8bee796ec6e7e574e,,,,,not_resolved_requires_archive_rpc
thb,defihacklabs,bsc,21785004,0xae191ca19f0f8e21d754c6cab99107ed62b6fe53,,ca2-997649be77b639049862,2022-10-01,Thunder Brawl,Reentrancy,src/test/2022-09/THB_exp.sol,bsc,https://github.com/SunWeb3Sec/DeFiHackLabs/blob/main/past/2022/README.md,frozen_public_source_hashed,e7668ddd37e305db9052d4f208bb3b87d1e75956950739d5e9f1fd66f4c26267,7dca945bd8148fff011da7673f1abf279d12de9422033958c42671c508a3d844,"[""https://bscscan.com/tx/0x57aa9c85e03eb25ac5d94f15f22b3ba3ab2ef60b603b97ae76f855072ea9e3a0"", ""https://twitter.com/peckshield/status/1575890733373849601""]","[""0x57aa9c85e03eb25ac5d94f15f22b3ba3ab2ef60b603b97ae76f855072ea9e3a0""]",,exact_contract_basename,True,True,,,2022-10-01,,,,blocked_missing_onchain_and_availability_evidence,"[""missing:deployment_block"", ""missing:prediction_cutoff_block"", ""missing:source_availability_time"", ""missing:runtime_bytecode_hash_at_cutoff"", ""missing:outcome_adjudication_id""]",bsc:0xae191ca19f0f8e21d754c6cab99107ed62b6fe53,28d7a0c7d179df438778,,,,,not_resolved_requires_archive_rpc
carrot,defihacklabs,bsc,22055611,0xcff086ead392ccb39c49ecda8c974ad5238452ac,,ca2-f6ff26fef2c7c8239a54,2022-10-10,Carrot,Public functionCall,src/test/2022-10/Carrot_exp.sol,bsc,https://github.com/SunWeb3Sec/DeFiHackLabs/blob/main/past/2022/README.md,frozen_public_source_hashed,e7668ddd37e305db9052d4f208bb3b87d1e75956950739d5e9f1fd66f4c26267,4d96e3a73a95448bc7213d2d443106421b0f7cd0bbcc86d258822892334817da,"[""https://bscscan.com/tx/0xa624660c29ee97f3f4ebd36232d8199e7c97533c9db711fa4027994aa11e01b9"", ""https://twitter.com/BlockSecTeam/status/1579908411235237888""]","[""0xa624660c29ee97f3f4ebd36232d8199e7c97533c9db711fa4027994aa11e01b9""]","31,318 BUSDT",exact_contract_basename,True,True,,,2022-10-10,,,,blocked_missing_onchain_and_availability_evidence,"[""missing:deployment_block"", ""missing:prediction_cutoff_block"", ""missing:source_availability_time"", ""missing:runtime_bytecode_hash_at_cutoff"", ""missing:outcome_adjudication_id""]",bsc:0xcff086ead392ccb39c49ecda8c974ad5238452ac,cb262c3db8181b1af070,,,,,not_resolved_requires_archive_rpc
eflevervault,defihacklabs,ethereum,15746199,0xe39fd820b58f83205db1d9225f28105971c3d309,,ca2-5c189b8bf9f7db29dd4e,2022-10-14,EFLeverVault,Verify flashLoan Callback,src/test/2022-10/EFLeverVault_exp.sol,mainnet,https://github.com/SunWeb3Sec/DeFiHackLabs/blob/main/past/2022/README.md,frozen_public_source_hashed,e7668ddd37e305db9052d4f208bb3b87d1e75956950739d5e9f1fd66f4c26267,954dd3cff81e5096a937ca6ce685065912b871c4db14ebce49c6bec99fd6db35,"[""https://twitter.com/MevRefund/status/1580917351217627136"", ""https://twitter.com/Supremacy_CA/status/1581012823701786624"", ""https://twitter.com/danielvf/status/1580936010556661761""]",[],750 ETH,exact_contract_basename,True,True,,,2022-10-14,,,,blocked_missing_onchain_and_availability_evidence,"[""missing:deployment_block"", ""missing:prediction_cutoff_block"", ""missing:source_availability_time"", ""missing:runtime_bytecode_hash_at_cutoff"", ""missing:outcome_adjudication_id""]",ethereum:0xe39fd820b58f83205db1d9225f28105971c3d309,b0102629bf85306d3951,,,,,not_resolved_requires_archive_rpc
health,defihacklabs,bsc,22337425,0x32b166e082993af6598a89397e82e123ca44e74e,,ca2-024816e85dcbd941c181,2022-10-20,HEALTH,Transfer Logic Flaw,src/test/2022-10/HEALTH_exp.sol,bsc,https://github.com/SunWeb3Sec/DeFiHackLabs/blob/main/past/2022/README.md,frozen_public_source_hashed,e7668ddd37e305db9052d4f208bb3b87d1e75956950739d5e9f1fd66f4c26267,9f8e580ec1be1398baaab429018b092e5549088e02adb2649e39678b7af87cca,"[""https://twitter.com/BlockSecTeam/status/1583073442433495040""]",[],,exact_contract_basename,True,True,,,2022-10-20,,,,blocked_missing_onchain_and_availability_evidence,"[""missing:deployment_block"", ""missing:prediction_cutoff_block"", ""missing:source_availability_time"", ""missing:runtime_bytecode_hash_at_cutoff"", ""missing:outcome_adjudication_id""]",bsc:0x32b166e082993af6598a89397e82e123ca44e74e,faf86515800c620c52e9,,,,,not_resolved_requires_archive_rpc
hpay,defihacklabs,bsc,22280853,0xe9bc03ef08e991a99f1bd095a8590499931dcc30,,ca2-a04b6477783c9f312b9f,2022-10-18,HPAY,Access Control,src/test/2022-10/HPAY_exp.sol,bsc,https://github.com/SunWeb3Sec/DeFiHackLabs/blob/main/past/2022/README.md,frozen_public_source_hashed,e7668ddd37e305db9052d4f208bb3b87d1e75956950739d5e9f1fd66f4c26267,2399707e28f954727823461c14477892dff7efedc003879ddf5e67fed75a1a49,"[""https://twitter.com/Supremacy_CA/status/1582345448190140417""]",[],115 BNB,exact_contract_basename,True,True,,,2022-10-18,,,,blocked_missing_onchain_and_availability_evidence,"[""missing:deployment_block"", ""missing:prediction_cutoff_block"", ""missing:source_availability_time"", ""missing:runtime_bytecode_hash_at_cutoff"", ""missing:outcome_adjudication_id""]",bsc:0xe9bc03ef08e991a99f1bd095a8590499931dcc30,f35b95bcc9bd87972fcd,,,,,not_resolved_requires_archive_rpc
n00d,defihacklabs,ethereum,15826379,0x2321537fd8ef4644bacdceec54e5f35bf44311fa,,ca2-702749959585da21f48a,2022-10-26,N00d Token,Reentrancy,src/test/2022-10/N00d_exp.sol,mainnet,https://github.com/SunWeb3Sec/DeFiHackLabs/blob/main/past/2022/README.md,frozen_public_source_hashed,e7668ddd37e305db9052d4f208bb3b87d1e75956950739d5e9f1fd66f4c26267,11ff444d4c0e8a4cd162e610148a408caa8130f4f785787c1e1207df8f189a5f,"[""https://twitter.com/AnciliaInc/status/1584955717877784576"", ""https://twitter.com/BlockSecTeam/status/1584959295829180416""]",[],,exact_contract_basename,True,True,,,2022-10-26,,,,blocked_missing_onchain_and_availability_evidence,"[""missing:deployment_block"", ""missing:prediction_cutoff_block"", ""missing:source_availability_time"", ""missing:runtime_bytecode_hash_at_cutoff"", ""missing:outcome_adjudication_id""]",ethereum:0x2321537fd8ef4644bacdceec54e5f35bf44311fa,8a0b17464e27633e09c6,,,,,not_resolved_requires_archive_rpc
inuko,defihacklabs,bsc,22169169,0xea51801b8f5b88543ddad3d1727400c15b209d8f,,ca2-7741e8a9a71601f098a4,2022-10-14,INUKO,FlashLoan price manipulation,src/test/2022-10/INUKO_exp.sol,bsc,https://github.com/SunWeb3Sec/DeFiHackLabs/blob/main/past/2022/README.md,frozen_public_source_hashed,e7668ddd37e305db9052d4f208bb3b87d1e75956950739d5e9f1fd66f4c26267,125d4be47987e729fe46c75a14bc5efc7921bccc042bb535cceb2433d852a750,"[""https://twitter.com/AnciliaInc/status/1587848874076430336""]",[],$50k,exact_contract_basename,True,True,,,2022-10-14,,,,blocked_missing_onchain_and_availability_evidence,"[""missing:deployment_block"", ""missing:prediction_cutoff_block"", ""missing:source_availability_time"", ""missing:runtime_bytecode_hash_at_cutoff"", ""missing:outcome_adjudication_id""]",bsc:0xea51801b8f5b88543ddad3d1727400c15b209d8f,cf3fc720b0897a59c335,,,,,not_resolved_requires_archive_rpc
pltd,defihacklabs,bsc,22252045,0x29b2525e11bc0b0e9e59f705f318601ea6756645,,ca2-8cf05be564db7065817c,2022-10-18,PLTD,Transfer Logic Flaw,src/test/2022-10/PLTD_exp.sol,bsc,https://github.com/SunWeb3Sec/DeFiHackLabs/blob/main/past/2022/README.md,frozen_public_source_hashed,e7668ddd37e305db9052d4f208bb3b87d1e75956950739d5e9f1fd66f4c26267,cac8cf31fc6bc0b34a5b217125cd420c92052fdb5d6f45b969e30f2e005c3a36,"[""https://twitter.com/BeosinAlert/status/1582181583343484928""]",[],$ 24k,exact_contract_basename,True,True,,,2022-10-18,,,,blocked_missing_onchain_and_availability_evidence,"[""missing:deployment_block"", ""missing:prediction_cutoff_block"", ""missing:source_availability_time"", ""missing:runtime_bytecode_hash_at_cutoff"", ""missing:outcome_adjudication_id""]",bsc:0x29b2525e11bc0b0e9e59f705f318601ea6756645,e68ea016f5dffc8e0bd0,,,,,not_resolved_requires_archive_rpc
olympusdao,defihacklabs,ethereum,15794363,0x007fe7c498a2cf30971ad8f2cbc36bd14ac51156,,ca2-60a0988512bfa1f54c2e,2022-10-21,OlympusDAO,No input validation,src/test/2022-10/OlympusDao_exp.sol,mainnet,https://github.com/SunWeb3Sec/DeFiHackLabs/blob/main/past/2022/README.md,frozen_public_source_hashed,e7668ddd37e305db9052d4f208bb3b87d1e75956950739d5e9f1fd66f4c26267,9137bfb1f78624f22a987a5c813728ecf26db927f90914a81e97d62f7116241e,"[""https://twitter.com/peckshield/status/1583416829237526528""]",[],,exact_contract_basename,True,True,,,2022-10-21,,,,blocked_missing_onchain_and_availability_evidence,"[""missing:deployment_block"", ""missing:prediction_cutoff_block"", ""missing:source_availability_time"", ""missing:runtime_bytecode_hash_at_cutoff"", ""missing:outcome_adjudication_id""]",ethereum:0x007fe7c498a2cf30971ad8f2cbc36bd14ac51156,ceb8fa8f6b4551ff25d8,,,,,not_resolved_requires_archive_rpc
res,defihacklabs,bsc,21948016,0xeccd8b08ac3b587b7175d40fb9c60a20990f8d21,,ca2-758d99036031cc6eb400,2022-10-06,RES-Token,pair manipulate,src/test/2022-10/RES_exp.sol,bsc,https://github.com/SunWeb3Sec/DeFiHackLabs/blob/main/past/2022/README.md,frozen_public_source_hashed,e7668ddd37e305db9052d4f208bb3b87d1e75956950739d5e9f1fd66f4c26267,1dbbd04e37edbe1dd2ff9ede49ad8136d5b3d8d641db8a241146a66538204fe9,"[""https://bscscan.com/tx/0xe59fa48212c4ee716c03e648e04f0ca390f4a4fc921a890fded0e01afa4ba96d"", ""https://twitter.com/AnciliaInc/status/1578119778446680064""]","[""0xe59fa48212c4ee716c03e648e04f0ca390f4a4fc921a890fded0e01afa4ba96d""]",,exact_contract_basename,True,True,,,2022-10-06,,,,blocked_missing_onchain_and_availability_evidence,"[""missing:deployment_block"", ""missing:prediction_cutoff_block"", ""missing:source_availability_time"", ""missing:runtime_bytecode_hash_at_cutoff"", ""missing:outcome_adjudication_id""]",bsc:0xeccd8b08ac3b587b7175d40fb9c60a20990f8d21,620c4786a930872d95d8,,,,,not_resolved_requires_archive_rpc
rl,defihacklabs,bsc,21794289,0x335ddce3f07b0bdafc03f56c1b30d3b269366666,,ca2-604ce8fc1c483067805c,2022-10-01,RL Token,Incorrect Reward calculation,src/test/2022-10/RL_exp.sol,bsc,https://github.com/SunWeb3Sec/DeFiHackLabs/blob/main/past/2022/README.md,frozen_public_source_hashed,e7668ddd37e305db9052d4f208bb3b87d1e75956950739d5e9f1fd66f4c26267,4bf47ce88fd3406cc0b17b04a55a21cee62f037f476c9839d360c277cb009026,"[""https://twitter.com/CertiKAlert/status/1576195971003858944""]",[],,exact_contract_basename,True,True,,,2022-10-01,,,,blocked_missing_onchain_and_availability_evidence,"[""missing:deployment_block"", ""missing:prediction_cutoff_block"", ""missing:source_availability_time"", ""missing:runtime_bytecode_hash_at_cutoff"", ""missing:outcome_adjudication_id""]",bsc:0x335ddce3f07b0bdafc03f56c1b30d3b269366666,8f4fd39fd48d120a5943,,,,,not_resolved_requires_archive_rpc
res_2,defihacklabs,bsc,21948016,0xeccd8b08ac3b587b7175d40fb9c60a20990f8d21,,ca2-301863287cb1e49bdbb5,2022-10-06,RES-Token,pair manipulate,src/test/2022-10/RES_exp.sol,bsc,https://github.com/SunWeb3Sec/DeFiHackLabs/blob/main/past/2022/README.md,frozen_public_source_hashed,e7668ddd37e305db9052d4f208bb3b87d1e75956950739d5e9f1fd66f4c26267,1dbbd04e37edbe1dd2ff9ede49ad8136d5b3d8d641db8a241146a66538204fe9,"[""https://bscscan.com/tx/0xe59fa48212c4ee716c03e648e04f0ca390f4a4fc921a890fded0e01afa4ba96d"", ""https://twitter.com/AnciliaInc/status/1578119778446680064""]","[""0xe59fa48212c4ee716c03e648e04f0ca390f4a4fc921a890fded0e01afa4ba96d""]",,frozen_date_override,True,True,,,2022-10-06,,,,blocked_missing_onchain_and_availability_evidence,"[""missing:deployment_block"", ""missing:prediction_cutoff_block"", ""missing:source_availability_time"", ""missing:runtime_bytecode_hash_at_cutoff"", ""missing:outcome_adjudication_id""]",bsc:0xeccd8b08ac3b587b7175d40fb9c60a20990f8d21,620c4786a930872d95d8,,,,,not_resolved_requires_archive_rpc
uerii,defihacklabs,ethereum,15767837,0x418c24191ae947a78c99fdc0e45a1f96afb254be,,ca2-5d74bde6e71788f42085,2022-10-17,Uerii Token,Access Control,src/test/2022-10/Uerii_exp.sol,mainnet,https://github.com/SunWeb3Sec/DeFiHackLabs/blob/main/past/2022/README.md,frozen_public_source_hashed,e7668ddd37e305db9052d4f208bb3b87d1e75956950739d5e9f1fd66f4c26267,1654298690070fa195b28553bebcf03ed68b7e44ed406b797d80984bf8a0bafb,"[""https://twitter.com/peckshield/status/1581988895142526976""]",[],$2.4 k,exact_contract_basename,True,True,,,2022-10-17,,,,blocked_missing_onchain_and_availability_evidence,"[""missing:deployment_block"", ""missing:prediction_cutoff_block"", ""missing:source_availability_time"", ""missing:runtime_bytecode_hash_at_cutoff"", ""missing:outcome_adjudication_id""]",ethereum:0x418c24191ae947a78c99fdc0e45a1f96afb254be,4f7f926d08e93add04a8,,,,,not_resolved_requires_archive_rpc
templedao,defihacklabs,ethereum,15725066,0xd2869042e12a3506100af1d192b5b04d65137941,,ca2-e71c9a37159c80622f42,2022-10-11,Templedao,Insufficient access control,src/test/2022-10/Templedao_exp.sol,ethereum,https://github.com/SunWeb3Sec/DeFiHackLabs/blob/main/past/2022/README.md,frozen_public_source_hashed,e7668ddd37e305db9052d4f208bb3b87d1e75956950739d5e9f1fd66f4c26267,6b76732e2c68a560ae8b5c0f0d15030848042afcd80136eb3b27d6ce55762cdc,"[""https://etherscan.io/tx/0x8c3f442fc6d640a6ff3ea0b12be64f1d4609ea94edd2966f42c01cd9bdcf04b5"", ""https://twitter.com/BlockSecTeam/status/1579843881893769222""]","[""0x8c3f442fc6d640a6ff3ea0b12be64f1d4609ea94edd2966f42c01cd9bdcf04b5""]",$2.3 million,exact_contract_basename,True,True,,,2022-10-11,,,,blocked_missing_onchain_and_availability_evidence,"[""missing:deployment_block"", ""missing:prediction_cutoff_block"", ""missing:source_availability_time"", ""missing:runtime_bytecode_hash_at_cutoff"", ""missing:outcome_adjudication_id""]",ethereum:0xd2869042e12a3506100af1d192b5b04d65137941,e21081208eb6a64846cc,,,,,not_resolved_requires_archive_rpc
vtf,defihacklabs,bsc,22535101,0xc6548caf18e20f88cc437a52b6d388b0d54d830d,,ca2-83e922a7f39b2bc4b4b1,2022-10-27,VTF Token,Incorrect Reward calculation,src/test/2022-10/VTF_exp.sol,bsc,https://github.com/SunWeb3Sec/DeFiHackLabs/blob/main/past/2022/README.md,frozen_public_source_hashed,e7668ddd37e305db9052d4f208bb3b87d1e75956950739d5e9f1fd66f4c26267,5d36cdbaf2577149dee0157b6dfc3195d8ce58eab869241635489c9bbe703964,"[""https://twitter.com/BeosinAlert/status/1585587030981218305"", ""https://twitter.com/BlockSecTeam/status/1585575129936977920"", ""https://twitter.com/peckshield/status/1585572694241988609""]",[],$50k,exact_contract_basename,True,True,,,2022-10-27,,,,blocked_missing_onchain_and_availability_evidence,"[""missing:deployment_block"", ""missing:prediction_cutoff_block"", ""missing:source_availability_time"", ""missing:runtime_bytecode_hash_at_cutoff"", ""missing:outcome_adjudication_id""]",bsc:0xc6548caf18e20f88cc437a52b6d388b0d54d830d,6a455cb267f7c2d35c1a,,,,,not_resolved_requires_archive_rpc
ulme,defihacklabs,bsc,22476695,0xae975a25646e6eb859615d0a147b909c13d31fed,,ca2-aa385c0e97d08a3f6364,2022-10-25,ULME,Access Control,src/test/2022-10/ULME_exp.sol,bsc,https://github.com/SunWeb3Sec/DeFiHackLabs/blob/main/past/2022/README.md,frozen_public_source_hashed,e7668ddd37e305db9052d4f208bb3b87d1e75956950739d5e9f1fd66f4c26267,cdf407823e4e95f546434c59ec7012fb89c14ae363f85652580392d25971c807,"[""https://medium.com/neptune-mutual/decoding-ulme-token-flash-loan-attack-56470d261787"", ""https://twitter.com/BeosinAlert/status/1584888021299916801"", ""https://twitter.com/BlockSecTeam/status/1584839309781135361""]",[],,exact_contract_basename,True,True,,,2022-10-25,,,,blocked_missing_onchain_and_availability_evidence,"[""missing:deployment_block"", ""missing:prediction_cutoff_block"", ""missing:source_availability_time"", ""missing:runtime_bytecode_hash_at_cutoff"", ""missing:outcome_adjudication_id""]",bsc:0xae975a25646e6eb859615d0a147b909c13d31fed,298346f2f6fad83a3e19,,,,,not_resolved_requires_archive_rpc
teamfinance,defihacklabs,ethereum,15837893,0xe2fe530c047f2d85298b07d9333c05737f1435fb,,ca2-c2f4de8010f571d74d0d,2022-10-27,Team Finance,Liquidity Migration Exploit,src/test/2022-10/TeamFinance_exp.sol,mainnet,https://github.com/SunWeb3Sec/DeFiHackLabs/blob/main/past/2022/README.md,frozen_public_source_hashed,e7668ddd37e305db9052d4f208bb3b87d1e75956950739d5e9f1fd66f4c26267,6a0e8bd382922d81dcc1554154f4b378dd28d80882eaeb9867fcf36815ccb2f9,"[""https://twitter.com/BeosinAlert/status/1585578499125178369"", ""https://twitter.com/TeamFinance_/status/1585770918873542656"", ""https://twitter.com/peckshield/status/1585587858978623491"", ""https://twitter.com/solid_group_1/status/1585643249305518083""]",[],Multiple Tokens ~$15.8M US$,exact_contract_basename,True,True,,,2022-10-27,,,,blocked_missing_onchain_and_availability_evidence,"[""missing:deployment_block"", ""missing:prediction_cutoff_block"", ""missing:source_availability_time"", ""missing:runtime_bytecode_hash_at_cutoff"", ""missing:outcome_adjudication_id""]",ethereum:0xe2fe530c047f2d85298b07d9333c05737f1435fb,444e5dca49f4d6edf714,,,,,not_resolved_requires_archive_rpc
ulme_2,defihacklabs,bsc,22476695,0xae975a25646e6eb859615d0a147b909c13d31fed,,ca2-96f365accfda88170b34,2022-10-25,ULME,Access Control,src/test/2022-10/ULME_exp.sol,bsc,https://github.com/SunWeb3Sec/DeFiHackLabs/blob/main/past/2022/README.md,frozen_public_source_hashed,e7668ddd37e305db9052d4f208bb3b87d1e75956950739d5e9f1fd66f4c26267,cdf407823e4e95f546434c59ec7012fb89c14ae363f85652580392d25971c807,"[""https://medium.com/neptune-mutual/decoding-ulme-token-flash-loan-attack-56470d261787"", ""https://twitter.com/BeosinAlert/status/1584888021299916801"", ""https://twitter.com/BlockSecTeam/status/1584839309781135361""]",[],,normalized_title_fallback,True,True,,,2022-10-25,,,,blocked_missing_onchain_and_availability_evidence,"[""missing:deployment_block"", ""missing:prediction_cutoff_block"", ""missing:source_availability_time"", ""missing:runtime_bytecode_hash_at_cutoff"", ""missing:outcome_adjudication_id""]",bsc:0xae975a25646e6eb859615d0a147b909c13d31fed,298346f2f6fad83a3e19,,,,,not_resolved_requires_archive_rpc
aur,defihacklabs,bsc,23282134,0x70678291bddfd95498d1214be368e19e882f7614,,ca2-b141324cdd440e7feb3e,2022-11-22,AUR,Lack of Permission Check,src/test/2022-11/AUR_exp.sol,bsc,https://github.com/SunWeb3Sec/DeFiHackLabs/blob/main/past/2022/README.md,frozen_public_source_hashed,e7668ddd37e305db9052d4f208bb3b87d1e75956950739d5e9f1fd66f4c26267,a1adaf41dd11076a0c6abe847a5a99f7c01768579fff99e51ec958f98aed2032,"[""https://twitter.com/AnciliaInc/status/1595142246570958848""]",[],$13k,exact_contract_basename,True,True,,,2022-11-22,,,,blocked_missing_onchain_and_availability_evidence,"[""missing:deployment_block"", ""missing:prediction_cutoff_block"", ""missing:source_availability_time"", ""missing:runtime_bytecode_hash_at_cutoff"", ""missing:outcome_adjudication_id""]",bsc:0x70678291bddfd95498d1214be368e19e882f7614,96d2e4867ea543f8165e,,,,,not_resolved_requires_archive_rpc
annex,defihacklabs,bsc,23165446,0xe65e970f065643ba80e5822edff483a1d75263e3,,ca2-a13694fcc2f9f05dda72,2022-11-19,AnnexFinance,Verify flashLoan Callback,src/test/2022-11/Annex_exp.sol,bsc,https://github.com/SunWeb3Sec/DeFiHackLabs/blob/main/past/2022/README.md,frozen_public_source_hashed,e7668ddd37e305db9052d4f208bb3b87d1e75956950739d5e9f1fd66f4c26267,e742a9533015d11cdc16dd7199f05e94aeb146693ddbbb56822682c4c62144a5,"[""https://twitter.com/AnciliaInc/status/1593690338526273536""]",[],$3k,exact_contract_basename,True,True,,,2022-11-19,,,,blocked_missing_onchain_and_availability_evidence,"[""missing:deployment_block"", ""missing:prediction_cutoff_block"", ""missing:source_availability_time"", ""missing:runtime_bytecode_hash_at_cutoff"", ""missing:outcome_adjudication_id""]",bsc:0xe65e970f065643ba80e5822edff483a1d75263e3,5002a7a4b524574e0e96,,,,,not_resolved_requires_archive_rpc
xavefinance,defihacklabs,ethereum,15704736,0x8f9036732b9aa9b82d8f35e54b71faeb2f573e2f,,ca2-4c7dcc457e38b7cc78ee,2022-10-09,Xave Finance,Malicious Proposal Mint & Transfer Ownership,src/test/2022-10/XaveFinance_exp.sol,ethereum,https://github.com/SunWeb3Sec/DeFiHackLabs/blob/main/past/2022/README.md,frozen_public_source_hashed,e7668ddd37e305db9052d4f208bb3b87d1e75956950739d5e9f1fd66f4c26267,450c1eed9cbbb389605b19e2b6ba170d61dbfe8eaf90ef0f3efb5111927f9f80,"[""https://etherscan.io/tx/0xc18ec2eb7d41638d9982281e766945d0428aaeda6211b4ccb6626ea7cff31f4a"", ""https://twitter.com/BeosinAlert/status/1579040051853303808""]","[""0xc18ec2eb7d41638d9982281e766945d0428aaeda6211b4ccb6626ea7cff31f4a""]","100,000,000,000,000 RNBW",exact_contract_basename,True,True,,,2022-10-09,,,,blocked_missing_onchain_and_availability_evidence,"[""missing:deployment_block"", ""missing:prediction_cutoff_block"", ""missing:source_availability_time"", ""missing:runtime_bytecode_hash_at_cutoff"", ""missing:outcome_adjudication_id""]",ethereum:0x8f9036732b9aa9b82d8f35e54b71faeb2f573e2f,3b236675ccc10ca82122,,,,,not_resolved_requires_archive_rpc
bdex,defihacklabs,bsc,22629431,0xb2b1dc3204ee8899d6575f419e72b53e370f6b20,,ca2-d21da7d9fce0924660dc,2022-11-05,BDEX,Business Logic Flaw,src/test/2022-11/BDEX_exp.sol,bsc,https://github.com/SunWeb3Sec/DeFiHackLabs/blob/main/past/2022/README.md,frozen_public_source_hashed,e7668ddd37e305db9052d4f208bb3b87d1e75956950739d5e9f1fd66f4c26267,d7356a5b6c7826496bf5c92e42ee8d41decc81ac2d426a9956fb48b508e80f61,"[""https://twitter.com/BeosinAlert/status/1588579143830343683""]",[],16WBNB,exact_contract_basename,True,True,,,2022-11-05,,,,blocked_missing_onchain_and_availability_evidence,"[""missing:deployment_block"", ""missing:prediction_cutoff_block"", ""missing:source_availability_time"", ""missing:runtime_bytecode_hash_at_cutoff"", ""missing:outcome_adjudication_id""]",bsc:0xb2b1dc3204ee8899d6575f419e72b53e370f6b20,941b742d0804636bf592,,,,,not_resolved_requires_archive_rpc
kashi,defihacklabs,ethereum,15928289,0xbb02a884621fb8f5bfd263a67f58b65df5b090f3,,ca2-2ba749707a4aa17e7fd0,2022-11-08,Kashi,Price-caching Design Defect,src/test/2022-11/Kashi_exp.sol,mainnet,https://github.com/SunWeb3Sec/DeFiHackLabs/blob/main/past/2022/README.md,frozen_public_source_hashed,e7668ddd37e305db9052d4f208bb3b87d1e75956950739d5e9f1fd66f4c26267,b77c60f150c5c25dd906c2a9903f85b1fafd528d087091821a1d60cdca30cde7,"[""https://eigenphi.substack.com/p/casting-a-magic-spell-on-abracadabra"", ""https://twitter.com/BlockSecTeam/status/1603633067876155393""]",[],$110k,exact_contract_basename,True,True,,,2022-11-08,,,,blocked_missing_onchain_and_availability_evidence,"[""missing:deployment_block"", ""missing:prediction_cutoff_block"", ""missing:source_availability_time"", ""missing:runtime_bytecode_hash_at_cutoff"", ""missing:outcome_adjudication_id""]",ethereum:0xbb02a884621fb8f5bfd263a67f58b65df5b090f3,e28fd9c870dd7492278e,,,,,not_resolved_requires_archive_rpc
mbc_zzsh,defihacklabs,bsc,23474460,0x4e87880a72f6896e7e0a635a5838ffc89b13bd17,,ca2-5c60ed4125f7ab7d31ea,2022-11-29,MBC & ZZSH,Business Logic Flaw & Access Control,src/test/2022-11/MBC_ZZSH_exp.sol,bsc,https://github.com/SunWeb3Sec/DeFiHackLabs/blob/main/past/2022/README.md,frozen_public_source_hashed,e7668ddd37e305db9052d4f208bb3b87d1e75956950739d5e9f1fd66f4c26267,a80a6cc927c627a9050079687a39fd6a54d9ea5e91c06e0f04c64bc526927f7a,"[""https://twitter.com/AnciliaInc/status/1597742575623888896"", ""https://twitter.com/CertiKAlert/status/1597639717096460288""]",[],,exact_contract_basename,True,True,,,2022-11-29,,,,blocked_missing_onchain_and_availability_evidence,"[""missing:deployment_block"", ""missing:prediction_cutoff_block"", ""missing:source_availability_time"", ""missing:runtime_bytecode_hash_at_cutoff"", ""missing:outcome_adjudication_id""]",bsc:0x4e87880a72f6896e7e0a635a5838ffc89b13bd17,f178e3cf1d661a179aa9,,,,,not_resolved_requires_archive_rpc
brahtopg,defihacklabs,ethereum,15933794,0xd248b30a3207a766d318c7a87f5cf334a439446d,,ca2-a25eb49dc8b847fae718,2022-11-09,BrahTOPG,Arbitrary External Call Vulnerability,src/test/2022-11/BrahTOPG_exp.sol,mainnet,https://github.com/SunWeb3Sec/DeFiHackLabs/blob/main/past/2022/README.md,frozen_public_source_hashed,e7668ddd37e305db9052d4f208bb3b87d1e75956950739d5e9f1fd66f4c26267,064f316b99b0a1f98a34984d48a489c4eb79f0faa95bfe06d70834fea54d5b84,"[""https://twitter.com/SlowMist_Team/status/1590685173477101570""]",[],$89k,exact_contract_basename,True,True,,,2022-11-09,,,,blocked_missing_onchain_and_availability_evidence,"[""missing:deployment_block"", ""missing:prediction_cutoff_block"", ""missing:source_availability_time"", ""missing:runtime_bytecode_hash_at_cutoff"", ""missing:outcome_adjudication_id""]",ethereum:0xd248b30a3207a766d318c7a87f5cf334a439446d,b6b9e1e29cf713f6d6fd,,,,,not_resolved_requires_archive_rpc
num,defihacklabs,ethereum,16029969,0x765277eebeca2e31912c9946eae1021199b39c61,,ca2-759d84cb92c4b203c71e,2022-11-23,NUM,Protocol Token incompatible,src/test/2022-11/NUM_exp.sol,mainnet,https://github.com/SunWeb3Sec/DeFiHackLabs/blob/main/past/2022/README.md,frozen_public_source_hashed,e7668ddd37e305db9052d4f208bb3b87d1e75956950739d5e9f1fd66f4c26267,aeb636da37cd692bf6edbc12347f76d2dcc41adfe17e68a668154e54ecaa6626,"[""https://twitter.com/BlockSecTeam/status/1595346020237352960""]",[],,exact_contract_basename,True,True,,,2022-11-23,,,,blocked_missing_onchain_and_availability_evidence,"[""missing:deployment_block"", ""missing:prediction_cutoff_block"", ""missing:source_availability_time"", ""missing:runtime_bytecode_hash_at_cutoff"", ""missing:outcome_adjudication_id""]",ethereum:0x765277eebeca2e31912c9946eae1021199b39c61,2318da3d28f97878879c,,,,,not_resolved_requires_archive_rpc
sdao,defihacklabs,bsc,23241440,0x6666625ab26131b490e7015333f97306f05bf816,,ca2-8b0370be76c7c7e05d59,2022-11-21,sDAO,Business Logic Flaw,src/test/2022-11/SDAO_exp.sol,bsc,https://github.com/SunWeb3Sec/DeFiHackLabs/blob/main/past/2022/README.md,frozen_public_source_hashed,e7668ddd37e305db9052d4f208bb3b87d1e75956950739d5e9f1fd66f4c26267,1a06914e310c71e938fe55a12bbae8cc4f3c4d41c7aba4319bef418e1d845a67,"[""https://twitter.com/8olidity/status/1594693686398316544"", ""https://twitter.com/CertiKAlert/status/1594615286556393478""]",[],$13k,exact_contract_basename,True,True,,,2022-11-21,,,,blocked_missing_onchain_and_availability_evidence,"[""missing:deployment_block"", ""missing:prediction_cutoff_block"", ""missing:source_availability_time"", ""missing:runtime_bytecode_hash_at_cutoff"", ""missing:outcome_adjudication_id""]",bsc:0x6666625ab26131b490e7015333f97306f05bf816,fb586532192f459421f3,,,,,not_resolved_requires_archive_rpc
dfx,defihacklabs,ethereum,15941703,0x46161158b1947d9149e066d6d31af1283b2d377c,,ca2-7ab9ecf055348c803def,2022-11-10,DFXFinance,Reentrancy,src/test/2022-11/DFX_exp.sol,mainnet,https://github.com/SunWeb3Sec/DeFiHackLabs/blob/main/past/2022/README.md,frozen_public_source_hashed,e7668ddd37e305db9052d4f208bb3b87d1e75956950739d5e9f1fd66f4c26267,0a764876626e11ef7fe89899ac826a198d0f8da9dd76a0a5e1b008a2ec10c3e3,"[""https://twitter.com/AnciliaInc/status/1590839104731684865"", ""https://twitter.com/BeosinAlert/status/1591012525914861570"", ""https://twitter.com/BlockSecTeam/status/1590960299246780417"", ""https://twitter.com/peckshield/status/1590831589004816384""]",[],$4M,exact_contract_basename,True,True,,,2022-11-10,,,,blocked_missing_onchain_and_availability_evidence,"[""missing:deployment_block"", ""missing:prediction_cutoff_block"", ""missing:source_availability_time"", ""missing:runtime_bytecode_hash_at_cutoff"", ""missing:outcome_adjudication_id""]",ethereum:0x46161158b1947d9149e066d6d31af1283b2d377c,02b90459da168abc8e01,,,,,not_resolved_requires_archive_rpc
moocakectx,defihacklabs,bsc,22832427,0x489afbaed0ea796712c9a6d366c16ca3876d8184,,ca2-8eea98fa7851e4eaf7d3,2022-11-07,MooCAKECTX,FlashLoan Attack,src/test/2022-11/MooCAKECTX_exp.sol,bsc,https://github.com/SunWeb3Sec/DeFiHackLabs/blob/main/past/2022/README.md,frozen_public_source_hashed,e7668ddd37e305db9052d4f208bb3b87d1e75956950739d5e9f1fd66f4c26267,3af7845d9257437b50e85a2bc7125fe16b6e1bdd14a128ac6dd573a8c7326a75,"[""https://twitter.com/BeosinAlert/status/1589501207181393920"", ""https://twitter.com/CertiKAlert/status/1589428153591615488""]",[],$140k,exact_contract_basename,True,True,,,2022-11-07,,,,blocked_missing_onchain_and_availability_evidence,"[""missing:deployment_block"", ""missing:prediction_cutoff_block"", ""missing:source_availability_time"", ""missing:runtime_bytecode_hash_at_cutoff"", ""missing:outcome_adjudication_id""]",bsc:0x489afbaed0ea796712c9a6d366c16ca3876d8184,64a092035bda15c69a0e,,,,,not_resolved_requires_archive_rpc
sheepfarm2,defihacklabs,bsc,23089184,0x4726010da871f4b57b5031e3ea48bde961f122aa,,ca2-61379f018c08925d7ecc,2022-11-16,SheepFarm,No input validation,src/test/2022-11/SheepFarm_exp.sol,bsc,https://github.com/SunWeb3Sec/DeFiHackLabs/blob/main/past/2022/README.md,frozen_public_source_hashed,e7668ddd37e305db9052d4f208bb3b87d1e75956950739d5e9f1fd66f4c26267,d355bf4da91ccdca71ac0b806670a9370d6a0f42380c325a563cb042fcc58b1a,"[""https://twitter.com/AnciliaInc/status/1592658104394473472"", ""https://twitter.com/BlockSecTeam/status/1592734292727455744""]",[],~1BNB,frozen_date_override,True,True,,,2022-11-16,,,,blocked_missing_onchain_and_availability_evidence,"[""missing:deployment_block"", ""missing:prediction_cutoff_block"", ""missing:source_availability_time"", ""missing:runtime_bytecode_hash_at_cutoff"", ""missing:outcome_adjudication_id""]",bsc:0x4726010da871f4b57b5031e3ea48bde961f122aa,264e546ebc2e6d321b9d,,,,,not_resolved_requires_archive_rpc
seaman,defihacklabs,bsc,23467515,0x6bc9b4976ba6f8c9574326375204ee469993d038,,ca2-d3a51f08e6355a17ca20,2022-11-29,SEAMAN,Business Logic Flaw,src/test/2022-11/SEAMAN_exp.sol,bsc,https://github.com/SunWeb3Sec/DeFiHackLabs/blob/main/past/2022/README.md,frozen_public_source_hashed,e7668ddd37e305db9052d4f208bb3b87d1e75956950739d5e9f1fd66f4c26267,f1ca2231b820f53779c10bab341395bdc803710af2dfadecf2ae35f41b5c3af3,"[""https://twitter.com/BeosinAlert/status/1597535796621631489"", ""https://twitter.com/CertiKAlert/status/1597513374841044993"", ""https://twitter.com/peckshield/status/1597493955939405825""]",[],,exact_contract_basename,True,True,,,2022-11-29,,,,blocked_missing_onchain_and_availability_evidence,"[""missing:deployment_block"", ""missing:prediction_cutoff_block"", ""missing:source_availability_time"", ""missing:runtime_bytecode_hash_at_cutoff"", ""missing:outcome_adjudication_id""]",bsc:0x6bc9b4976ba6f8c9574326375204ee469993d038,5248d1f162d5c92d14a0,,,,,not_resolved_requires_archive_rpc
aes,defihacklabs,bsc,23695904,0xddc0cff76bcc0ee14c3e73af630c029fe020f907,,ca2-d936d709679fed1fbeae,2022-12-07,AES (Deflationary token),Business Logic Flaw & FlashLoan price manipulation,src/test/2022-12/AES_exp.sol,bsc,https://github.com/SunWeb3Sec/DeFiHackLabs/blob/main/past/2022/README.md,frozen_public_source_hashed,e7668ddd37e305db9052d4f208bb3b87d1e75956950739d5e9f1fd66f4c26267,d1c52ab22c1564e57e2b978ad5f398c573eae65f516da2002000fc89aa65dca8,"[""https://twitter.com/BlockSecTeam/status/1600442137811689473"", ""https://twitter.com/peckshield/status/1600418002163625984""]",[],$60k,exact_contract_basename,True,True,,,2022-12-07,,,,blocked_missing_onchain_and_availability_evidence,"[""missing:deployment_block"", ""missing:prediction_cutoff_block"", ""missing:source_availability_time"", ""missing:runtime_bytecode_hash_at_cutoff"", ""missing:outcome_adjudication_id""]",bsc:0xddc0cff76bcc0ee14c3e73af630c029fe020f907,6e3026d8bd6bca4b2c40,,,,,not_resolved_requires_archive_rpc
sheepfarm,defihacklabs,bsc,23088156,0x4726010da871f4b57b5031e3ea48bde961f122aa,,ca2-87e3cee3e857278adb8f,2022-11-16,SheepFarm,No input validation,src/test/2022-11/SheepFarm_exp.sol,bsc,https://github.com/SunWeb3Sec/DeFiHackLabs/blob/main/past/2022/README.md,frozen_public_source_hashed,e7668ddd37e305db9052d4f208bb3b87d1e75956950739d5e9f1fd66f4c26267,d355bf4da91ccdca71ac0b806670a9370d6a0f42380c325a563cb042fcc58b1a,"[""https://twitter.com/AnciliaInc/status/1592658104394473472"", ""https://twitter.com/BlockSecTeam/status/1592734292727455744""]",[],~1BNB,exact_contract_basename,True,True,,,2022-11-16,,,,blocked_missing_onchain_and_availability_evidence,"[""missing:deployment_block"", ""missing:prediction_cutoff_block"", ""missing:source_availability_time"", ""missing:runtime_bytecode_hash_at_cutoff"", ""missing:outcome_adjudication_id""]",bsc:0x4726010da871f4b57b5031e3ea48bde961f122aa,264e546ebc2e6d321b9d,,,,,not_resolved_requires_archive_rpc
uearnpool,defihacklabs,bsc,23120167,0x02d841b976298dcd37ed6cc59f75d9dd39a3690c,,ca2-cd8110008dfe201e0222,2022-11-17,UEarnPool,FlashLoan Attack,src/test/2022-11/UEarnPool_exp.sol,bsc,https://github.com/SunWeb3Sec/DeFiHackLabs/blob/main/past/2022/README.md,frozen_public_source_hashed,e7668ddd37e305db9052d4f208bb3b87d1e75956950739d5e9f1fd66f4c26267,59ef8f9e7fdcb10ddc15b1131e38f7cb854372e605a7e49b8de66d2a4821436e,"[""https://twitter.com/CertiKAlert/status/1593094922160128000""]",[],$24k,exact_contract_basename,True,True,,,2022-11-17,,,,blocked_missing_onchain_and_availability_evidence,"[""missing:deployment_block"", ""missing:prediction_cutoff_block"", ""missing:source_availability_time"", ""missing:runtime_bytecode_hash_at_cutoff"", ""missing:outcome_adjudication_id""]",bsc:0x02d841b976298dcd37ed6cc59f75d9dd39a3690c,d8eef85c2ed191164b00,,,,,not_resolved_requires_archive_rpc
jay,defihacklabs,ethereum,16288199,0xf2919d1d80aff2940274014bef534f7791906ff2,,ca2-3d7964746397bc97e185,2022-12-29,JAY,Insufficient validation + Reentrancy,src/test/2022-12/JAY_exp.sol,mainnet,https://github.com/SunWeb3Sec/DeFiHackLabs/blob/main/past/2022/README.md,frozen_public_source_hashed,e7668ddd37e305db9052d4f208bb3b87d1e75956950739d5e9f1fd66f4c26267,db1386515f5590d05f7541d5408962e432cf7a36b642148c7d48db338e720977,"[""https://twitter.com/BlockSecTeam/status/1608372475225866240""]",[],~15.32 ETH,exact_contract_basename,True,True,,,2022-12-29,,,,blocked_missing_onchain_and_availability_evidence,"[""missing:deployment_block"", ""missing:prediction_cutoff_block"", ""missing:source_availability_time"", ""missing:runtime_bytecode_hash_at_cutoff"", ""missing:outcome_adjudication_id""]",ethereum:0xf2919d1d80aff2940274014bef534f7791906ff2,420f9e1882109b09db73,,,,,not_resolved_requires_archive_rpc
dfs,defihacklabs,bsc,24349821,0x2b806e6d78d8111dd09c58943b9855910bade005,,ca2-e488b8f22881b9feaedd,2022-12-30,DFS,Insufficient validation + flashloan,src/test/2022-12/DFS_exp.sol,bsc,https://github.com/SunWeb3Sec/DeFiHackLabs/blob/main/past/2022/README.md,frozen_public_source_hashed,e7668ddd37e305db9052d4f208bb3b87d1e75956950739d5e9f1fd66f4c26267,e765f32ba2f1e0a49a1197f2d14f219e54cc1ed2553a8e4fcb4837bb18023780,"[""https://twitter.com/CertiKAlert/status/1608788290785665024""]",[],$1450,exact_contract_basename,True,True,,,2022-12-30,,,,blocked_missing_onchain_and_availability_evidence,"[""missing:deployment_block"", ""missing:prediction_cutoff_block"", ""missing:source_availability_time"", ""missing:runtime_bytecode_hash_at_cutoff"", ""missing:outcome_adjudication_id""]",bsc:0x2b806e6d78d8111dd09c58943b9855910bade005,fb75241a8cb6c21cd154,,,,,not_resolved_requires_archive_rpc
bgld,defihacklabs,bsc,23844529,0xe445654f3797c5ee36406dbe88fbaa0dfbddb2bb,,ca2-d0b1ccc1d33cfcce8cbb,2022-12-12,BGLD (Deflationary token),FlashLoan price manipulation,src/test/2022-12/BGLD_exp.sol,bsc,https://github.com/SunWeb3Sec/DeFiHackLabs/blob/main/past/2022/README.md,frozen_public_source_hashed,e7668ddd37e305db9052d4f208bb3b87d1e75956950739d5e9f1fd66f4c26267,b4331ab675cd1aeda7e8523c81fb680ad14fb0ca68b8ac43567239d25d99bd1a,"[""https://twitter.com/BlockSecTeam/status/1602335214356660225""]",[],$18k,exact_contract_basename,True,True,,,2022-12-12,,,,blocked_missing_onchain_and_availability_evidence,"[""missing:deployment_block"", ""missing:prediction_cutoff_block"", ""missing:source_availability_time"", ""missing:runtime_bytecode_hash_at_cutoff"", ""missing:outcome_adjudication_id""]",bsc:0xe445654f3797c5ee36406dbe88fbaa0dfbddb2bb,7b43be1d35fc5fc61a91,,,,,not_resolved_requires_archive_rpc
rubic,defihacklabs,ethereum,16260580,0x3335a88bb18fd3b6824b59af62b50ce494143333,,ca2-4ab53dc147bf1894e356,2022-12-25,Rubic,Arbitrary External Call Vulnerability,src/test/2022-12/Rubic_exp.sol,mainnet,https://github.com/SunWeb3Sec/DeFiHackLabs/blob/main/past/2022/README.md,frozen_public_source_hashed,e7668ddd37e305db9052d4f208bb3b87d1e75956950739d5e9f1fd66f4c26267,da04e68c0f4514a328d8599802a7ac32ff9f8f776a7cd9d7234b41de7ff62a3c,"[""https://twitter.com/BlockSecTeam/status/1606993118901198849"", ""https://twitter.com/peckshield/status/1606937055761952770""]",[],$1.5M,exact_contract_basename,True,True,,,2022-12-25,,,,blocked_missing_onchain_and_availability_evidence,"[""missing:deployment_block"", ""missing:prediction_cutoff_block"", ""missing:source_availability_time"", ""missing:runtime_bytecode_hash_at_cutoff"", ""missing:outcome_adjudication_id""]",ethereum:0x3335a88bb18fd3b6824b59af62b50ce494143333,2d4918fcbe897c2669e5,,,,,not_resolved_requires_archive_rpc
tifi,defihacklabs,bsc,23778726,0x8a6f7834a9d60090668f5db33fec353a7fb4704b,,ca2-11258a259a94c2ae2ec5,2022-12-10,TIFIToken,FlashLoan price manipulation,src/test/2022-12/TIFI_exp.sol,bsc,https://github.com/SunWeb3Sec/DeFiHackLabs/blob/main/past/2022/README.md,frozen_public_source_hashed,e7668ddd37e305db9052d4f208bb3b87d1e75956950739d5e9f1fd66f4c26267,7f82c3b22f877b29e73579743e56feb968524e2feba88c81bc4782f118d40a27,"[""https://twitter.com/peckshield/status/1601492605535399936""]",[],87 WBNB,exact_contract_basename,True,True,,,2022-12-10,,,,blocked_missing_onchain_and_availability_evidence,"[""missing:deployment_block"", ""missing:prediction_cutoff_block"", ""missing:source_availability_time"", ""missing:runtime_bytecode_hash_at_cutoff"", ""missing:outcome_adjudication_id""]",bsc:0x8a6f7834a9d60090668f5db33fec353a7fb4704b,3993ede49f0406d0e570,,,,,not_resolved_requires_archive_rpc
qixi,defihacklabs,bsc,20120884,0x65f11b2de17c4af7a8f70858d6ccb63aac215697,,ca2-7a7cf3302259e6efdd08,2022-08-03,Qixi,Underflow,src/test/2022-08/Qixi_exp.sol,bsc,https://github.com/SunWeb3Sec/DeFiHackLabs/blob/main/past/2022/README.md,frozen_public_source_hashed,e7668ddd37e305db9052d4f208bb3b87d1e75956950739d5e9f1fd66f4c26267,ecb01762f527766c39fe2d3f5372891ed460cf2be0f313effdfc71c9a565b929,"[""https://x.com/8olidity/status/1555366421693345792""]",[],,exact_contract_basename,True,True,,,2022-08-03,,,,blocked_missing_onchain_and_availability_evidence,"[""missing:deployment_block"", ""missing:prediction_cutoff_block"", ""missing:source_availability_time"", ""missing:runtime_bytecode_hash_at_cutoff"", ""missing:outcome_adjudication_id""]",bsc:0x65f11b2de17c4af7a8f70858d6ccb63aac215697,bad8d04cecf9907d0566,,,,,not_resolved_requires_archive_rpc
xcarnival,defihacklabs,ethereum,15028846,0x39360ac1239a0b98cb8076d4135d0f72b7fd9909,,ca2-bf6bdd3510f2428b0575,2022-06-26,XCarnival,Infinite Number of Loans,src/test/2022-06/XCarnival_exp.sol,mainnet,https://github.com/SunWeb3Sec/DeFiHackLabs/blob/main/past/2022/README.md,frozen_public_source_hashed,e7668ddd37e305db9052d4f208bb3b87d1e75956950739d5e9f1fd66f4c26267,88bf3e75a8bcebe33c14479d0616c9df90bd72e57b5190dbd7b85c8d5de477d1,"[""https://twitter.com/BlockSecTeam/status/1541070850505723905"", ""https://twitter.com/XCarnival_Lab/status/1541226298399653888"", ""https://twitter.com/peckshield/status/1541047171453034501""]",[],,exact_contract_basename,True,True,,,2022-06-26,,,,blocked_missing_onchain_and_availability_evidence,"[""missing:deployment_block"", ""missing:prediction_cutoff_block"", ""missing:source_availability_time"", ""missing:runtime_bytecode_hash_at_cutoff"", ""missing:outcome_adjudication_id""]",ethereum:0x39360ac1239a0b98cb8076d4135d0f72b7fd9909,819f86fc59c6392253ef,,,,,not_resolved_requires_archive_rpc
novo,defihacklabs,bsc,18225002,0x6fb2020c236bbd5a7ddeb07e14c9298642253333,,ca2-441ed1a86d9edadc1707,2022-05-29,NOVO Protocol,Flashloan & Price Oracle Manipulation,src/test/2022-05/Novo_exp.sol,bsc,https://github.com/SunWeb3Sec/DeFiHackLabs/blob/main/past/2022/README.md,frozen_public_source_hashed,e7668ddd37e305db9052d4f208bb3b87d1e75956950739d5e9f1fd66f4c26267,80dbdee6522539fe7f9968d8aa1115f0501afebf84304c7d09a8cf60a4c01058,"[""https://bscscan.com/address/0xa0787daad6062349f63b7c228cbfd5d8a3db08f1#code"", ""https://bscscan.com/tx/0xc346adf14e5082e6df5aeae650f3d7f606d7e08247c2b856510766b4dfcdc57f"", ""https://www.panewslab.com/zh_hk/articledetails/f40t9xb4.html""]","[""0xc346adf14e5082e6df5aeae650f3d7f606d7e08247c2b856510766b4dfcdc57f""]",,exact_contract_basename,True,True,,,2022-05-29,,,,blocked_missing_onchain_and_availability_evidence,"[""missing:deployment_block"", ""missing:prediction_cutoff_block"", ""missing:source_availability_time"", ""missing:runtime_bytecode_hash_at_cutoff"", ""missing:outcome_adjudication_id""]",bsc:0x6fb2020c236bbd5a7ddeb07e14c9298642253333,e5ec18dadc9efec34265,,,,,not_resolved_requires_archive_rpc
xst,defihacklabs,ethereum,15310016,0xb276647e70cb3b81a1ca302cf8de280ff0ce5799,,ca2-3ce3786a7c84825faed0,2022-08-10,XSTABLE Protocol,Incorrect Logic Check,src/test/2022-08/XST_exp.sol,mainnet,https://github.com/SunWeb3Sec/DeFiHackLabs/blob/main/past/2022/README.md,frozen_public_source_hashed,e7668ddd37e305db9052d4f208bb3b87d1e75956950739d5e9f1fd66f4c26267,ac980aa50936e743b521836e95229deb5e03a037f3e51a56bce508ae29842a7c,"[""https://mobile.twitter.com/BlockSecTeam/status/1557195012042936320""]",[],,exact_contract_basename,True,True,,,2022-08-10,,,,blocked_missing_onchain_and_availability_evidence,"[""missing:deployment_block"", ""missing:prediction_cutoff_block"", ""missing:source_availability_time"", ""missing:runtime_bytecode_hash_at_cutoff"", ""missing:outcome_adjudication_id""]",ethereum:0xb276647e70cb3b81a1ca302cf8de280ff0ce5799,1d40c183e7b07b26cb18,,,,,not_resolved_requires_archive_rpc
bbox,defihacklabs,bsc,23106506,0x5dfc7f3ebbb9cbfe89bc3fb70f750ee229a59f8c,,ca2-7063be755a02e6e0df10,2022-12-05,BBOX,FlashLoan price manipulation,src/test/2022-12/BBOX_exp.sol,bsc,https://github.com/SunWeb3Sec/DeFiHackLabs/blob/main/past/2022/README.md,frozen_public_source_hashed,e7668ddd37e305db9052d4f208bb3b87d1e75956950739d5e9f1fd66f4c26267,d515ed7adc9406e1fd4d2bb26fb010dcff10f5685bb1cbea64f5dc803bec1159,"[""https://twitter.com/AnciliaInc/status/1599599614490877952""]",[],12k,exact_contract_basename,True,True,,,2022-12-05,,,,blocked_missing_onchain_and_availability_evidence,"[""missing:deployment_block"", ""missing:prediction_cutoff_block"", ""missing:source_availability_time"", ""missing:runtime_bytecode_hash_at_cutoff"", ""missing:outcome_adjudication_id""]",bsc:0x5dfc7f3ebbb9cbfe89bc3fb70f750ee229a59f8c,b566ddb9c1a9397a149d,,,,,not_resolved_requires_archive_rpc
nmbplatform,defihacklabs,bsc,23639507,0x3aa2b9de4ce397d93e11699c3f07b769b210bbd5,,ca2-3a72b153af20c2c77bb7,2022-12-14,Nmbplatform,FlashLoan price manipulation,src/test/2022-12/Nmbplatform_exp.sol,bsc,https://github.com/SunWeb3Sec/DeFiHackLabs/blob/main/past/2022/README.md,frozen_public_source_hashed,e7668ddd37e305db9052d4f208bb3b87d1e75956950739d5e9f1fd66f4c26267,37a693062e1c454bcdd647800fb3848ffca994e2e26dfb9c04d914e0e7986a0d,"[""https://twitter.com/BlockSecTeam/status/1602877048124735489""]",[],76k,exact_contract_basename,True,True,,,2022-12-14,,,,blocked_missing_onchain_and_availability_evidence,"[""missing:deployment_block"", ""missing:prediction_cutoff_block"", ""missing:source_availability_time"", ""missing:runtime_bytecode_hash_at_cutoff"", ""missing:outcome_adjudication_id""]",bsc:0x3aa2b9de4ce397d93e11699c3f07b769b210bbd5,bd74513d85e1ed79d427,,,,,not_resolved_requires_archive_rpc
rfb,defihacklabs,bsc,23649423,0x26f1457f067bf26881f311833391b52ca871a4b5,,ca2-cb9d62babfef067f9bc8,2022-12-05,RFB,Predicting Random Numbers,src/test/2022-12/RFB_exp.sol,bsc,https://github.com/SunWeb3Sec/DeFiHackLabs/blob/main/past/2022/README.md,frozen_public_source_hashed,e7668ddd37e305db9052d4f208bb3b87d1e75956950739d5e9f1fd66f4c26267,4c22db30e2907b87781834b816f73a5451ddbd78318b377367142737299a5f35,"[""https://twitter.com/BlockSecTeam/status/1599991294947778560""]",[],12BNB,exact_contract_basename,True,True,,,2022-12-05,,,,blocked_missing_onchain_and_availability_evidence,"[""missing:deployment_block"", ""missing:prediction_cutoff_block"", ""missing:source_availability_time"", ""missing:runtime_bytecode_hash_at_cutoff"", ""missing:outcome_adjudication_id""]",bsc:0x26f1457f067bf26881f311833391b52ca871a4b5,3e5af2290798a7e319e0,,,,,not_resolved_requires_archive_rpc
shoco,defihacklabs,ethereum,16440978,0x31a4f372aa891b46ba44dc64be1d8947c889e9c6,shanghai,ca2-0973b5638247f1875b62,2023-01-19,SHOCO,Reflection token,src/test/2023-01/SHOCO_exp.sol,mainnet,https://github.com/SunWeb3Sec/DeFiHackLabs/blob/main/past/2023/README.md,frozen_public_source_hashed,1b5a1d9c3166c2b9d60fefc71f8e12d2c3d2f604b259d662e38310d39db6838b,78592a7b3034c3c46902ecbef7e8880793d53f634d01dfcc4cb88973dcb92bae,"[""https://github.com/Autosaida/DeFiHackAnalysis/blob/master/analysis/230119_SHOCO.md""]",[],~4ETH,exact_contract_basename,True,True,,,2023-01-19,,,,blocked_missing_onchain_and_availability_evidence,"[""missing:deployment_block"", ""missing:prediction_cutoff_block"", ""missing:source_availability_time"", ""missing:runtime_bytecode_hash_at_cutoff"", ""missing:outcome_adjudication_id""]",ethereum:0x31a4f372aa891b46ba44dc64be1d8947c889e9c6,d066f6dcb8f9ef51c064,,,,,not_resolved_requires_archive_rpc
qtn,defihacklabs,ethereum,16430212,0xc9fa8f4cfd11559b50c5c7f6672b9eea2757e1bd,shanghai,ca2-c5f9905c03ee273e260f,2023-01-18,QTNToken,business logic flaw,src/test/2023-01/QTN_exp.sol,mainnet,https://github.com/SunWeb3Sec/DeFiHackLabs/blob/main/past/2023/README.md,frozen_public_source_hashed,1b5a1d9c3166c2b9d60fefc71f8e12d2c3d2f604b259d662e38310d39db6838b,97f79379800de58b011883fb2a3b22ada9dfc6c648e72c2674a80e4344a5ddd0,"[""https://twitter.com/BlockSecTeam/status/1615625901739511809""]",[],~2ETH,exact_contract_basename,True,True,,,2023-01-18,,,,blocked_missing_onchain_and_availability_evidence,"[""missing:deployment_block"", ""missing:prediction_cutoff_block"", ""missing:source_availability_time"", ""missing:runtime_bytecode_hash_at_cutoff"", ""missing:outcome_adjudication_id""]",ethereum:0xc9fa8f4cfd11559b50c5c7f6672b9eea2757e1bd,3d09167aabd24c4c8a13,,,,,not_resolved_requires_archive_rpc
tinu,defihacklabs,ethereum,16489408,0x2d0e64b6bf13660a4c0de42a0b88144a7c10991f,shanghai,ca2-acd1e6758fc18c6f0e76,2023-01-26,TINU,Reflection token,src/test/2023-01/TINU_exp.sol,mainnet,https://github.com/SunWeb3Sec/DeFiHackLabs/blob/main/past/2023/README.md,frozen_public_source_hashed,1b5a1d9c3166c2b9d60fefc71f8e12d2c3d2f604b259d662e38310d39db6838b,209b2350caa38b1ece628269e73da01c91e2584a7ea39cb8661f67cf821f0ca4,"[""https://twitter.com/libevm/status/1618718156343873536""]",[],22 ETH,exact_contract_basename,True,True,,,2023-01-26,,,,blocked_missing_onchain_and_availability_evidence,"[""missing:deployment_block"", ""missing:prediction_cutoff_block"", ""missing:source_availability_time"", ""missing:runtime_bytecode_hash_at_cutoff"", ""missing:outcome_adjudication_id""]",ethereum:0x2d0e64b6bf13660a4c0de42a0b88144a7c10991f,ccc9955e648f80702087,,,,,not_resolved_requires_archive_rpc
bra,defihacklabs,bsc,24655771,0x449fea37d339a11efe1b181e5d5462464bba3752,shanghai,ca2-71d01a519d5b777ca8d5,2023-01-10,BRA,Business Logic Flaw,src/test/2023-01/BRA_exp.sol,bsc,https://github.com/SunWeb3Sec/DeFiHackLabs/blob/main/past/2023/README.md,frozen_public_source_hashed,1b5a1d9c3166c2b9d60fefc71f8e12d2c3d2f604b259d662e38310d39db6838b,28c23d8c63daac50bc2d88fdd2e6da928eaad2ae14e15e393342b2bd7f5bdb60,"[""https://twitter.com/BlockSecTeam/status/1612701106982862849"", ""https://twitter.com/CertiKAlert/status/1612674916070858753""]",[],819 BNB (~224k$),exact_contract_basename,True,True,,,2023-01-10,,,,blocked_missing_onchain_and_availability_evidence,"[""missing:deployment_block"", ""missing:prediction_cutoff_block"", ""missing:source_availability_time"", ""missing:runtime_bytecode_hash_at_cutoff"", ""missing:outcome_adjudication_id""]",bsc:0x449fea37d339a11efe1b181e5d5462464bba3752,db6d47992121d0fbda79,,,,,not_resolved_requires_archive_rpc
bevo,defihacklabs,bsc,25230702,0xc6cb12df4520b7bf83f64c79c585b8462e18b6aa,shanghai,ca2-b9cedafde58efbfc26fe,2023-01-30,BEVO,Reflection token,src/test/2023-01/BEVO_exp.sol,bsc,https://github.com/SunWeb3Sec/DeFiHackLabs/blob/main/past/2023/README.md,frozen_public_source_hashed,1b5a1d9c3166c2b9d60fefc71f8e12d2c3d2f604b259d662e38310d39db6838b,466f574ba0b6138ad285df179e8ef8e1f47132c03f6f4cec1ce0c17360bb607a,"[""https://twitter.com/QuillAudits/status/1620377951836708865""]",[],144 BNB,exact_contract_basename,True,True,,,2023-01-30,,,,blocked_missing_onchain_and_availability_evidence,"[""missing:deployment_block"", ""missing:prediction_cutoff_block"", ""missing:source_availability_time"", ""missing:runtime_bytecode_hash_at_cutoff"", ""missing:outcome_adjudication_id""]",bsc:0xc6cb12df4520b7bf83f64c79c585b8462e18b6aa,a17fadf905ba4b14f67c,,,,,not_resolved_requires_archive_rpc
omniestate,defihacklabs,bsc,24850696,0x6f40a3d0c89cffdc8a1af212a019c220a295e9bb,shanghai,ca2-9ed4dcb42bc3e395722f,2023-01-17,OmniEstate,No Input Parameter Check,src/test/2023-01/OmniEstate_exp.sol,bsc,https://github.com/SunWeb3Sec/DeFiHackLabs/blob/main/past/2023/README.md,frozen_public_source_hashed,1b5a1d9c3166c2b9d60fefc71f8e12d2c3d2f604b259d662e38310d39db6838b,339c1cb46cb4b8dba4a69aabf4bd3ddcdf16695bb4c9db2873ed5067910fd5c3,"[""https://twitter.com/BlockSecTeam/status/1615232012834705408""]",[],$70k(236 BNB),exact_contract_basename,True,True,,,2023-01-17,,,,blocked_missing_onchain_and_availability_evidence,"[""missing:deployment_block"", ""missing:prediction_cutoff_block"", ""missing:source_availability_time"", ""missing:runtime_bytecode_hash_at_cutoff"", ""missing:outcome_adjudication_id""]",bsc:0x6f40a3d0c89cffdc8a1af212a019c220a295e9bb,0a9d84c0789648dc8fc5,,,,,not_resolved_requires_archive_rpc
gds,defihacklabs,bsc,24449918,0xc1bb12560468fb255a8e8431bdf883cc4cb3d278,shanghai,ca2-21e1af0751214952c72b,2023-01-03,GDS,Business Logic Flaw,src/test/2023-01/GDS_exp.sol,bsc,https://github.com/SunWeb3Sec/DeFiHackLabs/blob/main/past/2023/README.md,frozen_public_source_hashed,1b5a1d9c3166c2b9d60fefc71f8e12d2c3d2f604b259d662e38310d39db6838b,f133bcf77115517e92a74eaa4862856160367c7dfa6ab0ce717703333d38ca93,"[""https://twitter.com/BlockSecTeam/status/1610167174978760704"", ""https://twitter.com/peckshield/status/1610095490368180224""]",[],$180k,exact_contract_basename,True,True,,,2023-01-03,,,,blocked_missing_onchain_and_availability_evidence,"[""missing:deployment_block"", ""missing:prediction_cutoff_block"", ""missing:source_availability_time"", ""missing:runtime_bytecode_hash_at_cutoff"", ""missing:outcome_adjudication_id""]",bsc:0xc1bb12560468fb255a8e8431bdf883cc4cb3d278,24e2ff2f70b7c9dbd137,,,,,not_resolved_requires_archive_rpc
ufdao,defihacklabs,bsc,24705058,0xf887a2dac0dd432997c970bce597a94ead4a8c25,shanghai,ca2-9ab8788d5d7ac2a3947b,2023-01-11,UFDao,Incorrect Parameter Setting,src/test/2023-01/UFDao_exp.sol,bsc,https://github.com/SunWeb3Sec/DeFiHackLabs/blob/main/past/2023/README.md,frozen_public_source_hashed,1b5a1d9c3166c2b9d60fefc71f8e12d2c3d2f604b259d662e38310d39db6838b,3f87a9969fbd9c3a46a8b56de964bbd87d555974a9361bf27e54e156e94b6108,"[""https://twitter.com/BlockSecTeam/status/1613507804412940289""]",[],$90k,exact_contract_basename,True,True,,,2023-01-11,,,,blocked_missing_onchain_and_availability_evidence,"[""missing:deployment_block"", ""missing:prediction_cutoff_block"", ""missing:source_availability_time"", ""missing:runtime_bytecode_hash_at_cutoff"", ""missing:outcome_adjudication_id""]",bsc:0xf887a2dac0dd432997c970bce597a94ead4a8c25,791da04dc1a605f8ba47,,,,,not_resolved_requires_archive_rpc
upswing,defihacklabs,ethereum,16433820,0x35a254223960c18b69c0526c46b013d022e93902,shanghai,ca2-2f2a6d7666820b172f1a,2023-01-18,UPSToken,business logic flaw,src/test/2023-01/Upswing_exp.sol,ethereum,https://github.com/SunWeb3Sec/DeFiHackLabs/blob/main/past/2023/README.md,frozen_public_source_hashed,1b5a1d9c3166c2b9d60fefc71f8e12d2c3d2f604b259d662e38310d39db6838b,096a64991a7d2fc68aa16318ed16cec6cc60de825fa4e6de92de2b3425e4e1b3,"[""https://etherscan.io/tx/0x4b3df6e9c68ae482c71a02832f7f599ff58ff877ec05fed0abd95b31d2d7d912"", ""https://twitter.com/QuillAudits/status/1615634917802807297""]","[""0x4b3df6e9c68ae482c71a02832f7f599ff58ff877ec05fed0abd95b31d2d7d912""]",~22 ETH,exact_contract_basename,True,True,,,2023-01-18,,,,blocked_missing_onchain_and_availability_evidence,"[""missing:deployment_block"", ""missing:prediction_cutoff_block"", ""missing:source_availability_time"", ""missing:runtime_bytecode_hash_at_cutoff"", ""missing:outcome_adjudication_id""]",ethereum:0x35a254223960c18b69c0526c46b013d022e93902,46b78e6d4339b3e3e809,,,,,not_resolved_requires_archive_rpc
roefinance,defihacklabs,ethereum,16384469,0x5f360c6b7b25dfbfa4f10039ea0f7ecfb9b02e60,shanghai,ca2-0bd28c93ecf3fec1d833,2023-01-11,RoeFinance,FlashLoan price manipulation,src/test/2023-01/RoeFinance_exp.sol,mainnet,https://github.com/SunWeb3Sec/DeFiHackLabs/blob/main/past/2023/README.md,frozen_public_source_hashed,1b5a1d9c3166c2b9d60fefc71f8e12d2c3d2f604b259d662e38310d39db6838b,4038cc16dc764000e5540fd5f01aa745903eea938e4ed3a99a5455622162b49e,"[""https://twitter.com/BlockSecTeam/status/1613267000913960976""]",[],$80k,exact_contract_basename,True,True,,,2023-01-11,,,,blocked_missing_onchain_and_availability_evidence,"[""missing:deployment_block"", ""missing:prediction_cutoff_block"", ""missing:source_availability_time"", ""missing:runtime_bytecode_hash_at_cutoff"", ""missing:outcome_adjudication_id""]",ethereum:0x5f360c6b7b25dfbfa4f10039ea0f7ecfb9b02e60,0a5461fbb0196c78b32e,,,,,not_resolved_requires_archive_rpc
efvault,defihacklabs,ethereum,16696239,0xbdb515028a6fa6cd1634b5a9651184494abfd336,shanghai,ca2-99c425ac31ee8abd76f2,2023-02-24,EFVault,Storage Collision,src/test/2023-02/EFVault_exp.sol,mainnet,https://github.com/SunWeb3Sec/DeFiHackLabs/blob/main/past/2023/README.md,frozen_public_source_hashed,1b5a1d9c3166c2b9d60fefc71f8e12d2c3d2f604b259d662e38310d39db6838b,68edecb51d2fa2593e02e14f18e96fd9ea8769ae3611be1d4dabd888b636bd01,"[""https://twitter.com/drdr_zz/status/1630500170373685248"", ""https://twitter.com/gbaleeeee/status/1630587522698080257"", ""https://twitter.com/peckshield/status/1630490333716029440""]",[],~$5.1M,exact_contract_basename,True,True,,,2023-02-24,,,,blocked_missing_onchain_and_availability_evidence,"[""missing:deployment_block"", ""missing:prediction_cutoff_block"", ""missing:source_availability_time"", ""missing:runtime_bytecode_hash_at_cutoff"", ""missing:outcome_adjudication_id""]",ethereum:0xbdb515028a6fa6cd1634b5a9651184494abfd336,8c1cc322636922e6becb,,,,,not_resolved_requires_archive_rpc
fdp,defihacklabs,bsc,25430418,0x1954b6bd198c29c3ecf2d6f6bc70a4d41ea1cc07,shanghai,ca2-6d220be49d90b51ca6fd,2023-02-06,FDP,Reflection token,src/test/2023-02/FDP_exp.sol,bsc,https://github.com/SunWeb3Sec/DeFiHackLabs/blob/main/past/2023/README.md,frozen_public_source_hashed,1b5a1d9c3166c2b9d60fefc71f8e12d2c3d2f604b259d662e38310d39db6838b,3d906384ee936746d672dbfc3cad07972bb1e7119141ce312010671cf7c85581,"[""https://twitter.com/BeosinAlert/status/1622806011269771266""]",[],~16 WBNB,exact_contract_basename,True,True,,,2023-02-06,,,,blocked_missing_onchain_and_availability_evidence,"[""missing:deployment_block"", ""missing:prediction_cutoff_block"", ""missing:source_availability_time"", ""missing:runtime_bytecode_hash_at_cutoff"", ""missing:outcome_adjudication_id""]",bsc:0x1954b6bd198c29c3ecf2d6f6bc70a4d41ea1cc07,2a95a8c09c690a2e3259,,,,,not_resolved_requires_archive_rpc
dexible,defihacklabs,ethereum,16646022,0xde62e1b0edaa55aac5ffbe21984d321706418024,shanghai,ca2-12f0d5e40474ef0de502,2023-02-17,Dexible,Arbitrary External Call Vulnerability,src/test/2023-02/Dexible_exp.sol,mainnet,https://github.com/SunWeb3Sec/DeFiHackLabs/blob/main/past/2023/README.md,frozen_public_source_hashed,1b5a1d9c3166c2b9d60fefc71f8e12d2c3d2f604b259d662e38310d39db6838b,4e6fd15f0c9f1255cfe205eaee2b040e69c0dac862c7bf768fe3fdc53312a057,"[""https://twitter.com/MevRefund/status/1626450002254958592"", ""https://twitter.com/peckshield/status/1626493024879673344""]",[],~$1.5M,exact_contract_basename,True,True,,,2023-02-17,,,,blocked_missing_onchain_and_availability_evidence,"[""missing:deployment_block"", ""missing:prediction_cutoff_block"", ""missing:source_availability_time"", ""missing:runtime_bytecode_hash_at_cutoff"", ""missing:outcome_adjudication_id""]",ethereum:0xde62e1b0edaa55aac5ffbe21984d321706418024,924e7f5eed14f7830f87,,,,,not_resolved_requires_archive_rpc
dyna,defihacklabs,bsc,25879486,0xa7b5eabc3ee82c585f5f4ccc26b81c3bd62ff3a9,shanghai,ca2-d5206e281e59cc007b02,2023-02-22,DYNA,Business Logic Flaw,src/test/2023-02/DYNA_exp.sol,bsc,https://github.com/SunWeb3Sec/DeFiHackLabs/blob/main/past/2023/README.md,frozen_public_source_hashed,1b5a1d9c3166c2b9d60fefc71f8e12d2c3d2f604b259d662e38310d39db6838b,0606d32d977bdc3f23dd05023c118ba7841cf5fb14bdec135b2b1d42c7952174,"[""https://twitter.com/BeosinAlert/status/1628301635834486784"", ""https://twitter.com/BlockSecTeam/status/1628319536117153794""]",[],~$21k,exact_contract_basename,True,True,,,2023-02-22,,,,blocked_missing_onchain_and_availability_evidence,"[""missing:deployment_block"", ""missing:prediction_cutoff_block"", ""missing:source_availability_time"", ""missing:runtime_bytecode_hash_at_cutoff"", ""missing:outcome_adjudication_id""]",bsc:0xa7b5eabc3ee82c585f5f4ccc26b81c3bd62ff3a9,0e3dcd4eec99a208ad9d,,,,,not_resolved_requires_archive_rpc
revertfinance,defihacklabs,ethereum,16653389,0x531110418d8591c92e9cbbfc722db8ffb604fafd,shanghai,ca2-4de34020e1fa2eaee68a,2023-02-18,RevertFinance,Arbitrary External Call Vulnerability,src/test/2023-02/RevertFinance_exp.sol,mainnet,https://github.com/SunWeb3Sec/DeFiHackLabs/blob/main/past/2023/README.md,frozen_public_source_hashed,1b5a1d9c3166c2b9d60fefc71f8e12d2c3d2f604b259d662e38310d39db6838b,207d11063b53884c885c89aa548be4521d5744a7ac420e813021f072bcdb0eee,"[""https://mirror.xyz/revertfinance.eth/3sdpQ3v9vEKiOjaHXUi3TdEfhleAXXlAEWeODrRHJtU""]",[],~$30k,exact_contract_basename,True,True,,,2023-02-18,,,,blocked_missing_onchain_and_availability_evidence,"[""missing:deployment_block"", ""missing:prediction_cutoff_block"", ""missing:source_availability_time"", ""missing:runtime_bytecode_hash_at_cutoff"", ""missing:outcome_adjudication_id""]",ethereum:0x531110418d8591c92e9cbbfc722db8ffb604fafd,9a5c9c9be4aaeacaa117,,,,,not_resolved_requires_archive_rpc
starlink,defihacklabs,bsc,25729304,0x518281f34dbf5b76e6cdd3908a6972e8ec49e345,shanghai,ca2-0062515827b6285930f2,2023-02-17,Starlink,Business Logic Flaw,src/test/2023-02/Starlink_exp.sol,bsc,https://github.com/SunWeb3Sec/DeFiHackLabs/blob/main/past/2023/README.md,frozen_public_source_hashed,1b5a1d9c3166c2b9d60fefc71f8e12d2c3d2f604b259d662e38310d39db6838b,ce989f1533e653d024b528cbd95da156c293d2c4a813e73814fb2ef1e94b91a7,"[""https://twitter.com/NumenAlert/status/1626447469361102850"", ""https://twitter.com/bbbb/status/1626392605264351235""]",[],~$12k,exact_contract_basename,True,True,,,2023-02-17,,,,blocked_missing_onchain_and_availability_evidence,"[""missing:deployment_block"", ""missing:prediction_cutoff_block"", ""missing:source_availability_time"", ""missing:runtime_bytecode_hash_at_cutoff"", ""missing:outcome_adjudication_id""]",bsc:0x518281f34dbf5b76e6cdd3908a6972e8ec49e345,ad5b794c8fa1c33f628d,,,,,not_resolved_requires_archive_rpc
bigfi,defihacklabs,bsc,26685503,0xd3d4b46db01c006fb165879f343fc13174a1ceeb,shanghai,ca2-d78f4dfccb15753abb19,2023-03-22,BIGFI,Reflection token,src/test/2023-03/BIGFI_exp.sol,bsc,https://github.com/SunWeb3Sec/DeFiHackLabs/blob/main/past/2023/README.md,frozen_public_source_hashed,1b5a1d9c3166c2b9d60fefc71f8e12d2c3d2f604b259d662e38310d39db6838b,220300e58292c3d55d564b0788ae83fbcd7bb1b362e8625a43291b6ae713ac6e,"[""https://twitter.com/HypernativeLabs/status/1638522680654675970""]",[],$30k,exact_contract_basename,True,True,,,2023-03-22,,,,blocked_missing_onchain_and_availability_evidence,"[""missing:deployment_block"", ""missing:prediction_cutoff_block"", ""missing:source_availability_time"", ""missing:runtime_bytecode_hash_at_cutoff"", ""missing:outcome_adjudication_id""]",bsc:0xd3d4b46db01c006fb165879f343fc13174a1ceeb,978bb10194a0c2ef585a,,,,,not_resolved_requires_archive_rpc
sheep,defihacklabs,bsc,25543755,0x0025b42bfc22cbba6c02d23d4ec2abfcf6e014d4,shanghai,ca2-91206b717060c4fd7b39,2023-02-10,Sheep,Reflection token,src/test/2023-02/Sheep_exp.sol,bsc,https://github.com/SunWeb3Sec/DeFiHackLabs/blob/main/past/2023/README.md,frozen_public_source_hashed,1b5a1d9c3166c2b9d60fefc71f8e12d2c3d2f604b259d662e38310d39db6838b,1da2b0d5408a2ec990fa02df710580cd89676723591b068165339ad3e21faa13,"[""https://twitter.com/BlockSecTeam/status/1623999717482045440"", ""https://twitter.com/BlockSecTeam/status/1624077078852210691""]",[],~$3K,exact_contract_basename,True,True,,,2023-02-10,,,,blocked_missing_onchain_and_availability_evidence,"[""missing:deployment_block"", ""missing:prediction_cutoff_block"", ""missing:source_availability_time"", ""missing:runtime_bytecode_hash_at_cutoff"", ""missing:outcome_adjudication_id""]",bsc:0x0025b42bfc22cbba6c02d23d4ec2abfcf6e014d4,47510c06d73c31f0b96a,,,,,not_resolved_requires_archive_rpc
orion,defihacklabs,ethereum,16542147,0xb5599f568d3f3e6113b286d010d2bca40a7745aa,shanghai,ca2-ee795333beb4dcb94cce,2023-02-03,Orion Protocol,Reentrancy,src/test/2023-02/Orion_exp.sol,mainnet,https://github.com/SunWeb3Sec/DeFiHackLabs/blob/main/past/2023/README.md,frozen_public_source_hashed,1b5a1d9c3166c2b9d60fefc71f8e12d2c3d2f604b259d662e38310d39db6838b,230018610c21d80d51f87ee5b73442005156617f01ca4fe6120bf470660824b6,"[""https://twitter.com/BlockSecTeam/status/1621263393054420992"", ""https://twitter.com/peckshield/status/1621337925228306433"", ""https://www.numencyber.com/analysis-of-orionprotocol-reentrancy-attack-with-poc/""]",[],$3M,exact_contract_basename,True,True,,,2023-02-03,,,,blocked_missing_onchain_and_availability_evidence,"[""missing:deployment_block"", ""missing:prediction_cutoff_block"", ""missing:source_availability_time"", ""missing:runtime_bytecode_hash_at_cutoff"", ""missing:outcome_adjudication_id""]",ethereum:0xb5599f568d3f3e6113b286d010d2bca40a7745aa,a301e4b9c9d6e937df50,,,,,not_resolved_requires_archive_rpc
poolz,defihacklabs,bsc,26475403,0x8bfaa473a899439d8e07bf86a8c6ce5de42fe54b,shanghai,ca2-ffbe4d4d4db010d46d01,2023-03-15,Poolz,integer overflow,src/test/2023-03/poolz_exp.sol,bsc,https://github.com/SunWeb3Sec/DeFiHackLabs/blob/main/past/2023/README.md,frozen_public_source_hashed,1b5a1d9c3166c2b9d60fefc71f8e12d2c3d2f604b259d662e38310d39db6838b,bda1ee287e1e98d03ba4f9d84d1de72a3bfe16cc8fcf2398cfbb174bc4ca86d1,"[""https://twitter.com/peckshield/status/1635860470359015425""]",[],~$390K,exact_contract_basename,True,True,,,2023-03-15,,,,blocked_missing_onchain_and_availability_evidence,"[""missing:deployment_block"", ""missing:prediction_cutoff_block"", ""missing:source_availability_time"", ""missing:runtime_bytecode_hash_at_cutoff"", ""missing:outcome_adjudication_id""]",bsc:0x8bfaa473a899439d8e07bf86a8c6ce5de42fe54b,13d164df966bc39f6928,,,,,not_resolved_requires_archive_rpc
allbridge,defihacklabs,bsc,26982067,0x7e6c2522fee4e74a0182b9c6159048361bc3260a,shanghai,ca2-c3da8c67aae06b7ecce1,2023-04-02,Allbridge,FlashLoan price manipulation,src/test/2023-04/Allbridge_exp.sol,bsc,https://github.com/SunWeb3Sec/DeFiHackLabs/blob/main/past/2023/README.md,frozen_public_source_hashed,1b5a1d9c3166c2b9d60fefc71f8e12d2c3d2f604b259d662e38310d39db6838b,9e6ba73f3f619cf65fc515389a80b649a51aa891855bd02aaed3938aad6973b1,"[""https://twitter.com/BeosinAlert/status/1642372700726505473"", ""https://twitter.com/peckshield/status/1642356701100916736""]",[],$550k,exact_contract_basename,True,True,,,2023-04-02,,,,blocked_missing_onchain_and_availability_evidence,"[""missing:deployment_block"", ""missing:prediction_cutoff_block"", ""missing:source_availability_time"", ""missing:runtime_bytecode_hash_at_cutoff"", ""missing:outcome_adjudication_id""]",bsc:0x7e6c2522fee4e74a0182b9c6159048361bc3260a,b8072a9538b1227d4a81,,,,,not_resolved_requires_archive_rpc
dbw,defihacklabs,bsc,26745691,0xbf5baea5113e9eb7009a6680747f2c7569dfc2d6,shanghai,ca2-33375f53486ac02fc6d2,2023-03-25,DBW,Business Logic Flaw,src/test/2023-03/DBW_exp.sol,bsc,https://github.com/SunWeb3Sec/DeFiHackLabs/blob/main/past/2023/README.md,frozen_public_source_hashed,1b5a1d9c3166c2b9d60fefc71f8e12d2c3d2f604b259d662e38310d39db6838b,2d5fb42b8fb902aed9674385117e519fbbd3c9e74f81b581634bf8b73703dc1b,"[""https://twitter.com/AnciliaInc/status/1639289686937210880"", ""https://twitter.com/BeosinAlert/status/1639655134232969216""]",[],$24k,exact_contract_basename,True,True,,,2023-03-25,,,,blocked_missing_onchain_and_availability_evidence,"[""missing:deployment_block"", ""missing:prediction_cutoff_block"", ""missing:source_availability_time"", ""missing:runtime_bytecode_hash_at_cutoff"", ""missing:outcome_adjudication_id""]",bsc:0xbf5baea5113e9eb7009a6680747f2c7569dfc2d6,26d737cfcc8973b50e21,,,,,not_resolved_requires_archive_rpc
axioma,defihacklabs,bsc,27620320,0x2c25aee99ed08a61e7407a5674bc2d1a72b5d8e3,shanghai,ca2-31fe70569e5c85e1450b,2023-04-24,Axioma,Business Logic Flaw,src/test/2023-04/Axioma_exp.sol,bsc,https://github.com/SunWeb3Sec/DeFiHackLabs/blob/main/past/2023/README.md,frozen_public_source_hashed,1b5a1d9c3166c2b9d60fefc71f8e12d2c3d2f604b259d662e38310d39db6838b,d1f57ab5d65e3870792251bb781cb24374339cd2c271c583bcb8d369468509d7,"[""https://twitter.com/HypernativeLabs/status/1650382589847302145""]",[],~21 WBNB,exact_contract_basename,True,True,,,2023-04-24,,,,blocked_missing_onchain_and_availability_evidence,"[""missing:deployment_block"", ""missing:prediction_cutoff_block"", ""missing:source_availability_time"", ""missing:runtime_bytecode_hash_at_cutoff"", ""missing:outcome_adjudication_id""]",bsc:0x2c25aee99ed08a61e7407a5674bc2d1a72b5d8e3,74034cc2bc421393f08c,,,,,not_resolved_requires_archive_rpc
olife,defihacklabs,bsc,27470678,0xb5a0ce3acd6ec557d39afdcbc93b07a1e1a9e3fa,shanghai,ca2-444479add25939f22fc7,2023-04-19,OLIFE,Reflection token,src/test/2023-04/OLIFE_exp.sol,bsc,https://github.com/SunWeb3Sec/DeFiHackLabs/blob/main/past/2023/README.md,frozen_public_source_hashed,1b5a1d9c3166c2b9d60fefc71f8e12d2c3d2f604b259d662e38310d39db6838b,f45cb26ca206b4bde90938dde044e118066e680daef86e0ce52ad3c62684d22a,"[""https://twitter.com/BeosinAlert/status/1648520494516420608""]",[],~32 WBNB,exact_contract_basename,True,True,,,2023-04-19,,,,blocked_missing_onchain_and_availability_evidence,"[""missing:deployment_block"", ""missing:prediction_cutoff_block"", ""missing:source_availability_time"", ""missing:runtime_bytecode_hash_at_cutoff"", ""missing:outcome_adjudication_id""]",bsc:0xb5a0ce3acd6ec557d39afdcbc93b07a1e1a9e3fa,3fbdd7d421aa8e1e245e,,,,,not_resolved_requires_archive_rpc
sushi_router,defihacklabs,ethereum,17007841,0x044b75f554b886a065b9567891e45c79542d7357,shanghai,ca2-59fefab120e73557ebbd,2023-04-09,SushiSwap,Unchecked User Input,src/test/2023-04/Sushi_Router_exp.sol,mainnet,https://github.com/SunWeb3Sec/DeFiHackLabs/blob/main/past/2023/README.md,frozen_public_source_hashed,1b5a1d9c3166c2b9d60fefc71f8e12d2c3d2f604b259d662e38310d39db6838b,2f68d6a8ba91da88a2370a929db3676986a4819479ce27ecc2a31c56dd5f51aa,"[""https://twitter.com/AnciliaInc/status/1644925421006520320"", ""https://twitter.com/SlowMist_Team/status/1644936375924584449"", ""https://twitter.com/peckshield/status/1644907207530774530""]",[],>$3.3M,exact_contract_basename,True,True,,,2023-04-09,,,,blocked_missing_onchain_and_availability_evidence,"[""missing:deployment_block"", ""missing:prediction_cutoff_block"", ""missing:source_availability_time"", ""missing:runtime_bytecode_hash_at_cutoff"", ""missing:outcome_adjudication_id""]",ethereum:0x044b75f554b886a065b9567891e45c79542d7357,8430db5c154bd856e6e7,,,,,not_resolved_requires_archive_rpc
safemoon,defihacklabs,bsc,26854757,0x42981d0bfbaf196529376ee702f2a9eb9092fcb5,shanghai,ca2-6e83ea5ad89c085e5f5b,2023-03-28,SafeMoon Hack,Access Control,src/test/2023-03/safeMoon_exp.sol,bsc,https://github.com/SunWeb3Sec/DeFiHackLabs/blob/main/past/2023/README.md,frozen_public_source_hashed,1b5a1d9c3166c2b9d60fefc71f8e12d2c3d2f604b259d662e38310d39db6838b,2498c583ba177edc37f363e0b54f95dce073d9cbc59359a1f1664f38071aecf5,"[""https://twitter.com/zokyo_io/status/1641014520041840640""]",[],$8.9M,exact_contract_basename,True,True,,,2023-03-28,,,,blocked_missing_onchain_and_availability_evidence,"[""missing:deployment_block"", ""missing:prediction_cutoff_block"", ""missing:source_availability_time"", ""missing:runtime_bytecode_hash_at_cutoff"", ""missing:outcome_adjudication_id""]",bsc:0x42981d0bfbaf196529376ee702f2a9eb9092fcb5,55151cf600bc78bbf08b,,,,,not_resolved_requires_archive_rpc
swapos,defihacklabs,ethereum,17057419,0x8ce2f9286f50fbe2464bfd881fab8effc8dc584f,shanghai,ca2-4bda3ef104b3f057c7fd,2023-04-16,Swapos V2,error k value Attack,src/test/2023-04/Swapos_exp.sol,mainnet,https://github.com/SunWeb3Sec/DeFiHackLabs/blob/main/past/2023/README.md,frozen_public_source_hashed,1b5a1d9c3166c2b9d60fefc71f8e12d2c3d2f604b259d662e38310d39db6838b,e94fd586bd17e469d11f7ab540aff87a6383b37a90ab987fdfff7a54b73bf3fe,"[""https://twitter.com/BeosinAlert/status/1647552192243728385"", ""https://twitter.com/CertiKAlert/status/1647530789947469825""]",[],~$468k,exact_contract_basename,True,True,,,2023-04-16,,,,blocked_missing_onchain_and_availability_evidence,"[""missing:deployment_block"", ""missing:prediction_cutoff_block"", ""missing:source_availability_time"", ""missing:runtime_bytecode_hash_at_cutoff"", ""missing:outcome_adjudication_id""]",ethereum:0x8ce2f9286f50fbe2464bfd881fab8effc8dc584f,8e2e1af91a7f638337f2,,,,,not_resolved_requires_archive_rpc
yearnfinance,defihacklabs,ethereum,17036774,0x83f798e925bcd4017eb265844fddabb448f1707d,shanghai,ca2-6b709bd598843f9b172a,2023-04-13,yearnFinance,Misconfiguration,src/test/2023-04/YearnFinance_exp.sol,mainnet,https://github.com/SunWeb3Sec/DeFiHackLabs/blob/main/past/2023/README.md,frozen_public_source_hashed,1b5a1d9c3166c2b9d60fefc71f8e12d2c3d2f604b259d662e38310d39db6838b,37a56741b1b475a56725fe36565ad21976ef7d726b4c6ac3aa334aefa6aeadc9,"[""https://twitter.com/BeosinAlert/status/1646481687445114881"", ""https://twitter.com/cmichelio/status/1646422861219807233""]",[],$11.6M,exact_contract_basename,True,True,,,2023-04-13,,,,blocked_missing_onchain_and_availability_evidence,"[""missing:deployment_block"", ""missing:prediction_cutoff_block"", ""missing:source_availability_time"", ""missing:runtime_bytecode_hash_at_cutoff"", ""missing:outcome_adjudication_id""]",ethereum:0x83f798e925bcd4017eb265844fddabb448f1707d,3458e2f5b55cb5fdeb0b,,,,,not_resolved_requires_archive_rpc
babydogecoin,defihacklabs,bsc,28593354,0xc748673057861a797275cd8a068abb95a902e8de,shanghai,ca2-1a73db8dcf62dc8e4419,2023-05-29,BabyDogeCoin,Lack Slippage Protection,src/test/2023-05/BabyDogeCoin_exp.sol,bsc,https://github.com/SunWeb3Sec/DeFiHackLabs/blob/main/past/2023/README.md,frozen_public_source_hashed,1b5a1d9c3166c2b9d60fefc71f8e12d2c3d2f604b259d662e38310d39db6838b,f2cbefc8b122988a0ecb2a48794d7f5e6ab5a2843115be4493c3a46a8a5dd383,"[""https://twitter.com/Phalcon_xyz/status/1662744426475831298""]",[],~$135k,exact_contract_basename,True,True,,,2023-05-29,,,,blocked_missing_onchain_and_availability_evidence,"[""missing:deployment_block"", ""missing:prediction_cutoff_block"", ""missing:source_availability_time"", ""missing:runtime_bytecode_hash_at_cutoff"", ""missing:outcome_adjudication_id""]",bsc:0xc748673057861a797275cd8a068abb95a902e8de,29f8c462db7e86eb8869,,,,,not_resolved_requires_archive_rpc
silo_finance,defihacklabs,ethereum,17139470,0xcb3b879ab11f825885d5add8bf3672596d35197c,shanghai,ca2-0f2e70bb64b6ee9426eb,2023-04-27,Silo finance,Business Logic Flaw,src/test/2023-04/silo_finance_exp.sol,mainnet,https://github.com/SunWeb3Sec/DeFiHackLabs/blob/main/past/2023/README.md,frozen_public_source_hashed,1b5a1d9c3166c2b9d60fefc71f8e12d2c3d2f604b259d662e38310d39db6838b,9b884914f8626d2d99687e9e3de2268d1534ccdf70eaa31fbe6f3d47de80a7ec,"[""https://medium.com/immunefi/silo-finance-logic-error-bugfix-review-35de29bd934a""]",[],,frozen_date_override,True,True,,,2023-04-27,,,,blocked_missing_onchain_and_availability_evidence,"[""missing:deployment_block"", ""missing:prediction_cutoff_block"", ""missing:source_availability_time"", ""missing:runtime_bytecode_hash_at_cutoff"", ""missing:outcome_adjudication_id""]",ethereum:0xcb3b879ab11f825885d5add8bf3672596d35197c,08cc775e07351e9e096b,,,,,not_resolved_requires_archive_rpc
bitpaidio,defihacklabs,bsc,28176675,0x9d6d817ea5d4a69ff4c4509bea8f9b2534cec108,shanghai,ca2-59a1cba91e5790395c7b,2023-05-13,Bitpaidio,Business Logic Flaw,src/test/2023-05/Bitpaidio_exp.sol,bsc,https://github.com/SunWeb3Sec/DeFiHackLabs/blob/main/past/2023/README.md,frozen_public_source_hashed,1b5a1d9c3166c2b9d60fefc71f8e12d2c3d2f604b259d662e38310d39db6838b,4683251ff02b948ca7e6f187c76773c1ea70e778b8de50a96b27635c4b31ac62,"[""https://twitter.com/BlockSecTeam/status/1657411284076478465""]",[],~$30K,exact_contract_basename,True,True,,,2023-05-13,,,,blocked_missing_onchain_and_availability_evidence,"[""missing:deployment_block"", ""missing:prediction_cutoff_block"", ""missing:source_availability_time"", ""missing:runtime_bytecode_hash_at_cutoff"", ""missing:outcome_adjudication_id""]",bsc:0x9d6d817ea5d4a69ff4c4509bea8f9b2534cec108,85b97e160503c7bd2ce9,,,,,not_resolved_requires_archive_rpc
fapen,defihacklabs,bsc,28637846,0xf3f1abae8bfeca054b330c379794a7bf84988228,shanghai,ca2-2204bc187116e38ab9eb,2023-05-29,FAPEN,Wrong balance check,src/test/2023-05/FAPEN_exp.sol,bsc,https://github.com/SunWeb3Sec/DeFiHackLabs/blob/main/past/2023/README.md,frozen_public_source_hashed,1b5a1d9c3166c2b9d60fefc71f8e12d2c3d2f604b259d662e38310d39db6838b,9903575470e05debdc8af3e0a6b38af77a955c68a506a6080e6e2db71618b7c7,"[""https://twitter.com/hexagate_/status/1663501550600302601""]",[],~$600,exact_contract_basename,True,True,,,2023-05-29,,,,blocked_missing_onchain_and_availability_evidence,"[""missing:deployment_block"", ""missing:prediction_cutoff_block"", ""missing:source_availability_time"", ""missing:runtime_bytecode_hash_at_cutoff"", ""missing:outcome_adjudication_id""]",bsc:0xf3f1abae8bfeca054b330c379794a7bf84988228,c9666189000b52789914,,,,,not_resolved_requires_archive_rpc
erc20tokenbank,defihacklabs,ethereum,17376906,0x765b8d7cd8ff304f796f4b6fb1bcf78698333f6d,shanghai,ca2-2f764ff5c7c146ad35b3,2023-05-31,ERC20TokenBank,Price Manipulation,src/test/2023-05/ERC20TokenBank_exp.sol,mainnet,https://github.com/SunWeb3Sec/DeFiHackLabs/blob/main/past/2023/README.md,frozen_public_source_hashed,1b5a1d9c3166c2b9d60fefc71f8e12d2c3d2f604b259d662e38310d39db6838b,cc25142537541b03e2a2cde009662c1a89939a7dc5ea5167e2596c16860eb0c3,"[""https://twitter.com/BlockSecTeam/status/1663810037788311561""]",[],~$111k,exact_contract_basename,True,True,,,2023-05-31,,,,blocked_missing_onchain_and_availability_evidence,"[""missing:deployment_block"", ""missing:prediction_cutoff_block"", ""missing:source_availability_time"", ""missing:runtime_bytecode_hash_at_cutoff"", ""missing:outcome_adjudication_id""]",ethereum:0x765b8d7cd8ff304f796f4b6fb1bcf78698333f6d,c82d1b349a648d338e32,,,,,not_resolved_requires_archive_rpc
cs,defihacklabs,bsc,28466976,0x8bc6ce23e5e2c4f0a96429e3c9d482d74171215e,shanghai,ca2-22ca428502dddf9f2871,2023-05-24,CS Token,Outdated Global Variable,src/test/2023-05/CS_exp.sol,bsc,https://github.com/SunWeb3Sec/DeFiHackLabs/blob/main/past/2023/README.md,frozen_public_source_hashed,1b5a1d9c3166c2b9d60fefc71f8e12d2c3d2f604b259d662e38310d39db6838b,b1eac141e6770456816aef704a422069bc7c3d9376ce88023f987f73d9e03c31,"[""https://twitter.com/BlockSecTeam/status/1661098394130198528"", ""https://twitter.com/numencyber/status/1661207123102167041""]",[],~714K USD,exact_contract_basename,True,True,,,2023-05-24,,,,blocked_missing_onchain_and_availability_evidence,"[""missing:deployment_block"", ""missing:prediction_cutoff_block"", ""missing:source_availability_time"", ""missing:runtime_bytecode_hash_at_cutoff"", ""missing:outcome_adjudication_id""]",bsc:0x8bc6ce23e5e2c4f0a96429e3c9d482d74171215e,1442a140ea6e80bcc46e,,,,,not_resolved_requires_archive_rpc
hodlcapital,defihacklabs,ethereum,17220892,0xeda47e13fd1192e32226753dc2261c4a14908fb7,shanghai,ca2-347a5ac7c8586f3866c1,2023-05-09,HODL,Reflection token,src/test/2023-05/HODLCapital_exp.sol,mainnet,https://github.com/SunWeb3Sec/DeFiHackLabs/blob/main/past/2023/README.md,frozen_public_source_hashed,1b5a1d9c3166c2b9d60fefc71f8e12d2c3d2f604b259d662e38310d39db6838b,be2766c06367f10ee7018421cb76febad2cd6cc091b52344bac9938ab3a02e15,"[""https://explorer.phalcon.xyz/tx/eth/0xedc214a62ff6fd764200ddaa8ceae54f842279eadab80900be5f29d0b75212df"", ""https://x.com/numencyber/status/1655825767392247808""]","[""0xedc214a62ff6fd764200ddaa8ceae54f842279eadab80900be5f29d0b75212df""]",~$2.3 ETH,exact_contract_basename,True,True,,,2023-05-09,,,,blocked_missing_onchain_and_availability_evidence,"[""missing:deployment_block"", ""missing:prediction_cutoff_block"", ""missing:source_availability_time"", ""missing:runtime_bytecode_hash_at_cutoff"", ""missing:outcome_adjudication_id""]",ethereum:0xeda47e13fd1192e32226753dc2261c4a14908fb7,c86f319ebf53b1b35061,,,,,not_resolved_requires_archive_rpc
melo,defihacklabs,bsc,27960445,0x9a1aef8c9ada4224ad774afdac07c24955c92a54,shanghai,ca2-bdda6e92a5771cd2e1b7,2023-05-06,Melo,Access Control,src/test/2023-05/Melo_exp.sol,bsc,https://github.com/SunWeb3Sec/DeFiHackLabs/blob/main/past/2023/README.md,frozen_public_source_hashed,1b5a1d9c3166c2b9d60fefc71f8e12d2c3d2f604b259d662e38310d39db6838b,1dc21648b7180b94668622e40e723ddb45f816a0b4db31f80c03b8227679254a,"[""https://twitter.com/peckshield/status/1654667621139349505""]",[],~$90k,exact_contract_basename,True,True,,,2023-05-06,,,,blocked_missing_onchain_and_availability_evidence,"[""missing:deployment_block"", ""missing:prediction_cutoff_block"", ""missing:source_availability_time"", ""missing:runtime_bytecode_hash_at_cutoff"", ""missing:outcome_adjudication_id""]",bsc:0x9a1aef8c9ada4224ad774afdac07c24955c92a54,4d0cde578d7c6944e7d1,,,,,not_resolved_requires_archive_rpc
lw,defihacklabs,bsc,28133285,0x7b8c378df8650373d82ceb1085a18fe34031784f,shanghai,ca2-e54f2002a25549da55ac,2023-05-12,LW,FlashLoan Price Manipulation,src/test/2023-05/LW_exp.sol,bsc,https://github.com/SunWeb3Sec/DeFiHackLabs/blob/main/past/2023/README.md,frozen_public_source_hashed,1b5a1d9c3166c2b9d60fefc71f8e12d2c3d2f604b259d662e38310d39db6838b,49b6cafe686b7ed303e5c8fde8dcbd7aad87ef4c64f05c35cfd6166a6ee469de,"[""https://twitter.com/PeckShieldAlert/status/1656850634312925184"", ""https://twitter.com/hexagate_/status/1657051084131639296""]",[],~$50k,frozen_date_override,True,True,,,2023-05-12,,,,blocked_missing_onchain_and_availability_evidence,"[""missing:deployment_block"", ""missing:prediction_cutoff_block"", ""missing:source_availability_time"", ""missing:runtime_bytecode_hash_at_cutoff"", ""missing:outcome_adjudication_id""]",bsc:0x7b8c378df8650373d82ceb1085a18fe34031784f,e640b15471683df03d75,,,,,not_resolved_requires_archive_rpc
multichaincapital,defihacklabs,ethereum,17221445,0x1a7981d87e3b6a95c1516eb820e223fe979896b3,shanghai,ca2-11635f2908fcc175e7c9,2023-05-09,MCC,Reflection token,src/test/2023-05/MultiChainCapital_exp.sol,mainnet,https://github.com/SunWeb3Sec/DeFiHackLabs/blob/main/past/2023/README.md,frozen_public_source_hashed,1b5a1d9c3166c2b9d60fefc71f8e12d2c3d2f604b259d662e38310d39db6838b,e9c51537d22eb98fbcac694db0e01fbd86720b900728569d4afbb877e3ecd65a,"[""https://twitter.com/BeosinAlert/status/1655846558762692608""]",[],~$10 ETH,exact_contract_basename,True,True,,,2023-05-09,,,,blocked_missing_onchain_and_availability_evidence,"[""missing:deployment_block"", ""missing:prediction_cutoff_block"", ""missing:source_availability_time"", ""missing:runtime_bytecode_hash_at_cutoff"", ""missing:outcome_adjudication_id""]",ethereum:0x1a7981d87e3b6a95c1516eb820e223fe979896b3,3f445f19780432731cc2,,,,,not_resolved_requires_archive_rpc
level,defihacklabs,bsc,27830139,0x977087422c008233615b572fbc3f209ed300063a,shanghai,ca2-001b14467ef9b84b416a,2023-05-02,Level,Business Logic Flaw,src/test/2023-05/Level_exp.sol,bsc,https://github.com/SunWeb3Sec/DeFiHackLabs/blob/main/past/2023/README.md,frozen_public_source_hashed,1b5a1d9c3166c2b9d60fefc71f8e12d2c3d2f604b259d662e38310d39db6838b,a8fb16f1411330e130d3de965ab9566abad2bed4494b479d532b26982bf317cf,"[""https://twitter.com/BlockSecTeam/status/1653267431127920641"", ""https://twitter.com/peckshield/status/1653149493133729794""]",[],~$1M,exact_contract_basename,True,True,,,2023-05-02,,,,blocked_missing_onchain_and_availability_evidence,"[""missing:deployment_block"", ""missing:prediction_cutoff_block"", ""missing:source_availability_time"", ""missing:runtime_bytecode_hash_at_cutoff"", ""missing:outcome_adjudication_id""]",bsc:0x977087422c008233615b572fbc3f209ed300063a,6c94ae1c94a6ea31b82c,,,,,not_resolved_requires_archive_rpc
sellc02,defihacklabs,bsc,28187317,0xeaf83465025b4bf9020fdf9ea5fb6e71dc8a0779,shanghai,ca2-8ce9d12a815961338519,2023-05-14,SellToken03,Unchecked User Input,src/test/2023-05/SELLC02_exp.sol,bsc,https://github.com/SunWeb3Sec/DeFiHackLabs/blob/main/past/2023/README.md,frozen_public_source_hashed,1b5a1d9c3166c2b9d60fefc71f8e12d2c3d2f604b259d662e38310d39db6838b,559eb4960b432d4fa1392e4d65cda28a014cefe0e6886c640cfd27582f00dcd9,"[""https://twitter.com/BlockSecTeam/status/1657715018908180480""]",[],Unclear,exact_contract_basename,True,True,,,2023-05-14,,,,blocked_missing_onchain_and_availability_evidence,"[""missing:deployment_block"", ""missing:prediction_cutoff_block"", ""missing:source_availability_time"", ""missing:runtime_bytecode_hash_at_cutoff"", ""missing:outcome_adjudication_id""]",bsc:0xeaf83465025b4bf9020fdf9ea5fb6e71dc8a0779,dbf73f47a005e9f8c268,,,,,not_resolved_requires_archive_rpc
neverfall,defihacklabs,bsc,27863177,0x5abde8b434133c98c36f4b21476791d95d888bf5,shanghai,ca2-10135a96af2e104eb4a4,2023-05-03,NeverFall,Price Manipulation,src/test/2023-05/NeverFall_exp.sol,bsc,https://github.com/SunWeb3Sec/DeFiHackLabs/blob/main/past/2023/README.md,frozen_public_source_hashed,1b5a1d9c3166c2b9d60fefc71f8e12d2c3d2f604b259d662e38310d39db6838b,24887d71d881e9b3355abe95a52ecaa0d0c74111a215a55236b2edc74bf19ec4,"[""https://twitter.com/BeosinAlert/status/1653619782317662211""]",[],~74K,exact_contract_basename,True,True,,,2023-05-03,,,,blocked_missing_onchain_and_availability_evidence,"[""missing:deployment_block"", ""missing:prediction_cutoff_block"", ""missing:source_availability_time"", ""missing:runtime_bytecode_hash_at_cutoff"", ""missing:outcome_adjudication_id""]",bsc:0x5abde8b434133c98c36f4b21476791d95d888bf5,de18247c7594f00d7d96,,,,,not_resolved_requires_archive_rpc
sellc,defihacklabs,bsc,28092673,0x274b3e185c9c8f4ddef79cb9a8dc0d94f73a7675,shanghai,ca2-f18eddf4c9f68d58e510,2023-05-11,SellToken01,Business Logic Flaw,src/test/2023-05/SELLC_exp.sol,bsc,https://github.com/SunWeb3Sec/DeFiHackLabs/blob/main/past/2023/README.md,frozen_public_source_hashed,1b5a1d9c3166c2b9d60fefc71f8e12d2c3d2f604b259d662e38310d39db6838b,924f1e34730cb2111ed37a8a768a7ddea30ac55a29e91ab340aea3daee14fbcd,"[""https://twitter.com/AnciliaInc/status/1656337400329834496"", ""https://twitter.com/AnciliaInc/status/1656341587054702598""]",[],~$95k,exact_contract_basename,True,True,,,2023-05-11,,,,blocked_missing_onchain_and_availability_evidence,"[""missing:deployment_block"", ""missing:prediction_cutoff_block"", ""missing:source_availability_time"", ""missing:runtime_bytecode_hash_at_cutoff"", ""missing:outcome_adjudication_id""]",bsc:0x274b3e185c9c8f4ddef79cb9a8dc0d94f73a7675,4aac5fcf0cfaabd1fb14,,,,,not_resolved_requires_archive_rpc
selltoken,defihacklabs,bsc,28168034,0x57db19127617b77c8abd9420b5a35502b59870d6,shanghai,ca2-429b8f8a4d1baf287471,2023-05-13,SellToken02,Price Manipulation,src/test/2023-05/SellToken_exp.sol,bsc,https://github.com/SunWeb3Sec/DeFiHackLabs/blob/main/past/2023/README.md,frozen_public_source_hashed,1b5a1d9c3166c2b9d60fefc71f8e12d2c3d2f604b259d662e38310d39db6838b,6852a28aadb71748b01358c5c5ecddfedfacbfff88805eab506ad83398787569,"[""https://twitter.com/BlockSecTeam/status/1657324561577435136""]",[],~$197k,exact_contract_basename,True,True,,,2023-05-13,,,,blocked_missing_onchain_and_availability_evidence,"[""missing:deployment_block"", ""missing:prediction_cutoff_block"", ""missing:source_availability_time"", ""missing:runtime_bytecode_hash_at_cutoff"", ""missing:outcome_adjudication_id""]",bsc:0x57db19127617b77c8abd9420b5a35502b59870d6,53aec6ef4dce0d2edb25,,,,,not_resolved_requires_archive_rpc
snk,defihacklabs,bsc,27784455,0xa3f5ea945c4970f48e322f1e70f4cc08e70039ee,shanghai,ca2-f3e658093e457630a524,2023-05-10,SNK,Reward Calculation Error,src/test/2023-05/SNK_exp.sol,bsc,https://github.com/SunWeb3Sec/DeFiHackLabs/blob/main/past/2023/README.md,frozen_public_source_hashed,1b5a1d9c3166c2b9d60fefc71f8e12d2c3d2f604b259d662e38310d39db6838b,164582ee842565517c67f992eb087dbae90c1c25f531e9c0ccee407de7f74bf6,"[""https://twitter.com/Phalcon_xyz/status/1656176776425644032""]",[],~$197k,exact_contract_basename,True,True,,,2023-05-10,,,,blocked_missing_onchain_and_availability_evidence,"[""missing:deployment_block"", ""missing:prediction_cutoff_block"", ""missing:source_availability_time"", ""missing:runtime_bytecode_hash_at_cutoff"", ""missing:outcome_adjudication_id""]",bsc:0xa3f5ea945c4970f48e322f1e70f4cc08e70039ee,f7f46d54fd71b1a12093,,,,,not_resolved_requires_archive_rpc
bunn,defihacklabs,bsc,29304627,0xc54aaecf5fa1b6c007d019a9d14dfb4a77cc3039,shanghai,ca2-fa0880968324b82371e6,2023-06-21,BUNN,Reflection tokens,src/test/2023-06//BUNN_exp.sol,bsc,https://github.com/SunWeb3Sec/DeFiHackLabs/blob/main/past/2023/README.md,frozen_public_source_hashed,1b5a1d9c3166c2b9d60fefc71f8e12d2c3d2f604b259d662e38310d39db6838b,a1bf8e860d6d88279b97d92e86cc3dd50fada2f0a5420c604e4257c427ca6a6a,"[""https://twitter.com/DecurityHQ/status/1671803688996806656""]",[],~52BNB,exact_contract_basename,True,True,,,2023-06-21,,,,blocked_missing_onchain_and_availability_evidence,"[""missing:deployment_block"", ""missing:prediction_cutoff_block"", ""missing:source_availability_time"", ""missing:runtime_bytecode_hash_at_cutoff"", ""missing:outcome_adjudication_id""]",bsc:0xc54aaecf5fa1b6c007d019a9d14dfb4a77cc3039,1280a2d9e8bdbc23ca0c,,,,,not_resolved_requires_archive_rpc
babydogecoin02,defihacklabs,bsc,29295010,0xc748673057861a797275cd8a068abb95a902e8de,shanghai,ca2-26661d7a70b3c3c3ab9e,2023-06-21,BabyDogeCoin02,Lack Slippage Protection,src/test/2023-06/BabyDogeCoin02_exp.sol,bsc,https://github.com/SunWeb3Sec/DeFiHackLabs/blob/main/past/2023/README.md,frozen_public_source_hashed,1b5a1d9c3166c2b9d60fefc71f8e12d2c3d2f604b259d662e38310d39db6838b,3274443c97c0b04665c742a6dc2e8931686164c4c17094d6d6ce92e4b318746f,"[""https://twitter.com/hexagate_/status/1671517819840745475""]",[],~ 441 BNB,exact_contract_basename,True,True,,,2023-06-21,,,,blocked_missing_onchain_and_availability_evidence,"[""missing:deployment_block"", ""missing:prediction_cutoff_block"", ""missing:source_availability_time"", ""missing:runtime_bytecode_hash_at_cutoff"", ""missing:outcome_adjudication_id""]",bsc:0xc748673057861a797275cd8a068abb95a902e8de,29f8c462db7e86eb8869,,,,,not_resolved_requires_archive_rpc
compounderfinance,defihacklabs,ethereum,17426064,0xaf274e912243b19b882f02d731dacd7cd13072d0,shanghai,ca2-8920d085a4a666414df5,2023-06-07,CompounderFinance,Manipulation of funds through fluctuations in the amount of exchangeable assets,src/test/2023-06/CompounderFinance_exp.sol,mainnet,https://github.com/SunWeb3Sec/DeFiHackLabs/blob/main/past/2023/README.md,frozen_public_source_hashed,1b5a1d9c3166c2b9d60fefc71f8e12d2c3d2f604b259d662e38310d39db6838b,7b7f23fad9d05da732c442a167795dff9925e20fb9fd35a7e51ceee315284d01,"[""https://twitter.com/numencyber/status/1666346419702362112""]",[],"~$27,174",exact_contract_basename,True,True,,,2023-06-07,,,,blocked_missing_onchain_and_availability_evidence,"[""missing:deployment_block"", ""missing:prediction_cutoff_block"", ""missing:source_availability_time"", ""missing:runtime_bytecode_hash_at_cutoff"", ""missing:outcome_adjudication_id""]",ethereum:0xaf274e912243b19b882f02d731dacd7cd13072d0,7359200d55f09efde18a,,,,,not_resolved_requires_archive_rpc
cellframe,defihacklabs,bsc,28708273,0xb4e47c13db187d54839cd1e08422af57e5348fc1,shanghai,ca2-0fab25d3b5b764c482c5,2023-06-01,Cellframenet,Calculation issues during liquidity migration,src/test/2023-06/Cellframe_exp.sol,bsc,https://github.com/SunWeb3Sec/DeFiHackLabs/blob/main/past/2023/README.md,frozen_public_source_hashed,1b5a1d9c3166c2b9d60fefc71f8e12d2c3d2f604b259d662e38310d39db6838b,22ee8da702b8ec402db2753585e434341c06afac1d5137b85dd787333536c903,"[""https://twitter.com/numencyber/status/1664132985883615235?cxt=HHwWhoDTqceImJguAAAA""]",[],~$76k,exact_contract_basename,True,True,,,2023-06-01,,,,blocked_missing_onchain_and_availability_evidence,"[""missing:deployment_block"", ""missing:prediction_cutoff_block"", ""missing:source_availability_time"", ""missing:runtime_bytecode_hash_at_cutoff"", ""missing:outcome_adjudication_id""]",bsc:0xb4e47c13db187d54839cd1e08422af57e5348fc1,2216989f7a033ed7d229,,,,,not_resolved_requires_archive_rpc
biswap,defihacklabs,bsc,29554461,0x839b0afd0a0528ea184448e890cbaaffd99c1dbf,shanghai,ca2-41967b2b5f0bb253dcc3,2023-06-30,Biswap,V3Migrator Exploit,src/test/2023-06/Biswap_exp.sol,bsc,https://github.com/SunWeb3Sec/DeFiHackLabs/blob/main/past/2023/README.md,frozen_public_source_hashed,1b5a1d9c3166c2b9d60fefc71f8e12d2c3d2f604b259d662e38310d39db6838b,2dbbab18564e61d8aafe54c973def4ca29776e7066596137b180fb6ba04aaedd,"[""https://twitter.com/MetaTrustAlert/status/1674814217122349056?s=20""]",[],~$72k,exact_contract_basename,True,True,,,2023-06-30,,,,blocked_missing_onchain_and_availability_evidence,"[""missing:deployment_block"", ""missing:prediction_cutoff_block"", ""missing:source_availability_time"", ""missing:runtime_bytecode_hash_at_cutoff"", ""missing:outcome_adjudication_id""]",bsc:0x839b0afd0a0528ea184448e890cbaaffd99c1dbf,09da2722b5756ae1ae4e,,,,,not_resolved_requires_archive_rpc
ddcoin,defihacklabs,bsc,28714107,0xb3a636ac4c271e6cd962cad98eae9cf71f5a49c8,shanghai,ca2-0d94b0dee68d0b41352e,2023-06-01,DDCoin,Flashloan attack and smart contract vulnerability,src/test/2023-06/DDCoin_exp.sol,bsc,https://github.com/SunWeb3Sec/DeFiHackLabs/blob/main/past/2023/README.md,frozen_public_source_hashed,1b5a1d9c3166c2b9d60fefc71f8e12d2c3d2f604b259d662e38310d39db6838b,f54389af142259a1d51bfe6d43dee6fc3e2630eb614f674bffa8e09b53d529d4,"[""https://twitter.com/ChainAegis/status/1664192344726581255?cxt=HHwWjsDRldmHs5guAAAA"", ""https://twitter.com/ImmuneBytes/status/1664239580210495489""]",[],~$300k,exact_contract_basename,True,True,,,2023-06-01,,,,blocked_missing_onchain_and_availability_evidence,"[""missing:deployment_block"", ""missing:prediction_cutoff_block"", ""missing:source_availability_time"", ""missing:runtime_bytecode_hash_at_cutoff"", ""missing:outcome_adjudication_id""]",bsc:0xb3a636ac4c271e6cd962cad98eae9cf71f5a49c8,0f9ee9f787fd7f902367,,,,,not_resolved_requires_archive_rpc
mimspell,defihacklabs,ethereum,17521638,0xa5564a2d1190a141cac438c9fde686ac48a18a79,shanghai,ca2-21ac1c8056ff7df162a8,2023-06-20,MIMSpell,Arbitrary External Call Vulnerability,src/test/2023-06/MIMSpell_exp.sol,mainnet,https://github.com/SunWeb3Sec/DeFiHackLabs/blob/main/past/2023/README.md,frozen_public_source_hashed,1b5a1d9c3166c2b9d60fefc71f8e12d2c3d2f604b259d662e38310d39db6838b,5588b17b13b02b52ec1d5dc496ee8f513ab1a96a29e0aa08fef4e1f025460eba,"[""https://twitter.com/hexagate_/status/1671188024607100928?cxt=HHwWgMC--e2poLEuAAAA""]",[],~$17k,exact_contract_basename,True,True,,,2023-06-20,,,,blocked_missing_onchain_and_availability_evidence,"[""missing:deployment_block"", ""missing:prediction_cutoff_block"", ""missing:source_availability_time"", ""missing:runtime_bytecode_hash_at_cutoff"", ""missing:outcome_adjudication_id""]",ethereum:0xa5564a2d1190a141cac438c9fde686ac48a18a79,1655b5ac62955b77c936,,,,,not_resolved_requires_archive_rpc
myai,defihacklabs,bsc,29554343,0xdb103fd28ca4b18115f5ce908baaeed7e0f1f101,shanghai,ca2-522ebe1e13a3ab2c2fe8,2023-06-30,MyAi,Business Logic,src/test/2023-06/MyAi_exp.sol,bsc,https://github.com/SunWeb3Sec/DeFiHackLabs/blob/main/past/2023/README.md,frozen_public_source_hashed,1b5a1d9c3166c2b9d60fefc71f8e12d2c3d2f604b259d662e38310d39db6838b,26ab177fd8aa6159d63dc2dcf177a33812dc1f463cddc89c7e193751bce4ab6c,"[""https://x.com/DecurityHQ/status/1674781372182048776""]",[],~2 $BNB,exact_contract_basename,True,True,,,2023-06-30,,,,blocked_missing_onchain_and_availability_evidence,"[""missing:deployment_block"", ""missing:prediction_cutoff_block"", ""missing:source_availability_time"", ""missing:runtime_bytecode_hash_at_cutoff"", ""missing:outcome_adjudication_id""]",bsc:0xdb103fd28ca4b18115f5ce908baaeed7e0f1f101,251ee5b5c40362744da7,,,,,not_resolved_requires_archive_rpc
pawnfi,defihacklabs,ethereum,17496619,0x85018cf6f53c8bbd03c3137e71f4fca226cda92c,shanghai,ca2-6af08ae1ba1d426949bb,2023-06-17,Pawnfi,Business Logic Flaw,src/test/2023-06/Pawnfi_exp.sol,mainnet,https://github.com/SunWeb3Sec/DeFiHackLabs/blob/main/past/2023/README.md,frozen_public_source_hashed,1b5a1d9c3166c2b9d60fefc71f8e12d2c3d2f604b259d662e38310d39db6838b,abd97bbc4468d7f191f15759d29ba60c3e6de6f4fe1b1321caa6f89e54871295,"[""https://blog.solidityscan.com/pawnfi-hack-analysis-38ac9160cbb4""]",[],~$820K,exact_contract_basename,True,True,,,2023-06-17,,,,blocked_missing_onchain_and_availability_evidence,"[""missing:deployment_block"", ""missing:prediction_cutoff_block"", ""missing:source_availability_time"", ""missing:runtime_bytecode_hash_at_cutoff"", ""missing:outcome_adjudication_id""]",ethereum:0x85018cf6f53c8bbd03c3137e71f4fca226cda92c,1ef539642bf3bbdeeace,,,,,not_resolved_requires_archive_rpc
sellc03,defihacklabs,bsc,29005754,0x84be9475051a08ee5364fba44de7fe83a5ecc4f1,shanghai,ca2-b15231d961b437b62264,2023-06-11,SellToken04,Price Manipulation,src/test/2023-06/SELLC03_exp.sol,bsc,https://github.com/SunWeb3Sec/DeFiHackLabs/blob/main/past/2023/README.md,frozen_public_source_hashed,1b5a1d9c3166c2b9d60fefc71f8e12d2c3d2f604b259d662e38310d39db6838b,839b537d4aa211c9efda4aff91e88a02372dac45f571e651571af2b7155e80f4,"[""https://twitter.com/EoceneSecurity/status/1668468933723328513""]",[],~$109k,exact_contract_basename,True,True,,,2023-06-11,,,,blocked_missing_onchain_and_availability_evidence,"[""missing:deployment_block"", ""missing:prediction_cutoff_block"", ""missing:source_availability_time"", ""missing:runtime_bytecode_hash_at_cutoff"", ""missing:outcome_adjudication_id""]",bsc:0x84be9475051a08ee5364fba44de7fe83a5ecc4f1,e60968a00a13a1623873,,,,,not_resolved_requires_archive_rpc
depusdt_levusdc,defihacklabs,ethereum,17484161,0x7b190a928aa76eece5cb3e0f6b3bdb24fcdd9b4f,shanghai,ca2-c7f02a40db88500f3ae5,2023-06-15,DEPUSDT_LEVUSDC,Incorrect access control,src/test/2023-06/DEPUSDT_LEVUSDC_exp.sol,mainnet,https://github.com/SunWeb3Sec/DeFiHackLabs/blob/main/past/2023/README.md,frozen_public_source_hashed,1b5a1d9c3166c2b9d60fefc71f8e12d2c3d2f604b259d662e38310d39db6838b,6a971e7ce95ebc37b0bcb21a660b18ac4e244428132e8656d35c7d71996b6aaf,"[""https://twitter.com/numencyber/status/1669278694744150016?cxt=HHwWgMDS9Z2IvKouAAAA""]",[],~$105k,exact_contract_basename,True,True,,,2023-06-15,,,,blocked_missing_onchain_and_availability_evidence,"[""missing:deployment_block"", ""missing:prediction_cutoff_block"", ""missing:source_availability_time"", ""missing:runtime_bytecode_hash_at_cutoff"", ""missing:outcome_adjudication_id""]",ethereum:0x7b190a928aa76eece5cb3e0f6b3bdb24fcdd9b4f,6cbe89fed00371c83c94,,,,,not_resolved_requires_archive_rpc
shido_2,defihacklabs,bsc,29365171,0xaf0ca21363219c8f3d8050e7b61bb5f04e02f8d4,shanghai,ca2-fff564d4ebd90a3fa837,2023-06-23,SHIDO,Business Logic,src/test/2023-06/SHIDO_exp.sol,bsc,https://github.com/SunWeb3Sec/DeFiHackLabs/blob/main/past/2023/README.md,frozen_public_source_hashed,1b5a1d9c3166c2b9d60fefc71f8e12d2c3d2f604b259d662e38310d39db6838b,02f500349f984568ee26a4a76e055cc50cee94249fb6cd64987772f0187ecf20,"[""https://twitter.com/AnciliaInc/status/1672382613473083393"", ""https://twitter.com/Phalcon_xyz/status/1672473343734480896""]",[],~997 WBNB,normalized_title_fallback,True,True,,,2023-06-23,,,,blocked_missing_onchain_and_availability_evidence,"[""missing:deployment_block"", ""missing:prediction_cutoff_block"", ""missing:source_availability_time"", ""missing:runtime_bytecode_hash_at_cutoff"", ""missing:outcome_adjudication_id""]",bsc:0xaf0ca21363219c8f3d8050e7b61bb5f04e02f8d4,bf031f6592a0c7d53f5c,,,,,not_resolved_requires_archive_rpc
un,defihacklabs,bsc,28864173,0xfeafe253802b77456b4627f8c2306a9cebb5d681,shanghai,ca2-cfb8cf251b553eed2196,2023-06-06,UN,Price Manipulation,src/test/2023-06/UN_exp.sol,bsc,https://github.com/SunWeb3Sec/DeFiHackLabs/blob/main/past/2023/README.md,frozen_public_source_hashed,1b5a1d9c3166c2b9d60fefc71f8e12d2c3d2f604b259d662e38310d39db6838b,5e59953a48ff30c9425ea46eecccba2a7b34bea95cb1c670419d299b8e284700,"[""https://twitter.com/MetaTrustAlert/status/1667041877428932608""]",[],~$26k,exact_contract_basename,True,True,,,2023-06-06,,,,blocked_missing_onchain_and_availability_evidence,"[""missing:deployment_block"", ""missing:prediction_cutoff_block"", ""missing:source_availability_time"", ""missing:runtime_bytecode_hash_at_cutoff"", ""missing:outcome_adjudication_id""]",bsc:0xfeafe253802b77456b4627f8c2306a9cebb5d681,3625ea25666afa539aac,,,,,not_resolved_requires_archive_rpc
vinu,defihacklabs,ethereum,17421006,0xf7ef0d57277ad6c2babf87ab64ba61abdd2590d2,shanghai,ca2-59a4716d84aaff033fae,2023-06-06,VINU,Price Manipulation,src/test/2023-06/VINU_exp.sol,mainnet,https://github.com/SunWeb3Sec/DeFiHackLabs/blob/main/past/2023/README.md,frozen_public_source_hashed,1b5a1d9c3166c2b9d60fefc71f8e12d2c3d2f604b259d662e38310d39db6838b,7333d38d149657163985aec162e91b923b8c2dc1908977b70fffc7501213525e,"[""https://twitter.com/hexagate_/status/1666051854386511873?cxt=HHwWgoC24bPVgJ8uAAAA""]",[],~$6k,exact_contract_basename,True,True,,,2023-06-06,,,,blocked_missing_onchain_and_availability_evidence,"[""missing:deployment_block"", ""missing:prediction_cutoff_block"", ""missing:source_availability_time"", ""missing:runtime_bytecode_hash_at_cutoff"", ""missing:outcome_adjudication_id""]",ethereum:0xf7ef0d57277ad6c2babf87ab64ba61abdd2590d2,cc402293337fd40d40d5,,,,,not_resolved_requires_archive_rpc
sturdy,defihacklabs,ethereum,17460609,0x9f72dc67cec672bb99e3d02cbea0a21536a2b657,shanghai,ca2-7f64659ac37a0996268b,2023-06-12,Sturdy Finance,Read-Only-Reentrancy,src/test/2023-06/Sturdy_exp.sol,mainnet,https://github.com/SunWeb3Sec/DeFiHackLabs/blob/main/past/2023/README.md,frozen_public_source_hashed,1b5a1d9c3166c2b9d60fefc71f8e12d2c3d2f604b259d662e38310d39db6838b,08c49ad305591fa542ed64d287a0e685ac6065855a132ac2e3fe4e641f762e94,"[""https://sturdyfinance.medium.com/exploit-post-mortem-49261493307a"", ""https://twitter.com/AnciliaInc/status/1668081008615325698"", ""https://twitter.com/BlockSecTeam/status/1668084629654638592""]",[],~$800k,exact_contract_basename,True,True,,,2023-06-12,,,,blocked_missing_onchain_and_availability_evidence,"[""missing:deployment_block"", ""missing:prediction_cutoff_block"", ""missing:source_availability_time"", ""missing:runtime_bytecode_hash_at_cutoff"", ""missing:outcome_adjudication_id""]",ethereum:0x9f72dc67cec672bb99e3d02cbea0a21536a2b657,016f28b60126274617a4,,,,,not_resolved_requires_archive_rpc
bno,defihacklabs,bsc,30056629,0xdca503449899d5649d32175a255a8835a03e4006,shanghai,ca2-5011063427fa6a95c108,2023-07-18,BNO,Invalid emergency withdraw mechanism,src/test/2023-07/BNO_exp.sol,bsc,https://github.com/SunWeb3Sec/DeFiHackLabs/blob/main/past/2023/README.md,frozen_public_source_hashed,1b5a1d9c3166c2b9d60fefc71f8e12d2c3d2f604b259d662e38310d39db6838b,2d18e200f289b7d72ff413afe5f914eedde0485a4acf79e2c6764c2247ac413f,"[""https://twitter.com/BeosinAlert/status/1681116206663876610""]",[],~$505K,exact_contract_basename,True,True,,,2023-07-18,,,,blocked_missing_onchain_and_availability_evidence,"[""missing:deployment_block"", ""missing:prediction_cutoff_block"", ""missing:source_availability_time"", ""missing:runtime_bytecode_hash_at_cutoff"", ""missing:outcome_adjudication_id""]",bsc:0xdca503449899d5649d32175a255a8835a03e4006,cfff9260f88e2aedf65b,,,,,not_resolved_requires_archive_rpc
apedao,defihacklabs,bsc,30072293,0xb47955b5b7eaf49c815ebc389850eb576c460092,shanghai,ca2-7e2e4e06ad319c9c87c0,2023-07-18,APEDAO,Business Logic Flaw,src/test/2023-07/ApeDAO_exp.sol,bsc,https://github.com/SunWeb3Sec/DeFiHackLabs/blob/main/past/2023/README.md,frozen_public_source_hashed,1b5a1d9c3166c2b9d60fefc71f8e12d2c3d2f604b259d662e38310d39db6838b,c99bb520e3259748253f1c1e9e009d9c6768476d9c079b38ca973243badbcfa8,"[""https://twitter.com/BeosinAlert/status/1681316257034035201""]",[],~$7K,exact_contract_basename,True,True,,,2023-07-18,,,,blocked_missing_onchain_and_availability_evidence,"[""missing:deployment_block"", ""missing:prediction_cutoff_block"", ""missing:source_availability_time"", ""missing:runtime_bytecode_hash_at_cutoff"", ""missing:outcome_adjudication_id""]",bsc:0xb47955b5b7eaf49c815ebc389850eb576c460092,f8ea24958ff253a2d54b,,,,,not_resolved_requires_archive_rpc
bamboo,defihacklabs,bsc,29668034,0xed56784bc8f2c036f6b0d8e04cb83c253e4a6a94,shanghai,ca2-3ea99bf48860cd3d90e9,2023-07-04,BambooIA,Price manipulation attack,src/test/2023-07/Bamboo_exp.sol,bsc,https://github.com/SunWeb3Sec/DeFiHackLabs/blob/main/past/2023/README.md,frozen_public_source_hashed,1b5a1d9c3166c2b9d60fefc71f8e12d2c3d2f604b259d662e38310d39db6838b,c71d97c2735917906643a53564faea9d5a5805ca719ba7903fd7d4fb38be65d1,"[""https://twitter.com/Phalcon_xyz/status/1676220090142916611"", ""https://twitter.com/eugenioclrc""]",[],~200BNB,exact_contract_basename,True,True,,,2023-07-04,,,,blocked_missing_onchain_and_availability_evidence,"[""missing:deployment_block"", ""missing:prediction_cutoff_block"", ""missing:source_availability_time"", ""missing:runtime_bytecode_hash_at_cutoff"", ""missing:outcome_adjudication_id""]",bsc:0xed56784bc8f2c036f6b0d8e04cb83c253e4a6a94,d13c3587737f86375814,,,,,not_resolved_requires_archive_rpc
conic02,defihacklabs,ethereum,17743470,0x369cbc5c6f139b1132d3b91b87241b37fc5b971f,shanghai,ca2-22667ec3b73bf4e3f29e,2023-07-22,Conic Finance 02,Price Manipulation,src/test/2023-07/Conic02_exp.sol,mainnet,https://github.com/SunWeb3Sec/DeFiHackLabs/blob/main/past/2023/README.md,frozen_public_source_hashed,1b5a1d9c3166c2b9d60fefc71f8e12d2c3d2f604b259d662e38310d39db6838b,cf3764f4bf28c89963a6b607dff63415f068aa0793595862d68f9bbfefe5d86f,"[""https://medium.com/@ConicFinance/post-mortem-eth-and-crvusd-omnipool-exploits-c9c7fa213a3d"", ""https://twitter.com/spreekaway/status/1682467603518726144""]",[],~$934K,exact_contract_basename,True,True,,,2023-07-22,,,,blocked_missing_onchain_and_availability_evidence,"[""missing:deployment_block"", ""missing:prediction_cutoff_block"", ""missing:source_availability_time"", ""missing:runtime_bytecode_hash_at_cutoff"", ""missing:outcome_adjudication_id""]",ethereum:0x369cbc5c6f139b1132d3b91b87241b37fc5b971f,121c2dc1432a7ade33f0,,,,,not_resolved_requires_archive_rpc
bao,defihacklabs,ethereum,17620870,0xb0f8fe96b4880adbdede0ddf446bd1e7ef122c4e,shanghai,ca2-47d01daca3ef9c1ed2f1,2023-07-04,BaoCommunity,Donate Inflation ExchangeRate && Rounding Error,src/test/2023-07/Bao_exp.sol,mainnet,https://github.com/SunWeb3Sec/DeFiHackLabs/blob/main/past/2023/README.md,frozen_public_source_hashed,1b5a1d9c3166c2b9d60fefc71f8e12d2c3d2f604b259d662e38310d39db6838b,cb83300719c4e75f585516f21ddcd63ac49f1639611a086e0b6c78ee3dd65350,"[""https://twitter.com/PeckShieldAlert/status/1676224397248454657""]",[],~$46k,exact_contract_basename,True,True,,,2023-07-04,,,,blocked_missing_onchain_and_availability_evidence,"[""missing:deployment_block"", ""missing:prediction_cutoff_block"", ""missing:source_availability_time"", ""missing:runtime_bytecode_hash_at_cutoff"", ""missing:outcome_adjudication_id""]",ethereum:0xb0f8fe96b4880adbdede0ddf446bd1e7ef122c4e,4b9239f24de0f8b21c0e,,,,,not_resolved_requires_archive_rpc
conic,defihacklabs,ethereum,17740954,0xbb787d6243a8d450659e09ea6fd82f1c859691e9,shanghai,ca2-ed5ea743787aecff1e56,2023-07-21,Conic Finance,Read-Only-Reentrancy && MisConfiguration,src/test/2023-07/Conic_exp.sol,mainnet,https://github.com/SunWeb3Sec/DeFiHackLabs/blob/main/past/2023/README.md,frozen_public_source_hashed,1b5a1d9c3166c2b9d60fefc71f8e12d2c3d2f604b259d662e38310d39db6838b,92faf7fca921c724faa4765490b269435efa0f219fc65bf10a8a8a0df73679b0,"[""https://medium.com/@ConicFinance/post-mortem-eth-and-crvusd-omnipool-exploits-c9c7fa213a3d"", ""https://twitter.com/BlockSecTeam/status/1682356244299010049""]",[],~$3.25M,exact_contract_basename,True,True,,,2023-07-21,,,,blocked_missing_onchain_and_availability_evidence,"[""missing:deployment_block"", ""missing:prediction_cutoff_block"", ""missing:source_availability_time"", ""missing:runtime_bytecode_hash_at_cutoff"", ""missing:outcome_adjudication_id""]",ethereum:0xbb787d6243a8d450659e09ea6fd82f1c859691e9,69f40d0b198a92fa8a77,,,,,not_resolved_requires_archive_rpc
conic_2,defihacklabs,ethereum,17740954,0xbb787d6243a8d450659e09ea6fd82f1c859691e9,shanghai,ca2-4b9009f78d24b677e07e,2023-07-21,Conic Finance,Read-Only-Reentrancy && MisConfiguration,src/test/2023-07/Conic_exp.sol,mainnet,https://github.com/SunWeb3Sec/DeFiHackLabs/blob/main/past/2023/README.md,frozen_public_source_hashed,1b5a1d9c3166c2b9d60fefc71f8e12d2c3d2f604b259d662e38310d39db6838b,92faf7fca921c724faa4765490b269435efa0f219fc65bf10a8a8a0df73679b0,"[""https://medium.com/@ConicFinance/post-mortem-eth-and-crvusd-omnipool-exploits-c9c7fa213a3d"", ""https://twitter.com/BlockSecTeam/status/1682356244299010049""]",[],~$3.25M,frozen_date_override,True,True,,,2023-07-21,,,,blocked_missing_onchain_and_availability_evidence,"[""missing:deployment_block"", ""missing:prediction_cutoff_block"", ""missing:source_availability_time"", ""missing:runtime_bytecode_hash_at_cutoff"", ""missing:outcome_adjudication_id""]",ethereum:0xbb787d6243a8d450659e09ea6fd82f1c859691e9,69f40d0b198a92fa8a77,,,,,not_resolved_requires_archive_rpc
gymnet,defihacklabs,bsc,30448986,0x6b869795937dd2b6f4e03d5a0ffd07a8ad8c095b,shanghai,ca2-62fc7b9b9ac57e1b7351,2023-07-31,GYMNET,Insufficient validation,src/test/2023-07/GYMNET_exp.sol,bsc,https://github.com/SunWeb3Sec/DeFiHackLabs/blob/main/past/2023/README.md,frozen_public_source_hashed,1b5a1d9c3166c2b9d60fefc71f8e12d2c3d2f604b259d662e38310d39db6838b,d83705236c566e6d4bc746c7d9ec9e70e95fba4e11fdc324176dbd03d9522540,"[""https://twitter.com/AnciliaInc/status/1686605510655811584""]",[],Unclear,exact_contract_basename,True,True,,,2023-07-31,,,,blocked_missing_onchain_and_availability_evidence,"[""missing:deployment_block"", ""missing:prediction_cutoff_block"", ""missing:source_availability_time"", ""missing:runtime_bytecode_hash_at_cutoff"", ""missing:outcome_adjudication_id""]",bsc:0x6b869795937dd2b6f4e03d5a0ffd07a8ad8c095b,faa5e809ee032cbef3a2,,,,,not_resolved_requires_archive_rpc
ffist,defihacklabs,bsc,30113117,0x80121da952a74c06adc1d7f85a237089b57af347,shanghai,ca2-5d29f9c5eb314dcba612,2023-07-20,FFIST,Business Logic Flaw,src/test/2023-07/FFIST_exp.sol,bsc,https://github.com/SunWeb3Sec/DeFiHackLabs/blob/main/past/2023/README.md,frozen_public_source_hashed,1b5a1d9c3166c2b9d60fefc71f8e12d2c3d2f604b259d662e38310d39db6838b,91117a056e2e76070a468985f0b482382a42f791ead704211d1644b8b87194b2,"[""https://twitter.com/AnciliaInc/status/1681901107940065280"", ""https://twitter.com/Phalcon_xyz/status/1681869807698984961""]",[],~$110k,exact_contract_basename,True,True,,,2023-07-20,,,,blocked_missing_onchain_and_availability_evidence,"[""missing:deployment_block"", ""missing:prediction_cutoff_block"", ""missing:source_availability_time"", ""missing:runtime_bytecode_hash_at_cutoff"", ""missing:outcome_adjudication_id""]",bsc:0x80121da952a74c06adc1d7f85a237089b57af347,c7931c1fec2c1d9a6d3f,,,,,not_resolved_requires_archive_rpc
mintofinance,defihacklabs,bsc,30214253,0xdbf1c56b2ad121fe705f9b68225378aa6784f3e5,shanghai,ca2-02e1298629b75e4dec93,2023-07-23,MintoFinance,Signature Replay,src/test/2023-07/MintoFinance_exp.sol,bsc,https://github.com/SunWeb3Sec/DeFiHackLabs/blob/main/past/2023/README.md,frozen_public_source_hashed,1b5a1d9c3166c2b9d60fefc71f8e12d2c3d2f604b259d662e38310d39db6838b,aba56dfc99b4e2a2467bd75f35a51d9efd2dd0eeb478472eadac1d73a8e4eaee,"[""https://twitter.com/bbbb/status/1683180340548890631""]",[],~$9K,exact_contract_basename,True,True,,,2023-07-23,,,,blocked_missing_onchain_and_availability_evidence,"[""missing:deployment_block"", ""missing:prediction_cutoff_block"", ""missing:source_availability_time"", ""missing:runtime_bytecode_hash_at_cutoff"", ""missing:outcome_adjudication_id""]",bsc:0xdbf1c56b2ad121fe705f9b68225378aa6784f3e5,1f1ac67888c40130a2cf,,,,,not_resolved_requires_archive_rpc
newfi,defihacklabs,bsc,30043573,0xb8dc09eec82cab2e86c7edc8dd5882dd92d22411,shanghai,ca2-23403cb09827b5b8f43e,2023-07-17,NewFi,Lack Slippage Protection,src/test/2023-07/NewFi_exp.sol,bsc,https://github.com/SunWeb3Sec/DeFiHackLabs/blob/main/past/2023/README.md,frozen_public_source_hashed,1b5a1d9c3166c2b9d60fefc71f8e12d2c3d2f604b259d662e38310d39db6838b,cb1487b55e66a8cc6f1141f460c6d0b2ef847804fe15fc2f69802176b33b80ba,"[""https://twitter.com/Phalcon_xyz/status/1680961588323557376""]",[],~$31K,exact_contract_basename,True,True,,,2023-07-17,,,,blocked_missing_onchain_and_availability_evidence,"[""missing:deployment_block"", ""missing:prediction_cutoff_block"", ""missing:source_availability_time"", ""missing:runtime_bytecode_hash_at_cutoff"", ""missing:outcome_adjudication_id""]",bsc:0xb8dc09eec82cab2e86c7edc8dd5882dd92d22411,e34054f94908e6a6cdcf,,,,,not_resolved_requires_archive_rpc
usdtstakingcontract28,defihacklabs,ethereum,17696562,0x800cfd4a2ba8ce93ea2cc814fce26c3635169017,shanghai,ca2-8f2514150efc980c9183,2023-07-15,USDTStakingContract28,Lack of access control,src/test/2023-07/USDTStakingContract28_exp.sol,mainnet,https://github.com/SunWeb3Sec/DeFiHackLabs/blob/main/past/2023/README.md,frozen_public_source_hashed,1b5a1d9c3166c2b9d60fefc71f8e12d2c3d2f604b259d662e38310d39db6838b,161cf06028a9979f51a35374287d6d6933d27c92fd9433282f7373f6636d32e0,"[""https://x.com/DecurityHQ/status/1680117291013267456""]",[],~20999 USD,exact_contract_basename,True,True,,,2023-07-15,,,,blocked_missing_onchain_and_availability_evidence,"[""missing:deployment_block"", ""missing:prediction_cutoff_block"", ""missing:source_availability_time"", ""missing:runtime_bytecode_hash_at_cutoff"", ""missing:outcome_adjudication_id""]",ethereum:0x800cfd4a2ba8ce93ea2cc814fce26c3635169017,7e2159049675dee22d1c,,,,,not_resolved_requires_archive_rpc
utopia,defihacklabs,bsc,30119396,0xb1da08c472567eb0ec19639b1822f578d39f3333,shanghai,ca2-59c27a09402366528ab6,2023-07-20,Utopia,Business Logic Flaw,src/test/2023-07/Utopia_exp.sol,bsc,https://github.com/SunWeb3Sec/DeFiHackLabs/blob/main/past/2023/README.md,frozen_public_source_hashed,1b5a1d9c3166c2b9d60fefc71f8e12d2c3d2f604b259d662e38310d39db6838b,47783ad47bdd3130ee1173942685b908e13fc6969fcc99f6bef4f5a79a3022f1,"[""https://twitter.com/DeDotFiSecurity/status/1681923729645871104"", ""https://twitter.com/bulu4477/status/1682380542564769793""]",[],~$119k,exact_contract_basename,True,True,,,2023-07-20,,,,blocked_missing_onchain_and_availability_evidence,"[""missing:deployment_block"", ""missing:prediction_cutoff_block"", ""missing:source_availability_time"", ""missing:runtime_bytecode_hash_at_cutoff"", ""missing:outcome_adjudication_id""]",bsc:0xb1da08c472567eb0ec19639b1822f578d39f3333,c7e0acc7e9422412d393,,,,,not_resolved_requires_archive_rpc
palmswap,defihacklabs,bsc,30248637,0xd990094a611c3de34664dd3664ebf979a1230fc1,shanghai,ca2-0bc1321f2d440dbae4b1,2023-07-24,Palmswap,Business Logic Flaw,src/test/2023-07/Palmswap_exp.sol,bsc,https://github.com/SunWeb3Sec/DeFiHackLabs/blob/main/past/2023/README.md,frozen_public_source_hashed,1b5a1d9c3166c2b9d60fefc71f8e12d2c3d2f604b259d662e38310d39db6838b,f39a223dc58ce3fcffccdff63277c149a9b83e2401ebbd06b0dabc2683133178,"[""https://twitter.com/BlockSecTeam/status/1683680026766737408""]",[],~$900K,exact_contract_basename,True,True,,,2023-07-24,,,,blocked_missing_onchain_and_availability_evidence,"[""missing:deployment_block"", ""missing:prediction_cutoff_block"", ""missing:source_availability_time"", ""missing:runtime_bytecode_hash_at_cutoff"", ""missing:outcome_adjudication_id""]",bsc:0xd990094a611c3de34664dd3664ebf979a1230fc1,afa30506f3d3a991fa7d,,,,,not_resolved_requires_archive_rpc
sut,defihacklabs,bsc,30165901,0xf075c5c7ba59208c0b9c41afccd1f60da9ec9c37,shanghai,ca2-7887a4e3ed471d877a90,2023-07-21,SUT,Business Logic Flaw,src/test/2023-07/SUT_exp.sol,bsc,https://github.com/SunWeb3Sec/DeFiHackLabs/blob/main/past/2023/README.md,frozen_public_source_hashed,1b5a1d9c3166c2b9d60fefc71f8e12d2c3d2f604b259d662e38310d39db6838b,379dfcd9ba9b4c5d2a7b0887728c275c714ac9bece967d28d754d6f50894a17a,"[""https://twitter.com/bulu4477/status/1682983956080377857""]",[],~$8k,exact_contract_basename,True,True,,,2023-07-21,,,,blocked_missing_onchain_and_availability_evidence,"[""missing:deployment_block"", ""missing:prediction_cutoff_block"", ""missing:source_availability_time"", ""missing:runtime_bytecode_hash_at_cutoff"", ""missing:outcome_adjudication_id""]",bsc:0xf075c5c7ba59208c0b9c41afccd1f60da9ec9c37,36b0509435801d7ecc12,,,,,not_resolved_requires_archive_rpc
wgpt,defihacklabs,bsc,29891709,0x1f415255f7e2a8546559a553e962de7bc60d7942,shanghai,ca2-3ceb352e665fb61f7402,2023-07-12,WGPT,Business Logic Flaw,src/test/2023-07/WGPT_exp.sol,bsc,https://github.com/SunWeb3Sec/DeFiHackLabs/blob/main/past/2023/README.md,frozen_public_source_hashed,1b5a1d9c3166c2b9d60fefc71f8e12d2c3d2f604b259d662e38310d39db6838b,aa3190bfdfa1fadc9310c4995070c4d31c2c4c651a3ecbaf779cda51492c7b3c,"[""https://twitter.com/BeosinAlert/status/1679028240982368261"", ""https://twitter.com/Phalcon_xyz/status/1679042549946933248""]",[],~$80k,exact_contract_basename,True,True,,,2023-07-12,,,,blocked_missing_onchain_and_availability_evidence,"[""missing:deployment_block"", ""missing:prediction_cutoff_block"", ""missing:source_availability_time"", ""missing:runtime_bytecode_hash_at_cutoff"", ""missing:outcome_adjudication_id""]",bsc:0x1f415255f7e2a8546559a553e962de7bc60d7942,5ede46f2b23246d7a951,,,,,not_resolved_requires_archive_rpc
btc20,defihacklabs,ethereum,17949214,0x1f006f43f57c45ceb3659e543352b4fae4662df7,shanghai,ca2-9035062d2e632d8ca752,2023-08-19,BTC20,Price Manipulation,src/test/2023-08/BTC20_exp.sol,mainnet,https://github.com/SunWeb3Sec/DeFiHackLabs/blob/main/past/2023/README.md,frozen_public_source_hashed,1b5a1d9c3166c2b9d60fefc71f8e12d2c3d2f604b259d662e38310d39db6838b,22b121acbfcc40154c0f0b48bf818e2f4561667799dd1d2dfb0320f73d3655ca,"[""https://twitter.com/DecurityHQ/status/1692924369662513472""]",[],~$18ETH,exact_contract_basename,True,True,,,2023-08-19,,,,blocked_missing_onchain_and_availability_evidence,"[""missing:deployment_block"", ""missing:prediction_cutoff_block"", ""missing:source_availability_time"", ""missing:runtime_bytecode_hash_at_cutoff"", ""missing:outcome_adjudication_id""]",ethereum:0x1f006f43f57c45ceb3659e543352b4fae4662df7,ca9b3007deca08f84e7d,,,,,not_resolved_requires_archive_rpc
ehive,defihacklabs,ethereum,17690497,0x4ae2cd1f5b8806a973953b76f9ce6d5fab9cdcfd,shanghai,ca2-82c63f4f3f31559be9a8,2023-08-21,EHIVE,Business Logic Flaw,src/test/2023-08/EHIVE_exp.sol,mainnet,https://github.com/SunWeb3Sec/DeFiHackLabs/blob/main/past/2023/README.md,frozen_public_source_hashed,1b5a1d9c3166c2b9d60fefc71f8e12d2c3d2f604b259d662e38310d39db6838b,b90f303b9792c571423fdf6fa220a018f3664860d2b524f62b39f6b38fefc56b,"[""https://twitter.com/bulu4477/status/1693636187485872583""]",[],~$15K,exact_contract_basename,True,True,,,2023-08-21,,,,blocked_missing_onchain_and_availability_evidence,"[""missing:deployment_block"", ""missing:prediction_cutoff_block"", ""missing:source_availability_time"", ""missing:runtime_bytecode_hash_at_cutoff"", ""missing:outcome_adjudication_id""]",ethereum:0x4ae2cd1f5b8806a973953b76f9ce6d5fab9cdcfd,a3b952ffdeac601cb859,,,,,not_resolved_requires_archive_rpc
balancer,defihacklabs,ethereum,18004651,0x9210f1204b5a24742eba12f710636d76240df3d0,shanghai,ca2-3049d2889726467cfdcb,2023-08-27,Balancer,Rounding Error && Business Logic Flaw,src/test/2023-08/Balancer_exp.sol,mainnet,https://github.com/SunWeb3Sec/DeFiHackLabs/blob/main/past/2023/README.md,frozen_public_source_hashed,1b5a1d9c3166c2b9d60fefc71f8e12d2c3d2f604b259d662e38310d39db6838b,2874efeac1f3c130d422c24d482bf435af39a7b71926151d92f622c65c415660,"[""https://blocksecteam.medium.com/yet-another-risk-posed-by-precision-loss-an-in-depth-analysis-of-the-recent-balancer-incident-fad93a3c75d4"", ""https://medium.com/balancer-protocol/rate-manipulation-in-balancer-boosted-pools-technical-postmortem-53db4b642492""]",[],~$2M,exact_contract_basename,True,True,,,2023-08-27,,,,blocked_missing_onchain_and_availability_evidence,"[""missing:deployment_block"", ""missing:prediction_cutoff_block"", ""missing:source_availability_time"", ""missing:runtime_bytecode_hash_at_cutoff"", ""missing:outcome_adjudication_id""]",ethereum:0x9210f1204b5a24742eba12f710636d76240df3d0,d6f99d8f48aa43baa1c0,,,,,not_resolved_requires_archive_rpc
eac,defihacklabs,bsc,31273018,0x64f291de10ecd36d5f7b64aaebc70943cface28e,shanghai,ca2-e017525389c5fba3ce28,2023-08-29,EAC,Price Manipulation,src/test/2023-08/EAC_exp.sol,bsc,https://github.com/SunWeb3Sec/DeFiHackLabs/blob/main/past/2023/README.md,frozen_public_source_hashed,1b5a1d9c3166c2b9d60fefc71f8e12d2c3d2f604b259d662e38310d39db6838b,bc218962d9ef63f3067269968d51defc1f4697fe5b8bf49c19452d3c3506e6ef,"[""https://twitter.com/bbbb/status/1696520866564350157""]",[],~$29BNB,exact_contract_basename,True,True,,,2023-08-29,,,,blocked_missing_onchain_and_availability_evidence,"[""missing:deployment_block"", ""missing:prediction_cutoff_block"", ""missing:source_availability_time"", ""missing:runtime_bytecode_hash_at_cutoff"", ""missing:outcome_adjudication_id""]",bsc:0x64f291de10ecd36d5f7b64aaebc70943cface28e,59fc4c8feca44068537b,,,,,not_resolved_requires_archive_rpc
earningfram,defihacklabs,ethereum,17875885,0x863e572b215fd67c855d973f870266cf827aea5e,shanghai,ca2-a21e3c90faf447e22997,2023-08-09,EarningFram,Reentrancy,src/test/2023-08/EarningFram_exp.sol,mainnet,https://github.com/SunWeb3Sec/DeFiHackLabs/blob/main/past/2023/README.md,frozen_public_source_hashed,1b5a1d9c3166c2b9d60fefc71f8e12d2c3d2f604b259d662e38310d39db6838b,a3fcad17a2ae54c366de182933eab1c3d9da6f56c4e43f54fcfcae5b1549da60,"[""https://twitter.com/Phalcon_xyz/status/1689182459269644288""]",[],~$286k,exact_contract_basename,True,True,,,2023-08-09,,,,blocked_missing_onchain_and_availability_evidence,"[""missing:deployment_block"", ""missing:prediction_cutoff_block"", ""missing:source_availability_time"", ""missing:runtime_bytecode_hash_at_cutoff"", ""missing:outcome_adjudication_id""]",ethereum:0x863e572b215fd67c855d973f870266cf827aea5e,c55b8687fe66e8b312d5,,,,,not_resolved_requires_archive_rpc
leetswap,defihacklabs,base,2031746,0x94dac4a3ce998143aa119c05460731da80ad90cf,shanghai,ca2-d5e2d826f6d08f10011e,2023-08-01,LeetSwap,Access Control,src/test/2023-08/Leetswap_exp.sol,base,https://github.com/SunWeb3Sec/DeFiHackLabs/blob/main/past/2023/README.md,frozen_public_source_hashed,1b5a1d9c3166c2b9d60fefc71f8e12d2c3d2f604b259d662e38310d39db6838b,d45baeffbd8d4563718fe12155d11b46aa61b423de459a48dc6418be9cc3ee0a,"[""https://twitter.com/BlockSecTeam/status/1686217464051539968"", ""https://twitter.com/peckshield/status/1686209024587710464""]",[],~$630K,exact_contract_basename,True,True,,,2023-08-01,,,,blocked_missing_onchain_and_availability_evidence,"[""missing:deployment_block"", ""missing:prediction_cutoff_block"", ""missing:source_availability_time"", ""missing:runtime_bytecode_hash_at_cutoff"", ""missing:outcome_adjudication_id""]",base:0x94dac4a3ce998143aa119c05460731da80ad90cf,8185b684bb2073410c35,,,,,not_resolved_requires_archive_rpc
uwerx,defihacklabs,ethereum,17826202,0x4306b12f8e824ce1fa9604bbd88f2ad4f0fe3c54,shanghai,ca2-28984dadb4e195ff0adc,2023-08-02,Uwerx,Fault logic,src/test/2023-08/Uwerx_exp.sol,ethereum,https://github.com/SunWeb3Sec/DeFiHackLabs/blob/main/past/2023/README.md,frozen_public_source_hashed,1b5a1d9c3166c2b9d60fefc71f8e12d2c3d2f604b259d662e38310d39db6838b,543b26507e1d92c59fbbd12c55f643a672513fa1842572a45e2c7fe3007251a1,"[""https://etherscan.io/tx/0x3b19e152943f31fe0830b67315ddc89be9a066dc89174256e17bc8c2d35b5af8"", ""https://twitter.com/CertiKAlert/status/1686667720920625152"", ""https://twitter.com/deeberiroz/status/1686683788795846657""]","[""0x3b19e152943f31fe0830b67315ddc89be9a066dc89174256e17bc8c2d35b5af8""]",~$176ETH,exact_contract_basename,True,True,,,2023-08-02,,,,blocked_missing_onchain_and_availability_evidence,"[""missing:deployment_block"", ""missing:prediction_cutoff_block"", ""missing:source_availability_time"", ""missing:runtime_bytecode_hash_at_cutoff"", ""missing:outcome_adjudication_id""]",ethereum:0x4306b12f8e824ce1fa9604bbd88f2ad4f0fe3c54,09307442816c20344d1e,,,,,not_resolved_requires_archive_rpc
bfctoken,defihacklabs,bsc,31599443,0x595eac4a0ce9b7175a99094680fbe55a774b5464,shanghai,ca2-5aa3d29494fdde461d33,2023-09-09,BFCToken,Business Logic Flaw,src/test/2023-09/BFCToken_exp.sol,bsc,https://github.com/SunWeb3Sec/DeFiHackLabs/blob/main/past/2023/README.md,frozen_public_source_hashed,1b5a1d9c3166c2b9d60fefc71f8e12d2c3d2f604b259d662e38310d39db6838b,b56ad2e3b4b45b8a6c41e0d11b45ff86503c9df226cf61725c734618e17876c6,"[""https://twitter.com/CertiKAlert/status/1700621314246017133""]",[],~$38K,exact_contract_basename,True,True,,,2023-09-09,,,,blocked_missing_onchain_and_availability_evidence,"[""missing:deployment_block"", ""missing:prediction_cutoff_block"", ""missing:source_availability_time"", ""missing:runtime_bytecode_hash_at_cutoff"", ""missing:outcome_adjudication_id""]",bsc:0x595eac4a0ce9b7175a99094680fbe55a774b5464,dba239799371a94527db,,,,,not_resolved_requires_archive_rpc
floordao,defihacklabs,ethereum,18068772,0x759c6de5bca9ade8a1a2719a31553c4b7de02539,shanghai,ca2-81ae1f51e833bf23db49,2023-09-05,FloorDAO,Rebasing logic issue,src/test/2023-09/FloorDAO_exp.sol,mainnet,https://github.com/SunWeb3Sec/DeFiHackLabs/blob/main/past/2023/README.md,frozen_public_source_hashed,1b5a1d9c3166c2b9d60fefc71f8e12d2c3d2f604b259d662e38310d39db6838b,f2773ef985532853a323b49018a6a4b5179f58faa0047bea333da99ede24e52b,"[""https://medium.com/floordao/floor-post-mortem-incident-summary-september-5-2023-e054a2d5afa4"", ""https://twitter.com/PeckShieldAlert/status/1698962105058361392""]",[],~$40ETH,exact_contract_basename,True,True,,,2023-09-05,,,,blocked_missing_onchain_and_availability_evidence,"[""missing:deployment_block"", ""missing:prediction_cutoff_block"", ""missing:source_availability_time"", ""missing:runtime_bytecode_hash_at_cutoff"", ""missing:outcome_adjudication_id""]",ethereum:0x759c6de5bca9ade8a1a2719a31553c4b7de02539,a8936d9cc729ebe643fd,,,,,not_resolved_requires_archive_rpc
heavensgate,defihacklabs,ethereum,18069527,0x8ebd6c7d2b79ca4dc5fbdec239a8bb0f214212b8,shanghai,ca2-0214cb74200856148943,2023-09-05,HeavensGate,Rebasing logic issue,src/test/2023-09/HeavensGate_exp.sol,mainnet,https://github.com/SunWeb3Sec/DeFiHackLabs/blob/main/past/2023/README.md,frozen_public_source_hashed,1b5a1d9c3166c2b9d60fefc71f8e12d2c3d2f604b259d662e38310d39db6838b,aa049f6cdd223fb06f152c2f09320a78f3fa35c374da4fc053a9b791699527e2,"[""https://explorer.phalcon.xyz/tx/eth/0xe28ca1f43036f4768776805fb50906f8172f75eba3bf1d9866bcd64361fda834""]","[""0xe28ca1f43036f4768776805fb50906f8172f75eba3bf1d9866bcd64361fda834""]",~$8ETH,exact_contract_basename,True,True,,,2023-09-05,,,,blocked_missing_onchain_and_availability_evidence,"[""missing:deployment_block"", ""missing:prediction_cutoff_block"", ""missing:source_availability_time"", ""missing:runtime_bytecode_hash_at_cutoff"", ""missing:outcome_adjudication_id""]",ethereum:0x8ebd6c7d2b79ca4dc5fbdec239a8bb0f214212b8,478639cbf3c406e27e07,,,,,not_resolved_requires_archive_rpc
kub_split,defihacklabs,bsc,32021099,0xc98e183d2e975f0567115cb13af893f0e3c0d0bd,shanghai,ca2-7455b4981f74c1b4c51e,2023-09-24,KubSplit,Pool manipulation,src/test/2023-09/Kub_Split_exp.sol,bsc,https://github.com/SunWeb3Sec/DeFiHackLabs/blob/main/past/2023/README.md,frozen_public_source_hashed,1b5a1d9c3166c2b9d60fefc71f8e12d2c3d2f604b259d662e38310d39db6838b,c9c6d07740584932bd2016947c05ff9461413cd000452d86872ed8c1b51c4b1e,"[""https://twitter.com/CertiKAlert/status/1705966214319612092""]",[],~$78K,exact_contract_basename,True,True,,,2023-09-24,,,,blocked_missing_onchain_and_availability_evidence,"[""missing:deployment_block"", ""missing:prediction_cutoff_block"", ""missing:source_availability_time"", ""missing:runtime_bytecode_hash_at_cutoff"", ""missing:outcome_adjudication_id""]",bsc:0xc98e183d2e975f0567115cb13af893f0e3c0d0bd,79117171b270cee4171c,,,,,not_resolved_requires_archive_rpc
jumpfarm,defihacklabs,ethereum,18070346,0x05999eb831ae28ca920ce645a5164fbdb1d74fe9,shanghai,ca2-f4910903d7134e1d631f,2023-09-05,JumpFarm,Rebasing logic issue,src/test/2023-09/JumpFarm_exp.sol,mainnet,https://github.com/SunWeb3Sec/DeFiHackLabs/blob/main/past/2023/README.md,frozen_public_source_hashed,1b5a1d9c3166c2b9d60fefc71f8e12d2c3d2f604b259d662e38310d39db6838b,0d0b062e1f0d40d4e6726d6175a56edd8cf39ac6144c15cfeea698f6448ea4c7,"[""https://twitter.com/DecurityHQ/status/1699384904218202618""]",[],~$2.4ETH,exact_contract_basename,True,True,,,2023-09-05,,,,blocked_missing_onchain_and_availability_evidence,"[""missing:deployment_block"", ""missing:prediction_cutoff_block"", ""missing:source_availability_time"", ""missing:runtime_bytecode_hash_at_cutoff"", ""missing:outcome_adjudication_id""]",ethereum:0x05999eb831ae28ca920ce645a5164fbdb1d74fe9,7943d4109f0b641d8f32,,,,,not_resolved_requires_archive_rpc
quantumwn,defihacklabs,ethereum,18070348,0x69422c7f237d70fcd55c218568a67d00dc4ea068,shanghai,ca2-d22c4160c4fed52695d2,2023-09-05,QuantumWN,Rebasing logic issue,src/test/2023-09/QuantumWN_exp.sol,mainnet,https://github.com/SunWeb3Sec/DeFiHackLabs/blob/main/past/2023/README.md,frozen_public_source_hashed,1b5a1d9c3166c2b9d60fefc71f8e12d2c3d2f604b259d662e38310d39db6838b,9fea35e24fa664c421d81962af5106dfdcad6cd39baa4ee715401d096783263a,"[""https://twitter.com/DecurityHQ/status/1699384904218202618""]",[],~$0.5 ETH,exact_contract_basename,True,True,,,2023-09-05,,,,blocked_missing_onchain_and_availability_evidence,"[""missing:deployment_block"", ""missing:prediction_cutoff_block"", ""missing:source_availability_time"", ""missing:runtime_bytecode_hash_at_cutoff"", ""missing:outcome_adjudication_id""]",ethereum:0x69422c7f237d70fcd55c218568a67d00dc4ea068,b0a97f763bb1a3892010,,,,,not_resolved_requires_archive_rpc
uniclynft,defihacklabs,ethereum,18133171,0xd3c41c85be295607e8ea5c58487ec5894300ee67,shanghai,ca2-1579de76f9bed10399a7,2023-09-16,uniclyNFT,Reentrancy,src/test/2023-09/uniclyNFT_exp.sol,mainnet,https://github.com/SunWeb3Sec/DeFiHackLabs/blob/main/past/2023/README.md,frozen_public_source_hashed,1b5a1d9c3166c2b9d60fefc71f8e12d2c3d2f604b259d662e38310d39db6838b,0db0d6c9904687a9776a665c0520cd1a78c808142ec840b562f94e2f4cb60377,"[""https://twitter.com/DecurityHQ/status/1703096116047421863""]",[],1 NFT,exact_contract_basename,True,True,,,2023-09-16,,,,blocked_missing_onchain_and_availability_evidence,"[""missing:deployment_block"", ""missing:prediction_cutoff_block"", ""missing:source_availability_time"", ""missing:runtime_bytecode_hash_at_cutoff"", ""missing:outcome_adjudication_id""]",ethereum:0xd3c41c85be295607e8ea5c58487ec5894300ee67,697d70e1a877673a98ea,,,,,not_resolved_requires_archive_rpc
bh,defihacklabs,bsc,32512073,0xcc61cc9f2632314c9d452aca79104ddf680952b5,shanghai,ca2-8827a43c9b16b94734ae,2023-10-11,BH,Price manipulation,src/test/2023-10/BH_exp.sol,bsc,https://github.com/SunWeb3Sec/DeFiHackLabs/blob/main/past/2023/README.md,frozen_public_source_hashed,1b5a1d9c3166c2b9d60fefc71f8e12d2c3d2f604b259d662e38310d39db6838b,d1106cb47b8157ac5f170d68d85ccd44b5f16f7588cf5d6e6c0dcd7c76d4fd18,"[""https://twitter.com/BeosinAlert/status/1712139760813375973"", ""https://twitter.com/DecurityHQ/status/1712118881425203350""]",[],~$1.27M,exact_contract_basename,True,True,,,2023-10-11,,,,blocked_missing_onchain_and_availability_evidence,"[""missing:deployment_block"", ""missing:prediction_cutoff_block"", ""missing:source_availability_time"", ""missing:runtime_bytecode_hash_at_cutoff"", ""missing:outcome_adjudication_id""]",bsc:0xcc61cc9f2632314c9d452aca79104ddf680952b5,9604fa2063e0cfcbb599,,,,,not_resolved_requires_archive_rpc
depayrouter,defihacklabs,ethereum,18281129,0xae60ac8e69414c2dc362d0e6a03af643d1d85b92,shanghai,ca2-4c0faea601ab4a95ced8,2023-10-05,DePayRouter,Business Logic Flaw,src/test/2023-10/DePayRouter_exp.sol,mainnet,https://github.com/SunWeb3Sec/DeFiHackLabs/blob/main/past/2023/README.md,frozen_public_source_hashed,1b5a1d9c3166c2b9d60fefc71f8e12d2c3d2f604b259d662e38310d39db6838b,678451b45a53f4ee384c87cc3134587e84b856c5e44a23003787abf1ad5908a3,"[""https://twitter.com/CertiKAlert/status/1709764146324009268""]",[],~$ 827 USDC,exact_contract_basename,True,True,,,2023-10-05,,,,blocked_missing_onchain_and_availability_evidence,"[""missing:deployment_block"", ""missing:prediction_cutoff_block"", ""missing:source_availability_time"", ""missing:runtime_bytecode_hash_at_cutoff"", ""missing:outcome_adjudication_id""]",ethereum:0xae60ac8e69414c2dc362d0e6a03af643d1d85b92,d9a1be69cf720bacebc6,,,,,not_resolved_requires_archive_rpc
astrid,defihacklabs,ethereum,18448167,0xbaa87546cf87b5de1b0b52353a86792d40b8ba70,shanghai,ca2-746ec2d0566ffbda9c0f,2023-10-28,AstridProtocol,Business Logic Flaw,src/test/2023-10/Astrid_exp.sol,mainnet,https://github.com/SunWeb3Sec/DeFiHackLabs/blob/main/past/2023/README.md,frozen_public_source_hashed,1b5a1d9c3166c2b9d60fefc71f8e12d2c3d2f604b259d662e38310d39db6838b,1df4c4dc2d6d91e85e110d98993c38b3ee183c950028cddbdca2bdb4c36bc11e,"[""https://twitter.com/Phalcon_xyz/status/1718454835966775325""]",[],~$127ETH,exact_contract_basename,True,True,,,2023-10-28,,,,blocked_missing_onchain_and_availability_evidence,"[""missing:deployment_block"", ""missing:prediction_cutoff_block"", ""missing:source_availability_time"", ""missing:runtime_bytecode_hash_at_cutoff"", ""missing:outcome_adjudication_id""]",ethereum:0xbaa87546cf87b5de1b0b52353a86792d40b8ba70,a1ccf045644dd2f61745,,,,,not_resolved_requires_archive_rpc
hopelend,defihacklabs,ethereum,18377041,0x53fbcada1201a465740f2d64ecdf6fac425f9030,shanghai,ca2-6e5acd680aa3d14315b9,2023-10-18,Hopelend,Div Precision Loss,src/test/2023-10/Hopelend_exp.sol,mainnet,https://github.com/SunWeb3Sec/DeFiHackLabs/blob/main/past/2023/README.md,frozen_public_source_hashed,1b5a1d9c3166c2b9d60fefc71f8e12d2c3d2f604b259d662e38310d39db6838b,ac3363b2ee8827a619f153f254a699bb2ff1a671a64d2945ea708e69bd5e5908,"[""https://lunaray.medium.com/deep-dive-into-hopelend-hack-5962e8b55d3f"", ""https://twitter.com/immunefi/status/1722810650387517715""]",[],~$825K,exact_contract_basename,True,True,,,2023-10-18,,,,blocked_missing_onchain_and_availability_evidence,"[""missing:deployment_block"", ""missing:prediction_cutoff_block"", ""missing:source_availability_time"", ""missing:runtime_bytecode_hash_at_cutoff"", ""missing:outcome_adjudication_id""]",ethereum:0x53fbcada1201a465740f2d64ecdf6fac425f9030,514668b31420aa1462cf,,,,,not_resolved_requires_archive_rpc
openleverage,defihacklabs,bsc,32820951,0x7bacb1c805cbbf7c4f74556a4b34fde7793d0887,shanghai,ca2-ca180b9c5c90165fb523,2023-10-22,OpenLeverage,Business Logic Flaw,src/test/2023-10/OpenLeverage_exp.sol,bsc,https://github.com/SunWeb3Sec/DeFiHackLabs/blob/main/past/2023/README.md,frozen_public_source_hashed,1b5a1d9c3166c2b9d60fefc71f8e12d2c3d2f604b259d662e38310d39db6838b,654f68a7a2afa70319c628bab97c627cb470f2f69b7a6e866b13a5689fc30f3d,"[""https://defimon.xyz/exploit/bsc/0x5366c6ba729d9cf8d472500afc1a2976ac2fe9ff""]",[],~$8K,exact_contract_basename,True,True,,,2023-10-22,,,,blocked_missing_onchain_and_availability_evidence,"[""missing:deployment_block"", ""missing:prediction_cutoff_block"", ""missing:source_availability_time"", ""missing:runtime_bytecode_hash_at_cutoff"", ""missing:outcome_adjudication_id""]",bsc:0x7bacb1c805cbbf7c4f74556a4b34fde7793d0887,c773f3732bb4193d6eaf,,,,,not_resolved_requires_archive_rpc
zs,defihacklabs,bsc,32429591,0x12b3b6b1055b8ad1ae8f60a0b6c79a9825bcb4bc,shanghai,ca2-2f4322a54fd6caa407fe,2023-10-08,ZS,Business Logic Flaw,src/test/2023-10/ZS_exp.sol,bsc,https://github.com/SunWeb3Sec/DeFiHackLabs/blob/main/past/2023/README.md,frozen_public_source_hashed,1b5a1d9c3166c2b9d60fefc71f8e12d2c3d2f604b259d662e38310d39db6838b,b503ee263e167bb1e9fc5c91e7df46904eb33a13d2a864d82f3035214dc0fbf4,"[""https://x.com/MetaSec_xyz/status/1711189697534513327""]",[],~$14K,exact_contract_basename,True,True,,,2023-10-08,,,,blocked_missing_onchain_and_availability_evidence,"[""missing:deployment_block"", ""missing:prediction_cutoff_block"", ""missing:source_availability_time"", ""missing:runtime_bytecode_hash_at_cutoff"", ""missing:outcome_adjudication_id""]",bsc:0x12b3b6b1055b8ad1ae8f60a0b6c79a9825bcb4bc,fe3a9dd92ee9e2c318e9,,,,,not_resolved_requires_archive_rpc
wiselending,defihacklabs,ethereum,18342120,0x84524baa1951247b3a2617a843e6ece915bb9674,shanghai,ca2-789b9d7c348037be1840,2023-10-13,WiseLending,Donate Inflation ExchangeRate && Rounding Error,src/test/2023-10/WiseLending_exp.sol,mainnet,https://github.com/SunWeb3Sec/DeFiHackLabs/blob/main/past/2023/README.md,frozen_public_source_hashed,1b5a1d9c3166c2b9d60fefc71f8e12d2c3d2f604b259d662e38310d39db6838b,fe4ed68a0d11da3971450e0fc0bfe4d199e0e390deb63e1df86381c1747e3f10,"[""https://twitter.com/BlockSecTeam/status/1712871304993689709"", ""https://twitter.com/bbbb/status/1712841315522638034""]",[],~$260K,exact_contract_basename,True,True,,,2023-10-13,,,,blocked_missing_onchain_and_availability_evidence,"[""missing:deployment_block"", ""missing:prediction_cutoff_block"", ""missing:source_availability_time"", ""missing:runtime_bytecode_hash_at_cutoff"", ""missing:outcome_adjudication_id""]",ethereum:0x84524baa1951247b3a2617a843e6ece915bb9674,133280e3cf8c6e004b40,,,,,not_resolved_requires_archive_rpc
pseudoeth,defihacklabs,ethereum,18305131,0x2033b54b6789a963a02bfcbd40a46816770f1161,shanghai,ca2-6f8a2ab5c968b3eaaf69,2023-10-08,pSeudoEth,Pool manipulation,src/test/2023-10/pSeudoEth_exp.sol,mainnet,https://github.com/SunWeb3Sec/DeFiHackLabs/blob/main/past/2023/README.md,frozen_public_source_hashed,1b5a1d9c3166c2b9d60fefc71f8e12d2c3d2f604b259d662e38310d39db6838b,7367a892fb5af9fd9f54b20be34fbf9f07f2c20629b7196b40d75f65936feb46,"[""https://twitter.com/CertiKAlert/status/1710979615164944729""]",[],~$2.3K,exact_contract_basename,True,True,,,2023-10-08,,,,blocked_missing_onchain_and_availability_evidence,"[""missing:deployment_block"", ""missing:prediction_cutoff_block"", ""missing:source_availability_time"", ""missing:runtime_bytecode_hash_at_cutoff"", ""missing:outcome_adjudication_id""]",ethereum:0x2033b54b6789a963a02bfcbd40a46816770f1161,7ba109265ba69bf5a46e,,,,,not_resolved_requires_archive_rpc
ktaf,defihacklabs,ethereum,18385885,0xf5140fc35c6f94d02d7466f793feb0216082d7e5,shanghai,ca2-5c6b3bca3311000683b6,2023-10-19,kTAF,CompoundV2 Inflation Attack,src/test/2023-10/kTAF_exp.sol,mainnet,https://github.com/SunWeb3Sec/DeFiHackLabs/blob/main/past/2023/README.md,frozen_public_source_hashed,1b5a1d9c3166c2b9d60fefc71f8e12d2c3d2f604b259d662e38310d39db6838b,91ed447eedeac861483bcb32fe39cf0f028a35e3a80b97590af5d896965fb3b4,"[""https://defimon.xyz/attack/mainnet/0x325999373f1aae98db2d89662ff1afbe0c842736f7564d16a7b52bf5c777d3a4""]",[],~$8K,exact_contract_basename,True,True,,,2023-10-19,,,,blocked_missing_onchain_and_availability_evidence,"[""missing:deployment_block"", ""missing:prediction_cutoff_block"", ""missing:source_availability_time"", ""missing:runtime_bytecode_hash_at_cutoff"", ""missing:outcome_adjudication_id""]",ethereum:0xf5140fc35c6f94d02d7466f793feb0216082d7e5,2e7ab4b3334eed06e966,,,,,not_resolved_requires_archive_rpc
3913,defihacklabs,bsc,33132467,0xd74f28c6e0e2c09881ef2d9445f158833c174775,shanghai,ca2-a315156294181711e836,2023-11-02,3913Token,Deflationary Token Attack,src/test/2023-11/3913_exp.sol,bsc,https://github.com/SunWeb3Sec/DeFiHackLabs/blob/main/past/2023/README.md,frozen_public_source_hashed,1b5a1d9c3166c2b9d60fefc71f8e12d2c3d2f604b259d662e38310d39db6838b,20362fa28aa1bb400084b54890828ea4b8659ffc51d056fb6bba1172b04e8731,"[""https://defimon.xyz/attack/bsc/0x8163738d6610ca32f048ee9d30f4aa1ffdb3ca1eddf95c0eba086c3e936199ed""]",[],~$31354 USD$,exact_contract_basename,True,True,,,2023-11-02,,,,blocked_missing_onchain_and_availability_evidence,"[""missing:deployment_block"", ""missing:prediction_cutoff_block"", ""missing:source_availability_time"", ""missing:runtime_bytecode_hash_at_cutoff"", ""missing:outcome_adjudication_id""]",bsc:0xd74f28c6e0e2c09881ef2d9445f158833c174775,b2597dd6e526cd645d83,,,,,not_resolved_requires_archive_rpc
burntbubba,defihacklabs,ethereum,18680254,0xa44e79a2c9a8965e7a6fa77bf0ca8faf50e6c73e,shanghai,ca2-87c7a2d034157234fe09,2023-11-29,Burntbubba,Price Manipulation,src/test/2023-11/Burntbubba_exp.sol,mainnet,https://github.com/SunWeb3Sec/DeFiHackLabs/blob/main/past/2023/README.md,frozen_public_source_hashed,1b5a1d9c3166c2b9d60fefc71f8e12d2c3d2f604b259d662e38310d39db6838b,366337a679c5ba2ed9ef400c4d32ebc352b5fe185180f081b8914db6a7eada2b,"[""https://x.com/MetaSec_xyz/status/1730044259087315046""]",[],~$3K,exact_contract_basename,True,True,,,2023-11-29,,,,blocked_missing_onchain_and_availability_evidence,"[""missing:deployment_block"", ""missing:prediction_cutoff_block"", ""missing:source_availability_time"", ""missing:runtime_bytecode_hash_at_cutoff"", ""missing:outcome_adjudication_id""]",ethereum:0xa44e79a2c9a8965e7a6fa77bf0ca8faf50e6c73e,16b098729cf6d49263d2,,,,,not_resolved_requires_archive_rpc
fiberrouter,defihacklabs,bsc,33874498,0x4826e896e39dc96a8504588d21e9d44750435e2d,shanghai,ca2-efd162261d7f42c2343b,2023-11-28,FiberRouter,input validation,src/test/2023-11/FiberRouter_exp.sol,bsc,https://github.com/SunWeb3Sec/DeFiHackLabs/blob/main/past/2023/README.md,frozen_public_source_hashed,1b5a1d9c3166c2b9d60fefc71f8e12d2c3d2f604b259d662e38310d39db6838b,95e91dd1b0cd068b0894f826cee24f481cbae5f53f92b24d7f8f5720604ba795,"[""https://x.com/MetaSec_xyz/status/1729323254610002277""]",[],18 eth,exact_contract_basename,True,True,,,2023-11-28,,,,blocked_missing_onchain_and_availability_evidence,"[""missing:deployment_block"", ""missing:prediction_cutoff_block"", ""missing:source_availability_time"", ""missing:runtime_bytecode_hash_at_cutoff"", ""missing:outcome_adjudication_id""]",bsc:0x4826e896e39dc96a8504588d21e9d44750435e2d,f25e75ed85dc2b1ddcc5,,,,,not_resolved_requires_archive_rpc
carolprotocol,defihacklabs,base,7246080,0x26fe408bbd7a490feb056da8e2d1e007938e5685,shanghai,ca2-e726d15fcadb675a6a84,2023-11-30,CAROLProtocol,Price Manipulation Via Reentrancy,src/test/2023-11/CAROLProtocol_exp.sol,base,https://github.com/SunWeb3Sec/DeFiHackLabs/blob/main/past/2023/README.md,frozen_public_source_hashed,1b5a1d9c3166c2b9d60fefc71f8e12d2c3d2f604b259d662e38310d39db6838b,9033a03fb8b67fb19794406d2629035a33362c3189cedc26dc77bdb8cb78c188,"[""https://x.com/MetaSec_xyz/status/1730496513359647167""]",[],~$53k,exact_contract_basename,True,True,,,2023-11-30,,,,blocked_missing_onchain_and_availability_evidence,"[""missing:deployment_block"", ""missing:prediction_cutoff_block"", ""missing:source_availability_time"", ""missing:runtime_bytecode_hash_at_cutoff"", ""missing:outcome_adjudication_id""]",base:0x26fe408bbd7a490feb056da8e2d1e007938e5685,500eb6bf62f8cb382334,,,,,not_resolved_requires_archive_rpc
ehx,defihacklabs,bsc,33503911,0xe1747a23c44f445062078e3c528c9f4c28c50a51,shanghai,ca2-14bd5d42e2f704e2cc65,2023-11-15,EHX,Lack of Slippage Control,src/test/2023-11/EHX_exp.sol,bsc,https://github.com/SunWeb3Sec/DeFiHackLabs/blob/main/past/2023/README.md,frozen_public_source_hashed,1b5a1d9c3166c2b9d60fefc71f8e12d2c3d2f604b259d662e38310d39db6838b,a18c1d9fe7bf05d142752c8e0f8f37630c645e3812628dd1b9fefbc27a7b7fbf,"[""https://x.com/MetaSec_xyz/status/1724691996638618086""]",[],Unclear,exact_contract_basename,True,True,,,2023-11-15,,,,blocked_missing_onchain_and_availability_evidence,"[""missing:deployment_block"", ""missing:prediction_cutoff_block"", ""missing:source_availability_time"", ""missing:runtime_bytecode_hash_at_cutoff"", ""missing:outcome_adjudication_id""]",bsc:0xe1747a23c44f445062078e3c528c9f4c28c50a51,0ac20e00a7bb6e90f6cb,,,,,not_resolved_requires_archive_rpc
mahalend,defihacklabs,ethereum,18544604,0xfd11aba71c06061f446ade4eec057179f19c23c4,shanghai,ca2-af464f834697310f7d30,2023-11-11,MahaLend,Donate Inflation ExchangeRate & Rounding Error,src/test/2023-11/MahaLend_exp.sol,mainnet,https://github.com/SunWeb3Sec/DeFiHackLabs/blob/main/past/2023/README.md,frozen_public_source_hashed,1b5a1d9c3166c2b9d60fefc71f8e12d2c3d2f604b259d662e38310d39db6838b,06a6d113019acfeb5d11061532075f5f388fa6e5707881f5ed656071edc3ced3,"[""https://twitter.com/Phalcon_xyz/status/1723223766350832071""]",[],~$20 K,exact_contract_basename,True,True,,,2023-11-11,,,,blocked_missing_onchain_and_availability_evidence,"[""missing:deployment_block"", ""missing:prediction_cutoff_block"", ""missing:source_availability_time"", ""missing:runtime_bytecode_hash_at_cutoff"", ""missing:outcome_adjudication_id""]",ethereum:0xfd11aba71c06061f446ade4eec057179f19c23c4,96999a3f08f1b455bfbf,,,,,not_resolved_requires_archive_rpc
swampfinance,defihacklabs,bsc,33112358,0x33adbf5f1ec364a4ea3a5ca8f310b597b8afdee3,shanghai,ca2-7cd2beaa007600ae46b4,2023-11-01,SwampFinance,Business Logic Flaw,src/test/2023-11/SwampFinance_exp.sol,bsc,https://github.com/SunWeb3Sec/DeFiHackLabs/blob/main/past/2023/README.md,frozen_public_source_hashed,1b5a1d9c3166c2b9d60fefc71f8e12d2c3d2f604b259d662e38310d39db6838b,eb471c333ebe8db5610ae95946d94aed50d9c24c5cffc4db6f38a5d78fde763c,"[""https://x.com/MetaSec_xyz/status/1720373044517208261""]",[],Unclear,exact_contract_basename,True,True,,,2023-11-01,,,,blocked_missing_onchain_and_availability_evidence,"[""missing:deployment_block"", ""missing:prediction_cutoff_block"", ""missing:source_availability_time"", ""missing:runtime_bytecode_hash_at_cutoff"", ""missing:outcome_adjudication_id""]",bsc:0x33adbf5f1ec364a4ea3a5ca8f310b597b8afdee3,3b973bd9a8305570f2b8,,,,,not_resolved_requires_archive_rpc
raft,defihacklabs,ethereum,18543485,0x9ab6b21cdf116f611110b048987e58894786c244,shanghai,ca2-c7586710b826b2f08a35,2023-11-10,Raft_fi,Donate Inflation ExchangeRate & Rounding Error,src/test/2023-11/Raft_exp.sol,mainnet,https://github.com/SunWeb3Sec/DeFiHackLabs/blob/main/past/2023/README.md,frozen_public_source_hashed,1b5a1d9c3166c2b9d60fefc71f8e12d2c3d2f604b259d662e38310d39db6838b,cd2bdd74e5aee1be8cba6a272c1b7db7894120764fc783c363fdac039aff50fe,"[""https://twitter.com/BlockSecTeam/status/1723229393529835972""]",[],~$3.2 M,exact_contract_basename,True,True,,,2023-11-10,,,,blocked_missing_onchain_and_availability_evidence,"[""missing:deployment_block"", ""missing:prediction_cutoff_block"", ""missing:source_availability_time"", ""missing:runtime_bytecode_hash_at_cutoff"", ""missing:outcome_adjudication_id""]",ethereum:0x9ab6b21cdf116f611110b048987e58894786c244,86fc06efe16c826b723f,,,,,not_resolved_requires_archive_rpc
rbalancer,defihacklabs,ethereum,18523440,0xa62f9c5af106feee069f38de51098d9d81b90572,shanghai,ca2-511b838cc3ae7420a912,2023-11-07,RBalancer,Business Logic Flaw,src/test/2023-11/RBalancer_exp.sol,mainnet,https://github.com/SunWeb3Sec/DeFiHackLabs/blob/main/past/2023/README.md,frozen_public_source_hashed,1b5a1d9c3166c2b9d60fefc71f8e12d2c3d2f604b259d662e38310d39db6838b,f98b66442523d7382a3a7b7768fa85a68ce5e95cf5aa81f7e5e42c6e811bd5f2,"[""https://x.com/AnciliaInc/status/1722121056083943909""]",[],~17 ETH,exact_contract_basename,True,True,,,2023-11-07,,,,blocked_missing_onchain_and_availability_evidence,"[""missing:deployment_block"", ""missing:prediction_cutoff_block"", ""missing:source_availability_time"", ""missing:runtime_bytecode_hash_at_cutoff"", ""missing:outcome_adjudication_id""]",ethereum:0xa62f9c5af106feee069f38de51098d9d81b90572,b63f19c57d3d03e58aab,,,,,not_resolved_requires_archive_rpc
shibatoken,defihacklabs,bsc,33528882,0x13b1f2e227ca6f8e08ac80368fd637f5084f10a5,shanghai,ca2-db4133161e8ad967d9de,2023-11-17,ShibaToken,Business Logic Flaw,src/test/2023-11/ShibaToken_exp.sol,bsc,https://github.com/SunWeb3Sec/DeFiHackLabs/blob/main/past/2023/README.md,frozen_public_source_hashed,1b5a1d9c3166c2b9d60fefc71f8e12d2c3d2f604b259d662e38310d39db6838b,b7cada09b59c506a4279b6085113710972cd4b2e987982fdf0cf8f66a2f23e9e,[],[],~$31K,exact_contract_basename,True,True,,,2023-11-17,,,,blocked_missing_onchain_and_availability_evidence,"[""missing:deployment_block"", ""missing:prediction_cutoff_block"", ""missing:source_availability_time"", ""missing:runtime_bytecode_hash_at_cutoff"", ""missing:outcome_adjudication_id""]",bsc:0x13b1f2e227ca6f8e08ac80368fd637f5084f10a5,097efd6659a4dc2b5554,,,,,not_resolved_requires_archive_rpc
weco,defihacklabs,bsc,33549937,0xd672b766d66662f5c6fd798a999e1193a7945451,shanghai,ca2-c8f07b57035de6f92dd6,2023-11-16,WECO,Business Logic Flaw,src/test/2023-11/WECO_exp.sol,bsc,https://github.com/SunWeb3Sec/DeFiHackLabs/blob/main/past/2023/README.md,frozen_public_source_hashed,1b5a1d9c3166c2b9d60fefc71f8e12d2c3d2f604b259d662e38310d39db6838b,14401dcdb399156770a4d9b4ffb98d2e2a6944a63b11fa8b97a631fe80020e24,"[""https://x.com/MetaSec_xyz/status/1725311048625041887""]",[],~$18K,exact_contract_basename,True,True,,,2023-11-16,,,,blocked_missing_onchain_and_availability_evidence,"[""missing:deployment_block"", ""missing:prediction_cutoff_block"", ""missing:source_availability_time"", ""missing:runtime_bytecode_hash_at_cutoff"", ""missing:outcome_adjudication_id""]",bsc:0xd672b766d66662f5c6fd798a999e1193a7945451,62c65d59b4186b32f4c8,,,,,not_resolved_requires_archive_rpc
thenftv2,defihacklabs,ethereum,18647450,0x79a7d3559d73ea032120a69e59223d4375deb595,shanghai,ca2-ca903ea09549202fecb9,2023-11-25,TheNFTV2,logic flaw,src/test/2023-11/TheNFTV2_exp.sol,mainnet,https://github.com/SunWeb3Sec/DeFiHackLabs/blob/main/past/2023/README.md,frozen_public_source_hashed,1b5a1d9c3166c2b9d60fefc71f8e12d2c3d2f604b259d662e38310d39db6838b,19f81547a90b10e10774cc280d2fe983bd9e783d44d5a7e1c549a539e3c657de,"[""https://x.com/MetaTrustAlert/status/1728616715825848377""]",[],~$19K,exact_contract_basename,True,True,,,2023-11-25,,,,blocked_missing_onchain_and_availability_evidence,"[""missing:deployment_block"", ""missing:prediction_cutoff_block"", ""missing:source_availability_time"", ""missing:runtime_bytecode_hash_at_cutoff"", ""missing:outcome_adjudication_id""]",ethereum:0x79a7d3559d73ea032120a69e59223d4375deb595,daa0d118ea3b9cd07279,,,,,not_resolved_requires_archive_rpc
onyxprotocol,defihacklabs,ethereum,18476512,0x5fdbcd61bc9bd4b6d3fd1f49a5d253165ea11750,shanghai,ca2-252276d076fbf17cb546,2023-11-01,OnyxProtocol,Precission Loss Vulnerability,src/test/2023-11/OnyxProtocol_exp.sol,mainnet,https://github.com/SunWeb3Sec/DeFiHackLabs/blob/main/past/2023/README.md,frozen_public_source_hashed,1b5a1d9c3166c2b9d60fefc71f8e12d2c3d2f604b259d662e38310d39db6838b,7116148618bbe8823ac7a52bfaf220ce1b34c08acf031c7c8981600fbd92b5a2,"[""https://defimon.xyz/attack/mainnet/0xf7c21600452939a81b599017ee24ee0dfd92aaaccd0a55d02819a7658a6ef635"", ""https://twitter.com/DecurityHQ/status/1719657969925677161"", ""https://twitter.com/Phalcon_xyz/status/1719697319824851051""]",[],~$2M,exact_contract_basename,True,True,,,2023-11-01,,,,blocked_missing_onchain_and_availability_evidence,"[""missing:deployment_block"", ""missing:prediction_cutoff_block"", ""missing:source_availability_time"", ""missing:runtime_bytecode_hash_at_cutoff"", ""missing:outcome_adjudication_id""]",ethereum:0x5fdbcd61bc9bd4b6d3fd1f49a5d253165ea11750,c6ad2f22d93fa9260942,,,,,not_resolved_requires_archive_rpc
bct,defihacklabs,bsc,34204709,0x88b3eb62e363d9f153beab49c5c2ef2e785a375a,shanghai,ca2-6673e21002a8af6f4d12,2023-12-09,BCT,Price Manipulation,src/test/2023-12/BCT_exp.sol,bsc,https://github.com/SunWeb3Sec/DeFiHackLabs/blob/main/past/2023/README.md,frozen_public_source_hashed,1b5a1d9c3166c2b9d60fefc71f8e12d2c3d2f604b259d662e38310d39db6838b,d383d3e9c327db3e9d2a87f0fc215949e69191db48a244738eb1159f162ba6e7,"[""https://bscscan.com/tx/0xdae0b85e01670e6b6b317657a72fb560fc388664cf8bfdd9e1b0ae88e0679103""]","[""0xdae0b85e01670e6b6b317657a72fb560fc388664cf8bfdd9e1b0ae88e0679103""]",~10.2BNB,exact_contract_basename,True,True,,,2023-12-09,,,,blocked_missing_onchain_and_availability_evidence,"[""missing:deployment_block"", ""missing:prediction_cutoff_block"", ""missing:source_availability_time"", ""missing:runtime_bytecode_hash_at_cutoff"", ""missing:outcome_adjudication_id""]",bsc:0x88b3eb62e363d9f153beab49c5c2ef2e785a375a,9232d1016bd795673740,,,,,not_resolved_requires_archive_rpc
trustpad,defihacklabs,bsc,33260104,0xe613c058701c768e0d04d1bf8e6a6dc1a0c6d48a,shanghai,ca2-55d26359a2d08ac915c0,2023-11-06,TrustPad,Lack of msg.sender address verification,src/test/2023-11/TrustPad_exp.sol,bsc,https://github.com/SunWeb3Sec/DeFiHackLabs/blob/main/past/2023/README.md,frozen_public_source_hashed,1b5a1d9c3166c2b9d60fefc71f8e12d2c3d2f604b259d662e38310d39db6838b,4d6b4d45d86c9c069ff296c83604a785dfcc737cd3d9b51d7a8bc3506f41a170,"[""https://twitter.com/BeosinAlert/status/1721800306101793188""]",[],~$155K,exact_contract_basename,True,True,,,2023-11-06,,,,blocked_missing_onchain_and_availability_evidence,"[""missing:deployment_block"", ""missing:prediction_cutoff_block"", ""missing:source_availability_time"", ""missing:runtime_bytecode_hash_at_cutoff"", ""missing:outcome_adjudication_id""]",bsc:0xe613c058701c768e0d04d1bf8e6a6dc1a0c6d48a,1d6a5bfb34fcf8fdb10f,,,,,not_resolved_requires_archive_rpc
grok,defihacklabs,ethereum,18538678,0x8390a1da07e376ef7add4be859ba74fb83aa02d5,shanghai,ca2-e095e5dbb9687595e5ee,2023-11-10,grok,Lack of slippage protection,src/test/2023-11/grok_exp.sol,mainnet,https://github.com/SunWeb3Sec/DeFiHackLabs/blob/main/past/2023/README.md,frozen_public_source_hashed,1b5a1d9c3166c2b9d60fefc71f8e12d2c3d2f604b259d662e38310d39db6838b,e6dfdd6d17f539627a862d0a82813a66ea958dab84e88a02b14a2b1ac525fd46,"[""https://twitter.com/Phalcon_xyz/status/1722841076120130020""]",[],~26 ETH,exact_contract_basename,True,True,,,2023-11-10,,,,blocked_missing_onchain_and_availability_evidence,"[""missing:deployment_block"", ""missing:prediction_cutoff_block"", ""missing:source_availability_time"", ""missing:runtime_bytecode_hash_at_cutoff"", ""missing:outcome_adjudication_id""]",ethereum:0x8390a1da07e376ef7add4be859ba74fb83aa02d5,3537313273a1929f478e,,,,,not_resolved_requires_archive_rpc
goodcompound,defihacklabs,ethereum,18759540,0x3d9819210a31b4961b30ef54be2aed79b9c9cd3b,shanghai,ca2-40ac2c3e107d3d88709a,2023-12-11,GoodCompound,Price Manipulation,src/test/2023-12/GoodCompound_exp.sol,ethereum,https://github.com/SunWeb3Sec/DeFiHackLabs/blob/main/past/2023/README.md,frozen_public_source_hashed,1b5a1d9c3166c2b9d60fefc71f8e12d2c3d2f604b259d662e38310d39db6838b,7dc5d204b5cb5a34028972db2983f76e1a720919fabdf794e811acb9d09a6488,"[""https://getherscan.io/tx/0x1106418384414ed56cd7cbb9fedc66a02d39b663d580abc618f2d387348354ab""]","[""0x1106418384414ed56cd7cbb9fedc66a02d39b663d580abc618f2d387348354ab""]",~$13K (~250 COMP Token),exact_contract_basename,True,True,,,2023-12-11,,,,blocked_missing_onchain_and_availability_evidence,"[""missing:deployment_block"", ""missing:prediction_cutoff_block"", ""missing:source_availability_time"", ""missing:runtime_bytecode_hash_at_cutoff"", ""missing:outcome_adjudication_id""]",ethereum:0x3d9819210a31b4961b30ef54be2aed79b9c9cd3b,835996f7f97e96e03ce8,,,,,not_resolved_requires_archive_rpc
bearndao,defihacklabs,bsc,34099688,0x21125d94cfe886e7179c8d2fe8c1ea8d57c73e0e,shanghai,ca2-56bcc5cdf2d34dd9c4fb,2023-12-05,BEARNDAO,Business Logic Flaw,src/test/2023-12/BEARNDAO_exp.sol,bsc,https://github.com/SunWeb3Sec/DeFiHackLabs/blob/main/past/2023/README.md,frozen_public_source_hashed,1b5a1d9c3166c2b9d60fefc71f8e12d2c3d2f604b259d662e38310d39db6838b,5dee561336da19644235b4f8c44cb6d54b8c7dde9d4fe0591286868da1ec2627,"[""https://twitter.com/AnciliaInc/status/1732159377749180646""]",[],~$769k,exact_contract_basename,True,True,,,2023-12-05,,,,blocked_missing_onchain_and_availability_evidence,"[""missing:deployment_block"", ""missing:prediction_cutoff_block"", ""missing:source_availability_time"", ""missing:runtime_bytecode_hash_at_cutoff"", ""missing:outcome_adjudication_id""]",bsc:0x21125d94cfe886e7179c8d2fe8c1ea8d57c73e0e,7f396e4fcbbb30da30b2,,,,,not_resolved_requires_archive_rpc
hypr,defihacklabs,ethereum,18774584,0x40c31236b228935b0329eff066b1ad96e319595e,shanghai,ca2-f52d9b4393b86654cabd,2023-12-13,HYPR,Business Logic Flaw,src/test/2023-12/HYPR_exp.sol,mainnet,https://github.com/SunWeb3Sec/DeFiHackLabs/blob/main/past/2023/README.md,frozen_public_source_hashed,1b5a1d9c3166c2b9d60fefc71f8e12d2c3d2f604b259d662e38310d39db6838b,e3739679326c6468745c0daeac1cce1d40126fb342045cebba0b2f68c218a8c9,"[""https://twitter.com/BlockSecTeam/status/1735197818883588574""]",[],~$200k,exact_contract_basename,True,True,,,2023-12-13,,,,blocked_missing_onchain_and_availability_evidence,"[""missing:deployment_block"", ""missing:prediction_cutoff_block"", ""missing:source_availability_time"", ""missing:runtime_bytecode_hash_at_cutoff"", ""missing:outcome_adjudication_id""]",ethereum:0x40c31236b228935b0329eff066b1ad96e319595e,3569e04e764b454ea540,,,,,not_resolved_requires_archive_rpc
floorprotocol,defihacklabs,ethereum,18802287,0x49ad262c49c7aa708cc2df262ed53b64a17dd5ee,shanghai,ca2-a03b0bc9fabb86e707cb,2023-12-17,FloorProtocol,Business Logic Flaw,src/test/2023-12/FloorProtocol_exp.sol,mainnet,https://github.com/SunWeb3Sec/DeFiHackLabs/blob/main/past/2023/README.md,frozen_public_source_hashed,1b5a1d9c3166c2b9d60fefc71f8e12d2c3d2f604b259d662e38310d39db6838b,d552f58095a5c1b67278afdd5a9f1346ae00d63ce1b4de551a6e1b351e2523ad,"[""https://defimon.xyz/exploit/mainnet/0x7e5433f02f4bf07c4f2a2d341c450e07d7531428"", ""https://protos.com/floor-protocol-exploited-bored-apes-and-pudgy-penguins-gone/"", ""https://twitter.com/0xfoobar/status/1736190355257627064""]",[],"~$1,6M",exact_contract_basename,True,True,,,2023-12-17,,,,blocked_missing_onchain_and_availability_evidence,"[""missing:deployment_block"", ""missing:prediction_cutoff_block"", ""missing:source_availability_time"", ""missing:runtime_bytecode_hash_at_cutoff"", ""missing:outcome_adjudication_id""]",ethereum:0x49ad262c49c7aa708cc2df262ed53b64a17dd5ee,9c611d83bfc5dabc16eb,,,,,not_resolved_requires_archive_rpc
xai,defihacklabs,bsc,33503556,0x570ce7b89c67200721406525e1848bca6ff5a6f3,shanghai,ca2-8cfe2ca57c523f31600e,2023-11-15,XAI,Business Logic Flaw,src/test/2023-11/XAI_exp.sol,bsc,https://github.com/SunWeb3Sec/DeFiHackLabs/blob/main/past/2023/README.md,frozen_public_source_hashed,1b5a1d9c3166c2b9d60fefc71f8e12d2c3d2f604b259d662e38310d39db6838b,61aa313d22ea002b4b00c6a6de0a36276886e72679c6ddb006a2b8795deb1a33,"[""https://x.com/MetaSec_xyz/status/1724683082064855455""]",[],Unclear,exact_contract_basename,True,True,,,2023-11-15,,,,blocked_missing_onchain_and_availability_evidence,"[""missing:deployment_block"", ""missing:prediction_cutoff_block"", ""missing:source_availability_time"", ""missing:runtime_bytecode_hash_at_cutoff"", ""missing:outcome_adjudication_id""]",bsc:0x570ce7b89c67200721406525e1848bca6ff5a6f3,e234af9e2cd443594632,,,,,not_resolved_requires_archive_rpc
mamo,defihacklabs,bsc,34083188,0x5813d7818c9d8f29a9a96b00031ef576e892def4,shanghai,ca2-6bc7737cc67404ed8f62,2023-12-05,MAMO,Price Manipulation,src/test/2023-12/MAMO_exp.sol,bsc,https://github.com/SunWeb3Sec/DeFiHackLabs/blob/main/past/2023/README.md,frozen_public_source_hashed,1b5a1d9c3166c2b9d60fefc71f8e12d2c3d2f604b259d662e38310d39db6838b,b179fe0d475faa52efde723526c07cfa6d03e48171fb2fddb5afc889107b6a26,"[""https://bscscan.com/tx/0x189a8dc1e0fea34fd7f5fa78c6e9bdf099a8d575ff5c557fa30d90c6acd0b29f""]","[""0x189a8dc1e0fea34fd7f5fa78c6e9bdf099a8d575ff5c557fa30d90c6acd0b29f""]",~$3.3K,exact_contract_basename,True,True,,,2023-12-05,,,,blocked_missing_onchain_and_availability_evidence,"[""missing:deployment_block"", ""missing:prediction_cutoff_block"", ""missing:source_availability_time"", ""missing:runtime_bytecode_hash_at_cutoff"", ""missing:outcome_adjudication_id""]",bsc:0x5813d7818c9d8f29a9a96b00031ef576e892def4,cdb052d04d570fab65c0,,,,,not_resolved_requires_archive_rpc
gooddollar,defihacklabs,ethereum,18802014,0x0c6c80d2061afa35e160f3799411d83bdeea0a5a,shanghai,ca2-77cd38b96a68c54afe71,2023-12-16,GoodDollar,Lack of Input Validation & Reentrancy,src/test/2023-12/GoodDollar_exp.sol,mainnet,https://github.com/SunWeb3Sec/DeFiHackLabs/blob/main/past/2023/README.md,frozen_public_source_hashed,1b5a1d9c3166c2b9d60fefc71f8e12d2c3d2f604b259d662e38310d39db6838b,6a95eea8103582c2f5632f1537abceaed8eff172c0887c3cc15a60354a1fd7d3,"[""https://twitter.com/MetaSec_xyz/status/1736428284756607386""]",[],~$2M,exact_contract_basename,True,True,,,2023-12-16,,,,blocked_missing_onchain_and_availability_evidence,"[""missing:deployment_block"", ""missing:prediction_cutoff_block"", ""missing:source_availability_time"", ""missing:runtime_bytecode_hash_at_cutoff"", ""missing:outcome_adjudication_id""]",ethereum:0x0c6c80d2061afa35e160f3799411d83bdeea0a5a,25b3c3cbfe515523ed3a,,,,,not_resolved_requires_archive_rpc
kest,defihacklabs,bsc,34402343,0x7dda132dd57b773a94e27c5caa97834a73510429,shanghai,ca2-1769b603523b156d5e27,2023-12-16,KEST,Business Logic Flaw,src/test/2023-12/KEST_exp.sol,bsc,https://github.com/SunWeb3Sec/DeFiHackLabs/blob/main/past/2023/README.md,frozen_public_source_hashed,1b5a1d9c3166c2b9d60fefc71f8e12d2c3d2f604b259d662e38310d39db6838b,99d06bdb5b484c933c76644cf093265b2be4def011b3434388bdd1481f20e471,"[""https://x.com/MetaSec_xyz/status/1736077719849623718""]",[],~$2.3K,exact_contract_basename,True,True,,,2023-12-16,,,,blocked_missing_onchain_and_availability_evidence,"[""missing:deployment_block"", ""missing:prediction_cutoff_block"", ""missing:source_availability_time"", ""missing:runtime_bytecode_hash_at_cutoff"", ""missing:outcome_adjudication_id""]",bsc:0x7dda132dd57b773a94e27c5caa97834a73510429,2d84bded6f0eafe38b07,,,,,not_resolved_requires_archive_rpc
nfttrader,defihacklabs,ethereum,18799414,0xc310e760778ecbca4c65b6c559874757a4c4ece0,shanghai,ca2-a9052dd43a76ce42a994,2023-12-16,NFTTrader,Reentrancy,src/test/2023-12/NFTTrader_exp.sol,mainnet,https://github.com/SunWeb3Sec/DeFiHackLabs/blob/main/past/2023/README.md,frozen_public_source_hashed,1b5a1d9c3166c2b9d60fefc71f8e12d2c3d2f604b259d662e38310d39db6838b,55ef990ada51be5cab3dba4ee4608c297453af35b523388f7a3290b3bc02400f,"[""https://twitter.com/0xArhat/status/1736038250190651467"", ""https://twitter.com/AnciliaInc/status/1736263884217139333"", ""https://twitter.com/SlowMist_Team/status/1736005523550646535""]",[],~$3M,exact_contract_basename,True,True,,,2023-12-16,,,,blocked_missing_onchain_and_availability_evidence,"[""missing:deployment_block"", ""missing:prediction_cutoff_block"", ""missing:source_availability_time"", ""missing:runtime_bytecode_hash_at_cutoff"", ""missing:outcome_adjudication_id""]",ethereum:0xc310e760778ecbca4c65b6c559874757a4c4ece0,c89c20b719cff7bcf280,,,,,not_resolved_requires_archive_rpc
pineprotocol,defihacklabs,ethereum,18835344,0x2405913d54fc46eeaf3fb092bfb099f46803872f,shanghai,ca2-9653ab400e10fa0c044d,2023-12-22,PineProtocol,Business Logic Flaw,src/test/2023-12/PineProtocol_exp.sol,mainnet,https://github.com/SunWeb3Sec/DeFiHackLabs/blob/main/past/2023/README.md,frozen_public_source_hashed,1b5a1d9c3166c2b9d60fefc71f8e12d2c3d2f604b259d662e38310d39db6838b,88724faa3deeba2c694b22a6f2b8f554d6a452e55f7d5866e7fb67bbe517c669,"[""https://medium.com/neptune-mutual/analysis-of-the-pine-protocol-exploit-e09dbcb80ca0"", ""https://twitter.com/MistTrack_io/status/1738131780459430338""]",[],~90k,exact_contract_basename,True,True,,,2023-12-22,,,,blocked_missing_onchain_and_availability_evidence,"[""missing:deployment_block"", ""missing:prediction_cutoff_block"", ""missing:source_availability_time"", ""missing:runtime_bytecode_hash_at_cutoff"", ""missing:outcome_adjudication_id""]",ethereum:0x2405913d54fc46eeaf3fb092bfb099f46803872f,7dbd6f04196b8d5851ed,,,,,not_resolved_requires_archive_rpc
cfc,defihacklabs,bsc,29116478,0xdd9b223aec6ea56567a62f21ff89585ff125632c,shanghai,ca2-d08064284319f9724001,2023-06-15,CFC,Uniswap Skim() token balance attack,src/test/2023-06/CFC_exp.sol,bsc,https://github.com/SunWeb3Sec/DeFiHackLabs/blob/main/past/2023/README.md,frozen_public_source_hashed,1b5a1d9c3166c2b9d60fefc71f8e12d2c3d2f604b259d662e38310d39db6838b,77b3284608b7251b4ae0b068d00f1561974249a2e86071fcc807e3196eb56a83,"[""https://twitter.com/hexagate_/status/1669280632738906113""]",[],~$16k,exact_contract_basename,True,True,,,2023-06-15,,,,blocked_missing_onchain_and_availability_evidence,"[""missing:deployment_block"", ""missing:prediction_cutoff_block"", ""missing:source_availability_time"", ""missing:runtime_bytecode_hash_at_cutoff"", ""missing:outcome_adjudication_id""]",bsc:0xdd9b223aec6ea56567a62f21ff89585ff125632c,890ff7110531c605d7a3,,,,,not_resolved_requires_archive_rpc
shido,defihacklabs,bsc,29365171,0xaf0ca21363219c8f3d8050e7b61bb5f04e02f8d4,shanghai,ca2-998d669aa57d9c873e3e,2023-06-23,SHIDO,Business Logic,src/test/2023-06/SHIDO_exp.sol,bsc,https://github.com/SunWeb3Sec/DeFiHackLabs/blob/main/past/2023/README.md,frozen_public_source_hashed,1b5a1d9c3166c2b9d60fefc71f8e12d2c3d2f604b259d662e38310d39db6838b,02f500349f984568ee26a4a76e055cc50cee94249fb6cd64987772f0187ecf20,"[""https://twitter.com/AnciliaInc/status/1672382613473083393"", ""https://twitter.com/Phalcon_xyz/status/1672473343734480896""]",[],~997 WBNB,exact_contract_basename,True,True,,,2023-06-23,,,,blocked_missing_onchain_and_availability_evidence,"[""missing:deployment_block"", ""missing:prediction_cutoff_block"", ""missing:source_availability_time"", ""missing:runtime_bytecode_hash_at_cutoff"", ""missing:outcome_adjudication_id""]",bsc:0xaf0ca21363219c8f3d8050e7b61bb5f04e02f8d4,bf031f6592a0c7d53f5c,,,,,not_resolved_requires_archive_rpc
paraspace,defihacklabs,ethereum,16845558,0x638a98bbb92a7582d07c52ff407d49664dc8b3ee,shanghai,ca2-a86a6b86d343ba9e3bdb,2023-03-17,ParaSpace NFT,Flashloan + scaledBalanceOf Manipulation,src/test/2023-03/Paraspace_exp_2.sol,mainnet,https://github.com/SunWeb3Sec/DeFiHackLabs/blob/main/past/2023/README.md,frozen_public_source_hashed,1b5a1d9c3166c2b9d60fefc71f8e12d2c3d2f604b259d662e38310d39db6838b,f76325e990b992d20458c0d86b7fa77bba088347856fc8cd9d4bb12e33b3dfc0,"[""https://twitter.com/BlockSecTeam/status/1636650252844294144""]",[],,exact_contract_basename,True,True,,,2023-03-17,,,,blocked_missing_onchain_and_availability_evidence,"[""missing:deployment_block"", ""missing:prediction_cutoff_block"", ""missing:source_availability_time"", ""missing:runtime_bytecode_hash_at_cutoff"", ""missing:outcome_adjudication_id""]",ethereum:0x638a98bbb92a7582d07c52ff407d49664dc8b3ee,25934c35a7a7be2fcf80,,,,,not_resolved_requires_archive_rpc
allbridge_2,defihacklabs,bsc,26982067,0x179aad597399b9ae078acfe2b746c09117799ca0,shanghai,ca2-3ef6014a26a0b205a68e,2023-04-02,Allbridge,FlashLoan price manipulation,src/test/2023-04/Allbridge_exp.sol,bsc,https://github.com/SunWeb3Sec/DeFiHackLabs/blob/main/past/2023/README.md,frozen_public_source_hashed,1b5a1d9c3166c2b9d60fefc71f8e12d2c3d2f604b259d662e38310d39db6838b,9e6ba73f3f619cf65fc515389a80b649a51aa891855bd02aaed3938aad6973b1,"[""https://twitter.com/BeosinAlert/status/1642372700726505473"", ""https://twitter.com/peckshield/status/1642356701100916736""]",[],$550k,normalized_title_fallback,True,True,,,2023-04-02,,,,blocked_missing_onchain_and_availability_evidence,"[""missing:deployment_block"", ""missing:prediction_cutoff_block"", ""missing:source_availability_time"", ""missing:runtime_bytecode_hash_at_cutoff"", ""missing:outcome_adjudication_id""]",bsc:0x179aad597399b9ae078acfe2b746c09117799ca0,e2891d532e116cd88d9e,,,,,not_resolved_requires_archive_rpc
lusd,defihacklabs,bsc,29756866,0xdec12a1dcbc1f741ccd02dfd862ab226f6383003,shanghai,ca2-eafba3ad227d4a51d107,2023-07-07,LUSD,Price manipulation attack,src/test/2023-07/LUSD_exp.sol,bsc,https://github.com/SunWeb3Sec/DeFiHackLabs/blob/main/past/2023/README.md,frozen_public_source_hashed,1b5a1d9c3166c2b9d60fefc71f8e12d2c3d2f604b259d662e38310d39db6838b,548fa2554a015e3e4ac4533680e800fbfed217cea5fb939376b2e620239adfc3,"[""https://twitter.com/AnciliaInc/status/1677391242878140417""]",[],~9464USDT,exact_contract_basename,True,True,,,2023-07-07,,,,blocked_missing_onchain_and_availability_evidence,"[""missing:deployment_block"", ""missing:prediction_cutoff_block"", ""missing:source_availability_time"", ""missing:runtime_bytecode_hash_at_cutoff"", ""missing:outcome_adjudication_id""]",bsc:0xdec12a1dcbc1f741ccd02dfd862ab226f6383003,b17dc38b090bbf59fc51,,,,,not_resolved_requires_archive_rpc
gss,defihacklabs,bsc,31108558,0x37e42b961ae37883bac2fc29207a5f88efa5db66,shanghai,ca2-0b66d50e994cba1798e2,2023-08-24,GSS,skim token balance,src/test/2023-08/GSS_exp.sol,bsc,https://github.com/SunWeb3Sec/DeFiHackLabs/blob/main/past/2023/README.md,frozen_public_source_hashed,1b5a1d9c3166c2b9d60fefc71f8e12d2c3d2f604b259d662e38310d39db6838b,0122f962f73ed6d70d7072a745df25f84bcc6f37a84e727e4be922b835e36529,"[""https://twitter.com/bbbb/status/1694571228185723099""]",[],~$25K,exact_contract_basename,True,True,,,2023-08-24,,,,blocked_missing_onchain_and_availability_evidence,"[""missing:deployment_block"", ""missing:prediction_cutoff_block"", ""missing:source_availability_time"", ""missing:runtime_bytecode_hash_at_cutoff"", ""missing:outcome_adjudication_id""]",bsc:0x37e42b961ae37883bac2fc29207a5f88efa5db66,2f82f5c14a9513985769,,,,,not_resolved_requires_archive_rpc
xsdwethpool,defihacklabs,bsc,32086900,0xfadda925e10d07430f5d7461689fd90d3d81bb48,shanghai,ca2-4cd0e024b3073b041691,2023-09-26,XSDWETHpool,Reentrancy,src/test/2023-09/XSDWETHpool_exp.sol,bsc,https://github.com/SunWeb3Sec/DeFiHackLabs/blob/main/past/2023/README.md,frozen_public_source_hashed,1b5a1d9c3166c2b9d60fefc71f8e12d2c3d2f604b259d662e38310d39db6838b,5171a72c631a0930c60cf394ca3b8b53732efe7023d737f87503743b37eb8dc8,"[""https://twitter.com/CertiKAlert/status/1706765042916450781""]",[],~$56.9BNB,exact_contract_basename,True,True,,,2023-09-26,,,,blocked_missing_onchain_and_availability_evidence,"[""missing:deployment_block"", ""missing:prediction_cutoff_block"", ""missing:source_availability_time"", ""missing:runtime_bytecode_hash_at_cutoff"", ""missing:outcome_adjudication_id""]",bsc:0xfadda925e10d07430f5d7461689fd90d3d81bb48,6a42abc7fdafcad53a1e,,,,,not_resolved_requires_archive_rpc
laeeb,defihacklabs,bsc,33053187,0xa2b8a15a07385ea933088c6bcbb38b84c1051a58,shanghai,ca2-99439e8d086734a4e7a2,2023-10-30,LaEeb,Lack Slippage Protection,src/test/2023-10/LaEeb_exp.sol,bsc,https://github.com/SunWeb3Sec/DeFiHackLabs/blob/main/past/2023/README.md,frozen_public_source_hashed,1b5a1d9c3166c2b9d60fefc71f8e12d2c3d2f604b259d662e38310d39db6838b,5d8182089bda62f6d5bf44380c6d651479cecf5301f21a488a6128e18fef824e,"[""https://x.com/MetaSec_xyz/status/1718964562165420076""]",[],~1.8 WBNB,exact_contract_basename,True,True,,,2023-10-30,,,,blocked_missing_onchain_and_availability_evidence,"[""missing:deployment_block"", ""missing:prediction_cutoff_block"", ""missing:source_availability_time"", ""missing:runtime_bytecode_hash_at_cutoff"", ""missing:outcome_adjudication_id""]",bsc:0xa2b8a15a07385ea933088c6bcbb38b84c1051a58,0d900ab8a6fdadb14480,,,,,not_resolved_requires_archive_rpc
ais,defihacklabs,bsc,33916687,0x6844ef18012a383c14e9a76a93602616ee9d6132,shanghai,ca2-c5f49d371d24304e62b2,2023-11-29,AIS,Insufficient validation,src/test/2023-11/AIS_exp.sol,bsc,https://github.com/SunWeb3Sec/DeFiHackLabs/blob/main/past/2023/README.md,frozen_public_source_hashed,1b5a1d9c3166c2b9d60fefc71f8e12d2c3d2f604b259d662e38310d39db6838b,201fb0e192b801dcf1d6a5bd5cb66779a4a53d0312239f571733153ff40c12c6,"[""https://twitter.com/Phalcon_xyz/status/1729861048004391306""]",[],~$61k,exact_contract_basename,True,True,,,2023-11-29,,,,blocked_missing_onchain_and_availability_evidence,"[""missing:deployment_block"", ""missing:prediction_cutoff_block"", ""missing:source_availability_time"", ""missing:runtime_bytecode_hash_at_cutoff"", ""missing:outcome_adjudication_id""]",bsc:0x6844ef18012a383c14e9a76a93602616ee9d6132,0898c152aca33900de9f,,,,,not_resolved_requires_archive_rpc
hct,defihacklabs,bsc,31528197,0x0fdfcfc398ccc90124a0a41d920d6e2d0bd8ccf5,shanghai,ca2-573d346bb7ac970e759a,2023-09-07,HCT,Price Manipulation,src/test/2023-09/HCT_exp.sol,bsc,https://github.com/SunWeb3Sec/DeFiHackLabs/blob/main/past/2023/README.md,frozen_public_source_hashed,1b5a1d9c3166c2b9d60fefc71f8e12d2c3d2f604b259d662e38310d39db6838b,9f533b702a0b779e816436d168cac8002a4e871939e3c2589b2e6b0e106533dc,"[""https://twitter.com/leovctech/status/1699775506785198499""]",[],~$30.5BNB,exact_contract_basename,True,True,,,2023-09-07,,,,blocked_missing_onchain_and_availability_evidence,"[""missing:deployment_block"", ""missing:prediction_cutoff_block"", ""missing:source_availability_time"", ""missing:runtime_bytecode_hash_at_cutoff"", ""missing:outcome_adjudication_id""]",bsc:0x0fdfcfc398ccc90124a0a41d920d6e2d0bd8ccf5,dd71f780d77c852a1447,,,,,not_resolved_requires_archive_rpc
lqdx_alert,defihacklabs,ethereum,19165893,0x364f17a23ae4350319b7491224d10df5796190bc,shanghai,ca2-dcbeec1a974442a079de,2024-01-10,LQDX,Unauthorized TransferFrom,src/test/2024-01/LQDX_alert_exp.sol,mainnet,https://github.com/SunWeb3Sec/DeFiHackLabs/blob/main/past/2024/README.md,frozen_public_source_hashed,db3b13fa1cbf75bffec4662240ebd762c5af6c92d2608b9aecde80a8d7802b08,d30061a939fbd172dd528982a413b74d964553eaf8a2aa841dbf758a368fee8e,"[""https://twitter.com/SlowMist_Team/status/1744972012865671452""]",[],unknown,exact_contract_basename,True,True,,,2024-01-10,,,,blocked_missing_onchain_and_availability_evidence,"[""missing:deployment_block"", ""missing:prediction_cutoff_block"", ""missing:source_availability_time"", ""missing:runtime_bytecode_hash_at_cutoff"", ""missing:outcome_adjudication_id""]",ethereum:0x364f17a23ae4350319b7491224d10df5796190bc,9c1faeb65fe07d0824af,,,,,not_resolved_requires_archive_rpc
bmizapper,defihacklabs,ethereum,19029289,0x4622aff8e521a444c9301da0efd05f6b482221b8,shanghai,ca2-5a019aa2bc528c73de90,2024-01-17,BmiZapper,Arbitrary external call vulnerability,src/test/2024-01/Bmizapper_exp.sol,mainnet,https://github.com/SunWeb3Sec/DeFiHackLabs/blob/main/past/2024/README.md,frozen_public_source_hashed,db3b13fa1cbf75bffec4662240ebd762c5af6c92d2608b9aecde80a8d7802b08,3639359f34a51931ad664ca625decddd72117909a07861077bb648ff94277c3c,"[""https://x.com/0xmstore/status/1747756898172952725""]",[],~114K,exact_contract_basename,True,True,,,2024-01-17,,,,blocked_missing_onchain_and_availability_evidence,"[""missing:deployment_block"", ""missing:prediction_cutoff_block"", ""missing:source_availability_time"", ""missing:runtime_bytecode_hash_at_cutoff"", ""missing:outcome_adjudication_id""]",ethereum:0x4622aff8e521a444c9301da0efd05f6b482221b8,a197d2b28a4be2146922,,,,,not_resolved_requires_archive_rpc
mic,defihacklabs,bsc,34905161,0xb38c2d2d6a168d41aa8eb4cead47e01badbdcf57,shanghai,ca2-a17aa054e6a4e68a65d6,2024-01-02,MIC,Business Logic Flaw,src/test/2024-01/MIC_exp.sol,bsc,https://github.com/SunWeb3Sec/DeFiHackLabs/blob/main/past/2024/README.md,frozen_public_source_hashed,db3b13fa1cbf75bffec4662240ebd762c5af6c92d2608b9aecde80a8d7802b08,949c8d012eb705b561f67c12fe8ae383cc1da5479537f8f136bc7ad1b38971ff,"[""https://x.com/MetaSec_xyz/status/1742484748239536173""]",[],~500K,exact_contract_basename,True,True,,,2024-01-02,,,,blocked_missing_onchain_and_availability_evidence,"[""missing:deployment_block"", ""missing:prediction_cutoff_block"", ""missing:source_availability_time"", ""missing:runtime_bytecode_hash_at_cutoff"", ""missing:outcome_adjudication_id""]",bsc:0xb38c2d2d6a168d41aa8eb4cead47e01badbdcf57,52e0a527cb34f32e9cad,,,,,not_resolved_requires_archive_rpc
barleyfinance,defihacklabs,ethereum,19106654,0x04c80bb477890f3021f03b068238836ee20aa0b8,shanghai,ca2-4f5a0a76d69326e4c2cd,2024-01-28,BarleyFinance,Reentrancy,src/test/2024-01/BarleyFinance_exp.sol,mainnet,https://github.com/SunWeb3Sec/DeFiHackLabs/blob/main/past/2024/README.md,frozen_public_source_hashed,db3b13fa1cbf75bffec4662240ebd762c5af6c92d2608b9aecde80a8d7802b08,db29e517b67f809a29faeda998ccaf52c5c2cdbf28690ee42a52da070f9c0dbb,"[""https://app.blocksec.com/explorer/security-incidents"", ""https://twitter.com/Phalcon_xyz/status/1751788389139992824"", ""https://www.bitget.com/news/detail/12560603890246""]",[],~130K,exact_contract_basename,True,True,,,2024-01-28,,,,blocked_missing_onchain_and_availability_evidence,"[""missing:deployment_block"", ""missing:prediction_cutoff_block"", ""missing:source_availability_time"", ""missing:runtime_bytecode_hash_at_cutoff"", ""missing:outcome_adjudication_id""]",ethereum:0x04c80bb477890f3021f03b068238836ee20aa0b8,462c8ab12b91bf9f7b26,,,,,not_resolved_requires_archive_rpc
mimspell2,defihacklabs,ethereum,19118659,0x7259e152103756e1616a77ae982353c3751a6a90,shanghai,ca2-be2ba09219e40ecb6cb2,2024-01-30,MIMSpell,Precission Loss,src/test/2024-01/MIMSpell2_exp.sol,mainnet,https://github.com/SunWeb3Sec/DeFiHackLabs/blob/main/past/2024/README.md,frozen_public_source_hashed,db3b13fa1cbf75bffec4662240ebd762c5af6c92d2608b9aecde80a8d7802b08,7d204cc7ae208880f66356502374e7a7f0f35543be63f2bbaca9a9a8da3c9dd3,"[""https://app.blocksec.com/explorer/security-incidents"", ""https://twitter.com/Phalcon_xyz/status/1752278614551216494"", ""https://twitter.com/kankodu/status/1752581744803680680"", ""https://twitter.com/peckshield/status/1752279373779194011""]",[],"~6,5M",exact_contract_basename,True,True,,,2024-01-30,,,,blocked_missing_onchain_and_availability_evidence,"[""missing:deployment_block"", ""missing:prediction_cutoff_block"", ""missing:source_availability_time"", ""missing:runtime_bytecode_hash_at_cutoff"", ""missing:outcome_adjudication_id""]",ethereum:0x7259e152103756e1616a77ae982353c3751a6a90,d21a2cb8fee95aa4d717,,,,,not_resolved_requires_archive_rpc
peapodsfinance,defihacklabs,ethereum,19109652,0xdbb20a979a92cccce15229e41c9b082d5b5d7e31,shanghai,ca2-8af0ea955100349da941,2024-01-29,PeapodsFinance,Reentrancy,src/test/2024-01/PeapodsFinance_exp.sol,mainnet,https://github.com/SunWeb3Sec/DeFiHackLabs/blob/main/past/2024/README.md,frozen_public_source_hashed,db3b13fa1cbf75bffec4662240ebd762c5af6c92d2608b9aecde80a8d7802b08,c5deade4aaa511c50cb8d90d1504dd401639fdb69b10edcef3754925cfa6f6cf,"[""https://app.blocksec.com/explorer/tx/eth/0x95c1604789c93f41940a7fd9eca11276975a9a65d250b89a247736287dbd2b7e""]","[""0x95c1604789c93f41940a7fd9eca11276975a9a65d250b89a247736287dbd2b7e""]",~1K $DAI,frozen_date_override,True,True,,,2024-01-29,,,,blocked_missing_onchain_and_availability_evidence,"[""missing:deployment_block"", ""missing:prediction_cutoff_block"", ""missing:source_availability_time"", ""missing:runtime_bytecode_hash_at_cutoff"", ""missing:outcome_adjudication_id""]",ethereum:0xdbb20a979a92cccce15229e41c9b082d5b5d7e31,3102de7ea03f13024a6a,,,,,not_resolved_requires_archive_rpc
wiselending02,defihacklabs,ethereum,18983652,0x37e49bf3749513a02fa535f0cbc383796e8107e4,shanghai,ca2-a8ad072cb3fd37a5cfca,2024-01-12,WiseLending,Bad HealthFactor Check,src/test/2024-01/WiseLending02_exp.sol,mainnet,https://github.com/SunWeb3Sec/DeFiHackLabs/blob/main/past/2024/README.md,frozen_public_source_hashed,db3b13fa1cbf75bffec4662240ebd762c5af6c92d2608b9aecde80a8d7802b08,50b2a0eee9425c4ead1268ef12814a6a8221bd166b4753b3889b49cacf3d3f14,"[""https://twitter.com/danielvf/status/1746303616778981402""]",[],~464K,exact_contract_basename,True,True,,,2024-01-12,,,,blocked_missing_onchain_and_availability_evidence,"[""missing:deployment_block"", ""missing:prediction_cutoff_block"", ""missing:source_availability_time"", ""missing:runtime_bytecode_hash_at_cutoff"", ""missing:outcome_adjudication_id""]",ethereum:0x37e49bf3749513a02fa535f0cbc383796e8107e4,fce5f53bc809cea3d716,,,,,not_resolved_requires_archive_rpc
socketgateway,defihacklabs,ethereum,19021453,0xcc5fda5e3ca925bd0bb428c8b2669496ee43067e,shanghai,ca2-220124d062a8c71c63c5,2024-01-12,SocketGateway,Lack of calldata validation,src/test/2024-01/SocketGateway_exp.sol,mainnet,https://github.com/SunWeb3Sec/DeFiHackLabs/blob/main/past/2024/README.md,frozen_public_source_hashed,db3b13fa1cbf75bffec4662240ebd762c5af6c92d2608b9aecde80a8d7802b08,2b4ce27886dead1cc4ae34b1a0a69a1ea6dd8104f38a47c8116ef22a96daefe4,"[""https://twitter.com/BeosinAlert/status/1747450173675196674"", ""https://twitter.com/peckshield/status/1747353782004900274""]",[],~3.3Million $,exact_contract_basename,True,True,,,2024-01-12,,,,blocked_missing_onchain_and_availability_evidence,"[""missing:deployment_block"", ""missing:prediction_cutoff_block"", ""missing:source_availability_time"", ""missing:runtime_bytecode_hash_at_cutoff"", ""missing:outcome_adjudication_id""]",ethereum:0xcc5fda5e3ca925bd0bb428c8b2669496ee43067e,159eca1d20e330cd9317,,,,,not_resolved_requires_archive_rpc
wiselending03,defihacklabs,ethereum,18992907,0x37e49bf3749513a02fa535f0cbc383796e8107e4,shanghai,ca2-fb44a0ed0d7b6f375c60,2024-01-12,WiseLending,Bad HealthFactor Check,src/test/2024-01/WiseLending02_exp.sol,mainnet,https://github.com/SunWeb3Sec/DeFiHackLabs/blob/main/past/2024/README.md,frozen_public_source_hashed,db3b13fa1cbf75bffec4662240ebd762c5af6c92d2608b9aecde80a8d7802b08,50b2a0eee9425c4ead1268ef12814a6a8221bd166b4753b3889b49cacf3d3f14,"[""https://twitter.com/danielvf/status/1746303616778981402""]",[],~464K,frozen_date_override,True,True,,,2024-01-12,,,,blocked_missing_onchain_and_availability_evidence,"[""missing:deployment_block"", ""missing:prediction_cutoff_block"", ""missing:source_availability_time"", ""missing:runtime_bytecode_hash_at_cutoff"", ""missing:outcome_adjudication_id""]",ethereum:0x37e49bf3749513a02fa535f0cbc383796e8107e4,fce5f53bc809cea3d716,,,,,not_resolved_requires_archive_rpc
xsij,defihacklabs,bsc,35702095,0x31bfa137c76561ef848c2af9ca301b60451caac0,shanghai,ca2-5616b56d8b8cbc0a3ebe,2024-01-30,XSIJ,Business Logic Flaw,src/test/2024-01/XSIJ_exp.sol,bsc,https://github.com/SunWeb3Sec/DeFiHackLabs/blob/main/past/2024/README.md,frozen_public_source_hashed,db3b13fa1cbf75bffec4662240ebd762c5af6c92d2608b9aecde80a8d7802b08,c97b25d36a3fef48ca7bc8103e8c1d6e579339f997e43c74bb817ab44d6c87e4,"[""https://x.com/CertiKAlert/status/1752384801535918264""]",[],~51K USD,exact_contract_basename,True,True,,,2024-01-30,,,,blocked_missing_onchain_and_availability_evidence,"[""missing:deployment_block"", ""missing:prediction_cutoff_block"", ""missing:source_availability_time"", ""missing:runtime_bytecode_hash_at_cutoff"", ""missing:outcome_adjudication_id""]",bsc:0x31bfa137c76561ef848c2af9ca301b60451caac0,70d12314bbb1f7240b94,,,,,not_resolved_requires_archive_rpc
adc,defihacklabs,ethereum,19138640,0xde46fcf6ab7559e4355b8ee3d7fba0f2730cddd8,shanghai,ca2-bd6decf7c8f8dfbaca40,2024-02-02,ADC,incorrect-access-control,src/test/2024-02/ADC_exp.sol,mainnet,https://github.com/SunWeb3Sec/DeFiHackLabs/blob/main/past/2024/README.md,frozen_public_source_hashed,db3b13fa1cbf75bffec4662240ebd762c5af6c92d2608b9aecde80a8d7802b08,a6aa25024b5c3c0ca953e7b98316fd7bea7461755f9dd2af8526f13f007c4aa3,"[""https://x.com/EXVULSEC/status/1753294675971313790""]",[],~20 eth,exact_contract_basename,True,True,,,2024-02-02,,,,blocked_missing_onchain_and_availability_evidence,"[""missing:deployment_block"", ""missing:prediction_cutoff_block"", ""missing:source_availability_time"", ""missing:runtime_bytecode_hash_at_cutoff"", ""missing:outcome_adjudication_id""]",ethereum:0xde46fcf6ab7559e4355b8ee3d7fba0f2730cddd8,7611d0aaf6b0eb012779,,,,,not_resolved_requires_archive_rpc
affinedefi,defihacklabs,ethereum,19132934,0xcd6ca2f0d0c182c5049d9a1f65cde51a706ae142,shanghai,ca2-3f7bb52435313429cfa7,2024-02-01,AffineDeFi,lack of validation userData,src/test/2024-02/AffineDeFi_exp.sol,mainnet,https://github.com/SunWeb3Sec/DeFiHackLabs/blob/main/past/2024/README.md,frozen_public_source_hashed,db3b13fa1cbf75bffec4662240ebd762c5af6c92d2608b9aecde80a8d7802b08,eb180fbd5bee6ef5019e8e555a2c17119054757202ebb0bf4a43a0dacaf00618,"[""https://twitter.com/CyversAlerts/status/1753040754287513655"", ""https://twitter.com/Phalcon_xyz/status/1753020812284809440""]",[],~88K,exact_contract_basename,True,True,,,2024-02-01,,,,blocked_missing_onchain_and_availability_evidence,"[""missing:deployment_block"", ""missing:prediction_cutoff_block"", ""missing:source_availability_time"", ""missing:runtime_bytecode_hash_at_cutoff"", ""missing:outcome_adjudication_id""]",ethereum:0xcd6ca2f0d0c182c5049d9a1f65cde51a706ae142,0b65b58e53f9c43c8df9,,,,,not_resolved_requires_archive_rpc
compounduni,defihacklabs,ethereum,19290920,0x50ce56a3239671ab62f185704caedf626352741e,shanghai,ca2-14b9ffae56e7c9bfb04e,2024-02-23,CompoundUni,Oracle bad price,src/test/2024-02/CompoundUni_exp.sol,mainnet,https://github.com/SunWeb3Sec/DeFiHackLabs/blob/main/past/2024/README.md,frozen_public_source_hashed,db3b13fa1cbf75bffec4662240ebd762c5af6c92d2608b9aecde80a8d7802b08,ffcee63a14befeae862132a30476945ce2fde227a46721041038e0787bacfa20,"[""https://twitter.com/0xLEVI104/status/1762092203894276481""]",[],"~439,537 USD",exact_contract_basename,True,True,,,2024-02-23,,,,blocked_missing_onchain_and_availability_evidence,"[""missing:deployment_block"", ""missing:prediction_cutoff_block"", ""missing:source_availability_time"", ""missing:runtime_bytecode_hash_at_cutoff"", ""missing:outcome_adjudication_id""]",ethereum:0x50ce56a3239671ab62f185704caedf626352741e,dba9e36ca9fc6ebcb862,,,,,not_resolved_requires_archive_rpc
burnsdefi,defihacklabs,bsc,35858189,0x4fb9657ac5d311dd54b37a75cfb873b127eb21fd,shanghai,ca2-9afe6d86753053b06534,2024-02-05,BurnsDefi,Price Manipulation,src/test/2024-02/BurnsDefi_exp.sol,bsc,https://github.com/SunWeb3Sec/DeFiHackLabs/blob/main/past/2024/README.md,frozen_public_source_hashed,db3b13fa1cbf75bffec4662240ebd762c5af6c92d2608b9aecde80a8d7802b08,265e1eac745e43e9ee9a6276b6b6ee88b14f5fe4d6df50467ee5f484defad84c,"[""https://medium.com/neptune-mutual/how-was-citadel-finance-exploited-a5f9acd0b408"", ""https://twitter.com/pennysplayer/status/1754342573815238946""]",[],~67K,exact_contract_basename,True,True,,,2024-02-05,,,,blocked_missing_onchain_and_availability_evidence,"[""missing:deployment_block"", ""missing:prediction_cutoff_block"", ""missing:source_availability_time"", ""missing:runtime_bytecode_hash_at_cutoff"", ""missing:outcome_adjudication_id""]",bsc:0x4fb9657ac5d311dd54b37a75cfb873b127eb21fd,d323fc017eed0cfb0823,,,,,not_resolved_requires_archive_rpc
bob,defihacklabs,bsc,34428627,0x700ee24c350739e323dcf6a50ae3e7a3329c86ae,shanghai,ca2-0119280f82385cf56670,2023-12-17,Bob,Price Manipulation,src/test/2023-12/Bob_exp.sol,bsc,https://github.com/SunWeb3Sec/DeFiHackLabs/blob/main/past/2023/README.md,frozen_public_source_hashed,1b5a1d9c3166c2b9d60fefc71f8e12d2c3d2f604b259d662e38310d39db6838b,17f5d16399b99744915e61ff799b26570429e1006f523638a7966750b038ecb5,"[""https://bscscan.com/tx/0xfb14292a531411f852993e5a3ba4e7eb63ed548220267b9b3f4aacc5572d3a58""]","[""0xfb14292a531411f852993e5a3ba4e7eb63ed548220267b9b3f4aacc5572d3a58""]",~3BNB,exact_contract_basename,True,True,,,2023-12-17,,,,blocked_missing_onchain_and_availability_evidence,"[""missing:deployment_block"", ""missing:prediction_cutoff_block"", ""missing:source_availability_time"", ""missing:runtime_bytecode_hash_at_cutoff"", ""missing:outcome_adjudication_id""]",bsc:0x700ee24c350739e323dcf6a50ae3e7a3329c86ae,c49e5f0908e39ed3afa2,,,,,not_resolved_requires_archive_rpc
blueberryprotocol,defihacklabs,ethereum,19287288,0xffadb0bba4379dfabfb20ca6823f6ec439429ec2,shanghai,ca2-608fc098c08911f51783,2024-02-23,BlueberryProtocol,logic flaw,src/test/2024-02/BlueberryProtocol_exp.sol,mainnet,https://github.com/SunWeb3Sec/DeFiHackLabs/blob/main/past/2024/README.md,frozen_public_source_hashed,db3b13fa1cbf75bffec4662240ebd762c5af6c92d2608b9aecde80a8d7802b08,60aabd122c2d8b0061099f513c14957a2e5da4068f4db46d6a27ca467556cc05,"[""https://twitter.com/blueberryFDN/status/1760865357236211964""]",[],"~1,400,000 USD",exact_contract_basename,True,True,,,2024-02-23,,,,blocked_missing_onchain_and_availability_evidence,"[""missing:deployment_block"", ""missing:prediction_cutoff_block"", ""missing:source_availability_time"", ""missing:runtime_bytecode_hash_at_cutoff"", ""missing:outcome_adjudication_id""]",ethereum:0xffadb0bba4379dfabfb20ca6823f6ec439429ec2,92b904093369a5de4129,,,,,not_resolved_requires_archive_rpc
deeznutz404,defihacklabs,ethereum,19277802,0xb57e874082417b66877429481473cf9fcd8e0b8a,shanghai,ca2-5c37ff6ef20c8e1183dd,2024-02-21,DeezNutz 404,lack of validation,src/test/2024-02/DeezNutz404_exp.sol,mainnet,https://github.com/SunWeb3Sec/DeFiHackLabs/blob/main/past/2024/README.md,frozen_public_source_hashed,db3b13fa1cbf75bffec4662240ebd762c5af6c92d2608b9aecde80a8d7802b08,f6952ee7e82c2330ee34a5e0523ea1c385dd30587c5e8642f85c77ea465cd7b8,[],[],~170k,exact_contract_basename,True,True,,,2024-02-21,,,,blocked_missing_onchain_and_availability_evidence,"[""missing:deployment_block"", ""missing:prediction_cutoff_block"", ""missing:source_availability_time"", ""missing:runtime_bytecode_hash_at_cutoff"", ""missing:outcome_adjudication_id""]",ethereum:0xb57e874082417b66877429481473cf9fcd8e0b8a,d9e25fa08f2a9822cf5b,,,,,not_resolved_requires_archive_rpc
bzx2,defihacklabs,ethereum,18695728,0x7f3fe9d492a9a60aebb06d82cba23c6f32cad10b,shanghai,ca2-9f2e70a7938c45f70a82,2023-12-02,bZxProtocol,Inflation Attack,src/test/2023-12/bZx_exp.sol,mainnet,https://github.com/SunWeb3Sec/DeFiHackLabs/blob/main/past/2023/README.md,frozen_public_source_hashed,1b5a1d9c3166c2b9d60fefc71f8e12d2c3d2f604b259d662e38310d39db6838b,9fc1c25f3ca0e8392d8d191c970f073b19918428eb969b4ed2297cb5018c42bf,"[""https://x.com/MetaSec_xyz/status/1730811240942088263""]",[],~$208k,frozen_date_override,True,True,,,2023-12-02,,,,blocked_missing_onchain_and_availability_evidence,"[""missing:deployment_block"", ""missing:prediction_cutoff_block"", ""missing:source_availability_time"", ""missing:runtime_bytecode_hash_at_cutoff"", ""missing:outcome_adjudication_id""]",ethereum:0x7f3fe9d492a9a60aebb06d82cba23c6f32cad10b,dff3dc058525a7f5d63c,,,,,not_resolved_requires_archive_rpc
game,defihacklabs,ethereum,19213946,0x52d69c67536f55efefe02941868e5e762538dbd6,shanghai,ca2-d5c35ace73f1e0970aba,2024-02-11,Game,Reentrancy && Business Logic Flaw,src/test/2024-02/Game_exp.sol,mainnet,https://github.com/SunWeb3Sec/DeFiHackLabs/blob/main/past/2024/README.md,frozen_public_source_hashed,db3b13fa1cbf75bffec4662240ebd762c5af6c92d2608b9aecde80a8d7802b08,94218a4c59634455733d1e133df7bc0e2f2748862665e422d3583a86c46770ca,"[""https://twitter.com/AnciliaInc/status/1757533144033739116""]",[],~20 ETH,exact_contract_basename,True,True,,,2024-02-11,,,,blocked_missing_onchain_and_availability_evidence,"[""missing:deployment_block"", ""missing:prediction_cutoff_block"", ""missing:source_availability_time"", ""missing:runtime_bytecode_hash_at_cutoff"", ""missing:outcome_adjudication_id""]",ethereum:0x52d69c67536f55efefe02941868e5e762538dbd6,0124bfa4ac5c33adca86,,,,,not_resolved_requires_archive_rpc
dualpools,defihacklabs,bsc,36145771,0x5e5e28029ef37fc97ffb763c4ac1f532bbd4c7a2,shanghai,ca2-9b3232b290b3e5a209ad,2024-02-15,DualPools,precision truncation,src/test/2024-02/DualPools_exp.sol,bsc,https://github.com/SunWeb3Sec/DeFiHackLabs/blob/main/past/2024/README.md,frozen_public_source_hashed,db3b13fa1cbf75bffec4662240ebd762c5af6c92d2608b9aecde80a8d7802b08,bcaaf111f622e5eeae5e08b76b369ca38ef7be3bee6d3114848f7104456432d9,"[""https://medium.com/@lunaray/dualpools-hack-analysis-5209233801fa""]",[],~42k,exact_contract_basename,True,True,,,2024-02-15,,,,blocked_missing_onchain_and_availability_evidence,"[""missing:deployment_block"", ""missing:prediction_cutoff_block"", ""missing:source_availability_time"", ""missing:runtime_bytecode_hash_at_cutoff"", ""missing:outcome_adjudication_id""]",bsc:0x5e5e28029ef37fc97ffb763c4ac1f532bbd4c7a2,88e87e57059fc2780cc5,,,,,not_resolved_requires_archive_rpc
miner_bsc,defihacklabs,bsc,36111182,0x2ba9d4a8c41c60b71ff7df2c3f54b008644b954e,shanghai,ca2-98f2e78eb7b0c6b2a380,2024-02-13,MINER,Price Manipulation,src/test/2024-02/MINER_bsc_exp.sol,bsc,https://github.com/SunWeb3Sec/DeFiHackLabs/blob/main/past/2024/README.md,frozen_public_source_hashed,db3b13fa1cbf75bffec4662240ebd762c5af6c92d2608b9aecde80a8d7802b08,27d1222a244c0e8696cf08e8ac3f932d4a07a63c654a26fa0b5ea764e5747c47,"[""https://app.blocksec.com/explorer/tx/bsc/0x15ab671c9bf918fa4b6a9eed9ccb527f32aca40e926ede2aec2c84dfa9c30512?line=6""]","[""0x15ab671c9bf918fa4b6a9eed9ccb527f32aca40e926ede2aec2c84dfa9c30512""]",~3.5 WBNB,exact_contract_basename,True,True,,,2024-02-13,,,,blocked_missing_onchain_and_availability_evidence,"[""missing:deployment_block"", ""missing:prediction_cutoff_block"", ""missing:source_availability_time"", ""missing:runtime_bytecode_hash_at_cutoff"", ""missing:outcome_adjudication_id""]",bsc:0x2ba9d4a8c41c60b71ff7df2c3f54b008644b954e,8314d7a8a0355bbe94b0,,,,,not_resolved_requires_archive_rpc
particletrade,defihacklabs,ethereum,19231445,0xe4764f9cd8ecc9659d3abf35259638b20ac536e4,shanghai,ca2-aa99cf4dbaf4c7bb8459,2024-02-16,ParticleTrade,lack of validation data,src/test/2024-02/ParticleTrade_exp.sol,mainnet,https://github.com/SunWeb3Sec/DeFiHackLabs/blob/main/past/2024/README.md,frozen_public_source_hashed,db3b13fa1cbf75bffec4662240ebd762c5af6c92d2608b9aecde80a8d7802b08,c17093906d9fddeb7232d9d0103a9478c8297d0a7f3a7cbcc76ce13c9f834755,"[""https://twitter.com/Phalcon_xyz/status/1758028270770250134""]",[],~50k,exact_contract_basename,True,True,,,2024-02-16,,,,blocked_missing_onchain_and_availability_evidence,"[""missing:deployment_block"", ""missing:prediction_cutoff_block"", ""missing:source_availability_time"", ""missing:runtime_bytecode_hash_at_cutoff"", ""missing:outcome_adjudication_id""]",ethereum:0xe4764f9cd8ecc9659d3abf35259638b20ac536e4,17a1ea720b7554a15b37,,,,,not_resolved_requires_archive_rpc
pandora,defihacklabs,ethereum,19184577,0xddadf1bf44363d07e750c20219c2347ed7d826b9,shanghai,ca2-45e513227d9f7b4e1381,2024-02-08,Pandora,Integer Underflow,src/test/2024-02/PANDORA_exp.sol,mainnet,https://github.com/SunWeb3Sec/DeFiHackLabs/blob/main/past/2024/README.md,frozen_public_source_hashed,db3b13fa1cbf75bffec4662240ebd762c5af6c92d2608b9aecde80a8d7802b08,16591f0b417fe89d668500391323f06f3915d4146bee27f6d215479ca4c7ceb0,"[""https://twitter.com/pennysplayer/status/1766479470058406174""]",[],~17K USD,exact_contract_basename,True,True,,,2024-02-08,,,,blocked_missing_onchain_and_availability_evidence,"[""missing:deployment_block"", ""missing:prediction_cutoff_block"", ""missing:source_availability_time"", ""missing:runtime_bytecode_hash_at_cutoff"", ""missing:outcome_adjudication_id""]",ethereum:0xddadf1bf44363d07e750c20219c2347ed7d826b9,b58b7c6c0de1155c8964,,,,,not_resolved_requires_archive_rpc
ruggedart,defihacklabs,ethereum,19262233,0xfe380fe1db07e531e3519b9ae3ea9f7888ce20c6,shanghai,ca2-c76c240f897354a45770,2024-02-19,RuggedArt,reentrancy,src/test/2024-02/RuggedArt_exp.sol,mainnet,https://github.com/SunWeb3Sec/DeFiHackLabs/blob/main/past/2024/README.md,frozen_public_source_hashed,db3b13fa1cbf75bffec4662240ebd762c5af6c92d2608b9aecde80a8d7802b08,b96e4beae540039d7e5eb0ee288ff680aeccac877eb67d614b67e34f9a989e54,"[""https://twitter.com/EXVULSEC/status/1759822545875025953""]",[],~10k,exact_contract_basename,True,True,,,2024-02-19,,,,blocked_missing_onchain_and_availability_evidence,"[""missing:deployment_block"", ""missing:prediction_cutoff_block"", ""missing:source_availability_time"", ""missing:runtime_bytecode_hash_at_cutoff"", ""missing:outcome_adjudication_id""]",ethereum:0xfe380fe1db07e531e3519b9ae3ea9f7888ce20c6,e59dc2ed07c1136fa8ef,,,,,not_resolved_requires_archive_rpc
miner,defihacklabs,ethereum,19226507,0xe77ec1bf3a5c95bfe3be7bdbacfe3ac1c7e454cd,shanghai,ca2-122f147da75159901ea0,2024-02-15,Miner,lack of validation dst address,src/test/2024-02/Miner_exp.sol,mainnet,https://github.com/SunWeb3Sec/DeFiHackLabs/blob/main/past/2024/README.md,frozen_public_source_hashed,db3b13fa1cbf75bffec4662240ebd762c5af6c92d2608b9aecde80a8d7802b08,0775a94dcf7643f9030636f2a55469244d0a21be30cdce0696e51ed46424a1bd,"[""https://twitter.com/Phalcon_xyz/status/1757777340002681326""]",[],~150k,frozen_date_override,True,True,,,2024-02-15,,,,blocked_missing_onchain_and_availability_evidence,"[""missing:deployment_block"", ""missing:prediction_cutoff_block"", ""missing:source_availability_time"", ""missing:runtime_bytecode_hash_at_cutoff"", ""missing:outcome_adjudication_id""]",ethereum:0xe77ec1bf3a5c95bfe3be7bdbacfe3ac1c7e454cd,e96d4bd5c75974995b1d,,,,,not_resolved_requires_archive_rpc
seneca,defihacklabs,ethereum,19325936,0x65c210c59b43eb68112b7a4f75c8393c36491f06,shanghai,ca2-e7cd16bb64166a6efe64,2024-02-28,Seneca,Arbitrary External Call Vulnerability,src/test/2024-02/Seneca_exp.sol,mainnet,https://github.com/SunWeb3Sec/DeFiHackLabs/blob/main/past/2024/README.md,frozen_public_source_hashed,db3b13fa1cbf75bffec4662240ebd762c5af6c92d2608b9aecde80a8d7802b08,b05abcad1d388f6ff123057d5f2c3487ce8e1eec7726cd59dbbee28367ebe03c,"[""https://twitter.com/Phalcon_xyz/status/1763045563040411876""]",[],~6M,exact_contract_basename,True,True,,,2024-02-28,,,,blocked_missing_onchain_and_availability_evidence,"[""missing:deployment_block"", ""missing:prediction_cutoff_block"", ""missing:source_availability_time"", ""missing:runtime_bytecode_hash_at_cutoff"", ""missing:outcome_adjudication_id""]",ethereum:0x65c210c59b43eb68112b7a4f75c8393c36491f06,9536375c2f51f5ef7f1b,,,,,not_resolved_requires_archive_rpc
alp,defihacklabs,bsc,36727073,0xd188492217f09d18f2b0ece3f8948015981e961a,shanghai,ca2-b5a8e682aba465a7a0f6,2024-03-06,ALP,Public internal function,src/test/2024-03/ALP_exp.sol,bsc,https://github.com/SunWeb3Sec/DeFiHackLabs/blob/main/past/2024/README.md,frozen_public_source_hashed,db3b13fa1cbf75bffec4662240ebd762c5af6c92d2608b9aecde80a8d7802b08,0de79cc11a059ace9aefeb2886e4c5ffb713f2bb9621c23cb169bbba910783bd,[],[],~10K,exact_contract_basename,True,True,,,2024-03-06,,,,blocked_missing_onchain_and_availability_evidence,"[""missing:deployment_block"", ""missing:prediction_cutoff_block"", ""missing:source_availability_time"", ""missing:runtime_bytecode_hash_at_cutoff"", ""missing:outcome_adjudication_id""]",bsc:0xd188492217f09d18f2b0ece3f8948015981e961a,2b7b9230a7dc5fa642ab,,,,,not_resolved_requires_archive_rpc
ethfin,defihacklabs,bsc,37400484,0x17bd2e09fa4585c15749f40bb32a6e3db58522ba,shanghai,ca2-9b437de06c56cc873e8a,2024-03-29,ETHFIN,lack of access control,src/test/2024-03/ETHFIN_exp.sol,bsc,https://github.com/SunWeb3Sec/DeFiHackLabs/blob/main/past/2024/README.md,frozen_public_source_hashed,db3b13fa1cbf75bffec4662240ebd762c5af6c92d2608b9aecde80a8d7802b08,f01386ab0de755e57cfd0f723a643a2e766247e7fcafcb7f81cb5b11143c8a61,"[""https://app.blocksec.com/explorer/tx/bsc/0xfe031685d84f3bae1785f5b2bd0ed480b87815c3f23ce6ced73b8573b7e367c6""]","[""0xfe031685d84f3bae1785f5b2bd0ed480b87815c3f23ce6ced73b8573b7e367c6""]",~$1.24K (2.13 BNB),exact_contract_basename,True,True,,,2024-03-29,,,,blocked_missing_onchain_and_availability_evidence,"[""missing:deployment_block"", ""missing:prediction_cutoff_block"", ""missing:source_availability_time"", ""missing:runtime_bytecode_hash_at_cutoff"", ""missing:outcome_adjudication_id""]",bsc:0x17bd2e09fa4585c15749f40bb32a6e3db58522ba,f415b9c9243a6f398f6d,,,,,not_resolved_requires_archive_rpc
ark,defihacklabs,bsc,37221235,0xde698b5bbb4a12ddf2261bbdf8e034af34399999,shanghai,ca2-eaff56dcacef885f96a2,2024-03-24,ARK,business logic flaw,src/test/2024-03/ARK_exp.sol,bsc,https://github.com/SunWeb3Sec/DeFiHackLabs/blob/main/past/2024/README.md,frozen_public_source_hashed,db3b13fa1cbf75bffec4662240ebd762c5af6c92d2608b9aecde80a8d7802b08,e50a7bb3c2733107603adfed5372d02745bd5174cb3fdd84c7e6353a471e22c9,"[""https://twitter.com/Phalcon_xyz/status/1771728823534375249""]",[],~348BNB,exact_contract_basename,True,True,,,2024-03-24,,,,blocked_missing_onchain_and_availability_evidence,"[""missing:deployment_block"", ""missing:prediction_cutoff_block"", ""missing:source_availability_time"", ""missing:runtime_bytecode_hash_at_cutoff"", ""missing:outcome_adjudication_id""]",bsc:0xde698b5bbb4a12ddf2261bbdf8e034af34399999,ef573c06482b3b544382,,,,,not_resolved_requires_archive_rpc
bbt,defihacklabs,ethereum,19417822,0x3541499cda8ca51b24724bb8e7ce569727406e04,shanghai,ca2-ba0418d74fad65f2483c,2024-03-12,BBT,business logic flaw,src/test/2024-03/BBT_exp.sol,mainnet,https://github.com/SunWeb3Sec/DeFiHackLabs/blob/main/past/2024/README.md,frozen_public_source_hashed,db3b13fa1cbf75bffec4662240ebd762c5af6c92d2608b9aecde80a8d7802b08,9f2f49493c72fe8ff43d79ef586532411912c67d0983cfb540131258f49b21da,"[""https://x.com/8olidity/status/1767470002566058088""]",[],~5.06 ETH,exact_contract_basename,True,True,,,2024-03-12,,,,blocked_missing_onchain_and_availability_evidence,"[""missing:deployment_block"", ""missing:prediction_cutoff_block"", ""missing:source_availability_time"", ""missing:runtime_bytecode_hash_at_cutoff"", ""missing:outcome_adjudication_id""]",ethereum:0x3541499cda8ca51b24724bb8e7ce569727406e04,a0d242e3a4434b78ea02,,,,,not_resolved_requires_archive_rpc
binemon,defihacklabs,bsc,36864394,0xe56842ed550ff2794f010738554db45e60730371,shanghai,ca2-adacb53105e39eebae4d,2024-03-11,Binemon,precission-loss,src/test/2024-03/Binemon_exp.sol,bsc,https://github.com/SunWeb3Sec/DeFiHackLabs/blob/main/past/2024/README.md,frozen_public_source_hashed,db3b13fa1cbf75bffec4662240ebd762c5af6c92d2608b9aecde80a8d7802b08,e8a887a999b4b3b770c4e49747a6390331349d4a954b8ab626726e5a4c9039a1,"[""https://app.blocksec.com/explorer/tx/bsc/0x1999bb5c11a8d8bfa7620fc5cc37f5bc59c1a99d7a9250a8d6076c93bbdbeb5f""]","[""0x1999bb5c11a8d8bfa7620fc5cc37f5bc59c1a99d7a9250a8d6076c93bbdbeb5f""]",~0.2 BNB,exact_contract_basename,True,True,,,2024-03-11,,,,blocked_missing_onchain_and_availability_evidence,"[""missing:deployment_block"", ""missing:prediction_cutoff_block"", ""missing:source_availability_time"", ""missing:runtime_bytecode_hash_at_cutoff"", ""missing:outcome_adjudication_id""]",bsc:0xe56842ed550ff2794f010738554db45e60730371,bf8c8580dd354d4b408f,,,,,not_resolved_requires_archive_rpc
juice,defihacklabs,ethereum,19395636,0x8584ddbd1e28bca4bc6fb96bafe39f850301940e,shanghai,ca2-d5a550e862cee1efa2a8,2024-03-09,Juice,Business Logic Flaw,src/test/2024-03/Juice_exp.sol,mainnet,https://github.com/SunWeb3Sec/DeFiHackLabs/blob/main/past/2024/README.md,frozen_public_source_hashed,db3b13fa1cbf75bffec4662240ebd762c5af6c92d2608b9aecde80a8d7802b08,edf95975a839530d3698c70183349a2307d95b1085ccd96ab1b1ddac7ed034be,"[""https://medium.com/@juicebotapp/juice-staking-exploit-next-steps-95e218b3ec71""]",[],~54 ETH,exact_contract_basename,True,True,,,2024-03-09,,,,blocked_missing_onchain_and_availability_evidence,"[""missing:deployment_block"", ""missing:prediction_cutoff_block"", ""missing:source_availability_time"", ""missing:runtime_bytecode_hash_at_cutoff"", ""missing:outcome_adjudication_id""]",ethereum:0x8584ddbd1e28bca4bc6fb96bafe39f850301940e,897deb8dc66411ee360b,,,,,not_resolved_requires_archive_rpc
tgbs,defihacklabs,bsc,36725819,0xedecfa18cae067b2489a2287784a543069f950f4,shanghai,ca2-ffeb7afe408bddf67264,2024-03-06,TGBS,Business Logic Flaw,src/test/2024-03/TGBS_exp.sol,bsc,https://github.com/SunWeb3Sec/DeFiHackLabs/blob/main/past/2024/README.md,frozen_public_source_hashed,db3b13fa1cbf75bffec4662240ebd762c5af6c92d2608b9aecde80a8d7802b08,dada65ea568337224ab95364259cae8ae28d0a3c01c7af53d4e10f0632ab8863,"[""https://twitter.com/Phalcon_xyz/status/1765285257949974747""]",[],~150K,exact_contract_basename,True,True,,,2024-03-06,,,,blocked_missing_onchain_and_availability_evidence,"[""missing:deployment_block"", ""missing:prediction_cutoff_block"", ""missing:source_availability_time"", ""missing:runtime_bytecode_hash_at_cutoff"", ""missing:outcome_adjudication_id""]",bsc:0xedecfa18cae067b2489a2287784a543069f950f4,b31b6d916d08822ea6a4,,,,,not_resolved_requires_archive_rpc
atm,defihacklabs,bsc,37483300,0xa5957e0e2565dc93880da7be32abcbdf55788888,shanghai,ca2-d6ba3397ed249bc3a420,2024-04-01,ATM,business logic flaw,src/test/2024-04/ATM_exp.sol,bsc,https://github.com/SunWeb3Sec/DeFiHackLabs/blob/main/past/2024/README.md,frozen_public_source_hashed,db3b13fa1cbf75bffec4662240ebd762c5af6c92d2608b9aecde80a8d7802b08,95cee1d24d8650f9da0c59a2a9aff8afbd3fdd0f132af668b75a59c276d78c2e,[],[],$~182K USD,frozen_date_override,True,True,,,2024-04-01,,,,blocked_missing_onchain_and_availability_evidence,"[""missing:deployment_block"", ""missing:prediction_cutoff_block"", ""missing:source_availability_time"", ""missing:runtime_bytecode_hash_at_cutoff"", ""missing:outcome_adjudication_id""]",bsc:0xa5957e0e2565dc93880da7be32abcbdf55788888,c3aa3e3bc6119445fe18,,,,,not_resolved_requires_archive_rpc
chaingefinance,defihacklabs,bsc,37880387,0x80a0d7a6fd2a22982ce282933b384568e5c852bf,shanghai,ca2-c5a01f6581922c612fa6,2024-04-15,ChaingeFinance,Arbitrary External Call,src/test/2024-04/ChaingeFinance_exp.sol,bsc,https://github.com/SunWeb3Sec/DeFiHackLabs/blob/main/past/2024/README.md,frozen_public_source_hashed,db3b13fa1cbf75bffec4662240ebd762c5af6c92d2608b9aecde80a8d7802b08,7177e57a26a75280777bdd502119c6fb1d38129c8dcb82e0eadb355285b1e5da,"[""https://twitter.com/CyversAlerts/status/1779875922381860920""]",[],~560K,exact_contract_basename,True,True,,,2024-04-15,,,,blocked_missing_onchain_and_availability_evidence,"[""missing:deployment_block"", ""missing:prediction_cutoff_block"", ""missing:source_availability_time"", ""missing:runtime_bytecode_hash_at_cutoff"", ""missing:outcome_adjudication_id""]",bsc:0x80a0d7a6fd2a22982ce282933b384568e5c852bf,acc3534641ec574f8b56,,,,,not_resolved_requires_archive_rpc
fil314,defihacklabs,bsc,37795991,0xe8a290c6fc6fa6c0b79c9cfae1878d195aeb59af,shanghai,ca2-bef5f7af9a50d2f1687c,2024-04-12,FIL314,Insufficient Validation And Price Manipulation,src/test/2024-04/FIL314_exp.sol,bsc,https://github.com/SunWeb3Sec/DeFiHackLabs/blob/main/past/2024/README.md,frozen_public_source_hashed,db3b13fa1cbf75bffec4662240ebd762c5af6c92d2608b9aecde80a8d7802b08,19e1ba93150df827693daea4c2be72ca054e7604db321bcee0f958405e98cbd2,[],[],~14 BNB,exact_contract_basename,True,True,,,2024-04-12,,,,blocked_missing_onchain_and_availability_evidence,"[""missing:deployment_block"", ""missing:prediction_cutoff_block"", ""missing:source_availability_time"", ""missing:runtime_bytecode_hash_at_cutoff"", ""missing:outcome_adjudication_id""]",bsc:0xe8a290c6fc6fa6c0b79c9cfae1878d195aeb59af,5caccca28162703a3091,,,,,not_resolved_requires_archive_rpc
gfa,defihacklabs,bsc,37857763,0xbcbcb0e7e28414e084c4a40c1ccc30b75629a7de,shanghai,ca2-a04834244778519abaa1,2024-04-15,GFA,business-logic-flaw,src/test/2024-04/GFA_exp.sol,bsc,https://github.com/SunWeb3Sec/DeFiHackLabs/blob/main/past/2024/README.md,frozen_public_source_hashed,db3b13fa1cbf75bffec4662240ebd762c5af6c92d2608b9aecde80a8d7802b08,858e84f822ad2f3a83fe2fb90327c14e4d0b69f1378e126433c6d807044c7072,"[""https://x.com/ChainAegis/status/1779809931962827055""]",[],~14K USD,exact_contract_basename,True,True,,,2024-04-15,,,,blocked_missing_onchain_and_availability_evidence,"[""missing:deployment_block"", ""missing:prediction_cutoff_block"", ""missing:source_availability_time"", ""missing:runtime_bytecode_hash_at_cutoff"", ""missing:outcome_adjudication_id""]",bsc:0xbcbcb0e7e28414e084c4a40c1ccc30b75629a7de,6309268531f7d2e471c0,,,,,not_resolved_requires_archive_rpc
hackathon,defihacklabs,bsc,37854043,0x11cee747faaf0c0801075253ac28ab503c888888,shanghai,ca2-63262288a02b8ba46129,2024-04-14,Hackathon,business logic flaw,src/test/2024-04/Hackathon_exp.sol,bsc,https://github.com/SunWeb3Sec/DeFiHackLabs/blob/main/past/2024/README.md,frozen_public_source_hashed,db3b13fa1cbf75bffec4662240ebd762c5af6c92d2608b9aecde80a8d7802b08,b5624d43a70c90edbd8c0bd3d1f0371f59b3cb0e663515cc394e09736f6d6fbb,"[""https://x.com/EXVULSEC/status/1779519508375613827""]",[],~20K,exact_contract_basename,True,True,,,2024-04-14,,,,blocked_missing_onchain_and_availability_evidence,"[""missing:deployment_block"", ""missing:prediction_cutoff_block"", ""missing:source_availability_time"", ""missing:runtime_bytecode_hash_at_cutoff"", ""missing:outcome_adjudication_id""]",bsc:0x11cee747faaf0c0801075253ac28ab503c888888,77581048d815a8c2bdab,,,,,not_resolved_requires_archive_rpc
hoppyfrogerc,defihacklabs,ethereum,19570744,0xe5c6f5fef89b64f36bfccb063962820136bac42f,shanghai,ca2-d52c28a988ebe002c21b,2024-04-02,HoppyFrogERC,business logic flaw,src/test/2024-04/HoppyFrogERC_exp.sol,mainnet,https://github.com/SunWeb3Sec/DeFiHackLabs/blob/main/past/2024/README.md,frozen_public_source_hashed,db3b13fa1cbf75bffec4662240ebd762c5af6c92d2608b9aecde80a8d7802b08,bf3fd47a10acdd2313a5c52a3c1e2043ba7f7f250781dcd166ed5a2a7824c939,"[""https://x.com/ChainAegis/status/1775351437410918420""]",[],~0.3 ETH,exact_contract_basename,True,True,,,2024-04-02,,,,blocked_missing_onchain_and_availability_evidence,"[""missing:deployment_block"", ""missing:prediction_cutoff_block"", ""missing:source_availability_time"", ""missing:runtime_bytecode_hash_at_cutoff"", ""missing:outcome_adjudication_id""]",ethereum:0xe5c6f5fef89b64f36bfccb063962820136bac42f,75b3143baaaed3816cee,,,,,not_resolved_requires_archive_rpc
hedgeyfinance,defihacklabs,ethereum,19687889,0xbc452fdc8f851d7c5b72e1fe74dfb63bb793d511,shanghai,ca2-4e64c62c912196653625,2024-04-19,HedgeyFinance,Logic Flaw,src/test/2024-04/HedgeyFinance_exp.sol,mainnet,https://github.com/SunWeb3Sec/DeFiHackLabs/blob/main/past/2024/README.md,frozen_public_source_hashed,db3b13fa1cbf75bffec4662240ebd762c5af6c92d2608b9aecde80a8d7802b08,da054823043fabcbaea1af2633f5fbfd808347c1eed7abc0810e4f2d10ddff04,"[""https://twitter.com/Cube3AI/status/1781294512716820918""]",[],48M USD,exact_contract_basename,True,True,,,2024-04-19,,,,blocked_missing_onchain_and_availability_evidence,"[""missing:deployment_block"", ""missing:prediction_cutoff_block"", ""missing:source_availability_time"", ""missing:runtime_bytecode_hash_at_cutoff"", ""missing:outcome_adjudication_id""]",ethereum:0xbc452fdc8f851d7c5b72e1fe74dfb63bb793d511,e98a17b9ea5b390892f6,,,,,not_resolved_requires_archive_rpc
ngfs,defihacklabs,bsc,38167372,0xa608985f5b40cdf6862bec775207f84280a91e3a,shanghai,ca2-b76182b1e2e51faa9428,2024-04-25,NGFS,Bad Access Control,src/test/2024-04/NGFS_exp.sol,bsc,https://github.com/SunWeb3Sec/DeFiHackLabs/blob/main/past/2024/README.md,frozen_public_source_hashed,db3b13fa1cbf75bffec4662240ebd762c5af6c92d2608b9aecde80a8d7802b08,cdc98e342b5f20196760b8f3f3fa386d8ace8de704cd4376f967a19581aea5ff,"[""https://twitter.com/CertiKAlert/status/1783476515331616847""]",[],~190K,exact_contract_basename,True,True,,,2024-04-25,,,,blocked_missing_onchain_and_availability_evidence,"[""missing:deployment_block"", ""missing:prediction_cutoff_block"", ""missing:source_availability_time"", ""missing:runtime_bytecode_hash_at_cutoff"", ""missing:outcome_adjudication_id""]",bsc:0xa608985f5b40cdf6862bec775207f84280a91e3a,ff3158d4f65d729dac6c,,,,,not_resolved_requires_archive_rpc
satx,defihacklabs,bsc,37914433,0xfd80a436da2f4f4c42a5dbfa397064cfeb7d9508,shanghai,ca2-170efb900eb90211eaa2,2024-04-16,SATX,Logic Flaw,src/test/2024-04/SATX_exp.sol,bsc,https://github.com/SunWeb3Sec/DeFiHackLabs/blob/main/past/2024/README.md,frozen_public_source_hashed,db3b13fa1cbf75bffec4662240ebd762c5af6c92d2608b9aecde80a8d7802b08,175d3783beef60cdcf7797db25f9faa90f4ff8539e9df558f3bb259ec23aa21a,"[""https://x.com/bbbb/status/1780341239801393479""]",[],~ 50 BNB,exact_contract_basename,True,True,,,2024-04-16,,,,blocked_missing_onchain_and_availability_evidence,"[""missing:deployment_block"", ""missing:prediction_cutoff_block"", ""missing:source_availability_time"", ""missing:runtime_bytecode_hash_at_cutoff"", ""missing:outcome_adjudication_id""]",bsc:0xfd80a436da2f4f4c42a5dbfa397064cfeb7d9508,90800552bbb7acfb2e1a,,,,,not_resolved_requires_archive_rpc
squid,defihacklabs,bsc,37672969,0xd309f0fd5c3b90ecfb7024ede7d329d9582492c5,shanghai,ca2-b7fe5ed86edfbd9edb3a,2024-04-08,SQUID,sandwich attack,src/test/2024-04/SQUID_exp.sol,bsc,https://github.com/SunWeb3Sec/DeFiHackLabs/blob/main/past/2024/README.md,frozen_public_source_hashed,db3b13fa1cbf75bffec4662240ebd762c5af6c92d2608b9aecde80a8d7802b08,9aeb0332c8dd2dcc094ae6b2e1d3d8e3ea2429456e4b640a45aea0a323a2fc94,"[""https://twitter.com/bbbb/status/1777228277415039304""]",[],$~87K USD,exact_contract_basename,True,True,,,2024-04-08,,,,blocked_missing_onchain_and_availability_evidence,"[""missing:deployment_block"", ""missing:prediction_cutoff_block"", ""missing:source_availability_time"", ""missing:runtime_bytecode_hash_at_cutoff"", ""missing:outcome_adjudication_id""]",bsc:0xd309f0fd5c3b90ecfb7024ede7d329d9582492c5,751d6a443ba47113eb23,,,,,not_resolved_requires_archive_rpc
ups,defihacklabs,bsc,37680754,0x3da4828640ad831f3301a4597821cc3461b06678,shanghai,ca2-70b6e2354548bbf8e66c,2024-04-09,UPS,business logic flaw,src/test/2024-04/UPS_exp.sol,bsc,https://github.com/SunWeb3Sec/DeFiHackLabs/blob/main/past/2024/README.md,frozen_public_source_hashed,db3b13fa1cbf75bffec4662240ebd762c5af6c92d2608b9aecde80a8d7802b08,51f78c033326ec8fd168324bd0ac45d36c26d4f1f940e092aad883cd7af4b139,[],[],$~28K USD,exact_contract_basename,True,True,,,2024-04-09,,,,blocked_missing_onchain_and_availability_evidence,"[""missing:deployment_block"", ""missing:prediction_cutoff_block"", ""missing:source_availability_time"", ""missing:runtime_bytecode_hash_at_cutoff"", ""missing:outcome_adjudication_id""]",bsc:0x3da4828640ad831f3301a4597821cc3461b06678,2dab9720733e8a02bb6a,,,,,not_resolved_requires_archive_rpc
openleverage2,defihacklabs,bsc,37470328,0xf436f8fe7b26d87eb74e5446acec2e8ad4075e47,shanghai,ca2-35c4477f5ae385f13b96,2024-04-01,OpenLeverage,business logic flaw,src/test/2024-04/OpenLeverage2_exp.sol,bsc,https://github.com/SunWeb3Sec/DeFiHackLabs/blob/main/past/2024/README.md,frozen_public_source_hashed,db3b13fa1cbf75bffec4662240ebd762c5af6c92d2608b9aecde80a8d7802b08,8928afa376159d465de3d9059561b81929a7a6678a01ddfd9373bddab7bfc12a,[],[],~234K,exact_contract_basename,True,True,,,2024-04-01,,,,blocked_missing_onchain_and_availability_evidence,"[""missing:deployment_block"", ""missing:prediction_cutoff_block"", ""missing:source_availability_time"", ""missing:runtime_bytecode_hash_at_cutoff"", ""missing:outcome_adjudication_id""]",bsc:0xf436f8fe7b26d87eb74e5446acec2e8ad4075e47,b2d2a9623216d9dbff0e,,,,,not_resolved_requires_archive_rpc
wsm,defihacklabs,bsc,37569860,0xc0afd0e40bb3dcaebd9451aa5c319b745bf792b4,shanghai,ca2-72ea322ccc16e3e5cbe0,2024-04-04,wsm,manipulating price,src/test/2024-04/WSM_exp.sol,bsc,https://github.com/SunWeb3Sec/DeFiHackLabs/blob/main/past/2024/README.md,frozen_public_source_hashed,db3b13fa1cbf75bffec4662240ebd762c5af6c92d2608b9aecde80a8d7802b08,6ebf183070e1711164de4a9e5441d20d49ab6642ebfb907bbad78b3ab459f279,"[""https://hacked.slowmist.io/#:~:text=Hacked%20target%3A%20Wall%20Street%20Memes""]",[],$~18K USD,exact_contract_basename,True,True,,,2024-04-04,,,,blocked_missing_onchain_and_availability_evidence,"[""missing:deployment_block"", ""missing:prediction_cutoff_block"", ""missing:source_availability_time"", ""missing:runtime_bytecode_hash_at_cutoff"", ""missing:outcome_adjudication_id""]",bsc:0xc0afd0e40bb3dcaebd9451aa5c319b745bf792b4,9021576c55d56f1e42d5,,,,,not_resolved_requires_archive_rpc
z123,defihacklabs,bsc,38077210,0xb000f121a173d7dd638bb080fee669a2f3af9760,shanghai,ca2-a5caf2554c14b71cf9ef,2024-04-22,Z123,price manipulation,src/test/2024-04/Z123_exp.sol,bsc,https://github.com/SunWeb3Sec/DeFiHackLabs/blob/main/past/2024/README.md,frozen_public_source_hashed,db3b13fa1cbf75bffec4662240ebd762c5af6c92d2608b9aecde80a8d7802b08,e6a272d372505fb0eb121b5577cad10ae7ee0fe1346ec4cc2ff01c9d29be86b5,"[""https://twitter.com/PeckShieldAlert/status/1782322484911784385""]",[],136k USD,exact_contract_basename,True,True,,,2024-04-22,,,,blocked_missing_onchain_and_availability_evidence,"[""missing:deployment_block"", ""missing:prediction_cutoff_block"", ""missing:source_availability_time"", ""missing:runtime_bytecode_hash_at_cutoff"", ""missing:outcome_adjudication_id""]",bsc:0xb000f121a173d7dd638bb080fee669a2f3af9760,53172cbc05ae98ea9c68,,,,,not_resolved_requires_archive_rpc
yiedl,defihacklabs,bsc,38126753,0x4edda16ab4f4cc46b160abc42763ba63885862a4,shanghai,ca2-5844befdcedaeb2de0d2,2024-04-24,YIEDL,Input Validation,src/test/2024-04/YIEDL_exp.sol,bsc,https://github.com/SunWeb3Sec/DeFiHackLabs/blob/main/past/2024/README.md,frozen_public_source_hashed,db3b13fa1cbf75bffec4662240ebd762c5af6c92d2608b9aecde80a8d7802b08,76033ec824db565b5b708643aaf40a4d7a0541b1c1fb24f9c12e012870dc58b7,[],[],150k USD,exact_contract_basename,True,True,,,2024-04-24,,,,blocked_missing_onchain_and_availability_evidence,"[""missing:deployment_block"", ""missing:prediction_cutoff_block"", ""missing:source_availability_time"", ""missing:runtime_bytecode_hash_at_cutoff"", ""missing:outcome_adjudication_id""]",bsc:0x4edda16ab4f4cc46b160abc42763ba63885862a4,5832fe65a3a5277dc414,,,,,not_resolved_requires_archive_rpc
burner,defihacklabs,ethereum,19917290,0x4d4d05e1205e3a412ae1469c99e0d954113aa76f,shanghai,ca2-8521e5ce73f00a1df2b0,2024-05-22,Burner,sandwich ack,src/test/2024-05/Burner_exp.sol,mainnet,https://github.com/SunWeb3Sec/DeFiHackLabs/blob/main/past/2024/README.md,frozen_public_source_hashed,db3b13fa1cbf75bffec4662240ebd762c5af6c92d2608b9aecde80a8d7802b08,9dd327b708361039ad9eae2dc3d7fcf60cbf785ebdb2c4212f6a6a3c93a1493a,[],[],1.7 eth,exact_contract_basename,True,True,,,2024-05-22,,,,blocked_missing_onchain_and_availability_evidence,"[""missing:deployment_block"", ""missing:prediction_cutoff_block"", ""missing:source_availability_time"", ""missing:runtime_bytecode_hash_at_cutoff"", ""missing:outcome_adjudication_id""]",ethereum:0x4d4d05e1205e3a412ae1469c99e0d954113aa76f,8b7d02b7cca3468b0e8f,,,,,not_resolved_requires_archive_rpc
excommunity,defihacklabs,bsc,39123756,0xdf4895cd8247284ae3a7b3e28cf6c03113fada5f,shanghai,ca2-3503e03a9a7fd4a87fe3,2024-05-28,EXcommunity,Business Logic Flaw,src/test/2024-05/EXcommunity_exp.sol,bsc,https://github.com/SunWeb3Sec/DeFiHackLabs/blob/main/past/2024/README.md,frozen_public_source_hashed,db3b13fa1cbf75bffec4662240ebd762c5af6c92d2608b9aecde80a8d7802b08,26d6230ac9333918e343cfd541228c24d7433528e51810166077f16609a20473,"[""https://x.com/SlowMist_Team/status/1795648617530995130""]",[],33BNB,exact_contract_basename,True,True,,,2024-05-28,,,,blocked_missing_onchain_and_availability_evidence,"[""missing:deployment_block"", ""missing:prediction_cutoff_block"", ""missing:source_availability_time"", ""missing:runtime_bytecode_hash_at_cutoff"", ""missing:outcome_adjudication_id""]",bsc:0xdf4895cd8247284ae3a7b3e28cf6c03113fada5f,78a3ae3c4f516159b720,,,,,not_resolved_requires_archive_rpc
sumermoney,defihacklabs,base,13076768,0x7b5969bb51fa3b002579d7ee41a454ac691716dc,shanghai,ca2-0583d91c7785bb31ad8f,2024-04-12,SumerMoney,Reentrancy,src/test/2024-04/SumerMoney_exp.sol,base,https://github.com/SunWeb3Sec/DeFiHackLabs/blob/main/past/2024/README.md,frozen_public_source_hashed,db3b13fa1cbf75bffec4662240ebd762c5af6c92d2608b9aecde80a8d7802b08,6cc89722848c536bcd753f43891230e7b3a988e74cdc7d55656ff1fc0078e409,[],[],350K,exact_contract_basename,True,True,,,2024-04-12,,,,blocked_missing_onchain_and_availability_evidence,"[""missing:deployment_block"", ""missing:prediction_cutoff_block"", ""missing:source_availability_time"", ""missing:runtime_bytecode_hash_at_cutoff"", ""missing:outcome_adjudication_id""]",base:0x7b5969bb51fa3b002579d7ee41a454ac691716dc,1456ea8cd9e1747071a5,,,,,not_resolved_requires_archive_rpc
metadragon,defihacklabs,bsc,39141426,0xef1f39d8391cddcaee62b8b383cb992f46a6ce4f,shanghai,ca2-9896be8cb2fd2c2b336c,2024-05-29,MetaDragon,Lack of Access Control,src/test/2024-05/MetaDragon_exp.sol,bsc,https://github.com/SunWeb3Sec/DeFiHackLabs/blob/main/past/2024/README.md,frozen_public_source_hashed,db3b13fa1cbf75bffec4662240ebd762c5af6c92d2608b9aecde80a8d7802b08,1e9b3302b8ae889be71e7956627b95c3c1ab4311ce3571bab3ad4d931b13ebd2,"[""https://x.com/Phalcon_xyz/status/1795746828064854497""]",[],~ $180k,exact_contract_basename,True,True,,,2024-05-29,,,,blocked_missing_onchain_and_availability_evidence,"[""missing:deployment_block"", ""missing:prediction_cutoff_block"", ""missing:source_availability_time"", ""missing:runtime_bytecode_hash_at_cutoff"", ""missing:outcome_adjudication_id""]",bsc:0xef1f39d8391cddcaee62b8b383cb992f46a6ce4f,270791ce0c99e9ae1d6a,,,,,not_resolved_requires_archive_rpc
gpu,defihacklabs,bsc,38539572,0xf51cbf9f8e089ca48e454eb79731037a405972ce,shanghai,ca2-197017d8b5918b4ce2c0,2024-05-08,GPU,self transfer,src/test/2024-05/GPU_exp.sol,bsc,https://github.com/SunWeb3Sec/DeFiHackLabs/blob/main/past/2024/README.md,frozen_public_source_hashed,db3b13fa1cbf75bffec4662240ebd762c5af6c92d2608b9aecde80a8d7802b08,027e56e1e787248ceae2146fecdfdac737957ba29b3ebceb2270e2aaee7c6622,"[""https://twitter.com/PeckShieldAlert/status/1788153869987611113""]",[],~32K USD,exact_contract_basename,True,True,,,2024-05-08,,,,blocked_missing_onchain_and_availability_evidence,"[""missing:deployment_block"", ""missing:prediction_cutoff_block"", ""missing:source_availability_time"", ""missing:runtime_bytecode_hash_at_cutoff"", ""missing:outcome_adjudication_id""]",bsc:0xf51cbf9f8e089ca48e454eb79731037a405972ce,354c9acccc7391e0cfdd,,,,,not_resolved_requires_archive_rpc
liquiditytokens,defihacklabs,bsc,39198657,0x028c911c10c9e346158206991e02d09bd0a8a35b,shanghai,ca2-33876c68131f30cf0f4a,2024-05-31,Liquiditytokens,Business Logic Flaw,src/test/2024-05/Liquiditytokens_exp.sol,bsc,https://github.com/SunWeb3Sec/DeFiHackLabs/blob/main/past/2024/README.md,frozen_public_source_hashed,db3b13fa1cbf75bffec4662240ebd762c5af6c92d2608b9aecde80a8d7802b08,a4cea0dac6a525cc4a4cce0b03ddd11e80fcb5432ec49be30d50c2300f1584ae,"[""https://x.com/EXVULSEC/status/1796499069583724638""]",[],~200K USD,exact_contract_basename,True,True,,,2024-05-31,,,,blocked_missing_onchain_and_availability_evidence,"[""missing:deployment_block"", ""missing:prediction_cutoff_block"", ""missing:source_availability_time"", ""missing:runtime_bytecode_hash_at_cutoff"", ""missing:outcome_adjudication_id""]",bsc:0x028c911c10c9e346158206991e02d09bd0a8a35b,29fb290cc7b63854c12c,,,,,not_resolved_requires_archive_rpc
redkeyscoin,defihacklabs,bsc,39079951,0x71e3056aa4985de9f5441f079e6c74454a3c95f0,shanghai,ca2-645b4941b3f47a925ccb,2024-05-27,RedKeysCoin,Weak RNG,src/test/2024-05/RedKeysCoin_exp.sol,bsc,https://github.com/SunWeb3Sec/DeFiHackLabs/blob/main/past/2024/README.md,frozen_public_source_hashed,db3b13fa1cbf75bffec4662240ebd762c5af6c92d2608b9aecde80a8d7802b08,672316711fec40f5ea6c201714b27271557d853c8e4ab5fcd177a9e7d3210d23,[],[],$12K,exact_contract_basename,True,True,,,2024-05-27,,,,blocked_missing_onchain_and_availability_evidence,"[""missing:deployment_block"", ""missing:prediction_cutoff_block"", ""missing:source_availability_time"", ""missing:runtime_bytecode_hash_at_cutoff"", ""missing:outcome_adjudication_id""]",bsc:0x71e3056aa4985de9f5441f079e6c74454a3c95f0,b557891423fb4821a46c,,,,,not_resolved_requires_archive_rpc
normie,defihacklabs,base,14952782,0x7f12d13b34f5f4f0a9449c16bcd42f0da47af200,shanghai,ca2-470ed35ca97a31cab7dd,2024-05-26,NORMIE,Business Logic Flaw,src/test/2024-05/NORMIE_exp.sol,base,https://github.com/SunWeb3Sec/DeFiHackLabs/blob/main/past/2024/README.md,frozen_public_source_hashed,db3b13fa1cbf75bffec4662240ebd762c5af6c92d2608b9aecde80a8d7802b08,1668476350face84c4047a54866f1d20196edb0343f825c46251fd24fff24262,"[""https://x.com/lookonchain/status/1794680612399542672""]",[],$490K,exact_contract_basename,True,True,,,2024-05-26,,,,blocked_missing_onchain_and_availability_evidence,"[""missing:deployment_block"", ""missing:prediction_cutoff_block"", ""missing:source_availability_time"", ""missing:runtime_bytecode_hash_at_cutoff"", ""missing:outcome_adjudication_id""]",base:0x7f12d13b34f5f4f0a9449c16bcd42f0da47af200,6a613cc8d238d0abd1c4,,,,,not_resolved_requires_archive_rpc
osn,defihacklabs,bsc,38474365,0x810f4c6ae97bcc66da5ae6383cc31bd3670f6d13,shanghai,ca2-351de4f0c9d0919d5212,2024-05-06,OSN,Reward Distribution Problem,src/test/2024-05/OSN_exp.sol,bsc,https://github.com/SunWeb3Sec/DeFiHackLabs/blob/main/past/2024/README.md,frozen_public_source_hashed,db3b13fa1cbf75bffec4662240ebd762c5af6c92d2608b9aecde80a8d7802b08,878a5450867bc251fd18574d2e3f1a024904b760638fb6c3d600f58ca029b29e,"[""https://twitter.com/SlowMist_Team/status/1787330586857861564""]",[],~109K USD,exact_contract_basename,True,True,,,2024-05-06,,,,blocked_missing_onchain_and_availability_evidence,"[""missing:deployment_block"", ""missing:prediction_cutoff_block"", ""missing:source_availability_time"", ""missing:runtime_bytecode_hash_at_cutoff"", ""missing:outcome_adjudication_id""]",bsc:0x810f4c6ae97bcc66da5ae6383cc31bd3670f6d13,ec8a1733e72e0983b152,,,,,not_resolved_requires_archive_rpc
tsuru,defihacklabs,base,14279784,0x75ac62ea5d058a7f88f0c3a5f8f73195277c93da,shanghai,ca2-8fc93c5fa8fffa0c5fa4,2024-05-10,TSURU,Insufficient Validation,src/test/2024-05/TSURU_exp.sol,base,https://github.com/SunWeb3Sec/DeFiHackLabs/blob/main/past/2024/README.md,frozen_public_source_hashed,db3b13fa1cbf75bffec4662240ebd762c5af6c92d2608b9aecde80a8d7802b08,607e6288b33aa05c4c1e86e9ee60b010e010f81d934b22d13ecbb02d6185dde0,"[""https://base.tsuru.wtf/usdtsuru-exploit-incident-report""]",[],140K,exact_contract_basename,True,True,,,2024-05-10,,,,blocked_missing_onchain_and_availability_evidence,"[""missing:deployment_block"", ""missing:prediction_cutoff_block"", ""missing:source_availability_time"", ""missing:runtime_bytecode_hash_at_cutoff"", ""missing:outcome_adjudication_id""]",base:0x75ac62ea5d058a7f88f0c3a5f8f73195277c93da,5a3a3a1fd57f4009e260,,,,,not_resolved_requires_archive_rpc
apemaga,defihacklabs,ethereum,20175261,0x56ff4afd909aa66a1530fe69bf94c74e6d44500c,shanghai,ca2-1d880dd41ec2f04c67b7,2024-06-27,APEMAGA,business logic flaw,src/test/2024-06/APEMAGA_exp.sol,mainnet,https://github.com/SunWeb3Sec/DeFiHackLabs/blob/main/past/2024/README.md,frozen_public_source_hashed,db3b13fa1cbf75bffec4662240ebd762c5af6c92d2608b9aecde80a8d7802b08,1cc128736e14561a77c3b37726783777bcab7d3d2a38aa2eafa21d68ef076c79,"[""https://x.com/ChainAegis/status/1806297556852601282""]",[],~9 ETH,exact_contract_basename,True,True,,,2024-06-27,,,,blocked_missing_onchain_and_availability_evidence,"[""missing:deployment_block"", ""missing:prediction_cutoff_block"", ""missing:source_availability_time"", ""missing:runtime_bytecode_hash_at_cutoff"", ""missing:outcome_adjudication_id""]",ethereum:0x56ff4afd909aa66a1530fe69bf94c74e6d44500c,64f76152fb8f207a343d,,,,,not_resolved_requires_archive_rpc
crb2,defihacklabs,bsc,39651175,0xee6de822159765daf0fd72d71529d7ab026ec2f2,shanghai,ca2-9a214e9ce45a57c562e3,2024-06-16,Crb2,business logic flaw,src/test/2024-06/Crb2_exp.sol,bsc,https://github.com/SunWeb3Sec/DeFiHackLabs/blob/main/past/2024/README.md,frozen_public_source_hashed,db3b13fa1cbf75bffec4662240ebd762c5af6c92d2608b9aecde80a8d7802b08,d4776b2c0dd3e41c587fb086e813a82db68119563fed2cb7d67be2fad17ea62b,[],[],~15K,exact_contract_basename,True,True,,,2024-06-16,,,,blocked_missing_onchain_and_availability_evidence,"[""missing:deployment_block"", ""missing:prediction_cutoff_block"", ""missing:source_availability_time"", ""missing:runtime_bytecode_hash_at_cutoff"", ""missing:outcome_adjudication_id""]",bsc:0xee6de822159765daf0fd72d71529d7ab026ec2f2,4ef2a3d4a1e704169332,,,,,not_resolved_requires_archive_rpc
incufi,defihacklabs,bsc,39729927,0x80df77b2ae5828ff499a735ee823d6cd7cf95f5a,shanghai,ca2-42413804b9b826875275,2024-06-18,INcufi,business logic flaw,src/test/2024-06/INcufi_exp.sol,bsc,https://github.com/SunWeb3Sec/DeFiHackLabs/blob/main/past/2024/README.md,frozen_public_source_hashed,db3b13fa1cbf75bffec4662240ebd762c5af6c92d2608b9aecde80a8d7802b08,6250ecba3d8bd005ba1e2ac25a675355ca4c85f81f40c89b9498b2ba1c9d56fb,[],[],~59K USD,exact_contract_basename,True,True,,,2024-06-18,,,,blocked_missing_onchain_and_availability_evidence,"[""missing:deployment_block"", ""missing:prediction_cutoff_block"", ""missing:source_availability_time"", ""missing:runtime_bytecode_hash_at_cutoff"", ""missing:outcome_adjudication_id""]",bsc:0x80df77b2ae5828ff499a735ee823d6cd7cf95f5a,a3487db6f8e50b97ec09,,,,,not_resolved_requires_archive_rpc
ncd,defihacklabs,bsc,39253639,0x9601313572ecd84b6b42dbc3e47bc54f8177558e,shanghai,ca2-0727c8432700660b91c2,2024-06-04,NCD,Business Logic Flaw,src/test/2024-06/NCD_exp.sol,bsc,https://github.com/SunWeb3Sec/DeFiHackLabs/blob/main/past/2024/README.md,frozen_public_source_hashed,db3b13fa1cbf75bffec4662240ebd762c5af6c92d2608b9aecde80a8d7802b08,6f85029f0b72cbbaa1d0fc7fbb5c18028f0421d573a709a115fe205e2ef5777b,"[""https://x.com/SlowMist_Team/status/1797821034319765604""]",[],$6.4K,exact_contract_basename,True,True,,,2024-06-04,,,,blocked_missing_onchain_and_availability_evidence,"[""missing:deployment_block"", ""missing:prediction_cutoff_block"", ""missing:source_availability_time"", ""missing:runtime_bytecode_hash_at_cutoff"", ""missing:outcome_adjudication_id""]",bsc:0x9601313572ecd84b6b42dbc3e47bc54f8177558e,7a684053dff424133c9e,,,,,not_resolved_requires_archive_rpc
tradeonorion,defihacklabs,bsc,39104878,0xe9d1d2a27458378dd6c6f0b2c390807aed2217ca,shanghai,ca2-7d8bff5c879f84e09ee4,2024-05-28,Tradeonorion,Business Logic Flaw,src/test/2024-05/Tradeonorion_exp.sol,bsc,https://github.com/SunWeb3Sec/DeFiHackLabs/blob/main/past/2024/README.md,frozen_public_source_hashed,db3b13fa1cbf75bffec4662240ebd762c5af6c92d2608b9aecde80a8d7802b08,ee395b7b8664604d26884bba4950beb883014e652e33621ab703f2e428213d69,"[""https://x.com/MetaSec_xyz/status/1796008961302258001""]",[],~645K,exact_contract_basename,True,True,,,2024-05-28,,,,blocked_missing_onchain_and_availability_evidence,"[""missing:deployment_block"", ""missing:prediction_cutoff_block"", ""missing:source_availability_time"", ""missing:runtime_bytecode_hash_at_cutoff"", ""missing:outcome_adjudication_id""]",bsc:0xe9d1d2a27458378dd6c6f0b2c390807aed2217ca,9b80907f839c55d47e6c,,,,,not_resolved_requires_archive_rpc
dyson_money,defihacklabs,bsc,39684702,0x2b9bda587ee04fe51c5431709afbafb295f94bb4,shanghai,ca2-5e2d8f30a0d9b1dc548d,2024-06-17,Dyson_money,business logic flaw,src/test/2024-06/Dyson_money_exp.sol,bsc,https://github.com/SunWeb3Sec/DeFiHackLabs/blob/main/past/2024/README.md,frozen_public_source_hashed,db3b13fa1cbf75bffec4662240ebd762c5af6c92d2608b9aecde80a8d7802b08,6b70b83131463d105ba87674979eb794bf78d0434383b305cfcdbc206f5f160a,[],[],52 BNB,exact_contract_basename,True,True,,,2024-06-17,,,,blocked_missing_onchain_and_availability_evidence,"[""missing:deployment_block"", ""missing:prediction_cutoff_block"", ""missing:source_availability_time"", ""missing:runtime_bytecode_hash_at_cutoff"", ""missing:outcome_adjudication_id""]",bsc:0x2b9bda587ee04fe51c5431709afbafb295f94bb4,bcac56ebbc7dc893be1e,,,,,not_resolved_requires_archive_rpc
steamswap,defihacklabs,bsc,39381373,0xb7d0a1adafa3e9e8d8e244c20b6277bee17a09b6,shanghai,ca2-30fa2f4b25bbff890f55,2024-06-06,SteamSwap,Logic Flaw,src/test/2024-06/SteamSwap_exp.sol,bsc,https://github.com/SunWeb3Sec/DeFiHackLabs/blob/main/past/2024/README.md,frozen_public_source_hashed,db3b13fa1cbf75bffec4662240ebd762c5af6c92d2608b9aecde80a8d7802b08,865b131d37abdd3846e5b68ace04d63088c6bd7499aac7910abb432badb87bbe,"[""https://x.com/SlowMist_Team/status/1798905797440897386""]",[],~$91k,exact_contract_basename,True,True,,,2024-06-06,,,,blocked_missing_onchain_and_availability_evidence,"[""missing:deployment_block"", ""missing:prediction_cutoff_block"", ""missing:source_availability_time"", ""missing:runtime_bytecode_hash_at_cutoff"", ""missing:outcome_adjudication_id""]",bsc:0xb7d0a1adafa3e9e8d8e244c20b6277bee17a09b6,af19e2f0f1cb42e2848d,,,,,not_resolved_requires_archive_rpc
wifcoin_eth,defihacklabs,ethereum,20103189,0xa1ce40702e15d0417a6c74d0bab96772f36f4e99,shanghai,ca2-616b55afdd61c6ca8b12,2024-06-16,WIFCOIN_ETH,business logic flaw,src/test/2024-06/WIFCOIN_ETH_exp.sol,mainnet,https://github.com/SunWeb3Sec/DeFiHackLabs/blob/main/past/2024/README.md,frozen_public_source_hashed,db3b13fa1cbf75bffec4662240ebd762c5af6c92d2608b9aecde80a8d7802b08,02e5f7cd9678ba36d0bafc211d04a7af173bf52b2902e344ab64554d4d14f45d,"[""https://x.com/ChainAegis/status/1802550962977964139""]",[],~3.4 ETH (WIF token),exact_contract_basename,True,True,,,2024-06-16,,,,blocked_missing_onchain_and_availability_evidence,"[""missing:deployment_block"", ""missing:prediction_cutoff_block"", ""missing:source_availability_time"", ""missing:runtime_bytecode_hash_at_cutoff"", ""missing:outcome_adjudication_id""]",ethereum:0xa1ce40702e15d0417a6c74d0bab96772f36f4e99,db7bc882b9ffb1459fb7,,,,,not_resolved_requires_archive_rpc
jokinthebox,defihacklabs,ethereum,20054628,0xa6447f6156effd23ec3b57d5edd978349e4e192d,cancun,ca2-eaf1e84be2ca5fa8830a,2024-06-11,JokInTheBox,business logic flaw,src/test/2024-06/JokInTheBox_exp.sol,mainnet,https://github.com/SunWeb3Sec/DeFiHackLabs/blob/main/past/2024/README.md,frozen_public_source_hashed,db3b13fa1cbf75bffec4662240ebd762c5af6c92d2608b9aecde80a8d7802b08,5f333e23531dbcee19db71cc3769d32f1c42dd82ba38dbf97100e7a86fe6bf61,[],[],~9.2 ETH,exact_contract_basename,True,True,,,2024-06-11,,,,blocked_missing_onchain_and_availability_evidence,"[""missing:deployment_block"", ""missing:prediction_cutoff_block"", ""missing:source_availability_time"", ""missing:runtime_bytecode_hash_at_cutoff"", ""missing:outcome_adjudication_id""]",ethereum:0xa6447f6156effd23ec3b57d5edd978349e4e192d,98e879c8eb78040aff42,,,,,not_resolved_requires_archive_rpc
minestm,defihacklabs,bsc,39383149,0xb7d0a1adafa3e9e8d8e244c20b6277bee17a09b6,shanghai,ca2-04c30f824141f500c195,2024-06-06,MineSTM,Business Logic Flaw,src/test/2024-06/MineSTM_exp.sol,bsc,https://github.com/SunWeb3Sec/DeFiHackLabs/blob/main/past/2024/README.md,frozen_public_source_hashed,db3b13fa1cbf75bffec4662240ebd762c5af6c92d2608b9aecde80a8d7802b08,05d9d847af27f132d31bcedb1a64626b948ace826f48da0b88ba16b91587cc7e,[],[],$13.8K,exact_contract_basename,True,True,,,2024-06-06,,,,blocked_missing_onchain_and_availability_evidence,"[""missing:deployment_block"", ""missing:prediction_cutoff_block"", ""missing:source_availability_time"", ""missing:runtime_bytecode_hash_at_cutoff"", ""missing:outcome_adjudication_id""]",bsc:0xb7d0a1adafa3e9e8d8e244c20b6277bee17a09b6,af19e2f0f1cb42e2848d,,,,,not_resolved_requires_archive_rpc
will,defihacklabs,bsc,39979796,0x566777ed780dbbe17c130ae97b9fbc0a3ab829df,shanghai,ca2-94a8114b86699da44092,2024-06-28,Will,business logic flaw,src/test/2024-06/Will_exp.sol,bsc,https://github.com/SunWeb3Sec/DeFiHackLabs/blob/main/past/2024/README.md,frozen_public_source_hashed,db3b13fa1cbf75bffec4662240ebd762c5af6c92d2608b9aecde80a8d7802b08,16d88ba48c4ac6c996656b8ca27e6b2073306268e38ddfcc41f9d4646377261a,[],[],$52K,exact_contract_basename,True,True,,,2024-06-28,,,,blocked_missing_onchain_and_availability_evidence,"[""missing:deployment_block"", ""missing:prediction_cutoff_block"", ""missing:source_availability_time"", ""missing:runtime_bytecode_hash_at_cutoff"", ""missing:outcome_adjudication_id""]",bsc:0x566777ed780dbbe17c130ae97b9fbc0a3ab829df,59bd2c10339f5a439a72,,,,,not_resolved_requires_archive_rpc
lifiprotocol,defihacklabs,ethereum,20318962,0x1231deb6f5749ef6ce6943a275a1d3e7486f4eae,shanghai,ca2-deb8f1653a1510fb4c48,2024-07-16,Lifiprotocol,Incorrect input validation,src/test/2024-07/Lifiprotocol_exp.sol,mainnet,https://github.com/SunWeb3Sec/DeFiHackLabs/blob/main/past/2024/README.md,frozen_public_source_hashed,db3b13fa1cbf75bffec4662240ebd762c5af6c92d2608b9aecde80a8d7802b08,e8e121d5de7030d1d274a4972ebd892379d40c8837495806c74495f2a9274b4d,"[""https://x.com/danielvf/status/1505689981385334784""]",[],~10M USD,exact_contract_basename,True,True,,,2024-07-16,,,,blocked_missing_onchain_and_availability_evidence,"[""missing:deployment_block"", ""missing:prediction_cutoff_block"", ""missing:source_availability_time"", ""missing:runtime_bytecode_hash_at_cutoff"", ""missing:outcome_adjudication_id""]",ethereum:0x1231deb6f5749ef6ce6943a275a1d3e7486f4eae,ea9290efc7ced528ba5f,,,,,not_resolved_requires_archive_rpc
uwulend_first,defihacklabs,ethereum,20061318,0x2409af0251dcb89ee3dee572629291f9b087c668,shanghai,ca2-0687f6e05dc58457935a,2024-06-10,UwULend,Price Manipulation,src/test/2024-06/UwuLend_First_exp.sol,mainnet,https://github.com/SunWeb3Sec/DeFiHackLabs/blob/main/past/2024/README.md,frozen_public_source_hashed,db3b13fa1cbf75bffec4662240ebd762c5af6c92d2608b9aecde80a8d7802b08,7e27bb03655f190748615cafa04070180604951c35d0f02142118ca72f5ed9d1,"[""https://x.com/peckshield/status/1800176089316163831""]",[],19.3M,exact_contract_basename,True,True,,,2024-06-10,,,,blocked_missing_onchain_and_availability_evidence,"[""missing:deployment_block"", ""missing:prediction_cutoff_block"", ""missing:source_availability_time"", ""missing:runtime_bytecode_hash_at_cutoff"", ""missing:outcome_adjudication_id""]",ethereum:0x2409af0251dcb89ee3dee572629291f9b087c668,ed7735374efe1e28a885,,,,,not_resolved_requires_archive_rpc
lw2,defihacklabs,bsc,40287544,0xabc6e5a63689b8542dbdc4b4f39a7e00d4ac30c8,shanghai,ca2-c68ae49271ecb40a17be,2024-07-08,LW,Integer Underflow,src/test/2024-07/LW_exp.sol,bsc,https://github.com/SunWeb3Sec/DeFiHackLabs/blob/main/past/2024/README.md,frozen_public_source_hashed,db3b13fa1cbf75bffec4662240ebd762c5af6c92d2608b9aecde80a8d7802b08,562c2bf8251f39c743b041c6b3317e9ce092efcd8a832b03b709dcaef35dd5da,[],[],~7K USD,frozen_date_override,True,True,,,2024-07-08,,,,blocked_missing_onchain_and_availability_evidence,"[""missing:deployment_block"", ""missing:prediction_cutoff_block"", ""missing:source_availability_time"", ""missing:runtime_bytecode_hash_at_cutoff"", ""missing:outcome_adjudication_id""]",bsc:0xabc6e5a63689b8542dbdc4b4f39a7e00d4ac30c8,f6ea7ecf7aaab35de3f1,,,,,not_resolved_requires_archive_rpc
uwulend_second,defihacklabs,ethereum,20081503,0x2409af0251dcb89ee3dee572629291f9b087c668,shanghai,ca2-93739b94fa0816bd6234,2024-06-10,UwULend,Price Manipulation,src/test/2024-06/UwuLend_First_exp.sol,mainnet,https://github.com/SunWeb3Sec/DeFiHackLabs/blob/main/past/2024/README.md,frozen_public_source_hashed,db3b13fa1cbf75bffec4662240ebd762c5af6c92d2608b9aecde80a8d7802b08,7e27bb03655f190748615cafa04070180604951c35d0f02142118ca72f5ed9d1,"[""https://x.com/peckshield/status/1800176089316163831""]",[],19.3M,exact_contract_basename,True,True,,,2024-06-10,,,,blocked_missing_onchain_and_availability_evidence,"[""missing:deployment_block"", ""missing:prediction_cutoff_block"", ""missing:source_availability_time"", ""missing:runtime_bytecode_hash_at_cutoff"", ""missing:outcome_adjudication_id""]",ethereum:0x2409af0251dcb89ee3dee572629291f9b087c668,ed7735374efe1e28a885,,,,,not_resolved_requires_archive_rpc
doughfina,defihacklabs,ethereum,20288622,0x9f54e8eaa9658316bb8006e03fff1cb191aafbe6,shanghai,ca2-0d308a16f604ed495788,2024-07-12,DoughFina,Incorrect input validation,src/test/2024-07/DoughFina_exp.sol,mainnet,https://github.com/SunWeb3Sec/DeFiHackLabs/blob/main/past/2024/README.md,frozen_public_source_hashed,db3b13fa1cbf75bffec4662240ebd762c5af6c92d2608b9aecde80a8d7802b08,2335acf0887a379586c363fec975ab864083cce6a7c2c3a8ad7fbedb715b8130,"[""https://x.com/CertiKAlert/status/1811668992882307478""]",[],~1.8M USD,exact_contract_basename,True,True,,,2024-07-12,,,,blocked_missing_onchain_and_availability_evidence,"[""missing:deployment_block"", ""missing:prediction_cutoff_block"", ""missing:source_availability_time"", ""missing:runtime_bytecode_hash_at_cutoff"", ""missing:outcome_adjudication_id""]",ethereum:0x9f54e8eaa9658316bb8006e03fff1cb191aafbe6,686d0740bb13cf4196a0,,,,,not_resolved_requires_archive_rpc
mrp,defihacklabs,bsc,40122169,0x35f5cef517317694df8c50c894080caa8c92af7d,shanghai,ca2-17240c1cdca17b758810,2024-07-02,MRP,Reentrancy,src/test/2024-07/MRP_exp.sol,bsc,https://github.com/SunWeb3Sec/DeFiHackLabs/blob/main/past/2024/README.md,frozen_public_source_hashed,db3b13fa1cbf75bffec4662240ebd762c5af6c92d2608b9aecde80a8d7802b08,e060c2a1d41dd6c4682fc33ab0cb9e7939af9badf6cc1d0f328cda0621ffa293,[],[],17 BNB,exact_contract_basename,True,True,,,2024-07-02,,,,blocked_missing_onchain_and_availability_evidence,"[""missing:deployment_block"", ""missing:prediction_cutoff_block"", ""missing:source_availability_time"", ""missing:runtime_bytecode_hash_at_cutoff"", ""missing:outcome_adjudication_id""]",bsc:0x35f5cef517317694df8c50c894080caa8c92af7d,5c330ee3a3abbb7e9a4b,,,,,not_resolved_requires_archive_rpc
defiplaza,defihacklabs,ethereum,20240538,0xe68c1d72340aeefe5be76eda63ae2f4bc7514110,shanghai,ca2-0998fb22a8fcd705afbc,2024-07-05,DeFiPlaza,loss of precision,src/test/2024-07/DeFiPlaza_exp.sol,mainnet,https://github.com/SunWeb3Sec/DeFiHackLabs/blob/main/past/2024/README.md,frozen_public_source_hashed,db3b13fa1cbf75bffec4662240ebd762c5af6c92d2608b9aecde80a8d7802b08,2d8afd77adac1ebdad1aeb4157172d3a0f28b5d2d79d1dfe49808a1b97d6b8f5,"[""https://x.com/DecurityHQ/status/1809222922998808760""]",[],~200K USD,exact_contract_basename,True,True,,,2024-07-05,,,,blocked_missing_onchain_and_availability_evidence,"[""missing:deployment_block"", ""missing:prediction_cutoff_block"", ""missing:source_availability_time"", ""missing:runtime_bytecode_hash_at_cutoff"", ""missing:outcome_adjudication_id""]",ethereum:0xe68c1d72340aeefe5be76eda63ae2f4bc7514110,5915dc42634e1d5726ba,,,,,not_resolved_requires_archive_rpc
sbt,defihacklabs,bsc,40378159,0x2b45dd1d909c01aad96fa6b67108d691b432f351,shanghai,ca2-92eeb1ebc356ab25288f,2024-07-11,SBT,business logic flaw,src/test/2024-07/SBT_exp.sol,bsc,https://github.com/SunWeb3Sec/DeFiHackLabs/blob/main/past/2024/README.md,frozen_public_source_hashed,db3b13fa1cbf75bffec4662240ebd762c5af6c92d2608b9aecde80a8d7802b08,17405e0bf5a7276d789d4514a7423a4b31e180f06ff259581982046810c6efc3,[],[],~56K USD,exact_contract_basename,True,True,,,2024-07-11,,,,blocked_missing_onchain_and_availability_evidence,"[""missing:deployment_block"", ""missing:prediction_cutoff_block"", ""missing:source_availability_time"", ""missing:runtime_bytecode_hash_at_cutoff"", ""missing:outcome_adjudication_id""]",bsc:0x2b45dd1d909c01aad96fa6b67108d691b432f351,3bcd3e006d75de773ebd,,,,,not_resolved_requires_archive_rpc
yodlrouter,defihacklabs,ethereum,20520368,0xe3a0bc3483ae5a04db7ef2954315133a6f7d228e,shanghai,ca2-b9b0485322ceb6ce33a3,2024-08-14,YodlRouter,Arbitrary Call,src/test/2024-08/YodlRouter_exp.sol,mainnet,https://github.com/SunWeb3Sec/DeFiHackLabs/blob/main/past/2024/README.md,frozen_public_source_hashed,db3b13fa1cbf75bffec4662240ebd762c5af6c92d2608b9aecde80a8d7802b08,36acc17e9643c2cee1d7676b67516a6e87845f34933179f859fcd4b5de32b665,[],[],~5k,exact_contract_basename,True,True,,,2024-08-14,,,,blocked_missing_onchain_and_availability_evidence,"[""missing:deployment_block"", ""missing:prediction_cutoff_block"", ""missing:source_availability_time"", ""missing:runtime_bytecode_hash_at_cutoff"", ""missing:outcome_adjudication_id""]",ethereum:0xe3a0bc3483ae5a04db7ef2954315133a6f7d228e,d489e8b815838a5916f0,,,,,not_resolved_requires_archive_rpc
ompxcontract,defihacklabs,ethereum,20468779,0x09a80172ed7335660327cd664876b5df6fe06108,shanghai,ca2-1fe777829f28c3e02e1c,2024-08-16,OMPx Contract,FlashLoan,src/test/2024-08/OMPxContract_exp.sol,mainnet,https://github.com/SunWeb3Sec/DeFiHackLabs/blob/main/past/2024/README.md,frozen_public_source_hashed,db3b13fa1cbf75bffec4662240ebd762c5af6c92d2608b9aecde80a8d7802b08,ad9ffb6dea1f9d35dbdc975d55d68981e8b91afebeb3862781d6042c530da459,[],[],4.37 ETH (~11527 USD),exact_contract_basename,True,True,,,2024-08-16,,,,blocked_missing_onchain_and_availability_evidence,"[""missing:deployment_block"", ""missing:prediction_cutoff_block"", ""missing:source_availability_time"", ""missing:runtime_bytecode_hash_at_cutoff"", ""missing:outcome_adjudication_id""]",ethereum:0x09a80172ed7335660327cd664876b5df6fe06108,2fc17d9fa0675fb44db0,,,,,not_resolved_requires_archive_rpc
ivestdao,defihacklabs,bsc,41289497,0x2607118d363789f841d952f02e359bfa483955f9,shanghai,ca2-00003c2c7afe8e9ef32d,2024-08-12,iVest,Business logic flaw,src/test/2024-08/IvestDao_exp.sol,bsc,https://github.com/SunWeb3Sec/DeFiHackLabs/blob/main/past/2024/README.md,frozen_public_source_hashed,db3b13fa1cbf75bffec4662240ebd762c5af6c92d2608b9aecde80a8d7802b08,3e9d05606143ba2e59f912faca07eac1de876f180a999935f818fd4d5588d987,"[""https://x.com/AnciliaInc/status/1822870201698050064""]",[],~338 WBNB,exact_contract_basename,True,True,,,2024-08-12,,,,blocked_missing_onchain_and_availability_evidence,"[""missing:deployment_block"", ""missing:prediction_cutoff_block"", ""missing:source_availability_time"", ""missing:runtime_bytecode_hash_at_cutoff"", ""missing:outcome_adjudication_id""]",bsc:0x2607118d363789f841d952f02e359bfa483955f9,dbf00cc97c153849ccec,,,,,not_resolved_requires_archive_rpc
spectra_finance,defihacklabs,ethereum,20369956,0x3d20601ac0ba9cae4564ddf7870825c505b69f1a,shanghai,ca2-6996a5993263d8986598,2024-07-24,Spectra_finance,Incorrect input validation,src/test/2024-07/Spectra_finance_exp.sol,mainnet,https://github.com/SunWeb3Sec/DeFiHackLabs/blob/main/past/2024/README.md,frozen_public_source_hashed,db3b13fa1cbf75bffec4662240ebd762c5af6c92d2608b9aecde80a8d7802b08,87023fdb4a96cd88d008c1da77ba300aff39d330f447d3aaa157166628821278,"[""https://x.com/shoucccc/status/1815981585637990899""]",[],~73K USD,exact_contract_basename,True,True,,,2024-07-24,,,,blocked_missing_onchain_and_availability_evidence,"[""missing:deployment_block"", ""missing:prediction_cutoff_block"", ""missing:source_availability_time"", ""missing:runtime_bytecode_hash_at_cutoff"", ""missing:outcome_adjudication_id""]",ethereum:0x3d20601ac0ba9cae4564ddf7870825c505b69f1a,decc89c0ceaaaeb32189,,,,,not_resolved_requires_archive_rpc
zenterest,defihacklabs,ethereum,20541639,0xe3334e66634acf17b2b97ab560ec92d6861b25fa,shanghai,ca2-50a6237be75e1de28124,2024-08-16,Zenterest,Price Out Of Date,src/test/2024-08/Zenterest_exp.sol,mainnet,https://github.com/SunWeb3Sec/DeFiHackLabs/blob/main/past/2024/README.md,frozen_public_source_hashed,db3b13fa1cbf75bffec4662240ebd762c5af6c92d2608b9aecde80a8d7802b08,2a448a612293c9d84ff9cbe27ad819a7d38ad525d20b1906a248715619aed9ad,[],[],~21000 USD,exact_contract_basename,True,True,,,2024-08-16,,,,blocked_missing_onchain_and_availability_evidence,"[""missing:deployment_block"", ""missing:prediction_cutoff_block"", ""missing:source_availability_time"", ""missing:runtime_bytecode_hash_at_cutoff"", ""missing:outcome_adjudication_id""]",ethereum:0xe3334e66634acf17b2b97ab560ec92d6861b25fa,0a545042be22f20da561,,,,,not_resolved_requires_archive_rpc
convergence,defihacklabs,ethereum,20434449,0x2b083beaac310cc5e190b1d2507038ccb03e7606,cancun,ca2-5c90f11e08cf22426454,2024-08-01,Convergence,Incorrect input validation,src/test/2024-08/Convergence_exp.sol,mainnet,https://github.com/SunWeb3Sec/DeFiHackLabs/blob/main/past/2024/README.md,frozen_public_source_hashed,db3b13fa1cbf75bffec4662240ebd762c5af6c92d2608b9aecde80a8d7802b08,b8311c732b7cebbbb253467cc6bdb4cc1cbc33dedae240f24d6305d42124358e,"[""https://x.com/DecurityHQ/status/1819030089012527510""]",[],~200K USD,exact_contract_basename,True,True,,,2024-08-01,,,,blocked_missing_onchain_and_availability_evidence,"[""missing:deployment_block"", ""missing:prediction_cutoff_block"", ""missing:source_availability_time"", ""missing:runtime_bytecode_hash_at_cutoff"", ""missing:outcome_adjudication_id""]",ethereum:0x2b083beaac310cc5e190b1d2507038ccb03e7606,6df10ec59008ca28743e,,,,,not_resolved_requires_archive_rpc
bankroll,defihacklabs,bsc,42481610,0x564d4126af2b195ffaa7fb470ed658b1d9d07a54,shanghai,ca2-003bb3e01f9c7c13410b,2024-09-23,Bankroll_Network,Incorrect input validation,src/test/2024-09/Bankroll_exp.sol,bsc,https://github.com/SunWeb3Sec/DeFiHackLabs/blob/main/past/2024/README.md,frozen_public_source_hashed,db3b13fa1cbf75bffec4662240ebd762c5af6c92d2608b9aecde80a8d7802b08,3c39a86665ecc26c9982889d59c366c58a1bdf8a29ae0c6b4be700b22fbc8666,"[""https://x.com/Phalcon_xyz/status/1838042368018137547""]",[],~404 WBNB (~234.8K USD),exact_contract_basename,True,True,,,2024-09-23,,,,blocked_missing_onchain_and_availability_evidence,"[""missing:deployment_block"", ""missing:prediction_cutoff_block"", ""missing:source_availability_time"", ""missing:runtime_bytecode_hash_at_cutoff"", ""missing:outcome_adjudication_id""]",bsc:0x564d4126af2b195ffaa7fb470ed658b1d9d07a54,52e9c8976af4ac0d7a6d,,,,,not_resolved_requires_archive_rpc
caterpillar_coin_cut,defihacklabs,bsc,42131696,0x7057f3b0f4d0649b428f0d8378a8a0e7d21d36a7,shanghai,ca2-9aabe02b00ee6b15427c,2024-09-10,Caterpillar_Coin_CUT,Price Manipulation,src/test/2024-09/Caterpillar_Coin_CUT_exp.sol,bsc,https://github.com/SunWeb3Sec/DeFiHackLabs/blob/main/past/2024/README.md,frozen_public_source_hashed,db3b13fa1cbf75bffec4662240ebd762c5af6c92d2608b9aecde80a8d7802b08,cf32cd5a5a6b4da42050cc415153314d929909395b95937ca1248f0c79b71774,"[""https://www.certik.com/zh-CN/resources/blog/caterpillar-coin-cut-token-incident-analysis""]",[],~1.4M USD,exact_contract_basename,True,True,,,2024-09-10,,,,blocked_missing_onchain_and_availability_evidence,"[""missing:deployment_block"", ""missing:prediction_cutoff_block"", ""missing:source_availability_time"", ""missing:runtime_bytecode_hash_at_cutoff"", ""missing:outcome_adjudication_id""]",bsc:0x7057f3b0f4d0649b428f0d8378a8a0e7d21d36a7,0f3a0d9766a431633628,,,,,not_resolved_requires_archive_rpc
otseastaking,defihacklabs,ethereum,20738190,0xf2c8e860ca12cde3f3195423ecf54427a4f30916,shanghai,ca2-a21d0869309e8d547595,2024-09-13,OTSeaStaking,Logic Flaw,src/test/2024-09/OTSeaStaking_exp.sol,mainnet,https://github.com/SunWeb3Sec/DeFiHackLabs/blob/main/past/2024/README.md,frozen_public_source_hashed,db3b13fa1cbf75bffec4662240ebd762c5af6c92d2608b9aecde80a8d7802b08,658f99af8543e5f9c74db757b63c9621b283f8d91aed1805b3a1f953901553e9,[],[],26k,exact_contract_basename,True,True,,,2024-09-13,,,,blocked_missing_onchain_and_availability_evidence,"[""missing:deployment_block"", ""missing:prediction_cutoff_block"", ""missing:source_availability_time"", ""missing:runtime_bytecode_hash_at_cutoff"", ""missing:outcome_adjudication_id""]",ethereum:0xf2c8e860ca12cde3f3195423ecf54427a4f30916,4569243760b2bc4ad39d,,,,,not_resolved_requires_archive_rpc
bedrock_defi,defihacklabs,ethereum,20836583,0x047d41f2544b7f63a8e991af2068a363d210d6da,shanghai,ca2-297229c8f057f9088676,2024-09-26,Bedrock_DeFi,Swap ETH/BTC 1/1 in mint function,src/test/2024-09/Bedrock_DeFi_exp.sol,bsc,https://github.com/SunWeb3Sec/DeFiHackLabs/blob/main/past/2024/README.md,frozen_public_source_hashed,db3b13fa1cbf75bffec4662240ebd762c5af6c92d2608b9aecde80a8d7802b08,9aa197eace1fcf522dfd1ee2eebc75a566d3b810cb51e7b136536c595df81301,"[""https://bscscan.com/tx/0x0fe3716431f8c2e43217c3ca6d25eed87e14d0fbfa9c9ee8ce4cef2e5ec4583c"", ""https://x.com/certikalert/status/1839403126694326374""]","[""0x0fe3716431f8c2e43217c3ca6d25eed87e14d0fbfa9c9ee8ce4cef2e5ec4583c""]",27.83925883 BTC (~$1.7M USD),exact_contract_basename,True,True,,,2024-09-26,,,,blocked_missing_onchain_and_availability_evidence,"[""missing:deployment_block"", ""missing:prediction_cutoff_block"", ""missing:source_availability_time"", ""missing:runtime_bytecode_hash_at_cutoff"", ""missing:outcome_adjudication_id""]",ethereum:0x047d41f2544b7f63a8e991af2068a363d210d6da,7a822f81fb7ee1abe69d,,,,,not_resolved_requires_archive_rpc
aizpttoken,defihacklabs,bsc,42846997,0xbe779d420b7d573c08eee226b9958737b6218888,shanghai,ca2-9ccf44443a293b02fdd3,2024-10-05,AIZPTToken,Wrong Price Calculation,src/test/2024-10/AIZPTToken_exp.sol,bsc,https://github.com/SunWeb3Sec/DeFiHackLabs/blob/main/past/2024/README.md,frozen_public_source_hashed,db3b13fa1cbf75bffec4662240ebd762c5af6c92d2608b9aecde80a8d7802b08,72807c8cebe2203904864485f9f63f2014d9c4a22a65b77ffbae3fd31b5786ac,[],[],,exact_contract_basename,True,True,,,2024-10-05,,,,blocked_missing_onchain_and_availability_evidence,"[""missing:deployment_block"", ""missing:prediction_cutoff_block"", ""missing:source_availability_time"", ""missing:runtime_bytecode_hash_at_cutoff"", ""missing:outcome_adjudication_id""]",bsc:0xbe779d420b7d573c08eee226b9958737b6218888,d4c0dd2e7a4fcd0dcac5,,,,,not_resolved_requires_archive_rpc
onyxdao,defihacklabs,ethereum,20834657,0xf10bc5be84640236c71173d1809038af4ee19002,shanghai,ca2-194c50c55dd95140a294,2024-09-26,OnyxDAO,Fake Market,src/test/2024-09/OnyxDAO_exp.sol,mainnet,https://github.com/SunWeb3Sec/DeFiHackLabs/blob/main/past/2024/README.md,frozen_public_source_hashed,db3b13fa1cbf75bffec4662240ebd762c5af6c92d2608b9aecde80a8d7802b08,9313f6a01a70788eb7e77125e1eb2cf6cd2391d272fec34298301bd064e99f73,"[""https://x.com/peckshield/status/1839302663680438342""]",[],"4.1M VUSD, 7.35M XCN, 5K DAI, 0.23 WBTC, 50K USDT (>$3.8M USD)",exact_contract_basename,True,True,,,2024-09-26,,,,blocked_missing_onchain_and_availability_evidence,"[""missing:deployment_block"", ""missing:prediction_cutoff_block"", ""missing:source_availability_time"", ""missing:runtime_bytecode_hash_at_cutoff"", ""missing:outcome_adjudication_id""]",ethereum:0xf10bc5be84640236c71173d1809038af4ee19002,ad63b3622ccc375bb695,,,,,not_resolved_requires_archive_rpc
firetoken,defihacklabs,ethereum,20869374,0x18775475f50557b96c63e8bbf7d75bfeb412082d,shanghai,ca2-0fa9395ce4552eadc7fb,2024-10-01,FireToken,Pair Manipulation With Transfer Function,src/test/2024-10/FireToken_exp.sol,mainnet,https://github.com/SunWeb3Sec/DeFiHackLabs/blob/main/past/2024/README.md,frozen_public_source_hashed,db3b13fa1cbf75bffec4662240ebd762c5af6c92d2608b9aecde80a8d7802b08,6a099adc701f693ef503888008c6d702fd8ede71d6ddbb4d14f8845bf61f566c,[],[],8.45 ETH (~$20K USD),exact_contract_basename,True,True,,,2024-10-01,,,,blocked_missing_onchain_and_availability_evidence,"[""missing:deployment_block"", ""missing:prediction_cutoff_block"", ""missing:source_availability_time"", ""missing:runtime_bytecode_hash_at_cutoff"", ""missing:outcome_adjudication_id""]",ethereum:0x18775475f50557b96c63e8bbf7d75bfeb412082d,625ef14978529ea263dd,,,,,not_resolved_requires_archive_rpc
hydt,defihacklabs,bsc,42985310,0xa2268fcc2fe7a2bb755fbe5a7b3ac346ddfedb9b,cancun,ca2-196bde1bc084a841e794,2024-10-10,HYDT,Oracle Price Manipulation,src/test/2024-10/HYDT_exp.sol,bsc,https://github.com/SunWeb3Sec/DeFiHackLabs/blob/main/past/2024/README.md,frozen_public_source_hashed,db3b13fa1cbf75bffec4662240ebd762c5af6c92d2608b9aecde80a8d7802b08,d03b733d95e5e35cab9dba563e3ecb4185c482f5b3b124ebcce29958df36e9fa,"[""https://x.com/TenArmorAlert/status/1844241843518951451""]",[],,exact_contract_basename,True,True,,,2024-10-10,,,,blocked_missing_onchain_and_availability_evidence,"[""missing:deployment_block"", ""missing:prediction_cutoff_block"", ""missing:source_availability_time"", ""missing:runtime_bytecode_hash_at_cutoff"", ""missing:outcome_adjudication_id""]",bsc:0xa2268fcc2fe7a2bb755fbe5a7b3ac346ddfedb9b,b0f8bc94aae34e10afed,,,,,not_resolved_requires_archive_rpc
sashatoken,defihacklabs,ethereum,20905301,0xd1456d1b9ceb59abd4423a49d40942a9485ceef6,shanghai,ca2-a4270f1ffef2f72b2237,2024-10-06,SASHAToken,Price Manipulation,src/test/2024-10/SASHAToken_exp.sol,mainnet,https://github.com/SunWeb3Sec/DeFiHackLabs/blob/main/past/2024/README.md,frozen_public_source_hashed,db3b13fa1cbf75bffec4662240ebd762c5af6c92d2608b9aecde80a8d7802b08,ff95f733a3492e41e8a2411bcfdcba000fe21f3315c857351d3d8c346b3b903a,[],[],,exact_contract_basename,True,True,,,2024-10-06,,,,blocked_missing_onchain_and_availability_evidence,"[""missing:deployment_block"", ""missing:prediction_cutoff_block"", ""missing:source_availability_time"", ""missing:runtime_bytecode_hash_at_cutoff"", ""missing:outcome_adjudication_id""]",ethereum:0xd1456d1b9ceb59abd4423a49d40942a9485ceef6,3bab892cc6f9fb6796bb,,,,,not_resolved_requires_archive_rpc
morphoblue,defihacklabs,ethereum,20956051,0xbbbbbbbbbb9cc5e90e3b3af64bdaf62c37eeffcb,shanghai,ca2-2656a778ab34f3a823cd,2024-10-13,MorphoBlue,Overpriced Asset in Oracle,src/test/2024-10/MorphoBlue_exp.sol,mainnet,https://github.com/SunWeb3Sec/DeFiHackLabs/blob/main/past/2024/README.md,frozen_public_source_hashed,db3b13fa1cbf75bffec4662240ebd762c5af6c92d2608b9aecde80a8d7802b08,d183dfa70752be760bff13a307b62b2dd981f393011e68cb3abffe1f99a43fa8,"[""https://x.com/omeragoldberg/status/1845515843787960661""]",[],"$230,000",exact_contract_basename,True,True,,,2024-10-13,,,,blocked_missing_onchain_and_availability_evidence,"[""missing:deployment_block"", ""missing:prediction_cutoff_block"", ""missing:source_availability_time"", ""missing:runtime_bytecode_hash_at_cutoff"", ""missing:outcome_adjudication_id""]",ethereum:0xbbbbbbbbbb9cc5e90e3b3af64bdaf62c37eeffcb,3b70e0dce8f1f37299b3,,,,,not_resolved_requires_archive_rpc
penpiexyzio,defihacklabs,ethereum,20671877,0x6e799758cee75dae3d84e09d40dc416ecf713652,shanghai,ca2-8b19d47d1a3d23da742b,2024-09-03,Penpiexyz_io,Reentrancy and Reward Manipulation,src/test/2024-09/Penpiexyzio_exp.sol,mainnet,https://github.com/SunWeb3Sec/DeFiHackLabs/blob/main/past/2024/README.md,frozen_public_source_hashed,db3b13fa1cbf75bffec4662240ebd762c5af6c92d2608b9aecde80a8d7802b08,718b51fd914b292ad81f374f7b05f598beb46923d3d6438ea5bf80ed0aa91bac,"[""https://x.com/AnciliaInc/status/1831080555292856476"", ""https://x.com/Penpiexyz_io/status/1831462760787452240"", ""https://x.com/hackenclub/status/1831383106554573099"", ""https://x.com/peckshield/status/1831072098669953388""]",[],"11,113.6 ETH (~$27,348,259 USD)",exact_contract_basename,True,True,,,2024-09-03,,,,blocked_missing_onchain_and_availability_evidence,"[""missing:deployment_block"", ""missing:prediction_cutoff_block"", ""missing:source_availability_time"", ""missing:runtime_bytecode_hash_at_cutoff"", ""missing:outcome_adjudication_id""]",ethereum:0x6e799758cee75dae3d84e09d40dc416ecf713652,a77227f02543bb683738,,,,,not_resolved_requires_archive_rpc
vista,defihacklabs,bsc,43305237,0x493361d6164093936c86dcb35ad03b4c0d032076,cancun,ca2-7efff287d58605a4cc72,2024-10-22,Vista,flashmint receive error,src/test/2024-10/VISTA_exp.sol,bsc,https://github.com/SunWeb3Sec/DeFiHackLabs/blob/main/past/2024/README.md,frozen_public_source_hashed,db3b13fa1cbf75bffec4662240ebd762c5af6c92d2608b9aecde80a8d7802b08,f7ec459e7280d79f1fa7ab6dd7bc9ad362da13664762a503ad3aec7309b64cd9,"[""https://x.com/TenArmorAlert/status/1848403791881900130""]",[],"$28,000",exact_contract_basename,True,True,,,2024-10-22,,,,blocked_missing_onchain_and_availability_evidence,"[""missing:deployment_block"", ""missing:prediction_cutoff_block"", ""missing:source_availability_time"", ""missing:runtime_bytecode_hash_at_cutoff"", ""missing:outcome_adjudication_id""]",bsc:0x493361d6164093936c86dcb35ad03b4c0d032076,6780e9f122854347bdfa,,,,,not_resolved_requires_archive_rpc
labubu,defihacklabs,bsc,44751944,0x2ff960f1d9af1a6368c2866f79080c1e0b253997,shanghai,ca2-8dd7451bbe256eb45bfb,2024-12-10,LABUBU Token,Logic Flaw,src/test/2024-12/LABUBU_exp.sol,bsc,https://github.com/SunWeb3Sec/DeFiHackLabs/blob/main/past/2024/README.md,frozen_public_source_hashed,db3b13fa1cbf75bffec4662240ebd762c5af6c92d2608b9aecde80a8d7802b08,19e682e9dfe45d9fa00557e81932420636f4a0abfa95a4b365c985496020ff07,"[""https://x.com/TenArmorAlert/status/1866481066610958431""]",[],,exact_contract_basename,True,True,,,2024-12-10,,,,blocked_missing_onchain_and_availability_evidence,"[""missing:deployment_block"", ""missing:prediction_cutoff_block"", ""missing:source_availability_time"", ""missing:runtime_bytecode_hash_at_cutoff"", ""missing:outcome_adjudication_id""]",bsc:0x2ff960f1d9af1a6368c2866f79080c1e0b253997,3a3cfa909f413e99bf18,,,,,not_resolved_requires_archive_rpc
pledge,defihacklabs,bsc,44555337,0x061944c0f3c2d7dabafb50813efb05c4e0c952e1,shanghai,ca2-382283494db3462edcb4,2024-12-03,Pledge,Access Control,src/test/2024-12/Pledge_exp.sol,bsc,https://github.com/SunWeb3Sec/DeFiHackLabs/blob/main/past/2024/README.md,frozen_public_source_hashed,db3b13fa1cbf75bffec4662240ebd762c5af6c92d2608b9aecde80a8d7802b08,bbd7857a04b61866f20b3ae8c1b80afc2339103d3359a42af7253db0c510a94b,"[""https://x.com/TenArmorAlert/status/1864126176848965810""]",[],15K,exact_contract_basename,True,True,,,2024-12-03,,,,blocked_missing_onchain_and_availability_evidence,"[""missing:deployment_block"", ""missing:prediction_cutoff_block"", ""missing:source_availability_time"", ""missing:runtime_bytecode_hash_at_cutoff"", ""missing:outcome_adjudication_id""]",bsc:0x061944c0f3c2d7dabafb50813efb05c4e0c952e1,c1ff657e274c823823a1,,,,,not_resolved_requires_archive_rpc
veth,defihacklabs,ethereum,21184777,0x280a8955a11fcd81d72ba1f99d265a48ce39ac2e,shanghai,ca2-a7021cd43eafc6f1fd33,2024-11-14,vETH,Vulnerable Price Dependency,src/test/2024-11/vETH_exp.sol,mainnet,https://github.com/SunWeb3Sec/DeFiHackLabs/blob/main/past/2024/README.md,frozen_public_source_hashed,db3b13fa1cbf75bffec4662240ebd762c5af6c92d2608b9aecde80a8d7802b08,fc813b43840d85f7d8d31498638a4b8e2ab8afb5d76cd912d0b9d119fb604418,"[""https://x.com/TenArmorAlert/status/1856984299905716645""]",[],447k,exact_contract_basename,True,True,,,2024-11-14,,,,blocked_missing_onchain_and_availability_evidence,"[""missing:deployment_block"", ""missing:prediction_cutoff_block"", ""missing:source_availability_time"", ""missing:runtime_bytecode_hash_at_cutoff"", ""missing:outcome_adjudication_id""]",ethereum:0x280a8955a11fcd81d72ba1f99d265a48ce39ac2e,38300e2cb49cc9b4eac9,,,,,not_resolved_requires_archive_rpc
gain,defihacklabs,ethereum,19277619,0xde59b88abefa5e6c8aa6d742eee0f887dab136ac,shanghai,ca2-7a01249aabcf9ab600cc,2024-02-21,GAIN,bad function implementation,src/test/2024-02/GAIN_exp.sol,mainnet,https://github.com/SunWeb3Sec/DeFiHackLabs/blob/main/past/2024/README.md,frozen_public_source_hashed,db3b13fa1cbf75bffec4662240ebd762c5af6c92d2608b9aecde80a8d7802b08,8481bf88380d95cfcd6dd0107aceb38157f92251d744f439b8d8322b5a858b82,[],[],~6.4 ETH,exact_contract_basename,True,True,,,2024-02-21,,,,blocked_missing_onchain_and_availability_evidence,"[""missing:deployment_block"", ""missing:prediction_cutoff_block"", ""missing:source_availability_time"", ""missing:runtime_bytecode_hash_at_cutoff"", ""missing:outcome_adjudication_id""]",ethereum:0xde59b88abefa5e6c8aa6d742eee0f887dab136ac,60799db6565a82d879f8,,,,,not_resolved_requires_archive_rpc
it,defihacklabs,bsc,36934258,0x1ac5fac863c0a026e029b173f2ae4d33938ab473,shanghai,ca2-5293bf48f2bcc29baaff,2024-03-13,IT,business logic flaw,src/test/2024-03/IT_exp.sol,bsc,https://github.com/SunWeb3Sec/DeFiHackLabs/blob/main/past/2024/README.md,frozen_public_source_hashed,db3b13fa1cbf75bffec4662240ebd762c5af6c92d2608b9aecde80a8d7802b08,24b3ff5aa8ea66c76b0175a2eb51abdd7641c659bb0e57687f8f765b165ca5bc,[],[],~13k USDT,exact_contract_basename,True,True,,,2024-03-13,,,,blocked_missing_onchain_and_availability_evidence,"[""missing:deployment_block"", ""missing:prediction_cutoff_block"", ""missing:source_availability_time"", ""missing:runtime_bytecode_hash_at_cutoff"", ""missing:outcome_adjudication_id""]",bsc:0x1ac5fac863c0a026e029b173f2ae4d33938ab473,debd3072e57a3802211e,,,,,not_resolved_requires_archive_rpc
cloberdex,defihacklabs,base,23514450,0x6a0b87d6b74f7d5c92722f6a11714dbeda9f3895,cancun,ca2-5b927b3791414bdc410e,2024-12-10,CloberDEX,Reentrancy,src/test/2024-12/CloberDEX_exp.sol,base,https://github.com/SunWeb3Sec/DeFiHackLabs/blob/main/past/2024/README.md,frozen_public_source_hashed,db3b13fa1cbf75bffec4662240ebd762c5af6c92d2608b9aecde80a8d7802b08,30394d79e505bad575a4eab456ad11a0e72a8b0db7dbae41a6053522f0f35850,"[""https://x.com/peckshield/status/1866443215186088048""]",[],~501K US$ (133.7 WETH),exact_contract_basename,True,True,,,2024-12-10,,,,blocked_missing_onchain_and_availability_evidence,"[""missing:deployment_block"", ""missing:prediction_cutoff_block"", ""missing:source_availability_time"", ""missing:runtime_bytecode_hash_at_cutoff"", ""missing:outcome_adjudication_id""]",base:0x6a0b87d6b74f7d5c92722f6a11714dbeda9f3895,86f7fe9b29a8f0aa1dcb,,,,,not_resolved_requires_archive_rpc
98_token,defihacklabs,bsc,45462897,0xb040d88e61ea79a1289507d56938a6ad9955349c,shanghai,ca2-399010b287f06a594153,2025-01-04,98Token,Unprotected public function,src/test/2025-01/98Token_exp.sol,bsc,https://github.com/SunWeb3Sec/DeFiHackLabs/blob/main/past/2025/README.md,frozen_public_source_hashed,d3b80fe4ed7198fc900616b269408c1d0485ef8f000f46d37adb75be862a4a9c,d7cab897fa212182e113a8929d53405302ae17d87f7911c1e92e29a44c417d82,"[""https://x.com/TenArmorAlert/status/1875462686353363435""]",[],28K USDT,exact_contract_basename,True,True,,,2025-01-04,,,,blocked_missing_onchain_and_availability_evidence,"[""missing:deployment_block"", ""missing:prediction_cutoff_block"", ""missing:source_availability_time"", ""missing:runtime_bytecode_hash_at_cutoff"", ""missing:outcome_adjudication_id""]",bsc:0xb040d88e61ea79a1289507d56938a6ad9955349c,b68339a2282cca1ec488,,,,,not_resolved_requires_archive_rpc
ast,defihacklabs,bsc,45964639,0xc10e0319337c7f83342424df72e73a70a29579b2,shanghai,ca2-f869139a8dcac0542bd9,2025-01-21,Ast,Price-Manipulation,src/test/2025-01/Ast_exp.sol,bsc,https://github.com/SunWeb3Sec/DeFiHackLabs/blob/main/past/2025/README.md,frozen_public_source_hashed,d3b80fe4ed7198fc900616b269408c1d0485ef8f000f46d37adb75be862a4a9c,7b7a89fd412d9b417ccc04f2de16350b219139c4e166ff7202a34b4a7e9aae50,"[""https://medium.com/@joichiro.sai/ast-token-hack-how-a-faulty-transfer-logic-led-to-a-65k-exploit-da75aed59a43""]",[],~65K,exact_contract_basename,True,True,,,2025-01-21,,,,blocked_missing_onchain_and_availability_evidence,"[""missing:deployment_block"", ""missing:prediction_cutoff_block"", ""missing:source_availability_time"", ""missing:runtime_bytecode_hash_at_cutoff"", ""missing:outcome_adjudication_id""]",bsc:0xc10e0319337c7f83342424df72e73a70a29579b2,fed2a7f9ff86663fcebc,,,,,not_resolved_requires_archive_rpc
ipc,defihacklabs,bsc,45561315,0xeab0d46682ac707a06aefb0ac72a91a3fd6fe5d1,shanghai,ca2-dc0f5864cf0c7c7db3d8,2025-01-07,IPC Incorrect burn pairs,Logic Flaw,src/test/2025-01/IPC_exp.sol,bsc,https://github.com/SunWeb3Sec/DeFiHackLabs/blob/main/past/2025/README.md,frozen_public_source_hashed,d3b80fe4ed7198fc900616b269408c1d0485ef8f000f46d37adb75be862a4a9c,ddc79cd55c305763b5718c12d1e60770fa5b11982bab363fd06156b14c7cb62a,"[""https://x.com/TenArmorAlert/status/1876663900663370056""]",[],～590k USDT,exact_contract_basename,True,True,,,2025-01-07,,,,blocked_missing_onchain_and_availability_evidence,"[""missing:deployment_block"", ""missing:prediction_cutoff_block"", ""missing:source_availability_time"", ""missing:runtime_bytecode_hash_at_cutoff"", ""missing:outcome_adjudication_id""]",bsc:0xeab0d46682ac707a06aefb0ac72a91a3fd6fe5d1,bec4e356c2100064de7d,,,,,not_resolved_requires_archive_rpc
xbridge,defihacklabs,ethereum,19723700,0x47ddb6a433b76117a98fbeab5320d8b67d468e31,shanghai,ca2-ed09542f8921c91cd3ec,2024-04-24,XBridge,Logic Flaw,src/test/2024-04/XBridge_exp.sol,mainnet,https://github.com/SunWeb3Sec/DeFiHackLabs/blob/main/past/2024/README.md,frozen_public_source_hashed,db3b13fa1cbf75bffec4662240ebd762c5af6c92d2608b9aecde80a8d7802b08,70e2ab58742aaf9a4e662227327ef2ae7b16b5e08895955bd63d80b4c12066b9,[],[],">200k USD(plus a lot of STC, SRLTY, Mazi tokens)",exact_contract_basename,True,True,,,2024-04-24,,,,blocked_missing_onchain_and_availability_evidence,"[""missing:deployment_block"", ""missing:prediction_cutoff_block"", ""missing:source_availability_time"", ""missing:runtime_bytecode_hash_at_cutoff"", ""missing:outcome_adjudication_id""]",ethereum:0x47ddb6a433b76117a98fbeab5320d8b67d468e31,400bc8c79c99075763b6,,,,,not_resolved_requires_archive_rpc
idols_nft,defihacklabs,ethereum,21624138,0x439cac149b935ae1d726569800972e1669d17094,shanghai,ca2-5675dfa92c14429a4b9f,2025-01-14,IdolsNFT,Logic Flaw,src/test/2025-01/IdolsNFT_exp.sol,mainnet,https://github.com/SunWeb3Sec/DeFiHackLabs/blob/main/past/2025/README.md,frozen_public_source_hashed,d3b80fe4ed7198fc900616b269408c1d0485ef8f000f46d37adb75be862a4a9c,868b9be18a0789554d921c0844e28292c78530ef4c77e73c58e41c2895ef3742,"[""https://x.com/TenArmorAlert/status/1879376744161132981""]",[],97 stETH,exact_contract_basename,True,True,,,2025-01-14,,,,blocked_missing_onchain_and_availability_evidence,"[""missing:deployment_block"", ""missing:prediction_cutoff_block"", ""missing:source_availability_time"", ""missing:runtime_bytecode_hash_at_cutoff"", ""missing:outcome_adjudication_id""]",ethereum:0x439cac149b935ae1d726569800972e1669d17094,a40797cd0276a63291e7,,,,,not_resolved_requires_archive_rpc
j_pulsepot,defihacklabs,bsc,45640245,0x384b9fb6e42dab87f3023d87ea1575499a69998e,shanghai,ca2-bc3880c8e3766b6a9ca4,2025-01-10,JPulsepot,Logic Flaw,src/test/2025-01/JPulsepot_exp.sol,bsc,https://github.com/SunWeb3Sec/DeFiHackLabs/blob/main/past/2025/README.md,frozen_public_source_hashed,d3b80fe4ed7198fc900616b269408c1d0485ef8f000f46d37adb75be862a4a9c,3ee5050bda4d0e1f19bba7164803941d3b2da80284574919148fa049305d9bf3,"[""https://x.com/CertiKAlert/status/1877662352834793639""]",[],21.5K,exact_contract_basename,True,True,,,2025-01-10,,,,blocked_missing_onchain_and_availability_evidence,"[""missing:deployment_block"", ""missing:prediction_cutoff_block"", ""missing:source_availability_time"", ""missing:runtime_bytecode_hash_at_cutoff"", ""missing:outcome_adjudication_id""]",bsc:0x384b9fb6e42dab87f3023d87ea1575499a69998e,55370bba87bda27b030f,,,,,not_resolved_requires_archive_rpc
lp_mine,defihacklabs,bsc,45583892,0x6bbef6df8db12667ae88519090984e4f871e5feb,shanghai,ca2-969e97a830e1fdab4f58,2025-01-08,LPMine,Incorrect reward calculation,src/test/2025-01/LPMine.sol,bsc,https://github.com/SunWeb3Sec/DeFiHackLabs/blob/main/past/2025/README.md,frozen_public_source_hashed,d3b80fe4ed7198fc900616b269408c1d0485ef8f000f46d37adb75be862a4a9c,ec6abfb622ba7cade51ab49c3950a4d05f635e22cd6da425fb166d0a96b3ba0b,"[""https://x.com/TenArmorAlert/status/1877030261067571234""]",[],~24k USDT,exact_contract_basename,True,True,,,2025-01-08,,,,blocked_missing_onchain_and_availability_evidence,"[""missing:deployment_block"", ""missing:prediction_cutoff_block"", ""missing:source_availability_time"", ""missing:runtime_bytecode_hash_at_cutoff"", ""missing:outcome_adjudication_id""]",bsc:0x6bbef6df8db12667ae88519090984e4f871e5feb,02ed9d41235798b4b544,,,,,not_resolved_requires_archive_rpc
laura_token,defihacklabs,ethereum,21529887,0x05641e33fd15baf819729df55500b07b82eb8e89,shanghai,ca2-b47e7dc1b2b6c8992cce,2025-01-01,LAURAToken,Pair Balance Manipulation,src/test/2025-01/LAURAToken_exp.sol,mainnet,https://github.com/SunWeb3Sec/DeFiHackLabs/blob/main/past/2025/README.md,frozen_public_source_hashed,d3b80fe4ed7198fc900616b269408c1d0485ef8f000f46d37adb75be862a4a9c,72269dc14a594a1f4452e72d8ea001033d3f1be142f70f99b4027eafc10a0124,"[""https://x.com/TenArmorAlert/status/1874455664187023752""]",[],12.34 ETH (~$41.2K USD),exact_contract_basename,True,True,,,2025-01-01,,,,blocked_missing_onchain_and_availability_evidence,"[""missing:deployment_block"", ""missing:prediction_cutoff_block"", ""missing:source_availability_time"", ""missing:runtime_bytecode_hash_at_cutoff"", ""missing:outcome_adjudication_id""]",ethereum:0x05641e33fd15baf819729df55500b07b82eb8e89,ac5b9743be54dbce83da,,,,,not_resolved_requires_archive_rpc
mosca2,defihacklabs,bsc,45722243,0xd8791f0c10b831b605c5d48959eb763b266940b9,shanghai,ca2-b6847d12944e5dba551b,2025-01-13,Mosca2,Logic Flaw,src/test/2025-01/Mosca2_exp.sol,bsc,https://github.com/SunWeb3Sec/DeFiHackLabs/blob/main/past/2025/README.md,frozen_public_source_hashed,d3b80fe4ed7198fc900616b269408c1d0485ef8f000f46d37adb75be862a4a9c,70bb53ada5ecbb7f223462e11d68819d493a025d0fc4181128e2a89cfe49358b,"[""https://x.com/TenArmorAlert/status/1878699517450883407""]",[],37.6K,exact_contract_basename,True,True,,,2025-01-13,,,,blocked_missing_onchain_and_availability_evidence,"[""missing:deployment_block"", ""missing:prediction_cutoff_block"", ""missing:source_availability_time"", ""missing:runtime_bytecode_hash_at_cutoff"", ""missing:outcome_adjudication_id""]",bsc:0xd8791f0c10b831b605c5d48959eb763b266940b9,3683da19fa7c5d1b0095,,,,,not_resolved_requires_archive_rpc
roulette_pot_v2,defihacklabs,bsc,45668285,0xf573748637e0576387289f1914627d716927f90f,shanghai,ca2-53f0c0893c96da4fd077,2025-01-11,RoulettePotV2,Price Manipulation,src/test/2025-01/RoulettePotV2_exp.sol,bsc,https://github.com/SunWeb3Sec/DeFiHackLabs/blob/main/past/2025/README.md,frozen_public_source_hashed,d3b80fe4ed7198fc900616b269408c1d0485ef8f000f46d37adb75be862a4a9c,310131f5e2fe880e77c795bd5b8dd0eaf979778a71f68e90b67e1720c300dcb4,"[""https://x.com/TenArmorAlert/status/1878008055717376068""]",[],~28K,exact_contract_basename,True,True,,,2025-01-11,,,,blocked_missing_onchain_and_availability_evidence,"[""missing:deployment_block"", ""missing:prediction_cutoff_block"", ""missing:source_availability_time"", ""missing:runtime_bytecode_hash_at_cutoff"", ""missing:outcome_adjudication_id""]",bsc:0xf573748637e0576387289f1914627d716927f90f,90e0413aaea30ac61f9a,,,,,not_resolved_requires_archive_rpc
mosca,defihacklabs,bsc,45519929,0x1962b3356122d6a56f978e112d14f5e23a25037d,shanghai,ca2-786342530794b2d0e951,2025-01-06,Mosca,Logic Flaw,src/test/2025-01/Mosca_exp.sol,bsc,https://github.com/SunWeb3Sec/DeFiHackLabs/blob/main/past/2025/README.md,frozen_public_source_hashed,d3b80fe4ed7198fc900616b269408c1d0485ef8f000f46d37adb75be862a4a9c,031f9fa4dfe59c92fb254ee28043c78e1b726a847fbdbb7eb3339c96b1e6a2b5,[],[],19K,exact_contract_basename,True,True,,,2025-01-06,,,,blocked_missing_onchain_and_availability_evidence,"[""missing:deployment_block"", ""missing:prediction_cutoff_block"", ""missing:source_availability_time"", ""missing:runtime_bytecode_hash_at_cutoff"", ""missing:outcome_adjudication_id""]",bsc:0x1962b3356122d6a56f978e112d14f5e23a25037d,5722580e645cdbf54cc2,,,,,not_resolved_requires_archive_rpc
unilend,defihacklabs,ethereum,21608003,0x4e34dd25dbd367b1bf82e1b5527dbbe799fad0d0,shanghai,ca2-f2fdba3be5c566aed586,2025-01-12,Unilend,Logic Flaw,src/test/2025-01/Unilend_exp.sol,mainnet,https://github.com/SunWeb3Sec/DeFiHackLabs/blob/main/past/2025/README.md,frozen_public_source_hashed,d3b80fe4ed7198fc900616b269408c1d0485ef8f000f46d37adb75be862a4a9c,8b1235715702a6ae2a395a08d4488b218dabd360ec651856bf11719a1229d1e6,"[""https://slowmist.medium.com/analysis-of-the-unilend-hack-90022fa35a54""]",[],60 stETH,exact_contract_basename,True,True,,,2025-01-12,,,,blocked_missing_onchain_and_availability_evidence,"[""missing:deployment_block"", ""missing:prediction_cutoff_block"", ""missing:source_availability_time"", ""missing:runtime_bytecode_hash_at_cutoff"", ""missing:outcome_adjudication_id""]",ethereum:0x4e34dd25dbd367b1bf82e1b5527dbbe799fad0d0,faf4af72c4740a325cdb,,,,,not_resolved_requires_archive_rpc
sorra_staking,defihacklabs,ethereum,21450734,0x5d16b8ba2a9a4eca6126635a6ffbf05b52727d50,shanghai,ca2-fdd7dce161154c375fb2,2025-01-04,SorStaking,Incorrect reward calculation,src/test/2025-01/sorraStaking.sol,mainnet,https://github.com/SunWeb3Sec/DeFiHackLabs/blob/main/past/2025/README.md,frozen_public_source_hashed,d3b80fe4ed7198fc900616b269408c1d0485ef8f000f46d37adb75be862a4a9c,72a50ee9c275149333cffe99d7b140ed1c513f1e9e1e6e6dbf77a36c06971c18,"[""https://x.com/TenArmorAlert/status/1875582709512188394""]",[],～8 ETH,exact_contract_basename,True,True,,,2025-01-04,,,,blocked_missing_onchain_and_availability_evidence,"[""missing:deployment_block"", ""missing:prediction_cutoff_block"", ""missing:source_availability_time"", ""missing:runtime_bytecode_hash_at_cutoff"", ""missing:outcome_adjudication_id""]",ethereum:0x5d16b8ba2a9a4eca6126635a6ffbf05b52727d50,19a35e70116298f8272b,,,,,not_resolved_requires_archive_rpc
hegic_options,defihacklabs,ethereum,21912408,0x7094e706e75e13d1e0ea237f71a7c4511e9d270b,shanghai,ca2-4d6568a7691d786971d0,2025-02-23,HegicOptions,Business Logic Flaw,src/test/2025-02/HegicOptions_exp.sol,mainnet,https://github.com/SunWeb3Sec/DeFiHackLabs/blob/main/past/2025/README.md,frozen_public_source_hashed,d3b80fe4ed7198fc900616b269408c1d0485ef8f000f46d37adb75be862a4a9c,3c5be337e658080d19945815a4acf5adce8c404702901f9e3a3c48f7a173333c,[],[],~104M,exact_contract_basename,True,True,,,2025-02-23,,,,blocked_missing_onchain_and_availability_evidence,"[""missing:deployment_block"", ""missing:prediction_cutoff_block"", ""missing:source_availability_time"", ""missing:runtime_bytecode_hash_at_cutoff"", ""missing:outcome_adjudication_id""]",ethereum:0x7094e706e75e13d1e0ea237f71a7c4511e9d270b,380c9794e46e75332d07,,,,,not_resolved_requires_archive_rpc
bbx_token,defihacklabs,bsc,47626456,0x67ca347e7b9387af4e81c36cca4eaf080dcb33e9,shanghai,ca2-10778b0afde298700715,2025-03-20,BBXToken,Price Manipulation,src/test/2025-03/BBXToken_exp.sol,bsc,https://github.com/SunWeb3Sec/DeFiHackLabs/blob/main/past/2025/README.md,frozen_public_source_hashed,d3b80fe4ed7198fc900616b269408c1d0485ef8f000f46d37adb75be862a4a9c,7a596dfc7f7a7ad38424153f28bee003ce1597d2b2e33f59b7f5030d4d628d5d,"[""https://x.com/TenArmorAlert/status/1902651550733906379""]",[],11902 BUSD,exact_contract_basename,True,True,,,2025-03-20,,,,blocked_missing_onchain_and_availability_evidence,"[""missing:deployment_block"", ""missing:prediction_cutoff_block"", ""missing:source_availability_time"", ""missing:runtime_bytecode_hash_at_cutoff"", ""missing:outcome_adjudication_id""]",bsc:0x67ca347e7b9387af4e81c36cca4eaf080dcb33e9,8e630ccb7502de792e39,,,,,not_resolved_requires_archive_rpc
alkimiya_io,defihacklabs,ethereum,22146339,0xf3f84ce038442ae4c4dcb6a8ca8bacd7f28c9bde,shanghai,ca2-feebcd26919bea5b0014,2025-03-28,Alkimiya_IO,unsafecast,src/test/2025-03/Alkimiya_io_exp.sol,mainnet,https://github.com/SunWeb3Sec/DeFiHackLabs/blob/main/past/2025/README.md,frozen_public_source_hashed,d3b80fe4ed7198fc900616b269408c1d0485ef8f000f46d37adb75be862a4a9c,3fae7e8ac1496e86223530df97c7bc816a2095404217ea01bd2e6db853d4db42,"[""https://x.com/TenArmorAlert/status/1906371419807568119""]",[],~ 95.5 K (1.14015390 WBTC),exact_contract_basename,True,True,,,2025-03-28,,,,blocked_missing_onchain_and_availability_evidence,"[""missing:deployment_block"", ""missing:prediction_cutoff_block"", ""missing:source_availability_time"", ""missing:runtime_bytecode_hash_at_cutoff"", ""missing:outcome_adjudication_id""]",ethereum:0xf3f84ce038442ae4c4dcb6a8ca8bacd7f28c9bde,c5341f23165b84773e43,,,,,not_resolved_requires_archive_rpc
dcf_token,defihacklabs,bsc,44290969,0xa7e92345ddf541aa5cf60fee2a0e721c50ca1adb,shanghai,ca2-e92eb18ffd5cb5150b66,2025-03-18,DCFToken,Lack of Slippage Protection,src/test/2025-03/DCFToken_exp.sol,bsc,https://github.com/SunWeb3Sec/DeFiHackLabs/blob/main/past/2025/README.md,frozen_public_source_hashed,d3b80fe4ed7198fc900616b269408c1d0485ef8f000f46d37adb75be862a4a9c,2cceae84d4d22dec183db761411df55b7c469d510ece8fcd3fd55973d0b0a91b,"[""https://x.com/Phalcon_xyz/status/1860890801909190664""]",[],~442k,exact_contract_basename,True,True,,,2025-03-18,,,,blocked_missing_onchain_and_availability_evidence,"[""missing:deployment_block"", ""missing:prediction_cutoff_block"", ""missing:source_availability_time"", ""missing:runtime_bytecode_hash_at_cutoff"", ""missing:outcome_adjudication_id""]",bsc:0xa7e92345ddf541aa5cf60fee2a0e721c50ca1adb,f4f03648213b4f04b8ec,,,,,not_resolved_requires_archive_rpc
h2o,defihacklabs,bsc,47454898,0xe9c4d4f095c7943a9ef5ec01afd1385d011855a1,shanghai,ca2-3e63d905e3ed3178d5fb,2025-03-14,H2O,Weak Random Mint,src/test/2025-03/H2O_exp.sol,bsc,https://github.com/SunWeb3Sec/DeFiHackLabs/blob/main/past/2025/README.md,frozen_public_source_hashed,d3b80fe4ed7198fc900616b269408c1d0485ef8f000f46d37adb75be862a4a9c,e04619f112b171c057a18685bf25f254c2c0f75f4324ac7e0ef535c288b06430,"[""https://x.com/TenArmorAlert/status/1900525198157205692""]",[],22470 USD,exact_contract_basename,True,True,,,2025-03-14,,,,blocked_missing_onchain_and_availability_evidence,"[""missing:deployment_block"", ""missing:prediction_cutoff_block"", ""missing:source_availability_time"", ""missing:runtime_bytecode_hash_at_cutoff"", ""missing:outcome_adjudication_id""]",bsc:0xe9c4d4f095c7943a9ef5ec01afd1385d011855a1,63d4b799219fe462fc3b,,,,,not_resolved_requires_archive_rpc
one_inch_fusion_v1_settlement_hack,defihacklabs,ethereum,21982110,0xa88800cd213da5ae406ce248380802bd53b47647,shanghai,ca2-8e3ab047548dade505e8,2025-03-05,1inch FusionV1 Settlement,Arbitrary Yul Calldata,src/test/2025-03/OneInchFusionV1SettlementHack.sol,mainnet,https://github.com/SunWeb3Sec/DeFiHackLabs/blob/main/past/2025/README.md,frozen_public_source_hashed,d3b80fe4ed7198fc900616b269408c1d0485ef8f000f46d37adb75be862a4a9c,c0e73fc9ba355b62bc560d2500f911f82ebe98ec7f52c7207c5ac3be26e252b2,"[""https://blog.decurity.io/yul-calldata-corruption-1inch-postmortem-a7ea7a53bfd9""]",[],4.5M,exact_contract_basename,True,True,,,2025-03-05,,,,blocked_missing_onchain_and_availability_evidence,"[""missing:deployment_block"", ""missing:prediction_cutoff_block"", ""missing:source_availability_time"", ""missing:runtime_bytecode_hash_at_cutoff"", ""missing:outcome_adjudication_id""]",ethereum:0xa88800cd213da5ae406ce248380802bd53b47647,aa247bd961b996d673b8,,,,,not_resolved_requires_archive_rpc
uni,defihacklabs,ethereum,21992033,0x76ea342bc038d665e8a116392c82552d2605eda1,shanghai,ca2-55172a38bf64b74d8fd2,2025-03-07,UNI,Logic Flaw,src/test/2025-03/UNI_exp.sol,mainnet,https://github.com/SunWeb3Sec/DeFiHackLabs/blob/main/past/2025/README.md,frozen_public_source_hashed,d3b80fe4ed7198fc900616b269408c1d0485ef8f000f46d37adb75be862a4a9c,6b31614b83fddc60c8a340f80c4f42c9fd5b4bff989d430596b100e6397fa167,"[""https://x.com/CertiKAlert/status/1897973904653607330""]",[],~ $14K,exact_contract_basename,True,True,,,2025-03-07,,,,blocked_missing_onchain_and_availability_evidence,"[""missing:deployment_block"", ""missing:prediction_cutoff_block"", ""missing:source_availability_time"", ""missing:runtime_bytecode_hash_at_cutoff"", ""missing:outcome_adjudication_id""]",ethereum:0x76ea342bc038d665e8a116392c82552d2605eda1,4c7849e580b2e3a69eac,,,,,not_resolved_requires_archive_rpc
pump,defihacklabs,bsc,47169115,0x09762e00ce0de8211f7002f70759447b1f2b1892,shanghai,ca2-c0d0113d3c9a4aa47402,2025-03-04,Pump,Not Slippage Protection,src/test/2025-03/Pump_exp.sol,bsc,https://github.com/SunWeb3Sec/DeFiHackLabs/blob/main/past/2025/README.md,frozen_public_source_hashed,d3b80fe4ed7198fc900616b269408c1d0485ef8f000f46d37adb75be862a4a9c,fc2f2cdffec0ec51c4ae3a2e29e5deb1d0fce361ccb8fd7f569c0f526660743c,"[""https://x.com/TenArmorAlert/status/1897115993962635520""]",[],~ $6.4K,exact_contract_basename,True,True,,,2025-03-04,,,,blocked_missing_onchain_and_availability_evidence,"[""missing:deployment_block"", ""missing:prediction_cutoff_block"", ""missing:source_availability_time"", ""missing:runtime_bytecode_hash_at_cutoff"", ""missing:outcome_adjudication_id""]",bsc:0x09762e00ce0de8211f7002f70759447b1f2b1892,47549af732773ed1c7ec,,,,,not_resolved_requires_archive_rpc
yzi_ai_token,defihacklabs,bsc,47838544,0x7fdff64bf87bad52e6430bda30239bd182389ee3,shanghai,ca2-3ae6d0e93f222f7571b2,2025-03-27,YziAI,Rug Pull,src/test/2025-03/YziAIToken_exp.sol,bsc,https://github.com/SunWeb3Sec/DeFiHackLabs/blob/main/past/2025/README.md,frozen_public_source_hashed,d3b80fe4ed7198fc900616b269408c1d0485ef8f000f46d37adb75be862a4a9c,40b9f5217525ed17be6ee0941c1345c8f752f4d1dbf543b943c3d22018b74ecb,"[""https://x.com/TenArmorAlert/status/1905528525785805027""]",[],~ $239.4K,exact_contract_basename,True,True,,,2025-03-27,,,,blocked_missing_onchain_and_availability_evidence,"[""missing:deployment_block"", ""missing:prediction_cutoff_block"", ""missing:source_availability_time"", ""missing:runtime_bytecode_hash_at_cutoff"", ""missing:outcome_adjudication_id""]",bsc:0x7fdff64bf87bad52e6430bda30239bd182389ee3,e1449ddb805fec26f14a,,,,,not_resolved_requires_archive_rpc
btnft,defihacklabs,bsc,48472355,0x0fc91b6fea2e7a827a8c99c91101ed36c638521b,shanghai,ca2-c5014cea82de5130aa96,2025-04-18,BTNFT,Claim Rewards Without Protection,src/test/2025-04/BTNFT_exp.sol,bsc,https://github.com/SunWeb3Sec/DeFiHackLabs/blob/main/past/2025/README.md,frozen_public_source_hashed,d3b80fe4ed7198fc900616b269408c1d0485ef8f000f46d37adb75be862a4a9c,fa981b293f7e9d358d5a6f8216bfbd98bfe1b7ebf616d72d04b5e4e0fa161273,"[""https://x.com/TenArmorAlert/status/1913500336301502542""]",[],19025.9193312786235214 BUSD,exact_contract_basename,True,True,,,2025-04-18,,,,blocked_missing_onchain_and_availability_evidence,"[""missing:deployment_block"", ""missing:prediction_cutoff_block"", ""missing:source_availability_time"", ""missing:runtime_bytecode_hash_at_cutoff"", ""missing:outcome_adjudication_id""]",bsc:0x0fc91b6fea2e7a827a8c99c91101ed36c638521b,3ba11125d932a8fa1657,,,,,not_resolved_requires_archive_rpc
lifeprotocol,defihacklabs,bsc,48703545,0x42e2773508e2ae8ff9434bea599812e28449e2cd,shanghai,ca2-b917178685db1ed39d90,2025-04-26,Lifeprotocol,Price Manipulation,src/test/2025-04/Lifeprotocol_exp.sol,bsc,https://github.com/SunWeb3Sec/DeFiHackLabs/blob/main/past/2025/README.md,frozen_public_source_hashed,d3b80fe4ed7198fc900616b269408c1d0485ef8f000f46d37adb75be862a4a9c,e1faccda5bff74461c84c1bfde7a75781382f17ee9699a67d98ca046abda2277,"[""https://x.com/TenArmorAlert/status/1916312483792408688""]",[],15114 BUSD,exact_contract_basename,True,True,,,2025-04-26,,,,blocked_missing_onchain_and_availability_evidence,"[""missing:deployment_block"", ""missing:prediction_cutoff_block"", ""missing:source_availability_time"", ""missing:runtime_bytecode_hash_at_cutoff"", ""missing:outcome_adjudication_id""]",bsc:0x42e2773508e2ae8ff9434bea599812e28449e2cd,a8088caccd9e9d49eed7,,,,,not_resolved_requires_archive_rpc
w_key_dao,defihacklabs,bsc,47469059,0xd511096a73292a7419a94354d4c1c73e8a3cd851,shanghai,ca2-f359ea85ce584fc54da1,2025-03-16,wKeyDAO,unprotected function,src/test/2025-03/wKeyDAO_exp.sol,bsc,https://github.com/SunWeb3Sec/DeFiHackLabs/blob/main/past/2025/README.md,frozen_public_source_hashed,d3b80fe4ed7198fc900616b269408c1d0485ef8f000f46d37adb75be862a4a9c,08b9cc6c8bbb81a82d7e3a613773bb8c5d1e9753e406079010d28524e7504c0d,"[""https://x.com/Phalcon_xyz/status/1900809936906711549""]",[],"737,000",exact_contract_basename,True,True,,,2025-03-16,,,,blocked_missing_onchain_and_availability_evidence,"[""missing:deployment_block"", ""missing:prediction_cutoff_block"", ""missing:source_availability_time"", ""missing:runtime_bytecode_hash_at_cutoff"", ""missing:outcome_adjudication_id""]",bsc:0xd511096a73292a7419a94354d4c1c73e8a3cd851,882dfbda81806afccdbb,,,,,not_resolved_requires_archive_rpc
irys_ai,defihacklabs,bsc,49994891,0x746727fc8212ed49510a2cb81ab0486ee6954444,shanghai,ca2-f1d9fe96345245fcc08f,2025-05-20,IRYSAI,rug pull,src/test/2025-05/IRYSAI_exp.sol,bsc,https://github.com/SunWeb3Sec/DeFiHackLabs/blob/main/past/2025/README.md,frozen_public_source_hashed,d3b80fe4ed7198fc900616b269408c1d0485ef8f000f46d37adb75be862a4a9c,2c35d2c1397633cd9944e9d941c9f3aeec3f392166f4f97eb8f3f517a4c6841a,"[""https://x.com/TenArmorAlert/status/1925012844052975776""]",[],69.6K USD,exact_contract_basename,True,True,,,2025-05-20,,,,blocked_missing_onchain_and_availability_evidence,"[""missing:deployment_block"", ""missing:prediction_cutoff_block"", ""missing:source_availability_time"", ""missing:runtime_bytecode_hash_at_cutoff"", ""missing:outcome_adjudication_id""]",bsc:0x746727fc8212ed49510a2cb81ab0486ee6954444,3a8258b8fc1ba151c56d,,,,,not_resolved_requires_archive_rpc
krc_token_pair,defihacklabs,bsc,49875423,0xdbead75d3610209a093af1d46d5296bbeffd53f5,shanghai,ca2-30c70897da96155884e4,2025-05-18,KRC,deflationary token,src/test/2025-05/KRCToken_pair_exp.sol,bsc,https://github.com/SunWeb3Sec/DeFiHackLabs/blob/main/past/2025/README.md,frozen_public_source_hashed,d3b80fe4ed7198fc900616b269408c1d0485ef8f000f46d37adb75be862a4a9c,68ca49b7b394795a6e23aa81647e2241177135da090857b73976cd82755e9263,"[""https://x.com/CertikAIAgent/status/1924280794916536765""]",[],7k USD,exact_contract_basename,True,True,,,2025-05-18,,,,blocked_missing_onchain_and_availability_evidence,"[""missing:deployment_block"", ""missing:prediction_cutoff_block"", ""missing:source_availability_time"", ""missing:runtime_bytecode_hash_at_cutoff"", ""missing:outcome_adjudication_id""]",bsc:0xdbead75d3610209a093af1d46d5296bbeffd53f5,d4cf59f7cc53a20d6b4a,,,,,not_resolved_requires_archive_rpc
ydt_token,defihacklabs,bsc,50273545,0x3612e4cb34617bcac849add27366d8d85c102efd,shanghai,ca2-8025fde6af4409634631,2025-05-26,YDT,Logic Flaw,src/test/2025-05/YDTtoken_exp.sol,bsc,https://github.com/SunWeb3Sec/DeFiHackLabs/blob/main/past/2025/README.md,frozen_public_source_hashed,d3b80fe4ed7198fc900616b269408c1d0485ef8f000f46d37adb75be862a4a9c,ff0f4c88f1d45384f5f7b78f1a8b7831af818f893dda537f8fbba0c6d087ca8b,"[""https://x.com/TenArmorAlert/status/1926587721885040686""]",[],41k USD,exact_contract_basename,True,True,,,2025-05-26,,,,blocked_missing_onchain_and_availability_evidence,"[""missing:deployment_block"", ""missing:prediction_cutoff_block"", ""missing:source_availability_time"", ""missing:runtime_bytecode_hash_at_cutoff"", ""missing:outcome_adjudication_id""]",bsc:0x3612e4cb34617bcac849add27366d8d85c102efd,520e1696475acbe1a854,,,,,not_resolved_requires_archive_rpc
aave_boost,defihacklabs,ethereum,22685443,0xd2933c86216dc0c938ffafeca3c8a2d6e633e2ca,shanghai,ca2-3c88785c0f3b4867d7f4,2025-06-12,AAVEBoost,Logic Flaw,src/test/2025-06/AAVEBoost_exp.sol,mainnet,https://github.com/SunWeb3Sec/DeFiHackLabs/blob/main/past/2025/README.md,frozen_public_source_hashed,d3b80fe4ed7198fc900616b269408c1d0485ef8f000f46d37adb75be862a4a9c,74d7d330347502a2dbcdfaaddd850f3ae98c9dc9429a81679f2c8c859b27dd69,"[""https://x.com/CertiKAlert/status/1933011428157563188""]",[],14.8K USD,exact_contract_basename,True,True,,,2025-06-12,,,,blocked_missing_onchain_and_availability_evidence,"[""missing:deployment_block"", ""missing:prediction_cutoff_block"", ""missing:source_availability_time"", ""missing:runtime_bytecode_hash_at_cutoff"", ""missing:outcome_adjudication_id""]",ethereum:0xd2933c86216dc0c938ffafeca3c8a2d6e633e2ca,a6ab833d516e8c11457a,,,,,not_resolved_requires_archive_rpc
usual_money,defihacklabs,ethereum,22575929,0x35d8949372d46b7a3d5a56006ae77b215fc69bc0,shanghai,ca2-5168eea9714e081f78ad,2025-05-27,UsualMoney,Arbitrage,src/test/2025-05/UsualMoney_exp.sol,mainnet,https://github.com/SunWeb3Sec/DeFiHackLabs/blob/main/past/2025/README.md,frozen_public_source_hashed,d3b80fe4ed7198fc900616b269408c1d0485ef8f000f46d37adb75be862a4a9c,34ef2701e724d343ca2baba110514c4767a6eed9978461500dde7c8d7f3f17b7,"[""https://x.com/BlockSecTeam/status/1927601457815040283""]",[],43k USD,exact_contract_basename,True,True,,,2025-05-27,,,,blocked_missing_onchain_and_availability_evidence,"[""missing:deployment_block"", ""missing:prediction_cutoff_block"", ""missing:source_availability_time"", ""missing:runtime_bytecode_hash_at_cutoff"", ""missing:outcome_adjudication_id""]",ethereum:0x35d8949372d46b7a3d5a56006ae77b215fc69bc0,719b0df1146c76c0eecb,,,,,not_resolved_requires_archive_rpc
bankroll_network,defihacklabs,bsc,51715417,0xadefb902cab716b8043c5231ae9a50b8b4ee7c4e,shanghai,ca2-98b03a49b7d20591238a,2025-06-19,BankrollNetwork,Incorrect dividends calculation,src/test/2025-06/BankrollNetwork_exp.sol,bsc,https://github.com/SunWeb3Sec/DeFiHackLabs/blob/main/past/2025/README.md,frozen_public_source_hashed,d3b80fe4ed7198fc900616b269408c1d0485ef8f000f46d37adb75be862a4a9c,327bf3cd443ea430ba68422dbd8cc422628addaca9efbdca3694a975b09c4cd1,"[""https://x.com/TenArmorAlert/status/1935618109802459464""]",[],24.5 WBNB,frozen_date_override,True,True,,,2025-06-19,,,,blocked_missing_onchain_and_availability_evidence,"[""missing:deployment_block"", ""missing:prediction_cutoff_block"", ""missing:source_availability_time"", ""missing:runtime_bytecode_hash_at_cutoff"", ""missing:outcome_adjudication_id""]",bsc:0xadefb902cab716b8043c5231ae9a50b8b4ee7c4e,c6efac0a71aaa4d4a1d9,,,,,not_resolved_requires_archive_rpc
bankroll_stack,defihacklabs,bsc,51698203,0x16d0a151297a0393915239373897bcc955882110,shanghai,ca2-76efd7743f4d9234ff8d,2025-06-19,BankrollStack,Incorrect dividends calculation,src/test/2025-06/BankrollStack_exp.sol,bsc,https://github.com/SunWeb3Sec/DeFiHackLabs/blob/main/past/2025/README.md,frozen_public_source_hashed,d3b80fe4ed7198fc900616b269408c1d0485ef8f000f46d37adb75be862a4a9c,e91a6652ba97314bbdc6d92f2eccd85dd7bf20be172d47ca45491c3c72d2e58c,[],[],5k USD,exact_contract_basename,True,True,,,2025-06-19,,,,blocked_missing_onchain_and_availability_evidence,"[""missing:deployment_block"", ""missing:prediction_cutoff_block"", ""missing:source_availability_time"", ""missing:runtime_bytecode_hash_at_cutoff"", ""missing:outcome_adjudication_id""]",bsc:0x16d0a151297a0393915239373897bcc955882110,38cf3a3113fcb0b59892,,,,,not_resolved_requires_archive_rpc
gangsterfinance,defihacklabs,bsc,51782712,0xe968d2e4adc89609773571301abec3399d163c3b,shanghai,ca2-a5e7a267cfa0aa860481,2025-06-20,Gangsterfinance,Incorrect dividends,src/test/2025-06/Gangsterfinance.sol,bsc,https://github.com/SunWeb3Sec/DeFiHackLabs/blob/main/past/2025/README.md,frozen_public_source_hashed,d3b80fe4ed7198fc900616b269408c1d0485ef8f000f46d37adb75be862a4a9c,baa0f2c2134ef6738578bf18ceb471d7dd9687170ab7de7fa6f360562b45ea6e,"[""https://t.me/defimon_alerts/1323""]",[],16.5k USD,exact_contract_basename,True,True,,,2025-06-20,,,,blocked_missing_onchain_and_availability_evidence,"[""missing:deployment_block"", ""missing:prediction_cutoff_block"", ""missing:source_availability_time"", ""missing:runtime_bytecode_hash_at_cutoff"", ""missing:outcome_adjudication_id""]",bsc:0xe968d2e4adc89609773571301abec3399d163c3b,80344ddc279087b4a1fe,,,,,not_resolved_requires_archive_rpc
gradient_maker_pool,defihacklabs,ethereum,22765113,0x37ea5f691bce8459c66ffceeb9cf34ffa32fdadc,shanghai,ca2-7a492e8008e940fab9d5,2025-06-23,GradientMakerPool,Price Oracle Manipulation,src/test/2025-06/GradientMakerPool_exp.sol,mainnet,https://github.com/SunWeb3Sec/DeFiHackLabs/blob/main/past/2025/README.md,frozen_public_source_hashed,d3b80fe4ed7198fc900616b269408c1d0485ef8f000f46d37adb75be862a4a9c,80325a42bce63c4a8d42c098e71f7c71997a99f0bfd6283a04966b1ae295d8e1,"[""https://t.me/defimon_alerts/1339""]",[],5k USD,exact_contract_basename,True,True,,,2025-06-23,,,,blocked_missing_onchain_and_availability_evidence,"[""missing:deployment_block"", ""missing:prediction_cutoff_block"", ""missing:source_availability_time"", ""missing:runtime_bytecode_hash_at_cutoff"", ""missing:outcome_adjudication_id""]",ethereum:0x37ea5f691bce8459c66ffceeb9cf34ffa32fdadc,42351d1870760672b2ae,,,,,not_resolved_requires_archive_rpc
resupply_fi,defihacklabs,ethereum,22785460,0x6e90c85a495d54c6d7e1f3400fef1f6e59f86bd6,cancun,ca2-f85fa30e6947a150b2f8,2025-06-26,ResupplyFi,Share price manipulation,src/test/2025-06/ResupplyFi_exp.sol,mainnet,https://github.com/SunWeb3Sec/DeFiHackLabs/blob/main/past/2025/README.md,frozen_public_source_hashed,d3b80fe4ed7198fc900616b269408c1d0485ef8f000f46d37adb75be862a4a9c,37ec9d57ee20099707c557a21daf7c4dadd7235e6de1408b9b96cb980421696c,"[""https://x.com/ResupplyFi/status/1938927974272938420""]",[],9.6M USD,exact_contract_basename,True,True,,,2025-06-26,,,,blocked_missing_onchain_and_availability_evidence,"[""missing:deployment_block"", ""missing:prediction_cutoff_block"", ""missing:source_availability_time"", ""missing:runtime_bytecode_hash_at_cutoff"", ""missing:outcome_adjudication_id""]",ethereum:0x6e90c85a495d54c6d7e1f3400fef1f6e59f86bd6,78c7506a4b07b907190f,,,,,not_resolved_requires_archive_rpc
fpc,defihacklabs,bsc,52624700,0xb192d4a737430aa61cea4ce9bfb6432f7d42592f,shanghai,ca2-8a1aed9c839187cc890c,2025-07-02,FPC,Logic Flaw,src/test/2025-07/FPC_exp.sol,bsc,https://github.com/SunWeb3Sec/DeFiHackLabs/blob/main/past/2025/README.md,frozen_public_source_hashed,d3b80fe4ed7198fc900616b269408c1d0485ef8f000f46d37adb75be862a4a9c,faab9558aca606fac98dead93ef37b59a55acdf63bf0fe991966e4fd88cfc60e,"[""https://x.com/TenArmorAlert/status/1940423393880244327""]",[],4.7M USDT,exact_contract_basename,True,True,,,2025-07-02,,,,blocked_missing_onchain_and_availability_evidence,"[""missing:deployment_block"", ""missing:prediction_cutoff_block"", ""missing:source_availability_time"", ""missing:runtime_bytecode_hash_at_cutoff"", ""missing:outcome_adjudication_id""]",bsc:0xb192d4a737430aa61cea4ce9bfb6432f7d42592f,e02663a9361a7c8bc57c,,,,,not_resolved_requires_archive_rpc
meta_pool,defihacklabs,ethereum,22722910,0x48afbbd342f64ef8a9ab1c143719b63c2ad81710,shanghai,ca2-aa4fa44d86c046a9915f,2025-06-17,MetaPool,Access Control,src/test/2025-06/MetaPool_exp.sol,mainnet,https://github.com/SunWeb3Sec/DeFiHackLabs/blob/main/past/2025/README.md,frozen_public_source_hashed,d3b80fe4ed7198fc900616b269408c1d0485ef8f000f46d37adb75be862a4a9c,6488e54ab448d35c1cc6772ca8b9c354721cba5273631dc569eed1b1c0d9e0f2,"[""https://x.com/peckshield/status/1934895187102454206""]",[],25k USD,exact_contract_basename,True,True,,,2025-06-17,,,,blocked_missing_onchain_and_availability_evidence,"[""missing:deployment_block"", ""missing:prediction_cutoff_block"", ""missing:source_availability_time"", ""missing:runtime_bytecode_hash_at_cutoff"", ""missing:outcome_adjudication_id""]",ethereum:0x48afbbd342f64ef8a9ab1c143719b63c2ad81710,b868d183d9f9d637ac35,,,,,not_resolved_requires_archive_rpc
multicall_with_eth,defihacklabs,bsc,55371342,0x3da0f00d5c4e544924bc7282e18497c4a4c92046,shanghai,ca2-c6f760eb216df807a29b,2025-07-26,MulticallWithETH,arbitrary-call,src/test/2025-07/MulticallWithETH_exp.sol,bsc,https://github.com/SunWeb3Sec/DeFiHackLabs/blob/main/past/2025/README.md,frozen_public_source_hashed,d3b80fe4ed7198fc900616b269408c1d0485ef8f000f46d37adb75be862a4a9c,22e73698911b6cd456118a566e0b5ddece2b9e7defebea99680701d9070d7e2b,[],[],10K USD,exact_contract_basename,True,True,,,2025-07-26,,,,blocked_missing_onchain_and_availability_evidence,"[""missing:deployment_block"", ""missing:prediction_cutoff_block"", ""missing:source_availability_time"", ""missing:runtime_bytecode_hash_at_cutoff"", ""missing:outcome_adjudication_id""]",bsc:0x3da0f00d5c4e544924bc7282e18497c4a4c92046,4288dfb651927203059b,,,,,not_resolved_requires_archive_rpc
rant_token,defihacklabs,bsc,52974381,0xc321ac21a07b3d593b269acdace69c3762ca2dd0,shanghai,ca2-b89108fafba359a9828c,2025-07-05,RANT,Logic Flaw,src/test/2025-07/RANTToken_exp.sol,bsc,https://github.com/SunWeb3Sec/DeFiHackLabs/blob/main/past/2025/README.md,frozen_public_source_hashed,d3b80fe4ed7198fc900616b269408c1d0485ef8f000f46d37adb75be862a4a9c,42c9dfc3539948eff7d589cd59d879163020e3d8462343776b80b42f9329b4cc,"[""https://x.com/AgentLISA_ai/status/1942162643437203531"", ""https://x.com/Phalcon_xyz/status/1941788315549946225""]",[],~ $204K,exact_contract_basename,True,True,,,2025-07-05,,,,blocked_missing_onchain_and_availability_evidence,"[""missing:deployment_block"", ""missing:prediction_cutoff_block"", ""missing:source_availability_time"", ""missing:runtime_bytecode_hash_at_cutoff"", ""missing:outcome_adjudication_id""]",bsc:0xc321ac21a07b3d593b269acdace69c3762ca2dd0,c3d904d3c508f6268648,,,,,not_resolved_requires_archive_rpc
swapp_staking,defihacklabs,ethereum,22957532,0x245a551ee0f55005e510b239c917fa34b41b3461,shanghai,ca2-01398b37f50bcbb8adc6,2025-07-24,SWAPPStaking,Incorrect Reward calculation,src/test/2025-07/SWAPPStaking_exp.sol,mainnet,https://github.com/SunWeb3Sec/DeFiHackLabs/blob/main/past/2025/README.md,frozen_public_source_hashed,d3b80fe4ed7198fc900616b269408c1d0485ef8f000f46d37adb75be862a4a9c,e97c7209a78e10c67dc32776dab9db5078811a1918f43419341b3bb935852e2c,"[""https://x.com/deeberiroz/status/1947213692220710950""]",[],"$32,196.28",exact_contract_basename,True,True,,,2025-07-24,,,,blocked_missing_onchain_and_availability_evidence,"[""missing:deployment_block"", ""missing:prediction_cutoff_block"", ""missing:source_availability_time"", ""missing:runtime_bytecode_hash_at_cutoff"", ""missing:outcome_adjudication_id""]",ethereum:0x245a551ee0f55005e510b239c917fa34b41b3461,f6a818f16ecf002531f1,,,,,not_resolved_requires_archive_rpc
stepp2p,defihacklabs,bsc,54653986,0x99855380e5f48db0a6babeae312b80885a816dce,shanghai,ca2-ca16a95de7b24c723e35,2025-07-20,Stepp2p,Logic Flaw,src/test/2025-07/Stepp2p_exp.sol,bsc,https://github.com/SunWeb3Sec/DeFiHackLabs/blob/main/past/2025/README.md,frozen_public_source_hashed,d3b80fe4ed7198fc900616b269408c1d0485ef8f000f46d37adb75be862a4a9c,85cc9dd27d13f97d2ca212b7c15e4cabaf13a6c77ae2e6c65ddda9ffdc2668f2,"[""https://x.com/TenArmorAlert/status/1946887946877149520""]",[],43k USD,exact_contract_basename,True,True,,,2025-07-20,,,,blocked_missing_onchain_and_availability_evidence,"[""missing:deployment_block"", ""missing:prediction_cutoff_block"", ""missing:source_availability_time"", ""missing:runtime_bytecode_hash_at_cutoff"", ""missing:outcome_adjudication_id""]",bsc:0x99855380e5f48db0a6babeae312b80885a816dce,61a7b8fc9060910c2395,,,,,not_resolved_requires_archive_rpc
abcc_app,defihacklabs,bsc,58615054,0x1bc016c00f8d603c41a582d5da745905b9d034e5,shanghai,ca2-7727ada64ae1e882eaac,2025-08-23,ABCCApp,Lack of Access Control,src/test/2025-08/ABCCApp_exp.sol,bsc,https://github.com/SunWeb3Sec/DeFiHackLabs/blob/main/past/2025/README.md,frozen_public_source_hashed,d3b80fe4ed7198fc900616b269408c1d0485ef8f000f46d37adb75be862a4a9c,191c4358b620a824bc91ec0f61d42b889fcd1400d64dc9304649c348cc66ed08,"[""https://x.com/TenArmorAlert/status/1959457212914352530""]",[],~ $10.1K,exact_contract_basename,True,True,,,2025-08-23,,,,blocked_missing_onchain_and_availability_evidence,"[""missing:deployment_block"", ""missing:prediction_cutoff_block"", ""missing:source_availability_time"", ""missing:runtime_bytecode_hash_at_cutoff"", ""missing:outcome_adjudication_id""]",bsc:0x1bc016c00f8d603c41a582d5da745905b9d034e5,687132a78db00d99bb8e,,,,,not_resolved_requires_archive_rpc
grizzifi,defihacklabs,bsc,57478533,0x21ab8943380b752306abf4d49c203b011a89266b,shanghai,ca2-ce552f38ab8199ed551d,2025-08-13,Grizzifi,Logic Flaw,src/test/2025-08/Grizzifi_exp.sol,bsc,https://github.com/SunWeb3Sec/DeFiHackLabs/blob/main/past/2025/README.md,frozen_public_source_hashed,d3b80fe4ed7198fc900616b269408c1d0485ef8f000f46d37adb75be862a4a9c,a4ea865cb526c45e99f892fe9bc81a317a3e5ac8f59714be222a1511c830cd2a,"[""https://x.com/MetaTrustAlert/status/1955967862276829375""]",[],61k USD,exact_contract_basename,True,True,,,2025-08-13,,,,blocked_missing_onchain_and_availability_evidence,"[""missing:deployment_block"", ""missing:prediction_cutoff_block"", ""missing:source_availability_time"", ""missing:runtime_bytecode_hash_at_cutoff"", ""missing:outcome_adjudication_id""]",bsc:0x21ab8943380b752306abf4d49c203b011a89266b,535646214fb89b44a04d,,,,,not_resolved_requires_archive_rpc
hexotic,defihacklabs,ethereum,23260640,0x204b937feaec333e9e6d72d35f1d131f187ecea1,shanghai,ca2-ba88d4267adf9e3ccd48,2025-08-31,Hexotic,Incorrect Input Validation,src/test/2025-08/Hexotic_exp.sol,mainnet,https://github.com/SunWeb3Sec/DeFiHackLabs/blob/main/past/2025/README.md,frozen_public_source_hashed,d3b80fe4ed7198fc900616b269408c1d0485ef8f000f46d37adb75be862a4a9c,03be5bc6713f79673187842cfba7e4e83a030915ca5a31d8ab02bc52cfc8fe6f,"[""https://t.me/defimon_alerts/1757""]",[],500 USD,exact_contract_basename,True,True,,,2025-08-31,,,,blocked_missing_onchain_and_availability_evidence,"[""missing:deployment_block"", ""missing:prediction_cutoff_block"", ""missing:source_availability_time"", ""missing:runtime_bytecode_hash_at_cutoff"", ""missing:outcome_adjudication_id""]",ethereum:0x204b937feaec333e9e6d72d35f1d131f187ecea1,3d289efcd1a4ffa5713f,,,,,not_resolved_requires_archive_rpc
multicall_with_xera,defihacklabs,bsc,58269337,0xca11bde05977b3631167028862be2a173976ca11,shanghai,ca2-3b5e98c9b74a83f683a0,2025-08-20,MulticallWithXera,Access Control,src/test/2025-08/MulticallWithXera_exp.sol,bsc,https://github.com/SunWeb3Sec/DeFiHackLabs/blob/main/past/2025/README.md,frozen_public_source_hashed,d3b80fe4ed7198fc900616b269408c1d0485ef8f000f46d37adb75be862a4a9c,287791b78eeddaf68d34134a19dbe1ed0aa6b70e77643c02c89aaef1b44370a4,"[""https://x.com/TenArmorAlert/status/1958354933247590450""]",[],17k USD,exact_contract_basename,True,True,,,2025-08-20,,,,blocked_missing_onchain_and_availability_evidence,"[""missing:deployment_block"", ""missing:prediction_cutoff_block"", ""missing:source_availability_time"", ""missing:runtime_bytecode_hash_at_cutoff"", ""missing:outcome_adjudication_id""]",bsc:0xca11bde05977b3631167028862be2a173976ca11,a5adf638567f7983ddf6,,,,,not_resolved_requires_archive_rpc
pdz,defihacklabs,bsc,57744490,0x664201579057f50d23820d20558f4b61bd80bdda,shanghai,ca2-fe0426b19503c34e1f18,2025-08-15,PDZ,Price Manipulation,src/test/2025-08/PDZ_exp.sol,bsc,https://github.com/SunWeb3Sec/DeFiHackLabs/blob/main/past/2025/README.md,frozen_public_source_hashed,d3b80fe4ed7198fc900616b269408c1d0485ef8f000f46d37adb75be862a4a9c,14d7899b0f759905857996a3f567b9eeb968588de7966661cd6cd811fcda2087,"[""https://x.com/tikkalaresearch/status/1957500585965678828""]",[],3.3 BNB,exact_contract_basename,True,True,,,2025-08-15,,,,blocked_missing_onchain_and_availability_evidence,"[""missing:deployment_block"", ""missing:prediction_cutoff_block"", ""missing:source_availability_time"", ""missing:runtime_bytecode_hash_at_cutoff"", ""missing:outcome_adjudication_id""]",bsc:0x664201579057f50d23820d20558f4b61bd80bdda,ad87d23735b68421437c,,,,,not_resolved_requires_archive_rpc
size_credit,defihacklabs,ethereum,23145763,0xf4a21ac7e51d17a0e1c8b59f7a98bb7a97806f14,shanghai,ca2-92a135a9bdbd676ee494,2025-08-15,SizeCredit,Access Control,src/test/2025-08/SizeCredit_exp.sol,mainnet,https://github.com/SunWeb3Sec/DeFiHackLabs/blob/main/past/2025/README.md,frozen_public_source_hashed,d3b80fe4ed7198fc900616b269408c1d0485ef8f000f46d37adb75be862a4a9c,a0697c79c1d7b372a44805a85ce7b120686e946caca56e5748b803be2c328244,"[""https://x.com/SuplabsYi/status/1956306748073230785""]",[],19.7k USD,exact_contract_basename,True,True,,,2025-08-15,,,,blocked_missing_onchain_and_availability_evidence,"[""missing:deployment_block"", ""missing:prediction_cutoff_block"", ""missing:source_availability_time"", ""missing:runtime_bytecode_hash_at_cutoff"", ""missing:outcome_adjudication_id""]",ethereum:0xf4a21ac7e51d17a0e1c8b59f7a98bb7a97806f14,d6f52bf81e97f4b9537f,,,,,not_resolved_requires_archive_rpc
mim_spell3,defihacklabs,ethereum,23504544,0x46f54d434063e5f1a2b2cc6d9aaa657b1b9ff82c,shanghai,ca2-e24739584c716694ba60,2025-10-04,MIMSpell3,Bypassed Insolvency Check,src/test/2025-10/MIMSpell3_exp.sol,mainnet,https://github.com/SunWeb3Sec/DeFiHackLabs/blob/main/past/2025/README.md,frozen_public_source_hashed,d3b80fe4ed7198fc900616b269408c1d0485ef8f000f46d37adb75be862a4a9c,9350c2c30f8f0aeeb3861f0101447586179cc71daacffb0b5af0b336f6a0918b,"[""https://x.com/Phalcon_xyz/status/1974532815208485102""]",[],1.7M USD,exact_contract_basename,True,True,,,2025-10-04,,,,blocked_missing_onchain_and_availability_evidence,"[""missing:deployment_block"", ""missing:prediction_cutoff_block"", ""missing:source_availability_time"", ""missing:runtime_bytecode_hash_at_cutoff"", ""missing:outcome_adjudication_id""]",ethereum:0x46f54d434063e5f1a2b2cc6d9aaa657b1b9ff82c,ae89d29c3f493634998b,,,,,not_resolved_requires_archive_rpc
prxvt,defihacklabs,base,40229652,0xdac30a5e2612206e2756836ed6764ec5817e6fff,cancun,ca2-5283fda6a42b6b876dbb,2026-01-01,PRXVT,Bussiness Logic Flaw,src/test/2022-07/Audius_exp.sol,base,https://github.com/SunWeb3Sec/DeFiHackLabs/blob/main/README.md,frozen_public_source_hashed,295e8ad6c3709d47a0489069bf9c7b1da50ff4d5b0e5c255dab0127f208db5c3,57697fd15baa86700a16f2b49bb8ec5426225bf76709ec9ae98bebd29b40cd64,"[""https://book.getfoundry.sh/forge/gas-reports"", ""https://github.com/SunWeb3Sec/DeFiLabs"", ""https://github.com/SunWeb3Sec/DeFiVulnLabs"", ""https://github.com/cgewecke/hardhat-gas-reporter"", ""https://x.com/CertiKAlert/status/2006685174587605315""]",[],32.8 ETH,exact_contract_basename,True,True,,,2026-01-01,,,,blocked_missing_onchain_and_availability_evidence,"[""missing:deployment_block"", ""missing:prediction_cutoff_block"", ""missing:source_availability_time"", ""missing:runtime_bytecode_hash_at_cutoff"", ""missing:outcome_adjudication_id""]",base:0xdac30a5e2612206e2756836ed6764ec5817e6fff,0924cc4822aaa6bf6f5f,,,,,not_resolved_requires_archive_rpc
truebit,defihacklabs,ethereum,24191018,0x764c64b2a09b09acb100b80d8c505aa6a0302ef2,cancun,ca2-610c56fd6c594f9c9f90,2026-01-09,Truebit,OverFlow,src/test/2026-01/Truebit_exp.sol,mainnet,https://github.com/SunWeb3Sec/DeFiHackLabs/blob/main/README.md,frozen_public_source_hashed,295e8ad6c3709d47a0489069bf9c7b1da50ff4d5b0e5c255dab0127f208db5c3,669c6b7030c49f285a5bb75c3e322a01c790aefa74c7227262a115eff585e049,"[""https://www.certik.com/zh-CN/resources/blog/truebit-incident-analysis""]",[],8540ETH,exact_contract_basename,True,True,,,2026-01-09,,,,blocked_missing_onchain_and_availability_evidence,"[""missing:deployment_block"", ""missing:prediction_cutoff_block"", ""missing:source_availability_time"", ""missing:runtime_bytecode_hash_at_cutoff"", ""missing:outcome_adjudication_id""]",ethereum:0x764c64b2a09b09acb100b80d8c505aa6a0302ef2,35e83a94119d215cd7b2,,,,,not_resolved_requires_archive_rpc
mttoken,defihacklabs,bsc,74937079,0x2f3f25046ea518d1e524b8fb6147c656d6722ced,cancun,ca2-0a80356999aee511c6c7,2026-01-12,MTToken,Incorrect Fee Logic,src/test/2026-01/MTToken_exp.sol,bsc,https://github.com/SunWeb3Sec/DeFiHackLabs/blob/main/README.md,frozen_public_source_hashed,295e8ad6c3709d47a0489069bf9c7b1da50ff4d5b0e5c255dab0127f208db5c3,8b426ae0f356aa0cf3a92e974c64cd9e0e5ab0c4f7d085c257c4fde313396aa4,"[""https://x.com/TenArmorAlert/status/2010630024274010460?s=20"", ""https://x.com/nn0b0dyyy/status/2010638145155661942?s=20""]",[],37K USD,exact_contract_basename,True,True,,,2026-01-12,,,,blocked_missing_onchain_and_availability_evidence,"[""missing:deployment_block"", ""missing:prediction_cutoff_block"", ""missing:source_availability_time"", ""missing:runtime_bytecode_hash_at_cutoff"", ""missing:outcome_adjudication_id""]",bsc:0x2f3f25046ea518d1e524b8fb6147c656d6722ced,ba1dd39ac68de7a17bee,,,,,not_resolved_requires_archive_rpc
synaplogic,defihacklabs,base,41038633,0xc859ac8429fb4a5e24f24a7bed3fe3a8db4fb371,cancun,ca2-f459648a3f9405d0f148,2026-01-20,SynapLogic,Business Logic Flaw,src/test/2026-01/SynapLogic_exp.sol,base,https://github.com/SunWeb3Sec/DeFiHackLabs/blob/main/README.md,frozen_public_source_hashed,295e8ad6c3709d47a0489069bf9c7b1da50ff4d5b0e5c255dab0127f208db5c3,095cfb4d88c5fd72946d211ac489afaca9274134fda74d7ece0dbf2825bb5e55,"[""https://x.com/CertiKAlert/status/2013440963851755610?s=20"", ""https://x.com/TenArmorAlert/status/2013432861366292520?s=20"", ""https://x.com/hklst4r/status/2013440353844461979?s=20"", ""https://x.com/nn0b0dyyy/status/2013445844394279260?s=20""]",[],27.6 ETH & 3450 USDC,exact_contract_basename,True,True,,,2026-01-20,,,,blocked_missing_onchain_and_availability_evidence,"[""missing:deployment_block"", ""missing:prediction_cutoff_block"", ""missing:source_availability_time"", ""missing:runtime_bytecode_hash_at_cutoff"", ""missing:outcome_adjudication_id""]",base:0xc859ac8429fb4a5e24f24a7bed3fe3a8db4fb371,72cd0afe93952a8de57c,,,,,not_resolved_requires_archive_rpc
makina,defihacklabs,ethereum,24273361,0xd1a1c248b253f1fc60eacd90777b9a63f8c8c1bc,cancun,ca2-f39ef961ac91c6d34016,2026-01-20,Makina,Price Oracle Manipulation,src/test/2026-01/makina_exp.sol,mainnet,https://github.com/SunWeb3Sec/DeFiHackLabs/blob/main/README.md,frozen_public_source_hashed,295e8ad6c3709d47a0489069bf9c7b1da50ff4d5b0e5c255dab0127f208db5c3,b7451113225462d8efc9dad7190e230e03838e0717cd85888a2657d480916ac2,"[""https://x.com/CertiKAlert/status/2013473512116363734"", ""https://x.com/TenArmorAlert/status/2013460083078836342"", ""https://x.com/nn0b0dyyy/status/2013472538832314630""]",[],5.1M USD,exact_contract_basename,True,True,,,2026-01-20,,,,blocked_missing_onchain_and_availability_evidence,"[""missing:deployment_block"", ""missing:prediction_cutoff_block"", ""missing:source_availability_time"", ""missing:runtime_bytecode_hash_at_cutoff"", ""missing:outcome_adjudication_id""]",ethereum:0xd1a1c248b253f1fc60eacd90777b9a63f8c8c1bc,3372ceea1ef6ce2cd98b,,,,,not_resolved_requires_archive_rpc
moonwell,defihacklabs,base,42194663,0xec942be8a8114bfd0396a5052c36027f2ca6a9d0,cancun,ca2-b4208a8c5bb1d965b99f,2025-11-04,Moonwell,Faulty Oracle,src/test/2025-11/Moonwell_exp.sol,base,https://github.com/SunWeb3Sec/DeFiHackLabs/blob/main/past/2025/README.md,frozen_public_source_hashed,d3b80fe4ed7198fc900616b269408c1d0485ef8f000f46d37adb75be862a4a9c,c8cd6b62d65e95dc4652d82b503ef54b45fe3ce22eb9cf23b0725d44cd090be5,"[""https://www.halborn.com/blog/post/explained-the-moonwell-hack-november-2025"", ""https://x.com/CertiKAlert/status/1985620452992253973""]",[],1M USD,frozen_date_override,True,True,,,2025-11-04,,,,blocked_missing_onchain_and_availability_evidence,"[""missing:deployment_block"", ""missing:prediction_cutoff_block"", ""missing:source_availability_time"", ""missing:runtime_bytecode_hash_at_cutoff"", ""missing:outcome_adjudication_id""]",base:0xec942be8a8114bfd0396a5052c36027f2ca6a9d0,3dcc8850248f85d1e816,,,,,not_resolved_requires_archive_rpc
laxo_token,defihacklabs,bsc,82730141,0x62951cad7659393bf07fbe790cf898a3b6d317cb,cancun,ca2-f4a91ff1efea083dedab,2026-02-22,LAXO Token,Incorrect Burn Logic,src/test/2026-02/LAXO_Token_exp.sol,bsc,https://github.com/SunWeb3Sec/DeFiHackLabs/blob/main/README.md,frozen_public_source_hashed,295e8ad6c3709d47a0489069bf9c7b1da50ff4d5b0e5c255dab0127f208db5c3,94135b68846d6daebe6329c49a8008f89f9a1e0d4d6dd866073cc807f1cb743b,"[""https://x.com/CertiKAlert/status/2027317095420072317""]",[],"~137,000 US$",exact_contract_basename,True,True,,,2026-02-22,,,,blocked_missing_onchain_and_availability_evidence,"[""missing:deployment_block"", ""missing:prediction_cutoff_block"", ""missing:source_availability_time"", ""missing:runtime_bytecode_hash_at_cutoff"", ""missing:outcome_adjudication_id""]",bsc:0x62951cad7659393bf07fbe790cf898a3b6d317cb,7f3d2e072b9beb0f067f,,,,,not_resolved_requires_archive_rpc
curve_llamalend,defihacklabs,ethereum,24566937,0xad444663c6c92b497225c6ce65fee2e7f78bfb86,cancun,ca2-aa939f9f7f959ce19c8f,2026-03-02,Curve LlamaLend,Share price manipulation,src/test/2026-03/Curve_LlamaLend_exp.sol,mainnet,https://github.com/SunWeb3Sec/DeFiHackLabs/blob/main/README.md,frozen_public_source_hashed,295e8ad6c3709d47a0489069bf9c7b1da50ff4d5b0e5c255dab0127f208db5c3,a9d92e0a4e28ff120c0f4565e6993a44b3e4da3ddf44bb0bdd442630ca6fede9,"[""https://x.com/yieldsandmore/status/2028368378457362629""]",[],"~240,000 US$",exact_contract_basename,True,True,,,2026-03-02,,,,blocked_missing_onchain_and_availability_evidence,"[""missing:deployment_block"", ""missing:prediction_cutoff_block"", ""missing:source_availability_time"", ""missing:runtime_bytecode_hash_at_cutoff"", ""missing:outcome_adjudication_id""]",ethereum:0xad444663c6c92b497225c6ce65fee2e7f78bfb86,6ef2d3b12c5efdcb3831,,,,,not_resolved_requires_archive_rpc
alkemi_earn,defihacklabs,ethereum,24626978,0x4822d9172e5b76b9db37b75f5552f9988f98a888,cancun,ca2-ad9d57e62841ea9096b7,2026-03-10,AlkemiEarn,Business Logic,src/test/2026-03/AlkemiEarn_exp.sol,mainnet,https://github.com/SunWeb3Sec/DeFiHackLabs/blob/main/README.md,frozen_public_source_hashed,295e8ad6c3709d47a0489069bf9c7b1da50ff4d5b0e5c255dab0127f208db5c3,aaa1d6e33055c30a099f54a19913a83dbc55e9ea6dcea9a910b72c7b37fa373c,"[""https://x.com/blockaid_/status/2031351881029546194""]",[],43.45 ETH,exact_contract_basename,True,True,,,2026-03-10,,,,blocked_missing_onchain_and_availability_evidence,"[""missing:deployment_block"", ""missing:prediction_cutoff_block"", ""missing:source_availability_time"", ""missing:runtime_bytecode_hash_at_cutoff"", ""missing:outcome_adjudication_id""]",ethereum:0x4822d9172e5b76b9db37b75f5552f9988f98a888,10ef23ace24e3b24ecfc,,,,,not_resolved_requires_archive_rpc
venus_the,defihacklabs,bsc,86731940,0x86e06eafa6a1ea631eab51de500e3d474933739f,cancun,ca2-b742b64a4c493234640e,2026-03-15,Venus THE,BorrowBehalf + Donation Attack,src/test/2026-03/Venus_THE_exp.sol,bsc,https://github.com/SunWeb3Sec/DeFiHackLabs/blob/main/README.md,frozen_public_source_hashed,295e8ad6c3709d47a0489069bf9c7b1da50ff4d5b0e5c255dab0127f208db5c3,0c2a3805ebc0bad3c52911cdd15bffc0384f339dcd7c7d2708ab7b5f411e7b26,"[""https://bscscan.com/tx/0x4f477e941c12bbf32a58dc12db7bb0cb4d31d41ff25b2457e6af3c15d7f5663f""]","[""0x4f477e941c12bbf32a58dc12db7bb0cb4d31d41ff25b2457e6af3c15d7f5663f""]","913,858.263360521396654198 CAKE + 1,972.530910582753621682 WBNB",exact_contract_basename,True,True,,,2026-03-15,,,,blocked_missing_onchain_and_availability_evidence,"[""missing:deployment_block"", ""missing:prediction_cutoff_block"", ""missing:source_availability_time"", ""missing:runtime_bytecode_hash_at_cutoff"", ""missing:outcome_adjudication_id""]",bsc:0x86e06eafa6a1ea631eab51de500e3d474933739f,1382a341b1fe6f4c28d2,,,,,not_resolved_requires_archive_rpc
futureswap,defihacklabs,arbitrum,419829770,0xf7ca7384cc6619866749955065f17bedd3ed80bc,cancun,ca2-40ca8a9aca77ecfbfe71,2026-01-10,FutureSwap,Unit Mismatch,src/test/2026-01/futureswap_exp.sol,arbi,https://github.com/SunWeb3Sec/DeFiHackLabs/blob/main/README.md,frozen_public_source_hashed,295e8ad6c3709d47a0489069bf9c7b1da50ff4d5b0e5c255dab0127f208db5c3,861b38b464ba5520b3ac5295c4763b0a5f3a477bc63f6e32f82b60a533d5a9f4,"[""https://x.com/nn0b0dyyy/status/2009922304927731717?s=20""]",[],433K USD,exact_contract_basename,True,True,,,2026-01-10,,,,blocked_missing_onchain_and_availability_evidence,"[""missing:deployment_block"", ""missing:prediction_cutoff_block"", ""missing:source_availability_time"", ""missing:runtime_bytecode_hash_at_cutoff"", ""missing:outcome_adjudication_id""]",arbitrum:0xf7ca7384cc6619866749955065f17bedd3ed80bc,f65be50ef0f8081f5762,,,,,not_resolved_requires_archive_rpc
est,defihacklabs,bsc,89060336,0xd4524be41cd452576ab9ff7b68a0b89af8498a91,cancun,ca2-6829820c6abb9fe3a566,2026-03-27,EST Token,Incorrect Token Burn Mechanism,src/test/2026-03/EST_exp.sol,bsc,https://github.com/SunWeb3Sec/DeFiHackLabs/blob/main/README.md,frozen_public_source_hashed,295e8ad6c3709d47a0489069bf9c7b1da50ff4d5b0e5c255dab0127f208db5c3,cdca6d55c31db9b4fb2eaa5e627cd2b80177fb3488d3cf59357bd48bdd4ccdeb,"[""https://bscscan.com/address/0xD4524Be41cd452576aB9FF7b68a0b89aF8498a91""]",[],150.2 WBNB,exact_contract_basename,True,True,,,2026-03-27,,,,blocked_missing_onchain_and_availability_evidence,"[""missing:deployment_block"", ""missing:prediction_cutoff_block"", ""missing:source_availability_time"", ""missing:runtime_bytecode_hash_at_cutoff"", ""missing:outcome_adjudication_id""]",bsc:0xd4524be41cd452576ab9ff7b68a0b89af8498a91,aaa3ddae804d354b35f3,,,,,not_resolved_requires_archive_rpc
