case_name,task_source,chain,fork_block_number,target_contract_address,evm_version,case_id,incident_date,incident_name,mechanism_raw,incident_contract_path,incident_chain,source_url,source_status,source_snapshot_sha256,incident_record_sha256,incident_reference_urls,incident_tx_hashes,incident_loss_text,match_method,incident_metadata_present,benchmark_fork_anchor_present,deployment_block,prediction_cutoff_block,incident_block_or_time,source_availability_time,runtime_bytecode_hash_at_cutoff,outcome_adjudication_id,temporal_certification,admissibility_reason_codes,population_role,replaced_parent_slot_case_id,parent_envelope_path,parent_envelope_sha256,parent_case_artifact_path,parent_case_artifact_sha256,candidate_envelope_path,candidate_envelope_sha256,historical_envelope_path,historical_envelope_sha256,replacement_selection_rank,replacement_order_rule,replacement_source_sha256,replacement_readme_sha256,replacement_incident_block,replacement_exploit_tx_hash,candidate_id,source_case_id,source_artifact_path,source_artifact_sha256
bancor,defihacklabs,ethereum,10307563,0x5f58058c0ec971492166763c8c22632b583f667f,,ca2-0e06e67c5c9253228751,2020-06-18,Bancor Protocol,Access Control,src/test/2020-06/Bancor_exp.sol,ethereum,https://github.com/SunWeb3Sec/DeFiHackLabs/blob/main/past/2021/README.md,frozen_public_source_hashed,93b19197192b409cf7360b9bfa564d474da5a115f9bf279a5b8cc61093dadab6,12e769362c1be3988caf52c51ee183a7013887915f0bf8dccff261ab8b849737,"[""https://blog.bancor.network/bancors-response-to-today-s-smart-contract-vulnerability-dc888c589fe4"", ""https://etherscan.io/address/0x5f58058c0ec971492166763c8c22632b583f667f""]",[],,exact_contract_basename,True,True,,,2020-06-18,,,,blocked_missing_onchain_and_availability_evidence,"[""missing:deployment_block"", ""missing:prediction_cutoff_block"", ""missing:source_availability_time"", ""missing:runtime_bytecode_hash_at_cutoff"", ""missing:outcome_adjudication_id""]",retained,,cases/ca2-0e06e67c5c9253228751.json,9ed59df8e635ad4328e3a5c2d34e06b015567ea642f0881b849a2a47c1008713,cases/ca2-0e06e67c5c9253228751.json,e5e953ccf264c18ec2b22fdef548c87d195bb1a521cc14d4eb9c3bd358743ef1,,,,,,,,,,,,ca2-0e06e67c5c9253228751,cases/ca2-0e06e67c5c9253228751.json,e5e953ccf264c18ec2b22fdef548c87d195bb1a521cc14d4eb9c3bd358743ef1
opyn,defihacklabs,ethereum,10592516,0x951d51baefb72319d9fbe941e1615938d89abfe2,,ca2-b7ed9e346aa4cb6ca834,2020-08-04,Opyn Protocol,msgValue in loop,src/test/2020-08/Opyn_exp.sol,ethereum,https://github.com/SunWeb3Sec/DeFiHackLabs/blob/main/past/2021/README.md,frozen_public_source_hashed,93b19197192b409cf7360b9bfa564d474da5a115f9bf279a5b8cc61093dadab6,1a0143eddb168a6b6e718dd3f5a498429851eb5c198743f2b4c666b645a585ed,"[""https://etherscan.io/tx/0x56de6c4bd906ee0c067a332e64966db8b1e866c7965c044163a503de6ee6552a"", ""https://medium.com/opyn/opyn-eth-put-exploit-post-mortem-1a009e3347a8""]","[""0x56de6c4bd906ee0c067a332e64966db8b1e866c7965c044163a503de6ee6552a""]",,exact_contract_basename,True,True,,,2020-08-04,,,,blocked_missing_onchain_and_availability_evidence,"[""missing:deployment_block"", ""missing:prediction_cutoff_block"", ""missing:source_availability_time"", ""missing:runtime_bytecode_hash_at_cutoff"", ""missing:outcome_adjudication_id""]",retained,,cases/ca2-b7ed9e346aa4cb6ca834.json,7f74184aa48b7f46522bbf3a16d11d4ee1329c494db5e1dbdd7c4da7bb2d8614,cases/ca2-b7ed9e346aa4cb6ca834.json,2e0656ca7e4e36719ec8be796a884410cff926e07a714ddc829756d461692e9b,,,,,,,,,,,,ca2-b7ed9e346aa4cb6ca834,cases/ca2-b7ed9e346aa4cb6ca834.json,2e0656ca7e4e36719ec8be796a884410cff926e07a714ddc829756d461692e9b
bzx,defihacklabs,ethereum,10852715,0xb983e01458529665007ff7e0cddecdb74b967eb6,,ca2-22e8cd13c63b74bc9bbc,2020-09-12,bzx,Incorrect transfer,src/test/2020-09/bzx_exp.sol,mainnet,https://github.com/SunWeb3Sec/DeFiHackLabs/blob/main/past/2021/README.md,frozen_public_source_hashed,93b19197192b409cf7360b9bfa564d474da5a115f9bf279a5b8cc61093dadab6,c1757886f5994b885b6fb157b5a4976ef009ba0a86633e2a73a8817e0b872a24,"[""https://twitter.com/0x000000000marc/status/1305354469354303488""]",[],```sh,frozen_date_override,True,True,,,2020-09-12,,,,blocked_missing_onchain_and_availability_evidence,"[""missing:deployment_block"", ""missing:prediction_cutoff_block"", ""missing:source_availability_time"", ""missing:runtime_bytecode_hash_at_cutoff"", ""missing:outcome_adjudication_id""]",retained,,cases/ca2-22e8cd13c63b74bc9bbc.json,4400ae03d69001a32bff98da4d9457186fdc2e8e5da1acb7213907e58ccfa208,cases/ca2-22e8cd13c63b74bc9bbc.json,99163425b5c85309954cfc5d3557f1734184e2a9fdd74c969ccdde4e7ff2c622,,,,,,,,,,,,ca2-22e8cd13c63b74bc9bbc,cases/ca2-22e8cd13c63b74bc9bbc.json,99163425b5c85309954cfc5d3557f1734184e2a9fdd74c969ccdde4e7ff2c622
cover,defihacklabs,ethereum,11542309,0xe0b94a7bb45dd905c79bb1992c9879f40f1caed5,,ca2-2d1d603841d5194ab452,2020-12-29,Cover Protocol,Incorrect calculation via cached data,src/test/2020-12/Cover_exp.sol,mainnet,https://github.com/SunWeb3Sec/DeFiHackLabs/blob/main/past/2021/README.md,frozen_public_source_hashed,93b19197192b409cf7360b9bfa564d474da5a115f9bf279a5b8cc61093dadab6,092f869ecaf110a83300555d4e398c4f08a8e4b38f93fd479f97051f43bc0129,"[""https://mudit.blog/cover-protocol-hack-analysis-tokens-minted-exploit/"", ""https://slowmist.medium.com/a-brief-analysis-of-the-cover-protocol-hacked-event-700d747b309c""]",[],,exact_contract_basename,True,True,,,2020-12-29,,,,blocked_missing_onchain_and_availability_evidence,"[""missing:deployment_block"", ""missing:prediction_cutoff_block"", ""missing:source_availability_time"", ""missing:runtime_bytecode_hash_at_cutoff"", ""missing:outcome_adjudication_id""]",retained,,cases/ca2-2d1d603841d5194ab452.json,a4e9afb74f1113af8ec132beaa2d0b7815f76392b993f7c450ec5e22def6a42b,cases/ca2-2d1d603841d5194ab452.json,4987aea2c570bba0c28ffce8e44c0f470290f5d5ae083d8f04ca0ab5c9ddce43,,,,,,,,,,,,ca2-2d1d603841d5194ab452,cases/ca2-2d1d603841d5194ab452.json,4987aea2c570bba0c28ffce8e44c0f470290f5d5ae083d8f04ca0ab5c9ddce43
pickle,defihacklabs,ethereum,11303122,0x6847259b2b3a4c17e7c43c54409810af48ba5210,,ca2-3843aa138b13af762925,2020-11-21,Pickle Finance,Insufficient validation,src/test/2020-11/Pickle_exp.sol,ethereum,https://github.com/SunWeb3Sec/DeFiHackLabs/blob/main/past/2021/README.md,frozen_public_source_hashed,93b19197192b409cf7360b9bfa564d474da5a115f9bf279a5b8cc61093dadab6,a60badf8ba8b49d7a818d8faba95f5f92214542caff298ac5a90b3ccdca24be9,"[""https://etherscan.io/tx/0xe72d4e7ba9b5af0cf2a8cfb1e30fd9f388df0ab3da79790be842bfbed11087b0"", ""https://github.com/banteg/evil-jar""]","[""0xe72d4e7ba9b5af0cf2a8cfb1e30fd9f388df0ab3da79790be842bfbed11087b0""]",,exact_contract_basename,True,True,,,2020-11-21,,,,blocked_missing_onchain_and_availability_evidence,"[""missing:deployment_block"", ""missing:prediction_cutoff_block"", ""missing:source_availability_time"", ""missing:runtime_bytecode_hash_at_cutoff"", ""missing:outcome_adjudication_id""]",retained,,cases/ca2-3843aa138b13af762925.json,0bf09d02d547f9974aa929bc6e7f7d0bcec1e0b1ef04e46bcb535058e4e095f1,cases/ca2-3843aa138b13af762925.json,e40e6226c30869f062ba227424e63856f48a33f6fe1338529c219e9beebcabe9,,,,,,,,,,,,ca2-3843aa138b13af762925,cases/ca2-3843aa138b13af762925.json,e40e6226c30869f062ba227424e63856f48a33f6fe1338529c219e9beebcabe9
harvestfinance,defihacklabs,ethereum,11129473,0xf0358e8c3cd5fa238a29301d0bea3d63a17bedbe,,ca2-03a929a60d6ca387d4bb,2020-10-26,Harvest Finance,Flashloan Attack,src/test/2020-10/HarvestFinance_exp.sol,ethereum,https://github.com/SunWeb3Sec/DeFiHackLabs/blob/main/past/2021/README.md,frozen_public_source_hashed,93b19197192b409cf7360b9bfa564d474da5a115f9bf279a5b8cc61093dadab6,c41b70ddd318d13aaad01c2ebd818fb9f75d6e6f8efb1b1c53810f7555c3ef9a,"[""https://etherscan.io/tx/0x35f8d2f572fceaac9288e5d462117850ef2694786992a8c3f6d02612277b0877"", ""https://rekt.news/harvest-finance-rekt/""]","[""0x35f8d2f572fceaac9288e5d462117850ef2694786992a8c3f6d02612277b0877""]",,exact_contract_basename,True,True,,,2020-10-26,,,,blocked_missing_onchain_and_availability_evidence,"[""missing:deployment_block"", ""missing:prediction_cutoff_block"", ""missing:source_availability_time"", ""missing:runtime_bytecode_hash_at_cutoff"", ""missing:outcome_adjudication_id""]",retained,,cases/ca2-03a929a60d6ca387d4bb.json,c145822d7da10d7192d56494af7b68881692f98f1754f729b97a8b3ac621927e,cases/ca2-03a929a60d6ca387d4bb.json,9e5d0ee58de794f6a187dc6c56538714ade04198d19777b6b3f2352b5d6f069e,,,,,,,,,,,,ca2-03a929a60d6ca387d4bb,cases/ca2-03a929a60d6ca387d4bb.json,9e5d0ee58de794f6a187dc6c56538714ade04198d19777b6b3f2352b5d6f069e
sushi_badger_digg,defihacklabs,ethereum,11720049,0xe11fc0b43ab98eb91e9836129d1ee7c3bc95df50,shanghai,ca2-b68f8de37da66632724d,2021-01-25,Sushi Badger Digg,Sandwich attack,src/test/2021-01/Sushi_Badger_Digg_exp.sol,mainnet,https://github.com/SunWeb3Sec/DeFiHackLabs/blob/main/past/2021/README.md,frozen_public_source_hashed,93b19197192b409cf7360b9bfa564d474da5a115f9bf279a5b8cc61093dadab6,6cc76f4b0a801f0f122487a783e4e2c3b59a2fb508f651b6ead428f2cfd64ad7,"[""https://cmichel.io/replaying-ethereum-hacks-sushiswap-badger-dao-digg/""]",[],,exact_contract_basename,True,True,,,2021-01-25,,,,blocked_missing_onchain_and_availability_evidence,"[""missing:deployment_block"", ""missing:prediction_cutoff_block"", ""missing:source_availability_time"", ""missing:runtime_bytecode_hash_at_cutoff"", ""missing:outcome_adjudication_id""]",retained,,cases/ca2-b68f8de37da66632724d.json,9ce4fe4f39fa96874832ecfea41d074d61622a7268f278fd19c2ccbd754949f0,cases/ca2-b68f8de37da66632724d.json,e1e1c5a99856f3d7cbf9eea130c515ee4a10242dd79923c5fdca3a84861b1aa9,,,,,,,,,,,,ca2-b68f8de37da66632724d,cases/ca2-b68f8de37da66632724d.json,e1e1c5a99856f3d7cbf9eea130c515ee4a10242dd79923c5fdca3a84861b1aa9
lendfme,defihacklabs,ethereum,9899725,0x0eee3e3828a45f7601d5f54bf49bb01d1a9df5ea,,ca2-57582b3e77f95ed74d3f,2020-04-19,LendfMe,ERC777 Reentrancy,src/test/2020-04/LendfMe_exp.sol,mainnet,https://github.com/SunWeb3Sec/DeFiHackLabs/blob/main/past/2021/README.md,frozen_public_source_hashed,93b19197192b409cf7360b9bfa564d474da5a115f9bf279a5b8cc61093dadab6,e677aa96067ef58ffc2bfdf68f5648eb770e9cd210e39d3ed6eb2de7cb477191,"[""https://peckshield.medium.com/uniswap-lendf-me-hacks-root-cause-and-loss-analysis-50f3263dcc09""]",[],,exact_contract_basename,True,True,,,2020-04-19,,,,blocked_missing_onchain_and_availability_evidence,"[""missing:deployment_block"", ""missing:prediction_cutoff_block"", ""missing:source_availability_time"", ""missing:runtime_bytecode_hash_at_cutoff"", ""missing:outcome_adjudication_id""]",retained,,cases/ca2-57582b3e77f95ed74d3f.json,5b3e5f9b6cfd8fdff5e2abee1f4a1ce6c47be2e5361ca21ed31b1495e64b8561,cases/ca2-57582b3e77f95ed74d3f.json,91e4ef560f3b4f64c9d00efb9996ef86d4ce314bcb3ae23a381e3015dfbc5256,,,,,,,,,,,,ca2-57582b3e77f95ed74d3f,cases/ca2-57582b3e77f95ed74d3f.json,91e4ef560f3b4f64c9d00efb9996ef86d4ce314bcb3ae23a381e3015dfbc5256
yearn_ydai,defihacklabs,ethereum,11792183,0xacd43e627e64355f1861cec6d3a6688b31a6f952,shanghai,ca2-b6eef501c6bfb6ae40e1,2021-02-04,Yearn YDai,Slippage proection absent,src/test/2021-02/Yearn_ydai_exp.sol,ethereum,https://github.com/SunWeb3Sec/DeFiHackLabs/blob/main/past/2021/README.md,frozen_public_source_hashed,93b19197192b409cf7360b9bfa564d474da5a115f9bf279a5b8cc61093dadab6,089690c08fc86910dc446f979c46e99708d6ddce64e4303b043f4387d8cc8df8,"[""https://etherscan.io/tx/0x59faab5a1911618064f1ffa1e4649d85c99cfd9f0d64dcebbc1af7d7630da98b"", ""https://github.com/yearn/yearn-security/blob/master/disclosures/2021-02-04.md""]","[""0x59faab5a1911618064f1ffa1e4649d85c99cfd9f0d64dcebbc1af7d7630da98b""]",,exact_contract_basename,True,True,,,2021-02-04,,,,blocked_missing_onchain_and_availability_evidence,"[""missing:deployment_block"", ""missing:prediction_cutoff_block"", ""missing:source_availability_time"", ""missing:runtime_bytecode_hash_at_cutoff"", ""missing:outcome_adjudication_id""]",retained,,cases/ca2-b6eef501c6bfb6ae40e1.json,06b3bd05dcf71ba867faea76391d490fc13c92725f25024e89647565fa8bed55,cases/ca2-b6eef501c6bfb6ae40e1.json,3d91a93f6c5e91fe99f05aea96e1fc4277dbfc19cbb697cd7126374089594cea,,,,,,,,,,,,ca2-b6eef501c6bfb6ae40e1,cases/ca2-b6eef501c6bfb6ae40e1.json,3d91a93f6c5e91fe99f05aea96e1fc4277dbfc19cbb697cd7126374089594cea
uranium,defihacklabs,bsc,6920000,0xa943ea143cd7e79806d670f4a7cf08f8922a454f,shanghai,ca2-36bcb163bd23551701cc,2021-04-28,Uranium,Miscalculation,src/test/2021-04/Uranium_exp.sol,bsc,https://github.com/SunWeb3Sec/DeFiHackLabs/blob/main/past/2021/README.md,frozen_public_source_hashed,93b19197192b409cf7360b9bfa564d474da5a115f9bf279a5b8cc61093dadab6,9d3eb5e27031d69b5e57b9f3040bd23c3bfd10c631389c6b250f9f8f3d98d7fd,"[""https://bscscan.com/tx/0x5a504fe72ef7fc76dfeb4d979e533af4e23fe37e90b5516186d5787893c37991"", ""https://twitter.com/FrankResearcher/status/1387347025742557186""]","[""0x5a504fe72ef7fc76dfeb4d979e533af4e23fe37e90b5516186d5787893c37991""]",,exact_contract_basename,True,True,,,2021-04-28,,,,blocked_missing_onchain_and_availability_evidence,"[""missing:deployment_block"", ""missing:prediction_cutoff_block"", ""missing:source_availability_time"", ""missing:runtime_bytecode_hash_at_cutoff"", ""missing:outcome_adjudication_id""]",retained,,cases/ca2-36bcb163bd23551701cc.json,87eed32481c2e9e21e8a9620fe8f83e9a982aef672309089a47c98930c2dabfc,cases/ca2-36bcb163bd23551701cc.json,3814dc1b5245a7485c89c109d21f1d6d28d3102c725f1278d6ef163bc585c805,,,,,,,,,,,,ca2-36bcb163bd23551701cc,cases/ca2-36bcb163bd23551701cc.json,3814dc1b5245a7485c89c109d21f1d6d28d3102c725f1278d6ef163bc585c805
spartan,defihacklabs,bsc,7048832,0x3de669c4f1f167a8afbc9993e4753b84b576426f,shanghai,ca2-f655d6375b3979edab38,2021-05-02,Spartan,Logic Flaw,src/test/2021-05/Spartan_exp.sol,bsc,https://github.com/SunWeb3Sec/DeFiHackLabs/blob/main/past/2021/README.md,frozen_public_source_hashed,93b19197192b409cf7360b9bfa564d474da5a115f9bf279a5b8cc61093dadab6,1e131cb812e4acd651d55f9cefaae8ca2216a72785cadcbd19e7d66491a453f6,"[""https://rekt.news/spartan-rekt/""]",[],,exact_contract_basename,True,True,,,2021-05-02,,,,blocked_missing_onchain_and_availability_evidence,"[""missing:deployment_block"", ""missing:prediction_cutoff_block"", ""missing:source_availability_time"", ""missing:runtime_bytecode_hash_at_cutoff"", ""missing:outcome_adjudication_id""]",retained,,cases/ca2-f655d6375b3979edab38.json,cc7adda3ac034bcad6feec4b3c0067791c477de355435312d629c0a900d9f429,cases/ca2-f655d6375b3979edab38.json,9b74019b0662b927dfb91d64d4bc7e1d562fcec0a2e6e4d352cea3af5bd58f19,,,,,,,,,,,,ca2-f655d6375b3979edab38,cases/ca2-f655d6375b3979edab38.json,9b74019b0662b927dfb91d64d4bc7e1d562fcec0a2e6e4d352cea3af5bd58f19
dodo_flashloan,defihacklabs,ethereum,12000000,0x051ebd717311350f1684f89335bed4abd083a2b6,shanghai,ca2-61c7c0bc0fd854fd8541,2021-03-08,DODO,Flashloan Attack,src/test/2021-03/dodo_flashloan_exp.sol,ethereum,https://github.com/SunWeb3Sec/DeFiHackLabs/blob/main/past/2021/README.md,frozen_public_source_hashed,93b19197192b409cf7360b9bfa564d474da5a115f9bf279a5b8cc61093dadab6,e74bcf9627e666abcc1dd105229c09bd34d85b635197b7580cedb3c48eed0246,"[""https://blog.dodoex.io/dodo-pool-incident-postmortem-with-a-little-help-from-our-friends-327e66872d42"", ""https://etherscan.io/tx/0x395675b56370a9f5fe8b32badfa80043f5291443bd6c8273900476880fb5221e"", ""https://halborn.com/explained-the-dodo-dex-hack-march-2021/""]","[""0x395675b56370a9f5fe8b32badfa80043f5291443bd6c8273900476880fb5221e""]",,exact_contract_basename,True,True,,,2021-03-08,,,,blocked_missing_onchain_and_availability_evidence,"[""missing:deployment_block"", ""missing:prediction_cutoff_block"", ""missing:source_availability_time"", ""missing:runtime_bytecode_hash_at_cutoff"", ""missing:outcome_adjudication_id""]",retained,,cases/ca2-61c7c0bc0fd854fd8541.json,4429af5a6e981ddbe4507743175074b514bb8a370bf487fe4db55ca226105407,cases/ca2-61c7c0bc0fd854fd8541.json,ae4f1239fb208c45c5fe75a81a2222193ee94e28de3683f5b7eb7b255264d2aa,,,,,,,,,,,,ca2-61c7c0bc0fd854fd8541,cases/ca2-61c7c0bc0fd854fd8541.json,ae4f1239fb208c45c5fe75a81a2222193ee94e28de3683f5b7eb7b255264d2aa
pancakebunny,defihacklabs,bsc,7556330,0x633e538ecf0bee1a18c2edfe10c4da0d6e71e77b,shanghai,ca2-7c6082cada48d720f171,2021-05-19,PancakeBunny,Price Oracle Manipulation,src/test/2021-05/PancakeBunny_exp.sol,bsc,https://github.com/SunWeb3Sec/DeFiHackLabs/blob/main/past/2021/README.md,frozen_public_source_hashed,93b19197192b409cf7360b9bfa564d474da5a115f9bf279a5b8cc61093dadab6,baf63791a4277f87d91ddc0567f2b55ffda4a381f3294e1a8b8b6b891a7836ff,"[""https://bscscan.com/tx/0x897c2de73dd55d7701e1b69ffb3a17b0f4801ced88b0c75fe1551c5fcce6a979"", ""https://rekt.news/pancakebunny-rekt/""]","[""0x897c2de73dd55d7701e1b69ffb3a17b0f4801ced88b0c75fe1551c5fcce6a979""]",,exact_contract_basename,True,True,,,2021-05-19,,,,blocked_missing_onchain_and_availability_evidence,"[""missing:deployment_block"", ""missing:prediction_cutoff_block"", ""missing:source_availability_time"", ""missing:runtime_bytecode_hash_at_cutoff"", ""missing:outcome_adjudication_id""]",retained,,cases/ca2-7c6082cada48d720f171.json,a7c325124b438903962e99128e55724438ef3d57381b4f6ec6f5cab26e6e26cf,cases/ca2-7c6082cada48d720f171.json,dff90212408b4b7601ef81515d8bc7edb76e25fe63926bd936385694d31ec9ed,,,,,,,,,,,,ca2-7c6082cada48d720f171,cases/ca2-7c6082cada48d720f171.json,dff90212408b4b7601ef81515d8bc7edb76e25fe63926bd936385694d31ec9ed
burgerswap,defihacklabs,bsc,7781159,0x7ac55ac530f2c29659573bde0700c6758d69e677,shanghai,ca2-28489e4d5123e702b7a8,2021-05-27,BurgerSwap,Mathematical flaw + Reentrancy,src/test/2021-05/BurgerSwap_exp.sol,bsc,https://github.com/SunWeb3Sec/DeFiHackLabs/blob/main/past/2021/README.md,frozen_public_source_hashed,93b19197192b409cf7360b9bfa564d474da5a115f9bf279a5b8cc61093dadab6,63e826cb9881b371ac3674c38a3a8b812dbb7807ef3c75978eb8b6e3dd255630,"[""https://twitter.com/Mudit__Gupta/status/1398156036574306304""]",[],,exact_contract_basename,True,True,,,2021-05-27,,,,blocked_missing_onchain_and_availability_evidence,"[""missing:deployment_block"", ""missing:prediction_cutoff_block"", ""missing:source_availability_time"", ""missing:runtime_bytecode_hash_at_cutoff"", ""missing:outcome_adjudication_id""]",retained,,cases/ca2-28489e4d5123e702b7a8.json,5a5c36ae7acdcbb97d7b7da7069b2a832664c5f75d71293c5d4463b853fd229a,cases/ca2-28489e4d5123e702b7a8.json,10b474ebaa25b1d2ec10b0aee8bafa0e74abd574900f28ca0de2cda47676c8a1,,,,,,,,,,,,ca2-28489e4d5123e702b7a8,cases/ca2-28489e4d5123e702b7a8.json,10b474ebaa25b1d2ec10b0aee8bafa0e74abd574900f28ca0de2cda47676c8a1
88mph,defihacklabs,ethereum,12516705,0xf0b7de03134857391d8d43ed48e20edf21461097,shanghai,ca2-c9c1817a98610ef26f01,2021-06-07,88mph NFT,Access control,src/test/2021-06/88mph_exp.sol,mainnet,https://github.com/SunWeb3Sec/DeFiHackLabs/blob/main/past/2021/README.md,frozen_public_source_hashed,93b19197192b409cf7360b9bfa564d474da5a115f9bf279a5b8cc61093dadab6,4451139dfa098f690604a55207330189bd34c454b39867257c40110ef5f8f71a,"[""https://medium.com/immunefi/88mph-function-initialization-bug-fix-postmortem-c3a2282894d3""]",[],,exact_contract_basename,True,True,,,2021-06-07,,,,blocked_missing_onchain_and_availability_evidence,"[""missing:deployment_block"", ""missing:prediction_cutoff_block"", ""missing:source_availability_time"", ""missing:runtime_bytecode_hash_at_cutoff"", ""missing:outcome_adjudication_id""]",retained,,cases/ca2-c9c1817a98610ef26f01.json,308d8b18ec18b4557ba9fc6d17fc14ce384e5a0fb86b36d7a73bf53a50226e34,cases/ca2-c9c1817a98610ef26f01.json,652577f470409dcb3987c14f2e7d9a26ea7689b2c33ae49e7ff5ee6205810490,,,,,,,,,,,,ca2-c9c1817a98610ef26f01,cases/ca2-c9c1817a98610ef26f01.json,652577f470409dcb3987c14f2e7d9a26ea7689b2c33ae49e7ff5ee6205810490
eleven,defihacklabs,bsc,8530973,0x27dd6e51bf715cfc0e2fe96af26fc9ded89e4be8,shanghai,ca2-411b50fea47298d98579,2021-06-22,Eleven Finance,Doesn’t burn shares,src/test/2021-06/Eleven_exp.sol,bsc,https://github.com/SunWeb3Sec/DeFiHackLabs/blob/main/past/2021/README.md,frozen_public_source_hashed,93b19197192b409cf7360b9bfa564d474da5a115f9bf279a5b8cc61093dadab6,5ffd3ed363cfbe0e373320610197f27c34e430107e5366516a6dfb3ca245b549,"[""https://bscscan.com/tx/0xeaaa8f4d33b1035a790f0d7c4eb6e38db7d6d3b580e0bbc9ba39a9d6b80dd250"", ""https://peckshield.medium.com/eleven-finance-incident-root-cause-analysis-123b5675fa76""]","[""0xeaaa8f4d33b1035a790f0d7c4eb6e38db7d6d3b580e0bbc9ba39a9d6b80dd250""]",,exact_contract_basename,True,True,,,2021-06-22,,,,blocked_missing_onchain_and_availability_evidence,"[""missing:deployment_block"", ""missing:prediction_cutoff_block"", ""missing:source_availability_time"", ""missing:runtime_bytecode_hash_at_cutoff"", ""missing:outcome_adjudication_id""]",retained,,cases/ca2-411b50fea47298d98579.json,e610f72a0ea424b67cfdaabe6a707c2a5796f9ff1a3189f22234f4bbf6ac1e9e,cases/ca2-411b50fea47298d98579.json,24915f807164abae6421d57fcdedb41c080e7373c24ad08ac814076f9a9728c5,,,,,,,,,,,,ca2-411b50fea47298d98579,cases/ca2-411b50fea47298d98579.json,24915f807164abae6421d57fcdedb41c080e7373c24ad08ac814076f9a9728c5
xwin,defihacklabs,bsc,8589725,0x1bf7fe7568211ecff68b6bc7ccad31ecd8fe8092,shanghai,ca2-42dc2e766a267767f0d8,2021-06-25,xWin Finance,subscription-incentive-mechanism,src/test/2021-06/xWin_exp.sol,bsc,https://github.com/SunWeb3Sec/DeFiHackLabs/blob/main/past/2021/README.md,frozen_public_source_hashed,93b19197192b409cf7360b9bfa564d474da5a115f9bf279a5b8cc61093dadab6,9aa89bc4c360d07aa0711f47b8f5b59db465dc22d8f306bc5315b5977a993395,"[""https://peckshield.medium.com/xwin-finance-incident-root-cause-analysis-71d0820e6bc1""]",[],~$300k,exact_contract_basename,True,True,,,2021-06-25,,,,blocked_missing_onchain_and_availability_evidence,"[""missing:deployment_block"", ""missing:prediction_cutoff_block"", ""missing:source_availability_time"", ""missing:runtime_bytecode_hash_at_cutoff"", ""missing:outcome_adjudication_id""]",retained,,cases/ca2-42dc2e766a267767f0d8.json,e0d3bcbf613b6b6da4ca09aeeee9c75f70708fc019516cdd2026d2351d1f3e8f,cases/ca2-42dc2e766a267767f0d8.json,e8d8834777182481ef300aa8e118af03fde5854b061b8d39220dabf4ed2f8e57,,,,,,,,,,,,ca2-42dc2e766a267767f0d8,cases/ca2-42dc2e766a267767f0d8.json,e8d8834777182481ef300aa8e118af03fde5854b061b8d39220dabf4ed2f8e57
cream,defihacklabs,ethereum,13125070,0x2db6c82ce72c8d7d770ba1b5f5ed0b6e075066d6,shanghai,ca2-8c56561fae063cde5971,2021-08-30,Cream Finance,Flashloan Attack + Reentrancy,src/test/2021-08/Cream_exp.sol,ethereum,https://github.com/SunWeb3Sec/DeFiHackLabs/blob/main/past/2021/README.md,frozen_public_source_hashed,93b19197192b409cf7360b9bfa564d474da5a115f9bf279a5b8cc61093dadab6,7eb8399ca0ec2a1f3c1f751a139eb23c890e45ed189ed42cb86f3c8e2e987194,"[""https://etherscan.io/tx/0xa9a1b8ea288eb9ad315088f17f7c7386b9989c95b4d13c81b69d5ddad7ffe61e"", ""https://twitter.com/creamdotfinance/status/1432249773575208964"", ""https://twitter.com/peckshield/status/1432249600002478081""]","[""0xa9a1b8ea288eb9ad315088f17f7c7386b9989c95b4d13c81b69d5ddad7ffe61e""]",,exact_contract_basename,True,True,,,2021-08-30,,,,blocked_missing_onchain_and_availability_evidence,"[""missing:deployment_block"", ""missing:prediction_cutoff_block"", ""missing:source_availability_time"", ""missing:runtime_bytecode_hash_at_cutoff"", ""missing:outcome_adjudication_id""]",retained,,cases/ca2-8c56561fae063cde5971.json,4e1f8d68899fcd31626ecde28908f7c390b6aa4f8b0af8fbdd6a188de62517c0,cases/ca2-8c56561fae063cde5971.json,0552da04955500b19bdd338c4d045d9347d0fa5e3faef96e73da19ef8810f671,,,,,,,,,,,,ca2-8c56561fae063cde5971,cases/ca2-8c56561fae063cde5971.json,0552da04955500b19bdd338c4d045d9347d0fa5e3faef96e73da19ef8810f671
xsurge,defihacklabs,bsc,10087723,0xe1e1aa58983f6b8ee8e4ecd206cea6578f036c21,shanghai,ca2-f4c153bbeb9c3fff7e54,2021-08-17,XSURGE,Flashloan Attack + Reentrancy,src/test/2021-08/XSURGE_exp.sol,bsc,https://github.com/SunWeb3Sec/DeFiHackLabs/blob/main/past/2021/README.md,frozen_public_source_hashed,93b19197192b409cf7360b9bfa564d474da5a115f9bf279a5b8cc61093dadab6,4f6037b245cd4ce4e5c660dce57cef491cd19921f8610fd9948f5b496bf6d1aa,"[""https://beosin.medium.com/a-sweet-blow-fb0a5e08657d"", ""https://bscscan.com/tx/0x8c93d6e5d6b3ec7478b4195123a696dbc82a3441be090e048fe4b33a242ef09d"", ""https://medium.com/@Knownsec_Blockchain_Lab/knownsec-blockchain-lab-comprehensive-analysis-of-xsurge-attacks-c83d238fbc55""]","[""0x8c93d6e5d6b3ec7478b4195123a696dbc82a3441be090e048fe4b33a242ef09d""]",,exact_contract_basename,True,True,,,2021-08-17,,,,blocked_missing_onchain_and_availability_evidence,"[""missing:deployment_block"", ""missing:prediction_cutoff_block"", ""missing:source_availability_time"", ""missing:runtime_bytecode_hash_at_cutoff"", ""missing:outcome_adjudication_id""]",retained,,cases/ca2-f4c153bbeb9c3fff7e54.json,8e7ec7e8dfa60841be78e88168166a54f8ed7ae3e8b013d5f050ade2dd89571a,cases/ca2-f4c153bbeb9c3fff7e54.json,92f0b3522874dd0a92d4847730b76a9de007d3e1f1d42ad29a11c9122894589b,,,,,,,,,,,,ca2-f4c153bbeb9c3fff7e54,cases/ca2-f4c153bbeb9c3fff7e54.json,92f0b3522874dd0a92d4847730b76a9de007d3e1f1d42ad29a11c9122894589b
nowswap,defihacklabs,ethereum,13225516,0xa0ff0e694275023f4986dc3ca12a6eb5d6056c62,shanghai,ca2-bef4fd38f1af5d45d83a,2021-09-15,NowSwap Platform,Incorrect calculation,src/test/2021-09/NowSwap_exp.sol,mainnet,https://github.com/SunWeb3Sec/DeFiHackLabs/blob/main/past/2021/README.md,frozen_public_source_hashed,93b19197192b409cf7360b9bfa564d474da5a115f9bf279a5b8cc61093dadab6,1cf9f8da8125f234890449362de85fb1b390e41dc8287302242423b36ef935f7,"[""https://twitter.com/BlockSecTeam/status/1438100688215560192""]",[],,exact_contract_basename,True,True,,,2021-09-15,,,,blocked_missing_onchain_and_availability_evidence,"[""missing:deployment_block"", ""missing:prediction_cutoff_block"", ""missing:source_availability_time"", ""missing:runtime_bytecode_hash_at_cutoff"", ""missing:outcome_adjudication_id""]",retained,,cases/ca2-bef4fd38f1af5d45d83a.json,79bb5980d7668d8c5f1ccd2576e4e7e505631c7ea2092b8019bb45d2d51e3722,cases/ca2-bef4fd38f1af5d45d83a.json,28243ef74908cda05b19d0e290b52140fb17bdee91404b0e2efdade02133b5f5,,,,,,,,,,,,ca2-bef4fd38f1af5d45d83a,cases/ca2-bef4fd38f1af5d45d83a.json,28243ef74908cda05b19d0e290b52140fb17bdee91404b0e2efdade02133b5f5
nimbus,defihacklabs,ethereum,13225516,0xc0a6b8c534fad86df8fa1abb17084a70f86eddc1,shanghai,ca2-54094307591338d2b28a,2021-09-15,Nimbus Platform,Incorrect calculation,src/test/2021-09/Nimbus_exp.sol,mainnet,https://github.com/SunWeb3Sec/DeFiHackLabs/blob/main/past/2021/README.md,frozen_public_source_hashed,93b19197192b409cf7360b9bfa564d474da5a115f9bf279a5b8cc61093dadab6,360fd55e367d0f5ee34eca04acb003298f83f95c9fda4d4098810ae84a16d73e,"[""https://twitter.com/BlockSecTeam/status/1438100688215560192""]",[],,exact_contract_basename,True,True,,,2021-09-15,,,,blocked_missing_onchain_and_availability_evidence,"[""missing:deployment_block"", ""missing:prediction_cutoff_block"", ""missing:source_availability_time"", ""missing:runtime_bytecode_hash_at_cutoff"", ""missing:outcome_adjudication_id""]",retained,,cases/ca2-54094307591338d2b28a.json,ee08a1e926aa10f672b637d14bc10c9058d8fbf15e8ba6f905d42313404db0be,cases/ca2-54094307591338d2b28a.json,bb72ccd71523619f996287705e8ae53c1b669be8600bd13260803dc3b3b86a4d,,,,,,,,,,,,ca2-54094307591338d2b28a,cases/ca2-54094307591338d2b28a.json,bb72ccd71523619f996287705e8ae53c1b669be8600bd13260803dc3b3b86a4d
GoldReserve,defihacklabs-temporal-replacement-finalization,bsc,46278330,0x7c77576a2b48504ebd9ff0810d799651f68742d3,,ca2-a1a34caf1169e8bc37ff,2025-02-01,GoldReserve,replacement_candidate,,bsc,,replacement_candidate_historical_snapshot_verified,d7230b7ad7691da2fd75818601ed2c7b9963f629367060b583a8b95b9d5beddb,7fd3927d0f0e0ebc7420200a4daa18c6456759ce2328c518841bd8b4fc2e0eaa,[],"[""0x79c2e41b10462d374f21ecd4da048029cc71692e0c9ef275d4aad228e6f8afe0""]",,frozen_chain_global_order_finalization,True,True,45243762,45272551,46278331,,f6fe08f3251270c0b6e046b017cda4b057a0f08bdb9750330de34e33456d21e6,,replacement_candidate_selected,[],replacement,ca2-69618eefef4fa57c795c,cases/ca2-69618eefef4fa57c795c.json,45791a320d9d473ac62aaa2a07f4d8d028b1050e1a584555179da6daef22af0a,,,cases/ca2r-51fea100b454e9f084dd.json,d87dd8aca07fa7acdb604cf428581703ca4595784ba4aed39705adddcb33706e,historical_cases/ca2r-51fea100b454e9f084dd/ca2r-51fea100b454e9f084dd.json,ab53888bf740e4bb0b2f0930192db2e10f74ed093ab3fddf7e51ece57cbbc2f2,16,first_eligible_unique_from_frozen_chain_global_order,d7230b7ad7691da2fd75818601ed2c7b9963f629367060b583a8b95b9d5beddb,d3b80fe4ed7198fc900616b269408c1d0485ef8f000f46d37adb75be862a4a9c,46278330,0x79c2e41b10462d374f21ecd4da048029cc71692e0c9ef275d4aad228e6f8afe0,ca2r-51fea100b454e9f084dd,ca2r-51fea100b454e9f084dd,historical_cases/ca2r-51fea100b454e9f084dd/ca2r-51fea100b454e9f084dd.json,ab53888bf740e4bb0b2f0930192db2e10f74ed093ab3fddf7e51ece57cbbc2f2
sushimiso,defihacklabs,ethereum,13038771,0x4c4564a1fe775d97297f9e3dc2e762e0ed5dda0e,shanghai,ca2-cc76e9ac975f3c46bb14,2021-09-16,SushiSwap Miso,Insufficient validation,src/test/2021-09/Sushimiso_exp.sol,ethereum,https://github.com/SunWeb3Sec/DeFiHackLabs/blob/main/past/2021/README.md,frozen_public_source_hashed,93b19197192b409cf7360b9bfa564d474da5a115f9bf279a5b8cc61093dadab6,4103dc779de5b388c14c86f7e5dcfef58c7ceaabecac89af2dec0cd05f5b1415,"[""https://etherscan.io/tx/0x78d6355703507f88f2090eb780d245b0ab26bf470eabdb004761cedf3b1cda44"", ""https://www.paradigm.xyz/2021/08/two-rights-might-make-a-wrong""]","[""0x78d6355703507f88f2090eb780d245b0ab26bf470eabdb004761cedf3b1cda44""]",,exact_contract_basename,True,True,,,2021-09-16,,,,blocked_missing_onchain_and_availability_evidence,"[""missing:deployment_block"", ""missing:prediction_cutoff_block"", ""missing:source_availability_time"", ""missing:runtime_bytecode_hash_at_cutoff"", ""missing:outcome_adjudication_id""]",retained,,cases/ca2-cc76e9ac975f3c46bb14.json,0879f113ec52c7f6f9da933bb6697b7fa104c127fb75e01f334297e84acc802c,cases/ca2-cc76e9ac975f3c46bb14.json,5f7111aa5b93e56e5ab2cf14334431a1c7574a6377b9c38c734fa77c012ec072,,,,,,,,,,,,ca2-cc76e9ac975f3c46bb14,cases/ca2-cc76e9ac975f3c46bb14.json,5f7111aa5b93e56e5ab2cf14334431a1c7574a6377b9c38c734fa77c012ec072
balancer_20200628,defihacklabs,ethereum,10355806,0x0e511aa1a137aad267dfe3a6bfca0b856c1a3682,,ca2-f056a955a865b551a342,2020-06-28,Balancer Protocol,Token Incompatible,src/test/2020-06/Balancer_20200628_exp.sol,ethereum,https://github.com/SunWeb3Sec/DeFiHackLabs/blob/main/past/2021/README.md,frozen_public_source_hashed,93b19197192b409cf7360b9bfa564d474da5a115f9bf279a5b8cc61093dadab6,cff6c4627717d0667b3d6ecc390f2da2c0f3c61c6ed558a40bf841b4f98fe071,"[""https://etherscan.io/tx/0x013be97768b702fe8eccef1a40544d5ecb3c1961ad5f87fee4d16fdc08c78106"", ""https://slowmist.medium.com/detailed-analysis-of-balancer-hack-de8bd86020de""]","[""0x013be97768b702fe8eccef1a40544d5ecb3c1961ad5f87fee4d16fdc08c78106""]",,exact_contract_basename,True,True,,,2020-06-28,,,,blocked_missing_onchain_and_availability_evidence,"[""missing:deployment_block"", ""missing:prediction_cutoff_block"", ""missing:source_availability_time"", ""missing:runtime_bytecode_hash_at_cutoff"", ""missing:outcome_adjudication_id""]",retained,,cases/ca2-f056a955a865b551a342.json,828b69cdee95879f4b84dbc49e35dc51412ddaebd9838ec0b0ff043aff413bab,cases/ca2-f056a955a865b551a342.json,aa7cd369d19068860cf31c306d710b52e1bf73ddccbfde381ad4f62b6bde7e9e,,,,,,,,,,,,ca2-f056a955a865b551a342,cases/ca2-f056a955a865b551a342.json,aa7cd369d19068860cf31c306d710b52e1bf73ddccbfde381ad4f62b6bde7e9e
mono,defihacklabs,ethereum,13715025,0xc36a7887786389405ea8da0b87602ae3902b88a1,shanghai,ca2-6123dfbf4db930b4d1d5,2021-11-30,MonoX Finance,Price Manipulation,src/test/2021-11/Mono_exp.sol,ethereum,https://github.com/SunWeb3Sec/DeFiHackLabs/blob/main/past/2021/README.md,frozen_public_source_hashed,93b19197192b409cf7360b9bfa564d474da5a115f9bf279a5b8cc61093dadab6,9cd973d11f8ed1476098b090748f544d24666be4e5b92bc1afeb421b3acdd613,"[""https://etherscan.io/tx/0x9f14d093a2349de08f02fc0fb018dadb449351d0cdb7d0738ff69cc6fef5f299"", ""https://knownseclab.com/news/61a986811992da0067558749"", ""https://polygonscan.com/tx/0x5a03b9c03eedcb9ec6e70c6841eaa4976a732d050a6218969e39483bb3004d5d"", ""https://slowmist.medium.com/detailed-analysis-of-the-31-million-monox-protocol-hack-574d8c44a9c8"", ""https://www.tuoniaox.com/news/p-521076.html""]","[""0x5a03b9c03eedcb9ec6e70c6841eaa4976a732d050a6218969e39483bb3004d5d"", ""0x9f14d093a2349de08f02fc0fb018dadb449351d0cdb7d0738ff69cc6fef5f299""]",,exact_contract_basename,True,True,,,2021-11-30,,,,blocked_missing_onchain_and_availability_evidence,"[""missing:deployment_block"", ""missing:prediction_cutoff_block"", ""missing:source_availability_time"", ""missing:runtime_bytecode_hash_at_cutoff"", ""missing:outcome_adjudication_id""]",retained,,cases/ca2-6123dfbf4db930b4d1d5.json,d30d7edd9a40913a99af7c8053f81662d948d2602e8c449318e427bf90a34b68,cases/ca2-6123dfbf4db930b4d1d5.json,eaa26628a880c5c196ec08e8e3175cc65d9e31d7ab9e737b1287515bf8ebdd44,,,,,,,,,,,,ca2-6123dfbf4db930b4d1d5,cases/ca2-6123dfbf4db930b4d1d5.json,eaa26628a880c5c196ec08e8e3175cc65d9e31d7ab9e737b1287515bf8ebdd44
ploutoz,defihacklabs,bsc,12886415,0x844fa82f1e54824655470970f7004dd90546bb28,shanghai,ca2-1110a2625b12e4b110c0,2021-11-23,Ploutoz,Flash Loan,src/test/2021-11/Ploutoz_exp.sol,bsc,https://github.com/SunWeb3Sec/DeFiHackLabs/blob/main/past/2021/README.md,frozen_public_source_hashed,93b19197192b409cf7360b9bfa564d474da5a115f9bf279a5b8cc61093dadab6,f016e278ccd20466d1c44ecf3252729611d6ed2f3adcdd5cc925aa429fbc06d5,"[""https://x.com/peckshield/status/1463113809111896065""]",[],,exact_contract_basename,True,True,,,2021-11-23,,,,blocked_missing_onchain_and_availability_evidence,"[""missing:deployment_block"", ""missing:prediction_cutoff_block"", ""missing:source_availability_time"", ""missing:runtime_bytecode_hash_at_cutoff"", ""missing:outcome_adjudication_id""]",retained,,cases/ca2-1110a2625b12e4b110c0.json,d63acbc5372f041af99c0a9151a126a7b36b7e630325c6a076791655332f0189,cases/ca2-1110a2625b12e4b110c0.json,7bc558877d8179f3a1c5b7544cd71611beabad9ab4f1d330e0c20ebf287138ea,,,,,,,,,,,,ca2-1110a2625b12e4b110c0,cases/ca2-1110a2625b12e4b110c0.json,7bc558877d8179f3a1c5b7544cd71611beabad9ab4f1d330e0c20ebf287138ea
nervebridge,defihacklabs,bsc,12653565,0xd0fbf0a224563d5ffc8a57e4fda6ae080ebcf3d3,shanghai,ca2-4146cf0ae387533d1340,2021-12-14,Nerve Bridge,Swap Metapool Attack,src/test/2021-12/NerveBridge_exp.sol,bsc,https://github.com/SunWeb3Sec/DeFiHackLabs/blob/main/past/2021/README.md,frozen_public_source_hashed,93b19197192b409cf7360b9bfa564d474da5a115f9bf279a5b8cc61093dadab6,dece0a59673e8a0b9d944e2fcd67cd2b5d5239e4cb05e2b2729b09227a85a2d9,"[""https://blocksecteam.medium.com/the-analysis-of-nerve-bridge-security-incident-ead361a21025""]",[],,exact_contract_basename,True,True,,,2021-12-14,,,,blocked_missing_onchain_and_availability_evidence,"[""missing:deployment_block"", ""missing:prediction_cutoff_block"", ""missing:source_availability_time"", ""missing:runtime_bytecode_hash_at_cutoff"", ""missing:outcome_adjudication_id""]",retained,,cases/ca2-4146cf0ae387533d1340.json,57c1528d3852424136dcee18b7cfe9cf6294ea351e3019281295023723175c60,cases/ca2-4146cf0ae387533d1340.json,db5503b0a8c145110b16ca6cc072301cf8299a6cd590e8ee2d927670fe005878,,,,,,,,,,,,ca2-4146cf0ae387533d1340,cases/ca2-4146cf0ae387533d1340.json,db5503b0a8c145110b16ca6cc072301cf8299a6cd590e8ee2d927670fe005878
indexedfinance,defihacklabs,ethereum,13417948,0xf00a38376c8668fc1f3cd3daeef42e0e44a7fcdb,shanghai,ca2-9f5117e07b7b2d16ed22,2021-10-15,Indexed Finance,Price Manipulation,src/test/2021-10/IndexedFinance_exp.sol,mainnet,https://github.com/SunWeb3Sec/DeFiHackLabs/blob/main/past/2021/README.md,frozen_public_source_hashed,93b19197192b409cf7360b9bfa564d474da5a115f9bf279a5b8cc61093dadab6,abff0f9940c92bfd88c9e82d7635f75ccf5764ace19a5f5e9c4cd4b956e55487,"[""https://blocksecteam.medium.com/the-analysis-of-indexed-finance-security-incident-8a62b9799836""]",[],,exact_contract_basename,True,True,,,2021-10-15,,,,blocked_missing_onchain_and_availability_evidence,"[""missing:deployment_block"", ""missing:prediction_cutoff_block"", ""missing:source_availability_time"", ""missing:runtime_bytecode_hash_at_cutoff"", ""missing:outcome_adjudication_id""]",retained,,cases/ca2-9f5117e07b7b2d16ed22.json,8edbb8a830482b31340e36b3018b361d80028d52e6996ffb3679da325e0dc7a3,cases/ca2-9f5117e07b7b2d16ed22.json,dbb9f5b64ef5d16b1865d9c5800d720f8f95166bcd937242bfd3a4c8e21f2af2,,,,,,,,,,,,ca2-9f5117e07b7b2d16ed22,cases/ca2-9f5117e07b7b2d16ed22.json,dbb9f5b64ef5d16b1865d9c5800d720f8f95166bcd937242bfd3a4c8e21f2af2
visor,defihacklabs,ethereum,13849006,0xc9f27a50f82571c1c8423a42970613b8dbda14ef,shanghai,ca2-c5ce6bf171451010d578,2021-12-21,Visor Finance,Reentrancy,src/test/2021-12/Visor_exp.sol,ethereum,https://github.com/SunWeb3Sec/DeFiHackLabs/blob/main/past/2021/README.md,frozen_public_source_hashed,93b19197192b409cf7360b9bfa564d474da5a115f9bf279a5b8cc61093dadab6,57608208f426b1549e7143e045cdcb5c8a3b867e37bcb5efc1392972450cc86e,"[""https://beosin.medium.com/two-vulnerabilities-in-one-function-the-analysis-of-visor-finance-exploit-a15735e2492"", ""https://etherscan.io/tx/0x69272d8c84d67d1da2f6425b339192fa472898dce936f24818fda415c1c1ff3f"", ""https://twitter.com/GammaStrategies/status/1473306777131405314""]","[""0x69272d8c84d67d1da2f6425b339192fa472898dce936f24818fda415c1c1ff3f""]",,exact_contract_basename,True,True,,,2021-12-21,,,,blocked_missing_onchain_and_availability_evidence,"[""missing:deployment_block"", ""missing:prediction_cutoff_block"", ""missing:source_availability_time"", ""missing:runtime_bytecode_hash_at_cutoff"", ""missing:outcome_adjudication_id""]",retained,,cases/ca2-c5ce6bf171451010d578.json,d6f471bcd90a984ef0b0adcc195b29fb1b222d76a81477b991aa417f5cdbd6e8,cases/ca2-c5ce6bf171451010d578.json,5c470d79d94af8dacfd12a3538ace84712cd5a795c359c0d2f7aa1c2fd9dd938,,,,,,,,,,,,ca2-c5ce6bf171451010d578,cases/ca2-c5ce6bf171451010d578.json,5c470d79d94af8dacfd12a3538ace84712cd5a795c359c0d2f7aa1c2fd9dd938
julswap,defihacklabs,bsc,7785586,0x32dffc3fe8e3ef3571bf8a72c0d0015c5373f41d,shanghai,ca2-a517ebcd851bcd0a26cd,2021-05-27,JulSwap,Flash Loan,src/test/2021-05/JulSwap_exp.sol,bsc,https://github.com/SunWeb3Sec/DeFiHackLabs/blob/main/past/2021/README.md,frozen_public_source_hashed,93b19197192b409cf7360b9bfa564d474da5a115f9bf279a5b8cc61093dadab6,78404b116f80b9ab51f5cb3ac92b2df41ae1cf804c432dcd98d241844b780f35,"[""https://x.com/tg_cryptos/status/1398090345368408064""]",[],1.5M,exact_contract_basename,True,True,,,2021-05-27,,,,blocked_missing_onchain_and_availability_evidence,"[""missing:deployment_block"", ""missing:prediction_cutoff_block"", ""missing:source_availability_time"", ""missing:runtime_bytecode_hash_at_cutoff"", ""missing:outcome_adjudication_id""]",retained,,cases/ca2-a517ebcd851bcd0a26cd.json,b74b016ba9f793a7570e467a579b30ad97f27af6f50efac3504fb24467f4449e,cases/ca2-a517ebcd851bcd0a26cd.json,4dffdc7989235ef4e5f0114918d9d18e03ee016f9851987a346896ca2aab9535,,,,,,,,,,,,ca2-a517ebcd851bcd0a26cd,cases/ca2-a517ebcd851bcd0a26cd.json,4dffdc7989235ef4e5f0114918d9d18e03ee016f9851987a346896ca2aab9535
pancakehunny,defihacklabs,bsc,7962338,0x109ea28dbdea5e6ec126fbc8c33845dfe812a300,shanghai,ca2-275669506c0506e44e0f,2021-06-03,PancakeHunny,Incorrect calculation,src/test/2021-06/PancakeHunny_exp.sol,bsc,https://github.com/SunWeb3Sec/DeFiHackLabs/blob/main/past/2021/README.md,frozen_public_source_hashed,93b19197192b409cf7360b9bfa564d474da5a115f9bf279a5b8cc61093dadab6,5cb67b48f7a41c216434ae429a489c490ed20fd197e82c07d18a19c4849ebf43,"[""https://bscscan.com/tx/0x765de8357994a206bb90af57dcf427f48a2021f2f28ca81f2c00bc3b9842be8e"", ""https://medium.com/hunnyfinance/pancakehunny-post-mortem-analysis-de78967401d8""]","[""0x765de8357994a206bb90af57dcf427f48a2021f2f28ca81f2c00bc3b9842be8e""]",,exact_contract_basename,True,True,,,2021-06-03,,,,blocked_missing_onchain_and_availability_evidence,"[""missing:deployment_block"", ""missing:prediction_cutoff_block"", ""missing:source_availability_time"", ""missing:runtime_bytecode_hash_at_cutoff"", ""missing:outcome_adjudication_id""]",retained,,cases/ca2-275669506c0506e44e0f.json,5d2f95868d84732e9fed9deb8401811057803ad769ae96a285c49819c25ac454,cases/ca2-275669506c0506e44e0f.json,d955ba327282ee4c99f7cfb0bff20ec3ab1b6dd0bb6c408b62128d23bb87e568,,,,,,,,,,,,ca2-275669506c0506e44e0f,cases/ca2-275669506c0506e44e0f.json,d955ba327282ee4c99f7cfb0bff20ec3ab1b6dd0bb6c408b62128d23bb87e568
valuedefi,defihacklabs,bsc,7223029,0xd4bbf439d3eab5155ca7c0537e583088fb4cfce8,shanghai,ca2-293982257dd654edb222,2021-05-08,Value Defi,Cross Contract Reentrancy,src/test/2021-05/ValueDefi_exp.sol,bsc,https://github.com/SunWeb3Sec/DeFiHackLabs/blob/main/past/2021/README.md,frozen_public_source_hashed,93b19197192b409cf7360b9bfa564d474da5a115f9bf279a5b8cc61093dadab6,7d78083794faec03af1482a8b998008684c65c30acb511987f8185adfe9bce7a,"[""https://bscscan.com/tx/0xa00def91954ba9f1a1320ef582420d41ca886d417d996362bf3ac3fe2bfb9006"", ""https://rekt.news/rari-capital-rekt/""]","[""0xa00def91954ba9f1a1320ef582420d41ca886d417d996362bf3ac3fe2bfb9006""]",,exact_contract_basename,True,True,,,2021-05-08,,,,blocked_missing_onchain_and_availability_evidence,"[""missing:deployment_block"", ""missing:prediction_cutoff_block"", ""missing:source_availability_time"", ""missing:runtime_bytecode_hash_at_cutoff"", ""missing:outcome_adjudication_id""]",retained,,cases/ca2-293982257dd654edb222.json,0e65b3bf42c18059a46116980539eafb221d09e561577b5f20c330addc6a2f9b,cases/ca2-293982257dd654edb222.json,1e38f79661cb9de2de3d6a2d9c9253adf5ec1923795e8b74cb39c7570941b3fd,,,,,,,,,,,,ca2-293982257dd654edb222,cases/ca2-293982257dd654edb222.json,1e38f79661cb9de2de3d6a2d9c9253adf5ec1923795e8b74cb39c7570941b3fd
tecraspace,defihacklabs,ethereum,14139081,0xe38b72d6595fd3885d1d2f770aa23e94757f91a1,,ca2-a675d1938359eba4234f,2022-02-04,TecraSpace,Any token is destroyed,src/test/2022-02/TecraSpace_exp.sol,ethereum,https://github.com/SunWeb3Sec/DeFiHackLabs/blob/main/past/2022/README.md,frozen_public_source_hashed,e7668ddd37e305db9052d4f208bb3b87d1e75956950739d5e9f1fd66f4c26267,8dcc6cf14da53d18c0dffbe05975ae19cdbb89258d900603f38bd288d7068f77,"[""https://app.blocksec.com/explorer/tx/eth/0x81e9918e248d14d78ff7b697355fd9f456c6d7881486ed14fdfb69db16631154"", ""https://etherscan.io/address/0x6653d9bcbc28fc5a2f5fb5650af8f2b2e1695a15""]","[""0x81e9918e248d14d78ff7b697355fd9f456c6d7881486ed14fdfb69db16631154""]",,exact_contract_basename,True,True,,,2022-02-04,,,,blocked_missing_onchain_and_availability_evidence,"[""missing:deployment_block"", ""missing:prediction_cutoff_block"", ""missing:source_availability_time"", ""missing:runtime_bytecode_hash_at_cutoff"", ""missing:outcome_adjudication_id""]",retained,,cases/ca2-a675d1938359eba4234f.json,19793a5f60423019b7e96172463b77195b256e1021a12dddd80b27adb9c0d1e3,cases/ca2-a675d1938359eba4234f.json,4f3fbb7f2aee3c52c3c1d98050ae797b4b2e70e842927ebb34d4eaf1b344af82,,,,,,,,,,,,ca2-a675d1938359eba4234f,cases/ca2-a675d1938359eba4234f.json,4f3fbb7f2aee3c52c3c1d98050ae797b4b2e70e842927ebb34d4eaf1b344af82
sandbox,defihacklabs,ethereum,14163041,0x50f5474724e0ee42d9a4e711ccfb275809fd6d4a,,ca2-48d4577fa72f25875ad3,2022-02-08,Sandbox LAND,Access control,src/test/2022-02/Sandbox_exp.sol,ethereum,https://github.com/SunWeb3Sec/DeFiHackLabs/blob/main/past/2022/README.md,frozen_public_source_hashed,e7668ddd37e305db9052d4f208bb3b87d1e75956950739d5e9f1fd66f4c26267,ea64f46e2fff8fae01b0e05861d701df420f54d3860838a780ff19c9b45cd38a,"[""https://etherscan.io/tx/0x34516ee081c221d8576939f68aee71e002dd5557180d45194209d6692241f7b1"", ""https://slowmist.medium.com/the-vulnerability-behind-the-sandbox-land-migration-2abf68933170""]","[""0x34516ee081c221d8576939f68aee71e002dd5557180d45194209d6692241f7b1""]",,exact_contract_basename,True,True,,,2022-02-08,,,,blocked_missing_onchain_and_availability_evidence,"[""missing:deployment_block"", ""missing:prediction_cutoff_block"", ""missing:source_availability_time"", ""missing:runtime_bytecode_hash_at_cutoff"", ""missing:outcome_adjudication_id""]",retained,,cases/ca2-48d4577fa72f25875ad3.json,2bee641008eaea45ebf36972f83385186dcc9115ae151c151195dde1884d504c,cases/ca2-48d4577fa72f25875ad3.json,780099e09b523ac41c7fca08d9ca9eaf88ced538c65e8d07c26d01fd9c45f6cd,,,,,,,,,,,,ca2-48d4577fa72f25875ad3,cases/ca2-48d4577fa72f25875ad3.json,780099e09b523ac41c7fca08d9ca9eaf88ced538c65e8d07c26d01fd9c45f6cd
compoundtusd,defihacklabs,ethereum,14266479,0x12392f67bdf24fae0af363c24ac620a2f67dad86,,ca2-5b4e3baaff7190f2f54d,2022-03-22,CompoundTUSDSweepTokenBypass,Insufficient validation,src/test/2022-03/CompoundTusd_exp.sol,mainnet,https://github.com/SunWeb3Sec/DeFiHackLabs/blob/main/past/2022/README.md,frozen_public_source_hashed,e7668ddd37e305db9052d4f208bb3b87d1e75956950739d5e9f1fd66f4c26267,ac5eaa0ad8052973e9e01fb663f70c77e9001defccbcbad78bbc098a269ac35e,"[""https://blog.openzeppelin.com/compound-tusd-integration-issue-retrospective/""]",[],,exact_contract_basename,True,True,,,2022-03-22,,,,blocked_missing_onchain_and_availability_evidence,"[""missing:deployment_block"", ""missing:prediction_cutoff_block"", ""missing:source_availability_time"", ""missing:runtime_bytecode_hash_at_cutoff"", ""missing:outcome_adjudication_id""]",retained,,cases/ca2-5b4e3baaff7190f2f54d.json,78e9d5e4db7db54fa9c0ade5b71e2fe938a677bdfa3fa3df7f3eb58d23b77a23,cases/ca2-5b4e3baaff7190f2f54d.json,c9a2ed53cf18158ca9573911170581f8fb04c06d5cf344d78de10200e6d29f39,,,,,,,,,,,,ca2-5b4e3baaff7190f2f54d,cases/ca2-5b4e3baaff7190f2f54d.json,c9a2ed53cf18158ca9573911170581f8fb04c06d5cf344d78de10200e6d29f39
bearn,defihacklabs,bsc,7457124,0xb390b07fcf76678089cb12d8e615d5fe494b01fb,shanghai,ca2-3d8e91015c9360a5a76f,2021-05-16,bEarn,Logic Flaw,src/test/2021-05/bEarn_exp.sol,bsc,https://github.com/SunWeb3Sec/DeFiHackLabs/blob/main/past/2021/README.md,frozen_public_source_hashed,93b19197192b409cf7360b9bfa564d474da5a115f9bf279a5b8cc61093dadab6,9ed3b8cb1b7fc21c248e7e2df5c1700288d1ff0847766c32554a1ada5bb9e39e,"[""https://bearndao.medium.com/bvaults-busd-alpaca-strategy-exploit-post-mortem-and-bearn-s-compensation-plan-b0b38c3b5540""]",[],11M,exact_contract_basename,True,True,,,2021-05-16,,,,blocked_missing_onchain_and_availability_evidence,"[""missing:deployment_block"", ""missing:prediction_cutoff_block"", ""missing:source_availability_time"", ""missing:runtime_bytecode_hash_at_cutoff"", ""missing:outcome_adjudication_id""]",retained,,cases/ca2-3d8e91015c9360a5a76f.json,e3f8f28eb288c1d6d80c44bec4cfb988806b7e18851e4c0c0d13250069324f5d,cases/ca2-3d8e91015c9360a5a76f.json,609de721dfaabd795705d272bbfa92572497c42e01e6bab0615d94c0e769e4fd,,,,,,,,,,,,ca2-3d8e91015c9360a5a76f,cases/ca2-3d8e91015c9360a5a76f.json,609de721dfaabd795705d272bbfa92572497c42e01e6bab0615d94c0e769e4fd
anyswap,defihacklabs,ethereum,14037236,0x6b7a87899490ece95443e979ca9485cbe7e71522,,ca2-a3eb07131d27e069a3d8,2022-01-18,Multichain (Anyswap),Insufficient Token Validation,src/test/2022-01/Anyswap_exp.sol,ethereum,https://github.com/SunWeb3Sec/DeFiHackLabs/blob/main/past/2022/README.md,frozen_public_source_hashed,e7668ddd37e305db9052d4f208bb3b87d1e75956950739d5e9f1fd66f4c26267,77860e9a02b9d1b78a1dd3749b28c3ff90bf9351a92a266d527389790e9bf2a6,"[""https://etherscan.io/tx/0xe50ed602bd916fc304d53c4fed236698b71691a95774ff0aeeb74b699c6227f7"", ""https://medium.com/zengo/without-permit-multichains-exploit-explained-8417e8c1639b"", ""https://twitter.com/PeckShieldAlert/status/1483363515411099651""]","[""0xe50ed602bd916fc304d53c4fed236698b71691a95774ff0aeeb74b699c6227f7""]",,exact_contract_basename,True,True,,,2022-01-18,,,,blocked_missing_onchain_and_availability_evidence,"[""missing:deployment_block"", ""missing:prediction_cutoff_block"", ""missing:source_availability_time"", ""missing:runtime_bytecode_hash_at_cutoff"", ""missing:outcome_adjudication_id""]",retained,,cases/ca2-a3eb07131d27e069a3d8.json,867470f6577abcd41fd8eaeba0923fd7c2077fa0647dc427c4c72c2322914a2d,cases/ca2-a3eb07131d27e069a3d8.json,e747296b559298e30d165b9f2cf7561e58fc8d540a42c2d5474c66ef773086f7,,,,,,,,,,,,ca2-a3eb07131d27e069a3d8,cases/ca2-a3eb07131d27e069a3d8.json,e747296b559298e30d165b9f2cf7561e58fc8d540a42c2d5474c66ef773086f7
auctus,defihacklabs,ethereum,14460635,0xe7597f774fd0a15a617894dc39d45a28b97afa4f,,ca2-a6061f6cad3a5884d6d4,2022-03-26,Auctus,Arbitrary Call,src/test/2022-03/Auctus_exp.sol,ethereum,https://github.com/SunWeb3Sec/DeFiHackLabs/blob/main/past/2022/README.md,frozen_public_source_hashed,e7668ddd37e305db9052d4f208bb3b87d1e75956950739d5e9f1fd66f4c26267,f7eac2bb75803bc24ee13d8d49f11db7ecc7b5c5f45fde7d1c6c9cd88fdda442,"[""https://etherscan.io/tx/0x2e7d7e7a6eb157b98974c8687fbd848d0158d37edc1302ea08ee5ddb376befea"", ""https://twitter.com/AuctusOptions/status/1508647849663291398?cxt=HHwWjICzpbzO5e8pAAAA""]","[""0x2e7d7e7a6eb157b98974c8687fbd848d0158d37edc1302ea08ee5ddb376befea""]",,exact_contract_basename,True,True,,,2022-03-26,,,,blocked_missing_onchain_and_availability_evidence,"[""missing:deployment_block"", ""missing:prediction_cutoff_block"", ""missing:source_availability_time"", ""missing:runtime_bytecode_hash_at_cutoff"", ""missing:outcome_adjudication_id""]",retained,,cases/ca2-a6061f6cad3a5884d6d4.json,e5dea5c2debe10ce8ddaf725d40e1f488a9b517e89e0683dd518f8db6b4d7f3d,cases/ca2-a6061f6cad3a5884d6d4.json,9dab61539f52a2b70f1c7e002c70538d6f5522027c869bf16e7c58f47ec795c9,,,,,,,,,,,,ca2-a6061f6cad3a5884d6d4,cases/ca2-a6061f6cad3a5884d6d4.json,9dab61539f52a2b70f1c7e002c70538d6f5522027c869bf16e7c58f47ec795c9
paraluni,defihacklabs,bsc,16008280,0x633fa755a83b015cccdc451f82c57ea0bd32b4b4,,ca2-ac986ab36ff83135b05f,2022-03-13,Paraluni,Flashloan & Reentrancy,src/test/2022-03/Paraluni_exp.sol,bsc,https://github.com/SunWeb3Sec/DeFiHackLabs/blob/main/past/2022/README.md,frozen_public_source_hashed,e7668ddd37e305db9052d4f208bb3b87d1e75956950739d5e9f1fd66f4c26267,9afc49f7b502ddc859eb73df6ad44cc8f1978b85a461bd671cda557d2a71d35d,"[""https://bscscan.com/tx/0x70f367b9420ac2654a5223cc311c7f9c361736a39fd4e7dff9ed1b85bab7ad54"", ""https://halborn.com/explained-the-paraluni-hack-march-2022/"", ""https://mobile.twitter.com/paraluni/status/1502951606202994694"", ""https://twitter.com/peckshield/status/1502815435498176514"", ""https://zhuanlan.zhihu.com/p/517535530""]","[""0x70f367b9420ac2654a5223cc311c7f9c361736a39fd4e7dff9ed1b85bab7ad54""]",,exact_contract_basename,True,True,,,2022-03-13,,,,blocked_missing_onchain_and_availability_evidence,"[""missing:deployment_block"", ""missing:prediction_cutoff_block"", ""missing:source_availability_time"", ""missing:runtime_bytecode_hash_at_cutoff"", ""missing:outcome_adjudication_id""]",retained,,cases/ca2-ac986ab36ff83135b05f.json,a6e247f7b659767826138553bf89b20d8ef41683af204e40286be9a76035038b,cases/ca2-ac986ab36ff83135b05f.json,80d69d03b62c9f524073c325f4b9fc1dce690c9cc3ec9f2bfaded7c8c4ca7bee,,,,,,,,,,,,ca2-ac986ab36ff83135b05f,cases/ca2-ac986ab36ff83135b05f.json,80d69d03b62c9f524073c325f4b9fc1dce690c9cc3ec9f2bfaded7c8c4ca7bee
qubit,defihacklabs,ethereum,14090169,0x20e5e35ba29dc3b540a1aee781d0814d5c77bce6,,ca2-ca3ec401a279f9b471a6,2022-01-28,Qubit Finance,Bridge address(0).safeTransferFrom() does not revert,src/test/2022-01/Qubit_exp.sol,mainnet,https://github.com/SunWeb3Sec/DeFiHackLabs/blob/main/past/2022/README.md,frozen_public_source_hashed,e7668ddd37e305db9052d4f208bb3b87d1e75956950739d5e9f1fd66f4c26267,0f00e16a4a5b3ca0999697aa87fe5dca6316af20fddc2f9328ce37176b896972,"[""https://bscscan.com/tx/0x50946e3e4ccb7d39f3512b7ecb75df66e6868b9af0eee8a7e4b61ef8a459518e"", ""https://etherscan.io/address/0xd01ae1a708614948b2b5e0b7ab5be6afa01325c7"", ""https://etherscan.io/tx/0xac7292e7d0ec8ebe1c94203d190874b2aab30592327b6cc875d00f18de6f3133"", ""https://medium.com/@QubitFin/protocol-exploit-report-305c34540fa3"", ""https://rekt.news/qubit-rekt/""]","[""0x50946e3e4ccb7d39f3512b7ecb75df66e6868b9af0eee8a7e4b61ef8a459518e"", ""0xac7292e7d0ec8ebe1c94203d190874b2aab30592327b6cc875d00f18de6f3133""]",,exact_contract_basename,True,True,,,2022-01-28,,,,blocked_missing_onchain_and_availability_evidence,"[""missing:deployment_block"", ""missing:prediction_cutoff_block"", ""missing:source_availability_time"", ""missing:runtime_bytecode_hash_at_cutoff"", ""missing:outcome_adjudication_id""]",retained,,cases/ca2-ca3ec401a279f9b471a6.json,3ee69f995ab6103ec3581d55b78d31f9c4c0bd7c945742d95c4b413d3d9565fe,cases/ca2-ca3ec401a279f9b471a6.json,c0e2fb6ab1db7d820598248fb745beb50817df25e2d7ec5663c829f07b9a3bf2,,,,,,,,,,,,ca2-ca3ec401a279f9b471a6,cases/ca2-ca3ec401a279f9b471a6.json,c0e2fb6ab1db7d820598248fb745beb50817df25e2d7ec5663c829f07b9a3bf2
revest,defihacklabs,ethereum,14465356,0x2320a28f52334d62622cc2eafa15de55f9987ed9,,ca2-e75c05f94545176def00,2022-03-27,Revest Finance,Reentrancy,src/test/2022-03/Revest_exp.sol,ethereum,https://github.com/SunWeb3Sec/DeFiHackLabs/blob/main/past/2022/README.md,frozen_public_source_hashed,e7668ddd37e305db9052d4f208bb3b87d1e75956950739d5e9f1fd66f4c26267,88ae5e0c370c7e71164bf483fef14d13427ddda22572679a18b40123ff9d504d,"[""https://blocksecteam.medium.com/revest-finance-vulnerabilities-more-than-re-entrancy-1609957b742f"", ""https://etherscan.io/tx/0xe0b0c2672b760bef4e2851e91c69c8c0ad135c6987bbf1f43f5846d89e691428""]","[""0xe0b0c2672b760bef4e2851e91c69c8c0ad135c6987bbf1f43f5846d89e691428""]",,exact_contract_basename,True,True,,,2022-03-27,,,,blocked_missing_onchain_and_availability_evidence,"[""missing:deployment_block"", ""missing:prediction_cutoff_block"", ""missing:source_availability_time"", ""missing:runtime_bytecode_hash_at_cutoff"", ""missing:outcome_adjudication_id""]",retained,,cases/ca2-e75c05f94545176def00.json,69eae7dc5d848187d0e2175a2d1c977a5742f23aa9c9583da227357cb8a2a105,cases/ca2-e75c05f94545176def00.json,9367d0231c587119d103bd07ee8e93e822af166c64b587203a074d44913687af,,,,,,,,,,,,ca2-e75c05f94545176def00,cases/ca2-e75c05f94545176def00.json,9367d0231c587119d103bd07ee8e93e822af166c64b587203a074d44913687af
umbrella,defihacklabs,ethereum,14421983,0xb3fb1d01b07a706736ca175f827e4f56021b85de,,ca2-e6ddbcb4d936397b6ffe,2022-03-20,Umbrella Network,Underflow,src/test/2022-03/Umbrella_exp.sol,ethereum,https://github.com/SunWeb3Sec/DeFiHackLabs/blob/main/past/2022/README.md,frozen_public_source_hashed,e7668ddd37e305db9052d4f208bb3b87d1e75956950739d5e9f1fd66f4c26267,d2b545485a2576c627b6163d1b888de767cc3eb51fb52f4e390490d24c8d9900,"[""https://etherscan.io/tx/0x33479bcfbc792aa0f8103ab0d7a3784788b5b0e1467c81ffbed1b7682660b4fa"", ""https://medium.com/uno-re/umbrella-network-hacked-700k-lost-97285b69e8c7""]","[""0x33479bcfbc792aa0f8103ab0d7a3784788b5b0e1467c81ffbed1b7682660b4fa""]",,exact_contract_basename,True,True,,,2022-03-20,,,,blocked_missing_onchain_and_availability_evidence,"[""missing:deployment_block"", ""missing:prediction_cutoff_block"", ""missing:source_availability_time"", ""missing:runtime_bytecode_hash_at_cutoff"", ""missing:outcome_adjudication_id""]",retained,,cases/ca2-e6ddbcb4d936397b6ffe.json,6f84e749defd014cb4e7b5e826e4eed16507a33eae04c4dbeb6a33bee9979661,cases/ca2-e6ddbcb4d936397b6ffe.json,055fbebeb4df9702a37b5ffceadafeaa364b6621e15d78ea00dbd4f22445024a,,,,,,,,,,,,ca2-e6ddbcb4d936397b6ffe,cases/ca2-e6ddbcb4d936397b6ffe.json,055fbebeb4df9702a37b5ffceadafeaa364b6621e15d78ea00dbd4f22445024a
cream_2,defihacklabs,ethereum,13499797,0x3d5bc3c8d13dcb8bf317092d84783c2697ae9258,shanghai,ca2-2f808fc768214bcb9f7d,2021-10-27,CreamFinance,Price Manipulation,src/test/2021-10/Cream_2_exp.sol,mainnet,https://github.com/SunWeb3Sec/DeFiHackLabs/blob/main/past/2021/README.md,frozen_public_source_hashed,93b19197192b409cf7360b9bfa564d474da5a115f9bf279a5b8cc61093dadab6,1d701117ac3bc86137daa8d8de96c3bae95c064e19be5ee80d1e5ebbfb1bb0ae,"[""https://medium.com/immunefi/hack-analysis-cream-finance-oct-2021-fc222d913fc5""]",[],,exact_contract_basename,True,True,,,2021-10-27,,,,blocked_missing_onchain_and_availability_evidence,"[""missing:deployment_block"", ""missing:prediction_cutoff_block"", ""missing:source_availability_time"", ""missing:runtime_bytecode_hash_at_cutoff"", ""missing:outcome_adjudication_id""]",retained,,cases/ca2-2f808fc768214bcb9f7d.json,d5a22c0a38ee38a1a3a71e1ba4abdf75af7cc5e43dd6bad82dba8e91ec4d5e2c,cases/ca2-2f808fc768214bcb9f7d.json,c5fdb9092df32cbfd4543b1105789f1cbc53be10cd95c8935bf21b96d30155f8,,,,,,,,,,,,ca2-2f808fc768214bcb9f7d,cases/ca2-2f808fc768214bcb9f7d.json,c5fdb9092df32cbfd4543b1105789f1cbc53be10cd95c8935bf21b96d30155f8
RWAVault,defihacklabs-temporal-replacement-finalization,ethereum,24979315,0x317aa10528ff675ef4c358ea6a5b7b5494325733,,ca2-637d0856b7b1d9ca4dbd,2026-04-28,RWAVault,replacement_candidate,,ethereum,,replacement_candidate_historical_snapshot_verified,644bf3e8a6cd3e604d74e15ff4cb6705ca5d3def84c4bad87a33e0086ead21a3,73922c8f4de6e44793dcfd109fa1313306341ecec829e1e3fa27fcef668a99f3,[],"[""0x6b04344d5627df59d3bc645e7454f4605a90272852a91e435e370376643353b3""]",,frozen_chain_global_order_finalization,True,True,24381124,24388272,24979316,,9e25a46081b421256f1c44cefea6e261f6c41d0b3324ec3ddabe1fddf44c8689,,replacement_candidate_selected,[],replacement,ca2-8c2839dc60456ec95380,cases/ca2-8c2839dc60456ec95380.json,5195af1f6bdcca3f1127515fc312a028230490cab2b5bb20e9c1fc2fcf6b6f4c,,,cases/ca2r-42c358b27a61c5198e9b.json,6d9e2592e2dbdfabd98892b8e0880b84a9c487211008489224f57614d281037e,historical_cases/ca2r-42c358b27a61c5198e9b/ca2r-42c358b27a61c5198e9b.json,98ab71eb3b8d5e2eb07c3350d120a83bef00d36af1f90aa0adde04a66b50d428,10,first_eligible_unique_from_frozen_chain_global_order,644bf3e8a6cd3e604d74e15ff4cb6705ca5d3def84c4bad87a33e0086ead21a3,a18c0040510cddc88d59e602bac53bbcafbe5dfbc978cff0134cb513de79fc53,24979315,0x6b04344d5627df59d3bc645e7454f4605a90272852a91e435e370376643353b3,ca2r-42c358b27a61c5198e9b,ca2r-42c358b27a61c5198e9b,historical_cases/ca2r-42c358b27a61c5198e9b/ca2r-42c358b27a61c5198e9b.json,98ab71eb3b8d5e2eb07c3350d120a83bef00d36af1f90aa0adde04a66b50d428
rikkei,defihacklabs,bsc,16956474,0xd55f01b4b51b7f48912cd8ca3cdd8070a1a9dba5,,ca2-cc09312220e115bde016,2022-04-15,Rikkei Finance,Access control & Price Oracle Manipulation,src/test/2022-04/Rikkei_exp.sol,bsc,https://github.com/SunWeb3Sec/DeFiHackLabs/blob/main/past/2022/README.md,frozen_public_source_hashed,e7668ddd37e305db9052d4f208bb3b87d1e75956950739d5e9f1fd66f4c26267,c85629486d43f7118174c99849721d472720c1f818639919c84a8eb795cc1a25,"[""https://blockmagnates.com/rikkei-finance-hack/"", ""https://bscscan.com/tx/0x93a9b022df260f1953420cd3e18789e7d1e095459e36fe2eb534918ed1687492"", ""https://knownseclab.com/news/625e865cf1c544005a4bdaf2"", ""https://rikkeifinance.medium.com/rikkei-finance-incident-investigation-report-b5b1745b0155""]","[""0x93a9b022df260f1953420cd3e18789e7d1e095459e36fe2eb534918ed1687492""]",,exact_contract_basename,True,True,,,2022-04-15,,,,blocked_missing_onchain_and_availability_evidence,"[""missing:deployment_block"", ""missing:prediction_cutoff_block"", ""missing:source_availability_time"", ""missing:runtime_bytecode_hash_at_cutoff"", ""missing:outcome_adjudication_id""]",retained,,cases/ca2-cc09312220e115bde016.json,75ef0f92bc69ae2b9e3abdc3b9dd365e0f839979abe48a64752ec02cc2cfd9c7,cases/ca2-cc09312220e115bde016.json,421267b26bb1378862c0ba8f3b21a9cdb75eecd4fb8782947ba9b06bc63b8069,,,,,,,,,,,,ca2-cc09312220e115bde016,cases/ca2-cc09312220e115bde016.json,421267b26bb1378862c0ba8f3b21a9cdb75eecd4fb8782947ba9b06bc63b8069
gym_1,defihacklabs,bsc,16798806,0x1befe6f3f0e8edd2d4d15cae97baee01e51ea4a4,,ca2-2c7f349f1a1765272f4b,2022-04-09,GYMNetwork,Flashloan + token migrate flaw,src/test/2022-04/Gym_1_exp.sol,bsc,https://github.com/SunWeb3Sec/DeFiHackLabs/blob/main/past/2022/README.md,frozen_public_source_hashed,e7668ddd37e305db9052d4f208bb3b87d1e75956950739d5e9f1fd66f4c26267,f06c052bbed028dedfbce1e3573459fba13ecb030f95eeb27b06eaae14b9c7cb,"[""https://bscscan.com/tx/0xa5b0246f2f8d238bb56c0ddb500b04bbe0c30db650e06a41e00b6a0fff11a7e5"", ""https://medium.com/@Beosin_com/beosin-analysis-of-the-attack-on-gymdefi-e5a23bfd93fe"", ""https://twitter.com/BlockSecTeam/status/1512832398643265537""]","[""0xa5b0246f2f8d238bb56c0ddb500b04bbe0c30db650e06a41e00b6a0fff11a7e5""]",,exact_contract_basename,True,True,,,2022-04-09,,,,blocked_missing_onchain_and_availability_evidence,"[""missing:deployment_block"", ""missing:prediction_cutoff_block"", ""missing:source_availability_time"", ""missing:runtime_bytecode_hash_at_cutoff"", ""missing:outcome_adjudication_id""]",retained,,cases/ca2-2c7f349f1a1765272f4b.json,200432b130c92cacd1d29e2ae9f494367e23fde6394dd7e194bc1cdaea499995,cases/ca2-2c7f349f1a1765272f4b.json,5e518e0e30346a5f650c7388cec3441c369e164cbc10c34cbb2d7f87994ddd06,,,,,,,,,,,,ca2-2c7f349f1a1765272f4b,cases/ca2-2c7f349f1a1765272f4b.json,5e518e0e30346a5f650c7388cec3441c369e164cbc10c34cbb2d7f87994ddd06
cftoken,defihacklabs,bsc,16841980,0x8b7218cf6ac641382d7c723de8aa173e98a80196,,ca2-9975357170a08c396c9a,2022-04-11,Creat Future,Overflow,src/test/2022-04/cftoken_exp.sol,bsc,https://github.com/SunWeb3Sec/DeFiHackLabs/blob/main/past/2022/README.md,frozen_public_source_hashed,e7668ddd37e305db9052d4f208bb3b87d1e75956950739d5e9f1fd66f4c26267,ef7aed77f0e27a0eba086a9d55b0a8defb7987fbb448c069472426995eb8aa43,"[""https://bscscan.com/tx/0xc7647406542f8f2473a06fea142d223022370aa5722c044c2b7ea030b8965dd0"", ""https://twitter.com/BlockSecTeam/status/1556497016016228358""]","[""0xc7647406542f8f2473a06fea142d223022370aa5722c044c2b7ea030b8965dd0""]",,exact_contract_basename,True,True,,,2022-04-11,,,,blocked_missing_onchain_and_availability_evidence,"[""missing:deployment_block"", ""missing:prediction_cutoff_block"", ""missing:source_availability_time"", ""missing:runtime_bytecode_hash_at_cutoff"", ""missing:outcome_adjudication_id""]",retained,,cases/ca2-9975357170a08c396c9a.json,7aacd38abbcdb7d8b0435e1f3d7e53ae9134cae869197634e9f1bddeefc670ae,cases/ca2-9975357170a08c396c9a.json,e6ca3f7b628b74a9b6f77adfe676dbfc8c0c3a29b5e896e7a971cbbf9bac416e,,,,,,,,,,,,ca2-9975357170a08c396c9a,cases/ca2-9975357170a08c396c9a.json,e6ca3f7b628b74a9b6f77adfe676dbfc8c0c3a29b5e896e7a971cbbf9bac416e
rari,defihacklabs,ethereum,14684813,0x3f2d1bc6d02522dbcdb216b2e75edddafe04b16f,,ca2-332ccdc5e82202082265,2022-04-30,Rari Capital/Fei Protocol,Flashloan Attack + Reentrancy,src/test/2022-04/Rari_exp.sol,ethereum,https://github.com/SunWeb3Sec/DeFiHackLabs/blob/main/past/2022/README.md,frozen_public_source_hashed,e7668ddd37e305db9052d4f208bb3b87d1e75956950739d5e9f1fd66f4c26267,bfdd6ad4dd398e473d0b99c4932aea070edf3d71517f6371def560e0ba3e6421,"[""https://certik.medium.com/fei-protocol-incident-analysis-8527440696cc"", ""https://etherscan.io/tx/0xab486012f21be741c9e674ffda227e30518e8a1e37a5f1d58d0b0d41f6e76530"", ""https://twitter.com/peckshield/status/1520369315698016256""]","[""0xab486012f21be741c9e674ffda227e30518e8a1e37a5f1d58d0b0d41f6e76530""]",,exact_contract_basename,True,True,,,2022-04-30,,,,blocked_missing_onchain_and_availability_evidence,"[""missing:deployment_block"", ""missing:prediction_cutoff_block"", ""missing:source_availability_time"", ""missing:runtime_bytecode_hash_at_cutoff"", ""missing:outcome_adjudication_id""]",retained,,cases/ca2-332ccdc5e82202082265.json,95554b6b034f14342b099add8ef5e8c6c419ebebfedce63a4a20223f19c32623,cases/ca2-332ccdc5e82202082265.json,bba17cccca1e914fdfcbd6ec764e5ce330d3567d084a89e5bc420e26506cfb5a,,,,,,,,,,,,ca2-332ccdc5e82202082265,cases/ca2-332ccdc5e82202082265.json,bba17cccca1e914fdfcbd6ec764e5ce330d3567d084a89e5bc420e26506cfb5a
wdoge,defihacklabs,bsc,17248705,0x46ba8a59f4863bd20a066fd985b163235425b5f9,,ca2-76e88e5b8b6fbabe3012,2022-04-24,Wiener DOGE,Flashloan,src/test/2022-04/Wdoge_exp.sol,bsc,https://github.com/SunWeb3Sec/DeFiHackLabs/blob/main/past/2022/README.md,frozen_public_source_hashed,e7668ddd37e305db9052d4f208bb3b87d1e75956950739d5e9f1fd66f4c26267,e3d5bf554f1f7886a068cfb63775d3ac3b2f0d2a810d5c9a10348df718f2eaaa,"[""https://bscscan.com/tx/0x4f2005e3815c15d1a9abd8588dd1464769a00414a6b7adcbfd75a5331d378e1d"", ""https://coinyuppie.com/four-combinations-of-hackers-analysis-of-attacks-on-wiener-doge-last-kilometer-medamon-and-pidao-projects/"", ""https://twitter.com/solid_group_1/status/1519034573354676224""]","[""0x4f2005e3815c15d1a9abd8588dd1464769a00414a6b7adcbfd75a5331d378e1d""]",,exact_contract_basename,True,True,,,2022-04-24,,,,blocked_missing_onchain_and_availability_evidence,"[""missing:deployment_block"", ""missing:prediction_cutoff_block"", ""missing:source_availability_time"", ""missing:runtime_bytecode_hash_at_cutoff"", ""missing:outcome_adjudication_id""]",retained,,cases/ca2-76e88e5b8b6fbabe3012.json,7fc4739a216086d3c27602606395a79f63e16f621b72480c6f45a1df1d1fe8a1,cases/ca2-76e88e5b8b6fbabe3012.json,a759613d7a30a413a85cdc12e67d075a20c75fa0e16cd824dd511a822f881242,,,,,,,,,,,,ca2-76e88e5b8b6fbabe3012,cases/ca2-76e88e5b8b6fbabe3012.json,a759613d7a30a413a85cdc12e67d075a20c75fa0e16cd824dd511a822f881242
zeed,defihacklabs,bsc,17132514,0xe7748fce1d1e2f2fd2dddb5074bd074745dda8ea,,ca2-8accf6f062f57db1f918,2022-04-21,Zeed Finance,Incorrect calculation,src/test/2022-04/Zeed_exp.sol,bsc,https://github.com/SunWeb3Sec/DeFiHackLabs/blob/main/past/2022/README.md,frozen_public_source_hashed,e7668ddd37e305db9052d4f208bb3b87d1e75956950739d5e9f1fd66f4c26267,10d5d85a1d88c996ee2a736abc651bf9c2c782d201e43cea87beaefff942724f,"[""https://bscscan.com/tx/0x0507476234193a9a5c7ae2c47e4c4b833a7c3923cefc6fd7667b72f3ca3fa83a"", ""https://medium.com/@zeedcommunity/the-solution-for-the-yeed-lp-pool-attack-a120c53948cd"", ""https://www.cryptotimes.io/hacker-leaves-1m-to-self-destruct-after-zeed-protocol-exploit/""]","[""0x0507476234193a9a5c7ae2c47e4c4b833a7c3923cefc6fd7667b72f3ca3fa83a""]",,exact_contract_basename,True,True,,,2022-04-21,,,,blocked_missing_onchain_and_availability_evidence,"[""missing:deployment_block"", ""missing:prediction_cutoff_block"", ""missing:source_availability_time"", ""missing:runtime_bytecode_hash_at_cutoff"", ""missing:outcome_adjudication_id""]",retained,,cases/ca2-8accf6f062f57db1f918.json,7fc1cb44e1debed39d92d4ba0b06b3ff71c78ee63b94117fe3bbac5a140bc2ce,cases/ca2-8accf6f062f57db1f918.json,999b666f621379186cbceb551330d31ed4c3d1859fca1a36ff8aa35a81367e80,,,,,,,,,,,,ca2-8accf6f062f57db1f918,cases/ca2-8accf6f062f57db1f918.json,999b666f621379186cbceb551330d31ed4c3d1859fca1a36ff8aa35a81367e80
Unverified6883,defihacklabs-temporal-replacement-finalization,ethereum,23002633,0x6883fe4d2ee50941b80b41b8f7f9bf2561d844cc,,ca2-c8dbe37642fb49490307,2025-07-26,Unverified6883,replacement_candidate,,ethereum,,replacement_candidate_historical_snapshot_verified,c7b3556f7fb89934ac8f5152a0966a3c7754f78f2385aefd748b77ad9146706d,4501b1b3a0fdff40c1d33fb3642848729bac2d43576577af0367da61220d1e3d,[],"[""0x6fb78c7737463ea39a23159dd8496c178106b4ee657f2fb6fcb628240c39cd2e""]",,frozen_chain_global_order_finalization,True,True,15532046,15538040,23002634,,24833fd70fcc55e8d940cb175163bfe4e4b04d11b103b15af802d99c28d362a9,,replacement_candidate_selected,[],replacement,ca2-3ec8cb61677cb453af73,cases/ca2-3ec8cb61677cb453af73.json,a06fa8fef87b99ccae1d5626b6563dae1920f1b54d364e91c08334980508f7ca,,,cases/ca2r-7d8d3b48599e130a52b1.json,91fb5d4b3b8c3a8dadcd54a761ae6fc73b61a8729a0131519193d32a20d1d866,historical_cases/ca2r-7d8d3b48599e130a52b1/ca2r-7d8d3b48599e130a52b1.json,016b5fb51a33cb0339199ab3acf977fb939c58f8e8057a50d408adf977af1c21,3,first_eligible_unique_from_frozen_chain_global_order,c7b3556f7fb89934ac8f5152a0966a3c7754f78f2385aefd748b77ad9146706d,d3b80fe4ed7198fc900616b269408c1d0485ef8f000f46d37adb75be862a4a9c,23002633,0x6fb78c7737463ea39a23159dd8496c178106b4ee657f2fb6fcb628240c39cd2e,ca2r-7d8d3b48599e130a52b1,ca2r-7d8d3b48599e130a52b1,historical_cases/ca2r-7d8d3b48599e130a52b1/ca2r-7d8d3b48599e130a52b1.json,016b5fb51a33cb0339199ab3acf977fb939c58f8e8057a50d408adf977af1c21
saddle,defihacklabs,ethereum,14684306,0x824dcd7b044d60df2e89b1bb888e66d8bcf41491,,ca2-c9253cf4e2d235460157,2022-04-30,Saddle Finance,Swap Metapool Attack,src/test/2022-04/Saddle_exp.sol,mainnet,https://github.com/SunWeb3Sec/DeFiHackLabs/blob/main/past/2022/README.md,frozen_public_source_hashed,e7668ddd37e305db9052d4f208bb3b87d1e75956950739d5e9f1fd66f4c26267,cd185764b578e3785166a873b0e69b31c47f673aecf81d03316fdb06e58094be,"[""https://github.com/Hephyrius/Immuni-Saddle-POC"", ""https://medium.com/immunefi/hack-analysis-saddle-finance-april-2022-f2bcb119f38"", ""https://twitter.com/peckshield/status/1520330006710616064""]",[],$10 million,exact_contract_basename,True,True,,,2022-04-30,,,,blocked_missing_onchain_and_availability_evidence,"[""missing:deployment_block"", ""missing:prediction_cutoff_block"", ""missing:source_availability_time"", ""missing:runtime_bytecode_hash_at_cutoff"", ""missing:outcome_adjudication_id""]",retained,,cases/ca2-c9253cf4e2d235460157.json,f142fc656b1454076a94712cda64f38354989cdeedef387abd2d2df0406ab6d7,cases/ca2-c9253cf4e2d235460157.json,6da27d9edf4d6a6f1f338d1bb4d286a86060e835f975f882ab426d7f7ca97de6,,,,,,,,,,,,ca2-c9253cf4e2d235460157,cases/ca2-c9253cf4e2d235460157.json,6da27d9edf4d6a6f1f338d1bb4d286a86060e835f975f882ab426d7f7ca97de6
discover,defihacklabs,bsc,18446845,0xe732a7bd6706cbd6834b300d7c56a8d2096723a7,,ca2-59b9ab9a48493aa5ebce,2022-06-06,Discover,Flashloan & Price Oracle Manipulation,src/test/2022-06/Discover_exp.sol,bsc,https://github.com/SunWeb3Sec/DeFiHackLabs/blob/main/past/2022/README.md,frozen_public_source_hashed,e7668ddd37e305db9052d4f208bb3b87d1e75956950739d5e9f1fd66f4c26267,1bbd267da672f036dcb9cc6a5ccfd9125e402490153ded9ee9e6077892e33b65,"[""https://bscscan.com/tx/0x1dd4989052f69cd388f4dfbeb1690a3f3a323ebb73df816e5ef2466dc98fa4a4"", ""https://bscscan.com/tx/0x8a33a1f8c7af372a9c81ede9e442114f0aabb537e5c3a22c0fd7231c4820f1e9"", ""https://www.anquanke.com/post/id/274003"", ""https://www.twitter.com/BeosinAlert/status/1533734518623899648""]","[""0x1dd4989052f69cd388f4dfbeb1690a3f3a323ebb73df816e5ef2466dc98fa4a4"", ""0x8a33a1f8c7af372a9c81ede9e442114f0aabb537e5c3a22c0fd7231c4820f1e9""]",,exact_contract_basename,True,True,,,2022-06-06,,,,blocked_missing_onchain_and_availability_evidence,"[""missing:deployment_block"", ""missing:prediction_cutoff_block"", ""missing:source_availability_time"", ""missing:runtime_bytecode_hash_at_cutoff"", ""missing:outcome_adjudication_id""]",retained,,cases/ca2-59b9ab9a48493aa5ebce.json,676ce0dbab04fa2079e52cace56b76ed954891b99f2ee9c42c90174751028e13,cases/ca2-59b9ab9a48493aa5ebce.json,ed3b29382d73bbdccbd607ce2ea113558dffc24077c4f890d3562d0d3ed2a0c6,,,,,,,,,,,,ca2-59b9ab9a48493aa5ebce,cases/ca2-59b9ab9a48493aa5ebce.json,ed3b29382d73bbdccbd607ce2ea113558dffc24077c4f890d3562d0d3ed2a0c6
hackdao,defihacklabs,bsc,18073756,0x94e06c77b02ade8341489ab9a23451f68c13ec1c,,ca2-36def0144d519bbc5d86,2022-05-24,HackDao,Skim token balance,src/test/2022-05/HackDao_exp.sol,bsc,https://github.com/SunWeb3Sec/DeFiHackLabs/blob/main/past/2022/README.md,frozen_public_source_hashed,e7668ddd37e305db9052d4f208bb3b87d1e75956950739d5e9f1fd66f4c26267,7d0cc52ff2fd2f99672ff48476b9c21fa5a99820b342fed48eb46b2a5acba657,"[""https://twitter.com/BlockSecTeam/status/1529084919976034304""]",[],,exact_contract_basename,True,True,,,2022-05-24,,,,blocked_missing_onchain_and_availability_evidence,"[""missing:deployment_block"", ""missing:prediction_cutoff_block"", ""missing:source_availability_time"", ""missing:runtime_bytecode_hash_at_cutoff"", ""missing:outcome_adjudication_id""]",retained,,cases/ca2-36def0144d519bbc5d86.json,6da06dca784617ba4e80db8dfce3908805e5e4d996aff3e8ba62898f17c64555,cases/ca2-36def0144d519bbc5d86.json,627a866a0874e8df4c070c3bdc7dda749e456ac1fba24c93913fdc70c0284b87,,,,,,,,,,,,ca2-36def0144d519bbc5d86,cases/ca2-36def0144d519bbc5d86.json,627a866a0874e8df4c070c3bdc7dda749e456ac1fba24c93913fdc70c0284b87
inversefinance,defihacklabs,ethereum,14972418,0x7fcb7dac61ee35b3d4a51117a7c58d53f0a8a670,,ca2-de6d0211681a69ea1f52,2022-06-16,InverseFinance,Flashloan & Price Oracle Manipulation,src/test/2022-06/InverseFinance_exp.sol,ethereum,https://github.com/SunWeb3Sec/DeFiHackLabs/blob/main/past/2022/README.md,frozen_public_source_hashed,e7668ddd37e305db9052d4f208bb3b87d1e75956950739d5e9f1fd66f4c26267,565fe7dc83f785bb37b0d4a80b20879d5d6d810a44db5cf0bb79ed142b3743ba,"[""https://blocksecteam.medium.com/price-oracle-manipulation-attack-on-inverse-finance-a5544218ea91"", ""https://etherscan.io/tx/0x958236266991bc3fe3b77feaacea120f172c0708ad01c7a715b255f218f9313c"", ""https://twitter.com/SlowMist_Team/status/1537602909512376321"", ""https://twitter.com/peckshield/status/1537382891230883841"", ""https://www.certik.com/resources/blog/6LbL57WA3iMNm8zd7q111R-inverse-finance-incident-analysis""]","[""0x958236266991bc3fe3b77feaacea120f172c0708ad01c7a715b255f218f9313c""]",,exact_contract_basename,True,True,,,2022-06-16,,,,blocked_missing_onchain_and_availability_evidence,"[""missing:deployment_block"", ""missing:prediction_cutoff_block"", ""missing:source_availability_time"", ""missing:runtime_bytecode_hash_at_cutoff"", ""missing:outcome_adjudication_id""]",retained,,cases/ca2-de6d0211681a69ea1f52.json,84e911a08aedbeb0adaba0f867933d299d156709d2f874428162e6344d2c8e1a,cases/ca2-de6d0211681a69ea1f52.json,1277b4e5eb456df839cad5734b248f4e687ae0daae20809aafab923e879b2d51,,,,,,,,,,,,ca2-de6d0211681a69ea1f52,cases/ca2-de6d0211681a69ea1f52.json,1277b4e5eb456df839cad5734b248f4e687ae0daae20809aafab923e879b2d51
gym_2,defihacklabs,bsc,18501049,0xa8987285e100a8b557f06a7889f79e0064b359f2,,ca2-a20ccf47b4d8c4cfab79,2022-06-08,GYMNetwork,Accesscontrol,src/test/2022-06/Gym_2_exp.sol,bsc,https://github.com/SunWeb3Sec/DeFiHackLabs/blob/main/past/2022/README.md,frozen_public_source_hashed,e7668ddd37e305db9052d4f208bb3b87d1e75956950739d5e9f1fd66f4c26267,8fcc505a028f0a841ea7fbcb5965f7ef30463ae7e5022b0723605c4461c74cdf,"[""https://twitter.com/1nf0s3cpt/status/1534464698069884929"", ""https://twitter.com/peckshield/status/1534423219607719936"", ""https://www.jinse.com/news/blockchain/1658455.html""]",[],,exact_contract_basename,True,True,,,2022-06-08,,,,blocked_missing_onchain_and_availability_evidence,"[""missing:deployment_block"", ""missing:prediction_cutoff_block"", ""missing:source_availability_time"", ""missing:runtime_bytecode_hash_at_cutoff"", ""missing:outcome_adjudication_id""]",retained,,cases/ca2-a20ccf47b4d8c4cfab79.json,1a2d4e39a72c5b4d3f3f67c39025c8b77c5f47603797374449ce0b2daa5d1a8f,cases/ca2-a20ccf47b4d8c4cfab79.json,17c71901857949a39f0b7682cc8830a2ecfa449f0fe2cd3e52d711214115f9b6,,,,,,,,,,,,ca2-a20ccf47b4d8c4cfab79,cases/ca2-a20ccf47b4d8c4cfab79.json,17c71901857949a39f0b7682cc8830a2ecfa449f0fe2cd3e52d711214115f9b6
JuiceboxREVLoans,defihacklabs-temporal-replacement-finalization,ethereum,24917718,0x1880d832aa283d05b8eab68877717e25fbd550bb,,ca2-2dee2c2a8e814aa3fa88,2026-04-20,JuiceboxREVLoans,replacement_candidate,,ethereum,,replacement_candidate_historical_snapshot_verified,e81571c13e384f7c9b75eaf50c8bc41956fbc120246a94839424c2f731cbd926,773a57aba7ab91660d24f30fb0c8cabaa249329f9e4e29eae6fb8bfb8b081d62,[],"[""0x9adbd62355eb72b4ff6c58716a503133672ed9317ab930a4c6aa31c7a1a8f938""]",,frozen_chain_global_order_finalization,True,True,23346742,23353906,24917719,,41555caa4c43b0b019374727cedf5d11b787a59738731a9f02e5b7b515ca43e3,,replacement_candidate_selected,[],replacement,ca2-a5a309e0af5cc1aa7b9b,cases/ca2-a5a309e0af5cc1aa7b9b.json,d942cc5dbb12efd5dfea19c035e7045c267778a082f34f54d8b67895e3d1c32b,,,cases/ca2r-5a2776d03ace766cf975.json,9667cdabb56fb71c0d643f0cb3df99fda9c2444736d837a35d83ebe1137def05,historical_cases/ca2r-5a2776d03ace766cf975/ca2r-5a2776d03ace766cf975.json,ff404c71e5268c72751957b1754a9927d8014d8c04650a7bf21a424606286bb6,12,first_eligible_unique_from_frozen_chain_global_order,e81571c13e384f7c9b75eaf50c8bc41956fbc120246a94839424c2f731cbd926,a18c0040510cddc88d59e602bac53bbcafbe5dfbc978cff0134cb513de79fc53,24917718,0x9adbd62355eb72b4ff6c58716a503133672ed9317ab930a4c6aa31c7a1a8f938,ca2r-5a2776d03ace766cf975,ca2r-5a2776d03ace766cf975,historical_cases/ca2r-5a2776d03ace766cf975/ca2r-5a2776d03ace766cf975.json,ff404c71e5268c72751957b1754a9927d8014d8c04650a7bf21a424606286bb6
lpc,defihacklabs,bsc,19852596,0x1e813fa05739bf145c1f182cb950da7af046778d,,ca2-14f7f1899d2468d3cabf,2022-07-25,LPC,"Business Logic Flaw : Incorrect recipient balance check, did not check sender!=recipient in transfer",src/test/2022-07/LPC_exp.sol,bsc,https://github.com/SunWeb3Sec/DeFiHackLabs/blob/main/past/2022/README.md,frozen_public_source_hashed,e7668ddd37e305db9052d4f208bb3b87d1e75956950739d5e9f1fd66f4c26267,965abc2879337609e714a13f9ca4dd468ede665cca9a0a0b1a678d2af876b20c,"[""https://twitter.com/BeosinAlert/status/1551535854681718784"", ""https://www.panewslab.com/zh_hk/articledetails/uwv4sma2.html""]",[],,exact_contract_basename,True,True,,,2022-07-25,,,,blocked_missing_onchain_and_availability_evidence,"[""missing:deployment_block"", ""missing:prediction_cutoff_block"", ""missing:source_availability_time"", ""missing:runtime_bytecode_hash_at_cutoff"", ""missing:outcome_adjudication_id""]",retained,,cases/ca2-14f7f1899d2468d3cabf.json,ab7f08a9d6e48a729f4bf84b72b31402861fd78696acdf14407c005c50c5d2ce,cases/ca2-14f7f1899d2468d3cabf.json,ddf824d2eab902c5b3d8720cf46266c2dad0c138f3f298b7092b7ad8fe6c3860,,,,,,,,,,,,ca2-14f7f1899d2468d3cabf,cases/ca2-14f7f1899d2468d3cabf.json,ddf824d2eab902c5b3d8720cf46266c2dad0c138f3f298b7092b7ad8fe6c3860
spacegodzilla,defihacklabs,bsc,19523980,0x2287c04a15bb11ad1358ba5702c1c95e2d13a5e0,,ca2-ee23a7f09f8e25f5c7d9,2022-07-13,SpaceGodzilla,Flashloans & Price Manipulation,src/test/2022-07/SpaceGodzilla_exp.sol,bsc,https://github.com/SunWeb3Sec/DeFiHackLabs/blob/main/past/2022/README.md,frozen_public_source_hashed,e7668ddd37e305db9052d4f208bb3b87d1e75956950739d5e9f1fd66f4c26267,e552b812039f2df36678f729fde98abadeb3c982c781dbc0ebd563f2c12889be,"[""https://learnblockchain.cn/article/4395"", ""https://learnblockchain.cn/article/4396"", ""https://medium.com/numen-cyber-labs/spacegodzilla-attack-event-analysis-d29a061b17e1"", ""https://mobile.twitter.com/BlockSecTeam/status/1547456591900749824""]",[],,exact_contract_basename,True,True,,,2022-07-13,,,,blocked_missing_onchain_and_availability_evidence,"[""missing:deployment_block"", ""missing:prediction_cutoff_block"", ""missing:source_availability_time"", ""missing:runtime_bytecode_hash_at_cutoff"", ""missing:outcome_adjudication_id""]",retained,,cases/ca2-ee23a7f09f8e25f5c7d9.json,1b55f7ae1fdff34e4af646522652609268d8b79611390a24c8f0e253a95d1f3d,cases/ca2-ee23a7f09f8e25f5c7d9.json,38894f6f65a37bab11df940ee1a55de506cde1db8e88468d28f7d5b43688e25d,,,,,,,,,,,,ca2-ee23a7f09f8e25f5c7d9,cases/ca2-ee23a7f09f8e25f5c7d9.json,38894f6f65a37bab11df940ee1a55de506cde1db8e88468d28f7d5b43688e25d
snood,defihacklabs,ethereum,14983660,0xd45740ab9ec920bedbd9bab2e863519e59731941,,ca2-c6799af1babe7f32f44f,2022-06-18,SNOOD,Miscalculation on \_spendAllowance,src/test/2022-06/Snood_exp.sol,ethereum,https://github.com/SunWeb3Sec/DeFiHackLabs/blob/main/past/2022/README.md,frozen_public_source_hashed,e7668ddd37e305db9052d4f208bb3b87d1e75956950739d5e9f1fd66f4c26267,0dd39906bf8cb342ba822987ad463fcd9d4243bb6c670efe79a0943579d39811,"[""https://ethereum.stackexchange.com/questions/130472/attack-on-erc-777-smart-contract-and-uniswapv2pair-resulting-in-104-eth-liquidit"", ""https://etherscan.io/tx/0x9a6227ef97d7ce75732645bd604ef128bb5dfbc1bfbe0966ad1cd2870d45a20e"", ""https://ethtx.info/mainnet/0x9a6227ef97d7ce75732645bd604ef128bb5dfbc1bfbe0966ad1cd2870d45a20e/""]","[""0x9a6227ef97d7ce75732645bd604ef128bb5dfbc1bfbe0966ad1cd2870d45a20e""]",,exact_contract_basename,True,True,,,2022-06-18,,,,blocked_missing_onchain_and_availability_evidence,"[""missing:deployment_block"", ""missing:prediction_cutoff_block"", ""missing:source_availability_time"", ""missing:runtime_bytecode_hash_at_cutoff"", ""missing:outcome_adjudication_id""]",retained,,cases/ca2-c6799af1babe7f32f44f.json,4ec0213b4640f404c55c8dadd64fcef9105526f40d095c30111625eb673d6689,cases/ca2-c6799af1babe7f32f44f.json,68daac456e2291e8103d2aedc996764c83d0c77a787ee773c5bbd45c35987961,,,,,,,,,,,,ca2-c6799af1babe7f32f44f,cases/ca2-c6799af1babe7f32f44f.json,68daac456e2291e8103d2aedc996764c83d0c77a787ee773c5bbd45c35987961
anch,defihacklabs,bsc,20302534,0xa4f5d4afd6b9226b3004dd276a9f778eb75f2e9e,,ca2-627fce499908ff82ad6d,2022-08-09,ANCH,Skim token balance,src/test/2022-08/ANCH_exp.sol,bsc,https://github.com/SunWeb3Sec/DeFiHackLabs/blob/main/past/2022/README.md,frozen_public_source_hashed,e7668ddd37e305db9052d4f208bb3b87d1e75956950739d5e9f1fd66f4c26267,df8cb6720f717f132b0d1444a83d99966a00010c95622096eabb37d9444fc3c7,"[""https://twitter.com/AnciliaInc/status/1557527183966408706""]",[],,exact_contract_basename,True,True,,,2022-08-09,,,,blocked_missing_onchain_and_availability_evidence,"[""missing:deployment_block"", ""missing:prediction_cutoff_block"", ""missing:source_availability_time"", ""missing:runtime_bytecode_hash_at_cutoff"", ""missing:outcome_adjudication_id""]",retained,,cases/ca2-627fce499908ff82ad6d.json,e80a58da8d58795f3d06cd3331295cfd0ecdb040e538fcfbe96ae2f86df2c024,cases/ca2-627fce499908ff82ad6d.json,2bf562a1eae2a157d3b393fe54215138c8e2df7086e6c36a6e043414aff0614c,,,,,,,,,,,,ca2-627fce499908ff82ad6d,cases/ca2-627fce499908ff82ad6d.json,2bf562a1eae2a157d3b393fe54215138c8e2df7086e6c36a6e043414aff0614c
audius,defihacklabs,ethereum,15201793,0x4deca517d6817b6510798b7328f2314d3003abac,,ca2-96f82ac8ed9b6f3e4f14,2022-07-23,Audius,Storage Collision & Malicious Proposal,src/test/2022-07/Audius_exp.sol,mainnet,https://github.com/SunWeb3Sec/DeFiHackLabs/blob/main/past/2022/README.md,frozen_public_source_hashed,e7668ddd37e305db9052d4f208bb3b87d1e75956950739d5e9f1fd66f4c26267,c5b1301a7820658065c0a37affe24ed15dfef662bf35206cc1e82edd86b5d1a4,"[""https://blog.audius.co/article/audius-governance-takeover-post-mortem-7-23-22"", ""https://twitter.com/1nf0s3cpt/status/1551050841146400768"", ""https://twitter.com/AudiusProject/status/1551000725169180672""]",[],,frozen_date_override,True,True,,,2022-07-23,,,,blocked_missing_onchain_and_availability_evidence,"[""missing:deployment_block"", ""missing:prediction_cutoff_block"", ""missing:source_availability_time"", ""missing:runtime_bytecode_hash_at_cutoff"", ""missing:outcome_adjudication_id""]",retained,,cases/ca2-96f82ac8ed9b6f3e4f14.json,045617d2908546109e167dbcf3db9197082ad6615d759b2c9dedbc7688eaa41b,cases/ca2-96f82ac8ed9b6f3e4f14.json,23ac0147eb8e0df475deb280a9070ac94fad1c48eb6b04af82d384c78a30549c,,,,,,,,,,,,ca2-96f82ac8ed9b6f3e4f14,cases/ca2-96f82ac8ed9b6f3e4f14.json,23ac0147eb8e0df475deb280a9070ac94fad1c48eb6b04af82d384c78a30549c
etnproduct,defihacklabs,bsc,20147974,0x1292267f726e6f313972ec4e14578735473e1649,,ca2-2d415ee24d090e5e26dc,2022-08-04,EtnProduct,Business Logic Flaw,src/test/2022-08/EtnProduct_exp.sol,bsc,https://github.com/SunWeb3Sec/DeFiHackLabs/blob/main/past/2022/README.md,frozen_public_source_hashed,e7668ddd37e305db9052d4f208bb3b87d1e75956950739d5e9f1fd66f4c26267,7bb776604651c2fab27ed51f637376921f2fdc64f1c691854bdbf1650c2578d2,"[""https://x.com/BeosinAlert/status/1555439220474642432""]",[],,exact_contract_basename,True,True,,,2022-08-04,,,,blocked_missing_onchain_and_availability_evidence,"[""missing:deployment_block"", ""missing:prediction_cutoff_block"", ""missing:source_availability_time"", ""missing:runtime_bytecode_hash_at_cutoff"", ""missing:outcome_adjudication_id""]",retained,,cases/ca2-2d415ee24d090e5e26dc.json,cfe906516df9dc0055e726c94c530ecebc3107a9843c5cff66ed84af6fdc0829,cases/ca2-2d415ee24d090e5e26dc.json,7e43287bc7e762ea80523cb09ab75464eee0a37465fc8a8ebc761cbba72506bd,,,,,,,,,,,,ca2-2d415ee24d090e5e26dc,cases/ca2-2d415ee24d090e5e26dc.json,7e43287bc7e762ea80523cb09ab75464eee0a37465fc8a8ebc761cbba72506bd
CookFinanceIssuance,defihacklabs-temporal-replacement-finalization,bsc,106740999,0x7db3cbaf736c049933a3af28dbed4a4442aa89d0,,ca2-b801a4d001ea7844b2c0,2026-06-27,CookFinanceIssuance,replacement_candidate,,bsc,,replacement_candidate_historical_snapshot_verified,ceb3ff65d033916b66c7675cf2edcf9cc9407b048e7e64d9cce8ca9ddf939ad4,47f7906afb5de4395204a7c94ea085abfb69b5bdb6d3a91816924741ef256f8f,[],"[""0x51e46828b7aabfa810910b3f8ca535053716e6bcb8b7f94a4ff59757d71a1bca""]",,frozen_chain_global_order_finalization,True,True,16101989,16130686,106741000,,4f54034ec32b510e8777e7c7a4ccacd6001ec292a8062fc44e7be1ab8b9e8713,,replacement_candidate_selected,[],replacement,ca2-001604d480f953df5322,cases/ca2-001604d480f953df5322.json,eb5f6465d1b6403891180669f2a64ce5152b83de9dbeaf05602c02ec0da617ea,,,cases/ca2r-88058b64a3023c297a5f.json,5dd755585cd7598cf4063b889d23cd6c41a5dd07dfdf9c8f1866ed9808df2762,historical_cases/ca2r-88058b64a3023c297a5f/ca2r-88058b64a3023c297a5f.json,d060dd903d942edaef33a67e052a8525e8a59d5794f1b1033c34bf22e745f51d,1,first_eligible_unique_from_frozen_chain_global_order,ceb3ff65d033916b66c7675cf2edcf9cc9407b048e7e64d9cce8ca9ddf939ad4,a18c0040510cddc88d59e602bac53bbcafbe5dfbc978cff0134cb513de79fc53,106740999,0x51e46828b7aabfa810910b3f8ca535053716e6bcb8b7f94a4ff59757d71a1bca,ca2r-88058b64a3023c297a5f,ca2r-88058b64a3023c297a5f,historical_cases/ca2r-88058b64a3023c297a5f/ca2r-88058b64a3023c297a5f.json,d060dd903d942edaef33a67e052a8525e8a59d5794f1b1033c34bf22e745f51d
luckytiger,defihacklabs,ethereum,15403430,0x9c87a5726e98f2f404cdd8ac8968e9b2c80c0967,,ca2-da248926cc32b52fc5ad,2022-08-24,LuckyTiger NFT,Predicting Random Numbers,src/test/2022-08/LuckyTiger_exp.sol,ethereum,https://github.com/SunWeb3Sec/DeFiHackLabs/blob/main/past/2022/README.md,frozen_public_source_hashed,e7668ddd37e305db9052d4f208bb3b87d1e75956950739d5e9f1fd66f4c26267,3d054af4b119ee50bc2daeb0461f8a75d3605ce2c395f77fd1d9e96ee4b8b615,"[""https://etherscan.io/tx/0x804ff3801542bff435a5d733f4d8a93a535d73d0de0f843fd979756a7eab26af"", ""https://twitter.com/1nf0s3cpt/status/1576117129589317633""]","[""0x804ff3801542bff435a5d733f4d8a93a535d73d0de0f843fd979756a7eab26af""]",,exact_contract_basename,True,True,,,2022-08-24,,,,blocked_missing_onchain_and_availability_evidence,"[""missing:deployment_block"", ""missing:prediction_cutoff_block"", ""missing:source_availability_time"", ""missing:runtime_bytecode_hash_at_cutoff"", ""missing:outcome_adjudication_id""]",retained,,cases/ca2-da248926cc32b52fc5ad.json,7e72f98e0a542457ecd568b22629f4f10999b86c1de635894fd09c6d69cc0225,cases/ca2-da248926cc32b52fc5ad.json,41a8bb95c00e56f53c08ed05ebd310d84472be3a9083c22c7f29a721a96c46b0,,,,,,,,,,,,ca2-da248926cc32b52fc5ad,cases/ca2-da248926cc32b52fc5ad.json,41a8bb95c00e56f53c08ed05ebd310d84472be3a9083c22c7f29a721a96c46b0
egd_finance,defihacklabs,bsc,20245522,0x34bd6dba456bc31c2b3393e499fa10bed32a9370,,ca2-29064c97bd3050d5cc0b,2022-08-07,EGD Finance,Flashloans & Price Manipulation,src/test/2022-08/EGD_Finance_exp.sol,bsc,https://github.com/SunWeb3Sec/DeFiHackLabs/blob/main/past/2022/README.md,frozen_public_source_hashed,e7668ddd37e305db9052d4f208bb3b87d1e75956950739d5e9f1fd66f4c26267,0a5382e2133b53dbb3e54f8d78724fd6d573222d192fc00b71c5e5519a84aa22,"[""https://twitter.com/BlockSecTeam/status/1556483435388350464"", ""https://twitter.com/PeckShieldAlert/status/1556486817406283776""]",[],,exact_contract_basename,True,True,,,2022-08-07,,,,blocked_missing_onchain_and_availability_evidence,"[""missing:deployment_block"", ""missing:prediction_cutoff_block"", ""missing:source_availability_time"", ""missing:runtime_bytecode_hash_at_cutoff"", ""missing:outcome_adjudication_id""]",retained,,cases/ca2-29064c97bd3050d5cc0b.json,0e49e195104679a77e5c2c3fdad104b13d313188fbe0678cc388a403c0ea99e5,cases/ca2-29064c97bd3050d5cc0b.json,50763435b40764c7716fafcf2c42975b294e26dd058517557bf69d1ae21eba83,,,,,,,,,,,,ca2-29064c97bd3050d5cc0b,cases/ca2-29064c97bd3050d5cc0b.json,50763435b40764c7716fafcf2c42975b294e26dd058517557bf69d1ae21eba83
badguysbyrpf,defihacklabs,ethereum,15460093,0xb84cbaf116eb90fd445dd5aeadfab3e807d2cbac,,ca2-1dbdc2611cd24dc765b2,2022-09-02,Bad Guys by RPF,Business Logic Flaw : Missing Check For Number of NFT to Mint,src/test/2022-09/BadGuysbyRPF_exp.sol,ethereum,https://github.com/SunWeb3Sec/DeFiHackLabs/blob/main/past/2022/README.md,frozen_public_source_hashed,e7668ddd37e305db9052d4f208bb3b87d1e75956950739d5e9f1fd66f4c26267,f63b98e0b885c4af1e21877846716e2bf1f4fb796d75674c929c382c0a628f82,"[""https://etherscan.io/tx/0x27e64a8215ae1528245c912bcca09883fdd7cce69249bd5d5d1c0eecf5297b96"", ""https://twitter.com/RugDoctorApe/status/1565739119606890498""]","[""0x27e64a8215ae1528245c912bcca09883fdd7cce69249bd5d5d1c0eecf5297b96""]",,exact_contract_basename,True,True,,,2022-09-02,,,,blocked_missing_onchain_and_availability_evidence,"[""missing:deployment_block"", ""missing:prediction_cutoff_block"", ""missing:source_availability_time"", ""missing:runtime_bytecode_hash_at_cutoff"", ""missing:outcome_adjudication_id""]",retained,,cases/ca2-1dbdc2611cd24dc765b2.json,0b8270858b58752da63f97d09e4d952708b6973ee80e8125076db6cca034be28,cases/ca2-1dbdc2611cd24dc765b2.json,a6251a8bf3858c5f83092eb7d002f8369693b7776365a33116228116f871f197,,,,,,,,,,,,ca2-1dbdc2611cd24dc765b2,cases/ca2-1dbdc2611cd24dc765b2.json,a6251a8bf3858c5f83092eb7d002f8369693b7776365a33116228116f871f197
xst_2,defihacklabs,ethereum,15310016,0x91383a15c391c142b80045d8b4730c1c37ac0378,,ca2-aa992d5980e00838b209,2022-08-10,XSTABLE Protocol,Incorrect Logic Check,src/test/2022-08/XST_exp.sol,mainnet,https://github.com/SunWeb3Sec/DeFiHackLabs/blob/main/past/2022/README.md,frozen_public_source_hashed,e7668ddd37e305db9052d4f208bb3b87d1e75956950739d5e9f1fd66f4c26267,ac980aa50936e743b521836e95229deb5e03a037f3e51a56bce508ae29842a7c,"[""https://mobile.twitter.com/BlockSecTeam/status/1557195012042936320""]",[],,frozen_date_override,True,True,,,2022-08-10,,,,blocked_missing_onchain_and_availability_evidence,"[""missing:deployment_block"", ""missing:prediction_cutoff_block"", ""missing:source_availability_time"", ""missing:runtime_bytecode_hash_at_cutoff"", ""missing:outcome_adjudication_id""]",retained,,cases/ca2-aa992d5980e00838b209.json,9e9c146aade368da21ac0e405a0b726c1fe677b619ea4030d487f77c1bd54917,cases/ca2-aa992d5980e00838b209.json,1e712824731430050ee29524dd5bf9f48ec8aae5045be9297eafdf09f901b53f,,,,,,,,,,,,ca2-aa992d5980e00838b209,cases/ca2-aa992d5980e00838b209.json,1e712824731430050ee29524dd5bf9f48ec8aae5045be9297eafdf09f901b53f
nomadbridge,defihacklabs,ethereum,15259100,0x5d94309e5a0090b165fa4181519701637b6daeba,,ca2-cf529333b32b69e4842e,2022-08-02,Nomad Bridge,Business Logic Flaw : Incorrect acceptable merkle-root checks,src/test/2022-08/NomadBridge_exp.sol,mainnet,https://github.com/SunWeb3Sec/DeFiHackLabs/blob/main/past/2022/README.md,frozen_public_source_hashed,e7668ddd37e305db9052d4f208bb3b87d1e75956950739d5e9f1fd66f4c26267,f0e573be780bf95556815ae6a155d116aa4254dfcd4a7c5269af5861099aa70d,"[""https://blog.coinbase.com/nomad-bridge-incident-analysis-899b425b0f34"", ""https://twitter.com/samczsun/status/1554252024723546112"", ""https://www.certik.com/resources/blog/28fMavD63CpZJOKOjb9DX3-nomad-bridge-exploit-incident-analysis""]",[],,exact_contract_basename,True,True,,,2022-08-02,,,,blocked_missing_onchain_and_availability_evidence,"[""missing:deployment_block"", ""missing:prediction_cutoff_block"", ""missing:source_availability_time"", ""missing:runtime_bytecode_hash_at_cutoff"", ""missing:outcome_adjudication_id""]",retained,,cases/ca2-cf529333b32b69e4842e.json,49e5adfff10e7932bcbfafd0398d1cb0fa8456636949815890ddfb4c6842d830,cases/ca2-cf529333b32b69e4842e.json,3f0561da8e28d6e3543a2f512e7cffa9f035ff8cbbffe60a8244cbccad1499c9,,,,,,,,,,,,ca2-cf529333b32b69e4842e,cases/ca2-cf529333b32b69e4842e.json,3f0561da8e28d6e3543a2f512e7cffa9f035ff8cbbffe60a8244cbccad1499c9
bxh,defihacklabs,bsc,21727289,0x27539b1dee647b38e1b987c41c5336b1a8dce663,,ca2-60b7a39b3acbf3ed1937,2022-09-28,BXH,Flashloan & Price Oracle Manipulation,src/test/2022-09/BXH_exp.sol,bsc,https://github.com/SunWeb3Sec/DeFiHackLabs/blob/main/past/2022/README.md,frozen_public_source_hashed,e7668ddd37e305db9052d4f208bb3b87d1e75956950739d5e9f1fd66f4c26267,a1060132f6e66172264c33da043d90c8cc843f22a10c916489986b84d49d9def,"[""https://bscscan.com/tx/0xa13c8c7a0c97093dba3096c88044273c29cebeee109e23622cd412dcca8f50f4"", ""https://www.jinse.com/lives/319392.html""]","[""0xa13c8c7a0c97093dba3096c88044273c29cebeee109e23622cd412dcca8f50f4""]","$40,305",exact_contract_basename,True,True,,,2022-09-28,,,,blocked_missing_onchain_and_availability_evidence,"[""missing:deployment_block"", ""missing:prediction_cutoff_block"", ""missing:source_availability_time"", ""missing:runtime_bytecode_hash_at_cutoff"", ""missing:outcome_adjudication_id""]",retained,,cases/ca2-60b7a39b3acbf3ed1937.json,1a6f5cd45443b09a4c11d75c37a14cb837f74b2a65afa8daef60a8ac70b0422a,cases/ca2-60b7a39b3acbf3ed1937.json,5b2d6e0150b4e459be31b9ffad78251577f450b6f3d25235eedd59d6c6070dd9,,,,,,,,,,,,ca2-60b7a39b3acbf3ed1937,cases/ca2-60b7a39b3acbf3ed1937.json,5b2d6e0150b4e459be31b9ffad78251577f450b6f3d25235eedd59d6c6070dd9
dpc,defihacklabs,bsc,21179209,0xb75ca3c3e99747d0e2f6e75a9fbd17f5ac03cebe,,ca2-0aa20008e0303e8a5201,2022-09-09,DPC,Incorrect Reward calculation,src/test/2022-09/DPC_exp.sol,bsc,https://github.com/SunWeb3Sec/DeFiHackLabs/blob/main/past/2022/README.md,frozen_public_source_hashed,e7668ddd37e305db9052d4f208bb3b87d1e75956950739d5e9f1fd66f4c26267,39fdd2dcab396ec29da33a0d4ccb40047cd6e46be431607901546351eb00b22b,"[""https://bscscan.com/address/0x2109bbecB0a563e204985524Dd3DB2F6254AB419"", ""https://learnblockchain.cn/article/4733"", ""https://twitter.com/BeosinAlert/status/1568429355919089664""]",[],,exact_contract_basename,True,True,,,2022-09-09,,,,blocked_missing_onchain_and_availability_evidence,"[""missing:deployment_block"", ""missing:prediction_cutoff_block"", ""missing:source_availability_time"", ""missing:runtime_bytecode_hash_at_cutoff"", ""missing:outcome_adjudication_id""]",retained,,cases/ca2-0aa20008e0303e8a5201.json,2bc79037f510e3fc3acbbd4175c832d4a52d0945cf5f2470cd11d688d569daae,cases/ca2-0aa20008e0303e8a5201.json,a842530245f2cfe2b65087f76f5c240b6e2efb399951e25eccd4ee4c5b09b711,,,,,,,,,,,,ca2-0aa20008e0303e8a5201,cases/ca2-0aa20008e0303e8a5201.json,a842530245f2cfe2b65087f76f5c240b6e2efb399951e25eccd4ee4c5b09b711
shadowfi,defihacklabs,bsc,20969095,0x10bc28d2810dd462e16facff18f78783e859351b,,ca2-742774bf4edd46ad6f87,2022-09-02,ShadowFi,Access Control,src/test/2022-09/Shadowfi_exp.sol,bsc,https://github.com/SunWeb3Sec/DeFiHackLabs/blob/main/past/2022/README.md,frozen_public_source_hashed,e7668ddd37e305db9052d4f208bb3b87d1e75956950739d5e9f1fd66f4c26267,2674bd359af18771b2693c9eb18c461d64e49e1bff2cb37031a9c1f7353fce91,"[""https://bscscan.com/tx/0xe30dc75253eecec3377e03c532aa41bae1c26909bc8618f21fb83d4330a01018"", ""https://twitter.com/PeckShieldAlert/status/1565549688509861888""]","[""0xe30dc75253eecec3377e03c532aa41bae1c26909bc8618f21fb83d4330a01018""]",,exact_contract_basename,True,True,,,2022-09-02,,,,blocked_missing_onchain_and_availability_evidence,"[""missing:deployment_block"", ""missing:prediction_cutoff_block"", ""missing:source_availability_time"", ""missing:runtime_bytecode_hash_at_cutoff"", ""missing:outcome_adjudication_id""]",retained,,cases/ca2-742774bf4edd46ad6f87.json,f46c882fd3714cb134451cfcbbafff7c7f86cbc412dea617240b96ae03e7da3c,cases/ca2-742774bf4edd46ad6f87.json,42539fbb2b62eb8279b304d5aef3656f40d549bf81157f8539853aeb7729e411,,,,,,,,,,,,ca2-742774bf4edd46ad6f87,cases/ca2-742774bf4edd46ad6f87.json,42539fbb2b62eb8279b304d5aef3656f40d549bf81157f8539853aeb7729e411
atk,defihacklabs,bsc,22102838,0x9cb928bf50ed220ac8f703bce35be5ce7f56c99c,,ca2-8f02fa85c8202388bdf3,2022-10-12,ATK,FlashLoan manipulate price,src/test/2022-10/ATK_exp.sol,bsc,https://github.com/SunWeb3Sec/DeFiHackLabs/blob/main/past/2022/README.md,frozen_public_source_hashed,e7668ddd37e305db9052d4f208bb3b87d1e75956950739d5e9f1fd66f4c26267,c060298c8207aea642918805b16e34a6388f1cdff91137616c2376ab65aefa7f,"[""https://twitter.com/BlockSecTeam/status/1580095325200474112""]",[],~127K BUSD,exact_contract_basename,True,True,,,2022-10-12,,,,blocked_missing_onchain_and_availability_evidence,"[""missing:deployment_block"", ""missing:prediction_cutoff_block"", ""missing:source_availability_time"", ""missing:runtime_bytecode_hash_at_cutoff"", ""missing:outcome_adjudication_id""]",retained,,cases/ca2-8f02fa85c8202388bdf3.json,52c4986948f2bb90162088c26f1d6175093d7e1d0bb94562c96475c5ac787a00,cases/ca2-8f02fa85c8202388bdf3.json,75f8647af09507c6888df3eff431c5d2bfa62d79ba4635de26ba855b9cc978ec,,,,,,,,,,,,ca2-8f02fa85c8202388bdf3,cases/ca2-8f02fa85c8202388bdf3.json,75f8647af09507c6888df3eff431c5d2bfa62d79ba4635de26ba855b9cc978ec
bego,defihacklabs,bsc,22315679,0xc342774492b54ce5f8ac662113ed702fc1b34972,,ca2-8ad0e7849cd27bf47eab,2022-10-20,BEGO,Incorrect signature verification,src/test/2022-10/BEGO_exp.sol,bsc,https://github.com/SunWeb3Sec/DeFiHackLabs/blob/main/past/2022/README.md,frozen_public_source_hashed,e7668ddd37e305db9052d4f208bb3b87d1e75956950739d5e9f1fd66f4c26267,58e9a445670a0e0c48d6d59284a10a8d17e71910bd1fb01d740c18be48ca6e61,"[""https://twitter.com/AnciliaInc/status/1582828751250784256"", ""https://twitter.com/peckshield/status/1582892058800685058""]",[],,exact_contract_basename,True,True,,,2022-10-20,,,,blocked_missing_onchain_and_availability_evidence,"[""missing:deployment_block"", ""missing:prediction_cutoff_block"", ""missing:source_availability_time"", ""missing:runtime_bytecode_hash_at_cutoff"", ""missing:outcome_adjudication_id""]",retained,,cases/ca2-8ad0e7849cd27bf47eab.json,dcef07ed0b3d9a7cf15e8e1c32a31def18771207800a701c142bf7b712dd0ccc,cases/ca2-8ad0e7849cd27bf47eab.json,efaab371be7c4f7b5f483489cb5e89db8f43c7159f54a990e11fb43a8380d368,,,,,,,,,,,,ca2-8ad0e7849cd27bf47eab,cases/ca2-8ad0e7849cd27bf47eab.json,efaab371be7c4f7b5f483489cb5e89db8f43c7159f54a990e11fb43a8380d368
babyswap,defihacklabs,bsc,21811979,0x5c9f1a9ced41ccc5dcecda5afc317b72f1e49636,,ca2-e5a8dccafb3c4f63fdb2,2022-10-01,BabySwap,Parameter Access Control,src/test/2022-10/BabySwap_exp.sol,bsc,https://github.com/SunWeb3Sec/DeFiHackLabs/blob/main/past/2022/README.md,frozen_public_source_hashed,e7668ddd37e305db9052d4f208bb3b87d1e75956950739d5e9f1fd66f4c26267,648b0e42186edd74db255dcbf89e94b86ef3204992ab4ef6515281ec8cb35351,"[""https://twitter.com/BlockSecTeam/status/1576441612812836865""]",[],,exact_contract_basename,True,True,,,2022-10-01,,,,blocked_missing_onchain_and_availability_evidence,"[""missing:deployment_block"", ""missing:prediction_cutoff_block"", ""missing:source_availability_time"", ""missing:runtime_bytecode_hash_at_cutoff"", ""missing:outcome_adjudication_id""]",retained,,cases/ca2-e5a8dccafb3c4f63fdb2.json,90800c12babeacfa7378bb9bc37593c92e141f0f93d4cf676802e2fd1992132c,cases/ca2-e5a8dccafb3c4f63fdb2.json,1987b8afc9de49d13c50572ecaed27f3a718730e4c1ac1252733980684917728,,,,,,,,,,,,ca2-e5a8dccafb3c4f63fdb2,cases/ca2-e5a8dccafb3c4f63fdb2.json,1987b8afc9de49d13c50572ecaed27f3a718730e4c1ac1252733980684917728
roi,defihacklabs,bsc,21143795,0xe48b75dc1b131fd3a8364b0580f76efd04cf6e9c,,ca2-3b0aac1754ae5d74f870,2022-09-08,Ragnarok Online Invasion,Broken Access Control,src/test/2022-09/ROI_exp.sol,bsc,https://github.com/SunWeb3Sec/DeFiHackLabs/blob/main/past/2022/README.md,frozen_public_source_hashed,e7668ddd37e305db9052d4f208bb3b87d1e75956950739d5e9f1fd66f4c26267,bccbb202669b05e37194493de31af6ac45210bb1e2e41b89b2e016ed27d84076,"[""https://medium.com/quillhash/decoding-ragnarok-online-invasion-44k-exploit-quillaudits-261b7e23b55"", ""https://twitter.com/BlockSecTeam/status/1567746825616236544"", ""https://twitter.com/CertiKAlert/status/1567754904663429123"", ""https://www.panewslab.com/zh_hk/articledetails/mbzalpdi.html""]",[],,exact_contract_basename,True,True,,,2022-09-08,,,,blocked_missing_onchain_and_availability_evidence,"[""missing:deployment_block"", ""missing:prediction_cutoff_block"", ""missing:source_availability_time"", ""missing:runtime_bytecode_hash_at_cutoff"", ""missing:outcome_adjudication_id""]",retained,,cases/ca2-3b0aac1754ae5d74f870.json,33f51d25a18b6ce0a8ff61dde62f012f2b44bd472b2a51899c055b3855e59a87,cases/ca2-3b0aac1754ae5d74f870.json,9432b658b21ef2a4d6be9a2ac190d570d3981c298256d90563e90cde5577f357,,,,,,,,,,,,ca2-3b0aac1754ae5d74f870,cases/ca2-3b0aac1754ae5d74f870.json,9432b658b21ef2a4d6be9a2ac190d570d3981c298256d90563e90cde5577f357
JUDAO,defihacklabs-temporal-replacement-finalization,bsc,95070973,0xf55dff7898930a2d28cdbc39d615b1624ac86888,,ca2-ce4de12cb6ec0aa01094,2026-04-28,JUDAO,replacement_candidate,,bsc,,replacement_candidate_historical_snapshot_verified,c7dd6c9cd1ae82c8184d827fa7ba67ea58b40f1e98ea07df9393875cb6a19206,7d6af025464b970ed0f91e86e4a2bc6ead85f4bf27c9b111498c5d282e7a5bc7,[],"[""0x956e38b8ddb40ba080c8042c685ae52ee5c1b096f1d7f0c4a6c59be3eb4265bd""]",,frozen_chain_global_order_finalization,True,True,75703141,75895112,95070974,,ba77bd45fc4e70a04b478d968e5b635e3f47f3c9f02b644650176a6a592a0a40,,replacement_candidate_selected,[],replacement,ca2-997649be77b639049862,cases/ca2-997649be77b639049862.json,a2c888e874b6108fa41a4a9df47081d20450f5b1250d4a8c0bf1abde03439756,,,cases/ca2r-30e61eedd2e8aba1ccf7.json,3fb29a159bb9355263481bf25847282fe15d2362862f5e23eef2591ab074fe83,historical_cases/ca2r-30e61eedd2e8aba1ccf7/ca2r-30e61eedd2e8aba1ccf7.json,2007385a0d836294a1950b1f2aa44d6e37a7127b60918e17e4a868e9c793e1cc,24,first_eligible_unique_from_frozen_chain_global_order,c7dd6c9cd1ae82c8184d827fa7ba67ea58b40f1e98ea07df9393875cb6a19206,a18c0040510cddc88d59e602bac53bbcafbe5dfbc978cff0134cb513de79fc53,95070973,0x956e38b8ddb40ba080c8042c685ae52ee5c1b096f1d7f0c4a6c59be3eb4265bd,ca2r-30e61eedd2e8aba1ccf7,ca2r-30e61eedd2e8aba1ccf7,historical_cases/ca2r-30e61eedd2e8aba1ccf7/ca2r-30e61eedd2e8aba1ccf7.json,2007385a0d836294a1950b1f2aa44d6e37a7127b60918e17e4a868e9c793e1cc
carrot,defihacklabs,bsc,22055611,0xcff086ead392ccb39c49ecda8c974ad5238452ac,,ca2-f6ff26fef2c7c8239a54,2022-10-10,Carrot,Public functionCall,src/test/2022-10/Carrot_exp.sol,bsc,https://github.com/SunWeb3Sec/DeFiHackLabs/blob/main/past/2022/README.md,frozen_public_source_hashed,e7668ddd37e305db9052d4f208bb3b87d1e75956950739d5e9f1fd66f4c26267,4d96e3a73a95448bc7213d2d443106421b0f7cd0bbcc86d258822892334817da,"[""https://bscscan.com/tx/0xa624660c29ee97f3f4ebd36232d8199e7c97533c9db711fa4027994aa11e01b9"", ""https://twitter.com/BlockSecTeam/status/1579908411235237888""]","[""0xa624660c29ee97f3f4ebd36232d8199e7c97533c9db711fa4027994aa11e01b9""]","31,318 BUSDT",exact_contract_basename,True,True,,,2022-10-10,,,,blocked_missing_onchain_and_availability_evidence,"[""missing:deployment_block"", ""missing:prediction_cutoff_block"", ""missing:source_availability_time"", ""missing:runtime_bytecode_hash_at_cutoff"", ""missing:outcome_adjudication_id""]",retained,,cases/ca2-f6ff26fef2c7c8239a54.json,eec679f42a45dbaed458d397a8b7f5022019c8b1bb87f492c547e90eb691d3dc,cases/ca2-f6ff26fef2c7c8239a54.json,965080141090dcd50212ad02b94306577637972c62f9f6bcecccbd8a40a83ff4,,,,,,,,,,,,ca2-f6ff26fef2c7c8239a54,cases/ca2-f6ff26fef2c7c8239a54.json,965080141090dcd50212ad02b94306577637972c62f9f6bcecccbd8a40a83ff4
eflevervault,defihacklabs,ethereum,15746199,0xe39fd820b58f83205db1d9225f28105971c3d309,,ca2-5c189b8bf9f7db29dd4e,2022-10-14,EFLeverVault,Verify flashLoan Callback,src/test/2022-10/EFLeverVault_exp.sol,mainnet,https://github.com/SunWeb3Sec/DeFiHackLabs/blob/main/past/2022/README.md,frozen_public_source_hashed,e7668ddd37e305db9052d4f208bb3b87d1e75956950739d5e9f1fd66f4c26267,954dd3cff81e5096a937ca6ce685065912b871c4db14ebce49c6bec99fd6db35,"[""https://twitter.com/MevRefund/status/1580917351217627136"", ""https://twitter.com/Supremacy_CA/status/1581012823701786624"", ""https://twitter.com/danielvf/status/1580936010556661761""]",[],750 ETH,exact_contract_basename,True,True,,,2022-10-14,,,,blocked_missing_onchain_and_availability_evidence,"[""missing:deployment_block"", ""missing:prediction_cutoff_block"", ""missing:source_availability_time"", ""missing:runtime_bytecode_hash_at_cutoff"", ""missing:outcome_adjudication_id""]",retained,,cases/ca2-5c189b8bf9f7db29dd4e.json,ba8a4a311242424fb67b2a87ffc38b91554cd743445ada7c6577187529b086d9,cases/ca2-5c189b8bf9f7db29dd4e.json,023a04b02a816a00f4c469aff5018b3eb611eeb0b363e0454440009df0c58d9b,,,,,,,,,,,,ca2-5c189b8bf9f7db29dd4e,cases/ca2-5c189b8bf9f7db29dd4e.json,023a04b02a816a00f4c469aff5018b3eb611eeb0b363e0454440009df0c58d9b
health,defihacklabs,bsc,22337425,0x32b166e082993af6598a89397e82e123ca44e74e,,ca2-024816e85dcbd941c181,2022-10-20,HEALTH,Transfer Logic Flaw,src/test/2022-10/HEALTH_exp.sol,bsc,https://github.com/SunWeb3Sec/DeFiHackLabs/blob/main/past/2022/README.md,frozen_public_source_hashed,e7668ddd37e305db9052d4f208bb3b87d1e75956950739d5e9f1fd66f4c26267,9f8e580ec1be1398baaab429018b092e5549088e02adb2649e39678b7af87cca,"[""https://twitter.com/BlockSecTeam/status/1583073442433495040""]",[],,exact_contract_basename,True,True,,,2022-10-20,,,,blocked_missing_onchain_and_availability_evidence,"[""missing:deployment_block"", ""missing:prediction_cutoff_block"", ""missing:source_availability_time"", ""missing:runtime_bytecode_hash_at_cutoff"", ""missing:outcome_adjudication_id""]",retained,,cases/ca2-024816e85dcbd941c181.json,3f4d82c79646cec0e78f38bcb344d6af9362b096386f01f12c0411866b71e710,cases/ca2-024816e85dcbd941c181.json,0c05a257958ad5408ef8ae0440ae4989537a97cbc198f470834e0809b01771ef,,,,,,,,,,,,ca2-024816e85dcbd941c181,cases/ca2-024816e85dcbd941c181.json,0c05a257958ad5408ef8ae0440ae4989537a97cbc198f470834e0809b01771ef
DLMC,defihacklabs-temporal-replacement-finalization,bsc,106091606,0xf2ca2a3572b26ae7c479dc7ae36d922113b1bdf2,,ca2-9d76878011d42a78b09a,2026-06-24,DLMC,replacement_candidate,,bsc,,replacement_candidate_historical_snapshot_verified,2b11120e6814005b2b956d3b097d09822cca6c3a31e00d59587d32d037791964,766773312ed534d1674ea13bf6a4110a8779a630e8ddaa7084b9d91801f9e6a2,[],"[""0x151025d3f0a782340a74d30ef33a5fad044b838e74437a803f0652e70c231306""]",,frozen_chain_global_order_finalization,True,True,94985601,95177358,106091607,,448bb49a1471c56f9c9d0a157a59fe0bd8f10ba86a2f08e900f25a5f4b971ad8,,replacement_candidate_selected,[],replacement,ca2-a04b6477783c9f312b9f,cases/ca2-a04b6477783c9f312b9f.json,539a328e40c98308b5e74033b03fac667f7be67457ab8d2f1e0cf968bda05178,,,cases/ca2r-69e5fdd533acbfbc9416.json,6349ee3ffbcdc0ba3aeec2c1af766f55dd1f231636ff393b8a598caa2d3e2478,historical_cases/ca2r-69e5fdd533acbfbc9416/ca2r-69e5fdd533acbfbc9416.json,31cbea7a2eaeb9864f25ec86e60fb8a3e0aea2c86aa3d21851dfb229e8d93ae3,28,first_eligible_unique_from_frozen_chain_global_order,2b11120e6814005b2b956d3b097d09822cca6c3a31e00d59587d32d037791964,a18c0040510cddc88d59e602bac53bbcafbe5dfbc978cff0134cb513de79fc53,106091606,0x151025d3f0a782340a74d30ef33a5fad044b838e74437a803f0652e70c231306,ca2r-69e5fdd533acbfbc9416,ca2r-69e5fdd533acbfbc9416,historical_cases/ca2r-69e5fdd533acbfbc9416/ca2r-69e5fdd533acbfbc9416.json,31cbea7a2eaeb9864f25ec86e60fb8a3e0aea2c86aa3d21851dfb229e8d93ae3
n00d,defihacklabs,ethereum,15826379,0x2321537fd8ef4644bacdceec54e5f35bf44311fa,,ca2-702749959585da21f48a,2022-10-26,N00d Token,Reentrancy,src/test/2022-10/N00d_exp.sol,mainnet,https://github.com/SunWeb3Sec/DeFiHackLabs/blob/main/past/2022/README.md,frozen_public_source_hashed,e7668ddd37e305db9052d4f208bb3b87d1e75956950739d5e9f1fd66f4c26267,11ff444d4c0e8a4cd162e610148a408caa8130f4f785787c1e1207df8f189a5f,"[""https://twitter.com/AnciliaInc/status/1584955717877784576"", ""https://twitter.com/BlockSecTeam/status/1584959295829180416""]",[],,exact_contract_basename,True,True,,,2022-10-26,,,,blocked_missing_onchain_and_availability_evidence,"[""missing:deployment_block"", ""missing:prediction_cutoff_block"", ""missing:source_availability_time"", ""missing:runtime_bytecode_hash_at_cutoff"", ""missing:outcome_adjudication_id""]",retained,,cases/ca2-702749959585da21f48a.json,3abf4a9182189ae80c2dceebd677dbd7bad2596c3bd04414d54341f998a10d97,cases/ca2-702749959585da21f48a.json,1911a3045ce60849e35a8dedc58ffe91707ebb5bbaff03662abb3877acf8289a,,,,,,,,,,,,ca2-702749959585da21f48a,cases/ca2-702749959585da21f48a.json,1911a3045ce60849e35a8dedc58ffe91707ebb5bbaff03662abb3877acf8289a
inuko,defihacklabs,bsc,22169169,0xea51801b8f5b88543ddad3d1727400c15b209d8f,,ca2-7741e8a9a71601f098a4,2022-10-14,INUKO,FlashLoan price manipulation,src/test/2022-10/INUKO_exp.sol,bsc,https://github.com/SunWeb3Sec/DeFiHackLabs/blob/main/past/2022/README.md,frozen_public_source_hashed,e7668ddd37e305db9052d4f208bb3b87d1e75956950739d5e9f1fd66f4c26267,125d4be47987e729fe46c75a14bc5efc7921bccc042bb535cceb2433d852a750,"[""https://twitter.com/AnciliaInc/status/1587848874076430336""]",[],$50k,exact_contract_basename,True,True,,,2022-10-14,,,,blocked_missing_onchain_and_availability_evidence,"[""missing:deployment_block"", ""missing:prediction_cutoff_block"", ""missing:source_availability_time"", ""missing:runtime_bytecode_hash_at_cutoff"", ""missing:outcome_adjudication_id""]",retained,,cases/ca2-7741e8a9a71601f098a4.json,7829506d11380c6d9d0ccbc9beb8d35566d0860c30f6a1a86440d54771c9fe1b,cases/ca2-7741e8a9a71601f098a4.json,d0082b3f7fc909a4fd0d436f2afda09acdd9d28d40a959b8df5d915b7d277d12,,,,,,,,,,,,ca2-7741e8a9a71601f098a4,cases/ca2-7741e8a9a71601f098a4.json,d0082b3f7fc909a4fd0d436f2afda09acdd9d28d40a959b8df5d915b7d277d12
pltd,defihacklabs,bsc,22252045,0x29b2525e11bc0b0e9e59f705f318601ea6756645,,ca2-8cf05be564db7065817c,2022-10-18,PLTD,Transfer Logic Flaw,src/test/2022-10/PLTD_exp.sol,bsc,https://github.com/SunWeb3Sec/DeFiHackLabs/blob/main/past/2022/README.md,frozen_public_source_hashed,e7668ddd37e305db9052d4f208bb3b87d1e75956950739d5e9f1fd66f4c26267,cac8cf31fc6bc0b34a5b217125cd420c92052fdb5d6f45b969e30f2e005c3a36,"[""https://twitter.com/BeosinAlert/status/1582181583343484928""]",[],$ 24k,exact_contract_basename,True,True,,,2022-10-18,,,,blocked_missing_onchain_and_availability_evidence,"[""missing:deployment_block"", ""missing:prediction_cutoff_block"", ""missing:source_availability_time"", ""missing:runtime_bytecode_hash_at_cutoff"", ""missing:outcome_adjudication_id""]",retained,,cases/ca2-8cf05be564db7065817c.json,c83ee5dcbc278c9ad9d7b86d9677cb4497fbb0b49de99d29ff52f2de87c33cac,cases/ca2-8cf05be564db7065817c.json,5c54447f57373cfcc5d4d896593d80d2bd783bc9171d61671d42cd4b8adf41cd,,,,,,,,,,,,ca2-8cf05be564db7065817c,cases/ca2-8cf05be564db7065817c.json,5c54447f57373cfcc5d4d896593d80d2bd783bc9171d61671d42cd4b8adf41cd
olympusdao,defihacklabs,ethereum,15794363,0x007fe7c498a2cf30971ad8f2cbc36bd14ac51156,,ca2-60a0988512bfa1f54c2e,2022-10-21,OlympusDAO,No input validation,src/test/2022-10/OlympusDao_exp.sol,mainnet,https://github.com/SunWeb3Sec/DeFiHackLabs/blob/main/past/2022/README.md,frozen_public_source_hashed,e7668ddd37e305db9052d4f208bb3b87d1e75956950739d5e9f1fd66f4c26267,9137bfb1f78624f22a987a5c813728ecf26db927f90914a81e97d62f7116241e,"[""https://twitter.com/peckshield/status/1583416829237526528""]",[],,exact_contract_basename,True,True,,,2022-10-21,,,,blocked_missing_onchain_and_availability_evidence,"[""missing:deployment_block"", ""missing:prediction_cutoff_block"", ""missing:source_availability_time"", ""missing:runtime_bytecode_hash_at_cutoff"", ""missing:outcome_adjudication_id""]",retained,,cases/ca2-60a0988512bfa1f54c2e.json,9fa9171fde1e7f4d3efdd01b0008f914a43b8598a6ac6a553a1aee3dbe86e769,cases/ca2-60a0988512bfa1f54c2e.json,0534738e969d01d3f70f3fd9dd55bc50798b8294ed26cdd547083b3adc2b59f7,,,,,,,,,,,,ca2-60a0988512bfa1f54c2e,cases/ca2-60a0988512bfa1f54c2e.json,0534738e969d01d3f70f3fd9dd55bc50798b8294ed26cdd547083b3adc2b59f7
res,defihacklabs,bsc,21948016,0xeccd8b08ac3b587b7175d40fb9c60a20990f8d21,,ca2-758d99036031cc6eb400,2022-10-06,RES-Token,pair manipulate,src/test/2022-10/RES_exp.sol,bsc,https://github.com/SunWeb3Sec/DeFiHackLabs/blob/main/past/2022/README.md,frozen_public_source_hashed,e7668ddd37e305db9052d4f208bb3b87d1e75956950739d5e9f1fd66f4c26267,1dbbd04e37edbe1dd2ff9ede49ad8136d5b3d8d641db8a241146a66538204fe9,"[""https://bscscan.com/tx/0xe59fa48212c4ee716c03e648e04f0ca390f4a4fc921a890fded0e01afa4ba96d"", ""https://twitter.com/AnciliaInc/status/1578119778446680064""]","[""0xe59fa48212c4ee716c03e648e04f0ca390f4a4fc921a890fded0e01afa4ba96d""]",,exact_contract_basename,True,True,,,2022-10-06,,,,blocked_missing_onchain_and_availability_evidence,"[""missing:deployment_block"", ""missing:prediction_cutoff_block"", ""missing:source_availability_time"", ""missing:runtime_bytecode_hash_at_cutoff"", ""missing:outcome_adjudication_id""]",retained,,cases/ca2-758d99036031cc6eb400.json,88df71cd3d4a444623543300af8f44998e78c71dbf31dff4fe80e4b02ed1ab54,cases/ca2-758d99036031cc6eb400.json,24b7dfb1d25cf38430eded2b5ecd4cd189a5ba5063bcc0068a957164fc32754a,,,,,,,,,,,,ca2-758d99036031cc6eb400,cases/ca2-758d99036031cc6eb400.json,24b7dfb1d25cf38430eded2b5ecd4cd189a5ba5063bcc0068a957164fc32754a
rl,defihacklabs,bsc,21794289,0x335ddce3f07b0bdafc03f56c1b30d3b269366666,,ca2-604ce8fc1c483067805c,2022-10-01,RL Token,Incorrect Reward calculation,src/test/2022-10/RL_exp.sol,bsc,https://github.com/SunWeb3Sec/DeFiHackLabs/blob/main/past/2022/README.md,frozen_public_source_hashed,e7668ddd37e305db9052d4f208bb3b87d1e75956950739d5e9f1fd66f4c26267,4bf47ce88fd3406cc0b17b04a55a21cee62f037f476c9839d360c277cb009026,"[""https://twitter.com/CertiKAlert/status/1576195971003858944""]",[],,exact_contract_basename,True,True,,,2022-10-01,,,,blocked_missing_onchain_and_availability_evidence,"[""missing:deployment_block"", ""missing:prediction_cutoff_block"", ""missing:source_availability_time"", ""missing:runtime_bytecode_hash_at_cutoff"", ""missing:outcome_adjudication_id""]",retained,,cases/ca2-604ce8fc1c483067805c.json,8902fc41f236c107abe4340473ce93bf5fbd3d3d6cbd857f15fbeb4c9657887f,cases/ca2-604ce8fc1c483067805c.json,144ed4f6109787bcfc3d9ca328779cf8d56c3a51ac119ec5a6513ac56fe0452c,,,,,,,,,,,,ca2-604ce8fc1c483067805c,cases/ca2-604ce8fc1c483067805c.json,144ed4f6109787bcfc3d9ca328779cf8d56c3a51ac119ec5a6513ac56fe0452c
res_2,defihacklabs,bsc,21948016,0xeccd8b08ac3b587b7175d40fb9c60a20990f8d21,,ca2-301863287cb1e49bdbb5,2022-10-06,RES-Token,pair manipulate,src/test/2022-10/RES_exp.sol,bsc,https://github.com/SunWeb3Sec/DeFiHackLabs/blob/main/past/2022/README.md,frozen_public_source_hashed,e7668ddd37e305db9052d4f208bb3b87d1e75956950739d5e9f1fd66f4c26267,1dbbd04e37edbe1dd2ff9ede49ad8136d5b3d8d641db8a241146a66538204fe9,"[""https://bscscan.com/tx/0xe59fa48212c4ee716c03e648e04f0ca390f4a4fc921a890fded0e01afa4ba96d"", ""https://twitter.com/AnciliaInc/status/1578119778446680064""]","[""0xe59fa48212c4ee716c03e648e04f0ca390f4a4fc921a890fded0e01afa4ba96d""]",,frozen_date_override,True,True,,,2022-10-06,,,,blocked_missing_onchain_and_availability_evidence,"[""missing:deployment_block"", ""missing:prediction_cutoff_block"", ""missing:source_availability_time"", ""missing:runtime_bytecode_hash_at_cutoff"", ""missing:outcome_adjudication_id""]",retained,,cases/ca2-301863287cb1e49bdbb5.json,e0ed5703bc0b0c2a3b412f8de4ed570816372f5ab0e249383eb380b6250e4945,cases/ca2-301863287cb1e49bdbb5.json,202a83f84ab2d363fd4e95e81c54e758b1c76af82de94e13042d05d0ed6665f5,,,,,,,,,,,,ca2-301863287cb1e49bdbb5,cases/ca2-301863287cb1e49bdbb5.json,202a83f84ab2d363fd4e95e81c54e758b1c76af82de94e13042d05d0ed6665f5
uerii,defihacklabs,ethereum,15767837,0x418c24191ae947a78c99fdc0e45a1f96afb254be,,ca2-5d74bde6e71788f42085,2022-10-17,Uerii Token,Access Control,src/test/2022-10/Uerii_exp.sol,mainnet,https://github.com/SunWeb3Sec/DeFiHackLabs/blob/main/past/2022/README.md,frozen_public_source_hashed,e7668ddd37e305db9052d4f208bb3b87d1e75956950739d5e9f1fd66f4c26267,1654298690070fa195b28553bebcf03ed68b7e44ed406b797d80984bf8a0bafb,"[""https://twitter.com/peckshield/status/1581988895142526976""]",[],$2.4 k,exact_contract_basename,True,True,,,2022-10-17,,,,blocked_missing_onchain_and_availability_evidence,"[""missing:deployment_block"", ""missing:prediction_cutoff_block"", ""missing:source_availability_time"", ""missing:runtime_bytecode_hash_at_cutoff"", ""missing:outcome_adjudication_id""]",retained,,cases/ca2-5d74bde6e71788f42085.json,638aca5b26afda740dff94958c10ea2908c32caec5dc7a92be62f84e9d0a9478,cases/ca2-5d74bde6e71788f42085.json,200042d3d476ec6c179247d4da76d744b701e1c6dd8c403d36285845d145a892,,,,,,,,,,,,ca2-5d74bde6e71788f42085,cases/ca2-5d74bde6e71788f42085.json,200042d3d476ec6c179247d4da76d744b701e1c6dd8c403d36285845d145a892
templedao,defihacklabs,ethereum,15725066,0xd2869042e12a3506100af1d192b5b04d65137941,,ca2-e71c9a37159c80622f42,2022-10-11,Templedao,Insufficient access control,src/test/2022-10/Templedao_exp.sol,ethereum,https://github.com/SunWeb3Sec/DeFiHackLabs/blob/main/past/2022/README.md,frozen_public_source_hashed,e7668ddd37e305db9052d4f208bb3b87d1e75956950739d5e9f1fd66f4c26267,6b76732e2c68a560ae8b5c0f0d15030848042afcd80136eb3b27d6ce55762cdc,"[""https://etherscan.io/tx/0x8c3f442fc6d640a6ff3ea0b12be64f1d4609ea94edd2966f42c01cd9bdcf04b5"", ""https://twitter.com/BlockSecTeam/status/1579843881893769222""]","[""0x8c3f442fc6d640a6ff3ea0b12be64f1d4609ea94edd2966f42c01cd9bdcf04b5""]",$2.3 million,exact_contract_basename,True,True,,,2022-10-11,,,,blocked_missing_onchain_and_availability_evidence,"[""missing:deployment_block"", ""missing:prediction_cutoff_block"", ""missing:source_availability_time"", ""missing:runtime_bytecode_hash_at_cutoff"", ""missing:outcome_adjudication_id""]",retained,,cases/ca2-e71c9a37159c80622f42.json,e6f12a563857fd56ab63499ab0ace81b27751fb7e8024dd70593a69ece085f01,cases/ca2-e71c9a37159c80622f42.json,e7caf330f287c47e26da22a78688b534b48d27ba64563e8db23b1ed09f851f67,,,,,,,,,,,,ca2-e71c9a37159c80622f42,cases/ca2-e71c9a37159c80622f42.json,e7caf330f287c47e26da22a78688b534b48d27ba64563e8db23b1ed09f851f67
vtf,defihacklabs,bsc,22535101,0xc6548caf18e20f88cc437a52b6d388b0d54d830d,,ca2-83e922a7f39b2bc4b4b1,2022-10-27,VTF Token,Incorrect Reward calculation,src/test/2022-10/VTF_exp.sol,bsc,https://github.com/SunWeb3Sec/DeFiHackLabs/blob/main/past/2022/README.md,frozen_public_source_hashed,e7668ddd37e305db9052d4f208bb3b87d1e75956950739d5e9f1fd66f4c26267,5d36cdbaf2577149dee0157b6dfc3195d8ce58eab869241635489c9bbe703964,"[""https://twitter.com/BeosinAlert/status/1585587030981218305"", ""https://twitter.com/BlockSecTeam/status/1585575129936977920"", ""https://twitter.com/peckshield/status/1585572694241988609""]",[],$50k,exact_contract_basename,True,True,,,2022-10-27,,,,blocked_missing_onchain_and_availability_evidence,"[""missing:deployment_block"", ""missing:prediction_cutoff_block"", ""missing:source_availability_time"", ""missing:runtime_bytecode_hash_at_cutoff"", ""missing:outcome_adjudication_id""]",retained,,cases/ca2-83e922a7f39b2bc4b4b1.json,c23eb6e8427c1223ad18fdeb18c6259eb86a7699613e2dc254c96cd5e323c90d,cases/ca2-83e922a7f39b2bc4b4b1.json,80007c136d8d44d531411b9e8f3a27197a895a9e80444dc2dc1eca242c5c01dc,,,,,,,,,,,,ca2-83e922a7f39b2bc4b4b1,cases/ca2-83e922a7f39b2bc4b4b1.json,80007c136d8d44d531411b9e8f3a27197a895a9e80444dc2dc1eca242c5c01dc
ulme,defihacklabs,bsc,22476695,0xae975a25646e6eb859615d0a147b909c13d31fed,,ca2-aa385c0e97d08a3f6364,2022-10-25,ULME,Access Control,src/test/2022-10/ULME_exp.sol,bsc,https://github.com/SunWeb3Sec/DeFiHackLabs/blob/main/past/2022/README.md,frozen_public_source_hashed,e7668ddd37e305db9052d4f208bb3b87d1e75956950739d5e9f1fd66f4c26267,cdf407823e4e95f546434c59ec7012fb89c14ae363f85652580392d25971c807,"[""https://medium.com/neptune-mutual/decoding-ulme-token-flash-loan-attack-56470d261787"", ""https://twitter.com/BeosinAlert/status/1584888021299916801"", ""https://twitter.com/BlockSecTeam/status/1584839309781135361""]",[],,exact_contract_basename,True,True,,,2022-10-25,,,,blocked_missing_onchain_and_availability_evidence,"[""missing:deployment_block"", ""missing:prediction_cutoff_block"", ""missing:source_availability_time"", ""missing:runtime_bytecode_hash_at_cutoff"", ""missing:outcome_adjudication_id""]",retained,,cases/ca2-aa385c0e97d08a3f6364.json,9a4c0675e68bc9672ad397f5e487a769bddb0386982932b359c25cba8d4357e3,cases/ca2-aa385c0e97d08a3f6364.json,2831e52d90d0f7dc0854a46c72b205a5749254d3eef56297621700980a37c276,,,,,,,,,,,,ca2-aa385c0e97d08a3f6364,cases/ca2-aa385c0e97d08a3f6364.json,2831e52d90d0f7dc0854a46c72b205a5749254d3eef56297621700980a37c276
teamfinance,defihacklabs,ethereum,15837893,0xe2fe530c047f2d85298b07d9333c05737f1435fb,,ca2-c2f4de8010f571d74d0d,2022-10-27,Team Finance,Liquidity Migration Exploit,src/test/2022-10/TeamFinance_exp.sol,mainnet,https://github.com/SunWeb3Sec/DeFiHackLabs/blob/main/past/2022/README.md,frozen_public_source_hashed,e7668ddd37e305db9052d4f208bb3b87d1e75956950739d5e9f1fd66f4c26267,6a0e8bd382922d81dcc1554154f4b378dd28d80882eaeb9867fcf36815ccb2f9,"[""https://twitter.com/BeosinAlert/status/1585578499125178369"", ""https://twitter.com/TeamFinance_/status/1585770918873542656"", ""https://twitter.com/peckshield/status/1585587858978623491"", ""https://twitter.com/solid_group_1/status/1585643249305518083""]",[],Multiple Tokens ~$15.8M US$,exact_contract_basename,True,True,,,2022-10-27,,,,blocked_missing_onchain_and_availability_evidence,"[""missing:deployment_block"", ""missing:prediction_cutoff_block"", ""missing:source_availability_time"", ""missing:runtime_bytecode_hash_at_cutoff"", ""missing:outcome_adjudication_id""]",retained,,cases/ca2-c2f4de8010f571d74d0d.json,e4680de00a096595508c69cabfdec7862516aa159e7447bfe83977378b77d522,cases/ca2-c2f4de8010f571d74d0d.json,bef10d5c62e22c5d0254c02499c4bbf674c6adf0ad3bbccefb36e7ef4955708c,,,,,,,,,,,,ca2-c2f4de8010f571d74d0d,cases/ca2-c2f4de8010f571d74d0d.json,bef10d5c62e22c5d0254c02499c4bbf674c6adf0ad3bbccefb36e7ef4955708c
ulme_2,defihacklabs,bsc,22476695,0xae975a25646e6eb859615d0a147b909c13d31fed,,ca2-96f365accfda88170b34,2022-10-25,ULME,Access Control,src/test/2022-10/ULME_exp.sol,bsc,https://github.com/SunWeb3Sec/DeFiHackLabs/blob/main/past/2022/README.md,frozen_public_source_hashed,e7668ddd37e305db9052d4f208bb3b87d1e75956950739d5e9f1fd66f4c26267,cdf407823e4e95f546434c59ec7012fb89c14ae363f85652580392d25971c807,"[""https://medium.com/neptune-mutual/decoding-ulme-token-flash-loan-attack-56470d261787"", ""https://twitter.com/BeosinAlert/status/1584888021299916801"", ""https://twitter.com/BlockSecTeam/status/1584839309781135361""]",[],,normalized_title_fallback,True,True,,,2022-10-25,,,,blocked_missing_onchain_and_availability_evidence,"[""missing:deployment_block"", ""missing:prediction_cutoff_block"", ""missing:source_availability_time"", ""missing:runtime_bytecode_hash_at_cutoff"", ""missing:outcome_adjudication_id""]",retained,,cases/ca2-96f365accfda88170b34.json,277731b162da13730c76093a33f9fc9bf473e29f844b5006f95752d3fe5490d8,cases/ca2-96f365accfda88170b34.json,3e3ba6823c3402e95eb7828a5d6b777f043affa9d2dbadb0a96a838acc480739,,,,,,,,,,,,ca2-96f365accfda88170b34,cases/ca2-96f365accfda88170b34.json,3e3ba6823c3402e95eb7828a5d6b777f043affa9d2dbadb0a96a838acc480739
aur,defihacklabs,bsc,23282134,0x70678291bddfd95498d1214be368e19e882f7614,,ca2-b141324cdd440e7feb3e,2022-11-22,AUR,Lack of Permission Check,src/test/2022-11/AUR_exp.sol,bsc,https://github.com/SunWeb3Sec/DeFiHackLabs/blob/main/past/2022/README.md,frozen_public_source_hashed,e7668ddd37e305db9052d4f208bb3b87d1e75956950739d5e9f1fd66f4c26267,a1adaf41dd11076a0c6abe847a5a99f7c01768579fff99e51ec958f98aed2032,"[""https://twitter.com/AnciliaInc/status/1595142246570958848""]",[],$13k,exact_contract_basename,True,True,,,2022-11-22,,,,blocked_missing_onchain_and_availability_evidence,"[""missing:deployment_block"", ""missing:prediction_cutoff_block"", ""missing:source_availability_time"", ""missing:runtime_bytecode_hash_at_cutoff"", ""missing:outcome_adjudication_id""]",retained,,cases/ca2-b141324cdd440e7feb3e.json,4dd08bbd5bdcdc814a499a49b9b701ef2cede428ffb3e198f7dae8c514806404,cases/ca2-b141324cdd440e7feb3e.json,dd0ee39e93ac6221ce868ef3284663e01194fdd4a1753447db29772acfd178ac,,,,,,,,,,,,ca2-b141324cdd440e7feb3e,cases/ca2-b141324cdd440e7feb3e.json,dd0ee39e93ac6221ce868ef3284663e01194fdd4a1753447db29772acfd178ac
annex,defihacklabs,bsc,23165446,0xe65e970f065643ba80e5822edff483a1d75263e3,,ca2-a13694fcc2f9f05dda72,2022-11-19,AnnexFinance,Verify flashLoan Callback,src/test/2022-11/Annex_exp.sol,bsc,https://github.com/SunWeb3Sec/DeFiHackLabs/blob/main/past/2022/README.md,frozen_public_source_hashed,e7668ddd37e305db9052d4f208bb3b87d1e75956950739d5e9f1fd66f4c26267,e742a9533015d11cdc16dd7199f05e94aeb146693ddbbb56822682c4c62144a5,"[""https://twitter.com/AnciliaInc/status/1593690338526273536""]",[],$3k,exact_contract_basename,True,True,,,2022-11-19,,,,blocked_missing_onchain_and_availability_evidence,"[""missing:deployment_block"", ""missing:prediction_cutoff_block"", ""missing:source_availability_time"", ""missing:runtime_bytecode_hash_at_cutoff"", ""missing:outcome_adjudication_id""]",retained,,cases/ca2-a13694fcc2f9f05dda72.json,b2426af653e0c9ec4f77fea36c5e152603813c69aa525134c8bf4666ed2f8441,cases/ca2-a13694fcc2f9f05dda72.json,ab32c2c3c095f8b04c580397fd6bac98442035ee2ae684cae259e498839d0b62,,,,,,,,,,,,ca2-a13694fcc2f9f05dda72,cases/ca2-a13694fcc2f9f05dda72.json,ab32c2c3c095f8b04c580397fd6bac98442035ee2ae684cae259e498839d0b62
xavefinance,defihacklabs,ethereum,15704736,0x8f9036732b9aa9b82d8f35e54b71faeb2f573e2f,,ca2-4c7dcc457e38b7cc78ee,2022-10-09,Xave Finance,Malicious Proposal Mint & Transfer Ownership,src/test/2022-10/XaveFinance_exp.sol,ethereum,https://github.com/SunWeb3Sec/DeFiHackLabs/blob/main/past/2022/README.md,frozen_public_source_hashed,e7668ddd37e305db9052d4f208bb3b87d1e75956950739d5e9f1fd66f4c26267,450c1eed9cbbb389605b19e2b6ba170d61dbfe8eaf90ef0f3efb5111927f9f80,"[""https://etherscan.io/tx/0xc18ec2eb7d41638d9982281e766945d0428aaeda6211b4ccb6626ea7cff31f4a"", ""https://twitter.com/BeosinAlert/status/1579040051853303808""]","[""0xc18ec2eb7d41638d9982281e766945d0428aaeda6211b4ccb6626ea7cff31f4a""]","100,000,000,000,000 RNBW",exact_contract_basename,True,True,,,2022-10-09,,,,blocked_missing_onchain_and_availability_evidence,"[""missing:deployment_block"", ""missing:prediction_cutoff_block"", ""missing:source_availability_time"", ""missing:runtime_bytecode_hash_at_cutoff"", ""missing:outcome_adjudication_id""]",retained,,cases/ca2-4c7dcc457e38b7cc78ee.json,6eef4e278ea321560b95e4159e34437f006a02489a8279ec1678708fc4039c5a,cases/ca2-4c7dcc457e38b7cc78ee.json,69c533b05a25259364c2db046391aafd4f2611bd6d6196f36c373754fcbb6e2b,,,,,,,,,,,,ca2-4c7dcc457e38b7cc78ee,cases/ca2-4c7dcc457e38b7cc78ee.json,69c533b05a25259364c2db046391aafd4f2611bd6d6196f36c373754fcbb6e2b
bdex,defihacklabs,bsc,22629431,0xb2b1dc3204ee8899d6575f419e72b53e370f6b20,,ca2-d21da7d9fce0924660dc,2022-11-05,BDEX,Business Logic Flaw,src/test/2022-11/BDEX_exp.sol,bsc,https://github.com/SunWeb3Sec/DeFiHackLabs/blob/main/past/2022/README.md,frozen_public_source_hashed,e7668ddd37e305db9052d4f208bb3b87d1e75956950739d5e9f1fd66f4c26267,d7356a5b6c7826496bf5c92e42ee8d41decc81ac2d426a9956fb48b508e80f61,"[""https://twitter.com/BeosinAlert/status/1588579143830343683""]",[],16WBNB,exact_contract_basename,True,True,,,2022-11-05,,,,blocked_missing_onchain_and_availability_evidence,"[""missing:deployment_block"", ""missing:prediction_cutoff_block"", ""missing:source_availability_time"", ""missing:runtime_bytecode_hash_at_cutoff"", ""missing:outcome_adjudication_id""]",retained,,cases/ca2-d21da7d9fce0924660dc.json,144cfec3b0e280da0b39792e2a84695efd070723d7e4a25e5584c4b15d30135c,cases/ca2-d21da7d9fce0924660dc.json,9ff585b4f1f14aa0d710fd417697876147bb67ae1043cf59bf5e6a56c17f4829,,,,,,,,,,,,ca2-d21da7d9fce0924660dc,cases/ca2-d21da7d9fce0924660dc.json,9ff585b4f1f14aa0d710fd417697876147bb67ae1043cf59bf5e6a56c17f4829
kashi,defihacklabs,ethereum,15928289,0xbb02a884621fb8f5bfd263a67f58b65df5b090f3,,ca2-2ba749707a4aa17e7fd0,2022-11-08,Kashi,Price-caching Design Defect,src/test/2022-11/Kashi_exp.sol,mainnet,https://github.com/SunWeb3Sec/DeFiHackLabs/blob/main/past/2022/README.md,frozen_public_source_hashed,e7668ddd37e305db9052d4f208bb3b87d1e75956950739d5e9f1fd66f4c26267,b77c60f150c5c25dd906c2a9903f85b1fafd528d087091821a1d60cdca30cde7,"[""https://eigenphi.substack.com/p/casting-a-magic-spell-on-abracadabra"", ""https://twitter.com/BlockSecTeam/status/1603633067876155393""]",[],$110k,exact_contract_basename,True,True,,,2022-11-08,,,,blocked_missing_onchain_and_availability_evidence,"[""missing:deployment_block"", ""missing:prediction_cutoff_block"", ""missing:source_availability_time"", ""missing:runtime_bytecode_hash_at_cutoff"", ""missing:outcome_adjudication_id""]",retained,,cases/ca2-2ba749707a4aa17e7fd0.json,20e7c98d49cf8d217548c76b45df333ce378faf7a68664819b2cdee2fbb0844b,cases/ca2-2ba749707a4aa17e7fd0.json,dc0007ee22ed4954330100ab484a4fa1c92f0fbc9a46e971fb1bb1680657e014,,,,,,,,,,,,ca2-2ba749707a4aa17e7fd0,cases/ca2-2ba749707a4aa17e7fd0.json,dc0007ee22ed4954330100ab484a4fa1c92f0fbc9a46e971fb1bb1680657e014
mbc_zzsh,defihacklabs,bsc,23474460,0x4e87880a72f6896e7e0a635a5838ffc89b13bd17,,ca2-5c60ed4125f7ab7d31ea,2022-11-29,MBC & ZZSH,Business Logic Flaw & Access Control,src/test/2022-11/MBC_ZZSH_exp.sol,bsc,https://github.com/SunWeb3Sec/DeFiHackLabs/blob/main/past/2022/README.md,frozen_public_source_hashed,e7668ddd37e305db9052d4f208bb3b87d1e75956950739d5e9f1fd66f4c26267,a80a6cc927c627a9050079687a39fd6a54d9ea5e91c06e0f04c64bc526927f7a,"[""https://twitter.com/AnciliaInc/status/1597742575623888896"", ""https://twitter.com/CertiKAlert/status/1597639717096460288""]",[],,exact_contract_basename,True,True,,,2022-11-29,,,,blocked_missing_onchain_and_availability_evidence,"[""missing:deployment_block"", ""missing:prediction_cutoff_block"", ""missing:source_availability_time"", ""missing:runtime_bytecode_hash_at_cutoff"", ""missing:outcome_adjudication_id""]",retained,,cases/ca2-5c60ed4125f7ab7d31ea.json,8bac56c12504bd6da49726892fa73f8be542f3fb71f45926e5cfb0860871f2c6,cases/ca2-5c60ed4125f7ab7d31ea.json,676c4d2bc611d6139ca9580d6b6ccf01a4ae66c137018c5f508d88bbb0e727b1,,,,,,,,,,,,ca2-5c60ed4125f7ab7d31ea,cases/ca2-5c60ed4125f7ab7d31ea.json,676c4d2bc611d6139ca9580d6b6ccf01a4ae66c137018c5f508d88bbb0e727b1
brahtopg,defihacklabs,ethereum,15933794,0xd248b30a3207a766d318c7a87f5cf334a439446d,,ca2-a25eb49dc8b847fae718,2022-11-09,BrahTOPG,Arbitrary External Call Vulnerability,src/test/2022-11/BrahTOPG_exp.sol,mainnet,https://github.com/SunWeb3Sec/DeFiHackLabs/blob/main/past/2022/README.md,frozen_public_source_hashed,e7668ddd37e305db9052d4f208bb3b87d1e75956950739d5e9f1fd66f4c26267,064f316b99b0a1f98a34984d48a489c4eb79f0faa95bfe06d70834fea54d5b84,"[""https://twitter.com/SlowMist_Team/status/1590685173477101570""]",[],$89k,exact_contract_basename,True,True,,,2022-11-09,,,,blocked_missing_onchain_and_availability_evidence,"[""missing:deployment_block"", ""missing:prediction_cutoff_block"", ""missing:source_availability_time"", ""missing:runtime_bytecode_hash_at_cutoff"", ""missing:outcome_adjudication_id""]",retained,,cases/ca2-a25eb49dc8b847fae718.json,027a09a255d473cfaeb48784ee33b81fc36d6f2ad553b9143442d413b2d32192,cases/ca2-a25eb49dc8b847fae718.json,c0f98201319ddb0ed75d545101b632b75cbd4071db75c3e561db0ce29aced9a1,,,,,,,,,,,,ca2-a25eb49dc8b847fae718,cases/ca2-a25eb49dc8b847fae718.json,c0f98201319ddb0ed75d545101b632b75cbd4071db75c3e561db0ce29aced9a1
num,defihacklabs,ethereum,16029969,0x765277eebeca2e31912c9946eae1021199b39c61,,ca2-759d84cb92c4b203c71e,2022-11-23,NUM,Protocol Token incompatible,src/test/2022-11/NUM_exp.sol,mainnet,https://github.com/SunWeb3Sec/DeFiHackLabs/blob/main/past/2022/README.md,frozen_public_source_hashed,e7668ddd37e305db9052d4f208bb3b87d1e75956950739d5e9f1fd66f4c26267,aeb636da37cd692bf6edbc12347f76d2dcc41adfe17e68a668154e54ecaa6626,"[""https://twitter.com/BlockSecTeam/status/1595346020237352960""]",[],,exact_contract_basename,True,True,,,2022-11-23,,,,blocked_missing_onchain_and_availability_evidence,"[""missing:deployment_block"", ""missing:prediction_cutoff_block"", ""missing:source_availability_time"", ""missing:runtime_bytecode_hash_at_cutoff"", ""missing:outcome_adjudication_id""]",retained,,cases/ca2-759d84cb92c4b203c71e.json,7084cfccde3ed2ec96a7499fa322140e8596693c5fe2124ba6e95801f4442968,cases/ca2-759d84cb92c4b203c71e.json,157ecfdced64b431bbaa71acf3c573073b1c3e6cbe7a59fce6db96e12a9930bb,,,,,,,,,,,,ca2-759d84cb92c4b203c71e,cases/ca2-759d84cb92c4b203c71e.json,157ecfdced64b431bbaa71acf3c573073b1c3e6cbe7a59fce6db96e12a9930bb
sdao,defihacklabs,bsc,23241440,0x6666625ab26131b490e7015333f97306f05bf816,,ca2-8b0370be76c7c7e05d59,2022-11-21,sDAO,Business Logic Flaw,src/test/2022-11/SDAO_exp.sol,bsc,https://github.com/SunWeb3Sec/DeFiHackLabs/blob/main/past/2022/README.md,frozen_public_source_hashed,e7668ddd37e305db9052d4f208bb3b87d1e75956950739d5e9f1fd66f4c26267,1a06914e310c71e938fe55a12bbae8cc4f3c4d41c7aba4319bef418e1d845a67,"[""https://twitter.com/8olidity/status/1594693686398316544"", ""https://twitter.com/CertiKAlert/status/1594615286556393478""]",[],$13k,exact_contract_basename,True,True,,,2022-11-21,,,,blocked_missing_onchain_and_availability_evidence,"[""missing:deployment_block"", ""missing:prediction_cutoff_block"", ""missing:source_availability_time"", ""missing:runtime_bytecode_hash_at_cutoff"", ""missing:outcome_adjudication_id""]",retained,,cases/ca2-8b0370be76c7c7e05d59.json,2aebf0d18d9d0fe4d2cfeaa473c748661482791700247a7c4891fa00ee2fd9f4,cases/ca2-8b0370be76c7c7e05d59.json,b11c7234930fc96640a1d968af860b11b85c59bc7b4b5d8ae84bce8e5c52df17,,,,,,,,,,,,ca2-8b0370be76c7c7e05d59,cases/ca2-8b0370be76c7c7e05d59.json,b11c7234930fc96640a1d968af860b11b85c59bc7b4b5d8ae84bce8e5c52df17
dfx,defihacklabs,ethereum,15941703,0x46161158b1947d9149e066d6d31af1283b2d377c,,ca2-7ab9ecf055348c803def,2022-11-10,DFXFinance,Reentrancy,src/test/2022-11/DFX_exp.sol,mainnet,https://github.com/SunWeb3Sec/DeFiHackLabs/blob/main/past/2022/README.md,frozen_public_source_hashed,e7668ddd37e305db9052d4f208bb3b87d1e75956950739d5e9f1fd66f4c26267,0a764876626e11ef7fe89899ac826a198d0f8da9dd76a0a5e1b008a2ec10c3e3,"[""https://twitter.com/AnciliaInc/status/1590839104731684865"", ""https://twitter.com/BeosinAlert/status/1591012525914861570"", ""https://twitter.com/BlockSecTeam/status/1590960299246780417"", ""https://twitter.com/peckshield/status/1590831589004816384""]",[],$4M,exact_contract_basename,True,True,,,2022-11-10,,,,blocked_missing_onchain_and_availability_evidence,"[""missing:deployment_block"", ""missing:prediction_cutoff_block"", ""missing:source_availability_time"", ""missing:runtime_bytecode_hash_at_cutoff"", ""missing:outcome_adjudication_id""]",retained,,cases/ca2-7ab9ecf055348c803def.json,663c2ffb85cb5d52f7bfb7a1a39d4ad2a09a7a6230b991032b98ca6b8f452153,cases/ca2-7ab9ecf055348c803def.json,3416981aa1916729359ba95fac2a90d33728477f9a815d0c2c3f0d361ccf752f,,,,,,,,,,,,ca2-7ab9ecf055348c803def,cases/ca2-7ab9ecf055348c803def.json,3416981aa1916729359ba95fac2a90d33728477f9a815d0c2c3f0d361ccf752f
moocakectx,defihacklabs,bsc,22832427,0x489afbaed0ea796712c9a6d366c16ca3876d8184,,ca2-8eea98fa7851e4eaf7d3,2022-11-07,MooCAKECTX,FlashLoan Attack,src/test/2022-11/MooCAKECTX_exp.sol,bsc,https://github.com/SunWeb3Sec/DeFiHackLabs/blob/main/past/2022/README.md,frozen_public_source_hashed,e7668ddd37e305db9052d4f208bb3b87d1e75956950739d5e9f1fd66f4c26267,3af7845d9257437b50e85a2bc7125fe16b6e1bdd14a128ac6dd573a8c7326a75,"[""https://twitter.com/BeosinAlert/status/1589501207181393920"", ""https://twitter.com/CertiKAlert/status/1589428153591615488""]",[],$140k,exact_contract_basename,True,True,,,2022-11-07,,,,blocked_missing_onchain_and_availability_evidence,"[""missing:deployment_block"", ""missing:prediction_cutoff_block"", ""missing:source_availability_time"", ""missing:runtime_bytecode_hash_at_cutoff"", ""missing:outcome_adjudication_id""]",retained,,cases/ca2-8eea98fa7851e4eaf7d3.json,cc10a1aa8a8b2c4602069d359eba1714cfcdddb83bf05cfec4e75a2801f7edc3,cases/ca2-8eea98fa7851e4eaf7d3.json,d38ae1f08aa676a5366a7081aef45045cffa468e11ad4c65c2a2b67275bcf492,,,,,,,,,,,,ca2-8eea98fa7851e4eaf7d3,cases/ca2-8eea98fa7851e4eaf7d3.json,d38ae1f08aa676a5366a7081aef45045cffa468e11ad4c65c2a2b67275bcf492
sheepfarm2,defihacklabs,bsc,23089184,0x4726010da871f4b57b5031e3ea48bde961f122aa,,ca2-61379f018c08925d7ecc,2022-11-16,SheepFarm,No input validation,src/test/2022-11/SheepFarm_exp.sol,bsc,https://github.com/SunWeb3Sec/DeFiHackLabs/blob/main/past/2022/README.md,frozen_public_source_hashed,e7668ddd37e305db9052d4f208bb3b87d1e75956950739d5e9f1fd66f4c26267,d355bf4da91ccdca71ac0b806670a9370d6a0f42380c325a563cb042fcc58b1a,"[""https://twitter.com/AnciliaInc/status/1592658104394473472"", ""https://twitter.com/BlockSecTeam/status/1592734292727455744""]",[],~1BNB,frozen_date_override,True,True,,,2022-11-16,,,,blocked_missing_onchain_and_availability_evidence,"[""missing:deployment_block"", ""missing:prediction_cutoff_block"", ""missing:source_availability_time"", ""missing:runtime_bytecode_hash_at_cutoff"", ""missing:outcome_adjudication_id""]",retained,,cases/ca2-61379f018c08925d7ecc.json,e03925008fba90d3178a15c58815012df6df6a24fa34ee6a4ebd1386f62c1c2c,cases/ca2-61379f018c08925d7ecc.json,35673b449ebd6645730c68a82a11269a42d5392707b5f9b200bd4d771dcc8112,,,,,,,,,,,,ca2-61379f018c08925d7ecc,cases/ca2-61379f018c08925d7ecc.json,35673b449ebd6645730c68a82a11269a42d5392707b5f9b200bd4d771dcc8112
seaman,defihacklabs,bsc,23467515,0x6bc9b4976ba6f8c9574326375204ee469993d038,,ca2-d3a51f08e6355a17ca20,2022-11-29,SEAMAN,Business Logic Flaw,src/test/2022-11/SEAMAN_exp.sol,bsc,https://github.com/SunWeb3Sec/DeFiHackLabs/blob/main/past/2022/README.md,frozen_public_source_hashed,e7668ddd37e305db9052d4f208bb3b87d1e75956950739d5e9f1fd66f4c26267,f1ca2231b820f53779c10bab341395bdc803710af2dfadecf2ae35f41b5c3af3,"[""https://twitter.com/BeosinAlert/status/1597535796621631489"", ""https://twitter.com/CertiKAlert/status/1597513374841044993"", ""https://twitter.com/peckshield/status/1597493955939405825""]",[],,exact_contract_basename,True,True,,,2022-11-29,,,,blocked_missing_onchain_and_availability_evidence,"[""missing:deployment_block"", ""missing:prediction_cutoff_block"", ""missing:source_availability_time"", ""missing:runtime_bytecode_hash_at_cutoff"", ""missing:outcome_adjudication_id""]",retained,,cases/ca2-d3a51f08e6355a17ca20.json,043447bdeadaf448cb90db69157852481a50c88196be0a07e8f1e818a166ac95,cases/ca2-d3a51f08e6355a17ca20.json,7ae592a064f29cd1fddba812b9bb3f2dcbc402264bd145fdcd90b2c34340a0c6,,,,,,,,,,,,ca2-d3a51f08e6355a17ca20,cases/ca2-d3a51f08e6355a17ca20.json,7ae592a064f29cd1fddba812b9bb3f2dcbc402264bd145fdcd90b2c34340a0c6
NFTG,defihacklabs-temporal-replacement-finalization,bsc,44348366,0x5fbbb391d54f4fb1d1cf18310c93d400bc80042e,,ca2-3626b19eb243950f0171,2024-11-26,NFTG,replacement_candidate,,bsc,,replacement_candidate_historical_snapshot_verified,6ad331b6d0985aa3795112289f0f5c87ed41e358869dcbbd007a2a1efcbc61b6,36f214a6ea4e683e6ab95b1d35e430a3d40a61af81aa41a02134066a2b57cbf3,[],"[""0xbd330fd17d0f825042474843a223547132a49abb0746a7e762a0b15cf4bd28f6""]",,frozen_chain_global_order_finalization,True,True,39860576,39889226,44348367,,d5815495295f8d45ceb99ed1b100c9ee4443ea0172707ea225d5451b4178b3b7,,replacement_candidate_selected,[],replacement,ca2-d936d709679fed1fbeae,cases/ca2-d936d709679fed1fbeae.json,ebb3702a8f93c75997a1851e309f354aeefb06a84275de4dd51cdac680b47c3c,,,cases/ca2r-e31701db07607d92a7db.json,ff2ebf784e3311fa4fcd9ec0d4bd5f176eed1c4e2e592de9399a007e952beb0d,historical_cases/ca2r-e31701db07607d92a7db/ca2r-e31701db07607d92a7db.json,36edd93de2999faf884f0a2d93b8d50511b69e9e980b52a1b52271a13221dc67,35,first_eligible_unique_from_frozen_chain_global_order,6ad331b6d0985aa3795112289f0f5c87ed41e358869dcbbd007a2a1efcbc61b6,db3b13fa1cbf75bffec4662240ebd762c5af6c92d2608b9aecde80a8d7802b08,44348366,0xbd330fd17d0f825042474843a223547132a49abb0746a7e762a0b15cf4bd28f6,ca2r-e31701db07607d92a7db,ca2r-e31701db07607d92a7db,historical_cases/ca2r-e31701db07607d92a7db/ca2r-e31701db07607d92a7db.json,36edd93de2999faf884f0a2d93b8d50511b69e9e980b52a1b52271a13221dc67
sheepfarm,defihacklabs,bsc,23088156,0x4726010da871f4b57b5031e3ea48bde961f122aa,,ca2-87e3cee3e857278adb8f,2022-11-16,SheepFarm,No input validation,src/test/2022-11/SheepFarm_exp.sol,bsc,https://github.com/SunWeb3Sec/DeFiHackLabs/blob/main/past/2022/README.md,frozen_public_source_hashed,e7668ddd37e305db9052d4f208bb3b87d1e75956950739d5e9f1fd66f4c26267,d355bf4da91ccdca71ac0b806670a9370d6a0f42380c325a563cb042fcc58b1a,"[""https://twitter.com/AnciliaInc/status/1592658104394473472"", ""https://twitter.com/BlockSecTeam/status/1592734292727455744""]",[],~1BNB,exact_contract_basename,True,True,,,2022-11-16,,,,blocked_missing_onchain_and_availability_evidence,"[""missing:deployment_block"", ""missing:prediction_cutoff_block"", ""missing:source_availability_time"", ""missing:runtime_bytecode_hash_at_cutoff"", ""missing:outcome_adjudication_id""]",retained,,cases/ca2-87e3cee3e857278adb8f.json,eebdf2892c29845602f4efb678e6dacae85bb2d9efb2817548ad2ee3cd0eb001,cases/ca2-87e3cee3e857278adb8f.json,3c711450f019f8f82de9f869d9a4ee28e8314210886e9747a046605de30a0f6e,,,,,,,,,,,,ca2-87e3cee3e857278adb8f,cases/ca2-87e3cee3e857278adb8f.json,3c711450f019f8f82de9f869d9a4ee28e8314210886e9747a046605de30a0f6e
uearnpool,defihacklabs,bsc,23120167,0x02d841b976298dcd37ed6cc59f75d9dd39a3690c,,ca2-cd8110008dfe201e0222,2022-11-17,UEarnPool,FlashLoan Attack,src/test/2022-11/UEarnPool_exp.sol,bsc,https://github.com/SunWeb3Sec/DeFiHackLabs/blob/main/past/2022/README.md,frozen_public_source_hashed,e7668ddd37e305db9052d4f208bb3b87d1e75956950739d5e9f1fd66f4c26267,59ef8f9e7fdcb10ddc15b1131e38f7cb854372e605a7e49b8de66d2a4821436e,"[""https://twitter.com/CertiKAlert/status/1593094922160128000""]",[],$24k,exact_contract_basename,True,True,,,2022-11-17,,,,blocked_missing_onchain_and_availability_evidence,"[""missing:deployment_block"", ""missing:prediction_cutoff_block"", ""missing:source_availability_time"", ""missing:runtime_bytecode_hash_at_cutoff"", ""missing:outcome_adjudication_id""]",retained,,cases/ca2-cd8110008dfe201e0222.json,ebca022410f91523fd37354ee1ac967dfb9d504b87e17c4b85128b7acf220284,cases/ca2-cd8110008dfe201e0222.json,2c697189de0a04fa58931392f45fda0ce00be6da1e7e368a95424e7defbdf7cf,,,,,,,,,,,,ca2-cd8110008dfe201e0222,cases/ca2-cd8110008dfe201e0222.json,2c697189de0a04fa58931392f45fda0ce00be6da1e7e368a95424e7defbdf7cf
jay,defihacklabs,ethereum,16288199,0xf2919d1d80aff2940274014bef534f7791906ff2,,ca2-3d7964746397bc97e185,2022-12-29,JAY,Insufficient validation + Reentrancy,src/test/2022-12/JAY_exp.sol,mainnet,https://github.com/SunWeb3Sec/DeFiHackLabs/blob/main/past/2022/README.md,frozen_public_source_hashed,e7668ddd37e305db9052d4f208bb3b87d1e75956950739d5e9f1fd66f4c26267,db1386515f5590d05f7541d5408962e432cf7a36b642148c7d48db338e720977,"[""https://twitter.com/BlockSecTeam/status/1608372475225866240""]",[],~15.32 ETH,exact_contract_basename,True,True,,,2022-12-29,,,,blocked_missing_onchain_and_availability_evidence,"[""missing:deployment_block"", ""missing:prediction_cutoff_block"", ""missing:source_availability_time"", ""missing:runtime_bytecode_hash_at_cutoff"", ""missing:outcome_adjudication_id""]",retained,,cases/ca2-3d7964746397bc97e185.json,f77118de9c34e0c2656ebaff7d2c85d14dc381428b05becd5e2177495c767a52,cases/ca2-3d7964746397bc97e185.json,38daaa5a7f3cd4cc2337cf7d856576e64b0442a5a46101b0623e5ccab92283f6,,,,,,,,,,,,ca2-3d7964746397bc97e185,cases/ca2-3d7964746397bc97e185.json,38daaa5a7f3cd4cc2337cf7d856576e64b0442a5a46101b0623e5ccab92283f6
dfs,defihacklabs,bsc,24349821,0x2b806e6d78d8111dd09c58943b9855910bade005,,ca2-e488b8f22881b9feaedd,2022-12-30,DFS,Insufficient validation + flashloan,src/test/2022-12/DFS_exp.sol,bsc,https://github.com/SunWeb3Sec/DeFiHackLabs/blob/main/past/2022/README.md,frozen_public_source_hashed,e7668ddd37e305db9052d4f208bb3b87d1e75956950739d5e9f1fd66f4c26267,e765f32ba2f1e0a49a1197f2d14f219e54cc1ed2553a8e4fcb4837bb18023780,"[""https://twitter.com/CertiKAlert/status/1608788290785665024""]",[],$1450,exact_contract_basename,True,True,,,2022-12-30,,,,blocked_missing_onchain_and_availability_evidence,"[""missing:deployment_block"", ""missing:prediction_cutoff_block"", ""missing:source_availability_time"", ""missing:runtime_bytecode_hash_at_cutoff"", ""missing:outcome_adjudication_id""]",retained,,cases/ca2-e488b8f22881b9feaedd.json,041aa6722eb489414498ddec2979f253c751f548ae0e5f8ed176a3fbbb693de2,cases/ca2-e488b8f22881b9feaedd.json,10f1b021bfacdb6d4fb41ac2ce172724c0ed54f781b570e1376cb81b050f4dbf,,,,,,,,,,,,ca2-e488b8f22881b9feaedd,cases/ca2-e488b8f22881b9feaedd.json,10f1b021bfacdb6d4fb41ac2ce172724c0ed54f781b570e1376cb81b050f4dbf
bgld,defihacklabs,bsc,23844529,0xe445654f3797c5ee36406dbe88fbaa0dfbddb2bb,,ca2-d0b1ccc1d33cfcce8cbb,2022-12-12,BGLD (Deflationary token),FlashLoan price manipulation,src/test/2022-12/BGLD_exp.sol,bsc,https://github.com/SunWeb3Sec/DeFiHackLabs/blob/main/past/2022/README.md,frozen_public_source_hashed,e7668ddd37e305db9052d4f208bb3b87d1e75956950739d5e9f1fd66f4c26267,b4331ab675cd1aeda7e8523c81fb680ad14fb0ca68b8ac43567239d25d99bd1a,"[""https://twitter.com/BlockSecTeam/status/1602335214356660225""]",[],$18k,exact_contract_basename,True,True,,,2022-12-12,,,,blocked_missing_onchain_and_availability_evidence,"[""missing:deployment_block"", ""missing:prediction_cutoff_block"", ""missing:source_availability_time"", ""missing:runtime_bytecode_hash_at_cutoff"", ""missing:outcome_adjudication_id""]",retained,,cases/ca2-d0b1ccc1d33cfcce8cbb.json,e2d2ad53d44f0b6ce8fdc49693281662af6f61c6119a875417f13e7ebc47d1aa,cases/ca2-d0b1ccc1d33cfcce8cbb.json,fd4ae2a0ab9f9a8cf125345153c42de2dde6999b80c69a3157b7139c3349836f,,,,,,,,,,,,ca2-d0b1ccc1d33cfcce8cbb,cases/ca2-d0b1ccc1d33cfcce8cbb.json,fd4ae2a0ab9f9a8cf125345153c42de2dde6999b80c69a3157b7139c3349836f
rubic,defihacklabs,ethereum,16260580,0x3335a88bb18fd3b6824b59af62b50ce494143333,,ca2-4ab53dc147bf1894e356,2022-12-25,Rubic,Arbitrary External Call Vulnerability,src/test/2022-12/Rubic_exp.sol,mainnet,https://github.com/SunWeb3Sec/DeFiHackLabs/blob/main/past/2022/README.md,frozen_public_source_hashed,e7668ddd37e305db9052d4f208bb3b87d1e75956950739d5e9f1fd66f4c26267,da04e68c0f4514a328d8599802a7ac32ff9f8f776a7cd9d7234b41de7ff62a3c,"[""https://twitter.com/BlockSecTeam/status/1606993118901198849"", ""https://twitter.com/peckshield/status/1606937055761952770""]",[],$1.5M,exact_contract_basename,True,True,,,2022-12-25,,,,blocked_missing_onchain_and_availability_evidence,"[""missing:deployment_block"", ""missing:prediction_cutoff_block"", ""missing:source_availability_time"", ""missing:runtime_bytecode_hash_at_cutoff"", ""missing:outcome_adjudication_id""]",retained,,cases/ca2-4ab53dc147bf1894e356.json,2393a2c03aa62410407fd49a0655227367dcd876e27f2ac9064a4bd03056d493,cases/ca2-4ab53dc147bf1894e356.json,c305ee1fb8fd62ed92df36af631da02961c3a78172ff9e3124d5d81c58bb9f59,,,,,,,,,,,,ca2-4ab53dc147bf1894e356,cases/ca2-4ab53dc147bf1894e356.json,c305ee1fb8fd62ed92df36af631da02961c3a78172ff9e3124d5d81c58bb9f59
tifi,defihacklabs,bsc,23778726,0x8a6f7834a9d60090668f5db33fec353a7fb4704b,,ca2-11258a259a94c2ae2ec5,2022-12-10,TIFIToken,FlashLoan price manipulation,src/test/2022-12/TIFI_exp.sol,bsc,https://github.com/SunWeb3Sec/DeFiHackLabs/blob/main/past/2022/README.md,frozen_public_source_hashed,e7668ddd37e305db9052d4f208bb3b87d1e75956950739d5e9f1fd66f4c26267,7f82c3b22f877b29e73579743e56feb968524e2feba88c81bc4782f118d40a27,"[""https://twitter.com/peckshield/status/1601492605535399936""]",[],87 WBNB,exact_contract_basename,True,True,,,2022-12-10,,,,blocked_missing_onchain_and_availability_evidence,"[""missing:deployment_block"", ""missing:prediction_cutoff_block"", ""missing:source_availability_time"", ""missing:runtime_bytecode_hash_at_cutoff"", ""missing:outcome_adjudication_id""]",retained,,cases/ca2-11258a259a94c2ae2ec5.json,777cb40c8565a0b9e684c628617a4eddf11d31e9da0865e5ec5da4fa0c5832a4,cases/ca2-11258a259a94c2ae2ec5.json,be280b049a2716be391e0eba09d52a31fa35132471001d17c4952209ee212197,,,,,,,,,,,,ca2-11258a259a94c2ae2ec5,cases/ca2-11258a259a94c2ae2ec5.json,be280b049a2716be391e0eba09d52a31fa35132471001d17c4952209ee212197
NGP,defihacklabs-temporal-replacement-finalization,bsc,61515895,0xd2f26200cd524db097cf4ab7cc2e5c38ab6ae5c9,,ca2-b5392852b27dc3299291,2025-09-18,NGP,replacement_candidate,,bsc,,replacement_candidate_historical_snapshot_verified,a5e68fd1242c101883c3b4c9fd07660761a384345bdf1f7d50be037d4103a7a6,fb1c984a75c4a0812064d78a9183498d5ef7111a7ed6f0632e0a4a3b02dd1ab3,[],"[""0xc2066e0dff1a8a042057387d7356ad7ced76ab90904baa1e0b5ecbc2434df8e1""]",,frozen_chain_global_order_finalization,True,True,60396646,60511834,61515895,,bdb483d558280468d740587d29f54053e32a2c6a9f28e79822f7da0c4c000be4,,replacement_candidate_selected,[],replacement,ca2-7a7cf3302259e6efdd08,cases/ca2-7a7cf3302259e6efdd08.json,21d4fa5d1139c744ec3ae36f682f03b50576dcadf3b93bc330266643264a06d2,,,cases/ca2r-355cc8136e6146456061.json,f096ed473096d73b4f950953ac57664a95c75af29f11e431b6bdfc1fcd8dc4d3,historical_cases/ca2r-355cc8136e6146456061/ca2r-355cc8136e6146456061.json,1fae2c39686e3ec1e05ae005503037d8486c99e146e31d1993430503d7923cd2,19,first_eligible_unique_from_frozen_chain_global_order,a5e68fd1242c101883c3b4c9fd07660761a384345bdf1f7d50be037d4103a7a6,d3b80fe4ed7198fc900616b269408c1d0485ef8f000f46d37adb75be862a4a9c,61515895,0xc2066e0dff1a8a042057387d7356ad7ced76ab90904baa1e0b5ecbc2434df8e1,ca2r-355cc8136e6146456061,ca2r-355cc8136e6146456061,historical_cases/ca2r-355cc8136e6146456061/ca2r-355cc8136e6146456061.json,1fae2c39686e3ec1e05ae005503037d8486c99e146e31d1993430503d7923cd2
xcarnival,defihacklabs,ethereum,15028846,0x39360ac1239a0b98cb8076d4135d0f72b7fd9909,,ca2-bf6bdd3510f2428b0575,2022-06-26,XCarnival,Infinite Number of Loans,src/test/2022-06/XCarnival_exp.sol,mainnet,https://github.com/SunWeb3Sec/DeFiHackLabs/blob/main/past/2022/README.md,frozen_public_source_hashed,e7668ddd37e305db9052d4f208bb3b87d1e75956950739d5e9f1fd66f4c26267,88bf3e75a8bcebe33c14479d0616c9df90bd72e57b5190dbd7b85c8d5de477d1,"[""https://twitter.com/BlockSecTeam/status/1541070850505723905"", ""https://twitter.com/XCarnival_Lab/status/1541226298399653888"", ""https://twitter.com/peckshield/status/1541047171453034501""]",[],,exact_contract_basename,True,True,,,2022-06-26,,,,blocked_missing_onchain_and_availability_evidence,"[""missing:deployment_block"", ""missing:prediction_cutoff_block"", ""missing:source_availability_time"", ""missing:runtime_bytecode_hash_at_cutoff"", ""missing:outcome_adjudication_id""]",retained,,cases/ca2-bf6bdd3510f2428b0575.json,8ee7ae06c8bc67e1c4b7ebb8b6b4158a81d045a8f25e8cf42b12a41f12874860,cases/ca2-bf6bdd3510f2428b0575.json,8bcad8462b6fcdc25a4304d2a914328b6a6118257541b90276091b0fdbd490f4,,,,,,,,,,,,ca2-bf6bdd3510f2428b0575,cases/ca2-bf6bdd3510f2428b0575.json,8bcad8462b6fcdc25a4304d2a914328b6a6118257541b90276091b0fdbd490f4
novo,defihacklabs,bsc,18225002,0x6fb2020c236bbd5a7ddeb07e14c9298642253333,,ca2-441ed1a86d9edadc1707,2022-05-29,NOVO Protocol,Flashloan & Price Oracle Manipulation,src/test/2022-05/Novo_exp.sol,bsc,https://github.com/SunWeb3Sec/DeFiHackLabs/blob/main/past/2022/README.md,frozen_public_source_hashed,e7668ddd37e305db9052d4f208bb3b87d1e75956950739d5e9f1fd66f4c26267,80dbdee6522539fe7f9968d8aa1115f0501afebf84304c7d09a8cf60a4c01058,"[""https://bscscan.com/address/0xa0787daad6062349f63b7c228cbfd5d8a3db08f1#code"", ""https://bscscan.com/tx/0xc346adf14e5082e6df5aeae650f3d7f606d7e08247c2b856510766b4dfcdc57f"", ""https://www.panewslab.com/zh_hk/articledetails/f40t9xb4.html""]","[""0xc346adf14e5082e6df5aeae650f3d7f606d7e08247c2b856510766b4dfcdc57f""]",,exact_contract_basename,True,True,,,2022-05-29,,,,blocked_missing_onchain_and_availability_evidence,"[""missing:deployment_block"", ""missing:prediction_cutoff_block"", ""missing:source_availability_time"", ""missing:runtime_bytecode_hash_at_cutoff"", ""missing:outcome_adjudication_id""]",retained,,cases/ca2-441ed1a86d9edadc1707.json,500d10623fb10eefaea00e64c7a9375f42be6253b1ff9f00c139659a5fec593e,cases/ca2-441ed1a86d9edadc1707.json,0eacbc5200b7896a4c8ee435752e668128c69c67d03583bc9c5b634a65980fdc,,,,,,,,,,,,ca2-441ed1a86d9edadc1707,cases/ca2-441ed1a86d9edadc1707.json,0eacbc5200b7896a4c8ee435752e668128c69c67d03583bc9c5b634a65980fdc
xst,defihacklabs,ethereum,15310016,0xb276647e70cb3b81a1ca302cf8de280ff0ce5799,,ca2-3ce3786a7c84825faed0,2022-08-10,XSTABLE Protocol,Incorrect Logic Check,src/test/2022-08/XST_exp.sol,mainnet,https://github.com/SunWeb3Sec/DeFiHackLabs/blob/main/past/2022/README.md,frozen_public_source_hashed,e7668ddd37e305db9052d4f208bb3b87d1e75956950739d5e9f1fd66f4c26267,ac980aa50936e743b521836e95229deb5e03a037f3e51a56bce508ae29842a7c,"[""https://mobile.twitter.com/BlockSecTeam/status/1557195012042936320""]",[],,exact_contract_basename,True,True,,,2022-08-10,,,,blocked_missing_onchain_and_availability_evidence,"[""missing:deployment_block"", ""missing:prediction_cutoff_block"", ""missing:source_availability_time"", ""missing:runtime_bytecode_hash_at_cutoff"", ""missing:outcome_adjudication_id""]",retained,,cases/ca2-3ce3786a7c84825faed0.json,22179f1cf39330cdeae2493db718fa6b326f441f4ecb95cbdb5becccd4f47835,cases/ca2-3ce3786a7c84825faed0.json,6629156addd032db3fdde7916eba6046a8f499df31895567ce0094b13945281a,,,,,,,,,,,,ca2-3ce3786a7c84825faed0,cases/ca2-3ce3786a7c84825faed0.json,6629156addd032db3fdde7916eba6046a8f499df31895567ce0094b13945281a
bbox,defihacklabs,bsc,23106506,0x5dfc7f3ebbb9cbfe89bc3fb70f750ee229a59f8c,,ca2-7063be755a02e6e0df10,2022-12-05,BBOX,FlashLoan price manipulation,src/test/2022-12/BBOX_exp.sol,bsc,https://github.com/SunWeb3Sec/DeFiHackLabs/blob/main/past/2022/README.md,frozen_public_source_hashed,e7668ddd37e305db9052d4f208bb3b87d1e75956950739d5e9f1fd66f4c26267,d515ed7adc9406e1fd4d2bb26fb010dcff10f5685bb1cbea64f5dc803bec1159,"[""https://twitter.com/AnciliaInc/status/1599599614490877952""]",[],12k,exact_contract_basename,True,True,,,2022-12-05,,,,blocked_missing_onchain_and_availability_evidence,"[""missing:deployment_block"", ""missing:prediction_cutoff_block"", ""missing:source_availability_time"", ""missing:runtime_bytecode_hash_at_cutoff"", ""missing:outcome_adjudication_id""]",retained,,cases/ca2-7063be755a02e6e0df10.json,daf8063912cd5bcccc51297b90799e416ebc30ed71f8d22021ecf1e1df90d69e,cases/ca2-7063be755a02e6e0df10.json,443d9acefe83559c3a5872da1f269e1291e606c71865f3021b5885289bf82cb4,,,,,,,,,,,,ca2-7063be755a02e6e0df10,cases/ca2-7063be755a02e6e0df10.json,443d9acefe83559c3a5872da1f269e1291e606c71865f3021b5885289bf82cb4
nmbplatform,defihacklabs,bsc,23639507,0x3aa2b9de4ce397d93e11699c3f07b769b210bbd5,,ca2-3a72b153af20c2c77bb7,2022-12-14,Nmbplatform,FlashLoan price manipulation,src/test/2022-12/Nmbplatform_exp.sol,bsc,https://github.com/SunWeb3Sec/DeFiHackLabs/blob/main/past/2022/README.md,frozen_public_source_hashed,e7668ddd37e305db9052d4f208bb3b87d1e75956950739d5e9f1fd66f4c26267,37a693062e1c454bcdd647800fb3848ffca994e2e26dfb9c04d914e0e7986a0d,"[""https://twitter.com/BlockSecTeam/status/1602877048124735489""]",[],76k,exact_contract_basename,True,True,,,2022-12-14,,,,blocked_missing_onchain_and_availability_evidence,"[""missing:deployment_block"", ""missing:prediction_cutoff_block"", ""missing:source_availability_time"", ""missing:runtime_bytecode_hash_at_cutoff"", ""missing:outcome_adjudication_id""]",retained,,cases/ca2-3a72b153af20c2c77bb7.json,177d753d910af964cc8fd2e7af04825a06d5333871401feb77c7bc3a7955bfd3,cases/ca2-3a72b153af20c2c77bb7.json,72c9d98940c36805269e75015579cf234c01d5c78833d4812ee914ce51115ae5,,,,,,,,,,,,ca2-3a72b153af20c2c77bb7,cases/ca2-3a72b153af20c2c77bb7.json,72c9d98940c36805269e75015579cf234c01d5c78833d4812ee914ce51115ae5
rfb,defihacklabs,bsc,23649423,0x26f1457f067bf26881f311833391b52ca871a4b5,,ca2-cb9d62babfef067f9bc8,2022-12-05,RFB,Predicting Random Numbers,src/test/2022-12/RFB_exp.sol,bsc,https://github.com/SunWeb3Sec/DeFiHackLabs/blob/main/past/2022/README.md,frozen_public_source_hashed,e7668ddd37e305db9052d4f208bb3b87d1e75956950739d5e9f1fd66f4c26267,4c22db30e2907b87781834b816f73a5451ddbd78318b377367142737299a5f35,"[""https://twitter.com/BlockSecTeam/status/1599991294947778560""]",[],12BNB,exact_contract_basename,True,True,,,2022-12-05,,,,blocked_missing_onchain_and_availability_evidence,"[""missing:deployment_block"", ""missing:prediction_cutoff_block"", ""missing:source_availability_time"", ""missing:runtime_bytecode_hash_at_cutoff"", ""missing:outcome_adjudication_id""]",retained,,cases/ca2-cb9d62babfef067f9bc8.json,826e366522b5be4fda483df2bd1c1578e7135157c5e7bd8e8e8d197c45701e43,cases/ca2-cb9d62babfef067f9bc8.json,4b970026bf9e1a49fc474898bdf494c457e9f8946ffd5edd423589612f857e49,,,,,,,,,,,,ca2-cb9d62babfef067f9bc8,cases/ca2-cb9d62babfef067f9bc8.json,4b970026bf9e1a49fc474898bdf494c457e9f8946ffd5edd423589612f857e49
shoco,defihacklabs,ethereum,16440978,0x31a4f372aa891b46ba44dc64be1d8947c889e9c6,shanghai,ca2-0973b5638247f1875b62,2023-01-19,SHOCO,Reflection token,src/test/2023-01/SHOCO_exp.sol,mainnet,https://github.com/SunWeb3Sec/DeFiHackLabs/blob/main/past/2023/README.md,frozen_public_source_hashed,1b5a1d9c3166c2b9d60fefc71f8e12d2c3d2f604b259d662e38310d39db6838b,78592a7b3034c3c46902ecbef7e8880793d53f634d01dfcc4cb88973dcb92bae,"[""https://github.com/Autosaida/DeFiHackAnalysis/blob/master/analysis/230119_SHOCO.md""]",[],~4ETH,exact_contract_basename,True,True,,,2023-01-19,,,,blocked_missing_onchain_and_availability_evidence,"[""missing:deployment_block"", ""missing:prediction_cutoff_block"", ""missing:source_availability_time"", ""missing:runtime_bytecode_hash_at_cutoff"", ""missing:outcome_adjudication_id""]",retained,,cases/ca2-0973b5638247f1875b62.json,fa8abf12b34c5e993697099511a753c4ff2c52efa29fbd8bdef75ef943ab2b7a,cases/ca2-0973b5638247f1875b62.json,07a0d365a171d940c56ba05a7e44131eef4fd6fc9ba81c473e29c2c014756ad0,,,,,,,,,,,,ca2-0973b5638247f1875b62,cases/ca2-0973b5638247f1875b62.json,07a0d365a171d940c56ba05a7e44131eef4fd6fc9ba81c473e29c2c014756ad0
qtn,defihacklabs,ethereum,16430212,0xc9fa8f4cfd11559b50c5c7f6672b9eea2757e1bd,shanghai,ca2-c5f9905c03ee273e260f,2023-01-18,QTNToken,business logic flaw,src/test/2023-01/QTN_exp.sol,mainnet,https://github.com/SunWeb3Sec/DeFiHackLabs/blob/main/past/2023/README.md,frozen_public_source_hashed,1b5a1d9c3166c2b9d60fefc71f8e12d2c3d2f604b259d662e38310d39db6838b,97f79379800de58b011883fb2a3b22ada9dfc6c648e72c2674a80e4344a5ddd0,"[""https://twitter.com/BlockSecTeam/status/1615625901739511809""]",[],~2ETH,exact_contract_basename,True,True,,,2023-01-18,,,,blocked_missing_onchain_and_availability_evidence,"[""missing:deployment_block"", ""missing:prediction_cutoff_block"", ""missing:source_availability_time"", ""missing:runtime_bytecode_hash_at_cutoff"", ""missing:outcome_adjudication_id""]",retained,,cases/ca2-c5f9905c03ee273e260f.json,5ad7b2c56eb31ecf4d420491a3ba43920592793272141bd8a72fa050da9700c7,cases/ca2-c5f9905c03ee273e260f.json,3ba5302da3c76084017e700ec14d04825d65441546c767041d7022e9d7f9a444,,,,,,,,,,,,ca2-c5f9905c03ee273e260f,cases/ca2-c5f9905c03ee273e260f.json,3ba5302da3c76084017e700ec14d04825d65441546c767041d7022e9d7f9a444
tinu,defihacklabs,ethereum,16489408,0x2d0e64b6bf13660a4c0de42a0b88144a7c10991f,shanghai,ca2-acd1e6758fc18c6f0e76,2023-01-26,TINU,Reflection token,src/test/2023-01/TINU_exp.sol,mainnet,https://github.com/SunWeb3Sec/DeFiHackLabs/blob/main/past/2023/README.md,frozen_public_source_hashed,1b5a1d9c3166c2b9d60fefc71f8e12d2c3d2f604b259d662e38310d39db6838b,209b2350caa38b1ece628269e73da01c91e2584a7ea39cb8661f67cf821f0ca4,"[""https://twitter.com/libevm/status/1618718156343873536""]",[],22 ETH,exact_contract_basename,True,True,,,2023-01-26,,,,blocked_missing_onchain_and_availability_evidence,"[""missing:deployment_block"", ""missing:prediction_cutoff_block"", ""missing:source_availability_time"", ""missing:runtime_bytecode_hash_at_cutoff"", ""missing:outcome_adjudication_id""]",retained,,cases/ca2-acd1e6758fc18c6f0e76.json,9f92d6371446153495087f0429352a994c7f5330ce0ea08b45265af5c9a6a650,cases/ca2-acd1e6758fc18c6f0e76.json,c6215bd8e3f85b9dc21f96b5a1a3a6e48233442339ac85b87749d9157c63da3e,,,,,,,,,,,,ca2-acd1e6758fc18c6f0e76,cases/ca2-acd1e6758fc18c6f0e76.json,c6215bd8e3f85b9dc21f96b5a1a3a6e48233442339ac85b87749d9157c63da3e
bra,defihacklabs,bsc,24655771,0x449fea37d339a11efe1b181e5d5462464bba3752,shanghai,ca2-71d01a519d5b777ca8d5,2023-01-10,BRA,Business Logic Flaw,src/test/2023-01/BRA_exp.sol,bsc,https://github.com/SunWeb3Sec/DeFiHackLabs/blob/main/past/2023/README.md,frozen_public_source_hashed,1b5a1d9c3166c2b9d60fefc71f8e12d2c3d2f604b259d662e38310d39db6838b,28c23d8c63daac50bc2d88fdd2e6da928eaad2ae14e15e393342b2bd7f5bdb60,"[""https://twitter.com/BlockSecTeam/status/1612701106982862849"", ""https://twitter.com/CertiKAlert/status/1612674916070858753""]",[],819 BNB (~224k$),exact_contract_basename,True,True,,,2023-01-10,,,,blocked_missing_onchain_and_availability_evidence,"[""missing:deployment_block"", ""missing:prediction_cutoff_block"", ""missing:source_availability_time"", ""missing:runtime_bytecode_hash_at_cutoff"", ""missing:outcome_adjudication_id""]",retained,,cases/ca2-71d01a519d5b777ca8d5.json,860b1f41d210b6d2d2d38e19290f1ce01136e9e09c06e007eef41d166a40952c,cases/ca2-71d01a519d5b777ca8d5.json,568277ecc2039a4046e5454de8936ed86bb60a00bcad9121bc6e36bad382c5f3,,,,,,,,,,,,ca2-71d01a519d5b777ca8d5,cases/ca2-71d01a519d5b777ca8d5.json,568277ecc2039a4046e5454de8936ed86bb60a00bcad9121bc6e36bad382c5f3
bevo,defihacklabs,bsc,25230702,0xc6cb12df4520b7bf83f64c79c585b8462e18b6aa,shanghai,ca2-b9cedafde58efbfc26fe,2023-01-30,BEVO,Reflection token,src/test/2023-01/BEVO_exp.sol,bsc,https://github.com/SunWeb3Sec/DeFiHackLabs/blob/main/past/2023/README.md,frozen_public_source_hashed,1b5a1d9c3166c2b9d60fefc71f8e12d2c3d2f604b259d662e38310d39db6838b,466f574ba0b6138ad285df179e8ef8e1f47132c03f6f4cec1ce0c17360bb607a,"[""https://twitter.com/QuillAudits/status/1620377951836708865""]",[],144 BNB,exact_contract_basename,True,True,,,2023-01-30,,,,blocked_missing_onchain_and_availability_evidence,"[""missing:deployment_block"", ""missing:prediction_cutoff_block"", ""missing:source_availability_time"", ""missing:runtime_bytecode_hash_at_cutoff"", ""missing:outcome_adjudication_id""]",retained,,cases/ca2-b9cedafde58efbfc26fe.json,2af04941f0a3fbe9d2b67ca940e46f70b17716d81912b346a60c0e1e2954c819,cases/ca2-b9cedafde58efbfc26fe.json,b47af3ca8031a712b923ecbe2d127c5598ec326bc3c18c65d91559ddb97a8384,,,,,,,,,,,,ca2-b9cedafde58efbfc26fe,cases/ca2-b9cedafde58efbfc26fe.json,b47af3ca8031a712b923ecbe2d127c5598ec326bc3c18c65d91559ddb97a8384
omniestate,defihacklabs,bsc,24850696,0x6f40a3d0c89cffdc8a1af212a019c220a295e9bb,shanghai,ca2-9ed4dcb42bc3e395722f,2023-01-17,OmniEstate,No Input Parameter Check,src/test/2023-01/OmniEstate_exp.sol,bsc,https://github.com/SunWeb3Sec/DeFiHackLabs/blob/main/past/2023/README.md,frozen_public_source_hashed,1b5a1d9c3166c2b9d60fefc71f8e12d2c3d2f604b259d662e38310d39db6838b,339c1cb46cb4b8dba4a69aabf4bd3ddcdf16695bb4c9db2873ed5067910fd5c3,"[""https://twitter.com/BlockSecTeam/status/1615232012834705408""]",[],$70k(236 BNB),exact_contract_basename,True,True,,,2023-01-17,,,,blocked_missing_onchain_and_availability_evidence,"[""missing:deployment_block"", ""missing:prediction_cutoff_block"", ""missing:source_availability_time"", ""missing:runtime_bytecode_hash_at_cutoff"", ""missing:outcome_adjudication_id""]",retained,,cases/ca2-9ed4dcb42bc3e395722f.json,fbe850f9e2b5a0f0cc567458f4cc9a94def9be094efffb61ec8d72ff19c21c9a,cases/ca2-9ed4dcb42bc3e395722f.json,4f7fee30b176d013b8752a45ddf363fea2e0a9a4315689c10af74981c4b9d700,,,,,,,,,,,,ca2-9ed4dcb42bc3e395722f,cases/ca2-9ed4dcb42bc3e395722f.json,4f7fee30b176d013b8752a45ddf363fea2e0a9a4315689c10af74981c4b9d700
gds,defihacklabs,bsc,24449918,0xc1bb12560468fb255a8e8431bdf883cc4cb3d278,shanghai,ca2-21e1af0751214952c72b,2023-01-03,GDS,Business Logic Flaw,src/test/2023-01/GDS_exp.sol,bsc,https://github.com/SunWeb3Sec/DeFiHackLabs/blob/main/past/2023/README.md,frozen_public_source_hashed,1b5a1d9c3166c2b9d60fefc71f8e12d2c3d2f604b259d662e38310d39db6838b,f133bcf77115517e92a74eaa4862856160367c7dfa6ab0ce717703333d38ca93,"[""https://twitter.com/BlockSecTeam/status/1610167174978760704"", ""https://twitter.com/peckshield/status/1610095490368180224""]",[],$180k,exact_contract_basename,True,True,,,2023-01-03,,,,blocked_missing_onchain_and_availability_evidence,"[""missing:deployment_block"", ""missing:prediction_cutoff_block"", ""missing:source_availability_time"", ""missing:runtime_bytecode_hash_at_cutoff"", ""missing:outcome_adjudication_id""]",retained,,cases/ca2-21e1af0751214952c72b.json,d5fb4b5b9a87f9611d26809587acfe210258fddd8956d9325e993790956548c5,cases/ca2-21e1af0751214952c72b.json,cfd13475fd0708fcfb6ff436507fe7687ccd59ae0cff6c37477543d00312e6e4,,,,,,,,,,,,ca2-21e1af0751214952c72b,cases/ca2-21e1af0751214952c72b.json,cfd13475fd0708fcfb6ff436507fe7687ccd59ae0cff6c37477543d00312e6e4
ufdao,defihacklabs,bsc,24705058,0xf887a2dac0dd432997c970bce597a94ead4a8c25,shanghai,ca2-9ab8788d5d7ac2a3947b,2023-01-11,UFDao,Incorrect Parameter Setting,src/test/2023-01/UFDao_exp.sol,bsc,https://github.com/SunWeb3Sec/DeFiHackLabs/blob/main/past/2023/README.md,frozen_public_source_hashed,1b5a1d9c3166c2b9d60fefc71f8e12d2c3d2f604b259d662e38310d39db6838b,3f87a9969fbd9c3a46a8b56de964bbd87d555974a9361bf27e54e156e94b6108,"[""https://twitter.com/BlockSecTeam/status/1613507804412940289""]",[],$90k,exact_contract_basename,True,True,,,2023-01-11,,,,blocked_missing_onchain_and_availability_evidence,"[""missing:deployment_block"", ""missing:prediction_cutoff_block"", ""missing:source_availability_time"", ""missing:runtime_bytecode_hash_at_cutoff"", ""missing:outcome_adjudication_id""]",retained,,cases/ca2-9ab8788d5d7ac2a3947b.json,0a6efa09749d843c34a0299d46b458229543baf26add79ae00aac884128b1748,cases/ca2-9ab8788d5d7ac2a3947b.json,5183abf7cf966f14694197ecd93764e08a41ec2105480128d0fa2bc1ffdd72e9,,,,,,,,,,,,ca2-9ab8788d5d7ac2a3947b,cases/ca2-9ab8788d5d7ac2a3947b.json,5183abf7cf966f14694197ecd93764e08a41ec2105480128d0fa2bc1ffdd72e9
upswing,defihacklabs,ethereum,16433820,0x35a254223960c18b69c0526c46b013d022e93902,shanghai,ca2-2f2a6d7666820b172f1a,2023-01-18,UPSToken,business logic flaw,src/test/2023-01/Upswing_exp.sol,ethereum,https://github.com/SunWeb3Sec/DeFiHackLabs/blob/main/past/2023/README.md,frozen_public_source_hashed,1b5a1d9c3166c2b9d60fefc71f8e12d2c3d2f604b259d662e38310d39db6838b,096a64991a7d2fc68aa16318ed16cec6cc60de825fa4e6de92de2b3425e4e1b3,"[""https://etherscan.io/tx/0x4b3df6e9c68ae482c71a02832f7f599ff58ff877ec05fed0abd95b31d2d7d912"", ""https://twitter.com/QuillAudits/status/1615634917802807297""]","[""0x4b3df6e9c68ae482c71a02832f7f599ff58ff877ec05fed0abd95b31d2d7d912""]",~22 ETH,exact_contract_basename,True,True,,,2023-01-18,,,,blocked_missing_onchain_and_availability_evidence,"[""missing:deployment_block"", ""missing:prediction_cutoff_block"", ""missing:source_availability_time"", ""missing:runtime_bytecode_hash_at_cutoff"", ""missing:outcome_adjudication_id""]",retained,,cases/ca2-2f2a6d7666820b172f1a.json,103a3568c48dd439cfccaeb5f4dd4841f86d5a28b321a74d397e48c222d61238,cases/ca2-2f2a6d7666820b172f1a.json,bac2572a303d2d4894ba4b7cffbcf2aab675a9601a5502bb322cf60c28f50e0b,,,,,,,,,,,,ca2-2f2a6d7666820b172f1a,cases/ca2-2f2a6d7666820b172f1a.json,bac2572a303d2d4894ba4b7cffbcf2aab675a9601a5502bb322cf60c28f50e0b
roefinance,defihacklabs,ethereum,16384469,0x5f360c6b7b25dfbfa4f10039ea0f7ecfb9b02e60,shanghai,ca2-0bd28c93ecf3fec1d833,2023-01-11,RoeFinance,FlashLoan price manipulation,src/test/2023-01/RoeFinance_exp.sol,mainnet,https://github.com/SunWeb3Sec/DeFiHackLabs/blob/main/past/2023/README.md,frozen_public_source_hashed,1b5a1d9c3166c2b9d60fefc71f8e12d2c3d2f604b259d662e38310d39db6838b,4038cc16dc764000e5540fd5f01aa745903eea938e4ed3a99a5455622162b49e,"[""https://twitter.com/BlockSecTeam/status/1613267000913960976""]",[],$80k,exact_contract_basename,True,True,,,2023-01-11,,,,blocked_missing_onchain_and_availability_evidence,"[""missing:deployment_block"", ""missing:prediction_cutoff_block"", ""missing:source_availability_time"", ""missing:runtime_bytecode_hash_at_cutoff"", ""missing:outcome_adjudication_id""]",retained,,cases/ca2-0bd28c93ecf3fec1d833.json,71cd994c44930a384b3ce92e42ad7b175c29dc34fb553aab38263dc07ed5a6b0,cases/ca2-0bd28c93ecf3fec1d833.json,6fd6a7ce81ca16542b7d06d6012ef7e0187551e5681fa25c2c9491e161e0fe57,,,,,,,,,,,,ca2-0bd28c93ecf3fec1d833,cases/ca2-0bd28c93ecf3fec1d833.json,6fd6a7ce81ca16542b7d06d6012ef7e0187551e5681fa25c2c9491e161e0fe57
efvault,defihacklabs,ethereum,16696239,0xbdb515028a6fa6cd1634b5a9651184494abfd336,shanghai,ca2-99c425ac31ee8abd76f2,2023-02-24,EFVault,Storage Collision,src/test/2023-02/EFVault_exp.sol,mainnet,https://github.com/SunWeb3Sec/DeFiHackLabs/blob/main/past/2023/README.md,frozen_public_source_hashed,1b5a1d9c3166c2b9d60fefc71f8e12d2c3d2f604b259d662e38310d39db6838b,68edecb51d2fa2593e02e14f18e96fd9ea8769ae3611be1d4dabd888b636bd01,"[""https://twitter.com/drdr_zz/status/1630500170373685248"", ""https://twitter.com/gbaleeeee/status/1630587522698080257"", ""https://twitter.com/peckshield/status/1630490333716029440""]",[],~$5.1M,exact_contract_basename,True,True,,,2023-02-24,,,,blocked_missing_onchain_and_availability_evidence,"[""missing:deployment_block"", ""missing:prediction_cutoff_block"", ""missing:source_availability_time"", ""missing:runtime_bytecode_hash_at_cutoff"", ""missing:outcome_adjudication_id""]",retained,,cases/ca2-99c425ac31ee8abd76f2.json,a180dc0a066034d84beee32863df1f0bfddfd341081f7cc3ce8a1a049f273f37,cases/ca2-99c425ac31ee8abd76f2.json,f60d9df0ac1d4225253df1f4e94fc82e2aa69844e3b2c7e20017bfd0cd5dc50c,,,,,,,,,,,,ca2-99c425ac31ee8abd76f2,cases/ca2-99c425ac31ee8abd76f2.json,f60d9df0ac1d4225253df1f4e94fc82e2aa69844e3b2c7e20017bfd0cd5dc50c
fdp,defihacklabs,bsc,25430418,0x1954b6bd198c29c3ecf2d6f6bc70a4d41ea1cc07,shanghai,ca2-6d220be49d90b51ca6fd,2023-02-06,FDP,Reflection token,src/test/2023-02/FDP_exp.sol,bsc,https://github.com/SunWeb3Sec/DeFiHackLabs/blob/main/past/2023/README.md,frozen_public_source_hashed,1b5a1d9c3166c2b9d60fefc71f8e12d2c3d2f604b259d662e38310d39db6838b,3d906384ee936746d672dbfc3cad07972bb1e7119141ce312010671cf7c85581,"[""https://twitter.com/BeosinAlert/status/1622806011269771266""]",[],~16 WBNB,exact_contract_basename,True,True,,,2023-02-06,,,,blocked_missing_onchain_and_availability_evidence,"[""missing:deployment_block"", ""missing:prediction_cutoff_block"", ""missing:source_availability_time"", ""missing:runtime_bytecode_hash_at_cutoff"", ""missing:outcome_adjudication_id""]",retained,,cases/ca2-6d220be49d90b51ca6fd.json,e4ae9e77baa94c6dd3a6eabbe6095536beee68b63af617439d68cdf369983408,cases/ca2-6d220be49d90b51ca6fd.json,d7c1b67b4cf535653e787bc2d4d87f03973daecd34610945e53345e0fb5cbb9d,,,,,,,,,,,,ca2-6d220be49d90b51ca6fd,cases/ca2-6d220be49d90b51ca6fd.json,d7c1b67b4cf535653e787bc2d4d87f03973daecd34610945e53345e0fb5cbb9d
dexible,defihacklabs,ethereum,16646022,0xde62e1b0edaa55aac5ffbe21984d321706418024,shanghai,ca2-12f0d5e40474ef0de502,2023-02-17,Dexible,Arbitrary External Call Vulnerability,src/test/2023-02/Dexible_exp.sol,mainnet,https://github.com/SunWeb3Sec/DeFiHackLabs/blob/main/past/2023/README.md,frozen_public_source_hashed,1b5a1d9c3166c2b9d60fefc71f8e12d2c3d2f604b259d662e38310d39db6838b,4e6fd15f0c9f1255cfe205eaee2b040e69c0dac862c7bf768fe3fdc53312a057,"[""https://twitter.com/MevRefund/status/1626450002254958592"", ""https://twitter.com/peckshield/status/1626493024879673344""]",[],~$1.5M,exact_contract_basename,True,True,,,2023-02-17,,,,blocked_missing_onchain_and_availability_evidence,"[""missing:deployment_block"", ""missing:prediction_cutoff_block"", ""missing:source_availability_time"", ""missing:runtime_bytecode_hash_at_cutoff"", ""missing:outcome_adjudication_id""]",retained,,cases/ca2-12f0d5e40474ef0de502.json,ddd62e8b1e4c060c89401efdfd50fee2f1f886c32808c12c885af303c5b84465,cases/ca2-12f0d5e40474ef0de502.json,d860671c7c8bad5f10da0fe6ef1bb100618e055a897a44814f97a1c5ff9ea335,,,,,,,,,,,,ca2-12f0d5e40474ef0de502,cases/ca2-12f0d5e40474ef0de502.json,d860671c7c8bad5f10da0fe6ef1bb100618e055a897a44814f97a1c5ff9ea335
dyna,defihacklabs,bsc,25879486,0xa7b5eabc3ee82c585f5f4ccc26b81c3bd62ff3a9,shanghai,ca2-d5206e281e59cc007b02,2023-02-22,DYNA,Business Logic Flaw,src/test/2023-02/DYNA_exp.sol,bsc,https://github.com/SunWeb3Sec/DeFiHackLabs/blob/main/past/2023/README.md,frozen_public_source_hashed,1b5a1d9c3166c2b9d60fefc71f8e12d2c3d2f604b259d662e38310d39db6838b,0606d32d977bdc3f23dd05023c118ba7841cf5fb14bdec135b2b1d42c7952174,"[""https://twitter.com/BeosinAlert/status/1628301635834486784"", ""https://twitter.com/BlockSecTeam/status/1628319536117153794""]",[],~$21k,exact_contract_basename,True,True,,,2023-02-22,,,,blocked_missing_onchain_and_availability_evidence,"[""missing:deployment_block"", ""missing:prediction_cutoff_block"", ""missing:source_availability_time"", ""missing:runtime_bytecode_hash_at_cutoff"", ""missing:outcome_adjudication_id""]",retained,,cases/ca2-d5206e281e59cc007b02.json,0c2f85cf510f4ac1bfd5540a19c6612d40e69f34daf784fb9146f202792d2a05,cases/ca2-d5206e281e59cc007b02.json,bf40b9c0ac2efe3a7c9ac93084ad6b401c536525112e74a99d0e128229478231,,,,,,,,,,,,ca2-d5206e281e59cc007b02,cases/ca2-d5206e281e59cc007b02.json,bf40b9c0ac2efe3a7c9ac93084ad6b401c536525112e74a99d0e128229478231
revertfinance,defihacklabs,ethereum,16653389,0x531110418d8591c92e9cbbfc722db8ffb604fafd,shanghai,ca2-4de34020e1fa2eaee68a,2023-02-18,RevertFinance,Arbitrary External Call Vulnerability,src/test/2023-02/RevertFinance_exp.sol,mainnet,https://github.com/SunWeb3Sec/DeFiHackLabs/blob/main/past/2023/README.md,frozen_public_source_hashed,1b5a1d9c3166c2b9d60fefc71f8e12d2c3d2f604b259d662e38310d39db6838b,207d11063b53884c885c89aa548be4521d5744a7ac420e813021f072bcdb0eee,"[""https://mirror.xyz/revertfinance.eth/3sdpQ3v9vEKiOjaHXUi3TdEfhleAXXlAEWeODrRHJtU""]",[],~$30k,exact_contract_basename,True,True,,,2023-02-18,,,,blocked_missing_onchain_and_availability_evidence,"[""missing:deployment_block"", ""missing:prediction_cutoff_block"", ""missing:source_availability_time"", ""missing:runtime_bytecode_hash_at_cutoff"", ""missing:outcome_adjudication_id""]",retained,,cases/ca2-4de34020e1fa2eaee68a.json,bdafdf59f66034d107d1895915373dd053c7e45810bb39c653701b08a4a6a95d,cases/ca2-4de34020e1fa2eaee68a.json,6b6c325e9cb8bbaafafac019805a669feed853a5cb13e41bf1cd084b5f68c2bd,,,,,,,,,,,,ca2-4de34020e1fa2eaee68a,cases/ca2-4de34020e1fa2eaee68a.json,6b6c325e9cb8bbaafafac019805a669feed853a5cb13e41bf1cd084b5f68c2bd
starlink,defihacklabs,bsc,25729304,0x518281f34dbf5b76e6cdd3908a6972e8ec49e345,shanghai,ca2-0062515827b6285930f2,2023-02-17,Starlink,Business Logic Flaw,src/test/2023-02/Starlink_exp.sol,bsc,https://github.com/SunWeb3Sec/DeFiHackLabs/blob/main/past/2023/README.md,frozen_public_source_hashed,1b5a1d9c3166c2b9d60fefc71f8e12d2c3d2f604b259d662e38310d39db6838b,ce989f1533e653d024b528cbd95da156c293d2c4a813e73814fb2ef1e94b91a7,"[""https://twitter.com/NumenAlert/status/1626447469361102850"", ""https://twitter.com/bbbb/status/1626392605264351235""]",[],~$12k,exact_contract_basename,True,True,,,2023-02-17,,,,blocked_missing_onchain_and_availability_evidence,"[""missing:deployment_block"", ""missing:prediction_cutoff_block"", ""missing:source_availability_time"", ""missing:runtime_bytecode_hash_at_cutoff"", ""missing:outcome_adjudication_id""]",retained,,cases/ca2-0062515827b6285930f2.json,abab2bd4c0a17d5bc4d9a0f551144c747c8ff1e9d480537cda6d52b1173e5c76,cases/ca2-0062515827b6285930f2.json,adfd613407518f1fb72ac383e2eb61660fbce5510c8bad1da9c6be43e151d0b9,,,,,,,,,,,,ca2-0062515827b6285930f2,cases/ca2-0062515827b6285930f2.json,adfd613407518f1fb72ac383e2eb61660fbce5510c8bad1da9c6be43e151d0b9
bigfi,defihacklabs,bsc,26685503,0xd3d4b46db01c006fb165879f343fc13174a1ceeb,shanghai,ca2-d78f4dfccb15753abb19,2023-03-22,BIGFI,Reflection token,src/test/2023-03/BIGFI_exp.sol,bsc,https://github.com/SunWeb3Sec/DeFiHackLabs/blob/main/past/2023/README.md,frozen_public_source_hashed,1b5a1d9c3166c2b9d60fefc71f8e12d2c3d2f604b259d662e38310d39db6838b,220300e58292c3d55d564b0788ae83fbcd7bb1b362e8625a43291b6ae713ac6e,"[""https://twitter.com/HypernativeLabs/status/1638522680654675970""]",[],$30k,exact_contract_basename,True,True,,,2023-03-22,,,,blocked_missing_onchain_and_availability_evidence,"[""missing:deployment_block"", ""missing:prediction_cutoff_block"", ""missing:source_availability_time"", ""missing:runtime_bytecode_hash_at_cutoff"", ""missing:outcome_adjudication_id""]",retained,,cases/ca2-d78f4dfccb15753abb19.json,48cb7bec554598d87e3a4c00a76a42f972bc6fba48afd2e8ce3821d51f2ff09c,cases/ca2-d78f4dfccb15753abb19.json,b03b13f0f910689e01b339f7cfa99feddc874c546df099c10385153930c9fa19,,,,,,,,,,,,ca2-d78f4dfccb15753abb19,cases/ca2-d78f4dfccb15753abb19.json,b03b13f0f910689e01b339f7cfa99feddc874c546df099c10385153930c9fa19
sheep,defihacklabs,bsc,25543755,0x0025b42bfc22cbba6c02d23d4ec2abfcf6e014d4,shanghai,ca2-91206b717060c4fd7b39,2023-02-10,Sheep,Reflection token,src/test/2023-02/Sheep_exp.sol,bsc,https://github.com/SunWeb3Sec/DeFiHackLabs/blob/main/past/2023/README.md,frozen_public_source_hashed,1b5a1d9c3166c2b9d60fefc71f8e12d2c3d2f604b259d662e38310d39db6838b,1da2b0d5408a2ec990fa02df710580cd89676723591b068165339ad3e21faa13,"[""https://twitter.com/BlockSecTeam/status/1623999717482045440"", ""https://twitter.com/BlockSecTeam/status/1624077078852210691""]",[],~$3K,exact_contract_basename,True,True,,,2023-02-10,,,,blocked_missing_onchain_and_availability_evidence,"[""missing:deployment_block"", ""missing:prediction_cutoff_block"", ""missing:source_availability_time"", ""missing:runtime_bytecode_hash_at_cutoff"", ""missing:outcome_adjudication_id""]",retained,,cases/ca2-91206b717060c4fd7b39.json,9ab6dc4f8436a543609eb2192cedaef3bc6534bdc3591a21e6b9a55ffcf54442,cases/ca2-91206b717060c4fd7b39.json,a1ccdd170a0a05067aed4ca24c4024973ad0433af38f898d23054420d432add6,,,,,,,,,,,,ca2-91206b717060c4fd7b39,cases/ca2-91206b717060c4fd7b39.json,a1ccdd170a0a05067aed4ca24c4024973ad0433af38f898d23054420d432add6
orion,defihacklabs,ethereum,16542147,0xb5599f568d3f3e6113b286d010d2bca40a7745aa,shanghai,ca2-ee795333beb4dcb94cce,2023-02-03,Orion Protocol,Reentrancy,src/test/2023-02/Orion_exp.sol,mainnet,https://github.com/SunWeb3Sec/DeFiHackLabs/blob/main/past/2023/README.md,frozen_public_source_hashed,1b5a1d9c3166c2b9d60fefc71f8e12d2c3d2f604b259d662e38310d39db6838b,230018610c21d80d51f87ee5b73442005156617f01ca4fe6120bf470660824b6,"[""https://twitter.com/BlockSecTeam/status/1621263393054420992"", ""https://twitter.com/peckshield/status/1621337925228306433"", ""https://www.numencyber.com/analysis-of-orionprotocol-reentrancy-attack-with-poc/""]",[],$3M,exact_contract_basename,True,True,,,2023-02-03,,,,blocked_missing_onchain_and_availability_evidence,"[""missing:deployment_block"", ""missing:prediction_cutoff_block"", ""missing:source_availability_time"", ""missing:runtime_bytecode_hash_at_cutoff"", ""missing:outcome_adjudication_id""]",retained,,cases/ca2-ee795333beb4dcb94cce.json,c3e323fd503972d640acf9131b4ec77d30614a59bcd830bf384495f92481a6b1,cases/ca2-ee795333beb4dcb94cce.json,71363d723367e64d407a155c1b35f844d73cac2c03d707d29ac1f98464c5bb2b,,,,,,,,,,,,ca2-ee795333beb4dcb94cce,cases/ca2-ee795333beb4dcb94cce.json,71363d723367e64d407a155c1b35f844d73cac2c03d707d29ac1f98464c5bb2b
poolz,defihacklabs,bsc,26475403,0x8bfaa473a899439d8e07bf86a8c6ce5de42fe54b,shanghai,ca2-ffbe4d4d4db010d46d01,2023-03-15,Poolz,integer overflow,src/test/2023-03/poolz_exp.sol,bsc,https://github.com/SunWeb3Sec/DeFiHackLabs/blob/main/past/2023/README.md,frozen_public_source_hashed,1b5a1d9c3166c2b9d60fefc71f8e12d2c3d2f604b259d662e38310d39db6838b,bda1ee287e1e98d03ba4f9d84d1de72a3bfe16cc8fcf2398cfbb174bc4ca86d1,"[""https://twitter.com/peckshield/status/1635860470359015425""]",[],~$390K,exact_contract_basename,True,True,,,2023-03-15,,,,blocked_missing_onchain_and_availability_evidence,"[""missing:deployment_block"", ""missing:prediction_cutoff_block"", ""missing:source_availability_time"", ""missing:runtime_bytecode_hash_at_cutoff"", ""missing:outcome_adjudication_id""]",retained,,cases/ca2-ffbe4d4d4db010d46d01.json,b9cedab3772fd419cda00a07629072fa077c11d18d4897b9d6fac092f937797b,cases/ca2-ffbe4d4d4db010d46d01.json,2c32b2ec548d01735f11f1633b4306b031bb2168dce194c2c40320e43c6b173c,,,,,,,,,,,,ca2-ffbe4d4d4db010d46d01,cases/ca2-ffbe4d4d4db010d46d01.json,2c32b2ec548d01735f11f1633b4306b031bb2168dce194c2c40320e43c6b173c
allbridge,defihacklabs,bsc,26982067,0x7e6c2522fee4e74a0182b9c6159048361bc3260a,shanghai,ca2-c3da8c67aae06b7ecce1,2023-04-02,Allbridge,FlashLoan price manipulation,src/test/2023-04/Allbridge_exp.sol,bsc,https://github.com/SunWeb3Sec/DeFiHackLabs/blob/main/past/2023/README.md,frozen_public_source_hashed,1b5a1d9c3166c2b9d60fefc71f8e12d2c3d2f604b259d662e38310d39db6838b,9e6ba73f3f619cf65fc515389a80b649a51aa891855bd02aaed3938aad6973b1,"[""https://twitter.com/BeosinAlert/status/1642372700726505473"", ""https://twitter.com/peckshield/status/1642356701100916736""]",[],$550k,exact_contract_basename,True,True,,,2023-04-02,,,,blocked_missing_onchain_and_availability_evidence,"[""missing:deployment_block"", ""missing:prediction_cutoff_block"", ""missing:source_availability_time"", ""missing:runtime_bytecode_hash_at_cutoff"", ""missing:outcome_adjudication_id""]",retained,,cases/ca2-c3da8c67aae06b7ecce1.json,e07a1b0c3c09b343d200142b4660ceba954c1344d9abad1071ede451c32a5148,cases/ca2-c3da8c67aae06b7ecce1.json,bf249bb3cda965aadd362270dc65005ff6f6a919098aa4fa6127d637072b645c,,,,,,,,,,,,ca2-c3da8c67aae06b7ecce1,cases/ca2-c3da8c67aae06b7ecce1.json,bf249bb3cda965aadd362270dc65005ff6f6a919098aa4fa6127d637072b645c
dbw,defihacklabs,bsc,26745691,0xbf5baea5113e9eb7009a6680747f2c7569dfc2d6,shanghai,ca2-33375f53486ac02fc6d2,2023-03-25,DBW,Business Logic Flaw,src/test/2023-03/DBW_exp.sol,bsc,https://github.com/SunWeb3Sec/DeFiHackLabs/blob/main/past/2023/README.md,frozen_public_source_hashed,1b5a1d9c3166c2b9d60fefc71f8e12d2c3d2f604b259d662e38310d39db6838b,2d5fb42b8fb902aed9674385117e519fbbd3c9e74f81b581634bf8b73703dc1b,"[""https://twitter.com/AnciliaInc/status/1639289686937210880"", ""https://twitter.com/BeosinAlert/status/1639655134232969216""]",[],$24k,exact_contract_basename,True,True,,,2023-03-25,,,,blocked_missing_onchain_and_availability_evidence,"[""missing:deployment_block"", ""missing:prediction_cutoff_block"", ""missing:source_availability_time"", ""missing:runtime_bytecode_hash_at_cutoff"", ""missing:outcome_adjudication_id""]",retained,,cases/ca2-33375f53486ac02fc6d2.json,f05782afd7a8ac627c6cc84f5d3410392ac29f1be2edcd36d33b46323e29d7ec,cases/ca2-33375f53486ac02fc6d2.json,960da1d9cf84c6fc7a3d4d7203b239647f323243029d828690a6fb4c823ddb5a,,,,,,,,,,,,ca2-33375f53486ac02fc6d2,cases/ca2-33375f53486ac02fc6d2.json,960da1d9cf84c6fc7a3d4d7203b239647f323243029d828690a6fb4c823ddb5a
axioma,defihacklabs,bsc,27620320,0x2c25aee99ed08a61e7407a5674bc2d1a72b5d8e3,shanghai,ca2-31fe70569e5c85e1450b,2023-04-24,Axioma,Business Logic Flaw,src/test/2023-04/Axioma_exp.sol,bsc,https://github.com/SunWeb3Sec/DeFiHackLabs/blob/main/past/2023/README.md,frozen_public_source_hashed,1b5a1d9c3166c2b9d60fefc71f8e12d2c3d2f604b259d662e38310d39db6838b,d1f57ab5d65e3870792251bb781cb24374339cd2c271c583bcb8d369468509d7,"[""https://twitter.com/HypernativeLabs/status/1650382589847302145""]",[],~21 WBNB,exact_contract_basename,True,True,,,2023-04-24,,,,blocked_missing_onchain_and_availability_evidence,"[""missing:deployment_block"", ""missing:prediction_cutoff_block"", ""missing:source_availability_time"", ""missing:runtime_bytecode_hash_at_cutoff"", ""missing:outcome_adjudication_id""]",retained,,cases/ca2-31fe70569e5c85e1450b.json,8f4f6baf7ac45710d5f8155e24066417863f5177939ae8ee4fa675e8808ba99d,cases/ca2-31fe70569e5c85e1450b.json,14345e30c9c456d4a071eec2b24594653e7549b36a77bab0e8b9ae3518209212,,,,,,,,,,,,ca2-31fe70569e5c85e1450b,cases/ca2-31fe70569e5c85e1450b.json,14345e30c9c456d4a071eec2b24594653e7549b36a77bab0e8b9ae3518209212
olife,defihacklabs,bsc,27470678,0xb5a0ce3acd6ec557d39afdcbc93b07a1e1a9e3fa,shanghai,ca2-444479add25939f22fc7,2023-04-19,OLIFE,Reflection token,src/test/2023-04/OLIFE_exp.sol,bsc,https://github.com/SunWeb3Sec/DeFiHackLabs/blob/main/past/2023/README.md,frozen_public_source_hashed,1b5a1d9c3166c2b9d60fefc71f8e12d2c3d2f604b259d662e38310d39db6838b,f45cb26ca206b4bde90938dde044e118066e680daef86e0ce52ad3c62684d22a,"[""https://twitter.com/BeosinAlert/status/1648520494516420608""]",[],~32 WBNB,exact_contract_basename,True,True,,,2023-04-19,,,,blocked_missing_onchain_and_availability_evidence,"[""missing:deployment_block"", ""missing:prediction_cutoff_block"", ""missing:source_availability_time"", ""missing:runtime_bytecode_hash_at_cutoff"", ""missing:outcome_adjudication_id""]",retained,,cases/ca2-444479add25939f22fc7.json,67c7436d8a81fc0cba47955d35e40f471cb09e6f4f86747bf283b770f312bb9e,cases/ca2-444479add25939f22fc7.json,706bf9fc83c1291ea5942cca6597b1c1dee6cf399aaff5622c1a9d1120659da0,,,,,,,,,,,,ca2-444479add25939f22fc7,cases/ca2-444479add25939f22fc7.json,706bf9fc83c1291ea5942cca6597b1c1dee6cf399aaff5622c1a9d1120659da0
sushi_router,defihacklabs,ethereum,17007841,0x044b75f554b886a065b9567891e45c79542d7357,shanghai,ca2-59fefab120e73557ebbd,2023-04-09,SushiSwap,Unchecked User Input,src/test/2023-04/Sushi_Router_exp.sol,mainnet,https://github.com/SunWeb3Sec/DeFiHackLabs/blob/main/past/2023/README.md,frozen_public_source_hashed,1b5a1d9c3166c2b9d60fefc71f8e12d2c3d2f604b259d662e38310d39db6838b,2f68d6a8ba91da88a2370a929db3676986a4819479ce27ecc2a31c56dd5f51aa,"[""https://twitter.com/AnciliaInc/status/1644925421006520320"", ""https://twitter.com/SlowMist_Team/status/1644936375924584449"", ""https://twitter.com/peckshield/status/1644907207530774530""]",[],>$3.3M,exact_contract_basename,True,True,,,2023-04-09,,,,blocked_missing_onchain_and_availability_evidence,"[""missing:deployment_block"", ""missing:prediction_cutoff_block"", ""missing:source_availability_time"", ""missing:runtime_bytecode_hash_at_cutoff"", ""missing:outcome_adjudication_id""]",retained,,cases/ca2-59fefab120e73557ebbd.json,91a2fdf051fd6e6421ce442e63d06438312d971ea19eaa06b910fe063a00974b,cases/ca2-59fefab120e73557ebbd.json,7ac1ce53df2553ce19d04a69cacb420bdeb49756bc1774c7dd95da6c3f373b26,,,,,,,,,,,,ca2-59fefab120e73557ebbd,cases/ca2-59fefab120e73557ebbd.json,7ac1ce53df2553ce19d04a69cacb420bdeb49756bc1774c7dd95da6c3f373b26
safemoon,defihacklabs,bsc,26854757,0x42981d0bfbaf196529376ee702f2a9eb9092fcb5,shanghai,ca2-6e83ea5ad89c085e5f5b,2023-03-28,SafeMoon Hack,Access Control,src/test/2023-03/safeMoon_exp.sol,bsc,https://github.com/SunWeb3Sec/DeFiHackLabs/blob/main/past/2023/README.md,frozen_public_source_hashed,1b5a1d9c3166c2b9d60fefc71f8e12d2c3d2f604b259d662e38310d39db6838b,2498c583ba177edc37f363e0b54f95dce073d9cbc59359a1f1664f38071aecf5,"[""https://twitter.com/zokyo_io/status/1641014520041840640""]",[],$8.9M,exact_contract_basename,True,True,,,2023-03-28,,,,blocked_missing_onchain_and_availability_evidence,"[""missing:deployment_block"", ""missing:prediction_cutoff_block"", ""missing:source_availability_time"", ""missing:runtime_bytecode_hash_at_cutoff"", ""missing:outcome_adjudication_id""]",retained,,cases/ca2-6e83ea5ad89c085e5f5b.json,35c76f998632d180357ed1d2980fe7f92f7d4c0ff76a3eb203947b7f948fbc5a,cases/ca2-6e83ea5ad89c085e5f5b.json,24881f52836ed562d413178edf9e9452e2b1c2af8efb7f9a30da07825de1bfd9,,,,,,,,,,,,ca2-6e83ea5ad89c085e5f5b,cases/ca2-6e83ea5ad89c085e5f5b.json,24881f52836ed562d413178edf9e9452e2b1c2af8efb7f9a30da07825de1bfd9
GiddyVaultV3,defihacklabs-temporal-replacement-finalization,ethereum,24942491,0x5f0ad32c00641d1d2bb628ff341e0d4bb4494318,,ca2-0064b472336ec4210007,2026-04-23,GiddyVaultV3,replacement_candidate,,ethereum,,replacement_candidate_historical_snapshot_verified,bfde379a37468ffe6aae8e0b757f4895d06e991cd0aae0272e4c2e8b124e7fb6,f3b3e17cbbc00aff885eafaac430ad5ac59127d78ade4e20d4b8f48136af0eba,[],"[""0x5edb66a4c2ea55bba95d36d27713e3bb1c67c3c4199a8a1759e754c6f25482e5""]",,frozen_chain_global_order_finalization,True,True,24923987,24931171,24942492,,f1ae6587c2e09fb7dae9cdaa2f5aa752b6fade03dd4e37868d438bb2c55ddaf0,,replacement_candidate_selected,[],replacement,ca2-4bda3ef104b3f057c7fd,cases/ca2-4bda3ef104b3f057c7fd.json,faf7dc1ecce1c2323150126b45fe3a504599513f571d0ed12b410669ece0d309,,,cases/ca2r-71a7b10a92a8672d68bf.json,0061674fbdba34fd3a8995a4208e1add9010e6bb9cc52882ffdc3ac63c3d7e71,historical_cases/ca2r-71a7b10a92a8672d68bf/ca2r-71a7b10a92a8672d68bf.json,f44bf4a485d58d4fe3f9414bda42263fabc5572142eade2b8eac26392bc1255d,5,first_eligible_unique_from_frozen_chain_global_order,bfde379a37468ffe6aae8e0b757f4895d06e991cd0aae0272e4c2e8b124e7fb6,a18c0040510cddc88d59e602bac53bbcafbe5dfbc978cff0134cb513de79fc53,24942491,0x5edb66a4c2ea55bba95d36d27713e3bb1c67c3c4199a8a1759e754c6f25482e5,ca2r-71a7b10a92a8672d68bf,ca2r-71a7b10a92a8672d68bf,historical_cases/ca2r-71a7b10a92a8672d68bf/ca2r-71a7b10a92a8672d68bf.json,f44bf4a485d58d4fe3f9414bda42263fabc5572142eade2b8eac26392bc1255d
yearnfinance,defihacklabs,ethereum,17036774,0x83f798e925bcd4017eb265844fddabb448f1707d,shanghai,ca2-6b709bd598843f9b172a,2023-04-13,yearnFinance,Misconfiguration,src/test/2023-04/YearnFinance_exp.sol,mainnet,https://github.com/SunWeb3Sec/DeFiHackLabs/blob/main/past/2023/README.md,frozen_public_source_hashed,1b5a1d9c3166c2b9d60fefc71f8e12d2c3d2f604b259d662e38310d39db6838b,37a56741b1b475a56725fe36565ad21976ef7d726b4c6ac3aa334aefa6aeadc9,"[""https://twitter.com/BeosinAlert/status/1646481687445114881"", ""https://twitter.com/cmichelio/status/1646422861219807233""]",[],$11.6M,exact_contract_basename,True,True,,,2023-04-13,,,,blocked_missing_onchain_and_availability_evidence,"[""missing:deployment_block"", ""missing:prediction_cutoff_block"", ""missing:source_availability_time"", ""missing:runtime_bytecode_hash_at_cutoff"", ""missing:outcome_adjudication_id""]",retained,,cases/ca2-6b709bd598843f9b172a.json,6e0a769cd9737fc76efb635436c3ca978d9ec75e447040e76c224dd815ff8f3c,cases/ca2-6b709bd598843f9b172a.json,c16891a7645652113c3b24f5719ff4a3d0a2960fd3f78373becddad6b4cadb3d,,,,,,,,,,,,ca2-6b709bd598843f9b172a,cases/ca2-6b709bd598843f9b172a.json,c16891a7645652113c3b24f5719ff4a3d0a2960fd3f78373becddad6b4cadb3d
babydogecoin,defihacklabs,bsc,28593354,0xc748673057861a797275cd8a068abb95a902e8de,shanghai,ca2-1a73db8dcf62dc8e4419,2023-05-29,BabyDogeCoin,Lack Slippage Protection,src/test/2023-05/BabyDogeCoin_exp.sol,bsc,https://github.com/SunWeb3Sec/DeFiHackLabs/blob/main/past/2023/README.md,frozen_public_source_hashed,1b5a1d9c3166c2b9d60fefc71f8e12d2c3d2f604b259d662e38310d39db6838b,f2cbefc8b122988a0ecb2a48794d7f5e6ab5a2843115be4493c3a46a8a5dd383,"[""https://twitter.com/Phalcon_xyz/status/1662744426475831298""]",[],~$135k,exact_contract_basename,True,True,,,2023-05-29,,,,blocked_missing_onchain_and_availability_evidence,"[""missing:deployment_block"", ""missing:prediction_cutoff_block"", ""missing:source_availability_time"", ""missing:runtime_bytecode_hash_at_cutoff"", ""missing:outcome_adjudication_id""]",retained,,cases/ca2-1a73db8dcf62dc8e4419.json,c3d81422d0c157bcb416fc6c56b21fed6c43fdb31035ac0bc68f9e989f1f20aa,cases/ca2-1a73db8dcf62dc8e4419.json,8d653fe82b9acde7779490e0a73f3a4a54c14dc19fcb4977df7f1cbcca53406f,,,,,,,,,,,,ca2-1a73db8dcf62dc8e4419,cases/ca2-1a73db8dcf62dc8e4419.json,8d653fe82b9acde7779490e0a73f3a4a54c14dc19fcb4977df7f1cbcca53406f
silo_finance,defihacklabs,ethereum,17139470,0xcb3b879ab11f825885d5add8bf3672596d35197c,shanghai,ca2-0f2e70bb64b6ee9426eb,2023-04-27,Silo finance,Business Logic Flaw,src/test/2023-04/silo_finance_exp.sol,mainnet,https://github.com/SunWeb3Sec/DeFiHackLabs/blob/main/past/2023/README.md,frozen_public_source_hashed,1b5a1d9c3166c2b9d60fefc71f8e12d2c3d2f604b259d662e38310d39db6838b,9b884914f8626d2d99687e9e3de2268d1534ccdf70eaa31fbe6f3d47de80a7ec,"[""https://medium.com/immunefi/silo-finance-logic-error-bugfix-review-35de29bd934a""]",[],,frozen_date_override,True,True,,,2023-04-27,,,,blocked_missing_onchain_and_availability_evidence,"[""missing:deployment_block"", ""missing:prediction_cutoff_block"", ""missing:source_availability_time"", ""missing:runtime_bytecode_hash_at_cutoff"", ""missing:outcome_adjudication_id""]",retained,,cases/ca2-0f2e70bb64b6ee9426eb.json,ec25c60dcc9533b9c6e5692497130ac0d1dcdbbb1479c354de833e8999784a71,cases/ca2-0f2e70bb64b6ee9426eb.json,3d25ec8b133a9c6a4e3677f4d522bc9edde2ee55e787d9a5599a77d98bfc29de,,,,,,,,,,,,ca2-0f2e70bb64b6ee9426eb,cases/ca2-0f2e70bb64b6ee9426eb.json,3d25ec8b133a9c6a4e3677f4d522bc9edde2ee55e787d9a5599a77d98bfc29de
bitpaidio,defihacklabs,bsc,28176675,0x9d6d817ea5d4a69ff4c4509bea8f9b2534cec108,shanghai,ca2-59a1cba91e5790395c7b,2023-05-13,Bitpaidio,Business Logic Flaw,src/test/2023-05/Bitpaidio_exp.sol,bsc,https://github.com/SunWeb3Sec/DeFiHackLabs/blob/main/past/2023/README.md,frozen_public_source_hashed,1b5a1d9c3166c2b9d60fefc71f8e12d2c3d2f604b259d662e38310d39db6838b,4683251ff02b948ca7e6f187c76773c1ea70e778b8de50a96b27635c4b31ac62,"[""https://twitter.com/BlockSecTeam/status/1657411284076478465""]",[],~$30K,exact_contract_basename,True,True,,,2023-05-13,,,,blocked_missing_onchain_and_availability_evidence,"[""missing:deployment_block"", ""missing:prediction_cutoff_block"", ""missing:source_availability_time"", ""missing:runtime_bytecode_hash_at_cutoff"", ""missing:outcome_adjudication_id""]",retained,,cases/ca2-59a1cba91e5790395c7b.json,84e796a6584155ebc21d70184dc495c9a25f9f3eee3a67135eb3774785979aa7,cases/ca2-59a1cba91e5790395c7b.json,b6454746ac090386320b3e7eeaa7b554d6467b97380cd4d7b71fb33eb4dd0e44,,,,,,,,,,,,ca2-59a1cba91e5790395c7b,cases/ca2-59a1cba91e5790395c7b.json,b6454746ac090386320b3e7eeaa7b554d6467b97380cd4d7b71fb33eb4dd0e44
WXETA,defihacklabs-temporal-replacement-finalization,bsc,42284161,0x05c2dd9cf547c6cccf91245346e6e1bc9926cae7,,ca2-64ef33688d6e79b3439e,2024-09-15,WXETA,replacement_candidate,,bsc,,replacement_candidate_historical_snapshot_verified,490978270fa586a42640e75c64ae8bacd82cdef9a90f7c72fc05615ac9022418,a33b3e72c133dd0fe5723c4b162e1c958c0324a74cd996363d8972c2dd9beffd,[],"[""0x614da880bd46e98131accd9a83917abf3d56dac94caf13ae98eeff504eea3704""]",,frozen_chain_global_order_finalization,True,True,36918555,36947293,42284162,,a83546ff561b0bef2db7a2c6e81e7233e603a80b41c8ee2a7778b32f019fab72,,replacement_candidate_selected,[],replacement,ca2-2204bc187116e38ab9eb,cases/ca2-2204bc187116e38ab9eb.json,cc9b7c668f632b1bf520dc8abc719acf63a97edef36975d88631d81a3eddaf6e,,,cases/ca2r-96e8a384c0d4cd3a86c8.json,503866bb8d1e70f96cdb74bd1338a242bed3bc351cc95fff4702bb71d7a52aaa,historical_cases/ca2r-96e8a384c0d4cd3a86c8/ca2r-96e8a384c0d4cd3a86c8.json,b42be8dabce792ec45a892479d670ba6138a586a403219ea22f5453ead96c650,7,first_eligible_unique_from_frozen_chain_global_order,490978270fa586a42640e75c64ae8bacd82cdef9a90f7c72fc05615ac9022418,db3b13fa1cbf75bffec4662240ebd762c5af6c92d2608b9aecde80a8d7802b08,42284161,0x614da880bd46e98131accd9a83917abf3d56dac94caf13ae98eeff504eea3704,ca2r-96e8a384c0d4cd3a86c8,ca2r-96e8a384c0d4cd3a86c8,historical_cases/ca2r-96e8a384c0d4cd3a86c8/ca2r-96e8a384c0d4cd3a86c8.json,b42be8dabce792ec45a892479d670ba6138a586a403219ea22f5453ead96c650
erc20tokenbank,defihacklabs,ethereum,17376906,0x765b8d7cd8ff304f796f4b6fb1bcf78698333f6d,shanghai,ca2-2f764ff5c7c146ad35b3,2023-05-31,ERC20TokenBank,Price Manipulation,src/test/2023-05/ERC20TokenBank_exp.sol,mainnet,https://github.com/SunWeb3Sec/DeFiHackLabs/blob/main/past/2023/README.md,frozen_public_source_hashed,1b5a1d9c3166c2b9d60fefc71f8e12d2c3d2f604b259d662e38310d39db6838b,cc25142537541b03e2a2cde009662c1a89939a7dc5ea5167e2596c16860eb0c3,"[""https://twitter.com/BlockSecTeam/status/1663810037788311561""]",[],~$111k,exact_contract_basename,True,True,,,2023-05-31,,,,blocked_missing_onchain_and_availability_evidence,"[""missing:deployment_block"", ""missing:prediction_cutoff_block"", ""missing:source_availability_time"", ""missing:runtime_bytecode_hash_at_cutoff"", ""missing:outcome_adjudication_id""]",retained,,cases/ca2-2f764ff5c7c146ad35b3.json,168bc4cc5580dd0d9ced93c8d4905c61b8cc91e03eb75fd413c895afe79ac975,cases/ca2-2f764ff5c7c146ad35b3.json,f85105566bb2fed2376d5ee54369b494b316642f9f4c40b59312610fb1457ac6,,,,,,,,,,,,ca2-2f764ff5c7c146ad35b3,cases/ca2-2f764ff5c7c146ad35b3.json,f85105566bb2fed2376d5ee54369b494b316642f9f4c40b59312610fb1457ac6
cs,defihacklabs,bsc,28466976,0x8bc6ce23e5e2c4f0a96429e3c9d482d74171215e,shanghai,ca2-22ca428502dddf9f2871,2023-05-24,CS Token,Outdated Global Variable,src/test/2023-05/CS_exp.sol,bsc,https://github.com/SunWeb3Sec/DeFiHackLabs/blob/main/past/2023/README.md,frozen_public_source_hashed,1b5a1d9c3166c2b9d60fefc71f8e12d2c3d2f604b259d662e38310d39db6838b,b1eac141e6770456816aef704a422069bc7c3d9376ce88023f987f73d9e03c31,"[""https://twitter.com/BlockSecTeam/status/1661098394130198528"", ""https://twitter.com/numencyber/status/1661207123102167041""]",[],~714K USD,exact_contract_basename,True,True,,,2023-05-24,,,,blocked_missing_onchain_and_availability_evidence,"[""missing:deployment_block"", ""missing:prediction_cutoff_block"", ""missing:source_availability_time"", ""missing:runtime_bytecode_hash_at_cutoff"", ""missing:outcome_adjudication_id""]",retained,,cases/ca2-22ca428502dddf9f2871.json,e69acaa1029befa090db9f4e8438dd1e1c6c851a5bff47e33da5ffdb4bc31a4a,cases/ca2-22ca428502dddf9f2871.json,a248548db076251840a79e3732ddadf9f0f63794f3f58cec8aa2c65fbf660786,,,,,,,,,,,,ca2-22ca428502dddf9f2871,cases/ca2-22ca428502dddf9f2871.json,a248548db076251840a79e3732ddadf9f0f63794f3f58cec8aa2c65fbf660786
hodlcapital,defihacklabs,ethereum,17220892,0xeda47e13fd1192e32226753dc2261c4a14908fb7,shanghai,ca2-347a5ac7c8586f3866c1,2023-05-09,HODL,Reflection token,src/test/2023-05/HODLCapital_exp.sol,mainnet,https://github.com/SunWeb3Sec/DeFiHackLabs/blob/main/past/2023/README.md,frozen_public_source_hashed,1b5a1d9c3166c2b9d60fefc71f8e12d2c3d2f604b259d662e38310d39db6838b,be2766c06367f10ee7018421cb76febad2cd6cc091b52344bac9938ab3a02e15,"[""https://explorer.phalcon.xyz/tx/eth/0xedc214a62ff6fd764200ddaa8ceae54f842279eadab80900be5f29d0b75212df"", ""https://x.com/numencyber/status/1655825767392247808""]","[""0xedc214a62ff6fd764200ddaa8ceae54f842279eadab80900be5f29d0b75212df""]",~$2.3 ETH,exact_contract_basename,True,True,,,2023-05-09,,,,blocked_missing_onchain_and_availability_evidence,"[""missing:deployment_block"", ""missing:prediction_cutoff_block"", ""missing:source_availability_time"", ""missing:runtime_bytecode_hash_at_cutoff"", ""missing:outcome_adjudication_id""]",retained,,cases/ca2-347a5ac7c8586f3866c1.json,52db9655bd68fdb3285bab4f5590341a08718fd5e0f4e85af76e0f7b4e988f62,cases/ca2-347a5ac7c8586f3866c1.json,10df9d2e61c49b69c11e07a24d5617b39885e2e9dfc83253ee402dab854c63cb,,,,,,,,,,,,ca2-347a5ac7c8586f3866c1,cases/ca2-347a5ac7c8586f3866c1.json,10df9d2e61c49b69c11e07a24d5617b39885e2e9dfc83253ee402dab854c63cb
SinstakeZombie,defihacklabs-temporal-replacement-finalization,bsc,51737496,0x7314729d691fd074dbba03ca3c6ef3be61b31d34,,ca2-ca1ff798b4f84a39a35d,2025-06-19,SinstakeZombie,replacement_candidate,,bsc,,replacement_candidate_historical_snapshot_verified,88f61048b233904f774162bde7740bd535629ffe4a81fe99d778156edc880275,45e401f1e049c7e48e739508c8dcb9c14375568e2fe96a4ecebb3aeb731b9333,[],"[""0x8b8e655c0ab0cd400e23e6d6a935aa23226a8a060bb37f40663f2d81ee63b94f""]",,frozen_chain_global_order_finalization,True,True,8129043,8157718,51737497,,f46587ad6dee1747615227bdc220146ca0c7806fdc599017778a659832dbbc6f,,replacement_candidate_selected,[],replacement,ca2-bdda6e92a5771cd2e1b7,cases/ca2-bdda6e92a5771cd2e1b7.json,ff9d6e086a7239089e426aaa898ea4fd2704d1b3e71913815cd23ca7d6994705,,,cases/ca2r-ae96ab39f6032c3c3d8c.json,dfb7672d4961ef4b3fa51176b0e36235127c2d779b55fa00d7902432c3b071be,historical_cases/ca2r-ae96ab39f6032c3c3d8c/ca2r-ae96ab39f6032c3c3d8c.json,86121312db602112b18cae1ad22f9f5fa37eee52515a0e9a70e15fd8298155ec,31,first_eligible_unique_from_frozen_chain_global_order,88f61048b233904f774162bde7740bd535629ffe4a81fe99d778156edc880275,d3b80fe4ed7198fc900616b269408c1d0485ef8f000f46d37adb75be862a4a9c,51737496,0x8b8e655c0ab0cd400e23e6d6a935aa23226a8a060bb37f40663f2d81ee63b94f,ca2r-ae96ab39f6032c3c3d8c,ca2r-ae96ab39f6032c3c3d8c,historical_cases/ca2r-ae96ab39f6032c3c3d8c/ca2r-ae96ab39f6032c3c3d8c.json,86121312db602112b18cae1ad22f9f5fa37eee52515a0e9a70e15fd8298155ec
lw,defihacklabs,bsc,28133285,0x7b8c378df8650373d82ceb1085a18fe34031784f,shanghai,ca2-e54f2002a25549da55ac,2023-05-12,LW,FlashLoan Price Manipulation,src/test/2023-05/LW_exp.sol,bsc,https://github.com/SunWeb3Sec/DeFiHackLabs/blob/main/past/2023/README.md,frozen_public_source_hashed,1b5a1d9c3166c2b9d60fefc71f8e12d2c3d2f604b259d662e38310d39db6838b,49b6cafe686b7ed303e5c8fde8dcbd7aad87ef4c64f05c35cfd6166a6ee469de,"[""https://twitter.com/PeckShieldAlert/status/1656850634312925184"", ""https://twitter.com/hexagate_/status/1657051084131639296""]",[],~$50k,frozen_date_override,True,True,,,2023-05-12,,,,blocked_missing_onchain_and_availability_evidence,"[""missing:deployment_block"", ""missing:prediction_cutoff_block"", ""missing:source_availability_time"", ""missing:runtime_bytecode_hash_at_cutoff"", ""missing:outcome_adjudication_id""]",retained,,cases/ca2-e54f2002a25549da55ac.json,16371467bfa45e5d7fb9b1c912c877283ddcd60388bfc56d907958199be09c27,cases/ca2-e54f2002a25549da55ac.json,5bce3a2afc4b37d417a2e6f13fb279e7e34e070cbdee36ab480d6ab96d5ff074,,,,,,,,,,,,ca2-e54f2002a25549da55ac,cases/ca2-e54f2002a25549da55ac.json,5bce3a2afc4b37d417a2e6f13fb279e7e34e070cbdee36ab480d6ab96d5ff074
multichaincapital,defihacklabs,ethereum,17221445,0x1a7981d87e3b6a95c1516eb820e223fe979896b3,shanghai,ca2-11635f2908fcc175e7c9,2023-05-09,MCC,Reflection token,src/test/2023-05/MultiChainCapital_exp.sol,mainnet,https://github.com/SunWeb3Sec/DeFiHackLabs/blob/main/past/2023/README.md,frozen_public_source_hashed,1b5a1d9c3166c2b9d60fefc71f8e12d2c3d2f604b259d662e38310d39db6838b,e9c51537d22eb98fbcac694db0e01fbd86720b900728569d4afbb877e3ecd65a,"[""https://twitter.com/BeosinAlert/status/1655846558762692608""]",[],~$10 ETH,exact_contract_basename,True,True,,,2023-05-09,,,,blocked_missing_onchain_and_availability_evidence,"[""missing:deployment_block"", ""missing:prediction_cutoff_block"", ""missing:source_availability_time"", ""missing:runtime_bytecode_hash_at_cutoff"", ""missing:outcome_adjudication_id""]",retained,,cases/ca2-11635f2908fcc175e7c9.json,6754c2cd8e95e75392628699df5d9b99b979734a6767d4e786de0bc936d0e095,cases/ca2-11635f2908fcc175e7c9.json,0b439a93a8cdf16757fad3e8a5a582225e875f748ca538fb3c96affc2972c864,,,,,,,,,,,,ca2-11635f2908fcc175e7c9,cases/ca2-11635f2908fcc175e7c9.json,0b439a93a8cdf16757fad3e8a5a582225e875f748ca538fb3c96affc2972c864
level,defihacklabs,bsc,27830139,0x977087422c008233615b572fbc3f209ed300063a,shanghai,ca2-001b14467ef9b84b416a,2023-05-02,Level,Business Logic Flaw,src/test/2023-05/Level_exp.sol,bsc,https://github.com/SunWeb3Sec/DeFiHackLabs/blob/main/past/2023/README.md,frozen_public_source_hashed,1b5a1d9c3166c2b9d60fefc71f8e12d2c3d2f604b259d662e38310d39db6838b,a8fb16f1411330e130d3de965ab9566abad2bed4494b479d532b26982bf317cf,"[""https://twitter.com/BlockSecTeam/status/1653267431127920641"", ""https://twitter.com/peckshield/status/1653149493133729794""]",[],~$1M,exact_contract_basename,True,True,,,2023-05-02,,,,blocked_missing_onchain_and_availability_evidence,"[""missing:deployment_block"", ""missing:prediction_cutoff_block"", ""missing:source_availability_time"", ""missing:runtime_bytecode_hash_at_cutoff"", ""missing:outcome_adjudication_id""]",retained,,cases/ca2-001b14467ef9b84b416a.json,3caeff8f8d79d95d518961f96be9a58b29afc2f5f38c8c10be9f76d7c9c0eedc,cases/ca2-001b14467ef9b84b416a.json,0b4a609eb8f282cd7661b1560eee2ffa8c0d94a7cdca7ec91065bff102200190,,,,,,,,,,,,ca2-001b14467ef9b84b416a,cases/ca2-001b14467ef9b84b416a.json,0b4a609eb8f282cd7661b1560eee2ffa8c0d94a7cdca7ec91065bff102200190
- ThoreumFinance,defihacklabs-temporal-replacement-finalization,bsc,24913171,0xce1b3e5087e8215876af976032382dd338cf8401,,ca2-5ec981d26607ce3dec41,2023-01-19,- ThoreumFinance,replacement_candidate,,bsc,,replacement_candidate_historical_snapshot_verified,872c597623a26c94c59f1ca5b4a865d0d07c3e9b1457cd67af0c4534d27cbe1b,12ec56ccc1cf3481e2e1bc61588ef55f32b3b7c7b0465029d9f12723b027fa9e,[],"[""0x3fe3a1883f0ae263a260f7d3e9b462468f4f83c2c88bb89d1dee5d7d24262b51""]",,frozen_chain_global_order_finalization,True,True,19566917,19595670,24913172,,ea711288687610876d7125f42efc932322cec464bf96e1766798f5e593d7a12e,,replacement_candidate_selected,[],replacement,ca2-8ce9d12a815961338519,cases/ca2-8ce9d12a815961338519.json,6f430be80e3b9f76b83dac2ed0b64b652676a32b2962cd2a7b809361e9a6820d,,,cases/ca2r-d114caf3ade0518b55c5.json,f438c8c98c0ff90eb0bdea94e85393b4f13ed2ee7c09ebea3afd88476f0d9d39,historical_cases/ca2r-d114caf3ade0518b55c5/ca2r-d114caf3ade0518b55c5.json,f54416decf2331867751b1ca22578bb8cf20998f138c51b84c7094aec860128e,21,first_eligible_unique_from_frozen_chain_global_order,872c597623a26c94c59f1ca5b4a865d0d07c3e9b1457cd67af0c4534d27cbe1b,1b5a1d9c3166c2b9d60fefc71f8e12d2c3d2f604b259d662e38310d39db6838b,24913171,0x3fe3a1883f0ae263a260f7d3e9b462468f4f83c2c88bb89d1dee5d7d24262b51,ca2r-d114caf3ade0518b55c5,ca2r-d114caf3ade0518b55c5,historical_cases/ca2r-d114caf3ade0518b55c5/ca2r-d114caf3ade0518b55c5.json,f54416decf2331867751b1ca22578bb8cf20998f138c51b84c7094aec860128e
neverfall,defihacklabs,bsc,27863177,0x5abde8b434133c98c36f4b21476791d95d888bf5,shanghai,ca2-10135a96af2e104eb4a4,2023-05-03,NeverFall,Price Manipulation,src/test/2023-05/NeverFall_exp.sol,bsc,https://github.com/SunWeb3Sec/DeFiHackLabs/blob/main/past/2023/README.md,frozen_public_source_hashed,1b5a1d9c3166c2b9d60fefc71f8e12d2c3d2f604b259d662e38310d39db6838b,24887d71d881e9b3355abe95a52ecaa0d0c74111a215a55236b2edc74bf19ec4,"[""https://twitter.com/BeosinAlert/status/1653619782317662211""]",[],~74K,exact_contract_basename,True,True,,,2023-05-03,,,,blocked_missing_onchain_and_availability_evidence,"[""missing:deployment_block"", ""missing:prediction_cutoff_block"", ""missing:source_availability_time"", ""missing:runtime_bytecode_hash_at_cutoff"", ""missing:outcome_adjudication_id""]",retained,,cases/ca2-10135a96af2e104eb4a4.json,fd66699260d6501b9e48563b761ee8110337f280566954465c4981286522e38b,cases/ca2-10135a96af2e104eb4a4.json,27e91b4403e550cdc21fbf13f55bcce89e4cc9164b5ac02f527e88e767e5935b,,,,,,,,,,,,ca2-10135a96af2e104eb4a4,cases/ca2-10135a96af2e104eb4a4.json,27e91b4403e550cdc21fbf13f55bcce89e4cc9164b5ac02f527e88e767e5935b
sellc,defihacklabs,bsc,28092673,0x274b3e185c9c8f4ddef79cb9a8dc0d94f73a7675,shanghai,ca2-f18eddf4c9f68d58e510,2023-05-11,SellToken01,Business Logic Flaw,src/test/2023-05/SELLC_exp.sol,bsc,https://github.com/SunWeb3Sec/DeFiHackLabs/blob/main/past/2023/README.md,frozen_public_source_hashed,1b5a1d9c3166c2b9d60fefc71f8e12d2c3d2f604b259d662e38310d39db6838b,924f1e34730cb2111ed37a8a768a7ddea30ac55a29e91ab340aea3daee14fbcd,"[""https://twitter.com/AnciliaInc/status/1656337400329834496"", ""https://twitter.com/AnciliaInc/status/1656341587054702598""]",[],~$95k,exact_contract_basename,True,True,,,2023-05-11,,,,blocked_missing_onchain_and_availability_evidence,"[""missing:deployment_block"", ""missing:prediction_cutoff_block"", ""missing:source_availability_time"", ""missing:runtime_bytecode_hash_at_cutoff"", ""missing:outcome_adjudication_id""]",retained,,cases/ca2-f18eddf4c9f68d58e510.json,c6b613f077f6df2f90be9a4c259ebfcece2858e2745889695b91b4601768cda6,cases/ca2-f18eddf4c9f68d58e510.json,7fe1ebfdb72c960cefb8ba2a39ca78d7223a6448fc9a90e0234e182efa3d8e2a,,,,,,,,,,,,ca2-f18eddf4c9f68d58e510,cases/ca2-f18eddf4c9f68d58e510.json,7fe1ebfdb72c960cefb8ba2a39ca78d7223a6448fc9a90e0234e182efa3d8e2a
selltoken,defihacklabs,bsc,28168034,0x57db19127617b77c8abd9420b5a35502b59870d6,shanghai,ca2-429b8f8a4d1baf287471,2023-05-13,SellToken02,Price Manipulation,src/test/2023-05/SellToken_exp.sol,bsc,https://github.com/SunWeb3Sec/DeFiHackLabs/blob/main/past/2023/README.md,frozen_public_source_hashed,1b5a1d9c3166c2b9d60fefc71f8e12d2c3d2f604b259d662e38310d39db6838b,6852a28aadb71748b01358c5c5ecddfedfacbfff88805eab506ad83398787569,"[""https://twitter.com/BlockSecTeam/status/1657324561577435136""]",[],~$197k,exact_contract_basename,True,True,,,2023-05-13,,,,blocked_missing_onchain_and_availability_evidence,"[""missing:deployment_block"", ""missing:prediction_cutoff_block"", ""missing:source_availability_time"", ""missing:runtime_bytecode_hash_at_cutoff"", ""missing:outcome_adjudication_id""]",retained,,cases/ca2-429b8f8a4d1baf287471.json,a2040257a3fd32d8429eccae6c53608ff83fd5ffe90c487e1b351ece6aefe8ac,cases/ca2-429b8f8a4d1baf287471.json,5046ef4ebdac49233b46468b128953445039d589a13a70d05e9ad5fe1787f5fe,,,,,,,,,,,,ca2-429b8f8a4d1baf287471,cases/ca2-429b8f8a4d1baf287471.json,5046ef4ebdac49233b46468b128953445039d589a13a70d05e9ad5fe1787f5fe
snk,defihacklabs,bsc,27784455,0xa3f5ea945c4970f48e322f1e70f4cc08e70039ee,shanghai,ca2-f3e658093e457630a524,2023-05-10,SNK,Reward Calculation Error,src/test/2023-05/SNK_exp.sol,bsc,https://github.com/SunWeb3Sec/DeFiHackLabs/blob/main/past/2023/README.md,frozen_public_source_hashed,1b5a1d9c3166c2b9d60fefc71f8e12d2c3d2f604b259d662e38310d39db6838b,164582ee842565517c67f992eb087dbae90c1c25f531e9c0ccee407de7f74bf6,"[""https://twitter.com/Phalcon_xyz/status/1656176776425644032""]",[],~$197k,exact_contract_basename,True,True,,,2023-05-10,,,,blocked_missing_onchain_and_availability_evidence,"[""missing:deployment_block"", ""missing:prediction_cutoff_block"", ""missing:source_availability_time"", ""missing:runtime_bytecode_hash_at_cutoff"", ""missing:outcome_adjudication_id""]",retained,,cases/ca2-f3e658093e457630a524.json,afc83c08ad4352afbfa9f96f4259cdee344919fda8c95ca5f649a7d6cf366a01,cases/ca2-f3e658093e457630a524.json,7673683c84bf50799481fb7fa26bb72e8a0e585c88a6d18bbc4a2eac00dedb3a,,,,,,,,,,,,ca2-f3e658093e457630a524,cases/ca2-f3e658093e457630a524.json,7673683c84bf50799481fb7fa26bb72e8a0e585c88a6d18bbc4a2eac00dedb3a
bunn,defihacklabs,bsc,29304627,0xc54aaecf5fa1b6c007d019a9d14dfb4a77cc3039,shanghai,ca2-fa0880968324b82371e6,2023-06-21,BUNN,Reflection tokens,src/test/2023-06//BUNN_exp.sol,bsc,https://github.com/SunWeb3Sec/DeFiHackLabs/blob/main/past/2023/README.md,frozen_public_source_hashed,1b5a1d9c3166c2b9d60fefc71f8e12d2c3d2f604b259d662e38310d39db6838b,a1bf8e860d6d88279b97d92e86cc3dd50fada2f0a5420c604e4257c427ca6a6a,"[""https://twitter.com/DecurityHQ/status/1671803688996806656""]",[],~52BNB,exact_contract_basename,True,True,,,2023-06-21,,,,blocked_missing_onchain_and_availability_evidence,"[""missing:deployment_block"", ""missing:prediction_cutoff_block"", ""missing:source_availability_time"", ""missing:runtime_bytecode_hash_at_cutoff"", ""missing:outcome_adjudication_id""]",retained,,cases/ca2-fa0880968324b82371e6.json,ad584b291e1badbd07e0a06ea0d4c0574fc980ce594dd5f94db419e5c6415375,cases/ca2-fa0880968324b82371e6.json,b95214d6f094db20d716e577f788b11510425b98a50847a7e6d7248215069aff,,,,,,,,,,,,ca2-fa0880968324b82371e6,cases/ca2-fa0880968324b82371e6.json,b95214d6f094db20d716e577f788b11510425b98a50847a7e6d7248215069aff
babydogecoin02,defihacklabs,bsc,29295010,0xc748673057861a797275cd8a068abb95a902e8de,shanghai,ca2-26661d7a70b3c3c3ab9e,2023-06-21,BabyDogeCoin02,Lack Slippage Protection,src/test/2023-06/BabyDogeCoin02_exp.sol,bsc,https://github.com/SunWeb3Sec/DeFiHackLabs/blob/main/past/2023/README.md,frozen_public_source_hashed,1b5a1d9c3166c2b9d60fefc71f8e12d2c3d2f604b259d662e38310d39db6838b,3274443c97c0b04665c742a6dc2e8931686164c4c17094d6d6ce92e4b318746f,"[""https://twitter.com/hexagate_/status/1671517819840745475""]",[],~ 441 BNB,exact_contract_basename,True,True,,,2023-06-21,,,,blocked_missing_onchain_and_availability_evidence,"[""missing:deployment_block"", ""missing:prediction_cutoff_block"", ""missing:source_availability_time"", ""missing:runtime_bytecode_hash_at_cutoff"", ""missing:outcome_adjudication_id""]",retained,,cases/ca2-26661d7a70b3c3c3ab9e.json,cedda25a9f0f3d1baceabfd616b4d0b4d880f36d41bd388a5ebd8667c2008de6,cases/ca2-26661d7a70b3c3c3ab9e.json,5c0378fa83f7df65b4df26982bafc428cdc429a20fff1cfdd0617d9ac667920a,,,,,,,,,,,,ca2-26661d7a70b3c3c3ab9e,cases/ca2-26661d7a70b3c3c3ab9e.json,5c0378fa83f7df65b4df26982bafc428cdc429a20fff1cfdd0617d9ac667920a
compounderfinance,defihacklabs,ethereum,17426064,0xaf274e912243b19b882f02d731dacd7cd13072d0,shanghai,ca2-8920d085a4a666414df5,2023-06-07,CompounderFinance,Manipulation of funds through fluctuations in the amount of exchangeable assets,src/test/2023-06/CompounderFinance_exp.sol,mainnet,https://github.com/SunWeb3Sec/DeFiHackLabs/blob/main/past/2023/README.md,frozen_public_source_hashed,1b5a1d9c3166c2b9d60fefc71f8e12d2c3d2f604b259d662e38310d39db6838b,7b7f23fad9d05da732c442a167795dff9925e20fb9fd35a7e51ceee315284d01,"[""https://twitter.com/numencyber/status/1666346419702362112""]",[],"~$27,174",exact_contract_basename,True,True,,,2023-06-07,,,,blocked_missing_onchain_and_availability_evidence,"[""missing:deployment_block"", ""missing:prediction_cutoff_block"", ""missing:source_availability_time"", ""missing:runtime_bytecode_hash_at_cutoff"", ""missing:outcome_adjudication_id""]",retained,,cases/ca2-8920d085a4a666414df5.json,bc48d0c92cea81a3724512c697bfa9599bb8601a2176c4304e321533ff6a907d,cases/ca2-8920d085a4a666414df5.json,1b5d8206b1cc8f682c3c908b78635ee8f195317954224fc9e3033af28efc8bb9,,,,,,,,,,,,ca2-8920d085a4a666414df5,cases/ca2-8920d085a4a666414df5.json,1b5d8206b1cc8f682c3c908b78635ee8f195317954224fc9e3033af28efc8bb9
cellframe,defihacklabs,bsc,28708273,0xb4e47c13db187d54839cd1e08422af57e5348fc1,shanghai,ca2-0fab25d3b5b764c482c5,2023-06-01,Cellframenet,Calculation issues during liquidity migration,src/test/2023-06/Cellframe_exp.sol,bsc,https://github.com/SunWeb3Sec/DeFiHackLabs/blob/main/past/2023/README.md,frozen_public_source_hashed,1b5a1d9c3166c2b9d60fefc71f8e12d2c3d2f604b259d662e38310d39db6838b,22ee8da702b8ec402db2753585e434341c06afac1d5137b85dd787333536c903,"[""https://twitter.com/numencyber/status/1664132985883615235?cxt=HHwWhoDTqceImJguAAAA""]",[],~$76k,exact_contract_basename,True,True,,,2023-06-01,,,,blocked_missing_onchain_and_availability_evidence,"[""missing:deployment_block"", ""missing:prediction_cutoff_block"", ""missing:source_availability_time"", ""missing:runtime_bytecode_hash_at_cutoff"", ""missing:outcome_adjudication_id""]",retained,,cases/ca2-0fab25d3b5b764c482c5.json,f47e021127e9897701de837b9087870f0f4ec453fc8755145d6cabb17fa8a22b,cases/ca2-0fab25d3b5b764c482c5.json,887b3c9fd211ff1950fdc867ac78bf4d788c99bc510c7851f102a2acb02f6cfe,,,,,,,,,,,,ca2-0fab25d3b5b764c482c5,cases/ca2-0fab25d3b5b764c482c5.json,887b3c9fd211ff1950fdc867ac78bf4d788c99bc510c7851f102a2acb02f6cfe
HORS,defihacklabs-temporal-replacement-finalization,bsc,45587949,0x6f3390c6c200e9be81b32110ce191a293dc0eaba,,ca2-d6090a50e7b7e86d2afd,2025-01-08,HORS,replacement_candidate,,bsc,,replacement_candidate_historical_snapshot_verified,a2e53da1afb97ddf17a127c7e3cd0da7babc9a23990158884855bbd85ce38cce,613367626686a0287f735fb80661619118bba57b24ae8f5f3a513eff7c808ae0,[],"[""0xc8572846ed313b12bf835e2748ff37dacf6b8ee1bab36972dc4ace5e9f25fed7""]",,frozen_chain_global_order_finalization,True,True,7336500,7363243,45587949,,588501aed61d09b9591e0839d26f45fc7532d5c6399205eae97b3b8454fe8622,,replacement_candidate_selected,[],replacement,ca2-41967b2b5f0bb253dcc3,cases/ca2-41967b2b5f0bb253dcc3.json,e6c3793918a87f5800c92f97ad5f532afa1166aa7c06f7168d3dec9b29090b29,,,cases/ca2r-8426b54765c9d7889888.json,c5096cefde9dbb4d11aaf82f6871d3e6ec84e68c329ee38334bc46f5089bddc3,historical_cases/ca2r-8426b54765c9d7889888/ca2r-8426b54765c9d7889888.json,a11f901e5bb7e57038c8a350cbff5bf3ef1ba1eac2a78da1860273fa078bab53,12,first_eligible_unique_from_frozen_chain_global_order,a2e53da1afb97ddf17a127c7e3cd0da7babc9a23990158884855bbd85ce38cce,d3b80fe4ed7198fc900616b269408c1d0485ef8f000f46d37adb75be862a4a9c,45587949,0xc8572846ed313b12bf835e2748ff37dacf6b8ee1bab36972dc4ace5e9f25fed7,ca2r-8426b54765c9d7889888,ca2r-8426b54765c9d7889888,historical_cases/ca2r-8426b54765c9d7889888/ca2r-8426b54765c9d7889888.json,a11f901e5bb7e57038c8a350cbff5bf3ef1ba1eac2a78da1860273fa078bab53
ddcoin,defihacklabs,bsc,28714107,0xb3a636ac4c271e6cd962cad98eae9cf71f5a49c8,shanghai,ca2-0d94b0dee68d0b41352e,2023-06-01,DDCoin,Flashloan attack and smart contract vulnerability,src/test/2023-06/DDCoin_exp.sol,bsc,https://github.com/SunWeb3Sec/DeFiHackLabs/blob/main/past/2023/README.md,frozen_public_source_hashed,1b5a1d9c3166c2b9d60fefc71f8e12d2c3d2f604b259d662e38310d39db6838b,f54389af142259a1d51bfe6d43dee6fc3e2630eb614f674bffa8e09b53d529d4,"[""https://twitter.com/ChainAegis/status/1664192344726581255?cxt=HHwWjsDRldmHs5guAAAA"", ""https://twitter.com/ImmuneBytes/status/1664239580210495489""]",[],~$300k,exact_contract_basename,True,True,,,2023-06-01,,,,blocked_missing_onchain_and_availability_evidence,"[""missing:deployment_block"", ""missing:prediction_cutoff_block"", ""missing:source_availability_time"", ""missing:runtime_bytecode_hash_at_cutoff"", ""missing:outcome_adjudication_id""]",retained,,cases/ca2-0d94b0dee68d0b41352e.json,182a9872c4a2ba1ef2e59473de353484a040b40f6ac5041001a8e36afc57b8d2,cases/ca2-0d94b0dee68d0b41352e.json,502709a4fd2e214c67cd3265e80112c3d5b3935a8de54421445e3b9b9ac4ab98,,,,,,,,,,,,ca2-0d94b0dee68d0b41352e,cases/ca2-0d94b0dee68d0b41352e.json,502709a4fd2e214c67cd3265e80112c3d5b3935a8de54421445e3b9b9ac4ab98
mimspell,defihacklabs,ethereum,17521638,0xa5564a2d1190a141cac438c9fde686ac48a18a79,shanghai,ca2-21ac1c8056ff7df162a8,2023-06-20,MIMSpell,Arbitrary External Call Vulnerability,src/test/2023-06/MIMSpell_exp.sol,mainnet,https://github.com/SunWeb3Sec/DeFiHackLabs/blob/main/past/2023/README.md,frozen_public_source_hashed,1b5a1d9c3166c2b9d60fefc71f8e12d2c3d2f604b259d662e38310d39db6838b,5588b17b13b02b52ec1d5dc496ee8f513ab1a96a29e0aa08fef4e1f025460eba,"[""https://twitter.com/hexagate_/status/1671188024607100928?cxt=HHwWgMC--e2poLEuAAAA""]",[],~$17k,exact_contract_basename,True,True,,,2023-06-20,,,,blocked_missing_onchain_and_availability_evidence,"[""missing:deployment_block"", ""missing:prediction_cutoff_block"", ""missing:source_availability_time"", ""missing:runtime_bytecode_hash_at_cutoff"", ""missing:outcome_adjudication_id""]",retained,,cases/ca2-21ac1c8056ff7df162a8.json,19fffcaa7ca63dd3450378691fbd129fb3ffecbf93e61dcd0049e252fd6e14b8,cases/ca2-21ac1c8056ff7df162a8.json,3e3f9f25878e55360c3f1118142eaf64ecf1647c8b7f5483668c03a6661b3aa9,,,,,,,,,,,,ca2-21ac1c8056ff7df162a8,cases/ca2-21ac1c8056ff7df162a8.json,3e3f9f25878e55360c3f1118142eaf64ecf1647c8b7f5483668c03a6661b3aa9
myai,defihacklabs,bsc,29554343,0xdb103fd28ca4b18115f5ce908baaeed7e0f1f101,shanghai,ca2-522ebe1e13a3ab2c2fe8,2023-06-30,MyAi,Business Logic,src/test/2023-06/MyAi_exp.sol,bsc,https://github.com/SunWeb3Sec/DeFiHackLabs/blob/main/past/2023/README.md,frozen_public_source_hashed,1b5a1d9c3166c2b9d60fefc71f8e12d2c3d2f604b259d662e38310d39db6838b,26ab177fd8aa6159d63dc2dcf177a33812dc1f463cddc89c7e193751bce4ab6c,"[""https://x.com/DecurityHQ/status/1674781372182048776""]",[],~2 $BNB,exact_contract_basename,True,True,,,2023-06-30,,,,blocked_missing_onchain_and_availability_evidence,"[""missing:deployment_block"", ""missing:prediction_cutoff_block"", ""missing:source_availability_time"", ""missing:runtime_bytecode_hash_at_cutoff"", ""missing:outcome_adjudication_id""]",retained,,cases/ca2-522ebe1e13a3ab2c2fe8.json,9745e4cae3d53414d6bee629072745aa4ce8840983d9ec386b7e30fd00769834,cases/ca2-522ebe1e13a3ab2c2fe8.json,7c5383a9ecced882ea184329784251df52f893c67ae27cbfd01e3fe1fb60d75e,,,,,,,,,,,,ca2-522ebe1e13a3ab2c2fe8,cases/ca2-522ebe1e13a3ab2c2fe8.json,7c5383a9ecced882ea184329784251df52f893c67ae27cbfd01e3fe1fb60d75e
pawnfi,defihacklabs,ethereum,17496619,0x85018cf6f53c8bbd03c3137e71f4fca226cda92c,shanghai,ca2-6af08ae1ba1d426949bb,2023-06-17,Pawnfi,Business Logic Flaw,src/test/2023-06/Pawnfi_exp.sol,mainnet,https://github.com/SunWeb3Sec/DeFiHackLabs/blob/main/past/2023/README.md,frozen_public_source_hashed,1b5a1d9c3166c2b9d60fefc71f8e12d2c3d2f604b259d662e38310d39db6838b,abd97bbc4468d7f191f15759d29ba60c3e6de6f4fe1b1321caa6f89e54871295,"[""https://blog.solidityscan.com/pawnfi-hack-analysis-38ac9160cbb4""]",[],~$820K,exact_contract_basename,True,True,,,2023-06-17,,,,blocked_missing_onchain_and_availability_evidence,"[""missing:deployment_block"", ""missing:prediction_cutoff_block"", ""missing:source_availability_time"", ""missing:runtime_bytecode_hash_at_cutoff"", ""missing:outcome_adjudication_id""]",retained,,cases/ca2-6af08ae1ba1d426949bb.json,6d032b2133fea8d1adb2c7a834b0478159933209f7480bf22d642b66bbaafe0f,cases/ca2-6af08ae1ba1d426949bb.json,5586c2f0d1d1113ea8671d659fcf8532521a3ee9c266d96f7a73e07d4e59f917,,,,,,,,,,,,ca2-6af08ae1ba1d426949bb,cases/ca2-6af08ae1ba1d426949bb.json,5586c2f0d1d1113ea8671d659fcf8532521a3ee9c266d96f7a73e07d4e59f917
sellc03,defihacklabs,bsc,29005754,0x84be9475051a08ee5364fba44de7fe83a5ecc4f1,shanghai,ca2-b15231d961b437b62264,2023-06-11,SellToken04,Price Manipulation,src/test/2023-06/SELLC03_exp.sol,bsc,https://github.com/SunWeb3Sec/DeFiHackLabs/blob/main/past/2023/README.md,frozen_public_source_hashed,1b5a1d9c3166c2b9d60fefc71f8e12d2c3d2f604b259d662e38310d39db6838b,839b537d4aa211c9efda4aff91e88a02372dac45f571e651571af2b7155e80f4,"[""https://twitter.com/EoceneSecurity/status/1668468933723328513""]",[],~$109k,exact_contract_basename,True,True,,,2023-06-11,,,,blocked_missing_onchain_and_availability_evidence,"[""missing:deployment_block"", ""missing:prediction_cutoff_block"", ""missing:source_availability_time"", ""missing:runtime_bytecode_hash_at_cutoff"", ""missing:outcome_adjudication_id""]",retained,,cases/ca2-b15231d961b437b62264.json,fea934966720723e9daf5e7e456f003660d4b237457095d197c428f0e3eb8bd0,cases/ca2-b15231d961b437b62264.json,a2491bfbeb1280281de1339a252a36e866c76d40202bb6e3fb9818048fbf7138,,,,,,,,,,,,ca2-b15231d961b437b62264,cases/ca2-b15231d961b437b62264.json,a2491bfbeb1280281de1339a252a36e866c76d40202bb6e3fb9818048fbf7138
depusdt_levusdc,defihacklabs,ethereum,17484161,0x7b190a928aa76eece5cb3e0f6b3bdb24fcdd9b4f,shanghai,ca2-c7f02a40db88500f3ae5,2023-06-15,DEPUSDT_LEVUSDC,Incorrect access control,src/test/2023-06/DEPUSDT_LEVUSDC_exp.sol,mainnet,https://github.com/SunWeb3Sec/DeFiHackLabs/blob/main/past/2023/README.md,frozen_public_source_hashed,1b5a1d9c3166c2b9d60fefc71f8e12d2c3d2f604b259d662e38310d39db6838b,6a971e7ce95ebc37b0bcb21a660b18ac4e244428132e8656d35c7d71996b6aaf,"[""https://twitter.com/numencyber/status/1669278694744150016?cxt=HHwWgMDS9Z2IvKouAAAA""]",[],~$105k,exact_contract_basename,True,True,,,2023-06-15,,,,blocked_missing_onchain_and_availability_evidence,"[""missing:deployment_block"", ""missing:prediction_cutoff_block"", ""missing:source_availability_time"", ""missing:runtime_bytecode_hash_at_cutoff"", ""missing:outcome_adjudication_id""]",retained,,cases/ca2-c7f02a40db88500f3ae5.json,08a0d0034370cb6a485a313bb46a5cf6235c7fb952cf80c49642c0bd8b44c789,cases/ca2-c7f02a40db88500f3ae5.json,954d1a472f96ad09fa3e9534d5880ff96da2b9f53c00a046a6f3bd21907bd943,,,,,,,,,,,,ca2-c7f02a40db88500f3ae5,cases/ca2-c7f02a40db88500f3ae5.json,954d1a472f96ad09fa3e9534d5880ff96da2b9f53c00a046a6f3bd21907bd943
LBP,defihacklabs-temporal-replacement-finalization,bsc,104727183,0x88886f0fd371dff856291badced45922bc888888,,ca2-698cd40308a0d9b400f7,2026-06-17,LBP,replacement_candidate,,bsc,,replacement_candidate_historical_snapshot_verified,95c55e89b16398251fcfbd6109de104783fcd4a18b31de3e92a872ce53875f6c,78bc5e7b3ef0fd6125f8cfe0cc41d22429003f3ea8df2a144db1b0acc03e3d29,[],"[""0x55856d9fda4c5be5193561c7d775e823c3d6e499da44aab9da963daf61c50b0c""]",,frozen_chain_global_order_finalization,True,True,96812381,97004126,104727184,,8483a3998f4c6cab2dbd4d53ca2b09253057ee3c29cf078b5551273d011d22f6,,replacement_candidate_selected,[],replacement,ca2-fff564d4ebd90a3fa837,cases/ca2-fff564d4ebd90a3fa837.json,2700214da15281d277143fbfb6096818591391b44e2b078b0343ed8b8147cc0c,,,cases/ca2r-f5416837282fcac56f59.json,c7404daea0bcb68efd8cd42cbe6209e12295857fa00d04344e6627ce0fc284d5,historical_cases/ca2r-f5416837282fcac56f59/ca2r-f5416837282fcac56f59.json,cce0ae2b82ed00b7fdfdfc81478c10dbc62c4830bccd5d65b181d1c7ccf3858f,38,first_eligible_unique_from_frozen_chain_global_order,95c55e89b16398251fcfbd6109de104783fcd4a18b31de3e92a872ce53875f6c,a18c0040510cddc88d59e602bac53bbcafbe5dfbc978cff0134cb513de79fc53,104727183,0x55856d9fda4c5be5193561c7d775e823c3d6e499da44aab9da963daf61c50b0c,ca2r-f5416837282fcac56f59,ca2r-f5416837282fcac56f59,historical_cases/ca2r-f5416837282fcac56f59/ca2r-f5416837282fcac56f59.json,cce0ae2b82ed00b7fdfdfc81478c10dbc62c4830bccd5d65b181d1c7ccf3858f
un,defihacklabs,bsc,28864173,0xfeafe253802b77456b4627f8c2306a9cebb5d681,shanghai,ca2-cfb8cf251b553eed2196,2023-06-06,UN,Price Manipulation,src/test/2023-06/UN_exp.sol,bsc,https://github.com/SunWeb3Sec/DeFiHackLabs/blob/main/past/2023/README.md,frozen_public_source_hashed,1b5a1d9c3166c2b9d60fefc71f8e12d2c3d2f604b259d662e38310d39db6838b,5e59953a48ff30c9425ea46eecccba2a7b34bea95cb1c670419d299b8e284700,"[""https://twitter.com/MetaTrustAlert/status/1667041877428932608""]",[],~$26k,exact_contract_basename,True,True,,,2023-06-06,,,,blocked_missing_onchain_and_availability_evidence,"[""missing:deployment_block"", ""missing:prediction_cutoff_block"", ""missing:source_availability_time"", ""missing:runtime_bytecode_hash_at_cutoff"", ""missing:outcome_adjudication_id""]",retained,,cases/ca2-cfb8cf251b553eed2196.json,a80eb8c2c44c29dc7025080f78118820ae83e43e60b77c252b8d83eea2983513,cases/ca2-cfb8cf251b553eed2196.json,bef8271002eb1dc76d4290d7b80aae39d2383673008b4cc5a2809b26e32bad22,,,,,,,,,,,,ca2-cfb8cf251b553eed2196,cases/ca2-cfb8cf251b553eed2196.json,bef8271002eb1dc76d4290d7b80aae39d2383673008b4cc5a2809b26e32bad22
Scorch,defihacklabs-temporal-replacement-finalization,ethereum,21822423,0xa3d0e72c8a2fe9127a77412bf34bee5e4945bd49,,ca2-ba570d8f796dcaeae5f2,2025-02-11,Scorch,replacement_candidate,,ethereum,,replacement_candidate_historical_snapshot_verified,1fe5394fc6f76be61548c4a1c03d76d7bf1563938cd7e7ec52e0b3c097c325ce,29a393b4593c2009985d5e2b2d2dc4cb33f1fd77070d96162033c485551ccab9,[],"[""0x02dc4409af99de400b2427dad525c31467a8fd2ac6cb251f885d33c073510ba2""]",,frozen_chain_global_order_finalization,True,True,18050657,18057798,21822424,,50a9e3ddae3d125128c8689a9c8811c2722d846c1412c627f7d07b08c10ead72,,replacement_candidate_selected,[],replacement,ca2-59a4716d84aaff033fae,cases/ca2-59a4716d84aaff033fae.json,813a059ef1338d87af7a454bbaf46b0034f6276916dcabf61f50479d30f18541,,,cases/ca2r-84069bad8e1b044be32b.json,c7302b5ac18ce8d34b006a4beca45ed9f22a2a9003e5bb2ecc3693162fbc414c,historical_cases/ca2r-84069bad8e1b044be32b/ca2r-84069bad8e1b044be32b.json,ac636cbfb61bfe643899644190951f27be59651dc1228dc06e95cdd07b16d459,7,first_eligible_unique_from_frozen_chain_global_order,1fe5394fc6f76be61548c4a1c03d76d7bf1563938cd7e7ec52e0b3c097c325ce,d3b80fe4ed7198fc900616b269408c1d0485ef8f000f46d37adb75be862a4a9c,21822423,0x02dc4409af99de400b2427dad525c31467a8fd2ac6cb251f885d33c073510ba2,ca2r-84069bad8e1b044be32b,ca2r-84069bad8e1b044be32b,historical_cases/ca2r-84069bad8e1b044be32b/ca2r-84069bad8e1b044be32b.json,ac636cbfb61bfe643899644190951f27be59651dc1228dc06e95cdd07b16d459
sturdy,defihacklabs,ethereum,17460609,0x9f72dc67cec672bb99e3d02cbea0a21536a2b657,shanghai,ca2-7f64659ac37a0996268b,2023-06-12,Sturdy Finance,Read-Only-Reentrancy,src/test/2023-06/Sturdy_exp.sol,mainnet,https://github.com/SunWeb3Sec/DeFiHackLabs/blob/main/past/2023/README.md,frozen_public_source_hashed,1b5a1d9c3166c2b9d60fefc71f8e12d2c3d2f604b259d662e38310d39db6838b,08c49ad305591fa542ed64d287a0e685ac6065855a132ac2e3fe4e641f762e94,"[""https://sturdyfinance.medium.com/exploit-post-mortem-49261493307a"", ""https://twitter.com/AnciliaInc/status/1668081008615325698"", ""https://twitter.com/BlockSecTeam/status/1668084629654638592""]",[],~$800k,exact_contract_basename,True,True,,,2023-06-12,,,,blocked_missing_onchain_and_availability_evidence,"[""missing:deployment_block"", ""missing:prediction_cutoff_block"", ""missing:source_availability_time"", ""missing:runtime_bytecode_hash_at_cutoff"", ""missing:outcome_adjudication_id""]",retained,,cases/ca2-7f64659ac37a0996268b.json,6448705dbb93e651ad5c5d7098613d03dd70c867e12c556114f568552c56501e,cases/ca2-7f64659ac37a0996268b.json,dd102e09da06956b274915e5a754fddf9359e66c60ca4399122744f519823c18,,,,,,,,,,,,ca2-7f64659ac37a0996268b,cases/ca2-7f64659ac37a0996268b.json,dd102e09da06956b274915e5a754fddf9359e66c60ca4399122744f519823c18
bno,defihacklabs,bsc,30056629,0xdca503449899d5649d32175a255a8835a03e4006,shanghai,ca2-5011063427fa6a95c108,2023-07-18,BNO,Invalid emergency withdraw mechanism,src/test/2023-07/BNO_exp.sol,bsc,https://github.com/SunWeb3Sec/DeFiHackLabs/blob/main/past/2023/README.md,frozen_public_source_hashed,1b5a1d9c3166c2b9d60fefc71f8e12d2c3d2f604b259d662e38310d39db6838b,2d18e200f289b7d72ff413afe5f914eedde0485a4acf79e2c6764c2247ac413f,"[""https://twitter.com/BeosinAlert/status/1681116206663876610""]",[],~$505K,exact_contract_basename,True,True,,,2023-07-18,,,,blocked_missing_onchain_and_availability_evidence,"[""missing:deployment_block"", ""missing:prediction_cutoff_block"", ""missing:source_availability_time"", ""missing:runtime_bytecode_hash_at_cutoff"", ""missing:outcome_adjudication_id""]",retained,,cases/ca2-5011063427fa6a95c108.json,ca8c46b8d14e1d7b1cdf7e65a27ea2cd5c9d74294c2107bb4e83c67f39489428,cases/ca2-5011063427fa6a95c108.json,5fa2c3adcdbc3dfee4018c95990c1091fea7386f0b800e480d9c4f6c38480e8d,,,,,,,,,,,,ca2-5011063427fa6a95c108,cases/ca2-5011063427fa6a95c108.json,5fa2c3adcdbc3dfee4018c95990c1091fea7386f0b800e480d9c4f6c38480e8d
apedao,defihacklabs,bsc,30072293,0xb47955b5b7eaf49c815ebc389850eb576c460092,shanghai,ca2-7e2e4e06ad319c9c87c0,2023-07-18,APEDAO,Business Logic Flaw,src/test/2023-07/ApeDAO_exp.sol,bsc,https://github.com/SunWeb3Sec/DeFiHackLabs/blob/main/past/2023/README.md,frozen_public_source_hashed,1b5a1d9c3166c2b9d60fefc71f8e12d2c3d2f604b259d662e38310d39db6838b,c99bb520e3259748253f1c1e9e009d9c6768476d9c079b38ca973243badbcfa8,"[""https://twitter.com/BeosinAlert/status/1681316257034035201""]",[],~$7K,exact_contract_basename,True,True,,,2023-07-18,,,,blocked_missing_onchain_and_availability_evidence,"[""missing:deployment_block"", ""missing:prediction_cutoff_block"", ""missing:source_availability_time"", ""missing:runtime_bytecode_hash_at_cutoff"", ""missing:outcome_adjudication_id""]",retained,,cases/ca2-7e2e4e06ad319c9c87c0.json,f0ccc1d8cda2cfc12334edfd36b87b554b2cd67fde9f5cef61d996619d822cc6,cases/ca2-7e2e4e06ad319c9c87c0.json,673eb4ab2e082cd629603f883863b2e21b1f6a57e446d6a67f8a7a3cd9a50054,,,,,,,,,,,,ca2-7e2e4e06ad319c9c87c0,cases/ca2-7e2e4e06ad319c9c87c0.json,673eb4ab2e082cd629603f883863b2e21b1f6a57e446d6a67f8a7a3cd9a50054
bamboo,defihacklabs,bsc,29668034,0xed56784bc8f2c036f6b0d8e04cb83c253e4a6a94,shanghai,ca2-3ea99bf48860cd3d90e9,2023-07-04,BambooIA,Price manipulation attack,src/test/2023-07/Bamboo_exp.sol,bsc,https://github.com/SunWeb3Sec/DeFiHackLabs/blob/main/past/2023/README.md,frozen_public_source_hashed,1b5a1d9c3166c2b9d60fefc71f8e12d2c3d2f604b259d662e38310d39db6838b,c71d97c2735917906643a53564faea9d5a5805ca719ba7903fd7d4fb38be65d1,"[""https://twitter.com/Phalcon_xyz/status/1676220090142916611"", ""https://twitter.com/eugenioclrc""]",[],~200BNB,exact_contract_basename,True,True,,,2023-07-04,,,,blocked_missing_onchain_and_availability_evidence,"[""missing:deployment_block"", ""missing:prediction_cutoff_block"", ""missing:source_availability_time"", ""missing:runtime_bytecode_hash_at_cutoff"", ""missing:outcome_adjudication_id""]",retained,,cases/ca2-3ea99bf48860cd3d90e9.json,d4cff82cb4f42fbb2da952cac856dd513aae6b8ae1b2053bb5eb82c76ffbceff,cases/ca2-3ea99bf48860cd3d90e9.json,637270b32321a94fac847755c3b4986075394a598af24800faf2d6611870ffba,,,,,,,,,,,,ca2-3ea99bf48860cd3d90e9,cases/ca2-3ea99bf48860cd3d90e9.json,637270b32321a94fac847755c3b4986075394a598af24800faf2d6611870ffba
conic02,defihacklabs,ethereum,17743470,0x369cbc5c6f139b1132d3b91b87241b37fc5b971f,shanghai,ca2-22667ec3b73bf4e3f29e,2023-07-22,Conic Finance 02,Price Manipulation,src/test/2023-07/Conic02_exp.sol,mainnet,https://github.com/SunWeb3Sec/DeFiHackLabs/blob/main/past/2023/README.md,frozen_public_source_hashed,1b5a1d9c3166c2b9d60fefc71f8e12d2c3d2f604b259d662e38310d39db6838b,cf3764f4bf28c89963a6b607dff63415f068aa0793595862d68f9bbfefe5d86f,"[""https://medium.com/@ConicFinance/post-mortem-eth-and-crvusd-omnipool-exploits-c9c7fa213a3d"", ""https://twitter.com/spreekaway/status/1682467603518726144""]",[],~$934K,exact_contract_basename,True,True,,,2023-07-22,,,,blocked_missing_onchain_and_availability_evidence,"[""missing:deployment_block"", ""missing:prediction_cutoff_block"", ""missing:source_availability_time"", ""missing:runtime_bytecode_hash_at_cutoff"", ""missing:outcome_adjudication_id""]",retained,,cases/ca2-22667ec3b73bf4e3f29e.json,40ba192f04ec13ade5fd7f1cb28c7d76dc8ad99c3bf0b384f33debff24086933,cases/ca2-22667ec3b73bf4e3f29e.json,eb0c6824d63a571fa710ca8e0c0fa23a98d85530003c53b6547d5974dd648b35,,,,,,,,,,,,ca2-22667ec3b73bf4e3f29e,cases/ca2-22667ec3b73bf4e3f29e.json,eb0c6824d63a571fa710ca8e0c0fa23a98d85530003c53b6547d5974dd648b35
bao,defihacklabs,ethereum,17620870,0xb0f8fe96b4880adbdede0ddf446bd1e7ef122c4e,shanghai,ca2-47d01daca3ef9c1ed2f1,2023-07-04,BaoCommunity,Donate Inflation ExchangeRate && Rounding Error,src/test/2023-07/Bao_exp.sol,mainnet,https://github.com/SunWeb3Sec/DeFiHackLabs/blob/main/past/2023/README.md,frozen_public_source_hashed,1b5a1d9c3166c2b9d60fefc71f8e12d2c3d2f604b259d662e38310d39db6838b,cb83300719c4e75f585516f21ddcd63ac49f1639611a086e0b6c78ee3dd65350,"[""https://twitter.com/PeckShieldAlert/status/1676224397248454657""]",[],~$46k,exact_contract_basename,True,True,,,2023-07-04,,,,blocked_missing_onchain_and_availability_evidence,"[""missing:deployment_block"", ""missing:prediction_cutoff_block"", ""missing:source_availability_time"", ""missing:runtime_bytecode_hash_at_cutoff"", ""missing:outcome_adjudication_id""]",retained,,cases/ca2-47d01daca3ef9c1ed2f1.json,6bfed71f9988eb8b7f56dabc0cf597cdd1c337e0f5bbbff2c7fb9b6ffd113f40,cases/ca2-47d01daca3ef9c1ed2f1.json,15cbe8f4e1d3f38a658237e61bb5aa0e3c4f6836e61cf421139eda3843dd568d,,,,,,,,,,,,ca2-47d01daca3ef9c1ed2f1,cases/ca2-47d01daca3ef9c1ed2f1.json,15cbe8f4e1d3f38a658237e61bb5aa0e3c4f6836e61cf421139eda3843dd568d
conic,defihacklabs,ethereum,17740954,0xbb787d6243a8d450659e09ea6fd82f1c859691e9,shanghai,ca2-ed5ea743787aecff1e56,2023-07-21,Conic Finance,Read-Only-Reentrancy && MisConfiguration,src/test/2023-07/Conic_exp.sol,mainnet,https://github.com/SunWeb3Sec/DeFiHackLabs/blob/main/past/2023/README.md,frozen_public_source_hashed,1b5a1d9c3166c2b9d60fefc71f8e12d2c3d2f604b259d662e38310d39db6838b,92faf7fca921c724faa4765490b269435efa0f219fc65bf10a8a8a0df73679b0,"[""https://medium.com/@ConicFinance/post-mortem-eth-and-crvusd-omnipool-exploits-c9c7fa213a3d"", ""https://twitter.com/BlockSecTeam/status/1682356244299010049""]",[],~$3.25M,exact_contract_basename,True,True,,,2023-07-21,,,,blocked_missing_onchain_and_availability_evidence,"[""missing:deployment_block"", ""missing:prediction_cutoff_block"", ""missing:source_availability_time"", ""missing:runtime_bytecode_hash_at_cutoff"", ""missing:outcome_adjudication_id""]",retained,,cases/ca2-ed5ea743787aecff1e56.json,86fdc9949a7423a46381380f99cecde5d111cf58f389685570ee78c269699a72,cases/ca2-ed5ea743787aecff1e56.json,ed4fc47139c83cccbc31b51d8a18ac4e5d58dd788b77914b95a981caa35256bb,,,,,,,,,,,,ca2-ed5ea743787aecff1e56,cases/ca2-ed5ea743787aecff1e56.json,ed4fc47139c83cccbc31b51d8a18ac4e5d58dd788b77914b95a981caa35256bb
conic_2,defihacklabs,ethereum,17740954,0xbb787d6243a8d450659e09ea6fd82f1c859691e9,shanghai,ca2-4b9009f78d24b677e07e,2023-07-21,Conic Finance,Read-Only-Reentrancy && MisConfiguration,src/test/2023-07/Conic_exp.sol,mainnet,https://github.com/SunWeb3Sec/DeFiHackLabs/blob/main/past/2023/README.md,frozen_public_source_hashed,1b5a1d9c3166c2b9d60fefc71f8e12d2c3d2f604b259d662e38310d39db6838b,92faf7fca921c724faa4765490b269435efa0f219fc65bf10a8a8a0df73679b0,"[""https://medium.com/@ConicFinance/post-mortem-eth-and-crvusd-omnipool-exploits-c9c7fa213a3d"", ""https://twitter.com/BlockSecTeam/status/1682356244299010049""]",[],~$3.25M,frozen_date_override,True,True,,,2023-07-21,,,,blocked_missing_onchain_and_availability_evidence,"[""missing:deployment_block"", ""missing:prediction_cutoff_block"", ""missing:source_availability_time"", ""missing:runtime_bytecode_hash_at_cutoff"", ""missing:outcome_adjudication_id""]",retained,,cases/ca2-4b9009f78d24b677e07e.json,7a7f40f93459e00e87951e7eb85ae3dfe3f865da3dd836f898805a47ace4beea,cases/ca2-4b9009f78d24b677e07e.json,d10783df5995dd68f4b53e3f167c66614100414ec16a5a461252ef447be1eb8d,,,,,,,,,,,,ca2-4b9009f78d24b677e07e,cases/ca2-4b9009f78d24b677e07e.json,d10783df5995dd68f4b53e3f167c66614100414ec16a5a461252ef447be1eb8d
gymnet,defihacklabs,bsc,30448986,0x6b869795937dd2b6f4e03d5a0ffd07a8ad8c095b,shanghai,ca2-62fc7b9b9ac57e1b7351,2023-07-31,GYMNET,Insufficient validation,src/test/2023-07/GYMNET_exp.sol,bsc,https://github.com/SunWeb3Sec/DeFiHackLabs/blob/main/past/2023/README.md,frozen_public_source_hashed,1b5a1d9c3166c2b9d60fefc71f8e12d2c3d2f604b259d662e38310d39db6838b,d83705236c566e6d4bc746c7d9ec9e70e95fba4e11fdc324176dbd03d9522540,"[""https://twitter.com/AnciliaInc/status/1686605510655811584""]",[],Unclear,exact_contract_basename,True,True,,,2023-07-31,,,,blocked_missing_onchain_and_availability_evidence,"[""missing:deployment_block"", ""missing:prediction_cutoff_block"", ""missing:source_availability_time"", ""missing:runtime_bytecode_hash_at_cutoff"", ""missing:outcome_adjudication_id""]",retained,,cases/ca2-62fc7b9b9ac57e1b7351.json,aa028492e5237a5d0a4fb84732149b1f6383cbfdd3a6cca6d21eb9defbeb3855,cases/ca2-62fc7b9b9ac57e1b7351.json,6fdc2d69247f425ef6d38b5742290c038d5627780baa620e202cc165a78c9ae5,,,,,,,,,,,,ca2-62fc7b9b9ac57e1b7351,cases/ca2-62fc7b9b9ac57e1b7351.json,6fdc2d69247f425ef6d38b5742290c038d5627780baa620e202cc165a78c9ae5
ffist,defihacklabs,bsc,30113117,0x80121da952a74c06adc1d7f85a237089b57af347,shanghai,ca2-5d29f9c5eb314dcba612,2023-07-20,FFIST,Business Logic Flaw,src/test/2023-07/FFIST_exp.sol,bsc,https://github.com/SunWeb3Sec/DeFiHackLabs/blob/main/past/2023/README.md,frozen_public_source_hashed,1b5a1d9c3166c2b9d60fefc71f8e12d2c3d2f604b259d662e38310d39db6838b,91117a056e2e76070a468985f0b482382a42f791ead704211d1644b8b87194b2,"[""https://twitter.com/AnciliaInc/status/1681901107940065280"", ""https://twitter.com/Phalcon_xyz/status/1681869807698984961""]",[],~$110k,exact_contract_basename,True,True,,,2023-07-20,,,,blocked_missing_onchain_and_availability_evidence,"[""missing:deployment_block"", ""missing:prediction_cutoff_block"", ""missing:source_availability_time"", ""missing:runtime_bytecode_hash_at_cutoff"", ""missing:outcome_adjudication_id""]",retained,,cases/ca2-5d29f9c5eb314dcba612.json,a94e06bba49637a5690248e5e57b751a9df800b7e495a3a1732691ee9ccbe35b,cases/ca2-5d29f9c5eb314dcba612.json,f8134f0c04a0350c4f99015db607397cebf63cc650a3702f35a80f4d6c739192,,,,,,,,,,,,ca2-5d29f9c5eb314dcba612,cases/ca2-5d29f9c5eb314dcba612.json,f8134f0c04a0350c4f99015db607397cebf63cc650a3702f35a80f4d6c739192
mintofinance,defihacklabs,bsc,30214253,0xdbf1c56b2ad121fe705f9b68225378aa6784f3e5,shanghai,ca2-02e1298629b75e4dec93,2023-07-23,MintoFinance,Signature Replay,src/test/2023-07/MintoFinance_exp.sol,bsc,https://github.com/SunWeb3Sec/DeFiHackLabs/blob/main/past/2023/README.md,frozen_public_source_hashed,1b5a1d9c3166c2b9d60fefc71f8e12d2c3d2f604b259d662e38310d39db6838b,aba56dfc99b4e2a2467bd75f35a51d9efd2dd0eeb478472eadac1d73a8e4eaee,"[""https://twitter.com/bbbb/status/1683180340548890631""]",[],~$9K,exact_contract_basename,True,True,,,2023-07-23,,,,blocked_missing_onchain_and_availability_evidence,"[""missing:deployment_block"", ""missing:prediction_cutoff_block"", ""missing:source_availability_time"", ""missing:runtime_bytecode_hash_at_cutoff"", ""missing:outcome_adjudication_id""]",retained,,cases/ca2-02e1298629b75e4dec93.json,38b3d9e5d847f52bfac6476ea92c6cfe3a28b1130c84c923b1401555ff60c254,cases/ca2-02e1298629b75e4dec93.json,c0049abec1b76d42592198659a3e85d8549d59521d303ddcd613b2c9bd33e8e8,,,,,,,,,,,,ca2-02e1298629b75e4dec93,cases/ca2-02e1298629b75e4dec93.json,c0049abec1b76d42592198659a3e85d8549d59521d303ddcd613b2c9bd33e8e8
newfi,defihacklabs,bsc,30043573,0xb8dc09eec82cab2e86c7edc8dd5882dd92d22411,shanghai,ca2-23403cb09827b5b8f43e,2023-07-17,NewFi,Lack Slippage Protection,src/test/2023-07/NewFi_exp.sol,bsc,https://github.com/SunWeb3Sec/DeFiHackLabs/blob/main/past/2023/README.md,frozen_public_source_hashed,1b5a1d9c3166c2b9d60fefc71f8e12d2c3d2f604b259d662e38310d39db6838b,cb1487b55e66a8cc6f1141f460c6d0b2ef847804fe15fc2f69802176b33b80ba,"[""https://twitter.com/Phalcon_xyz/status/1680961588323557376""]",[],~$31K,exact_contract_basename,True,True,,,2023-07-17,,,,blocked_missing_onchain_and_availability_evidence,"[""missing:deployment_block"", ""missing:prediction_cutoff_block"", ""missing:source_availability_time"", ""missing:runtime_bytecode_hash_at_cutoff"", ""missing:outcome_adjudication_id""]",retained,,cases/ca2-23403cb09827b5b8f43e.json,bb13c7e3942dcd4ee5e98a59fe038e0419f695b36b314fa14279a9fae2d407cc,cases/ca2-23403cb09827b5b8f43e.json,5db7a62e3df13e61da6cb654c7a9ea5af0f6f72df4fc5069fb9af95d3296024d,,,,,,,,,,,,ca2-23403cb09827b5b8f43e,cases/ca2-23403cb09827b5b8f43e.json,5db7a62e3df13e61da6cb654c7a9ea5af0f6f72df4fc5069fb9af95d3296024d
usdtstakingcontract28,defihacklabs,ethereum,17696562,0x800cfd4a2ba8ce93ea2cc814fce26c3635169017,shanghai,ca2-8f2514150efc980c9183,2023-07-15,USDTStakingContract28,Lack of access control,src/test/2023-07/USDTStakingContract28_exp.sol,mainnet,https://github.com/SunWeb3Sec/DeFiHackLabs/blob/main/past/2023/README.md,frozen_public_source_hashed,1b5a1d9c3166c2b9d60fefc71f8e12d2c3d2f604b259d662e38310d39db6838b,161cf06028a9979f51a35374287d6d6933d27c92fd9433282f7373f6636d32e0,"[""https://x.com/DecurityHQ/status/1680117291013267456""]",[],~20999 USD,exact_contract_basename,True,True,,,2023-07-15,,,,blocked_missing_onchain_and_availability_evidence,"[""missing:deployment_block"", ""missing:prediction_cutoff_block"", ""missing:source_availability_time"", ""missing:runtime_bytecode_hash_at_cutoff"", ""missing:outcome_adjudication_id""]",retained,,cases/ca2-8f2514150efc980c9183.json,f76d23df28531610128b519aa7b7c00520fcf63ec14eeb5526fab3413aa371a7,cases/ca2-8f2514150efc980c9183.json,92342f85f2f7a3dbd1b672e784926a83de145c5909590676c2da47652341e870,,,,,,,,,,,,ca2-8f2514150efc980c9183,cases/ca2-8f2514150efc980c9183.json,92342f85f2f7a3dbd1b672e784926a83de145c5909590676c2da47652341e870
utopia,defihacklabs,bsc,30119396,0xb1da08c472567eb0ec19639b1822f578d39f3333,shanghai,ca2-59c27a09402366528ab6,2023-07-20,Utopia,Business Logic Flaw,src/test/2023-07/Utopia_exp.sol,bsc,https://github.com/SunWeb3Sec/DeFiHackLabs/blob/main/past/2023/README.md,frozen_public_source_hashed,1b5a1d9c3166c2b9d60fefc71f8e12d2c3d2f604b259d662e38310d39db6838b,47783ad47bdd3130ee1173942685b908e13fc6969fcc99f6bef4f5a79a3022f1,"[""https://twitter.com/DeDotFiSecurity/status/1681923729645871104"", ""https://twitter.com/bulu4477/status/1682380542564769793""]",[],~$119k,exact_contract_basename,True,True,,,2023-07-20,,,,blocked_missing_onchain_and_availability_evidence,"[""missing:deployment_block"", ""missing:prediction_cutoff_block"", ""missing:source_availability_time"", ""missing:runtime_bytecode_hash_at_cutoff"", ""missing:outcome_adjudication_id""]",retained,,cases/ca2-59c27a09402366528ab6.json,ee133b6117862ffda7741e7cc2ffbcf21e79717e3694715ed1109f0fc9627d4a,cases/ca2-59c27a09402366528ab6.json,5f2e06d90dffacbdfba2b6bff3c56798457ed5dceba220fc2372b7a4ee3f72ba,,,,,,,,,,,,ca2-59c27a09402366528ab6,cases/ca2-59c27a09402366528ab6.json,5f2e06d90dffacbdfba2b6bff3c56798457ed5dceba220fc2372b7a4ee3f72ba
palmswap,defihacklabs,bsc,30248637,0xd990094a611c3de34664dd3664ebf979a1230fc1,shanghai,ca2-0bc1321f2d440dbae4b1,2023-07-24,Palmswap,Business Logic Flaw,src/test/2023-07/Palmswap_exp.sol,bsc,https://github.com/SunWeb3Sec/DeFiHackLabs/blob/main/past/2023/README.md,frozen_public_source_hashed,1b5a1d9c3166c2b9d60fefc71f8e12d2c3d2f604b259d662e38310d39db6838b,f39a223dc58ce3fcffccdff63277c149a9b83e2401ebbd06b0dabc2683133178,"[""https://twitter.com/BlockSecTeam/status/1683680026766737408""]",[],~$900K,exact_contract_basename,True,True,,,2023-07-24,,,,blocked_missing_onchain_and_availability_evidence,"[""missing:deployment_block"", ""missing:prediction_cutoff_block"", ""missing:source_availability_time"", ""missing:runtime_bytecode_hash_at_cutoff"", ""missing:outcome_adjudication_id""]",retained,,cases/ca2-0bc1321f2d440dbae4b1.json,fbe4a9355d97cb30777bfb0db28ad031bd3215ebbd928b068d116e98745ea950,cases/ca2-0bc1321f2d440dbae4b1.json,1389e23c98040f404376f739a6b4cfddccfd59aa928ca5af974ee87354b43d30,,,,,,,,,,,,ca2-0bc1321f2d440dbae4b1,cases/ca2-0bc1321f2d440dbae4b1.json,1389e23c98040f404376f739a6b4cfddccfd59aa928ca5af974ee87354b43d30
sut,defihacklabs,bsc,30165901,0xf075c5c7ba59208c0b9c41afccd1f60da9ec9c37,shanghai,ca2-7887a4e3ed471d877a90,2023-07-21,SUT,Business Logic Flaw,src/test/2023-07/SUT_exp.sol,bsc,https://github.com/SunWeb3Sec/DeFiHackLabs/blob/main/past/2023/README.md,frozen_public_source_hashed,1b5a1d9c3166c2b9d60fefc71f8e12d2c3d2f604b259d662e38310d39db6838b,379dfcd9ba9b4c5d2a7b0887728c275c714ac9bece967d28d754d6f50894a17a,"[""https://twitter.com/bulu4477/status/1682983956080377857""]",[],~$8k,exact_contract_basename,True,True,,,2023-07-21,,,,blocked_missing_onchain_and_availability_evidence,"[""missing:deployment_block"", ""missing:prediction_cutoff_block"", ""missing:source_availability_time"", ""missing:runtime_bytecode_hash_at_cutoff"", ""missing:outcome_adjudication_id""]",retained,,cases/ca2-7887a4e3ed471d877a90.json,ef6cde7754e164cbd0f4449b965adb44b16fc98e8af48c0b152322c966257f0a,cases/ca2-7887a4e3ed471d877a90.json,dfc60f9ee1e95e0c7252260cc209dc26c1ed9df7bdab78529cc903bcc564b577,,,,,,,,,,,,ca2-7887a4e3ed471d877a90,cases/ca2-7887a4e3ed471d877a90.json,dfc60f9ee1e95e0c7252260cc209dc26c1ed9df7bdab78529cc903bcc564b577
wgpt,defihacklabs,bsc,29891709,0x1f415255f7e2a8546559a553e962de7bc60d7942,shanghai,ca2-3ceb352e665fb61f7402,2023-07-12,WGPT,Business Logic Flaw,src/test/2023-07/WGPT_exp.sol,bsc,https://github.com/SunWeb3Sec/DeFiHackLabs/blob/main/past/2023/README.md,frozen_public_source_hashed,1b5a1d9c3166c2b9d60fefc71f8e12d2c3d2f604b259d662e38310d39db6838b,aa3190bfdfa1fadc9310c4995070c4d31c2c4c651a3ecbaf779cda51492c7b3c,"[""https://twitter.com/BeosinAlert/status/1679028240982368261"", ""https://twitter.com/Phalcon_xyz/status/1679042549946933248""]",[],~$80k,exact_contract_basename,True,True,,,2023-07-12,,,,blocked_missing_onchain_and_availability_evidence,"[""missing:deployment_block"", ""missing:prediction_cutoff_block"", ""missing:source_availability_time"", ""missing:runtime_bytecode_hash_at_cutoff"", ""missing:outcome_adjudication_id""]",retained,,cases/ca2-3ceb352e665fb61f7402.json,5cceb9606aad0af495e5416e214818a3f8b2710756d44bd865483c42f46864ef,cases/ca2-3ceb352e665fb61f7402.json,dea47d4e1da25efe5079b0ab199ea5e719400c17d99fa451a500b61bfd0f249c,,,,,,,,,,,,ca2-3ceb352e665fb61f7402,cases/ca2-3ceb352e665fb61f7402.json,dea47d4e1da25efe5079b0ab199ea5e719400c17d99fa451a500b61bfd0f249c
btc20,defihacklabs,ethereum,17949214,0x1f006f43f57c45ceb3659e543352b4fae4662df7,shanghai,ca2-9035062d2e632d8ca752,2023-08-19,BTC20,Price Manipulation,src/test/2023-08/BTC20_exp.sol,mainnet,https://github.com/SunWeb3Sec/DeFiHackLabs/blob/main/past/2023/README.md,frozen_public_source_hashed,1b5a1d9c3166c2b9d60fefc71f8e12d2c3d2f604b259d662e38310d39db6838b,22b121acbfcc40154c0f0b48bf818e2f4561667799dd1d2dfb0320f73d3655ca,"[""https://twitter.com/DecurityHQ/status/1692924369662513472""]",[],~$18ETH,exact_contract_basename,True,True,,,2023-08-19,,,,blocked_missing_onchain_and_availability_evidence,"[""missing:deployment_block"", ""missing:prediction_cutoff_block"", ""missing:source_availability_time"", ""missing:runtime_bytecode_hash_at_cutoff"", ""missing:outcome_adjudication_id""]",retained,,cases/ca2-9035062d2e632d8ca752.json,ee3e647f25d982fd6a2111ba9002b40b7192d9b01b2e83f8d1e12b072614674d,cases/ca2-9035062d2e632d8ca752.json,a6da4dbd21e0e0902e4d214f9aad96921c0bacf3b6a00fe4f5363ded2e51232c,,,,,,,,,,,,ca2-9035062d2e632d8ca752,cases/ca2-9035062d2e632d8ca752.json,a6da4dbd21e0e0902e4d214f9aad96921c0bacf3b6a00fe4f5363ded2e51232c
ehive,defihacklabs,ethereum,17690497,0x4ae2cd1f5b8806a973953b76f9ce6d5fab9cdcfd,shanghai,ca2-82c63f4f3f31559be9a8,2023-08-21,EHIVE,Business Logic Flaw,src/test/2023-08/EHIVE_exp.sol,mainnet,https://github.com/SunWeb3Sec/DeFiHackLabs/blob/main/past/2023/README.md,frozen_public_source_hashed,1b5a1d9c3166c2b9d60fefc71f8e12d2c3d2f604b259d662e38310d39db6838b,b90f303b9792c571423fdf6fa220a018f3664860d2b524f62b39f6b38fefc56b,"[""https://twitter.com/bulu4477/status/1693636187485872583""]",[],~$15K,exact_contract_basename,True,True,,,2023-08-21,,,,blocked_missing_onchain_and_availability_evidence,"[""missing:deployment_block"", ""missing:prediction_cutoff_block"", ""missing:source_availability_time"", ""missing:runtime_bytecode_hash_at_cutoff"", ""missing:outcome_adjudication_id""]",retained,,cases/ca2-82c63f4f3f31559be9a8.json,5406fc26d2e9924a7d58ebc5c8311d540a58b54e3b7b244b469a65cae0e1e885,cases/ca2-82c63f4f3f31559be9a8.json,3ebad889a6bb6307cc7f37c1bd18c136760ebce980428421fd8a984e5f42c9b5,,,,,,,,,,,,ca2-82c63f4f3f31559be9a8,cases/ca2-82c63f4f3f31559be9a8.json,3ebad889a6bb6307cc7f37c1bd18c136760ebce980428421fd8a984e5f42c9b5
balancer,defihacklabs,ethereum,18004651,0x9210f1204b5a24742eba12f710636d76240df3d0,shanghai,ca2-3049d2889726467cfdcb,2023-08-27,Balancer,Rounding Error && Business Logic Flaw,src/test/2023-08/Balancer_exp.sol,mainnet,https://github.com/SunWeb3Sec/DeFiHackLabs/blob/main/past/2023/README.md,frozen_public_source_hashed,1b5a1d9c3166c2b9d60fefc71f8e12d2c3d2f604b259d662e38310d39db6838b,2874efeac1f3c130d422c24d482bf435af39a7b71926151d92f622c65c415660,"[""https://blocksecteam.medium.com/yet-another-risk-posed-by-precision-loss-an-in-depth-analysis-of-the-recent-balancer-incident-fad93a3c75d4"", ""https://medium.com/balancer-protocol/rate-manipulation-in-balancer-boosted-pools-technical-postmortem-53db4b642492""]",[],~$2M,exact_contract_basename,True,True,,,2023-08-27,,,,blocked_missing_onchain_and_availability_evidence,"[""missing:deployment_block"", ""missing:prediction_cutoff_block"", ""missing:source_availability_time"", ""missing:runtime_bytecode_hash_at_cutoff"", ""missing:outcome_adjudication_id""]",retained,,cases/ca2-3049d2889726467cfdcb.json,728f8f5d34a2f7d6e670dc5df59836d79aad7f212148f4ca6d8d70fee00d7dd7,cases/ca2-3049d2889726467cfdcb.json,0a34ae88c5cac224c962b0e1bde946fb43177bfe69e46063d0a442f39322797f,,,,,,,,,,,,ca2-3049d2889726467cfdcb,cases/ca2-3049d2889726467cfdcb.json,0a34ae88c5cac224c962b0e1bde946fb43177bfe69e46063d0a442f39322797f
eac,defihacklabs,bsc,31273018,0x64f291de10ecd36d5f7b64aaebc70943cface28e,shanghai,ca2-e017525389c5fba3ce28,2023-08-29,EAC,Price Manipulation,src/test/2023-08/EAC_exp.sol,bsc,https://github.com/SunWeb3Sec/DeFiHackLabs/blob/main/past/2023/README.md,frozen_public_source_hashed,1b5a1d9c3166c2b9d60fefc71f8e12d2c3d2f604b259d662e38310d39db6838b,bc218962d9ef63f3067269968d51defc1f4697fe5b8bf49c19452d3c3506e6ef,"[""https://twitter.com/bbbb/status/1696520866564350157""]",[],~$29BNB,exact_contract_basename,True,True,,,2023-08-29,,,,blocked_missing_onchain_and_availability_evidence,"[""missing:deployment_block"", ""missing:prediction_cutoff_block"", ""missing:source_availability_time"", ""missing:runtime_bytecode_hash_at_cutoff"", ""missing:outcome_adjudication_id""]",retained,,cases/ca2-e017525389c5fba3ce28.json,7b2eb29b629b3b37a88c17c113bfd502612a99b03b4f4eca21648964fe58824f,cases/ca2-e017525389c5fba3ce28.json,67755ab456c1f0b2cab46fb3cbbd1f5baab7b4cc65a03467da6d1c12d4d5e24f,,,,,,,,,,,,ca2-e017525389c5fba3ce28,cases/ca2-e017525389c5fba3ce28.json,67755ab456c1f0b2cab46fb3cbbd1f5baab7b4cc65a03467da6d1c12d4d5e24f
earningfram,defihacklabs,ethereum,17875885,0x863e572b215fd67c855d973f870266cf827aea5e,shanghai,ca2-a21e3c90faf447e22997,2023-08-09,EarningFram,Reentrancy,src/test/2023-08/EarningFram_exp.sol,mainnet,https://github.com/SunWeb3Sec/DeFiHackLabs/blob/main/past/2023/README.md,frozen_public_source_hashed,1b5a1d9c3166c2b9d60fefc71f8e12d2c3d2f604b259d662e38310d39db6838b,a3fcad17a2ae54c366de182933eab1c3d9da6f56c4e43f54fcfcae5b1549da60,"[""https://twitter.com/Phalcon_xyz/status/1689182459269644288""]",[],~$286k,exact_contract_basename,True,True,,,2023-08-09,,,,blocked_missing_onchain_and_availability_evidence,"[""missing:deployment_block"", ""missing:prediction_cutoff_block"", ""missing:source_availability_time"", ""missing:runtime_bytecode_hash_at_cutoff"", ""missing:outcome_adjudication_id""]",retained,,cases/ca2-a21e3c90faf447e22997.json,0abf23dbde3cf304577979607654c7929597ffe5244f63cce3d6bbc32a4c6c48,cases/ca2-a21e3c90faf447e22997.json,11473ca808ee3fe33f53b4b0268537b57ee1b3a69d86f32e7e0ebdf93487e4e9,,,,,,,,,,,,ca2-a21e3c90faf447e22997,cases/ca2-a21e3c90faf447e22997.json,11473ca808ee3fe33f53b4b0268537b57ee1b3a69d86f32e7e0ebdf93487e4e9
ODOS,defihacklabs-temporal-replacement-finalization,base,25431001,0xb6333e994fd02a9255e794c177efbdeb1fe779c7,,ca2-b40a4160faf772fbf6c8,2025-01-23,ODOS,replacement_candidate,,base,,replacement_candidate_historical_snapshot_verified,d323862e91c280ec18756d3e166b695f72565076702cacb5fd81d064b1dcc5c0,e717a12b474b4343ad4074e5bef6de45dd1ce063bacf999cf06f2d1574c451a0,[],"[""0xd10faa5b33ddb501b1dc6430896c966048271f2510ff9ed681dd6d510c5df9f6""]",,frozen_chain_global_order_finalization,True,True,24367565,24410765,25431001,,7b424f7928b6a4f38f2648100878bbe8be83f0afd727a84e165fdfb3b48846fa,,replacement_candidate_selected,[],replacement,ca2-d5e2d826f6d08f10011e,cases/ca2-d5e2d826f6d08f10011e.json,6e99c6dd0d4d2a9e7e9eedf3fcdab7fa73c6c70e92accfa03510ec791ed80ce2,,,cases/ca2r-a888af28bf0d219d083d.json,71162f47dab093e516171a6b27440e91240c4d19b5adfb0d277a93da0860aa89,historical_cases/ca2r-a888af28bf0d219d083d/ca2r-a888af28bf0d219d083d.json,d01415fe4a92a42d34c2050cc75ea4221ed268cead28ecd480896b52d7f83947,3,first_eligible_unique_from_frozen_chain_global_order,d323862e91c280ec18756d3e166b695f72565076702cacb5fd81d064b1dcc5c0,d3b80fe4ed7198fc900616b269408c1d0485ef8f000f46d37adb75be862a4a9c,25431001,0xd10faa5b33ddb501b1dc6430896c966048271f2510ff9ed681dd6d510c5df9f6,ca2r-a888af28bf0d219d083d,ca2r-a888af28bf0d219d083d,historical_cases/ca2r-a888af28bf0d219d083d/ca2r-a888af28bf0d219d083d.json,d01415fe4a92a42d34c2050cc75ea4221ed268cead28ecd480896b52d7f83947
uwerx,defihacklabs,ethereum,17826202,0x4306b12f8e824ce1fa9604bbd88f2ad4f0fe3c54,shanghai,ca2-28984dadb4e195ff0adc,2023-08-02,Uwerx,Fault logic,src/test/2023-08/Uwerx_exp.sol,ethereum,https://github.com/SunWeb3Sec/DeFiHackLabs/blob/main/past/2023/README.md,frozen_public_source_hashed,1b5a1d9c3166c2b9d60fefc71f8e12d2c3d2f604b259d662e38310d39db6838b,543b26507e1d92c59fbbd12c55f643a672513fa1842572a45e2c7fe3007251a1,"[""https://etherscan.io/tx/0x3b19e152943f31fe0830b67315ddc89be9a066dc89174256e17bc8c2d35b5af8"", ""https://twitter.com/CertiKAlert/status/1686667720920625152"", ""https://twitter.com/deeberiroz/status/1686683788795846657""]","[""0x3b19e152943f31fe0830b67315ddc89be9a066dc89174256e17bc8c2d35b5af8""]",~$176ETH,exact_contract_basename,True,True,,,2023-08-02,,,,blocked_missing_onchain_and_availability_evidence,"[""missing:deployment_block"", ""missing:prediction_cutoff_block"", ""missing:source_availability_time"", ""missing:runtime_bytecode_hash_at_cutoff"", ""missing:outcome_adjudication_id""]",retained,,cases/ca2-28984dadb4e195ff0adc.json,4372951793e343f463e450090ab130b3272eea92a375cf32a009b8df897b57b2,cases/ca2-28984dadb4e195ff0adc.json,ecb5496138a3f8832d899023ce4005c7a4ebd6a19b349ee7dfcec9ecb89ec632,,,,,,,,,,,,ca2-28984dadb4e195ff0adc,cases/ca2-28984dadb4e195ff0adc.json,ecb5496138a3f8832d899023ce4005c7a4ebd6a19b349ee7dfcec9ecb89ec632
bfctoken,defihacklabs,bsc,31599443,0x595eac4a0ce9b7175a99094680fbe55a774b5464,shanghai,ca2-5aa3d29494fdde461d33,2023-09-09,BFCToken,Business Logic Flaw,src/test/2023-09/BFCToken_exp.sol,bsc,https://github.com/SunWeb3Sec/DeFiHackLabs/blob/main/past/2023/README.md,frozen_public_source_hashed,1b5a1d9c3166c2b9d60fefc71f8e12d2c3d2f604b259d662e38310d39db6838b,b56ad2e3b4b45b8a6c41e0d11b45ff86503c9df226cf61725c734618e17876c6,"[""https://twitter.com/CertiKAlert/status/1700621314246017133""]",[],~$38K,exact_contract_basename,True,True,,,2023-09-09,,,,blocked_missing_onchain_and_availability_evidence,"[""missing:deployment_block"", ""missing:prediction_cutoff_block"", ""missing:source_availability_time"", ""missing:runtime_bytecode_hash_at_cutoff"", ""missing:outcome_adjudication_id""]",retained,,cases/ca2-5aa3d29494fdde461d33.json,bf6aae5b0c048164e528b50b3066b062a46542f596827a00e575b5089edfa1bb,cases/ca2-5aa3d29494fdde461d33.json,5072d6de783c03daf93d61a2dbcba23f3f96edbacccf1d7ffaa784be100a8e7b,,,,,,,,,,,,ca2-5aa3d29494fdde461d33,cases/ca2-5aa3d29494fdde461d33.json,5072d6de783c03daf93d61a2dbcba23f3f96edbacccf1d7ffaa784be100a8e7b
floordao,defihacklabs,ethereum,18068772,0x759c6de5bca9ade8a1a2719a31553c4b7de02539,shanghai,ca2-81ae1f51e833bf23db49,2023-09-05,FloorDAO,Rebasing logic issue,src/test/2023-09/FloorDAO_exp.sol,mainnet,https://github.com/SunWeb3Sec/DeFiHackLabs/blob/main/past/2023/README.md,frozen_public_source_hashed,1b5a1d9c3166c2b9d60fefc71f8e12d2c3d2f604b259d662e38310d39db6838b,f2773ef985532853a323b49018a6a4b5179f58faa0047bea333da99ede24e52b,"[""https://medium.com/floordao/floor-post-mortem-incident-summary-september-5-2023-e054a2d5afa4"", ""https://twitter.com/PeckShieldAlert/status/1698962105058361392""]",[],~$40ETH,exact_contract_basename,True,True,,,2023-09-05,,,,blocked_missing_onchain_and_availability_evidence,"[""missing:deployment_block"", ""missing:prediction_cutoff_block"", ""missing:source_availability_time"", ""missing:runtime_bytecode_hash_at_cutoff"", ""missing:outcome_adjudication_id""]",retained,,cases/ca2-81ae1f51e833bf23db49.json,c73e31eebdcadb6936c19eba66a781c3f8cdb3a6723ea644ed2b791340014f13,cases/ca2-81ae1f51e833bf23db49.json,1b017c3b1697fc4df31b5e27bfe731b2ea2ac71a6f9f7ec5af825d0c5d11df67,,,,,,,,,,,,ca2-81ae1f51e833bf23db49,cases/ca2-81ae1f51e833bf23db49.json,1b017c3b1697fc4df31b5e27bfe731b2ea2ac71a6f9f7ec5af825d0c5d11df67
heavensgate,defihacklabs,ethereum,18069527,0x8ebd6c7d2b79ca4dc5fbdec239a8bb0f214212b8,shanghai,ca2-0214cb74200856148943,2023-09-05,HeavensGate,Rebasing logic issue,src/test/2023-09/HeavensGate_exp.sol,mainnet,https://github.com/SunWeb3Sec/DeFiHackLabs/blob/main/past/2023/README.md,frozen_public_source_hashed,1b5a1d9c3166c2b9d60fefc71f8e12d2c3d2f604b259d662e38310d39db6838b,aa049f6cdd223fb06f152c2f09320a78f3fa35c374da4fc053a9b791699527e2,"[""https://explorer.phalcon.xyz/tx/eth/0xe28ca1f43036f4768776805fb50906f8172f75eba3bf1d9866bcd64361fda834""]","[""0xe28ca1f43036f4768776805fb50906f8172f75eba3bf1d9866bcd64361fda834""]",~$8ETH,exact_contract_basename,True,True,,,2023-09-05,,,,blocked_missing_onchain_and_availability_evidence,"[""missing:deployment_block"", ""missing:prediction_cutoff_block"", ""missing:source_availability_time"", ""missing:runtime_bytecode_hash_at_cutoff"", ""missing:outcome_adjudication_id""]",retained,,cases/ca2-0214cb74200856148943.json,1608bc7d5106174058e0c47aa8592deef2d771a6e0a9dd66411bf102b5050d4d,cases/ca2-0214cb74200856148943.json,a14bb35db272506f00d49ce6506f2fd9e80d16d8303c655ebc8995c14de94ebe,,,,,,,,,,,,ca2-0214cb74200856148943,cases/ca2-0214cb74200856148943.json,a14bb35db272506f00d49ce6506f2fd9e80d16d8303c655ebc8995c14de94ebe
kub_split,defihacklabs,bsc,32021099,0xc98e183d2e975f0567115cb13af893f0e3c0d0bd,shanghai,ca2-7455b4981f74c1b4c51e,2023-09-24,KubSplit,Pool manipulation,src/test/2023-09/Kub_Split_exp.sol,bsc,https://github.com/SunWeb3Sec/DeFiHackLabs/blob/main/past/2023/README.md,frozen_public_source_hashed,1b5a1d9c3166c2b9d60fefc71f8e12d2c3d2f604b259d662e38310d39db6838b,c9c6d07740584932bd2016947c05ff9461413cd000452d86872ed8c1b51c4b1e,"[""https://twitter.com/CertiKAlert/status/1705966214319612092""]",[],~$78K,exact_contract_basename,True,True,,,2023-09-24,,,,blocked_missing_onchain_and_availability_evidence,"[""missing:deployment_block"", ""missing:prediction_cutoff_block"", ""missing:source_availability_time"", ""missing:runtime_bytecode_hash_at_cutoff"", ""missing:outcome_adjudication_id""]",retained,,cases/ca2-7455b4981f74c1b4c51e.json,0410a857bd4e1084a0898a50e0601fe9c418f0ee2a3e41ed8771da7ad9b16c44,cases/ca2-7455b4981f74c1b4c51e.json,f529709ba29456163fc7271d995ce7eb7b181475efe7314a6648e9b5e173faba,,,,,,,,,,,,ca2-7455b4981f74c1b4c51e,cases/ca2-7455b4981f74c1b4c51e.json,f529709ba29456163fc7271d995ce7eb7b181475efe7314a6648e9b5e173faba
jumpfarm,defihacklabs,ethereum,18070346,0x05999eb831ae28ca920ce645a5164fbdb1d74fe9,shanghai,ca2-f4910903d7134e1d631f,2023-09-05,JumpFarm,Rebasing logic issue,src/test/2023-09/JumpFarm_exp.sol,mainnet,https://github.com/SunWeb3Sec/DeFiHackLabs/blob/main/past/2023/README.md,frozen_public_source_hashed,1b5a1d9c3166c2b9d60fefc71f8e12d2c3d2f604b259d662e38310d39db6838b,0d0b062e1f0d40d4e6726d6175a56edd8cf39ac6144c15cfeea698f6448ea4c7,"[""https://twitter.com/DecurityHQ/status/1699384904218202618""]",[],~$2.4ETH,exact_contract_basename,True,True,,,2023-09-05,,,,blocked_missing_onchain_and_availability_evidence,"[""missing:deployment_block"", ""missing:prediction_cutoff_block"", ""missing:source_availability_time"", ""missing:runtime_bytecode_hash_at_cutoff"", ""missing:outcome_adjudication_id""]",retained,,cases/ca2-f4910903d7134e1d631f.json,c36f11c6f739cc73fac6db1b4e3e6af22906a6576a286c1d876aa4e2c470ddda,cases/ca2-f4910903d7134e1d631f.json,2458ca1ebc79b5b638eb495d1efb47ba79355d28912e51e65896fbdcb0ac9fa6,,,,,,,,,,,,ca2-f4910903d7134e1d631f,cases/ca2-f4910903d7134e1d631f.json,2458ca1ebc79b5b638eb495d1efb47ba79355d28912e51e65896fbdcb0ac9fa6
quantumwn,defihacklabs,ethereum,18070348,0x69422c7f237d70fcd55c218568a67d00dc4ea068,shanghai,ca2-d22c4160c4fed52695d2,2023-09-05,QuantumWN,Rebasing logic issue,src/test/2023-09/QuantumWN_exp.sol,mainnet,https://github.com/SunWeb3Sec/DeFiHackLabs/blob/main/past/2023/README.md,frozen_public_source_hashed,1b5a1d9c3166c2b9d60fefc71f8e12d2c3d2f604b259d662e38310d39db6838b,9fea35e24fa664c421d81962af5106dfdcad6cd39baa4ee715401d096783263a,"[""https://twitter.com/DecurityHQ/status/1699384904218202618""]",[],~$0.5 ETH,exact_contract_basename,True,True,,,2023-09-05,,,,blocked_missing_onchain_and_availability_evidence,"[""missing:deployment_block"", ""missing:prediction_cutoff_block"", ""missing:source_availability_time"", ""missing:runtime_bytecode_hash_at_cutoff"", ""missing:outcome_adjudication_id""]",retained,,cases/ca2-d22c4160c4fed52695d2.json,97708903d880c9fab7dc78fac9028d38304740389bde1af8e943e79477c6e97c,cases/ca2-d22c4160c4fed52695d2.json,3d304d710a6e00c00aa7c90924a709b9ac736fa2348dce0ecf345238e3e5f67f,,,,,,,,,,,,ca2-d22c4160c4fed52695d2,cases/ca2-d22c4160c4fed52695d2.json,3d304d710a6e00c00aa7c90924a709b9ac736fa2348dce0ecf345238e3e5f67f
uniclynft,defihacklabs,ethereum,18133171,0xd3c41c85be295607e8ea5c58487ec5894300ee67,shanghai,ca2-1579de76f9bed10399a7,2023-09-16,uniclyNFT,Reentrancy,src/test/2023-09/uniclyNFT_exp.sol,mainnet,https://github.com/SunWeb3Sec/DeFiHackLabs/blob/main/past/2023/README.md,frozen_public_source_hashed,1b5a1d9c3166c2b9d60fefc71f8e12d2c3d2f604b259d662e38310d39db6838b,0db0d6c9904687a9776a665c0520cd1a78c808142ec840b562f94e2f4cb60377,"[""https://twitter.com/DecurityHQ/status/1703096116047421863""]",[],1 NFT,exact_contract_basename,True,True,,,2023-09-16,,,,blocked_missing_onchain_and_availability_evidence,"[""missing:deployment_block"", ""missing:prediction_cutoff_block"", ""missing:source_availability_time"", ""missing:runtime_bytecode_hash_at_cutoff"", ""missing:outcome_adjudication_id""]",retained,,cases/ca2-1579de76f9bed10399a7.json,1459e05ee574b9580c45ce2cd737550bac36d5eb54476c40a8dc7b28fc5d3490,cases/ca2-1579de76f9bed10399a7.json,fab1ee97640eaf4d5fe6ac4aa51af8eec018e3e7b202ae293116979270dd4a99,,,,,,,,,,,,ca2-1579de76f9bed10399a7,cases/ca2-1579de76f9bed10399a7.json,fab1ee97640eaf4d5fe6ac4aa51af8eec018e3e7b202ae293116979270dd4a99
bh,defihacklabs,bsc,32512073,0xcc61cc9f2632314c9d452aca79104ddf680952b5,shanghai,ca2-8827a43c9b16b94734ae,2023-10-11,BH,Price manipulation,src/test/2023-10/BH_exp.sol,bsc,https://github.com/SunWeb3Sec/DeFiHackLabs/blob/main/past/2023/README.md,frozen_public_source_hashed,1b5a1d9c3166c2b9d60fefc71f8e12d2c3d2f604b259d662e38310d39db6838b,d1106cb47b8157ac5f170d68d85ccd44b5f16f7588cf5d6e6c0dcd7c76d4fd18,"[""https://twitter.com/BeosinAlert/status/1712139760813375973"", ""https://twitter.com/DecurityHQ/status/1712118881425203350""]",[],~$1.27M,exact_contract_basename,True,True,,,2023-10-11,,,,blocked_missing_onchain_and_availability_evidence,"[""missing:deployment_block"", ""missing:prediction_cutoff_block"", ""missing:source_availability_time"", ""missing:runtime_bytecode_hash_at_cutoff"", ""missing:outcome_adjudication_id""]",retained,,cases/ca2-8827a43c9b16b94734ae.json,739f03ada6d21c8c763d9358eb04f8c6d8b596e80f8d901424b30fddc834071d,cases/ca2-8827a43c9b16b94734ae.json,912e022ef6f630ff8cce8fd9b4f182622b068a7dd7402cbe6e4e289a491f9bfb,,,,,,,,,,,,ca2-8827a43c9b16b94734ae,cases/ca2-8827a43c9b16b94734ae.json,912e022ef6f630ff8cce8fd9b4f182622b068a7dd7402cbe6e4e289a491f9bfb
depayrouter,defihacklabs,ethereum,18281129,0xae60ac8e69414c2dc362d0e6a03af643d1d85b92,shanghai,ca2-4c0faea601ab4a95ced8,2023-10-05,DePayRouter,Business Logic Flaw,src/test/2023-10/DePayRouter_exp.sol,mainnet,https://github.com/SunWeb3Sec/DeFiHackLabs/blob/main/past/2023/README.md,frozen_public_source_hashed,1b5a1d9c3166c2b9d60fefc71f8e12d2c3d2f604b259d662e38310d39db6838b,678451b45a53f4ee384c87cc3134587e84b856c5e44a23003787abf1ad5908a3,"[""https://twitter.com/CertiKAlert/status/1709764146324009268""]",[],~$ 827 USDC,exact_contract_basename,True,True,,,2023-10-05,,,,blocked_missing_onchain_and_availability_evidence,"[""missing:deployment_block"", ""missing:prediction_cutoff_block"", ""missing:source_availability_time"", ""missing:runtime_bytecode_hash_at_cutoff"", ""missing:outcome_adjudication_id""]",retained,,cases/ca2-4c0faea601ab4a95ced8.json,55cacc7cc475700b653057272b17520d8e55a56090bff3ffc46ef56b54eaee95,cases/ca2-4c0faea601ab4a95ced8.json,87299fa00856eee63b3451fe66ab1170f58ad9b7870db2b98f7bf383e6cca989,,,,,,,,,,,,ca2-4c0faea601ab4a95ced8,cases/ca2-4c0faea601ab4a95ced8.json,87299fa00856eee63b3451fe66ab1170f58ad9b7870db2b98f7bf383e6cca989
astrid,defihacklabs,ethereum,18448167,0xbaa87546cf87b5de1b0b52353a86792d40b8ba70,shanghai,ca2-746ec2d0566ffbda9c0f,2023-10-28,AstridProtocol,Business Logic Flaw,src/test/2023-10/Astrid_exp.sol,mainnet,https://github.com/SunWeb3Sec/DeFiHackLabs/blob/main/past/2023/README.md,frozen_public_source_hashed,1b5a1d9c3166c2b9d60fefc71f8e12d2c3d2f604b259d662e38310d39db6838b,1df4c4dc2d6d91e85e110d98993c38b3ee183c950028cddbdca2bdb4c36bc11e,"[""https://twitter.com/Phalcon_xyz/status/1718454835966775325""]",[],~$127ETH,exact_contract_basename,True,True,,,2023-10-28,,,,blocked_missing_onchain_and_availability_evidence,"[""missing:deployment_block"", ""missing:prediction_cutoff_block"", ""missing:source_availability_time"", ""missing:runtime_bytecode_hash_at_cutoff"", ""missing:outcome_adjudication_id""]",retained,,cases/ca2-746ec2d0566ffbda9c0f.json,977cf1f8695aba1308384f3746ea729732236c6af70a976e24797be5fc327931,cases/ca2-746ec2d0566ffbda9c0f.json,93fca3e15b5c5accfd8723661829aaa0854e9d6281c41c3d59d8f22260f252c8,,,,,,,,,,,,ca2-746ec2d0566ffbda9c0f,cases/ca2-746ec2d0566ffbda9c0f.json,93fca3e15b5c5accfd8723661829aaa0854e9d6281c41c3d59d8f22260f252c8
hopelend,defihacklabs,ethereum,18377041,0x53fbcada1201a465740f2d64ecdf6fac425f9030,shanghai,ca2-6e5acd680aa3d14315b9,2023-10-18,Hopelend,Div Precision Loss,src/test/2023-10/Hopelend_exp.sol,mainnet,https://github.com/SunWeb3Sec/DeFiHackLabs/blob/main/past/2023/README.md,frozen_public_source_hashed,1b5a1d9c3166c2b9d60fefc71f8e12d2c3d2f604b259d662e38310d39db6838b,ac3363b2ee8827a619f153f254a699bb2ff1a671a64d2945ea708e69bd5e5908,"[""https://lunaray.medium.com/deep-dive-into-hopelend-hack-5962e8b55d3f"", ""https://twitter.com/immunefi/status/1722810650387517715""]",[],~$825K,exact_contract_basename,True,True,,,2023-10-18,,,,blocked_missing_onchain_and_availability_evidence,"[""missing:deployment_block"", ""missing:prediction_cutoff_block"", ""missing:source_availability_time"", ""missing:runtime_bytecode_hash_at_cutoff"", ""missing:outcome_adjudication_id""]",retained,,cases/ca2-6e5acd680aa3d14315b9.json,9284a177fadfcbe12ebda80895305a2aebff3f2314bc84d5ed79a348f20714e8,cases/ca2-6e5acd680aa3d14315b9.json,6d1f5bffe95394c97741179be8460494b816997b7c4d65d773579be5c017253e,,,,,,,,,,,,ca2-6e5acd680aa3d14315b9,cases/ca2-6e5acd680aa3d14315b9.json,6d1f5bffe95394c97741179be8460494b816997b7c4d65d773579be5c017253e
openleverage,defihacklabs,bsc,32820951,0x7bacb1c805cbbf7c4f74556a4b34fde7793d0887,shanghai,ca2-ca180b9c5c90165fb523,2023-10-22,OpenLeverage,Business Logic Flaw,src/test/2023-10/OpenLeverage_exp.sol,bsc,https://github.com/SunWeb3Sec/DeFiHackLabs/blob/main/past/2023/README.md,frozen_public_source_hashed,1b5a1d9c3166c2b9d60fefc71f8e12d2c3d2f604b259d662e38310d39db6838b,654f68a7a2afa70319c628bab97c627cb470f2f69b7a6e866b13a5689fc30f3d,"[""https://defimon.xyz/exploit/bsc/0x5366c6ba729d9cf8d472500afc1a2976ac2fe9ff""]",[],~$8K,exact_contract_basename,True,True,,,2023-10-22,,,,blocked_missing_onchain_and_availability_evidence,"[""missing:deployment_block"", ""missing:prediction_cutoff_block"", ""missing:source_availability_time"", ""missing:runtime_bytecode_hash_at_cutoff"", ""missing:outcome_adjudication_id""]",retained,,cases/ca2-ca180b9c5c90165fb523.json,a1152a260b8a6eaf30876f3eb9e947e44b2b68a1695d63e3f60f3a9305a72fc4,cases/ca2-ca180b9c5c90165fb523.json,8025740a69493d0427ff78e1b64dcc3774fb6bb343430296d366137373bdbbae,,,,,,,,,,,,ca2-ca180b9c5c90165fb523,cases/ca2-ca180b9c5c90165fb523.json,8025740a69493d0427ff78e1b64dcc3774fb6bb343430296d366137373bdbbae
zs,defihacklabs,bsc,32429591,0x12b3b6b1055b8ad1ae8f60a0b6c79a9825bcb4bc,shanghai,ca2-2f4322a54fd6caa407fe,2023-10-08,ZS,Business Logic Flaw,src/test/2023-10/ZS_exp.sol,bsc,https://github.com/SunWeb3Sec/DeFiHackLabs/blob/main/past/2023/README.md,frozen_public_source_hashed,1b5a1d9c3166c2b9d60fefc71f8e12d2c3d2f604b259d662e38310d39db6838b,b503ee263e167bb1e9fc5c91e7df46904eb33a13d2a864d82f3035214dc0fbf4,"[""https://x.com/MetaSec_xyz/status/1711189697534513327""]",[],~$14K,exact_contract_basename,True,True,,,2023-10-08,,,,blocked_missing_onchain_and_availability_evidence,"[""missing:deployment_block"", ""missing:prediction_cutoff_block"", ""missing:source_availability_time"", ""missing:runtime_bytecode_hash_at_cutoff"", ""missing:outcome_adjudication_id""]",retained,,cases/ca2-2f4322a54fd6caa407fe.json,4d1775e8f98663fa52aee4bb909a4f79c2a780085b5a164443ac7bfd394f63cb,cases/ca2-2f4322a54fd6caa407fe.json,d6aef37d734ee2bdef3baab4b05d3ffdaca8cc46ad3f65407cfd305765829a81,,,,,,,,,,,,ca2-2f4322a54fd6caa407fe,cases/ca2-2f4322a54fd6caa407fe.json,d6aef37d734ee2bdef3baab4b05d3ffdaca8cc46ad3f65407cfd305765829a81
wiselending,defihacklabs,ethereum,18342120,0x84524baa1951247b3a2617a843e6ece915bb9674,shanghai,ca2-789b9d7c348037be1840,2023-10-13,WiseLending,Donate Inflation ExchangeRate && Rounding Error,src/test/2023-10/WiseLending_exp.sol,mainnet,https://github.com/SunWeb3Sec/DeFiHackLabs/blob/main/past/2023/README.md,frozen_public_source_hashed,1b5a1d9c3166c2b9d60fefc71f8e12d2c3d2f604b259d662e38310d39db6838b,fe4ed68a0d11da3971450e0fc0bfe4d199e0e390deb63e1df86381c1747e3f10,"[""https://twitter.com/BlockSecTeam/status/1712871304993689709"", ""https://twitter.com/bbbb/status/1712841315522638034""]",[],~$260K,exact_contract_basename,True,True,,,2023-10-13,,,,blocked_missing_onchain_and_availability_evidence,"[""missing:deployment_block"", ""missing:prediction_cutoff_block"", ""missing:source_availability_time"", ""missing:runtime_bytecode_hash_at_cutoff"", ""missing:outcome_adjudication_id""]",retained,,cases/ca2-789b9d7c348037be1840.json,f5e05e01f401097d64b76838555a9d4edfa0d0dc103bbe6fb5aef9c7471431dd,cases/ca2-789b9d7c348037be1840.json,6fa145157bcb1441cf1113cbf8876a430d98f11be9bc35111ef9d2792567c29e,,,,,,,,,,,,ca2-789b9d7c348037be1840,cases/ca2-789b9d7c348037be1840.json,6fa145157bcb1441cf1113cbf8876a430d98f11be9bc35111ef9d2792567c29e
pseudoeth,defihacklabs,ethereum,18305131,0x2033b54b6789a963a02bfcbd40a46816770f1161,shanghai,ca2-6f8a2ab5c968b3eaaf69,2023-10-08,pSeudoEth,Pool manipulation,src/test/2023-10/pSeudoEth_exp.sol,mainnet,https://github.com/SunWeb3Sec/DeFiHackLabs/blob/main/past/2023/README.md,frozen_public_source_hashed,1b5a1d9c3166c2b9d60fefc71f8e12d2c3d2f604b259d662e38310d39db6838b,7367a892fb5af9fd9f54b20be34fbf9f07f2c20629b7196b40d75f65936feb46,"[""https://twitter.com/CertiKAlert/status/1710979615164944729""]",[],~$2.3K,exact_contract_basename,True,True,,,2023-10-08,,,,blocked_missing_onchain_and_availability_evidence,"[""missing:deployment_block"", ""missing:prediction_cutoff_block"", ""missing:source_availability_time"", ""missing:runtime_bytecode_hash_at_cutoff"", ""missing:outcome_adjudication_id""]",retained,,cases/ca2-6f8a2ab5c968b3eaaf69.json,deb92e3ee757811a40a089685205df231a018c55f2c932a545de857a3baff9bb,cases/ca2-6f8a2ab5c968b3eaaf69.json,9e4983ff1686e88d31b4d0e3ec2866b18b527cb839aa0ef32cae502e3162dee6,,,,,,,,,,,,ca2-6f8a2ab5c968b3eaaf69,cases/ca2-6f8a2ab5c968b3eaaf69.json,9e4983ff1686e88d31b4d0e3ec2866b18b527cb839aa0ef32cae502e3162dee6
ktaf,defihacklabs,ethereum,18385885,0xf5140fc35c6f94d02d7466f793feb0216082d7e5,shanghai,ca2-5c6b3bca3311000683b6,2023-10-19,kTAF,CompoundV2 Inflation Attack,src/test/2023-10/kTAF_exp.sol,mainnet,https://github.com/SunWeb3Sec/DeFiHackLabs/blob/main/past/2023/README.md,frozen_public_source_hashed,1b5a1d9c3166c2b9d60fefc71f8e12d2c3d2f604b259d662e38310d39db6838b,91ed447eedeac861483bcb32fe39cf0f028a35e3a80b97590af5d896965fb3b4,"[""https://defimon.xyz/attack/mainnet/0x325999373f1aae98db2d89662ff1afbe0c842736f7564d16a7b52bf5c777d3a4""]",[],~$8K,exact_contract_basename,True,True,,,2023-10-19,,,,blocked_missing_onchain_and_availability_evidence,"[""missing:deployment_block"", ""missing:prediction_cutoff_block"", ""missing:source_availability_time"", ""missing:runtime_bytecode_hash_at_cutoff"", ""missing:outcome_adjudication_id""]",retained,,cases/ca2-5c6b3bca3311000683b6.json,25d5b8b47e7db21ed16ae4d2d8ff0fbd9fed8cf78a01ba0a3ee2855db6ab2495,cases/ca2-5c6b3bca3311000683b6.json,222710727854c8c09ca8f4e5f3f05dda8688bf69adf1f1a840480a62fa6bf987,,,,,,,,,,,,ca2-5c6b3bca3311000683b6,cases/ca2-5c6b3bca3311000683b6.json,222710727854c8c09ca8f4e5f3f05dda8688bf69adf1f1a840480a62fa6bf987
BitCrown,defihacklabs-temporal-replacement-finalization,bsc,51131921,0x93b621a9f8f1821a6a693a29672ca3d6612a2a7e,,ca2-5d15ea73c6fd71a4407d,2025-06-09,BitCrown,replacement_candidate,,bsc,,replacement_candidate_historical_snapshot_verified,027b2c5a607e9cd461730ed816e8c806fc0121f58cc801550463fed42fd287f5,80deb40c3331deece2fd211578c82b52683c15c302a59c12e6663a910179c993,[],"[""0x442ce0af4d10b23968a66b0b53d7b95f5bb611d55f19dc5a1963c763f65128f0""]",,frozen_chain_global_order_finalization,True,True,51051014,51108603,51131922,,16c9876738cdd037924a9e0a5678f176b70e1519eeec70bb87eddd64c26246eb,,replacement_candidate_selected,[],replacement,ca2-a315156294181711e836,cases/ca2-a315156294181711e836.json,f69fa542eb46be62f32058112c5c29cac9c1dd4eb4fb3bbac3602e9461ef5aea,,,cases/ca2r-afc2255d4280cce6776a.json,24ad7709c5ccf78296070bd4942e04c500da330966019ecb3d0a7a1d6f0b3b8c,historical_cases/ca2r-afc2255d4280cce6776a/ca2r-afc2255d4280cce6776a.json,e9bca5793a76962358c349818d7c2f9b67b720e14946fd0def5ea14001897afc,29,first_eligible_unique_from_frozen_chain_global_order,027b2c5a607e9cd461730ed816e8c806fc0121f58cc801550463fed42fd287f5,d3b80fe4ed7198fc900616b269408c1d0485ef8f000f46d37adb75be862a4a9c,51131921,0x442ce0af4d10b23968a66b0b53d7b95f5bb611d55f19dc5a1963c763f65128f0,ca2r-afc2255d4280cce6776a,ca2r-afc2255d4280cce6776a,historical_cases/ca2r-afc2255d4280cce6776a/ca2r-afc2255d4280cce6776a.json,e9bca5793a76962358c349818d7c2f9b67b720e14946fd0def5ea14001897afc
burntbubba,defihacklabs,ethereum,18680254,0xa44e79a2c9a8965e7a6fa77bf0ca8faf50e6c73e,shanghai,ca2-87c7a2d034157234fe09,2023-11-29,Burntbubba,Price Manipulation,src/test/2023-11/Burntbubba_exp.sol,mainnet,https://github.com/SunWeb3Sec/DeFiHackLabs/blob/main/past/2023/README.md,frozen_public_source_hashed,1b5a1d9c3166c2b9d60fefc71f8e12d2c3d2f604b259d662e38310d39db6838b,366337a679c5ba2ed9ef400c4d32ebc352b5fe185180f081b8914db6a7eada2b,"[""https://x.com/MetaSec_xyz/status/1730044259087315046""]",[],~$3K,exact_contract_basename,True,True,,,2023-11-29,,,,blocked_missing_onchain_and_availability_evidence,"[""missing:deployment_block"", ""missing:prediction_cutoff_block"", ""missing:source_availability_time"", ""missing:runtime_bytecode_hash_at_cutoff"", ""missing:outcome_adjudication_id""]",retained,,cases/ca2-87c7a2d034157234fe09.json,fe1aae48492bd31beb00612e038308c21946be4911ef47508a34a316551b7af4,cases/ca2-87c7a2d034157234fe09.json,68f0763b18be55554796ad3413b33f7a7adfdfe3c6ab3017e5b10e9ad08b9dd8,,,,,,,,,,,,ca2-87c7a2d034157234fe09,cases/ca2-87c7a2d034157234fe09.json,68f0763b18be55554796ad3413b33f7a7adfdfe3c6ab3017e5b10e9ad08b9dd8
Bitallx,defihacklabs-temporal-replacement-finalization,bsc,49758338,0xa5f3728767f834c591ee99c8c5854b752f39c385,,ca2-2fce7b426138574319d9,2025-05-16,Bitallx,replacement_candidate,,bsc,,replacement_candidate_historical_snapshot_verified,df91fb0c1cd127c834a94b41bd19add57e8a9b3b7b77821f3a4941d78f65eeb4,1526445aff053710d83df52df51c3cccefc8d4e78cfe910ca11c8faf173bd94e,[],"[""0x1fe893e4d8370a8d6da590b32f66bd032217bac2e56bd2bf0de2a9df9c7117dd""]",,frozen_chain_global_order_finalization,True,True,49639488,49697011,49758339,,07f29aabd3c3474268167e88545513a6807ae1a6902fc7831a1ea11a03eec0ca,,replacement_candidate_selected,[],replacement,ca2-efd162261d7f42c2343b,cases/ca2-efd162261d7f42c2343b.json,80df4835f9932520b3011d5f6077c8c4cbf22b9d7d9a7da7fc6f46e045acb536,,,cases/ca2r-0a3059d0a1060001da97.json,e97ac155a484309c1e56a137384cf438b2989b05121f15d257a5530d3172c60c,historical_cases/ca2r-0a3059d0a1060001da97/ca2r-0a3059d0a1060001da97.json,7df23ffa3efa0d2208b85db8a7daf49a568c033b805e537c2b0f8e298e33f0f7,36,first_eligible_unique_from_frozen_chain_global_order,df91fb0c1cd127c834a94b41bd19add57e8a9b3b7b77821f3a4941d78f65eeb4,d3b80fe4ed7198fc900616b269408c1d0485ef8f000f46d37adb75be862a4a9c,49758338,0x1fe893e4d8370a8d6da590b32f66bd032217bac2e56bd2bf0de2a9df9c7117dd,ca2r-0a3059d0a1060001da97,ca2r-0a3059d0a1060001da97,historical_cases/ca2r-0a3059d0a1060001da97/ca2r-0a3059d0a1060001da97.json,7df23ffa3efa0d2208b85db8a7daf49a568c033b805e537c2b0f8e298e33f0f7
carolprotocol,defihacklabs,base,7246080,0x26fe408bbd7a490feb056da8e2d1e007938e5685,shanghai,ca2-e726d15fcadb675a6a84,2023-11-30,CAROLProtocol,Price Manipulation Via Reentrancy,src/test/2023-11/CAROLProtocol_exp.sol,base,https://github.com/SunWeb3Sec/DeFiHackLabs/blob/main/past/2023/README.md,frozen_public_source_hashed,1b5a1d9c3166c2b9d60fefc71f8e12d2c3d2f604b259d662e38310d39db6838b,9033a03fb8b67fb19794406d2629035a33362c3189cedc26dc77bdb8cb78c188,"[""https://x.com/MetaSec_xyz/status/1730496513359647167""]",[],~$53k,exact_contract_basename,True,True,,,2023-11-30,,,,blocked_missing_onchain_and_availability_evidence,"[""missing:deployment_block"", ""missing:prediction_cutoff_block"", ""missing:source_availability_time"", ""missing:runtime_bytecode_hash_at_cutoff"", ""missing:outcome_adjudication_id""]",retained,,cases/ca2-e726d15fcadb675a6a84.json,b75fbe6a56e7d65940352a6dff787265efe5be2cd67d68563eb8826e6897ea17,cases/ca2-e726d15fcadb675a6a84.json,16aea24064a231ee5786492c5accdcaa58c2f8be5549e0bd042a86aade9f65b8,,,,,,,,,,,,ca2-e726d15fcadb675a6a84,cases/ca2-e726d15fcadb675a6a84.json,16aea24064a231ee5786492c5accdcaa58c2f8be5549e0bd042a86aade9f65b8
ehx,defihacklabs,bsc,33503911,0xe1747a23c44f445062078e3c528c9f4c28c50a51,shanghai,ca2-14bd5d42e2f704e2cc65,2023-11-15,EHX,Lack of Slippage Control,src/test/2023-11/EHX_exp.sol,bsc,https://github.com/SunWeb3Sec/DeFiHackLabs/blob/main/past/2023/README.md,frozen_public_source_hashed,1b5a1d9c3166c2b9d60fefc71f8e12d2c3d2f604b259d662e38310d39db6838b,a18c1d9fe7bf05d142752c8e0f8f37630c645e3812628dd1b9fefbc27a7b7fbf,"[""https://x.com/MetaSec_xyz/status/1724691996638618086""]",[],Unclear,exact_contract_basename,True,True,,,2023-11-15,,,,blocked_missing_onchain_and_availability_evidence,"[""missing:deployment_block"", ""missing:prediction_cutoff_block"", ""missing:source_availability_time"", ""missing:runtime_bytecode_hash_at_cutoff"", ""missing:outcome_adjudication_id""]",retained,,cases/ca2-14bd5d42e2f704e2cc65.json,b980f03a0f50eae44134f12360f8104c3773fa8ab54414c1c18ec759d4b82569,cases/ca2-14bd5d42e2f704e2cc65.json,33bdca99e0e55d6d6151079b12ffe6b28fb332fe38d901b4c559ec158389337a,,,,,,,,,,,,ca2-14bd5d42e2f704e2cc65,cases/ca2-14bd5d42e2f704e2cc65.json,33bdca99e0e55d6d6151079b12ffe6b28fb332fe38d901b4c559ec158389337a
mahalend,defihacklabs,ethereum,18544604,0xfd11aba71c06061f446ade4eec057179f19c23c4,shanghai,ca2-af464f834697310f7d30,2023-11-11,MahaLend,Donate Inflation ExchangeRate & Rounding Error,src/test/2023-11/MahaLend_exp.sol,mainnet,https://github.com/SunWeb3Sec/DeFiHackLabs/blob/main/past/2023/README.md,frozen_public_source_hashed,1b5a1d9c3166c2b9d60fefc71f8e12d2c3d2f604b259d662e38310d39db6838b,06a6d113019acfeb5d11061532075f5f388fa6e5707881f5ed656071edc3ced3,"[""https://twitter.com/Phalcon_xyz/status/1723223766350832071""]",[],~$20 K,exact_contract_basename,True,True,,,2023-11-11,,,,blocked_missing_onchain_and_availability_evidence,"[""missing:deployment_block"", ""missing:prediction_cutoff_block"", ""missing:source_availability_time"", ""missing:runtime_bytecode_hash_at_cutoff"", ""missing:outcome_adjudication_id""]",retained,,cases/ca2-af464f834697310f7d30.json,00afd1b8889503fad13416ff081c9043cfbca7aa2d352ed12b65ebdfc1948810,cases/ca2-af464f834697310f7d30.json,60ddfab4b66eac5a183b84a5e6a4627a5ee0cf780ab1aa671dd5377ce300ae2c,,,,,,,,,,,,ca2-af464f834697310f7d30,cases/ca2-af464f834697310f7d30.json,60ddfab4b66eac5a183b84a5e6a4627a5ee0cf780ab1aa671dd5377ce300ae2c
swampfinance,defihacklabs,bsc,33112358,0x33adbf5f1ec364a4ea3a5ca8f310b597b8afdee3,shanghai,ca2-7cd2beaa007600ae46b4,2023-11-01,SwampFinance,Business Logic Flaw,src/test/2023-11/SwampFinance_exp.sol,bsc,https://github.com/SunWeb3Sec/DeFiHackLabs/blob/main/past/2023/README.md,frozen_public_source_hashed,1b5a1d9c3166c2b9d60fefc71f8e12d2c3d2f604b259d662e38310d39db6838b,eb471c333ebe8db5610ae95946d94aed50d9c24c5cffc4db6f38a5d78fde763c,"[""https://x.com/MetaSec_xyz/status/1720373044517208261""]",[],Unclear,exact_contract_basename,True,True,,,2023-11-01,,,,blocked_missing_onchain_and_availability_evidence,"[""missing:deployment_block"", ""missing:prediction_cutoff_block"", ""missing:source_availability_time"", ""missing:runtime_bytecode_hash_at_cutoff"", ""missing:outcome_adjudication_id""]",retained,,cases/ca2-7cd2beaa007600ae46b4.json,262119c4ffce67593fe6f724b2dfb056c65d691d4351c46fcfe09d763ed867f2,cases/ca2-7cd2beaa007600ae46b4.json,53fe4ffc2bdcdfe19fb71901f0250887d64225825248cc8cf8aab9f029337f8a,,,,,,,,,,,,ca2-7cd2beaa007600ae46b4,cases/ca2-7cd2beaa007600ae46b4.json,53fe4ffc2bdcdfe19fb71901f0250887d64225825248cc8cf8aab9f029337f8a
raft,defihacklabs,ethereum,18543485,0x9ab6b21cdf116f611110b048987e58894786c244,shanghai,ca2-c7586710b826b2f08a35,2023-11-10,Raft_fi,Donate Inflation ExchangeRate & Rounding Error,src/test/2023-11/Raft_exp.sol,mainnet,https://github.com/SunWeb3Sec/DeFiHackLabs/blob/main/past/2023/README.md,frozen_public_source_hashed,1b5a1d9c3166c2b9d60fefc71f8e12d2c3d2f604b259d662e38310d39db6838b,cd2bdd74e5aee1be8cba6a272c1b7db7894120764fc783c363fdac039aff50fe,"[""https://twitter.com/BlockSecTeam/status/1723229393529835972""]",[],~$3.2 M,exact_contract_basename,True,True,,,2023-11-10,,,,blocked_missing_onchain_and_availability_evidence,"[""missing:deployment_block"", ""missing:prediction_cutoff_block"", ""missing:source_availability_time"", ""missing:runtime_bytecode_hash_at_cutoff"", ""missing:outcome_adjudication_id""]",retained,,cases/ca2-c7586710b826b2f08a35.json,2f093ad174ca19da796657747a0496fc963a48aa7edf07b523641bc96b0fa3fe,cases/ca2-c7586710b826b2f08a35.json,f3aab2af62216c1c2c9124a3d4ea5d3f0ce3b4df4445f7daf4ba3eedc09e4c54,,,,,,,,,,,,ca2-c7586710b826b2f08a35,cases/ca2-c7586710b826b2f08a35.json,f3aab2af62216c1c2c9124a3d4ea5d3f0ce3b4df4445f7daf4ba3eedc09e4c54
rbalancer,defihacklabs,ethereum,18523440,0xa62f9c5af106feee069f38de51098d9d81b90572,shanghai,ca2-511b838cc3ae7420a912,2023-11-07,RBalancer,Business Logic Flaw,src/test/2023-11/RBalancer_exp.sol,mainnet,https://github.com/SunWeb3Sec/DeFiHackLabs/blob/main/past/2023/README.md,frozen_public_source_hashed,1b5a1d9c3166c2b9d60fefc71f8e12d2c3d2f604b259d662e38310d39db6838b,f98b66442523d7382a3a7b7768fa85a68ce5e95cf5aa81f7e5e42c6e811bd5f2,"[""https://x.com/AnciliaInc/status/1722121056083943909""]",[],~17 ETH,exact_contract_basename,True,True,,,2023-11-07,,,,blocked_missing_onchain_and_availability_evidence,"[""missing:deployment_block"", ""missing:prediction_cutoff_block"", ""missing:source_availability_time"", ""missing:runtime_bytecode_hash_at_cutoff"", ""missing:outcome_adjudication_id""]",retained,,cases/ca2-511b838cc3ae7420a912.json,3d9ddef032b9070aec7c099491887157a34b10f1b0021ae7b727585685e166da,cases/ca2-511b838cc3ae7420a912.json,9fcbb0841b727e6d489a67ea6078048c20be2b1aab37b6a772f76dd23e733cf1,,,,,,,,,,,,ca2-511b838cc3ae7420a912,cases/ca2-511b838cc3ae7420a912.json,9fcbb0841b727e6d489a67ea6078048c20be2b1aab37b6a772f76dd23e733cf1
shibatoken,defihacklabs,bsc,33528882,0x13b1f2e227ca6f8e08ac80368fd637f5084f10a5,shanghai,ca2-db4133161e8ad967d9de,2023-11-17,ShibaToken,Business Logic Flaw,src/test/2023-11/ShibaToken_exp.sol,bsc,https://github.com/SunWeb3Sec/DeFiHackLabs/blob/main/past/2023/README.md,frozen_public_source_hashed,1b5a1d9c3166c2b9d60fefc71f8e12d2c3d2f604b259d662e38310d39db6838b,b7cada09b59c506a4279b6085113710972cd4b2e987982fdf0cf8f66a2f23e9e,[],[],~$31K,exact_contract_basename,True,True,,,2023-11-17,,,,blocked_missing_onchain_and_availability_evidence,"[""missing:deployment_block"", ""missing:prediction_cutoff_block"", ""missing:source_availability_time"", ""missing:runtime_bytecode_hash_at_cutoff"", ""missing:outcome_adjudication_id""]",retained,,cases/ca2-db4133161e8ad967d9de.json,6ddea6e51e1c0ee845ca5e4fe79ab0777179e6874f3bf5e83c923148d114b201,cases/ca2-db4133161e8ad967d9de.json,4b5bf3a80d55884870e5246c781f5c4fe228e3c6c2416cab419e5f991332b37a,,,,,,,,,,,,ca2-db4133161e8ad967d9de,cases/ca2-db4133161e8ad967d9de.json,4b5bf3a80d55884870e5246c781f5c4fe228e3c6c2416cab419e5f991332b37a
weco,defihacklabs,bsc,33549937,0xd672b766d66662f5c6fd798a999e1193a7945451,shanghai,ca2-c8f07b57035de6f92dd6,2023-11-16,WECO,Business Logic Flaw,src/test/2023-11/WECO_exp.sol,bsc,https://github.com/SunWeb3Sec/DeFiHackLabs/blob/main/past/2023/README.md,frozen_public_source_hashed,1b5a1d9c3166c2b9d60fefc71f8e12d2c3d2f604b259d662e38310d39db6838b,14401dcdb399156770a4d9b4ffb98d2e2a6944a63b11fa8b97a631fe80020e24,"[""https://x.com/MetaSec_xyz/status/1725311048625041887""]",[],~$18K,exact_contract_basename,True,True,,,2023-11-16,,,,blocked_missing_onchain_and_availability_evidence,"[""missing:deployment_block"", ""missing:prediction_cutoff_block"", ""missing:source_availability_time"", ""missing:runtime_bytecode_hash_at_cutoff"", ""missing:outcome_adjudication_id""]",retained,,cases/ca2-c8f07b57035de6f92dd6.json,c6bfd2deddfe99e89cb74fa320fc1510c948678315847dfdf8a8ee1fac868d09,cases/ca2-c8f07b57035de6f92dd6.json,fbf2e1867c45a6489b493589b20b3be7d5e5040c597f4a9ae841b49b41ada504,,,,,,,,,,,,ca2-c8f07b57035de6f92dd6,cases/ca2-c8f07b57035de6f92dd6.json,fbf2e1867c45a6489b493589b20b3be7d5e5040c597f4a9ae841b49b41ada504
thenftv2,defihacklabs,ethereum,18647450,0x79a7d3559d73ea032120a69e59223d4375deb595,shanghai,ca2-ca903ea09549202fecb9,2023-11-25,TheNFTV2,logic flaw,src/test/2023-11/TheNFTV2_exp.sol,mainnet,https://github.com/SunWeb3Sec/DeFiHackLabs/blob/main/past/2023/README.md,frozen_public_source_hashed,1b5a1d9c3166c2b9d60fefc71f8e12d2c3d2f604b259d662e38310d39db6838b,19f81547a90b10e10774cc280d2fe983bd9e783d44d5a7e1c549a539e3c657de,"[""https://x.com/MetaTrustAlert/status/1728616715825848377""]",[],~$19K,exact_contract_basename,True,True,,,2023-11-25,,,,blocked_missing_onchain_and_availability_evidence,"[""missing:deployment_block"", ""missing:prediction_cutoff_block"", ""missing:source_availability_time"", ""missing:runtime_bytecode_hash_at_cutoff"", ""missing:outcome_adjudication_id""]",retained,,cases/ca2-ca903ea09549202fecb9.json,4435219fc2b26cb4cfd26f96de21569d166030533d73997ce1c1acf0edd78e5d,cases/ca2-ca903ea09549202fecb9.json,8c0be88302dc55d55bc881664e948b68ef44bec1af4a5f1d5b4398866eee63de,,,,,,,,,,,,ca2-ca903ea09549202fecb9,cases/ca2-ca903ea09549202fecb9.json,8c0be88302dc55d55bc881664e948b68ef44bec1af4a5f1d5b4398866eee63de
onyxprotocol,defihacklabs,ethereum,18476512,0x5fdbcd61bc9bd4b6d3fd1f49a5d253165ea11750,shanghai,ca2-252276d076fbf17cb546,2023-11-01,OnyxProtocol,Precission Loss Vulnerability,src/test/2023-11/OnyxProtocol_exp.sol,mainnet,https://github.com/SunWeb3Sec/DeFiHackLabs/blob/main/past/2023/README.md,frozen_public_source_hashed,1b5a1d9c3166c2b9d60fefc71f8e12d2c3d2f604b259d662e38310d39db6838b,7116148618bbe8823ac7a52bfaf220ce1b34c08acf031c7c8981600fbd92b5a2,"[""https://defimon.xyz/attack/mainnet/0xf7c21600452939a81b599017ee24ee0dfd92aaaccd0a55d02819a7658a6ef635"", ""https://twitter.com/DecurityHQ/status/1719657969925677161"", ""https://twitter.com/Phalcon_xyz/status/1719697319824851051""]",[],~$2M,exact_contract_basename,True,True,,,2023-11-01,,,,blocked_missing_onchain_and_availability_evidence,"[""missing:deployment_block"", ""missing:prediction_cutoff_block"", ""missing:source_availability_time"", ""missing:runtime_bytecode_hash_at_cutoff"", ""missing:outcome_adjudication_id""]",retained,,cases/ca2-252276d076fbf17cb546.json,58fd3e0e4277b06ec4ace5ea1f1ca88196fd60b5338149df816749c8e996dfab,cases/ca2-252276d076fbf17cb546.json,f88307a8c31f6bcd8edd4047e29ebc6874a973c5dcd8f8a1e859ffe8fa2489ab,,,,,,,,,,,,ca2-252276d076fbf17cb546,cases/ca2-252276d076fbf17cb546.json,f88307a8c31f6bcd8edd4047e29ebc6874a973c5dcd8f8a1e859ffe8fa2489ab
bct,defihacklabs,bsc,34204709,0x88b3eb62e363d9f153beab49c5c2ef2e785a375a,shanghai,ca2-6673e21002a8af6f4d12,2023-12-09,BCT,Price Manipulation,src/test/2023-12/BCT_exp.sol,bsc,https://github.com/SunWeb3Sec/DeFiHackLabs/blob/main/past/2023/README.md,frozen_public_source_hashed,1b5a1d9c3166c2b9d60fefc71f8e12d2c3d2f604b259d662e38310d39db6838b,d383d3e9c327db3e9d2a87f0fc215949e69191db48a244738eb1159f162ba6e7,"[""https://bscscan.com/tx/0xdae0b85e01670e6b6b317657a72fb560fc388664cf8bfdd9e1b0ae88e0679103""]","[""0xdae0b85e01670e6b6b317657a72fb560fc388664cf8bfdd9e1b0ae88e0679103""]",~10.2BNB,exact_contract_basename,True,True,,,2023-12-09,,,,blocked_missing_onchain_and_availability_evidence,"[""missing:deployment_block"", ""missing:prediction_cutoff_block"", ""missing:source_availability_time"", ""missing:runtime_bytecode_hash_at_cutoff"", ""missing:outcome_adjudication_id""]",retained,,cases/ca2-6673e21002a8af6f4d12.json,cadd4f04a8c44798c0deaec903dd3d7d5c3d098782f24d2af29628b2a6176814,cases/ca2-6673e21002a8af6f4d12.json,600b725f5725b3074eadf93d02a64c4ba40beae8ecedf8833eab2e9bba247c99,,,,,,,,,,,,ca2-6673e21002a8af6f4d12,cases/ca2-6673e21002a8af6f4d12.json,600b725f5725b3074eadf93d02a64c4ba40beae8ecedf8833eab2e9bba247c99
trustpad,defihacklabs,bsc,33260104,0xe613c058701c768e0d04d1bf8e6a6dc1a0c6d48a,shanghai,ca2-55d26359a2d08ac915c0,2023-11-06,TrustPad,Lack of msg.sender address verification,src/test/2023-11/TrustPad_exp.sol,bsc,https://github.com/SunWeb3Sec/DeFiHackLabs/blob/main/past/2023/README.md,frozen_public_source_hashed,1b5a1d9c3166c2b9d60fefc71f8e12d2c3d2f604b259d662e38310d39db6838b,4d6b4d45d86c9c069ff296c83604a785dfcc737cd3d9b51d7a8bc3506f41a170,"[""https://twitter.com/BeosinAlert/status/1721800306101793188""]",[],~$155K,exact_contract_basename,True,True,,,2023-11-06,,,,blocked_missing_onchain_and_availability_evidence,"[""missing:deployment_block"", ""missing:prediction_cutoff_block"", ""missing:source_availability_time"", ""missing:runtime_bytecode_hash_at_cutoff"", ""missing:outcome_adjudication_id""]",retained,,cases/ca2-55d26359a2d08ac915c0.json,41776bd5657710db708c6121e053285c7be78d981b168b17f9895976fe41a4ea,cases/ca2-55d26359a2d08ac915c0.json,bd079763db5823200e56bfc1061d6c8c77e5eb1cb24712848f86aa97fffc3a78,,,,,,,,,,,,ca2-55d26359a2d08ac915c0,cases/ca2-55d26359a2d08ac915c0.json,bd079763db5823200e56bfc1061d6c8c77e5eb1cb24712848f86aa97fffc3a78
grok,defihacklabs,ethereum,18538678,0x8390a1da07e376ef7add4be859ba74fb83aa02d5,shanghai,ca2-e095e5dbb9687595e5ee,2023-11-10,grok,Lack of slippage protection,src/test/2023-11/grok_exp.sol,mainnet,https://github.com/SunWeb3Sec/DeFiHackLabs/blob/main/past/2023/README.md,frozen_public_source_hashed,1b5a1d9c3166c2b9d60fefc71f8e12d2c3d2f604b259d662e38310d39db6838b,e6dfdd6d17f539627a862d0a82813a66ea958dab84e88a02b14a2b1ac525fd46,"[""https://twitter.com/Phalcon_xyz/status/1722841076120130020""]",[],~26 ETH,exact_contract_basename,True,True,,,2023-11-10,,,,blocked_missing_onchain_and_availability_evidence,"[""missing:deployment_block"", ""missing:prediction_cutoff_block"", ""missing:source_availability_time"", ""missing:runtime_bytecode_hash_at_cutoff"", ""missing:outcome_adjudication_id""]",retained,,cases/ca2-e095e5dbb9687595e5ee.json,d59543894b524b5b0fb18e8b078a6c10ea07f8f6f53d2f6207c7a1437f7795a5,cases/ca2-e095e5dbb9687595e5ee.json,d6b293f3cb09135b3aaf9a8c6b234e12e1a5d1663ec0caed013c088a0858abb5,,,,,,,,,,,,ca2-e095e5dbb9687595e5ee,cases/ca2-e095e5dbb9687595e5ee.json,d6b293f3cb09135b3aaf9a8c6b234e12e1a5d1663ec0caed013c088a0858abb5
goodcompound,defihacklabs,ethereum,18759540,0x3d9819210a31b4961b30ef54be2aed79b9c9cd3b,shanghai,ca2-40ac2c3e107d3d88709a,2023-12-11,GoodCompound,Price Manipulation,src/test/2023-12/GoodCompound_exp.sol,ethereum,https://github.com/SunWeb3Sec/DeFiHackLabs/blob/main/past/2023/README.md,frozen_public_source_hashed,1b5a1d9c3166c2b9d60fefc71f8e12d2c3d2f604b259d662e38310d39db6838b,7dc5d204b5cb5a34028972db2983f76e1a720919fabdf794e811acb9d09a6488,"[""https://getherscan.io/tx/0x1106418384414ed56cd7cbb9fedc66a02d39b663d580abc618f2d387348354ab""]","[""0x1106418384414ed56cd7cbb9fedc66a02d39b663d580abc618f2d387348354ab""]",~$13K (~250 COMP Token),exact_contract_basename,True,True,,,2023-12-11,,,,blocked_missing_onchain_and_availability_evidence,"[""missing:deployment_block"", ""missing:prediction_cutoff_block"", ""missing:source_availability_time"", ""missing:runtime_bytecode_hash_at_cutoff"", ""missing:outcome_adjudication_id""]",retained,,cases/ca2-40ac2c3e107d3d88709a.json,781eee5e20093a3ad7db7e7608fc6e3105bcbfdc33b8e57f96b032e156c0bc7b,cases/ca2-40ac2c3e107d3d88709a.json,372f92da102a8bd4a41f10bdf19fcc82dd8702f89a3710ac42a9c93f6fd847b9,,,,,,,,,,,,ca2-40ac2c3e107d3d88709a,cases/ca2-40ac2c3e107d3d88709a.json,372f92da102a8bd4a41f10bdf19fcc82dd8702f89a3710ac42a9c93f6fd847b9
bearndao,defihacklabs,bsc,34099688,0x21125d94cfe886e7179c8d2fe8c1ea8d57c73e0e,shanghai,ca2-56bcc5cdf2d34dd9c4fb,2023-12-05,BEARNDAO,Business Logic Flaw,src/test/2023-12/BEARNDAO_exp.sol,bsc,https://github.com/SunWeb3Sec/DeFiHackLabs/blob/main/past/2023/README.md,frozen_public_source_hashed,1b5a1d9c3166c2b9d60fefc71f8e12d2c3d2f604b259d662e38310d39db6838b,5dee561336da19644235b4f8c44cb6d54b8c7dde9d4fe0591286868da1ec2627,"[""https://twitter.com/AnciliaInc/status/1732159377749180646""]",[],~$769k,exact_contract_basename,True,True,,,2023-12-05,,,,blocked_missing_onchain_and_availability_evidence,"[""missing:deployment_block"", ""missing:prediction_cutoff_block"", ""missing:source_availability_time"", ""missing:runtime_bytecode_hash_at_cutoff"", ""missing:outcome_adjudication_id""]",retained,,cases/ca2-56bcc5cdf2d34dd9c4fb.json,632ea0928dcf40579f7d9b96535bb14907d1c17accd83a59330b4a873b9bcec6,cases/ca2-56bcc5cdf2d34dd9c4fb.json,70842a3a32f773f7f7470cd58f1c1a00470e40f454f9c5d7bb51f80f2b468686,,,,,,,,,,,,ca2-56bcc5cdf2d34dd9c4fb,cases/ca2-56bcc5cdf2d34dd9c4fb.json,70842a3a32f773f7f7470cd58f1c1a00470e40f454f9c5d7bb51f80f2b468686
hypr,defihacklabs,ethereum,18774584,0x40c31236b228935b0329eff066b1ad96e319595e,shanghai,ca2-f52d9b4393b86654cabd,2023-12-13,HYPR,Business Logic Flaw,src/test/2023-12/HYPR_exp.sol,mainnet,https://github.com/SunWeb3Sec/DeFiHackLabs/blob/main/past/2023/README.md,frozen_public_source_hashed,1b5a1d9c3166c2b9d60fefc71f8e12d2c3d2f604b259d662e38310d39db6838b,e3739679326c6468745c0daeac1cce1d40126fb342045cebba0b2f68c218a8c9,"[""https://twitter.com/BlockSecTeam/status/1735197818883588574""]",[],~$200k,exact_contract_basename,True,True,,,2023-12-13,,,,blocked_missing_onchain_and_availability_evidence,"[""missing:deployment_block"", ""missing:prediction_cutoff_block"", ""missing:source_availability_time"", ""missing:runtime_bytecode_hash_at_cutoff"", ""missing:outcome_adjudication_id""]",retained,,cases/ca2-f52d9b4393b86654cabd.json,56a461db165ced55ba8320f81fc8ecd8435420c16d8b21b9c4928f6d08efc2bd,cases/ca2-f52d9b4393b86654cabd.json,31faac47ec4cb6d5f40517b22d210cca1c3a02fbf38e4051627da20eb871337e,,,,,,,,,,,,ca2-f52d9b4393b86654cabd,cases/ca2-f52d9b4393b86654cabd.json,31faac47ec4cb6d5f40517b22d210cca1c3a02fbf38e4051627da20eb871337e
floorprotocol,defihacklabs,ethereum,18802287,0x49ad262c49c7aa708cc2df262ed53b64a17dd5ee,shanghai,ca2-a03b0bc9fabb86e707cb,2023-12-17,FloorProtocol,Business Logic Flaw,src/test/2023-12/FloorProtocol_exp.sol,mainnet,https://github.com/SunWeb3Sec/DeFiHackLabs/blob/main/past/2023/README.md,frozen_public_source_hashed,1b5a1d9c3166c2b9d60fefc71f8e12d2c3d2f604b259d662e38310d39db6838b,d552f58095a5c1b67278afdd5a9f1346ae00d63ce1b4de551a6e1b351e2523ad,"[""https://defimon.xyz/exploit/mainnet/0x7e5433f02f4bf07c4f2a2d341c450e07d7531428"", ""https://protos.com/floor-protocol-exploited-bored-apes-and-pudgy-penguins-gone/"", ""https://twitter.com/0xfoobar/status/1736190355257627064""]",[],"~$1,6M",exact_contract_basename,True,True,,,2023-12-17,,,,blocked_missing_onchain_and_availability_evidence,"[""missing:deployment_block"", ""missing:prediction_cutoff_block"", ""missing:source_availability_time"", ""missing:runtime_bytecode_hash_at_cutoff"", ""missing:outcome_adjudication_id""]",retained,,cases/ca2-a03b0bc9fabb86e707cb.json,0004a922b8ab0dee32229dfb1305763d4ddfdaf2ea736c6458e53f8ee5d1c171,cases/ca2-a03b0bc9fabb86e707cb.json,02977b2d1f87736d078b481a152bc3a82afafe116dacde3fc5051d9e34127133,,,,,,,,,,,,ca2-a03b0bc9fabb86e707cb,cases/ca2-a03b0bc9fabb86e707cb.json,02977b2d1f87736d078b481a152bc3a82afafe116dacde3fc5051d9e34127133
Dumbo,defihacklabs-temporal-replacement-finalization,bsc,50277887,0x495670e5a43ce393597952b2fe944036e6785baf,,ca2-5015a9e901810cc6c613,2025-05-25,Dumbo,replacement_candidate,,bsc,,replacement_candidate_historical_snapshot_verified,78200b895bfeb154f8d66078af3d27efc22120c47e7fb323337bc28c77cb6130,d50e00f601c4846b87215c7f6a1ebafb8afeacf98b5a1c92dedbe99a10ad2f5c,[],"[""0xbfd59a18d4500649c6a15e578fdd0a05fdef5b932f3e3d51b8e2a5640cd4fb6c""]",,frozen_chain_global_order_finalization,True,True,14530570,14559327,50277888,,02dcd29deec2da369b0c5d9aeb7614cf40877998f2e301957ef5ad44856f3315,,replacement_candidate_selected,[],replacement,ca2-8cfe2ca57c523f31600e,cases/ca2-8cfe2ca57c523f31600e.json,9548182da9f7c44675d6018f415ab05db37f3929b9f5d8a54a47efc866cdacc6,,,cases/ca2r-e9f556db91d7398a8565.json,1dd8dc09f085d3aa58b393d389ccd6ebdfaaafd0e2705d1070534d533189af92,historical_cases/ca2r-e9f556db91d7398a8565/ca2r-e9f556db91d7398a8565.json,a898a1f14bad4845c904667119a3dea2d00387065354b44270f319b602ab9d82,22,first_eligible_unique_from_frozen_chain_global_order,78200b895bfeb154f8d66078af3d27efc22120c47e7fb323337bc28c77cb6130,d3b80fe4ed7198fc900616b269408c1d0485ef8f000f46d37adb75be862a4a9c,50277887,0xbfd59a18d4500649c6a15e578fdd0a05fdef5b932f3e3d51b8e2a5640cd4fb6c,ca2r-e9f556db91d7398a8565,ca2r-e9f556db91d7398a8565,historical_cases/ca2r-e9f556db91d7398a8565/ca2r-e9f556db91d7398a8565.json,a898a1f14bad4845c904667119a3dea2d00387065354b44270f319b602ab9d82
mamo,defihacklabs,bsc,34083188,0x5813d7818c9d8f29a9a96b00031ef576e892def4,shanghai,ca2-6bc7737cc67404ed8f62,2023-12-05,MAMO,Price Manipulation,src/test/2023-12/MAMO_exp.sol,bsc,https://github.com/SunWeb3Sec/DeFiHackLabs/blob/main/past/2023/README.md,frozen_public_source_hashed,1b5a1d9c3166c2b9d60fefc71f8e12d2c3d2f604b259d662e38310d39db6838b,b179fe0d475faa52efde723526c07cfa6d03e48171fb2fddb5afc889107b6a26,"[""https://bscscan.com/tx/0x189a8dc1e0fea34fd7f5fa78c6e9bdf099a8d575ff5c557fa30d90c6acd0b29f""]","[""0x189a8dc1e0fea34fd7f5fa78c6e9bdf099a8d575ff5c557fa30d90c6acd0b29f""]",~$3.3K,exact_contract_basename,True,True,,,2023-12-05,,,,blocked_missing_onchain_and_availability_evidence,"[""missing:deployment_block"", ""missing:prediction_cutoff_block"", ""missing:source_availability_time"", ""missing:runtime_bytecode_hash_at_cutoff"", ""missing:outcome_adjudication_id""]",retained,,cases/ca2-6bc7737cc67404ed8f62.json,9e3adace49fafcb9562ab6a31e01de1f15733f03199a81f5da4111efaee5bfc9,cases/ca2-6bc7737cc67404ed8f62.json,1eae0f0939080a85aad549f283951bdcad52ed69ea4d041870a6c4a56925f7f3,,,,,,,,,,,,ca2-6bc7737cc67404ed8f62,cases/ca2-6bc7737cc67404ed8f62.json,1eae0f0939080a85aad549f283951bdcad52ed69ea4d041870a6c4a56925f7f3
gooddollar,defihacklabs,ethereum,18802014,0x0c6c80d2061afa35e160f3799411d83bdeea0a5a,shanghai,ca2-77cd38b96a68c54afe71,2023-12-16,GoodDollar,Lack of Input Validation & Reentrancy,src/test/2023-12/GoodDollar_exp.sol,mainnet,https://github.com/SunWeb3Sec/DeFiHackLabs/blob/main/past/2023/README.md,frozen_public_source_hashed,1b5a1d9c3166c2b9d60fefc71f8e12d2c3d2f604b259d662e38310d39db6838b,6a95eea8103582c2f5632f1537abceaed8eff172c0887c3cc15a60354a1fd7d3,"[""https://twitter.com/MetaSec_xyz/status/1736428284756607386""]",[],~$2M,exact_contract_basename,True,True,,,2023-12-16,,,,blocked_missing_onchain_and_availability_evidence,"[""missing:deployment_block"", ""missing:prediction_cutoff_block"", ""missing:source_availability_time"", ""missing:runtime_bytecode_hash_at_cutoff"", ""missing:outcome_adjudication_id""]",retained,,cases/ca2-77cd38b96a68c54afe71.json,631bb858c98495fa9cea05e35ecf659a5e2f19f889d3409967f76b42548aa134,cases/ca2-77cd38b96a68c54afe71.json,127f64693d113e9ab92194c9905e4c358b9806a0f70a93e7d6eecd4cffeb3104,,,,,,,,,,,,ca2-77cd38b96a68c54afe71,cases/ca2-77cd38b96a68c54afe71.json,127f64693d113e9ab92194c9905e4c358b9806a0f70a93e7d6eecd4cffeb3104
kest,defihacklabs,bsc,34402343,0x7dda132dd57b773a94e27c5caa97834a73510429,shanghai,ca2-1769b603523b156d5e27,2023-12-16,KEST,Business Logic Flaw,src/test/2023-12/KEST_exp.sol,bsc,https://github.com/SunWeb3Sec/DeFiHackLabs/blob/main/past/2023/README.md,frozen_public_source_hashed,1b5a1d9c3166c2b9d60fefc71f8e12d2c3d2f604b259d662e38310d39db6838b,99d06bdb5b484c933c76644cf093265b2be4def011b3434388bdd1481f20e471,"[""https://x.com/MetaSec_xyz/status/1736077719849623718""]",[],~$2.3K,exact_contract_basename,True,True,,,2023-12-16,,,,blocked_missing_onchain_and_availability_evidence,"[""missing:deployment_block"", ""missing:prediction_cutoff_block"", ""missing:source_availability_time"", ""missing:runtime_bytecode_hash_at_cutoff"", ""missing:outcome_adjudication_id""]",retained,,cases/ca2-1769b603523b156d5e27.json,eb7c9e1817b30c33ec8fd1be7f3fc8f2246b7644a12597c6074c0701a0385f23,cases/ca2-1769b603523b156d5e27.json,db97f7b7b811408832994db17fb0827cd01360c43f9366a7351dcf714be7a11f,,,,,,,,,,,,ca2-1769b603523b156d5e27,cases/ca2-1769b603523b156d5e27.json,db97f7b7b811408832994db17fb0827cd01360c43f9366a7351dcf714be7a11f
nfttrader,defihacklabs,ethereum,18799414,0xc310e760778ecbca4c65b6c559874757a4c4ece0,shanghai,ca2-a9052dd43a76ce42a994,2023-12-16,NFTTrader,Reentrancy,src/test/2023-12/NFTTrader_exp.sol,mainnet,https://github.com/SunWeb3Sec/DeFiHackLabs/blob/main/past/2023/README.md,frozen_public_source_hashed,1b5a1d9c3166c2b9d60fefc71f8e12d2c3d2f604b259d662e38310d39db6838b,55ef990ada51be5cab3dba4ee4608c297453af35b523388f7a3290b3bc02400f,"[""https://twitter.com/0xArhat/status/1736038250190651467"", ""https://twitter.com/AnciliaInc/status/1736263884217139333"", ""https://twitter.com/SlowMist_Team/status/1736005523550646535""]",[],~$3M,exact_contract_basename,True,True,,,2023-12-16,,,,blocked_missing_onchain_and_availability_evidence,"[""missing:deployment_block"", ""missing:prediction_cutoff_block"", ""missing:source_availability_time"", ""missing:runtime_bytecode_hash_at_cutoff"", ""missing:outcome_adjudication_id""]",retained,,cases/ca2-a9052dd43a76ce42a994.json,73f18d3148157f4b32c218717ca6d4a9c6ef5ff65ef63edb4da283ad9fd0257c,cases/ca2-a9052dd43a76ce42a994.json,6fcd44e04afcbde688af56ce1dd8c71a310b9508d0a0e001dd4bda606d54c3d6,,,,,,,,,,,,ca2-a9052dd43a76ce42a994,cases/ca2-a9052dd43a76ce42a994.json,6fcd44e04afcbde688af56ce1dd8c71a310b9508d0a0e001dd4bda606d54c3d6
pineprotocol,defihacklabs,ethereum,18835344,0x2405913d54fc46eeaf3fb092bfb099f46803872f,shanghai,ca2-9653ab400e10fa0c044d,2023-12-22,PineProtocol,Business Logic Flaw,src/test/2023-12/PineProtocol_exp.sol,mainnet,https://github.com/SunWeb3Sec/DeFiHackLabs/blob/main/past/2023/README.md,frozen_public_source_hashed,1b5a1d9c3166c2b9d60fefc71f8e12d2c3d2f604b259d662e38310d39db6838b,88724faa3deeba2c694b22a6f2b8f554d6a452e55f7d5866e7fb67bbe517c669,"[""https://medium.com/neptune-mutual/analysis-of-the-pine-protocol-exploit-e09dbcb80ca0"", ""https://twitter.com/MistTrack_io/status/1738131780459430338""]",[],~90k,exact_contract_basename,True,True,,,2023-12-22,,,,blocked_missing_onchain_and_availability_evidence,"[""missing:deployment_block"", ""missing:prediction_cutoff_block"", ""missing:source_availability_time"", ""missing:runtime_bytecode_hash_at_cutoff"", ""missing:outcome_adjudication_id""]",retained,,cases/ca2-9653ab400e10fa0c044d.json,72b5e078f81d3aece9ca7b477479e2d12f56b80f446e4972e4a2027c664aa765,cases/ca2-9653ab400e10fa0c044d.json,137b90d9af9b1068d522c09f68ab3a1a6a52b3da35fbd1c9c48e55b00a919ef4,,,,,,,,,,,,ca2-9653ab400e10fa0c044d,cases/ca2-9653ab400e10fa0c044d.json,137b90d9af9b1068d522c09f68ab3a1a6a52b3da35fbd1c9c48e55b00a919ef4
cfc,defihacklabs,bsc,29116478,0xdd9b223aec6ea56567a62f21ff89585ff125632c,shanghai,ca2-d08064284319f9724001,2023-06-15,CFC,Uniswap Skim() token balance attack,src/test/2023-06/CFC_exp.sol,bsc,https://github.com/SunWeb3Sec/DeFiHackLabs/blob/main/past/2023/README.md,frozen_public_source_hashed,1b5a1d9c3166c2b9d60fefc71f8e12d2c3d2f604b259d662e38310d39db6838b,77b3284608b7251b4ae0b068d00f1561974249a2e86071fcc807e3196eb56a83,"[""https://twitter.com/hexagate_/status/1669280632738906113""]",[],~$16k,exact_contract_basename,True,True,,,2023-06-15,,,,blocked_missing_onchain_and_availability_evidence,"[""missing:deployment_block"", ""missing:prediction_cutoff_block"", ""missing:source_availability_time"", ""missing:runtime_bytecode_hash_at_cutoff"", ""missing:outcome_adjudication_id""]",retained,,cases/ca2-d08064284319f9724001.json,d2e071abbf089a2b0cf4e356feb57c545df2ac264dfe65d37388e78ec17d2899,cases/ca2-d08064284319f9724001.json,07f5961164fc3ce2b3c2399e00e57dce55557995cbfc30f1ad6fb6af89f053eb,,,,,,,,,,,,ca2-d08064284319f9724001,cases/ca2-d08064284319f9724001.json,07f5961164fc3ce2b3c2399e00e57dce55557995cbfc30f1ad6fb6af89f053eb
Transit Swap,defihacklabs-temporal-replacement-finalization,bsc,21816545,0x8785bb8deae13783b24d7afe250d42ea7d7e9d72,,ca2-4565d5902877fc12ffa7,2022-10-02,Transit Swap,replacement_candidate,,bsc,,replacement_candidate_historical_snapshot_verified,bc6fbd0441dfaa80bb4703e1428fc54109b9dc8de10a3e8d9af0331bdd48b99d,33ad78d5bad6647574d39bb003e2f7c39f2601766a735a5184d2c6fdc7a1154a,[],"[""0x181a7882aac0eab1036eedba25bc95a16e10f61b5df2e99d240a16c334b9b189""]",,frozen_chain_global_order_finalization,True,True,11986204,12014636,21816546,,992159ec60bbaacd797ed967cf19947c190d56b8214134d6d3fc3da66785ba97,,replacement_candidate_selected,[],replacement,ca2-998d669aa57d9c873e3e,cases/ca2-998d669aa57d9c873e3e.json,2cc72120a1b70f74acd0c3a07c372955569189763018c2bf6e6413fef801edde,,,cases/ca2r-7b25633e7957bf6c7f6d.json,08c3a9d501b9074e5a932da315ece75bf0faf2a8f4cebce1cf73362cd4f732be,historical_cases/ca2r-7b25633e7957bf6c7f6d/ca2r-7b25633e7957bf6c7f6d.json,f621039a0974bf458dbdb52d057d5b736425622c91e19888e6e90843db16cc25,25,first_eligible_unique_from_frozen_chain_global_order,bc6fbd0441dfaa80bb4703e1428fc54109b9dc8de10a3e8d9af0331bdd48b99d,e7668ddd37e305db9052d4f208bb3b87d1e75956950739d5e9f1fd66f4c26267,21816545,0x181a7882aac0eab1036eedba25bc95a16e10f61b5df2e99d240a16c334b9b189,ca2r-7b25633e7957bf6c7f6d,ca2r-7b25633e7957bf6c7f6d,historical_cases/ca2r-7b25633e7957bf6c7f6d/ca2r-7b25633e7957bf6c7f6d.json,f621039a0974bf458dbdb52d057d5b736425622c91e19888e6e90843db16cc25
paraspace,defihacklabs,ethereum,16845558,0x638a98bbb92a7582d07c52ff407d49664dc8b3ee,shanghai,ca2-a86a6b86d343ba9e3bdb,2023-03-17,ParaSpace NFT,Flashloan + scaledBalanceOf Manipulation,src/test/2023-03/Paraspace_exp_2.sol,mainnet,https://github.com/SunWeb3Sec/DeFiHackLabs/blob/main/past/2023/README.md,frozen_public_source_hashed,1b5a1d9c3166c2b9d60fefc71f8e12d2c3d2f604b259d662e38310d39db6838b,f76325e990b992d20458c0d86b7fa77bba088347856fc8cd9d4bb12e33b3dfc0,"[""https://twitter.com/BlockSecTeam/status/1636650252844294144""]",[],,exact_contract_basename,True,True,,,2023-03-17,,,,blocked_missing_onchain_and_availability_evidence,"[""missing:deployment_block"", ""missing:prediction_cutoff_block"", ""missing:source_availability_time"", ""missing:runtime_bytecode_hash_at_cutoff"", ""missing:outcome_adjudication_id""]",retained,,cases/ca2-a86a6b86d343ba9e3bdb.json,82d9aee7f4b79827672aa2cf0fabbd4e8cbb555d779fb9dfc955f619ad7802a2,cases/ca2-a86a6b86d343ba9e3bdb.json,a44a3abb7029519f67c2d686df47e6543f5b26f9e5285edd05b704d8f9246493,,,,,,,,,,,,ca2-a86a6b86d343ba9e3bdb,cases/ca2-a86a6b86d343ba9e3bdb.json,a44a3abb7029519f67c2d686df47e6543f5b26f9e5285edd05b704d8f9246493
allbridge_2,defihacklabs,bsc,26982067,0x179aad597399b9ae078acfe2b746c09117799ca0,shanghai,ca2-3ef6014a26a0b205a68e,2023-04-02,Allbridge,FlashLoan price manipulation,src/test/2023-04/Allbridge_exp.sol,bsc,https://github.com/SunWeb3Sec/DeFiHackLabs/blob/main/past/2023/README.md,frozen_public_source_hashed,1b5a1d9c3166c2b9d60fefc71f8e12d2c3d2f604b259d662e38310d39db6838b,9e6ba73f3f619cf65fc515389a80b649a51aa891855bd02aaed3938aad6973b1,"[""https://twitter.com/BeosinAlert/status/1642372700726505473"", ""https://twitter.com/peckshield/status/1642356701100916736""]",[],$550k,normalized_title_fallback,True,True,,,2023-04-02,,,,blocked_missing_onchain_and_availability_evidence,"[""missing:deployment_block"", ""missing:prediction_cutoff_block"", ""missing:source_availability_time"", ""missing:runtime_bytecode_hash_at_cutoff"", ""missing:outcome_adjudication_id""]",retained,,cases/ca2-3ef6014a26a0b205a68e.json,026342b160839e9cc501e235e9612cfa5c35d437191276e2dc0ef227a50373e1,cases/ca2-3ef6014a26a0b205a68e.json,e560b10130738b5851616f26f3a9fc81febd165b26a04f128f80ffe7a76ecb58,,,,,,,,,,,,ca2-3ef6014a26a0b205a68e,cases/ca2-3ef6014a26a0b205a68e.json,e560b10130738b5851616f26f3a9fc81febd165b26a04f128f80ffe7a76ecb58
lusd,defihacklabs,bsc,29756866,0xdec12a1dcbc1f741ccd02dfd862ab226f6383003,shanghai,ca2-eafba3ad227d4a51d107,2023-07-07,LUSD,Price manipulation attack,src/test/2023-07/LUSD_exp.sol,bsc,https://github.com/SunWeb3Sec/DeFiHackLabs/blob/main/past/2023/README.md,frozen_public_source_hashed,1b5a1d9c3166c2b9d60fefc71f8e12d2c3d2f604b259d662e38310d39db6838b,548fa2554a015e3e4ac4533680e800fbfed217cea5fb939376b2e620239adfc3,"[""https://twitter.com/AnciliaInc/status/1677391242878140417""]",[],~9464USDT,exact_contract_basename,True,True,,,2023-07-07,,,,blocked_missing_onchain_and_availability_evidence,"[""missing:deployment_block"", ""missing:prediction_cutoff_block"", ""missing:source_availability_time"", ""missing:runtime_bytecode_hash_at_cutoff"", ""missing:outcome_adjudication_id""]",retained,,cases/ca2-eafba3ad227d4a51d107.json,a3c47b208f768398132a026b566beeb10b428a50a67e3deb97b5b4b86da8c216,cases/ca2-eafba3ad227d4a51d107.json,e87d122a5470c09b1ed50d60cd59572bb7d1bc1297c23b2e35b2206708844ae0,,,,,,,,,,,,ca2-eafba3ad227d4a51d107,cases/ca2-eafba3ad227d4a51d107.json,e87d122a5470c09b1ed50d60cd59572bb7d1bc1297c23b2e35b2206708844ae0
FlyLong,defihacklabs-temporal-replacement-finalization,bsc,48768031,0x9ca66a67dc3d77beb59dc11caf96677843797c08,,ca2-30b42ce7f2f4b08cf742,2025-04-29,FlyLong,replacement_candidate,,bsc,,replacement_candidate_historical_snapshot_verified,bf64b60be62ae0444ecb6d417b53cd00af486ea73d63482811c1e88682dc0387,3ba6690176f6f20e8ce7b13d129e5afca76bc492e6f7ae70543a990c44a445c9,[],"[""0x45f6a7df540933b3d2b1a275fcbfc146bbd48934ffb6635c4839d8590a9efc88""]",,frozen_chain_global_order_finalization,True,True,33895538,33924248,48768032,,5a0220cb5b3f8029c61543962ec6a92bd5d0e712cec83c1292d552bdd4b86eb0,,replacement_candidate_selected,[],replacement,ca2-0b66d50e994cba1798e2,cases/ca2-0b66d50e994cba1798e2.json,fe3964339f37c726ffa96229c709a3e4238935f5a6c15d8d172c5e304c0d0b49,,,cases/ca2r-26dba834d99618c7908c.json,d2b61c3f5d8027dc115a9ddb15d61432df47768f66e0a437e5711a8b59ceee7c,historical_cases/ca2r-26dba834d99618c7908c/ca2r-26dba834d99618c7908c.json,d591571701c645571947d8ca3b236f79945fcef073f0582d16171dd0374a09d6,4,first_eligible_unique_from_frozen_chain_global_order,bf64b60be62ae0444ecb6d417b53cd00af486ea73d63482811c1e88682dc0387,d3b80fe4ed7198fc900616b269408c1d0485ef8f000f46d37adb75be862a4a9c,48768031,0x45f6a7df540933b3d2b1a275fcbfc146bbd48934ffb6635c4839d8590a9efc88,ca2r-26dba834d99618c7908c,ca2r-26dba834d99618c7908c,historical_cases/ca2r-26dba834d99618c7908c/ca2r-26dba834d99618c7908c.json,d591571701c645571947d8ca3b236f79945fcef073f0582d16171dd0374a09d6
xsdwethpool,defihacklabs,bsc,32086900,0xfadda925e10d07430f5d7461689fd90d3d81bb48,shanghai,ca2-4cd0e024b3073b041691,2023-09-26,XSDWETHpool,Reentrancy,src/test/2023-09/XSDWETHpool_exp.sol,bsc,https://github.com/SunWeb3Sec/DeFiHackLabs/blob/main/past/2023/README.md,frozen_public_source_hashed,1b5a1d9c3166c2b9d60fefc71f8e12d2c3d2f604b259d662e38310d39db6838b,5171a72c631a0930c60cf394ca3b8b53732efe7023d737f87503743b37eb8dc8,"[""https://twitter.com/CertiKAlert/status/1706765042916450781""]",[],~$56.9BNB,exact_contract_basename,True,True,,,2023-09-26,,,,blocked_missing_onchain_and_availability_evidence,"[""missing:deployment_block"", ""missing:prediction_cutoff_block"", ""missing:source_availability_time"", ""missing:runtime_bytecode_hash_at_cutoff"", ""missing:outcome_adjudication_id""]",retained,,cases/ca2-4cd0e024b3073b041691.json,236f91eb02460eb799b19a4f52319f30f5c8e1f77bcf3a73bc7734d33f47a397,cases/ca2-4cd0e024b3073b041691.json,46941ef5379c8edd827f8cc1dda04fe9b0ef909a46dab7ffd3990e28849a01d1,,,,,,,,,,,,ca2-4cd0e024b3073b041691,cases/ca2-4cd0e024b3073b041691.json,46941ef5379c8edd827f8cc1dda04fe9b0ef909a46dab7ffd3990e28849a01d1
laeeb,defihacklabs,bsc,33053187,0xa2b8a15a07385ea933088c6bcbb38b84c1051a58,shanghai,ca2-99439e8d086734a4e7a2,2023-10-30,LaEeb,Lack Slippage Protection,src/test/2023-10/LaEeb_exp.sol,bsc,https://github.com/SunWeb3Sec/DeFiHackLabs/blob/main/past/2023/README.md,frozen_public_source_hashed,1b5a1d9c3166c2b9d60fefc71f8e12d2c3d2f604b259d662e38310d39db6838b,5d8182089bda62f6d5bf44380c6d651479cecf5301f21a488a6128e18fef824e,"[""https://x.com/MetaSec_xyz/status/1718964562165420076""]",[],~1.8 WBNB,exact_contract_basename,True,True,,,2023-10-30,,,,blocked_missing_onchain_and_availability_evidence,"[""missing:deployment_block"", ""missing:prediction_cutoff_block"", ""missing:source_availability_time"", ""missing:runtime_bytecode_hash_at_cutoff"", ""missing:outcome_adjudication_id""]",retained,,cases/ca2-99439e8d086734a4e7a2.json,37068c9912426b5489c0fc7ba111fedf24228bf7d2c6ac7b8b2ef2c76103cf00,cases/ca2-99439e8d086734a4e7a2.json,caf965c5eee0b61af874ed3a3ee3a58a5b79500980b10777c062ccb12e4104a3,,,,,,,,,,,,ca2-99439e8d086734a4e7a2,cases/ca2-99439e8d086734a4e7a2.json,caf965c5eee0b61af874ed3a3ee3a58a5b79500980b10777c062ccb12e4104a3
ais,defihacklabs,bsc,33916687,0x6844ef18012a383c14e9a76a93602616ee9d6132,shanghai,ca2-c5f49d371d24304e62b2,2023-11-29,AIS,Insufficient validation,src/test/2023-11/AIS_exp.sol,bsc,https://github.com/SunWeb3Sec/DeFiHackLabs/blob/main/past/2023/README.md,frozen_public_source_hashed,1b5a1d9c3166c2b9d60fefc71f8e12d2c3d2f604b259d662e38310d39db6838b,201fb0e192b801dcf1d6a5bd5cb66779a4a53d0312239f571733153ff40c12c6,"[""https://twitter.com/Phalcon_xyz/status/1729861048004391306""]",[],~$61k,exact_contract_basename,True,True,,,2023-11-29,,,,blocked_missing_onchain_and_availability_evidence,"[""missing:deployment_block"", ""missing:prediction_cutoff_block"", ""missing:source_availability_time"", ""missing:runtime_bytecode_hash_at_cutoff"", ""missing:outcome_adjudication_id""]",retained,,cases/ca2-c5f49d371d24304e62b2.json,0168e01365c852f1297d6e0f76e4055f62b20524d237faec6f84f206ccb311f4,cases/ca2-c5f49d371d24304e62b2.json,53b33d02099e56014a255d3b775c72661964ae1e5f77ec4dcbb2ec71cc98d8ff,,,,,,,,,,,,ca2-c5f49d371d24304e62b2,cases/ca2-c5f49d371d24304e62b2.json,53b33d02099e56014a255d3b775c72661964ae1e5f77ec4dcbb2ec71cc98d8ff
hct,defihacklabs,bsc,31528197,0x0fdfcfc398ccc90124a0a41d920d6e2d0bd8ccf5,shanghai,ca2-573d346bb7ac970e759a,2023-09-07,HCT,Price Manipulation,src/test/2023-09/HCT_exp.sol,bsc,https://github.com/SunWeb3Sec/DeFiHackLabs/blob/main/past/2023/README.md,frozen_public_source_hashed,1b5a1d9c3166c2b9d60fefc71f8e12d2c3d2f604b259d662e38310d39db6838b,9f533b702a0b779e816436d168cac8002a4e871939e3c2589b2e6b0e106533dc,"[""https://twitter.com/leovctech/status/1699775506785198499""]",[],~$30.5BNB,exact_contract_basename,True,True,,,2023-09-07,,,,blocked_missing_onchain_and_availability_evidence,"[""missing:deployment_block"", ""missing:prediction_cutoff_block"", ""missing:source_availability_time"", ""missing:runtime_bytecode_hash_at_cutoff"", ""missing:outcome_adjudication_id""]",retained,,cases/ca2-573d346bb7ac970e759a.json,afad6ac02b6760d502f554cbe033d82a90a810aa33b07c0b63ec447fe7fc72cc,cases/ca2-573d346bb7ac970e759a.json,3b9e3834aca23dbe9c8c044dd8e8679cd04f76ba2be26681037126385555f1f0,,,,,,,,,,,,ca2-573d346bb7ac970e759a,cases/ca2-573d346bb7ac970e759a.json,3b9e3834aca23dbe9c8c044dd8e8679cd04f76ba2be26681037126385555f1f0
lqdx_alert,defihacklabs,ethereum,19165893,0x364f17a23ae4350319b7491224d10df5796190bc,shanghai,ca2-dcbeec1a974442a079de,2024-01-10,LQDX,Unauthorized TransferFrom,src/test/2024-01/LQDX_alert_exp.sol,mainnet,https://github.com/SunWeb3Sec/DeFiHackLabs/blob/main/past/2024/README.md,frozen_public_source_hashed,db3b13fa1cbf75bffec4662240ebd762c5af6c92d2608b9aecde80a8d7802b08,d30061a939fbd172dd528982a413b74d964553eaf8a2aa841dbf758a368fee8e,"[""https://twitter.com/SlowMist_Team/status/1744972012865671452""]",[],unknown,exact_contract_basename,True,True,,,2024-01-10,,,,blocked_missing_onchain_and_availability_evidence,"[""missing:deployment_block"", ""missing:prediction_cutoff_block"", ""missing:source_availability_time"", ""missing:runtime_bytecode_hash_at_cutoff"", ""missing:outcome_adjudication_id""]",retained,,cases/ca2-dcbeec1a974442a079de.json,7a074a0ad4a710e0a823aee5c6d0d26801287a47d8c21b4cc3aa599956146494,cases/ca2-dcbeec1a974442a079de.json,b94ef3728be1b72b80e935da4f2e96adce8713b62de631ed029edbf5c024975f,,,,,,,,,,,,ca2-dcbeec1a974442a079de,cases/ca2-dcbeec1a974442a079de.json,b94ef3728be1b72b80e935da4f2e96adce8713b62de631ed029edbf5c024975f
bmizapper,defihacklabs,ethereum,19029289,0x4622aff8e521a444c9301da0efd05f6b482221b8,shanghai,ca2-5a019aa2bc528c73de90,2024-01-17,BmiZapper,Arbitrary external call vulnerability,src/test/2024-01/Bmizapper_exp.sol,mainnet,https://github.com/SunWeb3Sec/DeFiHackLabs/blob/main/past/2024/README.md,frozen_public_source_hashed,db3b13fa1cbf75bffec4662240ebd762c5af6c92d2608b9aecde80a8d7802b08,3639359f34a51931ad664ca625decddd72117909a07861077bb648ff94277c3c,"[""https://x.com/0xmstore/status/1747756898172952725""]",[],~114K,exact_contract_basename,True,True,,,2024-01-17,,,,blocked_missing_onchain_and_availability_evidence,"[""missing:deployment_block"", ""missing:prediction_cutoff_block"", ""missing:source_availability_time"", ""missing:runtime_bytecode_hash_at_cutoff"", ""missing:outcome_adjudication_id""]",retained,,cases/ca2-5a019aa2bc528c73de90.json,405198703e62f1582155611c3496d3fbbad5e25c4a8a74cb9b6064a6de870673,cases/ca2-5a019aa2bc528c73de90.json,ef14f79465f571e91a8dbf0fe1d82f12b32efb3792ed54eec9bdd2e2ab62c780,,,,,,,,,,,,ca2-5a019aa2bc528c73de90,cases/ca2-5a019aa2bc528c73de90.json,ef14f79465f571e91a8dbf0fe1d82f12b32efb3792ed54eec9bdd2e2ab62c780
mic,defihacklabs,bsc,34905161,0xb38c2d2d6a168d41aa8eb4cead47e01badbdcf57,shanghai,ca2-a17aa054e6a4e68a65d6,2024-01-02,MIC,Business Logic Flaw,src/test/2024-01/MIC_exp.sol,bsc,https://github.com/SunWeb3Sec/DeFiHackLabs/blob/main/past/2024/README.md,frozen_public_source_hashed,db3b13fa1cbf75bffec4662240ebd762c5af6c92d2608b9aecde80a8d7802b08,949c8d012eb705b561f67c12fe8ae383cc1da5479537f8f136bc7ad1b38971ff,"[""https://x.com/MetaSec_xyz/status/1742484748239536173""]",[],~500K,exact_contract_basename,True,True,,,2024-01-02,,,,blocked_missing_onchain_and_availability_evidence,"[""missing:deployment_block"", ""missing:prediction_cutoff_block"", ""missing:source_availability_time"", ""missing:runtime_bytecode_hash_at_cutoff"", ""missing:outcome_adjudication_id""]",retained,,cases/ca2-a17aa054e6a4e68a65d6.json,1953de8870364731b4e84d11005d4312039f982bab46149b65099e2727fa4d04,cases/ca2-a17aa054e6a4e68a65d6.json,445aba22d53bd18f67abda3d1c834566eff59553d561196f9342cfe93fd9140a,,,,,,,,,,,,ca2-a17aa054e6a4e68a65d6,cases/ca2-a17aa054e6a4e68a65d6.json,445aba22d53bd18f67abda3d1c834566eff59553d561196f9342cfe93fd9140a
barleyfinance,defihacklabs,ethereum,19106654,0x04c80bb477890f3021f03b068238836ee20aa0b8,shanghai,ca2-4f5a0a76d69326e4c2cd,2024-01-28,BarleyFinance,Reentrancy,src/test/2024-01/BarleyFinance_exp.sol,mainnet,https://github.com/SunWeb3Sec/DeFiHackLabs/blob/main/past/2024/README.md,frozen_public_source_hashed,db3b13fa1cbf75bffec4662240ebd762c5af6c92d2608b9aecde80a8d7802b08,db29e517b67f809a29faeda998ccaf52c5c2cdbf28690ee42a52da070f9c0dbb,"[""https://app.blocksec.com/explorer/security-incidents"", ""https://twitter.com/Phalcon_xyz/status/1751788389139992824"", ""https://www.bitget.com/news/detail/12560603890246""]",[],~130K,exact_contract_basename,True,True,,,2024-01-28,,,,blocked_missing_onchain_and_availability_evidence,"[""missing:deployment_block"", ""missing:prediction_cutoff_block"", ""missing:source_availability_time"", ""missing:runtime_bytecode_hash_at_cutoff"", ""missing:outcome_adjudication_id""]",retained,,cases/ca2-4f5a0a76d69326e4c2cd.json,77c492316e272c3b6c4912173e564cdf70d8c7211a9e704aa11d2856637c116c,cases/ca2-4f5a0a76d69326e4c2cd.json,a5859fe6c129e996576b529b8476783e8762850f2aacb096636973033a02f2a5,,,,,,,,,,,,ca2-4f5a0a76d69326e4c2cd,cases/ca2-4f5a0a76d69326e4c2cd.json,a5859fe6c129e996576b529b8476783e8762850f2aacb096636973033a02f2a5
mimspell2,defihacklabs,ethereum,19118659,0x7259e152103756e1616a77ae982353c3751a6a90,shanghai,ca2-be2ba09219e40ecb6cb2,2024-01-30,MIMSpell,Precission Loss,src/test/2024-01/MIMSpell2_exp.sol,mainnet,https://github.com/SunWeb3Sec/DeFiHackLabs/blob/main/past/2024/README.md,frozen_public_source_hashed,db3b13fa1cbf75bffec4662240ebd762c5af6c92d2608b9aecde80a8d7802b08,7d204cc7ae208880f66356502374e7a7f0f35543be63f2bbaca9a9a8da3c9dd3,"[""https://app.blocksec.com/explorer/security-incidents"", ""https://twitter.com/Phalcon_xyz/status/1752278614551216494"", ""https://twitter.com/kankodu/status/1752581744803680680"", ""https://twitter.com/peckshield/status/1752279373779194011""]",[],"~6,5M",exact_contract_basename,True,True,,,2024-01-30,,,,blocked_missing_onchain_and_availability_evidence,"[""missing:deployment_block"", ""missing:prediction_cutoff_block"", ""missing:source_availability_time"", ""missing:runtime_bytecode_hash_at_cutoff"", ""missing:outcome_adjudication_id""]",retained,,cases/ca2-be2ba09219e40ecb6cb2.json,a951494b074d1c146dd3ffbdf6bf2fe11aedd8f27e128301d48f5c6a6ea2e0f3,cases/ca2-be2ba09219e40ecb6cb2.json,fbbdb0b19160211c73ecdc539911d476ffe868b0720505da84edd671803c2fde,,,,,,,,,,,,ca2-be2ba09219e40ecb6cb2,cases/ca2-be2ba09219e40ecb6cb2.json,fbbdb0b19160211c73ecdc539911d476ffe868b0720505da84edd671803c2fde
peapodsfinance,defihacklabs,ethereum,19109652,0xdbb20a979a92cccce15229e41c9b082d5b5d7e31,shanghai,ca2-8af0ea955100349da941,2024-01-29,PeapodsFinance,Reentrancy,src/test/2024-01/PeapodsFinance_exp.sol,mainnet,https://github.com/SunWeb3Sec/DeFiHackLabs/blob/main/past/2024/README.md,frozen_public_source_hashed,db3b13fa1cbf75bffec4662240ebd762c5af6c92d2608b9aecde80a8d7802b08,c5deade4aaa511c50cb8d90d1504dd401639fdb69b10edcef3754925cfa6f6cf,"[""https://app.blocksec.com/explorer/tx/eth/0x95c1604789c93f41940a7fd9eca11276975a9a65d250b89a247736287dbd2b7e""]","[""0x95c1604789c93f41940a7fd9eca11276975a9a65d250b89a247736287dbd2b7e""]",~1K $DAI,frozen_date_override,True,True,,,2024-01-29,,,,blocked_missing_onchain_and_availability_evidence,"[""missing:deployment_block"", ""missing:prediction_cutoff_block"", ""missing:source_availability_time"", ""missing:runtime_bytecode_hash_at_cutoff"", ""missing:outcome_adjudication_id""]",retained,,cases/ca2-8af0ea955100349da941.json,a224ea31d9752258ecf72efa82ea62b97612aef8ad8b1e1322506473ca3f4640,cases/ca2-8af0ea955100349da941.json,27d58591ac3ebdd03ab7eb9d8f6562cb195b8efd0065580033cc818c736b4c39,,,,,,,,,,,,ca2-8af0ea955100349da941,cases/ca2-8af0ea955100349da941.json,27d58591ac3ebdd03ab7eb9d8f6562cb195b8efd0065580033cc818c736b4c39
wiselending02,defihacklabs,ethereum,18983652,0x37e49bf3749513a02fa535f0cbc383796e8107e4,shanghai,ca2-a8ad072cb3fd37a5cfca,2024-01-12,WiseLending,Bad HealthFactor Check,src/test/2024-01/WiseLending02_exp.sol,mainnet,https://github.com/SunWeb3Sec/DeFiHackLabs/blob/main/past/2024/README.md,frozen_public_source_hashed,db3b13fa1cbf75bffec4662240ebd762c5af6c92d2608b9aecde80a8d7802b08,50b2a0eee9425c4ead1268ef12814a6a8221bd166b4753b3889b49cacf3d3f14,"[""https://twitter.com/danielvf/status/1746303616778981402""]",[],~464K,exact_contract_basename,True,True,,,2024-01-12,,,,blocked_missing_onchain_and_availability_evidence,"[""missing:deployment_block"", ""missing:prediction_cutoff_block"", ""missing:source_availability_time"", ""missing:runtime_bytecode_hash_at_cutoff"", ""missing:outcome_adjudication_id""]",retained,,cases/ca2-a8ad072cb3fd37a5cfca.json,9802efab038d2522f0861539703c879975a5897ec0fd7d77384c4f4be5b3cf56,cases/ca2-a8ad072cb3fd37a5cfca.json,817a341df76000e7348cba42ae5740091b1de718c356139d7c6578d60417bbfd,,,,,,,,,,,,ca2-a8ad072cb3fd37a5cfca,cases/ca2-a8ad072cb3fd37a5cfca.json,817a341df76000e7348cba42ae5740091b1de718c356139d7c6578d60417bbfd
socketgateway,defihacklabs,ethereum,19021453,0xcc5fda5e3ca925bd0bb428c8b2669496ee43067e,shanghai,ca2-220124d062a8c71c63c5,2024-01-12,SocketGateway,Lack of calldata validation,src/test/2024-01/SocketGateway_exp.sol,mainnet,https://github.com/SunWeb3Sec/DeFiHackLabs/blob/main/past/2024/README.md,frozen_public_source_hashed,db3b13fa1cbf75bffec4662240ebd762c5af6c92d2608b9aecde80a8d7802b08,2b4ce27886dead1cc4ae34b1a0a69a1ea6dd8104f38a47c8116ef22a96daefe4,"[""https://twitter.com/BeosinAlert/status/1747450173675196674"", ""https://twitter.com/peckshield/status/1747353782004900274""]",[],~3.3Million $,exact_contract_basename,True,True,,,2024-01-12,,,,blocked_missing_onchain_and_availability_evidence,"[""missing:deployment_block"", ""missing:prediction_cutoff_block"", ""missing:source_availability_time"", ""missing:runtime_bytecode_hash_at_cutoff"", ""missing:outcome_adjudication_id""]",retained,,cases/ca2-220124d062a8c71c63c5.json,a3269266f53d0601f6312c8ece9cc0679c787a6a154ed1b45b51eff965ec54e8,cases/ca2-220124d062a8c71c63c5.json,e11e8f5390d5ed313339d8e1142f045b846e7a68c11f4ab791223814bb0b2124,,,,,,,,,,,,ca2-220124d062a8c71c63c5,cases/ca2-220124d062a8c71c63c5.json,e11e8f5390d5ed313339d8e1142f045b846e7a68c11f4ab791223814bb0b2124
wiselending03,defihacklabs,ethereum,18992907,0x37e49bf3749513a02fa535f0cbc383796e8107e4,shanghai,ca2-fb44a0ed0d7b6f375c60,2024-01-12,WiseLending,Bad HealthFactor Check,src/test/2024-01/WiseLending02_exp.sol,mainnet,https://github.com/SunWeb3Sec/DeFiHackLabs/blob/main/past/2024/README.md,frozen_public_source_hashed,db3b13fa1cbf75bffec4662240ebd762c5af6c92d2608b9aecde80a8d7802b08,50b2a0eee9425c4ead1268ef12814a6a8221bd166b4753b3889b49cacf3d3f14,"[""https://twitter.com/danielvf/status/1746303616778981402""]",[],~464K,frozen_date_override,True,True,,,2024-01-12,,,,blocked_missing_onchain_and_availability_evidence,"[""missing:deployment_block"", ""missing:prediction_cutoff_block"", ""missing:source_availability_time"", ""missing:runtime_bytecode_hash_at_cutoff"", ""missing:outcome_adjudication_id""]",retained,,cases/ca2-fb44a0ed0d7b6f375c60.json,09962129d876fb84acf9c1e50008e8b488e221b056371c99ca5bff9286b9e414,cases/ca2-fb44a0ed0d7b6f375c60.json,c98c21abba89ecf629ae250523adbb850869724f928927a959d99b71e02cc8ca,,,,,,,,,,,,ca2-fb44a0ed0d7b6f375c60,cases/ca2-fb44a0ed0d7b6f375c60.json,c98c21abba89ecf629ae250523adbb850869724f928927a959d99b71e02cc8ca
xsij,defihacklabs,bsc,35702095,0x31bfa137c76561ef848c2af9ca301b60451caac0,shanghai,ca2-5616b56d8b8cbc0a3ebe,2024-01-30,XSIJ,Business Logic Flaw,src/test/2024-01/XSIJ_exp.sol,bsc,https://github.com/SunWeb3Sec/DeFiHackLabs/blob/main/past/2024/README.md,frozen_public_source_hashed,db3b13fa1cbf75bffec4662240ebd762c5af6c92d2608b9aecde80a8d7802b08,c97b25d36a3fef48ca7bc8103e8c1d6e579339f997e43c74bb817ab44d6c87e4,"[""https://x.com/CertiKAlert/status/1752384801535918264""]",[],~51K USD,exact_contract_basename,True,True,,,2024-01-30,,,,blocked_missing_onchain_and_availability_evidence,"[""missing:deployment_block"", ""missing:prediction_cutoff_block"", ""missing:source_availability_time"", ""missing:runtime_bytecode_hash_at_cutoff"", ""missing:outcome_adjudication_id""]",retained,,cases/ca2-5616b56d8b8cbc0a3ebe.json,31aa67ebe75f23c0a49ad1afffe0e45bc5d63c10312de7487e2213f381b6dce8,cases/ca2-5616b56d8b8cbc0a3ebe.json,8fd299cb1de94b5e56d7ac88a7bfdf7635ff7d946e352b387ab4f21fa5683fe2,,,,,,,,,,,,ca2-5616b56d8b8cbc0a3ebe,cases/ca2-5616b56d8b8cbc0a3ebe.json,8fd299cb1de94b5e56d7ac88a7bfdf7635ff7d946e352b387ab4f21fa5683fe2
adc,defihacklabs,ethereum,19138640,0xde46fcf6ab7559e4355b8ee3d7fba0f2730cddd8,shanghai,ca2-bd6decf7c8f8dfbaca40,2024-02-02,ADC,incorrect-access-control,src/test/2024-02/ADC_exp.sol,mainnet,https://github.com/SunWeb3Sec/DeFiHackLabs/blob/main/past/2024/README.md,frozen_public_source_hashed,db3b13fa1cbf75bffec4662240ebd762c5af6c92d2608b9aecde80a8d7802b08,a6aa25024b5c3c0ca953e7b98316fd7bea7461755f9dd2af8526f13f007c4aa3,"[""https://x.com/EXVULSEC/status/1753294675971313790""]",[],~20 eth,exact_contract_basename,True,True,,,2024-02-02,,,,blocked_missing_onchain_and_availability_evidence,"[""missing:deployment_block"", ""missing:prediction_cutoff_block"", ""missing:source_availability_time"", ""missing:runtime_bytecode_hash_at_cutoff"", ""missing:outcome_adjudication_id""]",retained,,cases/ca2-bd6decf7c8f8dfbaca40.json,0430fb6575bf75224ffe00d67af373d6b8c68d78229383886cf477615446a810,cases/ca2-bd6decf7c8f8dfbaca40.json,9d076393c2786c19ee271b0eb10aaaff3dfdd2536957a15c54edcdb42baa90aa,,,,,,,,,,,,ca2-bd6decf7c8f8dfbaca40,cases/ca2-bd6decf7c8f8dfbaca40.json,9d076393c2786c19ee271b0eb10aaaff3dfdd2536957a15c54edcdb42baa90aa
affinedefi,defihacklabs,ethereum,19132934,0xcd6ca2f0d0c182c5049d9a1f65cde51a706ae142,shanghai,ca2-3f7bb52435313429cfa7,2024-02-01,AffineDeFi,lack of validation userData,src/test/2024-02/AffineDeFi_exp.sol,mainnet,https://github.com/SunWeb3Sec/DeFiHackLabs/blob/main/past/2024/README.md,frozen_public_source_hashed,db3b13fa1cbf75bffec4662240ebd762c5af6c92d2608b9aecde80a8d7802b08,eb180fbd5bee6ef5019e8e555a2c17119054757202ebb0bf4a43a0dacaf00618,"[""https://twitter.com/CyversAlerts/status/1753040754287513655"", ""https://twitter.com/Phalcon_xyz/status/1753020812284809440""]",[],~88K,exact_contract_basename,True,True,,,2024-02-01,,,,blocked_missing_onchain_and_availability_evidence,"[""missing:deployment_block"", ""missing:prediction_cutoff_block"", ""missing:source_availability_time"", ""missing:runtime_bytecode_hash_at_cutoff"", ""missing:outcome_adjudication_id""]",retained,,cases/ca2-3f7bb52435313429cfa7.json,f7c56d73689a84ab06ee96dd9366e37b5c6d3069b5d39e1359839f60b83e2128,cases/ca2-3f7bb52435313429cfa7.json,28475cb62c81a597113961002aab84e8e087b65c740b310b150d74cc3436811c,,,,,,,,,,,,ca2-3f7bb52435313429cfa7,cases/ca2-3f7bb52435313429cfa7.json,28475cb62c81a597113961002aab84e8e087b65c740b310b150d74cc3436811c
compounduni,defihacklabs,ethereum,19290920,0x50ce56a3239671ab62f185704caedf626352741e,shanghai,ca2-14b9ffae56e7c9bfb04e,2024-02-23,CompoundUni,Oracle bad price,src/test/2024-02/CompoundUni_exp.sol,mainnet,https://github.com/SunWeb3Sec/DeFiHackLabs/blob/main/past/2024/README.md,frozen_public_source_hashed,db3b13fa1cbf75bffec4662240ebd762c5af6c92d2608b9aecde80a8d7802b08,ffcee63a14befeae862132a30476945ce2fde227a46721041038e0787bacfa20,"[""https://twitter.com/0xLEVI104/status/1762092203894276481""]",[],"~439,537 USD",exact_contract_basename,True,True,,,2024-02-23,,,,blocked_missing_onchain_and_availability_evidence,"[""missing:deployment_block"", ""missing:prediction_cutoff_block"", ""missing:source_availability_time"", ""missing:runtime_bytecode_hash_at_cutoff"", ""missing:outcome_adjudication_id""]",retained,,cases/ca2-14b9ffae56e7c9bfb04e.json,341d1ab3d1d74bfe1bdbb65dac1967c157d1a31065d7dc7c729d5c3ffe72d85b,cases/ca2-14b9ffae56e7c9bfb04e.json,5291ed4b93b43fab6ddd20fe532838529c11de0ebd54167e6188900b9e96586b,,,,,,,,,,,,ca2-14b9ffae56e7c9bfb04e,cases/ca2-14b9ffae56e7c9bfb04e.json,5291ed4b93b43fab6ddd20fe532838529c11de0ebd54167e6188900b9e96586b
Crosswise,defihacklabs-temporal-replacement-finalization,bsc,49186830,0x70873211cb64c1d4ec027ea63a399a7d07c4085b,,ca2-549aa2c44edd65acedb7,2025-05-06,Crosswise,replacement_candidate,,bsc,,replacement_candidate_historical_snapshot_verified,bce72bd02be98d23ea1ee7acb002a35c90fea2ce5e4a7912c5b5c267480b1bca,c391d8a84cc73df12d8d1f6b2ec0891bfcc2f12ba122b4a776b3ac2f2d453eaf,[],"[""0xfe88443d73e8ae6d4799c4d3cc42488730c084624fd2daa5f035c1ad2927ea0f""]",,frozen_chain_global_order_finalization,True,True,14280384,14309108,49186831,,2f93014eac9aa12e70b18b8a7b223cf2c52173d63f2c0dac111550692283947d,,replacement_candidate_selected,[],replacement,ca2-9afe6d86753053b06534,cases/ca2-9afe6d86753053b06534.json,15025e0797bedc56daef35d693b6c789616b50c2aceb68d9a5540d302c26baea,,,cases/ca2r-6619e8b9582785ce3f40.json,3c6ff25c12758eae0e6a86315e027d62feef6f5b0c2bc76495bcedbbd9d57e6c,historical_cases/ca2r-6619e8b9582785ce3f40/ca2r-6619e8b9582785ce3f40.json,e4278da138dd87634804018f9e3c43c638ffebecc8a9d5982d635eec5eb6dcce,26,first_eligible_unique_from_frozen_chain_global_order,bce72bd02be98d23ea1ee7acb002a35c90fea2ce5e4a7912c5b5c267480b1bca,d3b80fe4ed7198fc900616b269408c1d0485ef8f000f46d37adb75be862a4a9c,49186830,0xfe88443d73e8ae6d4799c4d3cc42488730c084624fd2daa5f035c1ad2927ea0f,ca2r-6619e8b9582785ce3f40,ca2r-6619e8b9582785ce3f40,historical_cases/ca2r-6619e8b9582785ce3f40/ca2r-6619e8b9582785ce3f40.json,e4278da138dd87634804018f9e3c43c638ffebecc8a9d5982d635eec5eb6dcce
bob,defihacklabs,bsc,34428627,0x700ee24c350739e323dcf6a50ae3e7a3329c86ae,shanghai,ca2-0119280f82385cf56670,2023-12-17,Bob,Price Manipulation,src/test/2023-12/Bob_exp.sol,bsc,https://github.com/SunWeb3Sec/DeFiHackLabs/blob/main/past/2023/README.md,frozen_public_source_hashed,1b5a1d9c3166c2b9d60fefc71f8e12d2c3d2f604b259d662e38310d39db6838b,17f5d16399b99744915e61ff799b26570429e1006f523638a7966750b038ecb5,"[""https://bscscan.com/tx/0xfb14292a531411f852993e5a3ba4e7eb63ed548220267b9b3f4aacc5572d3a58""]","[""0xfb14292a531411f852993e5a3ba4e7eb63ed548220267b9b3f4aacc5572d3a58""]",~3BNB,exact_contract_basename,True,True,,,2023-12-17,,,,blocked_missing_onchain_and_availability_evidence,"[""missing:deployment_block"", ""missing:prediction_cutoff_block"", ""missing:source_availability_time"", ""missing:runtime_bytecode_hash_at_cutoff"", ""missing:outcome_adjudication_id""]",retained,,cases/ca2-0119280f82385cf56670.json,540c43f8f0dfb84f4f0ccb72f3e8ecc80af87ed34925672a662ef3e08e0238f8,cases/ca2-0119280f82385cf56670.json,cf259c1c608e7c017a6ffa3330344fc83743ff9b3b424d2a1a26028222603ddb,,,,,,,,,,,,ca2-0119280f82385cf56670,cases/ca2-0119280f82385cf56670.json,cf259c1c608e7c017a6ffa3330344fc83743ff9b3b424d2a1a26028222603ddb
blueberryprotocol,defihacklabs,ethereum,19287288,0xffadb0bba4379dfabfb20ca6823f6ec439429ec2,shanghai,ca2-608fc098c08911f51783,2024-02-23,BlueberryProtocol,logic flaw,src/test/2024-02/BlueberryProtocol_exp.sol,mainnet,https://github.com/SunWeb3Sec/DeFiHackLabs/blob/main/past/2024/README.md,frozen_public_source_hashed,db3b13fa1cbf75bffec4662240ebd762c5af6c92d2608b9aecde80a8d7802b08,60aabd122c2d8b0061099f513c14957a2e5da4068f4db46d6a27ca467556cc05,"[""https://twitter.com/blueberryFDN/status/1760865357236211964""]",[],"~1,400,000 USD",exact_contract_basename,True,True,,,2024-02-23,,,,blocked_missing_onchain_and_availability_evidence,"[""missing:deployment_block"", ""missing:prediction_cutoff_block"", ""missing:source_availability_time"", ""missing:runtime_bytecode_hash_at_cutoff"", ""missing:outcome_adjudication_id""]",retained,,cases/ca2-608fc098c08911f51783.json,a63a01025ef4fac6816008476c61dd7b19e9023180f7a5ca50008c550d874641,cases/ca2-608fc098c08911f51783.json,a0f1d430ca1fac3e317e0aa9e5eb0133eed310091b5ab3afdac0e9a30c9ad809,,,,,,,,,,,,ca2-608fc098c08911f51783,cases/ca2-608fc098c08911f51783.json,a0f1d430ca1fac3e317e0aa9e5eb0133eed310091b5ab3afdac0e9a30c9ad809
ActivePoolUrgentRedemption,defihacklabs-temporal-replacement-finalization,ethereum,22834887,0xdee8a9ac2c2819fe6a3bae45a12bff70c604805a,,ca2-ea9f778a9d9aef43fc02,2025-07-02,ActivePoolUrgentRedemption,replacement_candidate,,ethereum,,replacement_candidate_historical_snapshot_verified,55a79a981a0326e1e5a140f489e58ac265b44181b5e5ce03b8193db26d8db279,905a1b7d0c8c82614cced7d449a62b9b1612d448884cb2a9b6a98b8fef8b58e9,[],"[""0xc8ac54bdab9a2ce670a6ac2540e07dc88b5eeb7e0306e86d1d66f584428b3e0d""]",,frozen_chain_global_order_finalization,True,True,22549138,22556277,22834888,,bc13677c46f7fa6e3b31b9e1a815ff0a3a8e5a3a156bb5432da23c39538e38a3,,replacement_candidate_selected,[],replacement,ca2-5c37ff6ef20c8e1183dd,cases/ca2-5c37ff6ef20c8e1183dd.json,017d766022e3d981fd85cd096f6dad8ff25bca51b95075b7d3cb58ddbc1a6f87,,,cases/ca2r-8b1891d813e93e9a4d43.json,2da3f73d6145bc913d5cc5eefce282347caa7c844716d9bdc3985fcafa6f2cf4,historical_cases/ca2r-8b1891d813e93e9a4d43/ca2r-8b1891d813e93e9a4d43.json,82201fda3726d8039bbd2e18f00b2d25cab10e743202fc47a5a8cafe0a7ae44f,8,first_eligible_unique_from_frozen_chain_global_order,55a79a981a0326e1e5a140f489e58ac265b44181b5e5ce03b8193db26d8db279,d3b80fe4ed7198fc900616b269408c1d0485ef8f000f46d37adb75be862a4a9c,22834887,0xc8ac54bdab9a2ce670a6ac2540e07dc88b5eeb7e0306e86d1d66f584428b3e0d,ca2r-8b1891d813e93e9a4d43,ca2r-8b1891d813e93e9a4d43,historical_cases/ca2r-8b1891d813e93e9a4d43/ca2r-8b1891d813e93e9a4d43.json,82201fda3726d8039bbd2e18f00b2d25cab10e743202fc47a5a8cafe0a7ae44f
bzx2,defihacklabs,ethereum,18695728,0x7f3fe9d492a9a60aebb06d82cba23c6f32cad10b,shanghai,ca2-9f2e70a7938c45f70a82,2023-12-02,bZxProtocol,Inflation Attack,src/test/2023-12/bZx_exp.sol,mainnet,https://github.com/SunWeb3Sec/DeFiHackLabs/blob/main/past/2023/README.md,frozen_public_source_hashed,1b5a1d9c3166c2b9d60fefc71f8e12d2c3d2f604b259d662e38310d39db6838b,9fc1c25f3ca0e8392d8d191c970f073b19918428eb969b4ed2297cb5018c42bf,"[""https://x.com/MetaSec_xyz/status/1730811240942088263""]",[],~$208k,frozen_date_override,True,True,,,2023-12-02,,,,blocked_missing_onchain_and_availability_evidence,"[""missing:deployment_block"", ""missing:prediction_cutoff_block"", ""missing:source_availability_time"", ""missing:runtime_bytecode_hash_at_cutoff"", ""missing:outcome_adjudication_id""]",retained,,cases/ca2-9f2e70a7938c45f70a82.json,15fb9c2501b9c4f708a5fcab2f9bca6acd4b000962569acd198e9cb9de3046e4,cases/ca2-9f2e70a7938c45f70a82.json,7eb659b18f8fc1498dff706b06d6cd93e181a399532c97bdb08d438979d9dc8f,,,,,,,,,,,,ca2-9f2e70a7938c45f70a82,cases/ca2-9f2e70a7938c45f70a82.json,7eb659b18f8fc1498dff706b06d6cd93e181a399532c97bdb08d438979d9dc8f
XLootStaking,defihacklabs-temporal-replacement-finalization,ethereum,24885767,0xf3a3648bb1da9d3aea107da77e6f5ba9cf313127,,ca2-efe411bc9d7f06b1ba73,2026-04-15,XLootStaking,replacement_candidate,,ethereum,,replacement_candidate_historical_snapshot_verified,0ac56471d91aeeeccc840c5203771e6eeff0b0bf6a40358fb54a10cf2f793742,7100b0960aa8b3da915d59b9de514853579af9e02d691cd0ed61c9198f2ec927,[],"[""0xab19752a450a205ccaca9afb8505e2d8b79593ee2edab1f67bdec27a4f14871f""]",,frozen_chain_global_order_finalization,True,True,18834093,18841237,24885768,,cbee289ce56a0ae62f5a9b4b445ff411a3d58a2b5b9f421ddfa94f4dec37b190,,replacement_candidate_selected,[],replacement,ca2-d5c35ace73f1e0970aba,cases/ca2-d5c35ace73f1e0970aba.json,99170fd930a43e336a2469bf16995ae9a21163464ba5dc82570a3156f8e5ee5e,,,cases/ca2r-dd7f35603441e3e88cbe.json,68c46cad79bf2d9e9a8cd3d19224cef3c4f6d57d9318498bdad326468e4124a5,historical_cases/ca2r-dd7f35603441e3e88cbe/ca2r-dd7f35603441e3e88cbe.json,57b870975bc96cbeabe9258e079675c53d86a70698338ec3b265d164fb54c35c,15,first_eligible_unique_from_frozen_chain_global_order,0ac56471d91aeeeccc840c5203771e6eeff0b0bf6a40358fb54a10cf2f793742,a18c0040510cddc88d59e602bac53bbcafbe5dfbc978cff0134cb513de79fc53,24885767,0xab19752a450a205ccaca9afb8505e2d8b79593ee2edab1f67bdec27a4f14871f,ca2r-dd7f35603441e3e88cbe,ca2r-dd7f35603441e3e88cbe,historical_cases/ca2r-dd7f35603441e3e88cbe/ca2r-dd7f35603441e3e88cbe.json,57b870975bc96cbeabe9258e079675c53d86a70698338ec3b265d164fb54c35c
dualpools,defihacklabs,bsc,36145771,0x5e5e28029ef37fc97ffb763c4ac1f532bbd4c7a2,shanghai,ca2-9b3232b290b3e5a209ad,2024-02-15,DualPools,precision truncation,src/test/2024-02/DualPools_exp.sol,bsc,https://github.com/SunWeb3Sec/DeFiHackLabs/blob/main/past/2024/README.md,frozen_public_source_hashed,db3b13fa1cbf75bffec4662240ebd762c5af6c92d2608b9aecde80a8d7802b08,bcaaf111f622e5eeae5e08b76b369ca38ef7be3bee6d3114848f7104456432d9,"[""https://medium.com/@lunaray/dualpools-hack-analysis-5209233801fa""]",[],~42k,exact_contract_basename,True,True,,,2024-02-15,,,,blocked_missing_onchain_and_availability_evidence,"[""missing:deployment_block"", ""missing:prediction_cutoff_block"", ""missing:source_availability_time"", ""missing:runtime_bytecode_hash_at_cutoff"", ""missing:outcome_adjudication_id""]",retained,,cases/ca2-9b3232b290b3e5a209ad.json,f9551277cb56cebab0168d8c48cb8f45d8b843a61e5a6857c9b32704f2fce1f1,cases/ca2-9b3232b290b3e5a209ad.json,7db047bbc24023856012c04ba5a2aaf7e191c180824b3a5001fa8b2a06718c50,,,,,,,,,,,,ca2-9b3232b290b3e5a209ad,cases/ca2-9b3232b290b3e5a209ad.json,7db047bbc24023856012c04ba5a2aaf7e191c180824b3a5001fa8b2a06718c50
miner_bsc,defihacklabs,bsc,36111182,0x2ba9d4a8c41c60b71ff7df2c3f54b008644b954e,shanghai,ca2-98f2e78eb7b0c6b2a380,2024-02-13,MINER,Price Manipulation,src/test/2024-02/MINER_bsc_exp.sol,bsc,https://github.com/SunWeb3Sec/DeFiHackLabs/blob/main/past/2024/README.md,frozen_public_source_hashed,db3b13fa1cbf75bffec4662240ebd762c5af6c92d2608b9aecde80a8d7802b08,27d1222a244c0e8696cf08e8ac3f932d4a07a63c654a26fa0b5ea764e5747c47,"[""https://app.blocksec.com/explorer/tx/bsc/0x15ab671c9bf918fa4b6a9eed9ccb527f32aca40e926ede2aec2c84dfa9c30512?line=6""]","[""0x15ab671c9bf918fa4b6a9eed9ccb527f32aca40e926ede2aec2c84dfa9c30512""]",~3.5 WBNB,exact_contract_basename,True,True,,,2024-02-13,,,,blocked_missing_onchain_and_availability_evidence,"[""missing:deployment_block"", ""missing:prediction_cutoff_block"", ""missing:source_availability_time"", ""missing:runtime_bytecode_hash_at_cutoff"", ""missing:outcome_adjudication_id""]",retained,,cases/ca2-98f2e78eb7b0c6b2a380.json,ac56c60f5eb882338344a4c57c3565e3b5ae87a0dfd971a9fa4bbfaf54f35060,cases/ca2-98f2e78eb7b0c6b2a380.json,2f37b4c873ac6b7430fe70dc65fce44453ecf16cbe3a2e389ac018de48f5270f,,,,,,,,,,,,ca2-98f2e78eb7b0c6b2a380,cases/ca2-98f2e78eb7b0c6b2a380.json,2f37b4c873ac6b7430fe70dc65fce44453ecf16cbe3a2e389ac018de48f5270f
particletrade,defihacklabs,ethereum,19231445,0xe4764f9cd8ecc9659d3abf35259638b20ac536e4,shanghai,ca2-aa99cf4dbaf4c7bb8459,2024-02-16,ParticleTrade,lack of validation data,src/test/2024-02/ParticleTrade_exp.sol,mainnet,https://github.com/SunWeb3Sec/DeFiHackLabs/blob/main/past/2024/README.md,frozen_public_source_hashed,db3b13fa1cbf75bffec4662240ebd762c5af6c92d2608b9aecde80a8d7802b08,c17093906d9fddeb7232d9d0103a9478c8297d0a7f3a7cbcc76ce13c9f834755,"[""https://twitter.com/Phalcon_xyz/status/1758028270770250134""]",[],~50k,exact_contract_basename,True,True,,,2024-02-16,,,,blocked_missing_onchain_and_availability_evidence,"[""missing:deployment_block"", ""missing:prediction_cutoff_block"", ""missing:source_availability_time"", ""missing:runtime_bytecode_hash_at_cutoff"", ""missing:outcome_adjudication_id""]",retained,,cases/ca2-aa99cf4dbaf4c7bb8459.json,d45ee2777a0410076d1e40e82b14e300ee7f1e9a9370807ff35836d6f513895c,cases/ca2-aa99cf4dbaf4c7bb8459.json,ff221c2abd21cd31f42210d3cb6a93506a3990a08413638df1b159e98fe20bd3,,,,,,,,,,,,ca2-aa99cf4dbaf4c7bb8459,cases/ca2-aa99cf4dbaf4c7bb8459.json,ff221c2abd21cd31f42210d3cb6a93506a3990a08413638df1b159e98fe20bd3
SmartMesh,defihacklabs-temporal-replacement-finalization,ethereum,5499034,0x55f93985431fc9304077687a35a1ba103dc1e081,,ca2-c15651f1b54afa97c39e,2018-04-24,SmartMesh,replacement_candidate,,ethereum,,replacement_candidate_historical_snapshot_verified,dc006fab9fca668bb31ff1fc8d70bf5ed4c936742cf6270629b241f761273be9,d672aeeed6606c4c875afdd081caf5cb16053f9b0e0cd0c1496b3e083690ddde,[],"[""0x1abab4c8db9a30e703114528e31dee129a3a758f7f8abc3b6494aad3d304e43f""]",,frozen_chain_global_order_finalization,True,True,4701488,4707243,5499035,,080f525e171fb2366b673bce714ca5f5f527b238ef34441b8778c56d8e5e543d,,replacement_candidate_selected,[],replacement,ca2-45e513227d9f7b4e1381,cases/ca2-45e513227d9f7b4e1381.json,f8f8f418123b69ccc15738365be52b7df0f70b162b73790cce4954bfa8b567ea,,,cases/ca2r-41177cdba4ea41d36160.json,718960632d40603bb00a46a603acd2710e8d7f4700352b2ad09cf871fad8a689,historical_cases/ca2r-41177cdba4ea41d36160/ca2r-41177cdba4ea41d36160.json,d80b5dc3767a69b9b494287fd950c8c2355070584314966fc69ffbefe327353d,4,first_eligible_unique_from_frozen_chain_global_order,dc006fab9fca668bb31ff1fc8d70bf5ed4c936742cf6270629b241f761273be9,93b19197192b409cf7360b9bfa564d474da5a115f9bf279a5b8cc61093dadab6,5499034,0x1abab4c8db9a30e703114528e31dee129a3a758f7f8abc3b6494aad3d304e43f,ca2r-41177cdba4ea41d36160,ca2r-41177cdba4ea41d36160,historical_cases/ca2r-41177cdba4ea41d36160/ca2r-41177cdba4ea41d36160.json,d80b5dc3767a69b9b494287fd950c8c2355070584314966fc69ffbefe327353d
ruggedart,defihacklabs,ethereum,19262233,0xfe380fe1db07e531e3519b9ae3ea9f7888ce20c6,shanghai,ca2-c76c240f897354a45770,2024-02-19,RuggedArt,reentrancy,src/test/2024-02/RuggedArt_exp.sol,mainnet,https://github.com/SunWeb3Sec/DeFiHackLabs/blob/main/past/2024/README.md,frozen_public_source_hashed,db3b13fa1cbf75bffec4662240ebd762c5af6c92d2608b9aecde80a8d7802b08,b96e4beae540039d7e5eb0ee288ff680aeccac877eb67d614b67e34f9a989e54,"[""https://twitter.com/EXVULSEC/status/1759822545875025953""]",[],~10k,exact_contract_basename,True,True,,,2024-02-19,,,,blocked_missing_onchain_and_availability_evidence,"[""missing:deployment_block"", ""missing:prediction_cutoff_block"", ""missing:source_availability_time"", ""missing:runtime_bytecode_hash_at_cutoff"", ""missing:outcome_adjudication_id""]",retained,,cases/ca2-c76c240f897354a45770.json,14dc700cb1a5db223942d513d4c543f01f4246ccaaa3419e1fbb3734d0077b67,cases/ca2-c76c240f897354a45770.json,6bf0d8563d29c6f62d8c3fb3f3d4e5f36554b20ffcb46e6a0f029f8b02cb8191,,,,,,,,,,,,ca2-c76c240f897354a45770,cases/ca2-c76c240f897354a45770.json,6bf0d8563d29c6f62d8c3fb3f3d4e5f36554b20ffcb46e6a0f029f8b02cb8191
miner,defihacklabs,ethereum,19226507,0xe77ec1bf3a5c95bfe3be7bdbacfe3ac1c7e454cd,shanghai,ca2-122f147da75159901ea0,2024-02-15,Miner,lack of validation dst address,src/test/2024-02/Miner_exp.sol,mainnet,https://github.com/SunWeb3Sec/DeFiHackLabs/blob/main/past/2024/README.md,frozen_public_source_hashed,db3b13fa1cbf75bffec4662240ebd762c5af6c92d2608b9aecde80a8d7802b08,0775a94dcf7643f9030636f2a55469244d0a21be30cdce0696e51ed46424a1bd,"[""https://twitter.com/Phalcon_xyz/status/1757777340002681326""]",[],~150k,frozen_date_override,True,True,,,2024-02-15,,,,blocked_missing_onchain_and_availability_evidence,"[""missing:deployment_block"", ""missing:prediction_cutoff_block"", ""missing:source_availability_time"", ""missing:runtime_bytecode_hash_at_cutoff"", ""missing:outcome_adjudication_id""]",retained,,cases/ca2-122f147da75159901ea0.json,b14f8fc5eb82d48d36d95a78a9d0b0bbd37e7452e9229a9b28d1fa0faf26f5ad,cases/ca2-122f147da75159901ea0.json,a90fb6432463c0f4d5a8d28174dd709f2f574c61b1d236cca2b9d7a32ae94769,,,,,,,,,,,,ca2-122f147da75159901ea0,cases/ca2-122f147da75159901ea0.json,a90fb6432463c0f4d5a8d28174dd709f2f574c61b1d236cca2b9d7a32ae94769
seneca,defihacklabs,ethereum,19325936,0x65c210c59b43eb68112b7a4f75c8393c36491f06,shanghai,ca2-e7cd16bb64166a6efe64,2024-02-28,Seneca,Arbitrary External Call Vulnerability,src/test/2024-02/Seneca_exp.sol,mainnet,https://github.com/SunWeb3Sec/DeFiHackLabs/blob/main/past/2024/README.md,frozen_public_source_hashed,db3b13fa1cbf75bffec4662240ebd762c5af6c92d2608b9aecde80a8d7802b08,b05abcad1d388f6ff123057d5f2c3487ce8e1eec7726cd59dbbee28367ebe03c,"[""https://twitter.com/Phalcon_xyz/status/1763045563040411876""]",[],~6M,exact_contract_basename,True,True,,,2024-02-28,,,,blocked_missing_onchain_and_availability_evidence,"[""missing:deployment_block"", ""missing:prediction_cutoff_block"", ""missing:source_availability_time"", ""missing:runtime_bytecode_hash_at_cutoff"", ""missing:outcome_adjudication_id""]",retained,,cases/ca2-e7cd16bb64166a6efe64.json,884118d338e2f01052c62666a4c5f97c85ae501d4b4b8cf32fcd55fad7b22ebf,cases/ca2-e7cd16bb64166a6efe64.json,1ab292715831a34e890a2eaddb54d671c265074c8061a9000a4b6edfbb2a4e6c,,,,,,,,,,,,ca2-e7cd16bb64166a6efe64,cases/ca2-e7cd16bb64166a6efe64.json,1ab292715831a34e890a2eaddb54d671c265074c8061a9000a4b6edfbb2a4e6c
alp,defihacklabs,bsc,36727073,0xd188492217f09d18f2b0ece3f8948015981e961a,shanghai,ca2-b5a8e682aba465a7a0f6,2024-03-06,ALP,Public internal function,src/test/2024-03/ALP_exp.sol,bsc,https://github.com/SunWeb3Sec/DeFiHackLabs/blob/main/past/2024/README.md,frozen_public_source_hashed,db3b13fa1cbf75bffec4662240ebd762c5af6c92d2608b9aecde80a8d7802b08,0de79cc11a059ace9aefeb2886e4c5ffb713f2bb9621c23cb169bbba910783bd,[],[],~10K,exact_contract_basename,True,True,,,2024-03-06,,,,blocked_missing_onchain_and_availability_evidence,"[""missing:deployment_block"", ""missing:prediction_cutoff_block"", ""missing:source_availability_time"", ""missing:runtime_bytecode_hash_at_cutoff"", ""missing:outcome_adjudication_id""]",retained,,cases/ca2-b5a8e682aba465a7a0f6.json,b4d5c4dd8e1443cc2add7261287bfce23a0796944f2916e909dd6ef7584adc77,cases/ca2-b5a8e682aba465a7a0f6.json,ceb88cf0e6f7c6fc6d6499c8802f7593459df231b69a46f5125cfc81a4579b1e,,,,,,,,,,,,ca2-b5a8e682aba465a7a0f6,cases/ca2-b5a8e682aba465a7a0f6.json,ceb88cf0e6f7c6fc6d6499c8802f7593459df231b69a46f5125cfc81a4579b1e
ethfin,defihacklabs,bsc,37400484,0x17bd2e09fa4585c15749f40bb32a6e3db58522ba,shanghai,ca2-9b437de06c56cc873e8a,2024-03-29,ETHFIN,lack of access control,src/test/2024-03/ETHFIN_exp.sol,bsc,https://github.com/SunWeb3Sec/DeFiHackLabs/blob/main/past/2024/README.md,frozen_public_source_hashed,db3b13fa1cbf75bffec4662240ebd762c5af6c92d2608b9aecde80a8d7802b08,f01386ab0de755e57cfd0f723a643a2e766247e7fcafcb7f81cb5b11143c8a61,"[""https://app.blocksec.com/explorer/tx/bsc/0xfe031685d84f3bae1785f5b2bd0ed480b87815c3f23ce6ced73b8573b7e367c6""]","[""0xfe031685d84f3bae1785f5b2bd0ed480b87815c3f23ce6ced73b8573b7e367c6""]",~$1.24K (2.13 BNB),exact_contract_basename,True,True,,,2024-03-29,,,,blocked_missing_onchain_and_availability_evidence,"[""missing:deployment_block"", ""missing:prediction_cutoff_block"", ""missing:source_availability_time"", ""missing:runtime_bytecode_hash_at_cutoff"", ""missing:outcome_adjudication_id""]",retained,,cases/ca2-9b437de06c56cc873e8a.json,0bc375fbcfc42779d8822ced5b512cda887f9e1745d1ed83848c65593aa9daed,cases/ca2-9b437de06c56cc873e8a.json,835365fc86fb896c066cfeb6ac9395c0aadd501200ecc8976d27cff9759809e8,,,,,,,,,,,,ca2-9b437de06c56cc873e8a,cases/ca2-9b437de06c56cc873e8a.json,835365fc86fb896c066cfeb6ac9395c0aadd501200ecc8976d27cff9759809e8
ark,defihacklabs,bsc,37221235,0xde698b5bbb4a12ddf2261bbdf8e034af34399999,shanghai,ca2-eaff56dcacef885f96a2,2024-03-24,ARK,business logic flaw,src/test/2024-03/ARK_exp.sol,bsc,https://github.com/SunWeb3Sec/DeFiHackLabs/blob/main/past/2024/README.md,frozen_public_source_hashed,db3b13fa1cbf75bffec4662240ebd762c5af6c92d2608b9aecde80a8d7802b08,e50a7bb3c2733107603adfed5372d02745bd5174cb3fdd84c7e6353a471e22c9,"[""https://twitter.com/Phalcon_xyz/status/1771728823534375249""]",[],~348BNB,exact_contract_basename,True,True,,,2024-03-24,,,,blocked_missing_onchain_and_availability_evidence,"[""missing:deployment_block"", ""missing:prediction_cutoff_block"", ""missing:source_availability_time"", ""missing:runtime_bytecode_hash_at_cutoff"", ""missing:outcome_adjudication_id""]",retained,,cases/ca2-eaff56dcacef885f96a2.json,c3c417cfcaa726d85668c1c92a867bf6ce5c2257098e986b270f6402540fcf07,cases/ca2-eaff56dcacef885f96a2.json,7d886a07e5e518ddb6eaa06feaeb7c1177418a0820aed0d115406ce74dc91051,,,,,,,,,,,,ca2-eaff56dcacef885f96a2,cases/ca2-eaff56dcacef885f96a2.json,7d886a07e5e518ddb6eaa06feaeb7c1177418a0820aed0d115406ce74dc91051
bbt,defihacklabs,ethereum,19417822,0x3541499cda8ca51b24724bb8e7ce569727406e04,shanghai,ca2-ba0418d74fad65f2483c,2024-03-12,BBT,business logic flaw,src/test/2024-03/BBT_exp.sol,mainnet,https://github.com/SunWeb3Sec/DeFiHackLabs/blob/main/past/2024/README.md,frozen_public_source_hashed,db3b13fa1cbf75bffec4662240ebd762c5af6c92d2608b9aecde80a8d7802b08,9f2f49493c72fe8ff43d79ef586532411912c67d0983cfb540131258f49b21da,"[""https://x.com/8olidity/status/1767470002566058088""]",[],~5.06 ETH,exact_contract_basename,True,True,,,2024-03-12,,,,blocked_missing_onchain_and_availability_evidence,"[""missing:deployment_block"", ""missing:prediction_cutoff_block"", ""missing:source_availability_time"", ""missing:runtime_bytecode_hash_at_cutoff"", ""missing:outcome_adjudication_id""]",retained,,cases/ca2-ba0418d74fad65f2483c.json,7e9907669f80176d566fc3ebd7f319331de1e6b2943379cb7d9933f65b3e9a7f,cases/ca2-ba0418d74fad65f2483c.json,a0e0d476a4e1595555e751a381cf25180bc291b0e9be4489c9856df01f9f63b3,,,,,,,,,,,,ca2-ba0418d74fad65f2483c,cases/ca2-ba0418d74fad65f2483c.json,a0e0d476a4e1595555e751a381cf25180bc291b0e9be4489c9856df01f9f63b3
binemon,defihacklabs,bsc,36864394,0xe56842ed550ff2794f010738554db45e60730371,shanghai,ca2-adacb53105e39eebae4d,2024-03-11,Binemon,precission-loss,src/test/2024-03/Binemon_exp.sol,bsc,https://github.com/SunWeb3Sec/DeFiHackLabs/blob/main/past/2024/README.md,frozen_public_source_hashed,db3b13fa1cbf75bffec4662240ebd762c5af6c92d2608b9aecde80a8d7802b08,e8a887a999b4b3b770c4e49747a6390331349d4a954b8ab626726e5a4c9039a1,"[""https://app.blocksec.com/explorer/tx/bsc/0x1999bb5c11a8d8bfa7620fc5cc37f5bc59c1a99d7a9250a8d6076c93bbdbeb5f""]","[""0x1999bb5c11a8d8bfa7620fc5cc37f5bc59c1a99d7a9250a8d6076c93bbdbeb5f""]",~0.2 BNB,exact_contract_basename,True,True,,,2024-03-11,,,,blocked_missing_onchain_and_availability_evidence,"[""missing:deployment_block"", ""missing:prediction_cutoff_block"", ""missing:source_availability_time"", ""missing:runtime_bytecode_hash_at_cutoff"", ""missing:outcome_adjudication_id""]",retained,,cases/ca2-adacb53105e39eebae4d.json,8be8e6aed60b7bd5c2435e1f4845dbc8e066b3f0f52b9b8bd8509d39c5348b5d,cases/ca2-adacb53105e39eebae4d.json,576da64447707bf9cdd45961685c5f2769d9845d65363d0c28e2fc3f5572449e,,,,,,,,,,,,ca2-adacb53105e39eebae4d,cases/ca2-adacb53105e39eebae4d.json,576da64447707bf9cdd45961685c5f2769d9845d65363d0c28e2fc3f5572449e
AutoPooledTradingBot,defihacklabs-temporal-replacement-finalization,ethereum,23160803,0x879e993e2e37de3b47f38c13858e1f337d51448b,,ca2-5600aac7a0790bee4d8c,2025-08-17,AutoPooledTradingBot,replacement_candidate,,ethereum,,replacement_candidate_historical_snapshot_verified,2b9ef3c4d9b5c01f5b80dcf074c3eda16ea28ca987e46139f050574020ebeddf,3386f895b915c911793fc39fc392ed9547cfb5ea73685e7176c9df366e972c8a,[],"[""0x9ec3fb4ac39e179c6a4f5323f2f757faca7b71718fc9f752153387c9204cee3d""]",,frozen_chain_global_order_finalization,True,True,23047232,23054375,23160804,,e09fe01b4f1bfb64fee412779611065a9c66275f545aeef247cca7da25fe75bc,,replacement_candidate_selected,[],replacement,ca2-d5a550e862cee1efa2a8,cases/ca2-d5a550e862cee1efa2a8.json,222a7128f77a507c62e5fc97936a1888ebcc3744af9d94c2b2e798c613ff73fd,,,cases/ca2r-971b334afcda0571a76b.json,50a45c1d13e4500a77cee0b7f6eea28be2077d7e60e9f715b17d0ab2bf100589,historical_cases/ca2r-971b334afcda0571a76b/ca2r-971b334afcda0571a76b.json,d68465bcba51188f741c427a522b613902d1317c79e3e71c767a67381a9b0ea3,14,first_eligible_unique_from_frozen_chain_global_order,2b9ef3c4d9b5c01f5b80dcf074c3eda16ea28ca987e46139f050574020ebeddf,d3b80fe4ed7198fc900616b269408c1d0485ef8f000f46d37adb75be862a4a9c,23160803,0x9ec3fb4ac39e179c6a4f5323f2f757faca7b71718fc9f752153387c9204cee3d,ca2r-971b334afcda0571a76b,ca2r-971b334afcda0571a76b,historical_cases/ca2r-971b334afcda0571a76b/ca2r-971b334afcda0571a76b.json,d68465bcba51188f741c427a522b613902d1317c79e3e71c767a67381a9b0ea3
tgbs,defihacklabs,bsc,36725819,0xedecfa18cae067b2489a2287784a543069f950f4,shanghai,ca2-ffeb7afe408bddf67264,2024-03-06,TGBS,Business Logic Flaw,src/test/2024-03/TGBS_exp.sol,bsc,https://github.com/SunWeb3Sec/DeFiHackLabs/blob/main/past/2024/README.md,frozen_public_source_hashed,db3b13fa1cbf75bffec4662240ebd762c5af6c92d2608b9aecde80a8d7802b08,dada65ea568337224ab95364259cae8ae28d0a3c01c7af53d4e10f0632ab8863,"[""https://twitter.com/Phalcon_xyz/status/1765285257949974747""]",[],~150K,exact_contract_basename,True,True,,,2024-03-06,,,,blocked_missing_onchain_and_availability_evidence,"[""missing:deployment_block"", ""missing:prediction_cutoff_block"", ""missing:source_availability_time"", ""missing:runtime_bytecode_hash_at_cutoff"", ""missing:outcome_adjudication_id""]",retained,,cases/ca2-ffeb7afe408bddf67264.json,a865a86ff8e2a90564efbd80b4f1be83884f101174447f0dbbbb72c9eef1d556,cases/ca2-ffeb7afe408bddf67264.json,ea0817c4db68ea3553ba46043cf9b3f514330e6ac91e0ff6059916e05c06ead0,,,,,,,,,,,,ca2-ffeb7afe408bddf67264,cases/ca2-ffeb7afe408bddf67264.json,ea0817c4db68ea3553ba46043cf9b3f514330e6ac91e0ff6059916e05c06ead0
atm,defihacklabs,bsc,37483300,0xa5957e0e2565dc93880da7be32abcbdf55788888,shanghai,ca2-d6ba3397ed249bc3a420,2024-04-01,ATM,business logic flaw,src/test/2024-04/ATM_exp.sol,bsc,https://github.com/SunWeb3Sec/DeFiHackLabs/blob/main/past/2024/README.md,frozen_public_source_hashed,db3b13fa1cbf75bffec4662240ebd762c5af6c92d2608b9aecde80a8d7802b08,95cee1d24d8650f9da0c59a2a9aff8afbd3fdd0f132af668b75a59c276d78c2e,[],[],$~182K USD,frozen_date_override,True,True,,,2024-04-01,,,,blocked_missing_onchain_and_availability_evidence,"[""missing:deployment_block"", ""missing:prediction_cutoff_block"", ""missing:source_availability_time"", ""missing:runtime_bytecode_hash_at_cutoff"", ""missing:outcome_adjudication_id""]",retained,,cases/ca2-d6ba3397ed249bc3a420.json,1d65b103af61680006db7a8922ed9f031dd86e2ec3be5a68f8c211146cfce146,cases/ca2-d6ba3397ed249bc3a420.json,bc6a987b2e207fbd622a2bd0f18268512c101a2684f213e178980c004692d33c,,,,,,,,,,,,ca2-d6ba3397ed249bc3a420,cases/ca2-d6ba3397ed249bc3a420.json,bc6a987b2e207fbd622a2bd0f18268512c101a2684f213e178980c004692d33c
chaingefinance,defihacklabs,bsc,37880387,0x80a0d7a6fd2a22982ce282933b384568e5c852bf,shanghai,ca2-c5a01f6581922c612fa6,2024-04-15,ChaingeFinance,Arbitrary External Call,src/test/2024-04/ChaingeFinance_exp.sol,bsc,https://github.com/SunWeb3Sec/DeFiHackLabs/blob/main/past/2024/README.md,frozen_public_source_hashed,db3b13fa1cbf75bffec4662240ebd762c5af6c92d2608b9aecde80a8d7802b08,7177e57a26a75280777bdd502119c6fb1d38129c8dcb82e0eadb355285b1e5da,"[""https://twitter.com/CyversAlerts/status/1779875922381860920""]",[],~560K,exact_contract_basename,True,True,,,2024-04-15,,,,blocked_missing_onchain_and_availability_evidence,"[""missing:deployment_block"", ""missing:prediction_cutoff_block"", ""missing:source_availability_time"", ""missing:runtime_bytecode_hash_at_cutoff"", ""missing:outcome_adjudication_id""]",retained,,cases/ca2-c5a01f6581922c612fa6.json,af96d4728b65d37d32f7234457a10f3605a8ab4f844cb83e79d3a0e75b0a76ef,cases/ca2-c5a01f6581922c612fa6.json,208235b81710d8feec4d7c79c30941e61e821d09b96c8ff97d2ce64301f669b9,,,,,,,,,,,,ca2-c5a01f6581922c612fa6,cases/ca2-c5a01f6581922c612fa6.json,208235b81710d8feec4d7c79c30941e61e821d09b96c8ff97d2ce64301f669b9
Proxy_b7e1,defihacklabs-temporal-replacement-finalization,bsc,44294726,0xb7e1d1372f2880373d7c5a931cdbaa73c38663c6,,ca2-a40aff558c4a5d19fdb1,2024-11-24,Proxy_b7e1,replacement_candidate,,bsc,,replacement_candidate_historical_snapshot_verified,5fe9d6a4581205bb3c0be32a73f3e3c2cba1b6ce7e83cc91bba58ff1b99fcfc7,52d0e6769257a78261460a6b3c4e9cc08894cb9b26baaff378f5744aaacb0042,[],"[""0x864d33d006e5c39c9ee8b35be5ae05a2013e556be3e078e2881b0cc6281bb265""]",,frozen_chain_global_order_finalization,True,True,43951623,43980420,44294727,,ec9c737dafc40dfe31c9d46ac0f6cb1f40180d31428a9a4e96453b036170fc2a,,replacement_candidate_selected,[],replacement,ca2-bef5f7af9a50d2f1687c,cases/ca2-bef5f7af9a50d2f1687c.json,5892a350183163d77e240960c002d444e35aa65dfd2d872139280fa3d4d4eddd,,,cases/ca2r-a7eede03122760827180.json,91f3d5e4b9d843e80a69cbdc2888eb62cd48899dd27327b46ba62a99a4e79693,historical_cases/ca2r-a7eede03122760827180/ca2r-a7eede03122760827180.json,62c3e728ee9ee0c4e9ce36dab474ebfa0bd220eb810132eef0f8de802733874a,32,first_eligible_unique_from_frozen_chain_global_order,5fe9d6a4581205bb3c0be32a73f3e3c2cba1b6ce7e83cc91bba58ff1b99fcfc7,db3b13fa1cbf75bffec4662240ebd762c5af6c92d2608b9aecde80a8d7802b08,44294726,0x864d33d006e5c39c9ee8b35be5ae05a2013e556be3e078e2881b0cc6281bb265,ca2r-a7eede03122760827180,ca2r-a7eede03122760827180,historical_cases/ca2r-a7eede03122760827180/ca2r-a7eede03122760827180.json,62c3e728ee9ee0c4e9ce36dab474ebfa0bd220eb810132eef0f8de802733874a
DogeAlliance,defihacklabs-temporal-replacement-finalization,bsc,50638349,0x04df78093e2b66a0387f8c052c8d344d84ca49af,,ca2-0fd406d4a5d581dc9171,2025-05-31,DogeAlliance,replacement_candidate,,bsc,,replacement_candidate_historical_snapshot_verified,2b1997b2166f5781e3bfc917592db9aa5e01a23b98444a88b6efd1cc9d964ce4,dcb73b472dd764c19c8a00ed97a026ffac11c2f879e59e14f8e23ee7e19a33c3,[],"[""0xcf2b8c46e5f6f761a716619800de6754058921cbde0cd5ff12cd2ce4ea6a818d""]",,frozen_chain_global_order_finalization,True,True,12299048,12327269,50638350,,116045d4eda7fc3d5855bc8f01f0307a72ed13f3f96237311790039c9f385663,,replacement_candidate_selected,[],replacement,ca2-a04834244778519abaa1,cases/ca2-a04834244778519abaa1.json,8706525f21d38da0e388a91b31fbfbd7693c2504805b70a403eaa30834219cf3,,,cases/ca2r-2d7002c3d03e4977a6c2.json,f1cad8e6426831739c30518b2d9d1a5cfded3a52d054c563b7e66444c5d1970d,historical_cases/ca2r-2d7002c3d03e4977a6c2/ca2r-2d7002c3d03e4977a6c2.json,def7590193ec6777dde91dd76954af35561fefea139164572b93b61fff2c3d41,27,first_eligible_unique_from_frozen_chain_global_order,2b1997b2166f5781e3bfc917592db9aa5e01a23b98444a88b6efd1cc9d964ce4,d3b80fe4ed7198fc900616b269408c1d0485ef8f000f46d37adb75be862a4a9c,50638349,0xcf2b8c46e5f6f761a716619800de6754058921cbde0cd5ff12cd2ce4ea6a818d,ca2r-2d7002c3d03e4977a6c2,ca2r-2d7002c3d03e4977a6c2,historical_cases/ca2r-2d7002c3d03e4977a6c2/ca2r-2d7002c3d03e4977a6c2.json,def7590193ec6777dde91dd76954af35561fefea139164572b93b61fff2c3d41
MicDao,defihacklabs-temporal-replacement-finalization,bsc,32711747,0xf6876f6ab2637774804b85aecc17b434a2b57168,,ca2-b9bec467ee94f3fb52c2,2023-10-18,MicDao,replacement_candidate,,bsc,,replacement_candidate_historical_snapshot_verified,d58494f2a470081cddfaf69a4078bdbdc1214a92786966a3bd9b56063accc05c,fa4570a595d03a09535814f56ea880439f11bfddf168e457666650d5f14733d4,[],"[""0x24a2fbb27d433d91372525954f0d7d1af7509547b9ada29cc6c078e732c6d075""]",,frozen_chain_global_order_finalization,True,True,32383342,32411992,32711748,,51c2d99c45acf3049429ed5847d73aeb155b088c8f13eea92b0fcf71f2c193db,,replacement_candidate_selected,[],replacement,ca2-63262288a02b8ba46129,cases/ca2-63262288a02b8ba46129.json,a771ac2430395b84301097e97bce338e4fd67286ec99ef79c97be021bc105ae6,,,cases/ca2r-fa3009b447f82845b037.json,d7ae41539844b2d68123ffa2cfd4a3a45672b4161e808facf8ce697efd5c1c00,historical_cases/ca2r-fa3009b447f82845b037/ca2r-fa3009b447f82845b037.json,ee4d2b5ad6c87dff778871d2ae6d6496bb5110928ca47bf17a0ff2abb4699830,14,first_eligible_unique_from_frozen_chain_global_order,d58494f2a470081cddfaf69a4078bdbdc1214a92786966a3bd9b56063accc05c,1b5a1d9c3166c2b9d60fefc71f8e12d2c3d2f604b259d662e38310d39db6838b,32711747,0x24a2fbb27d433d91372525954f0d7d1af7509547b9ada29cc6c078e732c6d075,ca2r-fa3009b447f82845b037,ca2r-fa3009b447f82845b037,historical_cases/ca2r-fa3009b447f82845b037/ca2r-fa3009b447f82845b037.json,ee4d2b5ad6c87dff778871d2ae6d6496bb5110928ca47bf17a0ff2abb4699830
StakeOnMe,defihacklabs-temporal-replacement-finalization,ethereum,24664322,0x237d59bf98ec4f4f013bc35d66f22d2bc9504b3f,,ca2-38de662649bc5f386b3b,2026-03-15,StakeOnMe,replacement_candidate,,ethereum,,replacement_candidate_historical_snapshot_verified,970dc95b93fd579b9615b2e37fc71d25e8fed8bf6e6b8a76023d8f7af5c8c406,7a9f9da49f65914743854563331e0e10a7e90f41f4c1b2a2daaf770accb715b8,[],"[""0xed71e72ba1be2cff06438fab558a79936414d24dd1f6d3e58ecadc2a8f673fe5""]",,frozen_chain_global_order_finalization,True,True,9952337,9958770,24664323,,1904055fa1b6982a26fbef7f020c988f788e84e3e61bbe75439b0f3d8b85b37a,,replacement_candidate_selected,[],replacement,ca2-d52c28a988ebe002c21b,cases/ca2-d52c28a988ebe002c21b.json,3fe4e07165e8a997a4045990f27bb8d01a555dd4237e4ae53e4c257441579820,,,cases/ca2r-8b568c5a45a75d104376.json,fb4b0a48f6dca9d8f5deccbc358c172e4a38800860c33ba7d96711f32f463b0d,historical_cases/ca2r-8b568c5a45a75d104376/ca2r-8b568c5a45a75d104376.json,474f6e2ee58b4766629af5e0ee704d385b573b982dfc8833460c49fa54880c16,13,first_eligible_unique_from_frozen_chain_global_order,970dc95b93fd579b9615b2e37fc71d25e8fed8bf6e6b8a76023d8f7af5c8c406,a18c0040510cddc88d59e602bac53bbcafbe5dfbc978cff0134cb513de79fc53,24664322,0xed71e72ba1be2cff06438fab558a79936414d24dd1f6d3e58ecadc2a8f673fe5,ca2r-8b568c5a45a75d104376,ca2r-8b568c5a45a75d104376,historical_cases/ca2r-8b568c5a45a75d104376/ca2r-8b568c5a45a75d104376.json,474f6e2ee58b4766629af5e0ee704d385b573b982dfc8833460c49fa54880c16
hedgeyfinance,defihacklabs,ethereum,19687889,0xbc452fdc8f851d7c5b72e1fe74dfb63bb793d511,shanghai,ca2-4e64c62c912196653625,2024-04-19,HedgeyFinance,Logic Flaw,src/test/2024-04/HedgeyFinance_exp.sol,mainnet,https://github.com/SunWeb3Sec/DeFiHackLabs/blob/main/past/2024/README.md,frozen_public_source_hashed,db3b13fa1cbf75bffec4662240ebd762c5af6c92d2608b9aecde80a8d7802b08,da054823043fabcbaea1af2633f5fbfd808347c1eed7abc0810e4f2d10ddff04,"[""https://twitter.com/Cube3AI/status/1781294512716820918""]",[],48M USD,exact_contract_basename,True,True,,,2024-04-19,,,,blocked_missing_onchain_and_availability_evidence,"[""missing:deployment_block"", ""missing:prediction_cutoff_block"", ""missing:source_availability_time"", ""missing:runtime_bytecode_hash_at_cutoff"", ""missing:outcome_adjudication_id""]",retained,,cases/ca2-4e64c62c912196653625.json,4c80feea037934c7636a9e7f4adf48d2e831b7d708ee3e1a433433b60331c5d7,cases/ca2-4e64c62c912196653625.json,bfdc9e35c7fad63e21eb8a77a5caaf5e1b9482b9061eaa2c5f23afa56396cfef,,,,,,,,,,,,ca2-4e64c62c912196653625,cases/ca2-4e64c62c912196653625.json,bfdc9e35c7fad63e21eb8a77a5caaf5e1b9482b9061eaa2c5f23afa56396cfef
ngfs,defihacklabs,bsc,38167372,0xa608985f5b40cdf6862bec775207f84280a91e3a,shanghai,ca2-b76182b1e2e51faa9428,2024-04-25,NGFS,Bad Access Control,src/test/2024-04/NGFS_exp.sol,bsc,https://github.com/SunWeb3Sec/DeFiHackLabs/blob/main/past/2024/README.md,frozen_public_source_hashed,db3b13fa1cbf75bffec4662240ebd762c5af6c92d2608b9aecde80a8d7802b08,cdc98e342b5f20196760b8f3f3fa386d8ace8de704cd4376f967a19581aea5ff,"[""https://twitter.com/CertiKAlert/status/1783476515331616847""]",[],~190K,exact_contract_basename,True,True,,,2024-04-25,,,,blocked_missing_onchain_and_availability_evidence,"[""missing:deployment_block"", ""missing:prediction_cutoff_block"", ""missing:source_availability_time"", ""missing:runtime_bytecode_hash_at_cutoff"", ""missing:outcome_adjudication_id""]",retained,,cases/ca2-b76182b1e2e51faa9428.json,596aa01faec9180dee9be1fd5de104173a9bf854e4e6f99f72d4e3fd19b189e0,cases/ca2-b76182b1e2e51faa9428.json,c397fad313a4ccea71683cef283954bd87915bfcd172e5035f1a37103e93e3e4,,,,,,,,,,,,ca2-b76182b1e2e51faa9428,cases/ca2-b76182b1e2e51faa9428.json,c397fad313a4ccea71683cef283954bd87915bfcd172e5035f1a37103e93e3e4
satx,defihacklabs,bsc,37914433,0xfd80a436da2f4f4c42a5dbfa397064cfeb7d9508,shanghai,ca2-170efb900eb90211eaa2,2024-04-16,SATX,Logic Flaw,src/test/2024-04/SATX_exp.sol,bsc,https://github.com/SunWeb3Sec/DeFiHackLabs/blob/main/past/2024/README.md,frozen_public_source_hashed,db3b13fa1cbf75bffec4662240ebd762c5af6c92d2608b9aecde80a8d7802b08,175d3783beef60cdcf7797db25f9faa90f4ff8539e9df558f3bb259ec23aa21a,"[""https://x.com/bbbb/status/1780341239801393479""]",[],~ 50 BNB,exact_contract_basename,True,True,,,2024-04-16,,,,blocked_missing_onchain_and_availability_evidence,"[""missing:deployment_block"", ""missing:prediction_cutoff_block"", ""missing:source_availability_time"", ""missing:runtime_bytecode_hash_at_cutoff"", ""missing:outcome_adjudication_id""]",retained,,cases/ca2-170efb900eb90211eaa2.json,5f730eec9450976f4164b4f89ff6768ff7effac49237c1d8ec0757fce2f87340,cases/ca2-170efb900eb90211eaa2.json,ba76a6461941795bc7369d18336590f6945c283b5fb0347dcb6ef00cce6dd7f1,,,,,,,,,,,,ca2-170efb900eb90211eaa2,cases/ca2-170efb900eb90211eaa2.json,ba76a6461941795bc7369d18336590f6945c283b5fb0347dcb6ef00cce6dd7f1
squid,defihacklabs,bsc,37672969,0xd309f0fd5c3b90ecfb7024ede7d329d9582492c5,shanghai,ca2-b7fe5ed86edfbd9edb3a,2024-04-08,SQUID,sandwich attack,src/test/2024-04/SQUID_exp.sol,bsc,https://github.com/SunWeb3Sec/DeFiHackLabs/blob/main/past/2024/README.md,frozen_public_source_hashed,db3b13fa1cbf75bffec4662240ebd762c5af6c92d2608b9aecde80a8d7802b08,9aeb0332c8dd2dcc094ae6b2e1d3d8e3ea2429456e4b640a45aea0a323a2fc94,"[""https://twitter.com/bbbb/status/1777228277415039304""]",[],$~87K USD,exact_contract_basename,True,True,,,2024-04-08,,,,blocked_missing_onchain_and_availability_evidence,"[""missing:deployment_block"", ""missing:prediction_cutoff_block"", ""missing:source_availability_time"", ""missing:runtime_bytecode_hash_at_cutoff"", ""missing:outcome_adjudication_id""]",retained,,cases/ca2-b7fe5ed86edfbd9edb3a.json,5bbdfd32ff574670d1b0bf0531835ea0114c6bfbe78b2e09297e5303bcac5113,cases/ca2-b7fe5ed86edfbd9edb3a.json,4238a22b740f0b6e09a3bfa71003c421762e67aa6570d9c69ab834378db87688,,,,,,,,,,,,ca2-b7fe5ed86edfbd9edb3a,cases/ca2-b7fe5ed86edfbd9edb3a.json,4238a22b740f0b6e09a3bfa71003c421762e67aa6570d9c69ab834378db87688
DEXRouter,defihacklabs-temporal-replacement-finalization,bsc,32161325,0x1f7cf218b46e613d1ba54cac11dc1b5368d94fb7,,ca2-f7368dc0ef887de15bf4,2023-09-29,DEXRouter,replacement_candidate,,bsc,,replacement_candidate_historical_snapshot_verified,5ab908f0cf524f36d155e21c21cada8e95504b0313f275afc860eb3b17f57885,3a8c73ce36a38c84dbd9219a7313da2945fb1f450dd3eed55d97bf25eb38aed0,[],"[""0xf77c5904da98d3d4a6e651d0846d35545ef5ca0b969132ae81a9c63e1efc2113""]",,frozen_chain_global_order_finalization,True,True,9179432,9208219,32161326,,2ad800233ad15684c39f64824824cb7174f1c7d24b83cb49349798cd09691c20,,replacement_candidate_selected,[],replacement,ca2-70b6e2354548bbf8e66c,cases/ca2-70b6e2354548bbf8e66c.json,7a236ca561c267a12c9b50c605ce0c086f3d537fb37ea121d86bb24551648781,,,cases/ca2r-78aa47e4d635df3fecbd.json,866f0a6c39a745dda3ac9c2d8e19c2da1345ea17f1ceba43941037bf9d070c16,historical_cases/ca2r-78aa47e4d635df3fecbd/ca2r-78aa47e4d635df3fecbd.json,5d0ea9d09c02fbf4d577b1a59280f85ec6c978bf32edb3447e04dd47a75c0dd0,17,first_eligible_unique_from_frozen_chain_global_order,5ab908f0cf524f36d155e21c21cada8e95504b0313f275afc860eb3b17f57885,1b5a1d9c3166c2b9d60fefc71f8e12d2c3d2f604b259d662e38310d39db6838b,32161325,0xf77c5904da98d3d4a6e651d0846d35545ef5ca0b969132ae81a9c63e1efc2113,ca2r-78aa47e4d635df3fecbd,ca2r-78aa47e4d635df3fecbd,historical_cases/ca2r-78aa47e4d635df3fecbd/ca2r-78aa47e4d635df3fecbd.json,5d0ea9d09c02fbf4d577b1a59280f85ec6c978bf32edb3447e04dd47a75c0dd0
openleverage2,defihacklabs,bsc,37470328,0xf436f8fe7b26d87eb74e5446acec2e8ad4075e47,shanghai,ca2-35c4477f5ae385f13b96,2024-04-01,OpenLeverage,business logic flaw,src/test/2024-04/OpenLeverage2_exp.sol,bsc,https://github.com/SunWeb3Sec/DeFiHackLabs/blob/main/past/2024/README.md,frozen_public_source_hashed,db3b13fa1cbf75bffec4662240ebd762c5af6c92d2608b9aecde80a8d7802b08,8928afa376159d465de3d9059561b81929a7a6678a01ddfd9373bddab7bfc12a,[],[],~234K,exact_contract_basename,True,True,,,2024-04-01,,,,blocked_missing_onchain_and_availability_evidence,"[""missing:deployment_block"", ""missing:prediction_cutoff_block"", ""missing:source_availability_time"", ""missing:runtime_bytecode_hash_at_cutoff"", ""missing:outcome_adjudication_id""]",retained,,cases/ca2-35c4477f5ae385f13b96.json,586bc10d7c5dbd84045e181980456e8a2444ccb35154883fa4697677cbfe16fe,cases/ca2-35c4477f5ae385f13b96.json,ec6a594ef48448e86c70fe6e388cab237a0e654578b952b6fae03c6cfe60b5c9,,,,,,,,,,,,ca2-35c4477f5ae385f13b96,cases/ca2-35c4477f5ae385f13b96.json,ec6a594ef48448e86c70fe6e388cab237a0e654578b952b6fae03c6cfe60b5c9
wsm,defihacklabs,bsc,37569860,0xc0afd0e40bb3dcaebd9451aa5c319b745bf792b4,shanghai,ca2-72ea322ccc16e3e5cbe0,2024-04-04,wsm,manipulating price,src/test/2024-04/WSM_exp.sol,bsc,https://github.com/SunWeb3Sec/DeFiHackLabs/blob/main/past/2024/README.md,frozen_public_source_hashed,db3b13fa1cbf75bffec4662240ebd762c5af6c92d2608b9aecde80a8d7802b08,6ebf183070e1711164de4a9e5441d20d49ab6642ebfb907bbad78b3ab459f279,"[""https://hacked.slowmist.io/#:~:text=Hacked%20target%3A%20Wall%20Street%20Memes""]",[],$~18K USD,exact_contract_basename,True,True,,,2024-04-04,,,,blocked_missing_onchain_and_availability_evidence,"[""missing:deployment_block"", ""missing:prediction_cutoff_block"", ""missing:source_availability_time"", ""missing:runtime_bytecode_hash_at_cutoff"", ""missing:outcome_adjudication_id""]",retained,,cases/ca2-72ea322ccc16e3e5cbe0.json,a244d3991c947458ccb28a4a1e23b1c67b38fa10dcc2fd02932e6ffd90526854,cases/ca2-72ea322ccc16e3e5cbe0.json,aeebadeaa1d1054e0bd024bfbd2059429e1e887b3fe105af540650a79f6806a1,,,,,,,,,,,,ca2-72ea322ccc16e3e5cbe0,cases/ca2-72ea322ccc16e3e5cbe0.json,aeebadeaa1d1054e0bd024bfbd2059429e1e887b3fe105af540650a79f6806a1
z123,defihacklabs,bsc,38077210,0xb000f121a173d7dd638bb080fee669a2f3af9760,shanghai,ca2-a5caf2554c14b71cf9ef,2024-04-22,Z123,price manipulation,src/test/2024-04/Z123_exp.sol,bsc,https://github.com/SunWeb3Sec/DeFiHackLabs/blob/main/past/2024/README.md,frozen_public_source_hashed,db3b13fa1cbf75bffec4662240ebd762c5af6c92d2608b9aecde80a8d7802b08,e6a272d372505fb0eb121b5577cad10ae7ee0fe1346ec4cc2ff01c9d29be86b5,"[""https://twitter.com/PeckShieldAlert/status/1782322484911784385""]",[],136k USD,exact_contract_basename,True,True,,,2024-04-22,,,,blocked_missing_onchain_and_availability_evidence,"[""missing:deployment_block"", ""missing:prediction_cutoff_block"", ""missing:source_availability_time"", ""missing:runtime_bytecode_hash_at_cutoff"", ""missing:outcome_adjudication_id""]",retained,,cases/ca2-a5caf2554c14b71cf9ef.json,4feaf98b5028db2d91cd2baa010e7d5f39092f0813f53e85e548b625c0d61dfb,cases/ca2-a5caf2554c14b71cf9ef.json,dd4814b1b9077b36a7665ddec75da0079b7951a0c5e70bbd5c9b24dceef5a2f7,,,,,,,,,,,,ca2-a5caf2554c14b71cf9ef,cases/ca2-a5caf2554c14b71cf9ef.json,dd4814b1b9077b36a7665ddec75da0079b7951a0c5e70bbd5c9b24dceef5a2f7
TSAggregatorGeneric,defihacklabs-temporal-replacement-finalization,bsc,51426887,0xb6fa6f1dcd686f4a573fd243a6fabb4ba36ba98c,,ca2-7d57548f67767829ee9a,2025-06-14,TSAggregatorGeneric,replacement_candidate,,bsc,,replacement_candidate_historical_snapshot_verified,891f39e758712507f7ecf6590f6f195232cbd296a759141227cdcd4c6228b1aa,6f154fe0c6d876621aa1d0f3b69728a6aef4dca872aaea496a14cedb6d039cf1,[],"[""0x077ea419bd5f0a20dc8f3da1281fbc96d6893201ebfd237742d01ae00a78e610""]",,frozen_chain_global_order_finalization,True,True,28812432,28841163,51426888,,14dc8a45de50c0f923ee17bcb89f6bbbfd61b00894046d75947e8d545ceaf824,,replacement_candidate_selected,[],replacement,ca2-5844befdcedaeb2de0d2,cases/ca2-5844befdcedaeb2de0d2.json,9f65bef2d46082a4968b1c50c56c2677ecde274ea38ef1ae0c7e08079456ec9b,,,cases/ca2r-9c92a7be5fd1d6be88ab.json,460df95768d297a3d55002ecaf271d9a17c09c1638aa130b700170d68a74cdd9,historical_cases/ca2r-9c92a7be5fd1d6be88ab/ca2r-9c92a7be5fd1d6be88ab.json,f2f13f04f252b5f4fefd9ac077cf5d1b5e41976f2589a8f7c0ab44dc20c6ad6e,13,first_eligible_unique_from_frozen_chain_global_order,891f39e758712507f7ecf6590f6f195232cbd296a759141227cdcd4c6228b1aa,d3b80fe4ed7198fc900616b269408c1d0485ef8f000f46d37adb75be862a4a9c,51426887,0x077ea419bd5f0a20dc8f3da1281fbc96d6893201ebfd237742d01ae00a78e610,ca2r-9c92a7be5fd1d6be88ab,ca2r-9c92a7be5fd1d6be88ab,historical_cases/ca2r-9c92a7be5fd1d6be88ab/ca2r-9c92a7be5fd1d6be88ab.json,f2f13f04f252b5f4fefd9ac077cf5d1b5e41976f2589a8f7c0ab44dc20c6ad6e
burner,defihacklabs,ethereum,19917290,0x4d4d05e1205e3a412ae1469c99e0d954113aa76f,shanghai,ca2-8521e5ce73f00a1df2b0,2024-05-22,Burner,sandwich ack,src/test/2024-05/Burner_exp.sol,mainnet,https://github.com/SunWeb3Sec/DeFiHackLabs/blob/main/past/2024/README.md,frozen_public_source_hashed,db3b13fa1cbf75bffec4662240ebd762c5af6c92d2608b9aecde80a8d7802b08,9dd327b708361039ad9eae2dc3d7fcf60cbf785ebdb2c4212f6a6a3c93a1493a,[],[],1.7 eth,exact_contract_basename,True,True,,,2024-05-22,,,,blocked_missing_onchain_and_availability_evidence,"[""missing:deployment_block"", ""missing:prediction_cutoff_block"", ""missing:source_availability_time"", ""missing:runtime_bytecode_hash_at_cutoff"", ""missing:outcome_adjudication_id""]",retained,,cases/ca2-8521e5ce73f00a1df2b0.json,ef16a5d5f0de9071b3b141d3a0ca5c6d63a6432ff41f65c5a7f697fa58d0a481,cases/ca2-8521e5ce73f00a1df2b0.json,9bebd64dd8a58110fbc1d782eb204bf4a7cbd3d817aea8de77be77245073b7f8,,,,,,,,,,,,ca2-8521e5ce73f00a1df2b0,cases/ca2-8521e5ce73f00a1df2b0.json,9bebd64dd8a58110fbc1d782eb204bf4a7cbd3d817aea8de77be77245073b7f8
excommunity,defihacklabs,bsc,39123756,0xdf4895cd8247284ae3a7b3e28cf6c03113fada5f,shanghai,ca2-3503e03a9a7fd4a87fe3,2024-05-28,EXcommunity,Business Logic Flaw,src/test/2024-05/EXcommunity_exp.sol,bsc,https://github.com/SunWeb3Sec/DeFiHackLabs/blob/main/past/2024/README.md,frozen_public_source_hashed,db3b13fa1cbf75bffec4662240ebd762c5af6c92d2608b9aecde80a8d7802b08,26d6230ac9333918e343cfd541228c24d7433528e51810166077f16609a20473,"[""https://x.com/SlowMist_Team/status/1795648617530995130""]",[],33BNB,exact_contract_basename,True,True,,,2024-05-28,,,,blocked_missing_onchain_and_availability_evidence,"[""missing:deployment_block"", ""missing:prediction_cutoff_block"", ""missing:source_availability_time"", ""missing:runtime_bytecode_hash_at_cutoff"", ""missing:outcome_adjudication_id""]",retained,,cases/ca2-3503e03a9a7fd4a87fe3.json,6b74d8b07b906bc261f276b328d962c4cc663c178ac24020fe896b863df84892,cases/ca2-3503e03a9a7fd4a87fe3.json,fe3390fea3184dfdda412b6e525202ba5ba21c1ad35c57a5426d5bd27ed7534b,,,,,,,,,,,,ca2-3503e03a9a7fd4a87fe3,cases/ca2-3503e03a9a7fd4a87fe3.json,fe3390fea3184dfdda412b6e525202ba5ba21c1ad35c57a5426d5bd27ed7534b
sumermoney,defihacklabs,base,13076768,0x7b5969bb51fa3b002579d7ee41a454ac691716dc,shanghai,ca2-0583d91c7785bb31ad8f,2024-04-12,SumerMoney,Reentrancy,src/test/2024-04/SumerMoney_exp.sol,base,https://github.com/SunWeb3Sec/DeFiHackLabs/blob/main/past/2024/README.md,frozen_public_source_hashed,db3b13fa1cbf75bffec4662240ebd762c5af6c92d2608b9aecde80a8d7802b08,6cc89722848c536bcd753f43891230e7b3a988e74cdc7d55656ff1fc0078e409,[],[],350K,exact_contract_basename,True,True,,,2024-04-12,,,,blocked_missing_onchain_and_availability_evidence,"[""missing:deployment_block"", ""missing:prediction_cutoff_block"", ""missing:source_availability_time"", ""missing:runtime_bytecode_hash_at_cutoff"", ""missing:outcome_adjudication_id""]",retained,,cases/ca2-0583d91c7785bb31ad8f.json,0352299a1e98ef66784416deac34c342828437daaaa123c6786b0af74885af60,cases/ca2-0583d91c7785bb31ad8f.json,df8eed1dd4bd5fbe69772d7d2bb0b11ece7343aca052bba27f78d3715fa075f3,,,,,,,,,,,,ca2-0583d91c7785bb31ad8f,cases/ca2-0583d91c7785bb31ad8f.json,df8eed1dd4bd5fbe69772d7d2bb0b11ece7343aca052bba27f78d3715fa075f3
metadragon,defihacklabs,bsc,39141426,0xef1f39d8391cddcaee62b8b383cb992f46a6ce4f,shanghai,ca2-9896be8cb2fd2c2b336c,2024-05-29,MetaDragon,Lack of Access Control,src/test/2024-05/MetaDragon_exp.sol,bsc,https://github.com/SunWeb3Sec/DeFiHackLabs/blob/main/past/2024/README.md,frozen_public_source_hashed,db3b13fa1cbf75bffec4662240ebd762c5af6c92d2608b9aecde80a8d7802b08,1e9b3302b8ae889be71e7956627b95c3c1ab4311ce3571bab3ad4d931b13ebd2,"[""https://x.com/Phalcon_xyz/status/1795746828064854497""]",[],~ $180k,exact_contract_basename,True,True,,,2024-05-29,,,,blocked_missing_onchain_and_availability_evidence,"[""missing:deployment_block"", ""missing:prediction_cutoff_block"", ""missing:source_availability_time"", ""missing:runtime_bytecode_hash_at_cutoff"", ""missing:outcome_adjudication_id""]",retained,,cases/ca2-9896be8cb2fd2c2b336c.json,c0e8ab28f6eaf9c569f78faaf3bc41d658b1c0f99c072374dba46a2f6b884e45,cases/ca2-9896be8cb2fd2c2b336c.json,7ef328c6457e40636985483a499e69d27969292088b5bde084b104261f75e044,,,,,,,,,,,,ca2-9896be8cb2fd2c2b336c,cases/ca2-9896be8cb2fd2c2b336c.json,7ef328c6457e40636985483a499e69d27969292088b5bde084b104261f75e044
ATMBlindBox,defihacklabs-temporal-replacement-finalization,bsc,87517071,0x1f8336aef584795e282fece8de356babd7734c59,,ca2-6330139e9160d6464fd9,2026-03-19,ATMBlindBox,replacement_candidate,,bsc,,replacement_candidate_historical_snapshot_verified,8e77729a00d8c3e151b419c26eb4e8240e2df5b5d87ae861c60a4b1175f6f269,1e7dae9bfcc87b96d16137146aced6e6b81830b2e6e10f97a4b6d7b92fce0879,[],"[""0xb74a572967ce997afa5920811e6a9dc8b82a6e41ee31fa4d1a24a85aec89e342""]",,frozen_chain_global_order_finalization,True,True,87295347,87487254,87517892,,0ee03d1342eceb7d280794e8bd249776b144e76f54560bed824a1b36c629abfd,,replacement_candidate_selected,[],replacement,ca2-197017d8b5918b4ce2c0,cases/ca2-197017d8b5918b4ce2c0.json,fafd16f54b98e719b3a52c7fb99d3b5621f5ecef6c1908ef57f23e60e6937c6b,,,cases/ca2r-e22bc2bae94b6b863002.json,e0f279a89a2950f49f6d405a8a32b03b2d9b3755f6d66a0e69d95b6ae361f605,historical_cases/ca2r-e22bc2bae94b6b863002/ca2r-e22bc2bae94b6b863002.json,1b13d55bf68cf2d937a709004ea328cc9724ab3ba7724a2a5b208f9d1d25564d,6,first_eligible_unique_from_frozen_chain_global_order,8e77729a00d8c3e151b419c26eb4e8240e2df5b5d87ae861c60a4b1175f6f269,a18c0040510cddc88d59e602bac53bbcafbe5dfbc978cff0134cb513de79fc53,87517071,0xb74a572967ce997afa5920811e6a9dc8b82a6e41ee31fa4d1a24a85aec89e342,ca2r-e22bc2bae94b6b863002,ca2r-e22bc2bae94b6b863002,historical_cases/ca2r-e22bc2bae94b6b863002/ca2r-e22bc2bae94b6b863002.json,1b13d55bf68cf2d937a709004ea328cc9724ab3ba7724a2a5b208f9d1d25564d
liquiditytokens,defihacklabs,bsc,39198657,0x028c911c10c9e346158206991e02d09bd0a8a35b,shanghai,ca2-33876c68131f30cf0f4a,2024-05-31,Liquiditytokens,Business Logic Flaw,src/test/2024-05/Liquiditytokens_exp.sol,bsc,https://github.com/SunWeb3Sec/DeFiHackLabs/blob/main/past/2024/README.md,frozen_public_source_hashed,db3b13fa1cbf75bffec4662240ebd762c5af6c92d2608b9aecde80a8d7802b08,a4cea0dac6a525cc4a4cce0b03ddd11e80fcb5432ec49be30d50c2300f1584ae,"[""https://x.com/EXVULSEC/status/1796499069583724638""]",[],~200K USD,exact_contract_basename,True,True,,,2024-05-31,,,,blocked_missing_onchain_and_availability_evidence,"[""missing:deployment_block"", ""missing:prediction_cutoff_block"", ""missing:source_availability_time"", ""missing:runtime_bytecode_hash_at_cutoff"", ""missing:outcome_adjudication_id""]",retained,,cases/ca2-33876c68131f30cf0f4a.json,18b113e734f1711e45fbde0e4095b197dd1994a66cda84263d7c9535ed8e3e43,cases/ca2-33876c68131f30cf0f4a.json,86f450df67e1cd0ff410ce763c4747fd0606b988615f54518eac0aba4d740655,,,,,,,,,,,,ca2-33876c68131f30cf0f4a,cases/ca2-33876c68131f30cf0f4a.json,86f450df67e1cd0ff410ce763c4747fd0606b988615f54518eac0aba4d740655
SlurpyCoin,defihacklabs-temporal-replacement-finalization,bsc,44990635,0x72c114a1a4abc65be2be3e356eede296dbb8ba4c,,ca2-a2f6f3e29675d1bc32f6,2024-12-18,SlurpyCoin,replacement_candidate,,bsc,,replacement_candidate_historical_snapshot_verified,c9a528c2977ab011daf56aef16ec86251587ad593d2e773ac8445891d069ee51,9f38d5ba169d7d031af398c42962cda502f12fc0371d54eac7a9a5cc0cbd36b0,[],"[""0x6c729ee778332244de099ba0cb68808fcd7be4a667303fcdf2f54dd4b3d29051""]",,frozen_chain_global_order_finalization,True,True,8591829,8620554,44990635,,389951f4cbde2312a9348e9b8a8224ab29c9a4c9312f665b5e212c8f5b2b35c8,,replacement_candidate_selected,[],replacement,ca2-645b4941b3f47a925ccb,cases/ca2-645b4941b3f47a925ccb.json,69a97960c8b88f51f705f19de14cd2ccc885097d8e0aa9d64611ecfabbcf4ae8,,,cases/ca2r-b974d5d0842cce12a330.json,fa07c4fe1c5b76c6341e896bc27cf05f781e970f3f72c08ac701e9daeb986ec8,historical_cases/ca2r-b974d5d0842cce12a330/ca2r-b974d5d0842cce12a330.json,361ea3b66e0eaf795e56688aaef7298622619c03922de75e178621612f988d5b,15,first_eligible_unique_from_frozen_chain_global_order,c9a528c2977ab011daf56aef16ec86251587ad593d2e773ac8445891d069ee51,db3b13fa1cbf75bffec4662240ebd762c5af6c92d2608b9aecde80a8d7802b08,44990635,0x6c729ee778332244de099ba0cb68808fcd7be4a667303fcdf2f54dd4b3d29051,ca2r-b974d5d0842cce12a330,ca2r-b974d5d0842cce12a330,historical_cases/ca2r-b974d5d0842cce12a330/ca2r-b974d5d0842cce12a330.json,361ea3b66e0eaf795e56688aaef7298622619c03922de75e178621612f988d5b
normie,defihacklabs,base,14952782,0x7f12d13b34f5f4f0a9449c16bcd42f0da47af200,shanghai,ca2-470ed35ca97a31cab7dd,2024-05-26,NORMIE,Business Logic Flaw,src/test/2024-05/NORMIE_exp.sol,base,https://github.com/SunWeb3Sec/DeFiHackLabs/blob/main/past/2024/README.md,frozen_public_source_hashed,db3b13fa1cbf75bffec4662240ebd762c5af6c92d2608b9aecde80a8d7802b08,1668476350face84c4047a54866f1d20196edb0343f825c46251fd24fff24262,"[""https://x.com/lookonchain/status/1794680612399542672""]",[],$490K,exact_contract_basename,True,True,,,2024-05-26,,,,blocked_missing_onchain_and_availability_evidence,"[""missing:deployment_block"", ""missing:prediction_cutoff_block"", ""missing:source_availability_time"", ""missing:runtime_bytecode_hash_at_cutoff"", ""missing:outcome_adjudication_id""]",retained,,cases/ca2-470ed35ca97a31cab7dd.json,1374523e94fb6666eaf16674a7a56aaef76fcd63db678e9a360e6e13588e274c,cases/ca2-470ed35ca97a31cab7dd.json,5f37156719a943706e0e275ccec2cc7802fd3e5bc55c82a17c1bd5f4fbf4dd7a,,,,,,,,,,,,ca2-470ed35ca97a31cab7dd,cases/ca2-470ed35ca97a31cab7dd.json,5f37156719a943706e0e275ccec2cc7802fd3e5bc55c82a17c1bd5f4fbf4dd7a
osn,defihacklabs,bsc,38474365,0x810f4c6ae97bcc66da5ae6383cc31bd3670f6d13,shanghai,ca2-351de4f0c9d0919d5212,2024-05-06,OSN,Reward Distribution Problem,src/test/2024-05/OSN_exp.sol,bsc,https://github.com/SunWeb3Sec/DeFiHackLabs/blob/main/past/2024/README.md,frozen_public_source_hashed,db3b13fa1cbf75bffec4662240ebd762c5af6c92d2608b9aecde80a8d7802b08,878a5450867bc251fd18574d2e3f1a024904b760638fb6c3d600f58ca029b29e,"[""https://twitter.com/SlowMist_Team/status/1787330586857861564""]",[],~109K USD,exact_contract_basename,True,True,,,2024-05-06,,,,blocked_missing_onchain_and_availability_evidence,"[""missing:deployment_block"", ""missing:prediction_cutoff_block"", ""missing:source_availability_time"", ""missing:runtime_bytecode_hash_at_cutoff"", ""missing:outcome_adjudication_id""]",retained,,cases/ca2-351de4f0c9d0919d5212.json,73c9d12a023b4155aa464ea79fc60bebdae5376f78b2975731566a1075f94548,cases/ca2-351de4f0c9d0919d5212.json,a4d28253cf018bd0092121f8aeda97547d49a395cc033e95a7b7c82c499924b8,,,,,,,,,,,,ca2-351de4f0c9d0919d5212,cases/ca2-351de4f0c9d0919d5212.json,a4d28253cf018bd0092121f8aeda97547d49a395cc033e95a7b7c82c499924b8
BaseBebopSettlement,defihacklabs-temporal-replacement-finalization,base,34100255,0xbeb0b0623f66be8ce162ebdfa2ec543a522f4ea6,,ca2-5e2c8b988ed2dd09b840,2025-08-12,BaseBebopSettlement,replacement_candidate,,base,,replacement_candidate_historical_snapshot_verified,1984f28b3064a50ef433f777791bb794c39415d67e4468f943e4ed88062d3e5e,574d8a5c10e3be7b15c654d42207a9b176ff80e10ab80511561ac29cc0636dd0,[],"[""0x9099383a0731fcd40550f6443c935f579085251d34b7c7285603f68b7c12f678""]",,frozen_chain_global_order_finalization,True,True,23918822,23962022,34100256,,a2c7be5685f8de086905746b76692601d8590d6b88afa8e2c402e07a3fceb8a2,,replacement_candidate_selected,[],replacement,ca2-8fc93c5fa8fffa0c5fa4,cases/ca2-8fc93c5fa8fffa0c5fa4.json,cb762bab9c99dad419615a49340d6cf3da3d0de153837127e77dc6dbcdca480c,,,cases/ca2r-d88870d32e6a33a7cd53.json,b7222f7b4c5646c1f15c5e2769a543f6baec92749c587ed5e095f781e15751a4,historical_cases/ca2r-d88870d32e6a33a7cd53/ca2r-d88870d32e6a33a7cd53.json,0a317212b1b36021957c0b3220bf621b68b44535ae98fb65e1d1f3b44dda7ab8,2,first_eligible_unique_from_frozen_chain_global_order,1984f28b3064a50ef433f777791bb794c39415d67e4468f943e4ed88062d3e5e,d3b80fe4ed7198fc900616b269408c1d0485ef8f000f46d37adb75be862a4a9c,34100255,0x9099383a0731fcd40550f6443c935f579085251d34b7c7285603f68b7c12f678,ca2r-d88870d32e6a33a7cd53,ca2r-d88870d32e6a33a7cd53,historical_cases/ca2r-d88870d32e6a33a7cd53/ca2r-d88870d32e6a33a7cd53.json,0a317212b1b36021957c0b3220bf621b68b44535ae98fb65e1d1f3b44dda7ab8
LeverageSIR,defihacklabs-temporal-replacement-finalization,ethereum,22157900,0xb91ae2c8365fd45030aba84a4666c4db074e53e7,,ca2-c18bc2a1d0fa9e55db58,2025-03-30,LeverageSIR,replacement_candidate,,ethereum,,replacement_candidate_historical_snapshot_verified,b6a86d04c18800cdb49c39670bba9851281ca9c99ee4f7de6d9982ed9cd11860,f697a6cd93e8c24448ce3576ddf9004205fcfbcd8f61440f9eb903f3a40c0d6d,[],"[""0xa05f047ddfdad9126624c4496b5d4a59f961ee7c091e7b4e38cee86f1335736f""]",,frozen_chain_global_order_finalization,True,True,21888482,21895632,22157900,,a648e0a2c951675aa934fe7b1c7f6d79e16d260091689a8fbb3cd686c0e3fb9f,,replacement_candidate_selected,[],replacement,ca2-1d880dd41ec2f04c67b7,cases/ca2-1d880dd41ec2f04c67b7.json,e568c296470b542ce40727e16380632645938ebe319dfa3e820e295f5a385bd2,,,cases/ca2r-ba5125556e042805b88d.json,a6a9d4e551f2ff803c2841348869be448e70eedfb6d7ecd91ed94fc822235974,historical_cases/ca2r-ba5125556e042805b88d/ca2r-ba5125556e042805b88d.json,8d247daf14e012af4b221dd411a112f86759458f66e5a96f64a00d1225ee8ab8,2,first_eligible_unique_from_frozen_chain_global_order,b6a86d04c18800cdb49c39670bba9851281ca9c99ee4f7de6d9982ed9cd11860,d3b80fe4ed7198fc900616b269408c1d0485ef8f000f46d37adb75be862a4a9c,22157900,0xa05f047ddfdad9126624c4496b5d4a59f961ee7c091e7b4e38cee86f1335736f,ca2r-ba5125556e042805b88d,ca2r-ba5125556e042805b88d,historical_cases/ca2r-ba5125556e042805b88d/ca2r-ba5125556e042805b88d.json,8d247daf14e012af4b221dd411a112f86759458f66e5a96f64a00d1225ee8ab8
crb2,defihacklabs,bsc,39651175,0xee6de822159765daf0fd72d71529d7ab026ec2f2,shanghai,ca2-9a214e9ce45a57c562e3,2024-06-16,Crb2,business logic flaw,src/test/2024-06/Crb2_exp.sol,bsc,https://github.com/SunWeb3Sec/DeFiHackLabs/blob/main/past/2024/README.md,frozen_public_source_hashed,db3b13fa1cbf75bffec4662240ebd762c5af6c92d2608b9aecde80a8d7802b08,d4776b2c0dd3e41c587fb086e813a82db68119563fed2cb7d67be2fad17ea62b,[],[],~15K,exact_contract_basename,True,True,,,2024-06-16,,,,blocked_missing_onchain_and_availability_evidence,"[""missing:deployment_block"", ""missing:prediction_cutoff_block"", ""missing:source_availability_time"", ""missing:runtime_bytecode_hash_at_cutoff"", ""missing:outcome_adjudication_id""]",retained,,cases/ca2-9a214e9ce45a57c562e3.json,cf7f098d2782ce95fa97d5ff62a620d89e2efe6087042a22b95fb358f1f2c638,cases/ca2-9a214e9ce45a57c562e3.json,6d7e8009d1ad523cd2aeae0b523e8650fea4aaa2c26c45970ca191d182977706,,,,,,,,,,,,ca2-9a214e9ce45a57c562e3,cases/ca2-9a214e9ce45a57c562e3.json,6d7e8009d1ad523cd2aeae0b523e8650fea4aaa2c26c45970ca191d182977706
incufi,defihacklabs,bsc,39729927,0x80df77b2ae5828ff499a735ee823d6cd7cf95f5a,shanghai,ca2-42413804b9b826875275,2024-06-18,INcufi,business logic flaw,src/test/2024-06/INcufi_exp.sol,bsc,https://github.com/SunWeb3Sec/DeFiHackLabs/blob/main/past/2024/README.md,frozen_public_source_hashed,db3b13fa1cbf75bffec4662240ebd762c5af6c92d2608b9aecde80a8d7802b08,6250ecba3d8bd005ba1e2ac25a675355ca4c85f81f40c89b9498b2ba1c9d56fb,[],[],~59K USD,exact_contract_basename,True,True,,,2024-06-18,,,,blocked_missing_onchain_and_availability_evidence,"[""missing:deployment_block"", ""missing:prediction_cutoff_block"", ""missing:source_availability_time"", ""missing:runtime_bytecode_hash_at_cutoff"", ""missing:outcome_adjudication_id""]",retained,,cases/ca2-42413804b9b826875275.json,5587bf5f0481b67de96b8818ba5ead71dd64328a01f67bb732822f6836158376,cases/ca2-42413804b9b826875275.json,86d5a781da4e9229d0a66fce02b79c8e07cf877a1fe66a4f260a1f08277a4353,,,,,,,,,,,,ca2-42413804b9b826875275,cases/ca2-42413804b9b826875275.json,86d5a781da4e9229d0a66fce02b79c8e07cf877a1fe66a4f260a1f08277a4353
BetaPresale,defihacklabs-temporal-replacement-finalization,bsc,49951833,0x760c2aaa22220f24b9343b2a91a62dd664953853,,ca2-324926ca92042b3a084e,2025-05-19,BetaPresale,replacement_candidate,,bsc,,replacement_candidate_historical_snapshot_verified,f2b26c74f3aee6b96849d5f8f30d5d0826c95554e240583ca57350855c9e64ed,1aebb59feee7c856567b5bea7113e3d2415925d6283491a0a61f775d629c4a35,[],"[""0x47670c20325924e89aa87fcdd41df88c21246bd972056736e7964799831abf12""]",,frozen_chain_global_order_finalization,True,True,6554481,6583241,49951834,,a178b12c486692e2ca5f861f748f6aa8fff63935b3467ea5911d8b8eb3f2a584,,replacement_candidate_selected,[],replacement,ca2-0727c8432700660b91c2,cases/ca2-0727c8432700660b91c2.json,1e7710039037ca5e3e048b53a17f58ed5fff5382a35e74ce67a7c67a0182b322,,,cases/ca2r-13900db60de0d818c3a8.json,88295977c8e5670584292a8054843822ee5f9cc5607e4a5ae41b0e36bedc2497,historical_cases/ca2r-13900db60de0d818c3a8/ca2r-13900db60de0d818c3a8.json,b319c848e212702596b8a347c3b03da99e7a341c63cdc3d3b386791f22983bf4,3,first_eligible_unique_from_frozen_chain_global_order,f2b26c74f3aee6b96849d5f8f30d5d0826c95554e240583ca57350855c9e64ed,d3b80fe4ed7198fc900616b269408c1d0485ef8f000f46d37adb75be862a4a9c,49951833,0x47670c20325924e89aa87fcdd41df88c21246bd972056736e7964799831abf12,ca2r-13900db60de0d818c3a8,ca2r-13900db60de0d818c3a8,historical_cases/ca2r-13900db60de0d818c3a8/ca2r-13900db60de0d818c3a8.json,b319c848e212702596b8a347c3b03da99e7a341c63cdc3d3b386791f22983bf4
tradeonorion,defihacklabs,bsc,39104878,0xe9d1d2a27458378dd6c6f0b2c390807aed2217ca,shanghai,ca2-7d8bff5c879f84e09ee4,2024-05-28,Tradeonorion,Business Logic Flaw,src/test/2024-05/Tradeonorion_exp.sol,bsc,https://github.com/SunWeb3Sec/DeFiHackLabs/blob/main/past/2024/README.md,frozen_public_source_hashed,db3b13fa1cbf75bffec4662240ebd762c5af6c92d2608b9aecde80a8d7802b08,ee395b7b8664604d26884bba4950beb883014e652e33621ab703f2e428213d69,"[""https://x.com/MetaSec_xyz/status/1796008961302258001""]",[],~645K,exact_contract_basename,True,True,,,2024-05-28,,,,blocked_missing_onchain_and_availability_evidence,"[""missing:deployment_block"", ""missing:prediction_cutoff_block"", ""missing:source_availability_time"", ""missing:runtime_bytecode_hash_at_cutoff"", ""missing:outcome_adjudication_id""]",retained,,cases/ca2-7d8bff5c879f84e09ee4.json,ff7aef74a79b3a016c190f21197d8c0035f69342b0f8da083f05a7043607e098,cases/ca2-7d8bff5c879f84e09ee4.json,9f8375bf31cbc6e374bae49e9d2f20079a11c4a7b9c51515cdfe2e27923e2b0c,,,,,,,,,,,,ca2-7d8bff5c879f84e09ee4,cases/ca2-7d8bff5c879f84e09ee4.json,9f8375bf31cbc6e374bae49e9d2f20079a11c4a7b9c51515cdfe2e27923e2b0c
dyson_money,defihacklabs,bsc,39684702,0x2b9bda587ee04fe51c5431709afbafb295f94bb4,shanghai,ca2-5e2d8f30a0d9b1dc548d,2024-06-17,Dyson_money,business logic flaw,src/test/2024-06/Dyson_money_exp.sol,bsc,https://github.com/SunWeb3Sec/DeFiHackLabs/blob/main/past/2024/README.md,frozen_public_source_hashed,db3b13fa1cbf75bffec4662240ebd762c5af6c92d2608b9aecde80a8d7802b08,6b70b83131463d105ba87674979eb794bf78d0434383b305cfcdbc206f5f160a,[],[],52 BNB,exact_contract_basename,True,True,,,2024-06-17,,,,blocked_missing_onchain_and_availability_evidence,"[""missing:deployment_block"", ""missing:prediction_cutoff_block"", ""missing:source_availability_time"", ""missing:runtime_bytecode_hash_at_cutoff"", ""missing:outcome_adjudication_id""]",retained,,cases/ca2-5e2d8f30a0d9b1dc548d.json,a5f09061af0ec7f015147e9e946c09057afd3d231992f51d8b563a8dfac6f7a0,cases/ca2-5e2d8f30a0d9b1dc548d.json,4909dde9839ca9f1026c27a03af295a52197e842bbfa58121181f47002519079,,,,,,,,,,,,ca2-5e2d8f30a0d9b1dc548d,cases/ca2-5e2d8f30a0d9b1dc548d.json,4909dde9839ca9f1026c27a03af295a52197e842bbfa58121181f47002519079
P719Token,defihacklabs-temporal-replacement-finalization,bsc,43023423,0x6beee2b57b064eac5f432fc19009e3e78734eabc,,ca2-9c986971a7cb2a1d5317,2024-10-11,P719Token,replacement_candidate,,bsc,,replacement_candidate_historical_snapshot_verified,5a463ec6bc9261a2be63e8ba721121642c3eaade81aabbf81c6ebfbde25fcb4b,34967930cab2d04caf24c6e46e74d42e4dc9afbb5020d2255dbf34a628b39137,[],"[""0x9afcac8e82180fa5b2f346ca66cf6eb343cd1da5a2cd1b5117eb7eaaebe953b3""]",,frozen_chain_global_order_finalization,True,True,42965424,42994224,43023423,,e3f04d60afc1fd04377efac38f19a9ca6f6d4d0cb73f67ca77faa936869b33dd,,replacement_candidate_selected,[],replacement,ca2-30fa2f4b25bbff890f55,cases/ca2-30fa2f4b25bbff890f55.json,1cff9dbbd99b0262d76352d2656eb1469839552a7758aa0b2230b8747850f9d0,,,cases/ca2r-04d28cc672bd269a3cf0.json,608f779c5b16d9ed4395034a3fcccec526b6378ab3247cb686c5b971f61a0ece,historical_cases/ca2r-04d28cc672bd269a3cf0/ca2r-04d28cc672bd269a3cf0.json,11b397f58dc1bea7dd034b33263b3fca8984a59922474b780143911a018d18b1,9,first_eligible_unique_from_frozen_chain_global_order,5a463ec6bc9261a2be63e8ba721121642c3eaade81aabbf81c6ebfbde25fcb4b,db3b13fa1cbf75bffec4662240ebd762c5af6c92d2608b9aecde80a8d7802b08,43023423,0x9afcac8e82180fa5b2f346ca66cf6eb343cd1da5a2cd1b5117eb7eaaebe953b3,ca2r-04d28cc672bd269a3cf0,ca2r-04d28cc672bd269a3cf0,historical_cases/ca2r-04d28cc672bd269a3cf0/ca2r-04d28cc672bd269a3cf0.json,11b397f58dc1bea7dd034b33263b3fca8984a59922474b780143911a018d18b1
wifcoin_eth,defihacklabs,ethereum,20103189,0xa1ce40702e15d0417a6c74d0bab96772f36f4e99,shanghai,ca2-616b55afdd61c6ca8b12,2024-06-16,WIFCOIN_ETH,business logic flaw,src/test/2024-06/WIFCOIN_ETH_exp.sol,mainnet,https://github.com/SunWeb3Sec/DeFiHackLabs/blob/main/past/2024/README.md,frozen_public_source_hashed,db3b13fa1cbf75bffec4662240ebd762c5af6c92d2608b9aecde80a8d7802b08,02e5f7cd9678ba36d0bafc211d04a7af173bf52b2902e344ab64554d4d14f45d,"[""https://x.com/ChainAegis/status/1802550962977964139""]",[],~3.4 ETH (WIF token),exact_contract_basename,True,True,,,2024-06-16,,,,blocked_missing_onchain_and_availability_evidence,"[""missing:deployment_block"", ""missing:prediction_cutoff_block"", ""missing:source_availability_time"", ""missing:runtime_bytecode_hash_at_cutoff"", ""missing:outcome_adjudication_id""]",retained,,cases/ca2-616b55afdd61c6ca8b12.json,ab56f0b21644b948d0e65efc9c4e816f3ce4fbe381c57e960fdeb0ba9a4a196e,cases/ca2-616b55afdd61c6ca8b12.json,1b0cce1fab57a30cf406679190c7a678d0e180322237a8b7e08d4ec9a0c78603,,,,,,,,,,,,ca2-616b55afdd61c6ca8b12,cases/ca2-616b55afdd61c6ca8b12.json,1b0cce1fab57a30cf406679190c7a678d0e180322237a8b7e08d4ec9a0c78603
jokinthebox,defihacklabs,ethereum,20054628,0xa6447f6156effd23ec3b57d5edd978349e4e192d,cancun,ca2-eaf1e84be2ca5fa8830a,2024-06-11,JokInTheBox,business logic flaw,src/test/2024-06/JokInTheBox_exp.sol,mainnet,https://github.com/SunWeb3Sec/DeFiHackLabs/blob/main/past/2024/README.md,frozen_public_source_hashed,db3b13fa1cbf75bffec4662240ebd762c5af6c92d2608b9aecde80a8d7802b08,5f333e23531dbcee19db71cc3769d32f1c42dd82ba38dbf97100e7a86fe6bf61,[],[],~9.2 ETH,exact_contract_basename,True,True,,,2024-06-11,,,,blocked_missing_onchain_and_availability_evidence,"[""missing:deployment_block"", ""missing:prediction_cutoff_block"", ""missing:source_availability_time"", ""missing:runtime_bytecode_hash_at_cutoff"", ""missing:outcome_adjudication_id""]",retained,,cases/ca2-eaf1e84be2ca5fa8830a.json,7317a16ed7df59650dd7acd86a6a0c6ad2d8f70cfd2513ab426496d400ab2a6b,cases/ca2-eaf1e84be2ca5fa8830a.json,6e58644616e5444e2961c4150e7b6ddbbb1549b8bf5c6a29b2ce5a1f309fdecd,,,,,,,,,,,,ca2-eaf1e84be2ca5fa8830a,cases/ca2-eaf1e84be2ca5fa8830a.json,6e58644616e5444e2961c4150e7b6ddbbb1549b8bf5c6a29b2ce5a1f309fdecd
StepHeroNFTs,defihacklabs-temporal-replacement-finalization,bsc,46843424,0x9823e10a0bf6f64f59964be1a7f83090bf5728ab,,ca2-c066d2de3bfd20c10ce0,2025-02-21,StepHeroNFTs,replacement_candidate,,bsc,,replacement_candidate_historical_snapshot_verified,31612644bcaa626257d793ba78bc60877b0f52620e65d51122495382d609b36e,aead808e027906ab12f5b0c5c9025abe82be145a56dbb37e4e7f2261ae5485df,[],"[""0xef386a69ca6a147c374258a1bf40221b0b6bd9bc449a7016dbe5240644581877""]",,frozen_chain_global_order_finalization,True,True,10502132,10530465,46843424,,501a8c0591bbe1d244711e85145406767347d0825c48a8db8193657acd8f8ab4,,replacement_candidate_selected,[],replacement,ca2-04c30f824141f500c195,cases/ca2-04c30f824141f500c195.json,b5035b04ca8ceb3a0ec12cbfce9a38418baf6fba18d573688b965a953e5b26df,,,cases/ca2r-ae46a532dce783daeeab.json,cdf5a21b742826edb06fb6c6ee030605f1920532f8890210f9ba50c1ffa3fff2,historical_cases/ca2r-ae46a532dce783daeeab/ca2r-ae46a532dce783daeeab.json,1407783ecc22f769f9eaea8b7702622d6242330573ef9c9cffb783e6ff0169c9,2,first_eligible_unique_from_frozen_chain_global_order,31612644bcaa626257d793ba78bc60877b0f52620e65d51122495382d609b36e,d3b80fe4ed7198fc900616b269408c1d0485ef8f000f46d37adb75be862a4a9c,46843424,0xef386a69ca6a147c374258a1bf40221b0b6bd9bc449a7016dbe5240644581877,ca2r-ae46a532dce783daeeab,ca2r-ae46a532dce783daeeab,historical_cases/ca2r-ae46a532dce783daeeab/ca2r-ae46a532dce783daeeab.json,1407783ecc22f769f9eaea8b7702622d6242330573ef9c9cffb783e6ff0169c9
will,defihacklabs,bsc,39979796,0x566777ed780dbbe17c130ae97b9fbc0a3ab829df,shanghai,ca2-94a8114b86699da44092,2024-06-28,Will,business logic flaw,src/test/2024-06/Will_exp.sol,bsc,https://github.com/SunWeb3Sec/DeFiHackLabs/blob/main/past/2024/README.md,frozen_public_source_hashed,db3b13fa1cbf75bffec4662240ebd762c5af6c92d2608b9aecde80a8d7802b08,16d88ba48c4ac6c996656b8ca27e6b2073306268e38ddfcc41f9d4646377261a,[],[],$52K,exact_contract_basename,True,True,,,2024-06-28,,,,blocked_missing_onchain_and_availability_evidence,"[""missing:deployment_block"", ""missing:prediction_cutoff_block"", ""missing:source_availability_time"", ""missing:runtime_bytecode_hash_at_cutoff"", ""missing:outcome_adjudication_id""]",retained,,cases/ca2-94a8114b86699da44092.json,73f6988a4794a2d700c65a8b9ec0285912e944d281cc82b2c7fb16f4c34eaf9a,cases/ca2-94a8114b86699da44092.json,3c18f7be16ab94cc9f124c2190909c0eea9393402fe3e60382eb6798949ac462,,,,,,,,,,,,ca2-94a8114b86699da44092,cases/ca2-94a8114b86699da44092.json,3c18f7be16ab94cc9f124c2190909c0eea9393402fe3e60382eb6798949ac462
lifiprotocol,defihacklabs,ethereum,20318962,0x1231deb6f5749ef6ce6943a275a1d3e7486f4eae,shanghai,ca2-deb8f1653a1510fb4c48,2024-07-16,Lifiprotocol,Incorrect input validation,src/test/2024-07/Lifiprotocol_exp.sol,mainnet,https://github.com/SunWeb3Sec/DeFiHackLabs/blob/main/past/2024/README.md,frozen_public_source_hashed,db3b13fa1cbf75bffec4662240ebd762c5af6c92d2608b9aecde80a8d7802b08,e8e121d5de7030d1d274a4972ebd892379d40c8837495806c74495f2a9274b4d,"[""https://x.com/danielvf/status/1505689981385334784""]",[],~10M USD,exact_contract_basename,True,True,,,2024-07-16,,,,blocked_missing_onchain_and_availability_evidence,"[""missing:deployment_block"", ""missing:prediction_cutoff_block"", ""missing:source_availability_time"", ""missing:runtime_bytecode_hash_at_cutoff"", ""missing:outcome_adjudication_id""]",retained,,cases/ca2-deb8f1653a1510fb4c48.json,2f6e3bfdfdd7648046b644ffc8f39d9b3599113d2a1d8fce6fbcd3a647f174ce,cases/ca2-deb8f1653a1510fb4c48.json,d18027a4b637415f80867ede52b1973684969477d68d02ad1502b59c48b10014,,,,,,,,,,,,ca2-deb8f1653a1510fb4c48,cases/ca2-deb8f1653a1510fb4c48.json,d18027a4b637415f80867ede52b1973684969477d68d02ad1502b59c48b10014
uwulend_first,defihacklabs,ethereum,20061318,0x2409af0251dcb89ee3dee572629291f9b087c668,shanghai,ca2-0687f6e05dc58457935a,2024-06-10,UwULend,Price Manipulation,src/test/2024-06/UwuLend_First_exp.sol,mainnet,https://github.com/SunWeb3Sec/DeFiHackLabs/blob/main/past/2024/README.md,frozen_public_source_hashed,db3b13fa1cbf75bffec4662240ebd762c5af6c92d2608b9aecde80a8d7802b08,7e27bb03655f190748615cafa04070180604951c35d0f02142118ca72f5ed9d1,"[""https://x.com/peckshield/status/1800176089316163831""]",[],19.3M,exact_contract_basename,True,True,,,2024-06-10,,,,blocked_missing_onchain_and_availability_evidence,"[""missing:deployment_block"", ""missing:prediction_cutoff_block"", ""missing:source_availability_time"", ""missing:runtime_bytecode_hash_at_cutoff"", ""missing:outcome_adjudication_id""]",retained,,cases/ca2-0687f6e05dc58457935a.json,6d1e8f40bad5070f49205676c5a8fe1ab3dbc7ad3916ae7b79587c201df576e2,cases/ca2-0687f6e05dc58457935a.json,0c925a166e06c267d900edb39e1e954c7b4d5658e9695e4705984379aa76593a,,,,,,,,,,,,ca2-0687f6e05dc58457935a,cases/ca2-0687f6e05dc58457935a.json,0c925a166e06c267d900edb39e1e954c7b4d5658e9695e4705984379aa76593a
WHALE,defihacklabs-temporal-replacement-finalization,bsc,104744230,0xabc79b7c5a0f1fe0ac55fcb7e659d5817e530123,,ca2-c362836e579418bb08b8,2026-06-17,WHALE,replacement_candidate,,bsc,,replacement_candidate_historical_snapshot_verified,b59f29806ce0254378746e1cc6e2eaeac5e5fca7e50650b3516e698b32009e4e,166f0899456c6d6cea5b4c8c0069e9706edeb8fa73f69e42549efbb6debb0eef,[],"[""0xf8f431b392a50eb997ecae2e35668d6dd4dc8568d002057600d2532e18f36d86""]",,frozen_chain_global_order_finalization,True,True,100570491,100761858,104744231,,5c46c2a5df9700cbb8725dba83b81390e192ad89192e702ac4b3554c52e9305a,,replacement_candidate_selected,[],replacement,ca2-c68ae49271ecb40a17be,cases/ca2-c68ae49271ecb40a17be.json,7daa28d57ce5c014ea9238f5262b7e12570405f33000b447695597c8f571aff7,,,cases/ca2r-9022409faa3cf5abff6e.json,cf0f9f82084e05889ccc14ee1cf1161c56eb3e22e9d151f970fce36d70a538ae,historical_cases/ca2r-9022409faa3cf5abff6e/ca2r-9022409faa3cf5abff6e.json,e979a1550a945ad3ec2d123ea9d94d7cf6b2866d9cb819a767d5a9bb9a269f6a,34,first_eligible_unique_from_frozen_chain_global_order,b59f29806ce0254378746e1cc6e2eaeac5e5fca7e50650b3516e698b32009e4e,a18c0040510cddc88d59e602bac53bbcafbe5dfbc978cff0134cb513de79fc53,104744230,0xf8f431b392a50eb997ecae2e35668d6dd4dc8568d002057600d2532e18f36d86,ca2r-9022409faa3cf5abff6e,ca2r-9022409faa3cf5abff6e,historical_cases/ca2r-9022409faa3cf5abff6e/ca2r-9022409faa3cf5abff6e.json,e979a1550a945ad3ec2d123ea9d94d7cf6b2866d9cb819a767d5a9bb9a269f6a
uwulend_second,defihacklabs,ethereum,20081503,0x2409af0251dcb89ee3dee572629291f9b087c668,shanghai,ca2-93739b94fa0816bd6234,2024-06-10,UwULend,Price Manipulation,src/test/2024-06/UwuLend_First_exp.sol,mainnet,https://github.com/SunWeb3Sec/DeFiHackLabs/blob/main/past/2024/README.md,frozen_public_source_hashed,db3b13fa1cbf75bffec4662240ebd762c5af6c92d2608b9aecde80a8d7802b08,7e27bb03655f190748615cafa04070180604951c35d0f02142118ca72f5ed9d1,"[""https://x.com/peckshield/status/1800176089316163831""]",[],19.3M,exact_contract_basename,True,True,,,2024-06-10,,,,blocked_missing_onchain_and_availability_evidence,"[""missing:deployment_block"", ""missing:prediction_cutoff_block"", ""missing:source_availability_time"", ""missing:runtime_bytecode_hash_at_cutoff"", ""missing:outcome_adjudication_id""]",retained,,cases/ca2-93739b94fa0816bd6234.json,b7b149825ecdf576ee9ef5d063d58bd20a71c4089ce307c8390284d3616fa058,cases/ca2-93739b94fa0816bd6234.json,b186143ada6e862f0b2d7a34066f81e8e5dc9d584f72e69c8d6407b81f2f9c74,,,,,,,,,,,,ca2-93739b94fa0816bd6234,cases/ca2-93739b94fa0816bd6234.json,b186143ada6e862f0b2d7a34066f81e8e5dc9d584f72e69c8d6407b81f2f9c74
doughfina,defihacklabs,ethereum,20288622,0x9f54e8eaa9658316bb8006e03fff1cb191aafbe6,shanghai,ca2-0d308a16f604ed495788,2024-07-12,DoughFina,Incorrect input validation,src/test/2024-07/DoughFina_exp.sol,mainnet,https://github.com/SunWeb3Sec/DeFiHackLabs/blob/main/past/2024/README.md,frozen_public_source_hashed,db3b13fa1cbf75bffec4662240ebd762c5af6c92d2608b9aecde80a8d7802b08,2335acf0887a379586c363fec975ab864083cce6a7c2c3a8ad7fbedb715b8130,"[""https://x.com/CertiKAlert/status/1811668992882307478""]",[],~1.8M USD,exact_contract_basename,True,True,,,2024-07-12,,,,blocked_missing_onchain_and_availability_evidence,"[""missing:deployment_block"", ""missing:prediction_cutoff_block"", ""missing:source_availability_time"", ""missing:runtime_bytecode_hash_at_cutoff"", ""missing:outcome_adjudication_id""]",retained,,cases/ca2-0d308a16f604ed495788.json,1b91864f0c7f526baf17165ad700f4a2190d6c618c3c784a8dbedc16c5721e46,cases/ca2-0d308a16f604ed495788.json,f3277e4b8690b78ec244813180e77f9d6e55a63d46b69da1c301c2d9f07734e0,,,,,,,,,,,,ca2-0d308a16f604ed495788,cases/ca2-0d308a16f604ed495788.json,f3277e4b8690b78ec244813180e77f9d6e55a63d46b69da1c301c2d9f07734e0
mrp,defihacklabs,bsc,40122169,0x35f5cef517317694df8c50c894080caa8c92af7d,shanghai,ca2-17240c1cdca17b758810,2024-07-02,MRP,Reentrancy,src/test/2024-07/MRP_exp.sol,bsc,https://github.com/SunWeb3Sec/DeFiHackLabs/blob/main/past/2024/README.md,frozen_public_source_hashed,db3b13fa1cbf75bffec4662240ebd762c5af6c92d2608b9aecde80a8d7802b08,e060c2a1d41dd6c4682fc33ab0cb9e7939af9badf6cc1d0f328cda0621ffa293,[],[],17 BNB,exact_contract_basename,True,True,,,2024-07-02,,,,blocked_missing_onchain_and_availability_evidence,"[""missing:deployment_block"", ""missing:prediction_cutoff_block"", ""missing:source_availability_time"", ""missing:runtime_bytecode_hash_at_cutoff"", ""missing:outcome_adjudication_id""]",retained,,cases/ca2-17240c1cdca17b758810.json,96a09914c0c4db4a160ade90c8b5ac23cce5804a81a39bb0ae2b82809ccad5ff,cases/ca2-17240c1cdca17b758810.json,9510368a59b92b8543fd8092e1854a84da5a83d22a798d57e21e10a85d8b210b,,,,,,,,,,,,ca2-17240c1cdca17b758810,cases/ca2-17240c1cdca17b758810.json,9510368a59b92b8543fd8092e1854a84da5a83d22a798d57e21e10a85d8b210b
defiplaza,defihacklabs,ethereum,20240538,0xe68c1d72340aeefe5be76eda63ae2f4bc7514110,shanghai,ca2-0998fb22a8fcd705afbc,2024-07-05,DeFiPlaza,loss of precision,src/test/2024-07/DeFiPlaza_exp.sol,mainnet,https://github.com/SunWeb3Sec/DeFiHackLabs/blob/main/past/2024/README.md,frozen_public_source_hashed,db3b13fa1cbf75bffec4662240ebd762c5af6c92d2608b9aecde80a8d7802b08,2d8afd77adac1ebdad1aeb4157172d3a0f28b5d2d79d1dfe49808a1b97d6b8f5,"[""https://x.com/DecurityHQ/status/1809222922998808760""]",[],~200K USD,exact_contract_basename,True,True,,,2024-07-05,,,,blocked_missing_onchain_and_availability_evidence,"[""missing:deployment_block"", ""missing:prediction_cutoff_block"", ""missing:source_availability_time"", ""missing:runtime_bytecode_hash_at_cutoff"", ""missing:outcome_adjudication_id""]",retained,,cases/ca2-0998fb22a8fcd705afbc.json,85ede1d1372ded9a9c819ba396e0a4d696edc39b84dd757eddfe43131e177efe,cases/ca2-0998fb22a8fcd705afbc.json,d58631ad8f22c8112b96679b83a607a9d1bda7e46636396da58cd16faeb62fd0,,,,,,,,,,,,ca2-0998fb22a8fcd705afbc,cases/ca2-0998fb22a8fcd705afbc.json,d58631ad8f22c8112b96679b83a607a9d1bda7e46636396da58cd16faeb62fd0
sbt,defihacklabs,bsc,40378159,0x2b45dd1d909c01aad96fa6b67108d691b432f351,shanghai,ca2-92eeb1ebc356ab25288f,2024-07-11,SBT,business logic flaw,src/test/2024-07/SBT_exp.sol,bsc,https://github.com/SunWeb3Sec/DeFiHackLabs/blob/main/past/2024/README.md,frozen_public_source_hashed,db3b13fa1cbf75bffec4662240ebd762c5af6c92d2608b9aecde80a8d7802b08,17405e0bf5a7276d789d4514a7423a4b31e180f06ff259581982046810c6efc3,[],[],~56K USD,exact_contract_basename,True,True,,,2024-07-11,,,,blocked_missing_onchain_and_availability_evidence,"[""missing:deployment_block"", ""missing:prediction_cutoff_block"", ""missing:source_availability_time"", ""missing:runtime_bytecode_hash_at_cutoff"", ""missing:outcome_adjudication_id""]",retained,,cases/ca2-92eeb1ebc356ab25288f.json,adb7a1620891094f6e75d192b35ed3b915be3cb656444224893cbb9506a486a5,cases/ca2-92eeb1ebc356ab25288f.json,75f15f156c55628fd84fbdbc639f1ef05663661a1cc13304a38255e7b5bfca34,,,,,,,,,,,,ca2-92eeb1ebc356ab25288f,cases/ca2-92eeb1ebc356ab25288f.json,75f15f156c55628fd84fbdbc639f1ef05663661a1cc13304a38255e7b5bfca34
yodlrouter,defihacklabs,ethereum,20520368,0xe3a0bc3483ae5a04db7ef2954315133a6f7d228e,shanghai,ca2-b9b0485322ceb6ce33a3,2024-08-14,YodlRouter,Arbitrary Call,src/test/2024-08/YodlRouter_exp.sol,mainnet,https://github.com/SunWeb3Sec/DeFiHackLabs/blob/main/past/2024/README.md,frozen_public_source_hashed,db3b13fa1cbf75bffec4662240ebd762c5af6c92d2608b9aecde80a8d7802b08,36acc17e9643c2cee1d7676b67516a6e87845f34933179f859fcd4b5de32b665,[],[],~5k,exact_contract_basename,True,True,,,2024-08-14,,,,blocked_missing_onchain_and_availability_evidence,"[""missing:deployment_block"", ""missing:prediction_cutoff_block"", ""missing:source_availability_time"", ""missing:runtime_bytecode_hash_at_cutoff"", ""missing:outcome_adjudication_id""]",retained,,cases/ca2-b9b0485322ceb6ce33a3.json,a578a59475635c7680332ad592472e75b627e4519f889882da3c8c0e01034228,cases/ca2-b9b0485322ceb6ce33a3.json,92ec0f69c5c4516c5b74f2eea9d84647ae57382b9522c133f82161419b12422d,,,,,,,,,,,,ca2-b9b0485322ceb6ce33a3,cases/ca2-b9b0485322ceb6ce33a3.json,92ec0f69c5c4516c5b74f2eea9d84647ae57382b9522c133f82161419b12422d
ompxcontract,defihacklabs,ethereum,20468779,0x09a80172ed7335660327cd664876b5df6fe06108,shanghai,ca2-1fe777829f28c3e02e1c,2024-08-16,OMPx Contract,FlashLoan,src/test/2024-08/OMPxContract_exp.sol,mainnet,https://github.com/SunWeb3Sec/DeFiHackLabs/blob/main/past/2024/README.md,frozen_public_source_hashed,db3b13fa1cbf75bffec4662240ebd762c5af6c92d2608b9aecde80a8d7802b08,ad9ffb6dea1f9d35dbdc975d55d68981e8b91afebeb3862781d6042c530da459,[],[],4.37 ETH (~11527 USD),exact_contract_basename,True,True,,,2024-08-16,,,,blocked_missing_onchain_and_availability_evidence,"[""missing:deployment_block"", ""missing:prediction_cutoff_block"", ""missing:source_availability_time"", ""missing:runtime_bytecode_hash_at_cutoff"", ""missing:outcome_adjudication_id""]",retained,,cases/ca2-1fe777829f28c3e02e1c.json,a6dda09a145bc49f0aa2a0cac74a9b6d5469e6441c87b3afa7845fff3ac175d1,cases/ca2-1fe777829f28c3e02e1c.json,14cb3f9417f5eea9a444e2a05c53da1c287fbbfaadf4473dad27cf2aed250791,,,,,,,,,,,,ca2-1fe777829f28c3e02e1c,cases/ca2-1fe777829f28c3e02e1c.json,14cb3f9417f5eea9a444e2a05c53da1c287fbbfaadf4473dad27cf2aed250791
ivestdao,defihacklabs,bsc,41289497,0x2607118d363789f841d952f02e359bfa483955f9,shanghai,ca2-00003c2c7afe8e9ef32d,2024-08-12,iVest,Business logic flaw,src/test/2024-08/IvestDao_exp.sol,bsc,https://github.com/SunWeb3Sec/DeFiHackLabs/blob/main/past/2024/README.md,frozen_public_source_hashed,db3b13fa1cbf75bffec4662240ebd762c5af6c92d2608b9aecde80a8d7802b08,3e9d05606143ba2e59f912faca07eac1de876f180a999935f818fd4d5588d987,"[""https://x.com/AnciliaInc/status/1822870201698050064""]",[],~338 WBNB,exact_contract_basename,True,True,,,2024-08-12,,,,blocked_missing_onchain_and_availability_evidence,"[""missing:deployment_block"", ""missing:prediction_cutoff_block"", ""missing:source_availability_time"", ""missing:runtime_bytecode_hash_at_cutoff"", ""missing:outcome_adjudication_id""]",retained,,cases/ca2-00003c2c7afe8e9ef32d.json,cceb578aa1be8395c451135b99885bc6959270b2593d4700a6f7a140a1a55833,cases/ca2-00003c2c7afe8e9ef32d.json,d643c14c5296dd3aba1c0fe1fbc91c6d2e49e2d2c76538b9e6e11cd65192f646,,,,,,,,,,,,ca2-00003c2c7afe8e9ef32d,cases/ca2-00003c2c7afe8e9ef32d.json,d643c14c5296dd3aba1c0fe1fbc91c6d2e49e2d2c76538b9e6e11cd65192f646
spectra_finance,defihacklabs,ethereum,20369956,0x3d20601ac0ba9cae4564ddf7870825c505b69f1a,shanghai,ca2-6996a5993263d8986598,2024-07-24,Spectra_finance,Incorrect input validation,src/test/2024-07/Spectra_finance_exp.sol,mainnet,https://github.com/SunWeb3Sec/DeFiHackLabs/blob/main/past/2024/README.md,frozen_public_source_hashed,db3b13fa1cbf75bffec4662240ebd762c5af6c92d2608b9aecde80a8d7802b08,87023fdb4a96cd88d008c1da77ba300aff39d330f447d3aaa157166628821278,"[""https://x.com/shoucccc/status/1815981585637990899""]",[],~73K USD,exact_contract_basename,True,True,,,2024-07-24,,,,blocked_missing_onchain_and_availability_evidence,"[""missing:deployment_block"", ""missing:prediction_cutoff_block"", ""missing:source_availability_time"", ""missing:runtime_bytecode_hash_at_cutoff"", ""missing:outcome_adjudication_id""]",retained,,cases/ca2-6996a5993263d8986598.json,76d542b08947d1579ad3cfcaa4613710184c8143c93416fa413a03b21ff223f9,cases/ca2-6996a5993263d8986598.json,9bb88c2a7105311b63bece5b39691bbe75a667b351fa8a22b7e4c8e7bf97786e,,,,,,,,,,,,ca2-6996a5993263d8986598,cases/ca2-6996a5993263d8986598.json,9bb88c2a7105311b63bece5b39691bbe75a667b351fa8a22b7e4c8e7bf97786e
zenterest,defihacklabs,ethereum,20541639,0xe3334e66634acf17b2b97ab560ec92d6861b25fa,shanghai,ca2-50a6237be75e1de28124,2024-08-16,Zenterest,Price Out Of Date,src/test/2024-08/Zenterest_exp.sol,mainnet,https://github.com/SunWeb3Sec/DeFiHackLabs/blob/main/past/2024/README.md,frozen_public_source_hashed,db3b13fa1cbf75bffec4662240ebd762c5af6c92d2608b9aecde80a8d7802b08,2a448a612293c9d84ff9cbe27ad819a7d38ad525d20b1906a248715619aed9ad,[],[],~21000 USD,exact_contract_basename,True,True,,,2024-08-16,,,,blocked_missing_onchain_and_availability_evidence,"[""missing:deployment_block"", ""missing:prediction_cutoff_block"", ""missing:source_availability_time"", ""missing:runtime_bytecode_hash_at_cutoff"", ""missing:outcome_adjudication_id""]",retained,,cases/ca2-50a6237be75e1de28124.json,a3e7de26acdcb42edf9d3456222894778b93e74e305408165f6a2fdbf36bf855,cases/ca2-50a6237be75e1de28124.json,6480946aa11b69000afffe7b886f097a88b2e30feae67ddaa96609790aa83953,,,,,,,,,,,,ca2-50a6237be75e1de28124,cases/ca2-50a6237be75e1de28124.json,6480946aa11b69000afffe7b886f097a88b2e30feae67ddaa96609790aa83953
convergence,defihacklabs,ethereum,20434449,0x2b083beaac310cc5e190b1d2507038ccb03e7606,cancun,ca2-5c90f11e08cf22426454,2024-08-01,Convergence,Incorrect input validation,src/test/2024-08/Convergence_exp.sol,mainnet,https://github.com/SunWeb3Sec/DeFiHackLabs/blob/main/past/2024/README.md,frozen_public_source_hashed,db3b13fa1cbf75bffec4662240ebd762c5af6c92d2608b9aecde80a8d7802b08,b8311c732b7cebbbb253467cc6bdb4cc1cbc33dedae240f24d6305d42124358e,"[""https://x.com/DecurityHQ/status/1819030089012527510""]",[],~200K USD,exact_contract_basename,True,True,,,2024-08-01,,,,blocked_missing_onchain_and_availability_evidence,"[""missing:deployment_block"", ""missing:prediction_cutoff_block"", ""missing:source_availability_time"", ""missing:runtime_bytecode_hash_at_cutoff"", ""missing:outcome_adjudication_id""]",retained,,cases/ca2-5c90f11e08cf22426454.json,0dd32c19ba47d70dc03e60c1deba8e3e0dbd55b3d9943c3e8fe70ad0c201f360,cases/ca2-5c90f11e08cf22426454.json,c9687ddec38025f5aa52616f215b1f12848bf1e1a5804bce2b3ec47ce81e9fcf,,,,,,,,,,,,ca2-5c90f11e08cf22426454,cases/ca2-5c90f11e08cf22426454.json,c9687ddec38025f5aa52616f215b1f12848bf1e1a5804bce2b3ec47ce81e9fcf
bankroll,defihacklabs,bsc,42481610,0x564d4126af2b195ffaa7fb470ed658b1d9d07a54,shanghai,ca2-003bb3e01f9c7c13410b,2024-09-23,Bankroll_Network,Incorrect input validation,src/test/2024-09/Bankroll_exp.sol,bsc,https://github.com/SunWeb3Sec/DeFiHackLabs/blob/main/past/2024/README.md,frozen_public_source_hashed,db3b13fa1cbf75bffec4662240ebd762c5af6c92d2608b9aecde80a8d7802b08,3c39a86665ecc26c9982889d59c366c58a1bdf8a29ae0c6b4be700b22fbc8666,"[""https://x.com/Phalcon_xyz/status/1838042368018137547""]",[],~404 WBNB (~234.8K USD),exact_contract_basename,True,True,,,2024-09-23,,,,blocked_missing_onchain_and_availability_evidence,"[""missing:deployment_block"", ""missing:prediction_cutoff_block"", ""missing:source_availability_time"", ""missing:runtime_bytecode_hash_at_cutoff"", ""missing:outcome_adjudication_id""]",retained,,cases/ca2-003bb3e01f9c7c13410b.json,fae72592b171c202b9c1e3d7db37bf4a445c27b850b556407c31c54d87a8337a,cases/ca2-003bb3e01f9c7c13410b.json,f341f4af641eb0c81c2debbd6027448ee275199c78ba88b05182a411502c254d,,,,,,,,,,,,ca2-003bb3e01f9c7c13410b,cases/ca2-003bb3e01f9c7c13410b.json,f341f4af641eb0c81c2debbd6027448ee275199c78ba88b05182a411502c254d
caterpillar_coin_cut,defihacklabs,bsc,42131696,0x7057f3b0f4d0649b428f0d8378a8a0e7d21d36a7,shanghai,ca2-9aabe02b00ee6b15427c,2024-09-10,Caterpillar_Coin_CUT,Price Manipulation,src/test/2024-09/Caterpillar_Coin_CUT_exp.sol,bsc,https://github.com/SunWeb3Sec/DeFiHackLabs/blob/main/past/2024/README.md,frozen_public_source_hashed,db3b13fa1cbf75bffec4662240ebd762c5af6c92d2608b9aecde80a8d7802b08,cf32cd5a5a6b4da42050cc415153314d929909395b95937ca1248f0c79b71774,"[""https://www.certik.com/zh-CN/resources/blog/caterpillar-coin-cut-token-incident-analysis""]",[],~1.4M USD,exact_contract_basename,True,True,,,2024-09-10,,,,blocked_missing_onchain_and_availability_evidence,"[""missing:deployment_block"", ""missing:prediction_cutoff_block"", ""missing:source_availability_time"", ""missing:runtime_bytecode_hash_at_cutoff"", ""missing:outcome_adjudication_id""]",retained,,cases/ca2-9aabe02b00ee6b15427c.json,8f0f0fa2a578e503536c9f1b002e45dad478f6aeacda2ffde0cf3ac5833c877d,cases/ca2-9aabe02b00ee6b15427c.json,e77ae11bc1cfa4b53ba207f53636e3bac1dff2da21fb4a21dc1ee8563e2952d2,,,,,,,,,,,,ca2-9aabe02b00ee6b15427c,cases/ca2-9aabe02b00ee6b15427c.json,e77ae11bc1cfa4b53ba207f53636e3bac1dff2da21fb4a21dc1ee8563e2952d2
otseastaking,defihacklabs,ethereum,20738190,0xf2c8e860ca12cde3f3195423ecf54427a4f30916,shanghai,ca2-a21d0869309e8d547595,2024-09-13,OTSeaStaking,Logic Flaw,src/test/2024-09/OTSeaStaking_exp.sol,mainnet,https://github.com/SunWeb3Sec/DeFiHackLabs/blob/main/past/2024/README.md,frozen_public_source_hashed,db3b13fa1cbf75bffec4662240ebd762c5af6c92d2608b9aecde80a8d7802b08,658f99af8543e5f9c74db757b63c9621b283f8d91aed1805b3a1f953901553e9,[],[],26k,exact_contract_basename,True,True,,,2024-09-13,,,,blocked_missing_onchain_and_availability_evidence,"[""missing:deployment_block"", ""missing:prediction_cutoff_block"", ""missing:source_availability_time"", ""missing:runtime_bytecode_hash_at_cutoff"", ""missing:outcome_adjudication_id""]",retained,,cases/ca2-a21d0869309e8d547595.json,735c761799e51c177d3ace132a55dfe8773b85f17b70576507c395fdc6322529,cases/ca2-a21d0869309e8d547595.json,1c5119600a7ff9f46fa17d8c9722eba706b97573dd26332e9c83a3e59d82b05e,,,,,,,,,,,,ca2-a21d0869309e8d547595,cases/ca2-a21d0869309e8d547595.json,1c5119600a7ff9f46fa17d8c9722eba706b97573dd26332e9c83a3e59d82b05e
bedrock_defi,defihacklabs,ethereum,20836583,0x047d41f2544b7f63a8e991af2068a363d210d6da,shanghai,ca2-297229c8f057f9088676,2024-09-26,Bedrock_DeFi,Swap ETH/BTC 1/1 in mint function,src/test/2024-09/Bedrock_DeFi_exp.sol,bsc,https://github.com/SunWeb3Sec/DeFiHackLabs/blob/main/past/2024/README.md,frozen_public_source_hashed,db3b13fa1cbf75bffec4662240ebd762c5af6c92d2608b9aecde80a8d7802b08,9aa197eace1fcf522dfd1ee2eebc75a566d3b810cb51e7b136536c595df81301,"[""https://bscscan.com/tx/0x0fe3716431f8c2e43217c3ca6d25eed87e14d0fbfa9c9ee8ce4cef2e5ec4583c"", ""https://x.com/certikalert/status/1839403126694326374""]","[""0x0fe3716431f8c2e43217c3ca6d25eed87e14d0fbfa9c9ee8ce4cef2e5ec4583c""]",27.83925883 BTC (~$1.7M USD),exact_contract_basename,True,True,,,2024-09-26,,,,blocked_missing_onchain_and_availability_evidence,"[""missing:deployment_block"", ""missing:prediction_cutoff_block"", ""missing:source_availability_time"", ""missing:runtime_bytecode_hash_at_cutoff"", ""missing:outcome_adjudication_id""]",retained,,cases/ca2-297229c8f057f9088676.json,e46fe29e640f2a4ce518317324e48b9edb1ef9c017c5b6dfc795f003f8f03854,cases/ca2-297229c8f057f9088676.json,ea8ddac7fb2a28002262ca85dfbf257cb70db48fdd94351e02d2454f8c2f31a6,,,,,,,,,,,,ca2-297229c8f057f9088676,cases/ca2-297229c8f057f9088676.json,ea8ddac7fb2a28002262ca85dfbf257cb70db48fdd94351e02d2454f8c2f31a6
aizpttoken,defihacklabs,bsc,42846997,0xbe779d420b7d573c08eee226b9958737b6218888,shanghai,ca2-9ccf44443a293b02fdd3,2024-10-05,AIZPTToken,Wrong Price Calculation,src/test/2024-10/AIZPTToken_exp.sol,bsc,https://github.com/SunWeb3Sec/DeFiHackLabs/blob/main/past/2024/README.md,frozen_public_source_hashed,db3b13fa1cbf75bffec4662240ebd762c5af6c92d2608b9aecde80a8d7802b08,72807c8cebe2203904864485f9f63f2014d9c4a22a65b77ffbae3fd31b5786ac,[],[],,exact_contract_basename,True,True,,,2024-10-05,,,,blocked_missing_onchain_and_availability_evidence,"[""missing:deployment_block"", ""missing:prediction_cutoff_block"", ""missing:source_availability_time"", ""missing:runtime_bytecode_hash_at_cutoff"", ""missing:outcome_adjudication_id""]",retained,,cases/ca2-9ccf44443a293b02fdd3.json,e96e388eecce9a73f0900e4cabc1565881dabfa6dcb95b2eeaa912d2933c92fb,cases/ca2-9ccf44443a293b02fdd3.json,38c57111b2b739dca38bdb46476234311cfe8b3f9efd2d384df79dcaeadc65d8,,,,,,,,,,,,ca2-9ccf44443a293b02fdd3,cases/ca2-9ccf44443a293b02fdd3.json,38c57111b2b739dca38bdb46476234311cfe8b3f9efd2d384df79dcaeadc65d8
onyxdao,defihacklabs,ethereum,20834657,0xf10bc5be84640236c71173d1809038af4ee19002,shanghai,ca2-194c50c55dd95140a294,2024-09-26,OnyxDAO,Fake Market,src/test/2024-09/OnyxDAO_exp.sol,mainnet,https://github.com/SunWeb3Sec/DeFiHackLabs/blob/main/past/2024/README.md,frozen_public_source_hashed,db3b13fa1cbf75bffec4662240ebd762c5af6c92d2608b9aecde80a8d7802b08,9313f6a01a70788eb7e77125e1eb2cf6cd2391d272fec34298301bd064e99f73,"[""https://x.com/peckshield/status/1839302663680438342""]",[],"4.1M VUSD, 7.35M XCN, 5K DAI, 0.23 WBTC, 50K USDT (>$3.8M USD)",exact_contract_basename,True,True,,,2024-09-26,,,,blocked_missing_onchain_and_availability_evidence,"[""missing:deployment_block"", ""missing:prediction_cutoff_block"", ""missing:source_availability_time"", ""missing:runtime_bytecode_hash_at_cutoff"", ""missing:outcome_adjudication_id""]",retained,,cases/ca2-194c50c55dd95140a294.json,5c9771e8f92ea3fc97e30fea82e93d3eda6a242d1f928b1469f9cf6d73c70da6,cases/ca2-194c50c55dd95140a294.json,2de19cc9b487bd5e8fbcfa6e5fdda56fa114d9b5d8462d27df8a09aa283724bd,,,,,,,,,,,,ca2-194c50c55dd95140a294,cases/ca2-194c50c55dd95140a294.json,2de19cc9b487bd5e8fbcfa6e5fdda56fa114d9b5d8462d27df8a09aa283724bd
StrategyLlamaLendConvex,defihacklabs-temporal-replacement-finalization,ethereum,22929492,0x75b7db3e11138134fe4744553b5e5e3d6546d289,,ca2-6f776e614c2662f41a7a,2025-07-16,StrategyLlamaLendConvex,replacement_candidate,,ethereum,,replacement_candidate_historical_snapshot_verified,26c513373c13671c6d695a5ddc824a6db08a7322dbd6d75a9c80de929aa23533,71c3c5ab73ae5a6d145231493a8dfa90f3615f479ed06859b498bb84fcbd02c3,[],"[""0x2ff7c23dca7e9a86c70004696802cbd37d6a77fc4f3e02522b16617045b764f6""]",,frozen_chain_global_order_finalization,True,True,22433695,22440760,22929493,,0a948e6804bf4b2f930ee929925ab56084446f0f2f726914ef8c0d35747f3ebb,,replacement_candidate_selected,[],replacement,ca2-0fa9395ce4552eadc7fb,cases/ca2-0fa9395ce4552eadc7fb.json,66f1faac27de0d893ecea57b527a3c7a0a7b68856968a32a3e9bf21bc0c3f3ee,,,cases/ca2r-c5000b611e63dc8b50ad.json,79ca0d006f639fd9fc987004d975cd2adec20f11d5e7aa81dad52c926ead4220,historical_cases/ca2r-c5000b611e63dc8b50ad/ca2r-c5000b611e63dc8b50ad.json,d42d395e0bba3c370389dd583e91fa8837190036ae808bc9d1f242e89ed877a8,1,first_eligible_unique_from_frozen_chain_global_order,26c513373c13671c6d695a5ddc824a6db08a7322dbd6d75a9c80de929aa23533,d3b80fe4ed7198fc900616b269408c1d0485ef8f000f46d37adb75be862a4a9c,22929492,0x2ff7c23dca7e9a86c70004696802cbd37d6a77fc4f3e02522b16617045b764f6,ca2r-c5000b611e63dc8b50ad,ca2r-c5000b611e63dc8b50ad,historical_cases/ca2r-c5000b611e63dc8b50ad/ca2r-c5000b611e63dc8b50ad.json,d42d395e0bba3c370389dd583e91fa8837190036ae808bc9d1f242e89ed877a8
hydt,defihacklabs,bsc,42985310,0xa2268fcc2fe7a2bb755fbe5a7b3ac346ddfedb9b,cancun,ca2-196bde1bc084a841e794,2024-10-10,HYDT,Oracle Price Manipulation,src/test/2024-10/HYDT_exp.sol,bsc,https://github.com/SunWeb3Sec/DeFiHackLabs/blob/main/past/2024/README.md,frozen_public_source_hashed,db3b13fa1cbf75bffec4662240ebd762c5af6c92d2608b9aecde80a8d7802b08,d03b733d95e5e35cab9dba563e3ecb4185c482f5b3b124ebcce29958df36e9fa,"[""https://x.com/TenArmorAlert/status/1844241843518951451""]",[],,exact_contract_basename,True,True,,,2024-10-10,,,,blocked_missing_onchain_and_availability_evidence,"[""missing:deployment_block"", ""missing:prediction_cutoff_block"", ""missing:source_availability_time"", ""missing:runtime_bytecode_hash_at_cutoff"", ""missing:outcome_adjudication_id""]",retained,,cases/ca2-196bde1bc084a841e794.json,beca3dacd937457c562a92905261795296a68278f53cd01c14f6262cbd55e2b3,cases/ca2-196bde1bc084a841e794.json,b93a1a0a71fe0bb4d0a701d8bbfcea037e40a7a3519c1139627d8722895fb9c4,,,,,,,,,,,,ca2-196bde1bc084a841e794,cases/ca2-196bde1bc084a841e794.json,b93a1a0a71fe0bb4d0a701d8bbfcea037e40a7a3519c1139627d8722895fb9c4
PegaBall,defihacklabs-temporal-replacement-finalization,ethereum,22626977,0x29003dd6b9970ad658314fffb61e42f352c41630,,ca2-1bee07e4cd2ee7c6892c,2025-06-03,PegaBall,replacement_candidate,,ethereum,,replacement_candidate_historical_snapshot_verified,484cd5860334b3288da48da8bff6506bdda0ef553ab53c8018170ecdfc07d4f8,3c7abe5b4c115ff7578c78968007578750dcbaf1bac69cbd0623769773cb2471,[],"[""0x3cecc3f347edff1d27a0c929f2e7a4c04522afb3a74e24db94684cb6b51b1d65""]",,frozen_chain_global_order_finalization,True,True,19003242,19010400,22626978,,699b20c9b03269b66d70b4ddc25d24cd0a23730e0f7c3c7010d295c6d9667b46,,replacement_candidate_selected,[],replacement,ca2-a4270f1ffef2f72b2237,cases/ca2-a4270f1ffef2f72b2237.json,e6a4212eb9c1234392882f3da0f1e88417b8d65cb399185e76a569b4fbc4910c,,,cases/ca2r-b2a222e969681c109367.json,dfbf3fa0e9fafff57b22088a1c55ab6530290dde060d822a6af8a5315a974cab,historical_cases/ca2r-b2a222e969681c109367/ca2r-b2a222e969681c109367.json,bfed423f9a4bf51fbee1e5c5d955638bbf32e4076bd7b4fb7b6eb06803a017c5,11,first_eligible_unique_from_frozen_chain_global_order,484cd5860334b3288da48da8bff6506bdda0ef553ab53c8018170ecdfc07d4f8,d3b80fe4ed7198fc900616b269408c1d0485ef8f000f46d37adb75be862a4a9c,22626977,0x3cecc3f347edff1d27a0c929f2e7a4c04522afb3a74e24db94684cb6b51b1d65,ca2r-b2a222e969681c109367,ca2r-b2a222e969681c109367,historical_cases/ca2r-b2a222e969681c109367/ca2r-b2a222e969681c109367.json,bfed423f9a4bf51fbee1e5c5d955638bbf32e4076bd7b4fb7b6eb06803a017c5
morphoblue,defihacklabs,ethereum,20956051,0xbbbbbbbbbb9cc5e90e3b3af64bdaf62c37eeffcb,shanghai,ca2-2656a778ab34f3a823cd,2024-10-13,MorphoBlue,Overpriced Asset in Oracle,src/test/2024-10/MorphoBlue_exp.sol,mainnet,https://github.com/SunWeb3Sec/DeFiHackLabs/blob/main/past/2024/README.md,frozen_public_source_hashed,db3b13fa1cbf75bffec4662240ebd762c5af6c92d2608b9aecde80a8d7802b08,d183dfa70752be760bff13a307b62b2dd981f393011e68cb3abffe1f99a43fa8,"[""https://x.com/omeragoldberg/status/1845515843787960661""]",[],"$230,000",exact_contract_basename,True,True,,,2024-10-13,,,,blocked_missing_onchain_and_availability_evidence,"[""missing:deployment_block"", ""missing:prediction_cutoff_block"", ""missing:source_availability_time"", ""missing:runtime_bytecode_hash_at_cutoff"", ""missing:outcome_adjudication_id""]",retained,,cases/ca2-2656a778ab34f3a823cd.json,b002e00e7f2231b45e4ee9db348f379c9a81f25c34cfdbed962acafe25bee85f,cases/ca2-2656a778ab34f3a823cd.json,e516713d08eb6888ed0c9d412021047fc809d391ca2df7292a80cd9278997ff2,,,,,,,,,,,,ca2-2656a778ab34f3a823cd,cases/ca2-2656a778ab34f3a823cd.json,e516713d08eb6888ed0c9d412021047fc809d391ca2df7292a80cd9278997ff2
penpiexyzio,defihacklabs,ethereum,20671877,0x6e799758cee75dae3d84e09d40dc416ecf713652,shanghai,ca2-8b19d47d1a3d23da742b,2024-09-03,Penpiexyz_io,Reentrancy and Reward Manipulation,src/test/2024-09/Penpiexyzio_exp.sol,mainnet,https://github.com/SunWeb3Sec/DeFiHackLabs/blob/main/past/2024/README.md,frozen_public_source_hashed,db3b13fa1cbf75bffec4662240ebd762c5af6c92d2608b9aecde80a8d7802b08,718b51fd914b292ad81f374f7b05f598beb46923d3d6438ea5bf80ed0aa91bac,"[""https://x.com/AnciliaInc/status/1831080555292856476"", ""https://x.com/Penpiexyz_io/status/1831462760787452240"", ""https://x.com/hackenclub/status/1831383106554573099"", ""https://x.com/peckshield/status/1831072098669953388""]",[],"11,113.6 ETH (~$27,348,259 USD)",exact_contract_basename,True,True,,,2024-09-03,,,,blocked_missing_onchain_and_availability_evidence,"[""missing:deployment_block"", ""missing:prediction_cutoff_block"", ""missing:source_availability_time"", ""missing:runtime_bytecode_hash_at_cutoff"", ""missing:outcome_adjudication_id""]",retained,,cases/ca2-8b19d47d1a3d23da742b.json,409c8f5af95cc612d4d05dee14971dbf1e40a277fdcd0a156aa268282bb64e05,cases/ca2-8b19d47d1a3d23da742b.json,c89d98842adc7d8394493d919d90ee9f1772956639eb0f63d5af81aee901f5b8,,,,,,,,,,,,ca2-8b19d47d1a3d23da742b,cases/ca2-8b19d47d1a3d23da742b.json,c89d98842adc7d8394493d919d90ee9f1772956639eb0f63d5af81aee901f5b8
vista,defihacklabs,bsc,43305237,0x493361d6164093936c86dcb35ad03b4c0d032076,cancun,ca2-7efff287d58605a4cc72,2024-10-22,Vista,flashmint receive error,src/test/2024-10/VISTA_exp.sol,bsc,https://github.com/SunWeb3Sec/DeFiHackLabs/blob/main/past/2024/README.md,frozen_public_source_hashed,db3b13fa1cbf75bffec4662240ebd762c5af6c92d2608b9aecde80a8d7802b08,f7ec459e7280d79f1fa7ab6dd7bc9ad362da13664762a503ad3aec7309b64cd9,"[""https://x.com/TenArmorAlert/status/1848403791881900130""]",[],"$28,000",exact_contract_basename,True,True,,,2024-10-22,,,,blocked_missing_onchain_and_availability_evidence,"[""missing:deployment_block"", ""missing:prediction_cutoff_block"", ""missing:source_availability_time"", ""missing:runtime_bytecode_hash_at_cutoff"", ""missing:outcome_adjudication_id""]",retained,,cases/ca2-7efff287d58605a4cc72.json,46b74eb2935582c950a10bc9958ffbd929e58a76c60fa422790f34637055af02,cases/ca2-7efff287d58605a4cc72.json,91edab5f1d6a1a5dff7c2254afe75b10a23d7079004caa1b852b518b929d048b,,,,,,,,,,,,ca2-7efff287d58605a4cc72,cases/ca2-7efff287d58605a4cc72.json,91edab5f1d6a1a5dff7c2254afe75b10a23d7079004caa1b852b518b929d048b
WXC,defihacklabs-temporal-replacement-finalization,bsc,57177438,0x8087720eeea59f9f04787065447d52150c09643e,,ca2-15ae4c22b54f390dc4fe,2025-08-11,WXC,replacement_candidate,,bsc,,replacement_candidate_historical_snapshot_verified,98d42e0e05f702f3f45e72ec6f6b079cd8d08705b3ac47fe304da7e7e7ce4bf1,dae8ec57f38ec248a2eb63ab09ebf1da8cb1837a67ed2a4a69df204c705b9ffc,[],"[""0x1397bc7f0d284f8e2e30d0a9edd0db1f3eb0dd284c75e30d226b02bf09ad068f""]",,frozen_chain_global_order_finalization,True,True,56030356,56145552,57177438,,65f9db61df14109ff165eb5b6ba869b3cd2194b5d536bfed7ca77524e8aefe59,,replacement_candidate_selected,[],replacement,ca2-8dd7451bbe256eb45bfb,cases/ca2-8dd7451bbe256eb45bfb.json,a8037b567d198e908bfca29b2fac82af37c8fdbf6629097c585ca997021dd2b1,,,cases/ca2r-90eb561aa424bfd69e9c.json,4e625f611a3e72330a6c1145f302173dae2948455fb2c89e0020872e17619294,historical_cases/ca2r-90eb561aa424bfd69e9c/ca2r-90eb561aa424bfd69e9c.json,b0a8568890fcb0dd8a115c3282a9cdcb56f83130ecb965c93f907636cfae07af,23,first_eligible_unique_from_frozen_chain_global_order,98d42e0e05f702f3f45e72ec6f6b079cd8d08705b3ac47fe304da7e7e7ce4bf1,d3b80fe4ed7198fc900616b269408c1d0485ef8f000f46d37adb75be862a4a9c,57177438,0x1397bc7f0d284f8e2e30d0a9edd0db1f3eb0dd284c75e30d226b02bf09ad068f,ca2r-90eb561aa424bfd69e9c,ca2r-90eb561aa424bfd69e9c,historical_cases/ca2r-90eb561aa424bfd69e9c/ca2r-90eb561aa424bfd69e9c.json,b0a8568890fcb0dd8a115c3282a9cdcb56f83130ecb965c93f907636cfae07af
pledge,defihacklabs,bsc,44555337,0x061944c0f3c2d7dabafb50813efb05c4e0c952e1,shanghai,ca2-382283494db3462edcb4,2024-12-03,Pledge,Access Control,src/test/2024-12/Pledge_exp.sol,bsc,https://github.com/SunWeb3Sec/DeFiHackLabs/blob/main/past/2024/README.md,frozen_public_source_hashed,db3b13fa1cbf75bffec4662240ebd762c5af6c92d2608b9aecde80a8d7802b08,bbd7857a04b61866f20b3ae8c1b80afc2339103d3359a42af7253db0c510a94b,"[""https://x.com/TenArmorAlert/status/1864126176848965810""]",[],15K,exact_contract_basename,True,True,,,2024-12-03,,,,blocked_missing_onchain_and_availability_evidence,"[""missing:deployment_block"", ""missing:prediction_cutoff_block"", ""missing:source_availability_time"", ""missing:runtime_bytecode_hash_at_cutoff"", ""missing:outcome_adjudication_id""]",retained,,cases/ca2-382283494db3462edcb4.json,267ae92ec68317466f9be9eee0c95cc786ef5c19ef26a241bab8362601ac6996,cases/ca2-382283494db3462edcb4.json,5019f7990cb72c06687eb0b4797fec6415adfd1c4eec86261f84359351b9edab,,,,,,,,,,,,ca2-382283494db3462edcb4,cases/ca2-382283494db3462edcb4.json,5019f7990cb72c06687eb0b4797fec6415adfd1c4eec86261f84359351b9edab
veth,defihacklabs,ethereum,21184777,0x280a8955a11fcd81d72ba1f99d265a48ce39ac2e,shanghai,ca2-a7021cd43eafc6f1fd33,2024-11-14,vETH,Vulnerable Price Dependency,src/test/2024-11/vETH_exp.sol,mainnet,https://github.com/SunWeb3Sec/DeFiHackLabs/blob/main/past/2024/README.md,frozen_public_source_hashed,db3b13fa1cbf75bffec4662240ebd762c5af6c92d2608b9aecde80a8d7802b08,fc813b43840d85f7d8d31498638a4b8e2ab8afb5d76cd912d0b9d119fb604418,"[""https://x.com/TenArmorAlert/status/1856984299905716645""]",[],447k,exact_contract_basename,True,True,,,2024-11-14,,,,blocked_missing_onchain_and_availability_evidence,"[""missing:deployment_block"", ""missing:prediction_cutoff_block"", ""missing:source_availability_time"", ""missing:runtime_bytecode_hash_at_cutoff"", ""missing:outcome_adjudication_id""]",retained,,cases/ca2-a7021cd43eafc6f1fd33.json,be505f36c181cc4dde63a3dd2decd9f7394d23ec4d9986ce39c2c45436dded35,cases/ca2-a7021cd43eafc6f1fd33.json,c2377acab02e8966979df73a9f34c675f14b6a24bc91c7cfc662fe438ce3f019,,,,,,,,,,,,ca2-a7021cd43eafc6f1fd33,cases/ca2-a7021cd43eafc6f1fd33.json,c2377acab02e8966979df73a9f34c675f14b6a24bc91c7cfc662fe438ce3f019
gain,defihacklabs,ethereum,19277619,0xde59b88abefa5e6c8aa6d742eee0f887dab136ac,shanghai,ca2-7a01249aabcf9ab600cc,2024-02-21,GAIN,bad function implementation,src/test/2024-02/GAIN_exp.sol,mainnet,https://github.com/SunWeb3Sec/DeFiHackLabs/blob/main/past/2024/README.md,frozen_public_source_hashed,db3b13fa1cbf75bffec4662240ebd762c5af6c92d2608b9aecde80a8d7802b08,8481bf88380d95cfcd6dd0107aceb38157f92251d744f439b8d8322b5a858b82,[],[],~6.4 ETH,exact_contract_basename,True,True,,,2024-02-21,,,,blocked_missing_onchain_and_availability_evidence,"[""missing:deployment_block"", ""missing:prediction_cutoff_block"", ""missing:source_availability_time"", ""missing:runtime_bytecode_hash_at_cutoff"", ""missing:outcome_adjudication_id""]",retained,,cases/ca2-7a01249aabcf9ab600cc.json,3a1dabc72f061775daef9aec5eb82c2cbdf54e65a0871487317a9a37ff0aa99e,cases/ca2-7a01249aabcf9ab600cc.json,ad732fc5fd0a5f98e6a99da19110af2a169149f21c11f0508e781719904b8679,,,,,,,,,,,,ca2-7a01249aabcf9ab600cc,cases/ca2-7a01249aabcf9ab600cc.json,ad732fc5fd0a5f98e6a99da19110af2a169149f21c11f0508e781719904b8679
it,defihacklabs,bsc,36934258,0x1ac5fac863c0a026e029b173f2ae4d33938ab473,shanghai,ca2-5293bf48f2bcc29baaff,2024-03-13,IT,business logic flaw,src/test/2024-03/IT_exp.sol,bsc,https://github.com/SunWeb3Sec/DeFiHackLabs/blob/main/past/2024/README.md,frozen_public_source_hashed,db3b13fa1cbf75bffec4662240ebd762c5af6c92d2608b9aecde80a8d7802b08,24b3ff5aa8ea66c76b0175a2eb51abdd7641c659bb0e57687f8f765b165ca5bc,[],[],~13k USDT,exact_contract_basename,True,True,,,2024-03-13,,,,blocked_missing_onchain_and_availability_evidence,"[""missing:deployment_block"", ""missing:prediction_cutoff_block"", ""missing:source_availability_time"", ""missing:runtime_bytecode_hash_at_cutoff"", ""missing:outcome_adjudication_id""]",retained,,cases/ca2-5293bf48f2bcc29baaff.json,7acb24f95d4e25199d2f0859a18cf3ce20fa060e1681705a6684279ef0f6e036,cases/ca2-5293bf48f2bcc29baaff.json,2ea14c934fc1e8e1ee8bdbc66ee4d781e0a156cde776c9165b03821d31479543,,,,,,,,,,,,ca2-5293bf48f2bcc29baaff,cases/ca2-5293bf48f2bcc29baaff.json,2ea14c934fc1e8e1ee8bdbc66ee4d781e0a156cde776c9165b03821d31479543
cloberdex,defihacklabs,base,23514450,0x6a0b87d6b74f7d5c92722f6a11714dbeda9f3895,cancun,ca2-5b927b3791414bdc410e,2024-12-10,CloberDEX,Reentrancy,src/test/2024-12/CloberDEX_exp.sol,base,https://github.com/SunWeb3Sec/DeFiHackLabs/blob/main/past/2024/README.md,frozen_public_source_hashed,db3b13fa1cbf75bffec4662240ebd762c5af6c92d2608b9aecde80a8d7802b08,30394d79e505bad575a4eab456ad11a0e72a8b0db7dbae41a6053522f0f35850,"[""https://x.com/peckshield/status/1866443215186088048""]",[],~501K US$ (133.7 WETH),exact_contract_basename,True,True,,,2024-12-10,,,,blocked_missing_onchain_and_availability_evidence,"[""missing:deployment_block"", ""missing:prediction_cutoff_block"", ""missing:source_availability_time"", ""missing:runtime_bytecode_hash_at_cutoff"", ""missing:outcome_adjudication_id""]",retained,,cases/ca2-5b927b3791414bdc410e.json,3cda1e736a25c7ea015384a2b9f93abf98cdb5add548cb8f0e959ab5918e8c79,cases/ca2-5b927b3791414bdc410e.json,85eb4653923609ba1686f3b96d29ac5f9b01a755fe5124a2659497cde64fc29b,,,,,,,,,,,,ca2-5b927b3791414bdc410e,cases/ca2-5b927b3791414bdc410e.json,85eb4653923609ba1686f3b96d29ac5f9b01a755fe5124a2659497cde64fc29b
unverified,defihacklabs-temporal-replacement-finalization,bsc,54350435,0x8fd3d01cc65ea0e4dfffde7ec8159dc99a177f0a,,ca2-95b35bd7c797a707a0fe,2025-07-17,unverified,replacement_candidate,,bsc,,replacement_candidate_historical_snapshot_verified,fc37769ddee29951d96caf3ecda361f6fa95200699b1a4a87c380742e1d0f17d,8d2b7a1d0de79fed84c623c43597b1ac0415b4d3c91059847a7bbb6725201687,[],"[""0xf2eeaa87a049fb914dfe8c9f1a878fa9a3aab78688107844794dacd5ada99563""]",,frozen_chain_global_order_finalization,True,True,20346294,20375094,54350436,,eb2252b0e2ab02560f962bd4ff4546075166bdf9f1bfff57ec30137fef97ecf4,,replacement_candidate_selected,[],replacement,ca2-399010b287f06a594153,cases/ca2-399010b287f06a594153.json,26a1af537159fa8cc656b17a2e22c18193edc5f289cb89155c1a3decf6d6a1df,,,cases/ca2r-5c2f397092821899808b.json,a06799c77c97688f7322a40d04c6571f04668d3c168cd46f6a94dbc744e84982,historical_cases/ca2r-5c2f397092821899808b/ca2r-5c2f397092821899808b.json,69646fbbd82e33f7f45cd42514bb996235b07ccd6ac7e4bfea10f82d82a24183,10,first_eligible_unique_from_frozen_chain_global_order,fc37769ddee29951d96caf3ecda361f6fa95200699b1a4a87c380742e1d0f17d,d3b80fe4ed7198fc900616b269408c1d0485ef8f000f46d37adb75be862a4a9c,54350435,0xf2eeaa87a049fb914dfe8c9f1a878fa9a3aab78688107844794dacd5ada99563,ca2r-5c2f397092821899808b,ca2r-5c2f397092821899808b,historical_cases/ca2r-5c2f397092821899808b/ca2r-5c2f397092821899808b.json,69646fbbd82e33f7f45cd42514bb996235b07ccd6ac7e4bfea10f82d82a24183
ast,defihacklabs,bsc,45964639,0xc10e0319337c7f83342424df72e73a70a29579b2,shanghai,ca2-f869139a8dcac0542bd9,2025-01-21,Ast,Price-Manipulation,src/test/2025-01/Ast_exp.sol,bsc,https://github.com/SunWeb3Sec/DeFiHackLabs/blob/main/past/2025/README.md,frozen_public_source_hashed,d3b80fe4ed7198fc900616b269408c1d0485ef8f000f46d37adb75be862a4a9c,7b7a89fd412d9b417ccc04f2de16350b219139c4e166ff7202a34b4a7e9aae50,"[""https://medium.com/@joichiro.sai/ast-token-hack-how-a-faulty-transfer-logic-led-to-a-65k-exploit-da75aed59a43""]",[],~65K,exact_contract_basename,True,True,,,2025-01-21,,,,blocked_missing_onchain_and_availability_evidence,"[""missing:deployment_block"", ""missing:prediction_cutoff_block"", ""missing:source_availability_time"", ""missing:runtime_bytecode_hash_at_cutoff"", ""missing:outcome_adjudication_id""]",retained,,cases/ca2-f869139a8dcac0542bd9.json,2f586651c2a00acb10d435a4b85d3a7f302adca7d368dc98783c4b69db312d2d,cases/ca2-f869139a8dcac0542bd9.json,1da3f79049d7283e7b329f1abf5e930dc01604e0bcd266f1be3ee57b300f677d,,,,,,,,,,,,ca2-f869139a8dcac0542bd9,cases/ca2-f869139a8dcac0542bd9.json,1da3f79049d7283e7b329f1abf5e930dc01604e0bcd266f1be3ee57b300f677d
ipc,defihacklabs,bsc,45561315,0xeab0d46682ac707a06aefb0ac72a91a3fd6fe5d1,shanghai,ca2-dc0f5864cf0c7c7db3d8,2025-01-07,IPC Incorrect burn pairs,Logic Flaw,src/test/2025-01/IPC_exp.sol,bsc,https://github.com/SunWeb3Sec/DeFiHackLabs/blob/main/past/2025/README.md,frozen_public_source_hashed,d3b80fe4ed7198fc900616b269408c1d0485ef8f000f46d37adb75be862a4a9c,ddc79cd55c305763b5718c12d1e60770fa5b11982bab363fd06156b14c7cb62a,"[""https://x.com/TenArmorAlert/status/1876663900663370056""]",[],～590k USDT,exact_contract_basename,True,True,,,2025-01-07,,,,blocked_missing_onchain_and_availability_evidence,"[""missing:deployment_block"", ""missing:prediction_cutoff_block"", ""missing:source_availability_time"", ""missing:runtime_bytecode_hash_at_cutoff"", ""missing:outcome_adjudication_id""]",retained,,cases/ca2-dc0f5864cf0c7c7db3d8.json,f866d8aecd4c8e55f9e2da8ad7bc2aaf00129778c62a976b6136f0be384c35f1,cases/ca2-dc0f5864cf0c7c7db3d8.json,f49f5eb8d2903073b7b562df4d29ce0909fc69d5a71bcb50127012ec937df30a,,,,,,,,,,,,ca2-dc0f5864cf0c7c7db3d8,cases/ca2-dc0f5864cf0c7c7db3d8.json,f49f5eb8d2903073b7b562df4d29ce0909fc69d5a71bcb50127012ec937df30a
xbridge,defihacklabs,ethereum,19723700,0x47ddb6a433b76117a98fbeab5320d8b67d468e31,shanghai,ca2-ed09542f8921c91cd3ec,2024-04-24,XBridge,Logic Flaw,src/test/2024-04/XBridge_exp.sol,mainnet,https://github.com/SunWeb3Sec/DeFiHackLabs/blob/main/past/2024/README.md,frozen_public_source_hashed,db3b13fa1cbf75bffec4662240ebd762c5af6c92d2608b9aecde80a8d7802b08,70e2ab58742aaf9a4e662227327ef2ae7b16b5e08895955bd63d80b4c12066b9,[],[],">200k USD(plus a lot of STC, SRLTY, Mazi tokens)",exact_contract_basename,True,True,,,2024-04-24,,,,blocked_missing_onchain_and_availability_evidence,"[""missing:deployment_block"", ""missing:prediction_cutoff_block"", ""missing:source_availability_time"", ""missing:runtime_bytecode_hash_at_cutoff"", ""missing:outcome_adjudication_id""]",retained,,cases/ca2-ed09542f8921c91cd3ec.json,f26e43db86e8c92acf4082ba88c3b51b3e6e1afb6f3378f4e7df2558c8d5d388,cases/ca2-ed09542f8921c91cd3ec.json,65e96981b71f55eefed092f1ad54ea05db8e7a3626017ad2aaaad7f786eb09f8,,,,,,,,,,,,ca2-ed09542f8921c91cd3ec,cases/ca2-ed09542f8921c91cd3ec.json,65e96981b71f55eefed092f1ad54ea05db8e7a3626017ad2aaaad7f786eb09f8
idols_nft,defihacklabs,ethereum,21624138,0x439cac149b935ae1d726569800972e1669d17094,shanghai,ca2-5675dfa92c14429a4b9f,2025-01-14,IdolsNFT,Logic Flaw,src/test/2025-01/IdolsNFT_exp.sol,mainnet,https://github.com/SunWeb3Sec/DeFiHackLabs/blob/main/past/2025/README.md,frozen_public_source_hashed,d3b80fe4ed7198fc900616b269408c1d0485ef8f000f46d37adb75be862a4a9c,868b9be18a0789554d921c0844e28292c78530ef4c77e73c58e41c2895ef3742,"[""https://x.com/TenArmorAlert/status/1879376744161132981""]",[],97 stETH,exact_contract_basename,True,True,,,2025-01-14,,,,blocked_missing_onchain_and_availability_evidence,"[""missing:deployment_block"", ""missing:prediction_cutoff_block"", ""missing:source_availability_time"", ""missing:runtime_bytecode_hash_at_cutoff"", ""missing:outcome_adjudication_id""]",retained,,cases/ca2-5675dfa92c14429a4b9f.json,d4366f7b5ba23b7a465a44d4c0bbdb6ac4e0306aba1a1fc4b18cf7a409baa294,cases/ca2-5675dfa92c14429a4b9f.json,a94c10a3a6ab6bb2d358fa7b4abed61e79d5fbfa655a02b6054659dabf429543,,,,,,,,,,,,ca2-5675dfa92c14429a4b9f,cases/ca2-5675dfa92c14429a4b9f.json,a94c10a3a6ab6bb2d358fa7b4abed61e79d5fbfa655a02b6054659dabf429543
j_pulsepot,defihacklabs,bsc,45640245,0x384b9fb6e42dab87f3023d87ea1575499a69998e,shanghai,ca2-bc3880c8e3766b6a9ca4,2025-01-10,JPulsepot,Logic Flaw,src/test/2025-01/JPulsepot_exp.sol,bsc,https://github.com/SunWeb3Sec/DeFiHackLabs/blob/main/past/2025/README.md,frozen_public_source_hashed,d3b80fe4ed7198fc900616b269408c1d0485ef8f000f46d37adb75be862a4a9c,3ee5050bda4d0e1f19bba7164803941d3b2da80284574919148fa049305d9bf3,"[""https://x.com/CertiKAlert/status/1877662352834793639""]",[],21.5K,exact_contract_basename,True,True,,,2025-01-10,,,,blocked_missing_onchain_and_availability_evidence,"[""missing:deployment_block"", ""missing:prediction_cutoff_block"", ""missing:source_availability_time"", ""missing:runtime_bytecode_hash_at_cutoff"", ""missing:outcome_adjudication_id""]",retained,,cases/ca2-bc3880c8e3766b6a9ca4.json,fd340b7d8f5d3525b801243245e45107d18d706597f448fbee33ed2c32f98cfd,cases/ca2-bc3880c8e3766b6a9ca4.json,edd17969e901994206b6bba677ae4804e9fd04d3b85f71671b7a418989a562c7,,,,,,,,,,,,ca2-bc3880c8e3766b6a9ca4,cases/ca2-bc3880c8e3766b6a9ca4.json,edd17969e901994206b6bba677ae4804e9fd04d3b85f71671b7a418989a562c7
lp_mine,defihacklabs,bsc,45583892,0x6bbef6df8db12667ae88519090984e4f871e5feb,shanghai,ca2-969e97a830e1fdab4f58,2025-01-08,LPMine,Incorrect reward calculation,src/test/2025-01/LPMine.sol,bsc,https://github.com/SunWeb3Sec/DeFiHackLabs/blob/main/past/2025/README.md,frozen_public_source_hashed,d3b80fe4ed7198fc900616b269408c1d0485ef8f000f46d37adb75be862a4a9c,ec6abfb622ba7cade51ab49c3950a4d05f635e22cd6da425fb166d0a96b3ba0b,"[""https://x.com/TenArmorAlert/status/1877030261067571234""]",[],~24k USDT,exact_contract_basename,True,True,,,2025-01-08,,,,blocked_missing_onchain_and_availability_evidence,"[""missing:deployment_block"", ""missing:prediction_cutoff_block"", ""missing:source_availability_time"", ""missing:runtime_bytecode_hash_at_cutoff"", ""missing:outcome_adjudication_id""]",retained,,cases/ca2-969e97a830e1fdab4f58.json,97da3ef176314013286de46ecfc6f5ed3fa3d405cc21345c765516ba3310a1dd,cases/ca2-969e97a830e1fdab4f58.json,fee7c329eb00edd159ba48d50b3cc9168925e9d7f4a20f781c98a81254b30627,,,,,,,,,,,,ca2-969e97a830e1fdab4f58,cases/ca2-969e97a830e1fdab4f58.json,fee7c329eb00edd159ba48d50b3cc9168925e9d7f4a20f781c98a81254b30627
laura_token,defihacklabs,ethereum,21529887,0x05641e33fd15baf819729df55500b07b82eb8e89,shanghai,ca2-b47e7dc1b2b6c8992cce,2025-01-01,LAURAToken,Pair Balance Manipulation,src/test/2025-01/LAURAToken_exp.sol,mainnet,https://github.com/SunWeb3Sec/DeFiHackLabs/blob/main/past/2025/README.md,frozen_public_source_hashed,d3b80fe4ed7198fc900616b269408c1d0485ef8f000f46d37adb75be862a4a9c,72269dc14a594a1f4452e72d8ea001033d3f1be142f70f99b4027eafc10a0124,"[""https://x.com/TenArmorAlert/status/1874455664187023752""]",[],12.34 ETH (~$41.2K USD),exact_contract_basename,True,True,,,2025-01-01,,,,blocked_missing_onchain_and_availability_evidence,"[""missing:deployment_block"", ""missing:prediction_cutoff_block"", ""missing:source_availability_time"", ""missing:runtime_bytecode_hash_at_cutoff"", ""missing:outcome_adjudication_id""]",retained,,cases/ca2-b47e7dc1b2b6c8992cce.json,c5094950fa3e3dc7d64eaf55ec32c53b0e42e634a7dae917a95c441fe36b339f,cases/ca2-b47e7dc1b2b6c8992cce.json,de54c8b3f92ee1e0efcfd01240a447d7b628b6ff10c09b0f0fa97cde640ace4d,,,,,,,,,,,,ca2-b47e7dc1b2b6c8992cce,cases/ca2-b47e7dc1b2b6c8992cce.json,de54c8b3f92ee1e0efcfd01240a447d7b628b6ff10c09b0f0fa97cde640ace4d
VDS,defihacklabs-temporal-replacement-finalization,bsc,54252254,0x6ce69d7146dbaae18c11c36d8d94428623b29d5a,,ca2-b54a80c704cbcc128875,2025-07-16,VDS,replacement_candidate,,bsc,,replacement_candidate_historical_snapshot_verified,6f816a4c12ceb88f7a4ff882a9e001e0d4443b11cf36bac165568af41913b4ad,05389c181f967672c731e71693fc3911710b69832494e2baa63eec6cbb4a3b40,[],"[""0x0e01fd8798f970fd689014cb215e622aca8b7c8c243176c5b504e0043402e31f""]",,frozen_chain_global_order_finalization,True,True,52614868,52730057,54252254,,5300e689362f834700cd7223108a096abf37a906be93208a7019c97678543ae2,,replacement_candidate_selected,[],replacement,ca2-b6847d12944e5dba551b,cases/ca2-b6847d12944e5dba551b.json,df043d806404c148741b8557bcac204930c1fedae680c2846681879f1da9cec1,,,cases/ca2r-b4e0d64ff67197d3308f.json,6b84a674f42fa41ea7ed8b6ca0c71197e7d69c2fc976a2a956c9caedd06149d2,historical_cases/ca2r-b4e0d64ff67197d3308f/ca2r-b4e0d64ff67197d3308f.json,3f5e6397e2273a82336bca9f267fabbeb9a1ca9be64706c14fe87e5b28a2a284,30,first_eligible_unique_from_frozen_chain_global_order,6f816a4c12ceb88f7a4ff882a9e001e0d4443b11cf36bac165568af41913b4ad,d3b80fe4ed7198fc900616b269408c1d0485ef8f000f46d37adb75be862a4a9c,54252254,0x0e01fd8798f970fd689014cb215e622aca8b7c8c243176c5b504e0043402e31f,ca2r-b4e0d64ff67197d3308f,ca2r-b4e0d64ff67197d3308f,historical_cases/ca2r-b4e0d64ff67197d3308f/ca2r-b4e0d64ff67197d3308f.json,3f5e6397e2273a82336bca9f267fabbeb9a1ca9be64706c14fe87e5b28a2a284
roulette_pot_v2,defihacklabs,bsc,45668285,0xf573748637e0576387289f1914627d716927f90f,shanghai,ca2-53f0c0893c96da4fd077,2025-01-11,RoulettePotV2,Price Manipulation,src/test/2025-01/RoulettePotV2_exp.sol,bsc,https://github.com/SunWeb3Sec/DeFiHackLabs/blob/main/past/2025/README.md,frozen_public_source_hashed,d3b80fe4ed7198fc900616b269408c1d0485ef8f000f46d37adb75be862a4a9c,310131f5e2fe880e77c795bd5b8dd0eaf979778a71f68e90b67e1720c300dcb4,"[""https://x.com/TenArmorAlert/status/1878008055717376068""]",[],~28K,exact_contract_basename,True,True,,,2025-01-11,,,,blocked_missing_onchain_and_availability_evidence,"[""missing:deployment_block"", ""missing:prediction_cutoff_block"", ""missing:source_availability_time"", ""missing:runtime_bytecode_hash_at_cutoff"", ""missing:outcome_adjudication_id""]",retained,,cases/ca2-53f0c0893c96da4fd077.json,9d778847087cf8d265cfb5fbd89f4c5403b719877f5d404af4842b67b9bb880f,cases/ca2-53f0c0893c96da4fd077.json,5a6c35cce75fa6e96e867196f2eaf92660abe7bc4b06ea52b1c156b67a2eda40,,,,,,,,,,,,ca2-53f0c0893c96da4fd077,cases/ca2-53f0c0893c96da4fd077.json,5a6c35cce75fa6e96e867196f2eaf92660abe7bc4b06ea52b1c156b67a2eda40
mosca,defihacklabs,bsc,45519929,0x1962b3356122d6a56f978e112d14f5e23a25037d,shanghai,ca2-786342530794b2d0e951,2025-01-06,Mosca,Logic Flaw,src/test/2025-01/Mosca_exp.sol,bsc,https://github.com/SunWeb3Sec/DeFiHackLabs/blob/main/past/2025/README.md,frozen_public_source_hashed,d3b80fe4ed7198fc900616b269408c1d0485ef8f000f46d37adb75be862a4a9c,031f9fa4dfe59c92fb254ee28043c78e1b726a847fbdbb7eb3339c96b1e6a2b5,[],[],19K,exact_contract_basename,True,True,,,2025-01-06,,,,blocked_missing_onchain_and_availability_evidence,"[""missing:deployment_block"", ""missing:prediction_cutoff_block"", ""missing:source_availability_time"", ""missing:runtime_bytecode_hash_at_cutoff"", ""missing:outcome_adjudication_id""]",retained,,cases/ca2-786342530794b2d0e951.json,0f0414acd04bf415457cbb8963a9904c42902f15f7cbf044fe1cbd738aca69b5,cases/ca2-786342530794b2d0e951.json,92693b9fe2726846ba1eac1b406ad518dac2ba203c522f1d0757eddd0acbd3d6,,,,,,,,,,,,ca2-786342530794b2d0e951,cases/ca2-786342530794b2d0e951.json,92693b9fe2726846ba1eac1b406ad518dac2ba203c522f1d0757eddd0acbd3d6
unilend,defihacklabs,ethereum,21608003,0x4e34dd25dbd367b1bf82e1b5527dbbe799fad0d0,shanghai,ca2-f2fdba3be5c566aed586,2025-01-12,Unilend,Logic Flaw,src/test/2025-01/Unilend_exp.sol,mainnet,https://github.com/SunWeb3Sec/DeFiHackLabs/blob/main/past/2025/README.md,frozen_public_source_hashed,d3b80fe4ed7198fc900616b269408c1d0485ef8f000f46d37adb75be862a4a9c,8b1235715702a6ae2a395a08d4488b218dabd360ec651856bf11719a1229d1e6,"[""https://slowmist.medium.com/analysis-of-the-unilend-hack-90022fa35a54""]",[],60 stETH,exact_contract_basename,True,True,,,2025-01-12,,,,blocked_missing_onchain_and_availability_evidence,"[""missing:deployment_block"", ""missing:prediction_cutoff_block"", ""missing:source_availability_time"", ""missing:runtime_bytecode_hash_at_cutoff"", ""missing:outcome_adjudication_id""]",retained,,cases/ca2-f2fdba3be5c566aed586.json,1447d9b0ee5eac107b4a75c84eb0ac8b32376e019fe2896ca9bdc6cbf810a67f,cases/ca2-f2fdba3be5c566aed586.json,54fcbe0730afc2642e033d6b4070b41cc0cd0d559d0401a4a785c8cec4baf412,,,,,,,,,,,,ca2-f2fdba3be5c566aed586,cases/ca2-f2fdba3be5c566aed586.json,54fcbe0730afc2642e033d6b4070b41cc0cd0d559d0401a4a785c8cec4baf412
sorra_staking,defihacklabs,ethereum,21450734,0x5d16b8ba2a9a4eca6126635a6ffbf05b52727d50,shanghai,ca2-fdd7dce161154c375fb2,2025-01-04,SorStaking,Incorrect reward calculation,src/test/2025-01/sorraStaking.sol,mainnet,https://github.com/SunWeb3Sec/DeFiHackLabs/blob/main/past/2025/README.md,frozen_public_source_hashed,d3b80fe4ed7198fc900616b269408c1d0485ef8f000f46d37adb75be862a4a9c,72a50ee9c275149333cffe99d7b140ed1c513f1e9e1e6e6dbf77a36c06971c18,"[""https://x.com/TenArmorAlert/status/1875582709512188394""]",[],～8 ETH,exact_contract_basename,True,True,,,2025-01-04,,,,blocked_missing_onchain_and_availability_evidence,"[""missing:deployment_block"", ""missing:prediction_cutoff_block"", ""missing:source_availability_time"", ""missing:runtime_bytecode_hash_at_cutoff"", ""missing:outcome_adjudication_id""]",retained,,cases/ca2-fdd7dce161154c375fb2.json,7f4d860b26d1deefdcb479b6ef4c8a5f2fb73d7f2084fb3e5765d942f2e4591c,cases/ca2-fdd7dce161154c375fb2.json,7fd3045a5f8080f0641290f19c07a1fbaf0957748e05463028b8d1a2e10fc544,,,,,,,,,,,,ca2-fdd7dce161154c375fb2,cases/ca2-fdd7dce161154c375fb2.json,7fd3045a5f8080f0641290f19c07a1fbaf0957748e05463028b8d1a2e10fc544
hegic_options,defihacklabs,ethereum,21912408,0x7094e706e75e13d1e0ea237f71a7c4511e9d270b,shanghai,ca2-4d6568a7691d786971d0,2025-02-23,HegicOptions,Business Logic Flaw,src/test/2025-02/HegicOptions_exp.sol,mainnet,https://github.com/SunWeb3Sec/DeFiHackLabs/blob/main/past/2025/README.md,frozen_public_source_hashed,d3b80fe4ed7198fc900616b269408c1d0485ef8f000f46d37adb75be862a4a9c,3c5be337e658080d19945815a4acf5adce8c404702901f9e3a3c48f7a173333c,[],[],~104M,exact_contract_basename,True,True,,,2025-02-23,,,,blocked_missing_onchain_and_availability_evidence,"[""missing:deployment_block"", ""missing:prediction_cutoff_block"", ""missing:source_availability_time"", ""missing:runtime_bytecode_hash_at_cutoff"", ""missing:outcome_adjudication_id""]",retained,,cases/ca2-4d6568a7691d786971d0.json,85d7cbfa1028a00f22d3056b7c75959b2fa93d3cddc8d8814d723560211073e5,cases/ca2-4d6568a7691d786971d0.json,e3fa6ce1914a75f01fbe560d231b1d5dd28faac0219ee35800573b745e79831b,,,,,,,,,,,,ca2-4d6568a7691d786971d0,cases/ca2-4d6568a7691d786971d0.json,e3fa6ce1914a75f01fbe560d231b1d5dd28faac0219ee35800573b745e79831b
MyCoinMaster,defihacklabs-temporal-replacement-finalization,bsc,56555696,0xef9a10d6abfd5d3aa345a008c0f9132ce4b23e70,,ca2-9d4246988ce873fd7f25,2025-08-05,MyCoinMaster,replacement_candidate,,bsc,,replacement_candidate_historical_snapshot_verified,dc48cca25af59858c4cfa7a9d2a4f6722b165f4de8748238fc886fcccfb26163,08b14bb596c4975ecc86df4d06f464be7bdb177e91b0507a0b5e00c111689d24,[],"[""0x57865009e1cfb7516240eb901342f3b434c2a2754e14604c838024ffe2e191a7""]",,frozen_chain_global_order_finalization,True,True,55254992,55370182,56555697,,cbd134ac8d285892d5d33ec1bf94dcdf1102a990b1046d1594cb286e9239697b,,replacement_candidate_selected,[],replacement,ca2-10778b0afde298700715,cases/ca2-10778b0afde298700715.json,71a3ef6be2f612b7ffeb6e2bdcc4ef87d7aa55a5e97c99d64c34a158be8063c3,,,cases/ca2r-df644d704ca7d12c2f8f.json,14ef45da1835374e4b50b945d5067128a7f10da1c1aff69edbc34d80313614bc,historical_cases/ca2r-df644d704ca7d12c2f8f/ca2r-df644d704ca7d12c2f8f.json,764df0b3486ffcc7a504f7cd49bfb1785bf0a54359e6c1dec6cc4ad3537db3b0,5,first_eligible_unique_from_frozen_chain_global_order,dc48cca25af59858c4cfa7a9d2a4f6722b165f4de8748238fc886fcccfb26163,d3b80fe4ed7198fc900616b269408c1d0485ef8f000f46d37adb75be862a4a9c,56555696,0x57865009e1cfb7516240eb901342f3b434c2a2754e14604c838024ffe2e191a7,ca2r-df644d704ca7d12c2f8f,ca2r-df644d704ca7d12c2f8f,historical_cases/ca2r-df644d704ca7d12c2f8f/ca2r-df644d704ca7d12c2f8f.json,764df0b3486ffcc7a504f7cd49bfb1785bf0a54359e6c1dec6cc4ad3537db3b0
alkimiya_io,defihacklabs,ethereum,22146339,0xf3f84ce038442ae4c4dcb6a8ca8bacd7f28c9bde,shanghai,ca2-feebcd26919bea5b0014,2025-03-28,Alkimiya_IO,unsafecast,src/test/2025-03/Alkimiya_io_exp.sol,mainnet,https://github.com/SunWeb3Sec/DeFiHackLabs/blob/main/past/2025/README.md,frozen_public_source_hashed,d3b80fe4ed7198fc900616b269408c1d0485ef8f000f46d37adb75be862a4a9c,3fae7e8ac1496e86223530df97c7bc816a2095404217ea01bd2e6db853d4db42,"[""https://x.com/TenArmorAlert/status/1906371419807568119""]",[],~ 95.5 K (1.14015390 WBTC),exact_contract_basename,True,True,,,2025-03-28,,,,blocked_missing_onchain_and_availability_evidence,"[""missing:deployment_block"", ""missing:prediction_cutoff_block"", ""missing:source_availability_time"", ""missing:runtime_bytecode_hash_at_cutoff"", ""missing:outcome_adjudication_id""]",retained,,cases/ca2-feebcd26919bea5b0014.json,0322fc0e43516733f0e0dedb88d6cf6df9448a19e40896b6b95af332750112f0,cases/ca2-feebcd26919bea5b0014.json,96f1bcf543979af861dec4bef1484a80d5c586fbd14b65f7e11dc945861e84b7,,,,,,,,,,,,ca2-feebcd26919bea5b0014,cases/ca2-feebcd26919bea5b0014.json,96f1bcf543979af861dec4bef1484a80d5c586fbd14b65f7e11dc945861e84b7
dcf_token,defihacklabs,bsc,44290969,0xa7e92345ddf541aa5cf60fee2a0e721c50ca1adb,shanghai,ca2-e92eb18ffd5cb5150b66,2025-03-18,DCFToken,Lack of Slippage Protection,src/test/2025-03/DCFToken_exp.sol,bsc,https://github.com/SunWeb3Sec/DeFiHackLabs/blob/main/past/2025/README.md,frozen_public_source_hashed,d3b80fe4ed7198fc900616b269408c1d0485ef8f000f46d37adb75be862a4a9c,2cceae84d4d22dec183db761411df55b7c469d510ece8fcd3fd55973d0b0a91b,"[""https://x.com/Phalcon_xyz/status/1860890801909190664""]",[],~442k,exact_contract_basename,True,True,,,2025-03-18,,,,blocked_missing_onchain_and_availability_evidence,"[""missing:deployment_block"", ""missing:prediction_cutoff_block"", ""missing:source_availability_time"", ""missing:runtime_bytecode_hash_at_cutoff"", ""missing:outcome_adjudication_id""]",retained,,cases/ca2-e92eb18ffd5cb5150b66.json,94037605e0ce3a21e8bac9ec060309fc45e2eac9a22bec9513050d3ea33f68c2,cases/ca2-e92eb18ffd5cb5150b66.json,516709b978ee6efb2a1663e5382688fef15c8afdbeedffd83f766f4b3ef162d4,,,,,,,,,,,,ca2-e92eb18ffd5cb5150b66,cases/ca2-e92eb18ffd5cb5150b66.json,516709b978ee6efb2a1663e5382688fef15c8afdbeedffd83f766f4b3ef162d4
HoldSafe,defihacklabs-temporal-replacement-finalization,bsc,51758376,0x2496b87189d5ae18d4d83b8a7039b0c8a07d98d4,,ca2-421dd5bf165b069c74f3,2025-06-20,HoldSafe,replacement_candidate,,bsc,,replacement_candidate_historical_snapshot_verified,8ee7efb58440d017d46f65f02b0203c6acaab60702f8fdd3fad5f64e78bfb59e,cc7f04d61261e3a72198eb74b24fb2ee6db7a9ce139f247c56106b805184f4b2,[],"[""0xa9b4cead820eaa750d72cd4ba4ba4d926c2db867746c637a1642ea4ab9721399""]",,frozen_chain_global_order_finalization,True,True,47462444,47491244,51758377,,17871e765877f4c4913eb244f684b3f5fdb948eff9ef5567c5b95d27539c33c0,,replacement_candidate_selected,[],replacement,ca2-3e63d905e3ed3178d5fb,cases/ca2-3e63d905e3ed3178d5fb.json,874d82c1e01da14be08886d141f652a0f95e4a2be5a5482fc72a0918e3d17a09,,,cases/ca2r-8648cd24a3c3d24eeba3.json,1350098b1c0bee688ca1a7e6b12fa63b5a26fc6a41db949e8bf89d5813b24772,historical_cases/ca2r-8648cd24a3c3d24eeba3/ca2r-8648cd24a3c3d24eeba3.json,d08b49ed99c46fde3abfa42c9086a0a6b82de1b035c00617670ba8c3eefa7c25,11,first_eligible_unique_from_frozen_chain_global_order,8ee7efb58440d017d46f65f02b0203c6acaab60702f8fdd3fad5f64e78bfb59e,d3b80fe4ed7198fc900616b269408c1d0485ef8f000f46d37adb75be862a4a9c,51758376,0xa9b4cead820eaa750d72cd4ba4ba4d926c2db867746c637a1642ea4ab9721399,ca2r-8648cd24a3c3d24eeba3,ca2r-8648cd24a3c3d24eeba3,historical_cases/ca2r-8648cd24a3c3d24eeba3/ca2r-8648cd24a3c3d24eeba3.json,d08b49ed99c46fde3abfa42c9086a0a6b82de1b035c00617670ba8c3eefa7c25
one_inch_fusion_v1_settlement_hack,defihacklabs,ethereum,21982110,0xa88800cd213da5ae406ce248380802bd53b47647,shanghai,ca2-8e3ab047548dade505e8,2025-03-05,1inch FusionV1 Settlement,Arbitrary Yul Calldata,src/test/2025-03/OneInchFusionV1SettlementHack.sol,mainnet,https://github.com/SunWeb3Sec/DeFiHackLabs/blob/main/past/2025/README.md,frozen_public_source_hashed,d3b80fe4ed7198fc900616b269408c1d0485ef8f000f46d37adb75be862a4a9c,c0e73fc9ba355b62bc560d2500f911f82ebe98ec7f52c7207c5ac3be26e252b2,"[""https://blog.decurity.io/yul-calldata-corruption-1inch-postmortem-a7ea7a53bfd9""]",[],4.5M,exact_contract_basename,True,True,,,2025-03-05,,,,blocked_missing_onchain_and_availability_evidence,"[""missing:deployment_block"", ""missing:prediction_cutoff_block"", ""missing:source_availability_time"", ""missing:runtime_bytecode_hash_at_cutoff"", ""missing:outcome_adjudication_id""]",retained,,cases/ca2-8e3ab047548dade505e8.json,3882803de452cbdb778d61748f356ad32565ec1ff4a2a7ba550717f7cedf23fb,cases/ca2-8e3ab047548dade505e8.json,7520eb42cda0134493ce98fbbbe7b65a1ab7bcac0523449db94d6bed18bc59eb,,,,,,,,,,,,ca2-8e3ab047548dade505e8,cases/ca2-8e3ab047548dade505e8.json,7520eb42cda0134493ce98fbbbe7b65a1ab7bcac0523449db94d6bed18bc59eb
MEV_0ad8,defihacklabs-temporal-replacement-finalization,ethereum,15926096,0x0ad8229d4bc84135786ae752b9a9d53392a8afd4,,ca2-93a5245378ac7422b320,2022-11-08,MEV_0ad8,replacement_candidate,,ethereum,,replacement_candidate_historical_snapshot_verified,3d130f973e36c04b2043a51a848bc1603b107d2655151b09051a42e26dadb3c3,470b1ac442f03b6cb88e3d0b2546320f09f3d05552667aaf1756f6a4c64bab0a,[],"[""0x674f74b30a3d7bdf15fa60a7c29d96a402ea894a055f624164a8009df98386a0""]",,frozen_chain_global_order_finalization,True,True,10016963,10023446,15926097,,78e81553e885f6dc44fd303a21aa11bdcfde39566fec9d16727d70fa024ddf08,,replacement_candidate_selected,[],replacement,ca2-55172a38bf64b74d8fd2,cases/ca2-55172a38bf64b74d8fd2.json,fb40812cf29c01e6e68c00ac42e37582769d4f202d6bcfece12c3b7b9384049b,,,cases/ca2r-b6d111fdecac176c80c6.json,5d0bf23cb9f62ab50dd91a22de01d9fa48147dabb559cb4ab3d4964d5d005a5e,historical_cases/ca2r-b6d111fdecac176c80c6/ca2r-b6d111fdecac176c80c6.json,97d0591db45c85e762bc01d11218b51ec9314a3f80274fa6ea6b4225db0815f9,6,first_eligible_unique_from_frozen_chain_global_order,3d130f973e36c04b2043a51a848bc1603b107d2655151b09051a42e26dadb3c3,e7668ddd37e305db9052d4f208bb3b87d1e75956950739d5e9f1fd66f4c26267,15926096,0x674f74b30a3d7bdf15fa60a7c29d96a402ea894a055f624164a8009df98386a0,ca2r-b6d111fdecac176c80c6,ca2r-b6d111fdecac176c80c6,historical_cases/ca2r-b6d111fdecac176c80c6/ca2r-b6d111fdecac176c80c6.json,97d0591db45c85e762bc01d11218b51ec9314a3f80274fa6ea6b4225db0815f9
TokenFactory,defihacklabs-temporal-replacement-finalization,bsc,51101790,0xe4997f98e84c1891e7b57069e177fccf5f4f6094,,ca2-37b12c1f2e2b7af31377,2025-06-08,TokenFactory,replacement_candidate,,bsc,,replacement_candidate_historical_snapshot_verified,b4d60edce9237d0857e511e611326aa02a0aaa88570ba576de811370a28102f8,ff17595b0031b2dd9a60aa94f468ffd4ef0623737c5b9434ea30a79d42a7500d,[],"[""0xf74bf7f41c8ca380d439dd94eab95d1bbb1f6fc934e69f2e42eb3325def8514a""]",,frozen_chain_global_order_finalization,True,True,42558376,42587122,51101791,,ed965bf5dbd3b23d2345c0d8aa0bb1c729fbcbea3484a42890a20378c84d7c06,,replacement_candidate_selected,[],replacement,ca2-c0d0113d3c9a4aa47402,cases/ca2-c0d0113d3c9a4aa47402.json,5aa9e0559988730510a219fa48cc6832c2987db283fdfd5ce2b6ccbd81a8805b,,,cases/ca2r-c9acdaf52fc98f4159f7.json,56ee1e5db4a54b3b20b99394491d0b126073fd18adb8b93e0126b3e6d5ffdb8c,historical_cases/ca2r-c9acdaf52fc98f4159f7/ca2r-c9acdaf52fc98f4159f7.json,e68901b71274a88e4eedaace1328fb1d2b38a5e659257540bb8ad53a8b1ff65d,33,first_eligible_unique_from_frozen_chain_global_order,b4d60edce9237d0857e511e611326aa02a0aaa88570ba576de811370a28102f8,d3b80fe4ed7198fc900616b269408c1d0485ef8f000f46d37adb75be862a4a9c,51101790,0xf74bf7f41c8ca380d439dd94eab95d1bbb1f6fc934e69f2e42eb3325def8514a,ca2r-c9acdaf52fc98f4159f7,ca2r-c9acdaf52fc98f4159f7,historical_cases/ca2r-c9acdaf52fc98f4159f7/ca2r-c9acdaf52fc98f4159f7.json,e68901b71274a88e4eedaace1328fb1d2b38a5e659257540bb8ad53a8b1ff65d
yzi_ai_token,defihacklabs,bsc,47838544,0x7fdff64bf87bad52e6430bda30239bd182389ee3,shanghai,ca2-3ae6d0e93f222f7571b2,2025-03-27,YziAI,Rug Pull,src/test/2025-03/YziAIToken_exp.sol,bsc,https://github.com/SunWeb3Sec/DeFiHackLabs/blob/main/past/2025/README.md,frozen_public_source_hashed,d3b80fe4ed7198fc900616b269408c1d0485ef8f000f46d37adb75be862a4a9c,40b9f5217525ed17be6ee0941c1345c8f752f4d1dbf543b943c3d22018b74ecb,"[""https://x.com/TenArmorAlert/status/1905528525785805027""]",[],~ $239.4K,exact_contract_basename,True,True,,,2025-03-27,,,,blocked_missing_onchain_and_availability_evidence,"[""missing:deployment_block"", ""missing:prediction_cutoff_block"", ""missing:source_availability_time"", ""missing:runtime_bytecode_hash_at_cutoff"", ""missing:outcome_adjudication_id""]",retained,,cases/ca2-3ae6d0e93f222f7571b2.json,252197e28b42260c713ca188aeeb713a3b92fc568901659f41e654bd77c4311f,cases/ca2-3ae6d0e93f222f7571b2.json,5ce8fd18dce45d1cd7251c3212d93c8ef0a6f05424fc91858ef5f021a170233c,,,,,,,,,,,,ca2-3ae6d0e93f222f7571b2,cases/ca2-3ae6d0e93f222f7571b2.json,5ce8fd18dce45d1cd7251c3212d93c8ef0a6f05424fc91858ef5f021a170233c
btnft,defihacklabs,bsc,48472355,0x0fc91b6fea2e7a827a8c99c91101ed36c638521b,shanghai,ca2-c5014cea82de5130aa96,2025-04-18,BTNFT,Claim Rewards Without Protection,src/test/2025-04/BTNFT_exp.sol,bsc,https://github.com/SunWeb3Sec/DeFiHackLabs/blob/main/past/2025/README.md,frozen_public_source_hashed,d3b80fe4ed7198fc900616b269408c1d0485ef8f000f46d37adb75be862a4a9c,fa981b293f7e9d358d5a6f8216bfbd98bfe1b7ebf616d72d04b5e4e0fa161273,"[""https://x.com/TenArmorAlert/status/1913500336301502542""]",[],19025.9193312786235214 BUSD,exact_contract_basename,True,True,,,2025-04-18,,,,blocked_missing_onchain_and_availability_evidence,"[""missing:deployment_block"", ""missing:prediction_cutoff_block"", ""missing:source_availability_time"", ""missing:runtime_bytecode_hash_at_cutoff"", ""missing:outcome_adjudication_id""]",retained,,cases/ca2-c5014cea82de5130aa96.json,7f701a620fdd18e7ff5f49d0f4dcfab41f93ca0c6fcb699b36dcc0d6d7c319b1,cases/ca2-c5014cea82de5130aa96.json,3a67271b111cb837831189db1f0f51ff1f4904b3ec1dcabc9cbd870b79735bca,,,,,,,,,,,,ca2-c5014cea82de5130aa96,cases/ca2-c5014cea82de5130aa96.json,3a67271b111cb837831189db1f0f51ff1f4904b3ec1dcabc9cbd870b79735bca
lifeprotocol,defihacklabs,bsc,48703545,0x42e2773508e2ae8ff9434bea599812e28449e2cd,shanghai,ca2-b917178685db1ed39d90,2025-04-26,Lifeprotocol,Price Manipulation,src/test/2025-04/Lifeprotocol_exp.sol,bsc,https://github.com/SunWeb3Sec/DeFiHackLabs/blob/main/past/2025/README.md,frozen_public_source_hashed,d3b80fe4ed7198fc900616b269408c1d0485ef8f000f46d37adb75be862a4a9c,e1faccda5bff74461c84c1bfde7a75781382f17ee9699a67d98ca046abda2277,"[""https://x.com/TenArmorAlert/status/1916312483792408688""]",[],15114 BUSD,exact_contract_basename,True,True,,,2025-04-26,,,,blocked_missing_onchain_and_availability_evidence,"[""missing:deployment_block"", ""missing:prediction_cutoff_block"", ""missing:source_availability_time"", ""missing:runtime_bytecode_hash_at_cutoff"", ""missing:outcome_adjudication_id""]",retained,,cases/ca2-b917178685db1ed39d90.json,87ef3715b065534437b5ea54e6d9af5c37460855e2a3a34bbfa154fcb80afed0,cases/ca2-b917178685db1ed39d90.json,bd89dcd9d63cb2e635fb9f02ebcae88da17ac07dbd8b597844b094bf61fd013a,,,,,,,,,,,,ca2-b917178685db1ed39d90,cases/ca2-b917178685db1ed39d90.json,bd89dcd9d63cb2e635fb9f02ebcae88da17ac07dbd8b597844b094bf61fd013a
w_key_dao,defihacklabs,bsc,47469059,0xd511096a73292a7419a94354d4c1c73e8a3cd851,shanghai,ca2-f359ea85ce584fc54da1,2025-03-16,wKeyDAO,unprotected function,src/test/2025-03/wKeyDAO_exp.sol,bsc,https://github.com/SunWeb3Sec/DeFiHackLabs/blob/main/past/2025/README.md,frozen_public_source_hashed,d3b80fe4ed7198fc900616b269408c1d0485ef8f000f46d37adb75be862a4a9c,08b9cc6c8bbb81a82d7e3a613773bb8c5d1e9753e406079010d28524e7504c0d,"[""https://x.com/Phalcon_xyz/status/1900809936906711549""]",[],"737,000",exact_contract_basename,True,True,,,2025-03-16,,,,blocked_missing_onchain_and_availability_evidence,"[""missing:deployment_block"", ""missing:prediction_cutoff_block"", ""missing:source_availability_time"", ""missing:runtime_bytecode_hash_at_cutoff"", ""missing:outcome_adjudication_id""]",retained,,cases/ca2-f359ea85ce584fc54da1.json,2bd448081885eccb793a6c0257740197db32ec09da59a55a7c1d2f75bbb6b782,cases/ca2-f359ea85ce584fc54da1.json,2298965897da93707f34aaff00e6ed9b55bfc1189bf8671f327c0c5670a47258,,,,,,,,,,,,ca2-f359ea85ce584fc54da1,cases/ca2-f359ea85ce584fc54da1.json,2298965897da93707f34aaff00e6ed9b55bfc1189bf8671f327c0c5670a47258
GMT7,defihacklabs-temporal-replacement-finalization,bsc,46497384,0x9ad90eeab3caff64a762cb40387ee1bb18bd31e3,,ca2-ba9bcac83757e0db9b90,2025-02-08,GMT7,replacement_candidate,,bsc,,replacement_candidate_historical_snapshot_verified,d63b9a847bba28047c2cf7d14f3f937f6ecaf0642fce22958a3fecacfa2f669d,05ebdceb0757c682cc45bdbc7ed30f0e332bfe1dcb1c7bbf10d087402ee42a87,[],"[""0x5eb225ce9fb2c7a169e1736eb3b2bf2b6a5843839dd84cdcf6fe2ab0577ae21f""]",,frozen_chain_global_order_finalization,True,True,46450308,46479107,46497385,,da9a62a2e444280f486053aa2308b79b72543cd5a3219219a340d0b0833a1b61,,replacement_candidate_selected,[],replacement,ca2-f1d9fe96345245fcc08f,cases/ca2-f1d9fe96345245fcc08f.json,3268093fd699cf424aabae7e72911c25fda473f94bfe1d971a0d61645dd7e5be,,,cases/ca2r-abdf718c43ec37a0dab9.json,25ecd47d180932189ec7918ff909e8c7c91e2634aeda66f9fa1a0f2df2a2f3bb,historical_cases/ca2r-abdf718c43ec37a0dab9/ca2r-abdf718c43ec37a0dab9.json,2ceab7df26bd685a1f1bd11d9f122ee0af457a2487a058b55268de64e667bf0a,37,first_eligible_unique_from_frozen_chain_global_order,d63b9a847bba28047c2cf7d14f3f937f6ecaf0642fce22958a3fecacfa2f669d,d3b80fe4ed7198fc900616b269408c1d0485ef8f000f46d37adb75be862a4a9c,46497384,0x5eb225ce9fb2c7a169e1736eb3b2bf2b6a5843839dd84cdcf6fe2ab0577ae21f,ca2r-abdf718c43ec37a0dab9,ca2r-abdf718c43ec37a0dab9,historical_cases/ca2r-abdf718c43ec37a0dab9/ca2r-abdf718c43ec37a0dab9.json,2ceab7df26bd685a1f1bd11d9f122ee0af457a2487a058b55268de64e667bf0a
bitdog,defihacklabs-temporal-replacement-finalization,bsc,48728493,0x4bbb53252b0cee84e6824e85989ea2eddeec25f1,,ca2-a1560cfd50c54f038ab4,2025-04-27,bitdog,replacement_candidate,,bsc,,replacement_candidate_historical_snapshot_verified,f945f50f597dda2431eee63b7d00ff3b462d9309b84dac33171b8ecf749888dc,2eab0f212fb5a194be89d619a749e65c8f2f8fe5fb4b269b0aa441152c36aa35,[],"[""0xc0dcad5927446b9fa560be74a76efa0805e67d4c4cd486a48e9e4248287d777e""]",,frozen_chain_global_order_finalization,True,True,16785763,16814522,48728494,,d305f03a0fcaf9a607019615210b6c7560a05ce798cf321d2f5add222592da37,,replacement_candidate_selected,[],replacement,ca2-30c70897da96155884e4,cases/ca2-30c70897da96155884e4.json,76b765ec3275ce3a0d84c3fef951a7f9539e882cbf4a1ece55b1dbabd0d6b93c,,,cases/ca2r-2e49a393c3be739e3708.json,e5d12e4b8c6cb3a71d905dd2c1fc122259c238d0e913086c4a786b0a2adb7bb8,historical_cases/ca2r-2e49a393c3be739e3708/ca2r-2e49a393c3be739e3708.json,7ff0f66d8a2d598053ea4798bc4d525171c85f66df61766be1bb5bea92432fd7,8,first_eligible_unique_from_frozen_chain_global_order,f945f50f597dda2431eee63b7d00ff3b462d9309b84dac33171b8ecf749888dc,d3b80fe4ed7198fc900616b269408c1d0485ef8f000f46d37adb75be862a4a9c,48728493,0xc0dcad5927446b9fa560be74a76efa0805e67d4c4cd486a48e9e4248287d777e,ca2r-2e49a393c3be739e3708,ca2r-2e49a393c3be739e3708,historical_cases/ca2r-2e49a393c3be739e3708/ca2r-2e49a393c3be739e3708.json,7ff0f66d8a2d598053ea4798bc4d525171c85f66df61766be1bb5bea92432fd7
MFT,defihacklabs-temporal-replacement-finalization,bsc,44097964,0x29ee4526e3a4078ce37762dc864424a089ebba11,,ca2-fdb8417e3a94f2d5fc68,2024-11-17,MFT,replacement_candidate,,bsc,,replacement_candidate_historical_snapshot_verified,100630baaec17732cc5380b722c8ffde5db42e5037e64b628b5c7605775fa067,6e8fdf0b765262fcad4163c8a6be367f7167774ffffb6daabcb4e6f7bec266f6,[],"[""0xe24ee2af7ceee6d6fad1cacda26004adfe0f44d397a17d2aca56c9a01d759142""]",,frozen_chain_global_order_finalization,True,True,43878949,43907746,44097964,,45f26ecedd8159c168d3a10799e0286d81b65267d481c6be25b490e33b2b0b75,,replacement_candidate_selected,[],replacement,ca2-8025fde6af4409634631,cases/ca2-8025fde6af4409634631.json,2db5d5804544db82e14e57ec7725772e97ad985500bcae2f9473ba50d02f0798,,,cases/ca2r-6698a749069349aab0a8.json,e5396aeeddd918b46d963d175a90302cfc3be3cfa408c2b95eb4da6570f9f887,historical_cases/ca2r-6698a749069349aab0a8/ca2r-6698a749069349aab0a8.json,d3a91ef5f0e4a87f03d9d43e9d71efb07f162639db23ce77c101d919455e071d,20,first_eligible_unique_from_frozen_chain_global_order,100630baaec17732cc5380b722c8ffde5db42e5037e64b628b5c7605775fa067,db3b13fa1cbf75bffec4662240ebd762c5af6c92d2608b9aecde80a8d7802b08,44097964,0xe24ee2af7ceee6d6fad1cacda26004adfe0f44d397a17d2aca56c9a01d759142,ca2r-6698a749069349aab0a8,ca2r-6698a749069349aab0a8,historical_cases/ca2r-6698a749069349aab0a8/ca2r-6698a749069349aab0a8.json,d3a91ef5f0e4a87f03d9d43e9d71efb07f162639db23ce77c101d919455e071d
aave_boost,defihacklabs,ethereum,22685443,0xd2933c86216dc0c938ffafeca3c8a2d6e633e2ca,shanghai,ca2-3c88785c0f3b4867d7f4,2025-06-12,AAVEBoost,Logic Flaw,src/test/2025-06/AAVEBoost_exp.sol,mainnet,https://github.com/SunWeb3Sec/DeFiHackLabs/blob/main/past/2025/README.md,frozen_public_source_hashed,d3b80fe4ed7198fc900616b269408c1d0485ef8f000f46d37adb75be862a4a9c,74d7d330347502a2dbcdfaaddd850f3ae98c9dc9429a81679f2c8c859b27dd69,"[""https://x.com/CertiKAlert/status/1933011428157563188""]",[],14.8K USD,exact_contract_basename,True,True,,,2025-06-12,,,,blocked_missing_onchain_and_availability_evidence,"[""missing:deployment_block"", ""missing:prediction_cutoff_block"", ""missing:source_availability_time"", ""missing:runtime_bytecode_hash_at_cutoff"", ""missing:outcome_adjudication_id""]",retained,,cases/ca2-3c88785c0f3b4867d7f4.json,7fcbe8200807282f8f024ab0acae530d0c798b198e61b80f6a65c47b66529dd3,cases/ca2-3c88785c0f3b4867d7f4.json,a907213d5b11e71d47ca5c2919b48d2a2c4944a8d10dff0bdc05fb3678d6fbfe,,,,,,,,,,,,ca2-3c88785c0f3b4867d7f4,cases/ca2-3c88785c0f3b4867d7f4.json,a907213d5b11e71d47ca5c2919b48d2a2c4944a8d10dff0bdc05fb3678d6fbfe
usual_money,defihacklabs,ethereum,22575929,0x35d8949372d46b7a3d5a56006ae77b215fc69bc0,shanghai,ca2-5168eea9714e081f78ad,2025-05-27,UsualMoney,Arbitrage,src/test/2025-05/UsualMoney_exp.sol,mainnet,https://github.com/SunWeb3Sec/DeFiHackLabs/blob/main/past/2025/README.md,frozen_public_source_hashed,d3b80fe4ed7198fc900616b269408c1d0485ef8f000f46d37adb75be862a4a9c,34ef2701e724d343ca2baba110514c4767a6eed9978461500dde7c8d7f3f17b7,"[""https://x.com/BlockSecTeam/status/1927601457815040283""]",[],43k USD,exact_contract_basename,True,True,,,2025-05-27,,,,blocked_missing_onchain_and_availability_evidence,"[""missing:deployment_block"", ""missing:prediction_cutoff_block"", ""missing:source_availability_time"", ""missing:runtime_bytecode_hash_at_cutoff"", ""missing:outcome_adjudication_id""]",retained,,cases/ca2-5168eea9714e081f78ad.json,3d584a62facf6707f52cc732c1a956d1696dde59975fd3853cdbe56cc9f88b6c,cases/ca2-5168eea9714e081f78ad.json,1e927e792f9919ca6cd1757a98631d3e501f1ae75742a112a674cc1082bfa25a,,,,,,,,,,,,ca2-5168eea9714e081f78ad,cases/ca2-5168eea9714e081f78ad.json,1e927e792f9919ca6cd1757a98631d3e501f1ae75742a112a674cc1082bfa25a
bankroll_network,defihacklabs,bsc,51715417,0xadefb902cab716b8043c5231ae9a50b8b4ee7c4e,shanghai,ca2-98b03a49b7d20591238a,2025-06-19,BankrollNetwork,Incorrect dividends calculation,src/test/2025-06/BankrollNetwork_exp.sol,bsc,https://github.com/SunWeb3Sec/DeFiHackLabs/blob/main/past/2025/README.md,frozen_public_source_hashed,d3b80fe4ed7198fc900616b269408c1d0485ef8f000f46d37adb75be862a4a9c,327bf3cd443ea430ba68422dbd8cc422628addaca9efbdca3694a975b09c4cd1,"[""https://x.com/TenArmorAlert/status/1935618109802459464""]",[],24.5 WBNB,frozen_date_override,True,True,,,2025-06-19,,,,blocked_missing_onchain_and_availability_evidence,"[""missing:deployment_block"", ""missing:prediction_cutoff_block"", ""missing:source_availability_time"", ""missing:runtime_bytecode_hash_at_cutoff"", ""missing:outcome_adjudication_id""]",retained,,cases/ca2-98b03a49b7d20591238a.json,0af02e67a9bc2d2659c53120a8e13cb3f0ef702cfc2f6c219ce75eca02ef62e3,cases/ca2-98b03a49b7d20591238a.json,9ffd24e8d12cecfacd3804c899da8600e444bbc04097e137a36450d3df64983d,,,,,,,,,,,,ca2-98b03a49b7d20591238a,cases/ca2-98b03a49b7d20591238a.json,9ffd24e8d12cecfacd3804c899da8600e444bbc04097e137a36450d3df64983d
bankroll_stack,defihacklabs,bsc,51698203,0x16d0a151297a0393915239373897bcc955882110,shanghai,ca2-76efd7743f4d9234ff8d,2025-06-19,BankrollStack,Incorrect dividends calculation,src/test/2025-06/BankrollStack_exp.sol,bsc,https://github.com/SunWeb3Sec/DeFiHackLabs/blob/main/past/2025/README.md,frozen_public_source_hashed,d3b80fe4ed7198fc900616b269408c1d0485ef8f000f46d37adb75be862a4a9c,e91a6652ba97314bbdc6d92f2eccd85dd7bf20be172d47ca45491c3c72d2e58c,[],[],5k USD,exact_contract_basename,True,True,,,2025-06-19,,,,blocked_missing_onchain_and_availability_evidence,"[""missing:deployment_block"", ""missing:prediction_cutoff_block"", ""missing:source_availability_time"", ""missing:runtime_bytecode_hash_at_cutoff"", ""missing:outcome_adjudication_id""]",retained,,cases/ca2-76efd7743f4d9234ff8d.json,844d8eef8e013c416f66782417336f191a4e73169ff9bd5bb7ff531e4d4a39e1,cases/ca2-76efd7743f4d9234ff8d.json,7cbdd000e3e4a8262faafc28142541fd0d61eb6c3c9fa4ed4414942646e98dc1,,,,,,,,,,,,ca2-76efd7743f4d9234ff8d,cases/ca2-76efd7743f4d9234ff8d.json,7cbdd000e3e4a8262faafc28142541fd0d61eb6c3c9fa4ed4414942646e98dc1
gangsterfinance,defihacklabs,bsc,51782712,0xe968d2e4adc89609773571301abec3399d163c3b,shanghai,ca2-a5e7a267cfa0aa860481,2025-06-20,Gangsterfinance,Incorrect dividends,src/test/2025-06/Gangsterfinance.sol,bsc,https://github.com/SunWeb3Sec/DeFiHackLabs/blob/main/past/2025/README.md,frozen_public_source_hashed,d3b80fe4ed7198fc900616b269408c1d0485ef8f000f46d37adb75be862a4a9c,baa0f2c2134ef6738578bf18ceb471d7dd9687170ab7de7fa6f360562b45ea6e,"[""https://t.me/defimon_alerts/1323""]",[],16.5k USD,exact_contract_basename,True,True,,,2025-06-20,,,,blocked_missing_onchain_and_availability_evidence,"[""missing:deployment_block"", ""missing:prediction_cutoff_block"", ""missing:source_availability_time"", ""missing:runtime_bytecode_hash_at_cutoff"", ""missing:outcome_adjudication_id""]",retained,,cases/ca2-a5e7a267cfa0aa860481.json,433ed9290fea5c212ae98d7ac583bafb0ffbb02ccc66e56f90393dfe89cf176c,cases/ca2-a5e7a267cfa0aa860481.json,a56d2949c9ad69dc777b5eeaf6ff01ceb2401db2b4c5f56f56fbdae8fcb3fdef,,,,,,,,,,,,ca2-a5e7a267cfa0aa860481,cases/ca2-a5e7a267cfa0aa860481.json,a56d2949c9ad69dc777b5eeaf6ff01ceb2401db2b4c5f56f56fbdae8fcb3fdef
ZeroExSettler,defihacklabs-temporal-replacement-finalization,ethereum,22022764,0x0d0e364aa7852291883c162b22d6d81f6355428f,,ca2-5033d73f3cec5063c5f5,2025-03-11,ZeroExSettler,replacement_candidate,,ethereum,,replacement_candidate_historical_snapshot_verified,8062894f21f36947462610aabf0445cda1e9ec1fca9c041d2a626822849fde3f,44799f7590d41b55ea378946248b1f35e7673944547e17b2542609798138d67a,[],"[""0x4e2f5bccc5d428c39cd93c64dcd2502d5cf05fb30892c753475155d498ef5887""]",,frozen_chain_global_order_finalization,True,True,21741521,21748676,22022765,,5e0d9f714fae37f165a7b20eac322110648a4afd0b6d4a0c9ec79550c273b94f,,replacement_candidate_selected,[],replacement,ca2-7a492e8008e940fab9d5,cases/ca2-7a492e8008e940fab9d5.json,4b3918407104ed01f1a7334a6a6a86200efd9e5f14d62ec773523b49c5d52810,,,cases/ca2r-fe3bfa9fe63a233f5747.json,85f4c58a5c9ad97d1b9b1a27ac8d69f7244558b1c46db54fa4e414b71b01e0f1,historical_cases/ca2r-fe3bfa9fe63a233f5747/ca2r-fe3bfa9fe63a233f5747.json,c78789c4d4ef6e773ec0305098a67e25494155e16605431a772d01bd0e456092,9,first_eligible_unique_from_frozen_chain_global_order,8062894f21f36947462610aabf0445cda1e9ec1fca9c041d2a626822849fde3f,d3b80fe4ed7198fc900616b269408c1d0485ef8f000f46d37adb75be862a4a9c,22022764,0x4e2f5bccc5d428c39cd93c64dcd2502d5cf05fb30892c753475155d498ef5887,ca2r-fe3bfa9fe63a233f5747,ca2r-fe3bfa9fe63a233f5747,historical_cases/ca2r-fe3bfa9fe63a233f5747/ca2r-fe3bfa9fe63a233f5747.json,c78789c4d4ef6e773ec0305098a67e25494155e16605431a772d01bd0e456092
MEVBOTa47b,defihacklabs-temporal-replacement-finalization,ethereum,15741332,0x00000000000a47b1298f18cf67de547bbe0d723f,,ca2-8bd96b9bd5ce07a9bc18,2022-10-14,MEVBOTa47b,replacement_candidate,,ethereum,,replacement_candidate_historical_snapshot_verified,7a80787511256b1e2a229a6d55879e027108f7389fbbb79d28a3997d82b8bd34,526bba89317b138942d6498b0625c63929dca8e61fcacd45696391c367be1965,[],"[""0x35ecf595864400696853c53edf3e3d60096639b6071cadea6076c9c6ceb921c1""]",,frozen_chain_global_order_finalization,True,True,14499949,14506342,15741333,,1bd2b551e9d5f023c7d4d476d0e4d4b13a5f824c4ccf72b90389c08fed737a3d,,replacement_candidate_selected,[],replacement,ca2-f85fa30e6947a150b2f8,cases/ca2-f85fa30e6947a150b2f8.json,10d5e6163564814c59e150b676775ec0cc16b4bb9965f43bfe31fb43fb1ba173,,,cases/ca2r-6e609f3614c863b93d77.json,e69afdf61caa685bb2c0a3b989f7906ea53071feacf8265793c194ca721b1812,historical_cases/ca2r-6e609f3614c863b93d77/ca2r-6e609f3614c863b93d77.json,b9506822619ab86b0dc3502750e6887d95e4f0452bd67ada519811b93b3a7253,16,first_eligible_unique_from_frozen_chain_global_order,7a80787511256b1e2a229a6d55879e027108f7389fbbb79d28a3997d82b8bd34,e7668ddd37e305db9052d4f208bb3b87d1e75956950739d5e9f1fd66f4c26267,15741332,0x35ecf595864400696853c53edf3e3d60096639b6071cadea6076c9c6ceb921c1,ca2r-6e609f3614c863b93d77,ca2r-6e609f3614c863b93d77,historical_cases/ca2r-6e609f3614c863b93d77/ca2r-6e609f3614c863b93d77.json,b9506822619ab86b0dc3502750e6887d95e4f0452bd67ada519811b93b3a7253
fpc,defihacklabs,bsc,52624700,0xb192d4a737430aa61cea4ce9bfb6432f7d42592f,shanghai,ca2-8a1aed9c839187cc890c,2025-07-02,FPC,Logic Flaw,src/test/2025-07/FPC_exp.sol,bsc,https://github.com/SunWeb3Sec/DeFiHackLabs/blob/main/past/2025/README.md,frozen_public_source_hashed,d3b80fe4ed7198fc900616b269408c1d0485ef8f000f46d37adb75be862a4a9c,faab9558aca606fac98dead93ef37b59a55acdf63bf0fe991966e4fd88cfc60e,"[""https://x.com/TenArmorAlert/status/1940423393880244327""]",[],4.7M USDT,exact_contract_basename,True,True,,,2025-07-02,,,,blocked_missing_onchain_and_availability_evidence,"[""missing:deployment_block"", ""missing:prediction_cutoff_block"", ""missing:source_availability_time"", ""missing:runtime_bytecode_hash_at_cutoff"", ""missing:outcome_adjudication_id""]",retained,,cases/ca2-8a1aed9c839187cc890c.json,f27cde18a2403bfbe23db5274a47151774f0020739c5a472bb15e8c928c92d57,cases/ca2-8a1aed9c839187cc890c.json,acfe3078f3ed00b962538f50b2b59f63fbeb297454e6d04f6fabd0fc4c375143,,,,,,,,,,,,ca2-8a1aed9c839187cc890c,cases/ca2-8a1aed9c839187cc890c.json,acfe3078f3ed00b962538f50b2b59f63fbeb297454e6d04f6fabd0fc4c375143
meta_pool,defihacklabs,ethereum,22722910,0x48afbbd342f64ef8a9ab1c143719b63c2ad81710,shanghai,ca2-aa4fa44d86c046a9915f,2025-06-17,MetaPool,Access Control,src/test/2025-06/MetaPool_exp.sol,mainnet,https://github.com/SunWeb3Sec/DeFiHackLabs/blob/main/past/2025/README.md,frozen_public_source_hashed,d3b80fe4ed7198fc900616b269408c1d0485ef8f000f46d37adb75be862a4a9c,6488e54ab448d35c1cc6772ca8b9c354721cba5273631dc569eed1b1c0d9e0f2,"[""https://x.com/peckshield/status/1934895187102454206""]",[],25k USD,exact_contract_basename,True,True,,,2025-06-17,,,,blocked_missing_onchain_and_availability_evidence,"[""missing:deployment_block"", ""missing:prediction_cutoff_block"", ""missing:source_availability_time"", ""missing:runtime_bytecode_hash_at_cutoff"", ""missing:outcome_adjudication_id""]",retained,,cases/ca2-aa4fa44d86c046a9915f.json,5e0348716f921f132317db05c6f630da279c4b4d7f251c36e2de7bbc12fc1baa,cases/ca2-aa4fa44d86c046a9915f.json,d9bf7078772e592c574c0e7b763ca9e9cd94380a6e16a63bf704c9388102f032,,,,,,,,,,,,ca2-aa4fa44d86c046a9915f,cases/ca2-aa4fa44d86c046a9915f.json,d9bf7078772e592c574c0e7b763ca9e9cd94380a6e16a63bf704c9388102f032
multicall_with_eth,defihacklabs,bsc,55371342,0x3da0f00d5c4e544924bc7282e18497c4a4c92046,shanghai,ca2-c6f760eb216df807a29b,2025-07-26,MulticallWithETH,arbitrary-call,src/test/2025-07/MulticallWithETH_exp.sol,bsc,https://github.com/SunWeb3Sec/DeFiHackLabs/blob/main/past/2025/README.md,frozen_public_source_hashed,d3b80fe4ed7198fc900616b269408c1d0485ef8f000f46d37adb75be862a4a9c,22e73698911b6cd456118a566e0b5ddece2b9e7defebea99680701d9070d7e2b,[],[],10K USD,exact_contract_basename,True,True,,,2025-07-26,,,,blocked_missing_onchain_and_availability_evidence,"[""missing:deployment_block"", ""missing:prediction_cutoff_block"", ""missing:source_availability_time"", ""missing:runtime_bytecode_hash_at_cutoff"", ""missing:outcome_adjudication_id""]",retained,,cases/ca2-c6f760eb216df807a29b.json,6ca8449ed518a65bad4f581ea6e9d399836521a9f844d0de8b5157119c787eff,cases/ca2-c6f760eb216df807a29b.json,c58ab87be4cb68300e665ed03ab05465602ab63a9ddbf8d9a955aca38acb478e,,,,,,,,,,,,ca2-c6f760eb216df807a29b,cases/ca2-c6f760eb216df807a29b.json,c58ab87be4cb68300e665ed03ab05465602ab63a9ddbf8d9a955aca38acb478e
rant_token,defihacklabs,bsc,52974381,0xc321ac21a07b3d593b269acdace69c3762ca2dd0,shanghai,ca2-b89108fafba359a9828c,2025-07-05,RANT,Logic Flaw,src/test/2025-07/RANTToken_exp.sol,bsc,https://github.com/SunWeb3Sec/DeFiHackLabs/blob/main/past/2025/README.md,frozen_public_source_hashed,d3b80fe4ed7198fc900616b269408c1d0485ef8f000f46d37adb75be862a4a9c,42c9dfc3539948eff7d589cd59d879163020e3d8462343776b80b42f9329b4cc,"[""https://x.com/AgentLISA_ai/status/1942162643437203531"", ""https://x.com/Phalcon_xyz/status/1941788315549946225""]",[],~ $204K,exact_contract_basename,True,True,,,2025-07-05,,,,blocked_missing_onchain_and_availability_evidence,"[""missing:deployment_block"", ""missing:prediction_cutoff_block"", ""missing:source_availability_time"", ""missing:runtime_bytecode_hash_at_cutoff"", ""missing:outcome_adjudication_id""]",retained,,cases/ca2-b89108fafba359a9828c.json,edb9315f4d7320d27a3c16d364c4a931965eff3e01dd010ded5ee51eb2cf1e74,cases/ca2-b89108fafba359a9828c.json,0ad51fc5362676b95c18e331b393272dd89c7126dddc2763fc3f19b12126c3c7,,,,,,,,,,,,ca2-b89108fafba359a9828c,cases/ca2-b89108fafba359a9828c.json,0ad51fc5362676b95c18e331b393272dd89c7126dddc2763fc3f19b12126c3c7
swapp_staking,defihacklabs,ethereum,22957532,0x245a551ee0f55005e510b239c917fa34b41b3461,shanghai,ca2-01398b37f50bcbb8adc6,2025-07-24,SWAPPStaking,Incorrect Reward calculation,src/test/2025-07/SWAPPStaking_exp.sol,mainnet,https://github.com/SunWeb3Sec/DeFiHackLabs/blob/main/past/2025/README.md,frozen_public_source_hashed,d3b80fe4ed7198fc900616b269408c1d0485ef8f000f46d37adb75be862a4a9c,e97c7209a78e10c67dc32776dab9db5078811a1918f43419341b3bb935852e2c,"[""https://x.com/deeberiroz/status/1947213692220710950""]",[],"$32,196.28",exact_contract_basename,True,True,,,2025-07-24,,,,blocked_missing_onchain_and_availability_evidence,"[""missing:deployment_block"", ""missing:prediction_cutoff_block"", ""missing:source_availability_time"", ""missing:runtime_bytecode_hash_at_cutoff"", ""missing:outcome_adjudication_id""]",retained,,cases/ca2-01398b37f50bcbb8adc6.json,bc4e7f04be71dbbb0c739ca66b21d7f28e5a0b5e749fd94e3a7c8d1803b59cf0,cases/ca2-01398b37f50bcbb8adc6.json,d0913151b201ecb8c0dd484e44ff78f6ed4852aced8d75c26323be326992c33d,,,,,,,,,,,,ca2-01398b37f50bcbb8adc6,cases/ca2-01398b37f50bcbb8adc6.json,d0913151b201ecb8c0dd484e44ff78f6ed4852aced8d75c26323be326992c33d
stepp2p,defihacklabs,bsc,54653986,0x99855380e5f48db0a6babeae312b80885a816dce,shanghai,ca2-ca16a95de7b24c723e35,2025-07-20,Stepp2p,Logic Flaw,src/test/2025-07/Stepp2p_exp.sol,bsc,https://github.com/SunWeb3Sec/DeFiHackLabs/blob/main/past/2025/README.md,frozen_public_source_hashed,d3b80fe4ed7198fc900616b269408c1d0485ef8f000f46d37adb75be862a4a9c,85cc9dd27d13f97d2ca212b7c15e4cabaf13a6c77ae2e6c65ddda9ffdc2668f2,"[""https://x.com/TenArmorAlert/status/1946887946877149520""]",[],43k USD,exact_contract_basename,True,True,,,2025-07-20,,,,blocked_missing_onchain_and_availability_evidence,"[""missing:deployment_block"", ""missing:prediction_cutoff_block"", ""missing:source_availability_time"", ""missing:runtime_bytecode_hash_at_cutoff"", ""missing:outcome_adjudication_id""]",retained,,cases/ca2-ca16a95de7b24c723e35.json,8b6c339d75eb40ef1cd9444ebd0bdb4b122f82975214ce7d707c507bf1d08e65,cases/ca2-ca16a95de7b24c723e35.json,0f25ed81796b37e46a780fc3cb46d32383130d3f835e5f87a4198ae6a2a4f95f,,,,,,,,,,,,ca2-ca16a95de7b24c723e35,cases/ca2-ca16a95de7b24c723e35.json,0f25ed81796b37e46a780fc3cb46d32383130d3f835e5f87a4198ae6a2a4f95f
Unverified_0000,defihacklabs-temporal-replacement-finalization,bsc,50311055,0x000004a70f92f1b22de1201af76c48365d5d0000,,ca2-68bcc7d0d70c9f4db91a,2025-05-25,Unverified_0000,replacement_candidate,,bsc,,replacement_candidate_historical_snapshot_verified,50cca8c3e7a9ea05a803d77b9dc5ed069c71c3e259556c9253da02a33842ccc1,d93614d426b5b78139fde5f2eef7226e7edf29c19693c723e6e73a9d0a4be485,[],"[""0x7ca804d016be67c570a10a620b9ae3027fd6b03d0965da3ec78912be067af024""]",,frozen_chain_global_order_finalization,True,True,49557639,49615217,50311056,,1ac0118aa7fc87f42c75124204a5262ed0133322e501c00d972c513dd617d71a,,replacement_candidate_selected,[],replacement,ca2-7727ada64ae1e882eaac,cases/ca2-7727ada64ae1e882eaac.json,f92dcf13d847884e46ced2726b9c8d3ac7df079911c158d6ed02f14855672a29,,,cases/ca2r-51ce7cb9c10cf1ea2cc8.json,a240aff98878e89139ff22e5340091941d5ef7c8c79a58d55c0c4dcdf48c63ea,historical_cases/ca2r-51ce7cb9c10cf1ea2cc8/ca2r-51ce7cb9c10cf1ea2cc8.json,bb89f1769f597d226ce7deed9f25371a9f57ffe518bd6b5bba3c64f1478efb22,18,first_eligible_unique_from_frozen_chain_global_order,50cca8c3e7a9ea05a803d77b9dc5ed069c71c3e259556c9253da02a33842ccc1,d3b80fe4ed7198fc900616b269408c1d0485ef8f000f46d37adb75be862a4a9c,50311055,0x7ca804d016be67c570a10a620b9ae3027fd6b03d0965da3ec78912be067af024,ca2r-51ce7cb9c10cf1ea2cc8,ca2r-51ce7cb9c10cf1ea2cc8,historical_cases/ca2r-51ce7cb9c10cf1ea2cc8/ca2r-51ce7cb9c10cf1ea2cc8.json,bb89f1769f597d226ce7deed9f25371a9f57ffe518bd6b5bba3c64f1478efb22
grizzifi,defihacklabs,bsc,57478533,0x21ab8943380b752306abf4d49c203b011a89266b,shanghai,ca2-ce552f38ab8199ed551d,2025-08-13,Grizzifi,Logic Flaw,src/test/2025-08/Grizzifi_exp.sol,bsc,https://github.com/SunWeb3Sec/DeFiHackLabs/blob/main/past/2025/README.md,frozen_public_source_hashed,d3b80fe4ed7198fc900616b269408c1d0485ef8f000f46d37adb75be862a4a9c,a4ea865cb526c45e99f892fe9bc81a317a3e5ac8f59714be222a1511c830cd2a,"[""https://x.com/MetaTrustAlert/status/1955967862276829375""]",[],61k USD,exact_contract_basename,True,True,,,2025-08-13,,,,blocked_missing_onchain_and_availability_evidence,"[""missing:deployment_block"", ""missing:prediction_cutoff_block"", ""missing:source_availability_time"", ""missing:runtime_bytecode_hash_at_cutoff"", ""missing:outcome_adjudication_id""]",retained,,cases/ca2-ce552f38ab8199ed551d.json,ab2732c1414243b4ace175c82008969719092f3c7f5e4a8ad364e2e4233996d4,cases/ca2-ce552f38ab8199ed551d.json,63c0714c17e5bf65ca9c7e65af0b5cf4f1148aacfd94b49210d0200903416e43,,,,,,,,,,,,ca2-ce552f38ab8199ed551d,cases/ca2-ce552f38ab8199ed551d.json,63c0714c17e5bf65ca9c7e65af0b5cf4f1148aacfd94b49210d0200903416e43
hexotic,defihacklabs,ethereum,23260640,0x204b937feaec333e9e6d72d35f1d131f187ecea1,shanghai,ca2-ba88d4267adf9e3ccd48,2025-08-31,Hexotic,Incorrect Input Validation,src/test/2025-08/Hexotic_exp.sol,mainnet,https://github.com/SunWeb3Sec/DeFiHackLabs/blob/main/past/2025/README.md,frozen_public_source_hashed,d3b80fe4ed7198fc900616b269408c1d0485ef8f000f46d37adb75be862a4a9c,03be5bc6713f79673187842cfba7e4e83a030915ca5a31d8ab02bc52cfc8fe6f,"[""https://t.me/defimon_alerts/1757""]",[],500 USD,exact_contract_basename,True,True,,,2025-08-31,,,,blocked_missing_onchain_and_availability_evidence,"[""missing:deployment_block"", ""missing:prediction_cutoff_block"", ""missing:source_availability_time"", ""missing:runtime_bytecode_hash_at_cutoff"", ""missing:outcome_adjudication_id""]",retained,,cases/ca2-ba88d4267adf9e3ccd48.json,4ccb9e4727ee02599836795bc59d01e69ce52bddcd90c18b04c16feac05d2187,cases/ca2-ba88d4267adf9e3ccd48.json,28bd3fe456748876ac45eca450c04852271cc9fda2789755e3b6ad6758f0f049,,,,,,,,,,,,ca2-ba88d4267adf9e3ccd48,cases/ca2-ba88d4267adf9e3ccd48.json,28bd3fe456748876ac45eca450c04852271cc9fda2789755e3b6ad6758f0f049
multicall_with_xera,defihacklabs,bsc,58269337,0xca11bde05977b3631167028862be2a173976ca11,shanghai,ca2-3b5e98c9b74a83f683a0,2025-08-20,MulticallWithXera,Access Control,src/test/2025-08/MulticallWithXera_exp.sol,bsc,https://github.com/SunWeb3Sec/DeFiHackLabs/blob/main/past/2025/README.md,frozen_public_source_hashed,d3b80fe4ed7198fc900616b269408c1d0485ef8f000f46d37adb75be862a4a9c,287791b78eeddaf68d34134a19dbe1ed0aa6b70e77643c02c89aaef1b44370a4,"[""https://x.com/TenArmorAlert/status/1958354933247590450""]",[],17k USD,exact_contract_basename,True,True,,,2025-08-20,,,,blocked_missing_onchain_and_availability_evidence,"[""missing:deployment_block"", ""missing:prediction_cutoff_block"", ""missing:source_availability_time"", ""missing:runtime_bytecode_hash_at_cutoff"", ""missing:outcome_adjudication_id""]",retained,,cases/ca2-3b5e98c9b74a83f683a0.json,e48d21a9c07313576a86f929a7af48b204d8abd4d977eed09b61d4ab0dac072a,cases/ca2-3b5e98c9b74a83f683a0.json,5dcbf74a52222713ee0d10b835133157319d7941f8a8085c35ef1273b32a3d1a,,,,,,,,,,,,ca2-3b5e98c9b74a83f683a0,cases/ca2-3b5e98c9b74a83f683a0.json,5dcbf74a52222713ee0d10b835133157319d7941f8a8085c35ef1273b32a3d1a
pdz,defihacklabs,bsc,57744490,0x664201579057f50d23820d20558f4b61bd80bdda,shanghai,ca2-fe0426b19503c34e1f18,2025-08-15,PDZ,Price Manipulation,src/test/2025-08/PDZ_exp.sol,bsc,https://github.com/SunWeb3Sec/DeFiHackLabs/blob/main/past/2025/README.md,frozen_public_source_hashed,d3b80fe4ed7198fc900616b269408c1d0485ef8f000f46d37adb75be862a4a9c,14d7899b0f759905857996a3f567b9eeb968588de7966661cd6cd811fcda2087,"[""https://x.com/tikkalaresearch/status/1957500585965678828""]",[],3.3 BNB,exact_contract_basename,True,True,,,2025-08-15,,,,blocked_missing_onchain_and_availability_evidence,"[""missing:deployment_block"", ""missing:prediction_cutoff_block"", ""missing:source_availability_time"", ""missing:runtime_bytecode_hash_at_cutoff"", ""missing:outcome_adjudication_id""]",retained,,cases/ca2-fe0426b19503c34e1f18.json,20ac2242202c9fa06ab8da37ea325dcef79bb7de7986c938eb8d4777ad92235a,cases/ca2-fe0426b19503c34e1f18.json,361609a448eec9ba8118877720e038b9863e4e18ae5ace0335d18cac474675be,,,,,,,,,,,,ca2-fe0426b19503c34e1f18,cases/ca2-fe0426b19503c34e1f18.json,361609a448eec9ba8118877720e038b9863e4e18ae5ace0335d18cac474675be
size_credit,defihacklabs,ethereum,23145763,0xf4a21ac7e51d17a0e1c8b59f7a98bb7a97806f14,shanghai,ca2-92a135a9bdbd676ee494,2025-08-15,SizeCredit,Access Control,src/test/2025-08/SizeCredit_exp.sol,mainnet,https://github.com/SunWeb3Sec/DeFiHackLabs/blob/main/past/2025/README.md,frozen_public_source_hashed,d3b80fe4ed7198fc900616b269408c1d0485ef8f000f46d37adb75be862a4a9c,a0697c79c1d7b372a44805a85ce7b120686e946caca56e5748b803be2c328244,"[""https://x.com/SuplabsYi/status/1956306748073230785""]",[],19.7k USD,exact_contract_basename,True,True,,,2025-08-15,,,,blocked_missing_onchain_and_availability_evidence,"[""missing:deployment_block"", ""missing:prediction_cutoff_block"", ""missing:source_availability_time"", ""missing:runtime_bytecode_hash_at_cutoff"", ""missing:outcome_adjudication_id""]",retained,,cases/ca2-92a135a9bdbd676ee494.json,b026f4e9dc4d5e7e39cd11bd703530f2e0ff1245804a0d56ab4f7fea7642b162,cases/ca2-92a135a9bdbd676ee494.json,9cacecf3d520f67c5eae695470db9ecd78c3514d6761dd4abd91307456f0aa40,,,,,,,,,,,,ca2-92a135a9bdbd676ee494,cases/ca2-92a135a9bdbd676ee494.json,9cacecf3d520f67c5eae695470db9ecd78c3514d6761dd4abd91307456f0aa40
mim_spell3,defihacklabs,ethereum,23504544,0x46f54d434063e5f1a2b2cc6d9aaa657b1b9ff82c,shanghai,ca2-e24739584c716694ba60,2025-10-04,MIMSpell3,Bypassed Insolvency Check,src/test/2025-10/MIMSpell3_exp.sol,mainnet,https://github.com/SunWeb3Sec/DeFiHackLabs/blob/main/past/2025/README.md,frozen_public_source_hashed,d3b80fe4ed7198fc900616b269408c1d0485ef8f000f46d37adb75be862a4a9c,9350c2c30f8f0aeeb3861f0101447586179cc71daacffb0b5af0b336f6a0918b,"[""https://x.com/Phalcon_xyz/status/1974532815208485102""]",[],1.7M USD,exact_contract_basename,True,True,,,2025-10-04,,,,blocked_missing_onchain_and_availability_evidence,"[""missing:deployment_block"", ""missing:prediction_cutoff_block"", ""missing:source_availability_time"", ""missing:runtime_bytecode_hash_at_cutoff"", ""missing:outcome_adjudication_id""]",retained,,cases/ca2-e24739584c716694ba60.json,2d417276c2f1394c2a309b68e7f06bde51db28ad59003245e415fa4967a9d3eb,cases/ca2-e24739584c716694ba60.json,d91fe9e3ea4a88edd9963c3c88e6f0447a57089adbc0d439a3811d2263d3d715,,,,,,,,,,,,ca2-e24739584c716694ba60,cases/ca2-e24739584c716694ba60.json,d91fe9e3ea4a88edd9963c3c88e6f0447a57089adbc0d439a3811d2263d3d715
RICE,defihacklabs-temporal-replacement-finalization,base,30655996,0xcfe0de4a50c80b434092f87e106dfa40b71a5563,,ca2-73f336f589a36742aed4,2025-05-24,RICE,replacement_candidate,,base,,replacement_candidate_historical_snapshot_verified,ae2a8c003c7ed777ab4094fee07fc1f80b816eb1ec173d7e464395e44ff2868a,646331db9c98e5b2f5b38e9f307adc71d5ac02f503fc85f77c507157974a05d7,[],"[""0x8421c96c1cafa451e025c00706599ef82780bdc0db7d17b6263511a420e0cf20""]",,frozen_chain_global_order_finalization,True,True,27527342,27570542,30655996,,39132fd290b014319189fbf48bc5a2bbce70ada46b6db845c0bd54a214eff2b8,,replacement_candidate_selected,[],replacement,ca2-5283fda6a42b6b876dbb,cases/ca2-5283fda6a42b6b876dbb.json,d172125fc175686d249a8bb6eaacf000da4695ca4ba9da3cd2367ec8e050b366,,,cases/ca2r-8fe204813ba2bc5d94e9.json,cbbcd86a7d4f183d74509c165e2f84d3b2fa0f6db89324bdae8eb62a9e363033,historical_cases/ca2r-8fe204813ba2bc5d94e9/ca2r-8fe204813ba2bc5d94e9.json,aedcc8c5e511850381aa580ac3c840c1986bd147d7561a6797e345b2550198e2,1,first_eligible_unique_from_frozen_chain_global_order,ae2a8c003c7ed777ab4094fee07fc1f80b816eb1ec173d7e464395e44ff2868a,d3b80fe4ed7198fc900616b269408c1d0485ef8f000f46d37adb75be862a4a9c,30655996,0x8421c96c1cafa451e025c00706599ef82780bdc0db7d17b6263511a420e0cf20,ca2r-8fe204813ba2bc5d94e9,ca2r-8fe204813ba2bc5d94e9,historical_cases/ca2r-8fe204813ba2bc5d94e9/ca2r-8fe204813ba2bc5d94e9.json,aedcc8c5e511850381aa580ac3c840c1986bd147d7561a6797e345b2550198e2
truebit,defihacklabs,ethereum,24191018,0x764c64b2a09b09acb100b80d8c505aa6a0302ef2,cancun,ca2-610c56fd6c594f9c9f90,2026-01-09,Truebit,OverFlow,src/test/2026-01/Truebit_exp.sol,mainnet,https://github.com/SunWeb3Sec/DeFiHackLabs/blob/main/README.md,frozen_public_source_hashed,295e8ad6c3709d47a0489069bf9c7b1da50ff4d5b0e5c255dab0127f208db5c3,669c6b7030c49f285a5bb75c3e322a01c790aefa74c7227262a115eff585e049,"[""https://www.certik.com/zh-CN/resources/blog/truebit-incident-analysis""]",[],8540ETH,exact_contract_basename,True,True,,,2026-01-09,,,,blocked_missing_onchain_and_availability_evidence,"[""missing:deployment_block"", ""missing:prediction_cutoff_block"", ""missing:source_availability_time"", ""missing:runtime_bytecode_hash_at_cutoff"", ""missing:outcome_adjudication_id""]",retained,,cases/ca2-610c56fd6c594f9c9f90.json,a525cf167c55e2c49dbb5e803cd6427ea9b477a65bfdc13e31d6bce02e47fbf3,cases/ca2-610c56fd6c594f9c9f90.json,f5d00d6948766dd924240d2f09231a2bcb5f71ba83dc9aaaff4e6d392098a2fb,,,,,,,,,,,,ca2-610c56fd6c594f9c9f90,cases/ca2-610c56fd6c594f9c9f90.json,f5d00d6948766dd924240d2f09231a2bcb5f71ba83dc9aaaff4e6d392098a2fb
mttoken,defihacklabs,bsc,74937079,0x2f3f25046ea518d1e524b8fb6147c656d6722ced,cancun,ca2-0a80356999aee511c6c7,2026-01-12,MTToken,Incorrect Fee Logic,src/test/2026-01/MTToken_exp.sol,bsc,https://github.com/SunWeb3Sec/DeFiHackLabs/blob/main/README.md,frozen_public_source_hashed,295e8ad6c3709d47a0489069bf9c7b1da50ff4d5b0e5c255dab0127f208db5c3,8b426ae0f356aa0cf3a92e974c64cd9e0e5ab0c4f7d085c257c4fde313396aa4,"[""https://x.com/TenArmorAlert/status/2010630024274010460?s=20"", ""https://x.com/nn0b0dyyy/status/2010638145155661942?s=20""]",[],37K USD,exact_contract_basename,True,True,,,2026-01-12,,,,blocked_missing_onchain_and_availability_evidence,"[""missing:deployment_block"", ""missing:prediction_cutoff_block"", ""missing:source_availability_time"", ""missing:runtime_bytecode_hash_at_cutoff"", ""missing:outcome_adjudication_id""]",retained,,cases/ca2-0a80356999aee511c6c7.json,bba4dd03cac174f762459d1b744dff8b58a4154648eb1132e5f0a2740e6fb34d,cases/ca2-0a80356999aee511c6c7.json,71e23ba794deac1e745435fbcd172e1fd445ea8420bd7b7dc8facf7e77ad59a3,,,,,,,,,,,,ca2-0a80356999aee511c6c7,cases/ca2-0a80356999aee511c6c7.json,71e23ba794deac1e745435fbcd172e1fd445ea8420bd7b7dc8facf7e77ad59a3
synaplogic,defihacklabs,base,41038633,0xc859ac8429fb4a5e24f24a7bed3fe3a8db4fb371,cancun,ca2-f459648a3f9405d0f148,2026-01-20,SynapLogic,Business Logic Flaw,src/test/2026-01/SynapLogic_exp.sol,base,https://github.com/SunWeb3Sec/DeFiHackLabs/blob/main/README.md,frozen_public_source_hashed,295e8ad6c3709d47a0489069bf9c7b1da50ff4d5b0e5c255dab0127f208db5c3,095cfb4d88c5fd72946d211ac489afaca9274134fda74d7ece0dbf2825bb5e55,"[""https://x.com/CertiKAlert/status/2013440963851755610?s=20"", ""https://x.com/TenArmorAlert/status/2013432861366292520?s=20"", ""https://x.com/hklst4r/status/2013440353844461979?s=20"", ""https://x.com/nn0b0dyyy/status/2013445844394279260?s=20""]",[],27.6 ETH & 3450 USDC,exact_contract_basename,True,True,,,2026-01-20,,,,blocked_missing_onchain_and_availability_evidence,"[""missing:deployment_block"", ""missing:prediction_cutoff_block"", ""missing:source_availability_time"", ""missing:runtime_bytecode_hash_at_cutoff"", ""missing:outcome_adjudication_id""]",retained,,cases/ca2-f459648a3f9405d0f148.json,734b690482a003c06748764c4e76a6a9f59d27b15adc0afcd24978da72a4ded2,cases/ca2-f459648a3f9405d0f148.json,d030a7768e2ef7dac9248e56f13d01aa06ba0672cb537aef2f02df2520d7bc6b,,,,,,,,,,,,ca2-f459648a3f9405d0f148,cases/ca2-f459648a3f9405d0f148.json,d030a7768e2ef7dac9248e56f13d01aa06ba0672cb537aef2f02df2520d7bc6b
makina,defihacklabs,ethereum,24273361,0xd1a1c248b253f1fc60eacd90777b9a63f8c8c1bc,cancun,ca2-f39ef961ac91c6d34016,2026-01-20,Makina,Price Oracle Manipulation,src/test/2026-01/makina_exp.sol,mainnet,https://github.com/SunWeb3Sec/DeFiHackLabs/blob/main/README.md,frozen_public_source_hashed,295e8ad6c3709d47a0489069bf9c7b1da50ff4d5b0e5c255dab0127f208db5c3,b7451113225462d8efc9dad7190e230e03838e0717cd85888a2657d480916ac2,"[""https://x.com/CertiKAlert/status/2013473512116363734"", ""https://x.com/TenArmorAlert/status/2013460083078836342"", ""https://x.com/nn0b0dyyy/status/2013472538832314630""]",[],5.1M USD,exact_contract_basename,True,True,,,2026-01-20,,,,blocked_missing_onchain_and_availability_evidence,"[""missing:deployment_block"", ""missing:prediction_cutoff_block"", ""missing:source_availability_time"", ""missing:runtime_bytecode_hash_at_cutoff"", ""missing:outcome_adjudication_id""]",retained,,cases/ca2-f39ef961ac91c6d34016.json,e1adddcc01623e1fd1911bcc939a290cbcdbf53c7c79e724b8d49160584aa46a,cases/ca2-f39ef961ac91c6d34016.json,6c325fabf4af63ec2db4608c609fdfa1e680a554fa0808515b05939dd9a4fd6a,,,,,,,,,,,,ca2-f39ef961ac91c6d34016,cases/ca2-f39ef961ac91c6d34016.json,6c325fabf4af63ec2db4608c609fdfa1e680a554fa0808515b05939dd9a4fd6a
moonwell,defihacklabs,base,42194663,0xec942be8a8114bfd0396a5052c36027f2ca6a9d0,cancun,ca2-b4208a8c5bb1d965b99f,2025-11-04,Moonwell,Faulty Oracle,src/test/2025-11/Moonwell_exp.sol,base,https://github.com/SunWeb3Sec/DeFiHackLabs/blob/main/past/2025/README.md,frozen_public_source_hashed,d3b80fe4ed7198fc900616b269408c1d0485ef8f000f46d37adb75be862a4a9c,c8cd6b62d65e95dc4652d82b503ef54b45fe3ce22eb9cf23b0725d44cd090be5,"[""https://www.halborn.com/blog/post/explained-the-moonwell-hack-november-2025"", ""https://x.com/CertiKAlert/status/1985620452992253973""]",[],1M USD,frozen_date_override,True,True,,,2025-11-04,,,,blocked_missing_onchain_and_availability_evidence,"[""missing:deployment_block"", ""missing:prediction_cutoff_block"", ""missing:source_availability_time"", ""missing:runtime_bytecode_hash_at_cutoff"", ""missing:outcome_adjudication_id""]",retained,,cases/ca2-b4208a8c5bb1d965b99f.json,e41fe102b939d89d9a844b9d36abe2ad1b9faff8ac531a4a5359607da7367c37,cases/ca2-b4208a8c5bb1d965b99f.json,cf267fb1e8154004968d52d8dc262e128a385b171174529b6a3498a1fa0ac4d6,,,,,,,,,,,,ca2-b4208a8c5bb1d965b99f,cases/ca2-b4208a8c5bb1d965b99f.json,cf267fb1e8154004968d52d8dc262e128a385b171174529b6a3498a1fa0ac4d6
laxo_token,defihacklabs,bsc,82730141,0x62951cad7659393bf07fbe790cf898a3b6d317cb,cancun,ca2-f4a91ff1efea083dedab,2026-02-22,LAXO Token,Incorrect Burn Logic,src/test/2026-02/LAXO_Token_exp.sol,bsc,https://github.com/SunWeb3Sec/DeFiHackLabs/blob/main/README.md,frozen_public_source_hashed,295e8ad6c3709d47a0489069bf9c7b1da50ff4d5b0e5c255dab0127f208db5c3,94135b68846d6daebe6329c49a8008f89f9a1e0d4d6dd866073cc807f1cb743b,"[""https://x.com/CertiKAlert/status/2027317095420072317""]",[],"~137,000 US$",exact_contract_basename,True,True,,,2026-02-22,,,,blocked_missing_onchain_and_availability_evidence,"[""missing:deployment_block"", ""missing:prediction_cutoff_block"", ""missing:source_availability_time"", ""missing:runtime_bytecode_hash_at_cutoff"", ""missing:outcome_adjudication_id""]",retained,,cases/ca2-f4a91ff1efea083dedab.json,da42d6d5e4d36bf2b2419655f490e834b9bdf0d31e1b6d7c0ee8056fa51162ab,cases/ca2-f4a91ff1efea083dedab.json,28f802ef5a43e57ee4746c5c24bc5bb927af62053231975e8b2cf0ea91abfbf5,,,,,,,,,,,,ca2-f4a91ff1efea083dedab,cases/ca2-f4a91ff1efea083dedab.json,28f802ef5a43e57ee4746c5c24bc5bb927af62053231975e8b2cf0ea91abfbf5
curve_llamalend,defihacklabs,ethereum,24566937,0xad444663c6c92b497225c6ce65fee2e7f78bfb86,cancun,ca2-aa939f9f7f959ce19c8f,2026-03-02,Curve LlamaLend,Share price manipulation,src/test/2026-03/Curve_LlamaLend_exp.sol,mainnet,https://github.com/SunWeb3Sec/DeFiHackLabs/blob/main/README.md,frozen_public_source_hashed,295e8ad6c3709d47a0489069bf9c7b1da50ff4d5b0e5c255dab0127f208db5c3,a9d92e0a4e28ff120c0f4565e6993a44b3e4da3ddf44bb0bdd442630ca6fede9,"[""https://x.com/yieldsandmore/status/2028368378457362629""]",[],"~240,000 US$",exact_contract_basename,True,True,,,2026-03-02,,,,blocked_missing_onchain_and_availability_evidence,"[""missing:deployment_block"", ""missing:prediction_cutoff_block"", ""missing:source_availability_time"", ""missing:runtime_bytecode_hash_at_cutoff"", ""missing:outcome_adjudication_id""]",retained,,cases/ca2-aa939f9f7f959ce19c8f.json,6cb6027fae5b40ca2e146583d638d3e404dcc99f4fc9d8a9a2340ba73f4699c8,cases/ca2-aa939f9f7f959ce19c8f.json,97def5850208a529ffcb78583dcc9bfff69458691e27cc52597feec2b82a170f,,,,,,,,,,,,ca2-aa939f9f7f959ce19c8f,cases/ca2-aa939f9f7f959ce19c8f.json,97def5850208a529ffcb78583dcc9bfff69458691e27cc52597feec2b82a170f
alkemi_earn,defihacklabs,ethereum,24626978,0x4822d9172e5b76b9db37b75f5552f9988f98a888,cancun,ca2-ad9d57e62841ea9096b7,2026-03-10,AlkemiEarn,Business Logic,src/test/2026-03/AlkemiEarn_exp.sol,mainnet,https://github.com/SunWeb3Sec/DeFiHackLabs/blob/main/README.md,frozen_public_source_hashed,295e8ad6c3709d47a0489069bf9c7b1da50ff4d5b0e5c255dab0127f208db5c3,aaa1d6e33055c30a099f54a19913a83dbc55e9ea6dcea9a910b72c7b37fa373c,"[""https://x.com/blockaid_/status/2031351881029546194""]",[],43.45 ETH,exact_contract_basename,True,True,,,2026-03-10,,,,blocked_missing_onchain_and_availability_evidence,"[""missing:deployment_block"", ""missing:prediction_cutoff_block"", ""missing:source_availability_time"", ""missing:runtime_bytecode_hash_at_cutoff"", ""missing:outcome_adjudication_id""]",retained,,cases/ca2-ad9d57e62841ea9096b7.json,665d62f8bed009aef8a4b32434065d5ca583de4e957f98adbfa93bb7e5c23ccd,cases/ca2-ad9d57e62841ea9096b7.json,e4c56f2ff4f3566678bf773cebacfef3da82411e672e3e4083deb1a1125dedc9,,,,,,,,,,,,ca2-ad9d57e62841ea9096b7,cases/ca2-ad9d57e62841ea9096b7.json,e4c56f2ff4f3566678bf773cebacfef3da82411e672e3e4083deb1a1125dedc9
venus_the,defihacklabs,bsc,86731940,0x86e06eafa6a1ea631eab51de500e3d474933739f,cancun,ca2-b742b64a4c493234640e,2026-03-15,Venus THE,BorrowBehalf + Donation Attack,src/test/2026-03/Venus_THE_exp.sol,bsc,https://github.com/SunWeb3Sec/DeFiHackLabs/blob/main/README.md,frozen_public_source_hashed,295e8ad6c3709d47a0489069bf9c7b1da50ff4d5b0e5c255dab0127f208db5c3,0c2a3805ebc0bad3c52911cdd15bffc0384f339dcd7c7d2708ab7b5f411e7b26,"[""https://bscscan.com/tx/0x4f477e941c12bbf32a58dc12db7bb0cb4d31d41ff25b2457e6af3c15d7f5663f""]","[""0x4f477e941c12bbf32a58dc12db7bb0cb4d31d41ff25b2457e6af3c15d7f5663f""]","913,858.263360521396654198 CAKE + 1,972.530910582753621682 WBNB",exact_contract_basename,True,True,,,2026-03-15,,,,blocked_missing_onchain_and_availability_evidence,"[""missing:deployment_block"", ""missing:prediction_cutoff_block"", ""missing:source_availability_time"", ""missing:runtime_bytecode_hash_at_cutoff"", ""missing:outcome_adjudication_id""]",retained,,cases/ca2-b742b64a4c493234640e.json,6e3a34b6f68a0a10e19316a7221657d80af3475dd815fcc4aa7d371ab002ee35,cases/ca2-b742b64a4c493234640e.json,9769e015b3df2c831f30f5e363b81aaa0485733887b7122ba613e061667c3cce,,,,,,,,,,,,ca2-b742b64a4c493234640e,cases/ca2-b742b64a4c493234640e.json,9769e015b3df2c831f30f5e363b81aaa0485733887b7122ba613e061667c3cce
futureswap,defihacklabs,arbitrum,419829770,0xf7ca7384cc6619866749955065f17bedd3ed80bc,cancun,ca2-40ca8a9aca77ecfbfe71,2026-01-10,FutureSwap,Unit Mismatch,src/test/2026-01/futureswap_exp.sol,arbi,https://github.com/SunWeb3Sec/DeFiHackLabs/blob/main/README.md,frozen_public_source_hashed,295e8ad6c3709d47a0489069bf9c7b1da50ff4d5b0e5c255dab0127f208db5c3,861b38b464ba5520b3ac5295c4763b0a5f3a477bc63f6e32f82b60a533d5a9f4,"[""https://x.com/nn0b0dyyy/status/2009922304927731717?s=20""]",[],433K USD,exact_contract_basename,True,True,,,2026-01-10,,,,blocked_missing_onchain_and_availability_evidence,"[""missing:deployment_block"", ""missing:prediction_cutoff_block"", ""missing:source_availability_time"", ""missing:runtime_bytecode_hash_at_cutoff"", ""missing:outcome_adjudication_id""]",retained,,cases/ca2-40ca8a9aca77ecfbfe71.json,90e27fd746074582d030888a62d5118791db69bcde5706ba03eccb15922f620a,cases/ca2-40ca8a9aca77ecfbfe71.json,0f176767e082ae0d3e1013804a0aeb27f47b10567a200a1a16c2d828b241c86e,,,,,,,,,,,,ca2-40ca8a9aca77ecfbfe71,cases/ca2-40ca8a9aca77ecfbfe71.json,0f176767e082ae0d3e1013804a0aeb27f47b10567a200a1a16c2d828b241c86e
est,defihacklabs,bsc,89060336,0xd4524be41cd452576ab9ff7b68a0b89af8498a91,cancun,ca2-6829820c6abb9fe3a566,2026-03-27,EST Token,Incorrect Token Burn Mechanism,src/test/2026-03/EST_exp.sol,bsc,https://github.com/SunWeb3Sec/DeFiHackLabs/blob/main/README.md,frozen_public_source_hashed,295e8ad6c3709d47a0489069bf9c7b1da50ff4d5b0e5c255dab0127f208db5c3,cdca6d55c31db9b4fb2eaa5e627cd2b80177fb3488d3cf59357bd48bdd4ccdeb,"[""https://bscscan.com/address/0xD4524Be41cd452576aB9FF7b68a0b89aF8498a91""]",[],150.2 WBNB,exact_contract_basename,True,True,,,2026-03-27,,,,blocked_missing_onchain_and_availability_evidence,"[""missing:deployment_block"", ""missing:prediction_cutoff_block"", ""missing:source_availability_time"", ""missing:runtime_bytecode_hash_at_cutoff"", ""missing:outcome_adjudication_id""]",retained,,cases/ca2-6829820c6abb9fe3a566.json,0a5a94c4e4eb3254b1f3c62b9644b05c50b4ac72fbc2b8e74a0bd786ef15fa65,cases/ca2-6829820c6abb9fe3a566.json,a33b3ef36f4cb5e66656d939b0dfb59af64f57f118190e1e565ae8a6362c865d,,,,,,,,,,,,ca2-6829820c6abb9fe3a566,cases/ca2-6829820c6abb9fe3a566.json,a33b3ef36f4cb5e66656d939b0dfb59af64f57f118190e1e565ae8a6362c865d
