case_id,case_name,chain,input_row_sha256,envelope_path,envelope_sha256,counter_authority,historical_snapshot_status,historical_snapshot_source_receipt_sha256,historical_snapshot_identity_receipt_sha256,historical_snapshot_source_provider_family,historical_snapshot_identity_provider_family,historical_snapshot_schema_valid,historical_snapshot_hash_bound,case_artifact_path,case_artifact_sha256
ca2-5ec981d26607ce3dec41,- ThoreumFinance,bsc,59da8fdd67d895e05e3eb415c109c1bb28d1416e6bfb6e7b70625e4eaa2f1240,cases/ca2-5ec981d26607ce3dec41.json,8da1495b2b7328bc068e682420be8eb594e47782487b42f1ac99fc0fae3119ec,true,HISTORICAL_SNAPSHOT_VERIFIED,05edddd45d9a7e9557a070a9ff070c7ee36826bf5762723be77a15472b1c2d50,05edddd45d9a7e9557a070a9ff070c7ee36826bf5762723be77a15472b1c2d50,alchemy,infura,true,true,cases/ca2-5ec981d26607ce3dec41.json,327ab29e522b4ab457a12320b2bc6a1d2663234c846ba10d60f2ad793f1c2662
ca2-c9c1817a98610ef26f01,88mph,ethereum,45a37210aad0a6002b9a69c89f8a8d7f8243bb0797c992dc1067b223b179dd2e,cases/ca2-c9c1817a98610ef26f01.json,15c822e8bc7113127c96abdcd8f54a53f6f06a6fd3f112e681bb8bb68565e0fb,true,HISTORICAL_SNAPSHOT_VERIFIED,312d5906d87bf8cb49653b13954a310009d5af0dcfaa23f06f3bcc92c6e74c46,312d5906d87bf8cb49653b13954a310009d5af0dcfaa23f06f3bcc92c6e74c46,alchemy,infura,true,true,cases/ca2-c9c1817a98610ef26f01.json,6d1eaa4deb9e8ffe4a546518cf32a540d619906eecdf94438528b5a893200426
ca2-6330139e9160d6464fd9,ATMBlindBox,bsc,bda3b3c4cdd9eaf5cd022152504ce35ccf423df50df9676fa13f44f05759fe0a,cases/ca2-6330139e9160d6464fd9.json,87d83acd1b3e1c565750fdcf2079f8a58c7ce5861a4f2bdd8a05f02e2786e908,true,HISTORICAL_SNAPSHOT_VERIFIED,c4c2c7b372db5a3196062dba8a481081e5bd2616741893336c3b83454e7b5276,c4c2c7b372db5a3196062dba8a481081e5bd2616741893336c3b83454e7b5276,alchemy,infura,true,true,cases/ca2-6330139e9160d6464fd9.json,06b07c611681eef75beab28f20de34fd097e3a60452fef87f7b388e0f494b9e2
ca2-ea9f778a9d9aef43fc02,ActivePoolUrgentRedemption,ethereum,e8a626c410a80d0262cc65279a3faab09c02b13a796b89fae7f9cec722ec7efe,cases/ca2-ea9f778a9d9aef43fc02.json,a0ec8c211e34d357e92ad5d37a72b994605fdcc62bad62738ae1c812752d45d9,true,HISTORICAL_SNAPSHOT_VERIFIED,5381211fd1c4be4cd8429061c701f1ea18b596954e49def47aab35acd6f31e3f,5381211fd1c4be4cd8429061c701f1ea18b596954e49def47aab35acd6f31e3f,alchemy,infura,true,true,cases/ca2-ea9f778a9d9aef43fc02.json,4a7462cc29fc477884e17c7db60db8c308b58a9b911fbe6c84aa5a28f632e6e7
ca2-5600aac7a0790bee4d8c,AutoPooledTradingBot,ethereum,1833a7f26d81283ee606a937184e4fc6c98025096d855baa01929acdd7f68e8d,cases/ca2-5600aac7a0790bee4d8c.json,52aec6d5472dc8d26b2a9c1ab00322fad130302780473f7e4beb3389dc1678b4,true,HISTORICAL_SNAPSHOT_VERIFIED,1f6e7860f305575e04819ca02a389779d5a8606f8e2b24cb478b30875daa617c,1f6e7860f305575e04819ca02a389779d5a8606f8e2b24cb478b30875daa617c,alchemy,infura,true,true,cases/ca2-5600aac7a0790bee4d8c.json,11387038cc1c2812aaf2426998a8b53452279f3730499845f2380de7207ecd5b
ca2-5e2c8b988ed2dd09b840,BaseBebopSettlement,base,9783d7d2bf87ce5ec347e58f708aa069a72002c1a50cf4379971bcd84353fb34,cases/ca2-5e2c8b988ed2dd09b840.json,7a625bce7c2ed905de9ed137f54dd7635c2026969b11026c7c732bcda574a128,true,HISTORICAL_SNAPSHOT_VERIFIED,80d78f3b013ad4d590f916a5336257e46861b774b88817bb58664076d084099e,80d78f3b013ad4d590f916a5336257e46861b774b88817bb58664076d084099e,alchemy,infura,true,true,cases/ca2-5e2c8b988ed2dd09b840.json,dc6b9962ebd21273a3a2f1817cd5ab9d149aa352efbcdd473252d334c0996b8d
ca2-324926ca92042b3a084e,BetaPresale,bsc,90a55a646a6f508b6813781b5213818eb9c680936f8bd4d75af3a396e28cbcad,cases/ca2-324926ca92042b3a084e.json,d7bfda6370c4fb490dda39b6cc5a5474293f7e47178e78553ed092f889dce68f,true,HISTORICAL_SNAPSHOT_VERIFIED,4ae63441fef89850b598b44ffba0a4648ffa32256f5bc935f70852f01590efad,4ae63441fef89850b598b44ffba0a4648ffa32256f5bc935f70852f01590efad,alchemy,infura,true,true,cases/ca2-324926ca92042b3a084e.json,ed29ca8d4cb9b40cfc93b281cb97bc4e4fc6906814d1f9acfd549bf03058ae18
ca2-5d15ea73c6fd71a4407d,BitCrown,bsc,9bcee2f2ca227dc0a9d77c8ca8f11ea3cfc14327ba3cc11a440673a55942ae78,cases/ca2-5d15ea73c6fd71a4407d.json,e7f47610afdd4e35faf8ac517ece342e49d3fd16abbca98e226af674d2e4478c,true,HISTORICAL_SNAPSHOT_VERIFIED,659494c41d9e37cfcb8a8d0bc41b6d70435ef3338a845c90582a428d3b14c451,d624ca847361d60e2e1d2988dbde9b3fbdc16dd52125ab9ce14e935e48a21a2d,alchemy,infura,true,true,cases/ca2-5d15ea73c6fd71a4407d.json,0612b273c84973b1b7473ef9ceea33ae992b09ffe0a717eda743a4143df3079e
ca2-2fce7b426138574319d9,Bitallx,bsc,caed93e38b029c6fe08a28ab8ae886c4b513e98381161bf78f13488baefbdc72,cases/ca2-2fce7b426138574319d9.json,10fe9028283286f7ab257c910fff54ef096ee1f449710b8818f5a38c08391fa2,true,HISTORICAL_SNAPSHOT_VERIFIED,687e89193934ae97b9131e680e537feb43600cc42824acbd5d80ee626baf03a2,687e89193934ae97b9131e680e537feb43600cc42824acbd5d80ee626baf03a2,alchemy,infura,true,true,cases/ca2-2fce7b426138574319d9.json,0249290dff9eb876f59256d5bbe0607bbffaa37c8ffb2f9a92f058a3f48ea080
ca2-b801a4d001ea7844b2c0,CookFinanceIssuance,bsc,353d1289291f7e39ed73e76c835d6f2d11b1dc67716b65e1db09b05ca25c7a57,cases/ca2-b801a4d001ea7844b2c0.json,3ae6dfe40a7d753b61eafe5a73e2bd357e58e02b9513780bba329c8492921695,true,HISTORICAL_SNAPSHOT_VERIFIED,281b806a75f5a5997ba797b9779704c2ee90452624f6d482bc164afa48d41ba7,b00f2cfb836b43943620b180c7f1102a4fdad24ef6627ff4735a26c3b73644fe,alchemy,infura,true,true,cases/ca2-b801a4d001ea7844b2c0.json,bf3bf80b72e71f499b3e8344c65a2bb26a3c78adc7c109dca5ca404ee3652936
ca2-549aa2c44edd65acedb7,Crosswise,bsc,ec8a3a51ddf2729a249cab15c46b7dc1ac4a9fad277c24b8b06193d1ed65c921,cases/ca2-549aa2c44edd65acedb7.json,74660f53ba1a759d831ab1df5bff25b137f5ec3955d605b2d01d2ff32294578f,true,HISTORICAL_SNAPSHOT_VERIFIED,7261151e1f0fedee0e6aa13426f0e5ae1726e1a75e1d54836cd5a90fb7811155,7261151e1f0fedee0e6aa13426f0e5ae1726e1a75e1d54836cd5a90fb7811155,alchemy,infura,true,true,cases/ca2-549aa2c44edd65acedb7.json,83405d6b3b989be514ae151946339882ad1804cec49bd5fb359ac843169a23d5
ca2-f7368dc0ef887de15bf4,DEXRouter,bsc,9a584b457d9a9338738719fc8e7d570a1e0de01a78fbe5629ab37176035db860,cases/ca2-f7368dc0ef887de15bf4.json,0a7184dc9c8e6fa8d50a8be1f9aa1d4641b2f38c369db60b31eae23cc57b2036,true,HISTORICAL_SNAPSHOT_VERIFIED,ed08a0deab5a0dbde03a81d8995d10bac1ec30b3bd4fd7b67f6c351a19b6b9f5,32f9f6e56108cba4d4be09e1e39b7673d7ce7cffb9c46af34e7df0357b554ccc,alchemy,infura,true,true,cases/ca2-f7368dc0ef887de15bf4.json,2ccf240e55f3d28a6995162965df795efb283f17b0e92843892792e8318bac27
ca2-9d76878011d42a78b09a,DLMC,bsc,ba932f54db362f76e5b98721926b758e1f54c777239dcb6736e806212d700715,cases/ca2-9d76878011d42a78b09a.json,483e8c38ef9e1c767ddb2ece15ad639534ae5ba911ad5ebd1371deb169b2eaff,true,HISTORICAL_SNAPSHOT_VERIFIED,d490e57e1896279eaf433c3c09aa8a49c549351bb4cb608c6c1cfea380d33c28,79bf7f88b70faf25217588abacb7856c7bda6eb9e4feb13bb100cb11674017e2,alchemy,infura,true,true,cases/ca2-9d76878011d42a78b09a.json,6383035a47d95f62bfa38d3799cf9a181c1e132aae659469a6aeee8c52c23750
ca2-0fd406d4a5d581dc9171,DogeAlliance,bsc,5a774067dcb98146f6a8f828d159be8045291b4a98e3c021d323d9575b8cbbcf,cases/ca2-0fd406d4a5d581dc9171.json,c3cae99fcf49a6a469e59686ec2270b5cd3e7bb7a1ce571c087c95ba6013ee6e,true,HISTORICAL_SNAPSHOT_VERIFIED,34ab7cbf3111f4a3a326cc62469eabf790a4404e3a2d99ea4d716883721448b5,34ab7cbf3111f4a3a326cc62469eabf790a4404e3a2d99ea4d716883721448b5,alchemy,infura,true,true,cases/ca2-0fd406d4a5d581dc9171.json,d574ee91dabbc2ab560a095dc87ff293b7c3c79c39e61f51a603de3e1cca45ab
ca2-5015a9e901810cc6c613,Dumbo,bsc,a01b098ef01b9c04b0dd97b2dc2e5ed2e79ffa37428d5d4e3279c1be9d29b409,cases/ca2-5015a9e901810cc6c613.json,05fb3bad7d98f02426c280e66b6a4db692e2863fa2e869d578fc2fddfc4837f8,true,HISTORICAL_SNAPSHOT_VERIFIED,b0e644524bbe9243486b4ff4236ca169eac168d9da273f9daabb6f82f0f4cdc6,b0e644524bbe9243486b4ff4236ca169eac168d9da273f9daabb6f82f0f4cdc6,alchemy,infura,true,true,cases/ca2-5015a9e901810cc6c613.json,0c0cf1d99f01a7d9f962db8f884b4b1134b85fc60e3d7a65d2137416f35c922f
ca2-30b42ce7f2f4b08cf742,FlyLong,bsc,cc4b2762da62f7bb2b772b6f6579b716db9b7a9ea3fe223b21c41be59e6867ec,cases/ca2-30b42ce7f2f4b08cf742.json,a597ecf1c783d662367c737b55fdcd7ed5a0bcd152abbd73f5efa6700c05156e,true,HISTORICAL_SNAPSHOT_VERIFIED,5dc97ec651bbec4f6390200e1e68e47857df3f87f33ee7adedfd5ae276745cf3,e131857ded7235338d2a9224f883d8dcd1203c71eda1c9a6ce44afa9059f557c,alchemy,infura,true,true,cases/ca2-30b42ce7f2f4b08cf742.json,dcd28f78398d9c0ea782db7c01f372202282b1c198bcee26d033eef270e4a4da
ca2-ba9bcac83757e0db9b90,GMT7,bsc,56f8948ac992c08becf803b05502de667517729c9cef2bee50bbe2700d2dd239,cases/ca2-ba9bcac83757e0db9b90.json,70ffb44f86543e55581cd8a463df40edb184a3ee328029d24198e07724122d3e,true,HISTORICAL_SNAPSHOT_VERIFIED,532ed2731b4f2dcc86bc05aaecb46cfbbe146509ed929b627659d98745d10f72,532ed2731b4f2dcc86bc05aaecb46cfbbe146509ed929b627659d98745d10f72,alchemy,infura,true,true,cases/ca2-ba9bcac83757e0db9b90.json,7e88805723fea694910c2c83b6f5d337f64b6945568421f2df3c0d2dcdddcc28
ca2-0064b472336ec4210007,GiddyVaultV3,ethereum,53dfe0b0c269ac5033871ea809146c9ff40b45e9fa040c791fe3ca6a432f2048,cases/ca2-0064b472336ec4210007.json,9d8f3ab9a143f25f662e060179382e29d8320845d6e4d3f221921377d935885d,true,HISTORICAL_SNAPSHOT_VERIFIED,eb62895cfee52663b4ee83c6191e58e519529a1d6c010069ddc04d7ee1924da9,eb62895cfee52663b4ee83c6191e58e519529a1d6c010069ddc04d7ee1924da9,alchemy,infura,true,true,cases/ca2-0064b472336ec4210007.json,c5a9af3ff22581bc61c9906e17210a670b6dca54fcbc913b747d879146f034eb
ca2-a1a34caf1169e8bc37ff,GoldReserve,bsc,f6bf844d1c0dca420ded301e45e67f0469af625f936b8eabeeff46a1333d5b75,cases/ca2-a1a34caf1169e8bc37ff.json,516b0ada6eeeb9912230b90dd775d31ed3ada0ddca87392a81a535f6a5b8594a,true,HISTORICAL_SNAPSHOT_VERIFIED,f6015a25ccd5af3c0d20187c8cea9eccdf6e8498e83bbca9392adadeb7d19183,f6015a25ccd5af3c0d20187c8cea9eccdf6e8498e83bbca9392adadeb7d19183,alchemy,infura,true,true,cases/ca2-a1a34caf1169e8bc37ff.json,f46c3902cb6d09f76fac265a104fa736e0ee6708098b2b680df1b508d4c738ac
ca2-d6090a50e7b7e86d2afd,HORS,bsc,485e9be5ba83e66354a962e30c515fd4cc7b4f5238aae3e8f16450e5f9d0c905,cases/ca2-d6090a50e7b7e86d2afd.json,a2212b5ab18975d28a50041a52d6d9fe1ef071719fa999402ac31ede455e7d22,true,HISTORICAL_SNAPSHOT_VERIFIED,ccee26f1efd84e0b249464df5a68ad928990a72739f469b436e5feb7ceace7b3,ccee26f1efd84e0b249464df5a68ad928990a72739f469b436e5feb7ceace7b3,alchemy,infura,true,true,cases/ca2-d6090a50e7b7e86d2afd.json,ab7b4180b6af74602860d8f0a8212b4ff0ad639e9a9312439ca59a327898e8ed
ca2-421dd5bf165b069c74f3,HoldSafe,bsc,d0db7ba5cb521ece80f151b553afdf1c4972fb368c1d2f642013d1df0e105b9c,cases/ca2-421dd5bf165b069c74f3.json,565b36975ee4d67344bb1eea3acfbad33ecc8ce58cb9a338256fc12beb60b539,true,HISTORICAL_SNAPSHOT_VERIFIED,2dcdd0227d10698f4e76314f8d871e12dde365b338893a5aa582279c036d01c7,3ff92473d122ac33436bb6c766bd40909fa97d6788cc8e9a782fc92828ee5c2a,alchemy,infura,true,true,cases/ca2-421dd5bf165b069c74f3.json,83c213af56933756693dd770fa1f2c3b84de5354c482e930491c6424848104dc
ca2-ce4de12cb6ec0aa01094,JUDAO,bsc,8d911697cb264d258df1835882fbcb2dd484f3b74207d15d1194fa8ea893ab8a,cases/ca2-ce4de12cb6ec0aa01094.json,9e22febe11df32139b0aa94f9817f96feeeb80593e4e51c6789bb407239ba268,true,HISTORICAL_SNAPSHOT_VERIFIED,87ca2ad4c1978a9320f8decce0c7213d6d9a6dd5569d10a23ccf58844a7750a4,5f3c7f63b7f92d9f700bb70c4bef44e880f7b912ce28a19603f62d7faaff7b52,alchemy,infura,true,true,cases/ca2-ce4de12cb6ec0aa01094.json,e472ed7573e4981fe94e962f8f09293a7d11f0c5479cab7b57a0a86d0aeb7dc3
ca2-2dee2c2a8e814aa3fa88,JuiceboxREVLoans,ethereum,85714a38447264178380a013ebf7b715cd3e206eac4c9b6187205b83aee3d7ae,cases/ca2-2dee2c2a8e814aa3fa88.json,ebbb1396b73bbe7810e57a554288f60dfe444077f8187eedf093ddc8256c2d8b,true,HISTORICAL_SNAPSHOT_VERIFIED,53bf4530ab827a18fec4b7cf48a8eabdd4f6fb4120646c5d4ffeb58fae494902,53bf4530ab827a18fec4b7cf48a8eabdd4f6fb4120646c5d4ffeb58fae494902,alchemy,infura,true,true,cases/ca2-2dee2c2a8e814aa3fa88.json,fe132651f9a620bfadde5e2ea974639fa6e361e0de2c1f3a9180395a11cfc08c
ca2-698cd40308a0d9b400f7,LBP,bsc,37b7bcfab141ef2303e581a8d16d7d39a7c54296040626f0eaa4e4ef08bdae3d,cases/ca2-698cd40308a0d9b400f7.json,29dfcc6dd513cc91e41ea1b3b90155436cb90ef479e2ec52d13050a73e93f3af,true,HISTORICAL_SNAPSHOT_VERIFIED,d79c29831c5a44c3c6bfd8c5046e15176ea764c41bb5733ba29f7a765c3b8661,2fc640f26af622863657c297c4ed43d87322a5462c8d61e967a8069a92160a0b,alchemy,infura,true,true,cases/ca2-698cd40308a0d9b400f7.json,30cf671e9c4332b30bce46cc95ba63dfdeccc656f9e630ececcb5a12628dd06b
ca2-c18bc2a1d0fa9e55db58,LeverageSIR,ethereum,2ae2c1ed598a413551c118896a1a19cec00594496015c157ea99662b783d312c,cases/ca2-c18bc2a1d0fa9e55db58.json,5a922fbb6c6c2bace600de24b9f7877006fa17143b20b3a94ad65c47152641f3,true,HISTORICAL_SNAPSHOT_VERIFIED,b37beb5895e6ce1dbbefb86e494ffb06a51037e641a534013d2331d68e3ddffd,b37beb5895e6ce1dbbefb86e494ffb06a51037e641a534013d2331d68e3ddffd,alchemy,infura,true,true,cases/ca2-c18bc2a1d0fa9e55db58.json,e91d6340c44100f279623b430438e4d1b4ac28ab1c91f16d10ceff01ee9933f4
ca2-8bd96b9bd5ce07a9bc18,MEVBOTa47b,ethereum,018f366fdb57e9871ea64d18173799024c7a0b684add9b2616e3851cbb36400e,cases/ca2-8bd96b9bd5ce07a9bc18.json,baae10df8c2079abcb7bc9d54c5229a35322702a00ecc80baf9ef9cebf69110d,true,HISTORICAL_SNAPSHOT_VERIFIED,4996196edb0f920c7c1f69b123e2fe402ecce605669a977604a276e91a5afe80,4996196edb0f920c7c1f69b123e2fe402ecce605669a977604a276e91a5afe80,alchemy,infura,true,true,cases/ca2-8bd96b9bd5ce07a9bc18.json,c8abf72cf7441d7ac88b651cd05fedf5fc35c484fad66635a39a2e46cf24e894
ca2-93a5245378ac7422b320,MEV_0ad8,ethereum,e5233ddf6bfe60909fd7ed1c165005347420a5bc070dd753024b444428ff9547,cases/ca2-93a5245378ac7422b320.json,4a5784854e28e03dfd774b01e12f8ae15b6013dd2e96ff5837502d6f5d1b1288,true,HISTORICAL_SNAPSHOT_VERIFIED,753b912546fa48a3fef82f294369a43a7084ad7d018245d348fb9d2d4707f8cc,753b912546fa48a3fef82f294369a43a7084ad7d018245d348fb9d2d4707f8cc,alchemy,infura,true,true,cases/ca2-93a5245378ac7422b320.json,aad0f79b5319477440145f99bc1475cf78563e71d3841ca04e8aaee8cf425765
ca2-fdb8417e3a94f2d5fc68,MFT,bsc,a4d1e4e403828a67b01ac4b5042b282f3d264b23ba4b9c7f331bd6ff6cef457b,cases/ca2-fdb8417e3a94f2d5fc68.json,433af990d499de9dd9ad19bb631463238632abe918ddb89d10ba15f396568c17,true,HISTORICAL_SNAPSHOT_VERIFIED,bf5b0ee1b3635a731b4c254808304a829b6f2e3f0e97ed8bf1d3ecf267cdaecf,bf5b0ee1b3635a731b4c254808304a829b6f2e3f0e97ed8bf1d3ecf267cdaecf,alchemy,infura,true,true,cases/ca2-fdb8417e3a94f2d5fc68.json,4e4bb908f181822a0d3258d6c2e2d506781a595db9324174eae52b7ca64ee2d1
ca2-b9bec467ee94f3fb52c2,MicDao,bsc,05ad532bb3d5526c5f3435f7e7778050e088ed2d3cc696556eea517d7c9f72e4,cases/ca2-b9bec467ee94f3fb52c2.json,26e8ee970deae5c28c3806e7e6c02927ff960e810df75ee4c8e51a4ce6080333,true,HISTORICAL_SNAPSHOT_VERIFIED,40190f63445f94bc68071069d6c405b28100c895fc9e7b98c48c24d639b26540,40190f63445f94bc68071069d6c405b28100c895fc9e7b98c48c24d639b26540,alchemy,infura,true,true,cases/ca2-b9bec467ee94f3fb52c2.json,a20ef7aed3118b52e4b9358001e2e8d570feac94322d0bd5fe9f8b7d8051dc45
ca2-9d4246988ce873fd7f25,MyCoinMaster,bsc,ed138e49f8308e26558b40f1df3a1ff4c9572961223bb00c2688fcb8e38c3478,cases/ca2-9d4246988ce873fd7f25.json,ca50fc51640da8fa68a041e563b6a61ac2e7f56bcb005998f676d2d0f49574aa,true,HISTORICAL_SNAPSHOT_VERIFIED,6cdd619e1804f230e156b3ad3f390a5c0e36f5c326caceb1a4b8e6b31c0ea4a9,6cdd619e1804f230e156b3ad3f390a5c0e36f5c326caceb1a4b8e6b31c0ea4a9,alchemy,infura,true,true,cases/ca2-9d4246988ce873fd7f25.json,63794b37ab08185656dfe0ddb401c7c4eed76a675dec4620da99f9d8eba218f4
ca2-3626b19eb243950f0171,NFTG,bsc,be2dfcb00c860b62a5616cdbb206f008d33a1c2070eda2eb0a00aacaf1a18665,cases/ca2-3626b19eb243950f0171.json,77e2eeb90946ff2626029ed23d2bffdacf018872b75dc8a5f47797243a0cf01b,true,HISTORICAL_SNAPSHOT_VERIFIED,fc6ead9949deca92e93d63f96a50969e72125a16a4f6e95e05501ac08eb85568,b9da688847470412d207c651e006b158abc96440ce22d7d6f7bf694aa3671323,alchemy,infura,true,true,cases/ca2-3626b19eb243950f0171.json,9a8b4d9e249456590eb16e8b5ee83e1afde2c3f3e05b9bc22eed27ac18aa03ee
ca2-b5392852b27dc3299291,NGP,bsc,37eb871fd8f5584df9687486b5875e8670e20b3cb6f44927d48991f761c0e8f8,cases/ca2-b5392852b27dc3299291.json,ce01d6eb8c86f00fbc852037831128471b9361e45a33f32943dc7fed5d2ba869,true,HISTORICAL_SNAPSHOT_VERIFIED,248aa844d75432f5b8921a0861c88eedd96d9f8753147c1291f9c6ec24721761,3af03560854d8921fb9666db53a9aae37ac5addd703149163daae39314028428,alchemy,infura,true,true,cases/ca2-b5392852b27dc3299291.json,76a84254ffae9d688b886d50dabf5171737aba03f4e44875fbf8efcfeab9659a
ca2-b40a4160faf772fbf6c8,ODOS,base,e9bf39d741c094dc9b3b9314e64a44a1724db6c74c39e98741c0a86b04d27ceb,cases/ca2-b40a4160faf772fbf6c8.json,6acf93980ebc9560bfe18e6ffe499a1a4df22bd789300a055304c8ba4a56883b,true,HISTORICAL_SNAPSHOT_VERIFIED,a615c34ec0737c12173bc39ca2a5c93ddf700fc42af2759ac34ec29e6386837e,a615c34ec0737c12173bc39ca2a5c93ddf700fc42af2759ac34ec29e6386837e,alchemy,infura,true,true,cases/ca2-b40a4160faf772fbf6c8.json,400c227b1923eb469c5fe944e1550b6769dd4740fd4a0c077e188e53f207e9b0
ca2-9c986971a7cb2a1d5317,P719Token,bsc,009ca92b333b6db1d0ac26f484a4e8ccf8a0ab8c93013b2ca05e81668d552c33,cases/ca2-9c986971a7cb2a1d5317.json,0295746ec0ecd3f95e4c816f4fae29d50374f2d9221da8357e7b90a338dedcaf,true,HISTORICAL_SNAPSHOT_VERIFIED,4a97e1a13db01829820fbd70dc2c76cde3e49ea17571b35ce222aa45e8a0a905,4a97e1a13db01829820fbd70dc2c76cde3e49ea17571b35ce222aa45e8a0a905,alchemy,infura,true,true,cases/ca2-9c986971a7cb2a1d5317.json,a7de7b697352808b0b54dd798b3f591caee1184bcd9a5dc845d31dccd1937c04
ca2-1bee07e4cd2ee7c6892c,PegaBall,ethereum,9d431d7c9ddba0aeee949e9fd308266cfc19f5d1b8c8882e5b342e3a0c853910,cases/ca2-1bee07e4cd2ee7c6892c.json,e07199b71650f7ccb77eb0ae3c05bf40f74eff0876a976d0375475bd5031c589,true,HISTORICAL_SNAPSHOT_VERIFIED,0af7733eeb77e7588c14f3c198cfe87b0b66ba1257807cb6f559433a06369b03,0af7733eeb77e7588c14f3c198cfe87b0b66ba1257807cb6f559433a06369b03,alchemy,infura,true,true,cases/ca2-1bee07e4cd2ee7c6892c.json,63564eb5cc75433d1d33c254c436b9c25b396c8405721dcad7b4be9a8163fab7
ca2-a40aff558c4a5d19fdb1,Proxy_b7e1,bsc,68da4a4ecb8d97648801e7cc8b0ff3c8e6c005f6160c37d78436a1ea514bb9d1,cases/ca2-a40aff558c4a5d19fdb1.json,5897d7ddef1dd1e6e61abe62517ba1c3c53ef8ef2ff82559017db53978a776b9,true,HISTORICAL_SNAPSHOT_VERIFIED,5f32388ce540e7d4249fb24c0e5c9b0858ce61c5277ca8f9d0d16bde6c81bd32,5f32388ce540e7d4249fb24c0e5c9b0858ce61c5277ca8f9d0d16bde6c81bd32,alchemy,infura,true,true,cases/ca2-a40aff558c4a5d19fdb1.json,fc1858a4b3c33db49982eea53f48855ddc0bc6e9f387da7b6bf67470dc17d231
ca2-73f336f589a36742aed4,RICE,base,5200d686e90c184c627100c690acee968bb8c97cbcd82246e90cabf248c7e1fc,cases/ca2-73f336f589a36742aed4.json,d1a1c11c78a0c7eb9670e5a623c10ba58d9f671a70a7c2d50f0711d02a0cad6a,true,HISTORICAL_SNAPSHOT_VERIFIED,6f41c6bb6d04dd4e40566d7e2b83ae28cd6f64de3bc5a0953117a923a7396328,6f41c6bb6d04dd4e40566d7e2b83ae28cd6f64de3bc5a0953117a923a7396328,alchemy,infura,true,true,cases/ca2-73f336f589a36742aed4.json,46d9820ffe91e2f18da2bf42ba2fe9d3b78f43ddef7817f37206e592b11793e4
ca2-637d0856b7b1d9ca4dbd,RWAVault,ethereum,e50add919e80726f5cb0491cb08c70bdacad31ec060f14673a6c0c4cd68e7a08,cases/ca2-637d0856b7b1d9ca4dbd.json,3da55b023f7cadf531b942ad5c335dd07ae772f44e028c16d88a9ef5e3a36608,true,HISTORICAL_SNAPSHOT_VERIFIED,f61c8973e09c4be0015423332c0fc184b7e279c2ab97e482d0f644816d3fe18c,f61c8973e09c4be0015423332c0fc184b7e279c2ab97e482d0f644816d3fe18c,alchemy,infura,true,true,cases/ca2-637d0856b7b1d9ca4dbd.json,c408a052044fa0150d795587b68461a987baa38e2e5e00dd5a6c5e080d612139
ca2-ba570d8f796dcaeae5f2,Scorch,ethereum,37ad50ae8fb7ce4bb9ebc0de94c8f51cb7b2bb250748cb9932a2a61b7e718053,cases/ca2-ba570d8f796dcaeae5f2.json,6cf5e16116569e63cf621d22e2b86d6693edc269355e26c7d754b6253b83ee8e,true,HISTORICAL_SNAPSHOT_VERIFIED,30a46429121a34797c87335ad79cb160adef5cd2a0937fc05ae572f0deab7830,30a46429121a34797c87335ad79cb160adef5cd2a0937fc05ae572f0deab7830,alchemy,infura,true,true,cases/ca2-ba570d8f796dcaeae5f2.json,7593022a60233e051b4efc5af1e43b64dd4d2995447f99d8b39290c51d35ae4d
ca2-ca1ff798b4f84a39a35d,SinstakeZombie,bsc,ca6e6ba49f252ecd2593b5fb2dbe4c9463d06a5278cb1ced7ea42374aa0fa22b,cases/ca2-ca1ff798b4f84a39a35d.json,af69fb57b355f08bc9050c71127140b55a77052d733c47796f39c53154950c98,true,HISTORICAL_SNAPSHOT_VERIFIED,b79522624ac07f761b2ee017f8876e8da67b1d681bd66023f573b23670eae9a3,b79522624ac07f761b2ee017f8876e8da67b1d681bd66023f573b23670eae9a3,alchemy,infura,true,true,cases/ca2-ca1ff798b4f84a39a35d.json,0579e39f0dbd14feb5c611344d0eafa67c5e98e6d090d13336656aeb76f7936e
ca2-a2f6f3e29675d1bc32f6,SlurpyCoin,bsc,8a0a13611b3b61bca8f1a0ad4fa34e704772ede649e233a00340b7170415ec11,cases/ca2-a2f6f3e29675d1bc32f6.json,eb8312e7c34f3c6c10bc2fa36f5a980716d7f924acb9b26d45be2c40384fc34d,true,HISTORICAL_SNAPSHOT_VERIFIED,9c831dcc773440ceeb6c4d22525633dae1705e0afb06f27d17dcdb3067004475,9c831dcc773440ceeb6c4d22525633dae1705e0afb06f27d17dcdb3067004475,alchemy,infura,true,true,cases/ca2-a2f6f3e29675d1bc32f6.json,3538936c731ba00351ac3483bb68ccecdf95c55227dbcaa9e690a26cf605abda
ca2-c15651f1b54afa97c39e,SmartMesh,ethereum,82e1592a9b710cd8abc25b1574ba1bf965370a151f61e329c2fedcbe0193338f,cases/ca2-c15651f1b54afa97c39e.json,50762f56358c49802c6813c7c54cbc47868bf2c27cdba1da43ed03604c0cb87c,true,HISTORICAL_SNAPSHOT_VERIFIED,7322b9196f57aca369ab7b6719b0b14be47d08cb7e11694d68264baad14e6180,7322b9196f57aca369ab7b6719b0b14be47d08cb7e11694d68264baad14e6180,alchemy,infura,true,true,cases/ca2-c15651f1b54afa97c39e.json,8b895d5858e14c2e18c92e8909bfdc5c320e91c1c469b30ba4406bfc8dc08fec
ca2-38de662649bc5f386b3b,StakeOnMe,ethereum,4b9c5f4a510fe49aef334c76a4b55fafeea3ab33b0f65f0b5280281abfccb4c2,cases/ca2-38de662649bc5f386b3b.json,255ccbc281edece1a719bd0e05423f4d1006ad9148d9646785356c63ef5befac,true,HISTORICAL_SNAPSHOT_VERIFIED,91c568709724efbd7325e614e8f803c8990c969931abf739e83d106de5a961c5,91c568709724efbd7325e614e8f803c8990c969931abf739e83d106de5a961c5,alchemy,infura,true,true,cases/ca2-38de662649bc5f386b3b.json,4dfd1dbaf1379ba97117fa2abccabd08f3b9df9e39be0d030ac036cfe5a05101
ca2-c066d2de3bfd20c10ce0,StepHeroNFTs,bsc,c82ccb3fe46ddebe8da1d7d0950b0a00d367f407d4bbb797fb2501c5a7d557fc,cases/ca2-c066d2de3bfd20c10ce0.json,7f426900253db539e3f05bd4bb22d500e09aeba6986bec7ec51d6256808d4cbb,true,HISTORICAL_SNAPSHOT_VERIFIED,a74da1f054553792b94b896ca92e4a6e0ded2aa44869efa99c2cd241b189e9b7,6db4edf4c7340540ac519dbb9b2c7c3e4c6094a7a6d8f65f00ea5e07e42ecdcd,alchemy,infura,true,true,cases/ca2-c066d2de3bfd20c10ce0.json,8a17207f187993a04c3fd37292e15b2ea7301eea42a612eebf1a2c6884f8ed3f
ca2-6f776e614c2662f41a7a,StrategyLlamaLendConvex,ethereum,cb9f2c251ad1bafe7f971d35af774fc1549c79fd435f45d0f2f8706cb2b26b2c,cases/ca2-6f776e614c2662f41a7a.json,fdcdb42b06e1492d33fe189d81a56aebd4fb75b2618a99556b661048e40295b2,true,HISTORICAL_SNAPSHOT_VERIFIED,eefaff067dd76545ea445d79431faa4af1b498c98806e14319bf7a73a210abc7,eefaff067dd76545ea445d79431faa4af1b498c98806e14319bf7a73a210abc7,alchemy,infura,true,true,cases/ca2-6f776e614c2662f41a7a.json,1ddc04a25cf20f92c72c2e3344f53a79267ef4d8680fde27c1518b85777163e8
ca2-7d57548f67767829ee9a,TSAggregatorGeneric,bsc,294cc974065b5028e84a8f6d3465c4e4a9d67c94db919e89579529d73e732bdd,cases/ca2-7d57548f67767829ee9a.json,303f273858d3beb6d8b70da4585f07e07fdc6dc3d870273e6e4b0ac49df0fad7,true,HISTORICAL_SNAPSHOT_VERIFIED,1ce4bc69b3f04a01e8afa7c9a01b489723f915771ae154b10b7d6ac9da2f912b,cf028f1a267fabad2d59ee3fc190654a2a7b63b29902bd98c6d8e4f178e62048,alchemy,infura,true,true,cases/ca2-7d57548f67767829ee9a.json,3d0858a287cd22a22abc795c9cc8a184dc88a95579c36f02008d6d2800036412
ca2-37b12c1f2e2b7af31377,TokenFactory,bsc,17f1989f6894448c0eb6ea5d498489fde8749d3658843898352f78d908b82790,cases/ca2-37b12c1f2e2b7af31377.json,bce3937f8d5ac098d1cd90086f367e190cf1bbefe51430db4881f856cdf58437,true,HISTORICAL_SNAPSHOT_VERIFIED,ff64d466cb8a0ef2be00b64d7905ad3c16af188c47a4eef8d360e66fb1dc5863,ff64d466cb8a0ef2be00b64d7905ad3c16af188c47a4eef8d360e66fb1dc5863,alchemy,infura,true,true,cases/ca2-37b12c1f2e2b7af31377.json,2bccb42f54f2b31cf8939831c44baa2225e08084e031987f1cb9a73d2350f59b
ca2-4565d5902877fc12ffa7,Transit Swap,bsc,8291f6b06716a272cd4bcf0fbc6ac605e2f1b44b4fb956fac2c19b2425f4ac2b,cases/ca2-4565d5902877fc12ffa7.json,63b9708d5ad0ef25cd47352a78beafd42aaff1d1acdd3894af435cb442ad6442,true,HISTORICAL_SNAPSHOT_VERIFIED,581c540f15e9e92b962646ecc69de401a3d879700e1f93c378aa531658076d2b,4bcb65b304b86e3f2e587343c977b06de01e7ced5ca85968f436ea402b9e9884,alchemy,infura,true,true,cases/ca2-4565d5902877fc12ffa7.json,f0b4e567dd15e83de395fe846184bf219fd2fd3c608004bc164c503ef3d7e7d9
ca2-c8dbe37642fb49490307,Unverified6883,ethereum,3d8a6311fc8dd20128bf94bf3e691bf83bf5aacdb98478079d1bb0b6ed75b6d7,cases/ca2-c8dbe37642fb49490307.json,ec876c0009b671c6a45dfaf81e28ae85b36ffb9ca5cc432ef4b1337e3aed20cd,true,HISTORICAL_SNAPSHOT_VERIFIED,a59416282dfb8baad719a7adefa1b662b3b176a8282bfe97be44e763660de386,a59416282dfb8baad719a7adefa1b662b3b176a8282bfe97be44e763660de386,alchemy,infura,true,true,cases/ca2-c8dbe37642fb49490307.json,c4d6421b289f2f7d74adc527de560d4134e70f4df962896fba22478fdbdb2620
ca2-68bcc7d0d70c9f4db91a,Unverified_0000,bsc,4a0dcf41f6e3d16c42e940f8844a300c3784c1e820ff3a1afc86d5481f79333c,cases/ca2-68bcc7d0d70c9f4db91a.json,b7e71dc9f4c674ec41515ac4e50f4819f2349e4b2b160aa5e4274f4bf2c87257,true,HISTORICAL_SNAPSHOT_VERIFIED,c7fb343ac6d566de88aa176ed5161910a51144f8d730896f27206419ba68ef84,a184eb7682168c0754d0880ddf80715ab187642634fcdfbfcb65fb58d57b6df0,alchemy,infura,true,true,cases/ca2-68bcc7d0d70c9f4db91a.json,02f7b3a97905cf01e6d8382d558a7363f51b21d9795d0f30928e5903b85bed51
ca2-b54a80c704cbcc128875,VDS,bsc,602a935b612218cb6430f35b9414ec6157a1063927e0302c82fcb51078671a26,cases/ca2-b54a80c704cbcc128875.json,9623378420d8844605400f2b72e1bc2c77b531e95d07eb8b5d5ab5fc6bf1d1d2,true,HISTORICAL_SNAPSHOT_VERIFIED,99c5ed0549d0ecc94836a7653a4f61c4193e8bae05942abd476140e300f30462,99c5ed0549d0ecc94836a7653a4f61c4193e8bae05942abd476140e300f30462,alchemy,infura,true,true,cases/ca2-b54a80c704cbcc128875.json,de4bd43c60d6037f6fab05dd040719471aae9a1763e072bf1bbdf9dc1c3e9a74
ca2-c362836e579418bb08b8,WHALE,bsc,0f9da1d23feff28ef1eb2d740e11fd5c29c54352601640c6ea6373cbc1c0699b,cases/ca2-c362836e579418bb08b8.json,43cdcd21ca1a21e64df8551b97faf79f224d66691c2a87f64be61224b6b4c3da,true,HISTORICAL_SNAPSHOT_VERIFIED,e6c0cfb975c38962e3e40e0c14ef77923a062b5009f5bd36998d2217498aa63f,e6c0cfb975c38962e3e40e0c14ef77923a062b5009f5bd36998d2217498aa63f,alchemy,infura,true,true,cases/ca2-c362836e579418bb08b8.json,07270b3ac6c0c450233f9ed71941aafdc7ff58e20163b401b620c41ae9e4358c
ca2-15ae4c22b54f390dc4fe,WXC,bsc,e67bd6ff3301d6951dda3fb82a4aeac442e2da0115860493279c2c4b8d585e55,cases/ca2-15ae4c22b54f390dc4fe.json,cd12f8b0cd84e56e95ac3b8b335e9757d181a48aea3006166c0bd92de998b8f9,true,HISTORICAL_SNAPSHOT_VERIFIED,cd7494cb4de2264a05ba792c4d160c48f5d8c90b3298177558f36ff1eacfd5b6,09c9d6ce4511f1b1fcc83b9c6def2a0b018f3a51e3aacae1b4f8545bf7b5e04f,alchemy,infura,true,true,cases/ca2-15ae4c22b54f390dc4fe.json,8e09481983f57f0c886c79a5da66203f904d0d9a44695f4e4facb5b0d0dd4726
ca2-64ef33688d6e79b3439e,WXETA,bsc,87428ce544e21b2b4140c46540c366923773d5a780f4875956eecf94cf3ba02a,cases/ca2-64ef33688d6e79b3439e.json,66f06cc14392c893b9f990509a2f149705004d9bcb3159dd129abce40c8fc105,true,HISTORICAL_SNAPSHOT_VERIFIED,7312719b16ddb02e9a0e602e942ec09dda24742096438ccc3200d753dd8f1f07,bdbd51f5e474a98bdeb0d67b5f0476fca5570bf294a627d9a4437977d6a4749a,alchemy,infura,true,true,cases/ca2-64ef33688d6e79b3439e.json,d2bbd66ba7560dd16e7f7e1e80cab8c82a0963b2170f38ffea1afca56134e7db
ca2-efe411bc9d7f06b1ba73,XLootStaking,ethereum,d7ccf8dfb72192d424938cc2e042a98adf39ad9652692135be849637fb3eaf45,cases/ca2-efe411bc9d7f06b1ba73.json,3ba099be8ee4861c1020a23c6fd60f8360a4de98efba699334f9d9f4604c9909,true,HISTORICAL_SNAPSHOT_VERIFIED,7596060d3c25ed3f112b14ada4fc8c8a0b669b3d5dc19d9166f5113330055146,7596060d3c25ed3f112b14ada4fc8c8a0b669b3d5dc19d9166f5113330055146,alchemy,infura,true,true,cases/ca2-efe411bc9d7f06b1ba73.json,9e902427be1e89a0a892cf47fd5ae9a851a7f866f6b5b9fbf86d8803d05a224c
ca2-5033d73f3cec5063c5f5,ZeroExSettler,ethereum,d7f0dbb758faa5ed800afe6a0336a13b097f71dde966b53f03a33e0b430a0dcd,cases/ca2-5033d73f3cec5063c5f5.json,2d8dbca8aaad5b772d15b86b7b107eb76e93ad3e346546f891010503e3c4bd47,true,HISTORICAL_SNAPSHOT_VERIFIED,ec4ac140a23a4106ea5d23c12841da58ff41392188746ef7d2218d5aabdada80,ec4ac140a23a4106ea5d23c12841da58ff41392188746ef7d2218d5aabdada80,alchemy,infura,true,true,cases/ca2-5033d73f3cec5063c5f5.json,44f0b51198a2d6a5c6fc74b7ccb76c35b5fb4f42fe1e07711af8eb97ed032060
ca2-3c88785c0f3b4867d7f4,aave_boost,ethereum,e7530880b12fdf65a77e4aa0da1b7c3bdf4aa4837361ae404d5f32d3aba33228,cases/ca2-3c88785c0f3b4867d7f4.json,4cfd615b265aa4d3c6d2f6f76c2fc0ec6dd661f5ff7ee83c69ef166bbf729170,true,HISTORICAL_SNAPSHOT_VERIFIED,0cfd182017fbf41b30b2399569b7f8d133b2da381106e83d23bf2dbf7296b7c7,0cfd182017fbf41b30b2399569b7f8d133b2da381106e83d23bf2dbf7296b7c7,alchemy,infura,true,true,cases/ca2-3c88785c0f3b4867d7f4.json,329a051961117125769da152db443ca08a06f3d710d45a9985e0c80a95b23863
ca2-bd6decf7c8f8dfbaca40,adc,ethereum,e5b2ccda7c816f3579e6a18f84f2df95b7a553f70991cf71c0200bf9b6c0733e,cases/ca2-bd6decf7c8f8dfbaca40.json,149d7eba63239f667102e0e28a660424ae2bbb44d515123d67af871a819f9ab5,true,HISTORICAL_SNAPSHOT_VERIFIED,2be08b076d068fd16462f4c9295bca2802b7c50ca4ddea970b7231fb10b944ab,2be08b076d068fd16462f4c9295bca2802b7c50ca4ddea970b7231fb10b944ab,alchemy,infura,true,true,cases/ca2-bd6decf7c8f8dfbaca40.json,420e9973e4fc80b2c221c12fb8204d0c8d392dda32499facd065a982db5d040a
ca2-3f7bb52435313429cfa7,affinedefi,ethereum,366f0e849343bb7fce1155223d748b0380b37eeddb4548fae831510be6666f90,cases/ca2-3f7bb52435313429cfa7.json,4bb5634f95be9e5b2756e3cd540b1f78c72a3a9928dcd8cce83c412d2da0445f,true,HISTORICAL_SNAPSHOT_VERIFIED,e2232606f5ea23dd81ff4b9b73cbb8dc387cb924b6ed63848bc4d43337ac858d,e2232606f5ea23dd81ff4b9b73cbb8dc387cb924b6ed63848bc4d43337ac858d,alchemy,infura,true,true,cases/ca2-3f7bb52435313429cfa7.json,bb8ffba8a4193389ee65d45abc028ea6cd58047c621212d82718de83cbdc8159
ca2-c5f49d371d24304e62b2,ais,bsc,a9d4183079ce5485c5e110e835d02f13fa66befc35ab723a1ae82ce8040b5788,cases/ca2-c5f49d371d24304e62b2.json,2ae51969e0dd822ec077be697fb0dc9e5f9a843872d0589add69b80f9ffe9406,true,HISTORICAL_SNAPSHOT_VERIFIED,4680f7844193f9754c9d07121f5768d4eba8175031f33bc053948d3100bda236,4680f7844193f9754c9d07121f5768d4eba8175031f33bc053948d3100bda236,alchemy,infura,true,true,cases/ca2-c5f49d371d24304e62b2.json,2f9814718b56ce20911092b9bba92422f5ba78586a38c7d0900bc1ffd723e115
ca2-9ccf44443a293b02fdd3,aizpttoken,bsc,44d236a1a3218261a43c5d78cfd68376bfd986459c80d9085b5f8c223b8c6947,cases/ca2-9ccf44443a293b02fdd3.json,aaaba9745a738e082067e99c322a2b77d73257208b6de1b0d3dfb3e0bac9ff96,true,HISTORICAL_SNAPSHOT_VERIFIED,83c588a63f39991be58cb7f80ae3d0c784ad6ec32a8b834cb35374545ac95303,83c588a63f39991be58cb7f80ae3d0c784ad6ec32a8b834cb35374545ac95303,alchemy,infura,true,true,cases/ca2-9ccf44443a293b02fdd3.json,e98fd4a38e716b9579a8872b4c39a620996a1b4669354b40c6f7b00509f63a0c
ca2-ad9d57e62841ea9096b7,alkemi_earn,ethereum,4678908e60bcae98fe411ccef1477134e2354ceb7cab7869ead3bed1df2f0dea,cases/ca2-ad9d57e62841ea9096b7.json,b95c5b9acda8bd1a1cb81b334ae90c13e35caa3f67fe61865509d1fd326ee3d3,true,HISTORICAL_SNAPSHOT_VERIFIED,f9c56cafe43c56b5ba3c5ed4b7f447a5bf2be0ccfea160b20ca606ccbbe41486,f9c56cafe43c56b5ba3c5ed4b7f447a5bf2be0ccfea160b20ca606ccbbe41486,alchemy,infura,true,true,cases/ca2-ad9d57e62841ea9096b7.json,b7681820f31d312a3782b131ca60e3c1395096344bc52f88baf63cbf9bedea9e
ca2-feebcd26919bea5b0014,alkimiya_io,ethereum,6bf23fe0faeede18403a6e0d336832b050b0619b82ac7a75a0096fc620d31350,cases/ca2-feebcd26919bea5b0014.json,53d355c0b0230ab937f57531eec9e276a28dda914d97573936690b904899fdc2,true,HISTORICAL_SNAPSHOT_VERIFIED,17bb30888334019949f5ccf9f764f82baacfb3959b37c87235b0a819f7431d85,17bb30888334019949f5ccf9f764f82baacfb3959b37c87235b0a819f7431d85,alchemy,infura,true,true,cases/ca2-feebcd26919bea5b0014.json,9d83fe54833edf96febf51eb2ba9a87e8414caf569a85c9501bfa02f3e1b1a75
ca2-c3da8c67aae06b7ecce1,allbridge,bsc,543f10cec934e53812936a43dd4f50a09945abb9a61475e06d034718c598e2da,cases/ca2-c3da8c67aae06b7ecce1.json,3fd2533ef23027ecc190d5610d5529108a91e4ef9e5f0b4653dd55b036658c12,true,HISTORICAL_SNAPSHOT_VERIFIED,c123caca279781aa4a6077335f713dd3e3a44e252aedab7017d7d4115c38c366,c123caca279781aa4a6077335f713dd3e3a44e252aedab7017d7d4115c38c366,alchemy,infura,true,true,cases/ca2-c3da8c67aae06b7ecce1.json,79e9952408e9a4354060f7aab7b08ed7fa99f4a5cf9911ca371c17864910b8c5
ca2-3ef6014a26a0b205a68e,allbridge_2,bsc,0e5d660fb7eda2eb9bb71f1d6743866b20b5f3ca9730084eeb688174ef7b9dcc,cases/ca2-3ef6014a26a0b205a68e.json,094549985ec8f852671df4c72b060cec082d2b6858b87199edbface1ae2626a8,true,HISTORICAL_SNAPSHOT_VERIFIED,9ee0355fe2f62a51a38ee62bd19e73bff84bf3fd378fac45bfca8d70df3217f8,9ee0355fe2f62a51a38ee62bd19e73bff84bf3fd378fac45bfca8d70df3217f8,alchemy,infura,true,true,cases/ca2-3ef6014a26a0b205a68e.json,d8d1af4fc43e5ffb11cd4136539fd5a726b9af9b195a3b7b3ff1f1b899ccf53b
ca2-b5a8e682aba465a7a0f6,alp,bsc,1b1f9259bfcccf13f1820867a9975ccaa196949a48e9e36b57f7c6af0c6dbb34,cases/ca2-b5a8e682aba465a7a0f6.json,682036e2861ca20c739b04f59f3d9fffc0b91a184a6d3c29eeabd5c3f63a0c9d,true,HISTORICAL_SNAPSHOT_VERIFIED,cd7494cb4de2264a05ba792c4d160c48f5d8c90b3298177558f36ff1eacfd5b6,cd7494cb4de2264a05ba792c4d160c48f5d8c90b3298177558f36ff1eacfd5b6,alchemy,infura,true,true,cases/ca2-b5a8e682aba465a7a0f6.json,0bda1e610a9bcb8fa9ed8ca0ea6ab5df8af9e7dd3a2bcc5d6a21d6ce84b19dee
ca2-627fce499908ff82ad6d,anch,bsc,5b0ce97be5dacb6832ac4cf3b313f3619943934eceb2279e9e06a795e72c2c27,cases/ca2-627fce499908ff82ad6d.json,4d687846407a940cbee16a28c8fba4aace2c3674d1077592c84546f984c489c9,true,HISTORICAL_SNAPSHOT_VERIFIED,5f7c8bc53d33700bd0208bb2eb4a6b80ead21e5c15af297e171af52568892c3c,5f7c8bc53d33700bd0208bb2eb4a6b80ead21e5c15af297e171af52568892c3c,alchemy,infura,true,true,cases/ca2-627fce499908ff82ad6d.json,7adfdd19c11367678a142c1c31889738e5083d78eda3f200333a41fc4b290d4c
ca2-a13694fcc2f9f05dda72,annex,bsc,6ebd73aa46ae1f343f772b9828064ff6801787463a0a3712f113c9eb5c424301,cases/ca2-a13694fcc2f9f05dda72.json,d8904b9c8ccf61909af1e48509e675f6cc5ca7f4d8cab2183dfb54dc6ef73059,true,HISTORICAL_SNAPSHOT_VERIFIED,1668bb7b297d79a73caf31e4d08acdba31d792ec12b4df24d02ae5652655b7aa,1668bb7b297d79a73caf31e4d08acdba31d792ec12b4df24d02ae5652655b7aa,alchemy,infura,true,true,cases/ca2-a13694fcc2f9f05dda72.json,e62f12c0bb56bad6b775a3586705485232b2e18798cc3f2e8a85a87a97cdf970
ca2-a3eb07131d27e069a3d8,anyswap,ethereum,02ccd249ed78cf69403d2721177bcfb5b3d5337f029e5202a6ec9926124e60cf,cases/ca2-a3eb07131d27e069a3d8.json,b77e55fed1a5dac2b18c7234a91debde93009008694720ca20ee7b99ee007631,true,HISTORICAL_SNAPSHOT_VERIFIED,699717dd6f5de27c5fec1a7a0212562f45ba0e6715fc06fe7bf184c6929aef73,699717dd6f5de27c5fec1a7a0212562f45ba0e6715fc06fe7bf184c6929aef73,alchemy,infura,true,true,cases/ca2-a3eb07131d27e069a3d8.json,bf890c46779c58024baa36c75034026e79756eed02a5ce68d28ff37d421a7a05
ca2-7e2e4e06ad319c9c87c0,apedao,bsc,11cac426f46d033ab2837c4322397508f3995fba8e1e7d8f77479094d466caea,cases/ca2-7e2e4e06ad319c9c87c0.json,aa0c4ca31c136865275b2066b1bd5f9b2428c04f1257e93c06df18fc73e9afb5,true,HISTORICAL_SNAPSHOT_VERIFIED,896c33f3d92def6b8b009f618fd3a5f770d43c7deebdc5003a6b73d7b827ac1b,896c33f3d92def6b8b009f618fd3a5f770d43c7deebdc5003a6b73d7b827ac1b,alchemy,infura,true,true,cases/ca2-7e2e4e06ad319c9c87c0.json,f045cc9df4dab04ff62284bd5e09f0e15a51e786d487bbc787db8ad75a85bb99
ca2-eaff56dcacef885f96a2,ark,bsc,31e9a1bb0acf008eb66158ed0884a4fc610245b3174253716c282445ce21d6b6,cases/ca2-eaff56dcacef885f96a2.json,9c2fe46daa993ca9bb75341638cfb06ed6e102507cdf5e7de30988b827f690ec,true,HISTORICAL_SNAPSHOT_VERIFIED,f12e91156d804a04e5a4b8d42a405b4c4cb4f2b908467ef9a8b6af340bca4367,f12e91156d804a04e5a4b8d42a405b4c4cb4f2b908467ef9a8b6af340bca4367,alchemy,infura,true,true,cases/ca2-eaff56dcacef885f96a2.json,c528274a73650de13594edadb0a03aee500d81cf86acd74942505682c64c7c71
ca2-f869139a8dcac0542bd9,ast,bsc,ebffd30fc7e58503c612c818c5ce1a071cde2e0eabc5ba10ad326d4c6ff94920,cases/ca2-f869139a8dcac0542bd9.json,8bdc04317f15e89999141925ff59d24ac53f10be8bafbcfcdce62c7029b8177e,true,HISTORICAL_SNAPSHOT_VERIFIED,871a6a327171ff25058dde5eb73fdd633be7fafcc8d9d0d739d78a241fb1d8b0,871a6a327171ff25058dde5eb73fdd633be7fafcc8d9d0d739d78a241fb1d8b0,alchemy,infura,true,true,cases/ca2-f869139a8dcac0542bd9.json,993bb3c2832868c81186a4601684d4fcf4d1e199045640bf26714e936e98e055
ca2-746ec2d0566ffbda9c0f,astrid,ethereum,4443e1014ee17fb8bcf8715a8873d159717f71bef78c9f46db4cb98adb5c9697,cases/ca2-746ec2d0566ffbda9c0f.json,10360b516b3e292cd4768ae6d0e3aa7e9ec0ee4d0f13d7cdbb606a0df03fba31,true,HISTORICAL_SNAPSHOT_VERIFIED,d782ff25c1e0515b68c4d98742b42875de00561a1129818c77d2077b05f4eeb3,d782ff25c1e0515b68c4d98742b42875de00561a1129818c77d2077b05f4eeb3,alchemy,infura,true,true,cases/ca2-746ec2d0566ffbda9c0f.json,0de35f6461c1bc1fcecd86be45b0d22f230a5d2e346d3c2186b78c79c52ecc51
ca2-8f02fa85c8202388bdf3,atk,bsc,3a947dd5e9905795a241ca65471b44cdde64779cb6fc247ba5df9e6e8f9405cd,cases/ca2-8f02fa85c8202388bdf3.json,c874ee179040d25a6d24e67f5050398c271432fcc908b028f4d6426302736b08,true,HISTORICAL_SNAPSHOT_VERIFIED,31ceac0a68102b7bf8bd9a92338b347ad22a1a63c826a0c11f4a0e68efc572b8,a8f48fac0c99c54b019af14aeb1b446b0f2fbbce803e0cdada16607001684e57,alchemy,infura,true,true,cases/ca2-8f02fa85c8202388bdf3.json,532e5dda10653f9d60129590dc8fd5f39ed9d844e670babc7139a684f0bbd67e
ca2-d6ba3397ed249bc3a420,atm,bsc,b64621e623622ae65cd2165bb16ef986d74c35b0d457464f60b2ba2b3918c083,cases/ca2-d6ba3397ed249bc3a420.json,3285791df3ff017be4070103e2f7e1d1582fc59744305bc735d8b696658c5816,true,HISTORICAL_SNAPSHOT_VERIFIED,22ebc20cefab3807ab59c5b909f4ed9f30dcbf512f5b053508d420f2e82d71fa,22ebc20cefab3807ab59c5b909f4ed9f30dcbf512f5b053508d420f2e82d71fa,alchemy,infura,true,true,cases/ca2-d6ba3397ed249bc3a420.json,822cdc1c92b88688446cbf5f176b9222e1c55ae3c854288c3b232089ad9e53a0
ca2-a6061f6cad3a5884d6d4,auctus,ethereum,09a76c51bca0408940452fd64baadf7e9cd1814894b0587fd24c10348d0e087d,cases/ca2-a6061f6cad3a5884d6d4.json,e5cd57d2da8cef513dcfb52000956c271bf6d81b19941f7d3534a66e870a859f,true,HISTORICAL_SNAPSHOT_VERIFIED,8acf46ef241341a51e6b83a41ddabf60619b7b97463fed6aff81ab4fcb080178,8acf46ef241341a51e6b83a41ddabf60619b7b97463fed6aff81ab4fcb080178,alchemy,infura,true,true,cases/ca2-a6061f6cad3a5884d6d4.json,2a07e808ebc874b4b31de28ca045b48c1221d7b1d62b6b607136509b73b2dfd1
ca2-96f82ac8ed9b6f3e4f14,audius,ethereum,5ab6d13c583f7f461e534aa25fae9df2c32c8260fb8de175bbd0008c93f248c6,cases/ca2-96f82ac8ed9b6f3e4f14.json,4d5d343c8a8f93524fdd9a1d502708454a6023cd2bed716f6e33562ec2226fc2,true,HISTORICAL_SNAPSHOT_VERIFIED,47cd9598d0f9a90d0b24fdb8abd496443ebfbc73839ac6d5b97acb9f35111471,47cd9598d0f9a90d0b24fdb8abd496443ebfbc73839ac6d5b97acb9f35111471,alchemy,infura,true,true,cases/ca2-96f82ac8ed9b6f3e4f14.json,575aa35673a3b02656eb6ec7912c030d51998842092122a1cf7a4f3fcda51840
ca2-b141324cdd440e7feb3e,aur,bsc,f8bd68e44d81c2703e79eec6d09225c796825307b4a85d521efc144d77c5d448,cases/ca2-b141324cdd440e7feb3e.json,c2f908442dc5ef2fc17d3fd25c65edef2eae4afcec31124d2539110856cd96fa,true,HISTORICAL_SNAPSHOT_VERIFIED,3c1b1354c078b062c1af757678dbd8e16565066d35dcaa4170b9b289eb041d4e,3c1b1354c078b062c1af757678dbd8e16565066d35dcaa4170b9b289eb041d4e,alchemy,infura,true,true,cases/ca2-b141324cdd440e7feb3e.json,3fa3c86d17e3130b2fe0ec6558d290d1675b66cd9ad05b06503e2fa4b8f22622
ca2-31fe70569e5c85e1450b,axioma,bsc,bbffc216693a1465b7ee3dcecf419ea24df172ce3bb130c292164bf96c2a74f1,cases/ca2-31fe70569e5c85e1450b.json,8fb61743e62054f3673e4c28bab339817021c685dc9070c2e119a97d330e1dc4,true,HISTORICAL_SNAPSHOT_VERIFIED,c496d00d3e13f46759efa18659b82b7338f56503488be9620ed0a8df0a1ef8a5,c496d00d3e13f46759efa18659b82b7338f56503488be9620ed0a8df0a1ef8a5,alchemy,infura,true,true,cases/ca2-31fe70569e5c85e1450b.json,6f766b14c20a35b0bdf2461f15e36514a5745362eedeabd690412e35970fc0ae
ca2-1a73db8dcf62dc8e4419,babydogecoin,bsc,e56b217a18b0d4eae57bd3a75009f39cd135eb62c03c1c14766240fb66514ed5,cases/ca2-1a73db8dcf62dc8e4419.json,2ffa020181964cd2b6e8b9b6aa689a6000ac5094d0106bfcdfb2b3443e2efc2b,true,HISTORICAL_SNAPSHOT_VERIFIED,9d27cc8f29182f8596af5a85867cc5e183dc00ae3eae74191ceefa222eb153a1,fe3362ff5f3db02de33cfa04676793799428191ce0edf69cb2d814669a3027f0,alchemy,infura,true,true,cases/ca2-1a73db8dcf62dc8e4419.json,efdab2c0b4f1c654ac8efdfad64ceee5ce4967b2c8a6315d3373fdb4bb3ecfe7
ca2-26661d7a70b3c3c3ab9e,babydogecoin02,bsc,62b980ead7c070c55c7f2bf2f6062db95773db2ac4e18926530b6a58d6ccff67,cases/ca2-26661d7a70b3c3c3ab9e.json,a57eeef19751e118961f35eb0179841b1f3c3d74b77e888a6915881a03a0e3b6,true,HISTORICAL_SNAPSHOT_VERIFIED,9d27cc8f29182f8596af5a85867cc5e183dc00ae3eae74191ceefa222eb153a1,fe3362ff5f3db02de33cfa04676793799428191ce0edf69cb2d814669a3027f0,alchemy,infura,true,true,cases/ca2-26661d7a70b3c3c3ab9e.json,678a408e32bbdbfae79c908317313122515e4037070828595093f737a4b386c2
ca2-e5a8dccafb3c4f63fdb2,babyswap,bsc,9409b0404b38e4d1d7b90cbbec013b091930c3971ca412b2215a0db3278dac40,cases/ca2-e5a8dccafb3c4f63fdb2.json,0efcfffe462d54f6e6790cbcf831e9630953b672b1b3fa2b00f8da6bd3aa6604,true,HISTORICAL_SNAPSHOT_VERIFIED,e35389b5d91e70f9d4c657c4e02a9506c8fa890793840e9b4e3290bb273991ce,e35389b5d91e70f9d4c657c4e02a9506c8fa890793840e9b4e3290bb273991ce,alchemy,infura,true,true,cases/ca2-e5a8dccafb3c4f63fdb2.json,967dc366d35cd2c0e39099a3abef17f82e056363c11f55615018d822f93f9bfa
ca2-1dbdc2611cd24dc765b2,badguysbyrpf,ethereum,2279ebb8832eeac09c7804cba9dc66bf5b2230ec5d0f52a38b3fbd994e4707a7,cases/ca2-1dbdc2611cd24dc765b2.json,b15f7cb2021223b862f5e1b60e81c79ffa80f33f343cb4781c525475b3f398e8,true,HISTORICAL_SNAPSHOT_VERIFIED,5472cca27786718f5f9aebb0f37c15499e4f7fa74eabf4d30ed4bffce2d06329,5472cca27786718f5f9aebb0f37c15499e4f7fa74eabf4d30ed4bffce2d06329,alchemy,infura,true,true,cases/ca2-1dbdc2611cd24dc765b2.json,b4080ed1364f807f6233deb911334b14ad496472c576324b485d50675075345d
ca2-3049d2889726467cfdcb,balancer,ethereum,bc20e932e072971592cfdcd7500c53f53a9cd778e636a6bad658614d275d83b9,cases/ca2-3049d2889726467cfdcb.json,0d4f30c2761c83a20a62ac92e6cb5c7024caa2bcae61c8c817a311560df2e727,true,HISTORICAL_SNAPSHOT_VERIFIED,e5ed31c667fcf8ced70ffc53d2940777c3c10b3bbd76a4ad0bd88120d323348e,e5ed31c667fcf8ced70ffc53d2940777c3c10b3bbd76a4ad0bd88120d323348e,alchemy,infura,true,true,cases/ca2-3049d2889726467cfdcb.json,ca8337269268b5c19a5e1946bc0bfbd00f454173bf57af25cd4483480b7272f9
ca2-f056a955a865b551a342,balancer_20200628,ethereum,94a392ed2062dc161ce795b12c24b8638c6fa447e9b2e405b5f2020f29f3771b,cases/ca2-f056a955a865b551a342.json,edb8aa6eb9e775dc8e65e74aa838d13563adb61da0a732895adf3e436caf6029,true,HISTORICAL_SNAPSHOT_VERIFIED,b1f489212943d54ba1410b4da64305a240baa456f82768a8c075de37aad77459,b1f489212943d54ba1410b4da64305a240baa456f82768a8c075de37aad77459,alchemy,infura,true,true,cases/ca2-f056a955a865b551a342.json,3703c014b1e4f07241c2d7be27aa2b2139890d23939974ed9e3f7b4f2363094a
ca2-3ea99bf48860cd3d90e9,bamboo,bsc,41f9dd56a54e314f25e0f69885d9a13bba94a16b8f5aaddaf196919bf9ae97b6,cases/ca2-3ea99bf48860cd3d90e9.json,15f446bb9530b4c636f422adb50109c068eda28114bf6e2498588e618b53dc72,true,HISTORICAL_SNAPSHOT_VERIFIED,fd40b89a23dd41f7d44fcc4be76749b18b3c14d49ffb2c5fac80d9581828eb6f,fd40b89a23dd41f7d44fcc4be76749b18b3c14d49ffb2c5fac80d9581828eb6f,alchemy,infura,true,true,cases/ca2-3ea99bf48860cd3d90e9.json,830f187b2baacc86b51b69da65c6216a47a95c77a6cee6088d712dfeff78fce7
ca2-0e06e67c5c9253228751,bancor,ethereum,505653cadf4e6f99ee469b76cce354e0c8e33f83bc864df5b778dd4f2ed361ff,cases/ca2-0e06e67c5c9253228751.json,7496b4c05372e5ec99404828c161358aec0324bf969c4fdb3ca091315794982b,true,HISTORICAL_SNAPSHOT_VERIFIED,e09ab1f42b8dcb6682b19bf2a0de31c9095a019bf0f0fc910316cb3e63fb12e4,e09ab1f42b8dcb6682b19bf2a0de31c9095a019bf0f0fc910316cb3e63fb12e4,alchemy,infura,true,true,cases/ca2-0e06e67c5c9253228751.json,c4e15e8a6fcbfe7d495999bce90fd1824fb2b743ceb03155824fa256cb4c066e
ca2-003bb3e01f9c7c13410b,bankroll,bsc,1e11b5a6fdbb1fa98dfdb55da85f8e31ee55347aa7a9042cc6f81834f1bd61ce,cases/ca2-003bb3e01f9c7c13410b.json,90584a7a3f77563431790191efcf1b80053f018783ad93b4fffd0ffe6e5b384c,true,HISTORICAL_SNAPSHOT_VERIFIED,b99e4a7c4a2c97ee3de25fe391eb91675c32a463fd5e0e3561d2761c0fef5d1c,b99e4a7c4a2c97ee3de25fe391eb91675c32a463fd5e0e3561d2761c0fef5d1c,alchemy,infura,true,true,cases/ca2-003bb3e01f9c7c13410b.json,bd3b7260fd9b13b24a0e8a2c0bad217da537482bd7f0488f7eaecaf8787f0ab1
ca2-98b03a49b7d20591238a,bankroll_network,bsc,bd2475a140be8378bfbb0e9a940c1f657a4f5fbdbc9809c468d73e1806822cd5,cases/ca2-98b03a49b7d20591238a.json,5170b34d0ff8a3ffc23ce88b6e8a040eea5211ffa9cf02724e3e64b08f375f46,true,HISTORICAL_SNAPSHOT_VERIFIED,21541353d8733efd21480860a5f80881e3984e5ff437281f4c4359a4d1204cda,21541353d8733efd21480860a5f80881e3984e5ff437281f4c4359a4d1204cda,alchemy,infura,true,true,cases/ca2-98b03a49b7d20591238a.json,1300303f136995fe0195c2c6a56ab161d52f9e60ca10434f70c8b4176ff1c97a
ca2-76efd7743f4d9234ff8d,bankroll_stack,bsc,1005d6392a9ecb0d17bf520909133ba769c7ff76c9d69c2a23ee8a5ac6ed513a,cases/ca2-76efd7743f4d9234ff8d.json,18a918bd59017b0a91b5998ad45af984d2956820f99734b0ede892ce0292c0ca,true,HISTORICAL_SNAPSHOT_VERIFIED,21541353d8733efd21480860a5f80881e3984e5ff437281f4c4359a4d1204cda,21541353d8733efd21480860a5f80881e3984e5ff437281f4c4359a4d1204cda,alchemy,infura,true,true,cases/ca2-76efd7743f4d9234ff8d.json,17b504acf9558b40b9263cd76727684398a815cd5e06f90c160b7ca071550cea
ca2-47d01daca3ef9c1ed2f1,bao,ethereum,ca21b1c41124d7a3e2387567df08e9fd9da25fcfdd1b0101ab9b10b954938453,cases/ca2-47d01daca3ef9c1ed2f1.json,d64b2b5690f1298482ed0073f969e0bd63db7bba8c7fb2f72e10566069ed1580,true,HISTORICAL_SNAPSHOT_VERIFIED,0c52bb3cdea21670da3ee3a2b9906aad45074ba6a3c038e85f78dd77c5613d5b,0c52bb3cdea21670da3ee3a2b9906aad45074ba6a3c038e85f78dd77c5613d5b,alchemy,infura,true,true,cases/ca2-47d01daca3ef9c1ed2f1.json,0442908da5adb183826e31397c4bedc4349252d61be75892d3bc25c2a9b949e6
ca2-4f5a0a76d69326e4c2cd,barleyfinance,ethereum,772602dfb308b5dcb0042788ed6f1ad1897a95b1509f8efeb328d575d85702af,cases/ca2-4f5a0a76d69326e4c2cd.json,611f3cb0ddbc59a72477f5d4c4d40d7aee17fa102efa6f1319b4d1aac24f2d3b,true,HISTORICAL_SNAPSHOT_VERIFIED,9a2812238d4d7cc32fa57b9b9f2da59247b5d04a8c0d200bbf2abf5c3840d786,9a2812238d4d7cc32fa57b9b9f2da59247b5d04a8c0d200bbf2abf5c3840d786,alchemy,infura,true,true,cases/ca2-4f5a0a76d69326e4c2cd.json,1dfb216f946fd2ea42aad1ebaa77360230ccbc8b8728d78fec0e9bdcac94c1f9
ca2-7063be755a02e6e0df10,bbox,bsc,8ef6336b9d2f1c7bd64fac0d07baa10c325722055e9db0258e77637234f148d5,cases/ca2-7063be755a02e6e0df10.json,781d5d4e95278f64c2187f7e735b5b4364d415e47140cf73ade5e1811d881461,true,HISTORICAL_SNAPSHOT_VERIFIED,5200f6610dfc17906dcad36c03aa6b4246fcacc45870d8da1f1b404399afde65,5200f6610dfc17906dcad36c03aa6b4246fcacc45870d8da1f1b404399afde65,alchemy,infura,true,true,cases/ca2-7063be755a02e6e0df10.json,b1c7f69c638edcfebd0bdd5910f9439c5d86b68d1a9cfdcd9fb356c4feb1ad09
ca2-ba0418d74fad65f2483c,bbt,ethereum,d04ecc98ca56bb728995bbe263950a134dac18c3b0725b1a67c47732d779b9d7,cases/ca2-ba0418d74fad65f2483c.json,1d28461dd40f6c7f3e1cc1e55956759c7b114dc8b35f2b040a2a07f457bc5024,true,HISTORICAL_SNAPSHOT_VERIFIED,0f6bbf66bf515e102c04eff6d492e0356442a3eb0aee69ebafc5cf972f802f11,0f6bbf66bf515e102c04eff6d492e0356442a3eb0aee69ebafc5cf972f802f11,alchemy,infura,true,true,cases/ca2-ba0418d74fad65f2483c.json,645d9d91576c6dda35f1aa02f3c1194fa9238a1e4e85d318d330b86136674e28
ca2-6673e21002a8af6f4d12,bct,bsc,644ee89669f8a4db3f56519d15361c42181819b779fedae2ebe22245a294242a,cases/ca2-6673e21002a8af6f4d12.json,2a81bb38542415c09a88a7aa944cd38c8932f660e174ddb0e0aa25303d49a57c,true,HISTORICAL_SNAPSHOT_VERIFIED,aebfc51c036283bdbf3d3daa7e8334fcbd09906ab6083d62bf0bb1d2877c4930,aebfc51c036283bdbf3d3daa7e8334fcbd09906ab6083d62bf0bb1d2877c4930,alchemy,infura,true,true,cases/ca2-6673e21002a8af6f4d12.json,4e2158fdeb9930e5d64d8c5e90ad0840540123f2fceb5e6f44834a10f8a892d9
ca2-d21da7d9fce0924660dc,bdex,bsc,9780f0280720a5fe1117e3ee659fb75ed1c8d2cd4add96a34489328e04f53e8d,cases/ca2-d21da7d9fce0924660dc.json,4584011f908184557bad50f968fbc1c10331ea942b7875afe0df1ab10a44f74a,true,HISTORICAL_SNAPSHOT_VERIFIED,312d3b1504dbe9af85a33ee44d6d20d0b1d32b6e4af358554a7a93177d9f32f1,f6ec874bf933cf84fe43af7e81ec79dfb341dab081b4c8869dccef4c1f4aea7d,alchemy,infura,true,true,cases/ca2-d21da7d9fce0924660dc.json,77779823406d9a18b10a76f80519a589e112ea21a137016c2995cda2e5d82fdc
ca2-3d8e91015c9360a5a76f,bearn,bsc,3210edfb2919222efb091fedc486bdc9050e5af5070868b3e053e7507c0ad0aa,cases/ca2-3d8e91015c9360a5a76f.json,32e46aeb6d331a946b904ce8bb9b84b4c390b9a8517fc81f46ec34e8fd4e602f,true,HISTORICAL_SNAPSHOT_VERIFIED,cdf4dc2a07a33524acf9cfb20a90644509fca204c22be81b6d8ab75adcc2049c,cdf4dc2a07a33524acf9cfb20a90644509fca204c22be81b6d8ab75adcc2049c,alchemy,infura,true,true,cases/ca2-3d8e91015c9360a5a76f.json,8f31daf030dc3b74919c25c46489ff617b141b4d2ca0b08421afad2e951213b7
ca2-56bcc5cdf2d34dd9c4fb,bearndao,bsc,6dfc28a54fe8cbdbe65ad9da3de034463092868469063fb76e5fe797014bab4f,cases/ca2-56bcc5cdf2d34dd9c4fb.json,0c626dda2f8358d57ec63f2ccfcc0249b84a55abad3217dde204ecf744bc6038,true,HISTORICAL_SNAPSHOT_VERIFIED,90903ecb60d767f83c5b714b99b96681a3270567c7c890798f52167066e1bc29,90903ecb60d767f83c5b714b99b96681a3270567c7c890798f52167066e1bc29,alchemy,infura,true,true,cases/ca2-56bcc5cdf2d34dd9c4fb.json,a4a887255a498b6ea2d1a25bb3dfa19b03037b163a42a7f6059927cf9733dc4c
ca2-297229c8f057f9088676,bedrock_defi,ethereum,914b07e3d104a9df4bb275079bed25ec63d74d20fdb491cc8e7c6c8642f38870,cases/ca2-297229c8f057f9088676.json,5506b8371ad5a92f9cdeae09c2889ce3c0cb570019c38b1c94b7e5c891536043,true,HISTORICAL_SNAPSHOT_VERIFIED,3c1389f3f0b1efb3c6869f47c580b6a31e657af01769aaefa226cef418e09d5b,3c1389f3f0b1efb3c6869f47c580b6a31e657af01769aaefa226cef418e09d5b,alchemy,infura,true,true,cases/ca2-297229c8f057f9088676.json,02d56e5c9ed644dc33c5fe856583c2d1de7a4fe3699fca500a21025f74d66d79
ca2-8ad0e7849cd27bf47eab,bego,bsc,5a732692c0ed1163c3de3d37213f40332716a609028766148092231b3c394ff2,cases/ca2-8ad0e7849cd27bf47eab.json,7d3c232577f70156ddf15fa18990b9e6ff6ec7b42ed8c2b54f818845209475cc,true,HISTORICAL_SNAPSHOT_VERIFIED,f394619af00568a7e57f95cc6787547ec45b328b467f6133ca5b4d468cc3967a,f394619af00568a7e57f95cc6787547ec45b328b467f6133ca5b4d468cc3967a,alchemy,infura,true,true,cases/ca2-8ad0e7849cd27bf47eab.json,94e1bd1910dbe1787854dacbd9df68bd3d815a61ad9677b1dfebc110d5da1e38
ca2-b9cedafde58efbfc26fe,bevo,bsc,b71bc2a9f04a1c42e66c76f1436a1e8968bf7e4f1e73e41d46cb392d791381bc,cases/ca2-b9cedafde58efbfc26fe.json,278b16b3fd5dc5d6c0a95c9c812a382b8ba698e54c3a628eb2fbca0a6971b5b3,true,HISTORICAL_SNAPSHOT_VERIFIED,c60e19b5b29396cd5435f5c21a566635b2ad6b639bcd849709f1a05e158227b2,c60e19b5b29396cd5435f5c21a566635b2ad6b639bcd849709f1a05e158227b2,alchemy,infura,true,true,cases/ca2-b9cedafde58efbfc26fe.json,af78fad82765da13217268a8b2418e42d27026a5d0171c91d46365b088af4836
ca2-5aa3d29494fdde461d33,bfctoken,bsc,58c375512cbc9032eb04c0e83947de16125232da6c94e18af5c72ecc610eb878,cases/ca2-5aa3d29494fdde461d33.json,7379b53c9c0ff0bad1fe53bca310c2ca7ef6f7fe81cec4561b61d2bb8fac51d6,true,HISTORICAL_SNAPSHOT_VERIFIED,4d94db6a378b9b048c414b32e4d04353efed001c5af7040c1cf9f4d61dfa595f,4d94db6a378b9b048c414b32e4d04353efed001c5af7040c1cf9f4d61dfa595f,alchemy,infura,true,true,cases/ca2-5aa3d29494fdde461d33.json,5db7101fa78e9b7a73fdb555d5c2abea143892c1b7a948f54f32ec0f32299db8
ca2-d0b1ccc1d33cfcce8cbb,bgld,bsc,4e9e0cab7409245205d1bb4e0a3497a4f542addcf8cdabf4de2aa185bd040797,cases/ca2-d0b1ccc1d33cfcce8cbb.json,cf5c6cd092fdb204e5f16dc3d266df9fb42c51e9441ef4602102f972206672f0,true,HISTORICAL_SNAPSHOT_VERIFIED,5992a7c0645cf93d1da5dc651097f4b979ae6dcb27f5c2a04cc32f29da0792bd,5992a7c0645cf93d1da5dc651097f4b979ae6dcb27f5c2a04cc32f29da0792bd,alchemy,infura,true,true,cases/ca2-d0b1ccc1d33cfcce8cbb.json,62cd2afead87c8f476acf9d57c7f21c4507aa1ed3d9c132cbdb61df91ce4e22a
ca2-8827a43c9b16b94734ae,bh,bsc,4930880a53711d7ec05cfaa2fb916d1d7142afb500fff86c613e21c283c3cb13,cases/ca2-8827a43c9b16b94734ae.json,285a83214e7524d7583e6dd61da827358401bd8cfde569bda497637b1399f440,true,HISTORICAL_SNAPSHOT_VERIFIED,d0a42e65e48ca1afcc525932a484c50699f2be460aea99b65a0b159608f71d03,d0a42e65e48ca1afcc525932a484c50699f2be460aea99b65a0b159608f71d03,alchemy,infura,true,true,cases/ca2-8827a43c9b16b94734ae.json,bc1593a9d8c55968d629455673b59205164e374dd0768504c574038198025754
ca2-d78f4dfccb15753abb19,bigfi,bsc,13d55ae7053a30ed3fea9bf9689d9adad16b07dd34d98f7a5baf1faa6f8deb42,cases/ca2-d78f4dfccb15753abb19.json,84b307d96ce97fba61614ae4a6622f0f991d139eb5e109ef1b0b55aa3647e2d3,true,HISTORICAL_SNAPSHOT_VERIFIED,49a2a3ac8d38dcce47c7353f5250ec0c010ec1f238c61b678d5ccb6d4eb483aa,49a2a3ac8d38dcce47c7353f5250ec0c010ec1f238c61b678d5ccb6d4eb483aa,alchemy,infura,true,true,cases/ca2-d78f4dfccb15753abb19.json,d5162c64d57da7510166a36dd407f9bfb29205f7b231a0554d9c09702b9aaeb6
ca2-adacb53105e39eebae4d,binemon,bsc,98160846a00da9f283d4817ea2c8451bc63dad272293ff5286a49060ca774044,cases/ca2-adacb53105e39eebae4d.json,57aeda5e30a55daab602d0624a277a0e3929f62d16ace6919af6182d75d02498,true,HISTORICAL_SNAPSHOT_VERIFIED,ea52384aaeca557899042400e478f36a635e5cdaa2059ae57731dfcb3b901c4e,ea52384aaeca557899042400e478f36a635e5cdaa2059ae57731dfcb3b901c4e,alchemy,infura,true,true,cases/ca2-adacb53105e39eebae4d.json,1308d31789778804f30e542935e4634f427d4152cb54a11af9ab87616b17ad63
ca2-a1560cfd50c54f038ab4,bitdog,bsc,a7b2078f43153e6c9b76721f08f05970e9d3adae4d3ebfae4ace6aaf83252297,cases/ca2-a1560cfd50c54f038ab4.json,41783631541c890736ddee131721a49bad682f32e3226eb87bcfb30b8fe4b73c,true,HISTORICAL_SNAPSHOT_VERIFIED,941de8a032095d13e84e6f2bac86ccc2f6b563360010bb64111a638f1ab0b804,941de8a032095d13e84e6f2bac86ccc2f6b563360010bb64111a638f1ab0b804,alchemy,infura,true,true,cases/ca2-a1560cfd50c54f038ab4.json,6bb02467a883accb40b8ba7a96a1084daafd16dec8c0ff703d728fa15c7010c8
ca2-59a1cba91e5790395c7b,bitpaidio,bsc,415418b9d2e273fb8db03d260e8776e11b94130a9d0f93b7ef73344cf235ab6c,cases/ca2-59a1cba91e5790395c7b.json,c352cec5e704f8ec97885674ba450eedc94016ef9f26c52e60bc9a95436a00f6,true,HISTORICAL_SNAPSHOT_VERIFIED,6ff3f194073f049128766834da6e7cb85d67d09eebc275e10245394a33625795,6ff3f194073f049128766834da6e7cb85d67d09eebc275e10245394a33625795,alchemy,infura,true,true,cases/ca2-59a1cba91e5790395c7b.json,162df6a8868da55c76150021d343b52d2ab46728767d4090a1ce95022f3944f1
ca2-608fc098c08911f51783,blueberryprotocol,ethereum,9206a6aeb7566489cface98d647dd8d55b6a6ad67ce3bb377f16b188f97460d1,cases/ca2-608fc098c08911f51783.json,87a2d9e7ce0546bb852c46307757d81161257b9197a5ef43ab5702ed9ba6a218,true,HISTORICAL_SNAPSHOT_VERIFIED,8c6604b7d24af46fdfd121a746f378d4012e099f0d04b0de28117cbf83d43ab5,8c6604b7d24af46fdfd121a746f378d4012e099f0d04b0de28117cbf83d43ab5,alchemy,infura,true,true,cases/ca2-608fc098c08911f51783.json,1495b745ec72f379ec8f7c68809d6bf30b798c39dce0cf8b4e18c8a4c428898f
ca2-5a019aa2bc528c73de90,bmizapper,ethereum,19309983b066989690831854a8e43bcb951269acdc00d970a1b1d13e3aad78cd,cases/ca2-5a019aa2bc528c73de90.json,aab2af132d6f67e09dca48ec58fe6e14033de86382b10c262c323d2ff5594a1a,true,HISTORICAL_SNAPSHOT_VERIFIED,cabf3e895486fb0e830bd3ff23216233f6302406a01ea27e33fffabacc2b1519,cabf3e895486fb0e830bd3ff23216233f6302406a01ea27e33fffabacc2b1519,alchemy,infura,true,true,cases/ca2-5a019aa2bc528c73de90.json,4107880da5bef338fac075867f6657ea154855a857209d6c2ddfef0295024015
ca2-5011063427fa6a95c108,bno,bsc,4e8c0bfd55b10b7e613ec8306a38f72432a46512e9d64205678b8effa0e04524,cases/ca2-5011063427fa6a95c108.json,0aae3e98d754ae5611d9cf077fe1dcfb594e3abb96e354cc90d747fb4a521c54,true,HISTORICAL_SNAPSHOT_VERIFIED,47ad6bcdf8efc67ae0bd7bc90947e28a83e2d8f92e82c302abb384bdecf56b43,47ad6bcdf8efc67ae0bd7bc90947e28a83e2d8f92e82c302abb384bdecf56b43,alchemy,infura,true,true,cases/ca2-5011063427fa6a95c108.json,2b908d1f31ed9d78faeea5ca9711db8ace629009162abcd0fe83ebdf7cde9755
ca2-0119280f82385cf56670,bob,bsc,90b85ae82e672afba02f46cf0f1bde52fc4e12e7baaf3a17ba500c15e5037d60,cases/ca2-0119280f82385cf56670.json,7a6227f1f29c1bbf950ccfb9b9c0b8da7177bf2789320a615468dbbb70f4ef92,true,HISTORICAL_SNAPSHOT_VERIFIED,946d7b31da84f13e026338d296a9488f4efaa1e46da92c488609835d35ce280b,946d7b31da84f13e026338d296a9488f4efaa1e46da92c488609835d35ce280b,alchemy,infura,true,true,cases/ca2-0119280f82385cf56670.json,8af6478a9057d4f8a7d62a8259263add237f9b7fdc73e1cbb8aac2908825b0c8
ca2-71d01a519d5b777ca8d5,bra,bsc,2adc3fc9bf5f8d6d9a8d3a8132275a929badf9cb626db3c6245b5e75013c346f,cases/ca2-71d01a519d5b777ca8d5.json,1a56e278b3dc9619940072ce062032b88036b464010d236a7d6ee7a8a2fb7aaa,true,HISTORICAL_SNAPSHOT_VERIFIED,fdef7c7d6a486c55668d6186b09c78355d88e0c30a0dbd48ec2db403b9e96440,fdef7c7d6a486c55668d6186b09c78355d88e0c30a0dbd48ec2db403b9e96440,alchemy,infura,true,true,cases/ca2-71d01a519d5b777ca8d5.json,4c5bec6997a4ab6864627d160d7ee41c86bf6abdb29dfc1775d5d2efa3d44d63
ca2-a25eb49dc8b847fae718,brahtopg,ethereum,d7d8189461ce64cabf0d4e94d42111a2d8a939a59cfc5237fc84d598d8fe403e,cases/ca2-a25eb49dc8b847fae718.json,8efa097cbea3b05220de1aafb07bb45908e83a1e4ffabaa2ec81881601b3ff72,true,HISTORICAL_SNAPSHOT_VERIFIED,147e5996b8528fa2524d79b022013992f4541c7a70feb52576ddc2c23bdb1342,147e5996b8528fa2524d79b022013992f4541c7a70feb52576ddc2c23bdb1342,alchemy,infura,true,true,cases/ca2-a25eb49dc8b847fae718.json,cf0a55148e8320f067e6a5076c48042099e3f72a28cafe9ec3075d2eef827dd2
ca2-9035062d2e632d8ca752,btc20,ethereum,f89b917281c075f521b2c1076cc4044443a3d6d1e1890ee1f5e5b66ffa9441f0,cases/ca2-9035062d2e632d8ca752.json,311dc6d8a1a3150136000ac00675d6fdef6e542de2fd4eaec9b57eed8130a8ad,true,HISTORICAL_SNAPSHOT_VERIFIED,6cdd619e1804f230e156b3ad3f390a5c0e36f5c326caceb1a4b8e6b31c0ea4a9,6cdd619e1804f230e156b3ad3f390a5c0e36f5c326caceb1a4b8e6b31c0ea4a9,alchemy,infura,true,true,cases/ca2-9035062d2e632d8ca752.json,1150e06c81047856c606fcf66b4c8ed961bbd0f94a6628ebef80b9a10d7bd4fc
ca2-c5014cea82de5130aa96,btnft,bsc,6164007920253546422892139d123f49284e8297bb56cdd84564326365d5fed3,cases/ca2-c5014cea82de5130aa96.json,3de1fb3fb805506379acf49e41f91e2bd8647d0dc4784035709bacfa88f9700c,true,HISTORICAL_SNAPSHOT_VERIFIED,a2df3b7f1d2a62d51161d0cf5741385f6125f2567709fc61e6ca21244c09f841,f06f1bce489b026128a7ecf456fc985f6afe678881ebcb2a9ad6e81645077855,alchemy,infura,true,true,cases/ca2-c5014cea82de5130aa96.json,9c74e5f0e908c37316c78da7c7d9c2c57426e212e195afaf677c15f81da29f2a
ca2-fa0880968324b82371e6,bunn,bsc,0be2cd493c68c739fff60d5596d0c21c90235aa190e1e962bfe2ea063c951a9e,cases/ca2-fa0880968324b82371e6.json,771012e0edd4b0b63fa01ffd5919e61539209a65324603ca9c4f2eb14d1aa15b,true,HISTORICAL_SNAPSHOT_VERIFIED,2530c9ecffaa06512df13de47028f0c436f02cf063abfeb0858a15cd200f1e1e,4d1adad6bbdd5c9161c865e559c23678d9c4b9331cf90e4526579aa877207248,alchemy,infura,true,true,cases/ca2-fa0880968324b82371e6.json,53f85943566dd5eac30a33d08f4080000c1a1e57f66026d8f26411927dd92d70
ca2-28489e4d5123e702b7a8,burgerswap,bsc,18b722199d896c16b2f8724f3ebb7221a8aaed2e33cbb00d7525d62e2a129187,cases/ca2-28489e4d5123e702b7a8.json,218eebf5f91d12d023dabb87d514949fe45767a0aaed03906bdf8fa36a96e02f,true,HISTORICAL_SNAPSHOT_VERIFIED,50d0046eb69f9eee978d867febe1c75d465510952ef953609dc767bb43d62085,50d0046eb69f9eee978d867febe1c75d465510952ef953609dc767bb43d62085,alchemy,infura,true,true,cases/ca2-28489e4d5123e702b7a8.json,cf38fcfb43d9087698d8a602bffcf393677e59287f86428d1268e11110571675
ca2-8521e5ce73f00a1df2b0,burner,ethereum,9dbe0148495fb498ba3e5e38e1eb4a866bb313cc7cf9b45a3b0bcf5395a4bda7,cases/ca2-8521e5ce73f00a1df2b0.json,0b37ad68e890f74cc32f9a6ef5593acc95b215ae0adb80c57ac666149344d5c4,true,HISTORICAL_SNAPSHOT_VERIFIED,699be3406531bcfb4ec9d9f184f947ab2c3984b2b11431ab2775118812abe37d,699be3406531bcfb4ec9d9f184f947ab2c3984b2b11431ab2775118812abe37d,alchemy,infura,true,true,cases/ca2-8521e5ce73f00a1df2b0.json,44aa0b8c05366278cbfb054efb47928ddbc12b4e6d39b71a9c85c3df1123cf5c
ca2-87c7a2d034157234fe09,burntbubba,ethereum,18ec22309a930aeb4e2deab5bcbd4f3cf18a1f36bcbc463630cc5d904952288e,cases/ca2-87c7a2d034157234fe09.json,16b20b8a4620943768670ac46b3455580d2a53c896f934e3402f9e73e25123b7,true,HISTORICAL_SNAPSHOT_VERIFIED,535bdc2dc19031da6d4cc41b095291b46dd8e6cbf2f66807bb002605840c4657,535bdc2dc19031da6d4cc41b095291b46dd8e6cbf2f66807bb002605840c4657,alchemy,infura,true,true,cases/ca2-87c7a2d034157234fe09.json,55837acff8dc8bd51804b555c4a17aca8231ee332d4357b09691528d7829db96
ca2-60b7a39b3acbf3ed1937,bxh,bsc,228b56e286e3c344c7c1aaa279a970b17924dcc2272aae59cd003c1220c89eb8,cases/ca2-60b7a39b3acbf3ed1937.json,22cbec31bcccc221254b143a7e02cd2132b9c718641f427f1f0ea751fbf49ca0,true,HISTORICAL_SNAPSHOT_VERIFIED,8e2491ebf7814b8ccced85f13b33f2068cc5aca26eabfe972d2ca844fbc9870e,8e2491ebf7814b8ccced85f13b33f2068cc5aca26eabfe972d2ca844fbc9870e,alchemy,infura,true,true,cases/ca2-60b7a39b3acbf3ed1937.json,2f84502aa1a1ef5ac0703a9a647265c456aa0e891fa05101a287a9157f06691e
ca2-22e8cd13c63b74bc9bbc,bzx,ethereum,5959dede0d250e2464756f2ba54c39b3cec920b71095869f661e2b2421960db7,cases/ca2-22e8cd13c63b74bc9bbc.json,63733eec2ca1c22bd26ef56a80c3db4efebff64bfb83a0a93a28af3157479d9d,true,HISTORICAL_SNAPSHOT_VERIFIED,5463d27ba639f9bde59b2a9f6c7b4d9020b84fcc8ad327824638fe98a9060625,5463d27ba639f9bde59b2a9f6c7b4d9020b84fcc8ad327824638fe98a9060625,alchemy,infura,true,true,cases/ca2-22e8cd13c63b74bc9bbc.json,ec9eb3315a32c9a7fb9f1a79085de405c03955a3c8d0f186d2a240d26f06e638
ca2-9f2e70a7938c45f70a82,bzx2,ethereum,8d71b7f1bd39ee961f129dd7f8228b76828a2f19f8199c601b0a626484c4369d,cases/ca2-9f2e70a7938c45f70a82.json,d7b2dc3b71f60a8613a1946ec57406140403ef8de32c96143e5250182501b0fc,true,HISTORICAL_SNAPSHOT_VERIFIED,5463d27ba639f9bde59b2a9f6c7b4d9020b84fcc8ad327824638fe98a9060625,5463d27ba639f9bde59b2a9f6c7b4d9020b84fcc8ad327824638fe98a9060625,alchemy,infura,true,true,cases/ca2-9f2e70a7938c45f70a82.json,c80741813b1a7351dbe9dd832af38ad80004454f63842eee21b0c6f6d2fc2a49
ca2-e726d15fcadb675a6a84,carolprotocol,base,ad2c7b00a8b7910cb3d08993a84d518b815b0133b991a458f9145dc297d11030,cases/ca2-e726d15fcadb675a6a84.json,67461a25aa3f102783799c60bb1b84c08010a36d18b51fd1c4502dd1c1bb226c,true,HISTORICAL_SNAPSHOT_VERIFIED,99f4846b9ca1fc0fd1d07d726f186243b54f50deaf5ed6e619e4d88bdcd1bd5c,99f4846b9ca1fc0fd1d07d726f186243b54f50deaf5ed6e619e4d88bdcd1bd5c,alchemy,infura,true,true,cases/ca2-e726d15fcadb675a6a84.json,da3da973bd3476fe64a7927adce55f2dde6a9a6cde468292b01ff9ab478b0da9
ca2-f6ff26fef2c7c8239a54,carrot,bsc,d9a6b7eb3d3a1c1f15bd8cd1e485fb4eaaece3ed3abd9ca849f867ca5fe5b23b,cases/ca2-f6ff26fef2c7c8239a54.json,85432058570d51e5e07d8c9af710ce4adc7c3f9cc39ddab6c588837abbd56879,true,HISTORICAL_SNAPSHOT_VERIFIED,3f6697757a5a7e3fae60e17ffc71b62cb332dc1a6ccf3a8723160000f11c8b2e,3f6697757a5a7e3fae60e17ffc71b62cb332dc1a6ccf3a8723160000f11c8b2e,alchemy,infura,true,true,cases/ca2-f6ff26fef2c7c8239a54.json,7873d281fb304389a6439e80a0a81ecadbfdfe9d56ad121f709c9708d0f68de3
ca2-9aabe02b00ee6b15427c,caterpillar_coin_cut,bsc,8bc8aee9753c9edd7063246af35ecbe77b38238a13aba78d3e8ac05c456ac00e,cases/ca2-9aabe02b00ee6b15427c.json,7e24421677b733a2300e9e93cf7a05ae96ff908f792391d5c9a4e74ca6f46aec,true,HISTORICAL_SNAPSHOT_VERIFIED,d45ee1ce0cb1f3978ab770cbd51c60a5a846cac4fe4853635da24608a69cfdcc,d45ee1ce0cb1f3978ab770cbd51c60a5a846cac4fe4853635da24608a69cfdcc,alchemy,infura,true,true,cases/ca2-9aabe02b00ee6b15427c.json,974e30796877c337fd57653731adcefef948a9d6f6fcec877b9fdc93162e5977
ca2-0fab25d3b5b764c482c5,cellframe,bsc,89cdfc63fc4691a1ec0adeeefd931a4eb5ae9dae230118f7109e8ab880cf0f64,cases/ca2-0fab25d3b5b764c482c5.json,00c3fcf6d7639b2b76536a18578ba11e2af6e8e5de852376e724b68433a1f458,true,HISTORICAL_SNAPSHOT_VERIFIED,ed992d4e23a6d08fbfa73fa7bacf4a01ff1045b1247bd01bd4653a19ae40d740,ed992d4e23a6d08fbfa73fa7bacf4a01ff1045b1247bd01bd4653a19ae40d740,alchemy,infura,true,true,cases/ca2-0fab25d3b5b764c482c5.json,a7979c456f38966477763747ebb06e94787dfa31633a2c2c91a7a6b10c36110b
ca2-d08064284319f9724001,cfc,bsc,8f58e343d0019d2b78d6d5cf79064ed4b62e4677cede48ae0de1897d82e98674,cases/ca2-d08064284319f9724001.json,254d41c734fbcba7343367940423bc9c461f7ff514b4eacd3f3565ed3b46cce5,true,HISTORICAL_SNAPSHOT_VERIFIED,a1ea8386819b76238190214f1927eb3790c18592cdc707b9d5e89539b137cd43,c06b12742d507906193b5a11c3b29dfed16c52ea70e1383f84973c713dd20534,alchemy,infura,true,true,cases/ca2-d08064284319f9724001.json,95873b71cfdbb03f8b83c69647b2544f8365d82ec2be6ad5acde99087b6edfb5
ca2-9975357170a08c396c9a,cftoken,bsc,259b189384cde3296db1d74097f6d80381bd411e698b111c84199ef2cffec68d,cases/ca2-9975357170a08c396c9a.json,72a4d5594a7ddb7ad0e2e3d32f5138f8886dbaea653278b7e2e3ab3c9d31749f,true,HISTORICAL_SNAPSHOT_VERIFIED,27fb9ff9a22fe3bf64637de8533b615c757138252edf45ac6d4478190b46103a,27fb9ff9a22fe3bf64637de8533b615c757138252edf45ac6d4478190b46103a,alchemy,infura,true,true,cases/ca2-9975357170a08c396c9a.json,fc25e8cfe3d4ba3f9d52146444cf9ea773edc63a9acb6c42bde4c44033fa4795
ca2-c5a01f6581922c612fa6,chaingefinance,bsc,1e09be2a2fa74199066b8e1e1c004b591d1e4a5e4a0508753710a580778c7563,cases/ca2-c5a01f6581922c612fa6.json,ac8ed580570c8567e14f442f1245ddf9b50499d2763b71bb8095db61433ec7ef,true,HISTORICAL_SNAPSHOT_VERIFIED,9cdbe063598c048341ebaf839485859892bf9f4d183b5fade843c47ab7943ea9,9cdbe063598c048341ebaf839485859892bf9f4d183b5fade843c47ab7943ea9,alchemy,infura,true,true,cases/ca2-c5a01f6581922c612fa6.json,23fd22ec2994b2fe2d50bb214deb1a49acda9fbe2838d546f45754bf56e372d9
ca2-5b927b3791414bdc410e,cloberdex,base,5e6fe66f8b5070ec3f1cab56b9209230516c4dbec4a215c879b3b8c464a0caeb,cases/ca2-5b927b3791414bdc410e.json,34ed494f2a97c062a1886ef956118f5e6b920cedc1243b88c2c1fb82aa9c90c2,true,HISTORICAL_SNAPSHOT_VERIFIED,7955918403ff71eb5dbcee18d510843c349c8ad5d73a01a8775c69a3e0a57c34,7955918403ff71eb5dbcee18d510843c349c8ad5d73a01a8775c69a3e0a57c34,alchemy,infura,true,true,cases/ca2-5b927b3791414bdc410e.json,2128c1f0d217a1f4bdd5d2073a46053af9e22e78b133615cf4d3f95b907f7551
ca2-8920d085a4a666414df5,compounderfinance,ethereum,4d5a9cc42365e6ca2505859abc7b5e46fafac7c8cad58ed76cbafdb8723d2269,cases/ca2-8920d085a4a666414df5.json,968f0e59b20eebf947ba43dae661ec3e698efc37e4904530b796f9076971f1c4,true,HISTORICAL_SNAPSHOT_VERIFIED,9a6ad0237b53b6a2b60d33df6c3c290879f2e01aa036b31db4947576d1667810,9a6ad0237b53b6a2b60d33df6c3c290879f2e01aa036b31db4947576d1667810,alchemy,infura,true,true,cases/ca2-8920d085a4a666414df5.json,2e0ddfb43b492efce577d7ec92e0d66002b52a0ad704b0aea882d7084d15fd18
ca2-5b4e3baaff7190f2f54d,compoundtusd,ethereum,4f0c729512263a3be52a417d5a7f98b32396a61b168fb32eec0eea2762e0cbf4,cases/ca2-5b4e3baaff7190f2f54d.json,e609ae5887f9050ff340ae87bd4cb87a5d558e8c1f4c34de18d24c42fd23503e,true,HISTORICAL_SNAPSHOT_VERIFIED,8e4135104bdf295b1cf5a8774189296058de20be5c8ada8687eb89887df6e853,8e4135104bdf295b1cf5a8774189296058de20be5c8ada8687eb89887df6e853,alchemy,infura,true,true,cases/ca2-5b4e3baaff7190f2f54d.json,f021601c8e7036707fc873978529490ddba49c0f52cb0815dbb0cf86cec0bba5
ca2-14b9ffae56e7c9bfb04e,compounduni,ethereum,5b7c6f9f5ec69e0b4c7c92f4a6965ec998eb0e900c9267e3aa886fcf77e1e188,cases/ca2-14b9ffae56e7c9bfb04e.json,7042c24b67a3f5dd038cf66cfd58f802f4bde2654e0f83dad949fe94e41e5aee,true,HISTORICAL_SNAPSHOT_VERIFIED,b46142ec5c53fd7103d7e6177a6f0c65ede2d2ac43123ec8316c669b2ed117b9,b46142ec5c53fd7103d7e6177a6f0c65ede2d2ac43123ec8316c669b2ed117b9,alchemy,infura,true,true,cases/ca2-14b9ffae56e7c9bfb04e.json,86d30f056d166125a589500bf3d608deb97f4b123fd59e454a2347fffa6e3ed5
ca2-ed5ea743787aecff1e56,conic,ethereum,7362d939090e1796e51ea85a4da8578b7d00af3e7e05d72dfb9a10befc0c578c,cases/ca2-ed5ea743787aecff1e56.json,02af56fe7e72ca22814c08c8d6975e0f5ff3f10cc02cebfd69bdba4622da1b2c,true,HISTORICAL_SNAPSHOT_VERIFIED,0a08d47184050cafa92a304acc6d088adc42eef450b3bded5f1555970e730140,0a08d47184050cafa92a304acc6d088adc42eef450b3bded5f1555970e730140,alchemy,infura,true,true,cases/ca2-ed5ea743787aecff1e56.json,1dd8ee2e5794e282802adfe29c58e6ca864f2ea5552d304012e9689256c9b50b
ca2-22667ec3b73bf4e3f29e,conic02,ethereum,56ee6b61208bff68c41bae5c95b88440c010155f875ef2d3ff636a945eb441ca,cases/ca2-22667ec3b73bf4e3f29e.json,28eafbb65d30d5c76ade5d518319faf73a224014b6c75a305408443390b14787,true,HISTORICAL_SNAPSHOT_VERIFIED,32b93b15bad33062cde4ae8290703bc8a959a93e18c038255a96b5105c09c228,32b93b15bad33062cde4ae8290703bc8a959a93e18c038255a96b5105c09c228,alchemy,infura,true,true,cases/ca2-22667ec3b73bf4e3f29e.json,039ae35894814605064fd517335a0f8be61329b1a21aeec7be9662df97844b92
ca2-4b9009f78d24b677e07e,conic_2,ethereum,cc309e82fabed7a773fe783308aa8a7930e1c3f8e403ad449a0cfbcf57152884,cases/ca2-4b9009f78d24b677e07e.json,3dcb8f1e4548b1ff5acfc4967a962083333af77ffc35b6632d33c7446a1b30d8,true,HISTORICAL_SNAPSHOT_VERIFIED,0a08d47184050cafa92a304acc6d088adc42eef450b3bded5f1555970e730140,0a08d47184050cafa92a304acc6d088adc42eef450b3bded5f1555970e730140,alchemy,infura,true,true,cases/ca2-4b9009f78d24b677e07e.json,228b927ca07791228cba257574b0fb7c636d70054b90790668b4642f30888e5d
ca2-5c90f11e08cf22426454,convergence,ethereum,cf6c6798618b781c80c25bdf34941a90c729a96ee39d52c69a044c64bcf8db83,cases/ca2-5c90f11e08cf22426454.json,e0d2cbda4ec3b1d62806bdbe52a069eef3558c4e577b3ef3d4aece57d1cdc58a,true,HISTORICAL_SNAPSHOT_VERIFIED,4257ca1b843b7619167b8e0c60070ea76d25264e40ccfaf72ae0dce7e92af02e,4257ca1b843b7619167b8e0c60070ea76d25264e40ccfaf72ae0dce7e92af02e,alchemy,infura,true,true,cases/ca2-5c90f11e08cf22426454.json,8355176cf98f419f3d48bea5d0bfe24abe6b2fff1326771aa185eb312e8b50b3
ca2-2d1d603841d5194ab452,cover,ethereum,882bade8271f471981dd2a5ab96bb871a657c05213d5d20b84e1f4f7ae651a58,cases/ca2-2d1d603841d5194ab452.json,ae0fa239415e80ea374a57beb6c41f3d07ab6a4cd6a7e5fdda90cffdff7d36ef,true,HISTORICAL_SNAPSHOT_VERIFIED,9e98acf543d217017690ff9fb8fb5b2b4d892db5022823245d3794e0ac0d7a14,9e98acf543d217017690ff9fb8fb5b2b4d892db5022823245d3794e0ac0d7a14,alchemy,infura,true,true,cases/ca2-2d1d603841d5194ab452.json,bd2d0307b90289e2977d97b4980b2ef6f524ff8515c78f1f9c24918553d6e1ea
ca2-9a214e9ce45a57c562e3,crb2,bsc,6b57510d5050fb2d99494792df8c215466864e9fdce7561a2f029a57fbbd668e,cases/ca2-9a214e9ce45a57c562e3.json,6566cf54b54d9c52ef0faec1af328985c9ab620c6bb081712b42ad0f713bcffb,true,HISTORICAL_SNAPSHOT_VERIFIED,ec9829299a10961f8384452210d6de55a44b0c20654099f29df9e8a07d569f01,ec9829299a10961f8384452210d6de55a44b0c20654099f29df9e8a07d569f01,alchemy,infura,true,true,cases/ca2-9a214e9ce45a57c562e3.json,df3007890e5822847e46aeaa85b2b061dfed59dfe5e8526599c11bffb9900391
ca2-8c56561fae063cde5971,cream,ethereum,3dcee4fb140f7cf8a8a47dcae034659deea7ae9ac4836234c1c94c08c65568de,cases/ca2-8c56561fae063cde5971.json,6bb6551f9bef663bced56cfbeb0dfada56c7d1b70ec1c0855f9cadde8a4242c1,true,HISTORICAL_SNAPSHOT_VERIFIED,e00655c04bf85d0fa56383a0f4799648ae2cb089335dc8c581de64611d013cdf,e00655c04bf85d0fa56383a0f4799648ae2cb089335dc8c581de64611d013cdf,alchemy,infura,true,true,cases/ca2-8c56561fae063cde5971.json,38e19ce8f8cfe90a7e5d9e31d9852624733d18e149e871a146be8b891a176beb
ca2-2f808fc768214bcb9f7d,cream_2,ethereum,3460dd80ba4b00bd1f5cf0e24d1f970cb2fd168e02d122d4e11039d86d184e6e,cases/ca2-2f808fc768214bcb9f7d.json,fa38c2fdc1e6a259a98e599e398a64133e244788868904540b2d1c381f144b83,true,HISTORICAL_SNAPSHOT_VERIFIED,de3058e3229e741ec0ac10c2d96f60a7940df03da37bfee6d7db89d070253160,de3058e3229e741ec0ac10c2d96f60a7940df03da37bfee6d7db89d070253160,alchemy,infura,true,true,cases/ca2-2f808fc768214bcb9f7d.json,078f57f85b1e4ac6b1b34235f5439497b5a34ab28c4ba3cdb65d55226bc6dbb6
ca2-22ca428502dddf9f2871,cs,bsc,fe67acbd3008c30371e6422d40935ce61d98a465cf5dfb6fc8b8ff980353eb3b,cases/ca2-22ca428502dddf9f2871.json,e99a92870dc90d0257fe2305c5d81fd71e832542f0b3f19936ab691d0406f167,true,HISTORICAL_SNAPSHOT_VERIFIED,178e2d6e38cff3e3be19d05052463c201d7ac4fbe6d25863817a20e5a682e71b,178e2d6e38cff3e3be19d05052463c201d7ac4fbe6d25863817a20e5a682e71b,alchemy,infura,true,true,cases/ca2-22ca428502dddf9f2871.json,c71686ec26fcc099cd8709a07547f2fea02c6d5b442894ad5acc6ca3c0662e19
ca2-aa939f9f7f959ce19c8f,curve_llamalend,ethereum,7b28320a66ecb257f84d724c94806b17432b542bfaac1f384e194faf3877f01b,cases/ca2-aa939f9f7f959ce19c8f.json,64b2ab282cc49dfd315343d35b30f9c511771bbcf13b4f1ab24f6a7d3bc782cb,true,HISTORICAL_SNAPSHOT_VERIFIED,db3a2981e313c750bf081669eadf18f8f8c8064c0174a206918bd34bc56093c9,db3a2981e313c750bf081669eadf18f8f8c8064c0174a206918bd34bc56093c9,alchemy,infura,true,true,cases/ca2-aa939f9f7f959ce19c8f.json,8ad0d89e3d64d156c6aafca3c8ddb7489cd859ca90128230bbe712e287454514
ca2-33375f53486ac02fc6d2,dbw,bsc,0da67e213a5123ce084067b876d33728de5f8697495aea021c38feea61061a1f,cases/ca2-33375f53486ac02fc6d2.json,8e7189e19aece6a0dbae1158ec335370a1fe73738a12a045dd870de71b1fa9eb,true,HISTORICAL_SNAPSHOT_VERIFIED,8ae3d532f1bfcf7dc6e43e642465f7ec28356edbaad534b28366e1ebfbd4d068,f67e10e331fd1cace2e633365ad4a264074212a3555b69302dfc379f43ec984c,alchemy,infura,true,true,cases/ca2-33375f53486ac02fc6d2.json,cafe5d7d77ea6b73633befb9d0741566a44500ec52573c05eb16f203e9a2da20
ca2-e92eb18ffd5cb5150b66,dcf_token,bsc,b93e8bc6d91c15242f21a754b67cd1b9452db08f2b725d81ed726662596c48b4,cases/ca2-e92eb18ffd5cb5150b66.json,259cc5dfc12c891bba4c07c815f89dbbed605c48444275e034e224f22457af00,true,HISTORICAL_SNAPSHOT_VERIFIED,58625672a6fcea286e1b755291c4c246ecbaf2cac759d9732ac8ccab3fcfa2b6,58625672a6fcea286e1b755291c4c246ecbaf2cac759d9732ac8ccab3fcfa2b6,alchemy,infura,true,true,cases/ca2-e92eb18ffd5cb5150b66.json,69bfeace8976f6d0ea5a1934f31a3dfbee11e221b8e0c184c7a0dbeceb296a52
ca2-0d94b0dee68d0b41352e,ddcoin,bsc,c0f76cf3bedccbf63c5bc30091a6056cc2a5aaef921ad3d2381333e08606c56e,cases/ca2-0d94b0dee68d0b41352e.json,e398c32cebd40d61f51f511cba4cd077761ea11aa06ee891b15e9bc670f3d07d,true,HISTORICAL_SNAPSHOT_VERIFIED,be00875145c74577bcc86cd34bbbff2ec8767cd6340dfc4000e5cc877b22cd16,be00875145c74577bcc86cd34bbbff2ec8767cd6340dfc4000e5cc877b22cd16,alchemy,infura,true,true,cases/ca2-0d94b0dee68d0b41352e.json,5c00eac857d3015c20dce3992ed83c28bd3ed91e519ae5c873822c26b36f3912
ca2-0998fb22a8fcd705afbc,defiplaza,ethereum,52eda2af122f22601f88fae96541f6df57184be6253d1f8b4df28155731cda14,cases/ca2-0998fb22a8fcd705afbc.json,0db676e54f93805c27587983ebc4782b661c0a14788d5a82b8bf2956a2e4c893,true,HISTORICAL_SNAPSHOT_VERIFIED,4d64ff7686ff01450ef05925cf35237c131c2dc6cc6d2278f744b28e43cc0ec5,4d64ff7686ff01450ef05925cf35237c131c2dc6cc6d2278f744b28e43cc0ec5,alchemy,infura,true,true,cases/ca2-0998fb22a8fcd705afbc.json,b3e83da28f5e5191e1e4ed51ae99d0e3f1aa61c8190c0c91722052ba5d8e08dd
ca2-4c0faea601ab4a95ced8,depayrouter,ethereum,f3b70ce77371cf52693d4c22c8e6882b7ad47f3120b647165013013da50e3c46,cases/ca2-4c0faea601ab4a95ced8.json,097b6e330782c6216c0ae0b03ce539b719e70a2350b6b341fe23af6cebb09d66,true,HISTORICAL_SNAPSHOT_VERIFIED,8e08a1cb8c5fa9c6d08490c1ed70b10ad244b83009c78a12bfe068351e54d179,8e08a1cb8c5fa9c6d08490c1ed70b10ad244b83009c78a12bfe068351e54d179,alchemy,infura,true,true,cases/ca2-4c0faea601ab4a95ced8.json,31cb4e54fcdd1c1688ef0950a437bea18a81f99260580c815910bb4e71b6ae63
ca2-c7f02a40db88500f3ae5,depusdt_levusdc,ethereum,d9100bbbb2956c2561cead740be298ac2490c1172ce20475e9c49e4e2c9a4d8e,cases/ca2-c7f02a40db88500f3ae5.json,868544a4ee3748219a9163bbb83ed3aeb1c38ecd797cebc28b008e0ccb3a5519,true,HISTORICAL_SNAPSHOT_VERIFIED,6cdd619e1804f230e156b3ad3f390a5c0e36f5c326caceb1a4b8e6b31c0ea4a9,6cdd619e1804f230e156b3ad3f390a5c0e36f5c326caceb1a4b8e6b31c0ea4a9,alchemy,infura,true,true,cases/ca2-c7f02a40db88500f3ae5.json,68fa8399c0399596fc528faf9fec9d5a32993dc85f4ab94844818294a4d2e476
ca2-12f0d5e40474ef0de502,dexible,ethereum,6bbdb43ccb739baf4c5c6fb85aca17958250ffa9483b42e98b34162dd9976269,cases/ca2-12f0d5e40474ef0de502.json,859b0b70b2b25208e63ee2f5c00fdbf669fb802bdbf04439f223d2151f163d80,true,HISTORICAL_SNAPSHOT_VERIFIED,e452a7217fad92d1208c829a4a1dfd7d2c0390919ee8f51c9bfcf72bafe1ead6,e452a7217fad92d1208c829a4a1dfd7d2c0390919ee8f51c9bfcf72bafe1ead6,alchemy,infura,true,true,cases/ca2-12f0d5e40474ef0de502.json,a775fb1601dde90f809f76733233a77a7d0c124148919a037b5d6c0d9d3f7339
ca2-e488b8f22881b9feaedd,dfs,bsc,6db8e29d39a4a0d876316bd05f7051111d2859088cde5631f70af90c5ccdaa12,cases/ca2-e488b8f22881b9feaedd.json,7c484d02d3537e38cf875e39f82a76141c4dc7eb85d867b37d7a50279c41d2c5,true,HISTORICAL_SNAPSHOT_VERIFIED,e685290862a04e443d1522ccfbfe48eebc1758e3ffbb26ab9d5f84c3077883bf,e685290862a04e443d1522ccfbfe48eebc1758e3ffbb26ab9d5f84c3077883bf,alchemy,infura,true,true,cases/ca2-e488b8f22881b9feaedd.json,945cd7352e7221734cd041f3e60504ad27850b0400077914d94592eebfdadb58
ca2-7ab9ecf055348c803def,dfx,ethereum,d1d8ce2889d874b1db3036b8e7fb02a9f87079aa11e3a702bddef47a626c251d,cases/ca2-7ab9ecf055348c803def.json,7846d3e3887e6c26bb7d1fcd7f3b3203583eaa9e3bc34cf34d17329fab8d620b,true,HISTORICAL_SNAPSHOT_VERIFIED,8bfe7b0dd2cbaf19e27d9655c52419220981d95e62064c6bf48c78c883ae6e68,8bfe7b0dd2cbaf19e27d9655c52419220981d95e62064c6bf48c78c883ae6e68,alchemy,infura,true,true,cases/ca2-7ab9ecf055348c803def.json,31bac106542f639ae0607b9f0237acc772170d7b584854a56b6f489137eb4229
ca2-59b9ab9a48493aa5ebce,discover,bsc,0d1d64f139004792062a2c2e0100288a5593ebd509d742b12a85c8e6f04863b0,cases/ca2-59b9ab9a48493aa5ebce.json,c727c3af1c33692dc4f9c0406c370beb72885be12d65e36ad6f15e016ab5918f,true,HISTORICAL_SNAPSHOT_VERIFIED,1c3070a97e47e7a2149b33d200aaaba152d2bbb68dc457bbcb19dfd5b4e134a1,1c3070a97e47e7a2149b33d200aaaba152d2bbb68dc457bbcb19dfd5b4e134a1,alchemy,infura,true,true,cases/ca2-59b9ab9a48493aa5ebce.json,ac135b2d36cf36d1cc040274bef7ea097d6447de049b0d10206db96674505cb9
ca2-61c7c0bc0fd854fd8541,dodo_flashloan,ethereum,b1e0b15bb48e0985597bcdcd09188d1d82646869d389757ec3df76680ffa25d2,cases/ca2-61c7c0bc0fd854fd8541.json,fe26093c7951523914fb155cd93cffaa4a6b4ea766947278d2248b85299af93b,true,HISTORICAL_SNAPSHOT_VERIFIED,155ebf6a7f2851739b968fba6d50a54d51575b23f929d1e43c78b406a2b0db17,155ebf6a7f2851739b968fba6d50a54d51575b23f929d1e43c78b406a2b0db17,alchemy,infura,true,true,cases/ca2-61c7c0bc0fd854fd8541.json,ab5a27373e38392a333a9e936d5d430cbfffd71a662b386f3ce4ddaad4d55b93
ca2-0d308a16f604ed495788,doughfina,ethereum,6c8c3f705d8de81a4723a165609b5230c61356e383aae9ca5b55bf5d64e05de8,cases/ca2-0d308a16f604ed495788.json,02e4d8107c59bd4b23eb921ffac0666d07382c8ac2ba05956c302563df395c53,true,HISTORICAL_SNAPSHOT_VERIFIED,10b9197247806dd6daecec2468afea72d97a36ee5c1c5eb2a84d35849582503e,10b9197247806dd6daecec2468afea72d97a36ee5c1c5eb2a84d35849582503e,alchemy,infura,true,true,cases/ca2-0d308a16f604ed495788.json,5d15e5bb400af4cb7a3ecee190cf1b6593cbac2db2bdeff316f9e6b56965069e
ca2-0aa20008e0303e8a5201,dpc,bsc,8ccb951dea1a520fca0d6174ba8ad7b6bff5dddaf38a3a9a0f0dca09bd94b961,cases/ca2-0aa20008e0303e8a5201.json,91f0aa3cb52d32af29ab2080baba9f35555c3b084afd59f3653019d494531bb5,true,HISTORICAL_SNAPSHOT_VERIFIED,022d592baa72452f820d7a8cc749c30bff45368ea2e791c748addb2366eb6438,022d592baa72452f820d7a8cc749c30bff45368ea2e791c748addb2366eb6438,alchemy,infura,true,true,cases/ca2-0aa20008e0303e8a5201.json,3aef60c493265c059837de96740adcea5c3054509d08a3a55b0965e46b7aefd6
ca2-9b3232b290b3e5a209ad,dualpools,bsc,6a3992e0eb208a49da759cc2a5116bc87000b816546880edab178793f2b75222,cases/ca2-9b3232b290b3e5a209ad.json,4b270c220ab47472c1dd7ae672b8d96d913d893eadad8c026cb98f2de90d7021,true,HISTORICAL_SNAPSHOT_VERIFIED,633619c89719f3ef428dedb33d77e551ce09f0c2fcf7e4fcde26895e2df4a6b0,dc50efe1434601496cd6d00afd567a578bb6aa5cadc8a85d2c7d85d8857ec248,alchemy,infura,true,true,cases/ca2-9b3232b290b3e5a209ad.json,5b8b99668dbef8482729cbeaf7850a7d328c6da28092cd7a907d8962c8da8845
ca2-d5206e281e59cc007b02,dyna,bsc,e93d853a6fbf738ae9518bf00095154484dd1d18ba1bbc3c827da0a4002e5946,cases/ca2-d5206e281e59cc007b02.json,eaacc8e488ccc162dfce84580c1bc3a46cb67183ff148f1a04d497c9db0e05ea,true,HISTORICAL_SNAPSHOT_VERIFIED,dd6993dc5effdcd386cb1758d5c4172f30051f3e8f174601ed852c4debcf355a,dd6993dc5effdcd386cb1758d5c4172f30051f3e8f174601ed852c4debcf355a,alchemy,infura,true,true,cases/ca2-d5206e281e59cc007b02.json,7211d9699ece26b5b2ac8f94432516b803c4bbc9acf8dd7d79971861548354e9
ca2-5e2d8f30a0d9b1dc548d,dyson_money,bsc,9bb361fe251f36e75628f77db19628b41b9a22323772831fb2bb17fed49a0f72,cases/ca2-5e2d8f30a0d9b1dc548d.json,e211ed4b1e7c526b507fdce7a4021e6b4b82ad6a7f6172047b4972505be336d3,true,HISTORICAL_SNAPSHOT_VERIFIED,6cdd619e1804f230e156b3ad3f390a5c0e36f5c326caceb1a4b8e6b31c0ea4a9,6cdd619e1804f230e156b3ad3f390a5c0e36f5c326caceb1a4b8e6b31c0ea4a9,alchemy,infura,true,true,cases/ca2-5e2d8f30a0d9b1dc548d.json,7223c915bdf015bd78473ff03395edb3e15be480d63c8520a6ae570c3171e701
ca2-e017525389c5fba3ce28,eac,bsc,3b81c5232d8dab8306d447dfb44fc940f3586a2c5300d48df66a597ef1c5700a,cases/ca2-e017525389c5fba3ce28.json,7a760507eed361ecd7384cd5b2fed9c28a53fca86a7cc9633c9a3f64530b591d,true,HISTORICAL_SNAPSHOT_VERIFIED,ee7c8547cbbcb7695a3d92eece37eb26da83b20d8d82d106ff505a5a67f011d9,680ec586a3e74e64565cd184042b21ac49f6e5bda4edb5eea5de5869fa3f63e3,alchemy,infura,true,true,cases/ca2-e017525389c5fba3ce28.json,a1ddc105517e3154f18c95dc3978e3f86bb22e346beb2704529e860b9a826b5b
ca2-a21e3c90faf447e22997,earningfram,ethereum,ca6998bc36f932cee3c88b827d568f53e4879a7be3fcbf37dc5a11bbdadf3c4d,cases/ca2-a21e3c90faf447e22997.json,27370417cc9585329f26d7427aae4744c0a62a4597d761780db81cdb31907696,true,HISTORICAL_SNAPSHOT_VERIFIED,cb59a95da70fc251a87523df57ef7bf453bb33d468211504f34330a98e01556a,cb59a95da70fc251a87523df57ef7bf453bb33d468211504f34330a98e01556a,alchemy,infura,true,true,cases/ca2-a21e3c90faf447e22997.json,9a978613594503b0538f44a818005186909fead666a9d3124b911ccc11bde8d7
ca2-5c189b8bf9f7db29dd4e,eflevervault,ethereum,d69f5be3f402a8abca851edd9f931af1b774498da61fe92ecb283ec4e64ce9c4,cases/ca2-5c189b8bf9f7db29dd4e.json,8134a6b43af8ff55d69150b42e79ce2c00701f2a04c88d3072e8ce92a32ad063,true,HISTORICAL_SNAPSHOT_VERIFIED,8fe5c9d2e32eb225201c0d300560038f2fd23220fa09f81eb2b7e78e602d9882,8fe5c9d2e32eb225201c0d300560038f2fd23220fa09f81eb2b7e78e602d9882,alchemy,infura,true,true,cases/ca2-5c189b8bf9f7db29dd4e.json,389909be96ba6b1e92ebed0852881249a06d222eb5275434dff4a043de29b31f
ca2-99c425ac31ee8abd76f2,efvault,ethereum,db004d946e2a6dc068ae8bc69da8c1d968a7faf5b568c5a48f0c25d18f111d73,cases/ca2-99c425ac31ee8abd76f2.json,85075cefdcc9c3803f676512819f78d710bb57de58ef87858f0527d6f17cd72c,true,HISTORICAL_SNAPSHOT_VERIFIED,15dae27b6643b18af1579768467bebc24eaf98ac0bb0065a313d5be38dd83794,15dae27b6643b18af1579768467bebc24eaf98ac0bb0065a313d5be38dd83794,alchemy,infura,true,true,cases/ca2-99c425ac31ee8abd76f2.json,12cf7d056ae10f8451ffb68ffc5c6c196d0376e506455f7354b233685497e3fe
ca2-29064c97bd3050d5cc0b,egd_finance,bsc,ece42c96550640619f82e3959532c678c2291c5697614d6c7bd03fae13e299e2,cases/ca2-29064c97bd3050d5cc0b.json,c1cf7cf51910cc59a9b7b46d838d833c9f7b359a8881b7bbb12b9835b841e33d,true,HISTORICAL_SNAPSHOT_VERIFIED,15dae27b6643b18af1579768467bebc24eaf98ac0bb0065a313d5be38dd83794,15dae27b6643b18af1579768467bebc24eaf98ac0bb0065a313d5be38dd83794,alchemy,infura,true,true,cases/ca2-29064c97bd3050d5cc0b.json,f411d06b953efa7f11b7e9c59a0a29593874b351c629a05f63117720e81f9157
ca2-82c63f4f3f31559be9a8,ehive,ethereum,92a6d258382c1d49ab7fadbc6ee2cd38a33ecd3ecc0b235b10d47e32ae568dd0,cases/ca2-82c63f4f3f31559be9a8.json,3133dcd1f287937e7dfdeed5fc10636143bd804d357b726a157a13d0c6f7a835,true,HISTORICAL_SNAPSHOT_VERIFIED,cb1f7502660d71e4017b6982a1c88f538e6bc53a77c969da1a9f2233b7723b37,cb1f7502660d71e4017b6982a1c88f538e6bc53a77c969da1a9f2233b7723b37,alchemy,infura,true,true,cases/ca2-82c63f4f3f31559be9a8.json,0bbacc26c19707895673916001834d4518b3a624d9959f84e9522a51317e7ad0
ca2-14bd5d42e2f704e2cc65,ehx,bsc,7b63df222ffc8da2ff050ca6138150a1b33245972091850aaabdb047cc558f96,cases/ca2-14bd5d42e2f704e2cc65.json,b4a510580a7bf0d6ddb6b7104555af842867167c99f451bdc2f1e127bb9d2add,true,HISTORICAL_SNAPSHOT_VERIFIED,02de00320ebad936337f18236744fa368023aea6d6042f79f30509cac39807e7,5ef27066b4ce648bcf5b5d030588e087352d8adff1c0351b3d6b5c69131d51b7,alchemy,infura,true,true,cases/ca2-14bd5d42e2f704e2cc65.json,f8afaa80c7ad2debdb69d3b6c50ace731e9263e9faaf570a021d79d929c9fab6
ca2-411b50fea47298d98579,eleven,bsc,96bd1c15bb9eac54558d4cc0b1efb4a375efe74445640b9d39489b03e1a83b46,cases/ca2-411b50fea47298d98579.json,5f9dff07d9390d62512df618c3bbe3b152108f4b8ba330bf26d7ca61f1f1d5ae,true,HISTORICAL_SNAPSHOT_VERIFIED,4ffe041380fdd909895d16d15db5f12a50267a10b66646105f9dd45889a07f9c,4ffe041380fdd909895d16d15db5f12a50267a10b66646105f9dd45889a07f9c,alchemy,infura,true,true,cases/ca2-411b50fea47298d98579.json,28c758fb999a6eb28f104d2305d1b34c944f5e26c610d50d089f4e1876156c4d
ca2-2f764ff5c7c146ad35b3,erc20tokenbank,ethereum,9b61c4ad3c169dd86d62978e41be4473fc5b2e45beadb66a647fc08e7fe7b04b,cases/ca2-2f764ff5c7c146ad35b3.json,980c76ae349fd0dfe4cf43e4ae7f78b1ae0d23eee155084986501ed810a595cb,true,HISTORICAL_SNAPSHOT_VERIFIED,2c2580591b11d5a2d05c06ec68ca87522a11da4aecbd618dc9a122ac36861b19,2c2580591b11d5a2d05c06ec68ca87522a11da4aecbd618dc9a122ac36861b19,alchemy,infura,true,true,cases/ca2-2f764ff5c7c146ad35b3.json,aae38bb8084930e0ae130cbd98858b72a4c87d521503074141486ba65a43c88a
ca2-6829820c6abb9fe3a566,est,bsc,b62d07c04bbe9aff6f781b639eb7e28bf416ccd048067b8644f4659ef986c5df,cases/ca2-6829820c6abb9fe3a566.json,f263c599bf1d247ca6b7d95c8790b6eeb3b32a7354714ec2698176d2206c5e7f,true,HISTORICAL_SNAPSHOT_VERIFIED,b8fbb01b36300627313024c277fe8a40e605bb30d2623ae8e78a0cfaaad22b45,b8fbb01b36300627313024c277fe8a40e605bb30d2623ae8e78a0cfaaad22b45,alchemy,infura,true,true,cases/ca2-6829820c6abb9fe3a566.json,9aa46953c11818ff68a1128810ff2cc4e3e8a0549ee4c349a0853eefd5ca7f54
ca2-9b437de06c56cc873e8a,ethfin,bsc,9363f18a251069ddd91bcedb55cfca4e57a3dbe197f4e4566c39c6e1e46ab7fe,cases/ca2-9b437de06c56cc873e8a.json,d9684e9e2bc518210e67bf2d1de15c32d025cdd2cb93e10d46282202bf434094,true,HISTORICAL_SNAPSHOT_VERIFIED,a2ec4ea3e29587226d5619ba42fdca2b16bdd432f775b16df05d50797d589d18,12aa7a30557cbf45ae631c677b9e4d21346590eb2a6b12b2452f5b76091ba02c,alchemy,infura,true,true,cases/ca2-9b437de06c56cc873e8a.json,19e7afcfed90bf2a817f46525a2012fd9c911ece8200a58a6b92cc0ca22adff2
ca2-2d415ee24d090e5e26dc,etnproduct,bsc,eb72e32342e63de1a38b176ab350c653e750ce40645e5fa1c5d2b2baea75f15c,cases/ca2-2d415ee24d090e5e26dc.json,dcd6cf72aa7c59b1415c9a3e063b5c96dd37c25123abe66837f672c0bcb6f3cd,true,HISTORICAL_SNAPSHOT_VERIFIED,cc128c91ac89148c5ebe030dcf7df10f06c3aa0bd80ddaae7c63f7ee66b7cd4f,cc128c91ac89148c5ebe030dcf7df10f06c3aa0bd80ddaae7c63f7ee66b7cd4f,alchemy,infura,true,true,cases/ca2-2d415ee24d090e5e26dc.json,106f2007a3c4b9d60ccebc1f943b9c576edac47afcc5cf1106f53d3fdccdd7f1
ca2-3503e03a9a7fd4a87fe3,excommunity,bsc,fc2affe5a3d8d09e0ffd327eac01d615354977f25c043ecd072c91f2e2aed66b,cases/ca2-3503e03a9a7fd4a87fe3.json,4183c1447255e46cb6e9290cd5f4486668b86998fcdb0c0a3ef02180866cf6d5,true,HISTORICAL_SNAPSHOT_VERIFIED,88533a5c23b47d88c2c5040543d35acd298e739a6fbeda86f0de27a55a1bd077,88533a5c23b47d88c2c5040543d35acd298e739a6fbeda86f0de27a55a1bd077,alchemy,infura,true,true,cases/ca2-3503e03a9a7fd4a87fe3.json,4d81cf55515b115c4ddbf6c67c4e8168626f609a14b7c8bed3d28d1979e712e0
ca2-6d220be49d90b51ca6fd,fdp,bsc,d8c34c8cbfa6c5915f9ea1300df23b0db6c268ede5c5c5cc358d97d052be0aca,cases/ca2-6d220be49d90b51ca6fd.json,6a6c8d1d64d7983b2582a5293e9b65b47f4dbb25dcb435d50160745a560f4cfa,true,HISTORICAL_SNAPSHOT_VERIFIED,168146668764d733c175e0ab380d882af124b594c6288699e8f95e976000c9fd,4434c59afcc3f55a3be16b04ca46a0744ba63a2fb12febe434d34d5fc57e8f8b,alchemy,infura,true,true,cases/ca2-6d220be49d90b51ca6fd.json,ac358e107856200c48906779ed2901ce68ad40098944cf9446392453fc733bb1
ca2-5d29f9c5eb314dcba612,ffist,bsc,2513db7b586ca110fb5777ff5c366379552707abd92368038c573428cd47306d,cases/ca2-5d29f9c5eb314dcba612.json,b09594c59082fc3e4a484117cc87e56e5b97bb2b28648c4bf3dee2a07e1f7f3c,true,HISTORICAL_SNAPSHOT_VERIFIED,034624af5812a52278bda4be08c077f4bb82133ec125039d7a7de98a58f4a73b,034624af5812a52278bda4be08c077f4bb82133ec125039d7a7de98a58f4a73b,alchemy,infura,true,true,cases/ca2-5d29f9c5eb314dcba612.json,77d1c740554abfe6649c2b57a08477ee18d4df06bd2fdc850a6bd5f260874c75
ca2-81ae1f51e833bf23db49,floordao,ethereum,9e279547e6ed81cb569055aaf7c7e1ab81759df1f353acffb86c669dfc2636f3,cases/ca2-81ae1f51e833bf23db49.json,6a7c8d4c24f6f70f96e18be17b7a73cd862c5b082131e4d349903db7a676df48,true,HISTORICAL_SNAPSHOT_VERIFIED,aed961b6f6ac1946c44ead953383d364c0975a2ef77da883451793c036a7a277,aed961b6f6ac1946c44ead953383d364c0975a2ef77da883451793c036a7a277,alchemy,infura,true,true,cases/ca2-81ae1f51e833bf23db49.json,cb80fb584d98f82366c6b63df562aebc907f9420449852db5c9cbb3b333dc7e1
ca2-a03b0bc9fabb86e707cb,floorprotocol,ethereum,1e9e64b3e2961a1c17a603e87174b77f7905376a78eb1d87f232d7adad5aa301,cases/ca2-a03b0bc9fabb86e707cb.json,0a0aa622769ce7250e01c04cf9887273072629a8406cb2d532898092235d9195,true,HISTORICAL_SNAPSHOT_VERIFIED,24d7e930f480f068f8a3a15c84523c64720f56eab31b3deee08047aba38c9825,24d7e930f480f068f8a3a15c84523c64720f56eab31b3deee08047aba38c9825,alchemy,infura,true,true,cases/ca2-a03b0bc9fabb86e707cb.json,c4587648458da88f9f56690937d7c6bfa3c05f02f7d6919c278d754e02bc52e3
ca2-8a1aed9c839187cc890c,fpc,bsc,cc16c2edd8b06239a3e0018a53deb639bdb6d27e464da2cfdc67b0104eac30e2,cases/ca2-8a1aed9c839187cc890c.json,0e4e2d7819bb65f0207046bcb43c6083fea1dc0294a222c35aefed70bd571fe5,true,HISTORICAL_SNAPSHOT_VERIFIED,097f88a5d5a5b0574425314b82c98e4932bed1f73c00d4c9aca5091d8fd32b00,097f88a5d5a5b0574425314b82c98e4932bed1f73c00d4c9aca5091d8fd32b00,alchemy,infura,true,true,cases/ca2-8a1aed9c839187cc890c.json,ce5d14b379923be7a082135fadae4a690cd388851380c1f4e7298d764328d790
ca2-40ca8a9aca77ecfbfe71,futureswap,arbitrum,180ef1a7272baaf34c0027bc41f2d9d9496d7d50f7b16be5b02593e13fa121c9,cases/ca2-40ca8a9aca77ecfbfe71.json,494ecd70c9805cc6dc88c412363e766b40fdfba2f33fc9d7dfb17ebf8f07edef,true,HISTORICAL_SNAPSHOT_VERIFIED,0fd1f2e0934f3720d9aadc972214e05c156b36108bf306be8e5cc750c88d887e,0fd1f2e0934f3720d9aadc972214e05c156b36108bf306be8e5cc750c88d887e,alchemy,infura,true,true,cases/ca2-40ca8a9aca77ecfbfe71.json,8d50710187e7a95356c75922fa28fb12d236d3d97fc4bcec40f8af127d5dbff5
ca2-7a01249aabcf9ab600cc,gain,ethereum,d0d7e6ae4717e9433f9fec222a02cfb5ce8cc22d8274207e02fd43862c124530,cases/ca2-7a01249aabcf9ab600cc.json,a26f35dff843916f9f348f992a1f77b3a1a3bcc03d016d4aaa2f178d6cba76df,true,HISTORICAL_SNAPSHOT_VERIFIED,d8659637e1cc301807b99cb4a9cb725c45bfa99180c795c1343faabf754bd77b,d8659637e1cc301807b99cb4a9cb725c45bfa99180c795c1343faabf754bd77b,alchemy,infura,true,true,cases/ca2-7a01249aabcf9ab600cc.json,99e493b82f7bb02b128b2b0e0bf8651646452105783f65828611000b35f3bd18
ca2-a5e7a267cfa0aa860481,gangsterfinance,bsc,7c3ea4a2fbe11616ae1223296209acdb5e4a462eb57912d6d6128c794f2ef548,cases/ca2-a5e7a267cfa0aa860481.json,b31a79ff201565e659f04fe8f6a773c11aa702ff89139f16994a99aa1fc25290,true,HISTORICAL_SNAPSHOT_VERIFIED,6b8b8258e2fb5c43a6081491a4f0f8334f0aa02a944ab3fc90822e54975b7c5b,6b8b8258e2fb5c43a6081491a4f0f8334f0aa02a944ab3fc90822e54975b7c5b,alchemy,infura,true,true,cases/ca2-a5e7a267cfa0aa860481.json,51f3178121bdcc968d92f0d2a7cf2c19efc200ddbc5760dd2fda7a71a27c1231
ca2-21e1af0751214952c72b,gds,bsc,c7249852587c3073177ebc5abc07af8b31406996c5bff131302a1f141163642c,cases/ca2-21e1af0751214952c72b.json,dabba8d42185d4f0b0fcb6a896904354b42297a8ab7c0eb8e1138c4bfca82181,true,HISTORICAL_SNAPSHOT_VERIFIED,72b43706f9a79c27496b52711d1fae99a03061eccd5200c35ce1acb5868bd69f,72b43706f9a79c27496b52711d1fae99a03061eccd5200c35ce1acb5868bd69f,alchemy,infura,true,true,cases/ca2-21e1af0751214952c72b.json,62a096c7dd19d09c2a5a9488be98eeabd4d550298994ec3d95eac093e1a0f67b
ca2-40ac2c3e107d3d88709a,goodcompound,ethereum,d400beed2b7c7e96ef9cb0fd715100af69cc3f0af8ac02024d77cc502792247b,cases/ca2-40ac2c3e107d3d88709a.json,596a7d99328d357b446503366ea94b90d49c6d6534224ca394abfbe7c1422962,true,HISTORICAL_SNAPSHOT_VERIFIED,b7c8726ba832ba535287a4472d7314b5dbaf3530a0fd45925e0f208ee69ee702,b7c8726ba832ba535287a4472d7314b5dbaf3530a0fd45925e0f208ee69ee702,alchemy,infura,true,true,cases/ca2-40ac2c3e107d3d88709a.json,af089a28d24b9b7b982d8d93b168fd77991c4b099b4d04df926f961359793259
ca2-77cd38b96a68c54afe71,gooddollar,ethereum,01728448a3bda5f00d76fe7ad439ea7fa10b76f432e5418514ae96cfbc289cba,cases/ca2-77cd38b96a68c54afe71.json,15f432c058b3b04689d6e4dbe0719aa3c57a03d804d425ddad12a49427f87929,true,HISTORICAL_SNAPSHOT_VERIFIED,7e93e3e20a1ef8c9bed20e1334da39023f86dea8f7ffbb1ecdbceb05b9054ebd,7e93e3e20a1ef8c9bed20e1334da39023f86dea8f7ffbb1ecdbceb05b9054ebd,alchemy,infura,true,true,cases/ca2-77cd38b96a68c54afe71.json,78199e64da4b3d751ffb17b194286f1dd687ea80ba0f80328c9d3f94c82481cf
ca2-ce552f38ab8199ed551d,grizzifi,bsc,986d4f9432cc5c2e626ba66c3b6c48fc77df7cf9836a8e451f5934db173c59d1,cases/ca2-ce552f38ab8199ed551d.json,a416f87e7046693a1b0c1696196bfaad1ef6c11cfd919df336a4f871442127a0,true,HISTORICAL_SNAPSHOT_VERIFIED,80a899980faf8c9453f0f3cc72aee5a85dff40b8cdb419e9aa6b3bc04bc08d35,05467750173b24d242adecd835303cc30802151693ce38be21aebde4a1b44713,alchemy,infura,true,true,cases/ca2-ce552f38ab8199ed551d.json,59bb38309caec48bd1fc3644bb334f5d42be3249e80f8e4b822f7d4c8ed883c6
ca2-e095e5dbb9687595e5ee,grok,ethereum,9fea0d6658a445e78a6df8ba4ee62f8e9b4a191ae9e751c87f90a050b5310107,cases/ca2-e095e5dbb9687595e5ee.json,a1dde63cb95249f2236214ee7687ea6801fc6eda9ae97b292ddf364bed6b2742,true,HISTORICAL_SNAPSHOT_VERIFIED,877952f435c61125b47cd6e21f9b39e08f5e51eb10ed61a9059068e71bf1c0a7,877952f435c61125b47cd6e21f9b39e08f5e51eb10ed61a9059068e71bf1c0a7,alchemy,infura,true,true,cases/ca2-e095e5dbb9687595e5ee.json,8dcaa37d15c84e4b0de5ee539a5298ffc87710040c9df4b55de99dab75b02444
ca2-2c7f349f1a1765272f4b,gym_1,bsc,02c4c6cd3e08c0ab8ea8c60dabce8d99b93f68cb203d56071fd1c82a5ee1433e,cases/ca2-2c7f349f1a1765272f4b.json,f6ad8a0ed28548dfa141f8e74fe89c24e55954334edb055b1013fe96a95fbfde,true,HISTORICAL_SNAPSHOT_VERIFIED,db7390cf76ddbdc1b057dcace675d03fe272ac49ed5d6165b11582b462d7ee57,610086cff53d4dbfa09ad607bfccdf8a440e7176ff0c7c33fd50c6e70b33180e,alchemy,infura,true,true,cases/ca2-2c7f349f1a1765272f4b.json,9203142d541e20c8a330e0c3c5a1b64e6e8298a066ba4367f418996f5a260fa1
ca2-a20ccf47b4d8c4cfab79,gym_2,bsc,085c25f1da2bed0e4a3f30e89bf97bf3cff9c55842d8559481d25800bb0592e6,cases/ca2-a20ccf47b4d8c4cfab79.json,2d845d16aa28b1191159ff367b8806f71b3b2d87cc3d45ad0ff56326ebe1487e,true,HISTORICAL_SNAPSHOT_VERIFIED,15dae27b6643b18af1579768467bebc24eaf98ac0bb0065a313d5be38dd83794,15dae27b6643b18af1579768467bebc24eaf98ac0bb0065a313d5be38dd83794,alchemy,infura,true,true,cases/ca2-a20ccf47b4d8c4cfab79.json,01602b3598c151d2f85078a22025734a6bfb728e914a00e733f86716441377ef
ca2-62fc7b9b9ac57e1b7351,gymnet,bsc,c24c34a83ffa2cf68e966d33f17af4a43474e101ef25ed6a8832c25a672160fb,cases/ca2-62fc7b9b9ac57e1b7351.json,eef2e4bbffcc68f1eb216c11d5524bce0efb81c1e947d1839a1f226089c12850,true,HISTORICAL_SNAPSHOT_VERIFIED,15dae27b6643b18af1579768467bebc24eaf98ac0bb0065a313d5be38dd83794,15dae27b6643b18af1579768467bebc24eaf98ac0bb0065a313d5be38dd83794,alchemy,infura,true,true,cases/ca2-62fc7b9b9ac57e1b7351.json,b46d1f790716176f0cef2fcce507029ba208892c66a7d1ebef4ccb4cff2c10af
ca2-36def0144d519bbc5d86,hackdao,bsc,f7913732273ac07c9630d7d740f6971f175521adf8aba27984e937a0bb73a562,cases/ca2-36def0144d519bbc5d86.json,1da2688d8f90c373bf5aec40ade64eb4f2ef338d2473fe60eb41ca7e3c1eaa9b,true,HISTORICAL_SNAPSHOT_VERIFIED,8f4c07f1e5f63033ce1c4b01f8b7ce2bc8a99699a3da740de825c46fb17e3440,8f4c07f1e5f63033ce1c4b01f8b7ce2bc8a99699a3da740de825c46fb17e3440,alchemy,infura,true,true,cases/ca2-36def0144d519bbc5d86.json,fc005665f0c690ae0b51a768d37dceead30f48a9fc5d9752a875de9db1344f30
ca2-03a929a60d6ca387d4bb,harvestfinance,ethereum,048fc59db8f61afcbdeaa3b0ed30a4d5421e8e44ae5c0207dcd6c6d76c4dce7a,cases/ca2-03a929a60d6ca387d4bb.json,3966ef2f977f7cd69209ae5905b04fe56cad3674cc125f938dea2928ee28098e,true,HISTORICAL_SNAPSHOT_VERIFIED,266c1d37ec41c807b4f16b5d1263495db653875ae341b9c4630096f7c5edf424,266c1d37ec41c807b4f16b5d1263495db653875ae341b9c4630096f7c5edf424,alchemy,infura,true,true,cases/ca2-03a929a60d6ca387d4bb.json,75ba7b0c1de6aa5065d867da10a5dc62f3768461def9af0c8bdbb153c6de1a30
ca2-573d346bb7ac970e759a,hct,bsc,b97d8044794888ce0f33a3fa0d678fd2e1ef7e6006c18f677d7982f85ec25616,cases/ca2-573d346bb7ac970e759a.json,bb2b001ee67e46e5b6588bedd639a72aba7de4ff939ad903fa2f8622fed3daf8,true,HISTORICAL_SNAPSHOT_VERIFIED,4e80e96c4422b29cf75a0599b4f96d93b5e068d1612aa2670c64729a7430ff75,4e80e96c4422b29cf75a0599b4f96d93b5e068d1612aa2670c64729a7430ff75,alchemy,infura,true,true,cases/ca2-573d346bb7ac970e759a.json,8877e010c30ff96e77a6febdfea6bb21aa94cb1c12d2bd573481d9304df32459
ca2-024816e85dcbd941c181,health,bsc,acac0f6eaa9acf95c333377555b2e9dbec1a8a20d8ec2a47536c280e6576d391,cases/ca2-024816e85dcbd941c181.json,dbfa4f2e3c78be7f966e4ab4d3f3bdae1b42e8d63a2b8e92060dc444e2fff847,true,HISTORICAL_SNAPSHOT_VERIFIED,c2457a5665fcbb7b8a7ddb8511f39342d0d28a9b832ef2a0ead30fbed02011b1,c2457a5665fcbb7b8a7ddb8511f39342d0d28a9b832ef2a0ead30fbed02011b1,alchemy,infura,true,true,cases/ca2-024816e85dcbd941c181.json,8bef0e49d5af283490c31dd4e20e72dd4acc5cdb11e969c1e6019b4b92924dd3
ca2-0214cb74200856148943,heavensgate,ethereum,8f9fd71a98f2a5efe0f877fbbd8218560451d66732370d10a0ebf5b329173b39,cases/ca2-0214cb74200856148943.json,370a400f776c585cf6de2751706a2b4020fd45c859bcfd6f3a1c0909080b8561,true,HISTORICAL_SNAPSHOT_VERIFIED,187fcf84c0ed855aad034fbe4953b1fb881a9fa9b8611679dfa86ce2d8a4a0d5,187fcf84c0ed855aad034fbe4953b1fb881a9fa9b8611679dfa86ce2d8a4a0d5,alchemy,infura,true,true,cases/ca2-0214cb74200856148943.json,a6b2e58a4aa19fdd9ff3dc4f790e05c12953e3dedf576980aea6de8f5bd3c3db
ca2-4e64c62c912196653625,hedgeyfinance,ethereum,73c4726c8fc459acf7c9b2a4dcbc0fda887fc55c36f6a5b4c4e7b289c6dbcd3a,cases/ca2-4e64c62c912196653625.json,3ebfecf64695186450a60bb7fec243ff9a100cbb8fb4d1943aab8634beabcbc1,true,HISTORICAL_SNAPSHOT_VERIFIED,b0c059df712302b1b89ca0eb4eb9e8526551b0c4f26baff11802d4e856ff9808,b0c059df712302b1b89ca0eb4eb9e8526551b0c4f26baff11802d4e856ff9808,alchemy,infura,true,true,cases/ca2-4e64c62c912196653625.json,7865ec266b7fbf017a1485fae0e25d408cf92bef018a8c8da756120a967cc027
ca2-4d6568a7691d786971d0,hegic_options,ethereum,761d57122ecce2b0c17e19a6b094ac489f16c00f644d94fd4de4bf2f70706ccc,cases/ca2-4d6568a7691d786971d0.json,a671f2ddb44962d37116d40ded2f2af5d21873f275307a3ad6f2266d23cf5efa,true,HISTORICAL_SNAPSHOT_VERIFIED,2ba5779181725e9303ebf681b256ba9c7dad338c43f7aa77d44b2df511b67586,2ba5779181725e9303ebf681b256ba9c7dad338c43f7aa77d44b2df511b67586,alchemy,infura,true,true,cases/ca2-4d6568a7691d786971d0.json,b340b13396500b1f13a3c2885aa2f14f26b85eda6448e966565814aa69c3152a
ca2-ba88d4267adf9e3ccd48,hexotic,ethereum,3ba7b7ed64986a659d60c8977bd9e1e9e97b12c4493080ed448c3262732580ba,cases/ca2-ba88d4267adf9e3ccd48.json,a72a47e353307d5131100ee1b5d520dd5dad693de2de8764a5c1abf1e64c99f0,true,HISTORICAL_SNAPSHOT_VERIFIED,c5c028ec07cfa7a98ef6c1936bd743a75ab98a89b0d08a83f31a6604826f1d84,c5c028ec07cfa7a98ef6c1936bd743a75ab98a89b0d08a83f31a6604826f1d84,alchemy,infura,true,true,cases/ca2-ba88d4267adf9e3ccd48.json,de58a31ffe983704a8be983eb23cbcb10d23cc97dc3dd392b929bf727fe973fa
ca2-347a5ac7c8586f3866c1,hodlcapital,ethereum,9115585a84a19bf58d6e7ee476d099420868a0c7a3a1267e292084ab4a43f889,cases/ca2-347a5ac7c8586f3866c1.json,ee89f4a3af05efd13f8071bf3aa080d8cd6e32fdfb8f50e58612dbdb35899ffd,true,HISTORICAL_SNAPSHOT_VERIFIED,0ec57748cf90b0681f8948d85cbcc3d409fc06b70594dd70cb2e412c17059615,0ec57748cf90b0681f8948d85cbcc3d409fc06b70594dd70cb2e412c17059615,alchemy,infura,true,true,cases/ca2-347a5ac7c8586f3866c1.json,d3247385ad2405a229af0233137bd54edbeb993d88cc1c47aa07999ede573d19
ca2-6e5acd680aa3d14315b9,hopelend,ethereum,b0b9d1f0105e560ce6a8fdf9682566459613c13bf24719d04d54c68bfc2e9edb,cases/ca2-6e5acd680aa3d14315b9.json,ba5cfee628b1af71e4eada01f002d3918191795708a0b00f055a0ce15f367b64,true,HISTORICAL_SNAPSHOT_VERIFIED,42f9e4cd0f0baacbf6ba919f91798b204f03fd26738a8458a4860da067ae5115,42f9e4cd0f0baacbf6ba919f91798b204f03fd26738a8458a4860da067ae5115,alchemy,infura,true,true,cases/ca2-6e5acd680aa3d14315b9.json,a1a67986b1c4e7b1de5b4e66e4a535d5d2ccae8feb012d0025e1b224ea343e2e
ca2-196bde1bc084a841e794,hydt,bsc,625f597371be33fcebf2f346858b00d5209ebf9d19ba6d560a673d93287e39af,cases/ca2-196bde1bc084a841e794.json,422adaa6252796db4ee604e4c0c0b03a6a02ae81253a18b43c69d796f196d50a,true,HISTORICAL_SNAPSHOT_VERIFIED,33da876fa1c93951f1d4890ee8ebda84e6f9e2d20b86d36f2e4bbea8eade7711,33153239757d97d81974755a0374d4fb34295f0bed0cd199a4423bd0c780f63c,alchemy,infura,true,true,cases/ca2-196bde1bc084a841e794.json,388de048e899a9217999a42d31a2062022f8d2f5f7b249a21501dd46dadd9215
ca2-f52d9b4393b86654cabd,hypr,ethereum,3cc99f2d91caa64b15e19ddf94e60f3be908bf293af3e1d081cf428065d4467f,cases/ca2-f52d9b4393b86654cabd.json,5a3c99d0865dbf6b5bdb6a97187b0a2b6b4d860d63e9b54b9bce1ecb0d6784b8,true,HISTORICAL_SNAPSHOT_VERIFIED,f7769911d8c1123b24999ffaf75a173a00916ddf057904267583940bd33dc61c,f7769911d8c1123b24999ffaf75a173a00916ddf057904267583940bd33dc61c,alchemy,infura,true,true,cases/ca2-f52d9b4393b86654cabd.json,3a50a1dc29efff5c239a46b1d40fe3de911b0e6936e35000a1200cb496e16cbf
ca2-5675dfa92c14429a4b9f,idols_nft,ethereum,45e9fd2beb0ab0d1821cd902fedefb0123cc03246e1859729f9f18fe0614f484,cases/ca2-5675dfa92c14429a4b9f.json,ddd4330c838518583cca65e5409a9230ba611b28b9054c51345bfc90fe88995d,true,HISTORICAL_SNAPSHOT_VERIFIED,fcd5c6e10861e138af63056ee7216772156907d4f8e1045c2fcc161bc31944ea,fcd5c6e10861e138af63056ee7216772156907d4f8e1045c2fcc161bc31944ea,alchemy,infura,true,true,cases/ca2-5675dfa92c14429a4b9f.json,d40feb13a7927454a73da2eedde05c1721e28ef08a94d612452a05f1a168e40a
ca2-42413804b9b826875275,incufi,bsc,d89c9e89d6728a297d39f3cfc3d4279ce73d096630b00823f36971b42fd1de19,cases/ca2-42413804b9b826875275.json,bc49dd81cd839a6fd9a601dcd77ae219c3759557da0f1727882d8fcc56e4aab0,true,HISTORICAL_SNAPSHOT_VERIFIED,04a51ead2f4ee3bfa3138a488fdc6045c04f719ed66358533836517fff31073b,76f0397d1c11cd780b397c00111d5d0bc4474c9def293fda301779c56d79af98,alchemy,infura,true,true,cases/ca2-42413804b9b826875275.json,b22994eb6a1116bdb4a464f6e3afbcc9228e59ec95e8bb9ce350e59f193d6a03
ca2-9f5117e07b7b2d16ed22,indexedfinance,ethereum,4651580272943a10526e934b72c3c8f2f00d6e95787c5e4413a4f212f392a365,cases/ca2-9f5117e07b7b2d16ed22.json,72aceddb1fd5f03c0baa4191cec1b641f7d4231c805550466c548847293ddc98,true,HISTORICAL_SNAPSHOT_VERIFIED,9cf7d13e536284caf2196b286dfb4de8143415f8fe2ca9bdd03d71ba74784f07,9cf7d13e536284caf2196b286dfb4de8143415f8fe2ca9bdd03d71ba74784f07,alchemy,infura,true,true,cases/ca2-9f5117e07b7b2d16ed22.json,dcbcf1abbaa974938066dc0c0f81ff53e390fe43466acdace6197b92e99d7316
ca2-7741e8a9a71601f098a4,inuko,bsc,771d176f1366f24ae63ce4913e51a395ad0726b402f6089ba0d57ff4f5be8680,cases/ca2-7741e8a9a71601f098a4.json,2600ff651ae83d1193223bcee4663d243d20ad6959772356c620904fb9c8a821,true,HISTORICAL_SNAPSHOT_VERIFIED,c9bdf99d5f831f008a950a161281c7f76cca236fa2a095e6bf13c9156759ff76,c9bdf99d5f831f008a950a161281c7f76cca236fa2a095e6bf13c9156759ff76,alchemy,infura,true,true,cases/ca2-7741e8a9a71601f098a4.json,1731bba4232b47fd524a37ae8fe57350669477615d062f658e9738e86a29f9d5
ca2-de6d0211681a69ea1f52,inversefinance,ethereum,4c6328028bc47ba798ea44342cd1047f2b8b9c9976dfce8f3404234388f488a9,cases/ca2-de6d0211681a69ea1f52.json,b2f9817359450cc76c6f1c482f633ad2a1d87cb0f84d02b8f467e357267354d9,true,HISTORICAL_SNAPSHOT_VERIFIED,dab9df4f0d30b256533554274e5d97fb6635373a64ed9e4624387105364f25c1,dab9df4f0d30b256533554274e5d97fb6635373a64ed9e4624387105364f25c1,alchemy,infura,true,true,cases/ca2-de6d0211681a69ea1f52.json,464a55720a00d8d684356b4c7351dde3e4b1f22b04d117995d33e057bda0dce1
ca2-dc0f5864cf0c7c7db3d8,ipc,bsc,48c2644b67b35636ce87ce746b7e625a358fb455f0efc3b66a139a14f1dd8af4,cases/ca2-dc0f5864cf0c7c7db3d8.json,2f7d17b6ace8a05e9799ea76d09243e2a00e8c7d1691011fb3db84f894972942,true,HISTORICAL_SNAPSHOT_VERIFIED,bc14f4bb992d4eff454f619d240ce6382c8154d168431b0fb3457fa3551423dc,bc14f4bb992d4eff454f619d240ce6382c8154d168431b0fb3457fa3551423dc,alchemy,infura,true,true,cases/ca2-dc0f5864cf0c7c7db3d8.json,b25a0727f8a473e4f26a7132e7d30665ee3498b1389a89ad330aa98080776b3b
ca2-5293bf48f2bcc29baaff,it,bsc,af3e86661c0608c78da33a1d6d282fbcf303a580c7c026161660cf870a7e12ae,cases/ca2-5293bf48f2bcc29baaff.json,67ff1df28318cb697ad87960c7876c89001b781fe8fa5cf5be986579216bb4a4,true,HISTORICAL_SNAPSHOT_VERIFIED,053f0bb9e8b64df5a799f5c86ff879f3405c1ebcca6e6b5df7e5a2e489801927,053f0bb9e8b64df5a799f5c86ff879f3405c1ebcca6e6b5df7e5a2e489801927,alchemy,infura,true,true,cases/ca2-5293bf48f2bcc29baaff.json,b36e9fdbc2536a2f684c7865643ab70463b0bfc622f248185b2c1e9d83e23d42
ca2-00003c2c7afe8e9ef32d,ivestdao,bsc,1bd3ffb4e1e08836a5921158a5adfaf30558f67e51bf5abcf9c89e0125655e02,cases/ca2-00003c2c7afe8e9ef32d.json,682df4513eb9f7c92feb62b32f5cfa1dd9ccdb5be4cfc6e7ba962b1683fd279d,true,HISTORICAL_SNAPSHOT_VERIFIED,aebfc51c036283bdbf3d3daa7e8334fcbd09906ab6083d62bf0bb1d2877c4930,aebfc51c036283bdbf3d3daa7e8334fcbd09906ab6083d62bf0bb1d2877c4930,alchemy,infura,true,true,cases/ca2-00003c2c7afe8e9ef32d.json,7be03a6c11f989d1237ae451ac21fc7a753b258b5eaccfd8acb58ae98c2fd66d
ca2-bc3880c8e3766b6a9ca4,j_pulsepot,bsc,d9cc193dc7be11140a21c2f59ae58249269b015637ae39fb360bd3655c7b3a99,cases/ca2-bc3880c8e3766b6a9ca4.json,f7984d975cfff08cc1f4a0e93dd06c729d3bb27860bb142b686c4f66fe5e6667,true,HISTORICAL_SNAPSHOT_VERIFIED,c7bb88b1ccf61feef8d2aec93751a0be1267427f7d75cacc268fc04f499661af,c7bb88b1ccf61feef8d2aec93751a0be1267427f7d75cacc268fc04f499661af,alchemy,infura,true,true,cases/ca2-bc3880c8e3766b6a9ca4.json,610613731a06a4386beeeb9f7261d603d37aa87f93ca3e23c7faec395a6c7102
ca2-3d7964746397bc97e185,jay,ethereum,d37c5582176f98e8f1de0133cb4e7b48785955fa917939d8074ea79df07813f0,cases/ca2-3d7964746397bc97e185.json,8e57cd2cf77dd7bb30b4783f94079dcab75d74c3888b0c84acfc8f16f35b33bd,true,HISTORICAL_SNAPSHOT_VERIFIED,2336cc49fc7e749facba0359bfc3da7ff5960060e55bbad5636cd8ef7ab18d41,2336cc49fc7e749facba0359bfc3da7ff5960060e55bbad5636cd8ef7ab18d41,alchemy,infura,true,true,cases/ca2-3d7964746397bc97e185.json,2810cd19c361826bdff5f75b34ceb9da60ddad8cf5b7620b8b6558f081880cf4
ca2-eaf1e84be2ca5fa8830a,jokinthebox,ethereum,e3c21ff406af9071d2e9a1bc5b986dbd1978744c3442de24485169c807855c03,cases/ca2-eaf1e84be2ca5fa8830a.json,adcb442833eb2d9ec1d624d3eae145afd7c875237dac7941b9560e6b5295211e,true,HISTORICAL_SNAPSHOT_VERIFIED,d1638ae79c84baadb2b1349a942288b00b3a3396b019ae9170d0bdf2cfd570a2,d1638ae79c84baadb2b1349a942288b00b3a3396b019ae9170d0bdf2cfd570a2,alchemy,infura,true,true,cases/ca2-eaf1e84be2ca5fa8830a.json,cad5d35173ff273ec2c89057a73e89593ac1de00f9478890bec9fd427252feb3
ca2-a517ebcd851bcd0a26cd,julswap,bsc,042dbf5dd782ac7bf2cde1bafea742a7a04537bf4d88a38015c3c650e035562a,cases/ca2-a517ebcd851bcd0a26cd.json,d761472d132ba433523e07e50024f65105fc68fbaab5d37a25d679ac4c6afaed,true,HISTORICAL_SNAPSHOT_VERIFIED,9a496637643cd14095dfda71ec9ff5ef2d35a9056662e8e259118bb98ba47be1,9a496637643cd14095dfda71ec9ff5ef2d35a9056662e8e259118bb98ba47be1,alchemy,infura,true,true,cases/ca2-a517ebcd851bcd0a26cd.json,c2e57654b8c84327a717ca84a91e7bcf0521585f428b6680ad0751e4f1c3786a
ca2-f4910903d7134e1d631f,jumpfarm,ethereum,33a8d747dec6ad2ab976781ad11ef3558f893223c89b708c64e04b9ccde6ee70,cases/ca2-f4910903d7134e1d631f.json,8cdb5dbc26baa7e7569d231be2ac5cb50be399140ee9f60c9d4d4485acdd3c65,true,HISTORICAL_SNAPSHOT_VERIFIED,4fdc1210ca23c91be5480f8311629b4c380608cc1b4846c5a7a48a28111d8a27,4fdc1210ca23c91be5480f8311629b4c380608cc1b4846c5a7a48a28111d8a27,alchemy,infura,true,true,cases/ca2-f4910903d7134e1d631f.json,1d15cf220ad018c91c1cfa5242211dac70ca2d025210e6866859a6d2480a0f7e
ca2-2ba749707a4aa17e7fd0,kashi,ethereum,fd56903e2ea8cb12b18874eb2cd3b3203c1f5ee148add615605e4ac3a382eb6e,cases/ca2-2ba749707a4aa17e7fd0.json,1ec141741afc5bc12942171b67256dd8325ebb537ef2810c0adafdcc7ebb519c,true,HISTORICAL_SNAPSHOT_VERIFIED,3d3635856d11bef2271d2b6f182d4ded89876875447665f9e49a1683afbfcb12,3d3635856d11bef2271d2b6f182d4ded89876875447665f9e49a1683afbfcb12,alchemy,infura,true,true,cases/ca2-2ba749707a4aa17e7fd0.json,55d4e5e65c61cd3056d59ee648dcb02cb9a983e862ae2ec8534b086bc64ee84c
ca2-1769b603523b156d5e27,kest,bsc,223ff79115454d52397c8bdb072fee21b81b462a035cf8151f6914980c6cefce,cases/ca2-1769b603523b156d5e27.json,0e1b4965e2a823854e19e5b775b180558b44fdd0361891b46e515177e1ef3ed4,true,HISTORICAL_SNAPSHOT_VERIFIED,efbd75ba46a04f4827f7077a5782b7e3e9de6e0a183e1bd2f1942c813c47569c,efbd75ba46a04f4827f7077a5782b7e3e9de6e0a183e1bd2f1942c813c47569c,alchemy,infura,true,true,cases/ca2-1769b603523b156d5e27.json,e5b0140ce6c619a8f9c8c4e9fe110821b49dc745c23a75a490f429a7a958a21a
ca2-5c6b3bca3311000683b6,ktaf,ethereum,223d06ee373e7e73a15239c317deddee839395374f17b03f59ad4dde3c38abea,cases/ca2-5c6b3bca3311000683b6.json,c836b835771dec931108b00c9f1ca26500cb9e2b8b2266b604cc56685dd7ddaf,true,HISTORICAL_SNAPSHOT_VERIFIED,6880e7d919988f4562353ef7fba7d1d9b23bb59be1585628dbc207b665255031,6880e7d919988f4562353ef7fba7d1d9b23bb59be1585628dbc207b665255031,alchemy,infura,true,true,cases/ca2-5c6b3bca3311000683b6.json,4019de077a23260a4ee84f2eaf338c130ed423375eadbfe1170c3fda66fdf1e8
ca2-7455b4981f74c1b4c51e,kub_split,bsc,ec79fdbdeb4f259f93099b24dd1b6a2978413872e5d494f13670cf6cd2a5806a,cases/ca2-7455b4981f74c1b4c51e.json,d940d1d7386db4a08767a8cc1bcd304a26b90d2cda1e190611a78aaaebde477a,true,HISTORICAL_SNAPSHOT_VERIFIED,a2bd5902caed3d783a239ddebed77a070fc88e197f73981c3c19b4afb9d96c34,4fc3d34429245e61c0989f70331674168ead2825dda1b9b273cf87c975932566,alchemy,infura,true,true,cases/ca2-7455b4981f74c1b4c51e.json,71e74b10d3d3f44a54fb1eddc02d18f9fff3d5f9efd23fab5115401be18544f2
ca2-99439e8d086734a4e7a2,laeeb,bsc,42c83bfd4384f58898b602e4e103c5d2f26a4e8c125cfc60139c51bea4644ff2,cases/ca2-99439e8d086734a4e7a2.json,0ff3f4e88ba18f7b789762b512b6b0fc67430e432142a41bad073cc032f9c1a2,true,HISTORICAL_SNAPSHOT_VERIFIED,f8cff8e0da91058019234a26c82215b4eb4a5f8c2ef023cd788454e94239b594,f8cff8e0da91058019234a26c82215b4eb4a5f8c2ef023cd788454e94239b594,alchemy,infura,true,true,cases/ca2-99439e8d086734a4e7a2.json,55a02bcff1cb69d2bd585292ac4167964c13613091df55217806ba9c63d7993b
ca2-b47e7dc1b2b6c8992cce,laura_token,ethereum,7dcd8abba48e5e991094884906f65c0b893d7a6eec3679245cb060351441619b,cases/ca2-b47e7dc1b2b6c8992cce.json,5414490ea35d9895fb6f8f8a1833d3f83594108f60f4ccd051144fafb83b5cd2,true,HISTORICAL_SNAPSHOT_VERIFIED,231cbe3e0d9e6743e2352adfaebee0f9c66e0975ca9fa707b9033e229b8c6df9,231cbe3e0d9e6743e2352adfaebee0f9c66e0975ca9fa707b9033e229b8c6df9,alchemy,infura,true,true,cases/ca2-b47e7dc1b2b6c8992cce.json,acac43fd1bc8674bb8ef367938bffede1b6e806b94e6a09a61006897c5cabe28
ca2-f4a91ff1efea083dedab,laxo_token,bsc,77e71a9c99ff7e640c591044476cb54e1682dfb796b9ca27c029c17d042f6cd4,cases/ca2-f4a91ff1efea083dedab.json,495a4d393456ce53b40339e08ccb7918e82a6e7c5861c43a91f8a3ad3122c958,true,HISTORICAL_SNAPSHOT_VERIFIED,443ce71b6e592da17a0cfade7e508b6f2b2c6bd1c43f09814ad6b06a33d1bba7,443ce71b6e592da17a0cfade7e508b6f2b2c6bd1c43f09814ad6b06a33d1bba7,alchemy,infura,true,true,cases/ca2-f4a91ff1efea083dedab.json,e53ed7b770737d451f2e432ed71e4f75d2c9f2b49be0c73966c3ac3dd6561844
ca2-57582b3e77f95ed74d3f,lendfme,ethereum,b58a6e6cdbac265352962d6ee0abc604a03b418fa71d151a30a7f986f4c42a90,cases/ca2-57582b3e77f95ed74d3f.json,bc30e0612f722d55c66df89809164bbe8e1702a3b8d3278e7138846531b9a9f7,true,HISTORICAL_SNAPSHOT_VERIFIED,11accbb9915433e78eb1dce63c78c0dc0cdc212bdcfade1adf8571734829d0c0,11accbb9915433e78eb1dce63c78c0dc0cdc212bdcfade1adf8571734829d0c0,alchemy,infura,true,true,cases/ca2-57582b3e77f95ed74d3f.json,18f3711ff47d0c48cdbc74a5a156425af331091b19bf7d53c9bc3b0bbb651eb6
ca2-001b14467ef9b84b416a,level,bsc,c3f1c07130e8789c15fc04c5db250bac8e22de6f847e153f9b109a48be720661,cases/ca2-001b14467ef9b84b416a.json,d4495b6a3abd5922fb2355241b7192230a25b3b66fa8a12c2569a74c6441d650,true,HISTORICAL_SNAPSHOT_VERIFIED,5a13b1673529cd31ed477446ccfcd0763b0861d125b90405f2deccb24fe9a63c,5a13b1673529cd31ed477446ccfcd0763b0861d125b90405f2deccb24fe9a63c,alchemy,infura,true,true,cases/ca2-001b14467ef9b84b416a.json,7232d8110107071497320f5dfd90c00abdaf98f1d0012e0a0a6bc31c586d4231
ca2-b917178685db1ed39d90,lifeprotocol,bsc,565e725e66cbf310ebb103fef644e16b8d2ae7fc00d9c54480ac34f7df325f29,cases/ca2-b917178685db1ed39d90.json,b728afac2e7df0c83b0ef0684a893e816d630ae59a40bcda6d4beaa39dd825a8,true,HISTORICAL_SNAPSHOT_VERIFIED,a3873737ed0df5f2050bfc696aca9c1cf04fb5298a745f0cbc1b6dd47ee368aa,a3873737ed0df5f2050bfc696aca9c1cf04fb5298a745f0cbc1b6dd47ee368aa,alchemy,infura,true,true,cases/ca2-b917178685db1ed39d90.json,5a59485c2736dd7487ce23a4109e82375c8c982e8e27b1c7066fa77c2e31a5fb
ca2-deb8f1653a1510fb4c48,lifiprotocol,ethereum,af9db10fb2bc17c0a81d8a7d8c989da1d9c9764edd7597a363a6ad2bc6b856c5,cases/ca2-deb8f1653a1510fb4c48.json,6f0c915561109b502abf916d00274ed21785dd04bfcaa1d9a28122519290a6fd,true,HISTORICAL_SNAPSHOT_VERIFIED,a6a5b8b89f4a80b5b8d707e261552ed9ece20345e73e5e1dce614cec69f71cd4,a6a5b8b89f4a80b5b8d707e261552ed9ece20345e73e5e1dce614cec69f71cd4,alchemy,infura,true,true,cases/ca2-deb8f1653a1510fb4c48.json,52fb2b0c53083cfcaebdfd4c6fbec15a175641426929b6b98e92b8b0a247f24a
ca2-33876c68131f30cf0f4a,liquiditytokens,bsc,9a642ce846272f726c58639cf0211b15efc02d2bbab10d9eba7135a4d1b8aaf4,cases/ca2-33876c68131f30cf0f4a.json,2766e1dcc265928d6803a0691052b70d3192ea5f694ecb97000a25cf6fb2bc34,true,HISTORICAL_SNAPSHOT_VERIFIED,03f16c995c17b4ef7227c4f8285b965ccbcfd54693a06c6bd7d9a6a69b3c7367,03f16c995c17b4ef7227c4f8285b965ccbcfd54693a06c6bd7d9a6a69b3c7367,alchemy,infura,true,true,cases/ca2-33876c68131f30cf0f4a.json,6a30c4cbac28946a7106afde1a34a6a368fbc0a3b9edd996c85d7fb92fffe079
ca2-969e97a830e1fdab4f58,lp_mine,bsc,118824ac24144c110cb13d354321425aba694f5033e6466a6b961ed9cce7f34c,cases/ca2-969e97a830e1fdab4f58.json,700af2c6eacb2c5fee06dfa510ed17efd09e4b887e73e77f7cc7c57158897304,true,HISTORICAL_SNAPSHOT_VERIFIED,f55ddb46cf2f8570b5fe0067fce3504f12a4a3109fabf63c7d4c66c94ca27528,f55ddb46cf2f8570b5fe0067fce3504f12a4a3109fabf63c7d4c66c94ca27528,alchemy,infura,true,true,cases/ca2-969e97a830e1fdab4f58.json,67c3e2c04b9fd4456a1f985e7cc9d773ee56530e2e7d9aa024b24f3cad3629e2
ca2-14f7f1899d2468d3cabf,lpc,bsc,2e9974e4b90374476ac8b30fe07b7bffcfa8a37f17b2989e572fcdfdb55f1c72,cases/ca2-14f7f1899d2468d3cabf.json,f48c96ebcc056e93da0e3ee9c9955f5b2bf86c81765736c370a06341e8121323,true,HISTORICAL_SNAPSHOT_VERIFIED,569fe9a4c8470adb3d376cbac5158d2088e9472b1114f178ff8bf1b98e1dd557,569fe9a4c8470adb3d376cbac5158d2088e9472b1114f178ff8bf1b98e1dd557,alchemy,infura,true,true,cases/ca2-14f7f1899d2468d3cabf.json,65b1e2407353e01ba10b69eca675dd3dafa38b3ef8a26126dc1d6eb96af58c27
ca2-dcbeec1a974442a079de,lqdx_alert,ethereum,7a8e3ec9e1c8718cd09a1c15faf5f2aaa882144dd90cc00ee29203024ee5d3a0,cases/ca2-dcbeec1a974442a079de.json,294a064f4d3f74c4c64012d6ac5c19c8ab9a183b3143ff7e283509b5ac28d15d,true,HISTORICAL_SNAPSHOT_VERIFIED,b3b2785f8451f7720c799e7101d185d9747d38ea1af925ae20c1a9ffcc215d11,b3b2785f8451f7720c799e7101d185d9747d38ea1af925ae20c1a9ffcc215d11,alchemy,infura,true,true,cases/ca2-dcbeec1a974442a079de.json,14beaaa5fbd180d516b3441c67c375049d7951f166c91e5e3654d29a4acd0d23
ca2-da248926cc32b52fc5ad,luckytiger,ethereum,a628cb94803a68fd8214c60c49d46b06a215b9e6368969f648894dbf21e10fb8,cases/ca2-da248926cc32b52fc5ad.json,7dab43db3e1535e7771010b1af9578997c2b8bc11d7b33e9b20c75f0223f3b89,true,HISTORICAL_SNAPSHOT_VERIFIED,fa5bc2ed02f04aff336582021c1372027aca7bb5b6776d6b501a94db51064115,fa5bc2ed02f04aff336582021c1372027aca7bb5b6776d6b501a94db51064115,alchemy,infura,true,true,cases/ca2-da248926cc32b52fc5ad.json,bd74a7f2e6d8c4ee57aace4fc9466d08198e59ab8c36806b591356e65933062b
ca2-eafba3ad227d4a51d107,lusd,bsc,1ed0965494670701012ff77ddcf60c6cd4dd69fb06e998423ac89d179c2a2632,cases/ca2-eafba3ad227d4a51d107.json,b1e1e7f9cd72ec4226b567374fd488ad109b55e10ac8678e2fb1b5b87a50fa75,true,HISTORICAL_SNAPSHOT_VERIFIED,0f5ea78fcff3865b902e42987d3758b16fd80286d8f31b4145d3538066028a9d,0f5ea78fcff3865b902e42987d3758b16fd80286d8f31b4145d3538066028a9d,alchemy,infura,true,true,cases/ca2-eafba3ad227d4a51d107.json,12565d5580711281b201841cc392e2f7af4b2825595365405d2ad8ee9a044e02
ca2-e54f2002a25549da55ac,lw,bsc,6c949680c81297a9ddfadf0847556a865863cfa32e3f65fda4b0ddad6960986a,cases/ca2-e54f2002a25549da55ac.json,2e246900d04744170db71245b89d3329c9c3d32f284d4d7cc6972ed31a02e811,true,HISTORICAL_SNAPSHOT_VERIFIED,abdcd762a55ddfa47d149376672338a4c979c49795689bfabb990035f199f333,ec39a630b02491a7de244a4452efbb523a765e428c4cac4011face7f0d08395f,alchemy,infura,true,true,cases/ca2-e54f2002a25549da55ac.json,a9292c70bfd1c02de892109ef119f036f3d8df4cbfd6639bdba0b9e6fb84ccb2
ca2-af464f834697310f7d30,mahalend,ethereum,23eca66b1a05ba5834b4626c6275e976631e200005f065e5f16469268737f644,cases/ca2-af464f834697310f7d30.json,c851d8b46c59b42ab524434f99386b64f5643e124ca135f8a14cda7321d02313,true,HISTORICAL_SNAPSHOT_VERIFIED,d39956ca32c5303da84941c9edfec3e6d9af19e547343638a5d413f1e263a924,d39956ca32c5303da84941c9edfec3e6d9af19e547343638a5d413f1e263a924,alchemy,infura,true,true,cases/ca2-af464f834697310f7d30.json,586b7b75bb9d460169e9819a5cb72b59d21a3dc45387b87b0df91ef48c54d447
ca2-f39ef961ac91c6d34016,makina,ethereum,9577a84aa8b638196b41c3ff6fabe0c80e51cf6ed47af2ecd80f63a349ce1219,cases/ca2-f39ef961ac91c6d34016.json,8643438f72d22bbcad7006ed89d61f3e6916acefb4f3f2e18cac58ce05cd91d4,true,HISTORICAL_SNAPSHOT_VERIFIED,6c527b6a81d6b88d857fd3f7699be3d1496ba5e34dce6846f93367f0d02029ae,6c527b6a81d6b88d857fd3f7699be3d1496ba5e34dce6846f93367f0d02029ae,alchemy,infura,true,true,cases/ca2-f39ef961ac91c6d34016.json,f50e0601b5d6939f0466d0c02e3387081deb36d0085ded74f6dd260c277bed70
ca2-6bc7737cc67404ed8f62,mamo,bsc,59fceb340c0fd337108ebbe12e6af89396cb1404746d65bdb5f127cd88d883dc,cases/ca2-6bc7737cc67404ed8f62.json,bf2b72f3a2787e7db53e3fbba69ea091cee15e2dd1b5791c656c0b63be443d41,true,HISTORICAL_SNAPSHOT_VERIFIED,aebfc51c036283bdbf3d3daa7e8334fcbd09906ab6083d62bf0bb1d2877c4930,aebfc51c036283bdbf3d3daa7e8334fcbd09906ab6083d62bf0bb1d2877c4930,alchemy,infura,true,true,cases/ca2-6bc7737cc67404ed8f62.json,0c0ee77c35f6ebd99dbfae3dce7424c25d0ceb0e16a67991b82ea6ca117178a7
ca2-5c60ed4125f7ab7d31ea,mbc_zzsh,bsc,53cc0daa428edc25ac7e89089687a370059ed361602d0debf396b594de6c9639,cases/ca2-5c60ed4125f7ab7d31ea.json,affe486d56069c721e61e141a1c20843ae95d647f3f206b60653b14ae4aa47b8,true,HISTORICAL_SNAPSHOT_VERIFIED,2313e4efb0d376494f0db9025d39f97ab9311f778fd2afe7b8a270ececc84252,2313e4efb0d376494f0db9025d39f97ab9311f778fd2afe7b8a270ececc84252,alchemy,infura,true,true,cases/ca2-5c60ed4125f7ab7d31ea.json,49c24948470dd71aa41586d6a9e893da8405d094b7f895bb5300a5f8c43089d9
ca2-aa4fa44d86c046a9915f,meta_pool,ethereum,d8bf9815aeee743dc969d91de86441c77477a2c93b4d22e4cf36353ede73ded2,cases/ca2-aa4fa44d86c046a9915f.json,02614a23e648ac5ea92ad21d7358f4ac2bfb2c80b08f3a2dfd59834e8fd05a3d,true,HISTORICAL_SNAPSHOT_VERIFIED,3eb1a515034d6c42e749943bcf0615b40b563d9a7249137c39dcfc4b753a584c,3eb1a515034d6c42e749943bcf0615b40b563d9a7249137c39dcfc4b753a584c,alchemy,infura,true,true,cases/ca2-aa4fa44d86c046a9915f.json,6cc9209093ccb52efffec3dbd6c8bd159e19deb081a2dafae442d7afa20aa1d3
ca2-9896be8cb2fd2c2b336c,metadragon,bsc,1ebea15763b5357aa4a8a1e79fe745c84ebc3a8f91e8e289ddea04c97f899108,cases/ca2-9896be8cb2fd2c2b336c.json,274ad1ef36daf39b6a4f341cca493b5c5c060f9e5095150685b83562581b812b,true,HISTORICAL_SNAPSHOT_VERIFIED,2001185129a8357e3552aba5254f7d5db5d3442ba9967d132789f9129bc9caa6,2001185129a8357e3552aba5254f7d5db5d3442ba9967d132789f9129bc9caa6,alchemy,infura,true,true,cases/ca2-9896be8cb2fd2c2b336c.json,69714321990cb875c262062b16f6c2ed9816bc649f35c444655b486de4143497
ca2-a17aa054e6a4e68a65d6,mic,bsc,3a9144b973667a3cb7f1034afb9307506cefac9d2739a0e0817aa0619c3b521f,cases/ca2-a17aa054e6a4e68a65d6.json,2959630498d782995f0baeb1b38bdf8bd1a36c3817dd270d375ee1a9785ea22f,true,HISTORICAL_SNAPSHOT_VERIFIED,b5780b9fd93e2c5adb04fda77f7c7ed1282af73540a18f8745db47a0a2626832,b5780b9fd93e2c5adb04fda77f7c7ed1282af73540a18f8745db47a0a2626832,alchemy,infura,true,true,cases/ca2-a17aa054e6a4e68a65d6.json,03b7b1dda1e2169eb1fb37d161954e2189840af3dcb1a23f521c9644442c04d8
ca2-e24739584c716694ba60,mim_spell3,ethereum,627c2b1c95ea9a9379c777a93da9b826feec3ea51abbe0e8b22b96768a744ab9,cases/ca2-e24739584c716694ba60.json,b54b8adab7055f3f277cb4f2608ed35f1f8af2d14467f0b8c243537ce6f546fd,true,HISTORICAL_SNAPSHOT_VERIFIED,6a20fd5413ea7a8a6ebe9d31a9dfe78c4795431d772a3728410710757ae92f3a,6a20fd5413ea7a8a6ebe9d31a9dfe78c4795431d772a3728410710757ae92f3a,alchemy,infura,true,true,cases/ca2-e24739584c716694ba60.json,10741f0c80afd5627f8fac908e8c0a1091968c55a3e87eb61b49768ed30dbc11
ca2-21ac1c8056ff7df162a8,mimspell,ethereum,51ce24a24261d6724724547123754601ef8b95c24a9b0e4480e8c3bee65484b2,cases/ca2-21ac1c8056ff7df162a8.json,5df8fe77ed1b0dc6624317328700f096e4ededc2b919620800e3ae6a6f1841bf,true,HISTORICAL_SNAPSHOT_VERIFIED,5a532f159b3ae2cce73c6184470bbfa7df088bb391d4e4707c68de467b64c41e,5a532f159b3ae2cce73c6184470bbfa7df088bb391d4e4707c68de467b64c41e,alchemy,infura,true,true,cases/ca2-21ac1c8056ff7df162a8.json,825bdb20643317de57351220d529c20db380a858eba688d607dd1ed23ed9caaa
ca2-be2ba09219e40ecb6cb2,mimspell2,ethereum,eca3bd107c34b3fbd69133a24b64b212acf45646e6364f38a82960a508968ee1,cases/ca2-be2ba09219e40ecb6cb2.json,2db206919b2999c0696847d5a4d0cc26787ea97af36f7517aaf27be90f02ce9b,true,HISTORICAL_SNAPSHOT_VERIFIED,72cedb33b25bf6c3694de1fe6c1e13101bd3ad4b6f464439466f7ffb6ef39026,72cedb33b25bf6c3694de1fe6c1e13101bd3ad4b6f464439466f7ffb6ef39026,alchemy,infura,true,true,cases/ca2-be2ba09219e40ecb6cb2.json,5e58f23f48415ba374b7590ca6335d4dd6280222a3eb4f22faddb6bcbe7709cc
ca2-122f147da75159901ea0,miner,ethereum,ef1d65b2fc267690cdd7061ce720557ddde42aee7833a1cd26cdd7c0f855210b,cases/ca2-122f147da75159901ea0.json,71a05a501842a5fb4d443e90a85bd9a8146245f445cc41e8cd04add76a03023b,true,HISTORICAL_SNAPSHOT_VERIFIED,db222d7e3310f03961ad1874cdffa12ecb2f85cfd99b27ccecb43a816132679a,db222d7e3310f03961ad1874cdffa12ecb2f85cfd99b27ccecb43a816132679a,alchemy,infura,true,true,cases/ca2-122f147da75159901ea0.json,154edba15f7237917c3c757a4d8ebe5daf377417ff56cc0dceb32d76049722c0
ca2-98f2e78eb7b0c6b2a380,miner_bsc,bsc,966f3a1a02edf59330ef0038e8cc6bd8c40fbed5b364e19e4d824fd10616ac3b,cases/ca2-98f2e78eb7b0c6b2a380.json,64bd29088446d0498bd4a3761a58a56b61ef3271031e29fa128c30daa71d981d,true,HISTORICAL_SNAPSHOT_VERIFIED,aebfc51c036283bdbf3d3daa7e8334fcbd09906ab6083d62bf0bb1d2877c4930,aebfc51c036283bdbf3d3daa7e8334fcbd09906ab6083d62bf0bb1d2877c4930,alchemy,infura,true,true,cases/ca2-98f2e78eb7b0c6b2a380.json,62adf47c232bc119012db822a0dba0f9af2b9550217a74945d081d713cdb0b83
ca2-02e1298629b75e4dec93,mintofinance,bsc,7057f3571ee0ea145eba2220722715a05c6988842e8fe9f1a5d983bc43c24b67,cases/ca2-02e1298629b75e4dec93.json,3f463c15a2256d82005a264c5ca95c3655e6c0eead7880f876ba107acfeab369,true,HISTORICAL_SNAPSHOT_VERIFIED,6cdd619e1804f230e156b3ad3f390a5c0e36f5c326caceb1a4b8e6b31c0ea4a9,038b8056bd02d96e98b5fd76b37f009846fd52903178f0cb21b3b0216c9567d5,alchemy,infura,true,true,cases/ca2-02e1298629b75e4dec93.json,c97a6578d5daec58c17d3beec96f772ae7074d3f77b0190d0b4934273551bf4b
ca2-6123dfbf4db930b4d1d5,mono,ethereum,f04efc6fdc2fba598f9b409d7b04ae4ce38bf923c62a24af70934e9942c30961,cases/ca2-6123dfbf4db930b4d1d5.json,9238f14d5037de8b69264bf1ccac87990f34f48e550bfa1045a6d418ab0e33d5,true,HISTORICAL_SNAPSHOT_VERIFIED,15dae27b6643b18af1579768467bebc24eaf98ac0bb0065a313d5be38dd83794,15dae27b6643b18af1579768467bebc24eaf98ac0bb0065a313d5be38dd83794,alchemy,infura,true,true,cases/ca2-6123dfbf4db930b4d1d5.json,06f7186a488b53a70460490a2099fafc5d9a45aa0e15dc3e73f6be18bfaf9216
ca2-8eea98fa7851e4eaf7d3,moocakectx,bsc,f0e23afe204e04bde025643734289e63b40e8a43edb70fe625df20b2a0f3608e,cases/ca2-8eea98fa7851e4eaf7d3.json,32b75a3ecd7529cf8bafee3f90c837bac54ad43a76a634a9ac89430c5a4ae614,true,HISTORICAL_SNAPSHOT_VERIFIED,967a613dcb94e967464f3f3e5acf501dcffdf09e62303e64a6590b86aa968e8a,967a613dcb94e967464f3f3e5acf501dcffdf09e62303e64a6590b86aa968e8a,alchemy,infura,true,true,cases/ca2-8eea98fa7851e4eaf7d3.json,af4818cbdb24d90a3089e43687be56f9dbdc0ac735c73135f2dbe6ceb4b733db
ca2-b4208a8c5bb1d965b99f,moonwell,base,06ea8a71dfeb0122369adabe50b4060a5da9c95461971faad009f0b77377975b,cases/ca2-b4208a8c5bb1d965b99f.json,1179d798cf021717ea20fe727b05d14f683cc61b68c174b8d965caf8d4706e2d,true,HISTORICAL_SNAPSHOT_VERIFIED,8d9292ba079bc59ac8b9c787dcdf51d6b4117d59735dbc59ad3b2f869c2a6dc5,8d9292ba079bc59ac8b9c787dcdf51d6b4117d59735dbc59ad3b2f869c2a6dc5,alchemy,infura,true,true,cases/ca2-b4208a8c5bb1d965b99f.json,58ee4d4915986aa26ab80059a1956c053408d855be6580a6942858f3c79ef9a9
ca2-2656a778ab34f3a823cd,morphoblue,ethereum,48b1e71b3add3ffaec7429082580ad8287110ce09f325d738ed7dd0242b7b281,cases/ca2-2656a778ab34f3a823cd.json,8f371ade6e3c419036e3b21a61836959842044f69afe6ca3e14d07e785362e90,true,HISTORICAL_SNAPSHOT_VERIFIED,caee6dae30f892435884ed4d284f72a8477ffbb3159731c8a10f80a530bb0124,caee6dae30f892435884ed4d284f72a8477ffbb3159731c8a10f80a530bb0124,alchemy,infura,true,true,cases/ca2-2656a778ab34f3a823cd.json,2b4237d0049d1881e03f605535c49654e41e021cd10fe59f8d42a37d8afab381
ca2-786342530794b2d0e951,mosca,bsc,a43a27414634a3b6bb0bbafae1524086db5a0df5ec1d5a96b42c00298d7245ff,cases/ca2-786342530794b2d0e951.json,8c3452140c2eff688f0e2056be05145f95761a56cf8974982e8cd2caa39395b1,true,HISTORICAL_SNAPSHOT_VERIFIED,0171238cf3c601768c105c903ad44c483c55b7aa177490142d06777e26773582,965a09d5c5d0601da8f600ac4d3f5358b316ebdbbb8a2464ec8fb433bd77e39f,alchemy,infura,true,true,cases/ca2-786342530794b2d0e951.json,b8cc71f6bc742f32a3a1013fe4af37881048a24d882d09ad313fe41cc6bd3a46
ca2-17240c1cdca17b758810,mrp,bsc,3852ece8225d31e7f1672f1f937b23746ec0108413b2fc017941cdd2ca8aa0d4,cases/ca2-17240c1cdca17b758810.json,fbe12bc783e8234f2981af198a5a67352990a7440a8e0378bdcf2faa4bfb2bbd,true,HISTORICAL_SNAPSHOT_VERIFIED,f1a498277438631580bb35fbd3c11d13cd05dc405bd3bd3c7eeb2ef3f929af1a,f1a498277438631580bb35fbd3c11d13cd05dc405bd3bd3c7eeb2ef3f929af1a,alchemy,infura,true,true,cases/ca2-17240c1cdca17b758810.json,25b986c2360111dd96c705d1364460b3b1db590e9e8fa3c8f2a180a7d464ce73
ca2-0a80356999aee511c6c7,mttoken,bsc,779e02ffd018733bd0628ccb81a44a0389875f7e82a8e098e419044866ae7ef9,cases/ca2-0a80356999aee511c6c7.json,2a603c3de4f6e76da88efab77cabb2c57da4d16a027e1936d22a4b4039d453e1,true,HISTORICAL_SNAPSHOT_VERIFIED,529673c1fe24f6d276f7fcb0a1efc154ef578d9a279fac7c18f1f3c85a09c5e9,529673c1fe24f6d276f7fcb0a1efc154ef578d9a279fac7c18f1f3c85a09c5e9,alchemy,infura,true,true,cases/ca2-0a80356999aee511c6c7.json,3a593056c6629e621eb5617788d4d2613be0214fee150cc04646ae558714a5b2
ca2-c6f760eb216df807a29b,multicall_with_eth,bsc,88c2f38eb893f15e0c219b01ac117528c0a7e828dc2b1dd4df206bfc1644974e,cases/ca2-c6f760eb216df807a29b.json,2f28ba87ecc85fc3588952f744d2d3d6c3cbed535f21d0f14969d6a7ed81d440,true,HISTORICAL_SNAPSHOT_VERIFIED,e0eac508b846a802a8f78835dae2c3dd28985f8f1151682ba76c31cea5231933,e0eac508b846a802a8f78835dae2c3dd28985f8f1151682ba76c31cea5231933,alchemy,infura,true,true,cases/ca2-c6f760eb216df807a29b.json,5db5d7a32b4f08db1db91f78236153ba5eee5715f03361c6b3d7d99055702d48
ca2-3b5e98c9b74a83f683a0,multicall_with_xera,bsc,8fd7695abee59cccf4e96e868e25d3693a2ab208bd6eb956854078b86dfe935c,cases/ca2-3b5e98c9b74a83f683a0.json,66fdf725c0f563c8efd24a010968317b16920d0145f86405687c0958084abf9e,true,HISTORICAL_SNAPSHOT_VERIFIED,027fcd97774e7ff1d4c9e4cb340f514282abe28d539b2ff31a79df5da78d80fb,027fcd97774e7ff1d4c9e4cb340f514282abe28d539b2ff31a79df5da78d80fb,alchemy,infura,true,true,cases/ca2-3b5e98c9b74a83f683a0.json,a4d357c4ab21604c736ac91ace82960316e07ce305d72713f280056e4ba18d16
ca2-11635f2908fcc175e7c9,multichaincapital,ethereum,0aaaba1f7c14bb2480f3759bc230a7b1302239d8ff63d7faa27efd3f36f4ba39,cases/ca2-11635f2908fcc175e7c9.json,a449bcdb1d1ac4bfdbc306b23bb866a1a9cf64c99af88903e6511f2dfb78bf02,true,HISTORICAL_SNAPSHOT_VERIFIED,73f07348b641e99dcfae2f844bf6e759dc8b76d6ded50a7cc494a4badddb456e,73f07348b641e99dcfae2f844bf6e759dc8b76d6ded50a7cc494a4badddb456e,alchemy,infura,true,true,cases/ca2-11635f2908fcc175e7c9.json,438c3b14579cef0bddc055f949f7ed1f9465c2fc2f4297e7002ada6a681051f6
ca2-522ebe1e13a3ab2c2fe8,myai,bsc,7479fe8df14c28b8e189afbb03bb7580650f809776de4f8e673f0882296527d0,cases/ca2-522ebe1e13a3ab2c2fe8.json,fa427df70f76e0954fe5d9dc2f508ed5a2a36ba6cbd98b6c385e8d4308b0b480,true,HISTORICAL_SNAPSHOT_VERIFIED,88c3f5108390977e01b77e6daacfb1085f7badca626f60aa6b3776b3a28193ea,88c3f5108390977e01b77e6daacfb1085f7badca626f60aa6b3776b3a28193ea,alchemy,infura,true,true,cases/ca2-522ebe1e13a3ab2c2fe8.json,baf312a416ddaa22333dc6e7f8a842d8edf21991acc42b5d3b932ff0cb51341f
ca2-702749959585da21f48a,n00d,ethereum,f5834c1929301690590d1b7e6702367755007c9d41b516037a80b8ffb071867e,cases/ca2-702749959585da21f48a.json,47a3efc2a08fbc4433822d6af06bdb9267c36ff7d11554849256295d9ce59eb1,true,HISTORICAL_SNAPSHOT_VERIFIED,9e3a8cd945c7806765772fa18086a9e6d5c0c14fd126a06759aa4c2589823566,9e3a8cd945c7806765772fa18086a9e6d5c0c14fd126a06759aa4c2589823566,alchemy,infura,true,true,cases/ca2-702749959585da21f48a.json,d54c71f5bb737b6618a1fb749c89860611120348f758642b04352f7593f0f4a6
ca2-4146cf0ae387533d1340,nervebridge,bsc,be56729aa94961083261056ea687243f3d6b765a5d67374db629fb139c1f4b37,cases/ca2-4146cf0ae387533d1340.json,c02f81abcbeb73abe4a0b2dc64501e16e5636270b66324fa9dda3ecc42be05fc,true,HISTORICAL_SNAPSHOT_VERIFIED,9e25ab96feaecc5dec2233e8bc2cd16073825e43568ac229de15632c64d3989a,8c8d3f564b31166db8756f7ab34113f7afd639c3a6194045a566e87f48b5b096,alchemy,infura,true,true,cases/ca2-4146cf0ae387533d1340.json,20b48d4e8f4028f0e0cbf0537b0e0f3892e602da1eada214deb19b8555546621
ca2-10135a96af2e104eb4a4,neverfall,bsc,1d404eaa4ae4488da30b9ffbb96f67394492d26d3b71fc9820582c35f803b769,cases/ca2-10135a96af2e104eb4a4.json,16ceced77519c54488de018a1e22dccc707fa3686230cbfd54ef2bdc8af1270b,true,HISTORICAL_SNAPSHOT_VERIFIED,3cbadbeed5fc8d7573b87e597ab17d9eb4df9a4d48d81ed2dbac622571681eb6,3cbadbeed5fc8d7573b87e597ab17d9eb4df9a4d48d81ed2dbac622571681eb6,alchemy,infura,true,true,cases/ca2-10135a96af2e104eb4a4.json,acc9d831b7b5759a8f57873dae000fe2d920ce4b60697a5458443130dd6b5cd6
ca2-23403cb09827b5b8f43e,newfi,bsc,79e3682a4e1f911b0eefc9fe5f824ef7f1435611595759668464e4ace8f06fb5,cases/ca2-23403cb09827b5b8f43e.json,29212659ab704d341677a6d98822dd8d0dbc826d5a29ed80197ea5245f95b485,true,HISTORICAL_SNAPSHOT_VERIFIED,3c18d6aa9c854ce9652d731500fadd04cb8c3428fee97fdded4972117b4eb73d,2ef371059e36305c9594e26a36e6162fab27b9a34ad3e296be3e64a1e53b5306,alchemy,infura,true,true,cases/ca2-23403cb09827b5b8f43e.json,2b38791eb5dc54b7356989290cd7ded715ae0d2de9467aa7575153ccc1e906db
ca2-a9052dd43a76ce42a994,nfttrader,ethereum,50f6153f6ff90bbd95c701db50a7c87e68683f57884f4f34858b28b2455be8a1,cases/ca2-a9052dd43a76ce42a994.json,fb33968c7dd255803c7c2886ab79d8fb616b3336281ba598a4ca65dc660f15f2,true,HISTORICAL_SNAPSHOT_VERIFIED,b98e85d91e991ac83a12ff4e5657eb05c1b5cd0d5bf8d291d03879c8f7702090,b98e85d91e991ac83a12ff4e5657eb05c1b5cd0d5bf8d291d03879c8f7702090,alchemy,infura,true,true,cases/ca2-a9052dd43a76ce42a994.json,285e3ed806e78aba83466dbaacc08d838e1f3e2253b4a1db524e10988fae0f7f
ca2-b76182b1e2e51faa9428,ngfs,bsc,aad8e78ccfe123395decd0229cbc8e63eb2599c73fd04a61fde9cd00b0ab75b8,cases/ca2-b76182b1e2e51faa9428.json,7bbe30b34dae1fcb9c0b7323d2f5dfc348e0e70f98cc74c8b99a50fb69e20759,true,HISTORICAL_SNAPSHOT_VERIFIED,f8a528f47b9a61cba6eaf9c4883d81952f2d3d32bdfb3426dc848c112252cc35,f8a528f47b9a61cba6eaf9c4883d81952f2d3d32bdfb3426dc848c112252cc35,alchemy,infura,true,true,cases/ca2-b76182b1e2e51faa9428.json,ccf27a89ec7aebf69005389114d27472da46484ce625252c3f8aae0e30810e3c
ca2-54094307591338d2b28a,nimbus,ethereum,350c64fa0a3ff41778c795f22ec5c4cbac19e948b6f6cea8d2adfb18b0ae1b18,cases/ca2-54094307591338d2b28a.json,b1644dc177f6341a47e6a69b504b8dc896a8551f31ec97e51820ad5a28425881,true,HISTORICAL_SNAPSHOT_VERIFIED,e01fe0bfb1a5f0d861c0a1d0778212a6057ae9031e0d3b26fd4bda828d9a2d9f,e01fe0bfb1a5f0d861c0a1d0778212a6057ae9031e0d3b26fd4bda828d9a2d9f,alchemy,infura,true,true,cases/ca2-54094307591338d2b28a.json,0661ba39357a724c944406d280c6b938e77f3b6bcd19e4c711a229df560eb636
ca2-3a72b153af20c2c77bb7,nmbplatform,bsc,1e3dae532507452af9b3024b86d2181c3e12ed7e9febc5279b797cd1083d946c,cases/ca2-3a72b153af20c2c77bb7.json,9137221d583a3890711c3745f0a2cac6c369a553fe1397d5e5efd28c9e794398,true,HISTORICAL_SNAPSHOT_VERIFIED,54442cfed2db8150aa9f3f869c4b8d1966c24b46b538e1592d6fa0be1398d00d,54442cfed2db8150aa9f3f869c4b8d1966c24b46b538e1592d6fa0be1398d00d,alchemy,infura,true,true,cases/ca2-3a72b153af20c2c77bb7.json,a5f34c2929e8d0248707d2f5b98c736a4bea6100b02d1e0e1f86951fe31d3fdc
ca2-cf529333b32b69e4842e,nomadbridge,ethereum,0bf07bca23a5df3fc5221efa4bbcddf0862d65299436fe49935909769283b240,cases/ca2-cf529333b32b69e4842e.json,439a157a2506cfd1e4ee77f6b07695d95d96f3e54d59d316d0c7200029017e0c,true,HISTORICAL_SNAPSHOT_VERIFIED,0e6ae6c5a139bd6c039b89b526ff0b4e59a540bb7e59ed468e6be2f328dfd679,0e6ae6c5a139bd6c039b89b526ff0b4e59a540bb7e59ed468e6be2f328dfd679,alchemy,infura,true,true,cases/ca2-cf529333b32b69e4842e.json,52b68f7b9cfb94de4895dfbc40d8bf80c3c8f232f5a310704e760dc50737a64f
ca2-470ed35ca97a31cab7dd,normie,base,a4b75603150b1d56b4c94aee3301d440ebb1c9097cd5a678b649f27ea9b24303,cases/ca2-470ed35ca97a31cab7dd.json,a1546aeb48238162bcebd7f1c3bf756839f996b7a44942cfd0a20110c8b76d5b,true,HISTORICAL_SNAPSHOT_VERIFIED,fa3f16114b268df37fa989c207919aac008d1cd276efda58bf85eb1bb635468e,fa3f16114b268df37fa989c207919aac008d1cd276efda58bf85eb1bb635468e,alchemy,infura,true,true,cases/ca2-470ed35ca97a31cab7dd.json,f2927c8845618a2c1d0201a6412b7ba88c28ed93c1d8fa5073460ae6d1afc70b
ca2-441ed1a86d9edadc1707,novo,bsc,0ec23bdb13b90fb5d8c6c3084f35cd6ef6d56bf7d1bdac293f2c5de1e98c5036,cases/ca2-441ed1a86d9edadc1707.json,ea9c73721077d33aac810278a36f3fe94dbed4f02ea40e728d751b84182e1447,true,HISTORICAL_SNAPSHOT_VERIFIED,c36557bcac7ac090b0c7dd14488658a2b9f70729c1767e81d8831cc93fe8cb9e,c36557bcac7ac090b0c7dd14488658a2b9f70729c1767e81d8831cc93fe8cb9e,alchemy,infura,true,true,cases/ca2-441ed1a86d9edadc1707.json,d9b4ce32982e1a2ba4ba2bbcde8c871e2e843cc0ecd06380e49a271575fabd8a
ca2-bef4fd38f1af5d45d83a,nowswap,ethereum,5d639f41768abaefc4b7062f99404a34eaf63f601b72a3beb0e3604eb551ea94,cases/ca2-bef4fd38f1af5d45d83a.json,bca5f8c303402f8b9532b83ba0ca4070b1905945f392511a4eaf0936e6d3b218,true,HISTORICAL_SNAPSHOT_VERIFIED,17f1ff0581555438a7c48d668be9daf13fc50d4f01799edaa0958d78f5c15a16,17f1ff0581555438a7c48d668be9daf13fc50d4f01799edaa0958d78f5c15a16,alchemy,infura,true,true,cases/ca2-bef4fd38f1af5d45d83a.json,3e2d915f3ded09810ea85c9c121732626195f15a15dbaeba5ccc5db7f7d559fd
ca2-759d84cb92c4b203c71e,num,ethereum,6be120aa062381a18226cc52c0fe1e4ae10e37fb19229d3be983c47f83bf681e,cases/ca2-759d84cb92c4b203c71e.json,b2a89f50a99c7434c14f361311758e2f54454e08ef92439f2ad1b9678db29a2c,true,HISTORICAL_SNAPSHOT_VERIFIED,ec4f98b4c25aa8bbb4ae458e891d8859fb1e846706a8a5f573193bedd1757b9e,ec4f98b4c25aa8bbb4ae458e891d8859fb1e846706a8a5f573193bedd1757b9e,alchemy,infura,true,true,cases/ca2-759d84cb92c4b203c71e.json,f44738bdf0f9ad4e33812fab8688183ab33c072676be8d120bdccba311ea14cc
ca2-444479add25939f22fc7,olife,bsc,a591a5f4570d6b6d32700a26c7ec426383c576538d13425dcf5472da72bc68b7,cases/ca2-444479add25939f22fc7.json,38f75ea65e6eb47daeb6649873e7f6587b0c62032ef8c81b021678204619a10e,true,HISTORICAL_SNAPSHOT_VERIFIED,e48ae77b95aeb7749e8f7369d766416e8693ad22df82a0bff6178ae93dbdb240,e48ae77b95aeb7749e8f7369d766416e8693ad22df82a0bff6178ae93dbdb240,alchemy,infura,true,true,cases/ca2-444479add25939f22fc7.json,29eca66e2872a97abf215d2062c2ebdcf998696d0a0f94e55b24c53a0848515c
ca2-60a0988512bfa1f54c2e,olympusdao,ethereum,76d14e5b0e72effe2d66362b7c99e2a31c8c7e9342cf0a0fcd37e7f4ae31c355,cases/ca2-60a0988512bfa1f54c2e.json,5107a790719e36af4b0fc35aeb9422d5393e4068db0cfab71444f335825ce19d,true,HISTORICAL_SNAPSHOT_VERIFIED,578989c6cd26176e5defb7d674f631e3654a556ae4a35d738cfaf283d2d01481,578989c6cd26176e5defb7d674f631e3654a556ae4a35d738cfaf283d2d01481,alchemy,infura,true,true,cases/ca2-60a0988512bfa1f54c2e.json,844fbcbf9c659917ac66afc708088806a364bdcedc48b3c3bf1edd55b5543a51
ca2-9ed4dcb42bc3e395722f,omniestate,bsc,cd708be1a0d4fe93507315bb5fbf3566fd472e90d038a99d9148be464a1eae64,cases/ca2-9ed4dcb42bc3e395722f.json,efcfc31960b61ecd2c035b780a4f44141872a33a2cc3118c96812c6ba0b3a4b5,true,HISTORICAL_SNAPSHOT_VERIFIED,15dae27b6643b18af1579768467bebc24eaf98ac0bb0065a313d5be38dd83794,15dae27b6643b18af1579768467bebc24eaf98ac0bb0065a313d5be38dd83794,alchemy,infura,true,true,cases/ca2-9ed4dcb42bc3e395722f.json,49a952769bf9c25d7f49cea1b7ac423fac6e46cdd5f069489ef92e28fb327d4c
ca2-1fe777829f28c3e02e1c,ompxcontract,ethereum,d895ca08d603111238a2d1724e362b7c1ee18d9b53e7888cc93c8c1531a2ce35,cases/ca2-1fe777829f28c3e02e1c.json,e872023c117d75dd87e03f62ebaae34672949d5f00c4d9525fc681a24aa7d708,true,HISTORICAL_SNAPSHOT_VERIFIED,fe0cb49fabcf9708278978c42bc18678c2bd8593c8de970a58e1858a0a88118d,fe0cb49fabcf9708278978c42bc18678c2bd8593c8de970a58e1858a0a88118d,alchemy,infura,true,true,cases/ca2-1fe777829f28c3e02e1c.json,ce4134dc78048f92dac7406c9d7838c3cc5d210de6b4063a4abbb4ea8df7a231
ca2-8e3ab047548dade505e8,one_inch_fusion_v1_settlement_hack,ethereum,1bd01c709c90612b8866d6268d08ef90548d46c506a80685dd9ef63a9033921e,cases/ca2-8e3ab047548dade505e8.json,3775d75fdd279f537e89e58463932a7d52a5a97d0e9416915dda413a4ac74c2c,true,HISTORICAL_SNAPSHOT_VERIFIED,188ef0bc509c28f2524c107cbd88f3858a338eac92a804f30cf38e2e3e3f97b7,188ef0bc509c28f2524c107cbd88f3858a338eac92a804f30cf38e2e3e3f97b7,alchemy,infura,true,true,cases/ca2-8e3ab047548dade505e8.json,fee66b6678572cc9f9a1e4be640e154ac4433fd076d20fefd7b58e0e6d1274e1
ca2-194c50c55dd95140a294,onyxdao,ethereum,55dce52ac887055df5f2ae6d4e5b0ea1765fcef8e19b1d686a3d3ece3de04df8,cases/ca2-194c50c55dd95140a294.json,f1f270f38761efa85e69ad5c1ac12e2b472551ac71abca5f3eefcf6bf51787c5,true,HISTORICAL_SNAPSHOT_VERIFIED,0a9214a97078c35c28728e3dc53ba1e1abf2f427b34d2db3ce5b039ef0b3dd3a,0a9214a97078c35c28728e3dc53ba1e1abf2f427b34d2db3ce5b039ef0b3dd3a,alchemy,infura,true,true,cases/ca2-194c50c55dd95140a294.json,b62bc81096c40d8e1b1a8e195822dfa7d784c740c0040b05ead4d3eee37e3661
ca2-252276d076fbf17cb546,onyxprotocol,ethereum,a9185164ca088b46e090cb62f883800ae2b6699f223a2b3f92d16d5e0903a426,cases/ca2-252276d076fbf17cb546.json,e00e1d418893fa10af9cb5692ae7de36cf23950da9a730005df333963cb0ba9a,true,HISTORICAL_SNAPSHOT_VERIFIED,b37800b9c73b80161f896785ecdbda07615e144f98be82da86129f51eddb7068,b37800b9c73b80161f896785ecdbda07615e144f98be82da86129f51eddb7068,alchemy,infura,true,true,cases/ca2-252276d076fbf17cb546.json,016bb3ab7606f1cb2da54ad1c22a95d532fde5034d6f6bf668fa65f058226967
ca2-ca180b9c5c90165fb523,openleverage,bsc,fb4b82db78f308eeec64dd43ef3fac0c5c2b61092947765471cebeddaf68f517,cases/ca2-ca180b9c5c90165fb523.json,05dee8d962c579f6e26ae13f757c663e0918bf73c61435b1609c3901cc485b7b,true,HISTORICAL_SNAPSHOT_VERIFIED,bd004fd7aaae14951efdcbbec2a69ca09be8fea398af4ee9877e16e1c22ad13b,bd004fd7aaae14951efdcbbec2a69ca09be8fea398af4ee9877e16e1c22ad13b,alchemy,infura,true,true,cases/ca2-ca180b9c5c90165fb523.json,1cdc8e077094f90e9fe0eb60e1ff2c910f0588be93f38a61e443066abfe31274
ca2-35c4477f5ae385f13b96,openleverage2,bsc,f466daabafa128d684049ded85cd85a39f00d13e34d62de626e74a2e24c980f3,cases/ca2-35c4477f5ae385f13b96.json,0bd68bed50596140388444d8b7eb0715b8a763033d03f0e8aeaabf6625bab076,true,HISTORICAL_SNAPSHOT_VERIFIED,1206fe4327905fd98c28b8a1579e585e90576169e6888882001a28f8a5d2497e,1206fe4327905fd98c28b8a1579e585e90576169e6888882001a28f8a5d2497e,alchemy,infura,true,true,cases/ca2-35c4477f5ae385f13b96.json,39280d9ec6bdd6187c847718e41e3b76a0f46391ee60870caf331c404ec67bcb
ca2-b7ed9e346aa4cb6ca834,opyn,ethereum,8fb5a53564375f8ae89d3814cb00479f5d03a73adae8ae41d485a50111049d53,cases/ca2-b7ed9e346aa4cb6ca834.json,b0f9475350be184b7df0c9de09adf1c9fd8df646dfef352f7478b6045728c1f8,true,HISTORICAL_SNAPSHOT_VERIFIED,75f1979471d740b2cfd3c27326a790bf60cea498554296605dadea5a82d11df1,75f1979471d740b2cfd3c27326a790bf60cea498554296605dadea5a82d11df1,alchemy,infura,true,true,cases/ca2-b7ed9e346aa4cb6ca834.json,f1a9bca784d061d0f00a3bca7bb13fd3a7415f2d1dffc21b5f94c31c0bed5f9d
ca2-ee795333beb4dcb94cce,orion,ethereum,3f49e1725ac528c48d8b824eeb4511160d9ad0aa62694c9d023da49ff2823d0f,cases/ca2-ee795333beb4dcb94cce.json,91adb42d14780ba78a498a783cc79e6fca5ebec161e99556732e336f323d2eac,true,HISTORICAL_SNAPSHOT_VERIFIED,65261d15596c9a64233c9c0548240c69aa7cc84582f0ad1a5c4b8f6ffcb19982,65261d15596c9a64233c9c0548240c69aa7cc84582f0ad1a5c4b8f6ffcb19982,alchemy,infura,true,true,cases/ca2-ee795333beb4dcb94cce.json,a22aca04877dfc3499f4d4e7edd1305c811aaf2aee984f64afb5a686d3d319d7
ca2-351de4f0c9d0919d5212,osn,bsc,03e7bb91e3923ab98edb9ea426ebb3554db06597c5722406a2c115e72c1c38a0,cases/ca2-351de4f0c9d0919d5212.json,fafebbf0add3904c591205a5ec6741196892309b0bbd7cf98cad109ce6592b5e,true,HISTORICAL_SNAPSHOT_VERIFIED,1a2e46d7fbf11690f2995b927006504cab1aeb167d5f317b004b55de3d4bc23b,1a2e46d7fbf11690f2995b927006504cab1aeb167d5f317b004b55de3d4bc23b,alchemy,infura,true,true,cases/ca2-351de4f0c9d0919d5212.json,2063bd739ed48c5aba56e172b3c6107fb069ad1ca718150d19241b7164c1d760
ca2-a21d0869309e8d547595,otseastaking,ethereum,7c4512b316a8449667745034039a84af6db5a4299a8e03487e340079199fcc12,cases/ca2-a21d0869309e8d547595.json,3048c71cd4c078a471d240ccd8f943d2af21b75560cdcaa08f558d1c8d5ff562,true,HISTORICAL_SNAPSHOT_VERIFIED,11853e070cb9b2d28a6bbe09a454f4f227cf6cd56a70d603650e353cf6eec707,11853e070cb9b2d28a6bbe09a454f4f227cf6cd56a70d603650e353cf6eec707,alchemy,infura,true,true,cases/ca2-a21d0869309e8d547595.json,ef2cbe3c7cc487bebe313b641abb0f6fffb7491d0da6b67dd29b26c50f180a94
ca2-0bc1321f2d440dbae4b1,palmswap,bsc,5d6f51eef2affcbd5c318d1e37819c956d1da1e83913115f1c793d3577feb587,cases/ca2-0bc1321f2d440dbae4b1.json,18ac3ea4c9b938b706f744c39e68e829a0936390e5f51dccfff589f2dabb96da,true,HISTORICAL_SNAPSHOT_VERIFIED,3f51a453d14e70d685bba3db774946ea67c798d16f7bd3d7ecf632b6af41ac86,3f51a453d14e70d685bba3db774946ea67c798d16f7bd3d7ecf632b6af41ac86,alchemy,infura,true,true,cases/ca2-0bc1321f2d440dbae4b1.json,9eb9b33cdb718d4b820d45bf2054b1bfabd579c439153aa176670f2f38796d87
ca2-7c6082cada48d720f171,pancakebunny,bsc,d36473f91c01ea774564a403c3d13d1d57eba38faa4e3b7f5ece83e605860b85,cases/ca2-7c6082cada48d720f171.json,79b9c8ab5c1ec902961a15da10dc7cef7d2cf70d8d2bd53bd6f49053eadd8f07,true,HISTORICAL_SNAPSHOT_VERIFIED,074d318c116ec6cf27605b1fd4875cb85dab6f81bc1fb71567f8e1f766b045e2,074d318c116ec6cf27605b1fd4875cb85dab6f81bc1fb71567f8e1f766b045e2,alchemy,infura,true,true,cases/ca2-7c6082cada48d720f171.json,f8ceb5ae613e97dee551adb5f409bb5bec246a923ca39ebec78afb880b970246
ca2-275669506c0506e44e0f,pancakehunny,bsc,a44de63365029a133708d47a360adeaea7dcfdf310d9e51d9fb28a9b1eaa45b2,cases/ca2-275669506c0506e44e0f.json,fa59aeae4513036cfb1b9c85d57732bb877da6a2d0c5516fa4d6f2801041ea4f,true,HISTORICAL_SNAPSHOT_VERIFIED,91ff909c3c09483fde2a9e96023c6748ab7a702e255cb4afdd5876226cc65525,91ff909c3c09483fde2a9e96023c6748ab7a702e255cb4afdd5876226cc65525,alchemy,infura,true,true,cases/ca2-275669506c0506e44e0f.json,4317622a14f810cabb32280e0d773df5e1a63f174f46cb94c6938bee47f90df9
ca2-ac986ab36ff83135b05f,paraluni,bsc,c47103664d90605c7a79d31a1d2c46d375a6dcd5547ee32d3dcd887fea9de8be,cases/ca2-ac986ab36ff83135b05f.json,74ea515a187e70b3519ff19cd845d36d1818b44002f3723bb1951c85ec7e545c,true,HISTORICAL_SNAPSHOT_VERIFIED,098f161509466dd75dd6018fe2e56c58d02966704ec029591632b6044bd46a84,098f161509466dd75dd6018fe2e56c58d02966704ec029591632b6044bd46a84,alchemy,infura,true,true,cases/ca2-ac986ab36ff83135b05f.json,f851e4164381edde0fb69d7bf313081c050438a2fb5e725a76ccfda75c0904fc
ca2-a86a6b86d343ba9e3bdb,paraspace,ethereum,2fcebef44f279a99210e3407bebb8346b09b6ca9bf2445c9630a4d3f64d7fc41,cases/ca2-a86a6b86d343ba9e3bdb.json,a2c4fb67fd27c3e49cc46f07ca73f9cf5e5ed8361911cca00d06424f923a5d5e,true,HISTORICAL_SNAPSHOT_VERIFIED,a8c3b7f697e547339f9829c1cc594094380fcc67c8e605ff3d4caa23cc85ede5,a8c3b7f697e547339f9829c1cc594094380fcc67c8e605ff3d4caa23cc85ede5,alchemy,infura,true,true,cases/ca2-a86a6b86d343ba9e3bdb.json,e4b6c93a82b1aa44f4ae3155007cf11fa42c0ef28e4a66fb003a6de7998dcf64
ca2-aa99cf4dbaf4c7bb8459,particletrade,ethereum,e3c8fd01811a008e91d490297f81f0938e55e5fe1775e8104823f67e70a6f4cc,cases/ca2-aa99cf4dbaf4c7bb8459.json,9c56950332d9906c463a682aee99c0aa06f2157c29027f2e576d22c4fc909eef,true,HISTORICAL_SNAPSHOT_VERIFIED,02e5f1b40768f30cf618edeb0cbecf27b5ec0d6bb1511426477f98a913b69848,02e5f1b40768f30cf618edeb0cbecf27b5ec0d6bb1511426477f98a913b69848,alchemy,infura,true,true,cases/ca2-aa99cf4dbaf4c7bb8459.json,c47cba63a1a2da47b454f9af46390afa94e87feae627b6e0d38a3a2626a9cd6c
ca2-6af08ae1ba1d426949bb,pawnfi,ethereum,692375ed86771bd4b06673448c37c31919234034fe96cd7255df6fbc3ebb4d8f,cases/ca2-6af08ae1ba1d426949bb.json,216b48dd7efe6cfbb671b32d6da7f558af2c58f96b30010f189f531a0c3c5ba9,true,HISTORICAL_SNAPSHOT_VERIFIED,697db3368a0285258eee154ca9bd610b03efbf00e59ebd6815be601b78493e73,697db3368a0285258eee154ca9bd610b03efbf00e59ebd6815be601b78493e73,alchemy,infura,true,true,cases/ca2-6af08ae1ba1d426949bb.json,d85ee0db9de18dbc83fc230ef21e2a33acd0499437ddeba1be310146a82a61d2
ca2-fe0426b19503c34e1f18,pdz,bsc,d34afb6136d5b9e0080ce7a89e0721095d60de89e5100eca556cbce20ddb4c5f,cases/ca2-fe0426b19503c34e1f18.json,06ad546e68b30288f01da80517aec8015e2963d56931fbeb46c52ec2886eccea,true,HISTORICAL_SNAPSHOT_VERIFIED,f0ea7316e1e8cd455c815522dfeb98a9cf1f5f1a30a6a27d98eabfb27b9cd130,f0ea7316e1e8cd455c815522dfeb98a9cf1f5f1a30a6a27d98eabfb27b9cd130,alchemy,infura,true,true,cases/ca2-fe0426b19503c34e1f18.json,9e75a0c8d9958910aa5bf141d233a9198635d835cc19fa7b73fd9f9f4a29be7f
ca2-8af0ea955100349da941,peapodsfinance,ethereum,7c4405db703d721b51599670ecc6f07209b7ab00cab1dba771980a1d98fdc3d3,cases/ca2-8af0ea955100349da941.json,27fc870e8d177f909daee086daf9e78f19c08ae5409f6ff88c19b99dfd8fb391,true,HISTORICAL_SNAPSHOT_VERIFIED,3141fc5c423073f57b260299592b2a3c7db1b57df07fb940625fbddce39e48d7,3141fc5c423073f57b260299592b2a3c7db1b57df07fb940625fbddce39e48d7,alchemy,infura,true,true,cases/ca2-8af0ea955100349da941.json,1394afc5595913a1ceb98d473b92f8148e8f6c14276d2e62131259aa81d5c1f5
ca2-8b19d47d1a3d23da742b,penpiexyzio,ethereum,45fd66f3ece1f930db5733c5ade1ebc2c0ce2495907c5af092d6cb3d3f971238,cases/ca2-8b19d47d1a3d23da742b.json,28344d5eb585dc83eae50919483848f12f49fef8a0ed4fdcafb38387c9fe7a68,true,HISTORICAL_SNAPSHOT_VERIFIED,f78534ec33f6b682f86326e3c575b21e98e255420a31a715a83140b6fec0bd81,f78534ec33f6b682f86326e3c575b21e98e255420a31a715a83140b6fec0bd81,alchemy,infura,true,true,cases/ca2-8b19d47d1a3d23da742b.json,666ea6a91ffc263da0cf0387b27b87548c8d68ec13b40f6530371c2b2939b0a2
ca2-3843aa138b13af762925,pickle,ethereum,3128ecab43498cd062db2952d2b980a2887a7b4579c28ae9cbaa2f3679cea6e7,cases/ca2-3843aa138b13af762925.json,f2ddd79e44eb259d8dfb0934a5c30714f9112199f545990d12ecfb9635abbeda,true,HISTORICAL_SNAPSHOT_VERIFIED,39fc7da1e82729f15f677ab5ed6521eb78ed9884d9e4b0c8d16f81a359aefa37,39fc7da1e82729f15f677ab5ed6521eb78ed9884d9e4b0c8d16f81a359aefa37,alchemy,infura,true,true,cases/ca2-3843aa138b13af762925.json,34a32b4b3e0f1fe6e50cd4c36aa996e96b23c773ae14166e1b2d2e34246075f4
ca2-9653ab400e10fa0c044d,pineprotocol,ethereum,3dd1d554ac2085060c7dcc1510a2ebec1dd6a6617b80072318e6f4d2059e931e,cases/ca2-9653ab400e10fa0c044d.json,dabdcdc581e45f2b9ed8279e2d918274e0e02baca30dd671cdff3860cc4022d5,true,HISTORICAL_SNAPSHOT_VERIFIED,fcaeb15f67deaff0e400d76e7b41dca6e7c3f289d131e5d2003691a65e9e6e4f,fcaeb15f67deaff0e400d76e7b41dca6e7c3f289d131e5d2003691a65e9e6e4f,alchemy,infura,true,true,cases/ca2-9653ab400e10fa0c044d.json,f7107ed847df30d95550778b2735e96eb2e008dd9df567e2f4245f653fc9d39a
ca2-382283494db3462edcb4,pledge,bsc,76856b398577f2a8399bf8ee00b3bb300427a760d48d469941b58f504e2cfd45,cases/ca2-382283494db3462edcb4.json,26ec9fc2f9252041f00a243d5579706a7e103da44d902dd59839e8431bdc8a71,true,HISTORICAL_SNAPSHOT_VERIFIED,960031d5c53840a4a3c5aa6e8845fb5026ddc55b66ce1b5fe3975856c55cbe9a,960031d5c53840a4a3c5aa6e8845fb5026ddc55b66ce1b5fe3975856c55cbe9a,alchemy,infura,true,true,cases/ca2-382283494db3462edcb4.json,d90ea071b5573abafd7ff6c296c6781ea646cff8ba475265a49e82473133c226
ca2-1110a2625b12e4b110c0,ploutoz,bsc,1cbf642db83623b05e2d5a95ce4356e39b7e9d1d048b76792fe98a376fb4262c,cases/ca2-1110a2625b12e4b110c0.json,c4ed06c414f80d0f592a26e579622cd3e8ec6d04971547db255a841e4bd14333,true,HISTORICAL_SNAPSHOT_VERIFIED,222d1d88ff44b1f4f9f65fbd3387c0e01b460bae42bb0b25530c258839c5d866,222d1d88ff44b1f4f9f65fbd3387c0e01b460bae42bb0b25530c258839c5d866,alchemy,infura,true,true,cases/ca2-1110a2625b12e4b110c0.json,382eaf96c259867240851f657922d08bbc8219965c7810d7beb10b7d29ee6d48
ca2-8cf05be564db7065817c,pltd,bsc,7af686c173ed2e42856c261afead67ba7e5b70ce8ef28502e518e8b12130d781,cases/ca2-8cf05be564db7065817c.json,9ffbaffca38ce85ef4bb3b7f70d7d6f1a9c25a51c6ad69d5f1b5e88f8f7039ae,true,HISTORICAL_SNAPSHOT_VERIFIED,ff15fe47c8fe8155884d6fc58830d8599ad0b702a06401d973983ff9628578bf,93b63e7bec26284e64c524a1cb1b97debad90266dace3ab320ed0b1a508024a0,alchemy,infura,true,true,cases/ca2-8cf05be564db7065817c.json,14f4e55537b1300f460ef84894bd8e99cb6ee0fca3dd90bdc656c198e72d2432
ca2-ffbe4d4d4db010d46d01,poolz,bsc,5c98a0241b2eca7484a1ef1e457b1005db9bad080e6ac8f0bc9f93089006638c,cases/ca2-ffbe4d4d4db010d46d01.json,e357106bc8feb16174308188ea926664a08e5cca79c626353dc7bcdfa240a82f,true,HISTORICAL_SNAPSHOT_VERIFIED,0a595bddafde8b68d75e2815a2a3d116df6b1049a3e79747fb2fc247d51b4433,0a595bddafde8b68d75e2815a2a3d116df6b1049a3e79747fb2fc247d51b4433,alchemy,infura,true,true,cases/ca2-ffbe4d4d4db010d46d01.json,44aeb739769aa092aa64efe420b69a2b7450390f0dc90c20f7f0f7c102a19dc5
ca2-6f8a2ab5c968b3eaaf69,pseudoeth,ethereum,84382e1f3383368a59d6f5a09cb805283855b9a439fdbb88a33a0ea0b28bb39c,cases/ca2-6f8a2ab5c968b3eaaf69.json,cbd2d5c6db43d53e12feac29ac224fb5c41fe3f9c0081eb5827c269d7d2c4e9b,true,HISTORICAL_SNAPSHOT_VERIFIED,5d506510064459464623a88a3f4dc5c6b036784d65ffd03fba2eda9cc5eebe15,5d506510064459464623a88a3f4dc5c6b036784d65ffd03fba2eda9cc5eebe15,alchemy,infura,true,true,cases/ca2-6f8a2ab5c968b3eaaf69.json,8072329212c0fa0ce85360279741416dc9b49af93b0e66f1758279b2920e6715
ca2-c5f9905c03ee273e260f,qtn,ethereum,39fa5be6ba8db1c2b3bb0403b81fb4a87799e0df823e8315ca6cc8f665238cc9,cases/ca2-c5f9905c03ee273e260f.json,c84b37e40f20fb5e247e44b3751474f2da64edb31652449f4e80343b8ba1861d,true,HISTORICAL_SNAPSHOT_VERIFIED,861e395ca267435f37a8e644083f1cd26c976c8d35fa858a260d27b59c5219f8,861e395ca267435f37a8e644083f1cd26c976c8d35fa858a260d27b59c5219f8,alchemy,infura,true,true,cases/ca2-c5f9905c03ee273e260f.json,fc50ca348d8043c68483302bb8d6a7931f7120906850a1a0cfdd01f246717e6a
ca2-d22c4160c4fed52695d2,quantumwn,ethereum,dc0da88b35ef0071981f36554ab2e62f01e540dffdc60b503f03e127c43e1ca7,cases/ca2-d22c4160c4fed52695d2.json,be07d85ca2aa51b71ff2b399347a1137e8f863da1a6bfee5057fc9c825a3dfd8,true,HISTORICAL_SNAPSHOT_VERIFIED,a2a4543ea0085df61f1411eafd861bcb2e3e3126047a9f713bb838c481329717,a2a4543ea0085df61f1411eafd861bcb2e3e3126047a9f713bb838c481329717,alchemy,infura,true,true,cases/ca2-d22c4160c4fed52695d2.json,e3c81e736966d1741635ce67aa59a43ebe9f5d3d3cadf1c08ae7fd8d9b8be0ff
ca2-ca3ec401a279f9b471a6,qubit,ethereum,22a18328f87f9492c2e3bd5b196a8b76e55e36405631570c6aa9530051328b57,cases/ca2-ca3ec401a279f9b471a6.json,df26cbe43ce21ad5e33ca07759f3c7a79dd289b33e03f5e08249d41bdace2c92,true,HISTORICAL_SNAPSHOT_VERIFIED,15dae27b6643b18af1579768467bebc24eaf98ac0bb0065a313d5be38dd83794,15dae27b6643b18af1579768467bebc24eaf98ac0bb0065a313d5be38dd83794,alchemy,infura,true,true,cases/ca2-ca3ec401a279f9b471a6.json,ada6dcbdfd2df2f1f00d75dc6651407c82525cbf661c7bcb417059682387b53f
ca2-c7586710b826b2f08a35,raft,ethereum,151d411f02c169ecd53e412eb25bf9910767ea20cf9360ae0d4bdb59893fa571,cases/ca2-c7586710b826b2f08a35.json,d37a664914e281ed78b18f18a2bc8f84f710a50df51268a99450eab962e1246e,true,HISTORICAL_SNAPSHOT_VERIFIED,0bfe307bcc187619c938ea73375b0c5d30422cf5cab84ac1939699ca58ec8e9b,0bfe307bcc187619c938ea73375b0c5d30422cf5cab84ac1939699ca58ec8e9b,alchemy,infura,true,true,cases/ca2-c7586710b826b2f08a35.json,8a243d29d42bd65a504e39e4eb93e68561bdd26d5f85477e92e8d9a0fdccecd5
ca2-b89108fafba359a9828c,rant_token,bsc,07655e81633025cdc334e1f26de95adfb14f6549635bf6152f6c5c3990dd650f,cases/ca2-b89108fafba359a9828c.json,e74de35c35b24d5021f6a7025690938664b8f82fa63d35659aed643f639d4749,true,HISTORICAL_SNAPSHOT_VERIFIED,68f9a0c49bc0a57e137269576b76c161a65fe82f1a63c7c1e5a602b7e4465d4f,68f9a0c49bc0a57e137269576b76c161a65fe82f1a63c7c1e5a602b7e4465d4f,alchemy,infura,true,true,cases/ca2-b89108fafba359a9828c.json,bf319a44e9ad2721e6fe42c5a4b1172266d971588015624f00147935e96aa312
ca2-332ccdc5e82202082265,rari,ethereum,8e7a948c2355ca828c3ccdf3678609b9ffbc5efd0dcd64400b4199778a950e68,cases/ca2-332ccdc5e82202082265.json,c5943aa403393795631a2387c09d70da247901d2bdf40d1046e6d46daf972232,true,HISTORICAL_SNAPSHOT_VERIFIED,95273a34756aa3d24aa8605d6df3d68ed1ad40a38e515b10e5f06880ff56fc49,95273a34756aa3d24aa8605d6df3d68ed1ad40a38e515b10e5f06880ff56fc49,alchemy,infura,true,true,cases/ca2-332ccdc5e82202082265.json,6cbc95c60b77d8ccc20c0e7024b46839061b170b02c054abe083ee80e520a980
ca2-511b838cc3ae7420a912,rbalancer,ethereum,2d744cfc96f6834b752ebe30a95c03a12bf6ecadc017b5fe8992491b4a676ef6,cases/ca2-511b838cc3ae7420a912.json,b7789bc2b5958a0e727221589db57e5bde6e8da6e0b32c108e4861e3a923b8f0,true,HISTORICAL_SNAPSHOT_VERIFIED,0bf9a321773ee45230e11f11839d2fcfe464cd6369aaf2dfba8c5f35c6ab3388,0bf9a321773ee45230e11f11839d2fcfe464cd6369aaf2dfba8c5f35c6ab3388,alchemy,infura,true,true,cases/ca2-511b838cc3ae7420a912.json,d7f088e526d83e99fb166dd285bbf45d0274496dafef95a76538f6f9c347a2b7
ca2-758d99036031cc6eb400,res,bsc,71e2e8977513ec60339fa954ad1a382d933061447c58de0737fac12272b15dbc,cases/ca2-758d99036031cc6eb400.json,7aa3aac704700b8ebd95d9838dccf94a6a62dc60fa1fd8beba82ffedd75ce696,true,HISTORICAL_SNAPSHOT_VERIFIED,0ecde83e3536b36e3f0db5193a822662a120110bb432a7d4bc15cca56b6f4915,0ecde83e3536b36e3f0db5193a822662a120110bb432a7d4bc15cca56b6f4915,alchemy,infura,true,true,cases/ca2-758d99036031cc6eb400.json,b268e79a0bc250f8fe8b5868c3322f0ffabb34b8aa6c98d30a72dabbdc82ea67
ca2-301863287cb1e49bdbb5,res_2,bsc,e4e7840a196e5802f12e60d3748e85972e4cf48cc24e7e8c7fa7d607e2c7b452,cases/ca2-301863287cb1e49bdbb5.json,1eb5f0aecfa9236d98bf3e36c3c43efbc6e201650b8389ce89d19d0c7f10b757,true,HISTORICAL_SNAPSHOT_VERIFIED,0ecde83e3536b36e3f0db5193a822662a120110bb432a7d4bc15cca56b6f4915,0ecde83e3536b36e3f0db5193a822662a120110bb432a7d4bc15cca56b6f4915,alchemy,infura,true,true,cases/ca2-301863287cb1e49bdbb5.json,8fec12bd7620818dff87392913fc7669f735095e2b8e4b5689c5d69ca28e09c8
ca2-4de34020e1fa2eaee68a,revertfinance,ethereum,6ab720bf47c11025963c5f3ae4c77ed08308a740b0fcbb0f74951730a8eda6c9,cases/ca2-4de34020e1fa2eaee68a.json,d309ab5722ef979d9ccf85d17d172387525d5a548786a19b03cd33d0ce59631a,true,HISTORICAL_SNAPSHOT_VERIFIED,7f2c31764a510940cca514365db840cd67ac526e81978a6f509665ee4196b8e5,7f2c31764a510940cca514365db840cd67ac526e81978a6f509665ee4196b8e5,alchemy,infura,true,true,cases/ca2-4de34020e1fa2eaee68a.json,7f2f9de53ac7c19ab2e6f577e36b5d5c953c13d5772b95310de22f9f3a5b41d5
ca2-e75c05f94545176def00,revest,ethereum,044e51f6c2fa8e9a8cc8957b477b7adaef2e6d299da9b3e1738a04b9ebaa05c6,cases/ca2-e75c05f94545176def00.json,eb2097df95573d3fa97506ca0872369d055fb29616e7342b35a095a5190ded37,true,HISTORICAL_SNAPSHOT_VERIFIED,8993c1249b0eb0afc220264fc70a338f16ae53deb157174a7935d1ebbe9804cd,8993c1249b0eb0afc220264fc70a338f16ae53deb157174a7935d1ebbe9804cd,alchemy,infura,true,true,cases/ca2-e75c05f94545176def00.json,5e67180efee2f86cf52a7e8ea1c320f453d85f80f3d35f752c09e6beb2bf84c6
ca2-cb9d62babfef067f9bc8,rfb,bsc,344ce3486db05e0b0edafe1e2c7869849dac1464da50b8852c0bd0c9c8c9d6e7,cases/ca2-cb9d62babfef067f9bc8.json,9bc1e2cc6b99a7099a9914a4f9ca6eb3b180e5d64ba1fc9490107015192ed782,true,HISTORICAL_SNAPSHOT_VERIFIED,5dd651d8998438b9b009a5725f42fb9c85931a38ad5d2b31db7d1e427fea0076,5dd651d8998438b9b009a5725f42fb9c85931a38ad5d2b31db7d1e427fea0076,alchemy,infura,true,true,cases/ca2-cb9d62babfef067f9bc8.json,18e4930a6a8c93ae77f4c0282996ba7f8c2f790677ef7316fa942fcb100e261f
ca2-cc09312220e115bde016,rikkei,bsc,ed0c6e510fb924fa80be26ee151dfa6bf6977d4295eb86d0aa54b3df67f48a99,cases/ca2-cc09312220e115bde016.json,cf2d0d1b7dccdb70549c510f0bb1236ef9367d3861bce4d78392530dc0b0dc55,true,HISTORICAL_SNAPSHOT_VERIFIED,222e84dc2d218203d2ac165592e0b62d5eca4aca2f0cba7c653abb45ba40ad47,222e84dc2d218203d2ac165592e0b62d5eca4aca2f0cba7c653abb45ba40ad47,alchemy,infura,true,true,cases/ca2-cc09312220e115bde016.json,2327b2ed41669817d6aa5075318bf6836d8d85a7c90b863bb50e2fbd5d74663e
ca2-604ce8fc1c483067805c,rl,bsc,36980588061357cb99a5a05788755a7792d0efdb292dc2ff2685f24ab3579cf2,cases/ca2-604ce8fc1c483067805c.json,b1a260d30833d11261bd95141da64650b415d3114285d1617905c9ed0f895ceb,true,HISTORICAL_SNAPSHOT_VERIFIED,ca826f07bd24c14dca1a546f6f15d02ff4b434f52bcee43ddb112634e4dc5605,ca826f07bd24c14dca1a546f6f15d02ff4b434f52bcee43ddb112634e4dc5605,alchemy,infura,true,true,cases/ca2-604ce8fc1c483067805c.json,12eba8c8c749153d693b5329636ded23e8c6ae26b1f8c803464565e6f523727f
ca2-0bd28c93ecf3fec1d833,roefinance,ethereum,4c57c4ef244f26a924f4ebe41233aff3dfb6357d19a9d6d1e245ad754c7637b9,cases/ca2-0bd28c93ecf3fec1d833.json,9eaccaca69d249472ab676d5a2b5bf14c41b7afeaa9a6721a02c50e3b92b8961,true,HISTORICAL_SNAPSHOT_VERIFIED,0a2d393fb277f055cca4aea8c5d58b681211c3b6279dfa35abb99bfaad0fc4b9,0a2d393fb277f055cca4aea8c5d58b681211c3b6279dfa35abb99bfaad0fc4b9,alchemy,infura,true,true,cases/ca2-0bd28c93ecf3fec1d833.json,c5d948795b3dc318313d71d4868f71d9680f3e583168a4085eb6460d4a1c3b06
ca2-3b0aac1754ae5d74f870,roi,bsc,91b6d398ae79a3675882d49e5ea3383e6932eb02277a4f0535cf689d4768b8ad,cases/ca2-3b0aac1754ae5d74f870.json,d562eff1edbff8327ad533c63b950a590dfd28cee953c092f075bf79c51d0111,true,HISTORICAL_SNAPSHOT_VERIFIED,6b8a20e1bb0b325a2dcfc06dd6854ceaa6adc9d62b92946b5a149deab02dc140,6b8a20e1bb0b325a2dcfc06dd6854ceaa6adc9d62b92946b5a149deab02dc140,alchemy,infura,true,true,cases/ca2-3b0aac1754ae5d74f870.json,b2ed7c4e9cc44be2303c6d0431c35b3ad7b7f98bb0ebcf17fa7e9f61a5a3633d
ca2-53f0c0893c96da4fd077,roulette_pot_v2,bsc,450d760365437f625ba28ac7b2e5962a6f8d6313351e37321428f4dc49ccc087,cases/ca2-53f0c0893c96da4fd077.json,dcf879e9527a146c8940f8e57a2c5776d0039822bc89d37c40ab0d0f74d6efd2,true,HISTORICAL_SNAPSHOT_VERIFIED,e23e818802faff39271bc8f8449396558c394443120d0179c4f7febe14328c0e,e23e818802faff39271bc8f8449396558c394443120d0179c4f7febe14328c0e,alchemy,infura,true,true,cases/ca2-53f0c0893c96da4fd077.json,16bbe13fd5d8719de388d1696ccbd77ef80bcda93e67a791df40648eda6be397
ca2-4ab53dc147bf1894e356,rubic,ethereum,cff96bd739a652a0f98910f1c8802a6244dfd1e23a1d7dd28c256b8fbb433970,cases/ca2-4ab53dc147bf1894e356.json,495497574e08f19415615c6318dd10f2ab3ebe93da36351e904b5432c72ab0cf,true,HISTORICAL_SNAPSHOT_VERIFIED,b2a286d33bdeb7d1387ded5560cddadb4f945d98aaeea3bb9453ba6e8ebf8716,b2a286d33bdeb7d1387ded5560cddadb4f945d98aaeea3bb9453ba6e8ebf8716,alchemy,infura,true,true,cases/ca2-4ab53dc147bf1894e356.json,c091675e9e83fa833e249e306c26c0df490486b2d86a58e5b6e81899011de105
ca2-c76c240f897354a45770,ruggedart,ethereum,46c51859b8673a2b9a44e6269ff1a05073c94b91c55d3820c6570d5389b233fe,cases/ca2-c76c240f897354a45770.json,628ee33ef2ecc926d31167a4987de89d8133f6db75d6e3b419db38f52209eb83,true,HISTORICAL_SNAPSHOT_VERIFIED,c0eadc23335d1103a91a517bf13a79ca569061da0767e30b068da3998d4251ae,c0eadc23335d1103a91a517bf13a79ca569061da0767e30b068da3998d4251ae,alchemy,infura,true,true,cases/ca2-c76c240f897354a45770.json,d806fafc0da6777911e88be90a3533d60af472b1c857a1f90988010d6b356921
ca2-c9253cf4e2d235460157,saddle,ethereum,0f5f6b4b5371e70da8f942c3499c218b010a0b50332dc86096b96f6893c20224,cases/ca2-c9253cf4e2d235460157.json,29ad61dc41e5d32b7709e63636b258518f851737da0908a39a442d8566b1e2aa,true,HISTORICAL_SNAPSHOT_VERIFIED,9c780d9bb7ddd0291090932bb7878430a8131d16b24cea4db6531ce914e45a3f,9c780d9bb7ddd0291090932bb7878430a8131d16b24cea4db6531ce914e45a3f,alchemy,infura,true,true,cases/ca2-c9253cf4e2d235460157.json,53d88606080570d0146c8633c4b7661d70d6b45260008e5de15105d6bd89f191
ca2-6e83ea5ad89c085e5f5b,safemoon,bsc,a6f6e8be7a67bdef1c162bead5db63fc3e4c1014ad90dbf8ae772b533f252e13,cases/ca2-6e83ea5ad89c085e5f5b.json,93a27c94b916d1d7aa42ace68ffb5ef80c6247bcbb999a6960817ec7638131c8,true,HISTORICAL_SNAPSHOT_VERIFIED,fbbb07bedc0ae8cf6d3837b59a583d124727a3203ed5155e0c4a31e2df323999,fbbb07bedc0ae8cf6d3837b59a583d124727a3203ed5155e0c4a31e2df323999,alchemy,infura,true,true,cases/ca2-6e83ea5ad89c085e5f5b.json,cb2a1339ad8e03d148e9d2b1af9c40eab491f5defbe6df4c235210505e9b8a90
ca2-48d4577fa72f25875ad3,sandbox,ethereum,4946d7b4c93c89b5aba182585d427a307b9bc345f4e8e5316b047c7b8e1b0b8a,cases/ca2-48d4577fa72f25875ad3.json,f1ff6a2600850df6ac6b6cc095a5cf75f8959865435acaa5cceb6dca2a11b86a,true,HISTORICAL_SNAPSHOT_VERIFIED,936ceb6a6b79ce9e732fa904f9d256bee6f1e1b32baa10a6d5e612fa822c1787,936ceb6a6b79ce9e732fa904f9d256bee6f1e1b32baa10a6d5e612fa822c1787,alchemy,infura,true,true,cases/ca2-48d4577fa72f25875ad3.json,e8244da27bcc8b10a0a96b3fcf3aa0e84fd189bd875863af81856fd4821ecce0
ca2-170efb900eb90211eaa2,satx,bsc,27015000bcd40d6f175c05908406d627663c1117fe0daadbb8353e330c203d82,cases/ca2-170efb900eb90211eaa2.json,b3449de6ba03fc7fb6cdf3982544df85e4291341f38cc27ca8b15dc1631ea8fb,true,HISTORICAL_SNAPSHOT_VERIFIED,c44710682af678d9585aec9a844f7294d9833368ba4e82faae1fb1191d5d81ed,9088da6e80c1d84fb4fb17d48adb46750a35e96bd87fdf41ff7eba664afe0831,alchemy,infura,true,true,cases/ca2-170efb900eb90211eaa2.json,83996843380a385180c43c4aa7b053c1d02eb679ecb730b58302209a2985bb5a
ca2-92eeb1ebc356ab25288f,sbt,bsc,00d55495c659b8930abf71f4e32a4624e88e688fa2dea7758d5e7c7ed8d1977b,cases/ca2-92eeb1ebc356ab25288f.json,52564344c7ec4e2232f7d7f26a3b8206adf861bf05f738a90aca9090055bcff1,true,HISTORICAL_SNAPSHOT_VERIFIED,994b67b6da31b632f082991892c036126d926a27b3c45ad7779652777f8b00b0,994b67b6da31b632f082991892c036126d926a27b3c45ad7779652777f8b00b0,alchemy,infura,true,true,cases/ca2-92eeb1ebc356ab25288f.json,bebb80b438014adbe0d9ec31ca5acd532b3a290b236f030523bf99d6a8d9f02f
ca2-8b0370be76c7c7e05d59,sdao,bsc,1e4c395e83539c9a1aaa17dc22e8d4d1800df026b4f39c36d5a5ee5b2a530c2b,cases/ca2-8b0370be76c7c7e05d59.json,c5a9a1830ee2106f5c055a146a8946bd41eb2ff3c7bdf02fd7015aeb1d35e70b,true,HISTORICAL_SNAPSHOT_VERIFIED,2c64f34c5bc01c7fbb6c85865016833d0491e4bf6e1587a54e51676b9feca12e,2c64f34c5bc01c7fbb6c85865016833d0491e4bf6e1587a54e51676b9feca12e,alchemy,infura,true,true,cases/ca2-8b0370be76c7c7e05d59.json,b45bff5ae77095c1f69c2f47612d21e7019168fe80696f741b6b3e6060ea2adc
ca2-d3a51f08e6355a17ca20,seaman,bsc,740aa85412dac90a1035f10e6cab11ec5b0357880bbb2b77755677407b478172,cases/ca2-d3a51f08e6355a17ca20.json,fb1e61f23e2289067e4f294775e8cb595ff94cac0f56591603ad18339c942ae3,true,HISTORICAL_SNAPSHOT_VERIFIED,57ef91186fc12b8e96c96858f9cafc68b51e9236f5fda7e1cd23fdb36aa6c1de,57ef91186fc12b8e96c96858f9cafc68b51e9236f5fda7e1cd23fdb36aa6c1de,alchemy,infura,true,true,cases/ca2-d3a51f08e6355a17ca20.json,c004d9b44096a626ad77ac8c5fc581076694e7edab3d786c3238ce7d89cb8293
ca2-f18eddf4c9f68d58e510,sellc,bsc,8b92805660793cb41300e8a9e4342b9fbfaf86b81ee67a285e019934d8d6acbe,cases/ca2-f18eddf4c9f68d58e510.json,4bb246d76f2a1cf2e5ca44ea3838b6292367cb55dc1dee41ec65244d891ec052,true,HISTORICAL_SNAPSHOT_VERIFIED,846f88a109b8a8d4b8685e4a21c08baa244c90635a2501996396e111aede56b1,846f88a109b8a8d4b8685e4a21c08baa244c90635a2501996396e111aede56b1,alchemy,infura,true,true,cases/ca2-f18eddf4c9f68d58e510.json,61795ba40f53bb43f3789202089dca11c4115fb2c0154538a02cee81e1beff5b
ca2-b15231d961b437b62264,sellc03,bsc,7159e40ec8bd5986461842e958f0d5cdfc4474ce050ea9958dbd48165089a691,cases/ca2-b15231d961b437b62264.json,2531eb156d8a591b151cb1ebed8779c14d1c94075ac9452cc98f3bc7f7227f6d,true,HISTORICAL_SNAPSHOT_VERIFIED,55806dc0219eb8cf6d39d94cbfb9c65403141ec0b4097c6b578bddba599d6edb,55806dc0219eb8cf6d39d94cbfb9c65403141ec0b4097c6b578bddba599d6edb,alchemy,infura,true,true,cases/ca2-b15231d961b437b62264.json,a53694572c493ca10bfa19c073cd0c5f63f9a3501cd0b95c7bf70eb065f47f9e
ca2-429b8f8a4d1baf287471,selltoken,bsc,aa57afbd42503896362fe88c53aba30cb173d44d8afd8b170e82b41eade44345,cases/ca2-429b8f8a4d1baf287471.json,a1d1dcca121c6a26380f1b5ec1a0cb223a4d3a302d5f1c6c24791d492d267274,true,HISTORICAL_SNAPSHOT_VERIFIED,8a1c39e6af9c4c9bb293d3efb7224be7b07d1aab64f6c6e2d6aec7a9369c9742,8a1c39e6af9c4c9bb293d3efb7224be7b07d1aab64f6c6e2d6aec7a9369c9742,alchemy,infura,true,true,cases/ca2-429b8f8a4d1baf287471.json,44e30c4e7301f8d0e87ad2027ccaa827b39b1b21470f5ae0ed2cca216f4ec3d0
ca2-e7cd16bb64166a6efe64,seneca,ethereum,85eb2343754246b2eaffa93836174ff60dab140c3cf03e20bf0b5d9a72bf475d,cases/ca2-e7cd16bb64166a6efe64.json,0afb29ac236c15ff2ffd2a57939f01f831ce1740262de6ddd378e2237b123e02,true,HISTORICAL_SNAPSHOT_VERIFIED,4973814f5d7108dcb7f914dd5ae38d9b74f4fd738cb36ba0af1052c4471fee65,4973814f5d7108dcb7f914dd5ae38d9b74f4fd738cb36ba0af1052c4471fee65,alchemy,infura,true,true,cases/ca2-e7cd16bb64166a6efe64.json,360531e3acf38aab69a86dc3794e673e4d078d5c5f4a0a58d93d91fee84811cc
ca2-742774bf4edd46ad6f87,shadowfi,bsc,6c84ba1269766bfc67d8f24bd68446a0e49aa50d85d6e44747ab9da4f4987184,cases/ca2-742774bf4edd46ad6f87.json,9536b354697d260108d9075702112710ad5a77cffe1aa8e4f1bcfb1e4d2e8e21,true,HISTORICAL_SNAPSHOT_VERIFIED,b0edfc72eb4aceeeae08c9ae82754da19b33f2a9eaffcea3a7741a69e4e43c16,b0edfc72eb4aceeeae08c9ae82754da19b33f2a9eaffcea3a7741a69e4e43c16,alchemy,infura,true,true,cases/ca2-742774bf4edd46ad6f87.json,4e62e06659c59313d71a2776b736a2d9aa68310c9d1ff0f5b47372fd085bd8e7
ca2-91206b717060c4fd7b39,sheep,bsc,111de0c50ba4e98875c57f0680a63180c411002d8666c0baad99952478b7c458,cases/ca2-91206b717060c4fd7b39.json,e9cf6aec2ab79426b905cfc9348f9a8c998a01eb9fa2724533a6b36d8c58bc0c,true,HISTORICAL_SNAPSHOT_VERIFIED,8a1b063912a1599ed137fdaf5d2337665f836d0d7dcb4d8efce73e31fcb37608,8a1b063912a1599ed137fdaf5d2337665f836d0d7dcb4d8efce73e31fcb37608,alchemy,infura,true,true,cases/ca2-91206b717060c4fd7b39.json,dd65c00a64047ddcf23bc1463787227c6fc04e0bd5780eb2c2824c5b74eed4a0
ca2-87e3cee3e857278adb8f,sheepfarm,bsc,4c50f729c5edc00d94278e90256e786fa05fc473034cf35b7afdf0b74ed07dfb,cases/ca2-87e3cee3e857278adb8f.json,b9f5f6e29820f25bbd51f33e28b0de730f3ffe8fb0ad29ff31566a9fba637319,true,HISTORICAL_SNAPSHOT_VERIFIED,5f659cac938c29949449d89d9ed7b799e942d1c8b9dbeedcb62dfa7907041f0d,5f659cac938c29949449d89d9ed7b799e942d1c8b9dbeedcb62dfa7907041f0d,alchemy,infura,true,true,cases/ca2-87e3cee3e857278adb8f.json,b2c7708b56f39889bbe392d20738ecc5407cb224b57fbe0eab752190dc11ec5e
ca2-61379f018c08925d7ecc,sheepfarm2,bsc,6e279fe9f042f5a1e522b5cfe4ece3457fe8fc3143c351b50de0bd7dde223cb5,cases/ca2-61379f018c08925d7ecc.json,b658330131980de7da928b2a94be977a45fea2ddbaf6be54851686b4b8837158,true,HISTORICAL_SNAPSHOT_VERIFIED,5f659cac938c29949449d89d9ed7b799e942d1c8b9dbeedcb62dfa7907041f0d,5f659cac938c29949449d89d9ed7b799e942d1c8b9dbeedcb62dfa7907041f0d,alchemy,infura,true,true,cases/ca2-61379f018c08925d7ecc.json,b76bf780c05ceac4d99bf8be0ff73b058cb17c9254f34f6e3293f9d12757318b
ca2-db4133161e8ad967d9de,shibatoken,bsc,c6d01456833e41fb7ec95288bb14c3f75643686fe1c267475cae32af32041d0b,cases/ca2-db4133161e8ad967d9de.json,6942e7c550e7ddc73957bade674345110deb72550db7b4d413e6112cc4aec1ef,true,HISTORICAL_SNAPSHOT_VERIFIED,53ea8a2be13df85fec07524008f9b86dc71f284ab0020f5ea7cd1158bcbf0515,53ea8a2be13df85fec07524008f9b86dc71f284ab0020f5ea7cd1158bcbf0515,alchemy,infura,true,true,cases/ca2-db4133161e8ad967d9de.json,47fb356d0a1db540545c4dd70999c21047e61262d898fa4fe31cb426c5c737d7
ca2-0973b5638247f1875b62,shoco,ethereum,02c31c0b43043558d23b9c65faaa2aa4702d4fd6f2eb036e41616030b46563e7,cases/ca2-0973b5638247f1875b62.json,a843f8618988d5385ed5078de06a33e88fac4910b186c108f6029410f443f6ab,true,HISTORICAL_SNAPSHOT_VERIFIED,48e257c534635a5f57d6867a36ff299b386fe0b410c69eadb45ebd2be0fcc4f1,48e257c534635a5f57d6867a36ff299b386fe0b410c69eadb45ebd2be0fcc4f1,alchemy,infura,true,true,cases/ca2-0973b5638247f1875b62.json,88ee9fc994c1e15b15a18d06983680456fd44622f91507dc5c35d4a97a278e5f
ca2-0f2e70bb64b6ee9426eb,silo_finance,ethereum,57e06095f237033ae4c792d119a46327320a45d9973d4712bcd1aae0afc39c87,cases/ca2-0f2e70bb64b6ee9426eb.json,068e8ff170de7ffe3eb636b0086ba9e87797eff88e7c9d612717d11dded28d1b,true,HISTORICAL_SNAPSHOT_VERIFIED,2d4dcef608a694a2680615e5ee913003202cf5ee430741c9b434e76b43bacd3a,2d4dcef608a694a2680615e5ee913003202cf5ee430741c9b434e76b43bacd3a,alchemy,infura,true,true,cases/ca2-0f2e70bb64b6ee9426eb.json,f9a2e79fbf08a9f20176911d6a635877505d35ff768b080fa83b789169e5ba18
ca2-92a135a9bdbd676ee494,size_credit,ethereum,1ea600fa060b3e8b13fc6582e4d4f511ce424c7e7785096aeb418385f91c1a31,cases/ca2-92a135a9bdbd676ee494.json,3b9f00a3b5f85b783cd91bc8c1958fdda7a1b92bde6b683cf15aa82b3c821bf2,true,HISTORICAL_SNAPSHOT_VERIFIED,47168e619eca9631e57cd985d302c7aaa581223bc497ab54a61805764bb4be04,47168e619eca9631e57cd985d302c7aaa581223bc497ab54a61805764bb4be04,alchemy,infura,true,true,cases/ca2-92a135a9bdbd676ee494.json,80fc54b297a3f962adc644d7ad446f53f18fbed39ab1fd4f206acf5f072aa857
ca2-f3e658093e457630a524,snk,bsc,6d3931a9c70287f2b30d15a1c1045df209808c487bf24a318d002845a7836d81,cases/ca2-f3e658093e457630a524.json,661380e633c769627cd2c9b8ace080eb99b9eb2156aa1342b454f76b04f31ae0,true,HISTORICAL_SNAPSHOT_VERIFIED,8e9b617305bec51f1ad1f8e1e740b6943b65e98df9d8e99772b5e1e3a46ea482,8e9b617305bec51f1ad1f8e1e740b6943b65e98df9d8e99772b5e1e3a46ea482,alchemy,infura,true,true,cases/ca2-f3e658093e457630a524.json,616844ff387dd67c4424823110dd2bd30fe65a0f433327b87d802f1ede72c55d
ca2-c6799af1babe7f32f44f,snood,ethereum,9b083b13eb9c47a3c6d981c5cd0caed7788de8a33d3666f5614d54b66d4ac139,cases/ca2-c6799af1babe7f32f44f.json,3573a6ba6628220acaa4b0746368843bcf7818e7848aa98b602dc11e83c68c1d,true,HISTORICAL_SNAPSHOT_VERIFIED,15dae27b6643b18af1579768467bebc24eaf98ac0bb0065a313d5be38dd83794,15dae27b6643b18af1579768467bebc24eaf98ac0bb0065a313d5be38dd83794,alchemy,infura,true,true,cases/ca2-c6799af1babe7f32f44f.json,04fec55bd289ad0a210f194ad1e10318ac470052e5a1789cc697d9dd39792fb5
ca2-220124d062a8c71c63c5,socketgateway,ethereum,88d611a47773b404822c0b6822b7cd01a84a5cb003edc972277ad92b941b1050,cases/ca2-220124d062a8c71c63c5.json,03bf05ae7d9461b1f5f2bfacd63306f16dfa2e7a7eb8d17a3ca732f815e0b94e,true,HISTORICAL_SNAPSHOT_VERIFIED,6727ee0d3c7b795d1d5efe374c58fd04fc1b2fe799e47d01ad9afa9781e7026e,6727ee0d3c7b795d1d5efe374c58fd04fc1b2fe799e47d01ad9afa9781e7026e,alchemy,infura,true,true,cases/ca2-220124d062a8c71c63c5.json,cd03160674ee3f7aba3f5c9f12af5c3584438e0b19fe4b61d7f1ef15331fba10
ca2-fdd7dce161154c375fb2,sorra_staking,ethereum,6c7a5c9ca90640fa458b8f0269edf96aaa83859f724c195a82f3f0c198572fb1,cases/ca2-fdd7dce161154c375fb2.json,3e89f1b976cf93389ece693faacf8996696b48a94d7abbc4bf47c46f05a9af03,true,HISTORICAL_SNAPSHOT_VERIFIED,c28426c6f0c6dc1d1c2913d9d5ab6d6b9c80d58676ca349aba68ddccf452fee5,c28426c6f0c6dc1d1c2913d9d5ab6d6b9c80d58676ca349aba68ddccf452fee5,alchemy,infura,true,true,cases/ca2-fdd7dce161154c375fb2.json,8ce199aa40bafae7a17b054c2b917cd2981f8ade396b5bd5afe3c6ebb97593fa
ca2-ee23a7f09f8e25f5c7d9,spacegodzilla,bsc,8af5cf150f6954ba3d652b6d81a2cbbc2df5b20d84defba583a58b395b2c8798,cases/ca2-ee23a7f09f8e25f5c7d9.json,701511dd023fb183aafeaee62f21288a9d1c35aa4218ff65c11a52230ebd5aaf,true,HISTORICAL_SNAPSHOT_VERIFIED,dd22dea79ddc1fa633a86709042fd2e5ac298f4aacc99010ed7082f6243aeef1,dd22dea79ddc1fa633a86709042fd2e5ac298f4aacc99010ed7082f6243aeef1,alchemy,infura,true,true,cases/ca2-ee23a7f09f8e25f5c7d9.json,559969ed26dc3c9b08132d4d09d1d95e4b25c6528f258f1efeec1188e500317d
ca2-f655d6375b3979edab38,spartan,bsc,b85e8d61a2d48e362477ab606a4e6af3952d92d496bbc1a880c56dbf930909fa,cases/ca2-f655d6375b3979edab38.json,5ec8639513b5c2c5eef43fa6f1f0900221456e0b528f90ad44a9e902a79402e7,true,HISTORICAL_SNAPSHOT_VERIFIED,f666eb4bcefa4548fc67122165349b14d766bae3beee8ecd95560ffd7db98a46,4e323fd2b03ab5e5e518a2012fcd0edb635f3df82334926cab6cc183e51e4e57,alchemy,infura,true,true,cases/ca2-f655d6375b3979edab38.json,995ad078ae6acd30f324c5d58015b3be2656b487e49c479c0c6898c84fa1af0d
ca2-6996a5993263d8986598,spectra_finance,ethereum,464b8391979d9cc99539458960d39a250e1514a43e778c841846497d90f3b213,cases/ca2-6996a5993263d8986598.json,bb3030bf0c7d08cf87eac0ab8476d6d4b998b5471dcf4e60be0d33fc1bf59a79,true,HISTORICAL_SNAPSHOT_VERIFIED,c84094b0fc0ad1f35086df712f700d8915d76282a7375131eadade5f91bd3cf7,c84094b0fc0ad1f35086df712f700d8915d76282a7375131eadade5f91bd3cf7,alchemy,infura,true,true,cases/ca2-6996a5993263d8986598.json,f842fe12cb604d54873e44b954273058c1cfbd6a5f0865ff577510e94766ffa0
ca2-b7fe5ed86edfbd9edb3a,squid,bsc,d275d0debb6a07457eb8b1b9875b4da0f979fb92f4821527bbfd4398c3fb7cec,cases/ca2-b7fe5ed86edfbd9edb3a.json,a8049a42414d959ecb6143fe965a961a216247c081bf6444bb670f8f17347dbe,true,HISTORICAL_SNAPSHOT_VERIFIED,23e2609e32a0e1684881e5cdf8c4883558dafc8ec25c8885512a263e1c4dae03,23e2609e32a0e1684881e5cdf8c4883558dafc8ec25c8885512a263e1c4dae03,alchemy,infura,true,true,cases/ca2-b7fe5ed86edfbd9edb3a.json,9601833fa12c5a382c4ad55ceff7860d439149b9f196eb64905e62bc2c3e13fb
ca2-0062515827b6285930f2,starlink,bsc,13d3f5977321b201594983c20a53ad7436cbc1039bdd497b2f1be34c000b716d,cases/ca2-0062515827b6285930f2.json,450b99e493a9400a2fb00a4b610ba956b393db6ee035331963f8f24cc0208c64,true,HISTORICAL_SNAPSHOT_VERIFIED,d00cbafdbbccf893c418a1bd44f32b7a5717f66ae51485656ae15c3d725854c5,d00cbafdbbccf893c418a1bd44f32b7a5717f66ae51485656ae15c3d725854c5,alchemy,infura,true,true,cases/ca2-0062515827b6285930f2.json,ad3d9c8c2652a3870b488c87e9ddaac8843d6a356b330f7e706bec2e5e94d630
ca2-ca16a95de7b24c723e35,stepp2p,bsc,94a2d15c7ea012012365e691329fde0e724c4472ebd292d6b1e91649e1e54509,cases/ca2-ca16a95de7b24c723e35.json,0ae2a90bff3328be1353d69b1dc589384d631dda7ae2a54e08e36e8e074979e3,true,HISTORICAL_SNAPSHOT_VERIFIED,6279a04087095941c34f3e69fc27bf05069301504be1d461f12d32444172a740,6279a04087095941c34f3e69fc27bf05069301504be1d461f12d32444172a740,alchemy,infura,true,true,cases/ca2-ca16a95de7b24c723e35.json,c372bea5386a56ed83f90af48a6e27fbca844773515ab0c0e4815af30bbd8c41
ca2-7f64659ac37a0996268b,sturdy,ethereum,aaef651d3c056024409200a7b23a23e582fd65b1f36d657462ab11078fcf2e2e,cases/ca2-7f64659ac37a0996268b.json,a0688f92b064da8ebe2cc63dc264f54bb4a4df0eee97715a371846b165db79bd,true,HISTORICAL_SNAPSHOT_VERIFIED,6f6cd78a11f60319387d29b99927be75789ae36e5bf4b9133e398d782d61872d,6f6cd78a11f60319387d29b99927be75789ae36e5bf4b9133e398d782d61872d,alchemy,infura,true,true,cases/ca2-7f64659ac37a0996268b.json,dc3012e3a6074b579bcdc1d30347e9b3188f0cf1996460378bcb6fdc00c5e90b
ca2-0583d91c7785bb31ad8f,sumermoney,base,9c59dc0da2517eb1bc5916efebc30226e3d610eca862943adf08aed14cf349b7,cases/ca2-0583d91c7785bb31ad8f.json,87a828b33469077ce488426846995f338ec44fc97ed8fd01ebb3d94e557922cd,true,HISTORICAL_SNAPSHOT_VERIFIED,20c82fe11682854956a558bc37a9a16d2ef005480d92a098f2194c13d41384b7,20c82fe11682854956a558bc37a9a16d2ef005480d92a098f2194c13d41384b7,alchemy,infura,true,true,cases/ca2-0583d91c7785bb31ad8f.json,21c0a0b2568a131e61fa51d164256f9b342e7764d22b83f52e1bfd7ade3482a4
ca2-b68f8de37da66632724d,sushi_badger_digg,ethereum,7c5cf7662a54d0ef577a97774cecc20fae864b91c9034339b87de64f98e7b297,cases/ca2-b68f8de37da66632724d.json,36d0ee99e6f1049c5d3f6678ec29116c7426f1f358ccb1c10d1f0ea8a0760b6c,true,HISTORICAL_SNAPSHOT_VERIFIED,c023bd42616969cd881d7f6869dff68c4a84d5b9dd76056aa3abd42ad1f9a6e4,c023bd42616969cd881d7f6869dff68c4a84d5b9dd76056aa3abd42ad1f9a6e4,alchemy,infura,true,true,cases/ca2-b68f8de37da66632724d.json,998da24fda6999fb1da4b18bfbcc7957affcf34290b3cef7222b8ac0d756b50b
ca2-59fefab120e73557ebbd,sushi_router,ethereum,b772faf2cbe4ba593c4b311b58725afc9637486855d217d0ad4d528df6a73f77,cases/ca2-59fefab120e73557ebbd.json,35ca051e7885095b0d8228a4a290b374b48acde532751c732ec9454486224be1,true,HISTORICAL_SNAPSHOT_VERIFIED,c236b368d45b1f4193ac28fa6b819584fb41d80497dfe04d2ed77852e44d9ce5,c236b368d45b1f4193ac28fa6b819584fb41d80497dfe04d2ed77852e44d9ce5,alchemy,infura,true,true,cases/ca2-59fefab120e73557ebbd.json,ab5b3fe0b31b6cbfca892e6e2919e144609aeca5a66d3d277fe344ad292e3f1b
ca2-cc76e9ac975f3c46bb14,sushimiso,ethereum,85981d55c7b3ee0fa41c231d003738e85dcb7ebc41f402904070af59d03cc3f2,cases/ca2-cc76e9ac975f3c46bb14.json,7c708fe64adc203dd57e4844eff30b9fef53b758b95158042e056d320b7e031c,true,HISTORICAL_SNAPSHOT_VERIFIED,6f8f2ca4a127933b12236b212b3c376f48f0408541291df79b713deb19b45a3a,6f8f2ca4a127933b12236b212b3c376f48f0408541291df79b713deb19b45a3a,alchemy,infura,true,true,cases/ca2-cc76e9ac975f3c46bb14.json,eacc217e26efcb396e7b7d9f778318e56bd8ce0cd32a2d50d80b31a783327ce7
ca2-7887a4e3ed471d877a90,sut,bsc,04a2d7c601088498514cf51821da5eb6afc9e775026512d48829bb6f673d3b85,cases/ca2-7887a4e3ed471d877a90.json,d18804fb1a255d615f046f28eb50a01af80d1b21ea4501c49111e749541683b6,true,HISTORICAL_SNAPSHOT_VERIFIED,e6e78ce7f6bd3d7e1608f29c5836c6216dfdd80129c2a06e4188978309b00880,e6e78ce7f6bd3d7e1608f29c5836c6216dfdd80129c2a06e4188978309b00880,alchemy,infura,true,true,cases/ca2-7887a4e3ed471d877a90.json,ab558ade4aadf903eea850cb7458b51cb876bbe9ea7db97fbd1ef21e2ea5b16f
ca2-7cd2beaa007600ae46b4,swampfinance,bsc,09427ee952ae323b0d2c3ff41987a57cf04d296f85442e4984d51f22ffc60ba0,cases/ca2-7cd2beaa007600ae46b4.json,83c6a6744013f3883737147524bd5dcd8f0bf2be6c67e20a20de76f779d36ad3,true,HISTORICAL_SNAPSHOT_VERIFIED,8e7ad528a4c738d5f1ae4a9c1019b44ba75febcc0658eba9687acf405a6f280f,8e7ad528a4c738d5f1ae4a9c1019b44ba75febcc0658eba9687acf405a6f280f,alchemy,infura,true,true,cases/ca2-7cd2beaa007600ae46b4.json,4b8b1205fab42eba1194e51094ff8c336d152aa5bb3bbb7773c4c1c53dce3841
ca2-01398b37f50bcbb8adc6,swapp_staking,ethereum,3f6469cfaf9dea54daca2ea7393ee0f78f139d63070de20abadb3ed1334785d9,cases/ca2-01398b37f50bcbb8adc6.json,4147ed5845a56f41d5a87ac2eb3a4e60212fde584201393c84907fefa161fe96,true,HISTORICAL_SNAPSHOT_VERIFIED,7076f08442e1e2c27e60b4cdddd1707c4e4f313b1370426b5edfe1ff0f02c9fc,7076f08442e1e2c27e60b4cdddd1707c4e4f313b1370426b5edfe1ff0f02c9fc,alchemy,infura,true,true,cases/ca2-01398b37f50bcbb8adc6.json,ee89d47defd9b23ec683c5bd9d52799e34a5b86f74d71fbc3c8662609e92d4fa
ca2-f459648a3f9405d0f148,synaplogic,base,a7a54d5d83186b8c3e73b5d993fa25286b1b54f8dcf26f78c26517dccbeed91d,cases/ca2-f459648a3f9405d0f148.json,b7fc59a19f7999d9552d5a551ea11e877bca52d1b8328b306b01c90ef96f2727,true,HISTORICAL_SNAPSHOT_VERIFIED,1421a610481729249a328175ed19022e71951873d5aa53cdd4bf934da52a5cab,1421a610481729249a328175ed19022e71951873d5aa53cdd4bf934da52a5cab,alchemy,infura,true,true,cases/ca2-f459648a3f9405d0f148.json,1953bac593ae189de78ec794b44237a354b45fcebc76521082c087e01705dd80
ca2-c2f4de8010f571d74d0d,teamfinance,ethereum,fb38f67b6760fdd0b39e7f3150fbced5104a07c85e86a00948ba46480222d99a,cases/ca2-c2f4de8010f571d74d0d.json,f98b46c1579380df7d6656304fd3c54f7e4404528c18695feca0fcc08a7d2049,true,HISTORICAL_SNAPSHOT_VERIFIED,1a3ff623ac26ca4288d675df63afe4edcd6f68fa44371751619bc78e0b296506,1a3ff623ac26ca4288d675df63afe4edcd6f68fa44371751619bc78e0b296506,alchemy,infura,true,true,cases/ca2-c2f4de8010f571d74d0d.json,c28b439e3fe1971a4f5f9ac33cb42bad56158c9328affe70e1006c518e1e587c
ca2-a675d1938359eba4234f,tecraspace,ethereum,556637977fbe1acbd6a0cef5c534650cb545339e8cc7dcd94cee85ade3ead0e8,cases/ca2-a675d1938359eba4234f.json,d396b8b56b369a5621ed3245e8f2a2bd506442cc92f23d3f316c057fcc1f794b,true,HISTORICAL_SNAPSHOT_VERIFIED,7d38c5320de8cee125d6032ce93ec3f77987d57d5ad5774134d81e88776cd282,7d38c5320de8cee125d6032ce93ec3f77987d57d5ad5774134d81e88776cd282,alchemy,infura,true,true,cases/ca2-a675d1938359eba4234f.json,fa21c52a6db20a3ff02cf6ac693d82d5652cc0d059a3dff0ec4d28e88d280170
ca2-e71c9a37159c80622f42,templedao,ethereum,b70bbaeeebf12b5a3eba3fc908a45a35cac04d21c2311f8a160a11c6a79d01e8,cases/ca2-e71c9a37159c80622f42.json,246d04640f78dd235d536be3df0109a44cb0b9c94a7c6055c20239e794ade17a,true,HISTORICAL_SNAPSHOT_VERIFIED,e80d1f6c527aa3584d787b4a5ef29f9cedb6792f8c9ae1cc46e7296fbaf09438,e80d1f6c527aa3584d787b4a5ef29f9cedb6792f8c9ae1cc46e7296fbaf09438,alchemy,infura,true,true,cases/ca2-e71c9a37159c80622f42.json,113794167172bc7813a54de63fcb959f9e2d5537d2bdb0dbeb886e3527b55509
ca2-ffeb7afe408bddf67264,tgbs,bsc,49aba57be1f1e1531c28ce19615aa8c2d33337c7a84329a3347f1050c7dcd209,cases/ca2-ffeb7afe408bddf67264.json,6f9e05b84a217871726f6f018d4c72e3ac80a3862de174fb05771b0202ccd470,true,HISTORICAL_SNAPSHOT_VERIFIED,0434911e3ff597817e8bbf4da8e863e7e7e41d129981efbc74dc9d295272de8e,d3bde0e51cd5a292c49e262162dbf7bb2e11f7b98d448f6faae00adbb37ec079,alchemy,infura,true,true,cases/ca2-ffeb7afe408bddf67264.json,8e84091f8bef9795d453dcf6f0566284089d54d115147d3291c06ad17bba9e12
ca2-ca903ea09549202fecb9,thenftv2,ethereum,f4caf9033d5eb09f793f6a2156c2dca67755c7fda2396af4246ad25433774914,cases/ca2-ca903ea09549202fecb9.json,826cd0ff4f14a9d8007f27600e05b0afc395a24d0790493f0783d2b6acb7d381,true,HISTORICAL_SNAPSHOT_VERIFIED,f6fbc327bba8c0ebafee0896f71d1f88f96466390f2638b39ddbb95ba495011e,f6fbc327bba8c0ebafee0896f71d1f88f96466390f2638b39ddbb95ba495011e,alchemy,infura,true,true,cases/ca2-ca903ea09549202fecb9.json,ec8bf9e9924ae0bc3773049f813cf688f35346ef3758aca55ba0a7592e685f4d
ca2-11258a259a94c2ae2ec5,tifi,bsc,3d082f59c35cfb41b24ccd9bd42d6e89c7d631fbfcd75cbc41cea064c81666a7,cases/ca2-11258a259a94c2ae2ec5.json,3149dcd307f11f717ed8d92e9ed67f354e3ac9241db1c8f2842cff660bb0e09a,true,HISTORICAL_SNAPSHOT_VERIFIED,2001769616383e1f1ca5dabd1aa66397d3ecc47ea3fc28cca51185e2a6abda5d,2001769616383e1f1ca5dabd1aa66397d3ecc47ea3fc28cca51185e2a6abda5d,alchemy,infura,true,true,cases/ca2-11258a259a94c2ae2ec5.json,8b6d00410cf9bff053290dd161f0c2e2593769b086282f9f3c70742bbc6997eb
ca2-acd1e6758fc18c6f0e76,tinu,ethereum,8a2c39f84f3d099a4c9d47931f16e461a53545c70d5849c686cb61e6e549ce17,cases/ca2-acd1e6758fc18c6f0e76.json,c3988e65b36183ffec9479ffd45411ec142175b0b9cbb9c4d4e97da443c4cf2b,true,HISTORICAL_SNAPSHOT_VERIFIED,ca82aa2bcef013da785b089334cc8c316fa26c9c0bdd0b23816db592191318d7,ca82aa2bcef013da785b089334cc8c316fa26c9c0bdd0b23816db592191318d7,alchemy,infura,true,true,cases/ca2-acd1e6758fc18c6f0e76.json,74d1c7ca9970177097dc866f82fefe51ac26e9f695144a88dce361b801661077
ca2-7d8bff5c879f84e09ee4,tradeonorion,bsc,3369490e2a6c985f0cfe4241ee114d51b41046c079071754f1ff248db5f431af,cases/ca2-7d8bff5c879f84e09ee4.json,755a6cfd6e7adcbab9aff31dcf5c2445ebc90e43ae26dbc6081e903f9ee0dc9e,true,HISTORICAL_SNAPSHOT_VERIFIED,074d318c116ec6cf27605b1fd4875cb85dab6f81bc1fb71567f8e1f766b045e2,074d318c116ec6cf27605b1fd4875cb85dab6f81bc1fb71567f8e1f766b045e2,alchemy,infura,true,true,cases/ca2-7d8bff5c879f84e09ee4.json,c7ba86c6233652afc9d0d4b808ba336e8ed54f152b97338f175be5138fb890f1
ca2-610c56fd6c594f9c9f90,truebit,ethereum,62d94ec7a359d236d702bb36cf66462252bf44a255ae37c1f0e983a2c67178fd,cases/ca2-610c56fd6c594f9c9f90.json,9e4224ed9f13849bad4412492c8ce9bee012e6d72dbb0421367e3c7a8dc1f87e,true,HISTORICAL_SNAPSHOT_VERIFIED,1a3ff623ac26ca4288d675df63afe4edcd6f68fa44371751619bc78e0b296506,1a3ff623ac26ca4288d675df63afe4edcd6f68fa44371751619bc78e0b296506,alchemy,infura,true,true,cases/ca2-610c56fd6c594f9c9f90.json,79e2030f35f16c3e5b6bc4286844f43c4d7514896459cab651bc830a68a66f58
ca2-55d26359a2d08ac915c0,trustpad,bsc,b77d287337b1bb9c8e60d4f74711823624b19944758139b5bf34c4ab6b718765,cases/ca2-55d26359a2d08ac915c0.json,989ffde44b20ed5087367a1c19405184f2e7693d7b527f67ff88a0df8033eeaf,true,HISTORICAL_SNAPSHOT_VERIFIED,15dae27b6643b18af1579768467bebc24eaf98ac0bb0065a313d5be38dd83794,15dae27b6643b18af1579768467bebc24eaf98ac0bb0065a313d5be38dd83794,alchemy,infura,true,true,cases/ca2-55d26359a2d08ac915c0.json,eddba28acc26b062621ee0157a546f6960cfee7a64ff334b408469db980d1726
ca2-cd8110008dfe201e0222,uearnpool,bsc,2f880a4e07360179b0033b8b26c2fe1fc1dc3bf4bec144cacdb34d389ad2e7b6,cases/ca2-cd8110008dfe201e0222.json,6907d770619313856f5a9a57794627390ece4e34250ea3766b90c255eeac64fa,true,HISTORICAL_SNAPSHOT_VERIFIED,349f714dbeaad0c4e0a80dfb198f0e0e4ea980b2075269fa551a3fa57aa31cd1,a7a56bf49f2212431a58d7a80f4bdc138e6df3064a7ce105279a0c638d324e30,alchemy,infura,true,true,cases/ca2-cd8110008dfe201e0222.json,7eab4130e5283a34940b5bfd6d2c15f5fbcdd986240fbdcfb4c4600ba3bdf88a
ca2-5d74bde6e71788f42085,uerii,ethereum,ccd004ac0136c9de39783a61198edfc8adb48856ddd173f45f0ea8fd6efa187b,cases/ca2-5d74bde6e71788f42085.json,714334d04761a97fc54671b78a3522968d8692bbb7e7d77646d6a80283fa0b18,true,HISTORICAL_SNAPSHOT_VERIFIED,3f6fce87eddfcc070ce83909fec5e7119372816647bd3669b5534c081c90819e,3f6fce87eddfcc070ce83909fec5e7119372816647bd3669b5534c081c90819e,alchemy,infura,true,true,cases/ca2-5d74bde6e71788f42085.json,4d710e1f06fe0abbd402f7ca981d3df64c99c50eb823343a83f979536b97981e
ca2-9ab8788d5d7ac2a3947b,ufdao,bsc,34891f0a2a97de62396b81e9691fff6a7065cd4efbce9efd0608e24cea5a3b9e,cases/ca2-9ab8788d5d7ac2a3947b.json,6a1a464b3d716df67142c8fd786ddc2f93cb975f9af3d322ba5110eda4f81f12,true,HISTORICAL_SNAPSHOT_VERIFIED,b7e35f7dd3f894f2809677d1b14a0f1994cac8e5ead73a599f1030469bba85a4,32bc758accd25f7e81454f0e7236d0cc7973bf8f13c88d8da78b1ec131b83e54,alchemy,infura,true,true,cases/ca2-9ab8788d5d7ac2a3947b.json,e23913b9ac31d742bc744bdeeea8ac055f8a8e4c05ca24afc614676e08fe23b5
ca2-aa385c0e97d08a3f6364,ulme,bsc,200ea9b71679153729d42ec7716afce21d03d115cbd5006ca6b372d6567c329b,cases/ca2-aa385c0e97d08a3f6364.json,9411144e5bb7457309f869c03d0ceeddabb8deda978ac1a07ecac724901a3519,true,HISTORICAL_SNAPSHOT_VERIFIED,00ebf1e88abf3bd2fa8fcd798a7cc3db067a3322551c7a668ef844558bbc612e,00ebf1e88abf3bd2fa8fcd798a7cc3db067a3322551c7a668ef844558bbc612e,alchemy,infura,true,true,cases/ca2-aa385c0e97d08a3f6364.json,b5b187d1251ee5078f4bf59e97da3ecad517e7909bdad5337e5f1a416bc5e16a
ca2-96f365accfda88170b34,ulme_2,bsc,70c8268fe30e85aba563829a7bb9a53c965d9adf9a6c041d4d6dbe9ea8056831,cases/ca2-96f365accfda88170b34.json,196485ae8123347580798ecb50f6596910828afdaba4f9e4fd7535e3c56c8b5b,true,HISTORICAL_SNAPSHOT_VERIFIED,00ebf1e88abf3bd2fa8fcd798a7cc3db067a3322551c7a668ef844558bbc612e,00ebf1e88abf3bd2fa8fcd798a7cc3db067a3322551c7a668ef844558bbc612e,alchemy,infura,true,true,cases/ca2-96f365accfda88170b34.json,f6b2678181bdf5f88ef5b63a45fc59f7c4a4f5d932521431b0605ed6446ca793
ca2-e6ddbcb4d936397b6ffe,umbrella,ethereum,64fe4a714daac6e4ca103fb1a40879df46043538dca8c177522ceea7d67ba3f3,cases/ca2-e6ddbcb4d936397b6ffe.json,699822d7bc59d628b18e6a5e6ef2d087fb20c4cf33975306932ee74ceecf7694,true,HISTORICAL_SNAPSHOT_VERIFIED,177e1920c1656f86a8fc07fdd8f5394ae5f472eaea27a375504af4cd6696462b,177e1920c1656f86a8fc07fdd8f5394ae5f472eaea27a375504af4cd6696462b,alchemy,infura,true,true,cases/ca2-e6ddbcb4d936397b6ffe.json,87435e75e634fad70b0171da0e81a2052c1ea88a52dcd8d31b53bc94dcdc8e91
ca2-cfb8cf251b553eed2196,un,bsc,6e7980170cc25ea8387ef181ed2e12c8f67bd5a50b14db18b6019e0302bffc24,cases/ca2-cfb8cf251b553eed2196.json,9a239810ead5b660125e18a389026c5293e59492e623e7ba4322df4b15b60d3a,true,HISTORICAL_SNAPSHOT_VERIFIED,d30a101fb8b5f39f11f650931070aacc9bd218dfd7a91cbecbe650cc9d828fbf,d30a101fb8b5f39f11f650931070aacc9bd218dfd7a91cbecbe650cc9d828fbf,alchemy,infura,true,true,cases/ca2-cfb8cf251b553eed2196.json,bb836b22e6f71b0ed2e6e6b3444c163ff855143e12421ca7cb777b6dc41925a6
ca2-1579de76f9bed10399a7,uniclynft,ethereum,9185416d29d134e74b901a44341d971d7f61624d709a71513918d2be49e0d8c9,cases/ca2-1579de76f9bed10399a7.json,bcec27723e2d9c895bdc2556c135f4d9f7128458ee45dd271f55aeb1160eb9e3,true,HISTORICAL_SNAPSHOT_VERIFIED,73523ab816830e3a09929f7b5e370a631281e9ef9e8991cf632dda17a6631414,73523ab816830e3a09929f7b5e370a631281e9ef9e8991cf632dda17a6631414,alchemy,infura,true,true,cases/ca2-1579de76f9bed10399a7.json,1520d13753331fc4f7865c4cff997b2dd218d52c9f795d2120f76d99d3e4853b
ca2-f2fdba3be5c566aed586,unilend,ethereum,93b4ef05d1871343d3e7b689ff498af33418b55170758a912b1b7dad608fe98e,cases/ca2-f2fdba3be5c566aed586.json,dc1cba59d02e7bcfd815138a37a96cc8abc420c59908ef0a96cb0f472f7fb92c,true,HISTORICAL_SNAPSHOT_VERIFIED,8a11968f289ba08e85bff6e770e869846b0ddabd87728881f57538d688a05724,8a11968f289ba08e85bff6e770e869846b0ddabd87728881f57538d688a05724,alchemy,infura,true,true,cases/ca2-f2fdba3be5c566aed586.json,355d57c7109e13f05d788737264798a0e16b6f4a5a7b11933a039876cae2535a
ca2-95b35bd7c797a707a0fe,unverified,bsc,2f274c9ac920e102e4b75ca8ec3e1727b8fd51e99d0ba5f56ad93effccbb79bc,cases/ca2-95b35bd7c797a707a0fe.json,64590e5e01a1a2ef9fffd08daa7d85609e4f74e3d4c210c27d76201e8125f6d0,true,HISTORICAL_SNAPSHOT_VERIFIED,e880f94433ef502a46d65007bf3b4111a63def36351543d9d9ddca9633af9e3b,e880f94433ef502a46d65007bf3b4111a63def36351543d9d9ddca9633af9e3b,alchemy,infura,true,true,cases/ca2-95b35bd7c797a707a0fe.json,aa6ce3ab4a19cdc01f9ec139772d8f751ef55d485a930098ffca65e24b1a0596
ca2-2f2a6d7666820b172f1a,upswing,ethereum,6172eba4ed03724d1aed5cd51924b853d3952a0e3ff620bdfffabe0a2c4931d8,cases/ca2-2f2a6d7666820b172f1a.json,4e6a7b41f4031c3408801f15885b31fb4dd160f9e986376a1509181be03dbb86,true,HISTORICAL_SNAPSHOT_VERIFIED,23f7483c885700eef53454560223e1b568e95be01ed9fae1a799b37f0b411271,23f7483c885700eef53454560223e1b568e95be01ed9fae1a799b37f0b411271,alchemy,infura,true,true,cases/ca2-2f2a6d7666820b172f1a.json,a7406ddacfe0ea8c03b1467b54a32cc5d26a1b7d1bd4e7015b192898e125b57a
ca2-36bcb163bd23551701cc,uranium,bsc,14a068420be0171e610cd49fbf50234247153a6729d41b05d827f3446e30225a,cases/ca2-36bcb163bd23551701cc.json,a9f340b7895b12ccd424a60004fe0acf7eef6e33a295e49073616204e6a5d1d6,true,HISTORICAL_SNAPSHOT_VERIFIED,65626978991e3d193e8fdbc533fef778ffa3874c50233422aec6e5c0f817acac,3edaeba924fb7288f024e2eeced189499036c223f05483844e0855c24f69bb4f,alchemy,infura,true,true,cases/ca2-36bcb163bd23551701cc.json,498e251adbd412706bf7d37db9f1b9c9a76798b4f799ffba1fb922f3378c46ae
ca2-8f2514150efc980c9183,usdtstakingcontract28,ethereum,e80d3615c2a0644529bf909aff42c618462552568d36652e228f0a98099392ef,cases/ca2-8f2514150efc980c9183.json,4ee3d181144f8d6e8c1febda86bc9601e9163c3f78797dcd828716ca36d09888,true,HISTORICAL_SNAPSHOT_VERIFIED,781c6cb2bfdfda52ac927ad32a5ce2f0d4789c0b60ab5ab9240668e5d8e93c63,781c6cb2bfdfda52ac927ad32a5ce2f0d4789c0b60ab5ab9240668e5d8e93c63,alchemy,infura,true,true,cases/ca2-8f2514150efc980c9183.json,dcbd1b7976b7ca59a6d9db4e522fa0542be3770d6f996d077896d7a1a1a4bbc2
ca2-5168eea9714e081f78ad,usual_money,ethereum,cdaa80c9e3248e5eb33ca8ee8dbfda3224964b44d1a8db2d01b8ab3277eaff9d,cases/ca2-5168eea9714e081f78ad.json,94009de4b0fac9a460a94edf74dc0627e20f2bb379701e86a94ddd98abd2c2c4,true,HISTORICAL_SNAPSHOT_VERIFIED,0cda4c849e22742b37cd06176c9b93ed6db09f3b7a1b40ebb4a63fbfeebb90f7,0cda4c849e22742b37cd06176c9b93ed6db09f3b7a1b40ebb4a63fbfeebb90f7,alchemy,infura,true,true,cases/ca2-5168eea9714e081f78ad.json,59e2ea835ebefec422d9f2bfc95289e218291111482d1f98f2ada53699d35f98
ca2-59c27a09402366528ab6,utopia,bsc,6c3890a22c296d1bc20126327454f1899580b3e6c74cf0703bd7c00cfb85fbd5,cases/ca2-59c27a09402366528ab6.json,3a4dc60a1cd70701228a2a9005395ad9c940c5bc6c2ed2715308970a5f1e3ff4,true,HISTORICAL_SNAPSHOT_VERIFIED,521b9fc2e67d835e1f9b6755224120b86c378bb5839bc4f6a99adb4040e97870,521b9fc2e67d835e1f9b6755224120b86c378bb5839bc4f6a99adb4040e97870,alchemy,infura,true,true,cases/ca2-59c27a09402366528ab6.json,18d8ec11fae8ac5715fba8ec70290f59ef4db7a4c8d0765386262e3067cf28c1
ca2-28984dadb4e195ff0adc,uwerx,ethereum,d4cb60b06701da589159fa164c9c7835916275d85a5c31b2784062dbe6805b09,cases/ca2-28984dadb4e195ff0adc.json,10ced70e113bd510824371fc59887e6e33d551f297382a8f37ee2b90d2484be0,true,HISTORICAL_SNAPSHOT_VERIFIED,f10cc2534ce606d7d7c6d650558606c37dad4c3915784d5a2ace4b8eea00b08b,f10cc2534ce606d7d7c6d650558606c37dad4c3915784d5a2ace4b8eea00b08b,alchemy,infura,true,true,cases/ca2-28984dadb4e195ff0adc.json,a0be043e4daf22afdcc57221b0696913a47ae20a2f10f772ac9e395f06b3b4aa
ca2-0687f6e05dc58457935a,uwulend_first,ethereum,ec6afcf442317f31bb1a3d015ed4b9c59740a2533c5bab163b71b20b6cc7a2aa,cases/ca2-0687f6e05dc58457935a.json,8c7d794194590d5166fbe80da5a97cf1049f63192b6cd8bb6d24d56b9038cca6,true,HISTORICAL_SNAPSHOT_VERIFIED,22c9eda9ff30848f7b18a07cfd2af2c4a00fbbb666cf636f2b35e8419d648af0,22c9eda9ff30848f7b18a07cfd2af2c4a00fbbb666cf636f2b35e8419d648af0,alchemy,infura,true,true,cases/ca2-0687f6e05dc58457935a.json,607b0ff8446ada64718d7c14f1344fb0b7d1c4df847dbe8dbb1677907b99abd1
ca2-93739b94fa0816bd6234,uwulend_second,ethereum,52c448f7cb1e5049fb9836c56d0835638563f68f7cf234a0dd1ad063045a157e,cases/ca2-93739b94fa0816bd6234.json,f37e003910bcb561f53f80c152df685fb156e478f25daf9112f381a8a08c64a3,true,HISTORICAL_SNAPSHOT_VERIFIED,22c9eda9ff30848f7b18a07cfd2af2c4a00fbbb666cf636f2b35e8419d648af0,22c9eda9ff30848f7b18a07cfd2af2c4a00fbbb666cf636f2b35e8419d648af0,alchemy,infura,true,true,cases/ca2-93739b94fa0816bd6234.json,ff374d8994749fc32c13ddb3783d5970db18fdd535e6571c1c425b86a536460c
ca2-293982257dd654edb222,valuedefi,bsc,2c60b62de5e1cf1fc9eef2a764f937b21ae5224fa559df76c26198333c855a91,cases/ca2-293982257dd654edb222.json,4940ed32120c114efdcc6eb9817d33b030cf676cefe9f3340d514bc7f249b999,true,HISTORICAL_SNAPSHOT_VERIFIED,58587dda992c451ef882cc85e4318094c5f39544e0c2315d0e1daf377e346cb2,58587dda992c451ef882cc85e4318094c5f39544e0c2315d0e1daf377e346cb2,alchemy,infura,true,true,cases/ca2-293982257dd654edb222.json,f2e385dbdfacd0357b085a7d204b957bfaa66b845c09f6d6be885f08b8f979f4
ca2-b742b64a4c493234640e,venus_the,bsc,03b2aadc60bf97d8c44a87578329cb2b30ff6667658cc74be53bdc0d8556b2d1,cases/ca2-b742b64a4c493234640e.json,9a091f4c7ad6e2c3d4471372133d73e48acdd843de49348c7ee0a88c8e998b3d,true,HISTORICAL_SNAPSHOT_VERIFIED,44e9cefafd59d6457eefda89e576e855ea37e5da0814bca220cf602cd94779c3,44e9cefafd59d6457eefda89e576e855ea37e5da0814bca220cf602cd94779c3,alchemy,infura,true,true,cases/ca2-b742b64a4c493234640e.json,c2986fd2b3f6c07b40a1b76f4386564830392229a929b8bcc2a2c92d6e868566
ca2-a7021cd43eafc6f1fd33,veth,ethereum,3f2ccfce99aaa1616fa6785e18c64d56f28013b723043032b487d917ee428e62,cases/ca2-a7021cd43eafc6f1fd33.json,53426df15b681bee6289d3cbd0c71903993fe6ae5355904f1ee3e7ceae1a0452,true,HISTORICAL_SNAPSHOT_VERIFIED,85f38c8c9091d658ccb6c9aa45b32f7a19bc4a27585625b9405e55ab4b73ae5c,85f38c8c9091d658ccb6c9aa45b32f7a19bc4a27585625b9405e55ab4b73ae5c,alchemy,infura,true,true,cases/ca2-a7021cd43eafc6f1fd33.json,53a7fed9af7009240e4223dec0be87a55a10b6079cd525374fb532f5e2f79944
ca2-c5ce6bf171451010d578,visor,ethereum,d08591a5dd3a1fffc62ae223b2c65158e169d1e1253d1e2ccc56fa35dc2b5b7f,cases/ca2-c5ce6bf171451010d578.json,a679ca55f9d22fc3bf59932bfba2283293b0092aff78d587da204312084ccc83,true,HISTORICAL_SNAPSHOT_VERIFIED,5a741c008984600b35f0929d7abd36f0c28ce51870f6584a3f13a5f743d22967,5a741c008984600b35f0929d7abd36f0c28ce51870f6584a3f13a5f743d22967,alchemy,infura,true,true,cases/ca2-c5ce6bf171451010d578.json,e799ca2de2c9a9a5a75cd8989ff35200ac56bd3976ced7b1a266599e814193d4
ca2-7efff287d58605a4cc72,vista,bsc,c91db4694e87a410aa929588eec6f2baf6525c3764fe2072a6465e0624a2904c,cases/ca2-7efff287d58605a4cc72.json,41818c332604e0b8705381bd492fe446bd6bb3178b675662934f8bc5a657c7a3,true,HISTORICAL_SNAPSHOT_VERIFIED,360ee28eb239f0330d049902bdef17de92ec1310953a2716ccbf3d3969f43b00,1e58036203700c016e7de445fc5df7a6a66425cfc6c1b9ba2d11df1691193331,alchemy,infura,true,true,cases/ca2-7efff287d58605a4cc72.json,4b2022fa901b717b846695f9c9e004d7fbafc2d5449e874ea10145f7acdc7818
ca2-83e922a7f39b2bc4b4b1,vtf,bsc,7f68b466a0c9719623056ed79ccbfc22b018fe9d6513bfb2f4cf928b7d1bf7cd,cases/ca2-83e922a7f39b2bc4b4b1.json,af03d84f29ffe6b2409d00c4d1a7d3588e65eb3949ac3a287f896b16628b145a,true,HISTORICAL_SNAPSHOT_VERIFIED,1244094a60c1ec5ccd35033b09ea928d257c9cf98c921df65dd128a4300cf822,1244094a60c1ec5ccd35033b09ea928d257c9cf98c921df65dd128a4300cf822,alchemy,infura,true,true,cases/ca2-83e922a7f39b2bc4b4b1.json,fa09f70e46a0890b8c8086952897a2139cb807f67ce6aefcca777b55356bc1e2
ca2-f359ea85ce584fc54da1,w_key_dao,bsc,81fc3dabe769c3b7cb3f0514af0a833047cfb1b654e7ed3e98a041601edf210b,cases/ca2-f359ea85ce584fc54da1.json,7865d96b05a0e93f03fcb63ce8557ddb5622936c70d34b67ab751d0f5f58aaa0,true,HISTORICAL_SNAPSHOT_VERIFIED,3eb1a515034d6c42e749943bcf0615b40b563d9a7249137c39dcfc4b753a584c,2afd9c79985b830e9c9ce749a016ecfc785c3e25b2f8108cb3ec35c254735d53,alchemy,infura,true,true,cases/ca2-f359ea85ce584fc54da1.json,a6e05fa369dd9ddf1f59e4d6eca4d12790065b365f73989b4242ccf9f97af6cb
ca2-76e88e5b8b6fbabe3012,wdoge,bsc,d76f0aaf526803d1a451d76c811bea0fe34bedaadd59bae8e1642aebf225d92b,cases/ca2-76e88e5b8b6fbabe3012.json,5c40fbf2c0ccbf1693eb4cb159e6a4d9b195d9320ed96f5291af5187b5d46d0d,true,HISTORICAL_SNAPSHOT_VERIFIED,719449c891a314355d53c0b9c301a38de21a6236993c2c9da64bc37a706774c2,719449c891a314355d53c0b9c301a38de21a6236993c2c9da64bc37a706774c2,alchemy,infura,true,true,cases/ca2-76e88e5b8b6fbabe3012.json,3aa1913823ba64841c400db581b1a393df73da8aa03098559ae9ba26e61e65d8
ca2-c8f07b57035de6f92dd6,weco,bsc,5a2998fc63f47bd6c4e1ea3c74d0ade1c1f4624911e24a5713a78ae626349f7e,cases/ca2-c8f07b57035de6f92dd6.json,3e1576d6b79d39640a30b014e5fe0b06cc29697b235f9b2ebf1e8e0895863fb1,true,HISTORICAL_SNAPSHOT_VERIFIED,dbb8287a6a9885acba35a3154bf5ea313c1d0df0aa5e4a72416945be449785e6,dbb8287a6a9885acba35a3154bf5ea313c1d0df0aa5e4a72416945be449785e6,alchemy,infura,true,true,cases/ca2-c8f07b57035de6f92dd6.json,16cb8f4632b144eee78921e31fbe40dd3c823793e1b22a7dc47514f50cb016cd
ca2-3ceb352e665fb61f7402,wgpt,bsc,7ee3d66ef417111832bd0c79b2e07cff75ba8b9c2cd6fd0f9e0c87fd73bfb31f,cases/ca2-3ceb352e665fb61f7402.json,9c8959392dce2f8e4cda9c8a49e4af8d00b14aa118182ddda2420797e7e7f1c3,true,HISTORICAL_SNAPSHOT_VERIFIED,118c519c8be2fe81794c73376bd2bd1be519ced6af20324d866b57d7f8ad83d6,118c519c8be2fe81794c73376bd2bd1be519ced6af20324d866b57d7f8ad83d6,alchemy,infura,true,true,cases/ca2-3ceb352e665fb61f7402.json,39e62571bad5a1cda616634f438cf8eee461076432ee1d14c98f5603892b0596
ca2-616b55afdd61c6ca8b12,wifcoin_eth,ethereum,440d3194acd0d8cb3f05f87a2efba301dfbfe3113501fb74de8dab7167a0e154,cases/ca2-616b55afdd61c6ca8b12.json,a279df8ab1f78651c258fa852d93337b111fe09bf948571335d4cd337c200951,true,HISTORICAL_SNAPSHOT_VERIFIED,19e9bfd32dfc50dd6f4a8d4ea10e60156b3dc0c95ee1aefbfafda7190f75e7e3,19e9bfd32dfc50dd6f4a8d4ea10e60156b3dc0c95ee1aefbfafda7190f75e7e3,alchemy,infura,true,true,cases/ca2-616b55afdd61c6ca8b12.json,13bddc884e68788c89d35b88e329163b816032bae7fe39e6b1af28e6da7b6a3b
ca2-94a8114b86699da44092,will,bsc,743a998e3c9a6c5ac405b868588aa1e8764f6cb725536bd92e6d45cf9b3d9fe1,cases/ca2-94a8114b86699da44092.json,1d31cd71b25f9b14804e7a0eea1dca7978a41810eb9de198019d071e0d3e8c49,true,HISTORICAL_SNAPSHOT_VERIFIED,52270bb1d863d6d278fdd9f5646cba55d173a8c60afea1491f59263e4a46a2d3,52270bb1d863d6d278fdd9f5646cba55d173a8c60afea1491f59263e4a46a2d3,alchemy,infura,true,true,cases/ca2-94a8114b86699da44092.json,eb3ff99c8761d3210fd9c9baf2a5de3c8fe5ffface849575ffa9fa4276a83598
ca2-789b9d7c348037be1840,wiselending,ethereum,7075d49ec1a0572b44a7d62b8143c718e2e1a38fe15f349a2e117df8786c9755,cases/ca2-789b9d7c348037be1840.json,871761fe4741decae96a9c1668139a69d194611c924e657f0a8cb8f58a3ced1a,true,HISTORICAL_SNAPSHOT_VERIFIED,f0d56c5c84130ad4fb6af97ed2313c42a35f64d512a2c0991ff70a71ea9d9348,f0d56c5c84130ad4fb6af97ed2313c42a35f64d512a2c0991ff70a71ea9d9348,alchemy,infura,true,true,cases/ca2-789b9d7c348037be1840.json,38278d3eba12d8b73e230dd1108fe2d9ecc349fbd6fc7ea247939d9ca51cbbf8
ca2-a8ad072cb3fd37a5cfca,wiselending02,ethereum,a8fcf9d3ae5ae80a796211587841574b88f94b0e8c0782ce1bf9a80625935dca,cases/ca2-a8ad072cb3fd37a5cfca.json,566e1edb8c91da9356d58988648cb114166e90161bf06136a8b3d92e7d8cc8ad,true,HISTORICAL_SNAPSHOT_VERIFIED,fa89b8bf4964d90ee118bcd2ada1d0120854b0c6fa6829a813784810794a5290,fa89b8bf4964d90ee118bcd2ada1d0120854b0c6fa6829a813784810794a5290,alchemy,infura,true,true,cases/ca2-a8ad072cb3fd37a5cfca.json,ec72aa6db348672833259a6fc0b310251bcf04af591abdaa493bd1a78ab53b72
ca2-fb44a0ed0d7b6f375c60,wiselending03,ethereum,a74aaedb566f28f31cbc95214daa9150043a5bf0d37af31fd4047a5f492b36c0,cases/ca2-fb44a0ed0d7b6f375c60.json,1b5fd71af00f27b0ee95e9d3228b7da3c6fc48d176483e4c8f653030eaef17d4,true,HISTORICAL_SNAPSHOT_VERIFIED,fa89b8bf4964d90ee118bcd2ada1d0120854b0c6fa6829a813784810794a5290,fa89b8bf4964d90ee118bcd2ada1d0120854b0c6fa6829a813784810794a5290,alchemy,infura,true,true,cases/ca2-fb44a0ed0d7b6f375c60.json,5839f103ede9bfbb4c29b4a98e93d999638965e8aa51279218649a73847a29e5
ca2-72ea322ccc16e3e5cbe0,wsm,bsc,c171493de3730687119fb8d6e6fa86969e2a19d16363601a15c7b7392b53ea26,cases/ca2-72ea322ccc16e3e5cbe0.json,14d3232e090d02ddd7b9e1a279c40da3c01e017bfcf81eac1fdffaf7c208ae04,true,HISTORICAL_SNAPSHOT_VERIFIED,4581f42bf56a8b8519f111ea50b3d0564c66faa2442f2e60d60a4dc864d7f35c,4581f42bf56a8b8519f111ea50b3d0564c66faa2442f2e60d60a4dc864d7f35c,alchemy,infura,true,true,cases/ca2-72ea322ccc16e3e5cbe0.json,aa58af458c90226738cdd212734f67242324961ba74db9114b511f0a4207134c
ca2-4c7dcc457e38b7cc78ee,xavefinance,ethereum,abf36c4f1bbd675491787e585e949aff95c1725f38068ab8bfa6adf38812eca6,cases/ca2-4c7dcc457e38b7cc78ee.json,bf9cbf50f7e092ad4e2d82a3f47950d6fee460f8ce769d7b4abac648d3533ff8,true,HISTORICAL_SNAPSHOT_VERIFIED,0d5cd315908ff370c908fa6e9a0f802e6dac7955017799699693c52aa4a54516,0d5cd315908ff370c908fa6e9a0f802e6dac7955017799699693c52aa4a54516,alchemy,infura,true,true,cases/ca2-4c7dcc457e38b7cc78ee.json,e483483a110bd351bdefdaf183051aa2b48321eff30e932d1c752f05a2c207b9
ca2-ed09542f8921c91cd3ec,xbridge,ethereum,1a87ddc7ae00c47bfd4a48fb1c777eb31e8846e5811e2df7466fcfe279d6e24f,cases/ca2-ed09542f8921c91cd3ec.json,724670de50465b1263fcd2252459f2087768cdf2d432d4b73d4b148a8b1994f5,true,HISTORICAL_SNAPSHOT_VERIFIED,f5c87c04106496ae36065ca7b5570f162bef0533893e616b70371c1c822888ef,f5c87c04106496ae36065ca7b5570f162bef0533893e616b70371c1c822888ef,alchemy,infura,true,true,cases/ca2-ed09542f8921c91cd3ec.json,ba1669e41dbf26a955c5503ce63aedc86dd8b81273939bdbb96aa9ddccc51421
ca2-bf6bdd3510f2428b0575,xcarnival,ethereum,5702cb0509348c965070d3a8272e02e5b1764cfca68a8e7a47acf2038e7a48d4,cases/ca2-bf6bdd3510f2428b0575.json,13b9c7aca2faafdf57d7f899dcc0af34d1d4e6a8def9c317cfdd1e311a2a1697,true,HISTORICAL_SNAPSHOT_VERIFIED,2ec67b8001beb313c65050a9b9473623cf1bf5b52324e2030c04262dd0839e35,2ec67b8001beb313c65050a9b9473623cf1bf5b52324e2030c04262dd0839e35,alchemy,infura,true,true,cases/ca2-bf6bdd3510f2428b0575.json,c7155eb8538caff54830d68de599e1e0d6ba9cc885a8d7b94c5fd60d71fce7d1
ca2-4cd0e024b3073b041691,xsdwethpool,bsc,99e32a59b88d934a33a10eace58cdd06184bb4ef4de2d642b4cf9c3bf8299ac7,cases/ca2-4cd0e024b3073b041691.json,8d31d7c52bf5bd04d5518b9ba7fa1f414e8a5ba1372da94168db159a3b158123,true,HISTORICAL_SNAPSHOT_VERIFIED,0b7ef67f1f75e96cb0dd3935851dba9e2c7a8c6e9b9a31a35a42ef170306c7db,aca918d33512e012eaa50a80122a9b094a35be1665fe091ee58b337245378bd2,alchemy,infura,true,true,cases/ca2-4cd0e024b3073b041691.json,0e95d3a5037dba29939d86a886d09b64fae83c36361f22d591537afe8c6a8b2f
ca2-5616b56d8b8cbc0a3ebe,xsij,bsc,d8a7b42e59aea8b8665172e71f226e0ac10657184fcba73625633eb088ed9f88,cases/ca2-5616b56d8b8cbc0a3ebe.json,4ce3d2a674928e919ee1a677cd08ce6ab2f4584c74a7b83d511f335764c99bf7,true,HISTORICAL_SNAPSHOT_VERIFIED,e0ffce0aef84edd39a9c34cb6ef378729c3807c6887e46aaeeb5ada44b88178d,e0ffce0aef84edd39a9c34cb6ef378729c3807c6887e46aaeeb5ada44b88178d,alchemy,infura,true,true,cases/ca2-5616b56d8b8cbc0a3ebe.json,57cd74e1ddf65b809fa7865e70c9991fac7d4b9e552b3a51e29d96b201a5f1e6
ca2-3ce3786a7c84825faed0,xst,ethereum,6c5b41dd340ea49e9e27ac68a52c2438464b08aee737e904c6c846a779f22d84,cases/ca2-3ce3786a7c84825faed0.json,76562b85d3d00a17becf3240fb978ef02f4421272b934bbdaa09d073659d424e,true,HISTORICAL_SNAPSHOT_VERIFIED,840bacd4ce56fc0b1951953df7d5dd97370bac2d346e3adf0dc395ff3c7a0217,840bacd4ce56fc0b1951953df7d5dd97370bac2d346e3adf0dc395ff3c7a0217,alchemy,infura,true,true,cases/ca2-3ce3786a7c84825faed0.json,e759abf3ff4ea959c7eb34876d36cb413bdba59a477169cf9083adfda5fc4859
ca2-aa992d5980e00838b209,xst_2,ethereum,e4e1b4b150915eb38dc0ababe1cc32eefd1d7274e0441f0dc6b144408d293bdd,cases/ca2-aa992d5980e00838b209.json,1768340b893ef6de4f148ad2d9904bb1b80c2618abd4f32d8a5a94742bb791b4,true,HISTORICAL_SNAPSHOT_VERIFIED,65261d15596c9a64233c9c0548240c69aa7cc84582f0ad1a5c4b8f6ffcb19982,65261d15596c9a64233c9c0548240c69aa7cc84582f0ad1a5c4b8f6ffcb19982,alchemy,infura,true,true,cases/ca2-aa992d5980e00838b209.json,8323abaa49756aed4a12edf2ec1896e7ea1ea66221ebed99bdae6de562f9a23a
ca2-f4c153bbeb9c3fff7e54,xsurge,bsc,aafd59c58dc80104b88a332f1da552414bce3872766283c8c98102a80141d67d,cases/ca2-f4c153bbeb9c3fff7e54.json,54dbcd93d247746e2fad26ca73325feaad5c558df4a3ad033707045341f503be,true,HISTORICAL_SNAPSHOT_VERIFIED,20197af4d8d69530eea0f8d7ae26eace418af8c92d04adbd7cc1568e3328c289,20197af4d8d69530eea0f8d7ae26eace418af8c92d04adbd7cc1568e3328c289,alchemy,infura,true,true,cases/ca2-f4c153bbeb9c3fff7e54.json,24b6572bead769f5001f875caebfbcd54ffa1ccabf4ae4292d88406c7ce2b328
ca2-42dc2e766a267767f0d8,xwin,bsc,7fb747835f06f34084c7eb29c9755622599650570a8da69c19af3ac18f3d5634,cases/ca2-42dc2e766a267767f0d8.json,33c9217976ac7255d1ee7e022938247bc4017208f3e79ef9bf81d8b0f768ee9c,true,HISTORICAL_SNAPSHOT_VERIFIED,7760796106b13ec3cd005ebd95bbdee201c27f852a5d2939eb62b4177e32566e,7760796106b13ec3cd005ebd95bbdee201c27f852a5d2939eb62b4177e32566e,alchemy,infura,true,true,cases/ca2-42dc2e766a267767f0d8.json,aade1cd05d7160906948821853bd5737714db4df26eabbaa9ed6a6ba35c8d691
ca2-b6eef501c6bfb6ae40e1,yearn_ydai,ethereum,6bc8dd92fa2e4e33c0e3cbed301ec9e197f9890d9c95efa220fc1c5c0ec88dfe,cases/ca2-b6eef501c6bfb6ae40e1.json,64f15e9437765b5ce1a27f757ce1f9a96e4c6390936a834e04e3304092aa12eb,true,HISTORICAL_SNAPSHOT_VERIFIED,619fbd31a3c8c7f034b8aaff713dbccccc3c591fbf3333e6eb3ac5f68eae7c5e,619fbd31a3c8c7f034b8aaff713dbccccc3c591fbf3333e6eb3ac5f68eae7c5e,alchemy,infura,true,true,cases/ca2-b6eef501c6bfb6ae40e1.json,ea58d86e22190b044d0deb9288a93b0dd429e6053abf008bab6ecb9d1232ef39
ca2-6b709bd598843f9b172a,yearnfinance,ethereum,adc3ecd2c1b19fcc449222fed3e5c2342142f2a746587cb754da1acf7c104935,cases/ca2-6b709bd598843f9b172a.json,ee6141c4918b25b604e2a83db23d76255294fef8cec20361687ea572512e9a13,true,HISTORICAL_SNAPSHOT_VERIFIED,c331c635a1bde6d909ec1f4f6e52ab28228c679563180438e4ca777d1ab15b58,c331c635a1bde6d909ec1f4f6e52ab28228c679563180438e4ca777d1ab15b58,alchemy,infura,true,true,cases/ca2-6b709bd598843f9b172a.json,def940cfcdb2d39884447073b897f230ab35d9036c1f331453b77aec58f7e448
ca2-b9b0485322ceb6ce33a3,yodlrouter,ethereum,b44b3b619bceeb163adfe9d02c26137768dd55da0d7c47ebe1b1ee4ec822a0fa,cases/ca2-b9b0485322ceb6ce33a3.json,2b5f8c1fa019be72caff7bd9dd79aacb8894670c327ba84e6dec3e62985093c0,true,HISTORICAL_SNAPSHOT_VERIFIED,6553fc597a88ac1753b42f0dbc26d06d6a31070b7dd1e85fcb4d3acbc185d3f2,6553fc597a88ac1753b42f0dbc26d06d6a31070b7dd1e85fcb4d3acbc185d3f2,alchemy,infura,true,true,cases/ca2-b9b0485322ceb6ce33a3.json,82a580094ca586a9035c36817779d663fbfe95a915e1d04750c0aa7cc5cc0f6d
ca2-3ae6d0e93f222f7571b2,yzi_ai_token,bsc,9de79290a052466d56d64092cc8f5295641bc97084cbc0fd5f477dad272cad49,cases/ca2-3ae6d0e93f222f7571b2.json,153fc56942b4d2ccb6f4ddcac2c9de0dc4aafcd3f302d15020ebb211d96b9367,true,HISTORICAL_SNAPSHOT_VERIFIED,40d8f31f19826de82a7e8153d46fceea70e0b1ef5e3e2cfe77c6eaa0b464f318,40d8f31f19826de82a7e8153d46fceea70e0b1ef5e3e2cfe77c6eaa0b464f318,alchemy,infura,true,true,cases/ca2-3ae6d0e93f222f7571b2.json,fda98e757eab0f44ae1a83bbe3cf7fae85bac71efe06bc363595c91b0c90519f
ca2-a5caf2554c14b71cf9ef,z123,bsc,e7d9ad3f71412ec08f3d1eed98e032115f0a0475baf08883da0f72f1da597709,cases/ca2-a5caf2554c14b71cf9ef.json,b2cb676e97687875f2b9a6f939d1bbbeab3d4ee1dac746e94ebf141e5506bd3c,true,HISTORICAL_SNAPSHOT_VERIFIED,8cec096e397b36e19c6d25765ff5ca229bfd52811202ce549b4ff604c2e36cd9,8cec096e397b36e19c6d25765ff5ca229bfd52811202ce549b4ff604c2e36cd9,alchemy,infura,true,true,cases/ca2-a5caf2554c14b71cf9ef.json,088d101c1a8f465349c2419a1e4efee2e61e92ef52d98275e2bf24816fc676f0
ca2-8accf6f062f57db1f918,zeed,bsc,e99daf58d31ea0390ac06012c2092a8980f60bc039f3097e652d9bd4dfa669da,cases/ca2-8accf6f062f57db1f918.json,6b811e2415b3970f94e4e11e0c16ac3c9d0479d1314b39dac50306da8c2763cb,true,HISTORICAL_SNAPSHOT_VERIFIED,775746ecc4175112dea621b8dec4529d6dc0709b58c8e731379b8c322ff3a230,99fe8d3f00bc61ef712050fd77a68200e8b084d18a8df4d36cf0dc4f6099cd93,alchemy,infura,true,true,cases/ca2-8accf6f062f57db1f918.json,380b9735d0200b491cfb6c562c115ca8275d29e42aaf888247bac161c80e96f1
ca2-50a6237be75e1de28124,zenterest,ethereum,04637454fd3ecb6b66fe56cf21f242e663d90da7ee5f0d04848856a6ec597c55,cases/ca2-50a6237be75e1de28124.json,ecab2e2ec37902a464fab850f7fc8fbb3e4a6fed647c60b5a22f98f3e77679ed,true,HISTORICAL_SNAPSHOT_VERIFIED,91f02ccaad9a2ab390311d4c6402540fe03170938f3df5714178490718d7d616,91f02ccaad9a2ab390311d4c6402540fe03170938f3df5714178490718d7d616,alchemy,infura,true,true,cases/ca2-50a6237be75e1de28124.json,945ad73dc2cb0ff8bc7b3a30aa798502280d3a83ee07339fc53fc80d51a29f98
ca2-2f4322a54fd6caa407fe,zs,bsc,a38b6a136d4241355bed939e10a92c9ac4d862be89e9544cc33ae3b16a952790,cases/ca2-2f4322a54fd6caa407fe.json,7cca9857a3e992f761153d35a7aaf1e3352c8eda241a2224ccf628470d8eacc7,true,HISTORICAL_SNAPSHOT_VERIFIED,3f72932712748422f2903d04907e193e16ae9ed5817613cfa08dd26fc9a09b71,3f72932712748422f2903d04907e193e16ae9ed5817613cfa08dd26fc9a09b71,alchemy,infura,true,true,cases/ca2-2f4322a54fd6caa407fe.json,b44024a8848c03027de7c5fa6940b152c8b13adb4b2d6eae0d3266073ecc2cbc
